GLOBALEVENTID,SQLDATE,MonthYear,Year,FractionDate,Actor1Code,Actor1Name,Actor1CountryCode,Actor1KnownGroupCode,Actor1EthnicCode,Actor1Religion1Code,Actor1Religion2Code,Actor1Type1Code,Actor1Type2Code,Actor1Type3Code,Actor2Code,Actor2Name,Actor2CountryCode,Actor2KnownGroupCode,Actor2EthnicCode,Actor2Religion1Code,Actor2Religion2Code,Actor2Type1Code,Actor2Type2Code,Actor2Type3Code,IsRootEvent,EventCode,EventBaseCode,EventRootCode,QuadClass,GoldsteinScale,NumMentions,NumSources,NumArticles,AvgTone,Actor1Geo_Type,Actor1Geo_FullName,Actor1Geo_CountryCode,Actor1Geo_ADM1Code,Actor1Geo_Lat,Actor1Geo_Long,Actor1Geo_FeatureID,Actor2Geo_Type,Actor2Geo_FullName,Actor2Geo_CountryCode,Actor2Geo_ADM1Code,Actor2Geo_Lat,Actor2Geo_Long,Actor2Geo_FeatureID,ActionGeo_Type,ActionGeo_FullName,ActionGeo_CountryCode,ActionGeo_ADM1Code,ActionGeo_Lat,ActionGeo_Long,ActionGeo_FeatureID,DATEADDED,SOURCEURL
1313992306,20250717,202507,2025,2025.5397,,,,,,,,,,,MYS,PAHANG,MYS,,,,,,,,0,192,192,19,4,-9.5,1,1,1,2.29226361031518,0,,,,,,,,4,"Pahang, Pahang, Malaysia",MY,MY06,18585,3.5321,103.462,-2402927,4,"Pahang, Pahang, Malaysia",MY,MY06,18585,3.5321,103.462,-2402927,20260717011500,https://www.thestar.com.my/news/nation/2026/07/17/tnb-smg-launch-ptf-40-to-boost-youth-energy-literacy
1313992307,20250717,202507,2025,2025.5397,,,,,,,,,,,MYS,PAHANG,MYS,,,,,,,,0,192,192,19,4,-9.5,1,1,1,2.29226361031518,0,,,,,,,,4,"Melaka, Melaka, Malaysia",MY,MY04,18585,2.196,102.241,-2403412,4,"Melaka, Melaka, Malaysia",MY,MY04,18585,2.196,102.241,-2403412,20260717011500,https://www.thestar.com.my/news/nation/2026/07/17/tnb-smg-launch-ptf-40-to-boost-youth-energy-literacy
1313992308,20250717,202507,2025,2025.5397,EDU,STUDENT,,,,,,EDU,,,MYS,PAHANG,MYS,,,,,,,,0,192,192,19,4,-9.5,4,1,4,2.29226361031518,4,"Kedah, Kelantan, Malaysia",MY,MY03,37360,5.48333,102.1,-2403052,4,"Pahang, Pahang, Malaysia",MY,MY06,18585,3.5321,103.462,-2402927,4,"Pahang, Pahang, Malaysia",MY,MY06,18585,3.5321,103.462,-2402927,20260717011500,https://www.thestar.com.my/news/nation/2026/07/17/tnb-smg-launch-ptf-40-to-boost-youth-energy-literacy
1313992309,20250717,202507,2025,2025.5397,EDU,STUDENT,,,,,,EDU,,,MYS,PAHANG,MYS,,,,,,,,0,192,192,19,4,-9.5,1,1,1,2.29226361031518,4,"Selangor, Selangor, Malaysia",MY,MY12,18585,3.35,101.25,-2405315,4,"Melaka, Melaka, Malaysia",MY,MY04,18585,2.196,102.241,-2403412,4,"Melaka, Melaka, Malaysia",MY,MY04,18585,2.196,102.241,-2403412,20260717011500,https://www.thestar.com.my/news/nation/2026/07/17/tnb-smg-launch-ptf-40-to-boost-youth-energy-literacy
1313992310,20250717,202507,2025,2025.5397,GBR,LONDON,GBR,,,,,,,,LAB,WORKER,,,,,,LAB,,,0,180,180,18,4,-9.0,4,1,4,-4.29594272076372,4,"London, London, City of, United Kingdom",UK,UKH9,40110,51.5,-0.116667,-2601889,4,"London, London, City of, United Kingdom",UK,UKH9,40110,51.5,-0.116667,-2601889,4,"London, London, City of, United Kingdom",UK,UKH9,40110,51.5,-0.116667,-2601889,20260717011500,https://www.mirror.co.uk/news/uk-news/marwan-jumaa-prison-escape-manchester-37442308
1313992311,20250717,202507,2025,2025.5397,GBR,LONDON,GBR,,,,,,,,LAB,WORKER,,,,,,LAB,,,0,180,180,18,4,-9.0,1,1,1,-4.29594272076372,1,Sudan,SU,SU,,16,30,SU,1,Sudan,SU,SU,,16,30,SU,1,Sudan,SU,SU,,16,30,SU,20260717011500,https://www.mirror.co.uk/news/uk-news/marwan-jumaa-prison-escape-manchester-37442308
1313992312,20250717,202507,2025,2025.5397,USA,ARIZONA,USA,,,,,,,,BUS,SERVER,,,,,,BUS,,,1,110,110,11,3,-2.0,10,1,10,0.22123893805309,2,"Arizona, United States",US,USAZ,,33.7712,-111.388,AZ,2,"Arizona, United States",US,USAZ,,33.7712,-111.388,AZ,2,"Arizona, United States",US,USAZ,,33.7712,-111.388,AZ,20260717011500,https://finance.yahoo.com/markets/stocks/articles/why-keybanc-thinks-intel-stock-135314823.html
1313992313,20260716,202607,2026,2026.5370,GOV,MINISTRY,,,,,,GOV,,,,,,,,,,,,,1,010,010,01,1,0.0,6,1,6,0,4,"Kuala Lumpur, Kuala Lumpur, Malaysia",MY,MY14,18585,3.16667,101.7,-2403010,0,,,,,,,,4,"Kuala Lumpur, Kuala Lumpur, Malaysia",MY,MY14,18585,3.16667,101.7,-2403010,20260717011500,https://www.thestar.com.my/news/nation/2026/07/17/bitter-sweet-teen-years-on-the-rise
1313992314,20260716,202607,2026,2026.5370,GOV,MINISTRY,,,,,,GOV,,,MYS,MALAYSIA,MYS,,,,,,,,1,013,013,01,1,0.4,4,1,4,0,4,"Kuala Lumpur, Kuala Lumpur, Malaysia",MY,MY14,18585,3.16667,101.7,-2403010,4,"Kuala Lumpur, Kuala Lumpur, Malaysia",MY,MY14,18585,3.16667,101.7,-2403010,4,"Kuala Lumpur, Kuala Lumpur, Malaysia",MY,MY14,18585,3.16667,101.7,-2403010,20260717011500,https://www.thestar.com.my/news/nation/2026/07/17/bitter-sweet-teen-years-on-the-rise
1313992315,20260717,202607,2026,2026.5397,,,,,,,,,,,AUS,MURRAY,AUS,,,,,,,,1,013,013,01,1,0.4,3,1,3,-1.05485232067511,0,,,,,,,,1,Canada,CA,CA,,60,-96,CA,1,Canada,CA,CA,,60,-96,CA,20260717011500,https://www.thecarillon.com/local/2026/07/16/copp-chapter-prepares-to-open
1313992316,20260717,202607,2026,2026.5397,,,,,,,,,,,AUS,AUSTRALIA,AUS,,,,,,,,1,036,036,03,1,4.0,4,1,4,-0.218818380743991,0,,,,,,,,4,"Derrinallum, Victoria, Australia",AS,AS07,5369,-37.9479,143.22,-1569588,4,"Derrinallum, Victoria, Australia",AS,AS07,5369,-37.9479,143.22,-1569588,20260717011500,https://www.dailymail.com/news/article-15981085/Alexandra-Lal-Mann-elephant-bridge-hotel.html
1313992317,20260717,202607,2026,2026.5397,,,,,,,,,,,AUS,AUSTRALIA,AUS,,,,,,,,1,040,040,04,1,1.0,4,1,4,-0.218818380743991,0,,,,,,,,4,"Derrinallum, Victoria, Australia",AS,AS07,5369,-37.9479,143.22,-1569588,4,"Derrinallum, Victoria, Australia",AS,AS07,5369,-37.9479,143.22,-1569588,20260717011500,https://www.dailymail.com/news/article-15981085/Alexandra-Lal-Mann-elephant-bridge-hotel.html
1313992318,20260717,202607,2026,2026.5397,,,,,,,,,,,AUS,AUSTRALIA,AUS,,,,,,,,1,042,042,04,1,1.9,4,1,4,-0.218818380743991,0,,,,,,,,4,"Derrinallum, Victoria, Australia",AS,AS07,5369,-37.9479,143.22,-1569588,4,"Derrinallum, Victoria, Australia",AS,AS07,5369,-37.9479,143.22,-1569588,20260717011500,https://www.dailymail.com/news/article-15981085/Alexandra-Lal-Mann-elephant-bridge-hotel.html
1313992319,20260717,202607,2026,2026.5397,,,,,,,,,,,AUS,MELBOURNE,AUS,,,,,,,,1,042,042,04,1,1.9,20,1,10,2.52293577981652,0,,,,,,,,4,"Melbourne, Victoria, Australia",AS,AS07,5430,-37.8167,144.967,-1586844,4,"Melbourne, Victoria, Australia",AS,AS07,5430,-37.8167,144.967,-1586844,20260717011500,https://themusic.com.au/news/did-good-things-festival-just-drop-a-line-up-teaser/cubIZGdmaWg/17-07-26
1313992320,20260717,202607,2026,2026.5397,,,,,,,,,,,AUS,AUSTRALIA,AUS,,,,,,,,1,051,051,05,1,3.4,4,1,4,-0.218818380743991,0,,,,,,,,4,"Derrinallum, Victoria, Australia",AS,AS07,5369,-37.9479,143.22,-1569588,4,"Derrinallum, Victoria, Australia",AS,AS07,5369,-37.9479,143.22,-1569588,20260717011500,https://www.dailymail.com/news/article-15981085/Alexandra-Lal-Mann-elephant-bridge-hotel.html
1313992321,20260717,202607,2026,2026.5397,,,,,,,,,,,AUS,VICTORIA,AUS,,,,,,,,1,190,190,19,4,-10.0,5,1,5,-0.218818380743991,0,,,,,,,,4,"Derrinallum, Victoria, Australia",AS,AS07,5369,-37.9479,143.22,-1569588,4,"Derrinallum, Victoria, Australia",AS,AS07,5369,-37.9479,143.22,-1569588,20260717011500,https://www.dailymail.com/news/article-15981085/Alexandra-Lal-Mann-elephant-bridge-hotel.html
1313992322,20260717,202607,2026,2026.5397,,,,,,,,,,,AUSELI,PAUL KEATING,AUS,,,,,ELI,,,0,042,042,04,1,1.9,2,1,2,-3.45423143350604,0,,,,,,,,4,"Armidale, New South Wales, Australia",AS,AS02,5096,-30.5083,151.671,-1556250,4,"Armidale, New South Wales, Australia",AS,AS02,5096,-30.5083,151.671,-1556250,20260717011500,https://www.armidaleexpress.com.au/story/9312365/why-angus-taylors-cack-handed-performance-alienates-voters/
1313992323,20260717,202607,2026,2026.5397,,,,,,,,,,,AUSELI,PAUL KEATING,AUS,,,,,ELI,,,0,042,042,04,1,1.9,62,7,62,-3.40566144145929,0,,,,,,,,4,"Canberra, Australian Capital Territory, Australia",AS,AS01,4940,-35.2833,149.217,-1563952,4,"Canberra, Australian Capital Territory, Australia",AS,AS01,4940,-35.2833,149.217,-1563952,20260717011500,https://www.thecourier.com.au/story/9312365/why-angus-taylors-cack-handed-performance-alienates-voters/
1313992324,20260717,202607,2026,2026.5397,,,,,,,,,,,AUSELI,PAUL KEATING,AUS,,,,,ELI,,,0,042,042,04,1,1.9,2,1,2,-3.45125107851596,0,,,,,,,,4,"Crookwell, New South Wales, Australia",AS,AS02,154641,-34.4593,149.471,-1568133,4,"Crookwell, New South Wales, Australia",AS,AS02,154641,-34.4593,149.471,-1568133,20260717011500,https://www.crookwellgazette.com.au/story/9312365/why-angus-taylors-cack-handed-performance-alienates-voters/
1313992325,20260717,202607,2026,2026.5397,,,,,,,,,,,AUSELI,PAUL KEATING,AUS,,,,,ELI,,,0,042,042,04,1,1.9,2,1,2,-3.44827586206897,0,,,,,,,,4,"Inverell, New South Wales, Australia",AS,AS02,5096,-29.774,151.112,-1579546,4,"Inverell, New South Wales, Australia",AS,AS02,5096,-29.774,151.112,-1579546,20260717011500,https://www.inverelltimes.com.au/story/9312365/why-angus-taylors-cack-handed-performance-alienates-voters/
1313992326,20260717,202607,2026,2026.5397,,,,,,,,,,,AUSELI,PAUL KEATING,AUS,,,,,ELI,,,0,042,042,04,1,1.9,2,1,2,-3.44827586206897,0,,,,,,,,4,"Camden Haven, New South Wales, Australia",AS,AS02,5096,-31.6448,152.795,-1583170,4,"Camden Haven, New South Wales, Australia",AS,AS02,5096,-31.6448,152.795,-1583170,20260717011500,https://www.camdencourier.com.au/story/9312365/why-angus-taylors-cack-handed-performance-alienates-voters/
1313992327,20260717,202607,2026,2026.5397,,,,,,,,,,,BUS,AIRLINE,,,,,,BUS,,,1,020,020,02,1,3.0,5,1,5,1.86246418338109,0,,,,,,,,1,Philippines,RP,RP,,13,122,RP,1,Philippines,RP,RP,,13,122,RP,20260717011500,https://www.caribjournal.com/2026/07/16/starlink-frontier-airlines/
1313992328,20260717,202607,2026,2026.5397,,,,,,,,,,,BUS,CORPORATION,,,,,,BUS,,,1,031,031,03,1,5.2,5,1,5,-3.29218106995885,0,,,,,,,,4,"Damascus, Dimashq, Syria",SY,SY13,26324,33.5,36.3,-2541260,4,"Damascus, Dimashq, Syria",SY,SY13,26324,33.5,36.3,-2541260,20260717011500,https://wcyb.com/news/local/us-forest-service-announces-full-virginia-creeper-trail-to-reopen-on-march-31-2027
1313992329,20260717,202607,2026,2026.5397,,,,,,,,,,,BUS,CORPORATION,,,,,,BUS,,,0,031,031,03,1,5.2,10,1,10,1.30226182316655,0,,,,,,,,1,Iran,IR,IR,,32,53,IR,1,Iran,IR,IR,,32,53,IR,20260717011500,https://www.willistonherald.com/news/local/williston-city-commission-gains-3-commissioners
1313992330,20260717,202607,2026,2026.5397,,,,,,,,,,,BUS,HOLDING COMPANY,,,,,,BUS,,,1,040,040,04,1,1.0,12,1,12,-0.1577287066246,0,,,,,,,,4,"Mumbai, Maharashtra, India",IN,IN16,70184,18.975,72.8258,-2092174,4,"Mumbai, Maharashtra, India",IN,IN16,70184,18.975,72.8258,-2092174,20260717011500,https://economictimes.indiatimes.com/news/company/corporate-trends/tata-sp-group-explore-share-swap-to-unlock-tata-sons-stake-amid-valuation-divide/articleshow/132447787.cms
1313992331,20260717,202607,2026,2026.5397,,,,,,,,,,,BUS,COMPANIES,,,,,,BUS,,,1,040,040,04,1,1.0,5,1,5,9.66057441253264,0,,,,,,,,1,Ethiopia,ET,ET,,8,38,ET,1,Ethiopia,ET,ET,,8,38,ET,20260717011500,https://www.thefastmode.com/technology-solutions/49659-ethio-telecom-inspur-explore-strategic-partnership-for-ethiopia-digital-infrastructure
1313992332,20260717,202607,2026,2026.5397,,,,,,,,,,,BUS,COMPANIES,,,,,,BUS,,,1,111,111,11,3,-2.0,10,1,10,-0.20242914979757,0,,,,,,,,1,United States,US,US,,39.828175,-98.5795,US,1,United States,US,US,,39.828175,-98.5795,US,20260717011500,https://www.canyon-news.com/saving-on-energy-costs/
1313992333,20260717,202607,2026,2026.5397,,,,,,,,,,,CAN,CANADA,CAN,,,,,,,,1,013,013,01,1,0.4,1,1,1,-1.05485232067511,0,,,,,,,,1,Canada,CA,CA,,60,-96,CA,1,Canada,CA,CA,,60,-96,CA,20260717011500,https://www.thecarillon.com/local/2026/07/16/copp-chapter-prepares-to-open
1313992334,20260717,202607,2026,2026.5397,,,,,,,,,,,CAN,CANADA,CAN,,,,,,,,0,020,020,02,1,3.0,8,1,8,-4.76787954830615,0,,,,,,,,4,"Green Lake, Saskatchewan, Canada",CA,CA11,154724,54.2667,-107.783,-565606,4,"Green Lake, Saskatchewan, Canada",CA,CA11,154724,54.2667,-107.783,-565606,20260717011500,https://www.castanetkamloops.net/news/BC/624952/Nervous-times-in-Pemberton-B-C-as-residents-watch-fire-fight-from-their-backyards
1313992335,20260717,202607,2026,2026.5397,,,,,,,,,,,CAN,VANCOUVER,CAN,,,,,,,,1,020,020,02,1,3.0,12,1,10,-2.77777777777778,0,,,,,,,,4,"Vancouver, British Columbia, Canada",CA,CA02,12552,49.25,-123.133,-575268,4,"Vancouver, British Columbia, Canada",CA,CA02,12552,49.25,-123.133,-575268,20260717011500,https://globalnews.ca/news/11969430/metro-vancouver-cao-jerry-dobrovolny-could-be-on-way-out/
1313992336,20260717,202607,2026,2026.5397,,,,,,,,,,,CAN,CANADA,CAN,,,,,,,,1,042,042,04,1,1.9,2,1,2,-2.0997375328084,0,,,,,,,,3,"Grant Park, Illinois, United States",US,USIL,,41.2411,-87.6461,409293,1,Canada,CA,CA,,60,-96,CA,20260717011500,https://chicago.suntimes.com/news/2026/07/16/photos-chicago-poor-air-quality-alert
1313992337,20260717,202607,2026,2026.5397,,,,,,,,,,,CAN,CANADA,CAN,,,,,,,,1,042,042,04,1,1.9,4,1,4,-2.0997375328084,0,,,,,,,,3,"Chicago, Illinois, United States",US,USIL,IL031,41.85,-87.6501,423587,2,"Tennessee, United States",US,USTN,,35.7449,-86.7489,TN,20260717011500,https://chicago.suntimes.com/news/2026/07/16/photos-chicago-poor-air-quality-alert
1313992338,20260717,202607,2026,2026.5397,,,,,,,,,,,CAN,CANADA,CAN,,,,,,,,1,042,042,04,1,1.9,4,1,4,-2.0997375328084,0,,,,,,,,1,Canada,CA,CA,,60,-96,CA,2,"Tennessee, United States",US,USTN,,35.7449,-86.7489,TN,20260717011500,https://chicago.suntimes.com/news/2026/07/16/photos-chicago-poor-air-quality-alert
1313992339,20260717,202607,2026,2026.5397,,,,,,,,,,,CAN,CANADA,CAN,,,,,,,,1,112,112,11,3,-2.0,4,1,4,-12.7049180327869,0,,,,,,,,4,"Vancouver, British Columbia, Canada",CA,CA02,12552,49.25,-123.133,-575268,4,"Vancouver, British Columbia, Canada",CA,CA02,12552,49.25,-123.133,-575268,20260717011500,https://globalnews.ca/news/11969376/more-details-vancouver-stranger-assault-suspect/
1313992340,20260717,202607,2026,2026.5397,,,,,,,,,,,CAN,CANADA,CAN,,,,,,,,1,1243,124,12,3,-4.0,4,1,4,-12.7049180327869,0,,,,,,,,4,"Vancouver, British Columbia, Canada",CA,CA02,12552,49.25,-123.133,-575268,4,"Vancouver, British Columbia, Canada",CA,CA02,12552,49.25,-123.133,-575268,20260717011500,https://globalnews.ca/news/11969376/more-details-vancouver-stranger-assault-suspect/
1313992341,20260717,202607,2026,2026.5397,,,,,,,,,,,CAN,CANADA,CAN,,,,,,,,1,180,180,18,4,-9.0,4,1,4,-12.7049180327869,0,,,,,,,,4,"Vancouver, British Columbia, Canada",CA,CA02,12552,49.25,-123.133,-575268,4,"Vancouver, British Columbia, Canada",CA,CA02,12552,49.25,-123.133,-575268,20260717011500,https://globalnews.ca/news/11969376/more-details-vancouver-stranger-assault-suspect/
1313992342,20260717,202607,2026,2026.5397,,,,,,,,,,,CHN,CHINA,CHN,,,,,,,,0,062,062,06,2,7.4,10,1,10,0.1573564122738,0,,,,,,,,1,China,CH,CH,,35,105,CH,1,China,CH,CH,,35,105,CH,20260717011500,https://carbuzz.com/japanese-automakers-collaboration-common-parts/
1313992343,20260717,202607,2026,2026.5397,,,,,,,,,,,CHR,CHRISTIAN,,,,CHR,,,,,1,042,042,04,1,1.9,10,1,10,2.12765957446808,0,,,,,,,,0,,,,,,,,0,,,,,,,,20260717011500,https://www.ktbs.com/community/whats-happening/christian-service-to-host-summer-fundraiser-dinner-saturday/article_f9b829a4-bd24-4d2e-b2ca-b733138fa5a2.html
1313992344,20260717,202607,2026,2026.5397,,,,,,,,,,,CHRPRO332,CHRISTIAN CHURCH,,,,CHR,PRO,,,,1,036,036,03,1,4.0,1,1,1,8.78048780487805,0,,,,,,,,3,"Avoca, Tennessee, United States",US,USTN,TN163,36.5318,-82.2462,1327481,3,"Avoca, Tennessee, United States",US,USTN,TN163,36.5318,-82.2462,1327481,20260717011500,https://wcyb.com/news/local/summer-concert-series-continues-with-night-of-christian-music-in-bristol
1313992345,20260717,202607,2026,2026.5397,,,,,,,,,,,COP,PRISON,,,,,,COP,,,0,173,173,17,4,-5.0,6,1,6,-15.8914728682171,0,,,,,,,,4,"Alexandria, Al Iskandariyah, Egypt",EG,EG06,61590,31.1981,29.9192,-290263,4,"Alexandria, Al Iskandariyah, Egypt",EG,EG06,61590,31.1981,29.9192,-290263,20260717011500,https://www.kalb.com/2026/07/16/alexandria-man-sentenced-50-years-2023-shooting-pineville/
1313992346,20260717,202607,2026,2026.5397,,,,,,,,,,,COP,POLICE,,,,,,COP,,,1,190,190,19,4,-10.0,10,1,10,-15.8914728682171,0,,,,,,,,4,"Alexandria, Al Iskandariyah, Egypt",EG,EG06,61590,31.1981,29.9192,-290263,4,"Alexandria, Al Iskandariyah, Egypt",EG,EG06,61590,31.1981,29.9192,-290263,20260717011500,https://www.kalb.com/2026/07/16/alexandria-man-sentenced-50-years-2023-shooting-pineville/
1313992347,20260717,202607,2026,2026.5397,,,,,,,,,,,CVL,VOTER,,,,,,CVL,,,0,020,020,02,1,3.0,1,1,1,-0.1031991744066,0,,,,,,,,3,"Linn County, Iowa, United States",US,USIA,,42.0667,-91.6002,465245,3,"Linn County, Iowa, United States",US,USIA,,42.0667,-91.6002,465245,20260717011500,https://cbs2iowa.com/news/local/supervisors-clash-over-returning-to-5-seat-linn-county-board-after-moratorium-vote
1313992348,20260717,202607,2026,2026.5397,,,,,,,,,,,CVL,VOTER,,,,,,CVL,,,0,036,036,03,1,4.0,4,1,4,0.40376850605652,0,,,,,,,,3,"Washington, District of Columbia, United States",US,USDC,DC001,38.8951,-77.0364,531871,3,"Washington, District of Columbia, United States",US,USDC,DC001,38.8951,-77.0364,531871,20260717011500,https://www.willistonherald.com/opinion/columns/port-us-house-candidate-trygve-hammers-fundraising-has-cratered-compared-to-his-2024-campaign
1313992349,20260717,202607,2026,2026.5397,,,,,,,,,,,CVL,NEIGHBORHOOD,,,,,,CVL,,,0,036,036,03,1,4.0,10,1,10,1.62432319866723,0,,,,,,,,3,"Carson City, Nevada, United States",US,USNV,,39.1638,-119.767,863976,3,"Carson City, Nevada, United States",US,USNV,,39.1638,-119.767,863976,20260717011500,https://www.carsonnow.org/07/16/2026/supervisors-vote-to-disband-carson-city-cultural-commission-citing-lack-of-community-engagement
1313992350,20260717,202607,2026,2026.5397,,,,,,,,,,,CVL,VOTER,,,,,,CVL,,,0,036,036,03,1,4.0,6,1,6,0.40376850605652,0,,,,,,,,2,"North Dakota, United States",US,USND,,47.5362,-99.793,ND,2,"North Dakota, United States",US,USND,,47.5362,-99.793,ND,20260717011500,https://www.willistonherald.com/opinion/columns/port-us-house-candidate-trygve-hammers-fundraising-has-cratered-compared-to-his-2024-campaign
1313992351,20260717,202607,2026,2026.5397,,,,,,,,,,,CVL,VOTER,,,,,,CVL,,,1,036,036,03,1,4.0,5,1,5,-0.63593004769475,0,,,,,,,,1,Russia,RS,RS,,60,100,RS,1,Russia,RS,RS,,60,100,RS,20260717011500,https://www.thestranger.com/news/the-seattle-city-council-didnt-totally-screw-up-mayor-katie-wilsons-biggest-ever-seattle-transit-measure-to-expand-bus-service-in-the-city/
1313992352,20260717,202607,2026,2026.5397,,,,,,,,,,,CVL,COMMUNITY,,,,,,CVL,,,1,040,040,04,1,1.0,5,1,5,3.16901408450704,0,,,,,,,,2,"Kentucky, United States",US,USKY,,37.669,-84.6514,KY,2,"Kentucky, United States",US,USKY,,37.669,-84.6514,KY,20260717011500,https://www.wcpo.com/news/northern-kentucky/i-have-been-able-to-breathe-how-northern-kentuckys-first-free-health-clinic-is-impacting-patients
1313992353,20260717,202607,2026,2026.5397,,,,,,,,,,,CVL,RESIDENTS,,,,,,CVL,,,0,060,060,06,2,6.0,2,1,2,-0.1031991744066,0,,,,,,,,3,"Linn County, Iowa, United States",US,USIA,,42.0667,-91.6002,465245,3,"Linn County, Iowa, United States",US,USIA,,42.0667,-91.6002,465245,20260717011500,https://cbs2iowa.com/news/local/supervisors-clash-over-returning-to-5-seat-linn-county-board-after-moratorium-vote
1313992354,20260717,202607,2026,2026.5397,,,,,,,,,,,CVL,COMMUNITY,,,,,,CVL,,,0,100,100,10,3,-5.0,6,1,6,1.62432319866723,0,,,,,,,,3,"Carson City, Nevada, United States",US,USNV,,39.1638,-119.767,863976,3,"Carson City, Nevada, United States",US,USNV,,39.1638,-119.767,863976,20260717011500,https://www.carsonnow.org/07/16/2026/supervisors-vote-to-disband-carson-city-cultural-commission-citing-lack-of-community-engagement
1313992355,20260717,202607,2026,2026.5397,,,,,,,,,,,CVLBUS,COMMUNITY,,,,,,CVL,BUS,,1,040,040,04,1,1.0,10,1,10,4.73372781065089,0,,,,,,,,0,,,,,,,,0,,,,,,,,20260717011500,https://www.kswo.com/2026/07/16/cameron-university-holds-summer-camp-teach-youth-about-finance/
1313992356,20260717,202607,2026,2026.5397,,,,,,,,,,,EDU,STUDENT,,,,,,EDU,,,1,043,043,04,1,2.8,4,1,4,1.81956027293405,0,,,,,,,,4,"Armidale, New South Wales, Australia",AS,AS02,5096,-30.5083,151.671,-1556250,4,"Armidale, New South Wales, Australia",AS,AS02,5096,-30.5083,151.671,-1556250,20260717011500,https://www.armidaleexpress.com.au/story/9312370/millie-the-therapy-dog-calming-millthorpe-students-everyday/
1313992357,20260717,202607,2026,2026.5397,,,,,,,,,,,EDU,STUDENT,,,,,,EDU,,,1,043,043,04,1,2.8,4,1,4,1.81818181818182,0,,,,,,,,4,"Crookwell, New South Wales, Australia",AS,AS02,154641,-34.4593,149.471,-1568133,4,"Crookwell, New South Wales, Australia",AS,AS02,154641,-34.4593,149.471,-1568133,20260717011500,https://www.crookwellgazette.com.au/story/9312370/millie-the-therapy-dog-calming-millthorpe-students-everyday/
1313992358,20260717,202607,2026,2026.5397,,,,,,,,,,,EDU,STUDENT,,,,,,EDU,,,1,043,043,04,1,2.8,4,1,4,1.81680545041636,0,,,,,,,,4,"Inverell, New South Wales, Australia",AS,AS02,5096,-29.774,151.112,-1579546,4,"Inverell, New South Wales, Australia",AS,AS02,5096,-29.774,151.112,-1579546,20260717011500,https://www.inverelltimes.com.au/story/9312370/millie-the-therapy-dog-calming-millthorpe-students-everyday/
1313992359,20260717,202607,2026,2026.5397,,,,,,,,,,,EDU,STUDENT,,,,,,EDU,,,1,043,043,04,1,2.8,4,1,4,1.81680545041636,0,,,,,,,,4,"Camden Haven, New South Wales, Australia",AS,AS02,5096,-31.6448,152.795,-1583170,4,"Camden Haven, New South Wales, Australia",AS,AS02,5096,-31.6448,152.795,-1583170,20260717011500,https://www.camdencourier.com.au/story/9312370/millie-the-therapy-dog-calming-millthorpe-students-everyday/
1313992360,20260717,202607,2026,2026.5397,,,,,,,,,,,ELI,ACTOR,,,,,,ELI,,,1,040,040,04,1,1.0,10,1,10,4.47093889716841,0,,,,,,,,1,India,IN,IN,,20,77,IN,1,India,IN,IN,,20,77,IN,20260717011500,https://timesofindia.indiatimes.com/entertainment/hindi/bollywood/news/ranveer-came-up-to-me-saying-im-so-sorry-dhamaal-4-actress-anjali-anand-recalls-ranveer-singhs-sweet-apology-on-rocky-aur-rani-kii-prem-kahaani-set/articleshow/132450250.cms
1313992361,20260717,202607,2026,2026.5397,,,,,,,,,,,FRA,FRANCE,FRA,,,,,,,,0,057,057,05,1,8.0,3,1,3,0.90307043949428,0,,,,,,,,1,France,FR,FR,,46,2,FR,1,France,FR,FR,,46,2,FR,20260717011500,https://www.carsonnow.org/07/16/2026/carson-city-supervisors-approve-designs-for-new-dog-park-flood-mitigation-in-proposed-lompa-ranch-development
1313992362,20260717,202607,2026,2026.5397,,,,,,,,,,,GBR,UNITED KINGDOM,GBR,,,,,,,,1,057,057,05,1,8.0,2,1,2,3.27868852459016,0,,,,,,,,4,"Kamloops, British Columbia, Canada",CA,CA02,12566,50.6667,-120.333,-566975,1,United Kingdom,UK,UK,,54,-4,UK,20260717011500,https://www.stcatharinesstandard.ca/news/canada/bc-simpcw-first-nation-sign-consent-deal-for-proposed-copper-mine-near-kamloops/article_0a0c6d55-9ffc-512d-a37e-552fa1613c90.html
1313992363,20260717,202607,2026,2026.5397,,,,,,,,,,,GOV,GOVERNOR,,,,,,GOV,,,1,040,040,04,1,1.0,2,1,2,-0.43668122270743,0,,,,,,,,3,"Jefferson County, Missouri, United States",US,USMO,,38.2667,-90.5835,758504,3,"Jefferson County, Missouri, United States",US,USMO,,38.2667,-90.5835,758504,20260717011500,https://www.mymoinfo.com/governor-signs-controversial-annexation-bill-puts-jefferson-county-cities-at-odds-against-county-7-16-2026/
1313992364,20260717,202607,2026,2026.5397,,,,,,,,,,,GOV,STATE OFFICIAL,,,,,,GOV,,,0,040,040,04,1,1.0,18,2,18,-1.48172988548575,0,,,,,,,,2,"Georgia, United States",US,USGA,,32.9866,-83.6487,GA,2,"Georgia, United States",US,USGA,,32.9866,-83.6487,GA,20260717011500,https://newschannel9.com/news/local/avoiding-sober-dui-arrests-the-types-of-breathalyzers-thp-is-considering
1313992365,20260717,202607,2026,2026.5397,,,,,,,,,,,GOV,ADMINISTRATION,,,,,,GOV,,,0,090,090,09,2,-2.0,10,1,10,-4.3298969072165,0,,,,,,,,2,"Michigan, United States",US,USMI,,43.3504,-84.5603,MI,3,"White House, District of Columbia, United States",US,USDC,,38.8951,-77.0364,531871,20260717011500,https://www.theguardian.com/us-news/2026/jul/16/taco-bell-lettuce-cyclosporiasis-outbreak
1313992366,20260717,202607,2026,2026.5397,,,,,,,,,,,GOV,GOVERNMENT,,,,,,GOV,,,1,100,100,10,3,-5.0,10,1,10,-0.44182621502209,0,,,,,,,,4,"Jigawa, Kano, Nigeria",NI,NI29,22847,11.951,7.93842,-2013704,4,"Jigawa, Kano, Nigeria",NI,NI29,22847,11.951,7.93842,-2013704,20260717011500,https://punchng.com/autonomy-battle-states-defy-supreme-court-control-n10tn-lg-allocations/
1313992367,20260717,202607,2026,2026.5397,,,,,,,,,,,GOV,GOVERNMENT,,,,,,GOV,,,0,101,101,10,3,-5.0,10,1,10,-0.44052863436123,0,,,,,,,,0,,,,,,,,0,,,,,,,,20260717011500,https://www.surinametimes.com/artikel/14-people-arrested-in-sara-creek-region
1313992368,20260717,202607,2026,2026.5397,,,,,,,,,,,GOV,GOVERNMENT,,,,,,GOV,,,0,111,111,11,3,-2.0,10,1,10,4.44839857651246,0,,,,,,,,4,"Delhi, Delhi, India",IN,IN07,17911,28.6667,77.2167,-2094230,4,"Delhi, Delhi, India",IN,IN07,17911,28.6667,77.2167,-2094230,20260717011500,https://indianexpress.com/article/cities/delhi/seed-funding-of-up-to-rs-10-lakh-for-students-in-delhi-governments-new-start-up-policy-10790216/
1313992369,20260717,202607,2026,2026.5397,,,,,,,,,,,GOV,ADMINISTRATION,,,,,,GOV,,,0,111,111,11,3,-2.0,10,1,10,-4.3298969072165,0,,,,,,,,2,"Michigan, United States",US,USMI,,43.3504,-84.5603,MI,2,"Michigan, United States",US,USMI,,43.3504,-84.5603,MI,20260717011500,https://www.theguardian.com/us-news/2026/jul/16/taco-bell-lettuce-cyclosporiasis-outbreak
1313992370,20260717,202607,2026,2026.5397,,,,,,,,,,,GOV,FIREFIGHTER,,,,,,GOV,,,1,190,190,19,4,-10.0,10,1,10,-1.21951219512195,0,,,,,,,,3,"Fort Worth, Texas, United States",US,USTX,,32.7254,-97.3208,1380947,3,"Fort Worth, Texas, United States",US,USTX,,32.7254,-97.3208,1380947,20260717011500,https://www.nbcdfw.com/news/local/warehouse-fire-breaks-out-at-business-park-in-far-north-fort-worth/4050622/
1313992371,20260717,202607,2026,2026.5397,,,,,,,,,,,GOV,FIREFIGHTER,,,,,,GOV,,,0,190,190,19,4,-10.0,10,1,10,-2.13523131672598,0,,,,,,,,3,"Los Angeles, California, United States",US,USCA,,34.0522,-118.244,1662328,3,"Los Angeles, California, United States",US,USCA,,34.0522,-118.244,1662328,20260717011500,https://abc7.com/post/brush-fire-eagle-rock-tears-through-home-others-threatened/19522186/
1313992372,20260717,202607,2026,2026.5397,,,,,,,,,,,GOV,FIRE DEPARTMENT,,,,,,GOV,,,0,190,190,19,4,-10.0,1,1,1,2.27920227920228,0,,,,,,,,3,"Elsie Area Fire Department, Michigan, United States",US,USMI,,43.0878,-84.3884,2636121,3,"Elsie Area Fire Department, Michigan, United States",US,USMI,,43.0878,-84.3884,2636121,20260717011500,https://www.argus-press.com/news/article_a7fa6cf8-4946-4fc6-9357-9b98dba6ea54.html
1313992373,20260717,202607,2026,2026.5397,,,,,,,,,,,GOV,FIRE DEPARTMENT,,,,,,GOV,,,0,190,190,19,4,-10.0,1,1,1,2.27920227920228,0,,,,,,,,3,"Elsie Area Fire Department, Michigan, United States",US,USMI,,43.0878,-84.3884,2636121,1,"Vietnam, Republic Of",VM,VM,,16.166667,107.833333,VM,20260717011500,https://www.argus-press.com/news/article_a7fa6cf8-4946-4fc6-9357-9b98dba6ea54.html
1313992374,20260717,202607,2026,2026.5397,,,,,,,,,,,GOVGOV,FIRE DEPARTMENT,,,,,,GOV,GOV,,0,190,190,19,4,-10.0,2,1,2,2.27920227920228,0,,,,,,,,3,"Elsie Area Fire Department, Michigan, United States",US,USMI,,43.0878,-84.3884,2636121,3,"Elsie Area Fire Department, Michigan, United States",US,USMI,,43.0878,-84.3884,2636121,20260717011500,https://www.argus-press.com/news/article_a7fa6cf8-4946-4fc6-9357-9b98dba6ea54.html
1313992375,20260717,202607,2026,2026.5397,,,,,,,,,,,HLH,HOSPITAL,,,,,,HLH,,,0,042,042,04,1,1.9,8,1,8,-4.29594272076372,0,,,,,,,,4,"Greater Manchester, United Kingdom (general), United Kingdom",UK,UK00,40111,53.45,-2.23333,-2597513,4,"Greater Manchester, United Kingdom (general), United Kingdom",UK,UK00,40111,53.45,-2.23333,-2597513,20260717011500,https://www.mirror.co.uk/news/uk-news/marwan-jumaa-prison-escape-manchester-37442308
1313992376,20260717,202607,2026,2026.5397,,,,,,,,,,,HLH,HOSPITAL,,,,,,HLH,,,1,042,042,04,1,1.9,6,1,6,-6.8273092369478,0,,,,,,,,3,"Fort Worth, Texas, United States",US,USTX,,32.7254,-97.3208,1380947,3,"Fort Worth, Texas, United States",US,USTX,,32.7254,-97.3208,1380947,20260717011500,https://www.mirror.co.uk/news/us-news/dentist-charged-over-girls-death-37442292
1313992377,20260717,202607,2026,2026.5397,,,,,,,,,,,HLH,HOSPITAL,,,,,,HLH,,,1,042,042,04,1,1.9,4,1,4,-6.8273092369478,0,,,,,,,,3,"Tarrant County, Texas, United States",US,USTX,,32.7668,-97.3003,1384005,3,"Tarrant County, Texas, United States",US,USTX,,32.7668,-97.3003,1384005,20260717011500,https://www.mirror.co.uk/news/us-news/dentist-charged-over-girls-death-37442292
1313992378,20260717,202607,2026,2026.5397,,,,,,,,,,,HLH,HOSPITAL,,,,,,HLH,,,0,042,042,04,1,1.9,2,1,2,-4.29594272076372,0,,,,,,,,1,Sudan,SU,SU,,16,30,SU,1,Sudan,SU,SU,,16,30,SU,20260717011500,https://www.mirror.co.uk/news/uk-news/marwan-jumaa-prison-escape-manchester-37442308
1313992379,20260717,202607,2026,2026.5397,,,,,,,,,,,IRN,IRAN,IRN,,,,,,,,1,110,110,11,3,-2.0,8,1,8,-5.20231213872833,0,,,,,,,,4,"Beirut, Beyrouth, Lebanon",LE,LE04,18808,33.8719,35.5097,-801546,4,"Beirut, Beyrouth, Lebanon",LE,LE04,18808,33.8719,35.5097,-801546,20260717011500,http://www.dailyadvance.com/news/world/us-expands-its-airstrike-campaign-against-iran-by-hitting-more-bridges/article_69550dcf-3188-5196-8e81-cc4462a086d6.html
1313992380,20260717,202607,2026,2026.5397,,,,,,,,,,,IRN,IRAN,IRN,,,,,,,,1,110,110,11,3,-2.0,2,1,2,-5.20231213872833,0,,,,,,,,4,"Tehran, Tehran, Iran",IR,IR26,41130,35.75,51.5148,10074674,4,"Tehran, Tehran, Iran",IR,IR26,41130,35.75,51.5148,10074674,20260717011500,http://www.dailyadvance.com/news/world/us-expands-its-airstrike-campaign-against-iran-by-hitting-more-bridges/article_69550dcf-3188-5196-8e81-cc4462a086d6.html
1313992381,20260717,202607,2026,2026.5397,,,,,,,,,,,ISR,ISRAEL,ISR,,,,,,,,0,042,042,04,1,1.9,3,1,3,0.41194644696189,0,,,,,,,,3,"White House, District of Columbia, United States",US,USDC,,38.8951,-77.0364,531871,3,"White House, District of Columbia, United States",US,USDC,,38.8951,-77.0364,531871,20260717011500,https://www.sandiegouniontribune.com/2026/07/16/harris-newsom-khanna-californias-three-way-race-for-2028/
1313992382,20260717,202607,2026,2026.5397,,,,,,,,,,,JUD,ADVOCATE,,,,,,JUD,,,0,013,013,01,1,0.4,10,1,10,-0.59523809523809,0,,,,,,,,2,"Georgia, United States",US,USGA,,32.9866,-83.6487,GA,2,"Georgia, United States",US,USGA,,32.9866,-83.6487,GA,20260717011500,https://www.wsbtv.com/news/local/henry-county/nonprofit-pushes-protect-historic-black-cemetery-near-massive-data-center-project-henry-county/J5KVYIOR5JENRNSDNYNCD7CD4I/
1313992383,20260717,202607,2026,2026.5397,,,,,,,,,,,JUD,ATTORNEY,,,,,,JUD,,,0,020,020,02,1,3.0,10,1,10,-0.59523809523809,0,,,,,,,,2,"Georgia, United States",US,USGA,,32.9866,-83.6487,GA,2,"Georgia, United States",US,USGA,,32.9866,-83.6487,GA,20260717011500,https://www.wsbtv.com/news/local/henry-county/nonprofit-pushes-protect-historic-black-cemetery-near-massive-data-center-project-henry-county/J5KVYIOR5JENRNSDNYNCD7CD4I/
1313992384,20260717,202607,2026,2026.5397,,,,,,,,,,,JUD,ATTORNEY,,,,,,JUD,,,1,020,020,02,1,3.0,6,1,6,-7.43243243243243,0,,,,,,,,2,"Ohio, United States",US,USOH,,40.3736,-82.7755,OH,2,"Ohio, United States",US,USOH,,40.3736,-82.7755,OH,20260717011500,https://www.wcpo.com/news/local-news/in-your-community/clermont-county/monroe-township-man-to-serve-almost-2-months-in-jail-after-leaving-dogs-to-rot-in-cage
1313992385,20260717,202607,2026,2026.5397,,,,,,,,,,,JUD,JUDICIARY,,,,,,JUD,,,0,027,027,02,1,4.0,1,1,1,1.91897654584222,0,,,,,,,,5,"Plateau State, Plateau, Nigeria",NI,NI49,23046,9.16667,9.75,-2024992,4,"Arewa, Oyo, Nigeria",NI,NI32,191213,7.53333,3.80472,387630,20260717011500,https://punchng.com/apc-primary-group-urges-tinubu-to-safeguard-partys-democracy/
1313992386,20260717,202607,2026,2026.5397,,,,,,,,,,,JUD,JUDICIARY,,,,,,JUD,,,0,027,027,02,1,4.0,1,1,1,1.91897654584222,0,,,,,,,,4,"Arewa, Oyo, Nigeria",NI,NI32,191213,7.53333,3.80472,387630,5,"Plateau State, Plateau, Nigeria",NI,NI49,23046,9.16667,9.75,-2024992,20260717011500,https://punchng.com/apc-primary-group-urges-tinubu-to-safeguard-partys-democracy/
1313992387,20260717,202607,2026,2026.5397,,,,,,,,,,,JUD,JUDGE,,,,,,JUD,,,1,051,051,05,1,3.4,1,1,1,-4.21455938697318,0,,,,,,,,3,"Oakland, California, United States",US,USCA,CA001,37.8044,-122.271,277566,3,"Oakland, California, United States",US,USCA,CA001,37.8044,-122.271,277566,20260717011500,https://variety.com/2026/film/news/paramount-subscribers-fail-injunction-merger-1236813567/
1313992388,20260717,202607,2026,2026.5397,,,,,,,,,,,JUD,JUDGE,,,,,,JUD,,,1,051,051,05,1,3.4,4,1,4,-4.21455938697318,0,,,,,,,,2,"Delaware, United States",US,USDE,,39.3498,-75.5148,DE,2,"Delaware, United States",US,USDE,,39.3498,-75.5148,DE,20260717011500,https://variety.com/2026/film/news/paramount-subscribers-fail-injunction-merger-1236813567/
1313992389,20260717,202607,2026,2026.5397,,,,,,,,,,,JUD,DEFENSE ATTORNEY,,,,,,JUD,,,1,173,173,17,4,-5.0,6,1,6,-6.17977528089889,0,,,,,,,,3,"Fort Worth, Texas, United States",US,USTX,,32.7254,-97.3208,1380947,3,"Fort Worth, Texas, United States",US,USTX,,32.7254,-97.3208,1380947,20260717011500,https://www.nbcdfw.com/news/local/tanner-horners-defense-says-media-attention-prevented-a-fair-trial-in-murder-case/4050727/
1313992390,20260717,202607,2026,2026.5397,,,,,,,,,,,LEG,SENATE,,,,,,LEG,,,1,043,043,04,1,2.8,10,1,10,0.46728971962617,0,,,,,,,,2,"Tennessee, United States",US,USTN,,35.7449,-86.7489,TN,2,"Tennessee, United States",US,USTN,,35.7449,-86.7489,TN,20260717011500,https://wcyb.com/news/local/sunshine-protection-act-heads-to-senate-after-house-vote-on-permanent-daylight-saving-time
1313992391,20260717,202607,2026,2026.5397,,,,,,,,,,,MED,JOURNALIST,,,,,,MED,,,1,042,042,04,1,1.9,5,1,5,0.38314176245211,0,,,,,,,,4,"Port-Au-Prince, Ouest, Haiti",HA,HA11,17198,18.5392,-72.335,-70311,4,"Port-Au-Prince, Ouest, Haiti",HA,HA11,17198,18.5392,-72.335,-70311,20260717011500,https://repeatingislands.com/2026/07/16/new-book-launch-la-tragedie-haitienne/
1313992392,20260717,202607,2026,2026.5397,,,,,,,,,,,MED,WEBSITE,,,,,,MED,,,1,043,043,04,1,2.8,5,1,5,6.02739726027397,0,,,,,,,,1,Norway,NO,NO,,62,10,NO,1,Norway,NO,NO,,62,10,NO,20260717011500,https://www.wmtv15news.com/2026/07/16/destination-madison-highlights-fun-events-check-out-dane-county/
1313992393,20260717,202607,2026,2026.5397,,,,,,,,,,,MED,MEDIA,,,,,,MED,,,0,192,192,19,4,-9.5,6,1,6,3.05164319248827,0,,,,,,,,1,Japan,JA,JA,,36,138,JA,1,Japan,JA,JA,,36,138,JA,20260717011500,https://www.ragtrader.com.au/news/myer-charges-into-retail-media-space
1313992394,20260717,202607,2026,2026.5397,,,,,,,,,,,MEDBUS,TELECOM,,,,,,MED,BUS,,1,190,190,19,4,-10.0,10,1,10,5.2757793764988,0,,,,,,,,0,,,,,,,,0,,,,,,,,20260717011500,https://www.thefastmode.com/technology-solutions/49663-wbba-introduces-ai-net-certification-to-accelerate-ai-driven-net5-5g-adoption
1313992395,20260717,202607,2026,2026.5397,,,,,,,,,,,MEX,MEXICAN,MEX,,,,,,,,0,020,020,02,1,3.0,3,1,3,0.90307043949428,0,,,,,,,,1,France,FR,FR,,46,2,FR,1,France,FR,FR,,46,2,FR,20260717011500,https://www.carsonnow.org/07/16/2026/carson-city-supervisors-approve-designs-for-new-dog-park-flood-mitigation-in-proposed-lompa-ranch-development
1313992396,20260717,202607,2026,2026.5397,,,,,,,,,,,MIL,MILITARY,,,,,,MIL,,,1,130,130,13,3,-4.4,5,1,5,-6.45161290322581,0,,,,,,,,1,Iran,IR,IR,,32,53,IR,1,Iran,IR,IR,,32,53,IR,20260717011500,https://aa.com.tr/en/live-blog/iranian-army-says-it-targeted-us-military-base-in-bahrain-with-drone-strike/5421
1313992397,20260717,202607,2026,2026.5397,,,,,,,,,,,MNCUSA,DISNEY,USA,,,,,MNC,,,0,036,036,03,1,4.0,6,1,6,7.29166666666666,0,,,,,,,,3,"Encanto, California, United States",US,USCA,CA073,32.712,-117.05,1660619,3,"Encanto, California, United States",US,USCA,CA073,32.712,-117.05,1660619,20260717011500,https://www.laughingplace.com/disney-entertainment/d23-2026-show-floor-experiences-simpsons-movie-2/
1313992398,20260717,202607,2026,2026.5397,,,,,,,,,,,MNCUSA,UNION PACIFIC,USA,,,,,MNC,,,1,042,042,04,1,1.9,2,1,2,4.51977401129944,0,,,,,,,,3,"Topeka, Kansas, United States",US,USKS,KS177,39.0483,-95.678,485477,3,"Topeka, Kansas, United States",US,USKS,KS177,39.0483,-95.678,485477,20260717011500,https://www.wibw.com/2026/07/16/legendary-big-boy-train-chugging-through-topeka-soon/
1313992399,20260717,202607,2026,2026.5397,,,,,,,,,,,MOS,MUSLIM,,,,MOS,,,,,1,020,020,02,1,3.0,6,1,6,6.80272108843537,0,,,,,,,,4,"Tinubu, Lagos, Nigeria",NI,NI05,191300,6.51667,3.36667,-2027738,4,"Tinubu, Lagos, Nigeria",NI,NI05,191300,6.51667,3.36667,-2027738,20260717011500,http://silverbirdtv.com/fg-declares-june-6-9-holidays-to-mark-eid-ul-adha-celebrations/
1313992400,20260717,202607,2026,2026.5397,,,,,,,,,,,MYS,MALAYSIA,MYS,,,,,,,,1,042,042,04,1,1.9,6,1,6,1.56862745098039,0,,,,,,,,4,"Kuala Lumpur, Kuala Lumpur, Malaysia",MY,MY14,18585,3.16667,101.7,-2403010,4,"Tokyo, Tokyo, Japan",JA,JA40,36340,35.685,139.751,-246227,20260717011500,https://www.thestar.com.my/lifestyle/culture/2026/07/17/weekend-for-the-arts-039in-between-worlds039-039under-a-borrowed-sun039
1313992401,20260717,202607,2026,2026.5397,,,,,,,,,,,NGA,NIGERIA,NGA,,,,,,,,1,020,020,02,1,3.0,2,1,2,6.80272108843537,0,,,,,,,,4,"Tinubu, Lagos, Nigeria",NI,NI05,191300,6.51667,3.36667,-2027738,4,"Tinubu, Lagos, Nigeria",NI,NI05,191300,6.51667,3.36667,-2027738,20260717011500,http://silverbirdtv.com/fg-declares-june-6-9-holidays-to-mark-eid-ul-adha-celebrations/
1313992402,20260717,202607,2026,2026.5397,,,,,,,,,,,NGA,NIGERIA,NGA,,,,,,,,0,051,051,05,1,3.4,2,1,2,4.5673076923077,0,,,,,,,,4,"Ilorin, Kwara, Nigeria",NI,NI30,191168,8.5,4.55,-2012174,5,"Federal Capital Territory, Abuja Federal Capital Territory, Nigeria",NI,NI11,22778,8.83333,7.16667,-1997015,20260717011500,https://punchng.com/ihs-trains-30-kwara-youths-on-digital-skills-programme/
1313992403,20260717,202607,2026,2026.5397,,,,,,,,,,,NZL,NEW ZEALAND,NZL,,,,,,,,1,040,040,04,1,1.0,10,1,10,0.59880239520958,0,,,,,,,,1,New Zealand,NZ,NZ,,-42,174,NZ,1,New Zealand,NZ,NZ,,-42,174,NZ,20260717011500,https://www.rnz.co.nz/news/politics/731338/kupe-and-cook-names-of-new-cook-strait-ferries-announced
1313992404,20260717,202607,2026,2026.5397,,,,,,,,,,,OPP,OPPOSITION LEADER,,,,,,OPP,,,1,046,046,04,1,7.0,10,1,10,-5.40540540540537,0,,,,,,,,4,"Delhi, Delhi, India",IN,IN07,17911,28.6667,77.2167,-2094230,4,"Delhi, Delhi, India",IN,IN07,17911,28.6667,77.2167,-2094230,20260717011500,https://www.livemint.com/news/india/sonam-wangchuk-hunger-strike-live-cjp-fast-enters-20th-day-opposition-leaders-jantar-mantar-protest-parliament-govt-neet-11784246975250.html
1313992405,20260717,202607,2026,2026.5397,,,,,,,,,,,PTY,DEMOCRATIC PARTY,,,,,,,,,0,040,040,04,1,1.0,1,1,1,-0.1031991744066,0,,,,,,,,3,"Linn County, Iowa, United States",US,USIA,,42.0667,-91.6002,465245,3,"Linn County, Iowa, United States",US,USIA,,42.0667,-91.6002,465245,20260717011500,https://cbs2iowa.com/news/local/supervisors-clash-over-returning-to-5-seat-linn-county-board-after-moratorium-vote
1313992406,20260717,202607,2026,2026.5397,,,,,,,,,,,RUS,RUSSIA,RUS,,,,,,,,0,022,022,02,1,3.2,2,1,2,-0.63593004769475,0,,,,,,,,1,Russia,RS,RS,,60,100,RS,1,Russia,RS,RS,,60,100,RS,20260717011500,https://www.thestranger.com/news/the-seattle-city-council-didnt-totally-screw-up-mayor-katie-wilsons-biggest-ever-seattle-transit-measure-to-expand-bus-service-in-the-city/
1313992407,20260717,202607,2026,2026.5397,,,,,,,,,,,RUS,RUSSIA,RUS,,,,,,,,1,061,061,06,2,6.4,2,1,2,-1.77215189873417,0,,,,,,,,1,Hungary,HU,HU,,47,20,HU,4,"New Delhi, Delhi, India",IN,IN07,17911,28.6,77.2,-2106102,20260717011500,https://indianexpress.com/article/opinion/editorials/india-us-trade-deal-section-301-tariffs-donald-trump-10790082/
1313992408,20260717,202607,2026,2026.5397,,,,,,,,,,,RUS,RUSSIA,RUS,,,,,,,,1,061,061,06,2,6.4,8,1,8,-1.77215189873417,0,,,,,,,,1,Russia,RS,RS,,60,100,RS,1,Azerbaijan,AJ,AJ,,40.5,47.5,AJ,20260717011500,https://indianexpress.com/article/opinion/editorials/india-us-trade-deal-section-301-tariffs-donald-trump-10790082/
1313992409,20260717,202607,2026,2026.5397,,,,,,,,,,,RUS,RUSSIA,RUS,,,,,,,,0,100,100,10,3,-5.0,2,1,2,-0.63593004769475,0,,,,,,,,1,Russia,RS,RS,,60,100,RS,1,Russia,RS,RS,,60,100,RS,20260717011500,https://www.thestranger.com/news/the-seattle-city-council-didnt-totally-screw-up-mayor-katie-wilsons-biggest-ever-seattle-transit-measure-to-expand-bus-service-in-the-city/
1313992410,20260717,202607,2026,2026.5397,,,,,,,,,,,RUS,RUSSIA,RUS,,,,,,,,1,190,190,19,4,-10.0,1,1,1,-9.69072164948455,0,,,,,,,,1,Russia,RS,RS,,60,100,RS,4,"Kyiv, Kyyiv, Misto, Ukraine",UP,UP12,28554,50.4333,30.5167,-1044367,20260717011500,https://www.express.co.uk/news/world/2230059/russia-warns-nuclear-apocalypse-after-drone-strike-killing-traitor
1313992411,20260717,202607,2026,2026.5397,,,,,,,,,,,RUS,RUSSIA,RUS,,,,,,,,1,190,190,19,4,-10.0,5,1,4,-9.69072164948455,0,,,,,,,,1,Russia,RS,RS,,60,100,RS,1,Russia,RS,RS,,60,100,RS,20260717011500,https://www.express.co.uk/news/world/2230059/russia-warns-nuclear-apocalypse-after-drone-strike-killing-traitor
1313992412,20260717,202607,2026,2026.5397,,,,,,,,,,,UKR,KYIV,UKR,,,,,,,,1,040,040,04,1,1.0,7,1,7,-10.3975535168196,0,,,,,,,,4,"Moscow, Moskva, Russia",RS,RS48,25106,55.7522,37.6156,-2960561,4,"Moscow, Moskva, Russia",RS,RS48,25106,55.7522,37.6156,-2960561,20260717011500,https://www.theguardian.com/world/2026/jul/17/ukraine-war-briefing-outgoing-british-pm-starmer-tells-zelenskyy-that-kyiv-will-win-this-war
1313992413,20260717,202607,2026,2026.5397,,,,,,,,,,,USA,UNITED STATES,USA,,,,,,,,0,010,010,01,1,0.0,4,1,4,-1.95838433292533,0,,,,,,,,2,"Illinois, United States",US,USIL,,40.3363,-89.0022,IL,2,"Illinois, United States",US,USIL,,40.3363,-89.0022,IL,20260717011500,https://chicago.suntimes.com/elections/2026/07/16/byron-sigcho-lopez-mayra-macias-independent-candidates-chuy-garcia-seat-congress-recommendation-off-ballot
1313992414,20260717,202607,2026,2026.5397,,,,,,,,,,,USA,UNITED STATES,USA,,,,,,,,0,020,020,02,1,3.0,1,1,1,1.33647798742138,0,,,,,,,,3,"Greenville, South Carolina, United States",US,USSC,SC045,34.8526,-82.394,1245842,3,"Greenville, South Carolina, United States",US,USSC,SC045,34.8526,-82.394,1245842,20260717011500,https://www.wyff4.com/article/lindsey-graham-unspent-campaign-money-special-primary/72750764
1313992415,20260717,202607,2026,2026.5397,,,,,,,,,,,USA,UNITED STATES,USA,,,,,,,,0,020,020,02,1,3.0,1,1,1,1.33647798742138,0,,,,,,,,3,"Greenville, South Carolina, United States",US,USSC,SC045,34.8526,-82.394,1245842,2,"South Carolina, United States",US,USSC,,33.8191,-80.9066,SC,20260717011500,https://www.wyff4.com/article/lindsey-graham-unspent-campaign-money-special-primary/72750764
1313992416,20260717,202607,2026,2026.5397,,,,,,,,,,,USA,WASHINGTON,USA,,,,,,,,0,020,020,02,1,3.0,1,1,1,-5.60271646859084,0,,,,,,,,3,"Lewis County, Washington, United States",US,USWA,,46.5832,-122.401,1531927,3,"Lewis County, Washington, United States",US,USWA,,46.5832,-122.401,1531927,20260717011500,"http://www.chronline.com/stories/former-pud-commissioner-michael-kelly-gets-one-year-in-prison,405571"
1313992417,20260717,202607,2026,2026.5397,,,,,,,,,,,USA,MISSOURI,USA,,,,,,,,1,020,020,02,1,3.0,10,1,10,-7.35294117647059,0,,,,,,,,3,"Erie, Kansas, United States",US,USKS,KS133,37.5681,-95.2433,475122,3,"Erie, Kansas, United States",US,USKS,KS133,37.5681,-95.2433,475122,20260717011500,https://hayspost.com/posts/dc7644ac-f617-44bb-9a2b-c70ca193707f
1313992418,20260717,202607,2026,2026.5397,,,,,,,,,,,USA,UNITED STATES,USA,,,,,,,,0,020,020,02,1,3.0,4,1,2,0.10600706713781,0,,,,,,,,2,"Missouri, United States",US,USMO,,38.4623,-92.302,MO,2,"Missouri, United States",US,USMO,,38.4623,-92.302,MO,20260717011500,"http://www.kirksvilledailyexpress.com/stories/farm-backing-trump-loyalty-shape-gop-race-to-replace-sam-graves-in-missouris-6th-district,31759"
1313992419,20260717,202607,2026,2026.5397,,,,,,,,,,,USA,UNITED STATES,USA,,,,,,,,1,020,020,02,1,3.0,4,1,4,3.16901408450704,0,,,,,,,,2,"Ohio, United States",US,USOH,,40.3736,-82.7755,OH,2,"Ohio, United States",US,USOH,,40.3736,-82.7755,OH,20260717011500,https://www.wcpo.com/news/local-news/in-your-community/butler-county/big-brothers-big-sisters-of-butler-county-seeks-male-mentors-as-149-children-wait-for-matches
1313992420,20260717,202607,2026,2026.5397,,,,,,,,,,,USA,WASHINGTON,USA,,,,,,,,0,020,020,02,1,3.0,1,1,1,-5.60271646859084,0,,,,,,,,2,"Washington, United States",US,USWA,,47.3917,-121.571,WA,2,"Washington, United States",US,USWA,,47.3917,-121.571,WA,20260717011500,"http://www.chronline.com/stories/former-pud-commissioner-michael-kelly-gets-one-year-in-prison,405571"
1313992421,20260717,202607,2026,2026.5397,,,,,,,,,,,USA,CALIFORNIA,USA,,,,,,,,0,030,030,03,1,4.0,2,1,2,-4.21455938697318,0,,,,,,,,3,"Oakland, California, United States",US,USCA,CA001,37.8044,-122.271,277566,3,"Oakland, California, United States",US,USCA,CA001,37.8044,-122.271,277566,20260717011500,https://variety.com/2026/film/news/paramount-subscribers-fail-injunction-merger-1236813567/
1313992422,20260717,202607,2026,2026.5397,,,,,,,,,,,USA,CALIFORNIA,USA,,,,,,,,0,030,030,03,1,4.0,4,1,4,-4.21455938697318,0,,,,,,,,2,"Delaware, United States",US,USDE,,39.3498,-75.5148,DE,2,"Delaware, United States",US,USDE,,39.3498,-75.5148,DE,20260717011500,https://variety.com/2026/film/news/paramount-subscribers-fail-injunction-merger-1236813567/
1313992423,20260717,202607,2026,2026.5397,,,,,,,,,,,USA,DALLAS,USA,,,,,,,,1,036,036,03,1,4.0,3,1,3,-0.96525096525097,0,,,,,,,,3,"Dallas, Texas, United States",US,USTX,TX113,32.7831,-96.8067,1380944,3,"Dallas, Texas, United States",US,USTX,TX113,32.7831,-96.8067,1380944,20260717011500,https://www.nbcdfw.com/news/politics/trump-teleprompter-operator-alleged-prediction-market-bets/4050595/
1313992424,20260717,202607,2026,2026.5397,,,,,,,,,,,USA,UNITED STATES,USA,,,,,,,,0,036,036,03,1,4.0,2,1,2,7.29166666666666,0,,,,,,,,3,"Anaheim Convention Center, California, United States",US,USCA,,33.8014,-117.921,238600,3,"Anaheim Convention Center, California, United States",US,USCA,,33.8014,-117.921,238600,20260717011500,https://www.laughingplace.com/disney-entertainment/d23-2026-show-floor-experiences-simpsons-movie-2/
1313992425,20260717,202607,2026,2026.5397,,,,,,,,,,,USA,ILLINOIS,USA,,,,,,,,1,036,036,03,1,4.0,10,1,10,-1.95838433292533,0,,,,,,,,2,"Illinois, United States",US,USIL,,40.3363,-89.0022,IL,2,"Illinois, United States",US,USIL,,40.3363,-89.0022,IL,20260717011500,https://chicago.suntimes.com/elections/2026/07/16/byron-sigcho-lopez-mayra-macias-independent-candidates-chuy-garcia-seat-congress-recommendation-off-ballot
1313992426,20260717,202607,2026,2026.5397,,,,,,,,,,,USA,UNITED STATES,USA,,,,,,,,0,036,036,03,1,4.0,2,1,2,0.10600706713781,0,,,,,,,,2,"Missouri, United States",US,USMO,,38.4623,-92.302,MO,3,"Washington, District of Columbia, United States",US,USDC,DC001,38.8951,-77.0364,531871,20260717011500,"http://www.kirksvilledailyexpress.com/stories/farm-backing-trump-loyalty-shape-gop-race-to-replace-sam-graves-in-missouris-6th-district,31759"
1313992427,20260717,202607,2026,2026.5397,,,,,,,,,,,USA,UNITED STATES,USA,,,,,,,,0,036,036,03,1,4.0,4,1,2,0.10600706713781,0,,,,,,,,2,"Missouri, United States",US,USMO,,38.4623,-92.302,MO,2,"Missouri, United States",US,USMO,,38.4623,-92.302,MO,20260717011500,"http://www.kirksvilledailyexpress.com/stories/farm-backing-trump-loyalty-shape-gop-race-to-replace-sam-graves-in-missouris-6th-district,31759"
1313992428,20260717,202607,2026,2026.5397,,,,,,,,,,,USA,AUSTIN,USA,,,,,,,,1,040,040,04,1,1.0,10,1,10,4.84848484848485,0,,,,,,,,0,,,,,,,,0,,,,,,,,20260717011500,https://www.wibw.com/2026/07/16/shawnee-co-fair-readies-annual-run/
1313992429,20260717,202607,2026,2026.5397,,,,,,,,,,,USA,UNITED STATES,USA,,,,,,,,1,040,040,04,1,1.0,4,1,4,-1.77935943060498,0,,,,,,,,3,"Fort Worth, Texas, United States",US,USTX,,32.7254,-97.3208,1380947,3,"Fort Worth, Texas, United States",US,USTX,,32.7254,-97.3208,1380947,20260717011500,https://www.nbcdfw.com/news/national-international/president-trump-national-address-thursday-voting-elections/4050665/
1313992430,20260717,202607,2026,2026.5397,,,,,,,,,,,USA,UNITED STATES,USA,,,,,,,,0,040,040,04,1,1.0,3,1,3,-5.60271646859084,0,,,,,,,,3,"Lewis County, Washington, United States",US,USWA,,46.5832,-122.401,1531927,3,"Lewis County, Washington, United States",US,USWA,,46.5832,-122.401,1531927,20260717011500,"http://www.chronline.com/stories/former-pud-commissioner-michael-kelly-gets-one-year-in-prison,405571"
1313992431,20260717,202607,2026,2026.5397,,,,,,,,,,,USA,UNITED STATES,USA,,,,,,,,1,040,040,04,1,1.0,4,1,4,-2.94117647058824,0,,,,,,,,3,"San Francisco, California, United States",US,USCA,,37.7749,-122.419,277593,3,"San Francisco, California, United States",US,USCA,,37.7749,-122.419,277593,20260717011500,https://www.smdailyjournal.com/news/bay_area/overdose-deaths-down-over-this-time-last-year-san-francisco-says/article_971a0e07-3849-407b-a077-f6b4b169a47f.html
1313992432,20260717,202607,2026,2026.5397,,,,,,,,,,,USA,UNITED STATES,USA,,,,,,,,0,042,042,04,1,1.9,4,1,4,-1.95838433292533,0,,,,,,,,3,"Brighton Park, Illinois, United States",US,USIL,,41.8189,-87.6989,1737410,3,"Brighton Park, Illinois, United States",US,USIL,,41.8189,-87.6989,1737410,20260717011500,https://chicago.suntimes.com/elections/2026/07/16/byron-sigcho-lopez-mayra-macias-independent-candidates-chuy-garcia-seat-congress-recommendation-off-ballot
1313992433,20260717,202607,2026,2026.5397,,,,,,,,,,,USA,UNITED STATES,USA,,,,,,,,0,042,042,04,1,1.9,1,1,1,-1.95838433292533,0,,,,,,,,3,"Brighton Park, Illinois, United States",US,USIL,,41.8189,-87.6989,1737410,3,"Chicago, Illinois, United States",US,USIL,IL031,41.85,-87.6501,423587,20260717011500,https://chicago.suntimes.com/elections/2026/07/16/byron-sigcho-lopez-mayra-macias-independent-candidates-chuy-garcia-seat-congress-recommendation-off-ballot
1313992434,20260717,202607,2026,2026.5397,,,,,,,,,,,USA,UNITED STATES,USA,,,,,,,,0,042,042,04,1,1.9,1,1,1,-1.95838433292533,0,,,,,,,,3,"Brighton Park, Illinois, United States",US,USIL,,41.8189,-87.6989,1737410,2,"Illinois, United States",US,USIL,,40.3363,-89.0022,IL,20260717011500,https://chicago.suntimes.com/elections/2026/07/16/byron-sigcho-lopez-mayra-macias-independent-candidates-chuy-garcia-seat-congress-recommendation-off-ballot
1313992435,20260717,202607,2026,2026.5397,,,,,,,,,,,USA,UNITED STATES,USA,,,,,,,,1,042,042,04,1,1.9,6,1,6,-0.1031991744066,0,,,,,,,,3,"Linn County, Iowa, United States",US,USIA,,42.0667,-91.6002,465245,3,"Linn County, Iowa, United States",US,USIA,,42.0667,-91.6002,465245,20260717011500,https://cbs2iowa.com/news/local/supervisors-clash-over-returning-to-5-seat-linn-county-board-after-moratorium-vote
1313992436,20260717,202607,2026,2026.5397,,,,,,,,,,,USA,IOWA,USA,,,,,,,,0,042,042,04,1,1.9,8,1,8,-1.84426229508196,0,,,,,,,,2,"Iowa, United States",US,USIA,,42.0046,-93.214,IA,2,"Iowa, United States",US,USIA,,42.0046,-93.214,IA,20260717011500,https://cbs2iowa.com/news/local/iowa-born-soldier-injured-in-march-drone-strike-returns-home-to-recover
1313992437,20260717,202607,2026,2026.5397,,,,,,,,,,,USA,IOWA,USA,,,,,,,,0,042,042,04,1,1.9,2,1,2,-1.84426229508196,0,,,,,,,,1,Kuwait,KU,KU,,29.5,47.75,KU,1,Kuwait,KU,KU,,29.5,47.75,KU,20260717011500,https://cbs2iowa.com/news/local/iowa-born-soldier-injured-in-march-drone-strike-returns-home-to-recover
1313992438,20260717,202607,2026,2026.5397,,,,,,,,,,,USA,UNITED STATES,USA,,,,,,,,0,042,042,04,1,1.9,2,1,2,4.6535677352637,0,,,,,,,,2,"Massachusetts, United States",US,USMA,,42.2373,-71.5314,MA,2,"Massachusetts, United States",US,USMA,,42.2373,-71.5314,MA,20260717011500,https://gazettenet.com/2026/07/16/a-healthy-milestone-granby-farm-hosts-celebration-of-massachusetts-hip-programs-100m-in-produce-sales/
1313992439,20260717,202607,2026,2026.5397,,,,,,,,,,,USA,UNITED STATES,USA,,,,,,,,1,043,043,04,1,2.8,4,1,4,3.16901408450704,0,,,,,,,,3,"Middletown, Ohio, United States",US,USOH,OH033,40.7737,-82.7918,1056424,2,"Ohio, United States",US,USOH,,40.3736,-82.7755,OH,20260717011500,https://www.wcpo.com/news/local-news/in-your-community/butler-county/big-brothers-big-sisters-of-butler-county-seeks-male-mentors-as-149-children-wait-for-matches
1313992440,20260717,202607,2026,2026.5397,,,,,,,,,,,USA,UNITED STATES,USA,,,,,,,,0,043,043,04,1,2.8,4,1,4,-10.5263157894736,0,,,,,,,,3,"New Boston, Texas, United States",US,USTX,,33.4598,-94.4155,1363692,3,"New Boston, Texas, United States",US,USTX,,33.4598,-94.4155,1363692,20260717011500,https://txktoday.com/crime/man-accused-of-threatening-to-kill-ex-filming-her-without-consent/
1313992441,20260717,202607,2026,2026.5397,,,,,,,,,,,USA,UNITED STATES,USA,,,,,,,,0,043,043,04,1,2.8,1,1,1,-5.60271646859084,0,,,,,,,,3,"Centralia, Washington, United States",US,USWA,WA041,46.7162,-122.954,1503899,3,"Centralia, Washington, United States",US,USWA,WA041,46.7162,-122.954,1503899,20260717011500,"http://www.chronline.com/stories/former-pud-commissioner-michael-kelly-gets-one-year-in-prison,405571"
1313992442,20260717,202607,2026,2026.5397,,,,,,,,,,,USA,SAN DIEGO,USA,,,,,,,,1,043,043,04,1,2.8,10,1,10,1.44181256436664,0,,,,,,,,3,"San Diego, California, United States",US,USCA,,32.7153,-117.157,1661377,3,"San Diego, California, United States",US,USCA,,32.7153,-117.157,1661377,20260717011500,https://www.stlamerican.com/arts-and-entertainment/living-it-arts-and-entertainment/a-hero-built-from-scratch/
1313992443,20260717,202607,2026,2026.5397,,,,,,,,,,,USA,UNITED STATES,USA,,,,,,,,1,043,043,04,1,2.8,4,1,4,7.29166666666666,0,,,,,,,,3,"Anaheim Convention Center, California, United States",US,USCA,,33.8014,-117.921,238600,3,"Anaheim Convention Center, California, United States",US,USCA,,33.8014,-117.921,238600,20260717011500,https://www.laughingplace.com/disney-entertainment/d23-2026-show-floor-experiences-simpsons-movie-2/
1313992444,20260717,202607,2026,2026.5397,,,,,,,,,,,USA,UNITED STATES,USA,,,,,,,,1,043,043,04,1,2.8,4,1,4,3.10262529832936,0,,,,,,,,3,"Twin Falls, Idaho, United States",US,USID,,42.563,-114.461,398273,3,"Twin Falls, Idaho, United States",US,USID,,42.563,-114.461,398273,20260717011500,http://www.idahostatejournal.com/news/local/take-one-leave-one-preston-nooks-offers-books-plants-and-a-little-neighborly-trust/article_d58c57fa-ff77-45fa-9686-2c6f71880b74.html
1313992445,20260717,202607,2026,2026.5397,,,,,,,,,,,USA,KANSAS,USA,,,,,,,,0,043,043,04,1,2.8,10,1,10,-2.49433106575964,0,,,,,,,,2,"Kansas, United States",US,USKS,,38.5111,-96.8005,KS,2,"Kansas, United States",US,USKS,,38.5111,-96.8005,KS,20260717011500,https://hayspost.com/posts/7d0fe720-d9ec-43e1-a0ec-e0643e978c04
1313992446,20260717,202607,2026,2026.5397,,,,,,,,,,,USA,SAN DIEGO,USA,,,,,,,,1,046,046,04,1,7.0,10,1,10,-9.78670012547053,0,,,,,,,,3,"San Diego, California, United States",US,USCA,,32.7153,-117.157,1661377,3,"San Diego, California, United States",US,USCA,,32.7153,-117.157,1661377,20260717011500,https://www.sandiegouniontribune.com/2026/07/16/san-ysidro-man-sentenced-for-impersonating-ice-agent-to-defraud-immigrants/
1313992447,20260717,202607,2026,2026.5397,,,,,,,,,,,USA,UNITED STATES,USA,,,,,,,,1,051,051,05,1,3.4,4,1,4,2.46913580246913,0,,,,,,,,3,"Dallas, Texas, United States",US,USTX,TX113,32.7831,-96.8067,1380944,3,"Dallas, Texas, United States",US,USTX,TX113,32.7831,-96.8067,1380944,20260717011500,https://www.nbcdfw.com/entertainment/entertainment-news/mary-jo-mj-shannon-dies-at-91/4050654/
1313992448,20260717,202607,2026,2026.5397,,,,,,,,,,,USA,UNITED STATES,USA,,,,,,,,1,051,051,05,1,3.4,4,1,2,8.1967213114754,0,,,,,,,,2,"Idaho, United States",US,USID,,44.2394,-114.51,ID,2,"Idaho, United States",US,USID,,44.2394,-114.51,ID,20260717011500,http://www.idahostatejournal.com/opinion/opinion-miles-of-memories-continue-thank-you-for-supporting-the-portneuf-greenway/article_7dd80500-c84f-49e7-ac6f-badc0ca7e1a5.html
1313992449,20260717,202607,2026,2026.5397,,,,,,,,,,,USA,UNITED STATES,USA,,,,,,,,0,051,051,05,1,3.4,2,1,2,0.10600706713781,0,,,,,,,,2,"Kansas, United States",US,USKS,,38.5111,-96.8005,KS,2,"Kansas, United States",US,USKS,,38.5111,-96.8005,KS,20260717011500,"http://www.kirksvilledailyexpress.com/stories/farm-backing-trump-loyalty-shape-gop-race-to-replace-sam-graves-in-missouris-6th-district,31759"
1313992450,20260717,202607,2026,2026.5397,,,,,,,,,,,USA,UNITED STATES,USA,,,,,,,,0,051,051,05,1,3.4,2,1,2,0.10600706713781,0,,,,,,,,2,"Missouri, United States",US,USMO,,38.4623,-92.302,MO,2,"Kansas, United States",US,USKS,,38.5111,-96.8005,KS,20260717011500,"http://www.kirksvilledailyexpress.com/stories/farm-backing-trump-loyalty-shape-gop-race-to-replace-sam-graves-in-missouris-6th-district,31759"
1313992451,20260717,202607,2026,2026.5397,,,,,,,,,,,USA,UNITED STATES,USA,,,,,,,,1,084,084,08,2,7.0,2,1,2,-4.55927051671732,0,,,,,,,,2,"Texas, United States",US,USTX,,31.106,-97.6475,TX,2,"Texas, United States",US,USTX,,31.106,-97.6475,TX,20260717011500,https://abc7.com/post/dentist-chrishelle-hemphill-accused-giving-4yearold-lethal-doses-meperidine-demerol-sedatives-texas-police-say/19520152/
1313992452,20260717,202607,2026,2026.5397,,,,,,,,,,,USA,UNITED STATES,USA,,,,,,,,1,100,100,10,3,-5.0,2,1,2,-3.71352785145889,0,,,,,,,,2,"Maine, United States",US,USME,,44.6074,-69.3977,ME,2,"Maine, United States",US,USME,,44.6074,-69.3977,ME,20260717011500,https://www.bangordailynews.com/2026/07/16/politics/elections/maine-democrats-1st-senate-debate/
1313992453,20260717,202607,2026,2026.5397,,,,,,,,,,,USA,UNITED STATES,USA,,,,,,,,0,110,110,11,3,-2.0,4,1,4,-1.95838433292533,0,,,,,,,,2,"Illinois, United States",US,USIL,,40.3363,-89.0022,IL,2,"Illinois, United States",US,USIL,,40.3363,-89.0022,IL,20260717011500,https://chicago.suntimes.com/elections/2026/07/16/byron-sigcho-lopez-mayra-macias-independent-candidates-chuy-garcia-seat-congress-recommendation-off-ballot
1313992454,20260717,202607,2026,2026.5397,,,,,,,,,,,USA,UNITED STATES,USA,,,,,,,,0,111,111,11,3,-2.0,2,1,2,-2.8099173553719,0,,,,,,,,3,"San Diego, California, United States",US,USCA,,32.7153,-117.157,1661377,3,"San Diego, California, United States",US,USCA,,32.7153,-117.157,1661377,20260717011500,https://www.sandiegouniontribune.com/2026/07/16/no-pollution-fix-no-deal-officials-warn-renewal-of-international-trade-pact-must-be-tied-to-solving-crisis/
1313992455,20260717,202607,2026,2026.5397,,,,,,,,,,,USA,UNITED STATES,USA,,,,,,,,1,112,112,11,3,-2.0,2,1,2,-4.55927051671732,0,,,,,,,,2,"Texas, United States",US,USTX,,31.106,-97.6475,TX,2,"Texas, United States",US,USTX,,31.106,-97.6475,TX,20260717011500,https://abc7.com/post/dentist-chrishelle-hemphill-accused-giving-4yearold-lethal-doses-meperidine-demerol-sedatives-texas-police-say/19520152/
1313992456,20260717,202607,2026,2026.5397,,,,,,,,,,,USA,UNITED STATES,USA,,,,,,,,0,173,173,17,4,-5.0,8,1,8,-1.67386609071274,0,,,,,,,,3,"Seneca County, Ohio, United States",US,USOH,,41.1167,-83.1166,1074086,3,"Seneca County, Ohio, United States",US,USOH,,41.1167,-83.1166,1074086,20260717011500,https://www.unitaid.eu/seneca-county-jail-inmate-list-j1rp.html
1313992457,20260717,202607,2026,2026.5397,,,,,,,,,,,USA,UNITED STATES,USA,,,,,,,,1,173,173,17,4,-5.0,8,1,8,-11.6564417177914,0,,,,,,,,3,"Charleston, South Carolina, United States",US,USSC,SC019,32.7766,-79.9309,1221516,3,"Charleston, South Carolina, United States",US,USSC,SC019,32.7766,-79.9309,1221516,20260717011500,https://www.live5news.com/2026/07/16/charleston-man-arrested-sexual-exploitation-minors-charges/
1313992458,20260717,202607,2026,2026.5397,,,,,,,,,,,USA,UNITED STATES,USA,,,,,,,,1,173,173,17,4,-5.0,4,1,4,-7.43243243243243,0,,,,,,,,2,"Ohio, United States",US,USOH,,40.3736,-82.7755,OH,2,"Ohio, United States",US,USOH,,40.3736,-82.7755,OH,20260717011500,https://www.wcpo.com/news/local-news/in-your-community/clermont-county/monroe-township-man-to-serve-almost-2-months-in-jail-after-leaving-dogs-to-rot-in-cage
1313992459,20260717,202607,2026,2026.5397,,,,,,,,,,,USA,UNITED STATES,USA,,,,,,,,0,190,190,19,4,-10.0,1,1,1,2.27920227920228,0,,,,,,,,3,"Elsie Area Fire Department, Michigan, United States",US,USMI,,43.0878,-84.3884,2636121,1,"Vietnam, Republic Of",VM,VM,,16.166667,107.833333,VM,20260717011500,https://www.argus-press.com/news/article_a7fa6cf8-4946-4fc6-9357-9b98dba6ea54.html
1313992460,20260717,202607,2026,2026.5397,,,,,,,,,,,USAGOV,JOE BIDEN,USA,,,,,GOV,,,1,040,040,04,1,1.0,2,1,2,-1.77935943060498,0,,,,,,,,3,"Fort Worth, Texas, United States",US,USTX,,32.7254,-97.3208,1380947,3,"Fort Worth, Texas, United States",US,USTX,,32.7254,-97.3208,1380947,20260717011500,https://www.nbcdfw.com/news/national-international/president-trump-national-address-thursday-voting-elections/4050665/
1313992461,20260717,202607,2026,2026.5397,,,,,,,,,,,USAGOV,JOE BIDEN,USA,,,,,GOV,,,1,040,040,04,1,1.0,4,1,4,-1.77935943060498,0,,,,,,,,3,"Fort Worth, Texas, United States",US,USTX,,32.7254,-97.3208,1380947,3,"White House, District of Columbia, United States",US,USDC,,38.8951,-77.0364,531871,20260717011500,https://www.nbcdfw.com/news/national-international/president-trump-national-address-thursday-voting-elections/4050665/
1313992462,20260717,202607,2026,2026.5397,,,,,,,,,,,USAGOV,UNITED STATES,USA,,,,,GOV,,,0,040,040,04,1,1.0,2,1,2,-0.59523809523809,0,,,,,,,,2,"Georgia, United States",US,USGA,,32.9866,-83.6487,GA,2,"Georgia, United States",US,USGA,,32.9866,-83.6487,GA,20260717011500,https://www.wsbtv.com/news/local/henry-county/nonprofit-pushes-protect-historic-black-cemetery-near-massive-data-center-project-henry-county/J5KVYIOR5JENRNSDNYNCD7CD4I/
1313992463,20260717,202607,2026,2026.5397,,,,,,,,,,,USAGOV,UNITED STATES,USA,,,,,GOV,,,0,190,190,19,4,-10.0,5,1,5,2.27920227920228,0,,,,,,,,3,"Elsie Area Fire Department, Michigan, United States",US,USMI,,43.0878,-84.3884,2636121,3,"Elsie Area Fire Department, Michigan, United States",US,USMI,,43.0878,-84.3884,2636121,20260717011500,https://www.argus-press.com/news/article_a7fa6cf8-4946-4fc6-9357-9b98dba6ea54.html
1313992464,20260717,202607,2026,2026.5397,,,,,,,,,,,USAPRI,PUERTO RICO,USA,,,,,,,,1,036,036,03,1,4.0,2,1,2,1.86246418338109,0,,,,,,,,4,"Punta Cana, La Altagracia, Dominican Republic",DR,DR10,36924,18.5269,-68.3656,-3363835,4,"Punta Cana, La Altagracia, Dominican Republic",DR,DR10,36924,18.5269,-68.3656,-3363835,20260717011500,https://www.caribjournal.com/2026/07/16/starlink-frontier-airlines/
1313992465,20260717,202607,2026,2026.5397,,,,,,,,,,,USAPTY,UNITED STATES,USA,,,,,,,,0,040,040,04,1,1.0,2,1,2,-0.1031991744066,0,,,,,,,,3,"Linn County, Iowa, United States",US,USIA,,42.0667,-91.6002,465245,3,"Linn County, Iowa, United States",US,USIA,,42.0667,-91.6002,465245,20260717011500,https://cbs2iowa.com/news/local/supervisors-clash-over-returning-to-5-seat-linn-county-board-after-moratorium-vote
1313992466,20260717,202607,2026,2026.5397,AGR,FARMER,,,,,,AGR,,,,,,,,,,,,,1,112,112,11,3,-2.0,5,1,5,-3.0060120240481,0,,,,,,,,0,,,,,,,,0,,,,,,,,20260717011500,https://www.kold.com/2026/07/16/renters-home-devastated-monsoon-storm-has-no-insurance-cover-damage/
1313992467,20260717,202607,2026,2026.5397,AGR,FARMER,,,,,,AGR,,,USA,UNITED STATES,USA,,,,,,,,0,186,186,18,4,-10.0,1,1,1,0.10600706713781,3,"Department Of Education, District of Columbia, United States",US,USDC,DC001,38.8862,-77.0183,530857,2,"Missouri, United States",US,USMO,,38.4623,-92.302,MO,2,"Missouri, United States",US,USMO,,38.4623,-92.302,MO,20260717011500,"http://www.kirksvilledailyexpress.com/stories/farm-backing-trump-loyalty-shape-gop-race-to-replace-sam-graves-in-missouris-6th-district,31759"
1313992468,20260717,202607,2026,2026.5397,AGR,FARMER,,,,,,AGR,,,USA,UNITED STATES,USA,,,,,,,,0,186,186,18,4,-10.0,2,1,2,0.10600706713781,2,"Missouri, United States",US,USMO,,38.4623,-92.302,MO,2,"Missouri, United States",US,USMO,,38.4623,-92.302,MO,2,"Missouri, United States",US,USMO,,38.4623,-92.302,MO,20260717011500,"http://www.kirksvilledailyexpress.com/stories/farm-backing-trump-loyalty-shape-gop-race-to-replace-sam-graves-in-missouris-6th-district,31759"
1313992469,20260717,202607,2026,2026.5397,AUS,AUSTRALIA,AUS,,,,,,,,,,,,,,,,,,0,020,020,02,1,3.0,28,7,28,-3.41078682632566,4,"Canberra, Australian Capital Territory, Australia",AS,AS01,4940,-35.2833,149.217,-1563952,0,,,,,,,,4,"Canberra, Australian Capital Territory, Australia",AS,AS01,4940,-35.2833,149.217,-1563952,20260717011500,https://www.thecourier.com.au/story/9312365/why-angus-taylors-cack-handed-performance-alienates-voters/
1313992470,20260717,202607,2026,2026.5397,AUS,AUSTRALIA,AUS,,,,,,,,,,,,,,,,,,1,040,040,04,1,1.0,4,1,4,-0.218818380743991,4,"Derrinallum, Victoria, Australia",AS,AS07,5369,-37.9479,143.22,-1569588,0,,,,,,,,4,"Derrinallum, Victoria, Australia",AS,AS07,5369,-37.9479,143.22,-1569588,20260717011500,https://www.dailymail.com/news/article-15981085/Alexandra-Lal-Mann-elephant-bridge-hotel.html
1313992471,20260717,202607,2026,2026.5397,AUS,AUSTRALIA,AUS,,,,,,,,,,,,,,,,,,1,043,043,04,1,2.8,4,1,4,-0.218818380743991,4,"Derrinallum, Victoria, Australia",AS,AS07,5369,-37.9479,143.22,-1569588,0,,,,,,,,4,"Derrinallum, Victoria, Australia",AS,AS07,5369,-37.9479,143.22,-1569588,20260717011500,https://www.dailymail.com/news/article-15981085/Alexandra-Lal-Mann-elephant-bridge-hotel.html
1313992472,20260717,202607,2026,2026.5397,AUS,MELBOURNE,AUS,,,,,,,,,,,,,,,,,,1,043,043,04,1,2.8,20,1,10,2.52293577981652,4,"Melbourne, Victoria, Australia",AS,AS07,5430,-37.8167,144.967,-1586844,0,,,,,,,,4,"Melbourne, Victoria, Australia",AS,AS07,5430,-37.8167,144.967,-1586844,20260717011500,https://themusic.com.au/news/did-good-things-festival-just-drop-a-line-up-teaser/cubIZGdmaWg/17-07-26
1313992473,20260717,202607,2026,2026.5397,AUS,AUSTRALIAN,AUS,,,,,,,,,,,,,,,,,,1,045,045,04,1,5.0,3,1,3,-1.92139737991267,1,Australia,AS,AS,,-25,135,AS,0,,,,,,,,1,Australia,AS,AS,,-25,135,AS,20260717011500,https://www.theadviser.com.au/broker/48687-brokers-demand-end-to-clawbacks-redesign-of-commissions
1313992474,20260717,202607,2026,2026.5397,AUS,AUSTRALIA,AUS,,,,,,,,,,,,,,,,,,1,111,111,11,3,-2.0,2,1,2,-5.96745027124774,4,"Vang Vieng, Viangchan, Laos",LA,LA27,74338,18.9333,102.45,-2666441,0,,,,,,,,4,"Vang Vieng, Viangchan, Laos",LA,LA27,74338,18.9333,102.45,-2666441,20260717011500,https://www.theguardian.com/australia-news/2026/jul/17/laos-methanol-poisoning-charges-bianca-jones-holly-bowles-deaths
1313992475,20260717,202607,2026,2026.5397,AUS,AUSTRALIAN,AUS,,,,,,,,,,,,,,,,,,1,111,111,11,3,-2.0,7,1,7,3.05164319248827,1,Australia,AS,AS,,-25,135,AS,0,,,,,,,,1,Australia,AS,AS,,-25,135,AS,20260717011500,https://www.ragtrader.com.au/news/myer-charges-into-retail-media-space
1313992476,20260717,202607,2026,2026.5397,AUS,AUSTRALIAN,AUS,,,,,,,,,,,,,,,,,,1,111,111,11,3,-2.0,3,1,3,3.05164319248827,1,Japan,JA,JA,,36,138,JA,0,,,,,,,,1,Japan,JA,JA,,36,138,JA,20260717011500,https://www.ragtrader.com.au/news/myer-charges-into-retail-media-space
1313992477,20260717,202607,2026,2026.5397,AUS,AUSTRALIA,AUS,,,,,,,,,,,,,,,,,,0,120,120,12,3,-4.0,4,1,4,-3.45423143350604,4,"Armidale, New South Wales, Australia",AS,AS02,5096,-30.5083,151.671,-1556250,0,,,,,,,,4,"Armidale, New South Wales, Australia",AS,AS02,5096,-30.5083,151.671,-1556250,20260717011500,https://www.armidaleexpress.com.au/story/9312365/why-angus-taylors-cack-handed-performance-alienates-voters/
1313992478,20260717,202607,2026,2026.5397,AUS,AUSTRALIA,AUS,,,,,,,,,,,,,,,,,,0,120,120,12,3,-4.0,12,3,12,-3.35782451603988,4,"Canberra, Australian Capital Territory, Australia",AS,AS01,4940,-35.2833,149.217,-1563952,0,,,,,,,,4,"Canberra, Australian Capital Territory, Australia",AS,AS01,4940,-35.2833,149.217,-1563952,20260717011500,https://www.thecourier.com.au/story/9312365/why-angus-taylors-cack-handed-performance-alienates-voters/
1313992479,20260717,202607,2026,2026.5397,AUS,AUSTRALIA,AUS,,,,,,,,,,,,,,,,,,0,120,120,12,3,-4.0,4,1,4,-3.45125107851596,4,"Crookwell, New South Wales, Australia",AS,AS02,154641,-34.4593,149.471,-1568133,0,,,,,,,,4,"Crookwell, New South Wales, Australia",AS,AS02,154641,-34.4593,149.471,-1568133,20260717011500,https://www.crookwellgazette.com.au/story/9312365/why-angus-taylors-cack-handed-performance-alienates-voters/
1313992480,20260717,202607,2026,2026.5397,AUS,AUSTRALIA,AUS,,,,,,,,,,,,,,,,,,0,120,120,12,3,-4.0,4,1,4,-3.44827586206897,4,"Inverell, New South Wales, Australia",AS,AS02,5096,-29.774,151.112,-1579546,0,,,,,,,,4,"Inverell, New South Wales, Australia",AS,AS02,5096,-29.774,151.112,-1579546,20260717011500,https://www.inverelltimes.com.au/story/9312365/why-angus-taylors-cack-handed-performance-alienates-voters/
1313992481,20260717,202607,2026,2026.5397,AUS,AUSTRALIA,AUS,,,,,,,,,,,,,,,,,,0,120,120,12,3,-4.0,4,1,4,-3.44827586206897,4,"Camden Haven, New South Wales, Australia",AS,AS02,5096,-31.6448,152.795,-1583170,0,,,,,,,,4,"Camden Haven, New South Wales, Australia",AS,AS02,5096,-31.6448,152.795,-1583170,20260717011500,https://www.camdencourier.com.au/story/9312365/why-angus-taylors-cack-handed-performance-alienates-voters/
1313992482,20260717,202607,2026,2026.5397,AUS,VICTORIA,AUS,,,,,,,,,,,,,,,,,,1,190,190,19,4,-10.0,5,1,5,-0.218818380743991,4,"Derrinallum, Victoria, Australia",AS,AS07,5369,-37.9479,143.22,-1569588,0,,,,,,,,4,"Derrinallum, Victoria, Australia",AS,AS07,5369,-37.9479,143.22,-1569588,20260717011500,https://www.dailymail.com/news/article-15981085/Alexandra-Lal-Mann-elephant-bridge-hotel.html
1313992483,20260717,202607,2026,2026.5397,AUS,AUSTRALIA,AUS,,,,,,,,CHR,CHRISTIAN,,,,CHR,,,,,1,111,111,11,3,-2.0,1,1,1,2.33463035019456,4,"Paddington, Western Australia, Australia",AS,AS08,5494,-30.4833,121.333,-1593586,4,"Paris, France (general), France",FR,FR00,16282,48.8667,2.33333,-1456928,4,"Paddington, Western Australia, Australia",AS,AS08,5494,-30.4833,121.333,-1593586,20260717011500,https://www.ragtrader.com.au/news/zimmermann-earns-f-d-ration-s-top-fashion-accolade
1313992484,20260717,202607,2026,2026.5397,AUS,VICTORIA,AUS,,,,,,,,CVL,TRAVELLER,,,,,,CVL,,,0,051,051,05,1,3.4,10,1,10,-0.218818380743991,4,"Derrinallum, Victoria, Australia",AS,AS07,5369,-37.9479,143.22,-1569588,4,"Derrinallum, Victoria, Australia",AS,AS07,5369,-37.9479,143.22,-1569588,4,"Derrinallum, Victoria, Australia",AS,AS07,5369,-37.9479,143.22,-1569588,20260717011500,https://www.dailymail.com/news/article-15981085/Alexandra-Lal-Mann-elephant-bridge-hotel.html
1313992485,20260717,202607,2026,2026.5397,AUS,AUSTRALIA,AUS,,,,,,,,FRA,FRANCE,FRA,,,,,,,,1,111,111,11,3,-2.0,2,1,2,2.33463035019456,4,"Paris, France (general), France",FR,FR00,16282,48.8667,2.33333,-1456928,4,"Paddington, Western Australia, Australia",AS,AS08,5494,-30.4833,121.333,-1593586,4,"Paris, France (general), France",FR,FR00,16282,48.8667,2.33333,-1456928,20260717011500,https://www.ragtrader.com.au/news/zimmermann-earns-f-d-ration-s-top-fashion-accolade
1313992486,20260717,202607,2026,2026.5397,AUS,AUSTRALIA,AUS,,,,,,,,FRA,FRANCE,FRA,,,,,,,,1,111,111,11,3,-2.0,1,1,1,2.33463035019456,4,"Paddington, Western Australia, Australia",AS,AS08,5494,-30.4833,121.333,-1593586,4,"Paris, France (general), France",FR,FR00,16282,48.8667,2.33333,-1456928,4,"Paddington, Western Australia, Australia",AS,AS08,5494,-30.4833,121.333,-1593586,20260717011500,https://www.ragtrader.com.au/news/zimmermann-earns-f-d-ration-s-top-fashion-accolade
1313992487,20260717,202607,2026,2026.5397,AUS,AUSTRALIA,AUS,,,,,,,,MED,MEDIA,,,,,,MED,,,0,192,192,19,4,-9.5,4,1,4,3.05164319248827,1,Australia,AS,AS,,-25,135,AS,1,Australia,AS,AS,,-25,135,AS,1,Australia,AS,AS,,-25,135,AS,20260717011500,https://www.ragtrader.com.au/news/myer-charges-into-retail-media-space
1313992488,20260717,202607,2026,2026.5397,AUSELI,PAUL KEATING,AUS,,,,,ELI,,,,,,,,,,,,,0,043,043,04,1,2.8,4,1,4,-3.45423143350604,4,"Armidale, New South Wales, Australia",AS,AS02,5096,-30.5083,151.671,-1556250,0,,,,,,,,4,"Armidale, New South Wales, Australia",AS,AS02,5096,-30.5083,151.671,-1556250,20260717011500,https://www.armidaleexpress.com.au/story/9312365/why-angus-taylors-cack-handed-performance-alienates-voters/
1313992489,20260717,202607,2026,2026.5397,AUSELI,PAUL KEATING,AUS,,,,,ELI,,,,,,,,,,,,,0,043,043,04,1,2.8,54,7,54,-3.39901742403993,4,"Canberra, Australian Capital Territory, Australia",AS,AS01,4940,-35.2833,149.217,-1563952,0,,,,,,,,4,"Canberra, Australian Capital Territory, Australia",AS,AS01,4940,-35.2833,149.217,-1563952,20260717011500,https://www.thecourier.com.au/story/9312365/why-angus-taylors-cack-handed-performance-alienates-voters/
1313992490,20260717,202607,2026,2026.5397,AUSELI,PAUL KEATING,AUS,,,,,ELI,,,,,,,,,,,,,0,043,043,04,1,2.8,4,1,4,-3.45125107851596,4,"Crookwell, New South Wales, Australia",AS,AS02,154641,-34.4593,149.471,-1568133,0,,,,,,,,4,"Crookwell, New South Wales, Australia",AS,AS02,154641,-34.4593,149.471,-1568133,20260717011500,https://www.crookwellgazette.com.au/story/9312365/why-angus-taylors-cack-handed-performance-alienates-voters/
1313992491,20260717,202607,2026,2026.5397,AUSELI,PAUL KEATING,AUS,,,,,ELI,,,,,,,,,,,,,0,043,043,04,1,2.8,4,1,4,-3.44827586206897,4,"Inverell, New South Wales, Australia",AS,AS02,5096,-29.774,151.112,-1579546,0,,,,,,,,4,"Inverell, New South Wales, Australia",AS,AS02,5096,-29.774,151.112,-1579546,20260717011500,https://www.inverelltimes.com.au/story/9312365/why-angus-taylors-cack-handed-performance-alienates-voters/
1313992492,20260717,202607,2026,2026.5397,AUSELI,PAUL KEATING,AUS,,,,,ELI,,,,,,,,,,,,,0,043,043,04,1,2.8,4,1,4,-3.44827586206897,4,"Camden Haven, New South Wales, Australia",AS,AS02,5096,-31.6448,152.795,-1583170,0,,,,,,,,4,"Camden Haven, New South Wales, Australia",AS,AS02,5096,-31.6448,152.795,-1583170,20260717011500,https://www.camdencourier.com.au/story/9312365/why-angus-taylors-cack-handed-performance-alienates-voters/
1313992493,20260717,202607,2026,2026.5397,BGD,BANGLADESH,BGD,,,,,,,,,,,,,,,,,,1,1711,171,17,4,-9.2,2,1,2,-6.76056338028169,4,"Lucknow, Uttar Pradesh, India",IN,IN36,17941,26.85,80.9167,-2102835,0,,,,,,,,4,"Lucknow, Uttar Pradesh, India",IN,IN36,17941,26.85,80.9167,-2102835,20260717011500,https://indianexpress.com/article/cities/lucknow/how-arrest-of-a-bangladesh-national-in-up-4-years-ago-led-to-eds-expansive-raids-in-4-states-10790220/
1313992494,20260717,202607,2026,2026.5397,BGD,BANGLADESH,BGD,,,,,,,,,,,,,,,,,,1,190,190,19,4,-10.0,2,1,2,-6.76056338028169,4,"Lucknow, Uttar Pradesh, India",IN,IN36,17941,26.85,80.9167,-2102835,0,,,,,,,,4,"Lucknow, Uttar Pradesh, India",IN,IN36,17941,26.85,80.9167,-2102835,20260717011500,https://indianexpress.com/article/cities/lucknow/how-arrest-of-a-bangladesh-national-in-up-4-years-ago-led-to-eds-expansive-raids-in-4-states-10790220/
1313992495,20260717,202607,2026,2026.5397,BGD,BANGLADESH,BGD,,,,,,,,,,,,,,,,,,1,190,190,19,4,-10.0,2,1,2,-6.76056338028169,1,Bangladesh,BG,BG,,24,90,BG,0,,,,,,,,4,"Lucknow, Uttar Pradesh, India",IN,IN36,17941,26.85,80.9167,-2102835,20260717011500,https://indianexpress.com/article/cities/lucknow/how-arrest-of-a-bangladesh-national-in-up-4-years-ago-led-to-eds-expansive-raids-in-4-states-10790220/
1313992496,20260717,202607,2026,2026.5397,BGD,BANGLADESH,BGD,,,,,,,,IND,LUCKNOW,IND,,,,,,,,1,1711,171,17,4,-9.2,3,1,3,-6.76056338028169,4,"Lucknow, Uttar Pradesh, India",IN,IN36,17941,26.85,80.9167,-2102835,4,"Lucknow, Uttar Pradesh, India",IN,IN36,17941,26.85,80.9167,-2102835,4,"Lucknow, Uttar Pradesh, India",IN,IN36,17941,26.85,80.9167,-2102835,20260717011500,https://indianexpress.com/article/cities/lucknow/how-arrest-of-a-bangladesh-national-in-up-4-years-ago-led-to-eds-expansive-raids-in-4-states-10790220/
1313992497,20260717,202607,2026,2026.5397,BGD,BANGLADESH,BGD,,,,,,,,IND,LUCKNOW,IND,,,,,,,,1,190,190,19,4,-10.0,3,1,3,-6.76056338028169,4,"Lucknow, Uttar Pradesh, India",IN,IN36,17941,26.85,80.9167,-2102835,4,"Lucknow, Uttar Pradesh, India",IN,IN36,17941,26.85,80.9167,-2102835,4,"Lucknow, Uttar Pradesh, India",IN,IN36,17941,26.85,80.9167,-2102835,20260717011500,https://indianexpress.com/article/cities/lucknow/how-arrest-of-a-bangladesh-national-in-up-4-years-ago-led-to-eds-expansive-raids-in-4-states-10790220/
1313992498,20260717,202607,2026,2026.5397,BGD,BANGLADESH,BGD,,,,,,,,IND,LUCKNOW,IND,,,,,,,,1,190,190,19,4,-10.0,3,1,3,-6.76056338028169,1,Bangladesh,BG,BG,,24,90,BG,4,"Lucknow, Uttar Pradesh, India",IN,IN36,17941,26.85,80.9167,-2102835,4,"Lucknow, Uttar Pradesh, India",IN,IN36,17941,26.85,80.9167,-2102835,20260717011500,https://indianexpress.com/article/cities/lucknow/how-arrest-of-a-bangladesh-national-in-up-4-years-ago-led-to-eds-expansive-raids-in-4-states-10790220/
1313992499,20260717,202607,2026,2026.5397,BUDMAH223,SOTO,,,,BUD,,,,,GOV,GOVERNOR,,,,,,GOV,,,1,020,020,02,1,3.0,8,1,8,-0.43668122270743,3,"Crystal City, Missouri, United States",US,USMO,MO099,38.2212,-90.379,736291,3,"Crystal City, Missouri, United States",US,USMO,,38.2212,-90.379,736291,3,"Crystal City, Missouri, United States",US,USMO,,38.2212,-90.379,736291,20260717011500,https://www.mymoinfo.com/governor-signs-controversial-annexation-bill-puts-jefferson-county-cities-at-odds-against-county-7-16-2026/
1313992500,20260717,202607,2026,2026.5397,BUDMAH223,SOTO,,,,BUD,,,,,GOV,GOVERNOR,,,,,,GOV,,,1,129,129,12,3,-5.0,6,1,6,-0.43668122270743,3,"Byrnes Mill, Missouri, United States",US,USMO,MO099,38.4378,-90.5818,715168,3,"Byrnes Mill, Missouri, United States",US,USMO,,38.4378,-90.5818,715168,3,"Jefferson County, Missouri, United States",US,USMO,,38.2667,-90.5835,758504,20260717011500,https://www.mymoinfo.com/governor-signs-controversial-annexation-bill-puts-jefferson-county-cities-at-odds-against-county-7-16-2026/
1313992501,20260717,202607,2026,2026.5397,BUDMAH223,SOTO,,,,BUD,,,,,USA,UNITED STATES,USA,,,,,,,,1,129,129,12,3,-5.0,2,1,2,-0.43668122270743,3,"Byrnes Mill, Missouri, United States",US,USMO,MO099,38.4378,-90.5818,715168,2,"Missouri, United States",US,USMO,,38.4623,-92.302,MO,2,"Missouri, United States",US,USMO,,38.4623,-92.302,MO,20260717011500,https://www.mymoinfo.com/governor-signs-controversial-annexation-bill-puts-jefferson-county-cities-at-odds-against-county-7-16-2026/
1313992502,20260717,202607,2026,2026.5397,BUDMAH223,SOTO,,,,BUD,,,,,USAGOV,UNITED STATES,USA,,,,,GOV,,,1,020,020,02,1,3.0,2,1,2,-0.43668122270743,3,"Crystal City, Missouri, United States",US,USMO,MO099,38.2212,-90.379,736291,3,"Crystal City, Missouri, United States",US,USMO,,38.2212,-90.379,736291,3,"Crystal City, Missouri, United States",US,USMO,,38.2212,-90.379,736291,20260717011500,https://www.mymoinfo.com/governor-signs-controversial-annexation-bill-puts-jefferson-county-cities-at-odds-against-county-7-16-2026/
1313992503,20260717,202607,2026,2026.5397,BUDMAH223,SOTO,,,,BUD,,,,,USAGOV,UNITED STATES,USA,,,,,GOV,,,1,129,129,12,3,-5.0,2,1,2,-0.43668122270743,3,"Byrnes Mill, Missouri, United States",US,USMO,MO099,38.4378,-90.5818,715168,2,"Missouri, United States",US,USMO,,38.4623,-92.302,MO,2,"Missouri, United States",US,USMO,,38.4623,-92.302,MO,20260717011500,https://www.mymoinfo.com/governor-signs-controversial-annexation-bill-puts-jefferson-county-cities-at-odds-against-county-7-16-2026/
1313992504,20260717,202607,2026,2026.5397,BUS,INVESTOR,,,,,,BUS,,,,,,,,,,,,,1,010,010,01,1,0.0,10,1,10,1.05105105105105,4,"Mumbai, Maharashtra, India",IN,IN16,70184,18.975,72.8258,-2092174,0,,,,,,,,4,"Mumbai, Maharashtra, India",IN,IN16,70184,18.975,72.8258,-2092174,20260717011500,https://economictimes.indiatimes.com/news/india/foreign-or-local-investors-at-lossover-gift-funds/articleshow/132447880.cms
1313992505,20260717,202607,2026,2026.5397,BUS,BOSS,,,,,,BUS,,,,,,,,,,,,,1,010,010,01,1,0.0,5,1,5,-0.40983606557377,3,"Miami, Florida, United States",US,USFL,FL086,25.7743,-80.1937,295004,0,,,,,,,,3,"Miami, Florida, United States",US,USFL,FL086,25.7743,-80.1937,295004,20260717011500,https://www.99jamzmiami.com/news/music-notes-tinashe-b2k-rick-ross/GKY4ALGKMY3TDNW2TYTC63TX4A/
1313992506,20260717,202607,2026,2026.5397,BUS,BUSINESS,,,,,,BUS,,,,,,,,,,,,,1,010,010,01,1,0.0,5,1,5,1.27737226277372,2,"Montana, United States",US,USMT,,46.9048,-110.326,MT,0,,,,,,,,2,"Montana, United States",US,USMT,,46.9048,-110.326,MT,20260717011500,https://www.tickerreport.com/banking-finance/13506273/recent-investment-analysts-ratings-updates-for-northern-oil-and-gas-nog.html
1313992507,20260717,202607,2026,2026.5397,BUS,BUSINESS,,,,,,BUS,,,,,,,,,,,,,1,010,010,01,1,0.0,15,2,15,0.682471617155883,1,United States,US,US,,39.828175,-98.5795,US,0,,,,,,,,1,United States,US,US,,39.828175,-98.5795,US,20260717011500,https://www.dailypolitical.com/2026/07/16/federated-hermes-premier-municipal-income-fund-nysefmn-sees-significant-growth-in-short-interest.html
1313992508,20260717,202607,2026,2026.5397,BUS,COMPANY,,,,,,BUS,,,,,,,,,,,,,1,017,017,01,1,0.0,5,1,5,2.78745644599303,3,"San Angelo Museum Of Fine Arts, Texas, United States",US,USTX,TX451,31.4546,-100.428,2014384,0,,,,,,,,3,"San Angelo Museum Of Fine Arts, Texas, United States",US,USTX,,31.4546,-100.428,2014384,20260717011500,https://sanangelolive.com/news/san-angelo/2026-07-16/fort-concho-host-national-cowboy-day
1313992509,20260717,202607,2026,2026.5397,BUS,COMPANIES,,,,,,BUS,,,,,,,,,,,,,1,030,030,03,1,4.0,15,1,10,0.990099009900991,1,Nigeria,NI,NI,,10,8,NI,0,,,,,,,,1,Nigeria,NI,NI,,10,8,NI,20260717011500,https://punchng.com/100000-firms-risk-delisting-as-cac-enforces-compliance/
1313992510,20260717,202607,2026,2026.5397,BUS,CORPORATION,,,,,,BUS,,,,,,,,,,,,,1,031,031,03,1,5.2,5,1,5,-3.29218106995885,4,"Damascus, Dimashq, Syria",SY,SY13,26324,33.5,36.3,-2541260,0,,,,,,,,4,"Damascus, Dimashq, Syria",SY,SY13,26324,33.5,36.3,-2541260,20260717011500,https://wcyb.com/news/local/us-forest-service-announces-full-virginia-creeper-trail-to-reopen-on-march-31-2027
1313992511,20260717,202607,2026,2026.5397,BUS,CORPORATION,,,,,,BUS,,,,,,,,,,,,,0,031,031,03,1,5.2,10,1,10,1.30226182316655,1,Iran,IR,IR,,32,53,IR,0,,,,,,,,1,Iran,IR,IR,,32,53,IR,20260717011500,https://www.willistonherald.com/news/local/williston-city-commission-gains-3-commissioners
1313992512,20260717,202607,2026,2026.5397,BUS,ENTREPRENEUR,,,,,,BUS,,,,,,,,,,,,,0,033,033,03,1,5.2,5,1,5,4.44839857651246,4,"Delhi, Delhi, India",IN,IN07,17911,28.6667,77.2167,-2094230,0,,,,,,,,4,"Delhi, Delhi, India",IN,IN07,17911,28.6667,77.2167,-2094230,20260717011500,https://indianexpress.com/article/cities/delhi/seed-funding-of-up-to-rs-10-lakh-for-students-in-delhi-governments-new-start-up-policy-10790216/
1313992513,20260717,202607,2026,2026.5397,BUS,HOLDING COMPANY,,,,,,BUS,,,,,,,,,,,,,1,040,040,04,1,1.0,12,1,12,-0.1577287066246,4,"Mumbai, Maharashtra, India",IN,IN16,70184,18.975,72.8258,-2092174,0,,,,,,,,4,"Mumbai, Maharashtra, India",IN,IN16,70184,18.975,72.8258,-2092174,20260717011500,https://economictimes.indiatimes.com/news/company/corporate-trends/tata-sp-group-explore-share-swap-to-unlock-tata-sons-stake-amid-valuation-divide/articleshow/132447787.cms
1313992514,20260717,202607,2026,2026.5397,BUS,COMPANIES,,,,,,BUS,,,,,,,,,,,,,1,040,040,04,1,1.0,5,1,5,9.66057441253264,1,Ethiopia,ET,ET,,8,38,ET,0,,,,,,,,1,Ethiopia,ET,ET,,8,38,ET,20260717011500,https://www.thefastmode.com/technology-solutions/49659-ethio-telecom-inspur-explore-strategic-partnership-for-ethiopia-digital-infrastructure
1313992515,20260717,202607,2026,2026.5397,BUS,ENTREPRENEUR,,,,,,BUS,,,,,,,,,,,,,1,040,040,04,1,1.0,10,1,10,7.40131578947369,1,United States,US,US,,39.828175,-98.5795,US,0,,,,,,,,1,United States,US,US,,39.828175,-98.5795,US,20260717011500,https://www.thefastmode.com/investments-and-expansions/49671-perle-systems-celebrates-50-years-of-innovation-in-device-networking-hardware
1313992516,20260717,202607,2026,2026.5397,BUS,BANK,,,,,,BUS,,,,,,,,,,,,,1,045,045,04,1,5.0,15,1,10,-1.92139737991267,1,Australia,AS,AS,,-25,135,AS,0,,,,,,,,1,Australia,AS,AS,,-25,135,AS,20260717011500,https://www.theadviser.com.au/broker/48687-brokers-demand-end-to-clawbacks-redesign-of-commissions
1313992517,20260717,202607,2026,2026.5397,BUS,COMPANY,,,,,,BUS,,,,,,,,,,,,,1,051,051,05,1,3.4,9,1,9,3.26797385620915,1,India,IN,IN,,20,77,IN,0,,,,,,,,1,India,IN,IN,,20,77,IN,20260717011500,https://economictimes.indiatimes.com/intelligent-investing/warren-buffett/warren-buffett-said-berkshire-hathaway-would-be-worth-half-without-this-company-although-it-kept-shrinking/articleshow/132444393.cms
1313992518,20260717,202607,2026,2026.5397,BUS,BANK,,,,,,BUS,,,,,,,,,,,,,1,051,051,05,1,3.4,5,1,5,2.36686390532544,1,United States,US,US,,39.828175,-98.5795,US,0,,,,,,,,1,United States,US,US,,39.828175,-98.5795,US,20260717011500,https://www.morningstar.com/economy/what-we-learned-about-economy-big-bank-earnings
1313992519,20260717,202607,2026,2026.5397,BUS,CORPORATION,,,,,,BUS,,,,,,,,,,,,,0,070,070,07,2,7.0,2,1,2,5.06172839506173,4,"Manila, Manila, Philippines",RP,RPD9,24210,14.6042,120.982,-2437894,0,,,,,,,,2,"Tennessee, United States",US,USTN,,35.7449,-86.7489,TN,20260717011500,https://www.manilatimes.net/2026/07/17/tmt-newswire/globenewswire/marketing-veteran-bryan-dulaney-is-advising-safespace-global-on-growth-strategy/2386329
1313992520,20260717,202607,2026,2026.5397,BUS,EMPLOYER,,,,,,BUS,,,,,,,,,,,,,0,070,070,07,2,7.0,10,1,10,0.70148090413094,2,"Florida, United States",US,USFL,,27.8333,-81.717,FL,0,,,,,,,,2,"Florida, United States",US,USFL,,27.8333,-81.717,FL,20260717011500,https://www.mondaq.com:443/unitedstates/employee-benefits-compensation/1818634/state-level-bad-faith-laws-dont-apply-to-erisa-disability-insurance-claimants-yet
1313992521,20260717,202607,2026,2026.5397,BUS,CORPORATION,,,,,,BUS,,,,,,,,,,,,,0,070,070,07,2,7.0,8,1,5,5.06172839506173,2,"Tennessee, United States",US,USTN,,35.7449,-86.7489,TN,0,,,,,,,,2,"Tennessee, United States",US,USTN,,35.7449,-86.7489,TN,20260717011500,https://www.manilatimes.net/2026/07/17/tmt-newswire/globenewswire/marketing-veteran-bryan-dulaney-is-advising-safespace-global-on-growth-strategy/2386329
1313992522,20260717,202607,2026,2026.5397,BUS,INVESTOR,,,,,,BUS,,,,,,,,,,,,,1,071,071,07,2,7.4,4,1,4,1.05105105105105,4,"Mumbai, Maharashtra, India",IN,IN16,70184,18.975,72.8258,-2092174,0,,,,,,,,4,"Mumbai, Maharashtra, India",IN,IN16,70184,18.975,72.8258,-2092174,20260717011500,https://economictimes.indiatimes.com/news/india/foreign-or-local-investors-at-lossover-gift-funds/articleshow/132447880.cms
1313992523,20260717,202607,2026,2026.5397,BUS,INVESTOR,,,,,,BUS,,,,,,,,,,,,,0,071,071,07,2,7.4,5,1,5,2.81329923273657,1,India,IN,IN,,20,77,IN,0,,,,,,,,1,India,IN,IN,,20,77,IN,20260717011500,https://www.livemint.com/technology/semicon-2-0-vc-funding-chip-design-equity-semiconductor-government-11784207658957.html
1313992524,20260717,202607,2026,2026.5397,BUS,TRADER,,,,,,BUS,,,,,,,,,,,,,0,114,114,11,3,-2.0,5,1,5,-3.7037037037037,4,"Lagos, Lagos, Nigeria",NI,NI05,191416,6.45306,3.39583,-2017355,0,,,,,,,,4,"Lagos, Lagos, Nigeria",NI,NI05,191416,6.45306,3.39583,-2017355,20260717011500,https://punchng.com/lagos-clears-refuse-in-oshodi-after-punch-report/
1313992525,20260717,202607,2026,2026.5397,BUS,COMPANIES,,,,,,BUS,,,,,,,,,,,,,1,120,120,12,3,-4.0,10,1,10,1.51515151515151,0,,,,,,,,0,,,,,,,,0,,,,,,,,20260717011500,https://www.morningstar.com/stocks/otcm/epoay/quote
1313992526,20260717,202607,2026,2026.5397,BUS,INVESTOR,,,,,,BUS,,,,,,,,,,,,,0,130,130,13,3,-4.4,10,1,10,5.06172839506173,2,"Tennessee, United States",US,USTN,,35.7449,-86.7489,TN,0,,,,,,,,2,"Tennessee, United States",US,USTN,,35.7449,-86.7489,TN,20260717011500,https://www.manilatimes.net/2026/07/17/tmt-newswire/globenewswire/marketing-veteran-bryan-dulaney-is-advising-safespace-global-on-growth-strategy/2386329
1313992527,20260717,202607,2026,2026.5397,BUS,BUSINESS,,,,,,BUS,,,COP,POLICE,,,,,,COP,,,1,186,186,18,4,-10.0,5,1,5,-3.64583333333333,1,Canada,CA,CA,,60,-96,CA,1,Canada,CA,CA,,60,-96,CA,1,Canada,CA,CA,,60,-96,CA,20260717011500,https://newsroom.calgary.ca/massage-therapist-charged-with-sexual-assault-in-citys-southwest/
1313992528,20260717,202607,2026,2026.5397,BUS,BUSINESS,,,,,,BUS,,,CVL,VOTER,,,,,,CVL,,,0,030,030,03,1,4.0,6,1,6,0.10600706713781,3,"Clay County, Missouri, United States",US,USMO,MO047,39.3167,-94.4002,758478,3,"Clay County, Missouri, United States",US,USMO,,39.3167,-94.4002,758478,3,"Clay County, Missouri, United States",US,USMO,,39.3167,-94.4002,758478,20260717011500,"http://www.kirksvilledailyexpress.com/stories/farm-backing-trump-loyalty-shape-gop-race-to-replace-sam-graves-in-missouris-6th-district,31759"
1313992529,20260717,202607,2026,2026.5397,BUS,BUSINESS,,,,,,BUS,,,CVL,VOTER,,,,,,CVL,,,0,030,030,03,1,4.0,4,1,4,0.10600706713781,2,"Kansas, United States",US,USKS,,38.5111,-96.8005,KS,2,"Kansas, United States",US,USKS,,38.5111,-96.8005,KS,2,"Kansas, United States",US,USKS,,38.5111,-96.8005,KS,20260717011500,"http://www.kirksvilledailyexpress.com/stories/farm-backing-trump-loyalty-shape-gop-race-to-replace-sam-graves-in-missouris-6th-district,31759"
1313992530,20260717,202607,2026,2026.5397,BUS,COMPANIES,,,,,,BUS,,,EDU,INTELLECTUAL,,,,,,EDU,,,0,020,020,02,1,3.0,10,1,10,2.81329923273657,1,India,IN,IN,,20,77,IN,1,India,IN,IN,,20,77,IN,1,India,IN,IN,,20,77,IN,20260717011500,https://www.livemint.com/technology/semicon-2-0-vc-funding-chip-design-equity-semiconductor-government-11784207658957.html
1313992531,20260717,202607,2026,2026.5397,BUS,BUSINESS,,,,,,BUS,,,GBR,UNITED KINGDOM,GBR,,,,,,,,0,070,070,07,2,7.0,10,1,10,2.4203821656051,1,United Kingdom,UK,UK,,54,-4,UK,1,United Kingdom,UK,UK,,54,-4,UK,1,United Kingdom,UK,UK,,54,-4,UK,20260717011500,https://www.energy-pedia.com/news/united-kingdom/public-consultation-opens-on-%C2%A38-7billion-rosebank-project-as-adura-urges-investment-in-uk%E2%80%99s-reindustrialisation-204632
1313992532,20260717,202607,2026,2026.5397,BUS,COMPANY,,,,,,BUS,,,GOV,GOVERNMENT,,,,,,GOV,,,1,020,020,02,1,3.0,10,1,10,3.32480818414323,4,"New Delhi, Delhi, India",IN,IN07,17911,28.6,77.2,-2106102,4,"New Delhi, Delhi, India",IN,IN07,17911,28.6,77.2,-2106102,4,"New Delhi, Delhi, India",IN,IN07,17911,28.6,77.2,-2106102,20260717011500,https://economictimes.indiatimes.com/industry/telecom/telecom-policy/reliance-jios-1600-leo-satellite-plan-gets-in-space-technical-nod-moves-closer-to-indias-first-homegrown-constellation/articleshow/132447556.cms
1313992533,20260717,202607,2026,2026.5397,BUS,COMPANY,,,,,,BUS,,,GOV,GOVERNMENT,,,,,,GOV,,,1,020,020,02,1,3.0,10,1,10,2.95566502463054,1,India,IN,IN,,20,77,IN,1,India,IN,IN,,20,77,IN,1,India,IN,IN,,20,77,IN,20260717011500,https://economictimes.indiatimes.com/et-front/jio-gets-green-light-for-leo-constellation/articleshow/132448202.cms
1313992534,20260717,202607,2026,2026.5397,BUS,INDUSTRY,,,,,,BUS,,,GOV,GOVERNMENT,,,,,,GOV,,,1,060,060,06,2,6.0,5,1,5,-3.51602895553257,4,"Lagos, Lagos, Nigeria",NI,NI05,191416,6.45306,3.39583,-2017355,4,"Lagos, Lagos, Nigeria",NI,NI05,191416,6.45306,3.39583,-2017355,4,"Lagos, Lagos, Nigeria",NI,NI05,191416,6.45306,3.39583,-2017355,20260717011500,https://punchng.com/surveyors-push-security-first-building-designs-to-fight-crime/
1313992535,20260717,202607,2026,2026.5397,BUS,COMPANY,,,,,,BUS,,,MNCUSAHLH,ELI LILLY,USA,,,,,MNC,HLH,,1,030,030,03,1,4.0,10,1,10,0.88235294117647,0,,,,,,,,0,,,,,,,,0,,,,,,,,20260717011500,https://cen.acs.org/business/mergers-&-acquisitions/lilly-buy-psychedelic-drug-firm-ataibeckley/104/web/2026/07
1313992536,20260717,202607,2026,2026.5397,BUS,COMPANY,,,,,,BUS,,,USA,CHICAGO,USA,,,,,,,,1,190,190,19,4,-10.0,10,1,10,-1.26582278481012,3,"Chicago, Illinois, United States",US,USIL,IL031,41.85,-87.6501,423587,3,"Chicago, Illinois, United States",US,USIL,IL031,41.85,-87.6501,423587,3,"Chicago, Illinois, United States",US,USIL,IL031,41.85,-87.6501,423587,20260717011500,https://www.tvguide.co.uk/schedule/85ba9203-edc4-52c7-a376-53df5571982c/the-boss-baby-back-in-business
1313992537,20260717,202607,2026,2026.5397,CAN,CANADA,CAN,,,,,,,,,,,,,,,,,,1,010,010,01,1,0.0,2,1,2,-0.23980815347722,3,"Great Lakes, Illinois, United States",US,USIL,IL097,42.3092,-87.8501,2027044,0,,,,,,,,3,"Great Lakes, Illinois, United States",US,USIL,,42.3092,-87.8501,2027044,20260717011500,https://chicago.suntimes.com/news/2026/07/16/wildfire-smoke-air-quality-kn95-mask-sales
1313992538,20260717,202607,2026,2026.5397,CAN,CANADA,CAN,,,,,,,,,,,,,,,,,,1,043,043,04,1,2.8,10,1,10,-2.0997375328084,1,Canada,CA,CA,,60,-96,CA,0,,,,,,,,1,Canada,CA,CA,,60,-96,CA,20260717011500,https://chicago.suntimes.com/news/2026/07/16/photos-chicago-poor-air-quality-alert
1313992539,20260717,202607,2026,2026.5397,CAN,BRITISH COLUMBIA,CAN,,,,,,,,,,,,,,,,,,1,057,057,05,1,8.0,4,2,4,3.37436003516574,4,"Kamloops, British Columbia, Canada",CA,CA02,12566,50.6667,-120.333,-566975,0,,,,,,,,4,"Kamloops, British Columbia, Canada",CA,CA02,12566,50.6667,-120.333,-566975,20260717011500,https://www.castanetkamloops.net/news/Kamloops/625045/B-C-Simpcw-First-Nation-sign-consent-deal-for-proposed-copper-mine-near-Kamloops
1313992540,20260717,202607,2026,2026.5397,CAN,EDMONTON,CAN,,,,,,,,,,,,,,,,,,1,060,060,06,2,6.0,5,1,5,-1.65094339622642,0,,,,,,,,0,,,,,,,,0,,,,,,,,20260717011500,https://globalnews.ca/news/11969355/west-edmonton-seniors-displaced-flooding-care-home/
1313992541,20260717,202607,2026,2026.5397,CAN,CALGARY,CAN,,,,,,,,,,,,,,,,,,1,173,173,17,4,-5.0,5,1,5,-10.0864553314121,0,,,,,,,,0,,,,,,,,0,,,,,,,,20260717011500,https://newsroom.calgary.ca/two-charged-in-optical-store-robbery/
1313992542,20260717,202607,2026,2026.5397,CAN,VANCOUVER,CAN,,,,,,,,,,,,,,,,,,1,180,180,18,4,-9.0,8,1,8,-12.7049180327869,4,"Vancouver, British Columbia, Canada",CA,CA02,12552,49.25,-123.133,-575268,0,,,,,,,,4,"Vancouver, British Columbia, Canada",CA,CA02,12552,49.25,-123.133,-575268,20260717011500,https://globalnews.ca/news/11969376/more-details-vancouver-stranger-assault-suspect/
1313992543,20260717,202607,2026,2026.5397,CAN,CANADIAN,CAN,,,,,,,,AGR,FARMER,,,,,,AGR,,,1,080,080,08,2,5.0,10,1,10,4.6535677352637,2,"Massachusetts, United States",US,USMA,,42.2373,-71.5314,MA,2,"Massachusetts, United States",US,USMA,,42.2373,-71.5314,MA,2,"Massachusetts, United States",US,USMA,,42.2373,-71.5314,MA,20260717011500,https://gazettenet.com/2026/07/16/a-healthy-milestone-granby-farm-hosts-celebration-of-massachusetts-hip-programs-100m-in-produce-sales/
1313992544,20260717,202607,2026,2026.5397,CAN,CANADA,CAN,,,,,,,,AUS,MURRAY,AUS,,,,,,,,1,013,013,01,1,0.4,2,1,2,-1.05485232067511,1,Canada,CA,CA,,60,-96,CA,1,Canada,CA,CA,,60,-96,CA,1,Canada,CA,CA,,60,-96,CA,20260717011500,https://www.thecarillon.com/local/2026/07/16/copp-chapter-prepares-to-open
1313992545,20260717,202607,2026,2026.5397,CAN,CALGARY,CAN,,,,,,,,CANLAB,CANADA,CAN,,,,,LAB,,,1,128,128,12,3,-5.0,2,1,2,-3.26797385620915,4,"Calgary, Alberta, Canada",CA,CA01,12549,51.0833,-114.083,-561990,4,"Calgary, Alberta, Canada",CA,CA01,12549,51.0833,-114.083,-561990,4,"Calgary, Alberta, Canada",CA,CA01,12549,51.0833,-114.083,-561990,20260717011500,https://newsroom.calgary.ca/calgary-9-1-1-employee-charged-in-breach-of-trust-investigation/
1313992546,20260717,202607,2026,2026.5397,CAN,CANADA,CAN,,,,,,,,CRM,CRIMINAL,,,,,,CRM,,,0,128,128,12,3,-5.0,2,1,2,-3.26797385620915,4,"Calgary, Alberta, Canada",CA,CA01,12549,51.0833,-114.083,-561990,4,"Calgary, Alberta, Canada",CA,CA01,12549,51.0833,-114.083,-561990,4,"Calgary, Alberta, Canada",CA,CA01,12549,51.0833,-114.083,-561990,20260717011500,https://newsroom.calgary.ca/calgary-9-1-1-employee-charged-in-breach-of-trust-investigation/
1313992547,20260717,202607,2026,2026.5397,CAN,CANADA,CAN,,,,,,,,CRM,CRIMINAL,,,,,,CRM,,,0,173,173,17,4,-5.0,2,1,2,-3.26797385620915,4,"Calgary, Alberta, Canada",CA,CA01,12549,51.0833,-114.083,-561990,4,"Calgary, Alberta, Canada",CA,CA01,12549,51.0833,-114.083,-561990,4,"Calgary, Alberta, Canada",CA,CA01,12549,51.0833,-114.083,-561990,20260717011500,https://newsroom.calgary.ca/calgary-9-1-1-employee-charged-in-breach-of-trust-investigation/
1313992548,20260717,202607,2026,2026.5397,CAN,CANADA,CAN,,,,,,,,GOV,ADMINISTRATION,,,,,,GOV,,,1,010,010,01,1,0.0,2,1,2,-2.8099173553719,1,Canada,CA,CA,,60,-96,CA,1,Canada,CA,CA,,60,-96,CA,1,Canada,CA,CA,,60,-96,CA,20260717011500,https://www.sandiegouniontribune.com/2026/07/16/no-pollution-fix-no-deal-officials-warn-renewal-of-international-trade-pact-must-be-tied-to-solving-crisis/
1313992549,20260717,202607,2026,2026.5397,CAN,CANADA,CAN,,,,,,,,GOV,ADMINISTRATION,,,,,,GOV,,,1,015,015,01,1,0.0,2,1,2,-2.8099173553719,3,"Tijuana River, California, United States",US,USCA,CA073,32.5553,-117.129,255756,3,"Tijuana River, California, United States",US,USCA,,32.5553,-117.129,255756,3,"Tijuana River, California, United States",US,USCA,,32.5553,-117.129,255756,20260717011500,https://www.sandiegouniontribune.com/2026/07/16/no-pollution-fix-no-deal-officials-warn-renewal-of-international-trade-pact-must-be-tied-to-solving-crisis/
1313992550,20260717,202607,2026,2026.5397,CAN,ONTARIO,CAN,,,,,,,,GOV,GOVERNMENT,,,,,,GOV,,,1,0233,023,02,1,3.4,10,1,10,-7.07070707070707,4,"Ottawa, Ontario, Canada",CA,CA08,12755,45.4167,-75.7,-570760,4,"Ottawa, Ontario, Canada",CA,CA08,12755,45.4167,-75.7,-570760,4,"Ottawa, Ontario, Canada",CA,CA08,12755,45.4167,-75.7,-570760,20260717011500,https://aa.com.tr/en/americas/more-than-850-wildfires-raging-across-canada-with-smoke-afflicting-country-and-beyond/4000863
1313992551,20260717,202607,2026,2026.5397,CAN,CANADIAN,CAN,,,,,,,,GOV,STATE OFFICIAL,,,,,,GOV,,,1,051,051,05,1,3.4,10,1,10,4.6535677352637,1,Canada,CA,CA,,60,-96,CA,1,Canada,CA,CA,,60,-96,CA,1,Canada,CA,CA,,60,-96,CA,20260717011500,https://gazettenet.com/2026/07/16/a-healthy-milestone-granby-farm-hosts-celebration-of-massachusetts-hip-programs-100m-in-produce-sales/
1313992552,20260717,202607,2026,2026.5397,CAN,CANADIAN,CAN,,,,,,,,GOV,STATE OFFICIAL,,,,,,GOV,,,1,080,080,08,2,5.0,10,1,10,4.6535677352637,1,Canada,CA,CA,,60,-96,CA,1,Canada,CA,CA,,60,-96,CA,1,Canada,CA,CA,,60,-96,CA,20260717011500,https://gazettenet.com/2026/07/16/a-healthy-milestone-granby-farm-hosts-celebration-of-massachusetts-hip-programs-100m-in-produce-sales/
1313992553,20260717,202607,2026,2026.5397,CAN,CANADA,CAN,,,,,,,,PSEREB,HAMAS,PSE,,,,,REB,,,0,111,111,11,3,-2.0,6,1,6,-5.8287795992714,4,"Calgary, Alberta, Canada",CA,CA01,12549,51.0833,-114.083,-561990,4,"Calgary, Alberta, Canada",CA,CA01,12549,51.0833,-114.083,-561990,4,"Calgary, Alberta, Canada",CA,CA01,12549,51.0833,-114.083,-561990,20260717011500,https://www.castanetkamloops.net/news/Alberta/625055/Nenshi-apologizes-for-harm-caused-by-photo-of-him-with-Israeli-ambassador
1313992554,20260717,202607,2026,2026.5397,CAN,CANADA,CAN,,,,,,,,PSEREB,HAMAS,PSE,,,,,REB,,,0,111,111,11,3,-2.0,2,1,2,-5.8287795992714,4,"Calgary, Alberta, Canada",CA,CA01,12549,51.0833,-114.083,-561990,4,"Gaza, Israel (general), Israel",IS,IS00,18315,31.4167,34.3333,-797156,4,"Calgary, Alberta, Canada",CA,CA01,12549,51.0833,-114.083,-561990,20260717011500,https://www.castanetkamloops.net/news/Alberta/625055/Nenshi-apologizes-for-harm-caused-by-photo-of-him-with-Israeli-ambassador
1313992555,20260717,202607,2026,2026.5397,CAN,CANADA,CAN,,,,,,,,PSEREB,HAMAS,PSE,,,,,REB,,,0,111,111,11,3,-2.0,2,1,2,-5.8287795992714,4,"Gaza, Israel (general), Israel",IS,IS00,18315,31.4167,34.3333,-797156,4,"Gaza, Israel (general), Israel",IS,IS00,18315,31.4167,34.3333,-797156,4,"Gaza, Israel (general), Israel",IS,IS00,18315,31.4167,34.3333,-797156,20260717011500,https://www.castanetkamloops.net/news/Alberta/625055/Nenshi-apologizes-for-harm-caused-by-photo-of-him-with-Israeli-ambassador
1313992556,20260717,202607,2026,2026.5397,CAN,CANADA,CAN,,,,,,,,USA,TENNESSEE,USA,,,,,,,,1,043,043,04,1,2.8,1,1,1,-2.0997375328084,1,Canada,CA,CA,,60,-96,CA,1,Canada,CA,CA,,60,-96,CA,1,Canada,CA,CA,,60,-96,CA,20260717011500,https://chicago.suntimes.com/news/2026/07/16/photos-chicago-poor-air-quality-alert
1313992557,20260717,202607,2026,2026.5397,CAN,CANADA,CAN,,,,,,,,USA,TENNESSEE,USA,,,,,,,,1,043,043,04,1,2.8,4,1,4,-2.0997375328084,1,Canada,CA,CA,,60,-96,CA,2,"Tennessee, United States",US,USTN,,35.7449,-86.7489,TN,2,"Tennessee, United States",US,USTN,,35.7449,-86.7489,TN,20260717011500,https://chicago.suntimes.com/news/2026/07/16/photos-chicago-poor-air-quality-alert
1313992558,20260717,202607,2026,2026.5397,CANGOV,MANITOBA,CAN,,,,,GOV,,,AUS,MURRAY,AUS,,,,,,,,1,013,013,01,1,0.4,3,1,3,-1.05485232067511,1,Canada,CA,CA,,60,-96,CA,1,Canada,CA,CA,,60,-96,CA,1,Canada,CA,CA,,60,-96,CA,20260717011500,https://www.thecarillon.com/local/2026/07/16/copp-chapter-prepares-to-open
1313992559,20260717,202607,2026,2026.5397,CANGOV,MANITOBA,CAN,,,,,GOV,,,CAN,CANADA,CAN,,,,,,,,1,013,013,01,1,0.4,1,1,1,-1.05485232067511,1,Canada,CA,CA,,60,-96,CA,1,Canada,CA,CA,,60,-96,CA,1,Canada,CA,CA,,60,-96,CA,20260717011500,https://www.thecarillon.com/local/2026/07/16/copp-chapter-prepares-to-open
1313992560,20260717,202607,2026,2026.5397,CANGOV,CANADA,CAN,,,,,GOV,,,CAN,CANADA,CAN,,,,,,,,1,020,020,02,1,3.0,1,1,1,-2.77777777777778,4,"Vancouver, British Columbia, Canada",CA,CA02,12552,49.25,-123.133,-575268,4,"Vancouver, British Columbia, Canada",CA,CA02,12552,49.25,-123.133,-575268,4,"Vancouver, British Columbia, Canada",CA,CA02,12552,49.25,-123.133,-575268,20260717011500,https://globalnews.ca/news/11969430/metro-vancouver-cao-jerry-dobrovolny-could-be-on-way-out/
1313992561,20260717,202607,2026,2026.5397,CANLAB,CALGARY,CAN,,,,,LAB,,,,,,,,,,,,,1,128,128,12,3,-5.0,6,1,6,-3.26797385620915,4,"Calgary, Alberta, Canada",CA,CA01,12549,51.0833,-114.083,-561990,0,,,,,,,,4,"Calgary, Alberta, Canada",CA,CA01,12549,51.0833,-114.083,-561990,20260717011500,https://newsroom.calgary.ca/calgary-9-1-1-employee-charged-in-breach-of-trust-investigation/
1313992562,20260717,202607,2026,2026.5397,CHN,CHINA,CHN,,,,,,,,,,,,,,,,,,1,010,010,01,1,0.0,2,1,2,-6.30252100840336,4,"Beijing, Beijing, China",CH,CH22,13001,39.9289,116.388,-1898541,0,,,,,,,,1,Iran,IR,IR,,32,53,IR,20260717011500,https://www.scmp.com/news/us/article/3360854/trump-address-nation-iran-crisis-china-tensions-and-election-fight-intensify
1313992563,20260717,202607,2026,2026.5397,CHN,CHINA,CHN,,,,,,,,,,,,,,,,,,0,062,062,06,2,7.4,10,1,10,0.1573564122738,3,"Detroit, Michigan, United States",US,USMI,MI163,42.3314,-83.0458,1617959,0,,,,,,,,3,"Detroit, Michigan, United States",US,USMI,MI163,42.3314,-83.0458,1617959,20260717011500,https://carbuzz.com/japanese-automakers-collaboration-common-parts/
1313992564,20260717,202607,2026,2026.5397,CHN,CHINA,CHN,,,,,,,,IRN,IRAN,IRN,,,,,,,,1,010,010,01,1,0.0,2,1,2,-6.30252100840336,4,"Beijing, Beijing, China",CH,CH22,13001,39.9289,116.388,-1898541,4,"Beijing, Beijing, China",CH,CH22,13001,39.9289,116.388,-1898541,4,"Beijing, Beijing, China",CH,CH22,13001,39.9289,116.388,-1898541,20260717011500,https://www.scmp.com/news/us/article/3360854/trump-address-nation-iran-crisis-china-tensions-and-election-fight-intensify
1313992565,20260717,202607,2026,2026.5397,CHN,CHINA,CHN,,,,,,,,IRN,IRAN,IRN,,,,,,,,1,010,010,01,1,0.0,2,1,2,-6.30252100840336,1,Cuba,CU,CU,,22,-79.5,CU,4,"Beijing, Beijing, China",CH,CH22,13001,39.9289,116.388,-1898541,1,Cuba,CU,CU,,22,-79.5,CU,20260717011500,https://www.scmp.com/news/us/article/3360854/trump-address-nation-iran-crisis-china-tensions-and-election-fight-intensify
1313992566,20260717,202607,2026,2026.5397,CHR,CHRISTIAN,,,,CHR,,,,,,,,,,,,,,,1,043,043,04,1,2.8,10,1,10,2.12765957446808,0,,,,,,,,0,,,,,,,,0,,,,,,,,20260717011500,https://www.ktbs.com/community/whats-happening/christian-service-to-host-summer-fundraiser-dinner-saturday/article_f9b829a4-bd24-4d2e-b2ca-b733138fa5a2.html
1313992567,20260717,202607,2026,2026.5397,CHR,CHRISTIAN,,,,CHR,,,,,,,,,,,,,,,1,071,071,07,2,7.4,10,1,10,2.12765957446808,0,,,,,,,,0,,,,,,,,0,,,,,,,,20260717011500,https://www.ktbs.com/community/whats-happening/christian-service-to-host-summer-fundraiser-dinner-saturday/article_f9b829a4-bd24-4d2e-b2ca-b733138fa5a2.html
1313992568,20260717,202607,2026,2026.5397,CHR,CHRISTIAN,,,,CHR,,,,,CVL,COMMUNITY,,,,,,CVL,,,1,036,036,03,1,4.0,10,1,10,2.12765957446808,0,,,,,,,,0,,,,,,,,0,,,,,,,,20260717011500,https://www.ktbs.com/community/whats-happening/christian-service-to-host-summer-fundraiser-dinner-saturday/article_f9b829a4-bd24-4d2e-b2ca-b733138fa5a2.html
1313992569,20260717,202607,2026,2026.5397,CHRPRO332,CHRISTIAN CHURCH,,,,CHR,PRO,,,,,,,,,,,,,,1,036,036,03,1,4.0,1,1,1,8.78048780487805,3,"Avoca, Tennessee, United States",US,USTN,TN163,36.5318,-82.2462,1327481,0,,,,,,,,3,"Avoca, Tennessee, United States",US,USTN,TN163,36.5318,-82.2462,1327481,20260717011500,https://wcyb.com/news/local/summer-concert-series-continues-with-night-of-christian-music-in-bristol
1313992570,20260717,202607,2026,2026.5397,CHRPRO332,CHRISTIAN CHURCH,,,,CHR,PRO,,,,USA,UNITED STATES,USA,,,,,,,,1,036,036,03,1,4.0,4,1,4,8.78048780487805,3,"Avoca, Tennessee, United States",US,USTN,TN163,36.5318,-82.2462,1327481,3,"Avoca, Tennessee, United States",US,USTN,TN163,36.5318,-82.2462,1327481,3,"Avoca, Tennessee, United States",US,USTN,TN163,36.5318,-82.2462,1327481,20260717011500,https://wcyb.com/news/local/summer-concert-series-continues-with-night-of-christian-music-in-bristol
1313992571,20260717,202607,2026,2026.5397,COP,POLICE,,,,,,COP,,,,,,,,,,,,,0,010,010,01,1,0.0,5,1,5,-5.47945205479452,4,"Kaushambi, Uttar Pradesh, India",IN,IN36,70270,25.35,81.4,-2100160,0,,,,,,,,4,"Kaushambi, Uttar Pradesh, India",IN,IN36,70270,25.35,81.4,-2100160,20260717011500,https://indianexpress.com/article/cities/lucknow/beef-raid-on-house-in-up-police-arrest-four-more-after-encounter-10790235/
1313992572,20260717,202607,2026,2026.5397,COP,POLICE,,,,,,COP,,,,,,,,,,,,,0,020,020,02,1,3.0,1,1,1,0.95351609058403,2,"Ohio, United States",US,USOH,,40.3736,-82.7755,OH,0,,,,,,,,3,"North Olmsted, Ohio, United States",US,USOH,,41.4156,-81.9235,1056457,20260717011500,https://www.unitaid.eu/essential-guide-public-records-community-jl3s.html
1313992573,20260717,202607,2026,2026.5397,COP,POLICE,,,,,,COP,,,,,,,,,,,,,1,023,023,02,1,3.4,2,1,2,-5.6379821958457,3,"Fort Worth, Texas, United States",US,USTX,TX439,32.7254,-97.3208,1380947,0,,,,,,,,3,"Fort Worth, Texas, United States",US,USTX,,32.7254,-97.3208,1380947,20260717011500,https://www.nbcdfw.com/news/local/person-arrest-explosive-devices-driving-reckless-lakeside/4050679/
1313992574,20260717,202607,2026,2026.5397,COP,POLICE,,,,,,COP,,,,,,,,,,,,,0,051,051,05,1,3.4,5,1,5,-8.90688259109311,0,,,,,,,,0,,,,,,,,0,,,,,,,,20260717011500,https://punchng.com/two-nabbed-as-police-recover-stolen-n7-5m-adamawa-vehicle/
1313992575,20260717,202607,2026,2026.5397,COP,POLICE,,,,,,COP,,,,,,,,,,,,,1,060,060,06,2,6.0,2,1,2,-5.6379821958457,3,"Fort Worth, Texas, United States",US,USTX,TX439,32.7254,-97.3208,1380947,0,,,,,,,,3,"Fort Worth, Texas, United States",US,USTX,,32.7254,-97.3208,1380947,20260717011500,https://www.nbcdfw.com/news/local/person-arrest-explosive-devices-driving-reckless-lakeside/4050679/
1313992576,20260717,202607,2026,2026.5397,COP,POLICE,,,,,,COP,,,,,,,,,,,,,1,084,084,08,2,7.0,3,1,3,1.60427807486631,3,"Alcatraz Island, California, United States",US,USCA,CA075,37.8266,-122.423,218080,0,,,,,,,,3,"Alcatraz Island, California, United States",US,USCA,,37.8266,-122.423,218080,20260717011500,https://www.smdailyjournal.com/news/bay_area/san-francisco-police-recover-body-near-treasure-island/article_5a8b8d97-a15d-4c73-b8c1-fcb52d98fbf7.html
1313992577,20260717,202607,2026,2026.5397,COP,DETECTIVE,,,,,,COP,,,,,,,,,,,,,1,090,090,09,2,-2.0,6,1,6,-4.29594272076372,4,"Greater Manchester, United Kingdom (general), United Kingdom",UK,UK00,40111,53.45,-2.23333,-2597513,0,,,,,,,,4,"Greater Manchester, United Kingdom (general), United Kingdom",UK,UK00,40111,53.45,-2.23333,-2597513,20260717011500,https://www.mirror.co.uk/news/uk-news/marwan-jumaa-prison-escape-manchester-37442308
1313992578,20260717,202607,2026,2026.5397,COP,POLICE,,,,,,COP,,,,,,,,,,,,,0,090,090,09,2,-2.0,2,1,2,0.95351609058403,3,"North Olmsted, Ohio, United States",US,USOH,OH035,41.4156,-81.9235,1056457,0,,,,,,,,3,"North Olmsted, Ohio, United States",US,USOH,,41.4156,-81.9235,1056457,20260717011500,https://www.unitaid.eu/essential-guide-public-records-community-jl3s.html
1313992579,20260717,202607,2026,2026.5397,COP,POLICE,,,,,,COP,,,,,,,,,,,,,0,173,173,17,4,-5.0,10,1,10,-5.47945205479452,4,"Kaushambi, Uttar Pradesh, India",IN,IN36,70270,25.35,81.4,-2100160,0,,,,,,,,4,"Kaushambi, Uttar Pradesh, India",IN,IN36,70270,25.35,81.4,-2100160,20260717011500,https://indianexpress.com/article/cities/lucknow/beef-raid-on-house-in-up-police-arrest-four-more-after-encounter-10790235/
1313992580,20260717,202607,2026,2026.5397,COP,CONSTAB,,,,,,COP,,,,,,,,,,,,,1,173,173,17,4,-5.0,6,1,6,-4.29594272076372,4,"Greater Manchester, United Kingdom (general), United Kingdom",UK,UK00,40111,53.45,-2.23333,-2597513,0,,,,,,,,4,"Greater Manchester, United Kingdom (general), United Kingdom",UK,UK00,40111,53.45,-2.23333,-2597513,20260717011500,https://www.mirror.co.uk/news/uk-news/marwan-jumaa-prison-escape-manchester-37442308
1313992581,20260717,202607,2026,2026.5397,COP,PRISON,,,,,,COP,,,,,,,,,,,,,1,173,173,17,4,-5.0,6,1,6,-15.8914728682171,4,"Alexandria, Al Iskandariyah, Egypt",EG,EG06,61590,31.1981,29.9192,-290263,0,,,,,,,,4,"Alexandria, Al Iskandariyah, Egypt",EG,EG06,61590,31.1981,29.9192,-290263,20260717011500,https://www.kalb.com/2026/07/16/alexandria-man-sentenced-50-years-2023-shooting-pineville/
1313992582,20260717,202607,2026,2026.5397,COP,PRISON,,,,,,COP,,,,,,,,,,,,,1,173,173,17,4,-5.0,6,1,2,-8.50111856823266,3,"Richland County, South Carolina, United States",US,USSC,SC079,34.0168,-80.9165,1249299,0,,,,,,,,3,"Richland County, South Carolina, United States",US,USSC,,34.0168,-80.9165,1249299,20260717011500,https://www.abccolumbia.com/2026/07/16/richland-county-man-sentenced-to-9-years-in-prison-for-hate-crime/
1313992583,20260717,202607,2026,2026.5397,COP,PRISON,,,,,,COP,,,,,,,,,,,,,0,173,173,17,4,-5.0,6,1,6,-10.5263157894736,3,"Bowie County, Texas, United States",US,USTX,TX037,33.4501,-94.4335,1383804,0,,,,,,,,3,"Bowie County, Texas, United States",US,USTX,,33.4501,-94.4335,1383804,20260717011500,https://txktoday.com/crime/man-accused-of-threatening-to-kill-ex-filming-her-without-consent/
1313992584,20260717,202607,2026,2026.5397,COP,PRISON,,,,,,COP,,,,,,,,,,,,,1,173,173,17,4,-5.0,6,1,6,-7.12643678160919,3,"Fort Myers, Florida, United States",US,USFL,FL071,26.6406,-81.8723,282700,0,,,,,,,,3,"Fort Myers, Florida, United States",US,USFL,,26.6406,-81.8723,282700,20260717011500,https://www.winknews.com/news/lee/fort-myers-federal-judge-faces-impeachment-effort-after-ordering-release-of-convicted-plane-hijacker/article_5e75d303-f8f4-473f-a092-81e9a74061d8.html
1313992585,20260717,202607,2026,2026.5397,COP,PRISON,,,,,,COP,,,,,,,,,,,,,1,173,173,17,4,-5.0,2,1,2,-7.12643678160919,1,Cuba,CU,CU,,22,-79.5,CU,0,,,,,,,,3,"Fort Myers, Florida, United States",US,USFL,,26.6406,-81.8723,282700,20260717011500,https://www.winknews.com/news/lee/fort-myers-federal-judge-faces-impeachment-effort-after-ordering-release-of-convicted-plane-hijacker/article_5e75d303-f8f4-473f-a092-81e9a74061d8.html
1313992586,20260717,202607,2026,2026.5397,COP,PRISON,,,,,,COP,,,,,,,,,,,,,1,190,190,19,4,-10.0,6,1,6,-15.8914728682171,4,"Alexandria, Al Iskandariyah, Egypt",EG,EG06,61590,31.1981,29.9192,-290263,0,,,,,,,,4,"Alexandria, Al Iskandariyah, Egypt",EG,EG06,61590,31.1981,29.9192,-290263,20260717011500,https://www.kalb.com/2026/07/16/alexandria-man-sentenced-50-years-2023-shooting-pineville/
1313992587,20260717,202607,2026,2026.5397,COP,PRISON,,,,,,COP,,,,,,,,,,,,,1,193,193,19,4,-10.0,2,1,2,-8.50111856823266,3,"Richland County, South Carolina, United States",US,USSC,SC079,34.0168,-80.9165,1249299,0,,,,,,,,3,"Richland County, South Carolina, United States",US,USSC,,34.0168,-80.9165,1249299,20260717011500,https://www.abccolumbia.com/2026/07/16/richland-county-man-sentenced-to-9-years-in-prison-for-hate-crime/
1313992588,20260717,202607,2026,2026.5397,COP,POLICE,,,,,,COP,,,BUS,BANK,,,,,,BUS,,,1,051,051,05,1,3.4,10,1,10,-6.06060606060605,2,"Connecticut, United States",US,USCT,,41.5834,-72.7622,CT,2,"Connecticut, United States",US,USCT,,41.5834,-72.7622,CT,2,"Connecticut, United States",US,USCT,,41.5834,-72.7622,CT,20260717011500,https://www.wqcs.org/wqcs-news/2026-07-16/fort-lauderdale-woman-arrested-in-stuart-credit-card-fraud-investigation
1313992589,20260717,202607,2026,2026.5397,COP,PRISON,,,,,,COP,,,EGY,EGYPT,EGY,,,,,,,,0,173,173,17,4,-5.0,4,1,4,-15.8914728682171,4,"Alexandria, Al Iskandariyah, Egypt",EG,EG06,61590,31.1981,29.9192,-290263,4,"Alexandria, Al Iskandariyah, Egypt",EG,EG06,61590,31.1981,29.9192,-290263,4,"Alexandria, Al Iskandariyah, Egypt",EG,EG06,61590,31.1981,29.9192,-290263,20260717011500,https://www.kalb.com/2026/07/16/alexandria-man-sentenced-50-years-2023-shooting-pineville/
1313992590,20260717,202607,2026,2026.5397,COP,DETECTIVE,,,,,,COP,,,GBR,UNITED KINGDOM,GBR,,,,,,,,1,090,090,09,2,-2.0,4,1,4,-4.29594272076372,4,"Greater Manchester, United Kingdom (general), United Kingdom",UK,UK00,40111,53.45,-2.23333,-2597513,4,"Greater Manchester, United Kingdom (general), United Kingdom",UK,UK00,40111,53.45,-2.23333,-2597513,4,"Greater Manchester, United Kingdom (general), United Kingdom",UK,UK00,40111,53.45,-2.23333,-2597513,20260717011500,https://www.mirror.co.uk/news/uk-news/marwan-jumaa-prison-escape-manchester-37442308
1313992591,20260717,202607,2026,2026.5397,COP,DEPUTIES,,,,,,COP,,,HLH,HOSPITAL,,,,,,HLH,,,1,084,084,08,2,7.0,10,1,10,-3.24324324324324,0,,,,,,,,0,,,,,,,,0,,,,,,,,20260717011500,https://www.abccolumbia.com/2026/07/16/rcsd-searching-for-missing-man-last-seen-after-release-from-hospital/
1313992592,20260717,202607,2026,2026.5397,COP,DEPUTIES,,,,,,COP,,,HLH,HOSPITAL,,,,,,HLH,,,1,090,090,09,2,-2.0,10,1,10,-3.24324324324324,0,,,,,,,,0,,,,,,,,0,,,,,,,,20260717011500,https://www.abccolumbia.com/2026/07/16/rcsd-searching-for-missing-man-last-seen-after-release-from-hospital/
1313992593,20260717,202607,2026,2026.5397,COP,POLICE,,,,,,COP,,,JORELI,HASSAN,JOR,,,,,ELI,,,1,010,010,01,1,0.0,5,1,5,-8.37789661319077,0,,,,,,,,0,,,,,,,,0,,,,,,,,20260717011500,https://punchng.com/sokoto-police-rescue-kidnap-victims-recover-689-rustled-animals/
1313992594,20260717,202607,2026,2026.5397,COP,POLICE,,,,,,COP,,,JORELI,HASSAN,JOR,,,,,ELI,,,0,051,051,05,1,3.4,5,1,5,-8.90688259109311,0,,,,,,,,0,,,,,,,,0,,,,,,,,20260717011500,https://punchng.com/two-nabbed-as-police-recover-stolen-n7-5m-adamawa-vehicle/
1313992595,20260717,202607,2026,2026.5397,COP,POLICE,,,,,,COP,,,KEN,KENYA,KEN,,,,,,,,0,173,173,17,4,-5.0,10,1,10,-3.886925795053,1,Kenya,KE,KE,,1,38,KE,1,Kenya,KE,KE,,1,38,KE,1,Kenya,KE,KE,,1,38,KE,20260717011500,https://newschannel9.com/news/local/hamilton-county-school-board-denies-request-to-raise-chattanooga-prep-enrollment-cap
1313992596,20260717,202607,2026,2026.5397,COP,POLICE COMMISSIONER,,,,,,COP,,,MIL,ARMY,,,,,,MIL,,,1,072,072,07,2,8.3,10,1,10,-0.44052863436123,0,,,,,,,,0,,,,,,,,0,,,,,,,,20260717011500,https://www.surinametimes.com/artikel/14-people-arrested-in-sara-creek-region
1313992597,20260717,202607,2026,2026.5397,COP,POLICE,,,,,,COP,,,OPP,PRISONER,,,,,,OPP,,,1,173,173,17,4,-5.0,10,1,10,-4.29594272076372,1,Sudan,SU,SU,,16,30,SU,1,Sudan,SU,SU,,16,30,SU,1,Sudan,SU,SU,,16,30,SU,20260717011500,https://www.mirror.co.uk/news/uk-news/marwan-jumaa-prison-escape-manchester-37442308
1313992598,20260717,202607,2026,2026.5397,COP,POLICE,,,,,,COP,,,USA,UNITED STATES,USA,,,,,,,,1,084,084,08,2,7.0,4,1,4,1.60427807486631,3,"Alcatraz Island, California, United States",US,USCA,CA075,37.8266,-122.423,218080,3,"Alcatraz Island, California, United States",US,USCA,,37.8266,-122.423,218080,3,"Alcatraz Island, California, United States",US,USCA,,37.8266,-122.423,218080,20260717011500,https://www.smdailyjournal.com/news/bay_area/san-francisco-police-recover-body-near-treasure-island/article_5a8b8d97-a15d-4c73-b8c1-fcb52d98fbf7.html
1313992599,20260717,202607,2026,2026.5397,COP,LAW ENFORCEMENT AGENCIES,,,,,,COP,,,USA,TENNESSEE,USA,,,,,,,,0,115,115,11,3,-2.0,10,1,10,-2.19092331768388,2,"Tennessee, United States",US,USTN,,35.7449,-86.7489,TN,2,"Tennessee, United States",US,USTN,,35.7449,-86.7489,TN,2,"Tennessee, United States",US,USTN,,35.7449,-86.7489,TN,20260717011500,https://newschannel9.com/news/local/avoiding-sober-dui-arrests-the-types-of-breathalyzers-thp-is-considering
1313992600,20260717,202607,2026,2026.5397,COP,POLICE,,,,,,COP,,,USA,WASHINGTON,USA,,,,,,,,1,193,193,19,4,-10.0,10,1,10,-4.1994750656168,0,,,,,,,,0,,,,,,,,0,,,,,,,,20260717011500,https://www.wsbtv.com/news/local/fulton-county/all-she-was-trying-do-was-help-son-speaks-after-mother-shot-while-feeding-needy/CZ5M4B45INH3TGKBG2WBK6GYZ4/
1313992601,20260717,202607,2026,2026.5397,CRM,CONVICTS,,,,,,CRM,,,,,,,,,,,,,1,020,020,02,1,3.0,5,1,5,-2.81690140845071,0,,,,,,,,0,,,,,,,,0,,,,,,,,20260717011500,https://thenewsjournal.net/jury-convicts-coffey-of-rape-of-girl-under-12-years-old-recommends-life-sentence/
1313992602,20260717,202607,2026,2026.5397,CRM,CONVICTS,,,,,,CRM,,,,,,,,,,,,,1,1821,182,18,4,-9.0,10,1,10,-2.81690140845071,0,,,,,,,,0,,,,,,,,0,,,,,,,,20260717011500,https://thenewsjournal.net/jury-convicts-coffey-of-rape-of-girl-under-12-years-old-recommends-life-sentence/
1313992603,20260717,202607,2026,2026.5397,CUB,CUBA,CUB,,,,,,,,,,,,,,,,,,0,1053,105,10,3,-5.0,2,1,2,-7.12643678160919,1,Cuba,CU,CU,,22,-79.5,CU,0,,,,,,,,1,Cuba,CU,CU,,22,-79.5,CU,20260717011500,https://www.winknews.com/news/lee/fort-myers-federal-judge-faces-impeachment-effort-after-ordering-release-of-convicted-plane-hijacker/article_5e75d303-f8f4-473f-a092-81e9a74061d8.html
1313992604,20260717,202607,2026,2026.5397,CUB,CUBA,CUB,,,,,,,,,,,,,,,,,,0,1053,105,10,3,-5.0,2,1,2,-7.12643678160919,1,Cuba,CU,CU,,22,-79.5,CU,0,,,,,,,,1,Mexico,MX,MX,,23,-102,MX,20260717011500,https://www.winknews.com/news/lee/fort-myers-federal-judge-faces-impeachment-effort-after-ordering-release-of-convicted-plane-hijacker/article_5e75d303-f8f4-473f-a092-81e9a74061d8.html
1313992605,20260717,202607,2026,2026.5397,CVL,RESIDENTS,,,,,,CVL,,,,,,,,,,,,,0,010,010,01,1,0.0,5,1,5,1.05105105105105,4,"Mumbai, Maharashtra, India",IN,IN16,70184,18.975,72.8258,-2092174,0,,,,,,,,4,"Mumbai, Maharashtra, India",IN,IN16,70184,18.975,72.8258,-2092174,20260717011500,https://economictimes.indiatimes.com/news/india/foreign-or-local-investors-at-lossover-gift-funds/articleshow/132447880.cms
1313992606,20260717,202607,2026,2026.5397,CVL,PROPERTY OWNER,,,,,,CVL,,,,,,,,,,,,,1,010,010,01,1,0.0,2,1,2,4.27350427350427,3,"Kirkwood Community College, Iowa, United States",US,USIA,IA113,41.9122,-91.6535,2046925,0,,,,,,,,2,"Iowa, United States",US,USIA,,42.0046,-93.214,IA,20260717011500,https://cbs2iowa.com/news/local/kirkwood-board-approves-88-million-bond-referendum-for-november-ballot
1313992607,20260717,202607,2026,2026.5397,CVL,PROPERTY OWNER,,,,,,CVL,,,,,,,,,,,,,1,010,010,01,1,0.0,8,1,8,4.27350427350427,2,"Iowa, United States",US,USIA,,42.0046,-93.214,IA,0,,,,,,,,2,"Iowa, United States",US,USIA,,42.0046,-93.214,IA,20260717011500,https://cbs2iowa.com/news/local/kirkwood-board-approves-88-million-bond-referendum-for-november-ballot
1313992608,20260717,202607,2026,2026.5397,CVL,ENGINEER,,,,,,CVL,,,,,,,,,,,,,0,010,010,01,1,0.0,3,1,3,0.1573564122738,1,Japan,JA,JA,,36,138,JA,0,,,,,,,,1,Japan,JA,JA,,36,138,JA,20260717011500,https://carbuzz.com/japanese-automakers-collaboration-common-parts/
1313992609,20260717,202607,2026,2026.5397,CVL,VOTER,,,,,,CVL,,,,,,,,,,,,,0,010,010,01,1,0.0,10,1,10,0.40376850605652,2,"North Dakota, United States",US,USND,,47.5362,-99.793,ND,0,,,,,,,,2,"North Dakota, United States",US,USND,,47.5362,-99.793,ND,20260717011500,https://www.willistonherald.com/opinion/columns/port-us-house-candidate-trygve-hammers-fundraising-has-cratered-compared-to-his-2024-campaign
1313992610,20260717,202607,2026,2026.5397,CVL,COMMUNITY,,,,,,CVL,,,,,,,,,,,,,1,014,014,01,1,0.0,10,1,10,-1.05485232067511,1,Canada,CA,CA,,60,-96,CA,0,,,,,,,,1,Canada,CA,CA,,60,-96,CA,20260717011500,https://www.thecarillon.com/local/2026/07/16/copp-chapter-prepares-to-open
1313992611,20260717,202607,2026,2026.5397,CVL,RESIDENTS,,,,,,CVL,,,,,,,,,,,,,0,020,020,02,1,3.0,5,1,5,1.05105105105105,4,"Mumbai, Maharashtra, India",IN,IN16,70184,18.975,72.8258,-2092174,0,,,,,,,,4,"Mumbai, Maharashtra, India",IN,IN16,70184,18.975,72.8258,-2092174,20260717011500,https://economictimes.indiatimes.com/news/india/foreign-or-local-investors-at-lossover-gift-funds/articleshow/132447880.cms
1313992612,20260717,202607,2026,2026.5397,CVL,COMMUNITY,,,,,,CVL,,,,,,,,,,,,,0,020,020,02,1,3.0,10,1,10,0.90307043949428,1,France,FR,FR,,46,2,FR,0,,,,,,,,1,France,FR,FR,,46,2,FR,20260717011500,https://www.carsonnow.org/07/16/2026/carson-city-supervisors-approve-designs-for-new-dog-park-flood-mitigation-in-proposed-lompa-ranch-development
1313992613,20260717,202607,2026,2026.5397,CVL,COMMUNITY,,,,,,CVL,,,,,,,,,,,,,1,022,022,02,1,3.2,6,1,6,2.27920227920228,2,"Michigan, United States",US,USMI,,43.3504,-84.5603,MI,0,,,,,,,,2,"Michigan, United States",US,USMI,,43.3504,-84.5603,MI,20260717011500,https://www.argus-press.com/news/article_a7fa6cf8-4946-4fc6-9357-9b98dba6ea54.html
1313992614,20260717,202607,2026,2026.5397,CVL,COMMUNITY,,,,,,CVL,,,,,,,,,,,,,1,022,022,02,1,3.2,4,1,4,2.27920227920228,1,"Vietnam, Republic Of",VM,VM,,16.166667,107.833333,VM,0,,,,,,,,1,"Vietnam, Republic Of",VM,VM,,16.166667,107.833333,VM,20260717011500,https://www.argus-press.com/news/article_a7fa6cf8-4946-4fc6-9357-9b98dba6ea54.html
1313992615,20260717,202607,2026,2026.5397,CVL,COMMUNITY,,,,,,CVL,,,,,,,,,,,,,1,030,030,03,1,4.0,10,1,10,-3.29218106995885,4,"Damascus, Dimashq, Syria",SY,SY13,26324,33.5,36.3,-2541260,0,,,,,,,,4,"Damascus, Dimashq, Syria",SY,SY13,26324,33.5,36.3,-2541260,20260717011500,https://wcyb.com/news/local/us-forest-service-announces-full-virginia-creeper-trail-to-reopen-on-march-31-2027
1313992616,20260717,202607,2026,2026.5397,CVL,VOTER,,,,,,CVL,,,,,,,,,,,,,0,036,036,03,1,4.0,4,1,4,0.40376850605652,3,"Washington, District of Columbia, United States",US,USDC,DC001,38.8951,-77.0364,531871,0,,,,,,,,3,"Washington, District of Columbia, United States",US,USDC,DC001,38.8951,-77.0364,531871,20260717011500,https://www.willistonherald.com/opinion/columns/port-us-house-candidate-trygve-hammers-fundraising-has-cratered-compared-to-his-2024-campaign
1313992617,20260717,202607,2026,2026.5397,CVL,VOTER,,,,,,CVL,,,,,,,,,,,,,1,036,036,03,1,4.0,3,1,3,-0.63593004769475,3,"Boston, Massachusetts, United States",US,USMA,MA025,42.3584,-71.0598,617565,0,,,,,,,,3,"Boston, Massachusetts, United States",US,USMA,MA025,42.3584,-71.0598,617565,20260717011500,https://www.thestranger.com/news/the-seattle-city-council-didnt-totally-screw-up-mayor-katie-wilsons-biggest-ever-seattle-transit-measure-to-expand-bus-service-in-the-city/
1313992618,20260717,202607,2026,2026.5397,CVL,NEIGHBORHOOD,,,,,,CVL,,,,,,,,,,,,,0,036,036,03,1,4.0,10,1,10,1.62432319866723,3,"Carson City, Nevada, United States",US,USNV,NV510,39.1638,-119.767,863976,0,,,,,,,,3,"Carson City, Nevada, United States",US,USNV,,39.1638,-119.767,863976,20260717011500,https://www.carsonnow.org/07/16/2026/supervisors-vote-to-disband-carson-city-cultural-commission-citing-lack-of-community-engagement
1313992619,20260717,202607,2026,2026.5397,CVL,VOTER,,,,,,CVL,,,,,,,,,,,,,0,036,036,03,1,4.0,6,1,6,0.40376850605652,2,"North Dakota, United States",US,USND,,47.5362,-99.793,ND,0,,,,,,,,2,"North Dakota, United States",US,USND,,47.5362,-99.793,ND,20260717011500,https://www.willistonherald.com/opinion/columns/port-us-house-candidate-trygve-hammers-fundraising-has-cratered-compared-to-his-2024-campaign
1313992620,20260717,202607,2026,2026.5397,CVL,VOTER,,,,,,CVL,,,,,,,,,,,,,1,036,036,03,1,4.0,2,1,2,-0.63593004769475,1,Russia,RS,RS,,60,100,RS,0,,,,,,,,1,Russia,RS,RS,,60,100,RS,20260717011500,https://www.thestranger.com/news/the-seattle-city-council-didnt-totally-screw-up-mayor-katie-wilsons-biggest-ever-seattle-transit-measure-to-expand-bus-service-in-the-city/
1313992621,20260717,202607,2026,2026.5397,CVL,COMMUNITY,,,,,,CVL,,,,,,,,,,,,,1,040,040,04,1,1.0,5,1,5,3.16901408450704,2,"Kentucky, United States",US,USKY,,37.669,-84.6514,KY,0,,,,,,,,2,"Kentucky, United States",US,USKY,,37.669,-84.6514,KY,20260717011500,https://www.wcpo.com/news/northern-kentucky/i-have-been-able-to-breathe-how-northern-kentuckys-first-free-health-clinic-is-impacting-patients
1313992622,20260717,202607,2026,2026.5397,CVL,COMMUNITY,,,,,,CVL,,,,,,,,,,,,,1,051,051,05,1,3.4,10,1,10,-0.99882491186839,3,"Milwaukee, Wisconsin, United States",US,USWI,WI079,43.0389,-87.9065,1577901,0,,,,,,,,3,"Milwaukee, Wisconsin, United States",US,USWI,WI079,43.0389,-87.9065,1577901,20260717011500,https://www.unitaid.eu/impact-legacy-milwaukees-trusted-weather-rg4v.html
1313992623,20260717,202607,2026,2026.5397,CVL,RESIDENTS,,,,,,CVL,,,,,,,,,,,,,0,051,051,05,1,3.4,10,1,10,-4.19228619340414,3,"Madera County, California, United States",US,USCA,CA039,37.1666,-119.834,277284,0,,,,,,,,3,"Madera County, California, United States",US,USCA,,37.1666,-119.834,277284,20260717011500,https://www.unitaid.eu/madera-comprehensive-guide-accessing-local-q25g.html
1313992624,20260717,202607,2026,2026.5397,CVL,COMMUNITY,,,,,,CVL,,,,,,,,,,,,,0,051,051,05,1,3.4,6,1,6,2.27920227920228,1,Iran,IR,IR,,32,53,IR,0,,,,,,,,1,Iran,IR,IR,,32,53,IR,20260717011500,https://www.argus-press.com/news/article_a7fa6cf8-4946-4fc6-9357-9b98dba6ea54.html
1313992625,20260717,202607,2026,2026.5397,CVL,COMMUNITY,,,,,,CVL,,,,,,,,,,,,,1,071,071,07,2,7.4,10,1,5,5.10948905109489,0,,,,,,,,0,,,,,,,,0,,,,,,,,20260717011500,https://www.kswo.com/2026/07/16/community-conversations-hearts-that-care-volunteer-health-clinic-host-annual-fundraiser/
1313992626,20260717,202607,2026,2026.5397,CVL,COMMUNITY,,,,,,CVL,,,,,,,,,,,,,0,071,071,07,2,7.4,10,1,10,1.62432319866723,3,"Carson City, Nevada, United States",US,USNV,NV510,39.1638,-119.767,863976,0,,,,,,,,3,"Carson City, Nevada, United States",US,USNV,,39.1638,-119.767,863976,20260717011500,https://www.carsonnow.org/07/16/2026/supervisors-vote-to-disband-carson-city-cultural-commission-citing-lack-of-community-engagement
1313992627,20260717,202607,2026,2026.5397,CVL,RESIDENTS,,,,,,CVL,,,,,,,,,,,,,0,071,071,07,2,7.4,2,1,2,-2.1986353297953,1,Russia,RS,RS,,60,100,RS,0,,,,,,,,1,Russia,RS,RS,,60,100,RS,20260717011500,https://www.governing.com/security/election-tech-monitors-voter-records-helps-secure-midterms
1313992628,20260717,202607,2026,2026.5397,CVL,RESIDENTS,,,,,,CVL,,,,,,,,,,,,,0,071,071,07,2,7.4,3,1,3,-2.1986353297953,2,"Texas, United States",US,USTX,,31.106,-97.6475,TX,0,,,,,,,,2,"Texas, United States",US,USTX,,31.106,-97.6475,TX,20260717011500,https://www.governing.com/security/election-tech-monitors-voter-records-helps-secure-midterms
1313992629,20260717,202607,2026,2026.5397,CVL,COMMUNITY,,,,,,CVL,,,,,,,,,,,,,0,090,090,09,2,-2.0,10,1,10,-4.19228619340414,2,"California, United States",US,USCA,,36.17,-119.746,CA,0,,,,,,,,2,"California, United States",US,USCA,,36.17,-119.746,CA,20260717011500,https://www.unitaid.eu/madera-comprehensive-guide-accessing-local-q25g.html
1313992630,20260717,202607,2026,2026.5397,CVL,SETTLEMENT,,,,,,CVL,,,,,,,,,,,,,0,100,100,10,3,-5.0,20,1,20,-0.1577287066246,4,"Mumbai, Maharashtra, India",IN,IN16,70184,18.975,72.8258,-2092174,0,,,,,,,,4,"Mumbai, Maharashtra, India",IN,IN16,70184,18.975,72.8258,-2092174,20260717011500,https://economictimes.indiatimes.com/news/company/corporate-trends/tata-sp-group-explore-share-swap-to-unlock-tata-sons-stake-amid-valuation-divide/articleshow/132447787.cms
1313992631,20260717,202607,2026,2026.5397,CVL,VILLAGE,,,,,,CVL,,,,,,,,,,,,,0,100,100,10,3,-5.0,10,1,10,-4.76787954830615,4,"Green Lake, Saskatchewan, Canada",CA,CA11,154724,54.2667,-107.783,-565606,0,,,,,,,,4,"Green Lake, Saskatchewan, Canada",CA,CA11,154724,54.2667,-107.783,-565606,20260717011500,https://www.castanetkamloops.net/news/BC/624952/Nervous-times-in-Pemberton-B-C-as-residents-watch-fire-fight-from-their-backyards
1313992632,20260717,202607,2026,2026.5397,CVL,SETTLEMENT,,,,,,CVL,,,,,,,,,,,,,0,100,100,10,3,-5.0,10,1,10,0.30581039755351,1,India,IN,IN,,20,77,IN,0,,,,,,,,1,India,IN,IN,,20,77,IN,20260717011500,https://economictimes.indiatimes.com/et-front/tata-sp-group-talk-share-swap-other-options/articleshow/132448211.cms
1313992633,20260717,202607,2026,2026.5397,CVL,SETTLEMENT,,,,,,CVL,,,,,,,,,,,,,1,128,128,12,3,-5.0,6,1,6,-10.9375,2,"Oklahoma, United States",US,USOK,,35.5376,-96.9247,OK,0,,,,,,,,2,"Oklahoma, United States",US,USOK,,35.5376,-96.9247,OK,20260717011500,https://www.kswo.com/2026/07/16/drummond-announces-settlement-reached-with-23andme-over-2023-data-breach/
1313992634,20260717,202607,2026,2026.5397,CVL,ENGINEER,,,,,,CVL,,,,,,,,,,,,,0,164,164,16,4,-7.0,4,1,4,0.1573564122738,3,"Detroit, Michigan, United States",US,USMI,MI163,42.3314,-83.0458,1617959,0,,,,,,,,3,"Detroit, Michigan, United States",US,USMI,MI163,42.3314,-83.0458,1617959,20260717011500,https://carbuzz.com/japanese-automakers-collaboration-common-parts/
1313992635,20260717,202607,2026,2026.5397,CVL,ENGINEER,,,,,,CVL,,,,,,,,,,,,,0,164,164,16,4,-7.0,6,1,6,0.1573564122738,2,"Michigan, United States",US,USMI,,43.3504,-84.5603,MI,0,,,,,,,,2,"Michigan, United States",US,USMI,,43.3504,-84.5603,MI,20260717011500,https://carbuzz.com/japanese-automakers-collaboration-common-parts/
1313992636,20260717,202607,2026,2026.5397,CVL,RESIDENTS,,,,,,CVL,,,,,,,,,,,,,1,172,172,17,4,-5.0,10,1,10,2.8104241185488,2,"New York, United States",US,USNY,,42.1497,-74.9384,NY,0,,,,,,,,2,"New York, United States",US,USNY,,42.1497,-74.9384,NY,20260717011500,https://www.unitaid.eu/ultimate-guide-finding-downtown-tampa-1sbz.html
1313992637,20260717,202607,2026,2026.5397,CVL,COMMUNITY,,,,,,CVL,,,GBR,LONDON,GBR,,,,,,,,1,036,036,03,1,4.0,10,1,10,2.41286863270777,4,"London, London, City of, United Kingdom",UK,UKH9,40110,51.5,-0.116667,-2601889,4,"London, London, City of, United Kingdom",UK,UKH9,40110,51.5,-0.116667,-2601889,4,"London, London, City of, United Kingdom",UK,UKH9,40110,51.5,-0.116667,-2601889,20260717011500,https://www.theupcoming.co.uk/2026/07/16/lyaness-to-host-batch-baby-takeover-blending-coffee-and-cocktail-craft/
1313992638,20260717,202607,2026,2026.5397,CVL,COMMUNITY,,,,,,CVL,,,GOV,MAYOR,,,,,,GOV,,,1,190,190,19,4,-10.0,8,1,8,-4.76787954830615,1,United Kingdom,UK,UK,,54,-4,UK,1,United Kingdom,UK,UK,,54,-4,UK,1,United Kingdom,UK,UK,,54,-4,UK,20260717011500,https://www.castanetkamloops.net/news/BC/624952/Nervous-times-in-Pemberton-B-C-as-residents-watch-fire-fight-from-their-backyards
1313992639,20260717,202607,2026,2026.5397,CVL,CIVILIAN,,,,,,CVL,,,IRN,IRAN,IRN,,,,,,,,0,1124,112,11,3,-2.0,5,1,5,-5,1,Iran,IR,IR,,32,53,IR,1,Iran,IR,IR,,32,53,IR,1,Iran,IR,IR,,32,53,IR,20260717011500,https://aa.com.tr/en/us-israel-iran-war/us-launches-6th-consecutive-night-of-strikes-against-iran-central-command/4000735
1313992640,20260717,202607,2026,2026.5397,CVL,COMMUNITY,,,,,,CVL,,,LEG,REPRESENTATIVES,,,,,,LEG,,,0,057,057,05,1,8.0,6,1,6,-1.95838433292533,3,"Brighton Park, Illinois, United States",US,USIL,IL031,41.8189,-87.6989,1737410,3,"Chicago, Illinois, United States",US,USIL,IL031,41.85,-87.6501,423587,3,"Chicago, Illinois, United States",US,USIL,IL031,41.85,-87.6501,423587,20260717011500,https://chicago.suntimes.com/elections/2026/07/16/byron-sigcho-lopez-mayra-macias-independent-candidates-chuy-garcia-seat-congress-recommendation-off-ballot
1313992641,20260717,202607,2026,2026.5397,CVL,COMMUNITY,,,,,,CVL,,,LEG,REPRESENTATIVES,,,,,,LEG,,,0,057,057,05,1,8.0,4,1,4,-1.95838433292533,2,"Illinois, United States",US,USIL,,40.3363,-89.0022,IL,2,"Illinois, United States",US,USIL,,40.3363,-89.0022,IL,2,"Illinois, United States",US,USIL,,40.3363,-89.0022,IL,20260717011500,https://chicago.suntimes.com/elections/2026/07/16/byron-sigcho-lopez-mayra-macias-independent-candidates-chuy-garcia-seat-congress-recommendation-off-ballot
1313992642,20260717,202607,2026,2026.5397,CVL,VOTER,,,,,,CVL,,,MED,MEDIA,,,,,,MED,,,0,040,040,04,1,1.0,8,1,8,0.41194644696189,2,"California, United States",US,USCA,,36.17,-119.746,CA,2,"California, United States",US,USCA,,36.17,-119.746,CA,2,"California, United States",US,USCA,,36.17,-119.746,CA,20260717011500,https://www.sandiegouniontribune.com/2026/07/16/harris-newsom-khanna-californias-three-way-race-for-2028/
1313992643,20260717,202607,2026,2026.5397,CVL,ENGINEER,,,,,,CVL,,,USA,UNITED STATES,USA,,,,,,,,0,010,010,01,1,0.0,2,1,2,0.1573564122738,3,"Detroit, Michigan, United States",US,USMI,MI163,42.3314,-83.0458,1617959,3,"Detroit, Michigan, United States",US,USMI,MI163,42.3314,-83.0458,1617959,3,"Detroit, Michigan, United States",US,USMI,MI163,42.3314,-83.0458,1617959,20260717011500,https://carbuzz.com/japanese-automakers-collaboration-common-parts/
1313992644,20260717,202607,2026,2026.5397,CVL,COMMUNITY,,,,,,CVL,,,USA,UNITED STATES,USA,,,,,,,,0,020,020,02,1,3.0,2,1,2,1.30226182316655,1,Iran,IR,IR,,32,53,IR,1,Iran,IR,IR,,32,53,IR,1,Iran,IR,IR,,32,53,IR,20260717011500,https://www.willistonherald.com/news/local/williston-city-commission-gains-3-commissioners
1313992645,20260717,202607,2026,2026.5397,CVLBUS,COMMUNITY,,,,,,CVL,BUS,,,,,,,,,,,,1,040,040,04,1,1.0,10,1,10,4.73372781065089,0,,,,,,,,0,,,,,,,,0,,,,,,,,20260717011500,https://www.kswo.com/2026/07/16/cameron-university-holds-summer-camp-teach-youth-about-finance/
1313992646,20260717,202607,2026,2026.5397,CVLBUS,COMMUNITY,,,,,,CVL,BUS,,MDV,MALE,MDV,,,,,,,,1,112,112,11,3,-2.0,2,1,2,-8.98876404494382,2,"Illinois, United States",US,USIL,,40.3363,-89.0022,IL,2,"Illinois, United States",US,USIL,,40.3363,-89.0022,IL,2,"Illinois, United States",US,USIL,,40.3363,-89.0022,IL,20260717011500,https://www.mymoinfo.com/two-suspects-held-in-atm-skimming-scam/
1313992647,20260717,202607,2026,2026.5397,EDU,SCHOOL,,,,,,EDU,,,,,,,,,,,,,1,010,010,01,1,0.0,6,1,6,-6.8273092369478,3,"Fort Worth, Texas, United States",US,USTX,TX439,32.7254,-97.3208,1380947,0,,,,,,,,3,"Fort Worth, Texas, United States",US,USTX,,32.7254,-97.3208,1380947,20260717011500,https://www.mirror.co.uk/news/us-news/dentist-charged-over-girls-death-37442292
1313992648,20260717,202607,2026,2026.5397,EDU,SCHOOL,,,,,,EDU,,,,,,,,,,,,,1,020,020,02,1,3.0,10,1,10,4.79134466769707,2,"California, United States",US,USCA,,36.17,-119.746,CA,0,,,,,,,,2,"California, United States",US,USCA,,36.17,-119.746,CA,20260717011500,https://www.goodhousekeeping.com/home/decorating-ideas/a72731767/designers-micro-check-tile-trend/
1313992649,20260717,202607,2026,2026.5397,EDU,COLLEGE,,,,,,EDU,,,,,,,,,,,,,0,020,020,02,1,3.0,20,2,20,-3.4238546449155,2,"Maine, United States",US,USME,,44.6074,-69.3977,ME,0,,,,,,,,2,"Maine, United States",US,USME,,44.6074,-69.3977,ME,20260717011500,https://www.yahoo.com/news/politics/articles/maine-shooting-officers-background-raise-004001070.html
1313992650,20260717,202607,2026,2026.5397,EDU,PROFESSOR,,,,,,EDU,,,,,,,,,,,,,0,0231,023,02,1,3.4,3,1,3,1.33647798742138,3,"Greenville, South Carolina, United States",US,USSC,SC045,34.8526,-82.394,1245842,0,,,,,,,,3,"Greenville, South Carolina, United States",US,USSC,SC045,34.8526,-82.394,1245842,20260717011500,https://www.wyff4.com/article/lindsey-graham-unspent-campaign-money-special-primary/72750764
1313992651,20260717,202607,2026,2026.5397,EDU,STUDENT,,,,,,EDU,,,,,,,,,,,,,1,042,042,04,1,1.9,4,1,4,1.81956027293405,4,"Armidale, New South Wales, Australia",AS,AS02,5096,-30.5083,151.671,-1556250,0,,,,,,,,4,"Armidale, New South Wales, Australia",AS,AS02,5096,-30.5083,151.671,-1556250,20260717011500,https://www.armidaleexpress.com.au/story/9312370/millie-the-therapy-dog-calming-millthorpe-students-everyday/
1313992652,20260717,202607,2026,2026.5397,EDU,STUDENT,,,,,,EDU,,,,,,,,,,,,,1,042,042,04,1,1.9,4,1,4,1.81818181818182,4,"Crookwell, New South Wales, Australia",AS,AS02,154641,-34.4593,149.471,-1568133,0,,,,,,,,4,"Crookwell, New South Wales, Australia",AS,AS02,154641,-34.4593,149.471,-1568133,20260717011500,https://www.crookwellgazette.com.au/story/9312370/millie-the-therapy-dog-calming-millthorpe-students-everyday/
1313992653,20260717,202607,2026,2026.5397,EDU,STUDENT,,,,,,EDU,,,,,,,,,,,,,1,042,042,04,1,1.9,4,1,4,1.81680545041636,4,"Inverell, New South Wales, Australia",AS,AS02,5096,-29.774,151.112,-1579546,0,,,,,,,,4,"Inverell, New South Wales, Australia",AS,AS02,5096,-29.774,151.112,-1579546,20260717011500,https://www.inverelltimes.com.au/story/9312370/millie-the-therapy-dog-calming-millthorpe-students-everyday/
1313992654,20260717,202607,2026,2026.5397,EDU,STUDENT,,,,,,EDU,,,,,,,,,,,,,1,042,042,04,1,1.9,4,1,4,1.81680545041636,4,"Camden Haven, New South Wales, Australia",AS,AS02,5096,-31.6448,152.795,-1583170,0,,,,,,,,4,"Camden Haven, New South Wales, Australia",AS,AS02,5096,-31.6448,152.795,-1583170,20260717011500,https://www.camdencourier.com.au/story/9312370/millie-the-therapy-dog-calming-millthorpe-students-everyday/
1313992655,20260717,202607,2026,2026.5397,EDU,SCHOOL,,,,,,EDU,,,,,,,,,,,,,1,043,043,04,1,2.8,10,1,10,2.68456375838926,2,"California, United States",US,USCA,,36.17,-119.746,CA,0,,,,,,,,2,"California, United States",US,USCA,,36.17,-119.746,CA,20260717011500,https://www.wibw.com/2026/07/16/topeka-public-schools-partners-with-local-coffee-shop-listening-learning-tour/
1313992656,20260717,202607,2026,2026.5397,EDU,STUDENT,,,,,,EDU,,,,,,,,,,,,,0,090,090,09,2,-2.0,1,1,1,-2.44274809160306,5,"Gombe State, Gombe, Nigeria",NI,NI55,22658,10.25,11.1667,9098619,0,,,,,,,,4,"Bauchi, Bauchi, Nigeria",NI,NI46,22661,10.3134,9.84327,-2002330,20260717011500,https://punchng.com/neast-stakeholders-hail-tinubu-over-n80bn-flood-intervention-fund/
1313992657,20260717,202607,2026,2026.5397,EDU,STUDENT,,,,,,EDU,,,,,,,,,,,,,0,090,090,09,2,-2.0,1,1,1,-2.44274809160306,5,"Gombe State, Gombe, Nigeria",NI,NI55,22658,10.25,11.1667,9098619,0,,,,,,,,5,"Gombe State, Gombe, Nigeria",NI,NI55,22658,10.25,11.1667,9098619,20260717011500,https://punchng.com/neast-stakeholders-hail-tinubu-over-n80bn-flood-intervention-fund/
1313992658,20260717,202607,2026,2026.5397,EDU,SCHOOL,,,,,,EDU,,,,,,,,,,,,,1,110,110,11,3,-2.0,10,1,10,-3.886925795053,1,Kenya,KE,KE,,1,38,KE,0,,,,,,,,1,Kenya,KE,KE,,1,38,KE,20260717011500,https://newschannel9.com/news/local/hamilton-county-school-board-denies-request-to-raise-chattanooga-prep-enrollment-cap
1313992659,20260717,202607,2026,2026.5397,EDU,SCHOOL,,,,,,EDU,,,,,,,,,,,,,1,120,120,12,3,-4.0,10,1,10,-3.886925795053,4,"Rome, Lazio, Italy",IT,IT07,18350,41.9,12.4833,-126693,0,,,,,,,,4,"Rome, Lazio, Italy",IT,IT07,18350,41.9,12.4833,-126693,20260717011500,https://newschannel9.com/news/local/hamilton-county-school-board-denies-request-to-raise-chattanooga-prep-enrollment-cap
1313992660,20260717,202607,2026,2026.5397,EDU,STUDENT,,,,,,EDU,,,BUS,BUSINESS,,,,,,BUS,,,1,010,010,01,1,0.0,5,1,5,4.27350427350427,2,"Iowa, United States",US,USIA,,42.0046,-93.214,IA,2,"Iowa, United States",US,USIA,,42.0046,-93.214,IA,2,"Iowa, United States",US,USIA,,42.0046,-93.214,IA,20260717011500,https://cbs2iowa.com/news/local/kirkwood-board-approves-88-million-bond-referendum-for-november-ballot
1313992661,20260717,202607,2026,2026.5397,EDU,PROFESSOR,,,,,,EDU,,,CVL,COMMUNITY,,,,,,CVL,,,0,010,010,01,1,0.0,10,1,10,-0.16207455429498,1,Australia,AS,AS,,-25,135,AS,1,Australia,AS,AS,,-25,135,AS,1,Australia,AS,AS,,-25,135,AS,20260717011500,https://www.anu.edu.au/news/all-news/australias-smoking-rates-hit-historic-low-despite-illicit-tobacco-concerns
1313992662,20260717,202607,2026,2026.5397,EDU,SCHOOL,,,,,,EDU,,,RAD,EXTREMIST,,,,,,RAD,,,0,120,120,12,3,-4.0,10,1,10,-3.51602895553257,4,"Lagos, Lagos, Nigeria",NI,NI05,191416,6.45306,3.39583,-2017355,4,"Lagos, Lagos, Nigeria",NI,NI05,191416,6.45306,3.39583,-2017355,4,"Lagos, Lagos, Nigeria",NI,NI05,191416,6.45306,3.39583,-2017355,20260717011500,https://punchng.com/surveyors-push-security-first-building-designs-to-fight-crime/
1313992663,20260717,202607,2026,2026.5397,EDU,UNIVERSITY,,,,,,EDU,,,USA,NORTH DAKOTA,USA,,,,,,,,1,036,036,03,1,4.0,10,1,10,3.7914691943128,2,"North Dakota, United States",US,USND,,47.5362,-99.793,ND,2,"North Dakota, United States",US,USND,,47.5362,-99.793,ND,2,"North Dakota, United States",US,USND,,47.5362,-99.793,ND,20260717011500,https://www.tsln.com/news/ndsu-bison-strides-to-host-horse-powered-reading-camps-in-august/
1313992664,20260717,202607,2026,2026.5397,EDU,SCHOOL,,,,,,EDU,,,USA,UNITED STATES,USA,,,,,,,,1,040,040,04,1,1.0,2,1,2,-3.57781753130591,3,"White House, District of Columbia, United States",US,USDC,,38.8951,-77.0364,531871,3,"White House, District of Columbia, United States",US,USDC,,38.8951,-77.0364,531871,3,"White House, District of Columbia, United States",US,USDC,,38.8951,-77.0364,531871,20260717011500,https://thecatholicherald.com/article/jd-vance-and-joe-rogan-discuss-aliens-angels-and-demons
1313992665,20260717,202607,2026,2026.5397,EDU,SCHOOL,,,,,,EDU,,,USA,UNITED STATES,USA,,,,,,,,0,040,040,04,1,1.0,2,1,2,1.57828282828283,2,"Illinois, United States",US,USIL,,40.3363,-89.0022,IL,2,"Illinois, United States",US,USIL,,40.3363,-89.0022,IL,2,"Illinois, United States",US,USIL,,40.3363,-89.0022,IL,20260717011500,https://chicago.suntimes.com/chicago-school-board/2026/07/16/spending-in-chicago-school-board-election-exceeds-1-6-million-as-limits-lift-in-race-for-board-president
1313992666,20260717,202607,2026,2026.5397,EDU,SCHOOL,,,,,,EDU,,,USAGOV,THE WHITE HOUSE,USA,,,,,GOV,,,1,040,040,04,1,1.0,1,1,1,-3.57781753130591,3,"White House, District of Columbia, United States",US,USDC,,38.8951,-77.0364,531871,3,"White House, District of Columbia, United States",US,USDC,,38.8951,-77.0364,531871,3,"White House, District of Columbia, United States",US,USDC,,38.8951,-77.0364,531871,20260717011500,https://thecatholicherald.com/article/jd-vance-and-joe-rogan-discuss-aliens-angels-and-demons
1313992667,20260717,202607,2026,2026.5397,EDUBUS,PROFESSOR,,,,,,EDU,BUS,,CVL,COMMUNITY,,,,,,CVL,,,1,013,013,01,1,0.4,10,1,10,-0.16207455429498,1,Australia,AS,AS,,-25,135,AS,1,Australia,AS,AS,,-25,135,AS,1,Australia,AS,AS,,-25,135,AS,20260717011500,https://www.anu.edu.au/news/all-news/australias-smoking-rates-hit-historic-low-despite-illicit-tobacco-concerns
1313992668,20260717,202607,2026,2026.5397,EDUHLH,UNIVERSITY,,,,,,EDU,HLH,,AFR,AFRICA,AFR,,,,,,,,1,100,100,10,3,-5.0,3,1,3,3.39425587467363,4,"Lagos, Lagos, Nigeria",NI,NI05,191416,6.45306,3.39583,-2017355,4,"Lagos, Lagos, Nigeria",NI,NI05,191416,6.45306,3.39583,-2017355,4,"Lagos, Lagos, Nigeria",NI,NI05,191416,6.45306,3.39583,-2017355,20260717011500,https://punchng.com/quality-healthcare-can-curb-african-medical-tourism-kenyan-hospital-chief/
1313992669,20260717,202607,2026,2026.5397,EGY,EGYPT,EGY,,,,,,,,,,,,,,,,,,1,016,016,01,1,-2.0,4,1,4,-15.8914728682171,4,"Alexandria, Al Iskandariyah, Egypt",EG,EG06,61590,31.1981,29.9192,-290263,0,,,,,,,,4,"Alexandria, Al Iskandariyah, Egypt",EG,EG06,61590,31.1981,29.9192,-290263,20260717011500,https://www.kalb.com/2026/07/16/alexandria-man-sentenced-50-years-2023-shooting-pineville/
1313992670,20260717,202607,2026,2026.5397,EGY,ALEXANDRIA,EGY,,,,,,,,,,,,,,,,,,1,193,193,19,4,-10.0,8,1,8,-15.8914728682171,4,"Alexandria, Al Iskandariyah, Egypt",EG,EG06,61590,31.1981,29.9192,-290263,0,,,,,,,,4,"Alexandria, Al Iskandariyah, Egypt",EG,EG06,61590,31.1981,29.9192,-290263,20260717011500,https://www.kalb.com/2026/07/16/alexandria-man-sentenced-50-years-2023-shooting-pineville/
1313992671,20260717,202607,2026,2026.5397,EGY,EGYPT,EGY,,,,,,,,COP,PRISON,,,,,,COP,,,1,173,173,17,4,-5.0,4,1,4,-15.8914728682171,4,"Alexandria, Al Iskandariyah, Egypt",EG,EG06,61590,31.1981,29.9192,-290263,4,"Alexandria, Al Iskandariyah, Egypt",EG,EG06,61590,31.1981,29.9192,-290263,4,"Alexandria, Al Iskandariyah, Egypt",EG,EG06,61590,31.1981,29.9192,-290263,20260717011500,https://www.kalb.com/2026/07/16/alexandria-man-sentenced-50-years-2023-shooting-pineville/
1313992672,20260717,202607,2026,2026.5397,EGY,EGYPT,EGY,,,,,,,,COP,PRISON,,,,,,COP,,,1,190,190,19,4,-10.0,4,1,4,-15.8914728682171,4,"Alexandria, Al Iskandariyah, Egypt",EG,EG06,61590,31.1981,29.9192,-290263,4,"Alexandria, Al Iskandariyah, Egypt",EG,EG06,61590,31.1981,29.9192,-290263,4,"Alexandria, Al Iskandariyah, Egypt",EG,EG06,61590,31.1981,29.9192,-290263,20260717011500,https://www.kalb.com/2026/07/16/alexandria-man-sentenced-50-years-2023-shooting-pineville/
1313992673,20260717,202607,2026,2026.5397,EGY,EGYPT,EGY,,,,,,,,CRM,FELON,,,,,,CRM,,,1,173,173,17,4,-5.0,2,1,2,-15.8914728682171,4,"Alexandria, Al Iskandariyah, Egypt",EG,EG06,61590,31.1981,29.9192,-290263,4,"Alexandria, Al Iskandariyah, Egypt",EG,EG06,61590,31.1981,29.9192,-290263,4,"Alexandria, Al Iskandariyah, Egypt",EG,EG06,61590,31.1981,29.9192,-290263,20260717011500,https://www.kalb.com/2026/07/16/alexandria-man-sentenced-50-years-2023-shooting-pineville/
1313992674,20260717,202607,2026,2026.5397,EGY,EGYPT,EGY,,,,,,,,CRM,FELON,,,,,,CRM,,,1,190,190,19,4,-10.0,2,1,2,-15.8914728682171,4,"Alexandria, Al Iskandariyah, Egypt",EG,EG06,61590,31.1981,29.9192,-290263,4,"Alexandria, Al Iskandariyah, Egypt",EG,EG06,61590,31.1981,29.9192,-290263,4,"Alexandria, Al Iskandariyah, Egypt",EG,EG06,61590,31.1981,29.9192,-290263,20260717011500,https://www.kalb.com/2026/07/16/alexandria-man-sentenced-50-years-2023-shooting-pineville/
1313992675,20260717,202607,2026,2026.5397,EGY,EGYPT,EGY,,,,,,,,USA,UNITED STATES,USA,,,,,,,,1,190,190,19,4,-10.0,2,1,2,-6.01503759398496,4,"Alexandria, Al Iskandariyah, Egypt",EG,EG06,61590,31.1981,29.9192,-290263,4,"Alexandria, Al Iskandariyah, Egypt",EG,EG06,61590,31.1981,29.9192,-290263,4,"Alexandria, Al Iskandariyah, Egypt",EG,EG06,61590,31.1981,29.9192,-290263,20260717011500,https://www.kalb.com/2026/07/15/update-murder-suspect-is-us-army-soldier-fort-hood/
1313992676,20260717,202607,2026,2026.5397,EGY,EGYPT,EGY,,,,,,,,USA,UNITED STATES,USA,,,,,,,,1,190,190,19,4,-10.0,2,1,2,-6.01503759398496,4,"Alexandria, Al Iskandariyah, Egypt",EG,EG06,61590,31.1981,29.9192,-290263,3,"Bell County, Texas, United States",US,USTX,,31.0502,-97.4669,1383799,2,"Texas, United States",US,USTX,,31.106,-97.6475,TX,20260717011500,https://www.kalb.com/2026/07/15/update-murder-suspect-is-us-army-soldier-fort-hood/
1313992677,20260717,202607,2026,2026.5397,ELI,ACTOR,,,,,,ELI,,,,,,,,,,,,,1,010,010,01,1,0.0,5,1,5,4.47093889716841,1,India,IN,IN,,20,77,IN,0,,,,,,,,1,India,IN,IN,,20,77,IN,20260717011500,https://timesofindia.indiatimes.com/entertainment/hindi/bollywood/news/ranveer-came-up-to-me-saying-im-so-sorry-dhamaal-4-actress-anjali-anand-recalls-ranveer-singhs-sweet-apology-on-rocky-aur-rani-kii-prem-kahaani-set/articleshow/132450250.cms
1313992678,20260717,202607,2026,2026.5397,ELI,ACTOR,,,,,,ELI,,,,,,,,,,,,,1,040,040,04,1,1.0,10,1,10,4.47093889716841,1,India,IN,IN,,20,77,IN,0,,,,,,,,1,India,IN,IN,,20,77,IN,20260717011500,https://timesofindia.indiatimes.com/entertainment/hindi/bollywood/news/ranveer-came-up-to-me-saying-im-so-sorry-dhamaal-4-actress-anjali-anand-recalls-ranveer-singhs-sweet-apology-on-rocky-aur-rani-kii-prem-kahaani-set/articleshow/132450250.cms
1313992679,20260717,202607,2026,2026.5397,ELICOP,RETIRED,,,,,,ELI,COP,,,,,,,,,,,,1,193,193,19,4,-10.0,10,1,10,-7.59493670886076,0,,,,,,,,0,,,,,,,,0,,,,,,,,20260717011500,https://www.tvguide.co.uk/schedule/8e40be0c-82a1-5843-b5ce-0136e7c33f58/homicide-hunter
1313992680,20260717,202607,2026,2026.5397,FRA,FRANCE,FRA,,,,,,,,,,,,,,,,,,0,057,057,05,1,8.0,3,1,3,0.90307043949428,1,France,FR,FR,,46,2,FR,0,,,,,,,,1,France,FR,FR,,46,2,FR,20260717011500,https://www.carsonnow.org/07/16/2026/carson-city-supervisors-approve-designs-for-new-dog-park-flood-mitigation-in-proposed-lompa-ranch-development
1313992681,20260717,202607,2026,2026.5397,FRA,FRANCE,FRA,,,,,,,,MEX,MEXICAN,MEX,,,,,,,,0,020,020,02,1,3.0,2,1,2,0.90307043949428,1,France,FR,FR,,46,2,FR,1,France,FR,FR,,46,2,FR,1,France,FR,FR,,46,2,FR,20260717011500,https://www.carsonnow.org/07/16/2026/carson-city-supervisors-approve-designs-for-new-dog-park-flood-mitigation-in-proposed-lompa-ranch-development
1313992682,20260717,202607,2026,2026.5397,FRA,FRANCE,FRA,,,,,,,,MIL,ECHELON,,,,,,MIL,,,1,036,036,03,1,4.0,2,1,2,2.33463035019456,4,"Paris, France (general), France",FR,FR00,16282,48.8667,2.33333,-1456928,4,"Paris, France (general), France",FR,FR00,16282,48.8667,2.33333,-1456928,4,"Paris, France (general), France",FR,FR00,16282,48.8667,2.33333,-1456928,20260717011500,https://www.ragtrader.com.au/news/zimmermann-earns-f-d-ration-s-top-fashion-accolade
1313992683,20260717,202607,2026,2026.5397,GBR,UNITED KINGDOM,GBR,,,,,,,,,,,,,,,,,,1,010,010,01,1,0.0,2,1,2,3.27868852459016,4,"Kamloops, British Columbia, Canada",CA,CA02,12566,50.6667,-120.333,-566975,0,,,,,,,,1,United Kingdom,UK,UK,,54,-4,UK,20260717011500,https://www.stcatharinesstandard.ca/news/canada/bc-simpcw-first-nation-sign-consent-deal-for-proposed-copper-mine-near-kamloops/article_0a0c6d55-9ffc-512d-a37e-552fa1613c90.html
1313992684,20260717,202607,2026,2026.5397,GBR,BRITISH,GBR,,,,,,,,,,,,,,,,,,1,057,057,05,1,8.0,16,2,16,3.37436003516574,4,"Kamloops, British Columbia, Canada",CA,CA02,12566,50.6667,-120.333,-566975,0,,,,,,,,4,"Kamloops, British Columbia, Canada",CA,CA02,12566,50.6667,-120.333,-566975,20260717011500,https://www.castanetkamloops.net/news/Kamloops/625045/B-C-Simpcw-First-Nation-sign-consent-deal-for-proposed-copper-mine-near-Kamloops
1313992685,20260717,202607,2026,2026.5397,GBR,UNITED KINGDOM,GBR,,,,,,,,,,,,,,,,,,0,070,070,07,2,7.0,10,1,10,2.4203821656051,1,United Kingdom,UK,UK,,54,-4,UK,0,,,,,,,,1,United Kingdom,UK,UK,,54,-4,UK,20260717011500,https://www.energy-pedia.com/news/united-kingdom/public-consultation-opens-on-%C2%A38-7billion-rosebank-project-as-adura-urges-investment-in-uk%E2%80%99s-reindustrialisation-204632
1313992686,20260717,202607,2026,2026.5397,GBR,LONDON,GBR,,,,,,,,CVL,COMMUNITY,,,,,,CVL,,,1,036,036,03,1,4.0,10,1,10,2.41286863270777,4,"London, London, City of, United Kingdom",UK,UKH9,40110,51.5,-0.116667,-2601889,4,"London, London, City of, United Kingdom",UK,UKH9,40110,51.5,-0.116667,-2601889,4,"London, London, City of, United Kingdom",UK,UKH9,40110,51.5,-0.116667,-2601889,20260717011500,https://www.theupcoming.co.uk/2026/07/16/lyaness-to-host-batch-baby-takeover-blending-coffee-and-cocktail-craft/
1313992687,20260717,202607,2026,2026.5397,GBR,LONDON,GBR,,,,,,,,CVL,COMMUNITY,,,,,,CVL,,,1,172,172,17,4,-5.0,10,1,10,2.41286863270777,4,"London, London, City of, United Kingdom",UK,UKH9,40110,51.5,-0.116667,-2601889,4,"London, London, City of, United Kingdom",UK,UKH9,40110,51.5,-0.116667,-2601889,4,"London, London, City of, United Kingdom",UK,UKH9,40110,51.5,-0.116667,-2601889,20260717011500,https://www.theupcoming.co.uk/2026/07/16/lyaness-to-host-batch-baby-takeover-blending-coffee-and-cocktail-craft/
1313992688,20260717,202607,2026,2026.5397,GBR,UNITED KINGDOM,GBR,,,,,,,,GBRGOV,UNITED KINGDOM,GBR,,,,,GOV,,,1,190,190,19,4,-10.0,2,1,2,-4.76787954830615,1,United Kingdom,UK,UK,,54,-4,UK,1,United Kingdom,UK,UK,,54,-4,UK,1,United Kingdom,UK,UK,,54,-4,UK,20260717011500,https://www.castanetkamloops.net/news/BC/624952/Nervous-times-in-Pemberton-B-C-as-residents-watch-fire-fight-from-their-backyards
1313992689,20260717,202607,2026,2026.5397,GBRGOV,UNITED KINGDOM,GBR,,,,,GOV,,,CVL,RESIDENTS,,,,,,CVL,,,1,012,012,01,1,-0.4,2,1,2,-4.76787954830615,4,"Green Lake, Saskatchewan, Canada",CA,CA11,154724,54.2667,-107.783,-565606,4,"Green Lake, Saskatchewan, Canada",CA,CA11,154724,54.2667,-107.783,-565606,4,"Green Lake, Saskatchewan, Canada",CA,CA11,154724,54.2667,-107.783,-565606,20260717011500,https://www.castanetkamloops.net/news/BC/624952/Nervous-times-in-Pemberton-B-C-as-residents-watch-fire-fight-from-their-backyards
1313992690,20260717,202607,2026,2026.5397,GBRGOV,UNITED KINGDOM,GBR,,,,,GOV,,,GBR,UNITED KINGDOM,GBR,,,,,,,,1,190,190,19,4,-10.0,2,1,2,-4.76787954830615,1,United Kingdom,UK,UK,,54,-4,UK,1,United Kingdom,UK,UK,,54,-4,UK,1,United Kingdom,UK,UK,,54,-4,UK,20260717011500,https://www.castanetkamloops.net/news/BC/624952/Nervous-times-in-Pemberton-B-C-as-residents-watch-fire-fight-from-their-backyards
1313992691,20260717,202607,2026,2026.5397,GOV,GOVERNMENT,,,,,,GOV,,,,,,,,,,,,,0,010,010,01,1,0.0,2,1,2,-0.44182621502209,4,"Dutse, Jigawa, Nigeria",NI,NI39,22803,11.7594,9.33921,-2005564,0,,,,,,,,4,"Jigawa, Kano, Nigeria",NI,NI29,22847,11.951,7.93842,-2013704,20260717011500,https://punchng.com/autonomy-battle-states-defy-supreme-court-control-n10tn-lg-allocations/
1313992692,20260717,202607,2026,2026.5397,GOV,PRIME MINISTER,,,,,,GOV,,,,,,,,,,,,,0,010,010,01,1,0.0,4,1,4,-5.96745027124774,4,"Vang Vieng, Viangchan, Laos",LA,LA27,74338,18.9333,102.45,-2666441,0,,,,,,,,4,"Vang Vieng, Viangchan, Laos",LA,LA27,74338,18.9333,102.45,-2666441,20260717011500,https://www.theguardian.com/australia-news/2026/jul/17/laos-methanol-poisoning-charges-bianca-jones-holly-bowles-deaths
1313992693,20260717,202607,2026,2026.5397,GOV,GOVERNMENT OFFICIAL,,,,,,GOV,,,,,,,,,,,,,0,010,010,01,1,0.0,10,1,10,-0.99882491186839,3,"Milwaukee, Wisconsin, United States",US,USWI,WI079,43.0389,-87.9065,1577901,0,,,,,,,,3,"Milwaukee, Wisconsin, United States",US,USWI,WI079,43.0389,-87.9065,1577901,20260717011500,https://www.unitaid.eu/impact-legacy-milwaukees-trusted-weather-rg4v.html
1313992694,20260717,202607,2026,2026.5397,GOV,ADMINISTRATION,,,,,,GOV,,,,,,,,,,,,,0,012,012,01,1,-0.4,8,1,8,-3.80577427821522,3,"Capitol Hill, District of Columbia, United States",US,USDC,DC001,38.889,-77.0003,529313,0,,,,,,,,3,"Capitol Hill, District of Columbia, United States",US,USDC,,38.889,-77.0003,529313,20260717011500,https://www.boston.com/news/politics/2026/07/16/blanche-to-meet-with-epstein-accusers-after-demand-from-republican-senator-crucial-to-confirmation/
1313992695,20260717,202607,2026,2026.5397,GOV,GOVERNOR,,,,,,GOV,,,,,,,,,,,,,0,013,013,01,1,0.4,1,1,1,4.60405156537753,4,"Dutse, Jigawa, Nigeria",NI,NI39,22803,11.7594,9.33921,-2005564,0,,,,,,,,4,"Dutse, Jigawa, Nigeria",NI,NI39,22803,11.7594,9.33921,-2005564,20260717011500,https://punchng.com/unicef-jigawa-recommit-to-tackling-child-poverty/
1313992696,20260717,202607,2026,2026.5397,GOV,GOVERNOR,,,,,,GOV,,,,,,,,,,,,,0,013,013,01,1,0.4,3,1,3,4.60405156537753,4,"Jigawa, Kano, Nigeria",NI,NI29,22847,11.951,7.93842,-2013704,0,,,,,,,,4,"Jigawa, Kano, Nigeria",NI,NI29,22847,11.951,7.93842,-2013704,20260717011500,https://punchng.com/unicef-jigawa-recommit-to-tackling-child-poverty/
1313992697,20260717,202607,2026,2026.5397,GOV,PRESIDENT,,,,,,GOV,,,,,,,,,,,,,1,013,013,01,1,0.4,8,1,8,1.18577075098815,3,"San Diego, California, United States",US,USCA,CA073,32.7153,-117.157,1661377,0,,,,,,,,3,"San Diego, California, United States",US,USCA,,32.7153,-117.157,1661377,20260717011500,https://www.sandiegouniontribune.com/2026/07/16/54-horses-are-the-last-of-the-rescued-animals-to-leave-troubled-julian-sanctuary/
1313992698,20260717,202607,2026,2026.5397,GOV,GOVERNMENT,,,,,,GOV,,,,,,,,,,,,,0,013,013,01,1,0.4,2,1,2,-9.71731448763254,2,"Nebraska, United States",US,USNE,,41.1289,-98.2883,NE,0,,,,,,,,3,"Washington, District of Columbia, United States",US,USDC,DC001,38.8951,-77.0364,531871,20260717011500,https://hayspost.com/posts/bf3d0b43-cdac-4322-87a7-d62eeb1938b1
1313992699,20260717,202607,2026,2026.5397,GOV,PRIME MINISTER,,,,,,GOV,,,,,,,,,,,,,0,014,014,01,1,0.0,6,1,6,-0.57692307692308,4,"Kuala Lumpur, Kuala Lumpur, Malaysia",MY,MY14,18585,3.16667,101.7,-2403010,0,,,,,,,,4,"Kuala Lumpur, Kuala Lumpur, Malaysia",MY,MY14,18585,3.16667,101.7,-2403010,20260717011500,https://www.malaysiakini.com/newsletter/779919
1313992700,20260717,202607,2026,2026.5397,GOV,PRIME MINISTER,,,,,,GOV,,,,,,,,,,,,,0,020,020,02,1,3.0,6,1,6,-0.57692307692308,4,"Kuala Lumpur, Kuala Lumpur, Malaysia",MY,MY14,18585,3.16667,101.7,-2403010,0,,,,,,,,4,"Kuala Lumpur, Kuala Lumpur, Malaysia",MY,MY14,18585,3.16667,101.7,-2403010,20260717011500,https://www.malaysiakini.com/newsletter/779919
1313992701,20260717,202607,2026,2026.5397,GOV,ADMINISTRATION,,,,,,GOV,,,,,,,,,,,,,1,030,030,03,1,4.0,10,1,10,-0.8298755186722,4,"Bhilwara, Rajasthan, India",IN,IN24,17839,25.35,74.6333,-2091550,0,,,,,,,,4,"Bhilwara, Rajasthan, India",IN,IN24,17839,25.35,74.6333,-2091550,20260717011500,https://indianexpress.com/article/india/kota-hospital-medical-negligence-kidney-damage-euthanasia-plea-president-murmu-10790108/
1313992702,20260717,202607,2026,2026.5397,GOV,MINIST,,,,,,GOV,,,,,,,,,,,,,1,036,036,03,1,4.0,5,1,5,0.59880239520958,1,New Zealand,NZ,NZ,,-42,174,NZ,0,,,,,,,,1,New Zealand,NZ,NZ,,-42,174,NZ,20260717011500,https://www.rnz.co.nz/news/politics/731338/kupe-and-cook-names-of-new-cook-strait-ferries-announced
1313992703,20260717,202607,2026,2026.5397,GOV,STATE OFFICIAL,,,,,,GOV,,,,,,,,,,,,,0,040,040,04,1,1.0,10,1,10,-2.19092331768388,3,"Rutherford County, Tennessee, United States",US,USTN,TN149,35.8501,-86.4,1639787,0,,,,,,,,3,"Rutherford County, Tennessee, United States",US,USTN,,35.8501,-86.4,1639787,20260717011500,https://newschannel9.com/news/local/avoiding-sober-dui-arrests-the-types-of-breathalyzers-thp-is-considering
1313992704,20260717,202607,2026,2026.5397,GOV,GOVERNOR,,,,,,GOV,,,,,,,,,,,,,1,040,040,04,1,1.0,2,1,2,-0.43668122270743,3,"Jefferson County, Missouri, United States",US,USMO,MO099,38.2667,-90.5835,758504,0,,,,,,,,3,"Jefferson County, Missouri, United States",US,USMO,,38.2667,-90.5835,758504,20260717011500,https://www.mymoinfo.com/governor-signs-controversial-annexation-bill-puts-jefferson-county-cities-at-odds-against-county-7-16-2026/
1313992705,20260717,202607,2026,2026.5397,GOV,CITY MANAGER,,,,,,GOV,,,,,,,,,,,,,0,040,040,04,1,1.0,8,1,8,-0.59523809523809,2,"Georgia, United States",US,USGA,,32.9866,-83.6487,GA,0,,,,,,,,2,"Georgia, United States",US,USGA,,32.9866,-83.6487,GA,20260717011500,https://www.wsbtv.com/news/local/henry-county/nonprofit-pushes-protect-historic-black-cemetery-near-massive-data-center-project-henry-county/J5KVYIOR5JENRNSDNYNCD7CD4I/
1313992706,20260717,202607,2026,2026.5397,GOV,GOVERNMENT,,,,,,GOV,,,,,,,,,,,,,0,040,040,04,1,1.0,1,1,1,0.10600706713781,2,"Kansas, United States",US,USKS,,38.5111,-96.8005,KS,0,,,,,,,,2,"Kansas, United States",US,USKS,,38.5111,-96.8005,KS,20260717011500,"http://www.kirksvilledailyexpress.com/stories/farm-backing-trump-loyalty-shape-gop-race-to-replace-sam-graves-in-missouris-6th-district,31759"
1313992707,20260717,202607,2026,2026.5397,GOV,GOVERNMENT,,,,,,GOV,,,,,,,,,,,,,0,040,040,04,1,1.0,4,1,4,0.10600706713781,2,"Missouri, United States",US,USMO,,38.4623,-92.302,MO,0,,,,,,,,2,"Missouri, United States",US,USMO,,38.4623,-92.302,MO,20260717011500,"http://www.kirksvilledailyexpress.com/stories/farm-backing-trump-loyalty-shape-gop-race-to-replace-sam-graves-in-missouris-6th-district,31759"
1313992708,20260717,202607,2026,2026.5397,GOV,ADMINISTRATION,,,,,,GOV,,,,,,,,,,,,,0,051,051,05,1,3.4,8,1,8,-3.80577427821522,3,"Capitol Hill, District of Columbia, United States",US,USDC,DC001,38.889,-77.0003,529313,0,,,,,,,,3,"Capitol Hill, District of Columbia, United States",US,USDC,,38.889,-77.0003,529313,20260717011500,https://www.boston.com/news/politics/2026/07/16/blanche-to-meet-with-epstein-accusers-after-demand-from-republican-senator-crucial-to-confirmation/
1313992709,20260717,202607,2026,2026.5397,GOV,GOVERNMENT,,,,,,GOV,,,,,,,,,,,,,0,051,051,05,1,3.4,2,1,2,2.81329923273657,1,India,IN,IN,,20,77,IN,0,,,,,,,,1,India,IN,IN,,20,77,IN,20260717011500,https://www.livemint.com/technology/semicon-2-0-vc-funding-chip-design-equity-semiconductor-government-11784207658957.html
1313992710,20260717,202607,2026,2026.5397,GOV,GOVERNMENT,,,,,,GOV,,,,,,,,,,,,,0,051,051,05,1,3.4,3,1,3,2.81329923273657,1,India,IN,IN,,20,77,IN,0,,,,,,,,1,Taiwan,TW,TW,,24,121,TW,20260717011500,https://www.livemint.com/technology/semicon-2-0-vc-funding-chip-design-equity-semiconductor-government-11784207658957.html
1313992711,20260717,202607,2026,2026.5397,GOV,MINIST,,,,,,GOV,,,,,,,,,,,,,0,051,051,05,1,3.4,5,1,5,5.28455284552845,1,Portugal,PO,PO,,39.5,-8,PO,0,,,,,,,,1,Portugal,PO,PO,,39.5,-8,PO,20260717011500,https://www.thewesterlysun.com/daily-news-alerts/stoningtons-annual-blessing-of-the-fleet-returns-to-the-borough-july-23-26/article_d2e01d43-1279-49eb-8677-63c77e6bff1d.html
1313992712,20260717,202607,2026,2026.5397,GOV,ADMINISTRATION,,,,,,GOV,,,,,,,,,,,,,1,060,060,06,2,6.0,10,1,10,-0.8298755186722,4,"Bhilwara, Rajasthan, India",IN,IN24,17839,25.35,74.6333,-2091550,0,,,,,,,,4,"Bhilwara, Rajasthan, India",IN,IN24,17839,25.35,74.6333,-2091550,20260717011500,https://indianexpress.com/article/india/kota-hospital-medical-negligence-kidney-damage-euthanasia-plea-president-murmu-10790108/
1313992713,20260717,202607,2026,2026.5397,GOV,CIVIL SERVANT,,,,,,GOV,,,,,,,,,,,,,0,070,070,07,2,7.0,10,1,10,1.10410094637224,4,"Abuja, Abuja Federal Capital Territory, Nigeria",NI,NI11,191147,9.08333,7.53333,-1997013,0,,,,,,,,4,"Abuja, Abuja Federal Capital Territory, Nigeria",NI,NI11,191147,9.08333,7.53333,-1997013,20260717011500,https://punchng.com/expert-urges-public-private-partnership-to-bridge-housing-gap/
1313992714,20260717,202607,2026,2026.5397,GOV,GOVERNMENT,,,,,,GOV,,,,,,,,,,,,,0,071,071,07,2,7.4,1,1,1,-2.8099173553719,4,"Mexico City, Distrito Federal, Mexico",MX,MX09,20887,19.4342,-99.1386,-1658079,0,,,,,,,,4,"Mexico City, Distrito Federal, Mexico",MX,MX09,20887,19.4342,-99.1386,-1658079,20260717011500,https://www.sandiegouniontribune.com/2026/07/16/no-pollution-fix-no-deal-officials-warn-renewal-of-international-trade-pact-must-be-tied-to-solving-crisis/
1313992715,20260717,202607,2026,2026.5397,GOV,GOVERNMENT,,,,,,GOV,,,,,,,,,,,,,0,071,071,07,2,7.4,10,1,10,-0.44182621502209,4,"Sokoto, Sokoto, Nigeria",NI,NI51,190962,13.0609,5.23902,-2026911,0,,,,,,,,4,"Sokoto, Sokoto, Nigeria",NI,NI51,190962,13.0609,5.23902,-2026911,20260717011500,https://punchng.com/autonomy-battle-states-defy-supreme-court-control-n10tn-lg-allocations/
1313992716,20260717,202607,2026,2026.5397,GOV,GOVERNMENT,,,,,,GOV,,,,,,,,,,,,,0,071,071,07,2,7.4,1,1,1,-2.8099173553719,3,"San Diego, California, United States",US,USCA,CA073,32.7153,-117.157,1661377,0,,,,,,,,3,"San Diego, California, United States",US,USCA,,32.7153,-117.157,1661377,20260717011500,https://www.sandiegouniontribune.com/2026/07/16/no-pollution-fix-no-deal-officials-warn-renewal-of-international-trade-pact-must-be-tied-to-solving-crisis/
1313992717,20260717,202607,2026,2026.5397,GOV,GOVERNMENT,,,,,,GOV,,,,,,,,,,,,,0,071,071,07,2,7.4,8,1,8,-2.8099173553719,3,"Tijuana River, California, United States",US,USCA,CA073,32.5553,-117.129,255756,0,,,,,,,,3,"Tijuana River, California, United States",US,USCA,,32.5553,-117.129,255756,20260717011500,https://www.sandiegouniontribune.com/2026/07/16/no-pollution-fix-no-deal-officials-warn-renewal-of-international-trade-pact-must-be-tied-to-solving-crisis/
1313992718,20260717,202607,2026,2026.5397,GOV,GOVERNMENT,,,,,,GOV,,,,,,,,,,,,,0,071,071,07,2,7.4,2,1,2,2.81329923273657,1,India,IN,IN,,20,77,IN,0,,,,,,,,1,India,IN,IN,,20,77,IN,20260717011500,https://www.livemint.com/technology/semicon-2-0-vc-funding-chip-design-equity-semiconductor-government-11784207658957.html
1313992719,20260717,202607,2026,2026.5397,GOV,GOVERNMENT,,,,,,GOV,,,,,,,,,,,,,0,071,071,07,2,7.4,3,1,3,2.81329923273657,1,India,IN,IN,,20,77,IN,0,,,,,,,,1,Taiwan,TW,TW,,24,121,TW,20260717011500,https://www.livemint.com/technology/semicon-2-0-vc-funding-chip-design-equity-semiconductor-government-11784207658957.html
1313992720,20260717,202607,2026,2026.5397,GOV,GOVERNMENT,,,,,,GOV,,,,,,,,,,,,,1,071,071,07,2,7.4,10,1,10,-3.96551724137931,1,Malaysia,MY,MY,,2.5,112.5,MY,0,,,,,,,,1,Malaysia,MY,MY,,2.5,112.5,MY,20260717011500,https://www.thestar.com.my/news/nation/2026/07/17/massive-leakages-detected
1313992721,20260717,202607,2026,2026.5397,GOV,GOVERNMENT,,,,,,GOV,,,,,,,,,,,,,1,090,090,09,2,-2.0,10,1,10,-2.77777777777778,4,"Vancouver, British Columbia, Canada",CA,CA02,12552,49.25,-123.133,-575268,0,,,,,,,,4,"Vancouver, British Columbia, Canada",CA,CA02,12552,49.25,-123.133,-575268,20260717011500,https://globalnews.ca/news/11969430/metro-vancouver-cao-jerry-dobrovolny-could-be-on-way-out/
1313992722,20260717,202607,2026,2026.5397,GOV,CHIEF EXECUTIVE,,,,,,GOV,,,,,,,,,,,,,1,090,090,09,2,-2.0,5,1,5,5.06172839506173,2,"Tennessee, United States",US,USTN,,35.7449,-86.7489,TN,0,,,,,,,,2,"Tennessee, United States",US,USTN,,35.7449,-86.7489,TN,20260717011500,https://www.manilatimes.net/2026/07/17/tmt-newswire/globenewswire/marketing-veteran-bryan-dulaney-is-advising-safespace-global-on-growth-strategy/2386329
1313992723,20260717,202607,2026,2026.5397,GOV,ADMINISTRATION,,,,,,GOV,,,,,,,,,,,,,1,090,090,09,2,-2.0,10,1,10,-2.79898218829517,2,"West Virginia, United States",US,USWV,,38.468,-80.9696,WV,0,,,,,,,,2,"West Virginia, United States",US,USWV,,38.468,-80.9696,WV,20260717011500,https://aa.com.tr/en/americas/lettuce-supplier-identified-as-possible-source-of-parasitic-outbreak-at-us-taco-bell-restaurants-report/4000870
1313992724,20260717,202607,2026,2026.5397,GOV,PRESIDENT,,,,,,GOV,,,,,,,,,,,,,1,100,100,10,3,-5.0,2,1,2,3.63636363636364,2,"Louisiana, United States",US,USLA,,31.1801,-91.8749,LA,0,,,,,,,,2,"Louisiana, United States",US,USLA,,31.1801,-91.8749,LA,20260717011500,http://www.singaporestar.com/news/279192189/saronic-to-build-port-alpha-america-next-generation-shipyard-in-brownsville-texas
1313992725,20260717,202607,2026,2026.5397,GOV,ADMINISTRATION,,,,,,GOV,,,,,,,,,,,,,0,110,110,11,3,-2.0,7,1,7,-3.80577427821522,3,"Capitol Hill, District of Columbia, United States",US,USDC,DC001,38.889,-77.0003,529313,0,,,,,,,,3,"Capitol Hill, District of Columbia, United States",US,USDC,,38.889,-77.0003,529313,20260717011500,https://www.boston.com/news/politics/2026/07/16/blanche-to-meet-with-epstein-accusers-after-demand-from-republican-senator-crucial-to-confirmation/
1313992726,20260717,202607,2026,2026.5397,GOV,AUTHORITIES,,,,,,GOV,,,,,,,,,,,,,1,173,173,17,4,-5.0,10,1,10,-5.6379821958457,2,"Texas, United States",US,USTX,,31.106,-97.6475,TX,0,,,,,,,,2,"Texas, United States",US,USTX,,31.106,-97.6475,TX,20260717011500,https://www.nbcdfw.com/news/local/person-arrest-explosive-devices-driving-reckless-lakeside/4050679/
1313992727,20260717,202607,2026,2026.5397,GOV,ADMINISTRATION,,,,,,GOV,,,,,,,,,,,,,0,174,174,17,4,-5.0,20,2,20,-3.4238546449155,3,"Phoenix, Arizona, United States",US,USAZ,AZ013,33.4484,-112.074,44784,0,,,,,,,,3,"Phoenix, Arizona, United States",US,USAZ,AZ013,33.4484,-112.074,44784,20260717011500,https://www.yahoo.com/news/politics/articles/maine-shooting-officers-background-raise-004001070.html
1313992728,20260717,202607,2026,2026.5397,GOV,FIREFIGHTER,,,,,,GOV,,,,,,,,,,,,,1,190,190,19,4,-10.0,10,1,10,-1.21951219512195,3,"Fort Worth, Texas, United States",US,USTX,TX439,32.7254,-97.3208,1380947,0,,,,,,,,3,"Fort Worth, Texas, United States",US,USTX,,32.7254,-97.3208,1380947,20260717011500,https://www.nbcdfw.com/news/local/warehouse-fire-breaks-out-at-business-park-in-far-north-fort-worth/4050622/
1313992729,20260717,202607,2026,2026.5397,GOV,AUTHORITIES,,,,,,GOV,,,,,,,,,,,,,1,193,193,19,4,-10.0,10,1,10,-12.6582278481013,0,,,,,,,,0,,,,,,,,0,,,,,,,,20260717011500,https://www.kswo.com/2026/07/16/enid-man-faces-charges-leading-authorities-high-speed-chase-shootout/
1313992730,20260717,202607,2026,2026.5397,GOV,GOVERNMENT,,,,,,GOV,,,BUS,COMPANY,,,,,,BUS,,,1,030,030,03,1,4.0,10,1,10,3.32480818414323,4,"New Delhi, Delhi, India",IN,IN07,17911,28.6,77.2,-2106102,4,"New Delhi, Delhi, India",IN,IN07,17911,28.6,77.2,-2106102,4,"New Delhi, Delhi, India",IN,IN07,17911,28.6,77.2,-2106102,20260717011500,https://economictimes.indiatimes.com/industry/telecom/telecom-policy/reliance-jios-1600-leo-satellite-plan-gets-in-space-technical-nod-moves-closer-to-indias-first-homegrown-constellation/articleshow/132447556.cms
1313992731,20260717,202607,2026,2026.5397,GOV,GOVERNMENT,,,,,,GOV,,,BUS,COMPANY,,,,,,BUS,,,1,030,030,03,1,4.0,10,1,10,2.95566502463054,1,India,IN,IN,,20,77,IN,1,India,IN,IN,,20,77,IN,1,India,IN,IN,,20,77,IN,20260717011500,https://economictimes.indiatimes.com/et-front/jio-gets-green-light-for-leo-constellation/articleshow/132448202.cms
1313992732,20260717,202607,2026,2026.5397,GOV,CHIEF EXECUTIVE,,,,,,GOV,,,BUS,COMPANY,,,,,,BUS,,,1,090,090,09,2,-2.0,3,1,3,5.06172839506173,2,"Tennessee, United States",US,USTN,,35.7449,-86.7489,TN,2,"Tennessee, United States",US,USTN,,35.7449,-86.7489,TN,2,"Tennessee, United States",US,USTN,,35.7449,-86.7489,TN,20260717011500,https://www.manilatimes.net/2026/07/17/tmt-newswire/globenewswire/marketing-veteran-bryan-dulaney-is-advising-safespace-global-on-growth-strategy/2386329
1313992733,20260717,202607,2026,2026.5397,GOV,MAYOR,,,,,,GOV,,,CAN,CANADA,CAN,,,,,,,,1,020,020,02,1,3.0,1,1,1,-2.77777777777778,4,"Vancouver, British Columbia, Canada",CA,CA02,12552,49.25,-123.133,-575268,4,"Vancouver, British Columbia, Canada",CA,CA02,12552,49.25,-123.133,-575268,4,"Vancouver, British Columbia, Canada",CA,CA02,12552,49.25,-123.133,-575268,20260717011500,https://globalnews.ca/news/11969430/metro-vancouver-cao-jerry-dobrovolny-could-be-on-way-out/
1313992734,20260717,202607,2026,2026.5397,GOV,FIREFIGHTER,,,,,,GOV,,,COP,PRISON,,,,,,COP,,,1,173,173,17,4,-5.0,20,1,10,-16.6666666666667,0,,,,,,,,0,,,,,,,,0,,,,,,,,20260717011500,https://qns.com/2026/07/former-fdny-firefighter-sentenced-fatal-collision/
1313992735,20260717,202607,2026,2026.5397,GOV,MAYOR,,,,,,GOV,,,CVL,RESIDENTS,,,,,,CVL,,,1,012,012,01,1,-0.4,8,1,8,-4.76787954830615,4,"Green Lake, Saskatchewan, Canada",CA,CA11,154724,54.2667,-107.783,-565606,4,"Green Lake, Saskatchewan, Canada",CA,CA11,154724,54.2667,-107.783,-565606,4,"Green Lake, Saskatchewan, Canada",CA,CA11,154724,54.2667,-107.783,-565606,20260717011500,https://www.castanetkamloops.net/news/BC/624952/Nervous-times-in-Pemberton-B-C-as-residents-watch-fire-fight-from-their-backyards
1313992736,20260717,202607,2026,2026.5397,GOV,RULER,,,,,,GOV,,,CVL,COMMUNITY,,,,,,CVL,,,0,017,017,01,1,0.0,5,1,5,2.48538011695907,4,"Lagos, Lagos, Nigeria",NI,NI05,191416,6.45306,3.39583,-2017355,4,"Lagos, Lagos, Nigeria",NI,NI05,191416,6.45306,3.39583,-2017355,4,"Lagos, Lagos, Nigeria",NI,NI05,191416,6.45306,3.39583,-2017355,20260717011500,https://punchng.com/family-honours-lagos-ex-lawmaker-launches-foundation/
1313992737,20260717,202607,2026,2026.5397,GOV,INTERIOR SECRETARY,,,,,,GOV,,,CVL,POPULATION,,,,,,CVL,,,1,051,051,05,1,3.4,1,1,1,-1.64576802507837,2,"Montana, United States",US,USMT,,46.9048,-110.326,MT,2,"Montana, United States",US,USMT,,46.9048,-110.326,MT,2,"Montana, United States",US,USMT,,46.9048,-110.326,MT,20260717011500,"http://www.chronline.com/stories/feds-propose-rule-shifting-management-of-grizzly-bears-toward-states,405569"
1313992738,20260717,202607,2026,2026.5397,GOV,MAYOR,,,,,,GOV,,,CVL,COMMUNITY,,,,,,CVL,,,1,190,190,19,4,-10.0,8,1,8,-4.76787954830615,1,United Kingdom,UK,UK,,54,-4,UK,1,United Kingdom,UK,UK,,54,-4,UK,1,United Kingdom,UK,UK,,54,-4,UK,20260717011500,https://www.castanetkamloops.net/news/BC/624952/Nervous-times-in-Pemberton-B-C-as-residents-watch-fire-fight-from-their-backyards
1313992739,20260717,202607,2026,2026.5397,GOV,GOVERNMENT,,,,,,GOV,,,EDU,STUDENT,,,,,,EDU,,,0,030,030,03,1,4.0,10,1,10,4.44839857651246,4,"Delhi, Delhi, India",IN,IN07,17911,28.6667,77.2167,-2094230,4,"Delhi, Delhi, India",IN,IN07,17911,28.6667,77.2167,-2094230,4,"Delhi, Delhi, India",IN,IN07,17911,28.6667,77.2167,-2094230,20260717011500,https://indianexpress.com/article/cities/delhi/seed-funding-of-up-to-rs-10-lakh-for-students-in-delhi-governments-new-start-up-policy-10790216/
1313992740,20260717,202607,2026,2026.5397,GOV,GOVERNMENT,,,,,,GOV,,,EDU,SCHOOL,,,,,,EDU,,,0,1721,172,17,4,-5.0,3,1,3,0.10600706713781,3,"Shelbina, Missouri, United States",US,USMO,MO205,39.6939,-92.043,726302,3,"Shelbina, Missouri, United States",US,USMO,MO205,39.6939,-92.043,726302,3,"Shelbina, Missouri, United States",US,USMO,MO205,39.6939,-92.043,726302,20260717011500,"http://www.kirksvilledailyexpress.com/stories/farm-backing-trump-loyalty-shape-gop-race-to-replace-sam-graves-in-missouris-6th-district,31759"
1313992741,20260717,202607,2026,2026.5397,GOV,GOVERNMENT,,,,,,GOV,,,EDU,SCHOOL,,,,,,EDU,,,0,1721,172,17,4,-5.0,2,1,2,0.10600706713781,2,"Missouri, United States",US,USMO,,38.4623,-92.302,MO,2,"Missouri, United States",US,USMO,,38.4623,-92.302,MO,2,"Missouri, United States",US,USMO,,38.4623,-92.302,MO,20260717011500,"http://www.kirksvilledailyexpress.com/stories/farm-backing-trump-loyalty-shape-gop-race-to-replace-sam-graves-in-missouris-6th-district,31759"
1313992742,20260717,202607,2026,2026.5397,GOV,PRESIDENT,,,,,,GOV,,,GBR,UNITED KINGDOM,GBR,,,,,,,,1,010,010,01,1,0.0,6,1,6,-1.04166666666667,3,"White House, District of Columbia, United States",US,USDC,,38.8951,-77.0364,531871,3,"White House, District of Columbia, United States",US,USDC,,38.8951,-77.0364,531871,3,"White House, District of Columbia, United States",US,USDC,,38.8951,-77.0364,531871,20260717011500,https://www.express.co.uk/news/us/2230061/trump-s-press-secretary-updates-world-before-major-presidential-speech
1313992743,20260717,202607,2026,2026.5397,GOV,PRESIDENT,,,,,,GOV,,,GBR,UNITED KINGDOM,GBR,,,,,,,,1,010,010,01,1,0.0,2,1,2,-1.04166666666667,3,"White House, District of Columbia, United States",US,USDC,,38.8951,-77.0364,531871,1,United Kingdom,UK,UK,,54,-4,UK,3,"White House, District of Columbia, United States",US,USDC,,38.8951,-77.0364,531871,20260717011500,https://www.express.co.uk/news/us/2230061/trump-s-press-secretary-updates-world-before-major-presidential-speech
1313992744,20260717,202607,2026,2026.5397,GOV,GOVERNMENT,,,,,,GOV,,,IGOUNO,UNITED NATIONS,,UNO,,,,IGO,,,1,042,042,04,1,1.9,1,1,1,4.60405156537753,4,"Jigawa, Kano, Nigeria",NI,NI29,22847,11.951,7.93842,-2013704,4,"Jigawa, Kano, Nigeria",NI,NI29,22847,11.951,7.93842,-2013704,4,"Jigawa, Kano, Nigeria",NI,NI29,22847,11.951,7.93842,-2013704,20260717011500,https://punchng.com/unicef-jigawa-recommit-to-tackling-child-poverty/
1313992745,20260717,202607,2026,2026.5397,GOV,GOVERNMENT,,,,,,GOV,,,IGOUNO,UNITED NATIONS,,UNO,,,,IGO,,,1,051,051,05,1,3.4,1,1,1,4.60405156537753,4,"Jigawa, Kano, Nigeria",NI,NI29,22847,11.951,7.93842,-2013704,4,"Jigawa, Kano, Nigeria",NI,NI29,22847,11.951,7.93842,-2013704,4,"Jigawa, Kano, Nigeria",NI,NI29,22847,11.951,7.93842,-2013704,20260717011500,https://punchng.com/unicef-jigawa-recommit-to-tackling-child-poverty/
1313992746,20260717,202607,2026,2026.5397,GOV,GOVERNOR,,,,,,GOV,,,IGOUNOKID,UNICEF,,UNO,,,,IGO,,,1,043,043,04,1,2.8,2,1,2,4.60405156537753,4,"Dutse, Jigawa, Nigeria",NI,NI39,22803,11.7594,9.33921,-2005564,4,"Kano, Kano, Nigeria",NI,NI29,191030,11.9964,8.51667,-2014610,4,"Kano, Kano, Nigeria",NI,NI29,191030,11.9964,8.51667,-2014610,20260717011500,https://punchng.com/unicef-jigawa-recommit-to-tackling-child-poverty/
1313992747,20260717,202607,2026,2026.5397,GOV,GOVERNOR,,,,,,GOV,,,IGOUNOKID,UNICEF,,UNO,,,,IGO,,,1,043,043,04,1,2.8,6,1,6,4.60405156537753,4,"Kano, Kano, Nigeria",NI,NI29,191030,11.9964,8.51667,-2014610,4,"Kano, Kano, Nigeria",NI,NI29,191030,11.9964,8.51667,-2014610,4,"Kano, Kano, Nigeria",NI,NI29,191030,11.9964,8.51667,-2014610,20260717011500,https://punchng.com/unicef-jigawa-recommit-to-tackling-child-poverty/
1313992748,20260717,202607,2026,2026.5397,GOV,PRESIDENT,,,,,,GOV,,,IRN,IRAN,IRN,,,,,,,,0,042,042,04,1,1.9,2,1,2,-3.21199143468951,1,Iran,IR,IR,,32,53,IR,1,Iran,IR,IR,,32,53,IR,1,Iran,IR,IR,,32,53,IR,20260717011500,https://www.newsday.com/news/nation/iran-war-house-republican-budget-f83889
1313992749,20260717,202607,2026,2026.5397,GOV,PRESIDENT,,,,,,GOV,,,IRN,IRAN,IRN,,,,,,,,1,190,190,19,4,-10.0,2,1,2,-3.2,4,"Ankara, Ankara, Turkey",TU,TU68,27516,39.9272,32.8644,-735338,4,"Ankara, Ankara, Turkey",TU,TU68,27516,39.9272,32.8644,-735338,4,"Ankara, Ankara, Turkey",TU,TU68,27516,39.9272,32.8644,-735338,20260717011500,https://www.express.co.uk/news/us/2230062/trump-s-wife-family-displayed-blood-blood-iran-coffins-mural
1313992750,20260717,202607,2026,2026.5397,GOV,PRESIDENT,,,,,,GOV,,,IRN,IRAN,IRN,,,,,,,,1,190,190,19,4,-10.0,2,1,2,-3.2,1,Israel,IS,IS,,31.5,34.75,IS,4,"Tehran, Tehran, Iran",IR,IR26,41130,35.75,51.5148,10074674,1,Israel,IS,IS,,31.5,34.75,IS,20260717011500,https://www.express.co.uk/news/us/2230062/trump-s-wife-family-displayed-blood-blood-iran-coffins-mural
1313992751,20260717,202607,2026,2026.5397,GOV,PRESIDENT,,,,,,GOV,,,ISR,ISRAEL,ISR,,,,,,,,1,100,100,10,3,-5.0,2,1,2,-3.22580645161291,4,"Tel Aviv, Tel Aviv, Israel",IS,IS05,18316,32.0667,34.7667,-781545,4,"Tel Aviv, Tel Aviv, Israel",IS,IS05,18316,32.0667,34.7667,-781545,4,"Tel Aviv, Tel Aviv, Israel",IS,IS05,18316,32.0667,34.7667,-781545,20260717011500,https://aa.com.tr/en/middle-east/israeli-army-setting-up-permanent-new-military-posts-in-southern-lebanon-report/4000876
1313992752,20260717,202607,2026,2026.5397,GOV,PRESIDENT,,,,,,GOV,,,ISR,ISRAEL,ISR,,,,,,,,1,100,100,10,3,-5.0,1,1,1,-3.22580645161291,1,Lebanon,LE,LE,,33.833333,35.833333,LE,4,"Tel Aviv, Tel Aviv, Israel",IS,IS05,18316,32.0667,34.7667,-781545,4,"Tel Aviv, Tel Aviv, Israel",IS,IS05,18316,32.0667,34.7667,-781545,20260717011500,https://aa.com.tr/en/middle-east/israeli-army-setting-up-permanent-new-military-posts-in-southern-lebanon-report/4000876
1313992753,20260717,202607,2026,2026.5397,GOV,PRESIDENT,,,,,,GOV,,,JPN,JAPAN,JPN,,,,,,,,0,010,010,01,1,0.0,3,1,3,0.1573564122738,1,Japan,JA,JA,,36,138,JA,1,Japan,JA,JA,,36,138,JA,1,Japan,JA,JA,,36,138,JA,20260717011500,https://carbuzz.com/japanese-automakers-collaboration-common-parts/
1313992754,20260717,202607,2026,2026.5397,GOV,PRESIDENT,,,,,,GOV,,,JPN,JAPAN,JPN,,,,,,,,0,013,013,01,1,0.4,2,1,2,0.1573564122738,1,Japan,JA,JA,,36,138,JA,1,Japan,JA,JA,,36,138,JA,1,Japan,JA,JA,,36,138,JA,20260717011500,https://carbuzz.com/japanese-automakers-collaboration-common-parts/
1313992755,20260717,202607,2026,2026.5397,GOV,PRESIDENT,,,,,,GOV,,,JPN,JAPAN,JPN,,,,,,,,0,020,020,02,1,3.0,3,1,3,0.1573564122738,1,Japan,JA,JA,,36,138,JA,1,Japan,JA,JA,,36,138,JA,1,Japan,JA,JA,,36,138,JA,20260717011500,https://carbuzz.com/japanese-automakers-collaboration-common-parts/
1313992756,20260717,202607,2026,2026.5397,GOV,PRIME MINISTER,,,,,,GOV,,,LAO,LAOS,LAO,,,,,,,,0,010,010,01,1,0.0,6,1,6,-5.96745027124774,4,"Vang Vieng, Viangchan, Laos",LA,LA27,74338,18.9333,102.45,-2666441,4,"Vang Vieng, Viangchan, Laos",LA,LA27,74338,18.9333,102.45,-2666441,4,"Vang Vieng, Viangchan, Laos",LA,LA27,74338,18.9333,102.45,-2666441,20260717011500,https://www.theguardian.com/australia-news/2026/jul/17/laos-methanol-poisoning-charges-bianca-jones-holly-bowles-deaths
1313992757,20260717,202607,2026,2026.5397,GOV,AUTHORITIES,,,,,,GOV,,,MEX,TIJUANA,MEX,,,,,,,,0,173,173,17,4,-5.0,10,1,10,-9.78670012547053,4,"Tijuana, Baja California, Mexico",MX,MX02,19588,32.5333,-117.017,-1705741,4,"Tijuana, Baja California, Mexico",MX,MX02,19588,32.5333,-117.017,-1705741,4,"Tijuana, Baja California, Mexico",MX,MX02,19588,32.5333,-117.017,-1705741,20260717011500,https://www.sandiegouniontribune.com/2026/07/16/san-ysidro-man-sentenced-for-impersonating-ice-agent-to-defraud-immigrants/
1313992758,20260717,202607,2026,2026.5397,GOV,MINIST,,,,,,GOV,,,MOSEDU,ISLAMIC,,,,MOS,,EDU,,,0,020,020,02,1,3.0,10,1,10,-0.57692307692308,4,"Kuala Lumpur, Kuala Lumpur, Malaysia",MY,MY14,18585,3.16667,101.7,-2403010,4,"Kuala Lumpur, Kuala Lumpur, Malaysia",MY,MY14,18585,3.16667,101.7,-2403010,4,"Kuala Lumpur, Kuala Lumpur, Malaysia",MY,MY14,18585,3.16667,101.7,-2403010,20260717011500,https://www.malaysiakini.com/newsletter/779919
1313992759,20260717,202607,2026,2026.5397,GOV,PRIME MINISTER,,,,,,GOV,,,MYS,MALAYSIA,MYS,,,,,,,,0,014,014,01,1,0.0,1,1,1,-0.57692307692308,4,"Kuala Lumpur, Kuala Lumpur, Malaysia",MY,MY14,18585,3.16667,101.7,-2403010,4,"Kuala Lumpur, Kuala Lumpur, Malaysia",MY,MY14,18585,3.16667,101.7,-2403010,5,"Negeri Sembilan, Negeri Sembilan, Malaysia",MY,MY05,18585,2.75,102.167,-2405161,20260717011500,https://www.malaysiakini.com/newsletter/779919
1313992760,20260717,202607,2026,2026.5397,GOV,PRIME MINISTER,,,,,,GOV,,,MYS,MALAYSIA,MYS,,,,,,,,0,014,014,01,1,0.0,1,1,1,-0.57692307692308,4,"Kuala Lumpur, Kuala Lumpur, Malaysia",MY,MY14,18585,3.16667,101.7,-2403010,5,"Negeri Sembilan, Negeri Sembilan, Malaysia",MY,MY05,18585,2.75,102.167,-2405161,5,"Negeri Sembilan, Negeri Sembilan, Malaysia",MY,MY05,18585,2.75,102.167,-2405161,20260717011500,https://www.malaysiakini.com/newsletter/779919
1313992761,20260717,202607,2026,2026.5397,GOV,PRIME MINISTER,,,,,,GOV,,,MYS,MALAYSIA,MYS,,,,,,,,0,020,020,02,1,3.0,1,1,1,-0.57692307692308,4,"Kuala Lumpur, Kuala Lumpur, Malaysia",MY,MY14,18585,3.16667,101.7,-2403010,4,"Kuala Lumpur, Kuala Lumpur, Malaysia",MY,MY14,18585,3.16667,101.7,-2403010,4,"Kuala Lumpur, Kuala Lumpur, Malaysia",MY,MY14,18585,3.16667,101.7,-2403010,20260717011500,https://www.malaysiakini.com/newsletter/779919
1313992762,20260717,202607,2026,2026.5397,GOV,PRIME MINISTER,,,,,,GOV,,,MYS,MALAYSIA,MYS,,,,,,,,0,020,020,02,1,3.0,1,1,1,-0.57692307692308,4,"Kuala Lumpur, Kuala Lumpur, Malaysia",MY,MY14,18585,3.16667,101.7,-2403010,5,"Negeri Sembilan, Negeri Sembilan, Malaysia",MY,MY05,18585,2.75,102.167,-2405161,4,"Kuala Lumpur, Kuala Lumpur, Malaysia",MY,MY14,18585,3.16667,101.7,-2403010,20260717011500,https://www.malaysiakini.com/newsletter/779919
1313992763,20260717,202607,2026,2026.5397,GOV,KINGDOM,,,,,,GOV,,,NGA,NIGERIAN,NGA,,,,,,,,0,010,010,01,1,0.0,1,1,1,2.48538011695907,4,"Olowu, Ogun, Nigeria",NI,NI16,22956,6.69066,3.02014,10281307,4,"Olowu, Ogun, Nigeria",NI,NI16,22956,6.69066,3.02014,10281307,4,"Olowu, Ogun, Nigeria",NI,NI16,22956,6.69066,3.02014,10281307,20260717011500,https://punchng.com/family-honours-lagos-ex-lawmaker-launches-foundation/
1313992764,20260717,202607,2026,2026.5397,GOV,GOVERNOR,,,,,,GOV,,,NGA,NIGERIA,NGA,,,,,,,,0,013,013,01,1,0.4,3,1,3,1.24013304511112,4,"Dutse, Jigawa, Nigeria",NI,NI39,22803,11.7594,9.33921,-2005564,4,"Jigawa, Kano, Nigeria",NI,NI29,22847,11.951,7.93842,-2013704,4,"Dutse, Jigawa, Nigeria",NI,NI39,22803,11.7594,9.33921,-2005564,20260717011500,https://punchng.com/unicef-jigawa-recommit-to-tackling-child-poverty/
1313992765,20260717,202607,2026,2026.5397,GOV,GOVERNMENT,,,,,,GOV,,,NGA,NIGERIA,NGA,,,,,,,,0,013,013,01,1,0.4,2,1,2,-0.44182621502209,4,"Dutse, Jigawa, Nigeria",NI,NI39,22803,11.7594,9.33921,-2005564,4,"Jigawa, Kano, Nigeria",NI,NI29,22847,11.951,7.93842,-2013704,4,"Jigawa, Kano, Nigeria",NI,NI29,22847,11.951,7.93842,-2013704,20260717011500,https://punchng.com/autonomy-battle-states-defy-supreme-court-control-n10tn-lg-allocations/
1313992766,20260717,202607,2026,2026.5397,GOV,GOVERNOR,,,,,,GOV,,,NGA,NIGERIA,NGA,,,,,,,,0,013,013,01,1,0.4,5,1,5,4.60405156537753,4,"Jigawa, Kano, Nigeria",NI,NI29,22847,11.951,7.93842,-2013704,4,"Jigawa, Kano, Nigeria",NI,NI29,22847,11.951,7.93842,-2013704,4,"Jigawa, Kano, Nigeria",NI,NI29,22847,11.951,7.93842,-2013704,20260717011500,https://punchng.com/unicef-jigawa-recommit-to-tackling-child-poverty/
1313992767,20260717,202607,2026,2026.5397,GOV,PRESIDENT,,,,,,GOV,,,NGA,ABUJA,NGA,,,,,,,,0,020,020,02,1,3.0,8,1,8,-0.44182621502209,4,"Abuja, Abuja Federal Capital Territory, Nigeria",NI,NI11,191147,9.08333,7.53333,-1997013,4,"Abuja, Abuja Federal Capital Territory, Nigeria",NI,NI11,191147,9.08333,7.53333,-1997013,4,"Abuja, Abuja Federal Capital Territory, Nigeria",NI,NI11,191147,9.08333,7.53333,-1997013,20260717011500,https://punchng.com/autonomy-battle-states-defy-supreme-court-control-n10tn-lg-allocations/
1313992768,20260717,202607,2026,2026.5397,GOV,KINGDOM,,,,,,GOV,,,NGA,NIGERIAN,NGA,,,,,,,,0,020,020,02,1,3.0,1,1,1,2.48538011695907,4,"Olowu, Ogun, Nigeria",NI,NI16,22956,6.69066,3.02014,10281307,4,"Olowu, Ogun, Nigeria",NI,NI16,22956,6.69066,3.02014,10281307,4,"Olowu, Ogun, Nigeria",NI,NI16,22956,6.69066,3.02014,10281307,20260717011500,https://punchng.com/family-honours-lagos-ex-lawmaker-launches-foundation/
1313992769,20260717,202607,2026,2026.5397,GOV,PRESIDENT,,,,,,GOV,,,NGA,ABUJA,NGA,,,,,,,,0,0234,023,02,1,3.4,8,1,8,-0.44182621502209,4,"Abuja, Abuja Federal Capital Territory, Nigeria",NI,NI11,191147,9.08333,7.53333,-1997013,4,"Abuja, Abuja Federal Capital Territory, Nigeria",NI,NI11,191147,9.08333,7.53333,-1997013,4,"Abuja, Abuja Federal Capital Territory, Nigeria",NI,NI11,191147,9.08333,7.53333,-1997013,20260717011500,https://punchng.com/autonomy-battle-states-defy-supreme-court-control-n10tn-lg-allocations/
1313992770,20260717,202607,2026,2026.5397,GOV,PRESIDENT,,,,,,GOV,,,USA,UNITED STATES,USA,,,,,,,,1,010,010,01,1,0.0,2,1,2,-0.28901734104046,1,United States,US,US,,39.828175,-98.5795,US,1,United States,US,US,,39.828175,-98.5795,US,1,United States,US,US,,39.828175,-98.5795,US,20260717011500,https://economictimes.indiatimes.com/news/newsblogs/breaking-news-live-updates-trump-live-address-news-updates-india-weather-trump-tariffs-trump-on-india-sonam-wangchuk-breaking-news-today-supreme-court-rahul-gandhi-pm-modi-tmc/liveblog/132450316.cms
1313992771,20260717,202607,2026,2026.5397,GOV,STATE OFFICIAL,,,,,,GOV,,,USA,MICHIGAN,USA,,,,,,,,0,020,020,02,1,3.0,4,1,4,-4.3298969072165,3,"Washington, District of Columbia, United States",US,USDC,DC001,38.8951,-77.0364,531871,2,"Michigan, United States",US,USMI,,43.3504,-84.5603,MI,3,"Washington, District of Columbia, United States",US,USDC,DC001,38.8951,-77.0364,531871,20260717011500,https://www.theguardian.com/us-news/2026/jul/16/taco-bell-lettuce-cyclosporiasis-outbreak
1313992772,20260717,202607,2026,2026.5397,GOV,STATE OFFICIAL,,,,,,GOV,,,USA,MICHIGAN,USA,,,,,,,,0,020,020,02,1,3.0,6,1,6,-4.3298969072165,3,"Washington, District of Columbia, United States",US,USDC,DC001,38.8951,-77.0364,531871,2,"Michigan, United States",US,USMI,,43.3504,-84.5603,MI,2,"Michigan, United States",US,USMI,,43.3504,-84.5603,MI,20260717011500,https://www.theguardian.com/us-news/2026/jul/16/taco-bell-lettuce-cyclosporiasis-outbreak
1313992773,20260717,202607,2026,2026.5397,GOV,MAYOR,,,,,,GOV,,,USA,UNITED STATES,USA,,,,,,,,0,020,020,02,1,3.0,2,1,2,1.62432319866723,3,"Storey County, Nevada, United States",US,USNV,NV029,39.3752,-119.501,858642,3,"Carson City, Nevada, United States",US,USNV,,39.1638,-119.767,863976,3,"Carson City, Nevada, United States",US,USNV,,39.1638,-119.767,863976,20260717011500,https://www.carsonnow.org/07/16/2026/supervisors-vote-to-disband-carson-city-cultural-commission-citing-lack-of-community-engagement
1313992774,20260717,202607,2026,2026.5397,GOV,ATTORNEY GENERAL,,,,,,GOV,,,USA,KANSAS,USA,,,,,,,,1,020,020,02,1,3.0,2,1,2,-2.16450216450216,2,"Kansas, United States",US,USKS,,38.5111,-96.8005,KS,2,"Kansas, United States",US,USKS,,38.5111,-96.8005,KS,2,"Kansas, United States",US,USKS,,38.5111,-96.8005,KS,20260717011500,https://www.wibw.com/2026/07/16/kansas-judge-temporarily-reinstates-mail-ballot-grace-period-state-leaders-file-appeals/
1313992775,20260717,202607,2026,2026.5397,GOV,PRESIDENT,,,,,,GOV,,,USA,UNITED STATES,USA,,,,,,,,0,020,020,02,1,3.0,2,1,2,0.10600706713781,2,"Missouri, United States",US,USMO,,38.4623,-92.302,MO,2,"Missouri, United States",US,USMO,,38.4623,-92.302,MO,2,"Missouri, United States",US,USMO,,38.4623,-92.302,MO,20260717011500,"http://www.kirksvilledailyexpress.com/stories/farm-backing-trump-loyalty-shape-gop-race-to-replace-sam-graves-in-missouris-6th-district,31759"
1313992776,20260717,202607,2026,2026.5397,GOV,GOVERNOR,,,,,,GOV,,,USA,UNITED STATES,USA,,,,,,,,1,040,040,04,1,1.0,8,1,8,-0.43668122270743,3,"Jefferson County, Missouri, United States",US,USMO,MO099,38.2667,-90.5835,758504,3,"Jefferson County, Missouri, United States",US,USMO,,38.2667,-90.5835,758504,3,"Jefferson County, Missouri, United States",US,USMO,,38.2667,-90.5835,758504,20260717011500,https://www.mymoinfo.com/governor-signs-controversial-annexation-bill-puts-jefferson-county-cities-at-odds-against-county-7-16-2026/
1313992777,20260717,202607,2026,2026.5397,GOV,GOVERNOR,,,,,,GOV,,,USA,UNITED STATES,USA,,,,,,,,1,046,046,04,1,7.0,8,1,8,-0.43668122270743,3,"Jefferson County, Missouri, United States",US,USMO,MO099,38.2667,-90.5835,758504,3,"Jefferson County, Missouri, United States",US,USMO,,38.2667,-90.5835,758504,3,"Jefferson County, Missouri, United States",US,USMO,,38.2667,-90.5835,758504,20260717011500,https://www.mymoinfo.com/governor-signs-controversial-annexation-bill-puts-jefferson-county-cities-at-odds-against-county-7-16-2026/
1313992778,20260717,202607,2026,2026.5397,GOV,MAYOR,,,,,,GOV,,,USA,JERSEY,USA,,,,,,,,1,046,046,04,1,7.0,3,1,3,0.84745762711865,1,Jersey,JE,JE,,49.216667,-2.116667,JE,1,Jersey,JE,JE,,49.216667,-2.116667,JE,1,Jersey,JE,JE,,49.216667,-2.116667,JE,20260717011500,https://www.spartaindependent.com/news/local-news/former-political-rivals-reunite-to-honor-michael-larose-CC6037523
1313992779,20260717,202607,2026,2026.5397,GOV,MAYOR,,,,,,GOV,,,USA,JERSEY,USA,,,,,,,,1,051,051,05,1,3.4,3,1,3,0.84745762711865,1,Jersey,JE,JE,,49.216667,-2.116667,JE,1,Jersey,JE,JE,,49.216667,-2.116667,JE,1,Jersey,JE,JE,,49.216667,-2.116667,JE,20260717011500,https://www.spartaindependent.com/news/local-news/former-political-rivals-reunite-to-honor-michael-larose-CC6037523
1313992780,20260717,202607,2026,2026.5397,GOV,PRESIDENT,,,,,,GOV,,,USA,UNITED STATES,USA,,,,,,,,1,100,100,10,3,-5.0,6,1,6,3.63636363636364,2,"Louisiana, United States",US,USLA,,31.1801,-91.8749,LA,2,"Louisiana, United States",US,USLA,,31.1801,-91.8749,LA,2,"Louisiana, United States",US,USLA,,31.1801,-91.8749,LA,20260717011500,http://www.singaporestar.com/news/279192189/saronic-to-build-port-alpha-america-next-generation-shipyard-in-brownsville-texas
1313992781,20260717,202607,2026,2026.5397,GOV,GOVERNMENT,,,,,,GOV,,,USA,UNITED STATES,USA,,,,,,,,0,173,173,17,4,-5.0,8,1,8,-1.67386609071274,3,"Seneca County, Ohio, United States",US,USOH,OH147,41.1167,-83.1166,1074086,3,"Seneca County, Ohio, United States",US,USOH,,41.1167,-83.1166,1074086,3,"Seneca County, Ohio, United States",US,USOH,,41.1167,-83.1166,1074086,20260717011500,https://www.unitaid.eu/seneca-county-jail-inmate-list-j1rp.html
1313992782,20260717,202607,2026,2026.5397,GOV,ATTORNEY GENERAL,,,,,,GOV,,,USAJUD,KANSAS,USA,,,,,JUD,,,1,020,020,02,1,3.0,6,1,6,-2.16450216450216,2,"Kansas, United States",US,USKS,,38.5111,-96.8005,KS,2,"Kansas, United States",US,USKS,,38.5111,-96.8005,KS,2,"Kansas, United States",US,USKS,,38.5111,-96.8005,KS,20260717011500,https://www.wibw.com/2026/07/16/kansas-judge-temporarily-reinstates-mail-ballot-grace-period-state-leaders-file-appeals/
1313992783,20260717,202607,2026,2026.5397,GOV,PRESIDENT,,,,,,GOV,,,VEN,VENEZUELAN,VEN,,,,,,,,0,190,190,19,4,-10.0,6,1,6,-3.71352785145889,1,Venezuela,VE,VE,,8,-66,VE,1,Venezuela,VE,VE,,8,-66,VE,1,Venezuela,VE,VE,,8,-66,VE,20260717011500,https://www.bangordailynews.com/2026/07/16/politics/elections/maine-democrats-1st-senate-debate/
1313992784,20260717,202607,2026,2026.5397,GOVEDU,DEPARTMENT OF EDUCATION,,,,,,GOV,EDU,,,,,,,,,,,,0,051,051,05,1,3.4,2,1,2,0.10600706713781,3,"Department Of Education, District of Columbia, United States",US,USDC,DC001,38.8862,-77.0183,530857,0,,,,,,,,3,"Department Of Education, District of Columbia, United States",US,USDC,,38.8862,-77.0183,530857,20260717011500,"http://www.kirksvilledailyexpress.com/stories/farm-backing-trump-loyalty-shape-gop-race-to-replace-sam-graves-in-missouris-6th-district,31759"
1313992785,20260717,202607,2026,2026.5397,GOVHLH,HEALTH OFFICIAL,,,,,,GOV,HLH,,,,,,,,,,,,1,020,020,02,1,3.0,5,1,5,-6.87830687830687,0,,,,,,,,0,,,,,,,,0,,,,,,,,20260717011500,https://www.live5news.com/2026/07/16/west-nile-virus-detected-lowcountry-mosquitoes/
1313992786,20260717,202607,2026,2026.5397,GOVMED,OFFICIAL NEWS AGENCY,,,,,,GOV,MED,,USA,AMERICAN,USA,,,,,,,,1,111,111,11,3,-2.0,2,1,2,-4.49438202247191,4,"Bandar Abbas, Hormozgan, Iran",IR,IR11,40896,27.1865,56.2808,-3055107,3,"White House, District of Columbia, United States",US,USDC,,38.8951,-77.0364,531871,3,"White House, District of Columbia, United States",US,USDC,,38.8951,-77.0364,531871,20260717011500,https://www.manilatimes.net/2026/07/17/world/americas-emea/us-iran-exchange-blows-in-rekindled-middle-east-war/2386334
1313992787,20260717,202607,2026,2026.5397,HLH,DOCTOR,,,,,,HLH,,,,,,,,,,,,,0,010,010,01,1,0.0,2,1,2,-4.55927051671732,3,"Fort Worth, Texas, United States",US,USTX,TX439,32.7254,-97.3208,1380947,0,,,,,,,,3,"Fort Worth, Texas, United States",US,USTX,,32.7254,-97.3208,1380947,20260717011500,https://abc7.com/post/dentist-chrishelle-hemphill-accused-giving-4yearold-lethal-doses-meperidine-demerol-sedatives-texas-police-say/19520152/
1313992788,20260717,202607,2026,2026.5397,HLH,DOCTOR,,,,,,HLH,,,,,,,,,,,,,0,010,010,01,1,0.0,6,1,6,-4.55927051671732,3,"Tarrant County, Texas, United States",US,USTX,TX439,32.7668,-97.3003,1384005,0,,,,,,,,3,"Tarrant County, Texas, United States",US,USTX,,32.7668,-97.3003,1384005,20260717011500,https://abc7.com/post/dentist-chrishelle-hemphill-accused-giving-4yearold-lethal-doses-meperidine-demerol-sedatives-texas-police-say/19520152/
1313992789,20260717,202607,2026,2026.5397,HLH,DOCTOR,,,,,,HLH,,,,,,,,,,,,,0,010,010,01,1,0.0,2,1,2,-4.55927051671732,2,"Texas, United States",US,USTX,,31.106,-97.6475,TX,0,,,,,,,,2,"Texas, United States",US,USTX,,31.106,-97.6475,TX,20260717011500,https://abc7.com/post/dentist-chrishelle-hemphill-accused-giving-4yearold-lethal-doses-meperidine-demerol-sedatives-texas-police-say/19520152/
1313992790,20260717,202607,2026,2026.5397,HLH,NURSE,,,,,,HLH,,,,,,,,,,,,,1,013,013,01,1,0.4,10,1,10,-1.56739811912226,2,"Georgia, United States",US,USGA,,32.9866,-83.6487,GA,0,,,,,,,,2,"Georgia, United States",US,USGA,,32.9866,-83.6487,GA,20260717011500,https://www.wsbtv.com/news/local/family-says-urgent-care-failed-notify-teen-positive-hiv-test-later-determined-be-incorrect/X63FQJ7R65BZHPJJLJVKUY5JUY/
1313992791,20260717,202607,2026,2026.5397,HLH,HOSPITAL,,,,,,HLH,,,,,,,,,,,,,0,043,043,04,1,2.8,8,1,8,-4.29594272076372,4,"Greater Manchester, United Kingdom (general), United Kingdom",UK,UK00,40111,53.45,-2.23333,-2597513,0,,,,,,,,4,"Greater Manchester, United Kingdom (general), United Kingdom",UK,UK00,40111,53.45,-2.23333,-2597513,20260717011500,https://www.mirror.co.uk/news/uk-news/marwan-jumaa-prison-escape-manchester-37442308
1313992792,20260717,202607,2026,2026.5397,HLH,HOSPITAL,,,,,,HLH,,,,,,,,,,,,,1,043,043,04,1,2.8,6,1,6,-6.8273092369478,3,"Fort Worth, Texas, United States",US,USTX,TX439,32.7254,-97.3208,1380947,0,,,,,,,,3,"Fort Worth, Texas, United States",US,USTX,,32.7254,-97.3208,1380947,20260717011500,https://www.mirror.co.uk/news/us-news/dentist-charged-over-girls-death-37442292
1313992793,20260717,202607,2026,2026.5397,HLH,HOSPITAL,,,,,,HLH,,,,,,,,,,,,,1,043,043,04,1,2.8,4,1,4,-6.8273092369478,3,"Tarrant County, Texas, United States",US,USTX,TX439,32.7668,-97.3003,1384005,0,,,,,,,,3,"Tarrant County, Texas, United States",US,USTX,,32.7668,-97.3003,1384005,20260717011500,https://www.mirror.co.uk/news/us-news/dentist-charged-over-girls-death-37442292
1313992794,20260717,202607,2026,2026.5397,HLH,HOSPITAL,,,,,,HLH,,,,,,,,,,,,,0,043,043,04,1,2.8,2,1,2,-4.29594272076372,1,Sudan,SU,SU,,16,30,SU,0,,,,,,,,1,Sudan,SU,SU,,16,30,SU,20260717011500,https://www.mirror.co.uk/news/uk-news/marwan-jumaa-prison-escape-manchester-37442308
1313992795,20260717,202607,2026,2026.5397,HLH,PHYSICIAN,,,,,,HLH,,,,,,,,,,,,,0,110,110,11,3,-2.0,3,1,3,1.90476190476191,3,"White House, District of Columbia, United States",US,USDC,,38.8951,-77.0364,531871,0,,,,,,,,3,"White House, District of Columbia, United States",US,USDC,,38.8951,-77.0364,531871,20260717011500,https://kffhealthnews.org/public-health/cdc-director-nominee-erica-schwartz-confirmation-hearing-vaccines-rfk-kennedy/
1313992796,20260717,202607,2026,2026.5397,HLH,HOSPITAL,,,,,,HLH,,,DEU,GERMANY,DEU,,,,,,,,0,036,036,03,1,4.0,10,1,10,-1.84426229508196,1,Germany,GM,GM,,51.5,10.5,GM,1,Germany,GM,GM,,51.5,10.5,GM,1,Germany,GM,GM,,51.5,10.5,GM,20260717011500,https://cbs2iowa.com/news/local/iowa-born-soldier-injured-in-march-drone-strike-returns-home-to-recover
1313992797,20260717,202607,2026,2026.5397,IGO,OBSERVERS IN,,,,,,IGO,,,,,,,,,,,,,1,010,010,01,1,0.0,4,1,4,-4.19228619340414,3,"Madera County, California, United States",US,USCA,CA039,37.1666,-119.834,277284,0,,,,,,,,3,"Madera County, California, United States",US,USCA,,37.1666,-119.834,277284,20260717011500,https://www.unitaid.eu/madera-comprehensive-guide-accessing-local-q25g.html
1313992798,20260717,202607,2026,2026.5397,IGO,OBSERVERS IN,,,,,,IGO,,,USA,UNITED STATES,USA,,,,,,,,1,010,010,01,1,0.0,6,1,6,-4.19228619340414,3,"Madera County, California, United States",US,USCA,CA039,37.1666,-119.834,277284,3,"Madera County, California, United States",US,USCA,,37.1666,-119.834,277284,3,"Madera County, California, United States",US,USCA,,37.1666,-119.834,277284,20260717011500,https://www.unitaid.eu/madera-comprehensive-guide-accessing-local-q25g.html
1313992799,20260717,202607,2026,2026.5397,IGOUNO,UNITED NATIONS,,UNO,,,,IGO,,,GOV,GOVERNMENT,,,,,,GOV,,,1,043,043,04,1,2.8,1,1,1,4.60405156537753,4,"Jigawa, Kano, Nigeria",NI,NI29,22847,11.951,7.93842,-2013704,4,"Jigawa, Kano, Nigeria",NI,NI29,22847,11.951,7.93842,-2013704,4,"Jigawa, Kano, Nigeria",NI,NI29,22847,11.951,7.93842,-2013704,20260717011500,https://punchng.com/unicef-jigawa-recommit-to-tackling-child-poverty/
1313992800,20260717,202607,2026,2026.5397,IGOUNO,UNITED NATIONS,,UNO,,,,IGO,,,NGA,NIGERIA,NGA,,,,,,,,1,043,043,04,1,2.8,2,1,2,4.60405156537753,4,"Jigawa, Kano, Nigeria",NI,NI29,22847,11.951,7.93842,-2013704,4,"Jigawa, Kano, Nigeria",NI,NI29,22847,11.951,7.93842,-2013704,4,"Jigawa, Kano, Nigeria",NI,NI29,22847,11.951,7.93842,-2013704,20260717011500,https://punchng.com/unicef-jigawa-recommit-to-tackling-child-poverty/
1313992801,20260717,202607,2026,2026.5397,IGOUNO,UNITED NATIONS,,UNO,,,,IGO,,,UKRCVL,UKRAINE,UKR,,,,,CVL,,,0,111,111,11,3,-2.0,5,1,5,-10.3975535168196,4,"Kyiv, Kyyiv, Misto, Ukraine",UP,UP12,28554,50.4333,30.5167,-1044367,4,"Kyiv, Kyyiv, Misto, Ukraine",UP,UP12,28554,50.4333,30.5167,-1044367,4,"Kyiv, Kyyiv, Misto, Ukraine",UP,UP12,28554,50.4333,30.5167,-1044367,20260717011500,https://www.theguardian.com/world/2026/jul/17/ukraine-war-briefing-outgoing-british-pm-starmer-tells-zelenskyy-that-kyiv-will-win-this-war
1313992802,20260717,202607,2026,2026.5397,IGOUNOIAE,INTERNATIONAL ATOMIC ENERGY AGENCY,,UNO,,,,IGO,,,,,,,,,,,,,0,111,111,11,3,-2.0,3,1,3,-9.69072164948455,1,Russia,RS,RS,,60,100,RS,0,,,,,,,,1,Russia,RS,RS,,60,100,RS,20260717011500,https://www.express.co.uk/news/world/2230059/russia-warns-nuclear-apocalypse-after-drone-strike-killing-traitor
1313992803,20260717,202607,2026,2026.5397,IGOUNOIAE,INTERNATIONAL ATOMIC ENERGY AGENCY,,UNO,,,,IGO,,,UKR,UKRAINE,UKR,,,,,,,,0,111,111,11,3,-2.0,3,1,3,-9.69072164948455,1,Russia,RS,RS,,60,100,RS,4,"Kyiv, Kyyiv, Misto, Ukraine",UP,UP12,28554,50.4333,30.5167,-1044367,4,"Kyiv, Kyyiv, Misto, Ukraine",UP,UP12,28554,50.4333,30.5167,-1044367,20260717011500,https://www.express.co.uk/news/world/2230059/russia-warns-nuclear-apocalypse-after-drone-strike-killing-traitor
1313992804,20260717,202607,2026,2026.5397,IGOUNOKID,UNICEF,,UNO,,,,IGO,,,GOV,GOVERNOR,,,,,,GOV,,,1,042,042,04,1,1.9,2,1,2,4.60405156537753,4,"Kano, Kano, Nigeria",NI,NI29,191030,11.9964,8.51667,-2014610,4,"Dutse, Jigawa, Nigeria",NI,NI39,22803,11.7594,9.33921,-2005564,4,"Kano, Kano, Nigeria",NI,NI29,191030,11.9964,8.51667,-2014610,20260717011500,https://punchng.com/unicef-jigawa-recommit-to-tackling-child-poverty/
1313992805,20260717,202607,2026,2026.5397,IGOUNOKID,UNICEF,,UNO,,,,IGO,,,GOV,GOVERNOR,,,,,,GOV,,,1,042,042,04,1,1.9,6,1,6,4.60405156537753,4,"Kano, Kano, Nigeria",NI,NI29,191030,11.9964,8.51667,-2014610,4,"Kano, Kano, Nigeria",NI,NI29,191030,11.9964,8.51667,-2014610,4,"Kano, Kano, Nigeria",NI,NI29,191030,11.9964,8.51667,-2014610,20260717011500,https://punchng.com/unicef-jigawa-recommit-to-tackling-child-poverty/
1313992806,20260717,202607,2026,2026.5397,IGOUNOKID,UNICEF,,UNO,,,,IGO,,,NGA,KANO,NGA,,,,,,,,0,010,010,01,1,0.0,6,1,6,4.60405156537753,4,"Kano, Kano, Nigeria",NI,NI29,191030,11.9964,8.51667,-2014610,4,"Kano, Kano, Nigeria",NI,NI29,191030,11.9964,8.51667,-2014610,4,"Kano, Kano, Nigeria",NI,NI29,191030,11.9964,8.51667,-2014610,20260717011500,https://punchng.com/unicef-jigawa-recommit-to-tackling-child-poverty/
1313992807,20260717,202607,2026,2026.5397,IGOUNOKID,UNICEF,,UNO,,,,IGO,,,NGA,NIGERIA,NGA,,,,,,,,1,030,030,03,1,4.0,2,1,2,4.60405156537753,4,"Jigawa, Kano, Nigeria",NI,NI29,22847,11.951,7.93842,-2013704,4,"Dutse, Jigawa, Nigeria",NI,NI39,22803,11.7594,9.33921,-2005564,4,"Jigawa, Kano, Nigeria",NI,NI29,22847,11.951,7.93842,-2013704,20260717011500,https://punchng.com/unicef-jigawa-recommit-to-tackling-child-poverty/
1313992808,20260717,202607,2026,2026.5397,IGOUNOKID,UNICEF,,UNO,,,,IGO,,,NGA,NIGERIA,NGA,,,,,,,,1,030,030,03,1,4.0,4,1,4,4.60405156537753,4,"Jigawa, Kano, Nigeria",NI,NI29,22847,11.951,7.93842,-2013704,4,"Jigawa, Kano, Nigeria",NI,NI29,22847,11.951,7.93842,-2013704,4,"Jigawa, Kano, Nigeria",NI,NI29,22847,11.951,7.93842,-2013704,20260717011500,https://punchng.com/unicef-jigawa-recommit-to-tackling-child-poverty/
1313992809,20260717,202607,2026,2026.5397,IGOUNOKID,UNICEF,,UNO,,,,IGO,,,NGA,NIGERIA,NGA,,,,,,,,1,030,030,03,1,4.0,2,1,2,4.60405156537753,4,"Kano, Kano, Nigeria",NI,NI29,191030,11.9964,8.51667,-2014610,4,"Dutse, Jigawa, Nigeria",NI,NI39,22803,11.7594,9.33921,-2005564,4,"Kano, Kano, Nigeria",NI,NI29,191030,11.9964,8.51667,-2014610,20260717011500,https://punchng.com/unicef-jigawa-recommit-to-tackling-child-poverty/
1313992810,20260717,202607,2026,2026.5397,IGOUNOKID,UNICEF,,UNO,,,,IGO,,,NGA,KANO,NGA,,,,,,,,1,042,042,04,1,1.9,1,1,1,4.60405156537753,4,"Jigawa, Kano, Nigeria",NI,NI29,22847,11.951,7.93842,-2013704,4,"Jigawa, Kano, Nigeria",NI,NI29,22847,11.951,7.93842,-2013704,4,"Jigawa, Kano, Nigeria",NI,NI29,22847,11.951,7.93842,-2013704,20260717011500,https://punchng.com/unicef-jigawa-recommit-to-tackling-child-poverty/
1313992811,20260717,202607,2026,2026.5397,IGOUNOKID,UNICEF,,UNO,,,,IGO,,,NGA,KANO,NGA,,,,,,,,0,042,042,04,1,1.9,10,1,10,4.60405156537753,4,"Kano, Kano, Nigeria",NI,NI29,191030,11.9964,8.51667,-2014610,4,"Kano, Kano, Nigeria",NI,NI29,191030,11.9964,8.51667,-2014610,4,"Jigawa, Kano, Nigeria",NI,NI29,22847,11.951,7.93842,-2013704,20260717011500,https://punchng.com/unicef-jigawa-recommit-to-tackling-child-poverty/
1313992812,20260717,202607,2026,2026.5397,IGOUNOKID,UNICEF,,UNO,,,,IGO,,,NGA,KANO,NGA,,,,,,,,1,042,042,04,1,1.9,9,1,9,4.60405156537753,4,"Kano, Kano, Nigeria",NI,NI29,191030,11.9964,8.51667,-2014610,4,"Kano, Kano, Nigeria",NI,NI29,191030,11.9964,8.51667,-2014610,4,"Kano, Kano, Nigeria",NI,NI29,191030,11.9964,8.51667,-2014610,20260717011500,https://punchng.com/unicef-jigawa-recommit-to-tackling-child-poverty/
1313992813,20260717,202607,2026,2026.5397,IGOUNOKID,UNICEF,,UNO,,,,IGO,,,NGAGOV,NIGERIA,NGA,,,,,GOV,,,1,042,042,04,1,1.9,1,1,1,4.60405156537753,4,"Kano, Kano, Nigeria",NI,NI29,191030,11.9964,8.51667,-2014610,4,"Dutse, Jigawa, Nigeria",NI,NI39,22803,11.7594,9.33921,-2005564,4,"Kano, Kano, Nigeria",NI,NI29,191030,11.9964,8.51667,-2014610,20260717011500,https://punchng.com/unicef-jigawa-recommit-to-tackling-child-poverty/
1313992814,20260717,202607,2026,2026.5397,IND,NEW DELHI,IND,,,,,,,,,,,,,,,,,,1,020,020,02,1,3.0,1,1,1,-1.77215189873417,4,"New Delhi, Delhi, India",IN,IN07,17911,28.6,77.2,-2106102,0,,,,,,,,4,"New Delhi, Delhi, India",IN,IN07,17911,28.6,77.2,-2106102,20260717011500,https://indianexpress.com/article/opinion/editorials/india-us-trade-deal-section-301-tariffs-donald-trump-10790082/
1313992815,20260717,202607,2026,2026.5397,IND,NEW DELHI,IND,,,,,,,,,,,,,,,,,,1,020,020,02,1,3.0,1,1,1,-1.77215189873417,4,"New Delhi, Delhi, India",IN,IN07,17911,28.6,77.2,-2106102,0,,,,,,,,1,United Kingdom,UK,UK,,54,-4,UK,20260717011500,https://indianexpress.com/article/opinion/editorials/india-us-trade-deal-section-301-tariffs-donald-trump-10790082/
1313992816,20260717,202607,2026,2026.5397,IND,MUMBAI,IND,,,,,,,,BUS,INVESTOR,,,,,,BUS,,,1,071,071,07,2,7.4,6,1,6,1.05105105105105,4,"Mumbai, Maharashtra, India",IN,IN16,70184,18.975,72.8258,-2092174,4,"Mumbai, Maharashtra, India",IN,IN16,70184,18.975,72.8258,-2092174,4,"Mumbai, Maharashtra, India",IN,IN16,70184,18.975,72.8258,-2092174,20260717011500,https://economictimes.indiatimes.com/news/india/foreign-or-local-investors-at-lossover-gift-funds/articleshow/132447880.cms
1313992817,20260717,202607,2026,2026.5397,IRN,IRAN,IRN,,,,,,,,,,,,,,,,,,1,071,071,07,2,7.4,2,1,2,-3.79596678529063,1,Iran,IR,IR,,32,53,IR,0,,,,,,,,1,Iran,IR,IR,,32,53,IR,20260717011500,https://www.abccolumbia.com/2026/07/16/house-republicans-95-billion-iran-war-package-clears-first-hurdle/
1313992818,20260717,202607,2026,2026.5397,IRN,IRAN,IRN,,,,,,,,,,,,,,,,,,1,071,071,07,2,7.4,1,1,1,-3.79596678529063,2,"Texas, United States",US,USTX,,31.106,-97.6475,TX,0,,,,,,,,1,Iran,IR,IR,,32,53,IR,20260717011500,https://www.abccolumbia.com/2026/07/16/house-republicans-95-billion-iran-war-package-clears-first-hurdle/
1313992819,20260717,202607,2026,2026.5397,IRN,IRAN,IRN,,,,,,,,,,,,,,,,,,1,185,185,18,4,-8.0,6,1,6,-3.2,4,"Ankara, Ankara, Turkey",TU,TU68,27516,39.9272,32.8644,-735338,0,,,,,,,,4,"Ankara, Ankara, Turkey",TU,TU68,27516,39.9272,32.8644,-735338,20260717011500,https://www.express.co.uk/news/us/2230062/trump-s-wife-family-displayed-blood-blood-iran-coffins-mural
1313992820,20260717,202607,2026,2026.5397,IRN,IRAN,IRN,,,,,,,,,,,,,,,,,,1,185,185,18,4,-8.0,4,1,4,-3.2,4,"Tehran, Tehran, Iran",IR,IR26,41130,35.75,51.5148,10074674,0,,,,,,,,4,"Tehran, Tehran, Iran",IR,IR26,41130,35.75,51.5148,10074674,20260717011500,https://www.express.co.uk/news/us/2230062/trump-s-wife-family-displayed-blood-blood-iran-coffins-mural
1313992821,20260717,202607,2026,2026.5397,IRN,IRAN,IRN,,,,,,,,,,,,,,,,,,1,186,186,18,4,-10.0,2,1,2,-3.2,4,"Tehran, Tehran, Iran",IR,IR26,41130,35.75,51.5148,10074674,0,,,,,,,,4,"Tehran, Tehran, Iran",IR,IR26,41130,35.75,51.5148,10074674,20260717011500,https://www.express.co.uk/news/us/2230062/trump-s-wife-family-displayed-blood-blood-iran-coffins-mural
1313992822,20260717,202607,2026,2026.5397,IRN,IRAN,IRN,,,,,,,,,,,,,,,,,,1,190,190,19,4,-10.0,5,1,5,-0.76628352490421,2,"Maine, United States",US,USME,,44.6074,-69.3977,ME,0,,,,,,,,2,"Maine, United States",US,USME,,44.6074,-69.3977,ME,20260717011500,https://www.yahoo.com/news/politics/articles/live-updates-trump-set-primetime-131726413.html
1313992823,20260717,202607,2026,2026.5397,IRN,IRAN,IRN,,,,,,,,CVL,VOTER,,,,,,CVL,,,1,020,020,02,1,3.0,5,1,5,-3.79596678529063,2,"Texas, United States",US,USTX,,31.106,-97.6475,TX,2,"Texas, United States",US,USTX,,31.106,-97.6475,TX,2,"Texas, United States",US,USTX,,31.106,-97.6475,TX,20260717011500,https://www.abccolumbia.com/2026/07/16/house-republicans-95-billion-iran-war-package-clears-first-hurdle/
1313992824,20260717,202607,2026,2026.5397,IRN,IRAN,IRN,,,,,,,,CVL,CIVILIAN,,,,,,CVL,,,0,180,180,18,4,-9.0,5,1,5,-5,1,Iran,IR,IR,,32,53,IR,1,Iran,IR,IR,,32,53,IR,1,Iran,IR,IR,,32,53,IR,20260717011500,https://aa.com.tr/en/us-israel-iran-war/us-launches-6th-consecutive-night-of-strikes-against-iran-central-command/4000735
1313992825,20260717,202607,2026,2026.5397,IRN,IRAN,IRN,,,,,,,,GOV,PRESIDENT,,,,,,GOV,,,0,043,043,04,1,2.8,2,1,2,-3.21199143468951,1,Iran,IR,IR,,32,53,IR,1,Iran,IR,IR,,32,53,IR,1,Iran,IR,IR,,32,53,IR,20260717011500,https://www.newsday.com/news/nation/iran-war-house-republican-budget-f83889
1313992826,20260717,202607,2026,2026.5397,IRN,IRAN,IRN,,,,,,,,IND,WEST BENGAL,IND,,,,,,,,0,036,036,03,1,4.0,2,1,2,-0.28901734104046,1,Iran,IR,IR,,32,53,IR,1,Iran,IR,IR,,32,53,IR,1,Iran,IR,IR,,32,53,IR,20260717011500,https://economictimes.indiatimes.com/news/newsblogs/breaking-news-live-updates-trump-live-address-news-updates-india-weather-trump-tariffs-trump-on-india-sonam-wangchuk-breaking-news-today-supreme-court-rahul-gandhi-pm-modi-tmc/liveblog/132450316.cms
1313992827,20260717,202607,2026,2026.5397,IRN,IRAN,IRN,,,,,,,,MED,NEWS AGENCY,,,,,,MED,,,1,190,190,19,4,-10.0,10,1,10,-5.23303352412101,4,"Tehran, Tehran, Iran",IR,IR26,41130,35.75,51.5148,10074674,4,"Tehran, Tehran, Iran",IR,IR26,41130,35.75,51.5148,10074674,4,"Tehran, Tehran, Iran",IR,IR26,41130,35.75,51.5148,10074674,20260717011500,https://www.castanetkamloops.net/news/World/625057/Bahrain-and-Kuwait-face-Iranian-fire-as-US-airstrikes-expand-to-target-more-bridges
1313992828,20260717,202607,2026,2026.5397,IRN,IRAN,IRN,,,,,,,,MOS,ISLAMIC,,,,MOS,,,,,1,190,190,19,4,-10.0,5,1,5,-0.76628352490421,2,"Maine, United States",US,USME,,44.6074,-69.3977,ME,2,"Maine, United States",US,USME,,44.6074,-69.3977,ME,2,"Maine, United States",US,USME,,44.6074,-69.3977,ME,20260717011500,https://www.yahoo.com/news/politics/articles/live-updates-trump-set-primetime-131726413.html
1313992829,20260717,202607,2026,2026.5397,IRN,IRAN,IRN,,,,,,,,USA,UNITED STATES,USA,,,,,,,,1,015,015,01,1,0.0,2,1,2,-3.79596678529063,1,Iran,IR,IR,,32,53,IR,2,"Texas, United States",US,USTX,,31.106,-97.6475,TX,2,"Texas, United States",US,USTX,,31.106,-97.6475,TX,20260717011500,https://www.abccolumbia.com/2026/07/16/house-republicans-95-billion-iran-war-package-clears-first-hurdle/
1313992830,20260717,202607,2026,2026.5397,IRN,IRAN,IRN,,,,,,,,USA,UNITED STATES,USA,,,,,,,,1,015,015,01,1,0.0,2,1,2,-3.79596678529063,2,"Texas, United States",US,USTX,,31.106,-97.6475,TX,2,"Texas, United States",US,USTX,,31.106,-97.6475,TX,2,"Texas, United States",US,USTX,,31.106,-97.6475,TX,20260717011500,https://www.abccolumbia.com/2026/07/16/house-republicans-95-billion-iran-war-package-clears-first-hurdle/
1313992831,20260717,202607,2026,2026.5397,IRN,IRANIAN,IRN,,,,,,,,USA,THE US,USA,,,,,,,,0,020,020,02,1,3.0,1,1,1,-4.49438202247191,4,"Tehran, Tehran, Iran",IR,IR26,41130,35.75,51.5148,10074674,4,"Tehran, Tehran, Iran",IR,IR26,41130,35.75,51.5148,10074674,4,"Tehran, Tehran, Iran",IR,IR26,41130,35.75,51.5148,10074674,20260717011500,https://www.manilatimes.net/2026/07/17/world/americas-emea/us-iran-exchange-blows-in-rekindled-middle-east-war/2386334
1313992832,20260717,202607,2026,2026.5397,IRN,IRANIAN,IRN,,,,,,,,USA,THE US,USA,,,,,,,,0,020,020,02,1,3.0,1,1,1,-4.49438202247191,1,Bahrain,BA,BA,,26,50.5,BA,4,"Tehran, Tehran, Iran",IR,IR26,41130,35.75,51.5148,10074674,4,"Tehran, Tehran, Iran",IR,IR26,41130,35.75,51.5148,10074674,20260717011500,https://www.manilatimes.net/2026/07/17/world/americas-emea/us-iran-exchange-blows-in-rekindled-middle-east-war/2386334
1313992833,20260717,202607,2026,2026.5397,IRN,IRAN,IRN,,,,,,,,USA,UNITED STATES,USA,,,,,,,,1,071,071,07,2,7.4,1,1,1,-3.79596678529063,1,Iran,IR,IR,,32,53,IR,2,"Texas, United States",US,USTX,,31.106,-97.6475,TX,1,Iran,IR,IR,,32,53,IR,20260717011500,https://www.abccolumbia.com/2026/07/16/house-republicans-95-billion-iran-war-package-clears-first-hurdle/
1313992834,20260717,202607,2026,2026.5397,IRN,IRAN,IRN,,,,,,,,USA,UNITED STATES,USA,,,,,,,,1,071,071,07,2,7.4,3,1,3,-3.79596678529063,2,"Texas, United States",US,USTX,,31.106,-97.6475,TX,2,"Texas, United States",US,USTX,,31.106,-97.6475,TX,2,"Texas, United States",US,USTX,,31.106,-97.6475,TX,20260717011500,https://www.abccolumbia.com/2026/07/16/house-republicans-95-billion-iran-war-package-clears-first-hurdle/
1313992835,20260717,202607,2026,2026.5397,IRN,IRANIAN,IRN,,,,,,,,USA,THE US,USA,,,,,,,,0,080,080,08,2,5.0,1,1,1,-4.49438202247191,4,"Tehran, Tehran, Iran",IR,IR26,41130,35.75,51.5148,10074674,4,"Tehran, Tehran, Iran",IR,IR26,41130,35.75,51.5148,10074674,4,"Tehran, Tehran, Iran",IR,IR26,41130,35.75,51.5148,10074674,20260717011500,https://www.manilatimes.net/2026/07/17/world/americas-emea/us-iran-exchange-blows-in-rekindled-middle-east-war/2386334
1313992836,20260717,202607,2026,2026.5397,IRN,IRANIAN,IRN,,,,,,,,USA,THE US,USA,,,,,,,,0,080,080,08,2,5.0,1,1,1,-4.49438202247191,1,Bahrain,BA,BA,,26,50.5,BA,4,"Tehran, Tehran, Iran",IR,IR26,41130,35.75,51.5148,10074674,4,"Tehran, Tehran, Iran",IR,IR26,41130,35.75,51.5148,10074674,20260717011500,https://www.manilatimes.net/2026/07/17/world/americas-emea/us-iran-exchange-blows-in-rekindled-middle-east-war/2386334
1313992837,20260717,202607,2026,2026.5397,IRN,IRAN,IRN,,,,,,,,USA,AMERICAN,USA,,,,,,,,1,0841,084,08,2,7.0,1,1,1,-6.5934065934066,4,"Tehran, Tehran, Iran",IR,IR26,41130,35.75,51.5148,10074674,4,"Tehran, Tehran, Iran",IR,IR26,41130,35.75,51.5148,10074674,4,"Tehran, Tehran, Iran",IR,IR26,41130,35.75,51.5148,10074674,20260717011500,https://www.dw.com/en/iran-war-tehran-warns-of-wider-disruption-amid-us-strikes/live-77996555
1313992838,20260717,202607,2026,2026.5397,IRN,IRAN,IRN,,,,,,,,USA,AMERICAN,USA,,,,,,,,1,0841,084,08,2,7.0,1,1,1,-6.5934065934066,4,"Tehran, Tehran, Iran",IR,IR26,41130,35.75,51.5148,10074674,3,"Washington, District of Columbia, United States",US,USDC,DC001,38.8951,-77.0364,531871,4,"Tehran, Tehran, Iran",IR,IR26,41130,35.75,51.5148,10074674,20260717011500,https://www.dw.com/en/iran-war-tehran-warns-of-wider-disruption-amid-us-strikes/live-77996555
1313992839,20260717,202607,2026,2026.5397,IRN,IRANIAN,IRN,,,,,,,,USA,THE US,USA,,,,,,,,0,0874,087,08,2,10.0,1,1,1,-4.49438202247191,4,"Tehran, Tehran, Iran",IR,IR26,41130,35.75,51.5148,10074674,4,"Tehran, Tehran, Iran",IR,IR26,41130,35.75,51.5148,10074674,4,"Tehran, Tehran, Iran",IR,IR26,41130,35.75,51.5148,10074674,20260717011500,https://www.manilatimes.net/2026/07/17/world/americas-emea/us-iran-exchange-blows-in-rekindled-middle-east-war/2386334
1313992840,20260717,202607,2026,2026.5397,IRN,IRANIAN,IRN,,,,,,,,USA,THE US,USA,,,,,,,,0,0874,087,08,2,10.0,1,1,1,-4.49438202247191,1,Bahrain,BA,BA,,26,50.5,BA,4,"Tehran, Tehran, Iran",IR,IR26,41130,35.75,51.5148,10074674,4,"Tehran, Tehran, Iran",IR,IR26,41130,35.75,51.5148,10074674,20260717011500,https://www.manilatimes.net/2026/07/17/world/americas-emea/us-iran-exchange-blows-in-rekindled-middle-east-war/2386334
1313992841,20260717,202607,2026,2026.5397,IRN,IRAN,IRN,,,,,,,,USA,AMERICAN,USA,,,,,,,,0,111,111,11,3,-2.0,1,1,1,-4.49438202247191,4,"Ahvaz, Khuzestan, Iran",IR,IR15,40868,31.3203,48.6693,-3052107,3,"White House, District of Columbia, United States",US,USDC,,38.8951,-77.0364,531871,3,"White House, District of Columbia, United States",US,USDC,,38.8951,-77.0364,531871,20260717011500,https://www.manilatimes.net/2026/07/17/world/americas-emea/us-iran-exchange-blows-in-rekindled-middle-east-war/2386334
1313992842,20260717,202607,2026,2026.5397,IRN,IRAN,IRN,,,,,,,,USA,AMERICAN,USA,,,,,,,,0,111,111,11,3,-2.0,1,1,1,-4.49438202247191,4,"Ahvaz, Khuzestan, Iran",IR,IR15,40868,31.3203,48.6693,-3052107,3,"White House, District of Columbia, United States",US,USDC,,38.8951,-77.0364,531871,1,Jordan,JO,JO,,31,36,JO,20260717011500,https://www.manilatimes.net/2026/07/17/world/americas-emea/us-iran-exchange-blows-in-rekindled-middle-east-war/2386334
1313992843,20260717,202607,2026,2026.5397,IRN,IRAN,IRN,,,,,,,,USA,AMERICAN,USA,,,,,,,,1,120,120,12,3,-4.0,2,1,2,-6.5934065934066,4,"Tehran, Tehran, Iran",IR,IR26,41130,35.75,51.5148,10074674,4,"Tehran, Tehran, Iran",IR,IR26,41130,35.75,51.5148,10074674,4,"Tehran, Tehran, Iran",IR,IR26,41130,35.75,51.5148,10074674,20260717011500,https://www.dw.com/en/iran-war-tehran-warns-of-wider-disruption-amid-us-strikes/live-77996555
1313992844,20260717,202607,2026,2026.5397,IRN,IRAN,IRN,,,,,,,,USA,UNITED STATES,USA,,,,,,,,1,138,138,13,3,-7.0,1,1,1,-6.5934065934066,4,"Tehran, Tehran, Iran",IR,IR26,41130,35.75,51.5148,10074674,4,"Red Sea, Djibouti (general), Djibouti",DJ,DJ00,25312,19,39.5,-2037160,3,"Washington, District of Columbia, United States",US,USDC,DC001,38.8951,-77.0364,531871,20260717011500,https://www.dw.com/en/iran-war-tehran-warns-of-wider-disruption-amid-us-strikes/live-77996555
1313992845,20260717,202607,2026,2026.5397,IRN,IRAN,IRN,,,,,,,,USA,UNITED STATES,USA,,,,,,,,1,138,138,13,3,-7.0,2,1,2,-6.5934065934066,4,"Tehran, Tehran, Iran",IR,IR26,41130,35.75,51.5148,10074674,3,"Washington, District of Columbia, United States",US,USDC,DC001,38.8951,-77.0364,531871,4,"Tehran, Tehran, Iran",IR,IR26,41130,35.75,51.5148,10074674,20260717011500,https://www.dw.com/en/iran-war-tehran-warns-of-wider-disruption-amid-us-strikes/live-77996555
1313992846,20260717,202607,2026,2026.5397,IRN,IRAN,IRN,,,,,,,,USACVL,UNITED STATES,USA,,,,,CVL,,,0,173,173,17,4,-5.0,3,1,3,-6.5934065934066,4,"Tehran, Tehran, Iran",IR,IR26,41130,35.75,51.5148,10074674,3,"Washington, District of Columbia, United States",US,USDC,DC001,38.8951,-77.0364,531871,4,"Tehran, Tehran, Iran",IR,IR26,41130,35.75,51.5148,10074674,20260717011500,https://www.dw.com/en/iran-war-tehran-warns-of-wider-disruption-amid-us-strikes/live-77996555
1313992847,20260717,202607,2026,2026.5397,IRN,IRAN,IRN,,,,,,,,USACVL,AMERICAN,USA,,,,,CVL,,,0,173,173,17,4,-5.0,4,1,4,-6.5934065934066,4,"Tehran, Tehran, Iran",IR,IR26,41130,35.75,51.5148,10074674,3,"Washington, District of Columbia, United States",US,USDC,DC001,38.8951,-77.0364,531871,3,"Washington, District of Columbia, United States",US,USDC,DC001,38.8951,-77.0364,531871,20260717011500,https://www.dw.com/en/iran-war-tehran-warns-of-wider-disruption-amid-us-strikes/live-77996555
1313992848,20260717,202607,2026,2026.5397,IRN,IRAN,IRN,,,,,,,,USACVL,UNITED STATES,USA,,,,,CVL,,,0,173,173,17,4,-5.0,1,1,1,-6.5934065934066,3,"Washington, District of Columbia, United States",US,USDC,DC001,38.8951,-77.0364,531871,3,"Washington, District of Columbia, United States",US,USDC,DC001,38.8951,-77.0364,531871,3,"Washington, District of Columbia, United States",US,USDC,DC001,38.8951,-77.0364,531871,20260717011500,https://www.dw.com/en/iran-war-tehran-warns-of-wider-disruption-amid-us-strikes/live-77996555
1313992849,20260717,202607,2026,2026.5397,IRN,IRAN,IRN,,,,,,,,USAOPP,AMERICAN,USA,,,,,OPP,,,1,0841,084,08,2,7.0,3,1,3,-6.5934065934066,4,"Tehran, Tehran, Iran",IR,IR26,41130,35.75,51.5148,10074674,3,"Washington, District of Columbia, United States",US,USDC,DC001,38.8951,-77.0364,531871,4,"Tehran, Tehran, Iran",IR,IR26,41130,35.75,51.5148,10074674,20260717011500,https://www.dw.com/en/iran-war-tehran-warns-of-wider-disruption-amid-us-strikes/live-77996555
1313992850,20260717,202607,2026,2026.5397,IRN,IRAN,IRN,,,,,,,,USAOPP,AMERICAN,USA,,,,,OPP,,,1,120,120,12,3,-4.0,3,1,3,-6.5934065934066,4,"Tehran, Tehran, Iran",IR,IR26,41130,35.75,51.5148,10074674,4,"Tehran, Tehran, Iran",IR,IR26,41130,35.75,51.5148,10074674,4,"Tehran, Tehran, Iran",IR,IR26,41130,35.75,51.5148,10074674,20260717011500,https://www.dw.com/en/iran-war-tehran-warns-of-wider-disruption-amid-us-strikes/live-77996555
1313992851,20260717,202607,2026,2026.5397,IRN,IRAN,IRN,,,,,,,,YEM,YEMEN,YEM,,,,,,,,1,020,020,02,1,3.0,5,1,5,-6.5934065934066,4,"Tehran, Tehran, Iran",IR,IR26,41130,35.75,51.5148,10074674,4,"Tehran, Tehran, Iran",IR,IR26,41130,35.75,51.5148,10074674,4,"Tehran, Tehran, Iran",IR,IR26,41130,35.75,51.5148,10074674,20260717011500,https://www.dw.com/en/iran-war-tehran-warns-of-wider-disruption-amid-us-strikes/live-77996555
1313992852,20260717,202607,2026,2026.5397,IRNGOV,IRAN,IRN,,,,,GOV,,,IND,WEST BENGAL,IND,,,,,,,,0,036,036,03,1,4.0,2,1,2,-0.28901734104046,1,Iran,IR,IR,,32,53,IR,1,Iran,IR,IR,,32,53,IR,1,Iran,IR,IR,,32,53,IR,20260717011500,https://economictimes.indiatimes.com/news/newsblogs/breaking-news-live-updates-trump-live-address-news-updates-india-weather-trump-tariffs-trump-on-india-sonam-wangchuk-breaking-news-today-supreme-court-rahul-gandhi-pm-modi-tmc/liveblog/132450316.cms
1313992853,20260717,202607,2026,2026.5397,IRNGOVMED,IRANIAN,IRN,,,,,GOV,MED,,OPP,PRISONER,,,,,,OPP,,,0,0841,084,08,2,7.0,3,1,3,-6.5934065934066,4,"Tehran, Tehran, Iran",IR,IR26,41130,35.75,51.5148,10074674,4,"Tehran, Tehran, Iran",IR,IR26,41130,35.75,51.5148,10074674,4,"Tehran, Tehran, Iran",IR,IR26,41130,35.75,51.5148,10074674,20260717011500,https://www.dw.com/en/iran-war-tehran-warns-of-wider-disruption-amid-us-strikes/live-77996555
1313992854,20260717,202607,2026,2026.5397,IRNJUD,IRAN,IRN,,,,,JUD,,,GOV,PRESIDENT,,,,,,GOV,,,0,016,016,01,1,-2.0,6,1,6,-6.5934065934066,4,"Tehran, Tehran, Iran",IR,IR26,41130,35.75,51.5148,10074674,3,"Washington, District of Columbia, United States",US,USDC,DC001,38.8951,-77.0364,531871,4,"Tehran, Tehran, Iran",IR,IR26,41130,35.75,51.5148,10074674,20260717011500,https://www.dw.com/en/iran-war-tehran-warns-of-wider-disruption-amid-us-strikes/live-77996555
1313992855,20260717,202607,2026,2026.5397,IRNJUD,IRAN,IRN,,,,,JUD,,,GOV,PRESIDENT,,,,,,GOV,,,0,016,016,01,1,-2.0,2,1,2,-6.5934065934066,3,"Washington, District of Columbia, United States",US,USDC,DC001,38.8951,-77.0364,531871,4,"Tehran, Tehran, Iran",IR,IR26,41130,35.75,51.5148,10074674,4,"Tehran, Tehran, Iran",IR,IR26,41130,35.75,51.5148,10074674,20260717011500,https://www.dw.com/en/iran-war-tehran-warns-of-wider-disruption-amid-us-strikes/live-77996555
1313992856,20260717,202607,2026,2026.5397,IRNJUD,IRAN,IRN,,,,,JUD,,,USAGOV,UNITED STATES,USA,,,,,GOV,,,0,016,016,01,1,-2.0,2,1,2,-6.5934065934066,4,"Tehran, Tehran, Iran",IR,IR26,41130,35.75,51.5148,10074674,3,"Washington, District of Columbia, United States",US,USDC,DC001,38.8951,-77.0364,531871,3,"Washington, District of Columbia, United States",US,USDC,DC001,38.8951,-77.0364,531871,20260717011500,https://www.dw.com/en/iran-war-tehran-warns-of-wider-disruption-amid-us-strikes/live-77996555
1313992857,20260717,202607,2026,2026.5397,ISR,ISRAEL,ISR,,,,,,,,,,,,,,,,,,1,010,010,01,1,0.0,1,1,1,-5.8287795992714,4,"Gaza, Israel (general), Israel",IS,IS00,18315,31.4167,34.3333,-797156,0,,,,,,,,4,"Calgary, Alberta, Canada",CA,CA01,12549,51.0833,-114.083,-561990,20260717011500,https://www.castanetkamloops.net/news/Alberta/625055/Nenshi-apologizes-for-harm-caused-by-photo-of-him-with-Israeli-ambassador
1313992858,20260717,202607,2026,2026.5397,ISR,ISRAEL,ISR,,,,,,,,,,,,,,,,,,1,010,010,01,1,0.0,3,1,2,-5.8287795992714,4,"Gaza, Israel (general), Israel",IS,IS00,18315,31.4167,34.3333,-797156,0,,,,,,,,4,"Gaza, Israel (general), Israel",IS,IS00,18315,31.4167,34.3333,-797156,20260717011500,https://www.castanetkamloops.net/news/Alberta/625055/Nenshi-apologizes-for-harm-caused-by-photo-of-him-with-Israeli-ambassador
1313992859,20260717,202607,2026,2026.5397,ISR,ISRAEL,ISR,,,,,,,,,,,,,,,,,,1,055,055,05,1,7.0,2,1,2,-5.8287795992714,4,"Gaza, Israel (general), Israel",IS,IS00,18315,31.4167,34.3333,-797156,0,,,,,,,,4,"Calgary, Alberta, Canada",CA,CA01,12549,51.0833,-114.083,-561990,20260717011500,https://www.castanetkamloops.net/news/Alberta/625055/Nenshi-apologizes-for-harm-caused-by-photo-of-him-with-Israeli-ambassador
1313992860,20260717,202607,2026,2026.5397,ISR,ISRAEL,ISR,,,,,,,,,,,,,,,,,,1,055,055,05,1,7.0,6,1,3,-5.8287795992714,4,"Gaza, Israel (general), Israel",IS,IS00,18315,31.4167,34.3333,-797156,0,,,,,,,,4,"Gaza, Israel (general), Israel",IS,IS00,18315,31.4167,34.3333,-797156,20260717011500,https://www.castanetkamloops.net/news/Alberta/625055/Nenshi-apologizes-for-harm-caused-by-photo-of-him-with-Israeli-ambassador
1313992861,20260717,202607,2026,2026.5397,ISR,ISRAEL,ISR,,,,,,,,,,,,,,,,,,0,0872,087,08,2,9.0,1,1,1,-5.8287795992714,4,"Gaza, Israel (general), Israel",IS,IS00,18315,31.4167,34.3333,-797156,0,,,,,,,,4,"Gaza, Israel (general), Israel",IS,IS00,18315,31.4167,34.3333,-797156,20260717011500,https://www.castanetkamloops.net/news/Alberta/625055/Nenshi-apologizes-for-harm-caused-by-photo-of-him-with-Israeli-ambassador
1313992862,20260717,202607,2026,2026.5397,ISR,ISRAEL,ISR,,,,,,,,CAN,CALGARY,CAN,,,,,,,,0,036,036,03,1,4.0,1,1,1,-5.8287795992714,4,"Gaza, Israel (general), Israel",IS,IS00,18315,31.4167,34.3333,-797156,4,"Calgary, Alberta, Canada",CA,CA01,12549,51.0833,-114.083,-561990,4,"Gaza, Israel (general), Israel",IS,IS00,18315,31.4167,34.3333,-797156,20260717011500,https://www.castanetkamloops.net/news/Alberta/625055/Nenshi-apologizes-for-harm-caused-by-photo-of-him-with-Israeli-ambassador
1313992863,20260717,202607,2026,2026.5397,ISR,ISRAEL,ISR,,,,,,,,CAN,CALGARY,CAN,,,,,,,,0,036,036,03,1,4.0,1,1,1,-5.8287795992714,4,"Gaza, Israel (general), Israel",IS,IS00,18315,31.4167,34.3333,-797156,4,"Gaza, Israel (general), Israel",IS,IS00,18315,31.4167,34.3333,-797156,4,"Gaza, Israel (general), Israel",IS,IS00,18315,31.4167,34.3333,-797156,20260717011500,https://www.castanetkamloops.net/news/Alberta/625055/Nenshi-apologizes-for-harm-caused-by-photo-of-him-with-Israeli-ambassador
1313992864,20260717,202607,2026,2026.5397,ISR,ISRAEL,ISR,,,,,,,,CAN,CALGARY,CAN,,,,,,,,0,120,120,12,3,-4.0,1,1,1,-5.8287795992714,4,"Gaza, Israel (general), Israel",IS,IS00,18315,31.4167,34.3333,-797156,4,"Calgary, Alberta, Canada",CA,CA01,12549,51.0833,-114.083,-561990,4,"Gaza, Israel (general), Israel",IS,IS00,18315,31.4167,34.3333,-797156,20260717011500,https://www.castanetkamloops.net/news/Alberta/625055/Nenshi-apologizes-for-harm-caused-by-photo-of-him-with-Israeli-ambassador
1313992865,20260717,202607,2026,2026.5397,ISR,ISRAEL,ISR,,,,,,,,CAN,CALGARY,CAN,,,,,,,,0,120,120,12,3,-4.0,1,1,1,-5.8287795992714,4,"Gaza, Israel (general), Israel",IS,IS00,18315,31.4167,34.3333,-797156,4,"Gaza, Israel (general), Israel",IS,IS00,18315,31.4167,34.3333,-797156,4,"Gaza, Israel (general), Israel",IS,IS00,18315,31.4167,34.3333,-797156,20260717011500,https://www.castanetkamloops.net/news/Alberta/625055/Nenshi-apologizes-for-harm-caused-by-photo-of-him-with-Israeli-ambassador
1313992866,20260717,202607,2026,2026.5397,ISR,ISRAEL,ISR,,,,,,,,CAN,CALGARY,CAN,,,,,,,,0,173,173,17,4,-5.0,1,1,1,-5.8287795992714,4,"Gaza, Israel (general), Israel",IS,IS00,18315,31.4167,34.3333,-797156,4,"Calgary, Alberta, Canada",CA,CA01,12549,51.0833,-114.083,-561990,4,"Gaza, Israel (general), Israel",IS,IS00,18315,31.4167,34.3333,-797156,20260717011500,https://www.castanetkamloops.net/news/Alberta/625055/Nenshi-apologizes-for-harm-caused-by-photo-of-him-with-Israeli-ambassador
1313992867,20260717,202607,2026,2026.5397,ISR,ISRAEL,ISR,,,,,,,,CAN,CALGARY,CAN,,,,,,,,0,173,173,17,4,-5.0,1,1,1,-5.8287795992714,4,"Gaza, Israel (general), Israel",IS,IS00,18315,31.4167,34.3333,-797156,4,"Gaza, Israel (general), Israel",IS,IS00,18315,31.4167,34.3333,-797156,4,"Gaza, Israel (general), Israel",IS,IS00,18315,31.4167,34.3333,-797156,20260717011500,https://www.castanetkamloops.net/news/Alberta/625055/Nenshi-apologizes-for-harm-caused-by-photo-of-him-with-Israeli-ambassador
1313992868,20260717,202607,2026,2026.5397,ISR,ISRAEL,ISR,,,,,,,,CANGOV,CANADA,CAN,,,,,GOV,,,0,173,173,17,4,-5.0,1,1,1,-5.8287795992714,4,"Gaza, Israel (general), Israel",IS,IS00,18315,31.4167,34.3333,-797156,4,"Calgary, Alberta, Canada",CA,CA01,12549,51.0833,-114.083,-561990,4,"Gaza, Israel (general), Israel",IS,IS00,18315,31.4167,34.3333,-797156,20260717011500,https://www.castanetkamloops.net/news/Alberta/625055/Nenshi-apologizes-for-harm-caused-by-photo-of-him-with-Israeli-ambassador
1313992869,20260717,202607,2026,2026.5397,ISR,ISRAEL,ISR,,,,,,,,CANGOV,CANADA,CAN,,,,,GOV,,,0,173,173,17,4,-5.0,1,1,1,-5.8287795992714,4,"Gaza, Israel (general), Israel",IS,IS00,18315,31.4167,34.3333,-797156,4,"Gaza, Israel (general), Israel",IS,IS00,18315,31.4167,34.3333,-797156,4,"Gaza, Israel (general), Israel",IS,IS00,18315,31.4167,34.3333,-797156,20260717011500,https://www.castanetkamloops.net/news/Alberta/625055/Nenshi-apologizes-for-harm-caused-by-photo-of-him-with-Israeli-ambassador
1313992870,20260717,202607,2026,2026.5397,ISR,ISRAEL,ISR,,,,,,,,IRN,IRAN,IRN,,,,,,,,1,186,186,18,4,-10.0,1,1,1,-3.2,4,"Tehran, Tehran, Iran",IR,IR26,41130,35.75,51.5148,10074674,4,"Tehran, Tehran, Iran",IR,IR26,41130,35.75,51.5148,10074674,4,"Tehran, Tehran, Iran",IR,IR26,41130,35.75,51.5148,10074674,20260717011500,https://www.express.co.uk/news/us/2230062/trump-s-wife-family-displayed-blood-blood-iran-coffins-mural
1313992871,20260717,202607,2026,2026.5397,ISR,ISRAEL,ISR,,,,,,,,IRN,IRANIAN,IRN,,,,,,,,1,186,186,18,4,-10.0,7,1,7,-3.2,1,Israel,IS,IS,,31.5,34.75,IS,4,"Tehran, Tehran, Iran",IR,IR26,41130,35.75,51.5148,10074674,4,"Tehran, Tehran, Iran",IR,IR26,41130,35.75,51.5148,10074674,20260717011500,https://www.express.co.uk/news/us/2230062/trump-s-wife-family-displayed-blood-blood-iran-coffins-mural
1313992872,20260717,202607,2026,2026.5397,ISR,ISRAEL,ISR,,,,,,,,ISRCOP,ISRAEL,ISR,,,,,COP,,,1,080,080,08,2,5.0,5,1,5,-6.59340659340659,1,Israel,IS,IS,,31.5,34.75,IS,1,Israel,IS,IS,,31.5,34.75,IS,1,Israel,IS,IS,,31.5,34.75,IS,20260717011500,https://aa.com.tr/en/middle-east/crocodile-filled-moats-could-surround-israeli-prisons-holding-palestinians-reports/4000872
1313992873,20260717,202607,2026,2026.5397,ISR,ISRAEL,ISR,,,,,,,,ISRGOV,ISRAEL,ISR,,,,,GOV,,,0,036,036,03,1,4.0,2,1,2,-5.8287795992714,4,"Gaza, Israel (general), Israel",IS,IS00,18315,31.4167,34.3333,-797156,4,"Gaza, Israel (general), Israel",IS,IS00,18315,31.4167,34.3333,-797156,4,"Gaza, Israel (general), Israel",IS,IS00,18315,31.4167,34.3333,-797156,20260717011500,https://www.castanetkamloops.net/news/Alberta/625055/Nenshi-apologizes-for-harm-caused-by-photo-of-him-with-Israeli-ambassador
1313992874,20260717,202607,2026,2026.5397,ISR,ISRAEL,ISR,,,,,,,,ISRGOV,ISRAEL,ISR,,,,,GOV,,,1,055,055,05,1,7.0,4,1,2,-5.8287795992714,4,"Gaza, Israel (general), Israel",IS,IS00,18315,31.4167,34.3333,-797156,4,"Gaza, Israel (general), Israel",IS,IS00,18315,31.4167,34.3333,-797156,4,"Gaza, Israel (general), Israel",IS,IS00,18315,31.4167,34.3333,-797156,20260717011500,https://www.castanetkamloops.net/news/Alberta/625055/Nenshi-apologizes-for-harm-caused-by-photo-of-him-with-Israeli-ambassador
1313992875,20260717,202607,2026,2026.5397,ISR,ISRAEL,ISR,,,,,,,,ISRGOV,ISRAEL,ISR,,,,,GOV,,,0,120,120,12,3,-4.0,2,1,2,-5.8287795992714,4,"Gaza, Israel (general), Israel",IS,IS00,18315,31.4167,34.3333,-797156,4,"Gaza, Israel (general), Israel",IS,IS00,18315,31.4167,34.3333,-797156,4,"Gaza, Israel (general), Israel",IS,IS00,18315,31.4167,34.3333,-797156,20260717011500,https://www.castanetkamloops.net/news/Alberta/625055/Nenshi-apologizes-for-harm-caused-by-photo-of-him-with-Israeli-ambassador
1313992876,20260717,202607,2026,2026.5397,ISR,ISRAEL,ISR,,,,,,,,ISRMED,ISRAEL,ISR,,,,,MED,,,1,111,111,11,3,-2.0,2,1,2,-5.8287795992714,4,"Gaza, Israel (general), Israel",IS,IS00,18315,31.4167,34.3333,-797156,4,"Gaza, Israel (general), Israel",IS,IS00,18315,31.4167,34.3333,-797156,4,"Gaza, Israel (general), Israel",IS,IS00,18315,31.4167,34.3333,-797156,20260717011500,https://www.castanetkamloops.net/news/Alberta/625055/Nenshi-apologizes-for-harm-caused-by-photo-of-him-with-Israeli-ambassador
1313992877,20260717,202607,2026,2026.5397,ISR,TEL AVIV,ISR,,,,,,,,ISRMIL,ISRAEL,ISR,,,,,MIL,,,1,110,110,11,3,-2.0,6,1,6,-3.22580645161291,4,"Tel Aviv, Tel Aviv, Israel",IS,IS05,18316,32.0667,34.7667,-781545,4,"Tel Aviv, Tel Aviv, Israel",IS,IS05,18316,32.0667,34.7667,-781545,4,"Tel Aviv, Tel Aviv, Israel",IS,IS05,18316,32.0667,34.7667,-781545,20260717011500,https://aa.com.tr/en/middle-east/israeli-army-setting-up-permanent-new-military-posts-in-southern-lebanon-report/4000876
1313992878,20260717,202607,2026,2026.5397,ISR,TEL AVIV,ISR,,,,,,,,ISRMIL,ISRAEL,ISR,,,,,MIL,,,1,110,110,11,3,-2.0,4,1,4,-3.22580645161291,4,"Tel Aviv, Tel Aviv, Israel",IS,IS05,18316,32.0667,34.7667,-781545,4,"Tel Aviv, Tel Aviv, Israel",IS,IS05,18316,32.0667,34.7667,-781545,3,"Washington, District of Columbia, United States",US,USDC,DC001,38.8951,-77.0364,531871,20260717011500,https://aa.com.tr/en/middle-east/israeli-army-setting-up-permanent-new-military-posts-in-southern-lebanon-report/4000876
1313992879,20260717,202607,2026,2026.5397,ISR,ISRAELI,ISR,,,,,,,,LBN,LEBANON,LBN,,,,,,,,0,190,190,19,4,-10.0,3,1,3,-3.22580645161291,4,"Tel Aviv, Tel Aviv, Israel",IS,IS05,18316,32.0667,34.7667,-781545,1,Lebanon,LE,LE,,33.833333,35.833333,LE,4,"Tel Aviv, Tel Aviv, Israel",IS,IS05,18316,32.0667,34.7667,-781545,20260717011500,https://aa.com.tr/en/middle-east/israeli-army-setting-up-permanent-new-military-posts-in-southern-lebanon-report/4000876
1313992880,20260717,202607,2026,2026.5397,ISR,ISRAEL,ISR,,,,,,,,MED,MEDIA,,,,,,MED,,,1,111,111,11,3,-2.0,2,1,2,-5.8287795992714,4,"Gaza, Israel (general), Israel",IS,IS00,18315,31.4167,34.3333,-797156,4,"Gaza, Israel (general), Israel",IS,IS00,18315,31.4167,34.3333,-797156,4,"Gaza, Israel (general), Israel",IS,IS00,18315,31.4167,34.3333,-797156,20260717011500,https://www.castanetkamloops.net/news/Alberta/625055/Nenshi-apologizes-for-harm-caused-by-photo-of-him-with-Israeli-ambassador
1313992881,20260717,202607,2026,2026.5397,ISR,ISRAEL,ISR,,,,,,,,OPP,DETAINEE,,,,,,OPP,,,0,1822,182,18,4,-9.0,2,1,2,-6.59340659340659,1,Israel,IS,IS,,31.5,34.75,IS,1,Israel,IS,IS,,31.5,34.75,IS,1,Israel,IS,IS,,31.5,34.75,IS,20260717011500,https://aa.com.tr/en/middle-east/crocodile-filled-moats-could-surround-israeli-prisons-holding-palestinians-reports/4000872
1313992882,20260717,202607,2026,2026.5397,ISR,ISRAEL,ISR,,,,,,,,USA,UNITED STATES,USA,,,,,,,,0,043,043,04,1,2.8,2,1,2,0.41194644696189,1,Israel,IS,IS,,31.5,34.75,IS,2,"California, United States",US,USCA,,36.17,-119.746,CA,1,Israel,IS,IS,,31.5,34.75,IS,20260717011500,https://www.sandiegouniontribune.com/2026/07/16/harris-newsom-khanna-californias-three-way-race-for-2028/
1313992883,20260717,202607,2026,2026.5397,ISR,ISRAEL,ISR,,,,,,,,USA,UNITED STATES,USA,,,,,,,,0,043,043,04,1,2.8,2,1,2,0.41194644696189,2,"Michigan, United States",US,USMI,,43.3504,-84.5603,MI,2,"California, United States",US,USCA,,36.17,-119.746,CA,2,"California, United States",US,USCA,,36.17,-119.746,CA,20260717011500,https://www.sandiegouniontribune.com/2026/07/16/harris-newsom-khanna-californias-three-way-race-for-2028/
1313992884,20260717,202607,2026,2026.5397,ISRCOP,ISRAEL,ISR,,,,,COP,,,OPP,DETAINEE,,,,,,OPP,,,0,1822,182,18,4,-9.0,2,1,2,-6.59340659340659,1,Israel,IS,IS,,31.5,34.75,IS,1,Israel,IS,IS,,31.5,34.75,IS,1,Israel,IS,IS,,31.5,34.75,IS,20260717011500,https://aa.com.tr/en/middle-east/crocodile-filled-moats-could-surround-israeli-prisons-holding-palestinians-reports/4000872
1313992885,20260717,202607,2026,2026.5397,ISRGOV,ISRAEL,ISR,,,,,GOV,,,ISR,ISRAEL,ISR,,,,,,,,1,100,100,10,3,-5.0,1,1,1,-3.22580645161291,4,"Tel Aviv, Tel Aviv, Israel",IS,IS05,18316,32.0667,34.7667,-781545,4,"Tel Aviv, Tel Aviv, Israel",IS,IS05,18316,32.0667,34.7667,-781545,4,"Tel Aviv, Tel Aviv, Israel",IS,IS05,18316,32.0667,34.7667,-781545,20260717011500,https://aa.com.tr/en/middle-east/israeli-army-setting-up-permanent-new-military-posts-in-southern-lebanon-report/4000876
1313992886,20260717,202607,2026,2026.5397,ISRHRI,ISRAELI,ISR,,,,,HRI,,,OPP,DETAINEE,,,,,,OPP,,,0,1822,182,18,4,-9.0,3,1,3,-6.59340659340659,1,Israel,IS,IS,,31.5,34.75,IS,1,Israel,IS,IS,,31.5,34.75,IS,1,Israel,IS,IS,,31.5,34.75,IS,20260717011500,https://aa.com.tr/en/middle-east/crocodile-filled-moats-could-surround-israeli-prisons-holding-palestinians-reports/4000872
1313992887,20260717,202607,2026,2026.5397,JOR,JORDAN,JOR,,,,,,,,JUD,HIGH COURT,,,,,,JUD,,,1,020,020,02,1,3.0,8,1,8,-3.71352785145889,1,Venezuela,VE,VE,,8,-66,VE,3,"Kennebec River, Maine, United States",US,USME,,43.7351,-69.7739,569110,1,Venezuela,VE,VE,,8,-66,VE,20260717011500,https://www.bangordailynews.com/2026/07/16/politics/elections/maine-democrats-1st-senate-debate/
1313992888,20260717,202607,2026,2026.5397,JOR,JORDAN,JOR,,,,,,,,JUD,HIGH COURT,,,,,,JUD,,,1,020,020,02,1,3.0,2,1,2,-3.71352785145889,1,Venezuela,VE,VE,,8,-66,VE,1,Venezuela,VE,VE,,8,-66,VE,1,Venezuela,VE,VE,,8,-66,VE,20260717011500,https://www.bangordailynews.com/2026/07/16/politics/elections/maine-democrats-1st-senate-debate/
1313992889,20260717,202607,2026,2026.5397,JPN,JAPAN,JPN,,,,,,,,,,,,,,,,,,0,010,010,01,1,0.0,2,1,2,0.1573564122738,1,Japan,JA,JA,,36,138,JA,0,,,,,,,,1,Japan,JA,JA,,36,138,JA,20260717011500,https://carbuzz.com/japanese-automakers-collaboration-common-parts/
1313992890,20260717,202607,2026,2026.5397,JPN,JAPAN,JPN,,,,,,,,,,,,,,,,,,0,020,020,02,1,3.0,2,1,2,0.1573564122738,1,Japan,JA,JA,,36,138,JA,0,,,,,,,,1,Japan,JA,JA,,36,138,JA,20260717011500,https://carbuzz.com/japanese-automakers-collaboration-common-parts/
1313992891,20260717,202607,2026,2026.5397,JPN,JAPAN,JPN,,,,,,,,GOV,PRESIDENT,,,,,,GOV,,,0,020,020,02,1,3.0,2,1,2,0.1573564122738,1,Japan,JA,JA,,36,138,JA,1,Japan,JA,JA,,36,138,JA,1,Japan,JA,JA,,36,138,JA,20260717011500,https://carbuzz.com/japanese-automakers-collaboration-common-parts/
1313992892,20260717,202607,2026,2026.5397,JPN,JAPANESE,JPN,,,,,,,,MNCJPN,TOYOTA,JPN,,,,,MNC,,,0,010,010,01,1,0.0,10,1,10,0.1573564122738,1,Japan,JA,JA,,36,138,JA,1,Japan,JA,JA,,36,138,JA,1,Japan,JA,JA,,36,138,JA,20260717011500,https://carbuzz.com/japanese-automakers-collaboration-common-parts/
1313992893,20260717,202607,2026,2026.5397,JPN,TOKYO,JPN,,,,,,,,MYS,MALAYSIA,MYS,,,,,,,,1,042,042,04,1,1.9,6,1,6,1.56862745098039,4,"Tokyo, Tokyo, Japan",JA,JA40,36340,35.685,139.751,-246227,4,"Kuala Lumpur, Kuala Lumpur, Malaysia",MY,MY14,18585,3.16667,101.7,-2403010,4,"Kuala Lumpur, Kuala Lumpur, Malaysia",MY,MY14,18585,3.16667,101.7,-2403010,20260717011500,https://www.thestar.com.my/lifestyle/culture/2026/07/17/weekend-for-the-arts-039in-between-worlds039-039under-a-borrowed-sun039
1313992894,20260717,202607,2026,2026.5397,JPN,TOKYO,JPN,,,,,,,,MYS,MALAYSIA,MYS,,,,,,,,1,043,043,04,1,2.8,1,1,1,1.56862745098039,4,"Kuantan, Pahang, Malaysia",MY,MY06,18585,3.8077,103.326,-2402944,4,"Kuantan, Pahang, Malaysia",MY,MY06,18585,3.8077,103.326,-2402944,4,"Kuantan, Pahang, Malaysia",MY,MY06,18585,3.8077,103.326,-2402944,20260717011500,https://www.thestar.com.my/lifestyle/culture/2026/07/17/weekend-for-the-arts-039in-between-worlds039-039under-a-borrowed-sun039
1313992895,20260717,202607,2026,2026.5397,JPN,TOKYO,JPN,,,,,,,,MYS,MALAYSIA,MYS,,,,,,,,1,043,043,04,1,2.8,1,1,1,1.56862745098039,4,"Kuala Lumpur, Kuala Lumpur, Malaysia",MY,MY14,18585,3.16667,101.7,-2403010,4,"Kuala Lumpur, Kuala Lumpur, Malaysia",MY,MY14,18585,3.16667,101.7,-2403010,4,"Kuala Lumpur, Kuala Lumpur, Malaysia",MY,MY14,18585,3.16667,101.7,-2403010,20260717011500,https://www.thestar.com.my/lifestyle/culture/2026/07/17/weekend-for-the-arts-039in-between-worlds039-039under-a-borrowed-sun039
1313992896,20260717,202607,2026,2026.5397,JPN,TOKYO,JPN,,,,,,,,MYS,MALAYSIA,MYS,,,,,,,,1,043,043,04,1,2.8,2,1,2,1.56862745098039,4,"Tokyo, Tokyo, Japan",JA,JA40,36340,35.685,139.751,-246227,4,"Kuala Lumpur, Kuala Lumpur, Malaysia",MY,MY14,18585,3.16667,101.7,-2403010,4,"Tokyo, Tokyo, Japan",JA,JA40,36340,35.685,139.751,-246227,20260717011500,https://www.thestar.com.my/lifestyle/culture/2026/07/17/weekend-for-the-arts-039in-between-worlds039-039under-a-borrowed-sun039
1313992897,20260717,202607,2026,2026.5397,JPN,JAPAN,JPN,,,,,,,,RUS,RUSSIA,RUS,,,,,,,,1,113,113,11,3,-2.0,2,1,2,-1.55440414507772,4,"Kyiv, Kyyiv, Misto, Ukraine",UP,UP12,28554,50.4333,30.5167,-1044367,4,"Kyiv, Kyyiv, Misto, Ukraine",UP,UP12,28554,50.4333,30.5167,-1044367,4,"Kyiv, Kyyiv, Misto, Ukraine",UP,UP12,28554,50.4333,30.5167,-1044367,20260717011500,https://www.scmp.com/week-asia/politics/article/3360786/ukraines-patriot-missile-request-tests-japans-pacifist-limits
1313992898,20260717,202607,2026,2026.5397,JUD,ATTORNEY,,,,,,JUD,,,,,,,,,,,,,0,010,010,01,1,0.0,10,1,10,-9.78670012547053,4,"Tijuana, Baja California, Mexico",MX,MX02,19588,32.5333,-117.017,-1705741,0,,,,,,,,4,"Tijuana, Baja California, Mexico",MX,MX02,19588,32.5333,-117.017,-1705741,20260717011500,https://www.sandiegouniontribune.com/2026/07/16/san-ysidro-man-sentenced-for-impersonating-ice-agent-to-defraud-immigrants/
1313992899,20260717,202607,2026,2026.5397,JUD,DEFENSE ATTORNEY,,,,,,JUD,,,,,,,,,,,,,0,010,010,01,1,0.0,6,1,6,-8.50111856823266,3,"Richland County, South Carolina, United States",US,USSC,SC079,34.0168,-80.9165,1249299,0,,,,,,,,3,"Richland County, South Carolina, United States",US,USSC,,34.0168,-80.9165,1249299,20260717011500,https://www.abccolumbia.com/2026/07/16/richland-county-man-sentenced-to-9-years-in-prison-for-hate-crime/
1313992900,20260717,202607,2026,2026.5397,JUD,ATTORNEY,,,,,,JUD,,,,,,,,,,,,,0,010,010,01,1,0.0,2,1,2,1.62432319866723,3,"Carson City, Nevada, United States",US,USNV,NV510,39.1638,-119.767,863976,0,,,,,,,,3,"Carson City, Nevada, United States",US,USNV,,39.1638,-119.767,863976,20260717011500,https://www.carsonnow.org/07/16/2026/supervisors-vote-to-disband-carson-city-cultural-commission-citing-lack-of-community-engagement
1313992901,20260717,202607,2026,2026.5397,JUD,DEFENSE ATTORNEY,,,,,,JUD,,,,,,,,,,,,,0,010,010,01,1,0.0,6,1,6,-5.60271646859084,2,"Washington, United States",US,USWA,,47.3917,-121.571,WA,0,,,,,,,,2,"Washington, United States",US,USWA,,47.3917,-121.571,WA,20260717011500,"http://www.chronline.com/stories/former-pud-commissioner-michael-kelly-gets-one-year-in-prison,405571"
1313992902,20260717,202607,2026,2026.5397,JUD,COURT JUDGE,,,,,,JUD,,,,,,,,,,,,,1,016,016,01,1,-2.0,10,1,10,-7.03703703703704,0,,,,,,,,0,,,,,,,,0,,,,,,,,20260717011500,https://www.newsday.com/long-island/crime/snap-suffolk-police-hauppauge-sexual-abuse-12-year-old-girl-bvc4h3t9
1313992903,20260717,202607,2026,2026.5397,JUD,JUDGE,,,,,,JUD,,,,,,,,,,,,,1,020,020,02,1,3.0,6,1,6,-1.95838433292533,3,"Brighton Park, Illinois, United States",US,USIL,IL031,41.8189,-87.6989,1737410,0,,,,,,,,3,"Brighton Park, Illinois, United States",US,USIL,,41.8189,-87.6989,1737410,20260717011500,https://chicago.suntimes.com/elections/2026/07/16/byron-sigcho-lopez-mayra-macias-independent-candidates-chuy-garcia-seat-congress-recommendation-off-ballot
1313992904,20260717,202607,2026,2026.5397,JUD,DEFENSE ATTORNEY,,,,,,JUD,,,,,,,,,,,,,0,020,020,02,1,3.0,6,1,6,-5.60271646859084,2,"Washington, United States",US,USWA,,47.3917,-121.571,WA,0,,,,,,,,2,"Washington, United States",US,USWA,,47.3917,-121.571,WA,20260717011500,"http://www.chronline.com/stories/former-pud-commissioner-michael-kelly-gets-one-year-in-prison,405571"
1313992905,20260717,202607,2026,2026.5397,JUD,LAWYER,,,,,,JUD,,,,,,,,,,,,,0,052,052,05,1,3.5,3,1,3,-6.44067796610169,2,"Illinois, United States",US,USIL,,40.3363,-89.0022,IL,0,,,,,,,,2,"Illinois, United States",US,USIL,,40.3363,-89.0022,IL,20260717011500,https://www.legalnewsline.com/pennsylvania-record/cook-county-record/court-oks-45m-verdict-in-talc-asbestos-case-including-unprecedented-30m-for-reduced-lifespan/article_0549069d-71de-4920-b753-0e27291b94fa.html
1313992906,20260717,202607,2026,2026.5397,JUD,JUDGE,,,,,,JUD,,,,,,,,,,,,,0,1053,105,10,3,-5.0,10,1,10,-7.12643678160919,2,"Florida, United States",US,USFL,,27.8333,-81.717,FL,0,,,,,,,,2,"Florida, United States",US,USFL,,27.8333,-81.717,FL,20260717011500,https://www.winknews.com/news/lee/fort-myers-federal-judge-faces-impeachment-effort-after-ordering-release-of-convicted-plane-hijacker/article_5e75d303-f8f4-473f-a092-81e9a74061d8.html
1313992907,20260717,202607,2026,2026.5397,JUD,JUDGE,,,,,,JUD,,,COP,PRISON,,,,,,COP,,,0,173,173,17,4,-5.0,10,1,10,-3.886925795053,1,Kenya,KE,KE,,1,38,KE,1,Kenya,KE,KE,,1,38,KE,1,Kenya,KE,KE,,1,38,KE,20260717011500,https://newschannel9.com/news/local/hamilton-county-school-board-denies-request-to-raise-chattanooga-prep-enrollment-cap
1313992908,20260717,202607,2026,2026.5397,JUD,FEDERAL COURT,,,,,,JUD,,,CRM,CRIMINAL,,,,,,CRM,,,1,114,114,11,3,-2.0,10,1,10,-7.35294117647059,3,"Erie, Kansas, United States",US,USKS,KS133,37.5681,-95.2433,475122,3,"Erie, Kansas, United States",US,USKS,KS133,37.5681,-95.2433,475122,3,"Erie, Kansas, United States",US,USKS,KS133,37.5681,-95.2433,475122,20260717011500,https://hayspost.com/posts/dc7644ac-f617-44bb-9a2b-c70ca193707f
1313992909,20260717,202607,2026,2026.5397,JUD,ATTORNEY,,,,,,JUD,,,GOV,PRESIDENT,,,,,,GOV,,,1,070,070,07,2,7.0,8,1,8,1.57828282828283,3,"Chicago, Illinois, United States",US,USIL,IL031,41.85,-87.6501,423587,3,"Chicago, Illinois, United States",US,USIL,IL031,41.85,-87.6501,423587,3,"Chicago, Illinois, United States",US,USIL,IL031,41.85,-87.6501,423587,20260717011500,https://chicago.suntimes.com/chicago-school-board/2026/07/16/spending-in-chicago-school-board-election-exceeds-1-6-million-as-limits-lift-in-race-for-board-president
1313992910,20260717,202607,2026,2026.5397,JUD,ATTORNEY,,,,,,JUD,,,GOV,PRESIDENT,,,,,,GOV,,,1,071,071,07,2,7.4,8,1,8,1.57828282828283,3,"Chicago, Illinois, United States",US,USIL,IL031,41.85,-87.6501,423587,3,"Chicago, Illinois, United States",US,USIL,IL031,41.85,-87.6501,423587,3,"Chicago, Illinois, United States",US,USIL,IL031,41.85,-87.6501,423587,20260717011500,https://chicago.suntimes.com/chicago-school-board/2026/07/16/spending-in-chicago-school-board-election-exceeds-1-6-million-as-limits-lift-in-race-for-board-president
1313992911,20260717,202607,2026,2026.5397,JUD,ATTORNEY,,,,,,JUD,,,USA,UNITED STATES,USA,,,,,,,,0,010,010,01,1,0.0,8,1,8,1.62432319866723,3,"Carson City, Nevada, United States",US,USNV,NV510,39.1638,-119.767,863976,3,"Carson City, Nevada, United States",US,USNV,,39.1638,-119.767,863976,3,"Carson City, Nevada, United States",US,USNV,,39.1638,-119.767,863976,20260717011500,https://www.carsonnow.org/07/16/2026/supervisors-vote-to-disband-carson-city-cultural-commission-citing-lack-of-community-engagement
1313992912,20260717,202607,2026,2026.5397,JUD,ATTORNEY,,,,,,JUD,,,USA,NORTH DAKOTA,USA,,,,,,,,0,010,010,01,1,0.0,7,1,7,1.30226182316655,1,Iran,IR,IR,,32,53,IR,1,Iran,IR,IR,,32,53,IR,1,Iran,IR,IR,,32,53,IR,20260717011500,https://www.willistonherald.com/news/local/williston-city-commission-gains-3-commissioners
1313992913,20260717,202607,2026,2026.5397,JUD,ATTORNEY,,,,,,JUD,,,USA,NORTH DAKOTA,USA,,,,,,,,0,010,010,01,1,0.0,1,1,1,1.30226182316655,2,"North Dakota, United States",US,USND,,47.5362,-99.793,ND,2,"North Dakota, United States",US,USND,,47.5362,-99.793,ND,2,"North Dakota, United States",US,USND,,47.5362,-99.793,ND,20260717011500,https://www.willistonherald.com/news/local/williston-city-commission-gains-3-commissioners
1313992914,20260717,202607,2026,2026.5397,JUD,COURT OF APPEALS,,,,,,JUD,,,USA,WASHINGTON,USA,,,,,,,,0,020,020,02,1,3.0,1,1,1,-5.60271646859084,3,"Lewis County, Washington, United States",US,USWA,WA041,46.5832,-122.401,1531927,3,"Lewis County, Washington, United States",US,USWA,,46.5832,-122.401,1531927,3,"Lewis County, Washington, United States",US,USWA,,46.5832,-122.401,1531927,20260717011500,"http://www.chronline.com/stories/former-pud-commissioner-michael-kelly-gets-one-year-in-prison,405571"
1313992915,20260717,202607,2026,2026.5397,JUD,JUDGE,,,,,,JUD,,,USA,UNITED STATES,USA,,,,,,,,1,020,020,02,1,3.0,4,1,4,-1.95838433292533,2,"Illinois, United States",US,USIL,,40.3363,-89.0022,IL,2,"Illinois, United States",US,USIL,,40.3363,-89.0022,IL,2,"Illinois, United States",US,USIL,,40.3363,-89.0022,IL,20260717011500,https://chicago.suntimes.com/elections/2026/07/16/byron-sigcho-lopez-mayra-macias-independent-candidates-chuy-garcia-seat-congress-recommendation-off-ballot
1313992916,20260717,202607,2026,2026.5397,JUD,COURT OF APPEALS,,,,,,JUD,,,USA,WASHINGTON,USA,,,,,,,,0,020,020,02,1,3.0,7,1,7,-5.60271646859084,2,"Washington, United States",US,USWA,,47.3917,-121.571,WA,2,"Washington, United States",US,USWA,,47.3917,-121.571,WA,2,"Washington, United States",US,USWA,,47.3917,-121.571,WA,20260717011500,"http://www.chronline.com/stories/former-pud-commissioner-michael-kelly-gets-one-year-in-prison,405571"
1313992917,20260717,202607,2026,2026.5397,JUD,ATTORNEY,,,,,,JUD,,,USA,UNITED STATES,USA,,,,,,,,0,040,040,04,1,1.0,2,1,2,-5.60271646859084,3,"Centralia, Washington, United States",US,USWA,WA041,46.7162,-122.954,1503899,3,"Lewis County, Washington, United States",US,USWA,,46.5832,-122.401,1531927,3,"Centralia, Washington, United States",US,USWA,WA041,46.7162,-122.954,1503899,20260717011500,"http://www.chronline.com/stories/former-pud-commissioner-michael-kelly-gets-one-year-in-prison,405571"
1313992918,20260717,202607,2026,2026.5397,JUD,DEFENSE ATTORNEY,,,,,,JUD,,,USA,UNITED STATES,USA,,,,,,,,1,173,173,17,4,-5.0,2,1,2,-6.17977528089889,3,"Dallas, Texas, United States",US,USTX,TX113,32.7831,-96.8067,1380944,3,"Dallas, Texas, United States",US,USTX,TX113,32.7831,-96.8067,1380944,3,"Dallas, Texas, United States",US,USTX,TX113,32.7831,-96.8067,1380944,20260717011500,https://www.nbcdfw.com/news/local/tanner-horners-defense-says-media-attention-prevented-a-fair-trial-in-murder-case/4050727/
1313992919,20260717,202607,2026,2026.5397,JUD,DEFENSE ATTORNEY,,,,,,JUD,,,USA,UNITED STATES,USA,,,,,,,,1,173,173,17,4,-5.0,2,1,2,-6.17977528089889,3,"Fort Worth, Texas, United States",US,USTX,TX439,32.7254,-97.3208,1380947,3,"Dallas, Texas, United States",US,USTX,TX113,32.7831,-96.8067,1380944,3,"Dallas, Texas, United States",US,USTX,TX113,32.7831,-96.8067,1380944,20260717011500,https://www.nbcdfw.com/news/local/tanner-horners-defense-says-media-attention-prevented-a-fair-trial-in-murder-case/4050727/
1313992920,20260717,202607,2026,2026.5397,JUD,JUDGE,,,,,,JUD,,,USA,UNITED STATES,USA,,,,,,,,0,173,173,17,4,-5.0,4,1,4,-7.43243243243243,2,"Ohio, United States",US,USOH,,40.3736,-82.7755,OH,2,"Ohio, United States",US,USOH,,40.3736,-82.7755,OH,2,"Ohio, United States",US,USOH,,40.3736,-82.7755,OH,20260717011500,https://www.wcpo.com/news/local-news/in-your-community/clermont-county/monroe-township-man-to-serve-almost-2-months-in-jail-after-leaving-dogs-to-rot-in-cage
1313992921,20260717,202607,2026,2026.5397,JUDJUD,SUPERIOR COURT,,,,,,JUD,JUD,,,,,,,,,,,,1,116,116,11,3,-2.0,2,1,2,-5.60271646859084,2,"Washington, United States",US,USWA,,47.3917,-121.571,WA,0,,,,,,,,2,"Washington, United States",US,USWA,,47.3917,-121.571,WA,20260717011500,"http://www.chronline.com/stories/former-pud-commissioner-michael-kelly-gets-one-year-in-prison,405571"
1313992922,20260717,202607,2026,2026.5397,KEN,KENYA,KEN,,,,,,,,,,,,,,,,,,0,020,020,02,1,3.0,3,1,3,-3.886925795053,1,Kenya,KE,KE,,1,38,KE,0,,,,,,,,1,Kenya,KE,KE,,1,38,KE,20260717011500,https://newschannel9.com/news/local/hamilton-county-school-board-denies-request-to-raise-chattanooga-prep-enrollment-cap
1313992923,20260717,202607,2026,2026.5397,KEN,KENYA,KEN,,,,,,,,,,,,,,,,,,0,120,120,12,3,-4.0,3,1,3,-3.886925795053,1,Kenya,KE,KE,,1,38,KE,0,,,,,,,,1,Kenya,KE,KE,,1,38,KE,20260717011500,https://newschannel9.com/news/local/hamilton-county-school-board-denies-request-to-raise-chattanooga-prep-enrollment-cap
1313992924,20260717,202607,2026,2026.5397,KEN,KENYA,KEN,,,,,,,,,,,,,,,,,,1,173,173,17,4,-5.0,10,1,10,-3.886925795053,1,Kenya,KE,KE,,1,38,KE,0,,,,,,,,1,Kenya,KE,KE,,1,38,KE,20260717011500,https://newschannel9.com/news/local/hamilton-county-school-board-denies-request-to-raise-chattanooga-prep-enrollment-cap
1313992925,20260717,202607,2026,2026.5397,LAB,STAFF MEMBER,,,,,,LAB,,,,,,,,,,,,,0,010,010,01,1,0.0,10,1,10,1.62432319866723,3,"Carson City, Nevada, United States",US,USNV,NV510,39.1638,-119.767,863976,0,,,,,,,,3,"Carson City, Nevada, United States",US,USNV,,39.1638,-119.767,863976,20260717011500,https://www.carsonnow.org/07/16/2026/supervisors-vote-to-disband-carson-city-cultural-commission-citing-lack-of-community-engagement
1313992926,20260717,202607,2026,2026.5397,LAB,STAFF MEMBER,,,,,,LAB,,,,,,,,,,,,,0,036,036,03,1,4.0,10,1,10,1.62432319866723,3,"Carson City, Nevada, United States",US,USNV,NV510,39.1638,-119.767,863976,0,,,,,,,,3,"Carson City, Nevada, United States",US,USNV,,39.1638,-119.767,863976,20260717011500,https://www.carsonnow.org/07/16/2026/supervisors-vote-to-disband-carson-city-cultural-commission-citing-lack-of-community-engagement
1313992927,20260717,202607,2026,2026.5397,LBN,LEBANON,LBN,,,,,,,,ISR,ISRAELI,ISR,,,,,,,,0,182,182,18,4,-9.5,3,1,3,-3.22580645161291,1,Lebanon,LE,LE,,33.833333,35.833333,LE,4,"Tel Aviv, Tel Aviv, Israel",IS,IS05,18316,32.0667,34.7667,-781545,1,Lebanon,LE,LE,,33.833333,35.833333,LE,20260717011500,https://aa.com.tr/en/middle-east/israeli-army-setting-up-permanent-new-military-posts-in-southern-lebanon-report/4000876
1313992928,20260717,202607,2026,2026.5397,LEG,SENATOR,,,,,,LEG,,,,,,,,,,,,,0,010,010,01,1,0.0,3,1,3,0.46728971962617,2,"Tennessee, United States",US,USTN,,35.7449,-86.7489,TN,0,,,,,,,,2,"Tennessee, United States",US,USTN,,35.7449,-86.7489,TN,20260717011500,https://wcyb.com/news/local/sunshine-protection-act-heads-to-senate-after-house-vote-on-permanent-daylight-saving-time
1313992929,20260717,202607,2026,2026.5397,LEG,CONGRESS,,,,,,LEG,,,,,,,,,,,,,1,012,012,01,1,-0.4,4,2,4,-3.4238546449155,3,"Phoenix, Arizona, United States",US,USAZ,AZ013,33.4484,-112.074,44784,0,,,,,,,,3,"Phoenix, Arizona, United States",US,USAZ,AZ013,33.4484,-112.074,44784,20260717011500,https://www.yahoo.com/news/politics/articles/maine-shooting-officers-background-raise-004001070.html
1313992930,20260717,202607,2026,2026.5397,LEG,CONGRESS,,,,,,LEG,,,,,,,,,,,,,1,012,012,01,1,-0.4,16,2,16,-3.4238546449155,1,Colombia,CO,CO,,4,-72,CO,0,,,,,,,,3,"Washington, District of Columbia, United States",US,USDC,DC001,38.8951,-77.0364,531871,20260717011500,https://www.yahoo.com/news/politics/articles/maine-shooting-officers-background-raise-004001070.html
1313992931,20260717,202607,2026,2026.5397,LEG,CONGRESS,,,,,,LEG,,,,,,,,,,,,,1,071,071,07,2,7.4,5,1,5,-6.6006600660066,2,"Pennsylvania, United States",US,USPA,,40.5773,-77.264,PA,0,,,,,,,,2,"Pennsylvania, United States",US,USPA,,40.5773,-77.264,PA,20260717011500,https://cumberlink.com/news/state-regional/pennsylvania/article_bc14301a-b2ce-54bd-b013-44428df942bf.html
1313992932,20260717,202607,2026,2026.5397,LEG,SENATOR,,,,,,LEG,,,,,,,,,,,,,0,112,112,11,3,-2.0,6,1,6,1.90476190476191,3,"White House, District of Columbia, United States",US,USDC,,38.8951,-77.0364,531871,0,,,,,,,,3,"White House, District of Columbia, United States",US,USDC,,38.8951,-77.0364,531871,20260717011500,https://kffhealthnews.org/public-health/cdc-director-nominee-erica-schwartz-confirmation-hearing-vaccines-rfk-kennedy/
1313992933,20260717,202607,2026,2026.5397,LEG,CONGRESS,,,,,,LEG,,,,,,,,,,,,,1,173,173,17,4,-5.0,5,1,5,-6.6006600660066,2,"Pennsylvania, United States",US,USPA,,40.5773,-77.264,PA,0,,,,,,,,2,"Pennsylvania, United States",US,USPA,,40.5773,-77.264,PA,20260717011500,https://cumberlink.com/news/state-regional/pennsylvania/article_bc14301a-b2ce-54bd-b013-44428df942bf.html
1313992934,20260717,202607,2026,2026.5397,LEG,CONGRESS,,,,,,LEG,,,CRM,CRIMINAL,,,,,,CRM,,,1,071,071,07,2,7.4,5,1,5,-6.6006600660066,2,"Pennsylvania, United States",US,USPA,,40.5773,-77.264,PA,2,"Pennsylvania, United States",US,USPA,,40.5773,-77.264,PA,2,"Pennsylvania, United States",US,USPA,,40.5773,-77.264,PA,20260717011500,https://cumberlink.com/news/state-regional/pennsylvania/article_bc14301a-b2ce-54bd-b013-44428df942bf.html
1313992935,20260717,202607,2026,2026.5397,LEG,CONGRESS,,,,,,LEG,,,CRM,CRIMINAL,,,,,,CRM,,,1,173,173,17,4,-5.0,5,1,5,-6.6006600660066,2,"Pennsylvania, United States",US,USPA,,40.5773,-77.264,PA,2,"Pennsylvania, United States",US,USPA,,40.5773,-77.264,PA,2,"Pennsylvania, United States",US,USPA,,40.5773,-77.264,PA,20260717011500,https://cumberlink.com/news/state-regional/pennsylvania/article_bc14301a-b2ce-54bd-b013-44428df942bf.html
1313992936,20260717,202607,2026,2026.5397,LEG,REPRESENTATIVES,,,,,,LEG,,,CVL,COMMUNITY,,,,,,CVL,,,0,057,057,05,1,8.0,6,1,6,-1.95838433292533,3,"Chicago, Illinois, United States",US,USIL,IL031,41.85,-87.6501,423587,3,"Brighton Park, Illinois, United States",US,USIL,,41.8189,-87.6989,1737410,3,"Chicago, Illinois, United States",US,USIL,IL031,41.85,-87.6501,423587,20260717011500,https://chicago.suntimes.com/elections/2026/07/16/byron-sigcho-lopez-mayra-macias-independent-candidates-chuy-garcia-seat-congress-recommendation-off-ballot
1313992937,20260717,202607,2026,2026.5397,LEG,REPRESENTATIVES,,,,,,LEG,,,CVL,COMMUNITY,,,,,,CVL,,,0,057,057,05,1,8.0,4,1,4,-1.95838433292533,2,"Illinois, United States",US,USIL,,40.3363,-89.0022,IL,2,"Illinois, United States",US,USIL,,40.3363,-89.0022,IL,2,"Illinois, United States",US,USIL,,40.3363,-89.0022,IL,20260717011500,https://chicago.suntimes.com/elections/2026/07/16/byron-sigcho-lopez-mayra-macias-independent-candidates-chuy-garcia-seat-congress-recommendation-off-ballot
1313992938,20260717,202607,2026,2026.5397,LEG,SENATOR,,,,,,LEG,,,GOV,PRESIDENT,,,,,,GOV,,,0,010,010,01,1,0.0,3,1,3,0.46728971962617,2,"Tennessee, United States",US,USTN,,35.7449,-86.7489,TN,2,"Tennessee, United States",US,USTN,,35.7449,-86.7489,TN,2,"Tennessee, United States",US,USTN,,35.7449,-86.7489,TN,20260717011500,https://wcyb.com/news/local/sunshine-protection-act-heads-to-senate-after-house-vote-on-permanent-daylight-saving-time
1313992939,20260717,202607,2026,2026.5397,LEG,CONGRESS,,,,,,LEG,,,GOV,MINIST OF FOREIGN AFFAIRS,,,,,,GOV,,,1,020,020,02,1,3.0,1,1,1,1.8005540166205,5,"Bauchi State, Bauchi, Nigeria",NI,NI46,22661,10.5,10,-2002332,4,"Bauchi, Bauchi, Nigeria",NI,NI46,22661,10.3134,9.84327,-2002330,4,"Bauchi, Bauchi, Nigeria",NI,NI46,22661,10.3134,9.84327,-2002330,20260717011500,https://punchng.com/tuggars-supporters-urge-apc-to-review-bauchi-govship-primary-process/
1313992940,20260717,202607,2026,2026.5397,LEG,CONGRESS,,,,,,LEG,,,GOV,MINIST OF FOREIGN AFFAIRS,,,,,,GOV,,,1,051,051,05,1,3.4,1,1,1,1.8005540166205,4,"Bauchi, Bauchi, Nigeria",NI,NI46,22661,10.3134,9.84327,-2002330,4,"Bauchi, Bauchi, Nigeria",NI,NI46,22661,10.3134,9.84327,-2002330,4,"Bauchi, Bauchi, Nigeria",NI,NI46,22661,10.3134,9.84327,-2002330,20260717011500,https://punchng.com/tuggars-supporters-urge-apc-to-review-bauchi-govship-primary-process/
1313992941,20260717,202607,2026,2026.5397,LEG,CONGRESS,,,,,,LEG,,,GOV,GOVERNOR,,,,,,GOV,,,1,051,051,05,1,3.4,2,1,2,6.19902120717781,4,"Gombe, Gombe, Nigeria",NI,NI55,22658,10.2897,11.1673,-2009360,4,"Gombe, Gombe, Nigeria",NI,NI55,22658,10.2897,11.1673,-2009360,4,"Gombe, Gombe, Nigeria",NI,NI55,22658,10.2897,11.1673,-2009360,20260717011500,https://punchng.com/apc-chieftain-backs-gombe-gov-candidate/
1313992942,20260717,202607,2026,2026.5397,LEG,SENATE PRESIDENT,,,,,,LEG,,,JUD,JUDGE,,,,,,JUD,,,1,010,010,01,1,0.0,5,1,5,-2.16450216450216,2,"Kansas, United States",US,USKS,,38.5111,-96.8005,KS,2,"Kansas, United States",US,USKS,,38.5111,-96.8005,KS,2,"Kansas, United States",US,USKS,,38.5111,-96.8005,KS,20260717011500,https://www.wibw.com/2026/07/16/kansas-judge-temporarily-reinstates-mail-ballot-grace-period-state-leaders-file-appeals/
1313992943,20260717,202607,2026,2026.5397,LEG,CONGRESS,,,,,,LEG,,,NGA,NIGERIA,NGA,,,,,,,,1,051,051,05,1,3.4,2,1,2,6.19902120717781,4,"Gombe, Gombe, Nigeria",NI,NI55,22658,10.2897,11.1673,-2009360,4,"Gombe, Gombe, Nigeria",NI,NI55,22658,10.2897,11.1673,-2009360,4,"Gombe, Gombe, Nigeria",NI,NI55,22658,10.2897,11.1673,-2009360,20260717011500,https://punchng.com/apc-chieftain-backs-gombe-gov-candidate/
1313992944,20260717,202607,2026,2026.5397,LEG,SENATOR,,,,,,LEG,,,RUS,RUSSIAN,RUS,,,,,,,,1,020,020,02,1,3.0,6,1,6,-1.77215189873417,3,"White House, District of Columbia, United States",US,USDC,,38.8951,-77.0364,531871,4,"Delhi, Delhi, India",IN,IN07,17911,28.6667,77.2167,-2094230,4,"Delhi, Delhi, India",IN,IN07,17911,28.6667,77.2167,-2094230,20260717011500,https://indianexpress.com/article/opinion/editorials/india-us-trade-deal-section-301-tariffs-donald-trump-10790082/
1313992945,20260717,202607,2026,2026.5397,LEG,SENATOR,,,,,,LEG,,,RUS,RUSSIAN,RUS,,,,,,,,1,020,020,02,1,3.0,4,1,4,-1.77215189873417,3,"White House, District of Columbia, United States",US,USDC,,38.8951,-77.0364,531871,3,"White House, District of Columbia, United States",US,USDC,,38.8951,-77.0364,531871,4,"Delhi, Delhi, India",IN,IN07,17911,28.6667,77.2167,-2094230,20260717011500,https://indianexpress.com/article/opinion/editorials/india-us-trade-deal-section-301-tariffs-donald-trump-10790082/
1313992946,20260717,202607,2026,2026.5397,LEG,SENATE,,,,,,LEG,,,USA,UNITED STATES,USA,,,,,,,,0,010,010,01,1,0.0,4,1,4,-1.77935943060498,3,"Fort Worth, Texas, United States",US,USTX,TX439,32.7254,-97.3208,1380947,3,"Fort Worth, Texas, United States",US,USTX,,32.7254,-97.3208,1380947,3,"Fort Worth, Texas, United States",US,USTX,,32.7254,-97.3208,1380947,20260717011500,https://www.nbcdfw.com/news/national-international/president-trump-national-address-thursday-voting-elections/4050665/
1313992947,20260717,202607,2026,2026.5397,LEGJUD,SENATE,,,,,,LEG,JUD,,USA,WASHINGTON,USA,,,,,,,,1,046,046,04,1,7.0,8,1,8,-3.80577427821522,3,"Capitol Hill, District of Columbia, United States",US,USDC,DC001,38.889,-77.0003,529313,3,"Capitol Hill, District of Columbia, United States",US,USDC,,38.889,-77.0003,529313,3,"Capitol Hill, District of Columbia, United States",US,USDC,,38.889,-77.0003,529313,20260717011500,https://www.boston.com/news/politics/2026/07/16/blanche-to-meet-with-epstein-accusers-after-demand-from-republican-senator-crucial-to-confirmation/
1313992948,20260717,202607,2026,2026.5397,LEGJUD,SENATE,,,,,,LEG,JUD,,USA,UNITED STATES,USA,,,,,,,,1,046,046,04,1,7.0,2,1,2,-3.80577427821522,3,"Capitol Hill, District of Columbia, United States",US,USDC,DC001,38.889,-77.0003,529313,3,"Washington, District of Columbia, United States",US,USDC,DC001,38.8951,-77.0364,531871,3,"Capitol Hill, District of Columbia, United States",US,USDC,,38.889,-77.0003,529313,20260717011500,https://www.boston.com/news/politics/2026/07/16/blanche-to-meet-with-epstein-accusers-after-demand-from-republican-senator-crucial-to-confirmation/
1313992949,20260717,202607,2026,2026.5397,LEGLEG,SENATE,,,,,,LEG,LEG,,,,,,,,,,,,0,138,138,13,3,-7.0,8,1,8,-3.59183673469388,4,"Tehran, Tehran, Iran",IR,IR26,41130,35.75,51.5148,10074674,0,,,,,,,,4,"Tehran, Tehran, Iran",IR,IR26,41130,35.75,51.5148,10074674,20260717011500,https://www.yahoo.com/news/politics/articles/5-things-watch-trumps-primetime-185428766.html
1313992950,20260717,202607,2026,2026.5397,LEGLEG,SENATE,,,,,,LEG,LEG,,,,,,,,,,,,0,138,138,13,3,-7.0,2,1,2,-3.59183673469388,3,"Washington, District of Columbia, United States",US,USDC,DC001,38.8951,-77.0364,531871,0,,,,,,,,3,"Washington, District of Columbia, United States",US,USDC,DC001,38.8951,-77.0364,531871,20260717011500,https://www.yahoo.com/news/politics/articles/5-things-watch-trumps-primetime-185428766.html
1313992951,20260717,202607,2026,2026.5397,MED,JOURNALIST,,,,,,MED,,,,,,,,,,,,,1,010,010,01,1,0.0,5,1,5,-1.11111111111111,4,"Melbourne, Victoria, Australia",AS,AS07,5430,-37.8167,144.967,-1586844,0,,,,,,,,4,"Melbourne, Victoria, Australia",AS,AS07,5430,-37.8167,144.967,-1586844,20260717011500,https://tvtonight.com.au/2026/07/airdate-state-funeral-service-for-mr-derryn-hinch.html
1313992952,20260717,202607,2026,2026.5397,MED,MEDIA,,,,,,MED,,,,,,,,,,,,,1,017,017,01,1,0.0,6,1,6,2.52293577981652,4,"Brisbane, Queensland, Australia",AS,AS04,154654,-27.5,153.017,-1561728,0,,,,,,,,4,"Brisbane, Queensland, Australia",AS,AS04,154654,-27.5,153.017,-1561728,20260717011500,https://themusic.com.au/news/did-good-things-festival-just-drop-a-line-up-teaser/cubIZGdmaWg/17-07-26
1313992953,20260717,202607,2026,2026.5397,MED,JOURNALIST,,,,,,MED,,,,,,,,,,,,,1,017,017,01,1,0.0,5,1,5,-1.11111111111111,4,"Melbourne, Victoria, Australia",AS,AS07,5430,-37.8167,144.967,-1586844,0,,,,,,,,4,"Melbourne, Victoria, Australia",AS,AS07,5430,-37.8167,144.967,-1586844,20260717011500,https://tvtonight.com.au/2026/07/airdate-state-funeral-service-for-mr-derryn-hinch.html
1313992954,20260717,202607,2026,2026.5397,MED,MEDIA,,,,,,MED,,,,,,,,,,,,,1,017,017,01,1,0.0,4,1,4,2.52293577981652,4,"Sydney, New South Wales, Australia",AS,AS02,154637,-33.8833,151.217,-1603135,0,,,,,,,,4,"Brisbane, Queensland, Australia",AS,AS04,154654,-27.5,153.017,-1561728,20260717011500,https://themusic.com.au/news/did-good-things-festival-just-drop-a-line-up-teaser/cubIZGdmaWg/17-07-26
1313992955,20260717,202607,2026,2026.5397,MED,NEWS STATION,,,,,,MED,,,,,,,,,,,,,1,036,036,03,1,4.0,5,1,5,0.82191780821917,2,"Maine, United States",US,USME,,44.6074,-69.3977,ME,0,,,,,,,,2,"Maine, United States",US,USME,,44.6074,-69.3977,ME,20260717011500,https://wjbq.com/ixp/490/p/maine-hazy-skies-wildfire-smoke/
1313992956,20260717,202607,2026,2026.5397,MED,WEBSITE,,,,,,MED,,,,,,,,,,,,,1,042,042,04,1,1.9,5,1,5,6.02739726027397,1,Norway,NO,NO,,62,10,NO,0,,,,,,,,1,Norway,NO,NO,,62,10,NO,20260717011500,https://www.wmtv15news.com/2026/07/16/destination-madison-highlights-fun-events-check-out-dane-county/
1313992957,20260717,202607,2026,2026.5397,MED,JOURNALIST,,,,,,MED,,,,,,,,,,,,,1,043,043,04,1,2.8,5,1,5,0.38314176245211,4,"Port-Au-Prince, Ouest, Haiti",HA,HA11,17198,18.5392,-72.335,-70311,0,,,,,,,,4,"Port-Au-Prince, Ouest, Haiti",HA,HA11,17198,18.5392,-72.335,-70311,20260717011500,https://repeatingislands.com/2026/07/16/new-book-launch-la-tragedie-haitienne/
1313992958,20260717,202607,2026,2026.5397,MED,NEWSPAPER,,,,,,MED,,,,,,,,,,,,,0,064,064,06,2,7.0,2,1,2,2.98804780876494,4,"Erbil, Liwa' Irbil, Iraq",IZ,IZ11,123554,36.1926,44.0106,-3106433,0,,,,,,,,4,"Erbil, Liwa' Irbil, Iraq",IZ,IZ11,123554,36.1926,44.0106,-3106433,20260717011500,https://www.manilatimes.net/2026/07/17/tmt-newswire/globenewswire/erbils-oldest-quarter-becomes-home-to-the-kurdistan-regions-first-cultural-district/2386330
1313992959,20260717,202607,2026,2026.5397,MED,WRITER,,,,,,MED,,,,,,,,,,,,,0,115,115,11,3,-2.0,2,1,2,-4.21455938697318,2,"Delaware, United States",US,USDE,,39.3498,-75.5148,DE,0,,,,,,,,2,"Delaware, United States",US,USDE,,39.3498,-75.5148,DE,20260717011500,https://variety.com/2026/film/news/paramount-subscribers-fail-injunction-merger-1236813567/
1313992960,20260717,202607,2026,2026.5397,MED,PUBLICATION,,,,,,MED,,,,,,,,,,,,,0,1721,172,17,4,-5.0,10,1,10,-12.7049180327869,4,"Vancouver, British Columbia, Canada",CA,CA02,12552,49.25,-123.133,-575268,0,,,,,,,,4,"Vancouver, British Columbia, Canada",CA,CA02,12552,49.25,-123.133,-575268,20260717011500,https://globalnews.ca/news/11969376/more-details-vancouver-stranger-assault-suspect/
1313992961,20260717,202607,2026,2026.5397,MED,JOURNALIST,,,,,,MED,,,AUS,AUSTRALIA,AUS,,,,,,,,1,017,017,01,1,0.0,2,1,2,-1.11111111111111,4,"Melbourne, Victoria, Australia",AS,AS07,5430,-37.8167,144.967,-1586844,4,"Melbourne, Victoria, Australia",AS,AS07,5430,-37.8167,144.967,-1586844,4,"Melbourne, Victoria, Australia",AS,AS07,5430,-37.8167,144.967,-1586844,20260717011500,https://tvtonight.com.au/2026/07/airdate-state-funeral-service-for-mr-derryn-hinch.html
1313992962,20260717,202607,2026,2026.5397,MED,JOURNALIST,,,,,,MED,,,AUS,MELBOURNE,AUS,,,,,,,,1,017,017,01,1,0.0,3,1,3,-1.11111111111111,4,"Melbourne, Victoria, Australia",AS,AS07,5430,-37.8167,144.967,-1586844,4,"Port Melbourne, Victoria, Australia",AS,AS07,5411,-37.8333,144.933,-1595898,4,"Melbourne, Victoria, Australia",AS,AS07,5430,-37.8167,144.967,-1586844,20260717011500,https://tvtonight.com.au/2026/07/airdate-state-funeral-service-for-mr-derryn-hinch.html
1313992963,20260717,202607,2026,2026.5397,MED,MEDIA,,,,,,MED,,,AUS,AUSTRALIAN,AUS,,,,,,,,1,111,111,11,3,-2.0,2,1,2,3.05164319248827,1,Australia,AS,AS,,-25,135,AS,1,Australia,AS,AS,,-25,135,AS,1,Australia,AS,AS,,-25,135,AS,20260717011500,https://www.ragtrader.com.au/news/myer-charges-into-retail-media-space
1313992964,20260717,202607,2026,2026.5397,MED,MEDIA,,,,,,MED,,,AUS,AUSTRALIAN,AUS,,,,,,,,1,111,111,11,3,-2.0,3,1,3,3.05164319248827,1,Japan,JA,JA,,36,138,JA,1,Japan,JA,JA,,36,138,JA,1,Japan,JA,JA,,36,138,JA,20260717011500,https://www.ragtrader.com.au/news/myer-charges-into-retail-media-space
1313992965,20260717,202607,2026,2026.5397,MED,MEDIA,,,,,,MED,,,BUS,PRODUCER,,,,,,BUS,,,1,051,051,05,1,3.4,6,1,6,2.81030444964872,3,"Hollywood, California, United States",US,USCA,CA037,34.0983,-118.327,1660757,3,"Hollywood, California, United States",US,USCA,CA037,34.0983,-118.327,1660757,3,"Hollywood, California, United States",US,USCA,CA037,34.0983,-118.327,1660757,20260717011500,https://timesofindia.indiatimes.com/entertainment/english/hollywood/news/tom-cruise-reviews-christopher-nolans-the-odyssey-screening-in-imax-i-cant-wait-to-see-it-again/articleshow/132450142.cms
1313992966,20260717,202607,2026,2026.5397,MED,MEDIA,,,,,,MED,,,CVL,VOTER,,,,,,CVL,,,0,040,040,04,1,1.0,8,1,8,0.41194644696189,2,"California, United States",US,USCA,,36.17,-119.746,CA,2,"California, United States",US,USCA,,36.17,-119.746,CA,2,"California, United States",US,USCA,,36.17,-119.746,CA,20260717011500,https://www.sandiegouniontribune.com/2026/07/16/harris-newsom-khanna-californias-three-way-race-for-2028/
1313992967,20260717,202607,2026,2026.5397,MED,MEDIA,,,,,,MED,,,EDU,SCHOOL,,,,,,EDU,,,1,046,046,04,1,7.0,2,1,2,2.29226361031518,4,"Selangor, Selangor, Malaysia",MY,MY12,18585,3.35,101.25,-2405315,4,"Simpang Lima, Perak, Malaysia",MY,MY07,18585,4.2373,100.69,-2394511,4,"Simpang Lima, Perak, Malaysia",MY,MY07,18585,4.2373,100.69,-2394511,20260717011500,https://www.thestar.com.my/news/nation/2026/07/17/tnb-smg-launch-ptf-40-to-boost-youth-energy-literacy
1313992968,20260717,202607,2026,2026.5397,MED,MEDIA,,,,,,MED,,,EDU,SCHOOL,,,,,,EDU,,,1,046,046,04,1,7.0,8,1,8,2.29226361031518,4,"Selangor, Selangor, Malaysia",MY,MY12,18585,3.35,101.25,-2405315,4,"Simpang Lima, Perak, Malaysia",MY,MY07,18585,4.2373,100.69,-2394511,4,"Selangor, Selangor, Malaysia",MY,MY12,18585,3.35,101.25,-2405315,20260717011500,https://www.thestar.com.my/news/nation/2026/07/17/tnb-smg-launch-ptf-40-to-boost-youth-energy-literacy
1313992969,20260717,202607,2026,2026.5397,MED,NEWSPAPER,,,,,,MED,,,LBN,LEBANON,LBN,,,,,,,,1,060,060,06,2,6.0,2,1,2,-3.22580645161291,4,"Tel Aviv, Tel Aviv, Israel",IS,IS05,18316,32.0667,34.7667,-781545,1,Lebanon,LE,LE,,33.833333,35.833333,LE,1,Lebanon,LE,LE,,33.833333,35.833333,LE,20260717011500,https://aa.com.tr/en/middle-east/israeli-army-setting-up-permanent-new-military-posts-in-southern-lebanon-report/4000876
1313992970,20260717,202607,2026,2026.5397,MED,NEWSPAPER,,,,,,MED,,,LBN,LEBANON,LBN,,,,,,,,1,060,060,06,2,6.0,8,1,8,-3.22580645161291,1,Lebanon,LE,LE,,33.833333,35.833333,LE,1,Lebanon,LE,LE,,33.833333,35.833333,LE,1,Lebanon,LE,LE,,33.833333,35.833333,LE,20260717011500,https://aa.com.tr/en/middle-east/israeli-army-setting-up-permanent-new-military-posts-in-southern-lebanon-report/4000876
1313992971,20260717,202607,2026,2026.5397,MED,NEWSPAPER,,,,,,MED,,,LBN,LEBANON,LBN,,,,,,,,1,0874,087,08,2,10.0,1,1,1,-3.22580645161291,1,Lebanon,LE,LE,,33.833333,35.833333,LE,4,"Tel Aviv, Tel Aviv, Israel",IS,IS05,18316,32.0667,34.7667,-781545,4,"Tel Aviv, Tel Aviv, Israel",IS,IS05,18316,32.0667,34.7667,-781545,20260717011500,https://aa.com.tr/en/middle-east/israeli-army-setting-up-permanent-new-military-posts-in-southern-lebanon-report/4000876
1313992972,20260717,202607,2026,2026.5397,MED,NEWSPAPER,,,,,,MED,,,LBN,LEBANON,LBN,,,,,,,,1,0874,087,08,2,10.0,1,1,1,-3.22580645161291,1,Lebanon,LE,LE,,33.833333,35.833333,LE,1,Lebanon,LE,LE,,33.833333,35.833333,LE,4,"Tel Aviv, Tel Aviv, Israel",IS,IS05,18316,32.0667,34.7667,-781545,20260717011500,https://aa.com.tr/en/middle-east/israeli-army-setting-up-permanent-new-military-posts-in-southern-lebanon-report/4000876
1313992973,20260717,202607,2026,2026.5397,MED,NEWSPAPER,,,,,,MED,,,LBN,LEBANON,LBN,,,,,,,,1,0874,087,08,2,10.0,3,1,3,-3.22580645161291,1,Lebanon,LE,LE,,33.833333,35.833333,LE,1,Lebanon,LE,LE,,33.833333,35.833333,LE,1,Lebanon,LE,LE,,33.833333,35.833333,LE,20260717011500,https://aa.com.tr/en/middle-east/israeli-army-setting-up-permanent-new-military-posts-in-southern-lebanon-report/4000876
1313992974,20260717,202607,2026,2026.5397,MED,CORRESPONDENT,,,,,,MED,,,NGA,LAGOS,NGA,,,,,,,,1,166,166,16,4,-7.0,3,1,3,-3.7037037037037,4,"Lagos, Lagos, Nigeria",NI,NI05,191416,6.45306,3.39583,-2017355,4,"Lagos, Lagos, Nigeria",NI,NI05,191416,6.45306,3.39583,-2017355,4,"Lagos, Lagos, Nigeria",NI,NI05,191416,6.45306,3.39583,-2017355,20260717011500,https://punchng.com/lagos-clears-refuse-in-oshodi-after-punch-report/
1313992975,20260717,202607,2026,2026.5397,MED,MEDIA,,,,,,MED,,,RUS,RUSSIA,RUS,,,,,,,,1,190,190,19,4,-10.0,1,1,1,-9.69072164948455,4,"Kyiv, Kyyiv, Misto, Ukraine",UP,UP12,28554,50.4333,30.5167,-1044367,1,Russia,RS,RS,,60,100,RS,4,"Kyiv, Kyyiv, Misto, Ukraine",UP,UP12,28554,50.4333,30.5167,-1044367,20260717011500,https://www.express.co.uk/news/world/2230059/russia-warns-nuclear-apocalypse-after-drone-strike-killing-traitor
1313992976,20260717,202607,2026,2026.5397,MED,MEDIA,,,,,,MED,,,RUS,RUSSIA,RUS,,,,,,,,1,190,190,19,4,-10.0,1,1,1,-9.69072164948455,1,Russia,RS,RS,,60,100,RS,1,Russia,RS,RS,,60,100,RS,1,Russia,RS,RS,,60,100,RS,20260717011500,https://www.express.co.uk/news/world/2230059/russia-warns-nuclear-apocalypse-after-drone-strike-killing-traitor
1313992977,20260717,202607,2026,2026.5397,MED,NEWSPAPER,,,,,,MED,,,SYR,SYRIA,SYR,,,,,,,,1,0874,087,08,2,10.0,2,1,2,-3.22580645161291,1,Lebanon,LE,LE,,33.833333,35.833333,LE,1,Lebanon,LE,LE,,33.833333,35.833333,LE,4,"Tel Aviv, Tel Aviv, Israel",IS,IS05,18316,32.0667,34.7667,-781545,20260717011500,https://aa.com.tr/en/middle-east/israeli-army-setting-up-permanent-new-military-posts-in-southern-lebanon-report/4000876
1313992978,20260717,202607,2026,2026.5397,MED,NEWSPAPER,,,,,,MED,,,SYR,SYRIA,SYR,,,,,,,,1,0874,087,08,2,10.0,3,1,3,-3.22580645161291,1,Lebanon,LE,LE,,33.833333,35.833333,LE,1,Syria,SY,SY,,35,38,SY,1,Lebanon,LE,LE,,33.833333,35.833333,LE,20260717011500,https://aa.com.tr/en/middle-east/israeli-army-setting-up-permanent-new-military-posts-in-southern-lebanon-report/4000876
1313992979,20260717,202607,2026,2026.5397,MED,PUBLICATION,,,,,,MED,,,TUR,ANKARA,TUR,,,,,,,,0,040,040,04,1,1.0,4,1,4,-3.2,4,"Ankara, Ankara, Turkey",TU,TU68,27516,39.9272,32.8644,-735338,4,"Ankara, Ankara, Turkey",TU,TU68,27516,39.9272,32.8644,-735338,4,"Ankara, Ankara, Turkey",TU,TU68,27516,39.9272,32.8644,-735338,20260717011500,https://www.express.co.uk/news/us/2230062/trump-s-wife-family-displayed-blood-blood-iran-coffins-mural
1313992980,20260717,202607,2026,2026.5397,MED,PUBLICATION,,,,,,MED,,,TUR,ANKARA,TUR,,,,,,,,0,040,040,04,1,1.0,1,1,1,-3.2,1,Israel,IS,IS,,31.5,34.75,IS,1,Israel,IS,IS,,31.5,34.75,IS,1,Israel,IS,IS,,31.5,34.75,IS,20260717011500,https://www.express.co.uk/news/us/2230062/trump-s-wife-family-displayed-blood-blood-iran-coffins-mural
1313992981,20260717,202607,2026,2026.5397,MED,MEDIA,,,,,,MED,,,USA,UNITED STATES,USA,,,,,,,,1,051,051,05,1,3.4,4,1,4,2.81030444964872,3,"Hollywood, California, United States",US,USCA,CA037,34.0983,-118.327,1660757,3,"Hollywood, California, United States",US,USCA,CA037,34.0983,-118.327,1660757,3,"Hollywood, California, United States",US,USCA,CA037,34.0983,-118.327,1660757,20260717011500,https://timesofindia.indiatimes.com/entertainment/english/hollywood/news/tom-cruise-reviews-christopher-nolans-the-odyssey-screening-in-imax-i-cant-wait-to-see-it-again/articleshow/132450142.cms
1313992982,20260717,202607,2026,2026.5397,MED,WRITER,,,,,,MED,,,USA,UNITED STATES,USA,,,,,,,,0,115,115,11,3,-2.0,4,1,4,-4.21455938697318,3,"Oakland, California, United States",US,USCA,CA001,37.8044,-122.271,277566,3,"Oakland, California, United States",US,USCA,CA001,37.8044,-122.271,277566,3,"Oakland, California, United States",US,USCA,CA001,37.8044,-122.271,277566,20260717011500,https://variety.com/2026/film/news/paramount-subscribers-fail-injunction-merger-1236813567/
1313992983,20260717,202607,2026,2026.5397,MED,WRITER,,,,,,MED,,,USA,UNITED STATES,USA,,,,,,,,0,115,115,11,3,-2.0,4,1,4,-4.21455938697318,2,"Delaware, United States",US,USDE,,39.3498,-75.5148,DE,2,"Delaware, United States",US,USDE,,39.3498,-75.5148,DE,2,"Delaware, United States",US,USDE,,39.3498,-75.5148,DE,20260717011500,https://variety.com/2026/film/news/paramount-subscribers-fail-injunction-merger-1236813567/
1313992984,20260717,202607,2026,2026.5397,MEX,MEXICO CITY,MEX,,,,,,,,,,,,,,,,,,0,036,036,03,1,4.0,2,1,2,-2.8099173553719,4,"Mexico City, Distrito Federal, Mexico",MX,MX09,20887,19.4342,-99.1386,-1658079,0,,,,,,,,4,"Mexico City, Distrito Federal, Mexico",MX,MX09,20887,19.4342,-99.1386,-1658079,20260717011500,https://www.sandiegouniontribune.com/2026/07/16/no-pollution-fix-no-deal-officials-warn-renewal-of-international-trade-pact-must-be-tied-to-solving-crisis/
1313992985,20260717,202607,2026,2026.5397,MEX,MEXICAN,MEX,,,,,,,,,,,,,,,,,,1,051,051,05,1,3.4,10,1,10,6.41025641025641,4,"Black Country, Sandwell, United Kingdom",UK,UKL7,40136,52.5,-2,-2590080,0,,,,,,,,4,"Black Country, Sandwell, United Kingdom",UK,UKL7,40136,52.5,-2,-2590080,20260717011500,https://www.birminghammail.co.uk/special-features/ding-ding-merry-hill-taco-34219352
1313992986,20260717,202607,2026,2026.5397,MEX,TIJUANA,MEX,,,,,,,,USA,UNITED STATES,USA,,,,,,,,0,042,042,04,1,1.9,4,1,4,-2.8099173553719,3,"Tijuana River, California, United States",US,USCA,CA073,32.5553,-117.129,255756,3,"Tijuana River, California, United States",US,USCA,,32.5553,-117.129,255756,3,"Tijuana River, California, United States",US,USCA,,32.5553,-117.129,255756,20260717011500,https://www.sandiegouniontribune.com/2026/07/16/no-pollution-fix-no-deal-officials-warn-renewal-of-international-trade-pact-must-be-tied-to-solving-crisis/
1313992987,20260717,202607,2026,2026.5397,MEX,MEXICO,MEX,,,,,,,,USAPRI,PUERTO RICO,USA,,,,,,,,1,036,036,03,1,4.0,4,1,4,1.86246418338109,4,"Punta Cana, La Altagracia, Dominican Republic",DR,DR10,36924,18.5269,-68.3656,-3363835,4,"Punta Cana, La Altagracia, Dominican Republic",DR,DR10,36924,18.5269,-68.3656,-3363835,4,"Punta Cana, La Altagracia, Dominican Republic",DR,DR10,36924,18.5269,-68.3656,-3363835,20260717011500,https://www.caribjournal.com/2026/07/16/starlink-frontier-airlines/
1313992988,20260717,202607,2026,2026.5397,MEX,MEXICO,MEX,,,,,,,,USAPRI,PUERTO RICO,USA,,,,,,,,1,036,036,03,1,4.0,4,1,4,1.86246418338109,1,United States,US,US,,39.828175,-98.5795,US,1,United States,US,US,,39.828175,-98.5795,US,1,United States,US,US,,39.828175,-98.5795,US,20260717011500,https://www.caribjournal.com/2026/07/16/starlink-frontier-airlines/
1313992989,20260717,202607,2026,2026.5397,MIL,MILITARY,,,,,,MIL,,,BUS,OIL TANKER,,,,,,BUS,,,0,130,130,13,3,-4.4,1,1,1,-5.23303352412101,4,"Khatam, Abu Z¸aby, United Arab Emirates",AE,AE01,28568,24.3336,55.1664,-782216,4,"Khatam, Abu Z¸aby, United Arab Emirates",AE,AE01,28568,24.3336,55.1664,-782216,4,"Khatam, Abu Z¸aby, United Arab Emirates",AE,AE01,28568,24.3336,55.1664,-782216,20260717011500,https://www.castanetkamloops.net/news/World/625057/Bahrain-and-Kuwait-face-Iranian-fire-as-US-airstrikes-expand-to-target-more-bridges
1313992990,20260717,202607,2026,2026.5397,MIL,COAST GUARD,,,,,,MIL,,,COP,DEPUTY,,,,,,COP,,,1,013,013,01,1,0.4,6,1,6,1.90476190476191,3,"White House, District of Columbia, United States",US,USDC,,38.8951,-77.0364,531871,3,"White House, District of Columbia, United States",US,USDC,,38.8951,-77.0364,531871,3,"White House, District of Columbia, United States",US,USDC,,38.8951,-77.0364,531871,20260717011500,https://kffhealthnews.org/public-health/cdc-director-nominee-erica-schwartz-confirmation-hearing-vaccines-rfk-kennedy/
1313992991,20260717,202607,2026,2026.5397,MIL,ARMY,,,,,,MIL,,,COP,POLICE,,,,,,COP,,,1,070,070,07,2,7.0,10,1,10,-0.44052863436123,0,,,,,,,,0,,,,,,,,0,,,,,,,,20260717011500,https://www.surinametimes.com/artikel/14-people-arrested-in-sara-creek-region
1313992992,20260717,202607,2026,2026.5397,MIL,ECHELON,,,,,,MIL,,,FRA,FRANCE,FRA,,,,,,,,1,036,036,03,1,4.0,2,1,2,2.33463035019456,4,"Paris, France (general), France",FR,FR00,16282,48.8667,2.33333,-1456928,4,"Paris, France (general), France",FR,FR00,16282,48.8667,2.33333,-1456928,4,"Paris, France (general), France",FR,FR00,16282,48.8667,2.33333,-1456928,20260717011500,https://www.ragtrader.com.au/news/zimmermann-earns-f-d-ration-s-top-fashion-accolade
1313992993,20260717,202607,2026,2026.5397,MIL,COAST GUARD,,,,,,MIL,,,USA,UNITED STATES,USA,,,,,,,,1,013,013,01,1,0.4,4,1,4,1.90476190476191,3,"White House, District of Columbia, United States",US,USDC,,38.8951,-77.0364,531871,3,"White House, District of Columbia, United States",US,USDC,,38.8951,-77.0364,531871,3,"White House, District of Columbia, United States",US,USDC,,38.8951,-77.0364,531871,20260717011500,https://kffhealthnews.org/public-health/cdc-director-nominee-erica-schwartz-confirmation-hearing-vaccines-rfk-kennedy/
1313992994,20260717,202607,2026,2026.5397,MNCJPN,HONDA,JPN,,,,,MNC,,,,,,,,,,,,,0,017,017,01,1,0.0,4,1,4,7.29166666666666,3,"Encanto, California, United States",US,USCA,CA073,32.712,-117.05,1660619,0,,,,,,,,3,"Encanto, California, United States",US,USCA,CA073,32.712,-117.05,1660619,20260717011500,https://www.laughingplace.com/disney-entertainment/d23-2026-show-floor-experiences-simpsons-movie-2/
1313992995,20260717,202607,2026,2026.5397,MNCJPN,HONDA,JPN,,,,,MNC,,,,,,,,,,,,,0,051,051,05,1,3.4,4,1,4,7.29166666666666,3,"Encanto, California, United States",US,USCA,CA073,32.712,-117.05,1660619,0,,,,,,,,3,"Encanto, California, United States",US,USCA,CA073,32.712,-117.05,1660619,20260717011500,https://www.laughingplace.com/disney-entertainment/d23-2026-show-floor-experiences-simpsons-movie-2/
1313992996,20260717,202607,2026,2026.5397,MNCJPN,HONDA,JPN,,,,,MNC,,,USA,UNITED STATES,USA,,,,,,,,0,017,017,01,1,0.0,6,1,6,7.29166666666666,3,"Encanto, California, United States",US,USCA,CA073,32.712,-117.05,1660619,3,"Encanto, California, United States",US,USCA,CA073,32.712,-117.05,1660619,3,"Encanto, California, United States",US,USCA,CA073,32.712,-117.05,1660619,20260717011500,https://www.laughingplace.com/disney-entertainment/d23-2026-show-floor-experiences-simpsons-movie-2/
1313992997,20260717,202607,2026,2026.5397,MNCJPN,HONDA,JPN,,,,,MNC,,,USA,UNITED STATES,USA,,,,,,,,0,036,036,03,1,4.0,6,1,6,7.29166666666666,3,"Encanto, California, United States",US,USCA,CA073,32.712,-117.05,1660619,3,"Encanto, California, United States",US,USCA,CA073,32.712,-117.05,1660619,3,"Encanto, California, United States",US,USCA,CA073,32.712,-117.05,1660619,20260717011500,https://www.laughingplace.com/disney-entertainment/d23-2026-show-floor-experiences-simpsons-movie-2/
1313992998,20260717,202607,2026,2026.5397,MNCUSA,NORTHERN OIL AND GAS INC,USA,,,,,MNC,,,,,,,,,,,,,1,010,010,01,1,0.0,10,1,10,1.27737226277372,2,"Montana, United States",US,USMT,,46.9048,-110.326,MT,0,,,,,,,,2,"Montana, United States",US,USMT,,46.9048,-110.326,MT,20260717011500,https://www.tickerreport.com/banking-finance/13506273/recent-investment-analysts-ratings-updates-for-northern-oil-and-gas-nog.html
1313992999,20260717,202607,2026,2026.5397,MNCUSA,DISNEY,USA,,,,,MNC,,,,,,,,,,,,,0,013,013,01,1,0.4,3,1,3,7.29166666666666,2,"California, United States",US,USCA,,36.17,-119.746,CA,0,,,,,,,,2,"California, United States",US,USCA,,36.17,-119.746,CA,20260717011500,https://www.laughingplace.com/disney-entertainment/d23-2026-show-floor-experiences-simpsons-movie-2/
1313993000,20260717,202607,2026,2026.5397,MNCUSA,DISNEY,USA,,,,,MNC,,,,,,,,,,,,,0,030,030,03,1,4.0,3,1,3,7.29166666666666,3,"Anaheim Convention Center, California, United States",US,USCA,CA059,33.8014,-117.921,238600,0,,,,,,,,3,"Anaheim Convention Center, California, United States",US,USCA,,33.8014,-117.921,238600,20260717011500,https://www.laughingplace.com/disney-entertainment/d23-2026-show-floor-experiences-simpsons-movie-2/
1313993001,20260717,202607,2026,2026.5397,MNCUSA,DISNEY,USA,,,,,MNC,,,,,,,,,,,,,0,036,036,03,1,4.0,3,1,3,7.29166666666666,3,"Encanto, California, United States",US,USCA,CA073,32.712,-117.05,1660619,0,,,,,,,,3,"Encanto, California, United States",US,USCA,CA073,32.712,-117.05,1660619,20260717011500,https://www.laughingplace.com/disney-entertainment/d23-2026-show-floor-experiences-simpsons-movie-2/
1313993002,20260717,202607,2026,2026.5397,MNCUSA,DISNEY,USA,,,,,MNC,,,,,,,,,,,,,0,036,036,03,1,4.0,3,1,3,7.29166666666666,2,"California, United States",US,USCA,,36.17,-119.746,CA,0,,,,,,,,2,"California, United States",US,USCA,,36.17,-119.746,CA,20260717011500,https://www.laughingplace.com/disney-entertainment/d23-2026-show-floor-experiences-simpsons-movie-2/
1313993003,20260717,202607,2026,2026.5397,MNCUSA,UNION PACIFIC,USA,,,,,MNC,,,,,,,,,,,,,1,043,043,04,1,2.8,2,1,2,4.51977401129944,3,"Topeka, Kansas, United States",US,USKS,KS177,39.0483,-95.678,485477,0,,,,,,,,3,"Topeka, Kansas, United States",US,USKS,KS177,39.0483,-95.678,485477,20260717011500,https://www.wibw.com/2026/07/16/legendary-big-boy-train-chugging-through-topeka-soon/
1313993004,20260717,202607,2026,2026.5397,MNCUSA,UNION PACIFIC,USA,,,,,MNC,,,,,,,,,,,,,1,051,051,05,1,3.4,1,1,1,4.51977401129944,3,"Topeka, Kansas, United States",US,USKS,KS177,39.0483,-95.678,485477,0,,,,,,,,3,"Topeka, Kansas, United States",US,USKS,KS177,39.0483,-95.678,485477,20260717011500,https://www.wibw.com/2026/07/16/legendary-big-boy-train-chugging-through-topeka-soon/
1313993005,20260717,202607,2026,2026.5397,MNCUSA,BANK OF AMERICA,USA,,,,,MNC,,,,,,,,,,,,,1,0831,083,08,2,5.0,3,1,3,2.36686390532544,1,United States,US,US,,39.828175,-98.5795,US,0,,,,,,,,1,United States,US,US,,39.828175,-98.5795,US,20260717011500,https://www.morningstar.com/economy/what-we-learned-about-economy-big-bank-earnings
1313993006,20260717,202607,2026,2026.5397,MNCUSA,HALLIBURTON,USA,,,,,MNC,,,SAU,SAUDI ARABIA,SAU,,,,,,,,1,031,031,03,1,5.2,10,1,10,7.40740740740741,1,Saudi Arabia,SA,SA,,25,45,SA,1,Saudi Arabia,SA,SA,,25,45,SA,1,Saudi Arabia,SA,SA,,25,45,SA,20260717011500,https://www.energy-pedia.com/news/saudi-arabia/halliburton-awarded-lstk-contracts-by-aramco-for-onshore-oil-re-entry-program-204631
1313993007,20260717,202607,2026,2026.5397,MNCUSA,HALLIBURTON,USA,,,,,MNC,,,SAUGOV,SAUDI ARABIA,SAU,,,,,GOV,,,1,031,031,03,1,5.2,10,1,10,7.40740740740741,1,Saudi Arabia,SA,SA,,25,45,SA,1,Saudi Arabia,SA,SA,,25,45,SA,1,Saudi Arabia,SA,SA,,25,45,SA,20260717011500,https://www.energy-pedia.com/news/saudi-arabia/halliburton-awarded-lstk-contracts-by-aramco-for-onshore-oil-re-entry-program-204631
1313993008,20260717,202607,2026,2026.5397,MNCUSA,DISNEY,USA,,,,,MNC,,,USA,UNITED STATES,USA,,,,,,,,0,030,030,03,1,4.0,1,1,1,7.29166666666666,3,"Anaheim Convention Center, California, United States",US,USCA,CA059,33.8014,-117.921,238600,3,"Anaheim Convention Center, California, United States",US,USCA,,33.8014,-117.921,238600,3,"Anaheim Convention Center, California, United States",US,USCA,,33.8014,-117.921,238600,20260717011500,https://www.laughingplace.com/disney-entertainment/d23-2026-show-floor-experiences-simpsons-movie-2/
1313993009,20260717,202607,2026,2026.5397,MNCUSA,DISNEY,USA,,,,,MNC,,,USA,UNITED STATES,USA,,,,,,,,0,036,036,03,1,4.0,2,1,2,7.29166666666666,3,"Anaheim Convention Center, California, United States",US,USCA,CA059,33.8014,-117.921,238600,3,"Anaheim Convention Center, California, United States",US,USCA,,33.8014,-117.921,238600,3,"Anaheim Convention Center, California, United States",US,USCA,,33.8014,-117.921,238600,20260717011500,https://www.laughingplace.com/disney-entertainment/d23-2026-show-floor-experiences-simpsons-movie-2/
1313993010,20260717,202607,2026,2026.5397,MNCUSA,UNION PACIFIC,USA,,,,,MNC,,,USA,UNITED STATES,USA,,,,,,,,1,036,036,03,1,4.0,8,1,8,4.51977401129944,3,"Topeka, Kansas, United States",US,USKS,KS177,39.0483,-95.678,485477,3,"Topeka, Kansas, United States",US,USKS,KS177,39.0483,-95.678,485477,3,"Topeka, Kansas, United States",US,USKS,KS177,39.0483,-95.678,485477,20260717011500,https://www.wibw.com/2026/07/16/legendary-big-boy-train-chugging-through-topeka-soon/
1313993011,20260717,202607,2026,2026.5397,MNCUSA,UNION PACIFIC,USA,,,,,MNC,,,USA,UNITED STATES,USA,,,,,,,,1,043,043,04,1,2.8,8,1,8,4.51977401129944,3,"Topeka, Kansas, United States",US,USKS,KS177,39.0483,-95.678,485477,3,"Topeka, Kansas, United States",US,USKS,KS177,39.0483,-95.678,485477,3,"Topeka, Kansas, United States",US,USKS,KS177,39.0483,-95.678,485477,20260717011500,https://www.wibw.com/2026/07/16/legendary-big-boy-train-chugging-through-topeka-soon/
1313993012,20260717,202607,2026,2026.5397,MNCUSA,UNION PACIFIC,USA,,,,,MNC,,,USA,UNITED STATES,USA,,,,,,,,1,051,051,05,1,3.4,6,1,6,4.51977401129944,3,"Topeka, Kansas, United States",US,USKS,KS177,39.0483,-95.678,485477,3,"Topeka, Kansas, United States",US,USKS,KS177,39.0483,-95.678,485477,3,"Topeka, Kansas, United States",US,USKS,KS177,39.0483,-95.678,485477,20260717011500,https://www.wibw.com/2026/07/16/legendary-big-boy-train-chugging-through-topeka-soon/
1313993013,20260717,202607,2026,2026.5397,MNCUSAHLH,ELI LILLY,USA,,,,,MNC,HLH,,BUS,COMPANY,,,,,,BUS,,,1,030,030,03,1,4.0,10,1,10,0.88235294117647,0,,,,,,,,0,,,,,,,,0,,,,,,,,20260717011500,https://cen.acs.org/business/mergers-&-acquisitions/lilly-buy-psychedelic-drug-firm-ataibeckley/104/web/2026/07
1313993014,20260717,202607,2026,2026.5397,MNCUSAMED,GOOGLE,USA,,,,,MNC,MED,,,,,,,,,,,,0,010,010,01,1,0.0,5,1,5,2.77207392197126,3,"Milton State Park, Pennsylvania, United States",US,USPA,PA097,41.0209,-76.8614,1198261,0,,,,,,,,3,"Milton State Park, Pennsylvania, United States",US,USPA,,41.0209,-76.8614,1198261,20260717011500,https://www.islands.com/2214479/ravensburg-state-tranquil-park-pennsylvania-underrated-forest-getaway-hiking-camping-fishing/
1313993015,20260717,202607,2026,2026.5397,MNCUSAMED,GOOGLE,USA,,,,,MNC,MED,,,,,,,,,,,,0,010,010,01,1,0.0,4,1,4,-2.1986353297953,1,Russia,RS,RS,,60,100,RS,0,,,,,,,,1,Russia,RS,RS,,60,100,RS,20260717011500,https://www.governing.com/security/election-tech-monitors-voter-records-helps-secure-midterms
1313993016,20260717,202607,2026,2026.5397,MNCUSAMED,GOOGLE,USA,,,,,MNC,MED,,,,,,,,,,,,0,010,010,01,1,0.0,6,1,6,-2.1986353297953,2,"Texas, United States",US,USTX,,31.106,-97.6475,TX,0,,,,,,,,2,"Texas, United States",US,USTX,,31.106,-97.6475,TX,20260717011500,https://www.governing.com/security/election-tech-monitors-voter-records-helps-secure-midterms
1313993017,20260717,202607,2026,2026.5397,MYS,KUALA LUMPUR,MYS,,,,,,,,,,,,,,,,,,1,010,010,01,1,0.0,3,1,3,0.719424460431657,1,China,CH,CH,,35,105,CH,0,,,,,,,,1,China,CH,CH,,35,105,CH,20260717011500,https://www.thestar.com.my/news/true-or-not/2026/07/17/quickcheck-did-two-european-planters-give-bangsar-its-name
1313993018,20260717,202607,2026,2026.5397,MYS,MALAYSIA,MYS,,,,,,,,,,,,,,,,,,1,043,043,04,1,2.8,3,1,3,1.56862745098039,4,"Kuantan, Pahang, Malaysia",MY,MY06,18585,3.8077,103.326,-2402944,0,,,,,,,,4,"Kuantan, Pahang, Malaysia",MY,MY06,18585,3.8077,103.326,-2402944,20260717011500,https://www.thestar.com.my/lifestyle/culture/2026/07/17/weekend-for-the-arts-039in-between-worlds039-039under-a-borrowed-sun039
1313993019,20260717,202607,2026,2026.5397,MYS,MALAYSIA,MYS,,,,,,,,,,,,,,,,,,1,043,043,04,1,2.8,3,1,3,1.56862745098039,4,"Kuala Lumpur, Kuala Lumpur, Malaysia",MY,MY14,18585,3.16667,101.7,-2403010,0,,,,,,,,4,"Tokyo, Tokyo, Japan",JA,JA40,36340,35.685,139.751,-246227,20260717011500,https://www.thestar.com.my/lifestyle/culture/2026/07/17/weekend-for-the-arts-039in-between-worlds039-039under-a-borrowed-sun039
1313993020,20260717,202607,2026,2026.5397,MYS,MALAYSIA,MYS,,,,,,,,,,,,,,,,,,0,090,090,09,2,-2.0,8,1,8,1.56862745098039,4,"Kuantan, Pahang, Malaysia",MY,MY06,18585,3.8077,103.326,-2402944,0,,,,,,,,4,"Kuantan, Pahang, Malaysia",MY,MY06,18585,3.8077,103.326,-2402944,20260717011500,https://www.thestar.com.my/lifestyle/culture/2026/07/17/weekend-for-the-arts-039in-between-worlds039-039under-a-borrowed-sun039
1313993021,20260717,202607,2026,2026.5397,MYS,KUALA LUMPUR,MYS,,,,,,,,CVL,NEIGHBOURHOOD,,,,,,CVL,,,1,010,010,01,1,0.0,1,1,1,0.719424460431657,4,"Kerinchi, Indonesia (general), Indonesia",ID,ID00,18585,-2.15,101.5,-2682473,1,France,FR,FR,,46,2,FR,1,France,FR,FR,,46,2,FR,20260717011500,https://www.thestar.com.my/news/true-or-not/2026/07/17/quickcheck-did-two-european-planters-give-bangsar-its-name
1313993022,20260717,202607,2026,2026.5397,MYS,KUALA LUMPUR,MYS,,,,,,,,CVL,NEIGHBOURHOOD,,,,,,CVL,,,1,010,010,01,1,0.0,1,1,1,0.719424460431657,1,Belgium,BE,BE,,50.833333,4,BE,1,France,FR,FR,,46,2,FR,1,France,FR,FR,,46,2,FR,20260717011500,https://www.thestar.com.my/news/true-or-not/2026/07/17/quickcheck-did-two-european-planters-give-bangsar-its-name
1313993023,20260717,202607,2026,2026.5397,MYS,KUALA LUMPUR,MYS,,,,,,,,CVL,NEIGHBOURHOOD,,,,,,CVL,,,1,010,010,01,1,0.0,3,1,3,0.719424460431657,1,China,CH,CH,,35,105,CH,1,China,CH,CH,,35,105,CH,1,China,CH,CH,,35,105,CH,20260717011500,https://www.thestar.com.my/news/true-or-not/2026/07/17/quickcheck-did-two-european-planters-give-bangsar-its-name
1313993024,20260717,202607,2026,2026.5397,MYS,KUALA LUMPUR,MYS,,,,,,,,CVL,NEIGHBOURHOOD,,,,,,CVL,,,1,172,172,17,4,-5.0,5,1,5,0.719424460431657,4,"Kuala Lumpur, Kuala Lumpur, Malaysia",MY,MY14,18585,3.16667,101.7,-2403010,4,"Kuala Lumpur, Kuala Lumpur, Malaysia",MY,MY14,18585,3.16667,101.7,-2403010,4,"Kuala Lumpur, Kuala Lumpur, Malaysia",MY,MY14,18585,3.16667,101.7,-2403010,20260717011500,https://www.thestar.com.my/news/true-or-not/2026/07/17/quickcheck-did-two-european-planters-give-bangsar-its-name
1313993025,20260717,202607,2026,2026.5397,MYS,KUALA LUMPUR,MYS,,,,,,,,CVL,NEIGHBOURHOOD,,,,,,CVL,,,1,172,172,17,4,-5.0,1,1,1,0.719424460431657,4,"Kerinchi, Indonesia (general), Indonesia",ID,ID00,18585,-2.15,101.5,-2682473,1,France,FR,FR,,46,2,FR,1,France,FR,FR,,46,2,FR,20260717011500,https://www.thestar.com.my/news/true-or-not/2026/07/17/quickcheck-did-two-european-planters-give-bangsar-its-name
1313993026,20260717,202607,2026,2026.5397,MYS,KUALA LUMPUR,MYS,,,,,,,,CVL,NEIGHBOURHOOD,,,,,,CVL,,,1,172,172,17,4,-5.0,1,1,1,0.719424460431657,1,Belgium,BE,BE,,50.833333,4,BE,1,France,FR,FR,,46,2,FR,1,France,FR,FR,,46,2,FR,20260717011500,https://www.thestar.com.my/news/true-or-not/2026/07/17/quickcheck-did-two-european-planters-give-bangsar-its-name
1313993027,20260717,202607,2026,2026.5397,MYS,MALAYSIA,MYS,,,,,,,,GOV,GOVERNMENT,,,,,,GOV,,,1,160,160,16,4,-4.0,4,1,4,-0.57692307692308,4,"Kuala Lumpur, Kuala Lumpur, Malaysia",MY,MY14,18585,3.16667,101.7,-2403010,4,"Kuala Lumpur, Kuala Lumpur, Malaysia",MY,MY14,18585,3.16667,101.7,-2403010,4,"Kuala Lumpur, Kuala Lumpur, Malaysia",MY,MY14,18585,3.16667,101.7,-2403010,20260717011500,https://www.malaysiakini.com/newsletter/779919
1313993028,20260717,202607,2026,2026.5397,MYS,MALAYSIA,MYS,,,,,,,,JPN,TOKYO,JPN,,,,,,,,1,042,042,04,1,1.9,2,1,2,1.56862745098039,4,"Kuala Lumpur, Kuala Lumpur, Malaysia",MY,MY14,18585,3.16667,101.7,-2403010,4,"Kuala Lumpur, Kuala Lumpur, Malaysia",MY,MY14,18585,3.16667,101.7,-2403010,4,"Kuala Lumpur, Kuala Lumpur, Malaysia",MY,MY14,18585,3.16667,101.7,-2403010,20260717011500,https://www.thestar.com.my/lifestyle/culture/2026/07/17/weekend-for-the-arts-039in-between-worlds039-039under-a-borrowed-sun039
1313993029,20260717,202607,2026,2026.5397,MYS,MALAYSIA,MYS,,,,,,,,JPN,TOKYO,JPN,,,,,,,,1,042,042,04,1,1.9,2,1,2,1.56862745098039,4,"Kuala Lumpur, Kuala Lumpur, Malaysia",MY,MY14,18585,3.16667,101.7,-2403010,4,"Tokyo, Tokyo, Japan",JA,JA40,36340,35.685,139.751,-246227,4,"Tokyo, Tokyo, Japan",JA,JA40,36340,35.685,139.751,-246227,20260717011500,https://www.thestar.com.my/lifestyle/culture/2026/07/17/weekend-for-the-arts-039in-between-worlds039-039under-a-borrowed-sun039
1313993030,20260717,202607,2026,2026.5397,MYS,MALAYSIA,MYS,,,,,,,,JPN,TOKYO,JPN,,,,,,,,1,043,043,04,1,2.8,6,1,6,1.56862745098039,4,"Kuala Lumpur, Kuala Lumpur, Malaysia",MY,MY14,18585,3.16667,101.7,-2403010,4,"Tokyo, Tokyo, Japan",JA,JA40,36340,35.685,139.751,-246227,4,"Kuala Lumpur, Kuala Lumpur, Malaysia",MY,MY14,18585,3.16667,101.7,-2403010,20260717011500,https://www.thestar.com.my/lifestyle/culture/2026/07/17/weekend-for-the-arts-039in-between-worlds039-039under-a-borrowed-sun039
1313993031,20260717,202607,2026,2026.5397,MYSGOV,MALAYSIA,MYS,,,,,GOV,,,,,,,,,,,,,0,014,014,01,1,0.0,1,1,1,-0.57692307692308,4,"Kuala Lumpur, Kuala Lumpur, Malaysia",MY,MY14,18585,3.16667,101.7,-2403010,0,,,,,,,,5,"Negeri Sembilan, Negeri Sembilan, Malaysia",MY,MY05,18585,2.75,102.167,-2405161,20260717011500,https://www.malaysiakini.com/newsletter/779919
1313993032,20260717,202607,2026,2026.5397,MYSGOV,MALAYSIA,MYS,,,,,GOV,,,,,,,,,,,,,0,020,020,02,1,3.0,1,1,1,-0.57692307692308,4,"Kuala Lumpur, Kuala Lumpur, Malaysia",MY,MY14,18585,3.16667,101.7,-2403010,0,,,,,,,,4,"Kuala Lumpur, Kuala Lumpur, Malaysia",MY,MY14,18585,3.16667,101.7,-2403010,20260717011500,https://www.malaysiakini.com/newsletter/779919
1313993033,20260717,202607,2026,2026.5397,MYSGOV,MALAYSIA,MYS,,,,,GOV,,,MYS,MALAYSIA,MYS,,,,,,,,0,014,014,01,1,0.0,1,1,1,-0.57692307692308,4,"Kuala Lumpur, Kuala Lumpur, Malaysia",MY,MY14,18585,3.16667,101.7,-2403010,5,"Negeri Sembilan, Negeri Sembilan, Malaysia",MY,MY05,18585,2.75,102.167,-2405161,5,"Negeri Sembilan, Negeri Sembilan, Malaysia",MY,MY05,18585,2.75,102.167,-2405161,20260717011500,https://www.malaysiakini.com/newsletter/779919
1313993034,20260717,202607,2026,2026.5397,MYSGOV,MALAYSIA,MYS,,,,,GOV,,,MYS,MALAYSIA,MYS,,,,,,,,0,020,020,02,1,3.0,1,1,1,-0.57692307692308,4,"Kuala Lumpur, Kuala Lumpur, Malaysia",MY,MY14,18585,3.16667,101.7,-2403010,5,"Negeri Sembilan, Negeri Sembilan, Malaysia",MY,MY05,18585,2.75,102.167,-2405161,4,"Kuala Lumpur, Kuala Lumpur, Malaysia",MY,MY14,18585,3.16667,101.7,-2403010,20260717011500,https://www.malaysiakini.com/newsletter/779919
1313993035,20260717,202607,2026,2026.5397,NGA,NIGERIA,NGA,,,,,,,,,,,,,,,,,,0,010,010,01,1,0.0,4,1,4,6.19902120717781,4,"Gombe, Gombe, Nigeria",NI,NI55,22658,10.2897,11.1673,-2009360,0,,,,,,,,4,"Gombe, Gombe, Nigeria",NI,NI55,22658,10.2897,11.1673,-2009360,20260717011500,https://punchng.com/apc-chieftain-backs-gombe-gov-candidate/
1313993036,20260717,202607,2026,2026.5397,NGA,NIGERIA,NGA,,,,,,,,,,,,,,,,,,1,010,010,01,1,0.0,12,1,8,4.5673076923077,4,"Ilorin, Kwara, Nigeria",NI,NI30,191168,8.5,4.55,-2012174,0,,,,,,,,4,"Ilorin, Kwara, Nigeria",NI,NI30,191168,8.5,4.55,-2012174,20260717011500,https://punchng.com/ihs-trains-30-kwara-youths-on-digital-skills-programme/
1313993037,20260717,202607,2026,2026.5397,NGA,NIGERIA,NGA,,,,,,,,,,,,,,,,,,1,010,010,01,1,0.0,3,1,3,-3.9447731755424,4,"Lagos, Lagos, Nigeria",NI,NI05,191416,6.45306,3.39583,-2017355,0,,,,,,,,4,"Lagos, Lagos, Nigeria",NI,NI05,191416,6.45306,3.39583,-2017355,20260717011500,https://punchng.com/lagos-blames-heavy-rainfall-for-worsening-road-conditions/
1313993038,20260717,202607,2026,2026.5397,NGA,KANO,NGA,,,,,,,,,,,,,,,,,,0,011,011,01,1,-0.1,8,1,8,-0.44182621502209,4,"Kano, Kano, Nigeria",NI,NI29,191030,11.9964,8.51667,-2014610,0,,,,,,,,5,"Benue State, Benue, Nigeria",NI,NI26,22689,7.33333,8.75,-2002535,20260717011500,https://punchng.com/autonomy-battle-states-defy-supreme-court-control-n10tn-lg-allocations/
1313993039,20260717,202607,2026,2026.5397,NGA,NIGERIA,NGA,,,,,,,,,,,,,,,,,,0,020,020,02,1,3.0,2,1,2,1.8005540166205,4,"Bauchi, Bauchi, Nigeria",NI,NI46,22661,10.3134,9.84327,-2002330,0,,,,,,,,4,"Bauchi, Bauchi, Nigeria",NI,NI46,22661,10.3134,9.84327,-2002330,20260717011500,https://punchng.com/tuggars-supporters-urge-apc-to-review-bauchi-govship-primary-process/
1313993040,20260717,202607,2026,2026.5397,NGA,NIGERIA,NGA,,,,,,,,,,,,,,,,,,0,030,030,03,1,4.0,2,1,2,0,4,"Gombe, Gombe, Nigeria",NI,NI55,22658,10.2897,11.1673,-2009360,0,,,,,,,,4,"Gombe, Gombe, Nigeria",NI,NI55,22658,10.2897,11.1673,-2009360,20260717011500,https://punchng.com/court-reserves-judgment-on-pantamis-emergence-as-pdp-gov-candidate/
1313993041,20260717,202607,2026,2026.5397,NGA,NIGERIA,NGA,,,,,,,,,,,,,,,,,,0,030,030,03,1,4.0,4,1,4,4.5673076923077,4,"Ilorin, Kwara, Nigeria",NI,NI30,191168,8.5,4.55,-2012174,0,,,,,,,,4,"Ilorin, Kwara, Nigeria",NI,NI30,191168,8.5,4.55,-2012174,20260717011500,https://punchng.com/ihs-trains-30-kwara-youths-on-digital-skills-programme/
1313993042,20260717,202607,2026,2026.5397,NGA,NIGERIA,NGA,,,,,,,,,,,,,,,,,,0,030,030,03,1,4.0,2,1,2,0,4,"Arewa, Oyo, Nigeria",NI,NI32,191213,7.53333,3.80472,387630,0,,,,,,,,5,"Gombe State, Gombe, Nigeria",NI,NI55,22658,10.25,11.1667,9098619,20260717011500,https://punchng.com/court-reserves-judgment-on-pantamis-emergence-as-pdp-gov-candidate/
1313993043,20260717,202607,2026,2026.5397,NGA,NIGERIA,NGA,,,,,,,,,,,,,,,,,,0,030,030,03,1,4.0,2,1,2,0,5,"Gombe State, Gombe, Nigeria",NI,NI55,22658,10.25,11.1667,9098619,0,,,,,,,,5,"Gombe State, Gombe, Nigeria",NI,NI55,22658,10.25,11.1667,9098619,20260717011500,https://punchng.com/court-reserves-judgment-on-pantamis-emergence-as-pdp-gov-candidate/
1313993044,20260717,202607,2026,2026.5397,NGA,NIGERIA,NGA,,,,,,,,,,,,,,,,,,1,051,051,05,1,3.4,4,1,4,-2.44274809160306,4,"Bauchi, Bauchi, Nigeria",NI,NI46,22661,10.3134,9.84327,-2002330,0,,,,,,,,4,"Bauchi, Bauchi, Nigeria",NI,NI46,22661,10.3134,9.84327,-2002330,20260717011500,https://punchng.com/neast-stakeholders-hail-tinubu-over-n80bn-flood-intervention-fund/
1313993045,20260717,202607,2026,2026.5397,NGA,NIGERIA,NGA,,,,,,,,,,,,,,,,,,0,051,051,05,1,3.4,8,1,8,4.60405156537753,4,"Jigawa, Kano, Nigeria",NI,NI29,22847,11.951,7.93842,-2013704,0,,,,,,,,4,"Jigawa, Kano, Nigeria",NI,NI29,22847,11.951,7.93842,-2013704,20260717011500,https://punchng.com/unicef-jigawa-recommit-to-tackling-child-poverty/
1313993046,20260717,202607,2026,2026.5397,NGA,NIGERIA,NGA,,,,,,,,,,,,,,,,,,0,070,070,07,2,7.0,4,1,4,4.5673076923077,5,"Federal Capital Territory, Abuja Federal Capital Territory, Nigeria",NI,NI11,22778,8.83333,7.16667,-1997015,0,,,,,,,,5,"Federal Capital Territory, Abuja Federal Capital Territory, Nigeria",NI,NI11,22778,8.83333,7.16667,-1997015,20260717011500,https://punchng.com/ihs-trains-30-kwara-youths-on-digital-skills-programme/
1313993047,20260717,202607,2026,2026.5397,NGA,NIGERIA,NGA,,,,,,,,,,,,,,,,,,1,071,071,07,2,7.4,4,1,4,-2.44274809160306,4,"Bauchi, Bauchi, Nigeria",NI,NI46,22661,10.3134,9.84327,-2002330,0,,,,,,,,4,"Bauchi, Bauchi, Nigeria",NI,NI46,22661,10.3134,9.84327,-2002330,20260717011500,https://punchng.com/neast-stakeholders-hail-tinubu-over-n80bn-flood-intervention-fund/
1313993048,20260717,202607,2026,2026.5397,NGA,KANO,NGA,,,,,,,,,,,,,,,,,,0,120,120,12,3,-4.0,8,1,8,-0.44182621502209,4,"Kano, Kano, Nigeria",NI,NI29,191030,11.9964,8.51667,-2014610,0,,,,,,,,5,"Benue State, Benue, Nigeria",NI,NI26,22689,7.33333,8.75,-2002535,20260717011500,https://punchng.com/autonomy-battle-states-defy-supreme-court-control-n10tn-lg-allocations/
1313993049,20260717,202607,2026,2026.5397,NGA,LAGOS,NGA,,,,,,,,,,,,,,,,,,1,120,120,12,3,-4.0,10,1,10,-3.7037037037037,4,"Lagos, Lagos, Nigeria",NI,NI05,191416,6.45306,3.39583,-2017355,0,,,,,,,,4,"Lagos, Lagos, Nigeria",NI,NI05,191416,6.45306,3.39583,-2017355,20260717011500,https://punchng.com/lagos-clears-refuse-in-oshodi-after-punch-report/
1313993050,20260717,202607,2026,2026.5397,NGA,NIGERIA,NGA,,,,,,,,GOV,KINGDOM,,,,,,GOV,,,0,010,010,01,1,0.0,2,1,2,2.48538011695907,4,"Lagos, Lagos, Nigeria",NI,NI05,191416,6.45306,3.39583,-2017355,4,"Lagos, Lagos, Nigeria",NI,NI05,191416,6.45306,3.39583,-2017355,4,"Lagos, Lagos, Nigeria",NI,NI05,191416,6.45306,3.39583,-2017355,20260717011500,https://punchng.com/family-honours-lagos-ex-lawmaker-launches-foundation/
1313993051,20260717,202607,2026,2026.5397,NGA,NIGERIA,NGA,,,,,,,,GOV,KINGDOM,,,,,,GOV,,,0,010,010,01,1,0.0,2,1,2,2.48538011695907,4,"Olowu, Ogun, Nigeria",NI,NI16,22956,6.69066,3.02014,10281307,4,"Olowu, Ogun, Nigeria",NI,NI16,22956,6.69066,3.02014,10281307,4,"Lagos, Lagos, Nigeria",NI,NI05,191416,6.45306,3.39583,-2017355,20260717011500,https://punchng.com/family-honours-lagos-ex-lawmaker-launches-foundation/
1313993052,20260717,202607,2026,2026.5397,NGA,NIGERIA,NGA,,,,,,,,GOV,KINGDOM,,,,,,GOV,,,0,010,010,01,1,0.0,2,1,2,2.48538011695907,4,"Olowu, Ogun, Nigeria",NI,NI16,22956,6.69066,3.02014,10281307,4,"Olowu, Ogun, Nigeria",NI,NI16,22956,6.69066,3.02014,10281307,4,"Olowu, Ogun, Nigeria",NI,NI16,22956,6.69066,3.02014,10281307,20260717011500,https://punchng.com/family-honours-lagos-ex-lawmaker-launches-foundation/
1313993053,20260717,202607,2026,2026.5397,NGA,NIGERIA,NGA,,,,,,,,GOV,KINGDOM,,,,,,GOV,,,0,020,020,02,1,3.0,2,1,2,2.48538011695907,4,"Lagos, Lagos, Nigeria",NI,NI05,191416,6.45306,3.39583,-2017355,4,"Lagos, Lagos, Nigeria",NI,NI05,191416,6.45306,3.39583,-2017355,4,"Lagos, Lagos, Nigeria",NI,NI05,191416,6.45306,3.39583,-2017355,20260717011500,https://punchng.com/family-honours-lagos-ex-lawmaker-launches-foundation/
1313993054,20260717,202607,2026,2026.5397,NGA,NIGERIA,NGA,,,,,,,,GOV,KINGDOM,,,,,,GOV,,,0,020,020,02,1,3.0,4,1,4,2.48538011695907,4,"Olowu, Ogun, Nigeria",NI,NI16,22956,6.69066,3.02014,10281307,4,"Olowu, Ogun, Nigeria",NI,NI16,22956,6.69066,3.02014,10281307,4,"Olowu, Ogun, Nigeria",NI,NI16,22956,6.69066,3.02014,10281307,20260717011500,https://punchng.com/family-honours-lagos-ex-lawmaker-launches-foundation/
1313993055,20260717,202607,2026,2026.5397,NGA,NIGERIA,NGA,,,,,,,,GOV,MINIST OF FOREIGN AFFAIRS,,,,,,GOV,,,1,051,051,05,1,3.4,1,1,1,1.8005540166205,4,"Bauchi, Bauchi, Nigeria",NI,NI46,22661,10.3134,9.84327,-2002330,4,"Bauchi, Bauchi, Nigeria",NI,NI46,22661,10.3134,9.84327,-2002330,4,"Bauchi, Bauchi, Nigeria",NI,NI46,22661,10.3134,9.84327,-2002330,20260717011500,https://punchng.com/tuggars-supporters-urge-apc-to-review-bauchi-govship-primary-process/
1313993056,20260717,202607,2026,2026.5397,NGA,NIGERIA,NGA,,,,,,,,IGOUNO,UNITED NATIONS,,UNO,,,,IGO,,,1,042,042,04,1,1.9,2,1,2,4.60405156537753,4,"Jigawa, Kano, Nigeria",NI,NI29,22847,11.951,7.93842,-2013704,4,"Jigawa, Kano, Nigeria",NI,NI29,22847,11.951,7.93842,-2013704,4,"Jigawa, Kano, Nigeria",NI,NI29,22847,11.951,7.93842,-2013704,20260717011500,https://punchng.com/unicef-jigawa-recommit-to-tackling-child-poverty/
1313993057,20260717,202607,2026,2026.5397,NGA,NIGERIA,NGA,,,,,,,,IGOUNO,UNITED NATIONS,,UNO,,,,IGO,,,1,051,051,05,1,3.4,2,1,2,4.60405156537753,4,"Jigawa, Kano, Nigeria",NI,NI29,22847,11.951,7.93842,-2013704,4,"Jigawa, Kano, Nigeria",NI,NI29,22847,11.951,7.93842,-2013704,4,"Jigawa, Kano, Nigeria",NI,NI29,22847,11.951,7.93842,-2013704,20260717011500,https://punchng.com/unicef-jigawa-recommit-to-tackling-child-poverty/
1313993058,20260717,202607,2026,2026.5397,NGA,KANO,NGA,,,,,,,,IGOUNOKID,UNICEF,,UNO,,,,IGO,,,0,043,043,04,1,2.8,10,1,10,4.60405156537753,4,"Kano, Kano, Nigeria",NI,NI29,191030,11.9964,8.51667,-2014610,4,"Kano, Kano, Nigeria",NI,NI29,191030,11.9964,8.51667,-2014610,4,"Jigawa, Kano, Nigeria",NI,NI29,22847,11.951,7.93842,-2013704,20260717011500,https://punchng.com/unicef-jigawa-recommit-to-tackling-child-poverty/
1313993059,20260717,202607,2026,2026.5397,NGA,KANO,NGA,,,,,,,,IGOUNOKID,UNICEF,,UNO,,,,IGO,,,1,043,043,04,1,2.8,10,1,10,4.60405156537753,4,"Kano, Kano, Nigeria",NI,NI29,191030,11.9964,8.51667,-2014610,4,"Kano, Kano, Nigeria",NI,NI29,191030,11.9964,8.51667,-2014610,4,"Kano, Kano, Nigeria",NI,NI29,191030,11.9964,8.51667,-2014610,20260717011500,https://punchng.com/unicef-jigawa-recommit-to-tackling-child-poverty/
1313993060,20260717,202607,2026,2026.5397,NGA,NIGERIA,NGA,,,,,,,,JUD,COUNSEL,,,,,,JUD,,,1,051,051,05,1,3.4,4,1,4,0,4,"Arewa, Oyo, Nigeria",NI,NI32,191213,7.53333,3.80472,387630,4,"Arewa, Oyo, Nigeria",NI,NI32,191213,7.53333,3.80472,387630,4,"Arewa, Oyo, Nigeria",NI,NI32,191213,7.53333,3.80472,387630,20260717011500,https://punchng.com/court-reserves-judgment-on-pantamis-emergence-as-pdp-gov-candidate/
1313993061,20260717,202607,2026,2026.5397,NGA,NIGERIA,NGA,,,,,,,,LEG,CONGRESS,,,,,,LEG,,,1,020,020,02,1,3.0,1,1,1,1.8005540166205,4,"Bauchi, Bauchi, Nigeria",NI,NI46,22661,10.3134,9.84327,-2002330,5,"Bauchi State, Bauchi, Nigeria",NI,NI46,22661,10.5,10,-2002332,4,"Bauchi, Bauchi, Nigeria",NI,NI46,22661,10.3134,9.84327,-2002330,20260717011500,https://punchng.com/tuggars-supporters-urge-apc-to-review-bauchi-govship-primary-process/
1313993062,20260717,202607,2026,2026.5397,NGA,NIGERIA,NGA,,,,,,,,MOS,MUSLIM,,,,MOS,,,,,1,020,020,02,1,3.0,2,1,2,6.80272108843537,4,"Tinubu, Lagos, Nigeria",NI,NI05,191300,6.51667,3.36667,-2027738,4,"Tinubu, Lagos, Nigeria",NI,NI05,191300,6.51667,3.36667,-2027738,4,"Tinubu, Lagos, Nigeria",NI,NI05,191300,6.51667,3.36667,-2027738,20260717011500,http://silverbirdtv.com/fg-declares-june-6-9-holidays-to-mark-eid-ul-adha-celebrations/
1313993063,20260717,202607,2026,2026.5397,NGA,NIGERIA,NGA,,,,,,,,PTY,POLITICIAN,,,,,,,,,1,017,017,01,1,0.0,4,1,4,2.48538011695907,4,"Lagos, Lagos, Nigeria",NI,NI05,191416,6.45306,3.39583,-2017355,4,"Lagos, Lagos, Nigeria",NI,NI05,191416,6.45306,3.39583,-2017355,4,"Lagos, Lagos, Nigeria",NI,NI05,191416,6.45306,3.39583,-2017355,20260717011500,https://punchng.com/family-honours-lagos-ex-lawmaker-launches-foundation/
1313993064,20260717,202607,2026,2026.5397,NGA,NIGERIA,NGA,,,,,,,,PTY,POLITICIAN,,,,,,,,,1,173,173,17,4,-5.0,6,1,6,2.48538011695907,4,"Ikeja, Lagos, Nigeria",NI,NI05,191295,6.59422,3.33748,-2011499,4,"Ikeja, Lagos, Nigeria",NI,NI05,191295,6.59422,3.33748,-2011499,4,"Ikeja, Lagos, Nigeria",NI,NI05,191295,6.59422,3.33748,-2011499,20260717011500,https://punchng.com/family-honours-lagos-ex-lawmaker-launches-foundation/
1313993065,20260717,202607,2026,2026.5397,NGA,NIGERIA,NGA,,,,,,,,PTY,POLITICIAN,,,,,,,,,1,173,173,17,4,-5.0,2,1,2,2.48538011695907,4,"Ikeja, Lagos, Nigeria",NI,NI05,191295,6.59422,3.33748,-2011499,4,"Lagos, Lagos, Nigeria",NI,NI05,191416,6.45306,3.39583,-2017355,4,"Ikeja, Lagos, Nigeria",NI,NI05,191295,6.59422,3.33748,-2011499,20260717011500,https://punchng.com/family-honours-lagos-ex-lawmaker-launches-foundation/
1313993066,20260717,202607,2026,2026.5397,NGA,LAGOS,NGA,,,,,,,,PTY,POLITICIAN,,,,,,,,,1,173,173,17,4,-5.0,2,1,2,2.48538011695907,4,"Lagos, Lagos, Nigeria",NI,NI05,191416,6.45306,3.39583,-2017355,4,"Ikeja, Lagos, Nigeria",NI,NI05,191295,6.59422,3.33748,-2011499,4,"Ikeja, Lagos, Nigeria",NI,NI05,191295,6.59422,3.33748,-2011499,20260717011500,https://punchng.com/family-honours-lagos-ex-lawmaker-launches-foundation/
1313993067,20260717,202607,2026,2026.5397,NGAGOV,NIGERIA,NGA,,,,,GOV,,,IGOUNOKID,UNICEF,,UNO,,,,IGO,,,1,043,043,04,1,2.8,1,1,1,4.60405156537753,4,"Dutse, Jigawa, Nigeria",NI,NI39,22803,11.7594,9.33921,-2005564,4,"Kano, Kano, Nigeria",NI,NI29,191030,11.9964,8.51667,-2014610,4,"Kano, Kano, Nigeria",NI,NI29,191030,11.9964,8.51667,-2014610,20260717011500,https://punchng.com/unicef-jigawa-recommit-to-tackling-child-poverty/
1313993068,20260717,202607,2026,2026.5397,NGALEG,NIGERIA,NGA,,,,,LEG,,,NGA,NIGERIA,NGA,,,,,,,,1,051,051,05,1,3.4,4,1,4,6.19902120717781,4,"Gombe, Gombe, Nigeria",NI,NI55,22658,10.2897,11.1673,-2009360,4,"Gombe, Gombe, Nigeria",NI,NI55,22658,10.2897,11.1673,-2009360,4,"Gombe, Gombe, Nigeria",NI,NI55,22658,10.2897,11.1673,-2009360,20260717011500,https://punchng.com/apc-chieftain-backs-gombe-gov-candidate/
1313993069,20260717,202607,2026,2026.5397,NGOUSAJEWGOV,AMIT,USA,,,JEW,,NGO,GOV,,IND,WEST BENGAL,IND,,,,,,,,0,036,036,03,1,4.0,6,1,6,-0.28901734104046,1,Iran,IR,IR,,32,53,IR,1,Iran,IR,IR,,32,53,IR,1,Iran,IR,IR,,32,53,IR,20260717011500,https://economictimes.indiatimes.com/news/newsblogs/breaking-news-live-updates-trump-live-address-news-updates-india-weather-trump-tariffs-trump-on-india-sonam-wangchuk-breaking-news-today-supreme-court-rahul-gandhi-pm-modi-tmc/liveblog/132450316.cms
1313993070,20260717,202607,2026,2026.5397,NZL,NEW ZEALAND,NZL,,,,,,,,,,,,,,,,,,1,040,040,04,1,1.0,10,1,10,0.59880239520958,1,New Zealand,NZ,NZ,,-42,174,NZ,0,,,,,,,,1,New Zealand,NZ,NZ,,-42,174,NZ,20260717011500,https://www.rnz.co.nz/news/politics/731338/kupe-and-cook-names-of-new-cook-strait-ferries-announced
1313993071,20260717,202607,2026,2026.5397,NZL,NEW ZEALAND,NZL,,,,,,,,,,,,,,,,,,1,193,193,19,4,-10.0,10,1,10,3.07262569832402,1,New Zealand,NZ,NZ,,-42,174,NZ,0,,,,,,,,1,New Zealand,NZ,NZ,,-42,174,NZ,20260717011500,https://tvtonight.com.au/2026/07/cameras-roll-on-queenstown-drama.html
1313993072,20260717,202607,2026,2026.5397,OPP,OPPOSITION LEADER,,,,,,OPP,,,,,,,,,,,,,1,026,026,02,1,4.0,10,1,10,-5.40540540540537,4,"Delhi, Delhi, India",IN,IN07,17911,28.6667,77.2167,-2094230,0,,,,,,,,4,"Delhi, Delhi, India",IN,IN07,17911,28.6667,77.2167,-2094230,20260717011500,https://www.livemint.com/news/india/sonam-wangchuk-hunger-strike-live-cjp-fast-enters-20th-day-opposition-leaders-jantar-mantar-protest-parliament-govt-neet-11784246975250.html
1313993073,20260717,202607,2026,2026.5397,OPP,OPPOSITION LEADER,,,,,,OPP,,,,,,,,,,,,,1,046,046,04,1,7.0,10,1,10,-5.40540540540537,4,"Delhi, Delhi, India",IN,IN07,17911,28.6667,77.2167,-2094230,0,,,,,,,,4,"Delhi, Delhi, India",IN,IN07,17911,28.6667,77.2167,-2094230,20260717011500,https://www.livemint.com/news/india/sonam-wangchuk-hunger-strike-live-cjp-fast-enters-20th-day-opposition-leaders-jantar-mantar-protest-parliament-govt-neet-11784246975250.html
1313993074,20260717,202607,2026,2026.5397,OPP,ACTIVIST,,,,,,OPP,,,,,,,,,,,,,1,051,051,05,1,3.4,20,1,10,-5.40540540540537,4,"Delhi, Delhi, India",IN,IN07,17911,28.6667,77.2167,-2094230,0,,,,,,,,4,"Delhi, Delhi, India",IN,IN07,17911,28.6667,77.2167,-2094230,20260717011500,https://www.livemint.com/news/india/sonam-wangchuk-hunger-strike-live-cjp-fast-enters-20th-day-opposition-leaders-jantar-mantar-protest-parliament-govt-neet-11784246975250.html
1313993075,20260717,202607,2026,2026.5397,OPP,PRISONER,,,,,,OPP,,,COP,POLICE,,,,,,COP,,,1,010,010,01,1,0.0,8,1,8,-4.29594272076372,4,"London, London, City of, United Kingdom",UK,UKH9,40110,51.5,-0.116667,-2601889,4,"London, London, City of, United Kingdom",UK,UKH9,40110,51.5,-0.116667,-2601889,4,"London, London, City of, United Kingdom",UK,UKH9,40110,51.5,-0.116667,-2601889,20260717011500,https://www.mirror.co.uk/news/uk-news/marwan-jumaa-prison-escape-manchester-37442308
1313993076,20260717,202607,2026,2026.5397,OPP,PRISONER,,,,,,OPP,,,COP,POLICE,,,,,,COP,,,1,010,010,01,1,0.0,2,1,2,-4.29594272076372,1,Sudan,SU,SU,,16,30,SU,1,Sudan,SU,SU,,16,30,SU,1,Sudan,SU,SU,,16,30,SU,20260717011500,https://www.mirror.co.uk/news/uk-news/marwan-jumaa-prison-escape-manchester-37442308
1313993077,20260717,202607,2026,2026.5397,PER,LIMA,PER,,,,,,,,CVL,COMMUNITY,,,,,,CVL,,,1,036,036,03,1,4.0,2,1,2,8.83534136546185,4,"Lima, Lima, Peru",PE,PE15,91841,-12.05,-77.05,-352647,4,"Lima, Lima, Peru",PE,PE15,91841,-12.05,-77.05,-352647,4,"Lima, Lima, Peru",PE,PE15,91841,-12.05,-77.05,-352647,20260717011500,https://www.hometownstations.com/news/allen_county/lima-invites-community-to-national-night-out-at-lincoln-park/article_ba814e56-b97a-485a-aa18-247135a0a1bb.html
1313993078,20260717,202607,2026,2026.5397,PER,LIMA,PER,,,,,,,,CVL,COMMUNITY,,,,,,CVL,,,1,036,036,03,1,4.0,4,1,4,8.83534136546185,3,"Lincoln Park, Ohio, United States",US,USOH,OH087,38.4265,-82.5282,1050535,4,"Lima, Lima, Peru",PE,PE15,91841,-12.05,-77.05,-352647,4,"Lima, Lima, Peru",PE,PE15,91841,-12.05,-77.05,-352647,20260717011500,https://www.hometownstations.com/news/allen_county/lima-invites-community-to-national-night-out-at-lincoln-park/article_ba814e56-b97a-485a-aa18-247135a0a1bb.html
1313993079,20260717,202607,2026,2026.5397,PER,PERU,PER,,,,,,,,CVL,COMMUNITY,,,,,,CVL,,,1,036,036,03,1,4.0,2,1,2,8.83534136546185,3,"Lincoln Park, Ohio, United States",US,USOH,OH087,38.4265,-82.5282,1050535,3,"Lincoln Park, Ohio, United States",US,USOH,,38.4265,-82.5282,1050535,3,"Lincoln Park, Ohio, United States",US,USOH,,38.4265,-82.5282,1050535,20260717011500,https://www.hometownstations.com/news/allen_county/lima-invites-community-to-national-night-out-at-lincoln-park/article_ba814e56-b97a-485a-aa18-247135a0a1bb.html
1313993080,20260717,202607,2026,2026.5397,PHL,PHILIPPINE,PHL,,,,,,,,,,,,,,,,,,1,050,050,05,1,3.5,1,1,1,5.06172839506173,4,"Manila, Manila, Philippines",RP,RPD9,24210,14.6042,120.982,-2437894,0,,,,,,,,4,"Manila, Manila, Philippines",RP,RPD9,24210,14.6042,120.982,-2437894,20260717011500,https://www.manilatimes.net/2026/07/17/tmt-newswire/globenewswire/marketing-veteran-bryan-dulaney-is-advising-safespace-global-on-growth-strategy/2386329
1313993081,20260717,202607,2026,2026.5397,PHL,PHILIPPINE,PHL,,,,,,,,,,,,,,,,,,1,060,060,06,2,6.0,5,1,5,0,1,Philippines,RP,RP,,13,122,RP,0,,,,,,,,1,Philippines,RP,RP,,13,122,RP,20260717011500,https://www.thenational.com.pg/do-not-rush-biometrics-expert/
1313993082,20260717,202607,2026,2026.5397,PHL,PHILIPPINE,PHL,,,,,,,,,,,,,,,,,,1,110,110,11,3,-2.0,10,1,10,0,1,Philippines,RP,RP,,13,122,RP,0,,,,,,,,1,Philippines,RP,RP,,13,122,RP,20260717011500,https://www.thenational.com.pg/do-not-rush-biometrics-expert/
1313993083,20260717,202607,2026,2026.5397,PHL,PHILIPPINE,PHL,,,,,,,,GOV,CHIEF EXECUTIVE,,,,,,GOV,,,1,090,090,09,2,-2.0,2,1,2,5.06172839506173,2,"Tennessee, United States",US,USTN,,35.7449,-86.7489,TN,2,"Tennessee, United States",US,USTN,,35.7449,-86.7489,TN,2,"Tennessee, United States",US,USTN,,35.7449,-86.7489,TN,20260717011500,https://www.manilatimes.net/2026/07/17/tmt-newswire/globenewswire/marketing-veteran-bryan-dulaney-is-advising-safespace-global-on-growth-strategy/2386329
1313993084,20260717,202607,2026,2026.5397,PSE,PALESTINIAN,PSE,,,,,,,,OPP,DETAINEE,,,,,,OPP,,,0,1822,182,18,4,-9.0,1,1,1,-6.59340659340659,1,Israel,IS,IS,,31.5,34.75,IS,1,Israel,IS,IS,,31.5,34.75,IS,1,Israel,IS,IS,,31.5,34.75,IS,20260717011500,https://aa.com.tr/en/middle-east/crocodile-filled-moats-could-surround-israeli-prisons-holding-palestinians-reports/4000872
1313993085,20260717,202607,2026,2026.5397,PTY,PARTY MEMBER,,,,,,,,,,,,,,,,,,,0,020,020,02,1,3.0,10,1,10,6.19902120717781,4,"Gombe, Gombe, Nigeria",NI,NI55,22658,10.2897,11.1673,-2009360,0,,,,,,,,4,"Gombe, Gombe, Nigeria",NI,NI55,22658,10.2897,11.1673,-2009360,20260717011500,https://punchng.com/apc-chieftain-backs-gombe-gov-candidate/
1313993086,20260717,202607,2026,2026.5397,PTY,DEMOCRATIC PARTY,,,,,,,,,,,,,,,,,,,0,040,040,04,1,1.0,1,1,1,-0.1031991744066,3,"Linn County, Iowa, United States",US,USIA,IA113,42.0667,-91.6002,465245,0,,,,,,,,3,"Linn County, Iowa, United States",US,USIA,,42.0667,-91.6002,465245,20260717011500,https://cbs2iowa.com/news/local/supervisors-clash-over-returning-to-5-seat-linn-county-board-after-moratorium-vote
1313993087,20260717,202607,2026,2026.5397,PTY,POLITICIAN,,,,,,,,,NGA,LAGOS,NGA,,,,,,,,1,017,017,01,1,0.0,6,1,6,2.48538011695907,4,"Lagos, Lagos, Nigeria",NI,NI05,191416,6.45306,3.39583,-2017355,4,"Lagos, Lagos, Nigeria",NI,NI05,191416,6.45306,3.39583,-2017355,4,"Lagos, Lagos, Nigeria",NI,NI05,191416,6.45306,3.39583,-2017355,20260717011500,https://punchng.com/family-honours-lagos-ex-lawmaker-launches-foundation/
1313993088,20260717,202607,2026,2026.5397,ROU,ROMANIAN,,,,,,,,,,,,,,,,,,,1,020,020,02,1,3.0,1,1,1,1.77215189873418,1,Romania,RO,RO,,46,25,RO,0,,,,,,,,1,Romania,RO,RO,,46,25,RO,20260717011500,https://www.foreignpolicyjournal.com/2026/07/16/canaccord-genuity-sees-195-upside-in-nuscale-power-nyse-smr-despite-40-year-to-date-decline/
1313993089,20260717,202607,2026,2026.5397,ROU,ROMANIAN,,,,,,,,,,,,,,,,,,,1,020,020,02,1,3.0,1,1,1,1.77215189873418,1,United States,US,US,,39.828175,-98.5795,US,0,,,,,,,,1,Romania,RO,RO,,46,25,RO,20260717011500,https://www.foreignpolicyjournal.com/2026/07/16/canaccord-genuity-sees-195-upside-in-nuscale-power-nyse-smr-despite-40-year-to-date-decline/
1313993090,20260717,202607,2026,2026.5397,RUS,RUSSIA,RUS,,,,,,,,,,,,,,,,,,0,112,112,11,3,-2.0,2,1,2,-10.3975535168196,4,"Moscow, Moskva, Russia",RS,RS48,25106,55.7522,37.6156,-2960561,0,,,,,,,,4,"Moscow, Moskva, Russia",RS,RS48,25106,55.7522,37.6156,-2960561,20260717011500,https://www.theguardian.com/world/2026/jul/17/ukraine-war-briefing-outgoing-british-pm-starmer-tells-zelenskyy-that-kyiv-will-win-this-war
1313993091,20260717,202607,2026,2026.5397,RUS,RUSSIAN,RUS,,,,,,,,,,,,,,,,,,1,194,194,19,4,-10.0,3,1,3,-10.3975535168196,4,"Belgorod, Belgorodskaya Oblast', Russia",RS,RS09,25036,50.6107,36.5802,-2883930,0,,,,,,,,4,"Belgorod, Belgorodskaya Oblast', Russia",RS,RS09,25036,50.6107,36.5802,-2883930,20260717011500,https://www.theguardian.com/world/2026/jul/17/ukraine-war-briefing-outgoing-british-pm-starmer-tells-zelenskyy-that-kyiv-will-win-this-war
1313993092,20260717,202607,2026,2026.5397,RUS,RUSSIAN,RUS,,,,,,,,CRM,CRIMINAL,,,,,,CRM,,,0,090,090,09,2,-2.0,2,1,2,-9.69072164948455,1,Russia,RS,RS,,60,100,RS,1,Russia,RS,RS,,60,100,RS,1,Russia,RS,RS,,60,100,RS,20260717011500,https://www.express.co.uk/news/world/2230059/russia-warns-nuclear-apocalypse-after-drone-strike-killing-traitor
1313993093,20260717,202607,2026,2026.5397,RUS,RUSSIA,RUS,,,,,,,,CVL,ENGINEER,,,,,,CVL,,,1,186,186,18,4,-10.0,10,1,10,-9.69072164948455,1,Russia,RS,RS,,60,100,RS,4,"Kyiv, Kyyiv, Misto, Ukraine",UP,UP12,28554,50.4333,30.5167,-1044367,4,"Kyiv, Kyyiv, Misto, Ukraine",UP,UP12,28554,50.4333,30.5167,-1044367,20260717011500,https://www.express.co.uk/news/world/2230059/russia-warns-nuclear-apocalypse-after-drone-strike-killing-traitor
1313993094,20260717,202607,2026,2026.5397,RUS,RUSSIAN,RUS,,,,,,,,CVL,CIVILIAN,,,,,,CVL,,,1,190,190,19,4,-10.0,5,1,5,-10.3975535168196,4,"Belgorod, Belgorodskaya Oblast', Russia",RS,RS09,25036,50.6107,36.5802,-2883930,4,"Odesa, Odes'ka Oblast, Ukraine",UP,UP17,28558,46.4639,30.7386,-1049092,4,"Odesa, Odes'ka Oblast, Ukraine",UP,UP17,28558,46.4639,30.7386,-1049092,20260717011500,https://www.theguardian.com/world/2026/jul/17/ukraine-war-briefing-outgoing-british-pm-starmer-tells-zelenskyy-that-kyiv-will-win-this-war
1313993095,20260717,202607,2026,2026.5397,RUS,BELGOROD,RUS,,,,,,,,CVL,SETTLEMENT,,,,,,CVL,,,0,193,193,19,4,-10.0,5,1,5,-10.3975535168196,4,"Belgorod, Belgorodskaya Oblast', Russia",RS,RS09,25036,50.6107,36.5802,-2883930,4,"Kyiv, Kyyiv, Misto, Ukraine",UP,UP12,28554,50.4333,30.5167,-1044367,4,"Kyiv, Kyyiv, Misto, Ukraine",UP,UP12,28554,50.4333,30.5167,-1044367,20260717011500,https://www.theguardian.com/world/2026/jul/17/ukraine-war-briefing-outgoing-british-pm-starmer-tells-zelenskyy-that-kyiv-will-win-this-war
1313993096,20260717,202607,2026,2026.5397,RUS,RUSSIA,RUS,,,,,,,,IGOUNOIAE,INTERNATIONAL ATOMIC ENERGY AGENCY,,UNO,,,,IGO,,,0,111,111,11,3,-2.0,2,1,2,-9.69072164948455,1,Russia,RS,RS,,60,100,RS,1,Russia,RS,RS,,60,100,RS,1,Russia,RS,RS,,60,100,RS,20260717011500,https://www.express.co.uk/news/world/2230059/russia-warns-nuclear-apocalypse-after-drone-strike-killing-traitor
1313993097,20260717,202607,2026,2026.5397,RUS,RUSSIA,RUS,,,,,,,,UKR,UKRAINE,UKR,,,,,,,,0,111,111,11,3,-2.0,1,1,1,-9.69072164948455,1,Russia,RS,RS,,60,100,RS,4,"Kyiv, Kyyiv, Misto, Ukraine",UP,UP12,28554,50.4333,30.5167,-1044367,4,"Kyiv, Kyyiv, Misto, Ukraine",UP,UP12,28554,50.4333,30.5167,-1044367,20260717011500,https://www.express.co.uk/news/world/2230059/russia-warns-nuclear-apocalypse-after-drone-strike-killing-traitor
1313993098,20260717,202607,2026,2026.5397,RUS,RUSSIA,RUS,,,,,,,,UKR,UKRAINE,UKR,,,,,,,,0,111,111,11,3,-2.0,1,1,1,-9.69072164948455,1,Russia,RS,RS,,60,100,RS,4,"Kyiv, Kyyiv, Misto, Ukraine",UP,UP12,28554,50.4333,30.5167,-1044367,1,Russia,RS,RS,,60,100,RS,20260717011500,https://www.express.co.uk/news/world/2230059/russia-warns-nuclear-apocalypse-after-drone-strike-killing-traitor
1313993099,20260717,202607,2026,2026.5397,RUS,RUSSIA,RUS,,,,,,,,UKR,UKRAINE,UKR,,,,,,,,0,112,112,11,3,-2.0,1,1,1,-10.3975535168196,4,"Moscow, Moskva, Russia",RS,RS48,25106,55.7522,37.6156,-2960561,4,"Kyiv, Kyyiv, Misto, Ukraine",UP,UP12,28554,50.4333,30.5167,-1044367,4,"Moscow, Moskva, Russia",RS,RS48,25106,55.7522,37.6156,-2960561,20260717011500,https://www.theguardian.com/world/2026/jul/17/ukraine-war-briefing-outgoing-british-pm-starmer-tells-zelenskyy-that-kyiv-will-win-this-war
1313993100,20260717,202607,2026,2026.5397,RUS,RUSSIA,RUS,,,,,,,,UKR,UKRAINIAN,UKR,,,,,,,,1,130,130,13,3,-4.4,8,1,8,-9.69072164948455,1,Russia,RS,RS,,60,100,RS,4,"Kyiv, Kyyiv, Misto, Ukraine",UP,UP12,28554,50.4333,30.5167,-1044367,1,Russia,RS,RS,,60,100,RS,20260717011500,https://www.express.co.uk/news/world/2230059/russia-warns-nuclear-apocalypse-after-drone-strike-killing-traitor
1313993101,20260717,202607,2026,2026.5397,RUS,RUSSIA,RUS,,,,,,,,UKR,UKRAINIAN,UKR,,,,,,,,1,130,130,13,3,-4.4,2,1,2,-9.69072164948455,1,Russia,RS,RS,,60,100,RS,1,Russia,RS,RS,,60,100,RS,1,Russia,RS,RS,,60,100,RS,20260717011500,https://www.express.co.uk/news/world/2230059/russia-warns-nuclear-apocalypse-after-drone-strike-killing-traitor
1313993102,20260717,202607,2026,2026.5397,RUS,RUSSIAN,RUS,,,,,,,,UKR,UKRAINE,UKR,,,,,,,,1,190,190,19,4,-10.0,5,1,5,-10.3975535168196,4,"Belgorod, Belgorodskaya Oblast', Russia",RS,RS09,25036,50.6107,36.5802,-2883930,4,"Odesa, Odes'ka Oblast, Ukraine",UP,UP17,28558,46.4639,30.7386,-1049092,4,"Odesa, Odes'ka Oblast, Ukraine",UP,UP17,28558,46.4639,30.7386,-1049092,20260717011500,https://www.theguardian.com/world/2026/jul/17/ukraine-war-briefing-outgoing-british-pm-starmer-tells-zelenskyy-that-kyiv-will-win-this-war
1313993103,20260717,202607,2026,2026.5397,RUS,RUSSIAN,RUS,,,,,,,,UKR,UKRAINE,UKR,,,,,,,,1,190,190,19,4,-10.0,3,1,3,-10.3975535168196,4,"Belgorod, Belgorodskaya Oblast', Russia",RS,RS09,25036,50.6107,36.5802,-2883930,4,"Odesa, Odes'ka Oblast, Ukraine",UP,UP17,28558,46.4639,30.7386,-1049092,4,"Belgorod, Belgorodskaya Oblast', Russia",RS,RS09,25036,50.6107,36.5802,-2883930,20260717011500,https://www.theguardian.com/world/2026/jul/17/ukraine-war-briefing-outgoing-british-pm-starmer-tells-zelenskyy-that-kyiv-will-win-this-war
1313993104,20260717,202607,2026,2026.5397,RUS,RUSSIA,RUS,,,,,,,,UKR,UKRAINE,UKR,,,,,,,,0,193,193,19,4,-10.0,2,1,2,-10.3975535168196,4,"Belgorod, Belgorodskaya Oblast', Russia",RS,RS09,25036,50.6107,36.5802,-2883930,4,"Kyiv, Kyyiv, Misto, Ukraine",UP,UP12,28554,50.4333,30.5167,-1044367,4,"Kyiv, Kyyiv, Misto, Ukraine",UP,UP12,28554,50.4333,30.5167,-1044367,20260717011500,https://www.theguardian.com/world/2026/jul/17/ukraine-war-briefing-outgoing-british-pm-starmer-tells-zelenskyy-that-kyiv-will-win-this-war
1313993105,20260717,202607,2026,2026.5397,RUS,RUSSIAN,RUS,,,,,,,,UKR,UKRAINE,UKR,,,,,,,,1,194,194,19,4,-10.0,1,1,1,-10.3975535168196,4,"Belgorod, Belgorodskaya Oblast', Russia",RS,RS09,25036,50.6107,36.5802,-2883930,4,"Odesa, Odes'ka Oblast, Ukraine",UP,UP17,28558,46.4639,30.7386,-1049092,4,"Odesa, Odes'ka Oblast, Ukraine",UP,UP17,28558,46.4639,30.7386,-1049092,20260717011500,https://www.theguardian.com/world/2026/jul/17/ukraine-war-briefing-outgoing-british-pm-starmer-tells-zelenskyy-that-kyiv-will-win-this-war
1313993106,20260717,202607,2026,2026.5397,RUS,RUSSIAN,RUS,,,,,,,,UKR,UKRAINE,UKR,,,,,,,,1,194,194,19,4,-10.0,11,1,8,-10.3975535168196,4,"Belgorod, Belgorodskaya Oblast', Russia",RS,RS09,25036,50.6107,36.5802,-2883930,4,"Odesa, Odes'ka Oblast, Ukraine",UP,UP17,28558,46.4639,30.7386,-1049092,4,"Belgorod, Belgorodskaya Oblast', Russia",RS,RS09,25036,50.6107,36.5802,-2883930,20260717011500,https://www.theguardian.com/world/2026/jul/17/ukraine-war-briefing-outgoing-british-pm-starmer-tells-zelenskyy-that-kyiv-will-win-this-war
1313993107,20260717,202607,2026,2026.5397,RUS,RUSSIAN,RUS,,,,,,,,UKR,ODESA,UKR,,,,,,,,1,194,194,19,4,-10.0,1,1,1,-10.3975535168196,4,"Belgorod, Belgorodskaya Oblast', Russia",RS,RS09,25036,50.6107,36.5802,-2883930,4,"Black Sea, Oceans (general), Oceans",OS,OS00,,43,35,-1506338,4,"Belgorod, Belgorodskaya Oblast', Russia",RS,RS09,25036,50.6107,36.5802,-2883930,20260717011500,https://www.theguardian.com/world/2026/jul/17/ukraine-war-briefing-outgoing-british-pm-starmer-tells-zelenskyy-that-kyiv-will-win-this-war
1313993108,20260717,202607,2026,2026.5397,RUS,RUSSIAN,RUS,,,,,,,,UKRGOV,UKRAINE,UKR,,,,,GOV,,,0,111,111,11,3,-2.0,1,1,1,-9.69072164948455,4,"Kyiv, Kyyiv, Misto, Ukraine",UP,UP12,28554,50.4333,30.5167,-1044367,1,Russia,RS,RS,,60,100,RS,4,"Kyiv, Kyyiv, Misto, Ukraine",UP,UP12,28554,50.4333,30.5167,-1044367,20260717011500,https://www.express.co.uk/news/world/2230059/russia-warns-nuclear-apocalypse-after-drone-strike-killing-traitor
1313993109,20260717,202607,2026,2026.5397,RUS,RUSSIAN,RUS,,,,,,,,UKRGOV,UKRAINE,UKR,,,,,GOV,,,0,111,111,11,3,-2.0,1,1,1,-9.69072164948455,1,Russia,RS,RS,,60,100,RS,4,"Kyiv, Kyyiv, Misto, Ukraine",UP,UP12,28554,50.4333,30.5167,-1044367,1,Russia,RS,RS,,60,100,RS,20260717011500,https://www.express.co.uk/news/world/2230059/russia-warns-nuclear-apocalypse-after-drone-strike-killing-traitor
1313993110,20260717,202607,2026,2026.5397,RUSGOV,RUSSIAN,RUS,,,,,GOV,,,CRM,CRIMINAL,,,,,,CRM,,,0,090,090,09,2,-2.0,6,1,6,-9.69072164948455,1,Russia,RS,RS,,60,100,RS,1,Russia,RS,RS,,60,100,RS,1,Russia,RS,RS,,60,100,RS,20260717011500,https://www.express.co.uk/news/world/2230059/russia-warns-nuclear-apocalypse-after-drone-strike-killing-traitor
1313993111,20260717,202607,2026,2026.5397,SAU,SAUDI ARABIA,SAU,,,,,,,,MNCUSA,HALLIBURTON,USA,,,,,MNC,,,1,031,031,03,1,5.2,10,1,10,7.40740740740741,1,Saudi Arabia,SA,SA,,25,45,SA,1,Saudi Arabia,SA,SA,,25,45,SA,1,Saudi Arabia,SA,SA,,25,45,SA,20260717011500,https://www.energy-pedia.com/news/saudi-arabia/halliburton-awarded-lstk-contracts-by-aramco-for-onshore-oil-re-entry-program-204631
1313993112,20260717,202607,2026,2026.5397,SAUGOV,SAUDI ARABIA,SAU,,,,,GOV,,,MNCUSA,HALLIBURTON,USA,,,,,MNC,,,1,031,031,03,1,5.2,10,1,10,7.40740740740741,1,Saudi Arabia,SA,SA,,25,45,SA,1,Saudi Arabia,SA,SA,,25,45,SA,1,Saudi Arabia,SA,SA,,25,45,SA,20260717011500,https://www.energy-pedia.com/news/saudi-arabia/halliburton-awarded-lstk-contracts-by-aramco-for-onshore-oil-re-entry-program-204631
1313993113,20260717,202607,2026,2026.5397,SDN,SUDAN,SDN,,,,,,,,,,,,,,,,,,0,015,015,01,1,0.0,4,1,4,-4.29594272076372,1,Sudan,SU,SU,,16,30,SU,0,,,,,,,,1,Sudan,SU,SU,,16,30,SU,20260717011500,https://www.mirror.co.uk/news/uk-news/marwan-jumaa-prison-escape-manchester-37442308
1313993114,20260717,202607,2026,2026.5397,SDN,SUDAN,SDN,,,,,,,,,,,,,,,,,,0,141,141,14,3,-6.5,2,1,2,-4.29594272076372,1,Sudan,SU,SU,,16,30,SU,0,,,,,,,,4,"London, London, City of, United Kingdom",UK,UKH9,40110,51.5,-0.116667,-2601889,20260717011500,https://www.mirror.co.uk/news/uk-news/marwan-jumaa-prison-escape-manchester-37442308
1313993115,20260717,202607,2026,2026.5397,SDN,SUDAN,SDN,,,,,,,,,,,,,,,,,,0,141,141,14,3,-6.5,2,1,2,-4.29594272076372,1,Sudan,SU,SU,,16,30,SU,0,,,,,,,,1,Sudan,SU,SU,,16,30,SU,20260717011500,https://www.mirror.co.uk/news/uk-news/marwan-jumaa-prison-escape-manchester-37442308
1313993116,20260717,202607,2026,2026.5397,SDN,SUDAN,SDN,,,,,,,,COP,CONSTAB,,,,,,COP,,,1,173,173,17,4,-5.0,2,1,2,-4.29594272076372,1,Sudan,SU,SU,,16,30,SU,4,"Greater Manchester, United Kingdom (general), United Kingdom",UK,UK00,40111,53.45,-2.23333,-2597513,1,Sudan,SU,SU,,16,30,SU,20260717011500,https://www.mirror.co.uk/news/uk-news/marwan-jumaa-prison-escape-manchester-37442308
1313993117,20260717,202607,2026,2026.5397,SDN,SUDAN,SDN,,,,,,,,COP,CONSTAB,,,,,,COP,,,1,173,173,17,4,-5.0,2,1,2,-4.29594272076372,1,Sudan,SU,SU,,16,30,SU,1,Sudan,SU,SU,,16,30,SU,1,Sudan,SU,SU,,16,30,SU,20260717011500,https://www.mirror.co.uk/news/uk-news/marwan-jumaa-prison-escape-manchester-37442308
1313993118,20260717,202607,2026,2026.5397,SPY,INTELLIGENCE,,,,,,SPY,,,,,,,,,,,,,1,050,050,05,1,3.5,10,1,10,5.2757793764988,0,,,,,,,,0,,,,,,,,0,,,,,,,,20260717011500,https://www.thefastmode.com/technology-solutions/49663-wbba-introduces-ai-net-certification-to-accelerate-ai-driven-net5-5g-adoption
1313993119,20260717,202607,2026,2026.5397,SPY,INTELLIGENCE,,,,,,SPY,,,,,,,,,,,,,0,090,090,09,2,-2.0,6,1,6,-3.59183673469388,4,"Tehran, Tehran, Iran",IR,IR26,41130,35.75,51.5148,10074674,0,,,,,,,,4,"Tehran, Tehran, Iran",IR,IR26,41130,35.75,51.5148,10074674,20260717011500,https://www.yahoo.com/news/politics/articles/5-things-watch-trumps-primetime-185428766.html
1313993120,20260717,202607,2026,2026.5397,TUR,ANKARA,TUR,,,,,,,,MED,PUBLICATION,,,,,,MED,,,0,040,040,04,1,1.0,4,1,4,-3.2,4,"Ankara, Ankara, Turkey",TU,TU68,27516,39.9272,32.8644,-735338,4,"Ankara, Ankara, Turkey",TU,TU68,27516,39.9272,32.8644,-735338,4,"Ankara, Ankara, Turkey",TU,TU68,27516,39.9272,32.8644,-735338,20260717011500,https://www.express.co.uk/news/us/2230062/trump-s-wife-family-displayed-blood-blood-iran-coffins-mural
1313993121,20260717,202607,2026,2026.5397,TUR,ANKARA,TUR,,,,,,,,MED,PUBLICATION,,,,,,MED,,,0,040,040,04,1,1.0,1,1,1,-3.2,1,Israel,IS,IS,,31.5,34.75,IS,1,Israel,IS,IS,,31.5,34.75,IS,1,Israel,IS,IS,,31.5,34.75,IS,20260717011500,https://www.express.co.uk/news/us/2230062/trump-s-wife-family-displayed-blood-blood-iran-coffins-mural
1313993122,20260717,202607,2026,2026.5397,UAF,TERRORIST,,,,,,UAF,,,BGD,BANGLADESH,BGD,,,,,,,,0,173,173,17,4,-5.0,5,1,5,-6.76056338028169,4,"Varanasi, Uttar Pradesh, India",IN,IN36,17943,25.3333,83,-2114217,1,Bangladesh,BG,BG,,24,90,BG,1,Bangladesh,BG,BG,,24,90,BG,20260717011500,https://indianexpress.com/article/cities/lucknow/how-arrest-of-a-bangladesh-national-in-up-4-years-ago-led-to-eds-expansive-raids-in-4-states-10790220/
1313993123,20260717,202607,2026,2026.5397,UKR,DONETSK,UKR,,,,,,,,,,,,,,,,,,0,190,190,19,4,-10.0,5,1,5,-10.3975535168196,4,"Belgorod, Belgorodskaya Oblast', Russia",RS,RS09,25036,50.6107,36.5802,-2883930,0,,,,,,,,4,"Belgorod, Belgorodskaya Oblast', Russia",RS,RS09,25036,50.6107,36.5802,-2883930,20260717011500,https://www.theguardian.com/world/2026/jul/17/ukraine-war-briefing-outgoing-british-pm-starmer-tells-zelenskyy-that-kyiv-will-win-this-war
1313993124,20260717,202607,2026,2026.5397,UKR,UKRAINIAN,UKR,,,,,,,,,,,,,,,,,,0,193,193,19,4,-10.0,3,1,3,-10.3975535168196,4,"Kyiv, Kyyiv, Misto, Ukraine",UP,UP12,28554,50.4333,30.5167,-1044367,0,,,,,,,,4,"Kyiv, Kyyiv, Misto, Ukraine",UP,UP12,28554,50.4333,30.5167,-1044367,20260717011500,https://www.theguardian.com/world/2026/jul/17/ukraine-war-briefing-outgoing-british-pm-starmer-tells-zelenskyy-that-kyiv-will-win-this-war
1313993125,20260717,202607,2026,2026.5397,UKR,UKRAINIAN,UKR,,,,,,,,CVL,CIVILIAN,,,,,,CVL,,,1,190,190,19,4,-10.0,2,1,2,-10.3975535168196,4,"Belgorod, Belgorodskaya Oblast', Russia",RS,RS09,25036,50.6107,36.5802,-2883930,4,"Odesa, Odes'ka Oblast, Ukraine",UP,UP17,28558,46.4639,30.7386,-1049092,4,"Odesa, Odes'ka Oblast, Ukraine",UP,UP17,28558,46.4639,30.7386,-1049092,20260717011500,https://www.theguardian.com/world/2026/jul/17/ukraine-war-briefing-outgoing-british-pm-starmer-tells-zelenskyy-that-kyiv-will-win-this-war
1313993126,20260717,202607,2026,2026.5397,UKR,UKRAINE,UKR,,,,,,,,MED,WEBSITE,,,,,,MED,,,1,111,111,11,3,-2.0,8,1,8,-9.69072164948455,4,"Kyiv, Kyyiv, Misto, Ukraine",UP,UP12,28554,50.4333,30.5167,-1044367,4,"Kyiv, Kyyiv, Misto, Ukraine",UP,UP12,28554,50.4333,30.5167,-1044367,4,"Kyiv, Kyyiv, Misto, Ukraine",UP,UP12,28554,50.4333,30.5167,-1044367,20260717011500,https://www.express.co.uk/news/world/2230059/russia-warns-nuclear-apocalypse-after-drone-strike-killing-traitor
1313993127,20260717,202607,2026,2026.5397,UKR,UKRAINE,UKR,,,,,,,,MED,WEBSITE,,,,,,MED,,,1,111,111,11,3,-2.0,2,1,2,-9.69072164948455,1,Russia,RS,RS,,60,100,RS,1,Russia,RS,RS,,60,100,RS,1,Russia,RS,RS,,60,100,RS,20260717011500,https://www.express.co.uk/news/world/2230059/russia-warns-nuclear-apocalypse-after-drone-strike-killing-traitor
1313993128,20260717,202607,2026,2026.5397,UKR,KHARKIV,UKR,,,,,,,,RUS,RUSSIAN,RUS,,,,,,,,1,190,190,19,4,-10.0,8,1,8,-10.3975535168196,4,"Kharkiv, Kharkivs'ka Oblast', Ukraine",UP,UP07,25036,49.9808,36.2527,-1041320,4,"Belgorod, Belgorodskaya Oblast', Russia",RS,RS09,25036,50.6107,36.5802,-2883930,4,"Belgorod, Belgorodskaya Oblast', Russia",RS,RS09,25036,50.6107,36.5802,-2883930,20260717011500,https://www.theguardian.com/world/2026/jul/17/ukraine-war-briefing-outgoing-british-pm-starmer-tells-zelenskyy-that-kyiv-will-win-this-war
1313993129,20260717,202607,2026,2026.5397,USA,UNITED STATES,USA,,,,,,,,,,,,,,,,,,1,010,010,01,1,0.0,4,1,4,-3.59183673469388,4,"Tehran, Tehran, Iran",IR,IR26,41130,35.75,51.5148,10074674,0,,,,,,,,4,"Tehran, Tehran, Iran",IR,IR26,41130,35.75,51.5148,10074674,20260717011500,https://www.yahoo.com/news/politics/articles/5-things-watch-trumps-primetime-185428766.html
1313993130,20260717,202607,2026,2026.5397,USA,OHIO,USA,,,,,,,,,,,,,,,,,,0,010,010,01,1,0.0,2,1,2,-1.67386609071274,3,"Seneca County, Ohio, United States",US,USOH,OH147,41.1167,-83.1166,1074086,0,,,,,,,,3,"Seneca County, Ohio, United States",US,USOH,,41.1167,-83.1166,1074086,20260717011500,https://www.unitaid.eu/seneca-county-jail-inmate-list-j1rp.html
1313993131,20260717,202607,2026,2026.5397,USA,UNITED STATES,USA,,,,,,,,,,,,,,,,,,0,010,010,01,1,0.0,4,1,4,-1.67386609071274,3,"Seneca County, Ohio, United States",US,USOH,OH147,41.1167,-83.1166,1074086,0,,,,,,,,2,"Ohio, United States",US,USOH,,40.3736,-82.7755,OH,20260717011500,https://www.unitaid.eu/seneca-county-jail-inmate-list-j1rp.html
1313993132,20260717,202607,2026,2026.5397,USA,UNITED STATES,USA,,,,,,,,,,,,,,,,,,1,010,010,01,1,0.0,4,1,4,1.63934426229509,3,"Chattanooga, Tennessee, United States",US,USTN,TN065,35.0456,-85.3097,1307240,0,,,,,,,,3,"Chattanooga, Tennessee, United States",US,USTN,TN065,35.0456,-85.3097,1307240,20260717011500,https://newschannel9.com/news/local/hamilton-county-schools-pilot-for-quantum-program-linking-classes-with-tech-careers
1313993133,20260717,202607,2026,2026.5397,USA,UNITED STATES,USA,,,,,,,,,,,,,,,,,,1,010,010,01,1,0.0,2,1,2,1.63934426229509,3,"Chattanooga, Tennessee, United States",US,USTN,TN065,35.0456,-85.3097,1307240,0,,,,,,,,2,"Tennessee, United States",US,USTN,,35.7449,-86.7489,TN,20260717011500,https://newschannel9.com/news/local/hamilton-county-schools-pilot-for-quantum-program-linking-classes-with-tech-careers
1313993134,20260717,202607,2026,2026.5397,USA,UNITED STATES,USA,,,,,,,,,,,,,,,,,,1,010,010,01,1,0.0,2,1,2,2.46913580246913,3,"Dallas, Texas, United States",US,USTX,TX113,32.7831,-96.8067,1380944,0,,,,,,,,3,"Dallas, Texas, United States",US,USTX,TX113,32.7831,-96.8067,1380944,20260717011500,https://www.nbcdfw.com/entertainment/entertainment-news/mary-jo-mj-shannon-dies-at-91/4050654/
1313993135,20260717,202607,2026,2026.5397,USA,UNITED STATES,USA,,,,,,,,,,,,,,,,,,0,010,010,01,1,0.0,4,1,4,-3.9440203562341,3,"Richmond, Virginia, United States",US,USVA,VA760,37.5538,-77.4603,1499957,0,,,,,,,,3,"Richmond, Virginia, United States",US,USVA,VA760,37.5538,-77.4603,1499957,20260717011500,https://www.12onyourside.com/2026/07/16/scared-getting-another-bill-e-zpass-users-hit-with-pay-by-plate-bills-richmond-toll-roads/
1313993136,20260717,202607,2026,2026.5397,USA,UNITED STATES,USA,,,,,,,,,,,,,,,,,,0,010,010,01,1,0.0,2,1,2,0.10600706713781,3,"Maryville, Missouri, United States",US,USMO,MO147,40.3461,-94.8725,721948,0,,,,,,,,3,"Maryville, Missouri, United States",US,USMO,MO147,40.3461,-94.8725,721948,20260717011500,"http://www.kirksvilledailyexpress.com/stories/farm-backing-trump-loyalty-shape-gop-race-to-replace-sam-graves-in-missouris-6th-district,31759"
1313993137,20260717,202607,2026,2026.5397,USA,UNITED STATES,USA,,,,,,,,,,,,,,,,,,1,010,010,01,1,0.0,3,1,3,-0.43668122270743,3,"Jefferson County, Missouri, United States",US,USMO,MO099,38.2667,-90.5835,758504,0,,,,,,,,3,"Jefferson County, Missouri, United States",US,USMO,,38.2667,-90.5835,758504,20260717011500,https://www.mymoinfo.com/governor-signs-controversial-annexation-bill-puts-jefferson-county-cities-at-odds-against-county-7-16-2026/
1313993138,20260717,202607,2026,2026.5397,USA,UNITED STATES,USA,,,,,,,,,,,,,,,,,,0,010,010,01,1,0.0,4,1,4,1.62432319866723,3,"Carson City, Nevada, United States",US,USNV,NV510,39.1638,-119.767,863976,0,,,,,,,,3,"Carson City, Nevada, United States",US,USNV,,39.1638,-119.767,863976,20260717011500,https://www.carsonnow.org/07/16/2026/supervisors-vote-to-disband-carson-city-cultural-commission-citing-lack-of-community-engagement
1313993139,20260717,202607,2026,2026.5397,USA,SAN FRANCISCO,USA,,,,,,,,,,,,,,,,,,1,010,010,01,1,0.0,1,1,1,0.41194644696189,1,Israel,IS,IS,,31.5,34.75,IS,0,,,,,,,,1,Israel,IS,IS,,31.5,34.75,IS,20260717011500,https://www.sandiegouniontribune.com/2026/07/16/harris-newsom-khanna-californias-three-way-race-for-2028/
1313993140,20260717,202607,2026,2026.5397,USA,UNITED STATES,USA,,,,,,,,,,,,,,,,,,0,010,010,01,1,0.0,6,2,6,-1.62755168812716,2,"Kansas, United States",US,USKS,,38.5111,-96.8005,KS,0,,,,,,,,2,"Kansas, United States",US,USKS,,38.5111,-96.8005,KS,20260717011500,https://hayspost.com/posts/7d0fe720-d9ec-43e1-a0ec-e0643e978c04
1313993141,20260717,202607,2026,2026.5397,USA,UNITED STATES,USA,,,,,,,,,,,,,,,,,,0,010,010,01,1,0.0,2,1,2,0.10600706713781,2,"Kansas, United States",US,USKS,,38.5111,-96.8005,KS,0,,,,,,,,2,"Missouri, United States",US,USMO,,38.4623,-92.302,MO,20260717011500,"http://www.kirksvilledailyexpress.com/stories/farm-backing-trump-loyalty-shape-gop-race-to-replace-sam-graves-in-missouris-6th-district,31759"
1313993142,20260717,202607,2026,2026.5397,USA,UNITED STATES,USA,,,,,,,,,,,,,,,,,,0,010,010,01,1,0.0,1,1,1,0.10600706713781,2,"Missouri, United States",US,USMO,,38.4623,-92.302,MO,0,,,,,,,,2,"Kansas, United States",US,USKS,,38.5111,-96.8005,KS,20260717011500,"http://www.kirksvilledailyexpress.com/stories/farm-backing-trump-loyalty-shape-gop-race-to-replace-sam-graves-in-missouris-6th-district,31759"
1313993143,20260717,202607,2026,2026.5397,USA,UNITED STATES,USA,,,,,,,,,,,,,,,,,,0,010,010,01,1,0.0,2,1,2,-1.67386609071274,2,"New York, United States",US,USNY,,42.1497,-74.9384,NY,0,,,,,,,,2,"Ohio, United States",US,USOH,,40.3736,-82.7755,OH,20260717011500,https://www.unitaid.eu/seneca-county-jail-inmate-list-j1rp.html
1313993144,20260717,202607,2026,2026.5397,USA,SOUTH CAROLINA,USA,,,,,,,,,,,,,,,,,,1,010,010,01,1,0.0,8,1,8,0.68493150684931,2,"South Carolina, United States",US,USSC,,33.8191,-80.9066,SC,0,,,,,,,,2,"South Carolina, United States",US,USSC,,33.8191,-80.9066,SC,20260717011500,https://www.live5news.com/2026/07/16/new-south-carolina-law-requires-restaurants-disclose-imported-shrimp/
1313993145,20260717,202607,2026,2026.5397,USA,TENNESSEE,USA,,,,,,,,,,,,,,,,,,1,010,010,01,1,0.0,2,1,2,1.63934426229509,2,"Tennessee, United States",US,USTN,,35.7449,-86.7489,TN,0,,,,,,,,3,"Chattanooga, Tennessee, United States",US,USTN,TN065,35.0456,-85.3097,1307240,20260717011500,https://newschannel9.com/news/local/hamilton-county-schools-pilot-for-quantum-program-linking-classes-with-tech-careers
1313993146,20260717,202607,2026,2026.5397,USA,UNITED STATES,USA,,,,,,,,,,,,,,,,,,1,010,010,01,1,0.0,2,1,2,-6.8273092369478,2,"Texas, United States",US,USTX,,31.106,-97.6475,TX,0,,,,,,,,3,"Tarrant County, Texas, United States",US,USTX,,32.7668,-97.3003,1384005,20260717011500,https://www.mirror.co.uk/news/us-news/dentist-charged-over-girls-death-37442292
1313993147,20260717,202607,2026,2026.5397,USA,UNITED STATES,USA,,,,,,,,,,,,,,,,,,1,010,010,01,1,0.0,4,1,4,0.8955223880597,2,"Wisconsin, United States",US,USWI,,44.2563,-89.6385,WI,0,,,,,,,,2,"Wisconsin, United States",US,USWI,,44.2563,-89.6385,WI,20260717011500,https://www.wmtv15news.com/2026/07/16/madison-shatters-air-quality-record-experts-say-smoky-summers-are-becoming-more-common/
1313993148,20260717,202607,2026,2026.5397,USA,UNITED STATES,USA,,,,,,,,,,,,,,,,,,1,012,012,01,1,-0.4,2,1,2,-6.44067796610169,3,"Cook County, Illinois, United States",US,USIL,IL031,41.8334,-87.8501,1784766,0,,,,,,,,3,"Cook County, Illinois, United States",US,USIL,,41.8334,-87.8501,1784766,20260717011500,https://www.legalnewsline.com/pennsylvania-record/cook-county-record/court-oks-45m-verdict-in-talc-asbestos-case-including-unprecedented-30m-for-reduced-lifespan/article_0549069d-71de-4920-b753-0e27291b94fa.html
1313993149,20260717,202607,2026,2026.5397,USA,UNITED STATES,USA,,,,,,,,,,,,,,,,,,1,012,012,01,1,-0.4,2,1,2,-6.44067796610169,2,"Texas, United States",US,USTX,,31.106,-97.6475,TX,0,,,,,,,,2,"Texas, United States",US,USTX,,31.106,-97.6475,TX,20260717011500,https://www.legalnewsline.com/pennsylvania-record/cook-county-record/court-oks-45m-verdict-in-talc-asbestos-case-including-unprecedented-30m-for-reduced-lifespan/article_0549069d-71de-4920-b753-0e27291b94fa.html
1313993150,20260717,202607,2026,2026.5397,USA,UNITED STATES,USA,,,,,,,,,,,,,,,,,,0,013,013,01,1,0.4,1,1,1,7.29166666666666,3,"Camp Rock, California, United States",US,USCA,CA071,34.9389,-116.839,240106,0,,,,,,,,3,"Camp Rock, California, United States",US,USCA,,34.9389,-116.839,240106,20260717011500,https://www.laughingplace.com/disney-entertainment/d23-2026-show-floor-experiences-simpsons-movie-2/
1313993151,20260717,202607,2026,2026.5397,USA,UNITED STATES,USA,,,,,,,,,,,,,,,,,,0,013,013,01,1,0.4,1,1,1,1.62432319866723,3,"Carson City, Nevada, United States",US,USNV,NV510,39.1638,-119.767,863976,0,,,,,,,,3,"Carson City, Nevada, United States",US,USNV,,39.1638,-119.767,863976,20260717011500,https://www.carsonnow.org/07/16/2026/supervisors-vote-to-disband-carson-city-cultural-commission-citing-lack-of-community-engagement
1313993152,20260717,202607,2026,2026.5397,USA,AMERICAN,USA,,,,,,,,,,,,,,,,,,0,014,014,01,1,0.0,10,1,10,1.45348837209302,2,"Idaho, United States",US,USID,,44.2394,-114.51,ID,0,,,,,,,,2,"Idaho, United States",US,USID,,44.2394,-114.51,ID,20260717011500,"http://www.chronline.com/stories/opinion-idaho-and-montana-are-winning-the-competition-for-americas-families,405593"
1313993153,20260717,202607,2026,2026.5397,USA,UNITED STATES,USA,,,,,,,,,,,,,,,,,,0,020,020,02,1,3.0,4,1,4,-5.60271646859084,3,"Lewis County, Washington, United States",US,USWA,WA041,46.5832,-122.401,1531927,0,,,,,,,,3,"Lewis County, Washington, United States",US,USWA,,46.5832,-122.401,1531927,20260717011500,"http://www.chronline.com/stories/former-pud-commissioner-michael-kelly-gets-one-year-in-prison,405571"
1313993154,20260717,202607,2026,2026.5397,USA,UNITED STATES,USA,,,,,,,,,,,,,,,,,,1,020,020,02,1,3.0,4,1,4,-1.75879396984925,3,"Bradley County, Tennessee, United States",US,USTN,TN011,35.1501,-84.8666,1639727,0,,,,,,,,3,"Bradley County, Tennessee, United States",US,USTN,,35.1501,-84.8666,1639727,20260717011500,https://newschannel9.com/news/local/more-tennessee-georgia-towns-hit-pause-on-rural-data-centers-as-power-water-worries-grow
1313993155,20260717,202607,2026,2026.5397,USA,UNITED STATES,USA,,,,,,,,,,,,,,,,,,0,020,020,02,1,3.0,1,1,1,1.62432319866723,3,"Storey County, Nevada, United States",US,USNV,NV029,39.3752,-119.501,858642,0,,,,,,,,3,"Storey County, Nevada, United States",US,USNV,,39.3752,-119.501,858642,20260717011500,https://www.carsonnow.org/07/16/2026/supervisors-vote-to-disband-carson-city-cultural-commission-citing-lack-of-community-engagement
1313993156,20260717,202607,2026,2026.5397,USA,UNITED STATES,USA,,,,,,,,,,,,,,,,,,0,020,020,02,1,3.0,5,1,5,1.62432319866723,3,"Carson City, Nevada, United States",US,USNV,NV510,39.1638,-119.767,863976,0,,,,,,,,3,"Carson City, Nevada, United States",US,USNV,,39.1638,-119.767,863976,20260717011500,https://www.carsonnow.org/07/16/2026/supervisors-vote-to-disband-carson-city-cultural-commission-citing-lack-of-community-engagement
1313993157,20260717,202607,2026,2026.5397,USA,KANSAS,USA,,,,,,,,,,,,,,,,,,1,020,020,02,1,3.0,8,1,8,-1.51515151515152,2,"Kansas, United States",US,USKS,,38.5111,-96.8005,KS,0,,,,,,,,2,"Kansas, United States",US,USKS,,38.5111,-96.8005,KS,20260717011500,https://www.wibw.com/2026/07/16/vfw-rallies-kansas-statehouse-against-proposed-veteran-benefit-cuts/
1313993158,20260717,202607,2026,2026.5397,USA,AMERICAN,USA,,,,,,,,,,,,,,,,,,1,020,020,02,1,3.0,2,1,2,3.63636363636364,2,"Louisiana, United States",US,USLA,,31.1801,-91.8749,LA,0,,,,,,,,2,"Louisiana, United States",US,USLA,,31.1801,-91.8749,LA,20260717011500,http://www.singaporestar.com/news/279192189/saronic-to-build-port-alpha-america-next-generation-shipyard-in-brownsville-texas
1313993159,20260717,202607,2026,2026.5397,USA,SOUTH CAROLINA,USA,,,,,,,,,,,,,,,,,,1,020,020,02,1,3.0,8,1,8,0.68493150684931,2,"South Carolina, United States",US,USSC,,33.8191,-80.9066,SC,0,,,,,,,,2,"South Carolina, United States",US,USSC,,33.8191,-80.9066,SC,20260717011500,https://www.live5news.com/2026/07/16/new-south-carolina-law-requires-restaurants-disclose-imported-shrimp/
1313993160,20260717,202607,2026,2026.5397,USA,UNITED STATES,USA,,,,,,,,,,,,,,,,,,0,020,020,02,1,3.0,4,1,4,-5.51724137931035,2,"Wisconsin, United States",US,USWI,,44.2563,-89.6385,WI,0,,,,,,,,2,"Wisconsin, United States",US,USWI,,44.2563,-89.6385,WI,20260717011500,https://www.governing.com/finance/who-pays-when-fema-says-no
1313993161,20260717,202607,2026,2026.5397,USA,TEXAS,USA,,,,,,,,,,,,,,,,,,0,0214,021,02,1,3.4,10,1,10,-4.55927051671732,2,"Texas, United States",US,USTX,,31.106,-97.6475,TX,0,,,,,,,,2,"Texas, United States",US,USTX,,31.106,-97.6475,TX,20260717011500,https://abc7.com/post/dentist-chrishelle-hemphill-accused-giving-4yearold-lethal-doses-meperidine-demerol-sedatives-texas-police-say/19520152/
1313993162,20260717,202607,2026,2026.5397,USA,UNITED STATES,USA,,,,,,,,,,,,,,,,,,0,0231,023,02,1,3.4,1,1,1,1.33647798742138,3,"Greenville, South Carolina, United States",US,USSC,SC045,34.8526,-82.394,1245842,0,,,,,,,,3,"Greenville, South Carolina, United States",US,USSC,SC045,34.8526,-82.394,1245842,20260717011500,https://www.wyff4.com/article/lindsey-graham-unspent-campaign-money-special-primary/72750764
1313993163,20260717,202607,2026,2026.5397,USA,UNITED STATES,USA,,,,,,,,,,,,,,,,,,1,0231,023,02,1,3.4,4,1,4,1.33647798742138,2,"South Carolina, United States",US,USSC,,33.8191,-80.9066,SC,0,,,,,,,,2,"South Carolina, United States",US,USSC,,33.8191,-80.9066,SC,20260717011500,https://www.wyff4.com/article/lindsey-graham-unspent-campaign-money-special-primary/72750764
1313993164,20260717,202607,2026,2026.5397,USA,MASSACHUSETTS,USA,,,,,,,,,,,,,,,,,,1,030,030,03,1,4.0,10,1,10,0.38314176245211,4,"Port-Au-Prince, Ouest, Haiti",HA,HA11,17198,18.5392,-72.335,-70311,0,,,,,,,,4,"Port-Au-Prince, Ouest, Haiti",HA,HA11,17198,18.5392,-72.335,-70311,20260717011500,https://repeatingislands.com/2026/07/16/new-book-launch-la-tragedie-haitienne/
1313993165,20260717,202607,2026,2026.5397,USA,MONTANA,USA,,,,,,,,,,,,,,,,,,0,030,030,03,1,4.0,3,1,3,-1.64576802507837,2,"Montana, United States",US,USMT,,46.9048,-110.326,MT,0,,,,,,,,2,"Montana, United States",US,USMT,,46.9048,-110.326,MT,20260717011500,"http://www.chronline.com/stories/feds-propose-rule-shifting-management-of-grizzly-bears-toward-states,405569"
1313993166,20260717,202607,2026,2026.5397,USA,UNITED STATES,USA,,,,,,,,,,,,,,,,,,0,036,036,03,1,4.0,2,1,2,7.29166666666666,3,"Anaheim Convention Center, California, United States",US,USCA,CA059,33.8014,-117.921,238600,0,,,,,,,,3,"Anaheim Convention Center, California, United States",US,USCA,,33.8014,-117.921,238600,20260717011500,https://www.laughingplace.com/disney-entertainment/d23-2026-show-floor-experiences-simpsons-movie-2/
1313993167,20260717,202607,2026,2026.5397,USA,ILLINOIS,USA,,,,,,,,,,,,,,,,,,1,036,036,03,1,4.0,10,1,10,-1.95838433292533,2,"Illinois, United States",US,USIL,,40.3363,-89.0022,IL,0,,,,,,,,2,"Illinois, United States",US,USIL,,40.3363,-89.0022,IL,20260717011500,https://chicago.suntimes.com/elections/2026/07/16/byron-sigcho-lopez-mayra-macias-independent-candidates-chuy-garcia-seat-congress-recommendation-off-ballot
1313993168,20260717,202607,2026,2026.5397,USA,UNITED STATES,USA,,,,,,,,,,,,,,,,,,0,036,036,03,1,4.0,2,1,2,0.10600706713781,2,"Missouri, United States",US,USMO,,38.4623,-92.302,MO,0,,,,,,,,3,"Washington, District of Columbia, United States",US,USDC,DC001,38.8951,-77.0364,531871,20260717011500,"http://www.kirksvilledailyexpress.com/stories/farm-backing-trump-loyalty-shape-gop-race-to-replace-sam-graves-in-missouris-6th-district,31759"
1313993169,20260717,202607,2026,2026.5397,USA,UNITED STATES,USA,,,,,,,,,,,,,,,,,,0,036,036,03,1,4.0,4,1,2,0.10600706713781,2,"Missouri, United States",US,USMO,,38.4623,-92.302,MO,0,,,,,,,,2,"Missouri, United States",US,USMO,,38.4623,-92.302,MO,20260717011500,"http://www.kirksvilledailyexpress.com/stories/farm-backing-trump-loyalty-shape-gop-race-to-replace-sam-graves-in-missouris-6th-district,31759"
1313993170,20260717,202607,2026,2026.5397,USA,NEW YORK,USA,,,,,,,,,,,,,,,,,,1,036,036,03,1,4.0,10,1,10,-1.40845070422535,2,"New Jersey, United States",US,USNJ,,40.314,-74.5089,NJ,0,,,,,,,,2,"New Jersey, United States",US,USNJ,,40.314,-74.5089,NJ,20260717011500,https://www.cronista.com/en/today/confirmed-new-york-and-new-jersey-airports-will-deny-entry-to-foreign-travelers-whose-us-visas-are-not-stamped-this-way/
1313993171,20260717,202607,2026,2026.5397,USA,AUSTIN,USA,,,,,,,,,,,,,,,,,,1,040,040,04,1,1.0,10,1,10,4.84848484848485,0,,,,,,,,0,,,,,,,,0,,,,,,,,20260717011500,https://www.wibw.com/2026/07/16/shawnee-co-fair-readies-annual-run/
1313993172,20260717,202607,2026,2026.5397,USA,UNITED STATES,USA,,,,,,,,,,,,,,,,,,0,040,040,04,1,1.0,6,1,6,-1.67386609071274,3,"Seneca County, Ohio, United States",US,USOH,OH147,41.1167,-83.1166,1074086,0,,,,,,,,3,"Seneca County, Ohio, United States",US,USOH,,41.1167,-83.1166,1074086,20260717011500,https://www.unitaid.eu/seneca-county-jail-inmate-list-j1rp.html
1313993173,20260717,202607,2026,2026.5397,USA,UNITED STATES,USA,,,,,,,,,,,,,,,,,,1,040,040,04,1,1.0,4,1,4,-1.77935943060498,3,"Fort Worth, Texas, United States",US,USTX,TX439,32.7254,-97.3208,1380947,0,,,,,,,,3,"Fort Worth, Texas, United States",US,USTX,,32.7254,-97.3208,1380947,20260717011500,https://www.nbcdfw.com/news/national-international/president-trump-national-address-thursday-voting-elections/4050665/
1313993174,20260717,202607,2026,2026.5397,USA,UNITED STATES,USA,,,,,,,,,,,,,,,,,,0,040,040,04,1,1.0,3,1,3,-5.60271646859084,3,"Lewis County, Washington, United States",US,USWA,WA041,46.5832,-122.401,1531927,0,,,,,,,,3,"Lewis County, Washington, United States",US,USWA,,46.5832,-122.401,1531927,20260717011500,"http://www.chronline.com/stories/former-pud-commissioner-michael-kelly-gets-one-year-in-prison,405571"
1313993175,20260717,202607,2026,2026.5397,USA,UNITED STATES,USA,,,,,,,,,,,,,,,,,,1,040,040,04,1,1.0,4,1,4,-2.94117647058824,3,"San Francisco, California, United States",US,USCA,CA075,37.7749,-122.419,277593,0,,,,,,,,3,"San Francisco, California, United States",US,USCA,,37.7749,-122.419,277593,20260717011500,https://www.smdailyjournal.com/news/bay_area/overdose-deaths-down-over-this-time-last-year-san-francisco-says/article_971a0e07-3849-407b-a077-f6b4b169a47f.html
1313993176,20260717,202607,2026,2026.5397,USA,OHIO,USA,,,,,,,,,,,,,,,,,,1,042,042,04,1,1.9,3,1,3,3.16901408450704,3,"Butler County, Ohio, United States",US,USOH,OH017,39.4501,-84.5666,1074021,0,,,,,,,,3,"Butler County, Ohio, United States",US,USOH,,39.4501,-84.5666,1074021,20260717011500,https://www.wcpo.com/news/local-news/in-your-community/butler-county/big-brothers-big-sisters-of-butler-county-seeks-male-mentors-as-149-children-wait-for-matches
1313993177,20260717,202607,2026,2026.5397,USA,UNITED STATES,USA,,,,,,,,,,,,,,,,,,0,042,042,04,1,1.9,4,1,4,-10.5263157894736,3,"New Boston, Texas, United States",US,USTX,TX037,33.4598,-94.4155,1363692,0,,,,,,,,3,"New Boston, Texas, United States",US,USTX,,33.4598,-94.4155,1363692,20260717011500,https://txktoday.com/crime/man-accused-of-threatening-to-kill-ex-filming-her-without-consent/
1313993178,20260717,202607,2026,2026.5397,USA,UNITED STATES,USA,,,,,,,,,,,,,,,,,,0,042,042,04,1,1.9,1,1,1,-5.60271646859084,3,"Centralia, Washington, United States",US,USWA,WA041,46.7162,-122.954,1503899,0,,,,,,,,3,"Centralia, Washington, United States",US,USWA,WA041,46.7162,-122.954,1503899,20260717011500,"http://www.chronline.com/stories/former-pud-commissioner-michael-kelly-gets-one-year-in-prison,405571"
1313993179,20260717,202607,2026,2026.5397,USA,SAN DIEGO,USA,,,,,,,,,,,,,,,,,,1,042,042,04,1,1.9,2,1,2,1.44181256436664,3,"San Diego, California, United States",US,USCA,CA073,32.7153,-117.157,1661377,0,,,,,,,,3,"San Diego, California, United States",US,USCA,,32.7153,-117.157,1661377,20260717011500,https://www.stlamerican.com/arts-and-entertainment/living-it-arts-and-entertainment/a-hero-built-from-scratch/
1313993180,20260717,202607,2026,2026.5397,USA,UNITED STATES,USA,,,,,,,,,,,,,,,,,,1,042,042,04,1,1.9,4,1,4,3.10262529832936,3,"Twin Falls, Idaho, United States",US,USID,ID083,42.563,-114.461,398273,0,,,,,,,,3,"Twin Falls, Idaho, United States",US,USID,,42.563,-114.461,398273,20260717011500,http://www.idahostatejournal.com/news/local/take-one-leave-one-preston-nooks-offers-books-plants-and-a-little-neighborly-trust/article_d58c57fa-ff77-45fa-9686-2c6f71880b74.html
1313993181,20260717,202607,2026,2026.5397,USA,SAN DIEGO,USA,,,,,,,,,,,,,,,,,,1,042,042,04,1,1.9,4,1,4,1.44181256436664,2,"California, United States",US,USCA,,36.17,-119.746,CA,0,,,,,,,,2,"Texas, United States",US,USTX,,31.106,-97.6475,TX,20260717011500,https://www.stlamerican.com/arts-and-entertainment/living-it-arts-and-entertainment/a-hero-built-from-scratch/
1313993182,20260717,202607,2026,2026.5397,USA,KANSAS,USA,,,,,,,,,,,,,,,,,,0,042,042,04,1,1.9,4,1,4,-2.49433106575964,2,"Kansas, United States",US,USKS,,38.5111,-96.8005,KS,0,,,,,,,,2,"Kansas, United States",US,USKS,,38.5111,-96.8005,KS,20260717011500,https://hayspost.com/posts/7d0fe720-d9ec-43e1-a0ec-e0643e978c04
1313993183,20260717,202607,2026,2026.5397,USA,UNITED STATES,USA,,,,,,,,,,,,,,,,,,1,042,042,04,1,1.9,1,1,1,3.16901408450704,2,"Ohio, United States",US,USOH,,40.3736,-82.7755,OH,0,,,,,,,,3,"Butler County, Ohio, United States",US,USOH,,39.4501,-84.5666,1074021,20260717011500,https://www.wcpo.com/news/local-news/in-your-community/butler-county/big-brothers-big-sisters-of-butler-county-seeks-male-mentors-as-149-children-wait-for-matches
1313993184,20260717,202607,2026,2026.5397,USA,UNITED STATES,USA,,,,,,,,,,,,,,,,,,0,043,043,04,1,2.8,4,1,4,-1.95838433292533,3,"Brighton Park, Illinois, United States",US,USIL,IL031,41.8189,-87.6989,1737410,0,,,,,,,,3,"Brighton Park, Illinois, United States",US,USIL,,41.8189,-87.6989,1737410,20260717011500,https://chicago.suntimes.com/elections/2026/07/16/byron-sigcho-lopez-mayra-macias-independent-candidates-chuy-garcia-seat-congress-recommendation-off-ballot
1313993185,20260717,202607,2026,2026.5397,USA,UNITED STATES,USA,,,,,,,,,,,,,,,,,,0,043,043,04,1,2.8,1,1,1,-1.95838433292533,3,"Brighton Park, Illinois, United States",US,USIL,IL031,41.8189,-87.6989,1737410,0,,,,,,,,3,"Chicago, Illinois, United States",US,USIL,IL031,41.85,-87.6501,423587,20260717011500,https://chicago.suntimes.com/elections/2026/07/16/byron-sigcho-lopez-mayra-macias-independent-candidates-chuy-garcia-seat-congress-recommendation-off-ballot
1313993186,20260717,202607,2026,2026.5397,USA,UNITED STATES,USA,,,,,,,,,,,,,,,,,,0,043,043,04,1,2.8,1,1,1,-1.95838433292533,3,"Brighton Park, Illinois, United States",US,USIL,IL031,41.8189,-87.6989,1737410,0,,,,,,,,2,"Illinois, United States",US,USIL,,40.3363,-89.0022,IL,20260717011500,https://chicago.suntimes.com/elections/2026/07/16/byron-sigcho-lopez-mayra-macias-independent-candidates-chuy-garcia-seat-congress-recommendation-off-ballot
1313993187,20260717,202607,2026,2026.5397,USA,UNITED STATES,USA,,,,,,,,,,,,,,,,,,1,043,043,04,1,2.8,6,1,6,-0.1031991744066,3,"Linn County, Iowa, United States",US,USIA,IA113,42.0667,-91.6002,465245,0,,,,,,,,3,"Linn County, Iowa, United States",US,USIA,,42.0667,-91.6002,465245,20260717011500,https://cbs2iowa.com/news/local/supervisors-clash-over-returning-to-5-seat-linn-county-board-after-moratorium-vote
1313993188,20260717,202607,2026,2026.5397,USA,IOWA,USA,,,,,,,,,,,,,,,,,,0,043,043,04,1,2.8,6,1,6,-1.84426229508196,2,"Iowa, United States",US,USIA,,42.0046,-93.214,IA,0,,,,,,,,2,"Iowa, United States",US,USIA,,42.0046,-93.214,IA,20260717011500,https://cbs2iowa.com/news/local/iowa-born-soldier-injured-in-march-drone-strike-returns-home-to-recover
1313993189,20260717,202607,2026,2026.5397,USA,UNITED STATES,USA,,,,,,,,,,,,,,,,,,0,043,043,04,1,2.8,2,1,2,-1.84426229508196,2,"Iowa, United States",US,USIA,,42.0046,-93.214,IA,0,,,,,,,,2,"Maryland, United States",US,USMD,,39.0724,-76.7902,MD,20260717011500,https://cbs2iowa.com/news/local/iowa-born-soldier-injured-in-march-drone-strike-returns-home-to-recover
1313993190,20260717,202607,2026,2026.5397,USA,UNITED STATES,USA,,,,,,,,,,,,,,,,,,0,043,043,04,1,2.8,2,1,2,4.6535677352637,2,"Massachusetts, United States",US,USMA,,42.2373,-71.5314,MA,0,,,,,,,,2,"Massachusetts, United States",US,USMA,,42.2373,-71.5314,MA,20260717011500,https://gazettenet.com/2026/07/16/a-healthy-milestone-granby-farm-hosts-celebration-of-massachusetts-hip-programs-100m-in-produce-sales/
1313993191,20260717,202607,2026,2026.5397,USA,IOWA,USA,,,,,,,,,,,,,,,,,,0,043,043,04,1,2.8,2,1,2,-1.84426229508196,2,"Maryland, United States",US,USMD,,39.0724,-76.7902,MD,0,,,,,,,,2,"Maryland, United States",US,USMD,,39.0724,-76.7902,MD,20260717011500,https://cbs2iowa.com/news/local/iowa-born-soldier-injured-in-march-drone-strike-returns-home-to-recover
1313993192,20260717,202607,2026,2026.5397,USA,SAN DIEGO,USA,,,,,,,,,,,,,,,,,,1,046,046,04,1,7.0,10,1,10,-9.78670012547053,4,"Tijuana, Baja California, Mexico",MX,MX02,19588,32.5333,-117.017,-1705741,0,,,,,,,,4,"Tijuana, Baja California, Mexico",MX,MX02,19588,32.5333,-117.017,-1705741,20260717011500,https://www.sandiegouniontribune.com/2026/07/16/san-ysidro-man-sentenced-for-impersonating-ice-agent-to-defraud-immigrants/
1313993193,20260717,202607,2026,2026.5397,USA,UNITED STATES,USA,,,,,,,,,,,,,,,,,,1,051,051,05,1,3.4,4,1,4,2.46913580246913,3,"Dallas, Texas, United States",US,USTX,TX113,32.7831,-96.8067,1380944,0,,,,,,,,3,"Dallas, Texas, United States",US,USTX,TX113,32.7831,-96.8067,1380944,20260717011500,https://www.nbcdfw.com/entertainment/entertainment-news/mary-jo-mj-shannon-dies-at-91/4050654/
1313993194,20260717,202607,2026,2026.5397,USA,UNITED STATES,USA,,,,,,,,,,,,,,,,,,1,051,051,05,1,3.4,3,1,3,4.79134466769707,3,"Santa Ynez, California, United States",US,USCA,CA083,34.6144,-120.08,1661407,0,,,,,,,,3,"Santa Ynez, California, United States",US,USCA,,34.6144,-120.08,1661407,20260717011500,https://www.goodhousekeeping.com/home/decorating-ideas/a72731767/designers-micro-check-tile-trend/
1313993195,20260717,202607,2026,2026.5397,USA,UNITED STATES,USA,,,,,,,,,,,,,,,,,,0,051,051,05,1,3.4,2,1,2,1.57828282828283,3,"Bronzeville, Illinois, United States",US,USIL,IL031,41.8309,-87.6264,1825920,0,,,,,,,,3,"Bronzeville, Illinois, United States",US,USIL,IL031,41.8309,-87.6264,1825920,20260717011500,https://chicago.suntimes.com/chicago-school-board/2026/07/16/spending-in-chicago-school-board-election-exceeds-1-6-million-as-limits-lift-in-race-for-board-president
1313993196,20260717,202607,2026,2026.5397,USA,UNITED STATES,USA,,,,,,,,,,,,,,,,,,1,051,051,05,1,3.4,2,1,2,4.3338683788122,3,"San Francisco, California, United States",US,USCA,CA075,37.7749,-122.419,277593,0,,,,,,,,3,"San Francisco, California, United States",US,USCA,,37.7749,-122.419,277593,20260717011500,https://sf.eater.com/maps/best-cocktail-bars-san-francisco
1313993197,20260717,202607,2026,2026.5397,USA,ORLANDO,USA,,,,,,,,,,,,,,,,,,1,051,051,05,1,3.4,10,1,10,0.58823529411765,3,"Orlando, Florida, United States",US,USFL,FL095,28.5383,-81.3792,288240,0,,,,,,,,3,"Orlando, Florida, United States",US,USFL,FL095,28.5383,-81.3792,288240,20260717011500,https://www.laughingplace.com/parks/universal-studios-florida-fast-furious-hollywood-drift-spike/
1313993198,20260717,202607,2026,2026.5397,USA,UNITED STATES,USA,,,,,,,,,,,,,,,,,,0,051,051,05,1,3.4,1,1,1,1.57828282828283,3,"Chicago, Illinois, United States",US,USIL,IL031,41.85,-87.6501,423587,0,,,,,,,,3,"Bronzeville, Illinois, United States",US,USIL,IL031,41.8309,-87.6264,1825920,20260717011500,https://chicago.suntimes.com/chicago-school-board/2026/07/16/spending-in-chicago-school-board-election-exceeds-1-6-million-as-limits-lift-in-race-for-board-president
1313993199,20260717,202607,2026,2026.5397,USA,UNITED STATES,USA,,,,,,,,,,,,,,,,,,0,051,051,05,1,3.4,1,1,1,1.57828282828283,3,"Chicago, Illinois, United States",US,USIL,IL031,41.85,-87.6501,423587,0,,,,,,,,3,"Chicago, Illinois, United States",US,USIL,IL031,41.85,-87.6501,423587,20260717011500,https://chicago.suntimes.com/chicago-school-board/2026/07/16/spending-in-chicago-school-board-election-exceeds-1-6-million-as-limits-lift-in-race-for-board-president
1313993200,20260717,202607,2026,2026.5397,USA,UNITED STATES,USA,,,,,,,,,,,,,,,,,,0,051,051,05,1,3.4,4,1,4,0.10600706713781,3,"Department Of Education, District of Columbia, United States",US,USDC,DC001,38.8862,-77.0183,530857,0,,,,,,,,3,"Department Of Education, District of Columbia, United States",US,USDC,,38.8862,-77.0183,530857,20260717011500,"http://www.kirksvilledailyexpress.com/stories/farm-backing-trump-loyalty-shape-gop-race-to-replace-sam-graves-in-missouris-6th-district,31759"
1313993201,20260717,202607,2026,2026.5397,USA,ARIZONA,USA,,,,,,,,,,,,,,,,,,1,051,051,05,1,3.4,10,1,10,1.26582278481013,2,"Arizona, United States",US,USAZ,,33.7712,-111.388,AZ,0,,,,,,,,2,"Arizona, United States",US,USAZ,,33.7712,-111.388,AZ,20260717011500,https://www.kjzz.org/politics/2026-07-16/arizona-department-of-health-services-adopts-policy-of-tribal-sovereignty-over-health-data
1313993202,20260717,202607,2026,2026.5397,USA,UNITED STATES,USA,,,,,,,,,,,,,,,,,,0,051,051,05,1,3.4,2,1,2,0.10600706713781,2,"Missouri, United States",US,USMO,,38.4623,-92.302,MO,0,,,,,,,,2,"Missouri, United States",US,USMO,,38.4623,-92.302,MO,20260717011500,"http://www.kirksvilledailyexpress.com/stories/farm-backing-trump-loyalty-shape-gop-race-to-replace-sam-graves-in-missouris-6th-district,31759"
1313993203,20260717,202607,2026,2026.5397,USA,EVERGREEN STATE,USA,,,,,,,,,,,,,,,,,,1,051,051,05,1,3.4,10,1,10,1.45348837209302,2,"Montana, United States",US,USMT,,46.9048,-110.326,MT,0,,,,,,,,2,"Montana, United States",US,USMT,,46.9048,-110.326,MT,20260717011500,"http://www.chronline.com/stories/opinion-idaho-and-montana-are-winning-the-competition-for-americas-families,405593"
1313993204,20260717,202607,2026,2026.5397,USA,MASSACHUSETTS,USA,,,,,,,,,,,,,,,,,,0,070,070,07,2,7.0,2,1,2,4.6535677352637,2,"Massachusetts, United States",US,USMA,,42.2373,-71.5314,MA,0,,,,,,,,2,"Massachusetts, United States",US,USMA,,42.2373,-71.5314,MA,20260717011500,https://gazettenet.com/2026/07/16/a-healthy-milestone-granby-farm-hosts-celebration-of-massachusetts-hip-programs-100m-in-produce-sales/
1313993205,20260717,202607,2026,2026.5397,USA,UNITED STATES,USA,,,,,,,,,,,,,,,,,,1,071,071,07,2,7.4,8,1,8,-2.77227722772277,3,"Calhoun Falls, South Carolina, United States",US,USSC,SC001,34.0923,-82.5957,1247089,0,,,,,,,,3,"Calhoun Falls, South Carolina, United States",US,USSC,,34.0923,-82.5957,1247089,20260717011500,https://www.wyff4.com/article/calhoun-falls-abbeville-debt-water-ownership/72859929
1313993206,20260717,202607,2026,2026.5397,USA,UNITED STATES,USA,,,,,,,,,,,,,,,,,,0,071,071,07,2,7.4,1,1,1,1.62432319866723,3,"Carson City, Nevada, United States",US,USNV,NV510,39.1638,-119.767,863976,0,,,,,,,,3,"Carson City, Nevada, United States",US,USNV,,39.1638,-119.767,863976,20260717011500,https://www.carsonnow.org/07/16/2026/supervisors-vote-to-disband-carson-city-cultural-commission-citing-lack-of-community-engagement
1313993207,20260717,202607,2026,2026.5397,USA,UNITED STATES,USA,,,,,,,,,,,,,,,,,,0,071,071,07,2,7.4,1,1,1,0.10600706713781,2,"Kansas, United States",US,USKS,,38.5111,-96.8005,KS,0,,,,,,,,2,"Kansas, United States",US,USKS,,38.5111,-96.8005,KS,20260717011500,"http://www.kirksvilledailyexpress.com/stories/farm-backing-trump-loyalty-shape-gop-race-to-replace-sam-graves-in-missouris-6th-district,31759"
1313993208,20260717,202607,2026,2026.5397,USA,UNITED STATES,USA,,,,,,,,,,,,,,,,,,0,083,083,08,2,5.0,4,1,4,-1.77935943060498,3,"Fort Worth, Texas, United States",US,USTX,TX439,32.7254,-97.3208,1380947,0,,,,,,,,3,"Fort Worth, Texas, United States",US,USTX,,32.7254,-97.3208,1380947,20260717011500,https://www.nbcdfw.com/news/national-international/president-trump-national-address-thursday-voting-elections/4050665/
1313993209,20260717,202607,2026,2026.5397,USA,UNITED STATES,USA,,,,,,,,,,,,,,,,,,0,083,083,08,2,5.0,4,1,4,-2.50569476082004,2,"Pennsylvania, United States",US,USPA,,40.5773,-77.264,PA,0,,,,,,,,2,"Pennsylvania, United States",US,USPA,,40.5773,-77.264,PA,20260717011500,https://www.boston.com/culture/politics/2026/07/16/trump-is-expected-to-make-election-conspiracies-a-focus-of-his-national-address/
1313993210,20260717,202607,2026,2026.5397,USA,UNITED STATES,USA,,,,,,,,,,,,,,,,,,1,084,084,08,2,7.0,2,1,2,2.22222222222222,3,"Hollywood, California, United States",US,USCA,CA037,34.0983,-118.327,1660757,0,,,,,,,,3,"Hollywood, California, United States",US,USCA,CA037,34.0983,-118.327,1660757,20260717011500,https://www.sandiegouniontribune.com/2026/07/16/fleet-science-center-among-theaters-with-imax-screens-showing-the-odyssey/
1313993211,20260717,202607,2026,2026.5397,USA,SAN FRANCISCO,USA,,,,,,,,,,,,,,,,,,1,084,084,08,2,7.0,3,1,3,1.60427807486631,3,"Alcatraz Island, California, United States",US,USCA,CA075,37.8266,-122.423,218080,0,,,,,,,,3,"Alcatraz Island, California, United States",US,USCA,,37.8266,-122.423,218080,20260717011500,https://www.smdailyjournal.com/news/bay_area/san-francisco-police-recover-body-near-treasure-island/article_5a8b8d97-a15d-4c73-b8c1-fcb52d98fbf7.html
1313993212,20260717,202607,2026,2026.5397,USA,IOWA,USA,,,,,,,,,,,,,,,,,,1,100,100,10,3,-5.0,10,1,10,-2.45283018867925,2,"Iowa, United States",US,USIA,,42.0046,-93.214,IA,0,,,,,,,,2,"Iowa, United States",US,USIA,,42.0046,-93.214,IA,20260717011500,https://cbs2iowa.com/news/local/morgan-valley-energy-center-review-continues-following-scheduling-conference
1313993213,20260717,202607,2026,2026.5397,USA,UNITED STATES,USA,,,,,,,,,,,,,,,,,,1,110,110,11,3,-2.0,2,1,2,-3.9440203562341,3,"Richmond, Virginia, United States",US,USVA,VA760,37.5538,-77.4603,1499957,0,,,,,,,,3,"Richmond, Virginia, United States",US,USVA,VA760,37.5538,-77.4603,1499957,20260717011500,https://www.12onyourside.com/2026/07/16/scared-getting-another-bill-e-zpass-users-hit-with-pay-by-plate-bills-richmond-toll-roads/
1313993214,20260717,202607,2026,2026.5397,USA,UNITED STATES,USA,,,,,,,,,,,,,,,,,,1,110,110,11,3,-2.0,6,1,6,0.58823529411765,3,"Hollywood, California, United States",US,USCA,CA037,34.0983,-118.327,1660757,0,,,,,,,,3,"Hollywood, California, United States",US,USCA,CA037,34.0983,-118.327,1660757,20260717011500,https://www.laughingplace.com/parks/universal-studios-florida-fast-furious-hollywood-drift-spike/
1313993215,20260717,202607,2026,2026.5397,USA,UNITED STATES,USA,,,,,,,,,,,,,,,,,,0,110,110,11,3,-2.0,4,1,4,0.10600706713781,3,"Maryville, Missouri, United States",US,USMO,MO147,40.3461,-94.8725,721948,0,,,,,,,,3,"Maryville, Missouri, United States",US,USMO,MO147,40.3461,-94.8725,721948,20260717011500,"http://www.kirksvilledailyexpress.com/stories/farm-backing-trump-loyalty-shape-gop-race-to-replace-sam-graves-in-missouris-6th-district,31759"
1313993216,20260717,202607,2026,2026.5397,USA,VERMONT,USA,,,,,,,,,,,,,,,,,,1,110,110,11,3,-2.0,10,1,10,0,2,"Vermont, United States",US,USVT,,44.0407,-72.7093,VT,0,,,,,,,,2,"Vermont, United States",US,USVT,,44.0407,-72.7093,VT,20260717011500,http://www.deerfieldvalleynews.org/editorial/guest-editorial-stop-telling-gen-z-save-world
1313993217,20260717,202607,2026,2026.5397,USA,UNITED STATES,USA,,,,,,,,,,,,,,,,,,0,112,112,11,3,-2.0,2,1,2,-1.77935943060498,3,"Fort Worth, Texas, United States",US,USTX,TX439,32.7254,-97.3208,1380947,0,,,,,,,,3,"Fort Worth, Texas, United States",US,USTX,,32.7254,-97.3208,1380947,20260717011500,https://www.nbcdfw.com/news/national-international/president-trump-national-address-thursday-voting-elections/4050665/
1313993218,20260717,202607,2026,2026.5397,USA,UNITED STATES,USA,,,,,,,,,,,,,,,,,,0,112,112,11,3,-2.0,2,1,2,-1.77935943060498,3,"Fort Worth, Texas, United States",US,USTX,TX439,32.7254,-97.3208,1380947,0,,,,,,,,1,Iran,IR,IR,,32,53,IR,20260717011500,https://www.nbcdfw.com/news/national-international/president-trump-national-address-thursday-voting-elections/4050665/
1313993219,20260717,202607,2026,2026.5397,USA,UNITED STATES,USA,,,,,,,,,,,,,,,,,,0,115,115,11,3,-2.0,4,1,4,-3.59183673469388,3,"Washington, District of Columbia, United States",US,USDC,DC001,38.8951,-77.0364,531871,0,,,,,,,,3,"Washington, District of Columbia, United States",US,USDC,DC001,38.8951,-77.0364,531871,20260717011500,https://www.yahoo.com/news/politics/articles/5-things-watch-trumps-primetime-185428766.html
1313993220,20260717,202607,2026,2026.5397,USA,SAN FRANCISCO,USA,,,,,,,,,,,,,,,,,,0,120,120,12,3,-4.0,10,1,10,-2.94117647058824,3,"San Francisco, California, United States",US,USCA,CA075,37.7749,-122.419,277593,0,,,,,,,,3,"San Francisco, California, United States",US,USCA,,37.7749,-122.419,277593,20260717011500,https://www.smdailyjournal.com/news/bay_area/overdose-deaths-down-over-this-time-last-year-san-francisco-says/article_971a0e07-3849-407b-a077-f6b4b169a47f.html
1313993221,20260717,202607,2026,2026.5397,USA,CHICAGO,USA,,,,,,,,,,,,,,,,,,1,120,120,12,3,-4.0,10,1,10,-1.26582278481012,3,"Chicago, Illinois, United States",US,USIL,IL031,41.85,-87.6501,423587,0,,,,,,,,3,"Chicago, Illinois, United States",US,USIL,IL031,41.85,-87.6501,423587,20260717011500,https://www.tvguide.co.uk/schedule/85ba9203-edc4-52c7-a376-53df5571982c/the-boss-baby-back-in-business
1313993222,20260717,202607,2026,2026.5397,USA,PENNSYLVANIA,USA,,,,,,,,,,,,,,,,,,1,1723,172,17,4,-5.0,7,1,7,2.77207392197126,3,"Milton State Park, Pennsylvania, United States",US,USPA,PA097,41.0209,-76.8614,1198261,0,,,,,,,,3,"Milton State Park, Pennsylvania, United States",US,USPA,,41.0209,-76.8614,1198261,20260717011500,https://www.islands.com/2214479/ravensburg-state-tranquil-park-pennsylvania-underrated-forest-getaway-hiking-camping-fishing/
1313993223,20260717,202607,2026,2026.5397,USA,UNITED STATES,USA,,,,,,,,,,,,,,,,,,0,173,173,17,4,-5.0,3,1,3,-6.07734806629835,3,"Dallas, Texas, United States",US,USTX,TX113,32.7831,-96.8067,1380944,0,,,,,,,,3,"Dallas, Texas, United States",US,USTX,TX113,32.7831,-96.8067,1380944,20260717011500,https://www.nbcdfw.com/news/local/woman-arrested-accused-of-killing-semi-driver-changing-a-tire-in-fatal-hit-and-run/4050736/
1313993224,20260717,202607,2026,2026.5397,USA,UNITED STATES,USA,,,,,,,,,,,,,,,,,,1,173,173,17,4,-5.0,2,1,2,-5.60271646859084,3,"Lewis County, Washington, United States",US,USWA,WA041,46.5832,-122.401,1531927,0,,,,,,,,3,"Lewis County, Washington, United States",US,USWA,,46.5832,-122.401,1531927,20260717011500,"http://www.chronline.com/stories/former-pud-commissioner-michael-kelly-gets-one-year-in-prison,405571"
1313993225,20260717,202607,2026,2026.5397,USA,SAN DIEGO,USA,,,,,,,,,,,,,,,,,,0,173,173,17,4,-5.0,10,1,10,-9.78670012547053,3,"San Diego, California, United States",US,USCA,CA073,32.7153,-117.157,1661377,0,,,,,,,,3,"Los Angeles, California, United States",US,USCA,,34.0522,-118.244,1662328,20260717011500,https://www.sandiegouniontribune.com/2026/07/16/san-ysidro-man-sentenced-for-impersonating-ice-agent-to-defraud-immigrants/
1313993226,20260717,202607,2026,2026.5397,USA,UNITED STATES,USA,,,,,,,,,,,,,,,,,,1,173,173,17,4,-5.0,6,1,6,-5.60271646859084,2,"Washington, United States",US,USWA,,47.3917,-121.571,WA,0,,,,,,,,2,"Washington, United States",US,USWA,,47.3917,-121.571,WA,20260717011500,"http://www.chronline.com/stories/former-pud-commissioner-michael-kelly-gets-one-year-in-prison,405571"
1313993227,20260717,202607,2026,2026.5397,USA,UNITED STATES,USA,,,,,,,,,,,,,,,,,,1,190,190,19,4,-10.0,4,1,4,-6.17977528089889,3,"Dallas, Texas, United States",US,USTX,TX113,32.7831,-96.8067,1380944,0,,,,,,,,3,"Dallas, Texas, United States",US,USTX,TX113,32.7831,-96.8067,1380944,20260717011500,https://www.nbcdfw.com/news/local/tanner-horners-defense-says-media-attention-prevented-a-fair-trial-in-murder-case/4050727/
1313993228,20260717,202607,2026,2026.5397,USA,UNITED STATES,USA,,,,,,,,,,,,,,,,,,1,193,193,19,4,-10.0,2,1,2,2.22222222222222,3,"Hollywood, California, United States",US,USCA,CA037,34.0983,-118.327,1660757,0,,,,,,,,3,"Hollywood, California, United States",US,USCA,CA037,34.0983,-118.327,1660757,20260717011500,https://www.sandiegouniontribune.com/2026/07/16/fleet-science-center-among-theaters-with-imax-screens-showing-the-odyssey/
1313993229,20260717,202607,2026,2026.5397,USA,MAINE,USA,,,,,,,,,,,,,,,,,,1,193,193,19,4,-10.0,16,2,16,-3.4238546449155,3,"Phoenix, Arizona, United States",US,USAZ,AZ013,33.4484,-112.074,44784,0,,,,,,,,3,"Phoenix, Arizona, United States",US,USAZ,AZ013,33.4484,-112.074,44784,20260717011500,https://www.yahoo.com/news/politics/articles/maine-shooting-officers-background-raise-004001070.html
1313993230,20260717,202607,2026,2026.5397,USA,UNITED STATES,USA,,,,,,,,BUS,BUSINESS,,,,,,BUS,,,1,010,010,01,1,0.0,4,1,4,1.77215189873418,1,United States,US,US,,39.828175,-98.5795,US,1,United States,US,US,,39.828175,-98.5795,US,1,United States,US,US,,39.828175,-98.5795,US,20260717011500,https://www.foreignpolicyjournal.com/2026/07/16/canaccord-genuity-sees-195-upside-in-nuscale-power-nyse-smr-despite-40-year-to-date-decline/
1313993231,20260717,202607,2026,2026.5397,USA,UNITED STATES,USA,,,,,,,,BUS,BUSINESS,,,,,,BUS,,,1,051,051,05,1,3.4,2,1,2,1.77215189873418,1,Romania,RO,RO,,46,25,RO,1,Romania,RO,RO,,46,25,RO,1,Romania,RO,RO,,46,25,RO,20260717011500,https://www.foreignpolicyjournal.com/2026/07/16/canaccord-genuity-sees-195-upside-in-nuscale-power-nyse-smr-despite-40-year-to-date-decline/
1313993232,20260717,202607,2026,2026.5397,USA,UNITED STATES,USA,,,,,,,,BUS,BUSINESS,,,,,,BUS,,,1,051,051,05,1,3.4,2,1,2,1.77215189873418,1,United States,US,US,,39.828175,-98.5795,US,1,United States,US,US,,39.828175,-98.5795,US,1,United States,US,US,,39.828175,-98.5795,US,20260717011500,https://www.foreignpolicyjournal.com/2026/07/16/canaccord-genuity-sees-195-upside-in-nuscale-power-nyse-smr-despite-40-year-to-date-decline/
1313993233,20260717,202607,2026,2026.5397,USA,CHICAGO,USA,,,,,,,,BUS,COMPANY,,,,,,BUS,,,1,190,190,19,4,-10.0,10,1,10,-1.26582278481012,3,"Chicago, Illinois, United States",US,USIL,IL031,41.85,-87.6501,423587,3,"Chicago, Illinois, United States",US,USIL,IL031,41.85,-87.6501,423587,3,"Chicago, Illinois, United States",US,USIL,IL031,41.85,-87.6501,423587,20260717011500,https://www.tvguide.co.uk/schedule/85ba9203-edc4-52c7-a376-53df5571982c/the-boss-baby-back-in-business
1313993234,20260717,202607,2026,2026.5397,USA,TENNESSEE,USA,,,,,,,,CAN,CANADA,CAN,,,,,,,,1,042,042,04,1,1.9,1,1,1,-2.0997375328084,1,Canada,CA,CA,,60,-96,CA,1,Canada,CA,CA,,60,-96,CA,1,Canada,CA,CA,,60,-96,CA,20260717011500,https://chicago.suntimes.com/news/2026/07/16/photos-chicago-poor-air-quality-alert
1313993235,20260717,202607,2026,2026.5397,USA,TENNESSEE,USA,,,,,,,,CAN,CANADA,CAN,,,,,,,,1,042,042,04,1,1.9,4,1,4,-2.0997375328084,2,"Tennessee, United States",US,USTN,,35.7449,-86.7489,TN,1,Canada,CA,CA,,60,-96,CA,2,"Tennessee, United States",US,USTN,,35.7449,-86.7489,TN,20260717011500,https://chicago.suntimes.com/news/2026/07/16/photos-chicago-poor-air-quality-alert
1313993236,20260717,202607,2026,2026.5397,USA,UNITED STATES,USA,,,,,,,,CHRPRO332,CHRISTIAN CHURCH,,,,CHR,PRO,,,,1,036,036,03,1,4.0,4,1,4,8.78048780487805,3,"Avoca, Tennessee, United States",US,USTN,TN163,36.5318,-82.2462,1327481,3,"Avoca, Tennessee, United States",US,USTN,TN163,36.5318,-82.2462,1327481,3,"Avoca, Tennessee, United States",US,USTN,TN163,36.5318,-82.2462,1327481,20260717011500,https://wcyb.com/news/local/summer-concert-series-continues-with-night-of-christian-music-in-bristol
1313993237,20260717,202607,2026,2026.5397,USA,UNITED STATES,USA,,,,,,,,COP,PRISON,,,,,,COP,,,1,173,173,17,4,-5.0,24,1,8,-8.50111856823266,3,"Richland County, South Carolina, United States",US,USSC,SC079,34.0168,-80.9165,1249299,3,"Richland County, South Carolina, United States",US,USSC,,34.0168,-80.9165,1249299,3,"Richland County, South Carolina, United States",US,USSC,,34.0168,-80.9165,1249299,20260717011500,https://www.abccolumbia.com/2026/07/16/richland-county-man-sentenced-to-9-years-in-prison-for-hate-crime/
1313993238,20260717,202607,2026,2026.5397,USA,UNITED STATES,USA,,,,,,,,COP,PRISON,,,,,,COP,,,0,173,173,17,4,-5.0,4,1,4,-10.5263157894736,3,"New Boston, Texas, United States",US,USTX,TX037,33.4598,-94.4155,1363692,3,"New Boston, Texas, United States",US,USTX,,33.4598,-94.4155,1363692,3,"New Boston, Texas, United States",US,USTX,,33.4598,-94.4155,1363692,20260717011500,https://txktoday.com/crime/man-accused-of-threatening-to-kill-ex-filming-her-without-consent/
1313993239,20260717,202607,2026,2026.5397,USA,UNITED STATES,USA,,,,,,,,COP,PRISON,,,,,,COP,,,1,193,193,19,4,-10.0,8,1,8,-8.50111856823266,3,"Richland County, South Carolina, United States",US,USSC,SC079,34.0168,-80.9165,1249299,3,"Richland County, South Carolina, United States",US,USSC,,34.0168,-80.9165,1249299,3,"Richland County, South Carolina, United States",US,USSC,,34.0168,-80.9165,1249299,20260717011500,https://www.abccolumbia.com/2026/07/16/richland-county-man-sentenced-to-9-years-in-prison-for-hate-crime/
1313993240,20260717,202607,2026,2026.5397,USA,UNITED STATES,USA,,,,,,,,CUB,CUBA,CUB,,,,,,,,0,084,084,08,2,7.0,4,1,4,-7.12643678160919,2,"Florida, United States",US,USFL,,27.8333,-81.717,FL,1,Cuba,CU,CU,,22,-79.5,CU,1,Cuba,CU,CU,,22,-79.5,CU,20260717011500,https://www.winknews.com/news/lee/fort-myers-federal-judge-faces-impeachment-effort-after-ordering-release-of-convicted-plane-hijacker/article_5e75d303-f8f4-473f-a092-81e9a74061d8.html
1313993241,20260717,202607,2026,2026.5397,USA,UNITED STATES,USA,,,,,,,,CVL,COMMUNITY,,,,,,CVL,,,1,010,010,01,1,0.0,4,1,4,1.44181256436664,3,"Collinsville High School, Texas, United States",US,USTX,TX181,33.5596,-96.9039,2005596,3,"Collinsville High School, Texas, United States",US,USTX,,33.5596,-96.9039,2005596,3,"Collinsville High School, Texas, United States",US,USTX,,33.5596,-96.9039,2005596,20260717011500,https://www.stlamerican.com/arts-and-entertainment/living-it-arts-and-entertainment/a-hero-built-from-scratch/
1313993242,20260717,202607,2026,2026.5397,USA,UNITED STATES,USA,,,,,,,,CVL,CIVILIAN,,,,,,CVL,,,1,010,010,01,1,0.0,1,1,1,-6.01503759398496,2,"Texas, United States",US,USTX,,31.106,-97.6475,TX,3,"Bell County, Texas, United States",US,USTX,,31.0502,-97.4669,1383799,3,"Bell County, Texas, United States",US,USTX,,31.0502,-97.4669,1383799,20260717011500,https://www.kalb.com/2026/07/15/update-murder-suspect-is-us-army-soldier-fort-hood/
1313993243,20260717,202607,2026,2026.5397,USA,UNITED STATES,USA,,,,,,,,CVL,CIVILIAN,,,,,,CVL,,,1,010,010,01,1,0.0,1,1,1,-6.01503759398496,2,"Texas, United States",US,USTX,,31.106,-97.6475,TX,3,"Bell County, Texas, United States",US,USTX,,31.0502,-97.4669,1383799,2,"Texas, United States",US,USTX,,31.106,-97.6475,TX,20260717011500,https://www.kalb.com/2026/07/15/update-murder-suspect-is-us-army-soldier-fort-hood/
1313993244,20260717,202607,2026,2026.5397,USA,MONTANA,USA,,,,,,,,CVL,POPULATION,,,,,,CVL,,,1,051,051,05,1,3.4,2,1,2,-1.64576802507837,3,"Choteau, Montana, United States",US,USMT,MT099,47.8125,-112.184,800592,2,"Idaho, United States",US,USID,,44.2394,-114.51,ID,3,"Lewistown, Montana, United States",US,USMT,MT027,47.0625,-109.428,798996,20260717011500,"http://www.chronline.com/stories/feds-propose-rule-shifting-management-of-grizzly-bears-toward-states,405569"
1313993245,20260717,202607,2026,2026.5397,USA,UNITED STATES,USA,,,,,,,,CVL,COMMUNITY,,,,,,CVL,,,1,051,051,05,1,3.4,4,1,4,8.1967213114754,2,"Idaho, United States",US,USID,,44.2394,-114.51,ID,2,"Idaho, United States",US,USID,,44.2394,-114.51,ID,2,"Idaho, United States",US,USID,,44.2394,-114.51,ID,20260717011500,http://www.idahostatejournal.com/opinion/opinion-miles-of-memories-continue-thank-you-for-supporting-the-portneuf-greenway/article_7dd80500-c84f-49e7-ac6f-badc0ca7e1a5.html
1313993246,20260717,202607,2026,2026.5397,USA,MONTANA,USA,,,,,,,,CVL,POPULATION,,,,,,CVL,,,1,051,051,05,1,3.4,2,1,2,-1.64576802507837,2,"Montana, United States",US,USMT,,46.9048,-110.326,MT,2,"Idaho, United States",US,USID,,44.2394,-114.51,ID,2,"Idaho, United States",US,USID,,44.2394,-114.51,ID,20260717011500,"http://www.chronline.com/stories/feds-propose-rule-shifting-management-of-grizzly-bears-toward-states,405569"
1313993247,20260717,202607,2026,2026.5397,USA,WYOMING,USA,,,,,,,,CVL,POPULATION,,,,,,CVL,,,1,051,051,05,1,3.4,5,1,5,-1.64576802507837,2,"Montana, United States",US,USMT,,46.9048,-110.326,MT,2,"Montana, United States",US,USMT,,46.9048,-110.326,MT,2,"Montana, United States",US,USMT,,46.9048,-110.326,MT,20260717011500,"http://www.chronline.com/stories/feds-propose-rule-shifting-management-of-grizzly-bears-toward-states,405569"
1313993248,20260717,202607,2026,2026.5397,USA,UNITED STATES,USA,,,,,,,,CVL,VOTER,,,,,,CVL,,,0,071,071,07,2,7.4,1,1,1,0.10600706713781,2,"Kansas, United States",US,USKS,,38.5111,-96.8005,KS,3,"Maryville, Missouri, United States",US,USMO,MO147,40.3461,-94.8725,721948,2,"Kansas, United States",US,USKS,,38.5111,-96.8005,KS,20260717011500,"http://www.kirksvilledailyexpress.com/stories/farm-backing-trump-loyalty-shape-gop-race-to-replace-sam-graves-in-missouris-6th-district,31759"
1313993249,20260717,202607,2026,2026.5397,USA,UNITED STATES,USA,,,,,,,,CVL,COMMUNITY,,,,,,CVL,,,0,100,100,10,3,-5.0,4,1,4,1.62432319866723,3,"Carson City, Nevada, United States",US,USNV,NV510,39.1638,-119.767,863976,3,"Carson City, Nevada, United States",US,USNV,,39.1638,-119.767,863976,3,"Carson City, Nevada, United States",US,USNV,,39.1638,-119.767,863976,20260717011500,https://www.carsonnow.org/07/16/2026/supervisors-vote-to-disband-carson-city-cultural-commission-citing-lack-of-community-engagement
1313993250,20260717,202607,2026,2026.5397,USA,OKLAHOMA CITY,USA,,,,,,,,CVL,SETTLEMENT,,,,,,CVL,,,1,128,128,12,3,-5.0,14,1,10,-10.9375,2,"Oklahoma, United States",US,USOK,,35.5376,-96.9247,OK,2,"Oklahoma, United States",US,USOK,,35.5376,-96.9247,OK,2,"Oklahoma, United States",US,USOK,,35.5376,-96.9247,OK,20260717011500,https://www.kswo.com/2026/07/16/drummond-announces-settlement-reached-with-23andme-over-2023-data-breach/
1313993251,20260717,202607,2026,2026.5397,USA,UNITED STATES,USA,,,,,,,,CVL,VOTER,,,,,,CVL,,,0,129,129,12,3,-5.0,4,1,4,-2.49433106575964,2,"Kansas, United States",US,USKS,,38.5111,-96.8005,KS,2,"Kansas, United States",US,USKS,,38.5111,-96.8005,KS,2,"Kansas, United States",US,USKS,,38.5111,-96.8005,KS,20260717011500,https://hayspost.com/posts/7d0fe720-d9ec-43e1-a0ec-e0643e978c04
1313993252,20260717,202607,2026,2026.5397,USA,UNITED STATES,USA,,,,,,,,CVL,COMMUNITY,,,,,,CVL,,,1,160,160,16,4,-4.0,8,1,8,1.62432319866723,3,"Carson City, Nevada, United States",US,USNV,NV510,39.1638,-119.767,863976,3,"Carson City, Nevada, United States",US,USNV,,39.1638,-119.767,863976,3,"Carson City, Nevada, United States",US,USNV,,39.1638,-119.767,863976,20260717011500,https://www.carsonnow.org/07/16/2026/supervisors-vote-to-disband-carson-city-cultural-commission-citing-lack-of-community-engagement
1313993253,20260717,202607,2026,2026.5397,USA,UNITED STATES,USA,,,,,,,,EDU,SCHOOL,,,,,,EDU,,,1,010,010,01,1,0.0,4,1,4,-6.8273092369478,3,"Fort Worth, Texas, United States",US,USTX,TX439,32.7254,-97.3208,1380947,3,"Fort Worth, Texas, United States",US,USTX,,32.7254,-97.3208,1380947,3,"Fort Worth, Texas, United States",US,USTX,,32.7254,-97.3208,1380947,20260717011500,https://www.mirror.co.uk/news/us-news/dentist-charged-over-girls-death-37442292
1313993254,20260717,202607,2026,2026.5397,USA,UNITED STATES,USA,,,,,,,,EDU,PROFESSOR,,,,,,EDU,,,0,0231,023,02,1,3.4,2,1,2,1.33647798742138,3,"Greenville, South Carolina, United States",US,USSC,SC045,34.8526,-82.394,1245842,2,"South Carolina, United States",US,USSC,,33.8191,-80.9066,SC,3,"Greenville, South Carolina, United States",US,USSC,SC045,34.8526,-82.394,1245842,20260717011500,https://www.wyff4.com/article/lindsey-graham-unspent-campaign-money-special-primary/72750764
1313993255,20260717,202607,2026,2026.5397,USA,NORTH DAKOTA,USA,,,,,,,,EDU,UNIVERSITY,,,,,,EDU,,,1,036,036,03,1,4.0,10,1,10,3.7914691943128,2,"North Dakota, United States",US,USND,,47.5362,-99.793,ND,2,"North Dakota, United States",US,USND,,47.5362,-99.793,ND,2,"North Dakota, United States",US,USND,,47.5362,-99.793,ND,20260717011500,https://www.tsln.com/news/ndsu-bison-strides-to-host-horse-powered-reading-camps-in-august/
1313993256,20260717,202607,2026,2026.5397,USA,UNITED STATES,USA,,,,,,,,EDU,SCHOOL,,,,,,EDU,,,1,040,040,04,1,1.0,2,1,2,-3.57781753130591,3,"Washington, District of Columbia, United States",US,USDC,DC001,38.8951,-77.0364,531871,3,"Washington, District of Columbia, United States",US,USDC,DC001,38.8951,-77.0364,531871,3,"Washington, District of Columbia, United States",US,USDC,DC001,38.8951,-77.0364,531871,20260717011500,https://thecatholicherald.com/article/jd-vance-and-joe-rogan-discuss-aliens-angels-and-demons
1313993257,20260717,202607,2026,2026.5397,USA,UNITED STATES,USA,,,,,,,,EDU,SCHOOL,,,,,,EDU,,,0,040,040,04,1,1.0,2,1,2,1.57828282828283,2,"Illinois, United States",US,USIL,,40.3363,-89.0022,IL,2,"Illinois, United States",US,USIL,,40.3363,-89.0022,IL,2,"Illinois, United States",US,USIL,,40.3363,-89.0022,IL,20260717011500,https://chicago.suntimes.com/chicago-school-board/2026/07/16/spending-in-chicago-school-board-election-exceeds-1-6-million-as-limits-lift-in-race-for-board-president
1313993258,20260717,202607,2026,2026.5397,USA,TEXAS,USA,,,,,,,,EGY,EGYPT,EGY,,,,,,,,0,173,173,17,4,-5.0,2,1,2,-6.01503759398496,4,"Alexandria, Al Iskandariyah, Egypt",EG,EG06,61590,31.1981,29.9192,-290263,4,"Alexandria, Al Iskandariyah, Egypt",EG,EG06,61590,31.1981,29.9192,-290263,4,"Alexandria, Al Iskandariyah, Egypt",EG,EG06,61590,31.1981,29.9192,-290263,20260717011500,https://www.kalb.com/2026/07/15/update-murder-suspect-is-us-army-soldier-fort-hood/
1313993259,20260717,202607,2026,2026.5397,USA,TEXAS,USA,,,,,,,,EGY,EGYPT,EGY,,,,,,,,0,173,173,17,4,-5.0,2,1,2,-6.01503759398496,2,"Texas, United States",US,USTX,,31.106,-97.6475,TX,4,"Alexandria, Al Iskandariyah, Egypt",EG,EG06,61590,31.1981,29.9192,-290263,2,"Texas, United States",US,USTX,,31.106,-97.6475,TX,20260717011500,https://www.kalb.com/2026/07/15/update-murder-suspect-is-us-army-soldier-fort-hood/
1313993260,20260717,202607,2026,2026.5397,USA,WASHINGTON,USA,,,,,,,,GOV,PRESIDENT,,,,,,GOV,,,1,010,010,01,1,0.0,1,1,1,-1.60513643659711,3,"Georgetown University, District of Columbia, United States",US,USDC,DC001,38.9073,-77.0726,531568,3,"Georgetown University, District of Columbia, United States",US,USDC,,38.9073,-77.0726,531568,3,"Georgetown University, District of Columbia, United States",US,USDC,,38.9073,-77.0726,531568,20260717011500,https://www.yahoo.com/news/articles/trumps-championing-debunked-vote-conspiracies-234409086.html
1313993261,20260717,202607,2026,2026.5397,USA,UNITED STATES,USA,,,,,,,,GOV,PRESIDENT,,,,,,GOV,,,0,010,010,01,1,0.0,2,1,2,-3.59183673469388,3,"Washington, District of Columbia, United States",US,USDC,DC001,38.8951,-77.0364,531871,4,"Tehran, Tehran, Iran",IR,IR26,41130,35.75,51.5148,10074674,3,"Washington, District of Columbia, United States",US,USDC,DC001,38.8951,-77.0364,531871,20260717011500,https://www.yahoo.com/news/politics/articles/5-things-watch-trumps-primetime-185428766.html
1313993262,20260717,202607,2026,2026.5397,USA,MISSOURI,USA,,,,,,,,GOV,PRESIDENT,,,,,,GOV,,,1,010,010,01,1,0.0,2,1,2,0.10600706713781,1,China,CH,CH,,35,105,CH,3,"Maryville, Missouri, United States",US,USMO,MO147,40.3461,-94.8725,721948,3,"Maryville, Missouri, United States",US,USMO,MO147,40.3461,-94.8725,721948,20260717011500,"http://www.kirksvilledailyexpress.com/stories/farm-backing-trump-loyalty-shape-gop-race-to-replace-sam-graves-in-missouris-6th-district,31759"
1313993263,20260717,202607,2026,2026.5397,USA,MISSOURI,USA,,,,,,,,GOV,PRESIDENT,,,,,,GOV,,,1,010,010,01,1,0.0,6,1,6,0.10600706713781,1,China,CH,CH,,35,105,CH,1,China,CH,CH,,35,105,CH,1,China,CH,CH,,35,105,CH,20260717011500,"http://www.kirksvilledailyexpress.com/stories/farm-backing-trump-loyalty-shape-gop-race-to-replace-sam-graves-in-missouris-6th-district,31759"
1313993264,20260717,202607,2026,2026.5397,USA,UNITED STATES,USA,,,,,,,,GOV,PRESIDENT,,,,,,GOV,,,1,010,010,01,1,0.0,2,1,2,-0.28901734104046,1,United States,US,US,,39.828175,-98.5795,US,1,United States,US,US,,39.828175,-98.5795,US,1,United States,US,US,,39.828175,-98.5795,US,20260717011500,https://economictimes.indiatimes.com/news/newsblogs/breaking-news-live-updates-trump-live-address-news-updates-india-weather-trump-tariffs-trump-on-india-sonam-wangchuk-breaking-news-today-supreme-court-rahul-gandhi-pm-modi-tmc/liveblog/132450316.cms
1313993265,20260717,202607,2026,2026.5397,USA,UNITED STATES,USA,,,,,,,,GOV,ADMINISTRATION,,,,,,GOV,,,0,012,012,01,1,-0.4,2,1,2,-3.80577427821522,3,"Capitol Hill, District of Columbia, United States",US,USDC,DC001,38.889,-77.0003,529313,3,"Capitol Hill, District of Columbia, United States",US,USDC,,38.889,-77.0003,529313,3,"Capitol Hill, District of Columbia, United States",US,USDC,,38.889,-77.0003,529313,20260717011500,https://www.boston.com/news/politics/2026/07/16/blanche-to-meet-with-epstein-accusers-after-demand-from-republican-senator-crucial-to-confirmation/
1313993266,20260717,202607,2026,2026.5397,USA,UNITED STATES,USA,,,,,,,,GOV,PRESIDENT,,,,,,GOV,,,1,013,013,01,1,0.4,2,1,2,1.18577075098815,3,"San Diego, California, United States",US,USCA,CA073,32.7153,-117.157,1661377,3,"San Diego, California, United States",US,USCA,,32.7153,-117.157,1661377,3,"San Diego, California, United States",US,USCA,,32.7153,-117.157,1661377,20260717011500,https://www.sandiegouniontribune.com/2026/07/16/54-horses-are-the-last-of-the-rescued-animals-to-leave-troubled-julian-sanctuary/
1313993267,20260717,202607,2026,2026.5397,USA,UNITED STATES,USA,,,,,,,,GOV,GOVERNOR,,,,,,GOV,,,1,040,040,04,1,1.0,8,1,8,-0.43668122270743,3,"Jefferson County, Missouri, United States",US,USMO,MO099,38.2667,-90.5835,758504,3,"Jefferson County, Missouri, United States",US,USMO,,38.2667,-90.5835,758504,3,"Jefferson County, Missouri, United States",US,USMO,,38.2667,-90.5835,758504,20260717011500,https://www.mymoinfo.com/governor-signs-controversial-annexation-bill-puts-jefferson-county-cities-at-odds-against-county-7-16-2026/
1313993268,20260717,202607,2026,2026.5397,USA,UNITED STATES,USA,,,,,,,,GOV,SECRETARY OF STATE,,,,,,GOV,,,1,040,040,04,1,1.0,1,1,1,-3.71352785145889,1,Jordan,JO,JO,,31,36,JO,1,Jordan,JO,JO,,31,36,JO,1,Jordan,JO,JO,,31,36,JO,20260717011500,https://www.bangordailynews.com/2026/07/16/politics/elections/maine-democrats-1st-senate-debate/
1313993269,20260717,202607,2026,2026.5397,USA,MAINE,USA,,,,,,,,GOV,SECRETARY OF STATE,,,,,,GOV,,,1,040,040,04,1,1.0,7,1,7,-3.71352785145889,2,"Maine, United States",US,USME,,44.6074,-69.3977,ME,1,Jordan,JO,JO,,31,36,JO,2,"Maine, United States",US,USME,,44.6074,-69.3977,ME,20260717011500,https://www.bangordailynews.com/2026/07/16/politics/elections/maine-democrats-1st-senate-debate/
1313993270,20260717,202607,2026,2026.5397,USA,UNITED STATES,USA,,,,,,,,GOV,GOVERNOR,,,,,,GOV,,,1,046,046,04,1,7.0,8,1,8,-0.43668122270743,3,"Jefferson County, Missouri, United States",US,USMO,MO099,38.2667,-90.5835,758504,3,"Jefferson County, Missouri, United States",US,USMO,,38.2667,-90.5835,758504,3,"Jefferson County, Missouri, United States",US,USMO,,38.2667,-90.5835,758504,20260717011500,https://www.mymoinfo.com/governor-signs-controversial-annexation-bill-puts-jefferson-county-cities-at-odds-against-county-7-16-2026/
1313993271,20260717,202607,2026,2026.5397,USA,JERSEY,USA,,,,,,,,GOV,MAYOR,,,,,,GOV,,,1,046,046,04,1,7.0,3,1,3,0.84745762711865,1,Jersey,JE,JE,,49.216667,-2.116667,JE,1,Jersey,JE,JE,,49.216667,-2.116667,JE,1,Jersey,JE,JE,,49.216667,-2.116667,JE,20260717011500,https://www.spartaindependent.com/news/local-news/former-political-rivals-reunite-to-honor-michael-larose-CC6037523
1313993272,20260717,202607,2026,2026.5397,USA,KANSAS,USA,,,,,,,,GOV,STATE LEADER,,,,,,GOV,,,1,050,050,05,1,3.5,2,1,2,-2.16450216450216,2,"Kansas, United States",US,USKS,,38.5111,-96.8005,KS,2,"Kansas, United States",US,USKS,,38.5111,-96.8005,KS,2,"Kansas, United States",US,USKS,,38.5111,-96.8005,KS,20260717011500,https://www.wibw.com/2026/07/16/kansas-judge-temporarily-reinstates-mail-ballot-grace-period-state-leaders-file-appeals/
1313993273,20260717,202607,2026,2026.5397,USA,UNITED STATES,USA,,,,,,,,GOV,ADMINISTRATION,,,,,,GOV,,,0,051,051,05,1,3.4,2,1,2,-3.80577427821522,3,"Capitol Hill, District of Columbia, United States",US,USDC,DC001,38.889,-77.0003,529313,3,"Capitol Hill, District of Columbia, United States",US,USDC,,38.889,-77.0003,529313,3,"Capitol Hill, District of Columbia, United States",US,USDC,,38.889,-77.0003,529313,20260717011500,https://www.boston.com/news/politics/2026/07/16/blanche-to-meet-with-epstein-accusers-after-demand-from-republican-senator-crucial-to-confirmation/
1313993274,20260717,202607,2026,2026.5397,USA,UNITED STATES,USA,,,,,,,,GOV,PRESIDENT,,,,,,GOV,,,1,051,051,05,1,3.4,3,1,3,0.10600706713781,3,"Maryville, Missouri, United States",US,USMO,MO147,40.3461,-94.8725,721948,2,"Missouri, United States",US,USMO,,38.4623,-92.302,MO,2,"Missouri, United States",US,USMO,,38.4623,-92.302,MO,20260717011500,"http://www.kirksvilledailyexpress.com/stories/farm-backing-trump-loyalty-shape-gop-race-to-replace-sam-graves-in-missouris-6th-district,31759"
1313993275,20260717,202607,2026,2026.5397,USA,MISSOURI,USA,,,,,,,,GOV,PRESIDENT,,,,,,GOV,,,1,051,051,05,1,3.4,5,1,5,0.10600706713781,2,"Missouri, United States",US,USMO,,38.4623,-92.302,MO,2,"Missouri, United States",US,USMO,,38.4623,-92.302,MO,2,"Missouri, United States",US,USMO,,38.4623,-92.302,MO,20260717011500,"http://www.kirksvilledailyexpress.com/stories/farm-backing-trump-loyalty-shape-gop-race-to-replace-sam-graves-in-missouris-6th-district,31759"
1313993276,20260717,202607,2026,2026.5397,USA,UNITED STATES,USA,,,,,,,,GOV,PRESIDENT,,,,,,GOV,,,0,100,100,10,3,-5.0,2,1,2,-3.71352785145889,2,"Maine, United States",US,USME,,44.6074,-69.3977,ME,1,Venezuela,VE,VE,,8,-66,VE,2,"Maine, United States",US,USME,,44.6074,-69.3977,ME,20260717011500,https://www.bangordailynews.com/2026/07/16/politics/elections/maine-democrats-1st-senate-debate/
1313993277,20260717,202607,2026,2026.5397,USA,UNITED STATES,USA,,,,,,,,GOV,ADMINISTRATION,,,,,,GOV,,,0,110,110,11,3,-2.0,1,1,1,-3.80577427821522,3,"Capitol Hill, District of Columbia, United States",US,USDC,DC001,38.889,-77.0003,529313,3,"Capitol Hill, District of Columbia, United States",US,USDC,,38.889,-77.0003,529313,3,"Capitol Hill, District of Columbia, United States",US,USDC,,38.889,-77.0003,529313,20260717011500,https://www.boston.com/news/politics/2026/07/16/blanche-to-meet-with-epstein-accusers-after-demand-from-republican-senator-crucial-to-confirmation/
1313993278,20260717,202607,2026,2026.5397,USA,UNITED STATES,USA,,,,,,,,GOV,AUTHORITIES,,,,,,GOV,,,1,172,172,17,4,-5.0,2,1,2,-4.55927051671732,3,"Fort Worth, Texas, United States",US,USTX,TX439,32.7254,-97.3208,1380947,2,"Texas, United States",US,USTX,,31.106,-97.6475,TX,3,"Fort Worth, Texas, United States",US,USTX,,32.7254,-97.3208,1380947,20260717011500,https://abc7.com/post/dentist-chrishelle-hemphill-accused-giving-4yearold-lethal-doses-meperidine-demerol-sedatives-texas-police-say/19520152/
1313993279,20260717,202607,2026,2026.5397,USA,UNITED STATES,USA,,,,,,,,GOV,AUTHORITIES,,,,,,GOV,,,1,172,172,17,4,-5.0,4,1,4,-4.55927051671732,2,"Texas, United States",US,USTX,,31.106,-97.6475,TX,2,"Texas, United States",US,USTX,,31.106,-97.6475,TX,2,"Texas, United States",US,USTX,,31.106,-97.6475,TX,20260717011500,https://abc7.com/post/dentist-chrishelle-hemphill-accused-giving-4yearold-lethal-doses-meperidine-demerol-sedatives-texas-police-say/19520152/
1313993280,20260717,202607,2026,2026.5397,USA,UNITED STATES,USA,,,,,,,,GOV,GOVERNOR,,,,,,GOV,,,1,173,173,17,4,-5.0,5,1,5,1.2326656394453,1,United States,US,US,,39.828175,-98.5795,US,1,United States,US,US,,39.828175,-98.5795,US,1,United States,US,US,,39.828175,-98.5795,US,20260717011500,https://www.renewableenergyworld.com/power-grid/pjm-capacity-auction-easily-hits-price-cap-again/
1313993281,20260717,202607,2026,2026.5397,USA,UNITED STATES,USA,,,,,,,,GOVEDU,DEPARTMENT OF EDUCATION,,,,,,GOV,EDU,,0,051,051,05,1,3.4,2,1,2,0.10600706713781,2,"Kansas, United States",US,USKS,,38.5111,-96.8005,KS,3,"Department Of Education, District of Columbia, United States",US,USDC,,38.8862,-77.0183,530857,2,"Kansas, United States",US,USKS,,38.5111,-96.8005,KS,20260717011500,"http://www.kirksvilledailyexpress.com/stories/farm-backing-trump-loyalty-shape-gop-race-to-replace-sam-graves-in-missouris-6th-district,31759"
1313993282,20260717,202607,2026,2026.5397,USA,UNITED STATES,USA,,,,,,,,GOVEDU,DEPARTMENT OF EDUCATION,,,,,,GOV,EDU,,0,051,051,05,1,3.4,2,1,2,0.10600706713781,2,"Kansas, United States",US,USKS,,38.5111,-96.8005,KS,2,"Kansas, United States",US,USKS,,38.5111,-96.8005,KS,2,"Kansas, United States",US,USKS,,38.5111,-96.8005,KS,20260717011500,"http://www.kirksvilledailyexpress.com/stories/farm-backing-trump-loyalty-shape-gop-race-to-replace-sam-graves-in-missouris-6th-district,31759"
1313993283,20260717,202607,2026,2026.5397,USA,UNITED STATES,USA,,,,,,,,HLH,PHYSICIAN,,,,,,HLH,,,0,110,110,11,3,-2.0,2,1,2,1.90476190476191,3,"White House, District of Columbia, United States",US,USDC,,38.8951,-77.0364,531871,3,"White House, District of Columbia, United States",US,USDC,,38.8951,-77.0364,531871,3,"White House, District of Columbia, United States",US,USDC,,38.8951,-77.0364,531871,20260717011500,https://kffhealthnews.org/public-health/cdc-director-nominee-erica-schwartz-confirmation-hearing-vaccines-rfk-kennedy/
1313993284,20260717,202607,2026,2026.5397,USA,UNITED STATES,USA,,,,,,,,IRN,IRAN,IRN,,,,,,,,1,040,040,04,1,1.0,2,1,2,-3.79596678529063,2,"Texas, United States",US,USTX,,31.106,-97.6475,TX,1,Iran,IR,IR,,32,53,IR,2,"Texas, United States",US,USTX,,31.106,-97.6475,TX,20260717011500,https://www.abccolumbia.com/2026/07/16/house-republicans-95-billion-iran-war-package-clears-first-hurdle/
1313993285,20260717,202607,2026,2026.5397,USA,UNITED STATES,USA,,,,,,,,IRN,IRAN,IRN,,,,,,,,1,040,040,04,1,1.0,2,1,2,-3.79596678529063,2,"Texas, United States",US,USTX,,31.106,-97.6475,TX,2,"Texas, United States",US,USTX,,31.106,-97.6475,TX,2,"Texas, United States",US,USTX,,31.106,-97.6475,TX,20260717011500,https://www.abccolumbia.com/2026/07/16/house-republicans-95-billion-iran-war-package-clears-first-hurdle/
1313993286,20260717,202607,2026,2026.5397,USA,UNITED STATES,USA,,,,,,,,ISR,ISRAEL,ISR,,,,,,,,0,042,042,04,1,1.9,1,1,1,0.41194644696189,2,"California, United States",US,USCA,,36.17,-119.746,CA,1,Israel,IS,IS,,31.5,34.75,IS,1,Israel,IS,IS,,31.5,34.75,IS,20260717011500,https://www.sandiegouniontribune.com/2026/07/16/harris-newsom-khanna-californias-three-way-race-for-2028/
1313993287,20260717,202607,2026,2026.5397,USA,UNITED STATES,USA,,,,,,,,ISR,ISRAEL,ISR,,,,,,,,0,042,042,04,1,1.9,1,1,1,0.41194644696189,2,"California, United States",US,USCA,,36.17,-119.746,CA,2,"Michigan, United States",US,USMI,,43.3504,-84.5603,MI,2,"California, United States",US,USCA,,36.17,-119.746,CA,20260717011500,https://www.sandiegouniontribune.com/2026/07/16/harris-newsom-khanna-californias-three-way-race-for-2028/
1313993288,20260717,202607,2026,2026.5397,USA,UNITED STATES,USA,,,,,,,,ISR,ISRAEL,ISR,,,,,,,,0,042,042,04,1,1.9,1,1,1,0.41194644696189,1,Israel,IS,IS,,31.5,34.75,IS,2,"California, United States",US,USCA,,36.17,-119.746,CA,1,Israel,IS,IS,,31.5,34.75,IS,20260717011500,https://www.sandiegouniontribune.com/2026/07/16/harris-newsom-khanna-californias-three-way-race-for-2028/
1313993289,20260717,202607,2026,2026.5397,USA,UNITED STATES,USA,,,,,,,,ISRMIL,ISRAEL,ISR,,,,,MIL,,,1,110,110,11,3,-2.0,2,1,2,-3.22580645161291,4,"Tel Aviv, Tel Aviv, Israel",IS,IS05,18316,32.0667,34.7667,-781545,4,"Tel Aviv, Tel Aviv, Israel",IS,IS05,18316,32.0667,34.7667,-781545,3,"Washington, District of Columbia, United States",US,USDC,DC001,38.8951,-77.0364,531871,20260717011500,https://aa.com.tr/en/middle-east/israeli-army-setting-up-permanent-new-military-posts-in-southern-lebanon-report/4000876
1313993290,20260717,202607,2026,2026.5397,USA,WASHINGTON,USA,,,,,,,,ISRMIL,ISRAEL,ISR,,,,,MIL,,,1,110,110,11,3,-2.0,6,1,6,-3.22580645161291,3,"Washington, District of Columbia, United States",US,USDC,DC001,38.8951,-77.0364,531871,4,"Tel Aviv, Tel Aviv, Israel",IS,IS05,18316,32.0667,34.7667,-781545,4,"Tel Aviv, Tel Aviv, Israel",IS,IS05,18316,32.0667,34.7667,-781545,20260717011500,https://aa.com.tr/en/middle-east/israeli-army-setting-up-permanent-new-military-posts-in-southern-lebanon-report/4000876
1313993291,20260717,202607,2026,2026.5397,USA,WASHINGTON,USA,,,,,,,,ISRMIL,ISRAEL,ISR,,,,,MIL,,,1,110,110,11,3,-2.0,2,1,2,-3.22580645161291,3,"Washington, District of Columbia, United States",US,USDC,DC001,38.8951,-77.0364,531871,4,"Tel Aviv, Tel Aviv, Israel",IS,IS05,18316,32.0667,34.7667,-781545,3,"Washington, District of Columbia, United States",US,USDC,DC001,38.8951,-77.0364,531871,20260717011500,https://aa.com.tr/en/middle-east/israeli-army-setting-up-permanent-new-military-posts-in-southern-lebanon-report/4000876
1313993292,20260717,202607,2026,2026.5397,USA,UNITED STATES,USA,,,,,,,,JUD,JUDGE,,,,,,JUD,,,0,010,010,01,1,0.0,4,1,4,-7.12643678160919,2,"Florida, United States",US,USFL,,27.8333,-81.717,FL,2,"Florida, United States",US,USFL,,27.8333,-81.717,FL,2,"Florida, United States",US,USFL,,27.8333,-81.717,FL,20260717011500,https://www.winknews.com/news/lee/fort-myers-federal-judge-faces-impeachment-effort-after-ordering-release-of-convicted-plane-hijacker/article_5e75d303-f8f4-473f-a092-81e9a74061d8.html
1313993293,20260717,202607,2026,2026.5397,USA,UNITED STATES,USA,,,,,,,,JUD,JUDGE,,,,,,JUD,,,1,013,013,01,1,0.4,2,1,2,-8.50111856823266,3,"Richland County, South Carolina, United States",US,USSC,SC079,34.0168,-80.9165,1249299,3,"Richland County, South Carolina, United States",US,USSC,,34.0168,-80.9165,1249299,3,"Richland County, South Carolina, United States",US,USSC,,34.0168,-80.9165,1249299,20260717011500,https://www.abccolumbia.com/2026/07/16/richland-county-man-sentenced-to-9-years-in-prison-for-hate-crime/
1313993294,20260717,202607,2026,2026.5397,USA,UNITED STATES,USA,,,,,,,,JUD,ATTORNEY,,,,,,JUD,,,1,020,020,02,1,3.0,2,1,2,-7.43243243243243,2,"Ohio, United States",US,USOH,,40.3736,-82.7755,OH,2,"Ohio, United States",US,USOH,,40.3736,-82.7755,OH,2,"Ohio, United States",US,USOH,,40.3736,-82.7755,OH,20260717011500,https://www.wcpo.com/news/local-news/in-your-community/clermont-county/monroe-township-man-to-serve-almost-2-months-in-jail-after-leaving-dogs-to-rot-in-cage
1313993295,20260717,202607,2026,2026.5397,USA,UNITED STATES,USA,,,,,,,,JUD,ATTORNEY,,,,,,JUD,,,0,040,040,04,1,1.0,2,1,2,-5.60271646859084,3,"Lewis County, Washington, United States",US,USWA,WA041,46.5832,-122.401,1531927,3,"Centralia, Washington, United States",US,USWA,WA041,46.7162,-122.954,1503899,3,"Centralia, Washington, United States",US,USWA,WA041,46.7162,-122.954,1503899,20260717011500,"http://www.chronline.com/stories/former-pud-commissioner-michael-kelly-gets-one-year-in-prison,405571"
1313993296,20260717,202607,2026,2026.5397,USA,UNITED STATES,USA,,,,,,,,JUD,LAWYER,,,,,,JUD,,,0,052,052,05,1,3.5,2,1,2,-6.44067796610169,3,"Cook County, Illinois, United States",US,USIL,IL031,41.8334,-87.8501,1784766,3,"Cook County, Illinois, United States",US,USIL,,41.8334,-87.8501,1784766,3,"Cook County, Illinois, United States",US,USIL,,41.8334,-87.8501,1784766,20260717011500,https://www.legalnewsline.com/pennsylvania-record/cook-county-record/court-oks-45m-verdict-in-talc-asbestos-case-including-unprecedented-30m-for-reduced-lifespan/article_0549069d-71de-4920-b753-0e27291b94fa.html
1313993297,20260717,202607,2026,2026.5397,USA,AMERICAN,USA,,,,,,,,KWT,KUWAIT,KWT,,,,,,,,0,051,051,05,1,3.4,2,1,2,-1.84426229508196,2,"Iowa, United States",US,USIA,,42.0046,-93.214,IA,1,Kuwait,KU,KU,,29.5,47.75,KU,1,Kuwait,KU,KU,,29.5,47.75,KU,20260717011500,https://cbs2iowa.com/news/local/iowa-born-soldier-injured-in-march-drone-strike-returns-home-to-recover
1313993298,20260717,202607,2026,2026.5397,USA,AMERICAN,USA,,,,,,,,KWT,KUWAIT,KWT,,,,,,,,0,051,051,05,1,3.4,2,1,2,-1.84426229508196,1,Kuwait,KU,KU,,29.5,47.75,KU,1,Kuwait,KU,KU,,29.5,47.75,KU,1,Kuwait,KU,KU,,29.5,47.75,KU,20260717011500,https://cbs2iowa.com/news/local/iowa-born-soldier-injured-in-march-drone-strike-returns-home-to-recover
1313993299,20260717,202607,2026,2026.5397,USA,UNITED STATES,USA,,,,,,,,LEG,SENATOR,,,,,,LEG,,,0,010,010,01,1,0.0,4,1,4,0.46728971962617,2,"Tennessee, United States",US,USTN,,35.7449,-86.7489,TN,2,"Tennessee, United States",US,USTN,,35.7449,-86.7489,TN,2,"Tennessee, United States",US,USTN,,35.7449,-86.7489,TN,20260717011500,https://wcyb.com/news/local/sunshine-protection-act-heads-to-senate-after-house-vote-on-permanent-daylight-saving-time
1313993300,20260717,202607,2026,2026.5397,USA,UNITED STATES,USA,,,,,,,,LEG,SENATOR,,,,,,LEG,,,1,013,013,01,1,0.4,2,1,2,1.90476190476191,3,"White House, District of Columbia, United States",US,USDC,,38.8951,-77.0364,531871,3,"White House, District of Columbia, United States",US,USDC,,38.8951,-77.0364,531871,3,"White House, District of Columbia, United States",US,USDC,,38.8951,-77.0364,531871,20260717011500,https://kffhealthnews.org/public-health/cdc-director-nominee-erica-schwartz-confirmation-hearing-vaccines-rfk-kennedy/
1313993301,20260717,202607,2026,2026.5397,USA,UNITED STATES,USA,,,,,,,,LEG,CONGRESS,,,,,,LEG,,,0,015,015,01,1,0.0,4,1,4,-1.51515151515152,2,"Kansas, United States",US,USKS,,38.5111,-96.8005,KS,2,"Kansas, United States",US,USKS,,38.5111,-96.8005,KS,2,"Kansas, United States",US,USKS,,38.5111,-96.8005,KS,20260717011500,https://www.wibw.com/2026/07/16/vfw-rallies-kansas-statehouse-against-proposed-veteran-benefit-cuts/
1313993302,20260717,202607,2026,2026.5397,USA,UNITED STATES,USA,,,,,,,,LEG,CONGRESS,,,,,,LEG,,,0,025,025,02,1,-0.3,4,1,4,-3.59183673469388,3,"Washington, District of Columbia, United States",US,USDC,DC001,38.8951,-77.0364,531871,3,"Washington, District of Columbia, United States",US,USDC,DC001,38.8951,-77.0364,531871,3,"Washington, District of Columbia, United States",US,USDC,DC001,38.8951,-77.0364,531871,20260717011500,https://www.yahoo.com/news/politics/articles/5-things-watch-trumps-primetime-185428766.html
1313993303,20260717,202607,2026,2026.5397,USA,UNITED STATES,USA,,,,,,,,LEGJUD,SENATE,,,,,,LEG,JUD,,1,046,046,04,1,7.0,4,1,4,-3.80577427821522,3,"Capitol Hill, District of Columbia, United States",US,USDC,DC001,38.889,-77.0003,529313,3,"Capitol Hill, District of Columbia, United States",US,USDC,,38.889,-77.0003,529313,3,"Capitol Hill, District of Columbia, United States",US,USDC,,38.889,-77.0003,529313,20260717011500,https://www.boston.com/news/politics/2026/07/16/blanche-to-meet-with-epstein-accusers-after-demand-from-republican-senator-crucial-to-confirmation/
1313993304,20260717,202607,2026,2026.5397,USA,WASHINGTON,USA,,,,,,,,LEGJUD,SENATE,,,,,,LEG,JUD,,1,046,046,04,1,7.0,6,1,6,-3.80577427821522,3,"Washington, District of Columbia, United States",US,USDC,DC001,38.8951,-77.0364,531871,3,"Capitol Hill, District of Columbia, United States",US,USDC,,38.889,-77.0003,529313,3,"Capitol Hill, District of Columbia, United States",US,USDC,,38.889,-77.0003,529313,20260717011500,https://www.boston.com/news/politics/2026/07/16/blanche-to-meet-with-epstein-accusers-after-demand-from-republican-senator-crucial-to-confirmation/
1313993305,20260717,202607,2026,2026.5397,USA,UNITED STATES,USA,,,,,,,,MDV,MALE,MDV,,,,,,,,1,112,112,11,3,-2.0,8,1,8,-8.98876404494382,2,"Illinois, United States",US,USIL,,40.3363,-89.0022,IL,2,"Illinois, United States",US,USIL,,40.3363,-89.0022,IL,2,"Illinois, United States",US,USIL,,40.3363,-89.0022,IL,20260717011500,https://www.mymoinfo.com/two-suspects-held-in-atm-skimming-scam/
1313993306,20260717,202607,2026,2026.5397,USA,UNITED STATES,USA,,,,,,,,MNCUSA,DISNEY,USA,,,,,MNC,,,0,036,036,03,1,4.0,2,1,2,7.29166666666666,3,"Anaheim Convention Center, California, United States",US,USCA,CA059,33.8014,-117.921,238600,3,"Anaheim Convention Center, California, United States",US,USCA,,33.8014,-117.921,238600,3,"Anaheim Convention Center, California, United States",US,USCA,,33.8014,-117.921,238600,20260717011500,https://www.laughingplace.com/disney-entertainment/d23-2026-show-floor-experiences-simpsons-movie-2/
1313993307,20260717,202607,2026,2026.5397,USA,UNITED STATES,USA,,,,,,,,MNCUSA,UNION PACIFIC,USA,,,,,MNC,,,1,036,036,03,1,4.0,8,1,8,4.51977401129944,3,"Topeka, Kansas, United States",US,USKS,KS177,39.0483,-95.678,485477,3,"Topeka, Kansas, United States",US,USKS,KS177,39.0483,-95.678,485477,3,"Topeka, Kansas, United States",US,USKS,KS177,39.0483,-95.678,485477,20260717011500,https://www.wibw.com/2026/07/16/legendary-big-boy-train-chugging-through-topeka-soon/
1313993308,20260717,202607,2026,2026.5397,USA,UNITED STATES,USA,,,,,,,,MNCUSA,UNION PACIFIC,USA,,,,,MNC,,,1,042,042,04,1,1.9,8,1,8,4.51977401129944,3,"Topeka, Kansas, United States",US,USKS,KS177,39.0483,-95.678,485477,3,"Topeka, Kansas, United States",US,USKS,KS177,39.0483,-95.678,485477,3,"Topeka, Kansas, United States",US,USKS,KS177,39.0483,-95.678,485477,20260717011500,https://www.wibw.com/2026/07/16/legendary-big-boy-train-chugging-through-topeka-soon/
1313993309,20260717,202607,2026,2026.5397,USA,ILLINOIS,USA,,,,,,,,PTY,PRESIDENTIAL CANDIDATE,,,,,,,,,0,014,014,01,1,0.0,2,1,2,1.57828282828283,2,"Illinois, United States",US,USIL,,40.3363,-89.0022,IL,2,"Illinois, United States",US,USIL,,40.3363,-89.0022,IL,2,"Illinois, United States",US,USIL,,40.3363,-89.0022,IL,20260717011500,https://chicago.suntimes.com/chicago-school-board/2026/07/16/spending-in-chicago-school-board-election-exceeds-1-6-million-as-limits-lift-in-race-for-board-president
1313993310,20260717,202607,2026,2026.5397,USA,ILLINOIS,USA,,,,,,,,PTY,PRESIDENTIAL CANDIDATE,,,,,,,,,0,051,051,05,1,3.4,2,1,2,1.57828282828283,2,"Illinois, United States",US,USIL,,40.3363,-89.0022,IL,2,"Illinois, United States",US,USIL,,40.3363,-89.0022,IL,2,"Illinois, United States",US,USIL,,40.3363,-89.0022,IL,20260717011500,https://chicago.suntimes.com/chicago-school-board/2026/07/16/spending-in-chicago-school-board-election-exceeds-1-6-million-as-limits-lift-in-race-for-board-president
1313993311,20260717,202607,2026,2026.5397,USA,UNITED STATES,USA,,,,,,,,PTY,POLITICIAN,,,,,,,,,0,051,051,05,1,3.4,2,1,2,0.10600706713781,2,"Missouri, United States",US,USMO,,38.4623,-92.302,MO,4,"Blake Hurst, New South Wales, Australia",AS,AS02,5086,-33.9833,151.1,39653,2,"Missouri, United States",US,USMO,,38.4623,-92.302,MO,20260717011500,"http://www.kirksvilledailyexpress.com/stories/farm-backing-trump-loyalty-shape-gop-race-to-replace-sam-graves-in-missouris-6th-district,31759"
1313993312,20260717,202607,2026,2026.5397,USA,UNITED STATES,USA,,,,,,,,PTY,POLITICIAN,,,,,,,,,0,051,051,05,1,3.4,2,1,2,0.10600706713781,2,"Missouri, United States",US,USMO,,38.4623,-92.302,MO,3,"Bowling Green, Missouri, United States",US,USMO,,39.342,-91.1951,714585,2,"Missouri, United States",US,USMO,,38.4623,-92.302,MO,20260717011500,"http://www.kirksvilledailyexpress.com/stories/farm-backing-trump-loyalty-shape-gop-race-to-replace-sam-graves-in-missouris-6th-district,31759"
1313993313,20260717,202607,2026,2026.5397,USA,UNITED STATES,USA,,,,,,,,SPY,INTELLIGENCE,,,,,,SPY,,,0,090,090,09,2,-2.0,4,1,4,-3.59183673469388,3,"Washington, District of Columbia, United States",US,USDC,DC001,38.8951,-77.0364,531871,3,"Washington, District of Columbia, United States",US,USDC,DC001,38.8951,-77.0364,531871,3,"Washington, District of Columbia, United States",US,USDC,DC001,38.8951,-77.0364,531871,20260717011500,https://www.yahoo.com/news/politics/articles/5-things-watch-trumps-primetime-185428766.html
1313993314,20260717,202607,2026,2026.5397,USA,UNITED STATES,USA,,,,,,,,USACOP,UNITED STATES,USA,,,,,COP,,,0,042,042,04,1,1.9,1,1,1,-5.60271646859084,3,"Centralia, Washington, United States",US,USWA,WA041,46.7162,-122.954,1503899,3,"Centralia, Washington, United States",US,USWA,WA041,46.7162,-122.954,1503899,3,"Centralia, Washington, United States",US,USWA,WA041,46.7162,-122.954,1503899,20260717011500,"http://www.chronline.com/stories/former-pud-commissioner-michael-kelly-gets-one-year-in-prison,405571"
1313993315,20260717,202607,2026,2026.5397,USA,UNITED STATES,USA,,,,,,,,USACOP,UNITED STATES,USA,,,,,COP,,,0,042,042,04,1,1.9,1,1,1,-5.60271646859084,3,"Lewis County, Washington, United States",US,USWA,WA041,46.5832,-122.401,1531927,3,"Centralia, Washington, United States",US,USWA,WA041,46.7162,-122.954,1503899,3,"Centralia, Washington, United States",US,USWA,WA041,46.7162,-122.954,1503899,20260717011500,"http://www.chronline.com/stories/former-pud-commissioner-michael-kelly-gets-one-year-in-prison,405571"
1313993316,20260717,202607,2026,2026.5397,USA,UNITED STATES,USA,,,,,,,,USACVL,UNITED STATES,USA,,,,,CVL,,,0,020,020,02,1,3.0,2,1,2,-0.1031991744066,3,"Linn County, Iowa, United States",US,USIA,IA113,42.0667,-91.6002,465245,3,"Linn County, Iowa, United States",US,USIA,,42.0667,-91.6002,465245,3,"Linn County, Iowa, United States",US,USIA,,42.0667,-91.6002,465245,20260717011500,https://cbs2iowa.com/news/local/supervisors-clash-over-returning-to-5-seat-linn-county-board-after-moratorium-vote
1313993317,20260717,202607,2026,2026.5397,USA,UNITED STATES,USA,,,,,,,,USACVL,UNITED STATES,USA,,,,,CVL,,,0,060,060,06,2,6.0,8,1,8,-0.1031991744066,3,"Linn County, Iowa, United States",US,USIA,IA113,42.0667,-91.6002,465245,3,"Linn County, Iowa, United States",US,USIA,,42.0667,-91.6002,465245,3,"Linn County, Iowa, United States",US,USIA,,42.0667,-91.6002,465245,20260717011500,https://cbs2iowa.com/news/local/supervisors-clash-over-returning-to-5-seat-linn-county-board-after-moratorium-vote
1313993318,20260717,202607,2026,2026.5397,USA,MASSACHUSETTS,USA,,,,,,,,USACVL,UNITED STATES,USA,,,,,CVL,,,0,070,070,07,2,7.0,2,1,2,4.6535677352637,2,"Massachusetts, United States",US,USMA,,42.2373,-71.5314,MA,2,"Massachusetts, United States",US,USMA,,42.2373,-71.5314,MA,2,"Massachusetts, United States",US,USMA,,42.2373,-71.5314,MA,20260717011500,https://gazettenet.com/2026/07/16/a-healthy-milestone-granby-farm-hosts-celebration-of-massachusetts-hip-programs-100m-in-produce-sales/
1313993319,20260717,202607,2026,2026.5397,USA,UNITED STATES,USA,,,,,,,,USAEDU,UNITED STATES,USA,,,,,EDU,,,0,0231,023,02,1,3.4,1,1,1,1.33647798742138,3,"Greenville, South Carolina, United States",US,USSC,SC045,34.8526,-82.394,1245842,2,"South Carolina, United States",US,USSC,,33.8191,-80.9066,SC,3,"Greenville, South Carolina, United States",US,USSC,SC045,34.8526,-82.394,1245842,20260717011500,https://www.wyff4.com/article/lindsey-graham-unspent-campaign-money-special-primary/72750764
1313993320,20260717,202607,2026,2026.5397,USA,PHOENIX,USA,,,,,,,,USAEDU,UNITED STATES,USA,,,,,EDU,,,1,051,051,05,1,3.4,4,1,4,0.60240963855422,3,"Roosevelt School, Arizona, United States",US,USAZ,AZ019,32.2376,-110.974,10490,3,"Roosevelt School, Arizona, United States",US,USAZ,,32.2376,-110.974,10490,3,"Roosevelt School, Arizona, United States",US,USAZ,,32.2376,-110.974,10490,20260717011500,https://www.kjzz.org/education/2026-07-16/another-phoenix-school-district-changes-name-of-campus-that-honored-cesar-chavez
1313993321,20260717,202607,2026,2026.5397,USA,LOS ANGELES,USA,,,,,,,,USAGOV,UNITED STATES,USA,,,,,GOV,,,1,010,010,01,1,0.0,2,1,2,-4.4806517311609,3,"West Hollywood, California, United States",US,USCA,CA037,34.09,-118.362,1652810,3,"West Hollywood, California, United States",US,USCA,,34.09,-118.362,1652810,3,"West Hollywood, California, United States",US,USCA,,34.09,-118.362,1652810,20260717011500,https://abc7.com/post/west-hollywood-water-main-ruptured-was-already-slated-replacement-ladwp-project-los-angeles-department-of-water-and-power/19521935/
1313993322,20260717,202607,2026,2026.5397,USA,WASHINGTON,USA,,,,,,,,USAGOV,UNITED STATES,USA,,,,,GOV,,,1,010,010,01,1,0.0,1,1,1,-1.60513643659711,3,"Georgetown University, District of Columbia, United States",US,USDC,DC001,38.9073,-77.0726,531568,3,"Georgetown University, District of Columbia, United States",US,USDC,,38.9073,-77.0726,531568,1,Russia,RS,RS,,60,100,RS,20260717011500,https://www.yahoo.com/news/articles/trumps-championing-debunked-vote-conspiracies-234409086.html
1313993323,20260717,202607,2026,2026.5397,USA,MISSOURI,USA,,,,,,,,USAGOV,UNITED STATES,USA,,,,,GOV,,,1,010,010,01,1,0.0,2,1,2,0.10600706713781,3,"Maryville, Missouri, United States",US,USMO,MO147,40.3461,-94.8725,721948,3,"Maryville, Missouri, United States",US,USMO,MO147,40.3461,-94.8725,721948,3,"Maryville, Missouri, United States",US,USMO,MO147,40.3461,-94.8725,721948,20260717011500,"http://www.kirksvilledailyexpress.com/stories/farm-backing-trump-loyalty-shape-gop-race-to-replace-sam-graves-in-missouris-6th-district,31759"
1313993324,20260717,202607,2026,2026.5397,USA,UNITED STATES,USA,,,,,,,,USAGOV,UNITED STATES,USA,,,,,GOV,,,1,010,010,01,1,0.0,2,1,2,-0.28901734104046,1,Iran,IR,IR,,32,53,IR,1,Iran,IR,IR,,32,53,IR,1,Iran,IR,IR,,32,53,IR,20260717011500,https://economictimes.indiatimes.com/news/newsblogs/breaking-news-live-updates-trump-live-address-news-updates-india-weather-trump-tariffs-trump-on-india-sonam-wangchuk-breaking-news-today-supreme-court-rahul-gandhi-pm-modi-tmc/liveblog/132450316.cms
1313993325,20260717,202607,2026,2026.5397,USA,UNITED STATES,USA,,,,,,,,USAGOV,UNITED STATES,USA,,,,,GOV,,,1,010,010,01,1,0.0,2,1,2,-0.28901734104046,1,United States,US,US,,39.828175,-98.5795,US,1,United States,US,US,,39.828175,-98.5795,US,1,United States,US,US,,39.828175,-98.5795,US,20260717011500,https://economictimes.indiatimes.com/news/newsblogs/breaking-news-live-updates-trump-live-address-news-updates-india-weather-trump-tariffs-trump-on-india-sonam-wangchuk-breaking-news-today-supreme-court-rahul-gandhi-pm-modi-tmc/liveblog/132450316.cms
1313993326,20260717,202607,2026,2026.5397,USA,WASHINGTON,USA,,,,,,,,USAGOV,THE WHITE HOUSE,USA,,,,,GOV,,,1,046,046,04,1,7.0,6,1,6,-1.77993527508091,3,"White House, District of Columbia, United States",US,USDC,,38.8951,-77.0364,531871,3,"White House, District of Columbia, United States",US,USDC,,38.8951,-77.0364,531871,3,"White House, District of Columbia, United States",US,USDC,,38.8951,-77.0364,531871,20260717011500,https://www.boston.com/news/politics/2026/07/16/trumps-teleprompter-operator-on-unpaid-leave-for-alleged-prediction-market-bets-on-trump-speeches/
1313993327,20260717,202607,2026,2026.5397,USA,MISSOURI,USA,,,,,,,,USAGOV,UNITED STATES,USA,,,,,GOV,,,1,051,051,05,1,3.4,2,1,2,0.10600706713781,2,"Missouri, United States",US,USMO,,38.4623,-92.302,MO,2,"Missouri, United States",US,USMO,,38.4623,-92.302,MO,2,"Kansas, United States",US,USKS,,38.5111,-96.8005,KS,20260717011500,"http://www.kirksvilledailyexpress.com/stories/farm-backing-trump-loyalty-shape-gop-race-to-replace-sam-graves-in-missouris-6th-district,31759"
1313993328,20260717,202607,2026,2026.5397,USA,UNITED STATES,USA,,,,,,,,USAJUD,UNITED STATES,USA,,,,,JUD,,,1,013,013,01,1,0.4,2,1,2,-8.50111856823266,3,"Richland County, South Carolina, United States",US,USSC,SC079,34.0168,-80.9165,1249299,3,"Richland County, South Carolina, United States",US,USSC,,34.0168,-80.9165,1249299,3,"Richland County, South Carolina, United States",US,USSC,,34.0168,-80.9165,1249299,20260717011500,https://www.abccolumbia.com/2026/07/16/richland-county-man-sentenced-to-9-years-in-prison-for-hate-crime/
1313993329,20260717,202607,2026,2026.5397,USA,SAN DIEGO,USA,,,,,,,,USAJUD,SAN DIEGO,USA,,,,,JUD,,,0,015,015,01,1,0.0,10,1,10,-9.78670012547053,3,"San Diego, California, United States",US,USCA,CA073,32.7153,-117.157,1661377,3,"San Diego, California, United States",US,USCA,,32.7153,-117.157,1661377,3,"San Diego, California, United States",US,USCA,,32.7153,-117.157,1661377,20260717011500,https://www.sandiegouniontribune.com/2026/07/16/san-ysidro-man-sentenced-for-impersonating-ice-agent-to-defraud-immigrants/
1313993330,20260717,202607,2026,2026.5397,USA,UNITED STATES,USA,,,,,,,,USAJUD,UNITED STATES,USA,,,,,JUD,,,0,040,040,04,1,1.0,2,1,2,-5.60271646859084,3,"Lewis County, Washington, United States",US,USWA,WA041,46.5832,-122.401,1531927,3,"Centralia, Washington, United States",US,USWA,WA041,46.7162,-122.954,1503899,3,"Lewis County, Washington, United States",US,USWA,,46.5832,-122.401,1531927,20260717011500,"http://www.chronline.com/stories/former-pud-commissioner-michael-kelly-gets-one-year-in-prison,405571"
1313993331,20260717,202607,2026,2026.5397,USA,SAN DIEGO,USA,,,,,,,,USAJUD,UNITED STATES,USA,,,,,JUD,,,0,100,100,10,3,-5.0,2,1,2,-9.78670012547053,3,"San Diego, California, United States",US,USCA,CA073,32.7153,-117.157,1661377,3,"San Diego, California, United States",US,USCA,,32.7153,-117.157,1661377,3,"San Diego, California, United States",US,USCA,,32.7153,-117.157,1661377,20260717011500,https://www.sandiegouniontribune.com/2026/07/16/san-ysidro-man-sentenced-for-impersonating-ice-agent-to-defraud-immigrants/
1313993332,20260717,202607,2026,2026.5397,USA,UNITED STATES,USA,,,,,,,,USAPTY,UNITED STATES,USA,,,,,,,,0,040,040,04,1,1.0,4,1,4,-0.1031991744066,3,"Linn County, Iowa, United States",US,USIA,IA113,42.0667,-91.6002,465245,3,"Linn County, Iowa, United States",US,USIA,,42.0667,-91.6002,465245,3,"Linn County, Iowa, United States",US,USIA,,42.0667,-91.6002,465245,20260717011500,https://cbs2iowa.com/news/local/supervisors-clash-over-returning-to-5-seat-linn-county-board-after-moratorium-vote
1313993333,20260717,202607,2026,2026.5397,USA,UNITED STATES,USA,,,,,,,,VEN,VENEZUELAN,VEN,,,,,,,,0,190,190,19,4,-10.0,4,1,4,-3.71352785145889,2,"Maine, United States",US,USME,,44.6074,-69.3977,ME,1,Venezuela,VE,VE,,8,-66,VE,1,Venezuela,VE,VE,,8,-66,VE,20260717011500,https://www.bangordailynews.com/2026/07/16/politics/elections/maine-democrats-1st-senate-debate/
1313993334,20260717,202607,2026,2026.5397,USA,UNITED STATES,USA,,,,,,,,VENGOV,VENEZUELA,VEN,,,,,GOV,,,0,100,100,10,3,-5.0,2,1,2,-3.71352785145889,2,"Maine, United States",US,USME,,44.6074,-69.3977,ME,1,Venezuela,VE,VE,,8,-66,VE,2,"Maine, United States",US,USME,,44.6074,-69.3977,ME,20260717011500,https://www.bangordailynews.com/2026/07/16/politics/elections/maine-democrats-1st-senate-debate/
1313993335,20260717,202607,2026,2026.5397,USA,AMERICAN,USA,,,,,,,,tms,TAMA,,,tms,,,,,,0,051,051,05,1,3.4,6,1,6,-1.84426229508196,2,"Iowa, United States",US,USIA,,42.0046,-93.214,IA,2,"Iowa, United States",US,USIA,,42.0046,-93.214,IA,2,"Iowa, United States",US,USIA,,42.0046,-93.214,IA,20260717011500,https://cbs2iowa.com/news/local/iowa-born-soldier-injured-in-march-drone-strike-returns-home-to-recover
1313993336,20260717,202607,2026,2026.5397,USABUS,UNITED STATES,USA,,,,,BUS,,,,,,,,,,,,,1,0831,083,08,2,5.0,2,1,2,2.36686390532544,1,United States,US,US,,39.828175,-98.5795,US,0,,,,,,,,1,United States,US,US,,39.828175,-98.5795,US,20260717011500,https://www.morningstar.com/economy/what-we-learned-about-economy-big-bank-earnings
1313993337,20260717,202607,2026,2026.5397,USACOP,UNITED STATES,USA,,,,,COP,,,,,,,,,,,,,0,020,020,02,1,3.0,2,1,2,0.95351609058403,3,"North Olmsted, Ohio, United States",US,USOH,OH035,41.4156,-81.9235,1056457,0,,,,,,,,3,"North Olmsted, Ohio, United States",US,USOH,,41.4156,-81.9235,1056457,20260717011500,https://www.unitaid.eu/essential-guide-public-records-community-jl3s.html
1313993338,20260717,202607,2026,2026.5397,USACOP,UNITED STATES,USA,,,,,COP,,,,,,,,,,,,,0,020,020,02,1,3.0,2,1,2,0.95351609058403,2,"Ohio, United States",US,USOH,,40.3736,-82.7755,OH,0,,,,,,,,3,"North Olmsted, Ohio, United States",US,USOH,,41.4156,-81.9235,1056457,20260717011500,https://www.unitaid.eu/essential-guide-public-records-community-jl3s.html
1313993339,20260717,202607,2026,2026.5397,USACOP,UNITED STATES,USA,,,,,COP,,,,,,,,,,,,,1,023,023,02,1,3.4,8,1,8,-5.6379821958457,3,"Fort Worth, Texas, United States",US,USTX,TX439,32.7254,-97.3208,1380947,0,,,,,,,,3,"Fort Worth, Texas, United States",US,USTX,,32.7254,-97.3208,1380947,20260717011500,https://www.nbcdfw.com/news/local/person-arrest-explosive-devices-driving-reckless-lakeside/4050679/
1313993340,20260717,202607,2026,2026.5397,USACOP,UNITED STATES,USA,,,,,COP,,,,,,,,,,,,,1,060,060,06,2,6.0,8,1,8,-5.6379821958457,3,"Fort Worth, Texas, United States",US,USTX,TX439,32.7254,-97.3208,1380947,0,,,,,,,,3,"Fort Worth, Texas, United States",US,USTX,,32.7254,-97.3208,1380947,20260717011500,https://www.nbcdfw.com/news/local/person-arrest-explosive-devices-driving-reckless-lakeside/4050679/
1313993341,20260717,202607,2026,2026.5397,USACOP,UNITED STATES,USA,,,,,COP,,,,,,,,,,,,,0,090,090,09,2,-2.0,7,1,7,0.95351609058403,3,"North Olmsted, Ohio, United States",US,USOH,OH035,41.4156,-81.9235,1056457,0,,,,,,,,3,"North Olmsted, Ohio, United States",US,USOH,,41.4156,-81.9235,1056457,20260717011500,https://www.unitaid.eu/essential-guide-public-records-community-jl3s.html
1313993342,20260717,202607,2026,2026.5397,USACOP,UNITED STATES,USA,,,,,COP,,,,,,,,,,,,,0,090,090,09,2,-2.0,1,1,1,0.95351609058403,2,"Ohio, United States",US,USOH,,40.3736,-82.7755,OH,0,,,,,,,,3,"North Olmsted, Ohio, United States",US,USOH,,41.4156,-81.9235,1056457,20260717011500,https://www.unitaid.eu/essential-guide-public-records-community-jl3s.html
1313993343,20260717,202607,2026,2026.5397,USACOP,UNITED STATES,USA,,,,,COP,,,USA,UNITED STATES,USA,,,,,,,,0,043,043,04,1,2.8,1,1,1,-5.60271646859084,3,"Centralia, Washington, United States",US,USWA,WA041,46.7162,-122.954,1503899,3,"Centralia, Washington, United States",US,USWA,WA041,46.7162,-122.954,1503899,3,"Centralia, Washington, United States",US,USWA,WA041,46.7162,-122.954,1503899,20260717011500,"http://www.chronline.com/stories/former-pud-commissioner-michael-kelly-gets-one-year-in-prison,405571"
1313993344,20260717,202607,2026,2026.5397,USACOP,UNITED STATES,USA,,,,,COP,,,USA,UNITED STATES,USA,,,,,,,,0,043,043,04,1,2.8,1,1,1,-5.60271646859084,3,"Centralia, Washington, United States",US,USWA,WA041,46.7162,-122.954,1503899,3,"Lewis County, Washington, United States",US,USWA,,46.5832,-122.401,1531927,3,"Centralia, Washington, United States",US,USWA,WA041,46.7162,-122.954,1503899,20260717011500,"http://www.chronline.com/stories/former-pud-commissioner-michael-kelly-gets-one-year-in-prison,405571"
1313993345,20260717,202607,2026,2026.5397,USACOP,UNITED STATES,USA,,,,,COP,,,USA,UNITED STATES,USA,,,,,,,,1,112,112,11,3,-2.0,2,1,2,-4.55927051671732,2,"Texas, United States",US,USTX,,31.106,-97.6475,TX,2,"Texas, United States",US,USTX,,31.106,-97.6475,TX,2,"Texas, United States",US,USTX,,31.106,-97.6475,TX,20260717011500,https://abc7.com/post/dentist-chrishelle-hemphill-accused-giving-4yearold-lethal-doses-meperidine-demerol-sedatives-texas-police-say/19520152/
1313993346,20260717,202607,2026,2026.5397,USACVL,MASSACHUSETTS,USA,,,,,CVL,,,USA,MASSACHUSETTS,USA,,,,,,,,0,070,070,07,2,7.0,6,1,6,4.6535677352637,2,"Massachusetts, United States",US,USMA,,42.2373,-71.5314,MA,2,"Massachusetts, United States",US,USMA,,42.2373,-71.5314,MA,2,"Massachusetts, United States",US,USMA,,42.2373,-71.5314,MA,20260717011500,https://gazettenet.com/2026/07/16/a-healthy-milestone-granby-farm-hosts-celebration-of-massachusetts-hip-programs-100m-in-produce-sales/
1313993347,20260717,202607,2026,2026.5397,USAEDU,PHOENIX,USA,,,,,EDU,,,,,,,,,,,,,1,051,051,05,1,3.4,6,1,6,0.60240963855422,3,"Roosevelt School, Arizona, United States",US,USAZ,AZ019,32.2376,-110.974,10490,0,,,,,,,,3,"Roosevelt School, Arizona, United States",US,USAZ,,32.2376,-110.974,10490,20260717011500,https://www.kjzz.org/education/2026-07-16/another-phoenix-school-district-changes-name-of-campus-that-honored-cesar-chavez
1313993348,20260717,202607,2026,2026.5397,USAELI,SAN FRANCISCO,USA,,,,,ELI,,,,,,,,,,,,,1,010,010,01,1,0.0,3,1,3,0.41194644696189,3,"White House, District of Columbia, United States",US,USDC,,38.8951,-77.0364,531871,0,,,,,,,,3,"White House, District of Columbia, United States",US,USDC,,38.8951,-77.0364,531871,20260717011500,https://www.sandiegouniontribune.com/2026/07/16/harris-newsom-khanna-californias-three-way-race-for-2028/
1313993349,20260717,202607,2026,2026.5397,USAGOV,UNITED STATES,USA,,,,,GOV,,,,,,,,,,,,,0,010,010,01,1,0.0,1,1,1,-1.77935943060498,3,"Fort Worth, Texas, United States",US,USTX,TX439,32.7254,-97.3208,1380947,0,,,,,,,,3,"White House, District of Columbia, United States",US,USDC,,38.8951,-77.0364,531871,20260717011500,https://www.nbcdfw.com/news/national-international/president-trump-national-address-thursday-voting-elections/4050665/
1313993350,20260717,202607,2026,2026.5397,USAGOV,UNITED STATES,USA,,,,,GOV,,,,,,,,,,,,,1,010,010,01,1,0.0,1,1,1,-4.4806517311609,3,"West Hollywood, California, United States",US,USCA,CA037,34.09,-118.362,1652810,0,,,,,,,,3,"West Hollywood, California, United States",US,USCA,,34.09,-118.362,1652810,20260717011500,https://abc7.com/post/west-hollywood-water-main-ruptured-was-already-slated-replacement-ladwp-project-los-angeles-department-of-water-and-power/19521935/
1313993351,20260717,202607,2026,2026.5397,USAGOV,UNITED STATES,USA,,,,,GOV,,,,,,,,,,,,,1,010,010,01,1,0.0,10,1,8,-0.28901734104046,1,United States,US,US,,39.828175,-98.5795,US,0,,,,,,,,1,United States,US,US,,39.828175,-98.5795,US,20260717011500,https://economictimes.indiatimes.com/news/newsblogs/breaking-news-live-updates-trump-live-address-news-updates-india-weather-trump-tariffs-trump-on-india-sonam-wangchuk-breaking-news-today-supreme-court-rahul-gandhi-pm-modi-tmc/liveblog/132450316.cms
1313993352,20260717,202607,2026,2026.5397,USAGOV,UNITED STATES,USA,,,,,GOV,,,,,,,,,,,,,0,040,040,04,1,1.0,2,1,2,-0.59523809523809,2,"Georgia, United States",US,USGA,,32.9866,-83.6487,GA,0,,,,,,,,2,"Georgia, United States",US,USGA,,32.9866,-83.6487,GA,20260717011500,https://www.wsbtv.com/news/local/henry-county/nonprofit-pushes-protect-historic-black-cemetery-near-massive-data-center-project-henry-county/J5KVYIOR5JENRNSDNYNCD7CD4I/
1313993353,20260717,202607,2026,2026.5397,USAGOV,SOUTH CAROLINA,USA,,,,,GOV,,,,,,,,,,,,,1,173,173,17,4,-5.0,2,1,2,-11.6564417177914,3,"Charleston Police Department, South Carolina, United States",US,USSC,SC019,32.7891,-79.9599,2334839,0,,,,,,,,3,"Charleston Police Department, South Carolina, United States",US,USSC,,32.7891,-79.9599,2334839,20260717011500,https://www.live5news.com/2026/07/16/charleston-man-arrested-sexual-exploitation-minors-charges/
1313993354,20260717,202607,2026,2026.5397,USAGOV,OVAL OFFICE,USA,,,,,GOV,,,CUB,CUBAN,CUB,,,,,,,,1,010,010,01,1,0.0,6,1,6,-6.30252100840336,4,"Beijing, Beijing, China",CH,CH22,13001,39.9289,116.388,-1898541,4,"Beijing, Beijing, China",CH,CH22,13001,39.9289,116.388,-1898541,4,"Beijing, Beijing, China",CH,CH22,13001,39.9289,116.388,-1898541,20260717011500,https://www.scmp.com/news/us/article/3360854/trump-address-nation-iran-crisis-china-tensions-and-election-fight-intensify
1313993355,20260717,202607,2026,2026.5397,USAGOV,OVAL OFFICE,USA,,,,,GOV,,,CUB,CUBAN,CUB,,,,,,,,1,010,010,01,1,0.0,4,1,4,-6.30252100840336,1,Cuba,CU,CU,,22,-79.5,CU,1,Cuba,CU,CU,,22,-79.5,CU,1,Cuba,CU,CU,,22,-79.5,CU,20260717011500,https://www.scmp.com/news/us/article/3360854/trump-address-nation-iran-crisis-china-tensions-and-election-fight-intensify
1313993356,20260717,202607,2026,2026.5397,USAGOV,THE WHITE HOUSE,USA,,,,,GOV,,,EDU,SCHOOL,,,,,,EDU,,,1,040,040,04,1,1.0,1,1,1,-3.57781753130591,3,"Washington, District of Columbia, United States",US,USDC,DC001,38.8951,-77.0364,531871,3,"Washington, District of Columbia, United States",US,USDC,DC001,38.8951,-77.0364,531871,3,"Washington, District of Columbia, United States",US,USDC,DC001,38.8951,-77.0364,531871,20260717011500,https://thecatholicherald.com/article/jd-vance-and-joe-rogan-discuss-aliens-angels-and-demons
1313993357,20260717,202607,2026,2026.5397,USAGOV,UNITED STATES,USA,,,,,GOV,,,GBR,UNITED KINGDOM,GBR,,,,,,,,1,010,010,01,1,0.0,2,1,2,-1.04166666666667,3,"White House, District of Columbia, United States",US,USDC,,38.8951,-77.0364,531871,3,"White House, District of Columbia, United States",US,USDC,,38.8951,-77.0364,531871,3,"White House, District of Columbia, United States",US,USDC,,38.8951,-77.0364,531871,20260717011500,https://www.express.co.uk/news/us/2230061/trump-s-press-secretary-updates-world-before-major-presidential-speech
1313993358,20260717,202607,2026,2026.5397,USAGOV,THE WHITE HOUSE,USA,,,,,GOV,,,SPY,INTELLIGENCE,,,,,,SPY,,,1,060,060,06,2,6.0,1,1,1,-1.60513643659711,3,"White House, District of Columbia, United States",US,USDC,,38.8951,-77.0364,531871,4,"Beijing, Beijing, China",CH,CH22,13001,39.9289,116.388,-1898541,3,"White House, District of Columbia, United States",US,USDC,,38.8951,-77.0364,531871,20260717011500,https://www.yahoo.com/news/articles/trumps-championing-debunked-vote-conspiracies-234409086.html
1313993359,20260717,202607,2026,2026.5397,USAGOV,THE WHITE HOUSE,USA,,,,,GOV,,,SPY,INTELLIGENCE,,,,,,SPY,,,1,060,060,06,2,6.0,1,1,1,-1.60513643659711,3,"Washington, District of Columbia, United States",US,USDC,DC001,38.8951,-77.0364,531871,3,"White House, District of Columbia, United States",US,USDC,,38.8951,-77.0364,531871,3,"White House, District of Columbia, United States",US,USDC,,38.8951,-77.0364,531871,20260717011500,https://www.yahoo.com/news/articles/trumps-championing-debunked-vote-conspiracies-234409086.html
1313993360,20260717,202607,2026,2026.5397,USAGOV,UNITED STATES,USA,,,,,GOV,,,USA,UNITED STATES,USA,,,,,,,,1,010,010,01,1,0.0,1,1,1,-4.4806517311609,3,"West Hollywood, California, United States",US,USCA,CA037,34.09,-118.362,1652810,3,"West Hollywood, California, United States",US,USCA,,34.09,-118.362,1652810,3,"West Hollywood, California, United States",US,USCA,,34.09,-118.362,1652810,20260717011500,https://abc7.com/post/west-hollywood-water-main-ruptured-was-already-slated-replacement-ladwp-project-los-angeles-department-of-water-and-power/19521935/
1313993361,20260717,202607,2026,2026.5397,USAGOV,UNITED STATES,USA,,,,,GOV,,,USA,UNITED STATES,USA,,,,,,,,1,010,010,01,1,0.0,2,1,2,-2.38095238095238,2,"Georgia, United States",US,USGA,,32.9866,-83.6487,GA,2,"Georgia, United States",US,USGA,,32.9866,-83.6487,GA,2,"Georgia, United States",US,USGA,,32.9866,-83.6487,GA,20260717011500,https://abc7.com/post/democrats-launch-prebuttal-trump-address-hes-scared-death-midterms/19523021/
1313993362,20260717,202607,2026,2026.5397,USAGOV,UNITED STATES,USA,,,,,GOV,,,USA,UNITED STATES,USA,,,,,,,,1,010,010,01,1,0.0,2,1,2,-0.28901734104046,1,United States,US,US,,39.828175,-98.5795,US,1,United States,US,US,,39.828175,-98.5795,US,1,United States,US,US,,39.828175,-98.5795,US,20260717011500,https://economictimes.indiatimes.com/news/newsblogs/breaking-news-live-updates-trump-live-address-news-updates-india-weather-trump-tariffs-trump-on-india-sonam-wangchuk-breaking-news-today-supreme-court-rahul-gandhi-pm-modi-tmc/liveblog/132450316.cms
1313993363,20260717,202607,2026,2026.5397,USAGOV,UNITED STATES,USA,,,,,GOV,,,USA,UNITED STATES,USA,,,,,,,,0,020,020,02,1,3.0,2,1,2,1.62432319866723,3,"Storey County, Nevada, United States",US,USNV,NV029,39.3752,-119.501,858642,3,"Carson City, Nevada, United States",US,USNV,,39.1638,-119.767,863976,3,"Carson City, Nevada, United States",US,USNV,,39.1638,-119.767,863976,20260717011500,https://www.carsonnow.org/07/16/2026/supervisors-vote-to-disband-carson-city-cultural-commission-citing-lack-of-community-engagement
1313993364,20260717,202607,2026,2026.5397,USAGOV,UNITED STATES,USA,,,,,GOV,,,USA,KANSAS,USA,,,,,,,,1,020,020,02,1,3.0,2,1,2,-2.16450216450216,2,"Kansas, United States",US,USKS,,38.5111,-96.8005,KS,2,"Kansas, United States",US,USKS,,38.5111,-96.8005,KS,2,"Kansas, United States",US,USKS,,38.5111,-96.8005,KS,20260717011500,https://www.wibw.com/2026/07/16/kansas-judge-temporarily-reinstates-mail-ballot-grace-period-state-leaders-file-appeals/
1313993365,20260717,202607,2026,2026.5397,USAGOV,THE WHITE HOUSE,USA,,,,,GOV,,,USA,WASHINGTON,USA,,,,,,,,1,046,046,04,1,7.0,6,1,6,-1.77993527508091,3,"White House, District of Columbia, United States",US,USDC,,38.8951,-77.0364,531871,3,"White House, District of Columbia, United States",US,USDC,,38.8951,-77.0364,531871,3,"White House, District of Columbia, United States",US,USDC,,38.8951,-77.0364,531871,20260717011500,https://www.boston.com/news/politics/2026/07/16/trumps-teleprompter-operator-on-unpaid-leave-for-alleged-prediction-market-bets-on-trump-speeches/
1313993366,20260717,202607,2026,2026.5397,USAGOV,UNITED STATES,USA,,,,,GOV,,,USA,UNITED STATES,USA,,,,,,,,1,173,173,17,4,-5.0,2,1,2,-11.6564417177914,3,"Charleston, South Carolina, United States",US,USSC,SC019,32.7766,-79.9309,1221516,3,"Charleston Police Department, South Carolina, United States",US,USSC,,32.7891,-79.9599,2334839,3,"Charleston, South Carolina, United States",US,USSC,SC019,32.7766,-79.9309,1221516,20260717011500,https://www.live5news.com/2026/07/16/charleston-man-arrested-sexual-exploitation-minors-charges/
1313993367,20260717,202607,2026,2026.5397,USAGOV,UNITED STATES,USA,,,,,GOV,,,USA,UNITED STATES,USA,,,,,,,,1,173,173,17,4,-5.0,4,1,4,-11.6564417177914,3,"Charleston Police Department, South Carolina, United States",US,USSC,SC019,32.7891,-79.9599,2334839,3,"Summerville Police Department, South Carolina, United States",US,USSC,,33.0239,-80.176,2334895,3,"Charleston Police Department, South Carolina, United States",US,USSC,,32.7891,-79.9599,2334839,20260717011500,https://www.live5news.com/2026/07/16/charleston-man-arrested-sexual-exploitation-minors-charges/
1313993368,20260717,202607,2026,2026.5397,USAGOV,UNITED STATES,USA,,,,,GOV,,,USA,UNITED STATES,USA,,,,,,,,1,173,173,17,4,-5.0,2,1,2,-11.6564417177914,3,"Charleston Police Department, South Carolina, United States",US,USSC,SC019,32.7891,-79.9599,2334839,3,"Summerville Police Department, South Carolina, United States",US,USSC,,33.0239,-80.176,2334895,3,"Summerville Police Department, South Carolina, United States",US,USSC,,33.0239,-80.176,2334895,20260717011500,https://www.live5news.com/2026/07/16/charleston-man-arrested-sexual-exploitation-minors-charges/
1313993369,20260717,202607,2026,2026.5397,USAJUD,KANSAS,USA,,,,,JUD,,,,,,,,,,,,,1,050,050,05,1,3.5,3,1,3,-2.16450216450216,2,"Kansas, United States",US,USKS,,38.5111,-96.8005,KS,0,,,,,,,,2,"Kansas, United States",US,USKS,,38.5111,-96.8005,KS,20260717011500,https://www.wibw.com/2026/07/16/kansas-judge-temporarily-reinstates-mail-ballot-grace-period-state-leaders-file-appeals/
1313993370,20260717,202607,2026,2026.5397,USAJUD,SAN DIEGO,USA,,,,,JUD,,,,,,,,,,,,,0,100,100,10,3,-5.0,6,1,6,-9.78670012547053,3,"San Diego, California, United States",US,USCA,CA073,32.7153,-117.157,1661377,0,,,,,,,,3,"San Diego, California, United States",US,USCA,,32.7153,-117.157,1661377,20260717011500,https://www.sandiegouniontribune.com/2026/07/16/san-ysidro-man-sentenced-for-impersonating-ice-agent-to-defraud-immigrants/
1313993371,20260717,202607,2026,2026.5397,USAJUD,KANSAS,USA,,,,,JUD,,,GOV,STATE LEADER,,,,,,GOV,,,1,020,020,02,1,3.0,3,1,3,-2.16450216450216,2,"Kansas, United States",US,USKS,,38.5111,-96.8005,KS,2,"Kansas, United States",US,USKS,,38.5111,-96.8005,KS,2,"Kansas, United States",US,USKS,,38.5111,-96.8005,KS,20260717011500,https://www.wibw.com/2026/07/16/kansas-judge-temporarily-reinstates-mail-ballot-grace-period-state-leaders-file-appeals/
1313993372,20260717,202607,2026,2026.5397,USAJUD,KANSAS,USA,,,,,JUD,,,GOV,STATE LEADER,,,,,,GOV,,,1,050,050,05,1,3.5,3,1,3,-2.16450216450216,2,"Kansas, United States",US,USKS,,38.5111,-96.8005,KS,2,"Kansas, United States",US,USKS,,38.5111,-96.8005,KS,2,"Kansas, United States",US,USKS,,38.5111,-96.8005,KS,20260717011500,https://www.wibw.com/2026/07/16/kansas-judge-temporarily-reinstates-mail-ballot-grace-period-state-leaders-file-appeals/
1313993373,20260717,202607,2026,2026.5397,USAJUD,UNITED STATES,USA,,,,,JUD,,,GOV,PRESIDENT,,,,,,GOV,,,1,070,070,07,2,7.0,2,1,2,1.57828282828283,3,"Chicago, Illinois, United States",US,USIL,IL031,41.85,-87.6501,423587,3,"Chicago, Illinois, United States",US,USIL,IL031,41.85,-87.6501,423587,3,"Chicago, Illinois, United States",US,USIL,IL031,41.85,-87.6501,423587,20260717011500,https://chicago.suntimes.com/chicago-school-board/2026/07/16/spending-in-chicago-school-board-election-exceeds-1-6-million-as-limits-lift-in-race-for-board-president
1313993374,20260717,202607,2026,2026.5397,USAJUD,UNITED STATES,USA,,,,,JUD,,,GOV,PRESIDENT,,,,,,GOV,,,1,071,071,07,2,7.4,2,1,2,1.57828282828283,3,"Chicago, Illinois, United States",US,USIL,IL031,41.85,-87.6501,423587,3,"Chicago, Illinois, United States",US,USIL,IL031,41.85,-87.6501,423587,3,"Chicago, Illinois, United States",US,USIL,IL031,41.85,-87.6501,423587,20260717011500,https://chicago.suntimes.com/chicago-school-board/2026/07/16/spending-in-chicago-school-board-election-exceeds-1-6-million-as-limits-lift-in-race-for-board-president
1313993375,20260717,202607,2026,2026.5397,USAJUD,UNITED STATES,USA,,,,,JUD,,,JUD,JUDGE,,,,,,JUD,,,0,013,013,01,1,0.4,2,1,2,-8.50111856823266,3,"Richland County, South Carolina, United States",US,USSC,SC079,34.0168,-80.9165,1249299,3,"Richland County, South Carolina, United States",US,USSC,,34.0168,-80.9165,1249299,3,"Richland County, South Carolina, United States",US,USSC,,34.0168,-80.9165,1249299,20260717011500,https://www.abccolumbia.com/2026/07/16/richland-county-man-sentenced-to-9-years-in-prison-for-hate-crime/
1313993376,20260717,202607,2026,2026.5397,USAJUD,UNITED STATES,USA,,,,,JUD,,,JUD,ATTORNEY,,,,,,JUD,,,1,020,020,02,1,3.0,2,1,2,-7.43243243243243,2,"Ohio, United States",US,USOH,,40.3736,-82.7755,OH,2,"Ohio, United States",US,USOH,,40.3736,-82.7755,OH,2,"Ohio, United States",US,USOH,,40.3736,-82.7755,OH,20260717011500,https://www.wcpo.com/news/local-news/in-your-community/clermont-county/monroe-township-man-to-serve-almost-2-months-in-jail-after-leaving-dogs-to-rot-in-cage
1313993377,20260717,202607,2026,2026.5397,USAJUD,UNITED STATES,USA,,,,,JUD,,,JUDJUD,JUDGE,,,,,,JUD,JUD,,1,116,116,11,3,-2.0,5,1,5,-5.60271646859084,3,"Lewis County, Washington, United States",US,USWA,WA041,46.5832,-122.401,1531927,3,"Lewis County, Washington, United States",US,USWA,,46.5832,-122.401,1531927,3,"Lewis County, Washington, United States",US,USWA,,46.5832,-122.401,1531927,20260717011500,"http://www.chronline.com/stories/former-pud-commissioner-michael-kelly-gets-one-year-in-prison,405571"
1313993378,20260717,202607,2026,2026.5397,USAJUD,UNITED STATES,USA,,,,,JUD,,,USA,UNITED STATES,USA,,,,,,,,0,010,010,01,1,0.0,1,1,1,1.30226182316655,1,Iran,IR,IR,,32,53,IR,1,Iran,IR,IR,,32,53,IR,1,Iran,IR,IR,,32,53,IR,20260717011500,https://www.willistonherald.com/news/local/williston-city-commission-gains-3-commissioners
1313993379,20260717,202607,2026,2026.5397,USAJUD,UNITED STATES,USA,,,,,JUD,,,USA,UNITED STATES,USA,,,,,,,,0,010,010,01,1,0.0,1,1,1,1.30226182316655,2,"North Dakota, United States",US,USND,,47.5362,-99.793,ND,2,"North Dakota, United States",US,USND,,47.5362,-99.793,ND,2,"North Dakota, United States",US,USND,,47.5362,-99.793,ND,20260717011500,https://www.willistonherald.com/news/local/williston-city-commission-gains-3-commissioners
1313993380,20260717,202607,2026,2026.5397,USAJUD,UNITED STATES,USA,,,,,JUD,,,USA,UNITED STATES,USA,,,,,,,,0,040,040,04,1,1.0,2,1,2,-5.60271646859084,3,"Centralia, Washington, United States",US,USWA,WA041,46.7162,-122.954,1503899,3,"Lewis County, Washington, United States",US,USWA,,46.5832,-122.401,1531927,3,"Lewis County, Washington, United States",US,USWA,,46.5832,-122.401,1531927,20260717011500,"http://www.chronline.com/stories/former-pud-commissioner-michael-kelly-gets-one-year-in-prison,405571"
1313993381,20260717,202607,2026,2026.5397,USAJUD,UNITED STATES,USA,,,,,JUD,,,USAJUD,UNITED STATES,USA,,,,,JUD,,,0,013,013,01,1,0.4,2,1,2,-8.50111856823266,3,"Richland County, South Carolina, United States",US,USSC,SC079,34.0168,-80.9165,1249299,3,"Richland County, South Carolina, United States",US,USSC,,34.0168,-80.9165,1249299,3,"Richland County, South Carolina, United States",US,USSC,,34.0168,-80.9165,1249299,20260717011500,https://www.abccolumbia.com/2026/07/16/richland-county-man-sentenced-to-9-years-in-prison-for-hate-crime/
1313993382,20260717,202607,2026,2026.5397,USAJUD,UNITED STATES,USA,,,,,JUD,,,USAJUD,UNITED STATES,USA,,,,,JUD,,,1,116,116,11,3,-2.0,1,1,1,-5.60271646859084,3,"Lewis County, Washington, United States",US,USWA,WA041,46.5832,-122.401,1531927,3,"Lewis County, Washington, United States",US,USWA,,46.5832,-122.401,1531927,3,"Lewis County, Washington, United States",US,USWA,,46.5832,-122.401,1531927,20260717011500,"http://www.chronline.com/stories/former-pud-commissioner-michael-kelly-gets-one-year-in-prison,405571"
1313993383,20260717,202607,2026,2026.5397,USALEG,THE US,USA,,,,,LEG,,,CAN,CANADA,CAN,,,,,,,,1,111,111,11,3,-2.0,8,1,8,-7.07070707070707,2,"Michigan, United States",US,USMI,,43.3504,-84.5603,MI,4,"Ottawa, Ontario, Canada",CA,CA08,12755,45.4167,-75.7,-570760,4,"Ottawa, Ontario, Canada",CA,CA08,12755,45.4167,-75.7,-570760,20260717011500,https://aa.com.tr/en/americas/more-than-850-wildfires-raging-across-canada-with-smoke-afflicting-country-and-beyond/4000863
1313993384,20260717,202607,2026,2026.5397,USALEG,THE US,USA,,,,,LEG,,,CAN,CANADA,CAN,,,,,,,,1,111,111,11,3,-2.0,2,1,2,-7.07070707070707,2,"Michigan, United States",US,USMI,,43.3504,-84.5603,MI,4,"Ottawa, Ontario, Canada",CA,CA08,12755,45.4167,-75.7,-570760,2,"Michigan, United States",US,USMI,,43.3504,-84.5603,MI,20260717011500,https://aa.com.tr/en/americas/more-than-850-wildfires-raging-across-canada-with-smoke-afflicting-country-and-beyond/4000863
1313993385,20260717,202607,2026,2026.5397,USAMED,REUTERS,USA,,,,,MED,,,,,,,,,,,,,1,010,010,01,1,0.0,8,1,8,-1.60513643659711,3,"Georgetown University, District of Columbia, United States",US,USDC,DC001,38.9073,-77.0726,531568,0,,,,,,,,3,"Georgetown University, District of Columbia, United States",US,USDC,,38.9073,-77.0726,531568,20260717011500,https://www.yahoo.com/news/articles/trumps-championing-debunked-vote-conspiracies-234409086.html
1313993386,20260717,202607,2026,2026.5397,USAMED,WALL STREET JOURNAL,USA,,,,,MED,,,,,,,,,,,,,1,020,020,02,1,3.0,5,1,5,-0.26246719160105,2,"Montana, United States",US,USMT,,46.9048,-110.326,MT,0,,,,,,,,2,"Montana, United States",US,USMT,,46.9048,-110.326,MT,20260717011500,https://newstalkkgvo.com/ixp/1104/p/most-expensive-neighborhood-montana/
1313993387,20260717,202607,2026,2026.5397,USAMED,ASSOCIATED PRESS,USA,,,,,MED,,,USA,PHOENIX,USA,,,,,,,,0,070,070,07,2,7.0,20,2,20,-3.4238546449155,3,"Phoenix, Arizona, United States",US,USAZ,AZ013,33.4484,-112.074,44784,3,"Phoenix, Arizona, United States",US,USAZ,AZ013,33.4484,-112.074,44784,3,"Phoenix, Arizona, United States",US,USAZ,AZ013,33.4484,-112.074,44784,20260717011500,https://www.yahoo.com/news/politics/articles/maine-shooting-officers-background-raise-004001070.html
1313993388,20260717,202607,2026,2026.5397,USAMIL,THE US,USA,,,,,MIL,,,IRN,IRAN,IRN,,,,,,,,1,190,190,19,4,-10.0,2,1,2,-5,1,Iran,IR,IR,,32,53,IR,1,Iran,IR,IR,,32,53,IR,1,Iran,IR,IR,,32,53,IR,20260717011500,https://aa.com.tr/en/us-israel-iran-war/us-launches-6th-consecutive-night-of-strikes-against-iran-central-command/4000735
1313993389,20260717,202607,2026,2026.5397,USAPTY,UNITED STATES,USA,,,,,,,,,,,,,,,,,,0,040,040,04,1,1.0,2,1,2,-0.1031991744066,3,"Linn County, Iowa, United States",US,USIA,IA113,42.0667,-91.6002,465245,0,,,,,,,,3,"Linn County, Iowa, United States",US,USIA,,42.0667,-91.6002,465245,20260717011500,https://cbs2iowa.com/news/local/supervisors-clash-over-returning-to-5-seat-linn-county-board-after-moratorium-vote
1313993390,20260717,202607,2026,2026.5397,USAPTY,UNITED STATES,USA,,,,,,,,USA,UNITED STATES,USA,,,,,,,,0,040,040,04,1,1.0,4,1,4,-0.1031991744066,3,"Linn County, Iowa, United States",US,USIA,IA113,42.0667,-91.6002,465245,3,"Linn County, Iowa, United States",US,USIA,,42.0667,-91.6002,465245,3,"Linn County, Iowa, United States",US,USIA,,42.0667,-91.6002,465245,20260717011500,https://cbs2iowa.com/news/local/supervisors-clash-over-returning-to-5-seat-linn-county-board-after-moratorium-vote
1313993391,20260717,202607,2026,2026.5397,VAT,VATICAN,VAT,,,,,,,,,,,,,,,,,,0,0841,084,08,2,7.0,5,1,5,-3.57781753130591,3,"Washington, District of Columbia, United States",US,USDC,DC001,38.8951,-77.0364,531871,0,,,,,,,,3,"Washington, District of Columbia, United States",US,USDC,DC001,38.8951,-77.0364,531871,20260717011500,https://thecatholicherald.com/article/jd-vance-and-joe-rogan-discuss-aliens-angels-and-demons
1313993392,20260717,202607,2026,2026.5397,VNM,VIETNAM,VNM,,,,,,,,,,,,,,,,,,1,033,033,03,1,5.2,2,1,2,2.27920227920228,1,"Vietnam, Republic Of",VM,VM,,16.166667,107.833333,VM,0,,,,,,,,1,"Vietnam, Republic Of",VM,VM,,16.166667,107.833333,VM,20260717011500,https://www.argus-press.com/news/article_a7fa6cf8-4946-4fc6-9357-9b98dba6ea54.html
1313993393,20260717,202607,2026,2026.5397,VNM,VIETNAM,VNM,,,,,,,,,,,,,,,,,,1,071,071,07,2,7.4,4,1,4,2.27920227920228,1,"Vietnam, Republic Of",VM,VM,,16.166667,107.833333,VM,0,,,,,,,,1,"Vietnam, Republic Of",VM,VM,,16.166667,107.833333,VM,20260717011500,https://www.argus-press.com/news/article_a7fa6cf8-4946-4fc6-9357-9b98dba6ea54.html
1313993394,20260717,202607,2026,2026.5397,VNM,VIETNAM,VNM,,,,,,,,CVL,COMMUNITY,,,,,,CVL,,,0,051,051,05,1,3.4,4,1,4,2.27920227920228,1,"Vietnam, Republic Of",VM,VM,,16.166667,107.833333,VM,1,"Vietnam, Republic Of",VM,VM,,16.166667,107.833333,VM,1,"Vietnam, Republic Of",VM,VM,,16.166667,107.833333,VM,20260717011500,https://www.argus-press.com/news/article_a7fa6cf8-4946-4fc6-9357-9b98dba6ea54.html
1314009825,20250717,202507,2025,2025.5397,,,,,,,,,,,GBR,UNITED KINGDOM,GBR,,,,,,,,0,042,042,04,1,1.9,5,1,5,-1.80806675938804,0,,,,,,,,4,"Redditch, Worcestershire, United Kingdom",UK,UKQ4,40135,52.3,-1.93333,-2606085,4,"Redditch, Worcestershire, United Kingdom",UK,UKQ4,40135,52.3,-1.93333,-2606085,20260717043000,https://www.southwalesargus.co.uk/news/26287274.uk-clothing-retailer-risk-entering-administration/
1314009826,20250717,202507,2025,2025.5397,CAN,CANADIAN,CAN,,,,,,,,,,,,,,,,,,0,010,010,01,1,0.0,10,1,10,-2.67591674925669,4,"Flin Flon, Manitoba, Canada",CA,CA03,154724,54.7667,-101.883,-564707,0,,,,,,,,4,"Flin Flon, Manitoba, Canada",CA,CA03,154724,54.7667,-101.883,-564707,20260717043000,http://www.minnpost.com/environment/2026/07/the-smoky-season-in-minnesota-has-just-begun/
1314009827,20250717,202507,2025,2025.5397,COL,COLOMBIA,COL,,,,,,,,,,,,,,,,,,0,010,010,01,1,0.0,2,1,2,-4.87540628385699,1,Colombia,CO,CO,,4,-72,CO,0,,,,,,,,3,"White House, District of Columbia, United States",US,USDC,,38.8951,-77.0364,531871,20260717043000,https://www.abc.net.au/news/2026-07-17/ice-officer-maine-shooting-history-of-violence-allegations/106926976
1314009828,20250717,202507,2025,2025.5397,GBR,UNITED KINGDOM,GBR,,,,,,,,,,,,,,,,,,0,043,043,04,1,2.8,5,1,5,-1.80806675938804,4,"Redditch, Worcestershire, United Kingdom",UK,UKQ4,40135,52.3,-1.93333,-2606085,0,,,,,,,,4,"Redditch, Worcestershire, United Kingdom",UK,UKQ4,40135,52.3,-1.93333,-2606085,20260717043000,https://www.southwalesargus.co.uk/news/26287274.uk-clothing-retailer-risk-entering-administration/
1314009829,20250717,202507,2025,2025.5397,GBR,UNITED KINGDOM,GBR,,,,,,,,GOV,ADMINISTRATION,,,,,,GOV,,,0,043,043,04,1,2.8,5,1,5,-1.80806675938804,4,"Redditch, Worcestershire, United Kingdom",UK,UKQ4,40135,52.3,-1.93333,-2606085,4,"Redditch, Worcestershire, United Kingdom",UK,UKQ4,40135,52.3,-1.93333,-2606085,4,"Redditch, Worcestershire, United Kingdom",UK,UKQ4,40135,52.3,-1.93333,-2606085,20260717043000,https://www.southwalesargus.co.uk/news/26287274.uk-clothing-retailer-risk-entering-administration/
1314009830,20250717,202507,2025,2025.5397,GOV,ADMINISTRATION,,,,,,GOV,,,GBR,UNITED KINGDOM,GBR,,,,,,,,0,042,042,04,1,1.9,5,1,5,-1.80806675938804,4,"Redditch, Worcestershire, United Kingdom",UK,UKQ4,40135,52.3,-1.93333,-2606085,4,"Redditch, Worcestershire, United Kingdom",UK,UKQ4,40135,52.3,-1.93333,-2606085,4,"Redditch, Worcestershire, United Kingdom",UK,UKQ4,40135,52.3,-1.93333,-2606085,20260717043000,https://www.southwalesargus.co.uk/news/26287274.uk-clothing-retailer-risk-entering-administration/
1314009831,20250717,202507,2025,2025.5397,USA,AMERICAN,USA,,,,,,,,BUS,AIRLINE,,,,,,BUS,,,1,040,040,04,1,1.0,10,1,10,-0.72202166064982,1,United Kingdom,UK,UK,,54,-4,UK,1,United Kingdom,UK,UK,,54,-4,UK,1,United Kingdom,UK,UK,,54,-4,UK,20260717043000,https://www.thetimes.com/travel/advice/what-are-the-eus-new-baggage-rules-bmshk70fc
1314009832,20260710,202607,2026,2026.5205,NZL,NEW ZEALAND,NZL,,,,,,,,,,,,,,,,,,1,010,010,01,1,0.0,2,1,2,-3.45125107851596,4,"Canberra, Australian Capital Territory, Australia",AS,AS01,4940,-35.2833,149.217,-1563952,0,,,,,,,,4,"Canberra, Australian Capital Territory, Australia",AS,AS01,4940,-35.2833,149.217,-1563952,20260717043000,https://www.wellingtontimes.com.au/story/9312365/why-angus-taylors-cack-handed-performance-alienates-voters/
1314009833,20260717,202607,2026,2026.5397,,,,,,,,,,,AUS,AUSTRALIA,AUS,,,,,,,,0,173,173,17,4,-5.0,3,3,3,-6.27887902291335,0,,,,,,,,4,"Brisbane, Queensland, Australia",AS,AS04,154654,-27.5,153.017,-1561728,4,"Brisbane, Queensland, Australia",AS,AS04,154654,-27.5,153.017,-1561728,20260717043000,https://www.bunburymail.com.au/story/9312669/elderly-man-denies-murdering-afl-champs-lost-brother/
1314009834,20260717,202607,2026,2026.5397,,,,,,,,,,,AUSELI,PAUL KEATING,AUS,,,,,ELI,,,0,042,042,04,1,1.9,2,1,2,-3.45125107851596,0,,,,,,,,4,"Wellington, New Zealand (general), New Zealand",NZ,NZ00,22391,-41.3,174.783,-1521348,4,"Wellington, New Zealand (general), New Zealand",NZ,NZ00,22391,-41.3,174.783,-1521348,20260717043000,https://www.wellingtontimes.com.au/story/9312365/why-angus-taylors-cack-handed-performance-alienates-voters/
1314009835,20260717,202607,2026,2026.5397,,,,,,,,,,,AUSELI,PAUL KEATING,AUS,,,,,ELI,,,0,042,042,04,1,1.9,2,1,2,-3.44827586206897,0,,,,,,,,4,"Cessnock, New South Wales, Australia",AS,AS02,5096,-32.8321,151.356,-1565008,4,"Cessnock, New South Wales, Australia",AS,AS02,5096,-32.8321,151.356,-1565008,20260717043000,https://www.cessnockadvertiser.com.au/story/9312365/why-angus-taylors-cack-handed-performance-alienates-voters/
1314009836,20260717,202607,2026,2026.5397,,,,,,,,,,,AUSGOVDEV,AUSTRALIAN,AUS,,,,,GOV,DEV,,1,046,046,04,1,7.0,3,1,3,-1.47058823529412,0,,,,,,,,1,Australia,AS,AS,,-25,135,AS,1,Australia,AS,AS,,-25,135,AS,20260717043000,https://www.macrobusiness.com.au/2026/07/proof-australias-public-service-needs-to-be-downsized/
1314009837,20260717,202607,2026,2026.5397,,,,,,,,,,,BUS,BANK,,,,,,BUS,,,0,020,020,02,1,3.0,1,1,1,2.92504570383913,0,,,,,,,,3,"Graves County, Kentucky, United States",US,USKY,,36.7334,-88.65,516888,2,"Kentucky, United States",US,USKY,,37.669,-84.6514,KY,20260717043000,https://www.wpsdlocal6.com/news/independence-bank-in-mayfield-celebrates-10-years-of-service/article_a285456e-8317-4797-a3b6-aac8951f9c7e.html
1314009838,20260717,202607,2026,2026.5397,,,,,,,,,,,BUS,BANK,,,,,,BUS,,,0,020,020,02,1,3.0,7,1,7,2.92504570383913,0,,,,,,,,2,"Kentucky, United States",US,USKY,,37.669,-84.6514,KY,2,"Kentucky, United States",US,USKY,,37.669,-84.6514,KY,20260717043000,https://www.wpsdlocal6.com/news/independence-bank-in-mayfield-celebrates-10-years-of-service/article_a285456e-8317-4797-a3b6-aac8951f9c7e.html
1314009839,20260717,202607,2026,2026.5397,,,,,,,,,,,BUS,INVESTOR,,,,,,BUS,,,0,052,052,05,1,3.5,10,1,10,-1.51133501259446,0,,,,,,,,2,"New York, United States",US,USNY,,42.1497,-74.9384,NY,2,"New York, United States",US,USNY,,42.1497,-74.9384,NY,20260717043000,https://finance.yahoo.com/markets/stocks/articles/3-5-billion-reason-terawulf-172601927.html
1314009840,20260717,202607,2026,2026.5397,,,,,,,,,,,BUS,BUSINESS,,,,,,BUS,,,1,190,190,19,4,-10.0,10,1,10,2.72536687631027,0,,,,,,,,4,"Rome, Lazio, Italy",IT,IT07,18350,41.9,12.4833,-126693,4,"Rome, Lazio, Italy",IT,IT07,18350,41.9,12.4833,-126693,20260717043000,https://www.dailyrecord.co.uk/news/scottish-news/tiny-baby-named-hope-inspires-37438660
1314009841,20260717,202607,2026,2026.5397,,,,,,,,,,,CAN,CANADA,CAN,,,,,,,,1,042,042,04,1,1.9,10,1,10,-2.67591674925669,0,,,,,,,,3,"Chanhassen, Minnesota, United States",US,USMN,MN019,44.8622,-93.5308,641106,3,"Chanhassen, Minnesota, United States",US,USMN,MN019,44.8622,-93.5308,641106,20260717043000,http://www.minnpost.com/environment/2026/07/the-smoky-season-in-minnesota-has-just-begun/
1314009842,20260717,202607,2026,2026.5397,,,,,,,,,,,COL,COLOMBIA,COL,,,,,,,,0,015,015,01,1,0.0,4,1,4,-4.87540628385699,0,,,,,,,,1,Colombia,CO,CO,,4,-72,CO,1,Colombia,CO,CO,,4,-72,CO,20260717043000,https://www.abc.net.au/news/2026-07-17/ice-officer-maine-shooting-history-of-violence-allegations/106926976
1314009843,20260717,202607,2026,2026.5397,,,,,,,,,,,COL,COLOMBIA,COL,,,,,,,,0,041,041,04,1,1.0,4,1,4,-4.87540628385699,0,,,,,,,,1,Colombia,CO,CO,,4,-72,CO,1,Colombia,CO,CO,,4,-72,CO,20260717043000,https://www.abc.net.au/news/2026-07-17/ice-officer-maine-shooting-history-of-violence-allegations/106926976
1314009844,20260717,202607,2026,2026.5397,,,,,,,,,,,COL,COLOMBIA,COL,,,,,,,,0,1123,112,11,3,-2.0,4,1,4,-4.87540628385699,0,,,,,,,,1,Colombia,CO,CO,,4,-72,CO,1,Colombia,CO,CO,,4,-72,CO,20260717043000,https://www.abc.net.au/news/2026-07-17/ice-officer-maine-shooting-history-of-violence-allegations/106926976
1314009845,20260717,202607,2026,2026.5397,,,,,,,,,,,COP,POLICE FORCE,,,,,,COP,,,1,043,043,04,1,2.8,2,1,2,1.12044817927171,0,,,,,,,,4,"Limbang, Sarawak, Malaysia",MY,MY11,37438,4.75,115,-2400375,4,"Limbang, Sarawak, Malaysia",MY,MY11,37438,4.75,115,-2400375,20260717043000,https://www.theborneopost.com/2026/07/17/190-miri-prison-inmates-transferred-to-limbang-by-sea-to-ease-overcrowding/
1314009846,20260717,202607,2026,2026.5397,,,,,,,,,,,COP,PRISON,,,,,,COP,,,0,173,173,17,4,-5.0,2,1,2,-9.1468101460415,0,,,,,,,,3,"Decatur, Illinois, United States",US,USIL,IL115,39.8403,-88.9548,407044,3,"Decatur, Illinois, United States",US,USIL,IL115,39.8403,-88.9548,407044,20260717043000,https://www.accountingtoday.com/news/tax-fraud-blotter-win-some-lose-some
1314009847,20260717,202607,2026,2026.5397,,,,,,,,,,,COP,PRISON,,,,,,COP,,,0,173,173,17,4,-5.0,2,1,2,-9.1468101460415,0,,,,,,,,2,"Illinois, United States",US,USIL,,40.3363,-89.0022,IL,2,"Illinois, United States",US,USIL,,40.3363,-89.0022,IL,20260717043000,https://www.accountingtoday.com/news/tax-fraud-blotter-win-some-lose-some
1314009848,20260717,202607,2026,2026.5397,,,,,,,,,,,CRM,BANDIT,,,,,,CRM,,,1,042,042,04,1,1.9,6,1,6,0.42372881355932,0,,,,,,,,2,"Utah, United States",US,USUT,,40.1135,-111.854,UT,2,"Utah, United States",US,USUT,,40.1135,-111.854,UT,20260717043000,https://www.wcjb.com/2026/07/17/pro-gators-gator-softball-great-skylar-wallace-makes-ausl-history-with-first-3-hr-game/
1314009849,20260717,202607,2026,2026.5397,,,,,,,,,,,CVL,COMMUNITY,,,,,,CVL,,,1,014,014,01,1,0.0,5,1,5,0,0,,,,,,,,4,"Johor, Johor, Malaysia",MY,MY01,18585,1.4655,103.758,-2405456,4,"Johor, Johor, Malaysia",MY,MY01,18585,1.4655,103.758,-2405456,20260717043000,https://cointelegraph.com/news/balaji-seeks-malaysia-deal-threatens-exit-after-network-school-probe
1314009850,20260717,202607,2026,2026.5397,,,,,,,,,,,CVL,ENGINEER,,,,,,CVL,,,1,020,020,02,1,3.0,8,1,8,2.51256281407035,0,,,,,,,,4,"Nairobi, Nairobi Area, Kenya",KE,KE05,18585,-1.28333,36.8167,-2258072,4,"Nairobi, Nairobi Area, Kenya",KE,KE05,18585,-1.28333,36.8167,-2258072,20260717043000,https://africasacountry.com/2026/07/from-colonial-storage-to-open-access
1314009851,20260717,202607,2026,2026.5397,,,,,,,,,,,CVL,ENGINEER,,,,,,CVL,,,1,020,020,02,1,3.0,2,1,2,2.51256281407035,0,,,,,,,,4,"Kilele, Singida, Tanzania",TZ,TZ16,18585,-4.21667,34.4833,-2565008,4,"Kilele, Singida, Tanzania",TZ,TZ16,18585,-4.21667,34.4833,-2565008,20260717043000,https://africasacountry.com/2026/07/from-colonial-storage-to-open-access
1314009852,20260717,202607,2026,2026.5397,,,,,,,,,,,CVL,COMMUNITY,,,,,,CVL,,,1,040,040,04,1,1.0,3,1,3,2.51256281407035,0,,,,,,,,4,"Nairobi, Nairobi Area, Kenya",KE,KE05,18585,-1.28333,36.8167,-2258072,4,"Nairobi, Nairobi Area, Kenya",KE,KE05,18585,-1.28333,36.8167,-2258072,20260717043000,https://africasacountry.com/2026/07/from-colonial-storage-to-open-access
1314009853,20260717,202607,2026,2026.5397,,,,,,,,,,,CVL,COMMUNITY,,,,,,CVL,,,1,040,040,04,1,1.0,1,1,1,2.51256281407035,0,,,,,,,,1,Rwanda,RW,RW,,-2,30,RW,4,"Nairobi, Nairobi Area, Kenya",KE,KE05,18585,-1.28333,36.8167,-2258072,20260717043000,https://africasacountry.com/2026/07/from-colonial-storage-to-open-access
1314009854,20260717,202607,2026,2026.5397,,,,,,,,,,,CVL,COMMUNITY,,,,,,CVL,,,1,040,040,04,1,1.0,1,1,1,2.51256281407035,0,,,,,,,,1,Rwanda,RW,RW,,-2,30,RW,1,Rwanda,RW,RW,,-2,30,RW,20260717043000,https://africasacountry.com/2026/07/from-colonial-storage-to-open-access
1314009855,20260717,202607,2026,2026.5397,,,,,,,,,,,CVL,COMMUNITY,,,,,,CVL,,,1,042,042,04,1,1.9,3,1,3,2.51256281407035,0,,,,,,,,4,"Nairobi, Nairobi Area, Kenya",KE,KE05,18585,-1.28333,36.8167,-2258072,4,"Nairobi, Nairobi Area, Kenya",KE,KE05,18585,-1.28333,36.8167,-2258072,20260717043000,https://africasacountry.com/2026/07/from-colonial-storage-to-open-access
1314009856,20260717,202607,2026,2026.5397,,,,,,,,,,,CVL,RESIDENTS,,,,,,CVL,,,1,042,042,04,1,1.9,6,1,6,-1.04166666666666,0,,,,,,,,3,"Beaver County, Utah, United States",US,USUT,,38.3744,-113.126,1448015,3,"Beaver County, Utah, United States",US,USUT,,38.3744,-113.126,1448015,20260717043000,https://www.fox13now.com/news/local-news/central-utah/beaver-county-residents-set-up-thousands-of-sandbags-ahead-of-flashfloods
1314009857,20260717,202607,2026,2026.5397,,,,,,,,,,,CVL,VOTER,,,,,,CVL,,,0,042,042,04,1,1.9,10,1,10,-4.29338103756708,0,,,,,,,,3,"White House, District of Columbia, United States",US,USDC,,38.8951,-77.0364,531871,3,"White House, District of Columbia, United States",US,USDC,,38.8951,-77.0364,531871,20260717043000,https://www.breitbart.com/politics/2026/07/16/kamala-harris-trump-address-2020-election-not-stolen/
1314009858,20260717,202607,2026,2026.5397,,,,,,,,,,,CVL,COMMUNITY,,,,,,CVL,,,1,042,042,04,1,1.9,2,1,2,2.51256281407035,0,,,,,,,,1,Rwanda,RW,RW,,-2,30,RW,1,Rwanda,RW,RW,,-2,30,RW,20260717043000,https://africasacountry.com/2026/07/from-colonial-storage-to-open-access
1314009859,20260717,202607,2026,2026.5397,,,,,,,,,,,CVL,COMMUNITY,,,,,,CVL,,,1,051,051,05,1,3.4,5,1,5,0,0,,,,,,,,4,"Johor, Johor, Malaysia",MY,MY01,18585,1.4655,103.758,-2405456,4,"Johor, Johor, Malaysia",MY,MY01,18585,1.4655,103.758,-2405456,20260717043000,https://cointelegraph.com/news/balaji-seeks-malaysia-deal-threatens-exit-after-network-school-probe
1314009860,20260717,202607,2026,2026.5397,,,,,,,,,,,DEU,DANAU,DEU,,,,,,,,1,043,043,04,1,2.8,10,1,10,-0.887573964497039,0,,,,,,,,0,,,,,,,,0,,,,,,,,20260717043000,https://www.theborneopost.com/2026/07/17/paulus-monitors-batu-danau-rtp-projects-urges-action-on-delayed-works/
1314009861,20260717,202607,2026,2026.5397,,,,,,,,,,,EDU,SCHOOL,,,,,,EDU,,,1,033,033,03,1,5.2,2,1,2,-1.1208967173739,0,,,,,,,,3,"Aptos, California, United States",US,USCA,CA087,36.9772,-121.899,1657939,3,"Aptos, California, United States",US,USCA,CA087,36.9772,-121.899,1657939,20260717043000,https://www.santacruzsentinel.com/2026/07/16/pajaro-valley-school-board-extends-school-resource-officer-contracts/
1314009862,20260717,202607,2026,2026.5397,,,,,,,,,,,EDU,STUDENT,,,,,,EDU,,,0,042,042,04,1,1.9,8,1,8,1.35527589545015,0,,,,,,,,1,Thailand,TH,TH,,15,100,TH,1,Thailand,TH,TH,,15,100,TH,20260717043000,https://news.mit.edu/2026/diana-grass-listens-to-bodys-language-0717
1314009863,20260717,202607,2026,2026.5397,,,,,,,,,,,EDU,STUDENT,,,,,,EDU,,,0,042,042,04,1,1.9,2,1,2,1.35527589545015,0,,,,,,,,1,Thailand,TH,TH,,15,100,TH,1,United States,US,US,,39.828175,-98.5795,US,20260717043000,https://news.mit.edu/2026/diana-grass-listens-to-bodys-language-0717
1314009864,20260717,202607,2026,2026.5397,,,,,,,,,,,EDU,SCHOOL,,,,,,EDU,,,1,043,043,04,1,2.8,10,1,10,0.75,0,,,,,,,,1,Australia,AS,AS,,-25,135,AS,1,Australia,AS,AS,,-25,135,AS,20260717043000,https://theconversation.com/my-kids-and-i-are-so-fed-up-with-each-other-as-the-holidays-come-to-an-end-how-can-we-reset-287675
1314009865,20260717,202607,2026,2026.5397,,,,,,,,,,,EDU,STUDENT,,,,,,EDU,,,1,130,130,13,3,-4.4,5,1,5,0.21645021645022,0,,,,,,,,4,"Bihar, Bihar, India",IN,IN34,17615,25.1833,85.5167,-2091797,4,"Bihar, Bihar, India",IN,IN34,17615,25.1833,85.5167,-2091797,20260717043000,https://www.newsx.com/education/re-neet-ug-2026-result-out-neetntanicin-direct-link-to-download-nta-neet-toppers-list-neet-ug-answer-key-counselling-round-249364/
1314009866,20260717,202607,2026,2026.5397,,,,,,,,,,,EDU,SCHOOL,,,,,,EDU,,,1,190,190,19,4,-10.0,6,1,6,-1.5909090909091,0,,,,,,,,3,"Ben Lomond High School, Utah, United States",US,USUT,,41.2505,-111.952,1438589,3,"Ben Lomond High School, Utah, United States",US,USUT,,41.2505,-111.952,1438589,20260717043000,https://www.fox13now.com/news/local-news/northern-utah/mother-of-teen-killed-in-ben-lomond-high-school-shooting-speaks-out
1314009867,20260717,202607,2026,2026.5397,,,,,,,,,,,EUR,EUROPEAN,EUR,,,,,,,,1,042,042,04,1,1.9,10,1,10,-1.59362549800797,0,,,,,,,,4,"Ealing, Ealing, United Kingdom",UK,UKD9,40110,51.4888,-0.30479,-2595044,4,"Ealing, Ealing, United Kingdom",UK,UKD9,40110,51.4888,-0.30479,-2595044,20260717043000,https://www.theamericanconservative.com/ann-widdecombe-murdered-reform-uk-pol-was-the-best-of-britain/
1314009868,20260717,202607,2026,2026.5397,,,,,,,,,,,EUR,EUROPEAN,EUR,,,,,,,,0,051,051,05,1,3.4,7,1,7,-5.46792849631966,0,,,,,,,,4,"Pylos, Perifereia Peloponnisou, Greece",GR,GR62,16714,36.91,21.6986,-826268,4,"Ugarit, Al Ladhiqiyah, Syria",SY,SY02,26369,35.5833,35.75,-2546582,20260717043000,https://theconversation.com/the-odyssey-is-haunted-by-the-mysterious-sea-peoples-but-who-were-they-really-287686
1314009869,20260717,202607,2026,2026.5397,,,,,,,,,,,EUR,EUROPEAN,EUR,,,,,,,,0,051,051,05,1,3.4,3,1,3,-5.46792849631966,0,,,,,,,,4,"Pylos, Perifereia Peloponnisou, Greece",GR,GR62,16714,36.91,21.6986,-826268,4,"Pylos, Perifereia Peloponnisou, Greece",GR,GR62,16714,36.91,21.6986,-826268,20260717043000,https://theconversation.com/the-odyssey-is-haunted-by-the-mysterious-sea-peoples-but-who-were-they-really-287686
1314009870,20260717,202607,2026,2026.5397,,,,,,,,,,,EUR,EUROPE,EUR,,,,,,,,0,0874,087,08,2,10.0,10,1,10,2.80112044817927,0,,,,,,,,1,India,IN,IN,,20,77,IN,1,India,IN,IN,,20,77,IN,20260717043000,https://www.freepressjournal.in/tech/oneplus-announces-exit-from-europe-and-us-kills-new-oxygenos-updates-globally
1314009871,20260717,202607,2026,2026.5397,,,,,,,,,,,GBR,UNITED KINGDOM,GBR,,,,,,,,0,036,036,03,1,4.0,2,1,2,-1.59362549800797,0,,,,,,,,4,"Rotherham, Rotherham, United Kingdom",UK,UKL3,40130,53.4333,-1.35,-2606551,4,"Rotherham, Rotherham, United Kingdom",UK,UKL3,40130,53.4333,-1.35,-2606551,20260717043000,https://www.theamericanconservative.com/ann-widdecombe-murdered-reform-uk-pol-was-the-best-of-britain/
1314009872,20260717,202607,2026,2026.5397,,,,,,,,,,,GBR,UNITED KINGDOM,GBR,,,,,,,,1,190,190,19,4,-10.0,4,1,4,-5.3030303030303,0,,,,,,,,5,"Oxfordshire, Oxfordshire, United Kingdom",UK,UKK2,40127,51.7823,-1.31405,-2604914,5,"Oxfordshire, Oxfordshire, United Kingdom",UK,UKK2,40127,51.7823,-1.31405,-2604914,20260717043000,https://www.oxfordmail.co.uk/news/26280582.oxford-woman-found-dead-scotland-inquest-opening-hears/
1314009873,20260717,202607,2026,2026.5397,,,,,,,,,,,GBRCOP,SCOTLAND,GBR,,,,,COP,,,1,190,190,19,4,-10.0,6,1,6,-3.24543610547668,0,,,,,,,,1,United Kingdom,UK,UK,,54,-4,UK,1,United Kingdom,UK,UK,,54,-4,UK,20260717043000,https://www.dailyrecord.co.uk/news/scottish-news/shock-new-figures-show-500-37439802
1314009874,20260717,202607,2026,2026.5397,,,,,,,,,,,GBREDU,CARDIFF,GBR,,,,,EDU,,,1,042,042,04,1,1.9,5,1,5,2.1021021021021,0,,,,,,,,0,,,,,,,,0,,,,,,,,20260717043000,https://www.southwalesargus.co.uk/news/26286290.lis-mapley-graduates-ma-history-cardiff-university/
1314009875,20260717,202607,2026,2026.5397,,,,,,,,,,,GOV,PRESIDENT,,,,,,GOV,,,1,051,051,05,1,3.4,6,1,6,-1.65929203539823,0,,,,,,,,2,"South Carolina, United States",US,USSC,,33.8191,-80.9066,SC,2,"South Carolina, United States",US,USSC,,33.8191,-80.9066,SC,20260717043000,https://www.thedailybeast.com/maga-melts-down-at-networks-switching-off-trump/
1314009876,20260717,202607,2026,2026.5397,,,,,,,,,,,GOV,GOVERNMENT,,,,,,GOV,,,1,130,130,13,3,-4.4,6,1,6,-3.91705069124424,0,,,,,,,,1,Australia,AS,AS,,-25,135,AS,1,Australia,AS,AS,,-25,135,AS,20260717043000,https://www.macrobusiness.com.au/2026/07/one-nations-5-housing-deposit-scheme-a-recipe-for-disaster/
1314009877,20260717,202607,2026,2026.5397,,,,,,,,,,,GRC,GREEK,GRC,,,,,,,,0,020,020,02,1,3.0,10,1,10,-5.46792849631966,0,,,,,,,,4,"Pylos, Perifereia Peloponnisou, Greece",GR,GR62,16714,36.91,21.6986,-826268,4,"Pylos, Perifereia Peloponnisou, Greece",GR,GR62,16714,36.91,21.6986,-826268,20260717043000,https://theconversation.com/the-odyssey-is-haunted-by-the-mysterious-sea-peoples-but-who-were-they-really-287686
1314009878,20260717,202607,2026,2026.5397,,,,,,,,,,,GRC,GREECE,GRC,,,,,,,,0,040,040,04,1,1.0,2,1,2,2.97520661157025,0,,,,,,,,1,Greece,GR,GR,,39,22,GR,1,Greece,GR,GR,,39,22,GR,20260717043000,https://www.moneycontrol.com/entertainment/the-odyssey-director-christopher-nolan-net-worth-rs-2-410-crore-kingdom-luxurious-properties-cars-and-more-article-13976288.html
1314009879,20260717,202607,2026,2026.5397,,,,,,,,,,,HLH,HOSPITAL,,,,,,HLH,,,1,010,010,01,1,0.0,5,1,5,-5.34351145038168,0,,,,,,,,4,"Hyderabad, Andhra Pradesh, India",IN,IN02,17564,17.3753,78.4744,-2097701,4,"Hyderabad, Andhra Pradesh, India",IN,IN02,17564,17.3753,78.4744,-2097701,20260717043000,https://www.moneycontrol.com/health-and-fitness/covid-19-cases-surge-do-you-need-to-worry-doctor-shares-symptoms-to-watch-for-prevention-measures-and-more-article-13976307.html
1314009880,20260717,202607,2026,2026.5397,,,,,,,,,,,HLH,PHYSICIAN,,,,,,HLH,,,1,020,020,02,1,3.0,5,1,5,-5.34351145038168,0,,,,,,,,4,"Hyderabad, Andhra Pradesh, India",IN,IN02,17564,17.3753,78.4744,-2097701,4,"Hyderabad, Andhra Pradesh, India",IN,IN02,17564,17.3753,78.4744,-2097701,20260717043000,https://www.moneycontrol.com/health-and-fitness/covid-19-cases-surge-do-you-need-to-worry-doctor-shares-symptoms-to-watch-for-prevention-measures-and-more-article-13976307.html
1314009881,20260717,202607,2026,2026.5397,,,,,,,,,,,IND,MUMBAI,IND,,,,,,,,1,042,042,04,1,1.9,6,1,6,-2.66666666666666,0,,,,,,,,4,"Mumbai, Maharashtra, India",IN,IN16,70184,18.975,72.8258,-2092174,4,"Mumbai, Maharashtra, India",IN,IN16,70184,18.975,72.8258,-2092174,20260717043000,https://www.freepressjournal.in/mumbai/mumbai-monsoon-2026-city-crosses-july-rainfall-average-but-water-reservoirs-remain-half-full
1314009882,20260717,202607,2026,2026.5397,,,,,,,,,,,IRN,IRAN,IRN,,,,,,,,1,042,042,04,1,1.9,2,1,2,-6.84410646387833,0,,,,,,,,4,"Bandar Abbas, Hormozgan, Iran",IR,IR11,40896,27.1865,56.2808,-3055107,4,"Bandar Abbas, Hormozgan, Iran",IR,IR11,40896,27.1865,56.2808,-3055107,20260717043000,https://www.aljazeera.com/news/2026/7/17/iea-chief-warns-strait-of-hormuz-crisis-threatens-global-energy-security
1314009883,20260717,202607,2026,2026.5397,,,,,,,,,,,ITA,BRINDISI,ITA,,,,,,,,0,036,036,03,1,4.0,8,1,5,1.27077223851417,0,,,,,,,,4,"Riorges, RhôAlpes, France",FR,FRB9,16331,46.0418,4.04965,-1461974,4,"Riorges, RhôAlpes, France",FR,FRB9,16331,46.0418,4.04965,-1461974,20260717043000,https://www.thetimes.com/travel/destinations/europe-travel/italy/milan/i-went-to-milan-to-improve-my-italian-this-is-what-i-learnt-lhx5drlhb
1314009884,20260717,202607,2026,2026.5397,,,,,,,,,,,ITA,ITALIAN,ITA,,,,,,,,0,040,040,04,1,1.0,5,1,5,1.27077223851417,0,,,,,,,,4,"Milan, Lombardia, Italy",IT,IT09,18363,45.4667,9.2,-121726,4,"Milan, Lombardia, Italy",IT,IT09,18363,45.4667,9.2,-121726,20260717043000,https://www.thetimes.com/travel/destinations/europe-travel/italy/milan/i-went-to-milan-to-improve-my-italian-this-is-what-i-learnt-lhx5drlhb
1314009885,20260717,202607,2026,2026.5397,,,,,,,,,,,ITA,MILAN,ITA,,,,,,,,0,090,090,09,2,-2.0,10,1,10,1.27077223851417,0,,,,,,,,4,"Milan, Lombardia, Italy",IT,IT09,18363,45.4667,9.2,-121726,4,"Milan, Lombardia, Italy",IT,IT09,18363,45.4667,9.2,-121726,20260717043000,https://www.thetimes.com/travel/destinations/europe-travel/italy/milan/i-went-to-milan-to-improve-my-italian-this-is-what-i-learnt-lhx5drlhb
1314009886,20260717,202607,2026,2026.5397,,,,,,,,,,,JOR,JORDAN,JOR,,,,,,,,1,043,043,04,1,2.8,10,1,10,-3.6,0,,,,,,,,0,,,,,,,,0,,,,,,,,20260717043000,https://www.southwalesargus.co.uk/news/26275210.inquest-opened-man-27-found-dead-home-tredegar/
1314009887,20260717,202607,2026,2026.5397,,,,,,,,,,,JOR,JORDAN,JOR,,,,,,,,0,173,173,17,4,-5.0,10,1,10,-4.84652665589661,0,,,,,,,,0,,,,,,,,0,,,,,,,,20260717043000,https://www.oxfordmail.co.uk/news/26286610.spotlight-oxford-park-amid-teenage-girls-sexual-assault/
1314009888,20260717,202607,2026,2026.5397,,,,,,,,,,,JPN,TOKYO,JPN,,,,,,,,0,036,036,03,1,4.0,4,1,4,0.39011703511053,0,,,,,,,,4,"Japanese Alps, Japan (general), Japan",JA,JA00,33990,36,137,-238701,4,"Japanese Alps, Japan (general), Japan",JA,JA00,33990,36,137,-238701,20260717043000,https://www.thetimes.com/travel/destinations/asia-travel/japan/japan-alps-mountain-route-kqlff9nw8
1314009889,20260717,202607,2026,2026.5397,,,,,,,,,,,JUD,PROSECUTOR,,,,,,JUD,,,1,020,020,02,1,3.0,10,1,10,-3.93442622950819,0,,,,,,,,3,"Easthampton, Massachusetts, United States",US,USMA,MA015,42.2668,-72.669,608739,3,"Easthampton, Massachusetts, United States",US,USMA,MA015,42.2668,-72.669,608739,20260717043000,https://www.capeandislands.org/2026-07-16/easthampton-city-council-passes-resolution-to-hold-ice-accountable-under-state-law
1314009890,20260717,202607,2026,2026.5397,,,,,,,,,,,LAB,EMPLOYEE,,,,,,LAB,,,1,042,042,04,1,1.9,5,1,5,3.20512820512821,0,,,,,,,,2,"Virginia, United States",US,USVA,,37.768,-78.2057,VA,2,"Virginia, United States",US,USVA,,37.768,-78.2057,VA,20260717043000,https://www.wxxv25.com/mdot-roadeo-showcases-equipment-operators-skills-in-gulfport/
1314009891,20260717,202607,2026,2026.5397,,,,,,,,,,,LEG,REPRESENTATIVES,,,,,,LEG,,,1,020,020,02,1,3.0,3,1,3,-0.32025620496397,0,,,,,,,,3,"Los Angeles, California, United States",US,USCA,,34.0522,-118.244,1662328,3,"Los Angeles, California, United States",US,USCA,,34.0522,-118.244,1662328,20260717043000,https://www.dailymail.com/tvshowbiz/article-15983835/angelina-jolie-life-change-kids-twins-vivienne-knox.html
1314009892,20260717,202607,2026,2026.5397,,,,,,,,,,,LEG,REPRESENTATIVES,,,,,,LEG,,,1,041,041,04,1,1.0,10,1,10,-6.09756097560976,0,,,,,,,,0,,,,,,,,0,,,,,,,,20260717043000,https://macaudailytimes.com.mo/dicj-casinos-discuss-measures-to-curb-illegal-phone-betting.html
1314009893,20260717,202607,2026,2026.5397,,,,,,,,,,,LEG,CHAMBER,,,,,,LEG,,,1,051,051,05,1,3.4,6,1,6,1.21212121212121,0,,,,,,,,1,Russia,RS,RS,,60,100,RS,1,Russia,RS,RS,,60,100,RS,20260717043000,https://www.hindustantimes.com/india-news/60-us-senators-back-new-bill-proposing-100-tariffs-on-india-for-buying-russian-oil-101784261547349.html
1314009894,20260717,202607,2026,2026.5397,,,,,,,,,,,LEG,HOUSE OF REPRESENTATIVES,,,,,,LEG,,,0,051,051,05,1,3.4,2,1,2,0.33407572383073,0,,,,,,,,2,"Texas, United States",US,USTX,,31.106,-97.6475,TX,4,"Moscow, Moskva, Russia",RS,RS48,25106,55.7522,37.6156,-2960561,20260717043000,https://www.rferl.org/a/senate-russia-sanctions-legislation-graham-war/33805545.html
1314009895,20260717,202607,2026,2026.5397,,,,,,,,,,,LEG,HOUSE OF REPRESENTATIVES,,,,,,LEG,,,0,051,051,05,1,3.4,8,1,8,0.33407572383073,0,,,,,,,,2,"Texas, United States",US,USTX,,31.106,-97.6475,TX,2,"Texas, United States",US,USTX,,31.106,-97.6475,TX,20260717043000,https://www.rferl.org/a/senate-russia-sanctions-legislation-graham-war/33805545.html
1314009896,20260717,202607,2026,2026.5397,,,,,,,,,,,MED,JOURNALIST,,,,,,MED,,,0,040,040,04,1,1.0,4,1,4,-1.65929203539823,0,,,,,,,,3,"White House, District of Columbia, United States",US,USDC,,38.8951,-77.0364,531871,3,"White House, District of Columbia, United States",US,USDC,,38.8951,-77.0364,531871,20260717043000,https://www.thedailybeast.com/maga-melts-down-at-networks-switching-off-trump/
1314009897,20260717,202607,2026,2026.5397,,,,,,,,,,,MED,JOURNALIST,,,,,,MED,,,0,040,040,04,1,1.0,6,1,6,-1.65929203539823,0,,,,,,,,2,"South Carolina, United States",US,USSC,,33.8191,-80.9066,SC,2,"South Carolina, United States",US,USSC,,33.8191,-80.9066,SC,20260717043000,https://www.thedailybeast.com/maga-melts-down-at-networks-switching-off-trump/
1314009898,20260717,202607,2026,2026.5397,,,,,,,,,,,MED,JOURNALIST,,,,,,MED,,,0,042,042,04,1,1.9,8,1,8,0.26501766784452,0,,,,,,,,3,"Salt Lake, Utah, United States",US,USUT,,39.1559,-112.691,1436291,3,"Salt Lake, Utah, United States",US,USUT,,39.1559,-112.691,1436291,20260717043000,https://www.fox13now.com/news/fox-13-investigates/heres-how-much-water-kevin-olearys-partner-says-data-center-will-use-and-what-it-could-mean-for-utah
1314009899,20260717,202607,2026,2026.5397,,,,,,,,,,,MED,MAGAZINE,,,,,,MED,,,1,042,042,04,1,1.9,5,1,5,3.87453874538745,0,,,,,,,,2,"Oregon, United States",US,USOR,,44.5672,-122.127,OR,2,"Oregon, United States",US,USOR,,44.5672,-122.127,OR,20260717043000,https://thelooker.thedailybeast.com/carmen-electra-54-poses-for-playboy-30-years-after-her-debut/
1314009900,20260717,202607,2026,2026.5397,,,,,,,,,,,MMR,MYANMAR,MMR,,,,,,,,1,043,043,04,1,2.8,10,1,10,-1.45278450363196,0,,,,,,,,1,Thailand,TH,TH,,15,100,TH,1,Thailand,TH,TH,,15,100,TH,20260717043000,https://www.bbc.co.uk/news/articles/cr59n096mrmo
1314009901,20260717,202607,2026,2026.5397,,,,,,,,,,,NLD,HOLLAND,NLD,,,,,,,,1,042,042,04,1,1.9,6,1,6,3.21931589537223,0,,,,,,,,3,"Hollywood, California, United States",US,USCA,CA037,34.0983,-118.327,1660757,3,"Hollywood, California, United States",US,USCA,CA037,34.0983,-118.327,1660757,20260717043000,https://www.moneycontrol.com/entertainment/anne-hathaway-gets-teary-eyed-after-receiving-the-odyssey-inspired-baby-gift-article-13976243.html
1314009902,20260717,202607,2026,2026.5397,,,,,,,,,,,OPP,ACTIVIST,,,,,,OPP,,,1,057,057,05,1,8.0,3,1,3,-3.58744394618835,0,,,,,,,,3,"White House, District of Columbia, United States",US,USDC,,38.8951,-77.0364,531871,3,"White House, District of Columbia, United States",US,USDC,,38.8951,-77.0364,531871,20260717043000,https://www.thedailybeast.com/trump-assembles-disgraced-election-deniers-before-crackpot-election-security-speech/
1314009903,20260717,202607,2026,2026.5397,,,,,,,,,,,REL,PREACHER,,,,,,,,,0,173,173,17,4,-5.0,10,1,10,-9.43820224719101,0,,,,,,,,4,"Kashmir, North-West Frontier, Pakistan",PK,PK03,40350,34.796,72.1502,-2764806,4,"Kashmir, North-West Frontier, Pakistan",PK,PK03,40350,34.796,72.1502,-2764806,20260717043000,https://www.prokerala.com/news/articles/a1788976.html
1314009904,20260717,202607,2026,2026.5397,,,,,,,,,,,TZA,TANZANIA,TZA,,,,,,,,0,040,040,04,1,1.0,1,1,1,2.51256281407035,0,,,,,,,,4,"Kilele, Singida, Tanzania",TZ,TZ16,18585,-4.21667,34.4833,-2565008,4,"Nairobi, Nairobi Area, Kenya",KE,KE05,18585,-1.28333,36.8167,-2258072,20260717043000,https://africasacountry.com/2026/07/from-colonial-storage-to-open-access
1314009905,20260717,202607,2026,2026.5397,,,,,,,,,,,TZA,TANZANIA,TZA,,,,,,,,0,040,040,04,1,1.0,1,1,1,2.51256281407035,0,,,,,,,,4,"Kilele, Singida, Tanzania",TZ,TZ16,18585,-4.21667,34.4833,-2565008,4,"Kilele, Singida, Tanzania",TZ,TZ16,18585,-4.21667,34.4833,-2565008,20260717043000,https://africasacountry.com/2026/07/from-colonial-storage-to-open-access
1314009906,20260717,202607,2026,2026.5397,,,,,,,,,,,UKR,UKRAINE,UKR,,,,,,,,0,180,180,18,4,-9.0,2,1,2,-4.94011976047904,0,,,,,,,,4,"Bilohirya, Zaporiz'ka Oblast', Ukraine",UP,UP26,28566,47.5264,35.9762,-1035205,4,"Orikhiv, Zaporiz'ka Oblast', Ukraine",UP,UP26,28566,47.5673,35.7857,-1049405,20260717043000,https://www.dailykos.com/stories/2026/7/16/800070724/community/1604/
1314009907,20260717,202607,2026,2026.5397,,,,,,,,,,,UKR,UKRAINE,UKR,,,,,,,,0,190,190,19,4,-10.0,2,1,2,-4.94011976047904,0,,,,,,,,4,"Bilohirya, Zaporiz'ka Oblast', Ukraine",UP,UP26,28566,47.5264,35.9762,-1035205,4,"Orikhiv, Zaporiz'ka Oblast', Ukraine",UP,UP26,28566,47.5673,35.7857,-1049405,20260717043000,https://www.dailykos.com/stories/2026/7/16/800070724/community/1604/
1314009908,20260717,202607,2026,2026.5397,,,,,,,,,,,USA,CALIFORNIA,USA,,,,,,,,0,020,020,02,1,3.0,2,1,2,-1.27591706539075,0,,,,,,,,3,"Cajon, California, United States",US,USCA,CA071,34.2989,-117.456,1660408,3,"Cajon, California, United States",US,USCA,CA071,34.2989,-117.456,1660408,20260717043000,https://www.10news.com/news/local-news/city-of-el-cajon-decides-not-to-pursue-a-multi-million-dollar-grant-addressing-homeless-encampments
1314009909,20260717,202607,2026,2026.5397,,,,,,,,,,,USA,UNITED STATES,USA,,,,,,,,1,020,020,02,1,3.0,1,1,1,-1.82815356489945,0,,,,,,,,3,"White House, District of Columbia, United States",US,USDC,,38.8951,-77.0364,531871,1,Japan,JA,JA,,36,138,JA,20260717043000,https://www.asahi.com/ajw/articles/16734036
1314009910,20260717,202607,2026,2026.5397,,,,,,,,,,,USA,UNITED STATES,USA,,,,,,,,1,020,020,02,1,3.0,1,1,1,-1.82815356489945,0,,,,,,,,1,Japan,JA,JA,,36,138,JA,1,Japan,JA,JA,,36,138,JA,20260717043000,https://www.asahi.com/ajw/articles/16734036
1314009911,20260717,202607,2026,2026.5397,,,,,,,,,,,USA,UNITED STATES,USA,,,,,,,,0,040,040,04,1,1.0,2,1,2,2.97520661157025,0,,,,,,,,3,"Hollywood, California, United States",US,USCA,CA037,34.0983,-118.327,1660757,3,"Hollywood, California, United States",US,USCA,CA037,34.0983,-118.327,1660757,20260717043000,https://www.moneycontrol.com/entertainment/the-odyssey-director-christopher-nolan-net-worth-rs-2-410-crore-kingdom-luxurious-properties-cars-and-more-article-13976288.html
1314009912,20260717,202607,2026,2026.5397,,,,,,,,,,,USA,UNITED STATES,USA,,,,,,,,1,040,040,04,1,1.0,4,1,4,-0.8695652173913,0,,,,,,,,2,"Minnesota, United States",US,USMN,,45.7326,-93.9196,MN,2,"Minnesota, United States",US,USMN,,45.7326,-93.9196,MN,20260717043000,http://www.minnpost.com/newsletter/what-does-a-state-auditor-do/
1314009913,20260717,202607,2026,2026.5397,,,,,,,,,,,USA,UNITED STATES,USA,,,,,,,,0,042,042,04,1,1.9,6,1,6,-9.1468101460415,0,,,,,,,,3,"Decatur, Illinois, United States",US,USIL,IL115,39.8403,-88.9548,407044,3,"Decatur, Illinois, United States",US,USIL,IL115,39.8403,-88.9548,407044,20260717043000,https://www.accountingtoday.com/news/tax-fraud-blotter-win-some-lose-some
1314009914,20260717,202607,2026,2026.5397,,,,,,,,,,,USA,UNITED STATES,USA,,,,,,,,0,042,042,04,1,1.9,2,1,2,-9.1468101460415,0,,,,,,,,3,"Decatur, Illinois, United States",US,USIL,IL115,39.8403,-88.9548,407044,1,Israel,IS,IS,,31.5,34.75,IS,20260717043000,https://www.accountingtoday.com/news/tax-fraud-blotter-win-some-lose-some
1314009915,20260717,202607,2026,2026.5397,,,,,,,,,,,USA,MAINE,USA,,,,,,,,0,042,042,04,1,1.9,2,1,2,-4.87540628385699,0,,,,,,,,1,Colombia,CO,CO,,4,-72,CO,1,Colombia,CO,CO,,4,-72,CO,20260717043000,https://www.abc.net.au/news/2026-07-17/ice-officer-maine-shooting-history-of-violence-allegations/106926976
1314009916,20260717,202607,2026,2026.5397,,,,,,,,,,,USA,UNITED STATES,USA,,,,,,,,0,042,042,04,1,1.9,2,1,2,-9.1468101460415,0,,,,,,,,2,"Illinois, United States",US,USIL,,40.3363,-89.0022,IL,2,"Illinois, United States",US,USIL,,40.3363,-89.0022,IL,20260717043000,https://www.accountingtoday.com/news/tax-fraud-blotter-win-some-lose-some
1314009917,20260717,202607,2026,2026.5397,,,,,,,,,,,USA,UNITED STATES,USA,,,,,,,,1,043,043,04,1,2.8,2,1,2,4.48,0,,,,,,,,3,"Carlton, Louisiana, United States",US,USLA,LA073,32.5374,-92.3596,540912,3,"Carlton, Louisiana, United States",US,USLA,LA073,32.5374,-92.3596,540912,20260717043000,https://thebeatdfw.com/4537833/tales-of-the-cocktail-2026-kicks-off-next-week-new-orleans/
1314009918,20260717,202607,2026,2026.5397,,,,,,,,,,,USA,INDIANA,USA,,,,,,,,1,046,046,04,1,7.0,10,1,10,-0.91324200913242,0,,,,,,,,2,"Indiana, United States",US,USIN,,39.8647,-86.2604,IN,2,"Indiana, United States",US,USIN,,39.8647,-86.2604,IN,20260717043000,https://wibc.com/892316/knozone-action-day-in-indiana-called-friday-due-to-canada-wildfires/
1314009919,20260717,202607,2026,2026.5397,,,,,,,,,,,USA,UNITED STATES,USA,,,,,,,,0,060,060,06,2,6.0,4,1,4,-1.65929203539823,0,,,,,,,,2,"South Carolina, United States",US,USSC,,33.8191,-80.9066,SC,2,"South Carolina, United States",US,USSC,,33.8191,-80.9066,SC,20260717043000,https://www.thedailybeast.com/maga-melts-down-at-networks-switching-off-trump/
1314009920,20260717,202607,2026,2026.5397,,,,,,,,,,,USA,UNITED STATES,USA,,,,,,,,0,071,071,07,2,7.4,4,1,4,-9.06949352179031,0,,,,,,,,3,"Champaign County, Illinois, United States",US,USIL,,40.1334,-88.2001,424211,3,"Champaign County, Illinois, United States",US,USIL,,40.1334,-88.2001,424211,20260717043000,https://www.1049thewolf.com/2026/07/16/state-rep-carol-ammons-husband-plead-not-guilty-to-corruption-charges/
1314009921,20260717,202607,2026,2026.5397,,,,,,,,,,,USA,UNITED STATES,USA,,,,,,,,1,112,112,11,3,-2.0,8,1,4,-9.06949352179031,0,,,,,,,,3,"Champaign County, Illinois, United States",US,USIL,,40.1334,-88.2001,424211,3,"Champaign County, Illinois, United States",US,USIL,,40.1334,-88.2001,424211,20260717043000,https://www.1049thewolf.com/2026/07/16/state-rep-carol-ammons-husband-plead-not-guilty-to-corruption-charges/
1314009922,20260717,202607,2026,2026.5397,,,,,,,,,,,USA,UNITED STATES,USA,,,,,,,,1,1243,124,12,3,-4.0,4,1,4,-14.9717514124294,0,,,,,,,,2,"South Carolina, United States",US,USSC,,33.8191,-80.9066,SC,2,"South Carolina, United States",US,USSC,,33.8191,-80.9066,SC,20260717043000,https://www.hot97.com/news/rapper-desiigner-arrested-again-for-domestic-violence-in-south-carolina/
1314009923,20260717,202607,2026,2026.5397,,,,,,,,,,,USALEG,UNITED STATES,USA,,,,,LEG,,,1,020,020,02,1,3.0,4,1,4,-0.32025620496397,0,,,,,,,,2,"California, United States",US,USCA,,36.17,-119.746,CA,2,"California, United States",US,USCA,,36.17,-119.746,CA,20260717043000,https://www.dailymail.com/tvshowbiz/article-15983835/angelina-jolie-life-change-kids-twins-vivienne-knox.html
1314009924,20260717,202607,2026,2026.5397,,,,,,,,,,,USALEG,MAINE,USA,,,,,LEG,,,1,190,190,19,4,-10.0,6,1,6,-5.76923076923077,0,,,,,,,,2,"Maine, United States",US,USME,,44.6074,-69.3977,ME,2,"Maine, United States",US,USME,,44.6074,-69.3977,ME,20260717043000,https://www.nbcnews.com/politics/2026-election/maine-senate-candidates-battle-progressive-mantle-graham-platners-exit-rcna587710
1314009925,20260717,202607,2026,2026.5397,,,,,,,,,,,nav,NAVAJO,,,nav,,,,,,0,051,051,05,1,3.4,5,1,5,-1.2400354295837,0,,,,,,,,2,"Colorado, United States",US,USCO,,39.0646,-105.327,CO,2,"Colorado, United States",US,USCO,,39.0646,-105.327,CO,20260717043000,https://www.kunm.org/local-news/2026-07-16/tribes-states-federal-government-battle-for-colorado-river-water-rights
1314009926,20260717,202607,2026,2026.5397,AFR,AFRICA,AFR,,,,,,,,DEU,GERMANY,DEU,,,,,,,,1,042,042,04,1,1.9,5,1,5,2.51256281407035,1,Germany,GM,GM,,51.5,10.5,GM,1,Germany,GM,GM,,51.5,10.5,GM,1,Germany,GM,GM,,51.5,10.5,GM,20260717043000,https://africasacountry.com/2026/07/from-colonial-storage-to-open-access
1314009927,20260717,202607,2026,2026.5397,AFR,AFRICA,AFR,,,,,,,,QATMED,AL JAZEERA,QAT,,,,,MED,,,0,010,010,01,1,0.0,4,1,4,0.27027027027027,4,"Abidjan, Lagunes, Cote D'ivoire",IV,IV82,16863,5.34111,-4.02806,-2115275,4,"Abidjan, Lagunes, Cote D'ivoire",IV,IV82,16863,5.34111,-4.02806,-2115275,4,"Abidjan, Lagunes, Cote D'ivoire",IV,IV82,16863,5.34111,-4.02806,-2115275,20260717043000,https://www.aljazeera.com/economy/2026/7/17/how-three-ivorian-firms-are-competing-with-global-brands
1314009928,20260717,202607,2026,2026.5397,AFR,AFRICA,AFR,,,,,,,,QATMED,AL JAZEERA,QAT,,,,,MED,,,0,010,010,01,1,0.0,1,1,1,0.27027027027027,4,"Abidjan, Lagunes, Cote D'ivoire",IV,IV82,16863,5.34111,-4.02806,-2115275,1,China,CH,CH,,35,105,CH,1,China,CH,CH,,35,105,CH,20260717043000,https://www.aljazeera.com/economy/2026/7/17/how-three-ivorian-firms-are-competing-with-global-brands
1314009929,20260717,202607,2026,2026.5397,ALB,ALBANIA,ALB,,,,,,,,,,,,,,,,,,1,010,010,01,1,0.0,2,1,2,-0.24449877750612,4,"Zvernec, Vlore, Albania",AL,AL51,4143,40.5153,19.4169,-109341,0,,,,,,,,4,"Zvernec, Vlore, Albania",AL,AL51,4143,40.5153,19.4169,-109341,20260717043000,https://albeu.com/english/birn-brussels-increases-pressure-over-protected-areas-and-strategic-investments-laws-but-majority-blocks-parliamentary-initiatives-to-repeal-them/928877/
1314009930,20260717,202607,2026,2026.5397,ALB,ALBANIA,ALB,,,,,,,,,,,,,,,,,,1,030,030,03,1,4.0,2,1,2,-0.24449877750612,4,"Zvernec, Vlore, Albania",AL,AL51,4143,40.5153,19.4169,-109341,0,,,,,,,,4,"Zvernec, Vlore, Albania",AL,AL51,4143,40.5153,19.4169,-109341,20260717043000,https://albeu.com/english/birn-brussels-increases-pressure-over-protected-areas-and-strategic-investments-laws-but-majority-blocks-parliamentary-initiatives-to-repeal-them/928877/
1314009931,20260717,202607,2026,2026.5397,AUS,AUSTRALIAN,AUS,,,,,,,,,,,,,,,,,,1,010,010,01,1,0.0,7,1,7,-0.66964285714286,4,"Riversleigh, Queensland, Australia",AS,AS04,5221,-26.7333,146.45,-1597676,0,,,,,,,,4,"Riversleigh, Queensland, Australia",AS,AS04,5221,-26.7333,146.45,-1597676,20260717043000,https://theconversation.com/australias-most-diverse-marsupial-predators-have-been-hiding-their-origins-for-millions-of-years-287296
1314009932,20260717,202607,2026,2026.5397,AUS,AUSTRALIA,AUS,,,,,,,,,,,,,,,,,,1,010,010,01,1,0.0,1,1,1,-4.12844036697247,4,"Vang Vieng, Viangchan, Laos",LA,LA27,74338,18.9333,102.45,-2666441,0,,,,,,,,4,"Vang Vieng, Viangchan, Laos",LA,LA27,74338,18.9333,102.45,-2666441,20260717043000,https://www.dailymail.com/news/article-15983957/laos-methanol-poisoning-penalty-melbourne-holly-bianca.html
1314009933,20260717,202607,2026,2026.5397,AUS,AUSTRALIA,AUS,,,,,,,,,,,,,,,,,,1,010,010,01,1,0.0,2,1,2,-4.12844036697247,1,Denmark,DA,DA,,56,10,DA,0,,,,,,,,1,Denmark,DA,DA,,56,10,DA,20260717043000,https://www.dailymail.com/news/article-15983957/laos-methanol-poisoning-penalty-melbourne-holly-bianca.html
1314009934,20260717,202607,2026,2026.5397,AUS,AUSTRALIA,AUS,,,,,,,,,,,,,,,,,,0,016,016,01,1,-2.0,12,3,12,-6.27887902291335,4,"Melbourne, Victoria, Australia",AS,AS07,5430,-37.8167,144.967,-1586844,0,,,,,,,,4,"Melbourne, Victoria, Australia",AS,AS07,5430,-37.8167,144.967,-1586844,20260717043000,https://www.bunburymail.com.au/story/9312669/elderly-man-denies-murdering-afl-champs-lost-brother/
1314009935,20260717,202607,2026,2026.5397,AUS,AUSTRALIA,AUS,,,,,,,,,,,,,,,,,,0,110,110,11,3,-2.0,12,3,12,-6.27887902291335,4,"Melbourne, Victoria, Australia",AS,AS07,5430,-37.8167,144.967,-1586844,0,,,,,,,,4,"Melbourne, Victoria, Australia",AS,AS07,5430,-37.8167,144.967,-1586844,20260717043000,https://www.bunburymail.com.au/story/9312669/elderly-man-denies-murdering-afl-champs-lost-brother/
1314009936,20260717,202607,2026,2026.5397,AUS,AUSTRALIA,AUS,,,,,,,,,,,,,,,,,,0,120,120,12,3,-4.0,4,1,4,-3.44827586206897,4,"Cessnock, New South Wales, Australia",AS,AS02,5096,-32.8321,151.356,-1565008,0,,,,,,,,4,"Cessnock, New South Wales, Australia",AS,AS02,5096,-32.8321,151.356,-1565008,20260717043000,https://www.cessnockadvertiser.com.au/story/9312365/why-angus-taylors-cack-handed-performance-alienates-voters/
1314009937,20260717,202607,2026,2026.5397,AUS,AUSTRALIA,AUS,,,,,,,,,,,,,,,,,,0,160,160,16,4,-4.0,12,3,12,-6.27887902291335,4,"Melbourne, Victoria, Australia",AS,AS07,5430,-37.8167,144.967,-1586844,0,,,,,,,,4,"Melbourne, Victoria, Australia",AS,AS07,5430,-37.8167,144.967,-1586844,20260717043000,https://www.bunburymail.com.au/story/9312669/elderly-man-denies-murdering-afl-champs-lost-brother/
1314009938,20260717,202607,2026,2026.5397,AUS,MURRAY,AUS,,,,,,,,AUSCOP,MURRAY,AUS,,,,,COP,,,1,173,173,17,4,-5.0,6,1,6,-3.27102803738317,3,"Trigg County, Kentucky, United States",US,USKY,KY221,36.8,-87.8667,516957,3,"Trigg County, Kentucky, United States",US,USKY,,36.8,-87.8667,516957,3,"Trigg County, Kentucky, United States",US,USKY,,36.8,-87.8667,516957,20260717043000,https://www.wpsdlocal6.com/news/former-murray-pd-officers-may-arrest-connected-to-2019-internal-investigation/article_84dc1c2b-be81-4d0f-9638-1c4d3bf62156.html
1314009939,20260717,202607,2026,2026.5397,AUS,MURRAY,AUS,,,,,,,,AUSCOP,MURRAY,AUS,,,,,COP,,,1,173,173,17,4,-5.0,2,1,2,-3.27102803738317,2,"Kentucky, United States",US,USKY,,37.669,-84.6514,KY,3,"Trigg County, Kentucky, United States",US,USKY,,36.8,-87.8667,516957,3,"Trigg County, Kentucky, United States",US,USKY,,36.8,-87.8667,516957,20260717043000,https://www.wpsdlocal6.com/news/former-murray-pd-officers-may-arrest-connected-to-2019-internal-investigation/article_84dc1c2b-be81-4d0f-9638-1c4d3bf62156.html
1314009940,20260717,202607,2026,2026.5397,AUS,MURRAY,AUS,,,,,,,,AUSCOP,MURRAY,AUS,,,,,COP,,,1,173,173,17,4,-5.0,2,1,2,-3.27102803738317,2,"Kentucky, United States",US,USKY,,37.669,-84.6514,KY,3,"Trigg County, Kentucky, United States",US,USKY,,36.8,-87.8667,516957,2,"Kentucky, United States",US,USKY,,37.669,-84.6514,KY,20260717043000,https://www.wpsdlocal6.com/news/former-murray-pd-officers-may-arrest-connected-to-2019-internal-investigation/article_84dc1c2b-be81-4d0f-9638-1c4d3bf62156.html
1314009941,20260717,202607,2026,2026.5397,AUS,VICTORIA,AUS,,,,,,,,GBR,BRITISH,GBR,,,,,,,,1,071,071,07,2,7.4,10,1,10,7.05596107055961,5,"Suffolk, Suffolk, United Kingdom",UK,UKN5,40132,52.1667,1,-2609091,5,"Suffolk, Suffolk, United Kingdom",UK,UKN5,40132,52.1667,1,-2609091,5,"Suffolk, Suffolk, United Kingdom",UK,UKN5,40132,52.1667,1,-2609091,20260717043000,https://www.suffolknews.co.uk/newmarket/news/historic-mansion-fit-for-a-king-after-30k-refurbishment-9474421/
1314009942,20260717,202607,2026,2026.5397,AUS,AUSTRALIA,AUS,,,,,,,,GOV,GOVERNMENT,,,,,,GOV,,,1,130,130,13,3,-4.4,4,1,4,-3.91705069124424,1,Australia,AS,AS,,-25,135,AS,1,Australia,AS,AS,,-25,135,AS,1,Australia,AS,AS,,-25,135,AS,20260717043000,https://www.macrobusiness.com.au/2026/07/one-nations-5-housing-deposit-scheme-a-recipe-for-disaster/
1314009943,20260717,202607,2026,2026.5397,AUS,AUSTRALIA,AUS,,,,,,,,IND,NEW DELHI,IND,,,,,,,,1,154,154,15,4,-7.2,2,1,2,0.92378752886836,1,Indonesia,ID,ID,,-5,120,ID,1,Indonesia,ID,ID,,-5,120,ID,1,Indonesia,ID,ID,,-5,120,ID,20260717043000,https://idrw.org/iaf-rafales-touch-down-in-australia-for-pitch-black-2026-to-train-with-f-35/
1314009944,20260717,202607,2026,2026.5397,AUS,MURRAY,AUS,,,,,,,,USA,UNITED STATES,USA,,,,,,,,1,173,173,17,4,-5.0,2,1,2,-3.27102803738317,2,"Kentucky, United States",US,USKY,,37.669,-84.6514,KY,2,"Kentucky, United States",US,USKY,,37.669,-84.6514,KY,2,"Kentucky, United States",US,USKY,,37.669,-84.6514,KY,20260717043000,https://www.wpsdlocal6.com/news/former-murray-pd-officers-may-arrest-connected-to-2019-internal-investigation/article_84dc1c2b-be81-4d0f-9638-1c4d3bf62156.html
1314009945,20260717,202607,2026,2026.5397,AUS,MURRAY,AUS,,,,,,,,USAELI,UNITED STATES,USA,,,,,ELI,,,1,173,173,17,4,-5.0,2,1,2,-3.27102803738317,2,"Kentucky, United States",US,USKY,,37.669,-84.6514,KY,2,"Kentucky, United States",US,USKY,,37.669,-84.6514,KY,2,"Kentucky, United States",US,USKY,,37.669,-84.6514,KY,20260717043000,https://www.wpsdlocal6.com/news/former-murray-pd-officers-may-arrest-connected-to-2019-internal-investigation/article_84dc1c2b-be81-4d0f-9638-1c4d3bf62156.html
1314009946,20260717,202607,2026,2026.5397,AUSELI,PAUL KEATING,AUS,,,,,ELI,,,,,,,,,,,,,0,043,043,04,1,2.8,4,1,4,-3.45125107851596,4,"Wellington, New Zealand (general), New Zealand",NZ,NZ00,22391,-41.3,174.783,-1521348,0,,,,,,,,4,"Wellington, New Zealand (general), New Zealand",NZ,NZ00,22391,-41.3,174.783,-1521348,20260717043000,https://www.wellingtontimes.com.au/story/9312365/why-angus-taylors-cack-handed-performance-alienates-voters/
1314009947,20260717,202607,2026,2026.5397,AUSELI,PAUL KEATING,AUS,,,,,ELI,,,,,,,,,,,,,0,043,043,04,1,2.8,4,1,4,-3.44827586206897,4,"Cessnock, New South Wales, Australia",AS,AS02,5096,-32.8321,151.356,-1565008,0,,,,,,,,4,"Cessnock, New South Wales, Australia",AS,AS02,5096,-32.8321,151.356,-1565008,20260717043000,https://www.cessnockadvertiser.com.au/story/9312365/why-angus-taylors-cack-handed-performance-alienates-voters/
1314009948,20260717,202607,2026,2026.5397,AUSGOVDEV,AUSTRALIAN,AUS,,,,,GOV,DEV,,,,,,,,,,,,1,046,046,04,1,7.0,3,1,3,-1.47058823529412,1,Australia,AS,AS,,-25,135,AS,0,,,,,,,,1,Australia,AS,AS,,-25,135,AS,20260717043000,https://www.macrobusiness.com.au/2026/07/proof-australias-public-service-needs-to-be-downsized/
1314009949,20260717,202607,2026,2026.5397,AUSJUD,MELBOURNE,AUS,,,,,JUD,,,,,,,,,,,,,0,016,016,01,1,-2.0,18,3,18,-6.27887902291335,4,"Brisbane, Queensland, Australia",AS,AS04,154654,-27.5,153.017,-1561728,0,,,,,,,,4,"Brisbane, Queensland, Australia",AS,AS04,154654,-27.5,153.017,-1561728,20260717043000,https://www.bunburymail.com.au/story/9312669/elderly-man-denies-murdering-afl-champs-lost-brother/
1314009950,20260717,202607,2026,2026.5397,AUSJUD,MELBOURNE,AUS,,,,,JUD,,,,,,,,,,,,,0,190,190,19,4,-10.0,18,3,18,-6.27887902291335,4,"Melbourne, Victoria, Australia",AS,AS07,5430,-37.8167,144.967,-1586844,0,,,,,,,,4,"Toorak, Queensland, Australia",AS,AS04,154654,-27.4333,153.05,-1605283,20260717043000,https://www.bunburymail.com.au/story/9312669/elderly-man-denies-murdering-afl-champs-lost-brother/
1314009951,20260717,202607,2026,2026.5397,BEL,BELGIUM,BEL,,,,,,,,BELGOV,BELGIUM,BEL,,,,,GOV,,,1,010,010,01,1,0.0,1,1,1,-0.33222591362126,4,"Brussels, Bruxelles-Capitale, Belgium",BE,BE11,5850,50.8333,4.33333,-1955538,4,"Brussels, Bruxelles-Capitale, Belgium",BE,BE11,5850,50.8333,4.33333,-1955538,4,"Brussels, Bruxelles-Capitale, Belgium",BE,BE11,5850,50.8333,4.33333,-1955538,20260717043000,https://www.thedailybeast.com/this-is-the-truth-about-hegseths-bizarre-hrt-plan/
1314009952,20260717,202607,2026,2026.5397,BEL,BRUSSELS,BEL,,,,,,,,BELGOVMIL,BELGIUM,BEL,,,,,GOV,MIL,,1,040,040,04,1,1.0,4,1,4,-0.33222591362126,4,"Brussels, Bruxelles-Capitale, Belgium",BE,BE11,5850,50.8333,4.33333,-1955538,4,"Brussels, Bruxelles-Capitale, Belgium",BE,BE11,5850,50.8333,4.33333,-1955538,4,"Brussels, Bruxelles-Capitale, Belgium",BE,BE11,5850,50.8333,4.33333,-1955538,20260717043000,https://www.thedailybeast.com/this-is-the-truth-about-hegseths-bizarre-hrt-plan/
1314009953,20260717,202607,2026,2026.5397,BEL,BRUSSELS,BEL,,,,,,,,BELGOVMIL,BELGIUM,BEL,,,,,GOV,MIL,,1,043,043,04,1,2.8,4,1,4,-0.33222591362126,4,"Brussels, Bruxelles-Capitale, Belgium",BE,BE11,5850,50.8333,4.33333,-1955538,4,"Brussels, Bruxelles-Capitale, Belgium",BE,BE11,5850,50.8333,4.33333,-1955538,4,"Brussels, Bruxelles-Capitale, Belgium",BE,BE11,5850,50.8333,4.33333,-1955538,20260717043000,https://www.thedailybeast.com/this-is-the-truth-about-hegseths-bizarre-hrt-plan/
1314009954,20260717,202607,2026,2026.5397,BEL,BELGIUM,BEL,,,,,,,,GOV,PRESIDENT,,,,,,GOV,,,1,010,010,01,1,0.0,1,1,1,-0.33222591362126,4,"Brussels, Bruxelles-Capitale, Belgium",BE,BE11,5850,50.8333,4.33333,-1955538,4,"Brussels, Bruxelles-Capitale, Belgium",BE,BE11,5850,50.8333,4.33333,-1955538,4,"Brussels, Bruxelles-Capitale, Belgium",BE,BE11,5850,50.8333,4.33333,-1955538,20260717043000,https://www.thedailybeast.com/this-is-the-truth-about-hegseths-bizarre-hrt-plan/
1314009955,20260717,202607,2026,2026.5397,BEL,BRUSSELS,BEL,,,,,,,,GOVMIL,SECRETARY OF DEFENSE,,,,,,GOV,MIL,,1,040,040,04,1,1.0,6,1,6,-0.33222591362126,4,"Brussels, Bruxelles-Capitale, Belgium",BE,BE11,5850,50.8333,4.33333,-1955538,4,"Brussels, Bruxelles-Capitale, Belgium",BE,BE11,5850,50.8333,4.33333,-1955538,4,"Brussels, Bruxelles-Capitale, Belgium",BE,BE11,5850,50.8333,4.33333,-1955538,20260717043000,https://www.thedailybeast.com/this-is-the-truth-about-hegseths-bizarre-hrt-plan/
1314009956,20260717,202607,2026,2026.5397,BEL,BRUSSELS,BEL,,,,,,,,GOVMIL,SECRETARY OF DEFENSE,,,,,,GOV,MIL,,1,043,043,04,1,2.8,6,1,6,-0.33222591362126,4,"Brussels, Bruxelles-Capitale, Belgium",BE,BE11,5850,50.8333,4.33333,-1955538,4,"Brussels, Bruxelles-Capitale, Belgium",BE,BE11,5850,50.8333,4.33333,-1955538,4,"Brussels, Bruxelles-Capitale, Belgium",BE,BE11,5850,50.8333,4.33333,-1955538,20260717043000,https://www.thedailybeast.com/this-is-the-truth-about-hegseths-bizarre-hrt-plan/
1314009957,20260717,202607,2026,2026.5397,BELGOVMIL,BELGIUM,BEL,,,,,GOV,MIL,,BEL,BRUSSELS,BEL,,,,,,,,1,040,040,04,1,1.0,4,1,4,-0.33222591362126,4,"Brussels, Bruxelles-Capitale, Belgium",BE,BE11,5850,50.8333,4.33333,-1955538,4,"Brussels, Bruxelles-Capitale, Belgium",BE,BE11,5850,50.8333,4.33333,-1955538,4,"Brussels, Bruxelles-Capitale, Belgium",BE,BE11,5850,50.8333,4.33333,-1955538,20260717043000,https://www.thedailybeast.com/this-is-the-truth-about-hegseths-bizarre-hrt-plan/
1314009958,20260717,202607,2026,2026.5397,BELGOVMIL,BELGIUM,BEL,,,,,GOV,MIL,,BEL,BRUSSELS,BEL,,,,,,,,1,042,042,04,1,1.9,4,1,4,-0.33222591362126,4,"Brussels, Bruxelles-Capitale, Belgium",BE,BE11,5850,50.8333,4.33333,-1955538,4,"Brussels, Bruxelles-Capitale, Belgium",BE,BE11,5850,50.8333,4.33333,-1955538,4,"Brussels, Bruxelles-Capitale, Belgium",BE,BE11,5850,50.8333,4.33333,-1955538,20260717043000,https://www.thedailybeast.com/this-is-the-truth-about-hegseths-bizarre-hrt-plan/
1314009959,20260717,202607,2026,2026.5397,BUS,INDUSTRY,,,,,,BUS,,,,,,,,,,,,,1,010,010,01,1,0.0,3,1,3,1.98019801980198,2,"Georgia, United States",US,USGA,,32.9866,-83.6487,GA,0,,,,,,,,2,"Georgia, United States",US,USGA,,32.9866,-83.6487,GA,20260717043000,https://wgxa.tv/news/local/longtime-macon-music-manager-alan-walden-dies-at-83-redwal-music-capricorn-records-lynyrd-skynyrd-ottis-redding-etta-james-black-history-southern-rock-soul-rb-warner-brothers-music-macon-mercer-university-music-history
1314009960,20260717,202607,2026,2026.5397,BUS,PRODUCER,,,,,,BUS,,,,,,,,,,,,,1,016,016,01,1,-2.0,10,1,10,-12.4756335282651,4,"Hyderabad, Andhra Pradesh, India",IN,IN02,17564,17.3753,78.4744,-2097701,0,,,,,,,,4,"Hyderabad, Andhra Pradesh, India",IN,IN02,17564,17.3753,78.4744,-2097701,20260717043000,https://www.moneycontrol.com/entertainment/vinod-kumar-calls-ananthan-kaadu-row-false-propaganda-complaint-against-arya-is-meant-to-tarnish-his-image-article-13976280.html
1314009961,20260717,202607,2026,2026.5397,BUS,COMPANY,,,,,,BUS,,,,,,,,,,,,,0,020,020,02,1,3.0,2,1,2,2.92504570383913,3,"Graves County, Kentucky, United States",US,USKY,KY083,36.7334,-88.65,516888,0,,,,,,,,3,"Graves County, Kentucky, United States",US,USKY,,36.7334,-88.65,516888,20260717043000,https://www.wpsdlocal6.com/news/independence-bank-in-mayfield-celebrates-10-years-of-service/article_a285456e-8317-4797-a3b6-aac8951f9c7e.html
1314009962,20260717,202607,2026,2026.5397,BUS,COMPANY,,,,,,BUS,,,,,,,,,,,,,0,020,020,02,1,3.0,2,1,2,2.92504570383913,3,"Graves County, Kentucky, United States",US,USKY,KY083,36.7334,-88.65,516888,0,,,,,,,,2,"Kentucky, United States",US,USKY,,37.669,-84.6514,KY,20260717043000,https://www.wpsdlocal6.com/news/independence-bank-in-mayfield-celebrates-10-years-of-service/article_a285456e-8317-4797-a3b6-aac8951f9c7e.html
1314009963,20260717,202607,2026,2026.5397,BUS,COMPANY,,,,,,BUS,,,,,,,,,,,,,1,020,020,02,1,3.0,5,1,5,-3.35570469798658,1,Kosovo,KV,KV,,42.583333,21,KV,0,,,,,,,,1,Kosovo,KV,KV,,42.583333,21,KV,20260717043000,https://albeu.com/english/defence-ministry-cancels-tender-for-maintenance-of-kosovo-security-force-buses/928984/
1314009964,20260717,202607,2026,2026.5397,BUS,COMPANY,,,,,,BUS,,,,,,,,,,,,,0,020,020,02,1,3.0,6,1,6,2.92504570383913,2,"Kentucky, United States",US,USKY,,37.669,-84.6514,KY,0,,,,,,,,2,"Kentucky, United States",US,USKY,,37.669,-84.6514,KY,20260717043000,https://www.wpsdlocal6.com/news/independence-bank-in-mayfield-celebrates-10-years-of-service/article_a285456e-8317-4797-a3b6-aac8951f9c7e.html
1314009965,20260717,202607,2026,2026.5397,BUS,BANK,,,,,,BUS,,,,,,,,,,,,,1,051,051,05,1,3.4,2,1,2,2.92504570383913,2,"Kentucky, United States",US,USKY,,37.669,-84.6514,KY,0,,,,,,,,3,"Graves County, Kentucky, United States",US,USKY,,36.7334,-88.65,516888,20260717043000,https://www.wpsdlocal6.com/news/independence-bank-in-mayfield-celebrates-10-years-of-service/article_a285456e-8317-4797-a3b6-aac8951f9c7e.html
1314009966,20260717,202607,2026,2026.5397,BUS,BANK,,,,,,BUS,,,,,,,,,,,,,1,051,051,05,1,3.4,8,1,8,2.92504570383913,2,"Kentucky, United States",US,USKY,,37.669,-84.6514,KY,0,,,,,,,,2,"Kentucky, United States",US,USKY,,37.669,-84.6514,KY,20260717043000,https://www.wpsdlocal6.com/news/independence-bank-in-mayfield-celebrates-10-years-of-service/article_a285456e-8317-4797-a3b6-aac8951f9c7e.html
1314009967,20260717,202607,2026,2026.5397,BUS,BUSINESS,,,,,,BUS,,,,,,,,,,,,,1,060,060,06,2,6.0,10,1,10,3.34029227557411,1,Macau,MC,MC,,22.157778,113.559722,MC,0,,,,,,,,1,Macau,MC,MC,,22.157778,113.559722,MC,20260717043000,https://macaudailytimes.com.mo/smes-receive-mop32-6-million-in-govt-support-in-1h.html
1314009968,20260717,202607,2026,2026.5397,BUS,COMPANY,,,,,,BUS,,,,,,,,,,,,,0,080,080,08,2,5.0,2,1,2,-3.77833753148615,3,"Southfield, Michigan, United States",US,USMI,MI125,42.4734,-83.2219,638439,0,,,,,,,,3,"Southfield, Michigan, United States",US,USMI,MI125,42.4734,-83.2219,638439,20260717043000,https://bridgemi.com/uncategorized/fact-check-president-trump-seeks-probe-of-2020-muskegon-voter-fraud/
1314009969,20260717,202607,2026,2026.5397,BUS,AIRLINE,,,,,,BUS,,,,,,,,,,,,,0,083,083,08,2,5.0,10,1,10,-0.72202166064982,1,United Kingdom,UK,UK,,54,-4,UK,0,,,,,,,,1,United Kingdom,UK,UK,,54,-4,UK,20260717043000,https://www.thetimes.com/travel/advice/what-are-the-eus-new-baggage-rules-bmshk70fc
1314009970,20260717,202607,2026,2026.5397,BUS,COMPANY,,,,,,BUS,,,,,,,,,,,,,1,111,111,11,3,-2.0,5,1,5,-1.80806675938804,4,"Redditch, Worcestershire, United Kingdom",UK,UKQ4,40135,52.3,-1.93333,-2606085,0,,,,,,,,4,"Redditch, Worcestershire, United Kingdom",UK,UKQ4,40135,52.3,-1.93333,-2606085,20260717043000,https://www.southwalesargus.co.uk/news/26287274.uk-clothing-retailer-risk-entering-administration/
1314009971,20260717,202607,2026,2026.5397,BUS,BUSINESS,,,,,,BUS,,,,,,,,,,,,,1,190,190,19,4,-10.0,10,1,10,2.72536687631027,4,"Rome, Lazio, Italy",IT,IT07,18350,41.9,12.4833,-126693,0,,,,,,,,4,"Rome, Lazio, Italy",IT,IT07,18350,41.9,12.4833,-126693,20260717043000,https://www.dailyrecord.co.uk/news/scottish-news/tiny-baby-named-hope-inspires-37438660
1314009972,20260717,202607,2026,2026.5397,BUS,LANDLORD,,,,,,BUS,,,CVL,TENANTS,,,,,,CVL,,,0,012,012,01,1,-0.4,10,1,10,-3.49544072948328,0,,,,,,,,0,,,,,,,,0,,,,,,,,20260717043000,https://www.falmouthpacket.co.uk/news/26287004.falmouth-traders-say-overflowing-commercial-bins-blighting-streets/
1314009973,20260717,202607,2026,2026.5397,BUS,INDUSTRY,,,,,,BUS,,,CVL,CITIZEN,,,,,,CVL,,,0,020,020,02,1,3.0,10,1,10,-3.24324324324324,1,India,IN,IN,,20,77,IN,1,India,IN,IN,,20,77,IN,1,India,IN,IN,,20,77,IN,20260717043000,https://www.ibtimes.co.uk/us-100000-bond-green-card-proposal-1809155
1314009974,20260717,202607,2026,2026.5397,BUS,BUSINESS,,,,,,BUS,,,GOV,AMBASSADOR,,,,,,GOV,,,0,020,020,02,1,3.0,10,1,10,-1.28410914927769,3,"Hollywood, California, United States",US,USCA,CA037,34.0983,-118.327,1660757,3,"Hollywood, California, United States",US,USCA,CA037,34.0983,-118.327,1660757,3,"Hollywood, California, United States",US,USCA,CA037,34.0983,-118.327,1660757,20260717043000,https://www.christianpost.com/voice/is-your-political-rage-a-spiritual-problem.html
1314009975,20260717,202607,2026,2026.5397,BUS,BUSINESS,,,,,,BUS,,,IRN,IRAN,IRN,,,,,,,,1,020,020,02,1,3.0,2,1,2,-0.95087163232963,1,Qatar,QA,QA,,25.5,51.25,QA,1,United States,US,US,,39.828175,-98.5795,US,1,Qatar,QA,QA,,25.5,51.25,QA,20260717043000,https://cyprus-mail.com/2026/07/17/economic-growth-remains-fragile-as-britain-faces-political-change
1314009976,20260717,202607,2026,2026.5397,BUS,BUSINESS,,,,,,BUS,,,IRN,IRAN,IRN,,,,,,,,1,020,020,02,1,3.0,2,1,2,-0.95087163232963,1,Saudi Arabia,SA,SA,,25,45,SA,1,Qatar,QA,QA,,25.5,51.25,QA,1,Saudi Arabia,SA,SA,,25,45,SA,20260717043000,https://cyprus-mail.com/2026/07/17/economic-growth-remains-fragile-as-britain-faces-political-change
1314009977,20260717,202607,2026,2026.5397,BUS,BUSINESS,,,,,,BUS,,,IRN,IRAN,IRN,,,,,,,,1,020,020,02,1,3.0,3,1,3,-0.95087163232963,1,United States,US,US,,39.828175,-98.5795,US,1,United States,US,US,,39.828175,-98.5795,US,1,Qatar,QA,QA,,25.5,51.25,QA,20260717043000,https://cyprus-mail.com/2026/07/17/economic-growth-remains-fragile-as-britain-faces-political-change
1314009978,20260717,202607,2026,2026.5397,BUS,COMPANY,,,,,,BUS,,,OMN,OMAN,OMN,,,,,,,,1,1123,112,11,3,-2.0,2,1,2,-2.76073619631902,4,"New Delhi, Delhi, India",IN,IN07,17911,28.6,77.2,-2106102,1,Oman,MU,MU,,21,57,MU,4,"New Delhi, Delhi, India",IN,IN07,17911,28.6,77.2,-2106102,20260717043000,https://www.breitbart.com/middle-east/2026/07/16/india-tells-seafarers-to-avoid-strait-of-hormuz-after-crew-deaths/
1314009979,20260717,202607,2026,2026.5397,BUS,COMPANY,,,,,,BUS,,,OMN,OMAN,OMN,,,,,,,,1,1123,112,11,3,-2.0,2,1,2,-2.76073619631902,1,Oman,MU,MU,,21,57,MU,1,Oman,MU,MU,,21,57,MU,4,"New Delhi, Delhi, India",IN,IN07,17911,28.6,77.2,-2106102,20260717043000,https://www.breitbart.com/middle-east/2026/07/16/india-tells-seafarers-to-avoid-strait-of-hormuz-after-crew-deaths/
1314009980,20260717,202607,2026,2026.5397,BUS,COMPANY,,,,,,BUS,,,OMN,OMAN,OMN,,,,,,,,1,190,190,19,4,-10.0,2,1,2,-2.76073619631902,4,"New Delhi, Delhi, India",IN,IN07,17911,28.6,77.2,-2106102,1,Oman,MU,MU,,21,57,MU,1,Oman,MU,MU,,21,57,MU,20260717043000,https://www.breitbart.com/middle-east/2026/07/16/india-tells-seafarers-to-avoid-strait-of-hormuz-after-crew-deaths/
1314009981,20260717,202607,2026,2026.5397,BUS,COMPANY,,,,,,BUS,,,OMN,OMAN,OMN,,,,,,,,1,190,190,19,4,-10.0,2,1,2,-2.76073619631902,1,Oman,MU,MU,,21,57,MU,1,Oman,MU,MU,,21,57,MU,1,Oman,MU,MU,,21,57,MU,20260717043000,https://www.breitbart.com/middle-east/2026/07/16/india-tells-seafarers-to-avoid-strait-of-hormuz-after-crew-deaths/
1314009982,20260717,202607,2026,2026.5397,BUS,INDUSTRY,,,,,,BUS,,,USA,UNITED STATES,USA,,,,,,,,1,010,010,01,1,0.0,2,1,2,1.98019801980198,3,"Round Oak, Georgia, United States",US,USGA,GA169,33.111,-83.6152,356505,3,"Round Oak, Georgia, United States",US,USGA,,33.111,-83.6152,356505,3,"Round Oak, Georgia, United States",US,USGA,,33.111,-83.6152,356505,20260717043000,https://wgxa.tv/news/local/longtime-macon-music-manager-alan-walden-dies-at-83-redwal-music-capricorn-records-lynyrd-skynyrd-ottis-redding-etta-james-black-history-southern-rock-soul-rb-warner-brothers-music-macon-mercer-university-music-history
1314009983,20260717,202607,2026,2026.5397,BUS,COMPANY,,,,,,BUS,,,USA,UNITED STATES,USA,,,,,,,,0,080,080,08,2,5.0,2,1,2,-3.77833753148615,3,"Muskegon, Michigan, United States",US,USMI,MI121,43.2342,-86.2484,1620963,2,"Michigan, United States",US,USMI,,43.3504,-84.5603,MI,2,"Michigan, United States",US,USMI,,43.3504,-84.5603,MI,20260717043000,https://bridgemi.com/uncategorized/fact-check-president-trump-seeks-probe-of-2020-muskegon-voter-fraud/
1314009984,20260717,202607,2026,2026.5397,BUS,COMPANY,,,,,,BUS,,,USA,UNITED STATES,USA,,,,,,,,0,080,080,08,2,5.0,2,1,2,-3.77833753148615,3,"Southfield, Michigan, United States",US,USMI,MI125,42.4734,-83.2219,638439,3,"Southfield, Michigan, United States",US,USMI,MI125,42.4734,-83.2219,638439,3,"Southfield, Michigan, United States",US,USMI,MI125,42.4734,-83.2219,638439,20260717043000,https://bridgemi.com/uncategorized/fact-check-president-trump-seeks-probe-of-2020-muskegon-voter-fraud/
1314009985,20260717,202607,2026,2026.5397,BUS,COMPANY,,,,,,BUS,,,USA,UNITED STATES,USA,,,,,,,,0,080,080,08,2,5.0,4,1,4,-3.77833753148615,3,"Southfield, Michigan, United States",US,USMI,MI125,42.4734,-83.2219,638439,3,"Southfield, Michigan, United States",US,USMI,MI125,42.4734,-83.2219,638439,2,"Michigan, United States",US,USMI,,43.3504,-84.5603,MI,20260717043000,https://bridgemi.com/uncategorized/fact-check-president-trump-seeks-probe-of-2020-muskegon-voter-fraud/
1314009986,20260717,202607,2026,2026.5397,BUSGOV,BUSINESS,,,,,,BUS,GOV,,,,,,,,,,,,1,071,071,07,2,7.4,4,1,4,-9.1468101460415,2,"New Hampshire, United States",US,USNH,,43.4108,-71.5653,NH,0,,,,,,,,2,"New Hampshire, United States",US,USNH,,43.4108,-71.5653,NH,20260717043000,https://www.accountingtoday.com/news/tax-fraud-blotter-win-some-lose-some
1314009987,20260717,202607,2026,2026.5397,CAN,CANADA,CAN,,,,,,,,,,,,,,,,,,1,043,043,04,1,2.8,4,1,4,-2.67591674925669,4,"Flin Flon, Manitoba, Canada",CA,CA03,154724,54.7667,-101.883,-564707,0,,,,,,,,4,"Flin Flon, Manitoba, Canada",CA,CA03,154724,54.7667,-101.883,-564707,20260717043000,http://www.minnpost.com/environment/2026/07/the-smoky-season-in-minnesota-has-just-begun/
1314009988,20260717,202607,2026,2026.5397,CAN,CANADA,CAN,,,,,,,,,,,,,,,,,,1,043,043,04,1,2.8,6,1,6,-2.67591674925669,4,"Flin Flon, Manitoba, Canada",CA,CA03,154724,54.7667,-101.883,-564707,0,,,,,,,,2,"Minnesota, United States",US,USMN,,45.7326,-93.9196,MN,20260717043000,http://www.minnpost.com/environment/2026/07/the-smoky-season-in-minnesota-has-just-begun/
1314009989,20260717,202607,2026,2026.5397,CAN,CANADA,CAN,,,,,,,,,,,,,,,,,,1,130,130,13,3,-4.4,10,1,10,-3.01318267419962,4,"Toronto, Ontario, Canada",CA,CA08,12686,43.6667,-79.4167,-574890,0,,,,,,,,4,"Toronto, Ontario, Canada",CA,CA08,12686,43.6667,-79.4167,-574890,20260717043000,https://www.ibtimes.co.uk/wildfire-smoke-ontario-us-health-alerts-1809159
1314009990,20260717,202607,2026,2026.5397,CAN,CANADIAN,CAN,,,,,,,,CANJUD,CANADA,CAN,,,,,JUD,,,1,010,010,01,1,0.0,1,1,1,1.22950819672131,4,"Calgary, Alberta, Canada",CA,CA01,12549,51.0833,-114.083,-561990,4,"Calgary, Alberta, Canada",CA,CA01,12549,51.0833,-114.083,-561990,4,"Calgary, Alberta, Canada",CA,CA01,12549,51.0833,-114.083,-561990,20260717043000,https://www.canadianlawyermag.com/news/general/university-of-calgary-law-faculty-appoints-haley-hrymak-as-first-ever-experiential-learning-director/394372
1314009991,20260717,202607,2026,2026.5397,CAN,CANADIAN,CAN,,,,,,,,CANJUD,CANADA,CAN,,,,,JUD,,,1,010,010,01,1,0.0,1,1,1,1.22950819672131,4,"Vancouver, British Columbia, Canada",CA,CA02,12552,49.25,-123.133,-575268,4,"Vancouver, British Columbia, Canada",CA,CA02,12552,49.25,-123.133,-575268,4,"Vancouver, British Columbia, Canada",CA,CA02,12552,49.25,-123.133,-575268,20260717043000,https://www.canadianlawyermag.com/news/general/university-of-calgary-law-faculty-appoints-haley-hrymak-as-first-ever-experiential-learning-director/394372
1314009992,20260717,202607,2026,2026.5397,CAN,CANADIAN,CAN,,,,,,,,CANJUD,CANADA,CAN,,,,,JUD,,,0,010,010,01,1,0.0,2,1,2,-4.64037122969837,1,Canada,CA,CA,,60,-96,CA,1,Canada,CA,CA,,60,-96,CA,1,Canada,CA,CA,,60,-96,CA,20260717043000,https://www.canadianlawyermag.com/news/international/youtube-meta-challenge-jury-on-social-media-addiction-verdict/394374
1314009993,20260717,202607,2026,2026.5397,CAN,ONTARIO,CAN,,,,,,,,CVL,COMMUNITY,,,,,,CVL,,,1,010,010,01,1,0.0,2,1,2,-3.01318267419962,3,"Collins Lake, Washington, United States",US,USWA,WA045,47.437,-122.985,1517961,4,"Toronto, Ontario, Canada",CA,CA08,12686,43.6667,-79.4167,-574890,3,"Collins Lake, Washington, United States",US,USWA,,47.437,-122.985,1517961,20260717043000,https://www.ibtimes.co.uk/wildfire-smoke-ontario-us-health-alerts-1809159
1314009994,20260717,202607,2026,2026.5397,CAN,ONTARIO,CAN,,,,,,,,CVL,COMMUNITY,,,,,,CVL,,,1,010,010,01,1,0.0,1,1,1,-3.01318267419962,3,"Collins Lake, Washington, United States",US,USWA,WA045,47.437,-122.985,1517961,3,"Collins Lake, Washington, United States",US,USWA,,47.437,-122.985,1517961,3,"Collins Lake, Washington, United States",US,USWA,,47.437,-122.985,1517961,20260717043000,https://www.ibtimes.co.uk/wildfire-smoke-ontario-us-health-alerts-1809159
1314009995,20260717,202607,2026,2026.5397,CANGOV,ONTARIO,CAN,,,,,GOV,,,,,,,,,,,,,0,138,138,13,3,-7.0,8,1,8,-3.01318267419962,4,"Toronto, Ontario, Canada",CA,CA08,12686,43.6667,-79.4167,-574890,0,,,,,,,,4,"Toronto, Ontario, Canada",CA,CA08,12686,43.6667,-79.4167,-574890,20260717043000,https://www.ibtimes.co.uk/wildfire-smoke-ontario-us-health-alerts-1809159
1314009996,20260717,202607,2026,2026.5397,CANGOV,ONTARIO,CAN,,,,,GOV,,,CAN,CANADA,CAN,,,,,,,,0,138,138,13,3,-7.0,2,1,2,-3.01318267419962,4,"Toronto, Ontario, Canada",CA,CA08,12686,43.6667,-79.4167,-574890,4,"Toronto, Ontario, Canada",CA,CA08,12686,43.6667,-79.4167,-574890,4,"Toronto, Ontario, Canada",CA,CA08,12686,43.6667,-79.4167,-574890,20260717043000,https://www.ibtimes.co.uk/wildfire-smoke-ontario-us-health-alerts-1809159
1314009997,20260717,202607,2026,2026.5397,CANJUD,CANADIAN,CAN,,,,,JUD,,,,,,,,,,,,,1,010,010,01,1,0.0,3,1,3,1.22950819672131,4,"Vancouver, British Columbia, Canada",CA,CA02,12552,49.25,-123.133,-575268,0,,,,,,,,4,"Vancouver, British Columbia, Canada",CA,CA02,12552,49.25,-123.133,-575268,20260717043000,https://www.canadianlawyermag.com/news/general/university-of-calgary-law-faculty-appoints-haley-hrymak-as-first-ever-experiential-learning-director/394372
1314009998,20260717,202607,2026,2026.5397,CANJUD,CANADIAN,CAN,,,,,JUD,,,,,,,,,,,,,0,010,010,01,1,0.0,3,1,3,-4.64037122969837,1,Canada,CA,CA,,60,-96,CA,0,,,,,,,,1,Canada,CA,CA,,60,-96,CA,20260717043000,https://www.canadianlawyermag.com/news/international/youtube-meta-challenge-jury-on-social-media-addiction-verdict/394374
1314009999,20260717,202607,2026,2026.5397,CHN,CHINA,CHN,,,,,,,,,,,,,,,,,,0,010,010,01,1,0.0,2,1,2,-6.36363636363636,1,Macau,MC,MC,,22.157778,113.559722,MC,0,,,,,,,,4,"Beijing, Beijing, China",CH,CH22,13001,39.9289,116.388,-1898541,20260717043000,https://www.bbc.co.uk/news/articles/cj632307934o
1314010000,20260717,202607,2026,2026.5397,CHN,CHINESE,CHN,,,,,,,,,,,,,,,,,,1,044,044,04,1,2.5,2,1,2,4.76190476190476,1,China,CH,CH,,35,105,CH,0,,,,,,,,1,China,CH,CH,,35,105,CH,20260717043000,https://macaudailytimes.com.mo/cpttm-marks-30-years-with-push-for-digital-transformation.html
1314010001,20260717,202607,2026,2026.5397,CHN,CHINA,CHN,,,,,,,,,,,,,,,,,,0,051,051,05,1,3.4,1,1,1,-3.31230283911672,3,"Washington, District of Columbia, United States",US,USDC,DC001,38.8951,-77.0364,531871,0,,,,,,,,1,China,CH,CH,,35,105,CH,20260717043000,https://www.orlandosentinel.com/2026/07/16/trump-uses-primetime-address-to-raise-doubts-about-us-elections-ahead-of-midterms/
1314010002,20260717,202607,2026,2026.5397,CHN,CHINA,CHN,,,,,,,,,,,,,,,,,,0,090,090,09,2,-2.0,1,1,1,0.71090047393365,1,Japan,JA,JA,,36,138,JA,0,,,,,,,,1,Japan,JA,JA,,36,138,JA,20260717043000,https://wwd.com/business-news/legal/louis-vuitton-china-post-trademark-win-1239065193/
1314010003,20260717,202607,2026,2026.5397,CHN,CHINESE,CHN,,,,,,,,BUS,INDUSTRY,,,,,,BUS,,,1,064,064,06,2,7.0,2,1,2,1.95876288659793,1,China,CH,CH,,35,105,CH,1,China,CH,CH,,35,105,CH,1,China,CH,CH,,35,105,CH,20260717043000,https://siliconangle.com/2026/07/16/chinas-moonshot-throws-gauntlet-kimi-k3-worlds-largest-open-weights-model/
1314010004,20260717,202607,2026,2026.5397,CHN,CHINA,CHN,,,,,,,,CHNGOV,CHINA,CHN,,,,,GOV,,,0,130,130,13,3,-4.4,2,1,2,-3.31230283911672,3,"Washington, District of Columbia, United States",US,USDC,DC001,38.8951,-77.0364,531871,3,"Washington, District of Columbia, United States",US,USDC,DC001,38.8951,-77.0364,531871,3,"Washington, District of Columbia, United States",US,USDC,DC001,38.8951,-77.0364,531871,20260717043000,https://www.orlandosentinel.com/2026/07/16/trump-uses-primetime-address-to-raise-doubts-about-us-elections-ahead-of-midterms/
1314010005,20260717,202607,2026,2026.5397,CHN,CHINA,CHN,,,,,,,,CHNGOV,CHINA,CHN,,,,,GOV,,,0,130,130,13,3,-4.4,2,1,2,-3.45679012345679,1,China,CH,CH,,35,105,CH,1,Russia,RS,RS,,60,100,RS,1,Russia,RS,RS,,60,100,RS,20260717043000,https://lethbridgeherald.com/entertainment/entertainment-news/2026/07/16/trump-uses-primetime-address-to-raise-doubts-about-us-elections-ahead-of-midterms/
1314010006,20260717,202607,2026,2026.5397,CHN,BEIJING,CHN,,,,,,,,GBR,BRITISH,GBR,,,,,,,,1,130,130,13,3,-4.4,2,1,2,-3.38461538461538,4,"Beijing, Beijing, China",CH,CH22,13001,39.9289,116.388,-1898541,4,"Scunthorpe, North Lincolnshire, United Kingdom",UK,UKJ3,40120,53.5833,-0.65,-2607324,4,"Scunthorpe, North Lincolnshire, United Kingdom",UK,UKJ3,40120,53.5833,-0.65,-2607324,20260717043000,https://www.aljazeera.com/news/2026/7/17/china-rebukes-uk-over-nationalisation-of-british-steel
1314010007,20260717,202607,2026,2026.5397,CHN,CHINA,CHN,,,,,,,,GOV,PRESIDENT,,,,,,GOV,,,0,111,111,11,3,-2.0,2,1,2,-3.53356890459364,1,China,CH,CH,,35,105,CH,1,China,CH,CH,,35,105,CH,1,China,CH,CH,,35,105,CH,20260717043000,https://www.dailymail.com/news/article-15984089/democrats-trump-shocking-election-integrity-speech.html
1314010008,20260717,202607,2026,2026.5397,CHN,CHINA,CHN,,,,,,,,GOV,BUREAUCRAT,,,,,,GOV,,,1,112,112,11,3,-2.0,2,1,2,-3.04955527318932,1,China,CH,CH,,35,105,CH,1,United States,US,US,,39.828175,-98.5795,US,1,United States,US,US,,39.828175,-98.5795,US,20260717043000,https://www.abc.net.au/news/2026-07-17/donald-trump-gives-address-on-election-integrity-issues/106926756
1314010009,20260717,202607,2026,2026.5397,CHN,CHINESE,CHN,,,,,,,,GOVBUS,GOVERNMENT,,,,,,GOV,BUS,,0,128,128,12,3,-5.0,10,1,10,-3.80228136882129,4,"Liu Chang, Guizhou, China",CH,CH18,13071,27.23,106.624,-3832690,4,"Liu Chang, Guizhou, China",CH,CH18,13071,27.23,106.624,-3832690,4,"Liu Chang, Guizhou, China",CH,CH18,13071,27.23,106.624,-3832690,20260717043000,https://www.channel3000.com/news/national-politics/what-trump-s-newly-declassified-documents-do-and-don-t-say-about-threats-to-us/article_e1eb4983-457a-544a-b5d5-8cb47e46dc15.html
1314010010,20260717,202607,2026,2026.5397,CHN,CHINESE,CHN,,,,,,,,LEG,REPRESENTATIVES,,,,,,LEG,,,1,044,044,04,1,2.5,5,1,5,4.76190476190476,1,China,CH,CH,,35,105,CH,1,China,CH,CH,,35,105,CH,1,China,CH,CH,,35,105,CH,20260717043000,https://macaudailytimes.com.mo/cpttm-marks-30-years-with-push-for-digital-transformation.html
1314010011,20260717,202607,2026,2026.5397,CHN,CHINA,CHN,,,,,,,,MED,MEDIA,,,,,,MED,,,0,010,010,01,1,0.0,2,1,2,0.71090047393365,4,"Miaojian, Hunan, China",CH,CH11,13139,26.1636,112.52,6204566,4,"Miaojian, Hunan, China",CH,CH11,13139,26.1636,112.52,6204566,4,"Miaojian, Hunan, China",CH,CH11,13139,26.1636,112.52,6204566,20260717043000,https://wwd.com/business-news/legal/louis-vuitton-china-post-trademark-win-1239065193/
1314010012,20260717,202607,2026,2026.5397,CHN,CHINA,CHN,,,,,,,,MED,MEDIA,,,,,,MED,,,0,060,060,06,2,6.0,2,1,2,0.71090047393365,4,"Miaojian, Hunan, China",CH,CH11,13139,26.1636,112.52,6204566,4,"Miaojian, Hunan, China",CH,CH11,13139,26.1636,112.52,6204566,4,"Miaojian, Hunan, China",CH,CH11,13139,26.1636,112.52,6204566,20260717043000,https://wwd.com/business-news/legal/louis-vuitton-china-post-trademark-win-1239065193/
1314010013,20260717,202607,2026,2026.5397,CHN,CHINA,CHN,,,,,,,,MIL,MILITARY,,,,,,MIL,,,1,071,071,07,2,7.4,10,1,10,0.10869565217391,4,"Chengdu, Sichuan, China",CH,CH32,13270,30.6667,104.067,-1900349,4,"Chengdu, Sichuan, China",CH,CH32,13270,30.6667,104.067,-1900349,4,"Chengdu, Sichuan, China",CH,CH32,13270,30.6667,104.067,-1900349,20260717043000,https://idrw.org/can-more-rafales-counter-chinas-500-j-20-fighters-why-india-needs-a-bigger-strategy/
1314010014,20260717,202607,2026,2026.5397,CHN,CHINESE,CHN,,,,,,,,SPY,INTELLIGENCE,,,,,,SPY,,,1,064,064,06,2,7.0,8,1,8,1.95876288659793,1,China,CH,CH,,35,105,CH,1,China,CH,CH,,35,105,CH,1,China,CH,CH,,35,105,CH,20260717043000,https://siliconangle.com/2026/07/16/chinas-moonshot-throws-gauntlet-kimi-k3-worlds-largest-open-weights-model/
1314010015,20260717,202607,2026,2026.5397,CHN,CHINA,CHN,,,,,,,,USA,UNITED STATES,USA,,,,,,,,0,010,010,01,1,0.0,2,1,2,-3.45679012345679,1,China,CH,CH,,35,105,CH,3,"White House, District of Columbia, United States",US,USDC,,38.8951,-77.0364,531871,1,Russia,RS,RS,,60,100,RS,20260717043000,https://lethbridgeherald.com/entertainment/entertainment-news/2026/07/16/trump-uses-primetime-address-to-raise-doubts-about-us-elections-ahead-of-midterms/
1314010016,20260717,202607,2026,2026.5397,CHNGOV,XI JINPING,CHN,,,,,GOV,,,CHNGOV,CHINESE,CHN,,,,,GOV,,,1,040,040,04,1,1.0,2,1,2,-4.71380471380472,1,Venezuela,VE,VE,,8,-66,VE,1,Venezuela,VE,VE,,8,-66,VE,1,Venezuela,VE,VE,,8,-66,VE,20260717043000,https://www.lbc.co.uk/article/trump-election-speech-2020-joe-biden-rigged-5Hjddj9_2/
1314010017,20260717,202607,2026,2026.5397,CHNGOV,CHINA,CHN,,,,,GOV,,,LEG,SENATE,,,,,,LEG,,,0,100,100,10,3,-5.0,1,1,1,-0.20491803278689,1,China,CH,CH,,35,105,CH,3,"White House, District of Columbia, United States",US,USDC,,38.8951,-77.0364,531871,3,"White House, District of Columbia, United States",US,USDC,,38.8951,-77.0364,531871,20260717043000,https://www.breitbart.com/the-media/2026/07/16/president-trump-slams-nbc-abc-not-covering-election-integrity-speech-protect-radical-left/
1314010018,20260717,202607,2026,2026.5397,CHNLEG,CHINA,CHN,,,,,LEG,,,USA,UNITED STATES,USA,,,,,,,,0,111,111,11,3,-2.0,12,6,12,-4.76190476190476,1,China,CH,CH,,35,105,CH,3,"The White House, District of Columbia, United States",US,USDC,,38.8951,-77.0364,531871,3,"The White House, District of Columbia, United States",US,USDC,,38.8951,-77.0364,531871,20260717043000,https://www.falmouthpacket.co.uk/news/national/26287849.trump-alleges-meddling-china-deep-state-cover-up-2020-election/
1314010019,20260717,202607,2026,2026.5397,CHR,CHRISTIAN,,,,CHR,,,,,,,,,,,,,,,0,080,080,08,2,5.0,4,1,4,-2.65324794144557,1,Iran,IR,IR,,32,53,IR,0,,,,,,,,1,Iran,IR,IR,,32,53,IR,20260717043000,https://www.theamericanconservative.com/tucker-carlson-the-west-is-committing-mass-suicide/
1314010020,20260717,202607,2026,2026.5397,CHR,CHRISTIAN,,,,CHR,,,,,,,,,,,,,,,0,080,080,08,2,5.0,6,1,6,-2.65324794144557,1,United States,US,US,,39.828175,-98.5795,US,0,,,,,,,,1,United States,US,US,,39.828175,-98.5795,US,20260717043000,https://www.theamericanconservative.com/tucker-carlson-the-west-is-committing-mass-suicide/
1314010021,20260717,202607,2026,2026.5397,CHRCTH,CATHOLIC,,,,CHR,CTH,,,,PRT,PORTUGUESE,PRT,,,,,,,,1,050,050,05,1,3.5,3,1,3,-0.77369439071567,4,"Coelhos, SantaréPO, Portugal",PO,PO18,24881,38.9614,-8.69759,-2163257,4,"Coelhos, SantaréPO, Portugal",PO,PO18,24881,38.9614,-8.69759,-2163257,4,"Coelhos, SantaréPO, Portugal",PO,PO18,24881,38.9614,-8.69759,-2163257,20260717043000,https://www.aljazeera.com/features/longform/2026/7/17/goas-forgotten-orchata-drink-lives-on-in-family-kitchens
1314010022,20260717,202607,2026,2026.5397,CHRCTH601,OPUS DEI,,,,CHR,CTH,,,,CHRCTH,CATHOLIC,,,,CHR,CTH,,,,1,112,112,11,3,-2.0,6,1,6,-6.35838150289017,4,"London, London, City of, United Kingdom",UK,UKH9,40110,51.5,-0.116667,-2601889,4,"London, London, City of, United Kingdom",UK,UKH9,40110,51.5,-0.116667,-2601889,4,"London, London, City of, United Kingdom",UK,UKH9,40110,51.5,-0.116667,-2601889,20260717043000,https://www.dailymail.com/crime-desk/article-15981685/opus-dei-undercover-investigation-podcast-catholic-sect.html
1314010023,20260717,202607,2026,2026.5397,CHRCTH601,OPUS DEI,,,,CHR,CTH,,,,CHRCTH,CATHOLIC,,,,CHR,CTH,,,,1,112,112,11,3,-2.0,4,1,4,-6.35838150289017,4,"Jordana, Murcia, Spain",SP,SP31,25822,37.6139,-0.763328,-386254,4,"Jordana, Murcia, Spain",SP,SP31,25822,37.6139,-0.763328,-386254,4,"Jordana, Murcia, Spain",SP,SP31,25822,37.6139,-0.763328,-386254,20260717043000,https://www.dailymail.com/crime-desk/article-15981685/opus-dei-undercover-investigation-podcast-catholic-sect.html
1314010024,20260717,202607,2026,2026.5397,CIV,COTE D'IVOIRE,CIV,,,,,,,,BUS,COMPANY,,,,,,BUS,,,1,014,014,01,1,0.0,1,1,1,0.27027027027027,4,"Abidjan, Lagunes, Cote D'ivoire",IV,IV82,16863,5.34111,-4.02806,-2115275,1,China,CH,CH,,35,105,CH,1,China,CH,CH,,35,105,CH,20260717043000,https://www.aljazeera.com/economy/2026/7/17/how-three-ivorian-firms-are-competing-with-global-brands
1314010025,20260717,202607,2026,2026.5397,COL,COLOMBIA,COL,,,,,,,,,,,,,,,,,,1,010,010,01,1,0.0,10,1,10,1.35527589545015,1,Thailand,TH,TH,,15,100,TH,0,,,,,,,,1,Thailand,TH,TH,,15,100,TH,20260717043000,https://news.mit.edu/2026/diana-grass-listens-to-bodys-language-0717
1314010026,20260717,202607,2026,2026.5397,COL,COLOMBIA,COL,,,,,,,,,,,,,,,,,,0,041,041,04,1,1.0,4,1,4,-4.87540628385699,1,Colombia,CO,CO,,4,-72,CO,0,,,,,,,,1,Colombia,CO,CO,,4,-72,CO,20260717043000,https://www.abc.net.au/news/2026-07-17/ice-officer-maine-shooting-history-of-violence-allegations/106926976
1314010027,20260717,202607,2026,2026.5397,COL,COLOMBIAN,COL,,,,,,,,USA,UNITED STATES,USA,,,,,,,,0,193,193,19,4,-10.0,2,1,2,-4.87540628385699,2,"Maine, United States",US,USME,,44.6074,-69.3977,ME,1,Colombia,CO,CO,,4,-72,CO,1,Colombia,CO,CO,,4,-72,CO,20260717043000,https://www.abc.net.au/news/2026-07-17/ice-officer-maine-shooting-history-of-violence-allegations/106926976
1314010028,20260717,202607,2026,2026.5397,COP,POLICE,,,,,,COP,,,,,,,,,,,,,1,010,010,01,1,0.0,10,1,10,-5.02283105022831,4,"Indore, Madhya Pradesh, India",IN,IN35,17729,22.7167,75.8333,-2097803,0,,,,,,,,4,"Indore, Madhya Pradesh, India",IN,IN35,17729,22.7167,75.8333,-2097803,20260717043000,https://www.freepressjournal.in/indore/two-lose-135-lakh-in-cyber-frauds-in-indore
1314010029,20260717,202607,2026,2026.5397,COP,PRISON,,,,,,COP,,,,,,,,,,,,,0,010,010,01,1,0.0,6,1,6,-9.1468101460415,3,"River Park, Florida, United States",US,USFL,FL111,27.3142,-80.3473,308096,0,,,,,,,,3,"River Park, Florida, United States",US,USFL,,27.3142,-80.3473,308096,20260717043000,https://www.accountingtoday.com/news/tax-fraud-blotter-win-some-lose-some
1314010030,20260717,202607,2026,2026.5397,COP,DETECTIVE,,,,,,COP,,,,,,,,,,,,,0,010,010,01,1,0.0,1,1,1,-3.27102803738317,2,"Kentucky, United States",US,USKY,,37.669,-84.6514,KY,0,,,,,,,,2,"Kentucky, United States",US,USKY,,37.669,-84.6514,KY,20260717043000,https://www.wpsdlocal6.com/news/former-murray-pd-officers-may-arrest-connected-to-2019-internal-investigation/article_84dc1c2b-be81-4d0f-9638-1c4d3bf62156.html
1314010031,20260717,202607,2026,2026.5397,COP,POLICE FORCE,,,,,,COP,,,,,,,,,,,,,1,042,042,04,1,1.9,2,1,2,1.12044817927171,4,"Limbang, Sarawak, Malaysia",MY,MY11,37438,4.75,115,-2400375,0,,,,,,,,4,"Limbang, Sarawak, Malaysia",MY,MY11,37438,4.75,115,-2400375,20260717043000,https://www.theborneopost.com/2026/07/17/190-miri-prison-inmates-transferred-to-limbang-by-sea-to-ease-overcrowding/
1314010032,20260717,202607,2026,2026.5397,COP,PRISON,,,,,,COP,,,,,,,,,,,,,0,084,084,08,2,7.0,6,1,6,-9.1468101460415,3,"River Park, Florida, United States",US,USFL,FL111,27.3142,-80.3473,308096,0,,,,,,,,3,"River Park, Florida, United States",US,USFL,,27.3142,-80.3473,308096,20260717043000,https://www.accountingtoday.com/news/tax-fraud-blotter-win-some-lose-some
1314010033,20260717,202607,2026,2026.5397,COP,PRISON,,,,,,COP,,,,,,,,,,,,,0,084,084,08,2,7.0,4,1,4,-9.1468101460415,2,"Florida, United States",US,USFL,,27.8333,-81.717,FL,0,,,,,,,,2,"Florida, United States",US,USFL,,27.8333,-81.717,FL,20260717043000,https://www.accountingtoday.com/news/tax-fraud-blotter-win-some-lose-some
1314010034,20260717,202607,2026,2026.5397,COP,POLICE,,,,,,COP,,,,,,,,,,,,,1,1014,101,10,3,-5.0,4,1,4,-8.81670533642687,4,"Bengaluru, Karnataka, India",IN,IN19,70159,12.9833,77.5833,-2090174,0,,,,,,,,4,"Bengaluru, Karnataka, India",IN,IN19,70159,12.9833,77.5833,-2090174,20260717043000,https://www.moneycontrol.com/city/siya-goyal-case-left-me-scared-bengaluru-businessman-alleges-threat-from-wife-her-lover-article-13976238.html
1314010035,20260717,202607,2026,2026.5397,COP,POLICE,,,,,,COP,,,,,,,,,,,,,1,1014,101,10,3,-5.0,6,1,6,-8.81670533642687,4,"Pune, Maharashtra, India",IN,IN16,70178,18.5333,73.8667,-2108361,0,,,,,,,,4,"Pune, Maharashtra, India",IN,IN16,70178,18.5333,73.8667,-2108361,20260717043000,https://www.moneycontrol.com/city/siya-goyal-case-left-me-scared-bengaluru-businessman-alleges-threat-from-wife-her-lover-article-13976238.html
1314010036,20260717,202607,2026,2026.5397,COP,POLICE FORCE,,,,,,COP,,,,,,,,,,,,,0,153,153,15,4,-7.2,10,1,10,-9.43820224719101,4,"Kashmir, North-West Frontier, Pakistan",PK,PK03,40350,34.796,72.1502,-2764806,0,,,,,,,,4,"Kashmir, North-West Frontier, Pakistan",PK,PK03,40350,34.796,72.1502,-2764806,20260717043000,https://www.prokerala.com/news/articles/a1788976.html
1314010037,20260717,202607,2026,2026.5397,COP,POLICE FORCE,,,,,,COP,,,,,,,,,,,,,1,154,154,15,4,-7.2,10,1,10,1.12044817927171,4,"Bintulu, Sarawak, Malaysia",MY,MY11,18585,3.16667,113.033,-2400610,0,,,,,,,,4,"Bintulu, Sarawak, Malaysia",MY,MY11,18585,3.16667,113.033,-2400610,20260717043000,https://www.theborneopost.com/2026/07/17/190-miri-prison-inmates-transferred-to-limbang-by-sea-to-ease-overcrowding/
1314010038,20260717,202607,2026,2026.5397,COP,POLICE,,,,,,COP,,,,,,,,,,,,,1,171,171,17,4,-9.2,10,1,10,0,0,,,,,,,,0,,,,,,,,0,,,,,,,,20260717043000,https://www.wtma.com/2026/07/16/more-than-20-vehicles-broken-into-three-stolen-in-mount-pleasant-neighborhood-overnight/
1314010039,20260717,202607,2026,2026.5397,COP,PRISON,,,,,,COP,,,,,,,,,,,,,0,173,173,17,4,-5.0,10,1,10,-9.1468101460415,3,"Miami, Florida, United States",US,USFL,FL086,25.7743,-80.1937,295004,0,,,,,,,,3,"Miami, Florida, United States",US,USFL,FL086,25.7743,-80.1937,295004,20260717043000,https://www.accountingtoday.com/news/tax-fraud-blotter-win-some-lose-some
1314010040,20260717,202607,2026,2026.5397,COP,POLICE,,,,,,COP,,,AUS,AUSTRALIA,AUS,,,,,,,,0,010,010,01,1,0.0,3,3,3,-6.27887902291335,4,"Brisbane, Queensland, Australia",AS,AS04,154654,-27.5,153.017,-1561728,4,"Melbourne, Victoria, Australia",AS,AS07,5430,-37.8167,144.967,-1586844,4,"Melbourne, Victoria, Australia",AS,AS07,5430,-37.8167,144.967,-1586844,20260717043000,https://www.bunburymail.com.au/story/9312669/elderly-man-denies-murdering-afl-champs-lost-brother/
1314010041,20260717,202607,2026,2026.5397,COP,POLICE,,,,,,COP,,,AUS,AUSTRALIA,AUS,,,,,,,,0,010,010,01,1,0.0,3,3,3,-6.27887902291335,4,"Toorak, Queensland, Australia",AS,AS04,154654,-27.4333,153.05,-1605283,4,"Melbourne, Victoria, Australia",AS,AS07,5430,-37.8167,144.967,-1586844,4,"Melbourne, Victoria, Australia",AS,AS07,5430,-37.8167,144.967,-1586844,20260717043000,https://www.bunburymail.com.au/story/9312669/elderly-man-denies-murdering-afl-champs-lost-brother/
1314010042,20260717,202607,2026,2026.5397,COP,POLICE,,,,,,COP,,,AUS,AUSTRALIA,AUS,,,,,,,,0,020,020,02,1,3.0,3,3,3,-6.27887902291335,4,"Brisbane, Queensland, Australia",AS,AS04,154654,-27.5,153.017,-1561728,4,"Melbourne, Victoria, Australia",AS,AS07,5430,-37.8167,144.967,-1586844,4,"Melbourne, Victoria, Australia",AS,AS07,5430,-37.8167,144.967,-1586844,20260717043000,https://www.bunburymail.com.au/story/9312669/elderly-man-denies-murdering-afl-champs-lost-brother/
1314010043,20260717,202607,2026,2026.5397,COP,POLICE,,,,,,COP,,,AUS,AUSTRALIA,AUS,,,,,,,,0,020,020,02,1,3.0,3,3,3,-6.27887902291335,4,"Toorak, Queensland, Australia",AS,AS04,154654,-27.4333,153.05,-1605283,4,"Melbourne, Victoria, Australia",AS,AS07,5430,-37.8167,144.967,-1586844,4,"Melbourne, Victoria, Australia",AS,AS07,5430,-37.8167,144.967,-1586844,20260717043000,https://www.bunburymail.com.au/story/9312669/elderly-man-denies-murdering-afl-champs-lost-brother/
1314010044,20260717,202607,2026,2026.5397,COP,POLICE,,,,,,COP,,,AUS,BRISBANE,AUS,,,,,,,,0,084,084,08,2,7.0,3,3,3,-6.27887902291335,4,"Brisbane, Queensland, Australia",AS,AS04,154654,-27.5,153.017,-1561728,4,"Brisbane, Queensland, Australia",AS,AS04,154654,-27.5,153.017,-1561728,4,"Brisbane, Queensland, Australia",AS,AS04,154654,-27.5,153.017,-1561728,20260717043000,https://www.bunburymail.com.au/story/9312669/elderly-man-denies-murdering-afl-champs-lost-brother/
1314010045,20260717,202607,2026,2026.5397,COP,POLICE,,,,,,COP,,,AUS,BRISBANE,AUS,,,,,,,,0,084,084,08,2,7.0,3,3,3,-6.27887902291335,4,"Toorak, Queensland, Australia",AS,AS04,154654,-27.4333,153.05,-1605283,4,"Melbourne, Victoria, Australia",AS,AS07,5430,-37.8167,144.967,-1586844,4,"Toorak, Queensland, Australia",AS,AS04,154654,-27.4333,153.05,-1605283,20260717043000,https://www.bunburymail.com.au/story/9312669/elderly-man-denies-murdering-afl-champs-lost-brother/
1314010046,20260717,202607,2026,2026.5397,COP,POLICE,,,,,,COP,,,AUS,BRISBANE,AUS,,,,,,,,0,173,173,17,4,-5.0,3,3,3,-6.27887902291335,4,"Brisbane, Queensland, Australia",AS,AS04,154654,-27.5,153.017,-1561728,4,"Brisbane, Queensland, Australia",AS,AS04,154654,-27.5,153.017,-1561728,4,"Brisbane, Queensland, Australia",AS,AS04,154654,-27.5,153.017,-1561728,20260717043000,https://www.bunburymail.com.au/story/9312669/elderly-man-denies-murdering-afl-champs-lost-brother/
1314010047,20260717,202607,2026,2026.5397,COP,POLICE,,,,,,COP,,,AUS,BRISBANE,AUS,,,,,,,,0,173,173,17,4,-5.0,3,3,3,-6.27887902291335,4,"Toorak, Queensland, Australia",AS,AS04,154654,-27.4333,153.05,-1605283,4,"Melbourne, Victoria, Australia",AS,AS07,5430,-37.8167,144.967,-1586844,4,"Toorak, Queensland, Australia",AS,AS04,154654,-27.4333,153.05,-1605283,20260717043000,https://www.bunburymail.com.au/story/9312669/elderly-man-denies-murdering-afl-champs-lost-brother/
1314010048,20260717,202607,2026,2026.5397,COP,POLICE,,,,,,COP,,,CVL,NEIGHBORHOOD,,,,,,CVL,,,1,193,193,19,4,-10.0,10,1,10,-9.25925925925925,0,,,,,,,,0,,,,,,,,0,,,,,,,,20260717043000,https://abc30.com/story/fresno-man-sentenced-25-years-life-murder-food-vendor/19523099/
1314010049,20260717,202607,2026,2026.5397,COP,DEPUTY,,,,,,COP,,,GOV,PRESIDENT,,,,,,GOV,,,0,010,010,01,1,0.0,6,1,6,-3.31230283911672,3,"White House, District of Columbia, United States",US,USDC,,38.8951,-77.0364,531871,1,Russia,RS,RS,,60,100,RS,1,Russia,RS,RS,,60,100,RS,20260717043000,https://www.orlandosentinel.com/2026/07/16/trump-uses-primetime-address-to-raise-doubts-about-us-elections-ahead-of-midterms/
1314010050,20260717,202607,2026,2026.5397,COP,POLICE FORCE,,,,,,COP,,,MYS,MALAYSIA,MYS,,,,,,,,1,042,042,04,1,1.9,8,1,8,1.12044817927171,4,"Limbang, Sarawak, Malaysia",MY,MY11,37438,4.75,115,-2400375,4,"Limbang, Sarawak, Malaysia",MY,MY11,37438,4.75,115,-2400375,4,"Limbang, Sarawak, Malaysia",MY,MY11,37438,4.75,115,-2400375,20260717043000,https://www.theborneopost.com/2026/07/17/190-miri-prison-inmates-transferred-to-limbang-by-sea-to-ease-overcrowding/
1314010051,20260717,202607,2026,2026.5397,COP,POLICE OFFICIALS,,,,,,COP,,,REL,PREACHER,,,,,,,,,1,173,173,17,4,-5.0,10,1,10,-9.43820224719101,4,"Lashkar, North-West Frontier, Pakistan",PK,PK03,40348,34.945,72.8164,6094009,4,"Lashkar, North-West Frontier, Pakistan",PK,PK03,40348,34.945,72.8164,6094009,4,"Lashkar, North-West Frontier, Pakistan",PK,PK03,40348,34.945,72.8164,6094009,20260717043000,https://www.prokerala.com/news/articles/a1788976.html
1314010052,20260717,202607,2026,2026.5397,COP,POLICE,,,,,,COP,,,UAF,ARMED MEN,,,,,,UAF,,,1,173,173,17,4,-5.0,4,1,4,-2.49433106575964,5,"Uttar Pradesh, Uttar Pradesh, India",IN,IN36,17938,27.25,80.75,-2113996,5,"Uttar Pradesh, Uttar Pradesh, India",IN,IN36,17938,27.25,80.75,-2113996,5,"Uttar Pradesh, Uttar Pradesh, India",IN,IN36,17938,27.25,80.75,-2113996,20260717043000,https://www.prokerala.com/news/articles/a1788978.html
1314010053,20260717,202607,2026,2026.5397,COP,DETECTIVE,,,,,,COP,,,USA,UNITED STATES,USA,,,,,,,,0,010,010,01,1,0.0,3,1,3,-3.27102803738317,2,"Kentucky, United States",US,USKY,,37.669,-84.6514,KY,2,"Kentucky, United States",US,USKY,,37.669,-84.6514,KY,2,"Kentucky, United States",US,USKY,,37.669,-84.6514,KY,20260717043000,https://www.wpsdlocal6.com/news/former-murray-pd-officers-may-arrest-connected-to-2019-internal-investigation/article_84dc1c2b-be81-4d0f-9638-1c4d3bf62156.html
1314010054,20260717,202607,2026,2026.5397,CRM,DEALER,,,,,,CRM,,,,,,,,,,,,,0,010,010,01,1,0.0,5,1,5,2.51256281407035,4,"Nairobi, Nairobi Area, Kenya",KE,KE05,18585,-1.28333,36.8167,-2258072,0,,,,,,,,4,"Nairobi, Nairobi Area, Kenya",KE,KE05,18585,-1.28333,36.8167,-2258072,20260717043000,https://africasacountry.com/2026/07/from-colonial-storage-to-open-access
1314010055,20260717,202607,2026,2026.5397,CRM,CRIMINAL,,,,,,CRM,,,,,,,,,,,,,0,010,010,01,1,0.0,3,1,3,-9.1468101460415,3,"River Park, Florida, United States",US,USFL,FL111,27.3142,-80.3473,308096,0,,,,,,,,3,"River Park, Florida, United States",US,USFL,,27.3142,-80.3473,308096,20260717043000,https://www.accountingtoday.com/news/tax-fraud-blotter-win-some-lose-some
1314010056,20260717,202607,2026,2026.5397,CRM,CRIMINAL,,,,,,CRM,,,,,,,,,,,,,0,010,010,01,1,0.0,2,1,2,-9.1468101460415,2,"Florida, United States",US,USFL,,27.8333,-81.717,FL,0,,,,,,,,2,"Florida, United States",US,USFL,,27.8333,-81.717,FL,20260717043000,https://www.accountingtoday.com/news/tax-fraud-blotter-win-some-lose-some
1314010057,20260717,202607,2026,2026.5397,CRM,BANDIT,,,,,,CRM,,,,,,,,,,,,,1,043,043,04,1,2.8,6,1,6,0.42372881355932,2,"Utah, United States",US,USUT,,40.1135,-111.854,UT,0,,,,,,,,2,"Utah, United States",US,USUT,,40.1135,-111.854,UT,20260717043000,https://www.wcjb.com/2026/07/17/pro-gators-gator-softball-great-skylar-wallace-makes-ausl-history-with-first-3-hr-game/
1314010058,20260717,202607,2026,2026.5397,CRM,BANDIT,,,,,,CRM,,,,,,,,,,,,,1,080,080,08,2,5.0,6,1,6,0.42372881355932,2,"Utah, United States",US,USUT,,40.1135,-111.854,UT,0,,,,,,,,2,"Utah, United States",US,USUT,,40.1135,-111.854,UT,20260717043000,https://www.wcjb.com/2026/07/17/pro-gators-gator-softball-great-skylar-wallace-makes-ausl-history-with-first-3-hr-game/
1314010059,20260717,202607,2026,2026.5397,CRM,CRIMINAL,,,,,,CRM,,,COP,PRISON,,,,,,COP,,,0,020,020,02,1,3.0,3,1,3,-9.1468101460415,3,"River Park, Florida, United States",US,USFL,FL111,27.3142,-80.3473,308096,3,"River Park, Florida, United States",US,USFL,,27.3142,-80.3473,308096,3,"River Park, Florida, United States",US,USFL,,27.3142,-80.3473,308096,20260717043000,https://www.accountingtoday.com/news/tax-fraud-blotter-win-some-lose-some
1314010060,20260717,202607,2026,2026.5397,CRM,CRIMINAL,,,,,,CRM,,,COP,PRISON,,,,,,COP,,,0,020,020,02,1,3.0,2,1,2,-9.1468101460415,2,"Florida, United States",US,USFL,,27.8333,-81.717,FL,2,"Florida, United States",US,USFL,,27.8333,-81.717,FL,2,"Florida, United States",US,USFL,,27.8333,-81.717,FL,20260717043000,https://www.accountingtoday.com/news/tax-fraud-blotter-win-some-lose-some
1314010061,20260717,202607,2026,2026.5397,CRM,CONVICTS,,,,,,CRM,,,COP,STATE PRISON,,,,,,COP,,,1,173,173,17,4,-5.0,5,1,5,-13.0630630630631,4,"Bhopal, Madhya Pradesh, India",IN,IN35,17746,23.2667,77.4,-2091670,4,"Bhopal, Madhya Pradesh, India",IN,IN35,17746,23.2667,77.4,-2091670,4,"Bhopal, Madhya Pradesh, India",IN,IN35,17746,23.2667,77.4,-2091670,20260717043000,https://www.freepressjournal.in/bhopal/jail-death-row-inmates-in-madhya-pradesh-drop-to-31-from-48-in-eight-years
1314010062,20260717,202607,2026,2026.5397,CRM,BANDIT,,,,,,CRM,,,USA,UNITED STATES,USA,,,,,,,,1,043,043,04,1,2.8,4,1,4,0.42372881355932,3,"Chicago, Illinois, United States",US,USIL,IL031,41.85,-87.6501,423587,3,"Chicago, Illinois, United States",US,USIL,IL031,41.85,-87.6501,423587,3,"Chicago, Illinois, United States",US,USIL,IL031,41.85,-87.6501,423587,20260717043000,https://www.wcjb.com/2026/07/17/pro-gators-gator-softball-great-skylar-wallace-makes-ausl-history-with-first-3-hr-game/
1314010063,20260717,202607,2026,2026.5397,CVL,CITIZEN,,,,,,CVL,,,,,,,,,,,,,1,010,010,01,1,0.0,3,1,3,3.80761523046093,4,"Dhaka, Dhaka, Bangladesh",BG,BG81,5778,23.7231,90.4086,-2737683,0,,,,,,,,4,"Dhaka, Dhaka, Bangladesh",BG,BG81,5778,23.7231,90.4086,-2737683,20260717043000,https://idrw.org/time-for-bangladesh-and-india-to-address-defining-future-challenges-through-shared-solutions-report/
1314010064,20260717,202607,2026,2026.5397,CVL,VOTER,,,,,,CVL,,,,,,,,,,,,,0,010,010,01,1,0.0,5,1,5,-3.04955527318932,1,China,CH,CH,,35,105,CH,0,,,,,,,,1,China,CH,CH,,35,105,CH,20260717043000,https://www.abc.net.au/news/2026-07-17/donald-trump-gives-address-on-election-integrity-issues/106926756
1314010065,20260717,202607,2026,2026.5397,CVL,VOTER,,,,,,CVL,,,,,,,,,,,,,0,014,014,01,1,0.0,10,1,10,-0.37406483790524,1,United Kingdom,UK,UK,,54,-4,UK,0,,,,,,,,1,United Kingdom,UK,UK,,54,-4,UK,20260717043000,https://www.dailyrecord.co.uk/news/politics/new-poll-shows-separate-scottish-37440079
1314010066,20260717,202607,2026,2026.5397,CVL,SETTLEMENT,,,,,,CVL,,,,,,,,,,,,,1,020,020,02,1,3.0,10,1,10,-1.26689189189189,4,"Gaza, Israel (general), Israel",IS,IS00,18315,31.4167,34.3333,-797156,0,,,,,,,,4,"Gaza, Israel (general), Israel",IS,IS00,18315,31.4167,34.3333,-797156,20260717043000,https://original.antiwar.com/solomon/2026/07/16/politicians-should-stop-hiding-behind-the-two-state-solution-fantasy/
1314010067,20260717,202607,2026,2026.5397,CVL,CITIZEN,,,,,,CVL,,,,,,,,,,,,,1,020,020,02,1,3.0,4,1,4,-0.59405940594059,3,"Wayne County, Michigan, United States",US,USMI,MI163,42.2506,-83.2833,1623022,0,,,,,,,,3,"Wayne County, Michigan, United States",US,USMI,,42.2506,-83.2833,1623022,20260717043000,https://www.wxyz.com/news/region/wayne-county/wayne-county-sends-70k-stockpiled-kn95-masks-to-senior-centers-amid-wildfire-smoke
1314010068,20260717,202607,2026,2026.5397,CVL,COMMUNITY,,,,,,CVL,,,,,,,,,,,,,1,040,040,04,1,1.0,3,1,3,2.51256281407035,4,"Nairobi, Nairobi Area, Kenya",KE,KE05,18585,-1.28333,36.8167,-2258072,0,,,,,,,,4,"Nairobi, Nairobi Area, Kenya",KE,KE05,18585,-1.28333,36.8167,-2258072,20260717043000,https://africasacountry.com/2026/07/from-colonial-storage-to-open-access
1314010069,20260717,202607,2026,2026.5397,CVL,COMMUNITY,,,,,,CVL,,,,,,,,,,,,,1,040,040,04,1,1.0,1,1,1,2.51256281407035,1,Rwanda,RW,RW,,-2,30,RW,0,,,,,,,,4,"Nairobi, Nairobi Area, Kenya",KE,KE05,18585,-1.28333,36.8167,-2258072,20260717043000,https://africasacountry.com/2026/07/from-colonial-storage-to-open-access
1314010070,20260717,202607,2026,2026.5397,CVL,COMMUNITY,,,,,,CVL,,,,,,,,,,,,,1,040,040,04,1,1.0,1,1,1,2.51256281407035,1,Rwanda,RW,RW,,-2,30,RW,0,,,,,,,,1,Rwanda,RW,RW,,-2,30,RW,20260717043000,https://africasacountry.com/2026/07/from-colonial-storage-to-open-access
1314010071,20260717,202607,2026,2026.5397,CVL,COMMUNITY,,,,,,CVL,,,,,,,,,,,,,1,043,043,04,1,2.8,3,1,3,2.51256281407035,4,"Nairobi, Nairobi Area, Kenya",KE,KE05,18585,-1.28333,36.8167,-2258072,0,,,,,,,,4,"Nairobi, Nairobi Area, Kenya",KE,KE05,18585,-1.28333,36.8167,-2258072,20260717043000,https://africasacountry.com/2026/07/from-colonial-storage-to-open-access
1314010072,20260717,202607,2026,2026.5397,CVL,RESIDENTS,,,,,,CVL,,,,,,,,,,,,,1,043,043,04,1,2.8,6,1,6,-1.04166666666666,3,"Cottonwood, Utah, United States",US,USUT,UT019,39.0644,-109.182,1437836,0,,,,,,,,3,"Cottonwood, Utah, United States",US,USUT,UT019,39.0644,-109.182,1437836,20260717043000,https://www.fox13now.com/news/local-news/central-utah/beaver-county-residents-set-up-thousands-of-sandbags-ahead-of-flashfloods
1314010073,20260717,202607,2026,2026.5397,CVL,VOTER,,,,,,CVL,,,,,,,,,,,,,0,043,043,04,1,2.8,10,1,10,-4.29338103756708,3,"White House, District of Columbia, United States",US,USDC,,38.8951,-77.0364,531871,0,,,,,,,,3,"White House, District of Columbia, United States",US,USDC,,38.8951,-77.0364,531871,20260717043000,https://www.breitbart.com/politics/2026/07/16/kamala-harris-trump-address-2020-election-not-stolen/
1314010074,20260717,202607,2026,2026.5397,CVL,COMMUNITY,,,,,,CVL,,,,,,,,,,,,,1,043,043,04,1,2.8,2,1,2,2.51256281407035,1,Rwanda,RW,RW,,-2,30,RW,0,,,,,,,,1,Rwanda,RW,RW,,-2,30,RW,20260717043000,https://africasacountry.com/2026/07/from-colonial-storage-to-open-access
1314010075,20260717,202607,2026,2026.5397,CVL,COMMUNITY,,,,,,CVL,,,,,,,,,,,,,1,051,051,05,1,3.4,5,1,5,0,4,"Johor, Johor, Malaysia",MY,MY01,18585,1.4655,103.758,-2405456,0,,,,,,,,4,"Johor, Johor, Malaysia",MY,MY01,18585,1.4655,103.758,-2405456,20260717043000,https://cointelegraph.com/news/balaji-seeks-malaysia-deal-threatens-exit-after-network-school-probe
1314010076,20260717,202607,2026,2026.5397,CVL,COMMUNITY,,,,,,CVL,,,,,,,,,,,,,0,051,051,05,1,3.4,3,1,3,4.48,3,"New Orleans, Louisiana, United States",US,USLA,LA071,29.9546,-90.0751,1629985,0,,,,,,,,3,"New Orleans, Louisiana, United States",US,USLA,,29.9546,-90.0751,1629985,20260717043000,https://thebeatdfw.com/4537833/tales-of-the-cocktail-2026-kicks-off-next-week-new-orleans/
1314010077,20260717,202607,2026,2026.5397,CVL,COMMUNITY,,,,,,CVL,,,,,,,,,,,,,1,051,051,05,1,3.4,10,1,10,2.92504570383913,3,"Graves County, Kentucky, United States",US,USKY,KY083,36.7334,-88.65,516888,0,,,,,,,,3,"Graves County, Kentucky, United States",US,USKY,,36.7334,-88.65,516888,20260717043000,https://www.wpsdlocal6.com/news/independence-bank-in-mayfield-celebrates-10-years-of-service/article_a285456e-8317-4797-a3b6-aac8951f9c7e.html
1314010078,20260717,202607,2026,2026.5397,CVL,COMMUNITY,,,,,,CVL,,,,,,,,,,,,,0,051,051,05,1,3.4,2,1,2,4.48,2,"Louisiana, United States",US,USLA,,31.1801,-91.8749,LA,0,,,,,,,,2,"Louisiana, United States",US,USLA,,31.1801,-91.8749,LA,20260717043000,https://thebeatdfw.com/4537833/tales-of-the-cocktail-2026-kicks-off-next-week-new-orleans/
1314010079,20260717,202607,2026,2026.5397,CVL,COMMUNITY,,,,,,CVL,,,,,,,,,,,,,1,090,090,09,2,-2.0,5,1,5,-0.19083969465648,4,"Lagos, Lagos, Nigeria",NI,NI05,191416,6.45306,3.39583,-2017355,0,,,,,,,,4,"Lagos, Lagos, Nigeria",NI,NI05,191416,6.45306,3.39583,-2017355,20260717043000,https://www.vanguardngr.com/2026/07/why-nigeria-must-invest-in-mangroves-preservation/
1314010080,20260717,202607,2026,2026.5397,CVL,TOURIST,,,,,,CVL,,,,,,,,,,,,,0,090,090,09,2,-2.0,2,1,2,-4.12844036697247,4,"Vientiane, (LA11), Laos",LA,LA11,27147,17.9667,102.6,-2669740,0,,,,,,,,4,"Vientiane, (LA11), Laos",LA,LA11,27147,17.9667,102.6,-2669740,20260717043000,https://www.dailymail.com/news/article-15983957/laos-methanol-poisoning-penalty-melbourne-holly-bianca.html
1314010081,20260717,202607,2026,2026.5397,CVL,NEIGHBOURHOOD,,,,,,CVL,,,,,,,,,,,,,0,172,172,17,4,-5.0,10,1,10,1.27077223851417,4,"Milan, Lombardia, Italy",IT,IT09,18363,45.4667,9.2,-121726,0,,,,,,,,4,"Milan, Lombardia, Italy",IT,IT09,18363,45.4667,9.2,-121726,20260717043000,https://www.thetimes.com/travel/destinations/europe-travel/italy/milan/i-went-to-milan-to-improve-my-italian-this-is-what-i-learnt-lhx5drlhb
1314010082,20260717,202607,2026,2026.5397,CVL,TRAVELER,,,,,,CVL,,,,,,,,,,,,,0,172,172,17,4,-5.0,10,1,10,3.37078651685393,1,Macau,MC,MC,,22.157778,113.559722,MC,0,,,,,,,,1,Macau,MC,MC,,22.157778,113.559722,MC,20260717043000,https://macaudailytimes.com.mo/sip-around-asia-returns-to-w-macau-studio-city-with-a-star-studded-bar-takeover.html
1314010083,20260717,202607,2026,2026.5397,CVL,IMMIGRANT,,,,,,CVL,,,,,,,,,,,,,0,192,192,19,4,-9.5,3,1,3,1.35527589545015,1,Thailand,TH,TH,,15,100,TH,0,,,,,,,,1,Thailand,TH,TH,,15,100,TH,20260717043000,https://news.mit.edu/2026/diana-grass-listens-to-bodys-language-0717
1314010084,20260717,202607,2026,2026.5397,CVL,CITIZEN,,,,,,CVL,,,BGD,BANGLADESHI,BGD,,,,,,,,1,010,010,01,1,0.0,2,1,2,3.80761523046093,4,"Dhaka, Dhaka, Bangladesh",BG,BG81,5778,23.7231,90.4086,-2737683,4,"Dhaka, Dhaka, Bangladesh",BG,BG81,5778,23.7231,90.4086,-2737683,4,"Dhaka, Dhaka, Bangladesh",BG,BG81,5778,23.7231,90.4086,-2737683,20260717043000,https://idrw.org/time-for-bangladesh-and-india-to-address-defining-future-challenges-through-shared-solutions-report/
1314010085,20260717,202607,2026,2026.5397,CVL,CITIZEN,,,,,,CVL,,,BGDMED,BANGLADESHI,BGD,,,,,MED,,,1,010,010,01,1,0.0,5,1,5,3.80761523046093,4,"Dhaka, Dhaka, Bangladesh",BG,BG81,5778,23.7231,90.4086,-2737683,4,"Dhaka, Dhaka, Bangladesh",BG,BG81,5778,23.7231,90.4086,-2737683,4,"Dhaka, Dhaka, Bangladesh",BG,BG81,5778,23.7231,90.4086,-2737683,20260717043000,https://idrw.org/time-for-bangladesh-and-india-to-address-defining-future-challenges-through-shared-solutions-report/
1314010086,20260717,202607,2026,2026.5397,CVL,VOTER,,,,,,CVL,,,CHN,CHINA,CHN,,,,,,,,0,112,112,11,3,-2.0,3,1,3,-3.04955527318932,1,China,CH,CH,,35,105,CH,1,China,CH,CH,,35,105,CH,1,China,CH,CH,,35,105,CH,20260717043000,https://www.abc.net.au/news/2026-07-17/donald-trump-gives-address-on-election-integrity-issues/106926756
1314010087,20260717,202607,2026,2026.5397,CVL,VOTER,,,,,,CVL,,,CHN,CHINA,CHN,,,,,,,,0,112,112,11,3,-2.0,3,1,3,-3.04955527318932,1,Iran,IR,IR,,32,53,IR,1,China,CH,CH,,35,105,CH,1,China,CH,CH,,35,105,CH,20260717043000,https://www.abc.net.au/news/2026-07-17/donald-trump-gives-address-on-election-integrity-issues/106926756
1314010088,20260717,202607,2026,2026.5397,CVL,RESIDENTS,,,,,,CVL,,,COP,POLICE FORCE,,,,,,COP,,,1,020,020,02,1,3.0,10,1,10,-0.917431192660549,0,,,,,,,,0,,,,,,,,0,,,,,,,,20260717043000,https://www.oxfordmail.co.uk/news/26286725.residents-can-say-proposed-police-force-merger/
1314010089,20260717,202607,2026,2026.5397,CVL,CITIZEN,,,,,,CVL,,,JPN,JAPAN,JPN,,,,,,,,1,190,190,19,4,-10.0,5,1,5,-1.78571428571429,1,Japan,JA,JA,,36,138,JA,1,Japan,JA,JA,,36,138,JA,1,Japan,JA,JA,,36,138,JA,20260717043000,https://www.asahi.com/ajw/articles/16734121
1314010090,20260717,202607,2026,2026.5397,CVL,VOTER,,,,,,CVL,,,MIL,MILITARY PERSONNEL,,,,,,MIL,,,1,014,014,01,1,0.0,10,1,10,1.8595041322314,5,"Negeri Sembilan, Negeri Sembilan, Malaysia",MY,MY05,18585,2.75,102.167,-2405161,5,"Negeri Sembilan, Negeri Sembilan, Malaysia",MY,MY05,18585,2.75,102.167,-2405161,5,"Negeri Sembilan, Negeri Sembilan, Malaysia",MY,MY05,18585,2.75,102.167,-2405161,20260717043000,https://www.theborneopost.com/2026/07/17/n9-polls-battle-for-negeri-sembilan-kicks-off-tomorrow/
1314010091,20260717,202607,2026,2026.5397,CVL,SETTLEMENT,,,,,,CVL,,,USA,UNITED STATES,USA,,,,,,,,1,010,010,01,1,0.0,2,1,2,-1.26689189189189,4,"Gaza, Israel (general), Israel",IS,IS00,18315,31.4167,34.3333,-797156,4,"Gaza, Israel (general), Israel",IS,IS00,18315,31.4167,34.3333,-797156,3,"Sacramento, California, United States",US,USCA,CA067,38.5816,-121.494,1659564,20260717043000,https://original.antiwar.com/solomon/2026/07/16/politicians-should-stop-hiding-behind-the-two-state-solution-fantasy/
1314010092,20260717,202607,2026,2026.5397,CVL,SETTLEMENT,,,,,,CVL,,,USA,AMERICAN,USA,,,,,,,,1,010,010,01,1,0.0,8,1,8,-1.26689189189189,4,"Gaza, Israel (general), Israel",IS,IS00,18315,31.4167,34.3333,-797156,3,"Sacramento, California, United States",US,USCA,CA067,38.5816,-121.494,1659564,3,"Sacramento, California, United States",US,USCA,CA067,38.5816,-121.494,1659564,20260717043000,https://original.antiwar.com/solomon/2026/07/16/politicians-should-stop-hiding-behind-the-two-state-solution-fantasy/
1314010093,20260717,202607,2026,2026.5397,CVL,COMMUNITY,,,,,,CVL,,,USA,UNITED STATES,USA,,,,,,,,0,010,010,01,1,0.0,2,1,2,-3.31230283911672,3,"White House, District of Columbia, United States",US,USDC,,38.8951,-77.0364,531871,3,"White House, District of Columbia, United States",US,USDC,,38.8951,-77.0364,531871,3,"White House, District of Columbia, United States",US,USDC,,38.8951,-77.0364,531871,20260717043000,https://www.orlandosentinel.com/2026/07/16/trump-uses-primetime-address-to-raise-doubts-about-us-elections-ahead-of-midterms/
1314010094,20260717,202607,2026,2026.5397,CVL,RESIDENTS,,,,,,CVL,,,USA,UNITED STATES,USA,,,,,,,,1,043,043,04,1,2.8,4,1,4,-1.04166666666666,3,"Cottonwood, Utah, United States",US,USUT,UT019,39.0644,-109.182,1437836,3,"Cottonwood, Utah, United States",US,USUT,UT019,39.0644,-109.182,1437836,3,"Cottonwood, Utah, United States",US,USUT,UT019,39.0644,-109.182,1437836,20260717043000,https://www.fox13now.com/news/local-news/central-utah/beaver-county-residents-set-up-thousands-of-sandbags-ahead-of-flashfloods
1314010095,20260717,202607,2026,2026.5397,CVL,COMMUNITY,,,,,,CVL,,,USA,CHARLOTTE,USA,,,,,,,,0,051,051,05,1,3.4,2,1,2,4.48,3,"New Orleans, Louisiana, United States",US,USLA,LA071,29.9546,-90.0751,1629985,3,"New Orleans, Louisiana, United States",US,USLA,,29.9546,-90.0751,1629985,3,"New Orleans, Louisiana, United States",US,USLA,,29.9546,-90.0751,1629985,20260717043000,https://thebeatdfw.com/4537833/tales-of-the-cocktail-2026-kicks-off-next-week-new-orleans/
1314010096,20260717,202607,2026,2026.5397,CVL,COMMUNITY,,,,,,CVL,,,USA,CHARLOTTE,USA,,,,,,,,0,051,051,05,1,3.4,1,1,1,4.48,3,"New Orleans, Louisiana, United States",US,USLA,LA071,29.9546,-90.0751,1629985,2,"Louisiana, United States",US,USLA,,31.1801,-91.8749,LA,3,"New Orleans, Louisiana, United States",US,USLA,,29.9546,-90.0751,1629985,20260717043000,https://thebeatdfw.com/4537833/tales-of-the-cocktail-2026-kicks-off-next-week-new-orleans/
1314010097,20260717,202607,2026,2026.5397,CVL,COMMUNITY,,,,,,CVL,,,USA,UNITED STATES,USA,,,,,,,,0,051,051,05,1,3.4,2,1,2,4.48,2,"Louisiana, United States",US,USLA,,31.1801,-91.8749,LA,2,"Louisiana, United States",US,USLA,,31.1801,-91.8749,LA,2,"Louisiana, United States",US,USLA,,31.1801,-91.8749,LA,20260717043000,https://thebeatdfw.com/4537833/tales-of-the-cocktail-2026-kicks-off-next-week-new-orleans/
1314010098,20260717,202607,2026,2026.5397,CVL,VOTER,,,,,,CVL,,,USA,UNITED STATES,USA,,,,,,,,1,112,112,11,3,-2.0,2,1,2,-3.77833753148615,3,"Muskegon, Michigan, United States",US,USMI,MI121,43.2342,-86.2484,1620963,3,"Muskegon, Michigan, United States",US,USMI,MI121,43.2342,-86.2484,1620963,3,"Muskegon, Michigan, United States",US,USMI,MI121,43.2342,-86.2484,1620963,20260717043000,https://bridgemi.com/uncategorized/fact-check-president-trump-seeks-probe-of-2020-muskegon-voter-fraud/
1314010099,20260717,202607,2026,2026.5397,CVL,VOTER,,,,,,CVL,,,sco,SCOTTISH,,,sco,,,,,,0,014,014,01,1,0.0,5,1,5,-0.37406483790524,1,United Kingdom,UK,UK,,54,-4,UK,1,United Kingdom,UK,UK,,54,-4,UK,1,United Kingdom,UK,UK,,54,-4,UK,20260717043000,https://www.dailyrecord.co.uk/news/politics/new-poll-shows-separate-scottish-37440079
1314010100,20260717,202607,2026,2026.5397,CVLMED,CITIZEN,,,,,,CVL,MED,,TTO,TRINIDAD,TTO,,,,,,,,0,140,140,14,3,-6.5,9,1,9,-7.48407643312102,1,Trinidad And Tobago,TD,TD,,11,-61,TD,1,Trinidad And Tobago,TD,TD,,11,-61,TD,1,Trinidad And Tobago,TD,TD,,11,-61,TD,20260717043000,https://www.fox4news.com/news/multiple-trinidad-officials-resign-after-being-named-lawsuits-following-water-controversy
1314010101,20260717,202607,2026,2026.5397,DEU,DANAU,DEU,,,,,,,,,,,,,,,,,,1,042,042,04,1,1.9,10,1,10,-0.887573964497039,0,,,,,,,,0,,,,,,,,0,,,,,,,,20260717043000,https://www.theborneopost.com/2026/07/17/paulus-monitors-batu-danau-rtp-projects-urges-action-on-delayed-works/
1314010102,20260717,202607,2026,2026.5397,DEU,GERMANY,DEU,,,,,,,,AFR,AFRICA,AFR,,,,,,,,1,043,043,04,1,2.8,5,1,5,2.51256281407035,1,Germany,GM,GM,,51.5,10.5,GM,1,Germany,GM,GM,,51.5,10.5,GM,1,Germany,GM,GM,,51.5,10.5,GM,20260717043000,https://africasacountry.com/2026/07/from-colonial-storage-to-open-access
1314010103,20260717,202607,2026,2026.5397,EDU,STUDENT,,,,,,EDU,,,,,,,,,,,,,1,020,020,02,1,3.0,10,1,10,1.92307692307693,4,"Indore, Madhya Pradesh, India",IN,IN35,17729,22.7167,75.8333,-2097803,0,,,,,,,,4,"Indore, Madhya Pradesh, India",IN,IN35,17729,22.7167,75.8333,-2097803,20260717043000,https://www.freepressjournal.in/indore/anti-drug-awareness-drive-held-at-gacc-students-take-an-anti-drug-pledge-under-nashe-se-doori-hai-zaroori-20-campaign-in-indore
1314010104,20260717,202607,2026,2026.5397,EDU,STUDENT,,,,,,EDU,,,,,,,,,,,,,1,040,040,04,1,1.0,10,1,10,3,1,United States,US,US,,39.828175,-98.5795,US,0,,,,,,,,1,United States,US,US,,39.828175,-98.5795,US,20260717043000,https://www.wilx.com/2026/07/17/msu-summer-academy-uses-americas-250th-birthday-to-think-beyond-history-memorization/
1314010105,20260717,202607,2026,2026.5397,EDU,SCHOOL,,,,,,EDU,,,,,,,,,,,,,1,042,042,04,1,1.9,10,1,10,0.75,1,Australia,AS,AS,,-25,135,AS,0,,,,,,,,1,Australia,AS,AS,,-25,135,AS,20260717043000,https://theconversation.com/my-kids-and-i-are-so-fed-up-with-each-other-as-the-holidays-come-to-an-end-how-can-we-reset-287675
1314010106,20260717,202607,2026,2026.5397,EDU,STUDENT,,,,,,EDU,,,,,,,,,,,,,0,043,043,04,1,2.8,8,1,8,1.35527589545015,1,Thailand,TH,TH,,15,100,TH,0,,,,,,,,1,Thailand,TH,TH,,15,100,TH,20260717043000,https://news.mit.edu/2026/diana-grass-listens-to-bodys-language-0717
1314010107,20260717,202607,2026,2026.5397,EDU,STUDENT,,,,,,EDU,,,,,,,,,,,,,0,043,043,04,1,2.8,2,1,2,1.35527589545015,1,Thailand,TH,TH,,15,100,TH,0,,,,,,,,1,United States,US,US,,39.828175,-98.5795,US,20260717043000,https://news.mit.edu/2026/diana-grass-listens-to-bodys-language-0717
1314010108,20260717,202607,2026,2026.5397,EDU,STUDENT,,,,,,EDU,,,,,,,,,,,,,1,060,060,06,2,6.0,3,1,3,6.28803245436106,4,"Delhi, Delhi, India",IN,IN07,17911,28.6667,77.2167,-2094230,0,,,,,,,,4,"Delhi, Delhi, India",IN,IN07,17911,28.6667,77.2167,-2094230,20260717043000,https://www.moneycontrol.com/city/delhi-approves-rs-400-crore-start-up-policy-students-to-get-funding-mentoring-and-incubation-support-article-13976268.html
1314010109,20260717,202607,2026,2026.5397,EDU,STUDENT,,,,,,EDU,,,,,,,,,,,,,1,071,071,07,2,7.4,3,1,3,6.28803245436106,4,"Delhi, Delhi, India",IN,IN07,17911,28.6667,77.2167,-2094230,0,,,,,,,,4,"Delhi, Delhi, India",IN,IN07,17911,28.6667,77.2167,-2094230,20260717043000,https://www.moneycontrol.com/city/delhi-approves-rs-400-crore-start-up-policy-students-to-get-funding-mentoring-and-incubation-support-article-13976268.html
1314010110,20260717,202607,2026,2026.5397,EDU,SCHOOL,,,,,,EDU,,,,,,,,,,,,,1,080,080,08,2,5.0,10,1,10,-9.1468101460415,3,"Decatur, Illinois, United States",US,USIL,IL115,39.8403,-88.9548,407044,0,,,,,,,,3,"Decatur, Illinois, United States",US,USIL,IL115,39.8403,-88.9548,407044,20260717043000,https://www.accountingtoday.com/news/tax-fraud-blotter-win-some-lose-some
1314010111,20260717,202607,2026,2026.5397,EDU,STUDENT,,,,,,EDU,,,,,,,,,,,,,1,0831,083,08,2,5.0,5,1,5,0.21321961620469,0,,,,,,,,0,,,,,,,,0,,,,,,,,20260717043000,https://www.moneycontrol.com/education/kerala-plus-one-result-2026-out-today-at-3-pm-results-hse-kerala-gov-in-direct-link-here-article-13976253.html
1314010112,20260717,202607,2026,2026.5397,EDU,UNIVERSITY,,,,,,EDU,,,BUS,BUSINESS,,,,,,BUS,,,1,010,010,01,1,0.0,10,1,10,1.74418604651163,0,,,,,,,,0,,,,,,,,0,,,,,,,,20260717043000,https://krcrtv.com/news/local/simpson-university-to-launch-new-global-studies-bachelors-degree-this-fall
1314010113,20260717,202607,2026,2026.5397,EDU,UNIVERSITY,,,,,,EDU,,,BUS,BUSINESS,,,,,,BUS,,,1,036,036,03,1,4.0,10,1,10,1.74418604651163,0,,,,,,,,0,,,,,,,,0,,,,,,,,20260717043000,https://krcrtv.com/news/local/simpson-university-to-launch-new-global-studies-bachelors-degree-this-fall
1314010114,20260717,202607,2026,2026.5397,EDU,STUDENT,,,,,,EDU,,,GOV,CHIEF MINISTER,,,,,,GOV,,,1,060,060,06,2,6.0,4,1,4,6.28803245436106,4,"Delhi, Delhi, India",IN,IN07,17911,28.6667,77.2167,-2094230,4,"Delhi, Delhi, India",IN,IN07,17911,28.6667,77.2167,-2094230,4,"Delhi, Delhi, India",IN,IN07,17911,28.6667,77.2167,-2094230,20260717043000,https://www.moneycontrol.com/city/delhi-approves-rs-400-crore-start-up-policy-students-to-get-funding-mentoring-and-incubation-support-article-13976268.html
1314010115,20260717,202607,2026,2026.5397,EDU,STUDENT,,,,,,EDU,,,GOV,CHIEF MINISTER,,,,,,GOV,,,1,071,071,07,2,7.4,4,1,4,6.28803245436106,4,"Delhi, Delhi, India",IN,IN07,17911,28.6667,77.2167,-2094230,4,"Delhi, Delhi, India",IN,IN07,17911,28.6667,77.2167,-2094230,4,"Delhi, Delhi, India",IN,IN07,17911,28.6667,77.2167,-2094230,20260717043000,https://www.moneycontrol.com/city/delhi-approves-rs-400-crore-start-up-policy-students-to-get-funding-mentoring-and-incubation-support-article-13976268.html
1314010116,20260717,202607,2026,2026.5397,EDU,STUDENT,,,,,,EDU,,,IND,DELHI,IND,,,,,,,,1,060,060,06,2,6.0,2,1,2,6.28803245436106,4,"Delhi, Delhi, India",IN,IN07,17911,28.6667,77.2167,-2094230,4,"Delhi, Delhi, India",IN,IN07,17911,28.6667,77.2167,-2094230,4,"Delhi, Delhi, India",IN,IN07,17911,28.6667,77.2167,-2094230,20260717043000,https://www.moneycontrol.com/city/delhi-approves-rs-400-crore-start-up-policy-students-to-get-funding-mentoring-and-incubation-support-article-13976268.html
1314010117,20260717,202607,2026,2026.5397,EDU,STUDENT,,,,,,EDU,,,IND,DELHI,IND,,,,,,,,1,071,071,07,2,7.4,2,1,2,6.28803245436106,4,"Delhi, Delhi, India",IN,IN07,17911,28.6667,77.2167,-2094230,4,"Delhi, Delhi, India",IN,IN07,17911,28.6667,77.2167,-2094230,4,"Delhi, Delhi, India",IN,IN07,17911,28.6667,77.2167,-2094230,20260717043000,https://www.moneycontrol.com/city/delhi-approves-rs-400-crore-start-up-policy-students-to-get-funding-mentoring-and-incubation-support-article-13976268.html
1314010118,20260717,202607,2026,2026.5397,EDU,STUDENT,,,,,,EDU,,,IND,KERALA,IND,,,,,,,,1,0831,083,08,2,5.0,5,1,5,0.21321961620469,0,,,,,,,,0,,,,,,,,0,,,,,,,,20260717043000,https://www.moneycontrol.com/education/kerala-plus-one-result-2026-out-today-at-3-pm-results-hse-kerala-gov-in-direct-link-here-article-13976253.html
1314010119,20260717,202607,2026,2026.5397,EDU,STUDENT,,,,,,EDU,,,INDGOV,DELHI,IND,,,,,GOV,,,1,060,060,06,2,6.0,1,1,1,6.28803245436106,4,"Delhi, Delhi, India",IN,IN07,17911,28.6667,77.2167,-2094230,4,"Delhi, Delhi, India",IN,IN07,17911,28.6667,77.2167,-2094230,4,"Delhi, Delhi, India",IN,IN07,17911,28.6667,77.2167,-2094230,20260717043000,https://www.moneycontrol.com/city/delhi-approves-rs-400-crore-start-up-policy-students-to-get-funding-mentoring-and-incubation-support-article-13976268.html
1314010120,20260717,202607,2026,2026.5397,EDU,STUDENT,,,,,,EDU,,,INDGOV,DELHI,IND,,,,,GOV,,,1,071,071,07,2,7.4,1,1,1,6.28803245436106,4,"Delhi, Delhi, India",IN,IN07,17911,28.6667,77.2167,-2094230,4,"Delhi, Delhi, India",IN,IN07,17911,28.6667,77.2167,-2094230,4,"Delhi, Delhi, India",IN,IN07,17911,28.6667,77.2167,-2094230,20260717043000,https://www.moneycontrol.com/city/delhi-approves-rs-400-crore-start-up-policy-students-to-get-funding-mentoring-and-incubation-support-article-13976268.html
1314010121,20260717,202607,2026,2026.5397,EDU,SCHOOL,,,,,,EDU,,,MYS,MALAYSIA,MYS,,,,,,,,1,0311,031,03,1,5.2,8,1,8,0,4,"Johor, Johor, Malaysia",MY,MY01,18585,1.4655,103.758,-2405456,4,"Johor, Johor, Malaysia",MY,MY01,18585,1.4655,103.758,-2405456,1,Israel,IS,IS,,31.5,34.75,IS,20260717043000,https://cointelegraph.com/news/balaji-seeks-malaysia-deal-threatens-exit-after-network-school-probe
1314010122,20260717,202607,2026,2026.5397,EDU,SCHOOL,,,,,,EDU,,,MYS,MALAYSIA,MYS,,,,,,,,1,0311,031,03,1,5.2,2,1,2,0,1,Israel,IS,IS,,31.5,34.75,IS,1,Israel,IS,IS,,31.5,34.75,IS,4,"Johor, Johor, Malaysia",MY,MY01,18585,1.4655,103.758,-2405456,20260717043000,https://cointelegraph.com/news/balaji-seeks-malaysia-deal-threatens-exit-after-network-school-probe
1314010123,20260717,202607,2026,2026.5397,EDU,SCHOOL,,,,,,EDU,,,USA,UNITED STATES,USA,,,,,,,,1,190,190,19,4,-10.0,4,1,4,-1.5909090909091,3,"Ben Lomond High School, Utah, United States",US,USUT,UT057,41.2505,-111.952,1438589,3,"Ben Lomond High School, Utah, United States",US,USUT,,41.2505,-111.952,1438589,3,"Ben Lomond High School, Utah, United States",US,USUT,,41.2505,-111.952,1438589,20260717043000,https://www.fox13now.com/news/local-news/northern-utah/mother-of-teen-killed-in-ben-lomond-high-school-shooting-speaks-out
1314010124,20260717,202607,2026,2026.5397,EDU,SCHOOL,,,,,,EDU,,,USA,UNITED STATES,USA,,,,,,,,1,193,193,19,4,-10.0,2,1,2,-1.5909090909091,3,"Ben Lomond High School, Utah, United States",US,USUT,UT057,41.2505,-111.952,1438589,3,"Ben Lomond High School, Utah, United States",US,USUT,,41.2505,-111.952,1438589,3,"Ben Lomond High School, Utah, United States",US,USUT,,41.2505,-111.952,1438589,20260717043000,https://www.fox13now.com/news/local-news/northern-utah/mother-of-teen-killed-in-ben-lomond-high-school-shooting-speaks-out
1314010125,20260717,202607,2026,2026.5397,EGY,EGYPTIAN,EGY,,,,,,,,,,,,,,,,,,1,090,090,09,2,-2.0,7,1,7,0.52424639580603,4,"Dahshur, Al Jizah, Egypt",EG,EG08,65350,29.75,31.2333,-292846,0,,,,,,,,4,"Dahshur, Al Jizah, Egypt",EG,EG08,65350,29.75,31.2333,-292846,20260717043000,https://www.popsci.com/science/egyptian-princesses-weapons-mummies/
1314010126,20260717,202607,2026,2026.5397,EGY,EGYPTIAN,EGY,,,,,,,,,,,,,,,,,,1,1712,171,17,4,-9.2,1,1,1,-5.46792849631966,4,"Pylos, Perifereia Peloponnisou, Greece",GR,GR62,16714,36.91,21.6986,-826268,0,,,,,,,,4,"Pylos, Perifereia Peloponnisou, Greece",GR,GR62,16714,36.91,21.6986,-826268,20260717043000,https://theconversation.com/the-odyssey-is-haunted-by-the-mysterious-sea-peoples-but-who-were-they-really-287686
1314010127,20260717,202607,2026,2026.5397,EGY,EGYPTIAN,EGY,,,,,,,,TUR,TURKEY,TUR,,,,,,,,1,1712,171,17,4,-9.2,4,1,4,-5.46792849631966,4,"Pylos, Perifereia Peloponnisou, Greece",GR,GR62,16714,36.91,21.6986,-826268,4,"Pylos, Perifereia Peloponnisou, Greece",GR,GR62,16714,36.91,21.6986,-826268,4,"Pylos, Perifereia Peloponnisou, Greece",GR,GR62,16714,36.91,21.6986,-826268,20260717043000,https://theconversation.com/the-odyssey-is-haunted-by-the-mysterious-sea-peoples-but-who-were-they-really-287686
1314010128,20260717,202607,2026,2026.5397,ELI,ACTOR,,,,,,ELI,,,,,,,,,,,,,0,010,010,01,1,0.0,1,1,1,-3.76432078559738,4,"Ladakh, Jammu and Kashmir, India",IN,IN12,72785,34.5,77.5,-2102224,0,,,,,,,,4,"Delhi, Delhi, India",IN,IN07,17911,28.6667,77.2167,-2094230,20260717043000,https://www.moneycontrol.com/entertainment/aamir-khan-reacts-to-sonam-wangchuk-s-hunger-strike-reveals-3-idiots-character-wasn-t-based-on-him-says-all-of-us-are-very-concerned-about-his-health-article-13976271.html
1314010129,20260717,202607,2026,2026.5397,ELI,ACTOR,,,,,,ELI,,,,,,,,,,,,,0,010,010,01,1,0.0,9,1,6,-3.76432078559738,4,"Ladakh, Jammu and Kashmir, India",IN,IN12,72785,34.5,77.5,-2102224,0,,,,,,,,4,"Ladakh, Jammu and Kashmir, India",IN,IN12,72785,34.5,77.5,-2102224,20260717043000,https://www.moneycontrol.com/entertainment/aamir-khan-reacts-to-sonam-wangchuk-s-hunger-strike-reveals-3-idiots-character-wasn-t-based-on-him-says-all-of-us-are-very-concerned-about-his-health-article-13976271.html
1314010130,20260717,202607,2026,2026.5397,ELI,ACTOR,,,,,,ELI,,,,,,,,,,,,,0,010,010,01,1,0.0,1,1,1,-3.76432078559738,4,"London, London, City of, United Kingdom",UK,UKH9,40110,51.5,-0.116667,-2601889,0,,,,,,,,4,"London, London, City of, United Kingdom",UK,UKH9,40110,51.5,-0.116667,-2601889,20260717043000,https://www.moneycontrol.com/entertainment/aamir-khan-reacts-to-sonam-wangchuk-s-hunger-strike-reveals-3-idiots-character-wasn-t-based-on-him-says-all-of-us-are-very-concerned-about-his-health-article-13976271.html
1314010131,20260717,202607,2026,2026.5397,ELI,ACTOR,,,,,,ELI,,,,,,,,,,,,,0,016,016,01,1,-2.0,10,1,10,-3.76432078559738,4,"Delhi, Delhi, India",IN,IN07,17911,28.6667,77.2167,-2094230,0,,,,,,,,4,"Delhi, Delhi, India",IN,IN07,17911,28.6667,77.2167,-2094230,20260717043000,https://www.moneycontrol.com/entertainment/aamir-khan-reacts-to-sonam-wangchuk-s-hunger-strike-reveals-3-idiots-character-wasn-t-based-on-him-says-all-of-us-are-very-concerned-about-his-health-article-13976271.html
1314010132,20260717,202607,2026,2026.5397,ELI,ACTOR,,,,,,ELI,,,,,,,,,,,,,0,080,080,08,2,5.0,3,1,3,-0.32025620496397,2,"California, United States",US,USCA,,36.17,-119.746,CA,0,,,,,,,,2,"California, United States",US,USCA,,36.17,-119.746,CA,20260717043000,https://www.dailymail.com/tvshowbiz/article-15983835/angelina-jolie-life-change-kids-twins-vivienne-knox.html
1314010133,20260717,202607,2026,2026.5397,ELI,ACTOR,,,,,,ELI,,,GRC,GREECE,GRC,,,,,,,,1,036,036,03,1,4.0,4,1,4,-2.94695481335953,1,Greece,GR,GR,,39,22,GR,1,Greece,GR,GR,,39,22,GR,1,Greece,GR,GR,,39,22,GR,20260717043000,https://variety.com/2026/tv/news/god-of-war-recast-kratos-actor-ryan-hurst-injury-1236814409/
1314010134,20260717,202607,2026,2026.5397,ELI,ACTOR,,,,,,ELI,,,USA,UNITED STATES,USA,,,,,,,,0,080,080,08,2,5.0,2,1,2,-0.32025620496397,2,"California, United States",US,USCA,,36.17,-119.746,CA,2,"California, United States",US,USCA,,36.17,-119.746,CA,2,"California, United States",US,USCA,,36.17,-119.746,CA,20260717043000,https://www.dailymail.com/tvshowbiz/article-15983835/angelina-jolie-life-change-kids-twins-vivienne-knox.html
1314010135,20260717,202607,2026,2026.5397,ESP,SPANISH,ESP,,,,,,,,ESPGOV,SPAIN,ESP,,,,,GOV,,,1,012,012,01,1,-0.4,4,1,4,-3.61247947454844,4,"Madrid, Madrid, Spain",SP,SP29,25820,40.4,-3.68333,-390625,4,"Madrid, Madrid, Spain",SP,SP29,25820,40.4,-3.68333,-390625,4,"Madrid, Madrid, Spain",SP,SP29,25820,40.4,-3.68333,-390625,20260717043000,https://www.opinionnigeria.com/europe-legalizes-political-forgetting-by-fransiscus-nanga-roka/
1314010136,20260717,202607,2026,2026.5397,ESPGOV,SPANISH,ESP,,,,,GOV,,,,,,,,,,,,,1,012,012,01,1,-0.4,6,1,6,-3.61247947454844,4,"Madrid, Madrid, Spain",SP,SP29,25820,40.4,-3.68333,-390625,0,,,,,,,,4,"Madrid, Madrid, Spain",SP,SP29,25820,40.4,-3.68333,-390625,20260717043000,https://www.opinionnigeria.com/europe-legalizes-political-forgetting-by-fransiscus-nanga-roka/
1314010137,20260717,202607,2026,2026.5397,EUR,EUROPEAN,EUR,,,,,,,,,,,,,,,,,,1,043,043,04,1,2.8,10,1,10,-1.59362549800797,4,"Rotherham, Rotherham, United Kingdom",UK,UKL3,40130,53.4333,-1.35,-2606551,0,,,,,,,,4,"Rotherham, Rotherham, United Kingdom",UK,UKL3,40130,53.4333,-1.35,-2606551,20260717043000,https://www.theamericanconservative.com/ann-widdecombe-murdered-reform-uk-pol-was-the-best-of-britain/
1314010138,20260717,202607,2026,2026.5397,FRA,FRENCH,FRA,,,,,,,,,,,,,,,,,,1,010,010,01,1,0.0,10,1,10,3.00751879699248,0,,,,,,,,0,,,,,,,,0,,,,,,,,20260717043000,https://www.southwalesargus.co.uk/news/26286197.newport-woman-walks-total-156-miles-older-sister/
1314010139,20260717,202607,2026,2026.5397,FRA,FRENCH,FRA,,,,,,,,,,,,,,,,,,1,0231,023,02,1,3.4,10,1,10,3.00751879699248,0,,,,,,,,0,,,,,,,,0,,,,,,,,20260717043000,https://www.southwalesargus.co.uk/news/26286197.newport-woman-walks-total-156-miles-older-sister/
1314010140,20260717,202607,2026,2026.5397,FRA,FRANCE,FRA,,,,,,,,ELI,ACTOR,,,,,,ELI,,,1,010,010,01,1,0.0,1,1,1,-2.28758169934641,4,"Paris, France (general), France",FR,FR00,16282,48.8667,2.33333,-1456928,2,"New York, United States",US,USNY,,42.1497,-74.9384,NY,4,"Paris, France (general), France",FR,FR00,16282,48.8667,2.33333,-1456928,20260717043000,https://thelooker.thedailybeast.com/model-barbara-palvin-32-shares-heartbreaking-endometriosis-details/
1314010141,20260717,202607,2026,2026.5397,FRA,FRANCE,FRA,,,,,,,,HLH,DOCTOR,,,,,,HLH,,,0,010,010,01,1,0.0,2,1,2,-2.28758169934641,4,"Paris, France (general), France",FR,FR00,16282,48.8667,2.33333,-1456928,4,"Paris, France (general), France",FR,FR00,16282,48.8667,2.33333,-1456928,4,"Paris, France (general), France",FR,FR00,16282,48.8667,2.33333,-1456928,20260717043000,https://thelooker.thedailybeast.com/model-barbara-palvin-32-shares-heartbreaking-endometriosis-details/
1314010142,20260717,202607,2026,2026.5397,FRA,FRENCH,FRA,,,,,,,,ITA,BRINDISI,ITA,,,,,,,,0,036,036,03,1,4.0,7,1,7,1.27077223851417,4,"Riorges, RhôAlpes, France",FR,FRB9,16331,46.0418,4.04965,-1461974,4,"Riorges, RhôAlpes, France",FR,FRB9,16331,46.0418,4.04965,-1461974,4,"Riorges, RhôAlpes, France",FR,FRB9,16331,46.0418,4.04965,-1461974,20260717043000,https://www.thetimes.com/travel/destinations/europe-travel/italy/milan/i-went-to-milan-to-improve-my-italian-this-is-what-i-learnt-lhx5drlhb
1314010143,20260717,202607,2026,2026.5397,FRA,FRANCE,FRA,,,,,,,,USAELI,UNITED STATES,USA,,,,,ELI,,,1,010,010,01,1,0.0,1,1,1,-2.28758169934641,4,"Paris, France (general), France",FR,FR00,16282,48.8667,2.33333,-1456928,2,"New York, United States",US,USNY,,42.1497,-74.9384,NY,4,"Paris, France (general), France",FR,FR00,16282,48.8667,2.33333,-1456928,20260717043000,https://thelooker.thedailybeast.com/model-barbara-palvin-32-shares-heartbreaking-endometriosis-details/
1314010144,20260717,202607,2026,2026.5397,GBR,UNITED KINGDOM,GBR,,,,,,,,,,,,,,,,,,0,010,010,01,1,0.0,4,1,4,-10.8303249097473,5,"Aberdeenshire, Aberdeenshire, United Kingdom",UK,UKT6,40171,57.1667,-2.66667,-2587759,0,,,,,,,,5,"Aberdeenshire, Aberdeenshire, United Kingdom",UK,UKT6,40171,57.1667,-2.66667,-2587759,20260717043000,https://www.lbc.co.uk/article/mother-guilty-of-killing-three-month-old-daughter-using-hairdryer-5Hjddj8_2/
1314010145,20260717,202607,2026,2026.5397,GBR,SCOTLAND,GBR,,,,,,,,,,,,,,,,,,0,010,010,01,1,0.0,3,1,3,-0.56925996204933,4,"Northern Ireland, Craigavon, United Kingdom",UK,UKR8,40152,54.5,-6.5,-2604275,0,,,,,,,,4,"Northern Ireland, Craigavon, United Kingdom",UK,UKR8,40152,54.5,-6.5,-2604275,20260717043000,https://www.thenational.scot/politics/26287707.de-facto-referendum-short-cut-defeat-scottish-independence/
1314010146,20260717,202607,2026,2026.5397,GBR,BRITISH,GBR,,,,,,,,,,,,,,,,,,1,010,010,01,1,0.0,3,1,3,-0.95087163232963,1,Qatar,QA,QA,,25.5,51.25,QA,0,,,,,,,,1,Qatar,QA,QA,,25.5,51.25,QA,20260717043000,https://cyprus-mail.com/2026/07/17/economic-growth-remains-fragile-as-britain-faces-political-change
1314010147,20260717,202607,2026,2026.5397,GBR,UNITED KINGDOM,GBR,,,,,,,,,,,,,,,,,,1,013,013,01,1,0.4,4,1,4,4.32432432432432,1,United Kingdom,UK,UK,,54,-4,UK,0,,,,,,,,1,United Kingdom,UK,UK,,54,-4,UK,20260717043000,https://www.eveningnews24.co.uk/news/26287381.76-year-old-teddy-bear-goes-ivy-court-picnic-norwich/
1314010148,20260717,202607,2026,2026.5397,GBR,WALES,GBR,,,,,,,,,,,,,,,,,,1,020,020,02,1,3.0,10,1,10,-2.83018867924529,0,,,,,,,,0,,,,,,,,0,,,,,,,,20260717043000,https://www.southwalesargus.co.uk/news/26286319.reform-wales-approach-bovine-tb-backed-senedd/
1314010149,20260717,202607,2026,2026.5397,GBR,UNITED KINGDOM,GBR,,,,,,,,,,,,,,,,,,1,111,111,11,3,-2.0,4,1,4,-1.125,4,"Manchester, Manchester, United Kingdom",UK,UKI2,40118,53.5,-2.21667,-2602512,0,,,,,,,,4,"Manchester, Manchester, United Kingdom",UK,UKI2,40118,53.5,-2.21667,-2602512,20260717043000,https://www.thenational.scot/politics/26287589.uk-nations-not-regions-will-andy-burnham-realise/
1314010150,20260717,202607,2026,2026.5397,GBR,UNITED KINGDOM,GBR,,,,,,,,,,,,,,,,,,0,111,111,11,3,-2.0,5,1,5,-1.80806675938804,4,"Redditch, Worcestershire, United Kingdom",UK,UKQ4,40135,52.3,-1.93333,-2606085,0,,,,,,,,4,"Redditch, Worcestershire, United Kingdom",UK,UKQ4,40135,52.3,-1.93333,-2606085,20260717043000,https://www.southwalesargus.co.uk/news/26287274.uk-clothing-retailer-risk-entering-administration/
1314010151,20260717,202607,2026,2026.5397,GBR,SCOTLAND,GBR,,,,,,,,,,,,,,,,,,0,120,120,12,3,-4.0,2,1,2,-0.56925996204933,4,"Northern Ireland, Craigavon, United Kingdom",UK,UKR8,40152,54.5,-6.5,-2604275,0,,,,,,,,4,"Northern Ireland, Craigavon, United Kingdom",UK,UKR8,40152,54.5,-6.5,-2604275,20260717043000,https://www.thenational.scot/politics/26287707.de-facto-referendum-short-cut-defeat-scottish-independence/
1314010152,20260717,202607,2026,2026.5397,GBR,WALES,GBR,,,,,,,,,,,,,,,,,,1,190,190,19,4,-10.0,10,1,10,-2.83018867924529,0,,,,,,,,0,,,,,,,,0,,,,,,,,20260717043000,https://www.southwalesargus.co.uk/news/26286319.reform-wales-approach-bovine-tb-backed-senedd/
1314010153,20260717,202607,2026,2026.5397,GBR,BRITISH,GBR,,,,,,,,BUS,AIRLINE,,,,,,BUS,,,0,013,013,01,1,0.4,2,1,2,-0.72202166064982,1,United Kingdom,UK,UK,,54,-4,UK,1,United Kingdom,UK,UK,,54,-4,UK,1,United Kingdom,UK,UK,,54,-4,UK,20260717043000,https://www.thetimes.com/travel/advice/what-are-the-eus-new-baggage-rules-bmshk70fc
1314010154,20260717,202607,2026,2026.5397,GBR,SCOTLAND,GBR,,,,,,,,COP,POLICE,,,,,,COP,,,1,0841,084,08,2,7.0,5,1,5,-0.37406483790524,1,United Kingdom,UK,UK,,54,-4,UK,1,United Kingdom,UK,UK,,54,-4,UK,1,United Kingdom,UK,UK,,54,-4,UK,20260717043000,https://www.dailyrecord.co.uk/news/politics/new-poll-shows-separate-scottish-37440079
1314010155,20260717,202607,2026,2026.5397,GBR,WALES,GBR,,,,,,,,CVL,SETTLEMENT,,,,,,CVL,,,0,071,071,07,2,7.4,5,1,5,-1.125,4,"Manchester, Manchester, United Kingdom",UK,UKI2,40118,53.5,-2.21667,-2602512,4,"Manchester, Manchester, United Kingdom",UK,UKI2,40118,53.5,-2.21667,-2602512,4,"Manchester, Manchester, United Kingdom",UK,UKI2,40118,53.5,-2.21667,-2602512,20260717043000,https://www.thenational.scot/politics/26287589.uk-nations-not-regions-will-andy-burnham-realise/
1314010156,20260717,202607,2026,2026.5397,GBR,WALES,GBR,,,,,,,,EDU,PROFESSOR,,,,,,EDU,,,1,013,013,01,1,0.4,10,1,10,3.07017543859649,0,,,,,,,,0,,,,,,,,0,,,,,,,,20260717043000,https://www.southwalesargus.co.uk/news/26286560.nursing-course-applications-wales-slight-dip-seen/
1314010157,20260717,202607,2026,2026.5397,GBR,WALES,GBR,,,,,,,,EDU,PROFESSOR,,,,,,EDU,,,1,051,051,05,1,3.4,10,1,10,3.07017543859649,0,,,,,,,,0,,,,,,,,0,,,,,,,,20260717043000,https://www.southwalesargus.co.uk/news/26286560.nursing-course-applications-wales-slight-dip-seen/
1314010158,20260717,202607,2026,2026.5397,GBR,UNITED KINGDOM,GBR,,,,,,,,EDU,PUPIL,,,,,,EDU,,,1,051,051,05,1,3.4,5,1,5,4.32432432432432,1,United Kingdom,UK,UK,,54,-4,UK,1,United Kingdom,UK,UK,,54,-4,UK,1,United Kingdom,UK,UK,,54,-4,UK,20260717043000,https://www.eveningnews24.co.uk/news/26287381.76-year-old-teddy-bear-goes-ivy-court-picnic-norwich/
1314010159,20260717,202607,2026,2026.5397,GBR,UNITED KINGDOM,GBR,,,,,,,,GBRCOP,SCOTLAND,GBR,,,,,COP,,,1,190,190,19,4,-10.0,2,1,2,-3.24543610547668,1,United Kingdom,UK,UK,,54,-4,UK,1,United Kingdom,UK,UK,,54,-4,UK,1,United Kingdom,UK,UK,,54,-4,UK,20260717043000,https://www.dailyrecord.co.uk/news/scottish-news/shock-new-figures-show-500-37439802
1314010160,20260717,202607,2026,2026.5397,GBR,WALES,GBR,,,,,,,,GBRGOV,WELSH,GBR,,,,,GOV,,,1,100,100,10,3,-5.0,10,1,10,3.07017543859649,0,,,,,,,,0,,,,,,,,0,,,,,,,,20260717043000,https://www.southwalesargus.co.uk/news/26286560.nursing-course-applications-wales-slight-dip-seen/
1314010161,20260717,202607,2026,2026.5397,GBR,SCOTLAND,GBR,,,,,,,,GOV,MINIST,,,,,,GOV,,,1,020,020,02,1,3.0,6,1,6,-0.56925996204933,4,"Northern Ireland, Craigavon, United Kingdom",UK,UKR8,40152,54.5,-6.5,-2604275,4,"Northern Ireland, Craigavon, United Kingdom",UK,UKR8,40152,54.5,-6.5,-2604275,4,"Northern Ireland, Craigavon, United Kingdom",UK,UKR8,40152,54.5,-6.5,-2604275,20260717043000,https://www.thenational.scot/politics/26287707.de-facto-referendum-short-cut-defeat-scottish-independence/
1314010162,20260717,202607,2026,2026.5397,GBR,LONDON,GBR,,,,,,,,GOV,CABINET,,,,,,GOV,,,1,042,042,04,1,1.9,2,1,2,0,4,"London, London, City of, United Kingdom",UK,UKH9,40110,51.5,-0.116667,-2601889,4,"London, London, City of, United Kingdom",UK,UKH9,40110,51.5,-0.116667,-2601889,4,"London, London, City of, United Kingdom",UK,UKH9,40110,51.5,-0.116667,-2601889,20260717043000,https://www.politico.eu/article/andy-burnham-downing-street-team-no10-appointments/
1314010163,20260717,202607,2026,2026.5397,GBR,UNITED KINGDOM,GBR,,,,,,,,ITA,ITALY,ITA,,,,,,,,0,042,042,04,1,1.9,5,1,5,1.27077223851417,4,"Riorges, RhôAlpes, France",FR,FRB9,16331,46.0418,4.04965,-1461974,4,"Riorges, RhôAlpes, France",FR,FRB9,16331,46.0418,4.04965,-1461974,4,"Riorges, RhôAlpes, France",FR,FRB9,16331,46.0418,4.04965,-1461974,20260717043000,https://www.thetimes.com/travel/destinations/europe-travel/italy/milan/i-went-to-milan-to-improve-my-italian-this-is-what-i-learnt-lhx5drlhb
1314010164,20260717,202607,2026,2026.5397,GBR,CARDIFF,GBR,,,,,,,,JUD,PROSECUTOR,,,,,,JUD,,,1,010,010,01,1,0.0,5,1,5,-3.93939393939394,0,,,,,,,,0,,,,,,,,0,,,,,,,,20260717043000,https://www.southwalesargus.co.uk/news/26286830.bargoed-drug-dealer-sold-cocaine-dirty-cash/
1314010165,20260717,202607,2026,2026.5397,GBR,CARDIFF,GBR,,,,,,,,JUD,PROSECUTOR,,,,,,JUD,,,1,040,040,04,1,1.0,5,1,5,-3.93939393939394,0,,,,,,,,0,,,,,,,,0,,,,,,,,20260717043000,https://www.southwalesargus.co.uk/news/26286830.bargoed-drug-dealer-sold-cocaine-dirty-cash/
1314010166,20260717,202607,2026,2026.5397,GBR,UNITED KINGDOM,GBR,,,,,,,,MOSRAD,MUSLIM,,,,MOS,,RAD,,,0,190,190,19,4,-10.0,4,1,4,-1.59362549800797,4,"Rotherham, Rotherham, United Kingdom",UK,UKL3,40130,53.4333,-1.35,-2606551,4,"Rotherham, Rotherham, United Kingdom",UK,UKL3,40130,53.4333,-1.35,-2606551,4,"Rotherham, Rotherham, United Kingdom",UK,UKL3,40130,53.4333,-1.35,-2606551,20260717043000,https://www.theamericanconservative.com/ann-widdecombe-murdered-reform-uk-pol-was-the-best-of-britain/
1314010167,20260717,202607,2026,2026.5397,GBR,SCOTLAND,GBR,,,,,,,,sco,SCOTTISH,,,sco,,,,,,0,020,020,02,1,3.0,10,1,10,-0.37406483790524,1,United Kingdom,UK,UK,,54,-4,UK,1,United Kingdom,UK,UK,,54,-4,UK,1,United Kingdom,UK,UK,,54,-4,UK,20260717043000,https://www.dailyrecord.co.uk/news/politics/new-poll-shows-separate-scottish-37440079
1314010168,20260717,202607,2026,2026.5397,GBR,UNITED KINGDOM,GBR,,,,,,,,sco,SCOTTISH,,,sco,,,,,,1,052,052,05,1,3.5,10,1,10,-0.37406483790524,1,United Kingdom,UK,UK,,54,-4,UK,1,United Kingdom,UK,UK,,54,-4,UK,1,United Kingdom,UK,UK,,54,-4,UK,20260717043000,https://www.dailyrecord.co.uk/news/politics/new-poll-shows-separate-scottish-37440079
1314010169,20260717,202607,2026,2026.5397,GBRCOP,SCOTLAND,GBR,,,,,COP,,,,,,,,,,,,,1,010,010,01,1,0.0,6,1,6,-3.24543610547668,1,United Kingdom,UK,UK,,54,-4,UK,0,,,,,,,,1,United Kingdom,UK,UK,,54,-4,UK,20260717043000,https://www.dailyrecord.co.uk/news/scottish-news/shock-new-figures-show-500-37439802
1314010170,20260717,202607,2026,2026.5397,GBRCOP,SCOTLAND,GBR,,,,,COP,,,,,,,,,,,,,1,012,012,01,1,-0.4,3,1,3,-3.24543610547668,1,United Kingdom,UK,UK,,54,-4,UK,0,,,,,,,,1,United Kingdom,UK,UK,,54,-4,UK,20260717043000,https://www.dailyrecord.co.uk/news/scottish-news/shock-new-figures-show-500-37439802
1314010171,20260717,202607,2026,2026.5397,GBRCOP,SCOTLAND,GBR,,,,,COP,,,,,,,,,,,,,1,190,190,19,4,-10.0,6,1,6,-3.24543610547668,1,United Kingdom,UK,UK,,54,-4,UK,0,,,,,,,,1,United Kingdom,UK,UK,,54,-4,UK,20260717043000,https://www.dailyrecord.co.uk/news/scottish-news/shock-new-figures-show-500-37439802
1314010172,20260717,202607,2026,2026.5397,GBRCOP,SCOTLAND,GBR,,,,,COP,,,GBR,UNITED KINGDOM,GBR,,,,,,,,1,010,010,01,1,0.0,4,1,4,-3.24543610547668,1,United Kingdom,UK,UK,,54,-4,UK,1,United Kingdom,UK,UK,,54,-4,UK,1,United Kingdom,UK,UK,,54,-4,UK,20260717043000,https://www.dailyrecord.co.uk/news/scottish-news/shock-new-figures-show-500-37439802
1314010173,20260717,202607,2026,2026.5397,GBRCOP,SCOTLAND,GBR,,,,,COP,,,GBR,UNITED KINGDOM,GBR,,,,,,,,1,012,012,01,1,-0.4,2,1,2,-3.24543610547668,1,United Kingdom,UK,UK,,54,-4,UK,1,United Kingdom,UK,UK,,54,-4,UK,1,United Kingdom,UK,UK,,54,-4,UK,20260717043000,https://www.dailyrecord.co.uk/news/scottish-news/shock-new-figures-show-500-37439802
1314010174,20260717,202607,2026,2026.5397,GBRCOP,SCOTLAND,GBR,,,,,COP,,,GBR,UNITED KINGDOM,GBR,,,,,,,,1,190,190,19,4,-10.0,2,1,2,-3.24543610547668,1,United Kingdom,UK,UK,,54,-4,UK,1,United Kingdom,UK,UK,,54,-4,UK,1,United Kingdom,UK,UK,,54,-4,UK,20260717043000,https://www.dailyrecord.co.uk/news/scottish-news/shock-new-figures-show-500-37439802
1314010175,20260717,202607,2026,2026.5397,GBREDU,CARDIFF,GBR,,,,,EDU,,,,,,,,,,,,,1,010,010,01,1,0.0,10,1,10,2.1021021021021,0,,,,,,,,0,,,,,,,,0,,,,,,,,20260717043000,https://www.southwalesargus.co.uk/news/26286290.lis-mapley-graduates-ma-history-cardiff-university/
1314010176,20260717,202607,2026,2026.5397,GBREDU,CARDIFF,GBR,,,,,EDU,,,,,,,,,,,,,1,043,043,04,1,2.8,5,1,5,2.1021021021021,0,,,,,,,,0,,,,,,,,0,,,,,,,,20260717043000,https://www.southwalesargus.co.uk/news/26286290.lis-mapley-graduates-ma-history-cardiff-university/
1314010177,20260717,202607,2026,2026.5397,GBRELI,TONY BLAIR,GBR,,,,,ELI,,,MED,MEDIA,,,,,,MED,,,1,042,042,04,1,1.9,9,1,9,0,4,"London, London, City of, United Kingdom",UK,UKH9,40110,51.5,-0.116667,-2601889,4,"London, London, City of, United Kingdom",UK,UKH9,40110,51.5,-0.116667,-2601889,4,"London, London, City of, United Kingdom",UK,UKH9,40110,51.5,-0.116667,-2601889,20260717043000,https://www.politico.eu/article/andy-burnham-downing-street-team-no10-appointments/
1314010178,20260717,202607,2026,2026.5397,GBRELI,TONY BLAIR,GBR,,,,,ELI,,,MED,MEDIA,,,,,,MED,,,1,042,042,04,1,1.9,1,1,1,0,4,"London, London, City of, United Kingdom",UK,UKH9,40110,51.5,-0.116667,-2601889,4,"Whitehall, Orkney Islands, United Kingdom",UK,UKV9,40174,59.15,-2.61667,-2611570,4,"London, London, City of, United Kingdom",UK,UKH9,40110,51.5,-0.116667,-2601889,20260717043000,https://www.politico.eu/article/andy-burnham-downing-street-team-no10-appointments/
1314010179,20260717,202607,2026,2026.5397,GBRGOV,UNITED KINGDOM,GBR,,,,,GOV,,,GBR,BRITISH,GBR,,,,,,,,1,192,192,19,4,-9.5,8,1,8,-3.38461538461538,4,"Scunthorpe, North Lincolnshire, United Kingdom",UK,UKJ3,40120,53.5833,-0.65,-2607324,4,"Scunthorpe, North Lincolnshire, United Kingdom",UK,UKJ3,40120,53.5833,-0.65,-2607324,4,"Scunthorpe, North Lincolnshire, United Kingdom",UK,UKJ3,40120,53.5833,-0.65,-2607324,20260717043000,https://www.aljazeera.com/news/2026/7/17/china-rebukes-uk-over-nationalisation-of-british-steel
1314010180,20260717,202607,2026,2026.5397,GBRMIL,BRITISH,GBR,,,,,MIL,,,BUS,AIRLINE,,,,,,BUS,,,0,013,013,01,1,0.4,5,1,5,-0.72202166064982,1,United Kingdom,UK,UK,,54,-4,UK,1,United Kingdom,UK,UK,,54,-4,UK,1,United Kingdom,UK,UK,,54,-4,UK,20260717043000,https://www.thetimes.com/travel/advice/what-are-the-eus-new-baggage-rules-bmshk70fc
1314010181,20260717,202607,2026,2026.5397,GOV,KING,,,,,,GOV,,,,,,,,,,,,,1,010,010,01,1,0.0,10,1,10,-1.125,4,"Manchester, Manchester, United Kingdom",UK,UKI2,40118,53.5,-2.21667,-2602512,0,,,,,,,,4,"Manchester, Manchester, United Kingdom",UK,UKI2,40118,53.5,-2.21667,-2602512,20260717043000,https://www.thenational.scot/politics/26287589.uk-nations-not-regions-will-andy-burnham-realise/
1314010182,20260717,202607,2026,2026.5397,GOV,AUTHORITIES,,,,,,GOV,,,,,,,,,,,,,0,014,014,01,1,0.0,2,1,2,-3.77833753148615,3,"Muskegon, Michigan, United States",US,USMI,MI121,43.2342,-86.2484,1620963,0,,,,,,,,3,"Muskegon, Michigan, United States",US,USMI,MI121,43.2342,-86.2484,1620963,20260717043000,https://bridgemi.com/uncategorized/fact-check-president-trump-seeks-probe-of-2020-muskegon-voter-fraud/
1314010183,20260717,202607,2026,2026.5397,GOV,AUTHORITIES,,,,,,GOV,,,,,,,,,,,,,1,020,020,02,1,3.0,10,1,10,-2.61437908496732,4,"Puna, Maharashtra, India",IN,IN16,70178,18.5333,73.8667,-2108361,0,,,,,,,,4,"Puna, Maharashtra, India",IN,IN16,70178,18.5333,73.8667,-2108361,20260717043000,https://bigislandnow.com/2026/07/16/authorities-ask-for-public%CA%BBs-help-finding-missing-kea%CA%BBau-woman-last-seen-in-june/
1314010184,20260717,202607,2026,2026.5397,GOV,MAYOR,,,,,,GOV,,,,,,,,,,,,,0,026,026,02,1,4.0,5,1,5,-7.48407643312102,1,Trinidad And Tobago,TD,TD,,11,-61,TD,0,,,,,,,,1,Trinidad And Tobago,TD,TD,,11,-61,TD,20260717043000,https://www.fox4news.com/news/multiple-trinidad-officials-resign-after-being-named-lawsuits-following-water-controversy
1314010185,20260717,202607,2026,2026.5397,GOV,GOVERNMENT,,,,,,GOV,,,,,,,,,,,,,1,060,060,06,2,6.0,10,1,10,0,1,India,IN,IN,,20,77,IN,0,,,,,,,,1,India,IN,IN,,20,77,IN,20260717043000,https://www.moneycontrol.com/news/business/government-weighs-upi-merchant-fee-for-large-businesses-on-payments-above-rs-2-000-13976276.html
1314010186,20260717,202607,2026,2026.5397,GOV,MINIST,,,,,,GOV,,,,,,,,,,,,,0,071,071,07,2,7.4,10,1,10,-3.24543610547668,1,United Kingdom,UK,UK,,54,-4,UK,0,,,,,,,,1,United Kingdom,UK,UK,,54,-4,UK,20260717043000,https://www.dailyrecord.co.uk/news/scottish-news/shock-new-figures-show-500-37439802
1314010187,20260717,202607,2026,2026.5397,GOV,GOVERNMENT,,,,,,GOV,,,,,,,,,,,,,0,080,080,08,2,5.0,10,1,10,-2.76073619631902,4,"New Delhi, Delhi, India",IN,IN07,17911,28.6,77.2,-2106102,0,,,,,,,,4,"New Delhi, Delhi, India",IN,IN07,17911,28.6,77.2,-2106102,20260717043000,https://www.breitbart.com/middle-east/2026/07/16/india-tells-seafarers-to-avoid-strait-of-hormuz-after-crew-deaths/
1314010188,20260717,202607,2026,2026.5397,GOV,GOVERNMENT,,,,,,GOV,,,,,,,,,,,,,0,0831,083,08,2,5.0,1,1,1,-4.12844036697247,4,"Melbourne, Victoria, Australia",AS,AS07,5430,-37.8167,144.967,-1586844,0,,,,,,,,4,"Vang Vieng, Viangchan, Laos",LA,LA27,74338,18.9333,102.45,-2666441,20260717043000,https://www.dailymail.com/news/article-15983957/laos-methanol-poisoning-penalty-melbourne-holly-bianca.html
1314010189,20260717,202607,2026,2026.5397,GOV,GOVERNMENT,,,,,,GOV,,,,,,,,,,,,,0,0831,083,08,2,5.0,1,1,1,-4.12844036697247,4,"Vang Vieng, Viangchan, Laos",LA,LA27,74338,18.9333,102.45,-2666441,0,,,,,,,,4,"Vang Vieng, Viangchan, Laos",LA,LA27,74338,18.9333,102.45,-2666441,20260717043000,https://www.dailymail.com/news/article-15983957/laos-methanol-poisoning-penalty-melbourne-holly-bianca.html
1314010190,20260717,202607,2026,2026.5397,GOV,MINIST,,,,,,GOV,,,,,,,,,,,,,1,100,100,10,3,-5.0,2,1,2,-7.54310344827587,4,"Haridwar, Uttaranchal, India",IN,IN39,70284,29.9667,78.1667,-2097190,0,,,,,,,,4,"Haridwar, Uttaranchal, India",IN,IN39,70284,29.9667,78.1667,-2097190,20260717043000,https://www.moneycontrol.com/news/india/as-sonam-wangchuk-s-hunger-strike-enters-day-20-a-look-at-india-s-longest-indefinite-fasts-by-activists-13976279.html
1314010191,20260717,202607,2026,2026.5397,GOV,MINIST,,,,,,GOV,,,,,,,,,,,,,1,100,100,10,3,-5.0,2,1,2,-7.54310344827587,4,"Haridwar, Uttaranchal, India",IN,IN39,70284,29.9667,78.1667,-2097190,0,,,,,,,,4,"Lahore, Punjab, Pakistan",PK,PK04,23677,31.5497,74.3436,-2767043,20260717043000,https://www.moneycontrol.com/news/india/as-sonam-wangchuk-s-hunger-strike-enters-day-20-a-look-at-india-s-longest-indefinite-fasts-by-activists-13976279.html
1314010192,20260717,202607,2026,2026.5397,GOV,ADMINISTRATION,,,,,,GOV,,,,,,,,,,,,,1,100,100,10,3,-5.0,10,1,10,-2.76073619631902,4,"New Delhi, Delhi, India",IN,IN07,17911,28.6,77.2,-2106102,0,,,,,,,,4,"New Delhi, Delhi, India",IN,IN07,17911,28.6,77.2,-2106102,20260717043000,https://www.breitbart.com/middle-east/2026/07/16/india-tells-seafarers-to-avoid-strait-of-hormuz-after-crew-deaths/
1314010193,20260717,202607,2026,2026.5397,GOV,MINIST,,,,,,GOV,,,,,,,,,,,,,1,100,100,10,3,-5.0,6,1,6,-7.54310344827587,4,"Lahore, Punjab, Pakistan",PK,PK04,23677,31.5497,74.3436,-2767043,0,,,,,,,,4,"Lahore, Punjab, Pakistan",PK,PK04,23677,31.5497,74.3436,-2767043,20260717043000,https://www.moneycontrol.com/news/india/as-sonam-wangchuk-s-hunger-strike-enters-day-20-a-look-at-india-s-longest-indefinite-fasts-by-activists-13976279.html
1314010194,20260717,202607,2026,2026.5397,GOV,MINISTRY,,,,,,GOV,,,CHN,CHINESE,CHN,,,,,,,,0,060,060,06,2,6.0,4,1,4,-3.38461538461538,4,"Scunthorpe, North Lincolnshire, United Kingdom",UK,UKJ3,40120,53.5833,-0.65,-2607324,4,"Beijing, Beijing, China",CH,CH22,13001,39.9289,116.388,-1898541,4,"Beijing, Beijing, China",CH,CH22,13001,39.9289,116.388,-1898541,20260717043000,https://www.aljazeera.com/news/2026/7/17/china-rebukes-uk-over-nationalisation-of-british-steel
1314010195,20260717,202607,2026,2026.5397,GOV,MINISTRY,,,,,,GOV,,,CHNBUS,CHINESE,CHN,,,,,BUS,,,0,060,060,06,2,6.0,6,1,6,-3.38461538461538,4,"Scunthorpe, North Lincolnshire, United Kingdom",UK,UKJ3,40120,53.5833,-0.65,-2607324,4,"Beijing, Beijing, China",CH,CH22,13001,39.9289,116.388,-1898541,4,"Beijing, Beijing, China",CH,CH22,13001,39.9289,116.388,-1898541,20260717043000,https://www.aljazeera.com/news/2026/7/17/china-rebukes-uk-over-nationalisation-of-british-steel
1314010196,20260717,202607,2026,2026.5397,GOV,GOVERNMENT,,,,,,GOV,,,COP,PRISON,,,,,,COP,,,0,020,020,02,1,3.0,10,1,10,-9.1468101460415,2,"New Hampshire, United States",US,USNH,,43.4108,-71.5653,NH,2,"New Hampshire, United States",US,USNH,,43.4108,-71.5653,NH,2,"New Hampshire, United States",US,USNH,,43.4108,-71.5653,NH,20260717043000,https://www.accountingtoday.com/news/tax-fraud-blotter-win-some-lose-some
1314010197,20260717,202607,2026,2026.5397,GOV,GOVERNMENT,,,,,,GOV,,,COP,PRISON,,,,,,COP,,,0,071,071,07,2,7.4,10,1,10,-9.1468101460415,2,"New Hampshire, United States",US,USNH,,43.4108,-71.5653,NH,2,"New Hampshire, United States",US,USNH,,43.4108,-71.5653,NH,2,"New Hampshire, United States",US,USNH,,43.4108,-71.5653,NH,20260717043000,https://www.accountingtoday.com/news/tax-fraud-blotter-win-some-lose-some
1314010198,20260717,202607,2026,2026.5397,GOV,GOVERNOR,,,,,,GOV,,,COP,POLICE,,,,,,COP,,,0,193,193,19,4,-10.0,5,1,5,-2.46376811594203,4,"Kashmir, North-West Frontier, Pakistan",PK,PK03,40350,34.796,72.1502,-2764806,4,"Kashmir, North-West Frontier, Pakistan",PK,PK03,40350,34.796,72.1502,-2764806,4,"Kashmir, North-West Frontier, Pakistan",PK,PK03,40350,34.796,72.1502,-2764806,20260717043000,https://idrw.org/the-long-shadow-of-july-13-1931-how-kashmirs-internal-fracture-reshaped-south-asian-geopolitics/
1314010199,20260717,202607,2026,2026.5397,GOV,MINISTRY,,,,,,GOV,,,GBR,UNITED KINGDOM,GBR,,,,,,,,0,027,027,02,1,4.0,10,1,10,-3.38461538461538,4,"Scunthorpe, North Lincolnshire, United Kingdom",UK,UKJ3,40120,53.5833,-0.65,-2607324,4,"Scunthorpe, North Lincolnshire, United Kingdom",UK,UKJ3,40120,53.5833,-0.65,-2607324,4,"Scunthorpe, North Lincolnshire, United Kingdom",UK,UKJ3,40120,53.5833,-0.65,-2607324,20260717043000,https://www.aljazeera.com/news/2026/7/17/china-rebukes-uk-over-nationalisation-of-british-steel
1314010200,20260717,202607,2026,2026.5397,GOV,CABINET,,,,,,GOV,,,GBR,LONDON,GBR,,,,,,,,1,043,043,04,1,2.8,2,1,2,0,4,"London, London, City of, United Kingdom",UK,UKH9,40110,51.5,-0.116667,-2601889,4,"London, London, City of, United Kingdom",UK,UKH9,40110,51.5,-0.116667,-2601889,4,"London, London, City of, United Kingdom",UK,UKH9,40110,51.5,-0.116667,-2601889,20260717043000,https://www.politico.eu/article/andy-burnham-downing-street-team-no10-appointments/
1314010201,20260717,202607,2026,2026.5397,GOV,ADMINISTRATION,,,,,,GOV,,,INT,FOREIGN NATIONAL,,,,,,INT,,,1,160,160,16,4,-4.0,5,1,5,-7.44010088272383,3,"Washington, District of Columbia, United States",US,USDC,DC001,38.8951,-77.0364,531871,3,"Washington, District of Columbia, United States",US,USDC,DC001,38.8951,-77.0364,531871,3,"Washington, District of Columbia, United States",US,USDC,DC001,38.8951,-77.0364,531871,20260717043000,https://www.moneycontrol.com/world/us-targets-far-left-terrorists-with-new-visa-curbs-who-could-be-denied-entry-article-13976303.html
1314010202,20260717,202607,2026,2026.5397,GOV,GOVERNMENT,,,,,,GOV,,,LAO,LAOS,LAO,,,,,,,,0,014,014,01,1,0.0,1,1,1,-4.12844036697247,4,"Melbourne, Victoria, Australia",AS,AS07,5430,-37.8167,144.967,-1586844,4,"Melbourne, Victoria, Australia",AS,AS07,5430,-37.8167,144.967,-1586844,4,"Melbourne, Victoria, Australia",AS,AS07,5430,-37.8167,144.967,-1586844,20260717043000,https://www.dailymail.com/news/article-15983957/laos-methanol-poisoning-penalty-melbourne-holly-bianca.html
1314010203,20260717,202607,2026,2026.5397,GOV,GOVERNMENT,,,,,,GOV,,,LAO,LAOS,LAO,,,,,,,,0,014,014,01,1,0.0,2,1,2,-4.12844036697247,4,"Vang Vieng, Viangchan, Laos",LA,LA27,74338,18.9333,102.45,-2666441,4,"Vang Vieng, Viangchan, Laos",LA,LA27,74338,18.9333,102.45,-2666441,4,"Vang Vieng, Viangchan, Laos",LA,LA27,74338,18.9333,102.45,-2666441,20260717043000,https://www.dailymail.com/news/article-15983957/laos-methanol-poisoning-penalty-melbourne-holly-bianca.html
1314010204,20260717,202607,2026,2026.5397,GOV,GOVERNMENT,,,,,,GOV,,,LAO,LAOS,LAO,,,,,,,,0,014,014,01,1,0.0,6,1,6,-4.12844036697247,4,"Vientiane, (LA11), Laos",LA,LA11,27147,17.9667,102.6,-2669740,4,"Vientiane, (LA11), Laos",LA,LA11,27147,17.9667,102.6,-2669740,4,"Vientiane, (LA11), Laos",LA,LA11,27147,17.9667,102.6,-2669740,20260717043000,https://www.dailymail.com/news/article-15983957/laos-methanol-poisoning-penalty-melbourne-holly-bianca.html
1314010205,20260717,202607,2026,2026.5397,GOV,GOVERNMENT,,,,,,GOV,,,LAO,LAOS,LAO,,,,,,,,0,014,014,01,1,0.0,1,1,1,-4.12844036697247,1,Denmark,DA,DA,,56,10,DA,1,Denmark,DA,DA,,56,10,DA,1,Denmark,DA,DA,,56,10,DA,20260717043000,https://www.dailymail.com/news/article-15983957/laos-methanol-poisoning-penalty-melbourne-holly-bianca.html
1314010206,20260717,202607,2026,2026.5397,GOV,GOVERNMENT,,,,,,GOV,,,LAO,LAOS,LAO,,,,,,,,0,162,162,16,4,-5.6,2,1,2,-4.12844036697247,4,"Melbourne, Victoria, Australia",AS,AS07,5430,-37.8167,144.967,-1586844,4,"Melbourne, Victoria, Australia",AS,AS07,5430,-37.8167,144.967,-1586844,4,"Melbourne, Victoria, Australia",AS,AS07,5430,-37.8167,144.967,-1586844,20260717043000,https://www.dailymail.com/news/article-15983957/laos-methanol-poisoning-penalty-melbourne-holly-bianca.html
1314010207,20260717,202607,2026,2026.5397,GOV,GOVERNMENT,,,,,,GOV,,,LAO,LAOS,LAO,,,,,,,,0,162,162,16,4,-5.6,2,1,2,-4.12844036697247,4,"Vang Vieng, Viangchan, Laos",LA,LA27,74338,18.9333,102.45,-2666441,4,"Vang Vieng, Viangchan, Laos",LA,LA27,74338,18.9333,102.45,-2666441,4,"Vang Vieng, Viangchan, Laos",LA,LA27,74338,18.9333,102.45,-2666441,20260717043000,https://www.dailymail.com/news/article-15983957/laos-methanol-poisoning-penalty-melbourne-holly-bianca.html
1314010208,20260717,202607,2026,2026.5397,GOV,GOVERNMENT,,,,,,GOV,,,LAO,LAOS,LAO,,,,,,,,0,162,162,16,4,-5.6,6,1,6,-4.12844036697247,4,"Vientiane, (LA11), Laos",LA,LA11,27147,17.9667,102.6,-2669740,4,"Vientiane, (LA11), Laos",LA,LA11,27147,17.9667,102.6,-2669740,4,"Vientiane, (LA11), Laos",LA,LA11,27147,17.9667,102.6,-2669740,20260717043000,https://www.dailymail.com/news/article-15983957/laos-methanol-poisoning-penalty-melbourne-holly-bianca.html
1314010209,20260717,202607,2026,2026.5397,GOV,DEPUTY PRIME MINISTER,,,,,,GOV,,,LEG,LEGISLATIVE ASSEMBLY,,,,,,LEG,,,0,043,043,04,1,2.8,10,1,10,2.37580993520519,0,,,,,,,,0,,,,,,,,0,,,,,,,,20260717043000,https://www.theborneopost.com/2026/07/17/ethical-journalists-remain-irreplaceable-despite-ai-advances-says-abdullah-saidol/
1314010210,20260717,202607,2026,2026.5397,GOV,PRESIDENT,,,,,,GOV,,,MED,MEDIA,,,,,,MED,,,1,042,042,04,1,1.9,10,1,10,-1.65929203539823,3,"White House, District of Columbia, United States",US,USDC,,38.8951,-77.0364,531871,3,"White House, District of Columbia, United States",US,USDC,,38.8951,-77.0364,531871,3,"White House, District of Columbia, United States",US,USDC,,38.8951,-77.0364,531871,20260717043000,https://www.thedailybeast.com/maga-melts-down-at-networks-switching-off-trump/
1314010211,20260717,202607,2026,2026.5397,GOV,PRESIDENT,,,,,,GOV,,,MED,MEDIA,,,,,,MED,,,1,111,111,11,3,-2.0,10,1,10,-1.65929203539823,3,"White House, District of Columbia, United States",US,USDC,,38.8951,-77.0364,531871,3,"White House, District of Columbia, United States",US,USDC,,38.8951,-77.0364,531871,3,"White House, District of Columbia, United States",US,USDC,,38.8951,-77.0364,531871,20260717043000,https://www.thedailybeast.com/maga-melts-down-at-networks-switching-off-trump/
1314010212,20260717,202607,2026,2026.5397,GOV,CONSULATE,,,,,,GOV,,,MIL,NAVAL,,,,,,MIL,,,1,010,010,01,1,0.0,16,2,16,4.2745143690087,4,"New Delhi, Delhi, India",IN,IN07,17911,28.6,77.2,-2106102,4,"New Delhi, Delhi, India",IN,IN07,17911,28.6,77.2,-2106102,4,"New Delhi, Delhi, India",IN,IN07,17911,28.6,77.2,-2106102,20260717043000,https://ianslive.in/ins-sudarshini-concludes-historic-us-voyage-after-participating-in-americas-250th-independence-celebrations--20260717085657
1314010213,20260717,202607,2026,2026.5397,GOV,EMBASSY,,,,,,GOV,,,MIL,MILITARY,,,,,,MIL,,,0,040,040,04,1,1.0,10,2,10,4.2745143690087,3,"Army War College, District of Columbia, United States",US,USDC,DC001,38.8634,-77.0169,531541,3,"Army War College, District of Columbia, United States",US,USDC,,38.8634,-77.0169,531541,3,"Army War College, District of Columbia, United States",US,USDC,,38.8634,-77.0169,531541,20260717043000,https://ianslive.in/ins-sudarshini-concludes-historic-us-voyage-after-participating-in-americas-250th-independence-celebrations--20260717085657
1314010214,20260717,202607,2026,2026.5397,GOV,GOVERNMENT,,,,,,GOV,,,MYS,MALAYSIA,MYS,,,,,,,,1,036,036,03,1,4.0,2,1,2,-1.58730158730159,1,Malaysia,MY,MY,,2.5,112.5,MY,1,Malaysia,MY,MY,,2.5,112.5,MY,1,Malaysia,MY,MY,,2.5,112.5,MY,20260717043000,https://www.humanresourcesonline.net/sabah-to-work-with-mof-on-improving-targeted-diesel-subsidy-implementation
1314010215,20260717,202607,2026,2026.5397,GOV,GOVERNMENT,,,,,,GOV,,,MYSGOV,SABAH,MYS,,,,,GOV,,,1,036,036,03,1,4.0,3,1,3,-1.58730158730159,1,Malaysia,MY,MY,,2.5,112.5,MY,1,Malaysia,MY,MY,,2.5,112.5,MY,1,Malaysia,MY,MY,,2.5,112.5,MY,20260717043000,https://www.humanresourcesonline.net/sabah-to-work-with-mof-on-improving-targeted-diesel-subsidy-implementation
1314010216,20260717,202607,2026,2026.5397,GOV,GOVERNOR,,,,,,GOV,,,OPP,PROTESTER,,,,,,OPP,,,0,193,193,19,4,-10.0,3,1,3,-2.46376811594203,4,"Kashmir, North-West Frontier, Pakistan",PK,PK03,40350,34.796,72.1502,-2764806,4,"Kashmir, North-West Frontier, Pakistan",PK,PK03,40350,34.796,72.1502,-2764806,4,"Kashmir, North-West Frontier, Pakistan",PK,PK03,40350,34.796,72.1502,-2764806,20260717043000,https://idrw.org/the-long-shadow-of-july-13-1931-how-kashmirs-internal-fracture-reshaped-south-asian-geopolitics/
1314010217,20260717,202607,2026,2026.5397,GOV,GOVERNOR,,,,,,GOV,,,OPP,PROTESTER,,,,,,OPP,,,0,193,193,19,4,-10.0,2,1,2,-2.46376811594203,4,"Kashmir, North-West Frontier, Pakistan",PK,PK03,40350,34.796,72.1502,-2764806,4,"Kashmiri, Paktia, Afghanistan",AF,AF36,99906,33.6392,69.4987,10608781,4,"Kashmir, North-West Frontier, Pakistan",PK,PK03,40350,34.796,72.1502,-2764806,20260717043000,https://idrw.org/the-long-shadow-of-july-13-1931-how-kashmirs-internal-fracture-reshaped-south-asian-geopolitics/
1314010218,20260717,202607,2026,2026.5397,GOV,STATE OWNED,,,,,,GOV,,,RUS,RUSSIA,RUS,,,,,,,,1,061,061,06,2,6.4,10,1,10,-5.24193548387097,4,"Moscow, Moskva, Russia",RS,RS48,25106,55.7522,37.6156,-2960561,4,"Moscow, Moskva, Russia",RS,RS48,25106,55.7522,37.6156,-2960561,4,"Moscow, Moskva, Russia",RS,RS48,25106,55.7522,37.6156,-2960561,20260717043000,https://idrw.org/the-great-reversal-russia-turns-to-india-for-gasoline-amid-refining-collapse/
1314010219,20260717,202607,2026,2026.5397,GOV,STATE OWNED,,,,,,GOV,,,RUS,RUSSIA,RUS,,,,,,,,1,120,120,12,3,-4.0,10,1,10,-5.24193548387097,4,"Moscow, Moskva, Russia",RS,RS48,25106,55.7522,37.6156,-2960561,4,"Moscow, Moskva, Russia",RS,RS48,25106,55.7522,37.6156,-2960561,4,"Moscow, Moskva, Russia",RS,RS48,25106,55.7522,37.6156,-2960561,20260717043000,https://idrw.org/the-great-reversal-russia-turns-to-india-for-gasoline-amid-refining-collapse/
1314010220,20260717,202607,2026,2026.5397,GOV,PRESIDENT,,,,,,GOV,,,USA,UNITED STATES,USA,,,,,,,,1,010,010,01,1,0.0,1,1,1,-1.82815356489945,1,Japan,JA,JA,,36,138,JA,1,Japan,JA,JA,,36,138,JA,1,Japan,JA,JA,,36,138,JA,20260717043000,https://www.asahi.com/ajw/articles/16734036
1314010221,20260717,202607,2026,2026.5397,GOV,PRESIDENT,,,,,,GOV,,,USA,UNITED STATES,USA,,,,,,,,1,010,010,01,1,0.0,4,1,4,-3.88489208633094,2,"Michigan, United States",US,USMI,,43.3504,-84.5603,MI,2,"Michigan, United States",US,USMI,,43.3504,-84.5603,MI,2,"Michigan, United States",US,USMI,,43.3504,-84.5603,MI,20260717043000,https://www.thedailybeast.com/trump-rages-at-network-tv-snub-in-unhinged-election-speech/
1314010222,20260717,202607,2026,2026.5397,GOV,PRESIDENT,,,,,,GOV,,,USA,UNITED STATES,USA,,,,,,,,1,010,010,01,1,0.0,2,1,2,-1.82815356489945,1,Venezuela,VE,VE,,8,-66,VE,1,Venezuela,VE,VE,,8,-66,VE,1,Venezuela,VE,VE,,8,-66,VE,20260717043000,https://www.asahi.com/ajw/articles/16734036
1314010223,20260717,202607,2026,2026.5397,GOV,PRESIDENT,,,,,,GOV,,,USA,UNITED STATES,USA,,,,,,,,1,020,020,02,1,3.0,1,1,1,-3.77833753148615,3,"Muskegon, Michigan, United States",US,USMI,MI121,43.2342,-86.2484,1620963,2,"Michigan, United States",US,USMI,,43.3504,-84.5603,MI,2,"Michigan, United States",US,USMI,,43.3504,-84.5603,MI,20260717043000,https://bridgemi.com/uncategorized/fact-check-president-trump-seeks-probe-of-2020-muskegon-voter-fraud/
1314010224,20260717,202607,2026,2026.5397,GOV,PRESIDENT,,,,,,GOV,,,USA,UNITED STATES,USA,,,,,,,,1,020,020,02,1,3.0,3,1,3,-3.77833753148615,3,"White House, District of Columbia, United States",US,USDC,,38.8951,-77.0364,531871,3,"White House, District of Columbia, United States",US,USDC,,38.8951,-77.0364,531871,3,"Muskegon, Michigan, United States",US,USMI,MI121,43.2342,-86.2484,1620963,20260717043000,https://bridgemi.com/uncategorized/fact-check-president-trump-seeks-probe-of-2020-muskegon-voter-fraud/
1314010225,20260717,202607,2026,2026.5397,GOV,GOVERNMENT,,,,,,GOV,,,USA,COLORADO,USA,,,,,,,,1,190,190,19,4,-10.0,10,1,10,-1.2400354295837,2,"Colorado, United States",US,USCO,,39.0646,-105.327,CO,2,"Colorado, United States",US,USCO,,39.0646,-105.327,CO,2,"Colorado, United States",US,USCO,,39.0646,-105.327,CO,20260717043000,https://www.kunm.org/local-news/2026-07-16/tribes-states-federal-government-battle-for-colorado-river-water-rights
1314010226,20260717,202607,2026,2026.5397,GOV,PRESIDENT,,,,,,GOV,,,USAGOV,THE WHITE HOUSE,USA,,,,,GOV,,,1,010,010,01,1,0.0,4,1,4,-3.88489208633094,2,"Michigan, United States",US,USMI,,43.3504,-84.5603,MI,2,"Michigan, United States",US,USMI,,43.3504,-84.5603,MI,2,"Michigan, United States",US,USMI,,43.3504,-84.5603,MI,20260717043000,https://www.thedailybeast.com/trump-rages-at-network-tv-snub-in-unhinged-election-speech/
1314010227,20260717,202607,2026,2026.5397,GOV,PRESIDENT,,,,,,GOV,,,USAGOV,UNITED STATES,USA,,,,,GOV,,,1,051,051,05,1,3.4,2,1,2,-1.65929203539823,3,"White House, District of Columbia, United States",US,USDC,,38.8951,-77.0364,531871,3,"White House, District of Columbia, United States",US,USDC,,38.8951,-77.0364,531871,3,"White House, District of Columbia, United States",US,USDC,,38.8951,-77.0364,531871,20260717043000,https://www.thedailybeast.com/maga-melts-down-at-networks-switching-off-trump/
1314010228,20260717,202607,2026,2026.5397,GOVCOP,GOVERNMENT,,,,,,GOV,COP,,COP,POLICE,,,,,,COP,,,0,173,173,17,4,-5.0,10,1,10,-7.39856801909308,4,"Chennai, Tamil Nadu, India",IN,IN25,70251,13.0833,80.2833,-2103041,4,"Chennai, Tamil Nadu, India",IN,IN25,70251,13.0833,80.2833,-2103041,4,"Chennai, Tamil Nadu, India",IN,IN25,70251,13.0833,80.2833,-2103041,20260717043000,https://www.moneycontrol.com/news/india/what-is-project-meghalaya-inside-the-alleged-rs-35-crore-plot-to-topple-vijay-led-tvk-govt-13976381.html
1314010229,20260717,202607,2026,2026.5397,GOVCOP,GOVERNMENT,,,,,,GOV,COP,,MED,JOURNALIST,,,,,,MED,,,0,173,173,17,4,-5.0,10,1,10,-7.39856801909308,4,"Chennai, Tamil Nadu, India",IN,IN25,70251,13.0833,80.2833,-2103041,4,"Chennai, Tamil Nadu, India",IN,IN25,70251,13.0833,80.2833,-2103041,4,"Chennai, Tamil Nadu, India",IN,IN25,70251,13.0833,80.2833,-2103041,20260717043000,https://www.moneycontrol.com/news/india/what-is-project-meghalaya-inside-the-alleged-rs-35-crore-plot-to-topple-vijay-led-tvk-govt-13976381.html
1314010230,20260717,202607,2026,2026.5397,GOVMIL,DEFENSE MINIST,,,,,,GOV,MIL,,,,,,,,,,,,1,141,141,14,3,-6.5,6,1,6,-4.94011976047904,4,"Kharkiv, Kharkivs'ka Oblast', Ukraine",UP,UP07,25036,49.9808,36.2527,-1041320,0,,,,,,,,4,"Kharkiv, Kharkivs'ka Oblast', Ukraine",UP,UP07,25036,49.9808,36.2527,-1041320,20260717043000,https://www.dailykos.com/stories/2026/7/16/800070724/community/1604/
1314010231,20260717,202607,2026,2026.5397,GOVMIL,SECRETARY OF DEFENSE,,,,,,GOV,MIL,,BEL,BRUSSELS,BEL,,,,,,,,1,040,040,04,1,1.0,6,1,6,-0.33222591362126,4,"Brussels, Bruxelles-Capitale, Belgium",BE,BE11,5850,50.8333,4.33333,-1955538,4,"Brussels, Bruxelles-Capitale, Belgium",BE,BE11,5850,50.8333,4.33333,-1955538,4,"Brussels, Bruxelles-Capitale, Belgium",BE,BE11,5850,50.8333,4.33333,-1955538,20260717043000,https://www.thedailybeast.com/this-is-the-truth-about-hegseths-bizarre-hrt-plan/
1314010232,20260717,202607,2026,2026.5397,GOVMIL,SECRETARY OF DEFENSE,,,,,,GOV,MIL,,BEL,BRUSSELS,BEL,,,,,,,,1,042,042,04,1,1.9,6,1,6,-0.33222591362126,3,"Washington, District of Columbia, United States",US,USDC,DC001,38.8951,-77.0364,531871,3,"Washington, District of Columbia, United States",US,USDC,DC001,38.8951,-77.0364,531871,3,"Washington, District of Columbia, United States",US,USDC,DC001,38.8951,-77.0364,531871,20260717043000,https://www.thedailybeast.com/this-is-the-truth-about-hegseths-bizarre-hrt-plan/
1314010233,20260717,202607,2026,2026.5397,GRC,GREECE,GRC,,,,,,,,,,,,,,,,,,0,040,040,04,1,1.0,2,1,2,2.97520661157025,1,Greece,GR,GR,,39,22,GR,0,,,,,,,,1,Greece,GR,GR,,39,22,GR,20260717043000,https://www.moneycontrol.com/entertainment/the-odyssey-director-christopher-nolan-net-worth-rs-2-410-crore-kingdom-luxurious-properties-cars-and-more-article-13976288.html
1314010234,20260717,202607,2026,2026.5397,GRC,GREECE,GRC,,,,,,,,,,,,,,,,,,1,084,084,08,2,7.0,2,1,2,2.97520661157025,1,Greece,GR,GR,,39,22,GR,0,,,,,,,,4,"London, London, City of, United Kingdom",UK,UKH9,40110,51.5,-0.116667,-2601889,20260717043000,https://www.moneycontrol.com/entertainment/the-odyssey-director-christopher-nolan-net-worth-rs-2-410-crore-kingdom-luxurious-properties-cars-and-more-article-13976288.html
1314010235,20260717,202607,2026,2026.5397,GRC,GREECE,GRC,,,,,,,,,,,,,,,,,,1,084,084,08,2,7.0,6,2,6,-0.972901005049603,1,Greece,GR,GR,,39,22,GR,0,,,,,,,,1,Greece,GR,GR,,39,22,GR,20260717043000,https://www.moneycontrol.com/entertainment/the-odyssey-director-christopher-nolan-net-worth-rs-2-410-crore-kingdom-luxurious-properties-cars-and-more-article-13976288.html
1314010236,20260717,202607,2026,2026.5397,GRC,MYCENAE,GRC,,,,,,,,,,,,,,,,,,0,1712,171,17,4,-9.2,9,1,9,-5.46792849631966,4,"Pylos, Perifereia Peloponnisou, Greece",GR,GR62,16714,36.91,21.6986,-826268,0,,,,,,,,4,"Pylos, Perifereia Peloponnisou, Greece",GR,GR62,16714,36.91,21.6986,-826268,20260717043000,https://theconversation.com/the-odyssey-is-haunted-by-the-mysterious-sea-peoples-but-who-were-they-really-287686
1314010237,20260717,202607,2026,2026.5397,GRC,GREECE,GRC,,,,,,,,MNCJPN,SONY,JPN,,,,,MNC,,,1,182,182,18,4,-9.5,4,1,4,-2.94695481335953,1,Greece,GR,GR,,39,22,GR,1,Greece,GR,GR,,39,22,GR,1,Greece,GR,GR,,39,22,GR,20260717043000,https://variety.com/2026/tv/news/god-of-war-recast-kratos-actor-ryan-hurst-injury-1236814409/
1314010238,20260717,202607,2026,2026.5397,GRC,GREECE,GRC,,,,,,,,USA,UNITED STATES,USA,,,,,,,,0,040,040,04,1,1.0,1,1,1,2.97520661157025,1,Greece,GR,GR,,39,22,GR,3,"Hollywood, California, United States",US,USCA,CA037,34.0983,-118.327,1660757,1,Greece,GR,GR,,39,22,GR,20260717043000,https://www.moneycontrol.com/entertainment/the-odyssey-director-christopher-nolan-net-worth-rs-2-410-crore-kingdom-luxurious-properties-cars-and-more-article-13976288.html
1314010239,20260717,202607,2026,2026.5397,GRC,GREECE,GRC,,,,,,,,USA,UNITED STATES,USA,,,,,,,,0,040,040,04,1,1.0,1,1,1,2.97520661157025,1,Greece,GR,GR,,39,22,GR,1,Greece,GR,GR,,39,22,GR,1,Greece,GR,GR,,39,22,GR,20260717043000,https://www.moneycontrol.com/entertainment/the-odyssey-director-christopher-nolan-net-worth-rs-2-410-crore-kingdom-luxurious-properties-cars-and-more-article-13976288.html
1314010240,20260717,202607,2026,2026.5397,HIN,HINDU MONK,,,,HIN,,,,,,,,,,,,,,,0,142,142,14,3,-6.5,8,1,8,-7.54310344827587,4,"Rishikesh, Uttaranchal, India",IN,IN39,70287,30.1167,78.3167,-2109472,0,,,,,,,,4,"Rishikesh, Uttaranchal, India",IN,IN39,70287,30.1167,78.3167,-2109472,20260717043000,https://www.moneycontrol.com/news/india/as-sonam-wangchuk-s-hunger-strike-enters-day-20-a-look-at-india-s-longest-indefinite-fasts-by-activists-13976279.html
1314010241,20260717,202607,2026,2026.5397,HIN,HINDU MONK,,,,HIN,,,,,,,,,,,,,,,0,142,142,14,3,-6.5,2,1,2,-7.54310344827587,4,"Manipur, Uttar Pradesh, India",IN,IN36,70268,27.0529,79.3583,10452605,0,,,,,,,,4,"Manipur, Uttar Pradesh, India",IN,IN36,70268,27.0529,79.3583,10452605,20260717043000,https://www.moneycontrol.com/news/india/as-sonam-wangchuk-s-hunger-strike-enters-day-20-a-look-at-india-s-longest-indefinite-fasts-by-activists-13976279.html
1314010242,20260717,202607,2026,2026.5397,HLH,DOCTOR,,,,,,HLH,,,AUS,VICTORIA,AUS,,,,,,,,1,110,110,11,3,-2.0,6,1,6,-2.28758169934641,2,"New York, United States",US,USNY,,42.1497,-74.9384,NY,2,"New York, United States",US,USNY,,42.1497,-74.9384,NY,2,"New York, United States",US,USNY,,42.1497,-74.9384,NY,20260717043000,https://thelooker.thedailybeast.com/model-barbara-palvin-32-shares-heartbreaking-endometriosis-details/
1314010243,20260717,202607,2026,2026.5397,HLH,DOCTOR,,,,,,HLH,,,FRA,FRANCE,FRA,,,,,,,,0,013,013,01,1,0.4,4,1,4,-2.28758169934641,4,"Paris, France (general), France",FR,FR00,16282,48.8667,2.33333,-1456928,4,"Paris, France (general), France",FR,FR00,16282,48.8667,2.33333,-1456928,4,"Paris, France (general), France",FR,FR00,16282,48.8667,2.33333,-1456928,20260717043000,https://thelooker.thedailybeast.com/model-barbara-palvin-32-shares-heartbreaking-endometriosis-details/
1314010244,20260717,202607,2026,2026.5397,HLH,DOCTOR,,,,,,HLH,,,FRA,FRANCE,FRA,,,,,,,,1,110,110,11,3,-2.0,4,1,4,-2.28758169934641,4,"Paris, France (general), France",FR,FR00,16282,48.8667,2.33333,-1456928,4,"Paris, France (general), France",FR,FR00,16282,48.8667,2.33333,-1456928,4,"Paris, France (general), France",FR,FR00,16282,48.8667,2.33333,-1456928,20260717043000,https://thelooker.thedailybeast.com/model-barbara-palvin-32-shares-heartbreaking-endometriosis-details/
1314010245,20260717,202607,2026,2026.5397,IDN,INDONESIA,IDN,,,,,,,,CHN,CHINA,CHN,,,,,,,,0,070,070,07,2,7.0,2,1,2,-1.0989010989011,1,Indonesia,ID,ID,,-5,120,ID,4,"Beijing, Beijing, China",CH,CH22,13001,39.9289,116.388,-1898541,1,Indonesia,ID,ID,,-5,120,ID,20260717043000,https://idrw.org/why-india-is-unlikely-to-offer-brahmos-missiles-to-taiwan-despite-growing-indo-pacific-tensions/
1314010246,20260717,202607,2026,2026.5397,IGOEUREEC,THE EU,EUR,EEC,,,,IGO,,,,,,,,,,,,,1,051,051,05,1,3.4,5,1,5,-3.61247947454844,4,"Madrid, Madrid, Spain",SP,SP29,25820,40.4,-3.68333,-390625,0,,,,,,,,4,"Madrid, Madrid, Spain",SP,SP29,25820,40.4,-3.68333,-390625,20260717043000,https://www.opinionnigeria.com/europe-legalizes-political-forgetting-by-fransiscus-nanga-roka/
1314010247,20260717,202607,2026,2026.5397,IGOEUREEC,EUROPEAN COMMISSION,EUR,EEC,,,,IGO,,,,,,,,,,,,,1,100,100,10,3,-5.0,10,1,10,1.67224080267559,0,,,,,,,,0,,,,,,,,0,,,,,,,,20260717043000,https://siliconangle.com/2026/07/16/eu-orders-google-share-search-data-rivals-broaden-android-feature-access/
1314010248,20260717,202607,2026,2026.5397,IGOEUREEC,EUROPEAN COMMISSION,EUR,EEC,,,,IGO,,,ALBGOV,ALBANIA,ALB,,,,,GOV,,,1,0211,021,02,1,3.4,1,1,1,-0.24449877750612,4,"Zvernec, Vlore, Albania",AL,AL51,4143,40.5153,19.4169,-109341,4,"Zvernec, Vlore, Albania",AL,AL51,4143,40.5153,19.4169,-109341,4,"Zvernec, Vlore, Albania",AL,AL51,4143,40.5153,19.4169,-109341,20260717043000,https://albeu.com/english/birn-brussels-increases-pressure-over-protected-areas-and-strategic-investments-laws-but-majority-blocks-parliamentary-initiatives-to-repeal-them/928877/
1314010249,20260717,202607,2026,2026.5397,IGOEUREEC,EUROPEAN COMMISSION,EUR,EEC,,,,IGO,,,GOV,PRIME MINISTER,,,,,,GOV,,,1,0211,021,02,1,3.4,1,1,1,-0.24449877750612,4,"Zvernec, Vlore, Albania",AL,AL51,4143,40.5153,19.4169,-109341,4,"Zvernec, Vlore, Albania",AL,AL51,4143,40.5153,19.4169,-109341,4,"Zvernec, Vlore, Albania",AL,AL51,4143,40.5153,19.4169,-109341,20260717043000,https://albeu.com/english/birn-brussels-increases-pressure-over-protected-areas-and-strategic-investments-laws-but-majority-blocks-parliamentary-initiatives-to-repeal-them/928877/
1314010250,20260717,202607,2026,2026.5397,IGOEUREEC,THE EU,EUR,EEC,,,,IGO,,,HUN,HUNGARY,HUN,,,,,,,,0,128,128,12,3,-5.0,10,1,10,-3.61247947454844,1,Poland,PL,PL,,52,20,PL,1,Poland,PL,PL,,52,20,PL,1,Poland,PL,PL,,52,20,PL,20260717043000,https://www.opinionnigeria.com/europe-legalizes-political-forgetting-by-fransiscus-nanga-roka/
1314010251,20260717,202607,2026,2026.5397,IGOEUREEC,THE EU,EUR,EEC,,,,IGO,,,MNCUSAMED,GOOGLE,USA,,,,,MNC,MED,,0,128,128,12,3,-5.0,10,1,10,1.67224080267559,0,,,,,,,,0,,,,,,,,0,,,,,,,,20260717043000,https://siliconangle.com/2026/07/16/eu-orders-google-share-search-data-rivals-broaden-android-feature-access/
1314010252,20260717,202607,2026,2026.5397,IGOUNOAIE,INTERNATIONAL ENERGY AGENCY,,UNO,,,,IGO,,,IRN,IRAN,IRN,,,,,,,,1,130,130,13,3,-4.4,8,1,8,-6.84410646387833,3,"Washington, District of Columbia, United States",US,USDC,DC001,38.8951,-77.0364,531871,4,"Bandar Abbas, Hormozgan, Iran",IR,IR11,40896,27.1865,56.2808,-3055107,3,"Washington, District of Columbia, United States",US,USDC,DC001,38.8951,-77.0364,531871,20260717043000,https://www.aljazeera.com/news/2026/7/17/iea-chief-warns-strait-of-hormuz-crisis-threatens-global-energy-security
1314010253,20260717,202607,2026,2026.5397,IGOUNOAIE,INTERNATIONAL ENERGY AGENCY,,UNO,,,,IGO,,,IRN,IRAN,IRN,,,,,,,,1,130,130,13,3,-4.4,2,1,2,-6.84410646387833,3,"Washington, District of Columbia, United States",US,USDC,DC001,38.8951,-77.0364,531871,3,"Washington, District of Columbia, United States",US,USDC,DC001,38.8951,-77.0364,531871,3,"Washington, District of Columbia, United States",US,USDC,DC001,38.8951,-77.0364,531871,20260717043000,https://www.aljazeera.com/news/2026/7/17/iea-chief-warns-strait-of-hormuz-crisis-threatens-global-energy-security
1314010254,20260717,202607,2026,2026.5397,IGOUNOAIE,INTERNATIONAL ENERGY AGENCY,,UNO,,,,IGO,,,USA,UNITED STATES,USA,,,,,,,,1,130,130,13,3,-4.4,10,1,10,-6.84410646387833,5,"Hormozgan, Hormozgan, Iran",IR,IR11,40970,27.75,56.5,-3066740,5,"Hormozgan, Hormozgan, Iran",IR,IR11,40970,27.75,56.5,-3066740,5,"Hormozgan, Hormozgan, Iran",IR,IR11,40970,27.75,56.5,-3066740,20260717043000,https://www.aljazeera.com/news/2026/7/17/iea-chief-warns-strait-of-hormuz-crisis-threatens-global-energy-security
1314010255,20260717,202607,2026,2026.5397,IND,MUMBAI,IND,,,,,,,,,,,,,,,,,,1,043,043,04,1,2.8,6,1,6,-2.66666666666666,4,"Mumbai, Maharashtra, India",IN,IN16,70184,18.975,72.8258,-2092174,0,,,,,,,,4,"Mumbai, Maharashtra, India",IN,IN16,70184,18.975,72.8258,-2092174,20260717043000,https://www.freepressjournal.in/mumbai/mumbai-monsoon-2026-city-crosses-july-rainfall-average-but-water-reservoirs-remain-half-full
1314010256,20260717,202607,2026,2026.5397,IND,MUMBAI,IND,,,,,,,,,,,,,,,,,,1,051,051,05,1,3.4,3,1,3,6.34674922600619,4,"Jammu, Jammu and Kashmir, India",IN,IN12,72851,32.7333,74.8667,-2098228,0,,,,,,,,4,"Jammu, Jammu and Kashmir, India",IN,IN12,72851,32.7333,74.8667,-2098228,20260717043000,https://www.moneycontrol.com/news/india/how-much-money-and-gold-do-devotees-donate-a-look-at-5-of-india-s-richest-temples-13976225.html
1314010257,20260717,202607,2026,2026.5397,IND,MAHARASHTRA,IND,,,,,,,,,,,,,,,,,,0,090,090,09,2,-2.0,10,1,10,-2.83687943262411,4,"Mawa, Jammu and Kashmir, India",IN,IN12,72847,32.9167,74.6333,-2104296,0,,,,,,,,4,"Mawa, Jammu and Kashmir, India",IN,IN12,72847,32.9167,74.6333,-2104296,20260717043000,https://www.moneycontrol.com/city/why-mumbai-s-iconic-110-year-old-parsi-dairy-farm-just-lost-its-licence-article-13976255.html
1314010258,20260717,202607,2026,2026.5397,IND,KOCHI,IND,,,,,,,,,,,,,,,,,,1,190,190,19,4,-10.0,10,1,10,-1.01522842639594,4,"Cochin, Kerala, India",IN,IN13,17699,9.96667,76.2333,-2093645,0,,,,,,,,4,"Cochin, Kerala, India",IN,IN13,17699,9.96667,76.2333,-2093645,20260717043000,https://idrw.org/bolstering-the-littoral-shield-indian-navy-commissions-ins-malvan-second-mahe-class-asw-craft/
1314010259,20260717,202607,2026,2026.5397,IND,MAHARASHTRA,IND,,,,,,,,BUS,MANUFACTURER,,,,,,BUS,,,0,090,090,09,2,-2.0,5,1,5,-2.83687943262411,4,"Mawa, Jammu and Kashmir, India",IN,IN12,72847,32.9167,74.6333,-2104296,4,"Mawa, Jammu and Kashmir, India",IN,IN12,72847,32.9167,74.6333,-2104296,4,"Mawa, Jammu and Kashmir, India",IN,IN12,72847,32.9167,74.6333,-2104296,20260717043000,https://www.moneycontrol.com/city/why-mumbai-s-iconic-110-year-old-parsi-dairy-farm-just-lost-its-licence-article-13976255.html
1314010260,20260717,202607,2026,2026.5397,IND,DELHI,IND,,,,,,,,EDU,STUDENT,,,,,,EDU,,,1,051,051,05,1,3.4,2,1,2,6.28803245436106,4,"Delhi, Delhi, India",IN,IN07,17911,28.6667,77.2167,-2094230,4,"Delhi, Delhi, India",IN,IN07,17911,28.6667,77.2167,-2094230,4,"Delhi, Delhi, India",IN,IN07,17911,28.6667,77.2167,-2094230,20260717043000,https://www.moneycontrol.com/city/delhi-approves-rs-400-crore-start-up-policy-students-to-get-funding-mentoring-and-incubation-support-article-13976268.html
1314010261,20260717,202607,2026,2026.5397,IND,DELHI,IND,,,,,,,,EDU,STUDENT,,,,,,EDU,,,1,071,071,07,2,7.4,2,1,2,6.28803245436106,4,"Delhi, Delhi, India",IN,IN07,17911,28.6667,77.2167,-2094230,4,"Delhi, Delhi, India",IN,IN07,17911,28.6667,77.2167,-2094230,4,"Delhi, Delhi, India",IN,IN07,17911,28.6667,77.2167,-2094230,20260717043000,https://www.moneycontrol.com/city/delhi-approves-rs-400-crore-start-up-policy-students-to-get-funding-mentoring-and-incubation-support-article-13976268.html
1314010262,20260717,202607,2026,2026.5397,IND,MANIPUR,IND,,,,,,,,GOV,GOVERNMENT,,,,,,GOV,,,0,190,190,19,4,-10.0,6,1,6,-7.54310344827587,4,"Manipur, Uttar Pradesh, India",IN,IN36,70268,27.0529,79.3583,10452605,4,"Manipur, Uttar Pradesh, India",IN,IN36,70268,27.0529,79.3583,10452605,4,"Manipur, Uttar Pradesh, India",IN,IN36,70268,27.0529,79.3583,10452605,20260717043000,https://www.moneycontrol.com/news/india/as-sonam-wangchuk-s-hunger-strike-enters-day-20-a-look-at-india-s-longest-indefinite-fasts-by-activists-13976279.html
1314010263,20260717,202607,2026,2026.5397,IND,DELHI,IND,,,,,,,,GOVHLH,GOVERNMENT,,,,,,GOV,HLH,,1,090,090,09,2,-2.0,6,1,6,-7.54310344827587,4,"Delhi, Delhi, India",IN,IN07,17911,28.6667,77.2167,-2094230,4,"Delhi, Delhi, India",IN,IN07,17911,28.6667,77.2167,-2094230,4,"Delhi, Delhi, India",IN,IN07,17911,28.6667,77.2167,-2094230,20260717043000,https://www.moneycontrol.com/news/india/as-sonam-wangchuk-s-hunger-strike-enters-day-20-a-look-at-india-s-longest-indefinite-fasts-by-activists-13976279.html
1314010264,20260717,202607,2026,2026.5397,IND,SRINAGAR,IND,,,,,,,,HIN,HINDU,,,,HIN,,,,,0,145,145,14,3,-7.5,10,1,10,-2.46376811594203,4,"Kashmiri, Paktia, Afghanistan",AF,AF36,99906,33.6392,69.4987,10608781,4,"Kashmiri, Paktia, Afghanistan",AF,AF36,99906,33.6392,69.4987,10608781,4,"Kashmiri, Paktia, Afghanistan",AF,AF36,99906,33.6392,69.4987,10608781,20260717043000,https://idrw.org/the-long-shadow-of-july-13-1931-how-kashmirs-internal-fracture-reshaped-south-asian-geopolitics/
1314010265,20260717,202607,2026,2026.5397,IND,CHANDIGARH,IND,,,,,,,,INDCOP,CHANDIGARH,IND,,,,,COP,,,1,043,043,04,1,2.8,10,1,10,-2.58064516129033,4,"Haryana, Haryana, India",IN,IN10,17660,29.6161,76.9806,6210381,4,"Haryana, Haryana, India",IN,IN10,17660,29.6161,76.9806,6210381,4,"Haryana, Haryana, India",IN,IN10,17660,29.6161,76.9806,6210381,20260717043000,https://www.moneycontrol.com/news/india/pm-modi-in-punjab-hydrogen-train-live-news-updates-congress-parliament-session-puri-rath-yatra-bjp-breaking-news-july-17-liveblog-13976237.html
1314010266,20260717,202607,2026,2026.5397,IND,NEW DELHI,IND,,,,,,,,TWN,TAIWAN,TWN,,,,,,,,1,061,061,06,2,6.4,4,1,4,-1.0989010989011,4,"Taiwan Strait, Taiwan (general), Taiwan",TW,TW00,,24,119,-2637942,4,"Taiwan Strait, Taiwan (general), Taiwan",TW,TW00,,24,119,-2637942,4,"New Delhi, Delhi, India",IN,IN07,17911,28.6,77.2,-2106102,20260717043000,https://idrw.org/why-india-is-unlikely-to-offer-brahmos-missiles-to-taiwan-despite-growing-indo-pacific-tensions/
1314010267,20260717,202607,2026,2026.5397,IND,DELHI,IND,,,,,,,,UAF,ARMED MEN,,,,,,UAF,,,1,173,173,17,4,-5.0,2,1,2,-2.49433106575964,5,"Uttar Pradesh, Uttar Pradesh, India",IN,IN36,17938,27.25,80.75,-2113996,5,"Uttar Pradesh, Uttar Pradesh, India",IN,IN36,17938,27.25,80.75,-2113996,5,"Uttar Pradesh, Uttar Pradesh, India",IN,IN36,17938,27.25,80.75,-2113996,20260717043000,https://www.prokerala.com/news/articles/a1788978.html
1314010268,20260717,202607,2026,2026.5397,INDCOP,CHANDIGARH,IND,,,,,COP,,,COP,POLICE,,,,,,COP,,,1,020,020,02,1,3.0,5,1,5,-2.58064516129033,4,"Haryana, Haryana, India",IN,IN10,17660,29.6161,76.9806,6210381,4,"Haryana, Haryana, India",IN,IN10,17660,29.6161,76.9806,6210381,4,"Haryana, Haryana, India",IN,IN10,17660,29.6161,76.9806,6210381,20260717043000,https://www.moneycontrol.com/news/india/pm-modi-in-punjab-hydrogen-train-live-news-updates-congress-parliament-session-puri-rath-yatra-bjp-breaking-news-july-17-liveblog-13976237.html
1314010269,20260717,202607,2026,2026.5397,INDCOP,CHHATTISGARH,IND,,,,,COP,,,COP,POLICE,,,,,,COP,,,1,060,060,06,2,6.0,10,1,10,0.294117647058824,0,,,,,,,,0,,,,,,,,0,,,,,,,,20260717043000,https://www.prokerala.com/news/articles/a1788967.html
1314010270,20260717,202607,2026,2026.5397,INDCOP,CHANDIGARH,IND,,,,,COP,,,IND,CHANDIGARH,IND,,,,,,,,1,020,020,02,1,3.0,10,1,10,-2.58064516129033,4,"Nayagaon, Madhya Pradesh, India",IN,IN35,17735,23.0333,79.2833,-2105995,4,"Nayagaon, Madhya Pradesh, India",IN,IN35,17735,23.0333,79.2833,-2105995,4,"Nayagaon, Madhya Pradesh, India",IN,IN35,17735,23.0333,79.2833,-2105995,20260717043000,https://www.moneycontrol.com/news/india/pm-modi-in-punjab-hydrogen-train-live-news-updates-congress-parliament-session-puri-rath-yatra-bjp-breaking-news-july-17-liveblog-13976237.html
1314010271,20260717,202607,2026,2026.5397,INDCOP,CHANDIGARH,IND,,,,,COP,,,IND,CHANDIGARH,IND,,,,,,,,1,042,042,04,1,1.9,10,1,10,-2.58064516129033,4,"Haryana, Haryana, India",IN,IN10,17660,29.6161,76.9806,6210381,4,"Haryana, Haryana, India",IN,IN10,17660,29.6161,76.9806,6210381,4,"Haryana, Haryana, India",IN,IN10,17660,29.6161,76.9806,6210381,20260717043000,https://www.moneycontrol.com/news/india/pm-modi-in-punjab-hydrogen-train-live-news-updates-congress-parliament-session-puri-rath-yatra-bjp-breaking-news-july-17-liveblog-13976237.html
1314010272,20260717,202607,2026,2026.5397,INDCOP,DELHI,IND,,,,,COP,,,UAF,ARMED MEN,,,,,,UAF,,,1,173,173,17,4,-5.0,2,1,2,-2.49433106575964,5,"Uttar Pradesh, Uttar Pradesh, India",IN,IN36,17938,27.25,80.75,-2113996,5,"Uttar Pradesh, Uttar Pradesh, India",IN,IN36,17938,27.25,80.75,-2113996,5,"Uttar Pradesh, Uttar Pradesh, India",IN,IN36,17938,27.25,80.75,-2113996,20260717043000,https://www.prokerala.com/news/articles/a1788978.html
1314010273,20260717,202607,2026,2026.5397,INDGOV,CHHATTISGARH,IND,,,,,GOV,,,,,,,,,,,,,1,060,060,06,2,6.0,10,1,10,0.294117647058824,0,,,,,,,,0,,,,,,,,0,,,,,,,,20260717043000,https://www.prokerala.com/news/articles/a1788967.html
1314010274,20260717,202607,2026,2026.5397,IRL,IRELAND,IRL,,,,,,,,GOV,MINIST,,,,,,GOV,,,1,020,020,02,1,3.0,4,1,4,-0.56925996204933,4,"Northern Ireland, Craigavon, United Kingdom",UK,UKR8,40152,54.5,-6.5,-2604275,4,"Northern Ireland, Craigavon, United Kingdom",UK,UKR8,40152,54.5,-6.5,-2604275,4,"Northern Ireland, Craigavon, United Kingdom",UK,UKR8,40152,54.5,-6.5,-2604275,20260717043000,https://www.thenational.scot/politics/26287707.de-facto-referendum-short-cut-defeat-scottish-independence/
1314010275,20260717,202607,2026,2026.5397,IRN,IRAN,IRN,,,,,,,,,,,,,,,,,,1,012,012,01,1,-0.4,4,1,4,-6.84410646387833,4,"Bandar Abbas, Hormozgan, Iran",IR,IR11,40896,27.1865,56.2808,-3055107,0,,,,,,,,4,"Bandar Abbas, Hormozgan, Iran",IR,IR11,40896,27.1865,56.2808,-3055107,20260717043000,https://www.aljazeera.com/news/2026/7/17/iea-chief-warns-strait-of-hormuz-crisis-threatens-global-energy-security
1314010276,20260717,202607,2026,2026.5397,IRN,IRAN,IRN,,,,,,,,,,,,,,,,,,1,020,020,02,1,3.0,6,1,6,-2.65324794144557,1,United States,US,US,,39.828175,-98.5795,US,0,,,,,,,,1,United States,US,US,,39.828175,-98.5795,US,20260717043000,https://www.theamericanconservative.com/tucker-carlson-the-west-is-committing-mass-suicide/
1314010277,20260717,202607,2026,2026.5397,IRN,IRAN,IRN,,,,,,,,,,,,,,,,,,1,043,043,04,1,2.8,2,1,2,-6.84410646387833,4,"Bandar Abbas, Hormozgan, Iran",IR,IR11,40896,27.1865,56.2808,-3055107,0,,,,,,,,4,"Bandar Abbas, Hormozgan, Iran",IR,IR11,40896,27.1865,56.2808,-3055107,20260717043000,https://www.aljazeera.com/news/2026/7/17/iea-chief-warns-strait-of-hormuz-crisis-threatens-global-energy-security
1314010278,20260717,202607,2026,2026.5397,IRN,IRAN,IRN,,,,,,,,,,,,,,,,,,0,110,110,11,3,-2.0,8,1,8,-2.76073619631902,1,Iran,IR,IR,,32,53,IR,0,,,,,,,,4,"New Delhi, Delhi, India",IN,IN07,17911,28.6,77.2,-2106102,20260717043000,https://www.breitbart.com/middle-east/2026/07/16/india-tells-seafarers-to-avoid-strait-of-hormuz-after-crew-deaths/
1314010279,20260717,202607,2026,2026.5397,IRN,IRAN,IRN,,,,,,,,,,,,,,,,,,0,141,141,14,3,-6.5,2,1,2,-2.76073619631902,1,Iran,IR,IR,,32,53,IR,0,,,,,,,,4,"New Delhi, Delhi, India",IN,IN07,17911,28.6,77.2,-2106102,20260717043000,https://www.breitbart.com/middle-east/2026/07/16/india-tells-seafarers-to-avoid-strait-of-hormuz-after-crew-deaths/
1314010280,20260717,202607,2026,2026.5397,IRN,IRAN,IRN,,,,,,,,,,,,,,,,,,0,141,141,14,3,-6.5,8,1,8,-2.76073619631902,1,Iran,IR,IR,,32,53,IR,0,,,,,,,,1,Iran,IR,IR,,32,53,IR,20260717043000,https://www.breitbart.com/middle-east/2026/07/16/india-tells-seafarers-to-avoid-strait-of-hormuz-after-crew-deaths/
1314010281,20260717,202607,2026,2026.5397,IRN,IRAN,IRN,,,,,,,,CHR,CHRISTIAN,,,,CHR,,,,,0,020,020,02,1,3.0,4,1,4,-2.65324794144557,1,Iran,IR,IR,,32,53,IR,1,Iran,IR,IR,,32,53,IR,1,Iran,IR,IR,,32,53,IR,20260717043000,https://www.theamericanconservative.com/tucker-carlson-the-west-is-committing-mass-suicide/
1314010282,20260717,202607,2026,2026.5397,IRN,IRAN,IRN,,,,,,,,IGOUNOAIE,INTERNATIONAL ENERGY AGENCY,,UNO,,,,IGO,,,1,130,130,13,3,-4.4,8,1,8,-6.84410646387833,4,"Bandar Abbas, Hormozgan, Iran",IR,IR11,40896,27.1865,56.2808,-3055107,3,"Washington, District of Columbia, United States",US,USDC,DC001,38.8951,-77.0364,531871,3,"Washington, District of Columbia, United States",US,USDC,DC001,38.8951,-77.0364,531871,20260717043000,https://www.aljazeera.com/news/2026/7/17/iea-chief-warns-strait-of-hormuz-crisis-threatens-global-energy-security
1314010283,20260717,202607,2026,2026.5397,IRN,IRAN,IRN,,,,,,,,IGOUNOAIE,INTERNATIONAL ENERGY AGENCY,,UNO,,,,IGO,,,1,130,130,13,3,-4.4,2,1,2,-6.84410646387833,3,"Washington, District of Columbia, United States",US,USDC,DC001,38.8951,-77.0364,531871,3,"Washington, District of Columbia, United States",US,USDC,DC001,38.8951,-77.0364,531871,3,"Washington, District of Columbia, United States",US,USDC,DC001,38.8951,-77.0364,531871,20260717043000,https://www.aljazeera.com/news/2026/7/17/iea-chief-warns-strait-of-hormuz-crisis-threatens-global-energy-security
1314010284,20260717,202607,2026,2026.5397,IRN,IRAN,IRN,,,,,,,,IRNMIL,IRAN,IRN,,,,,MIL,,,1,111,111,11,3,-2.0,2,1,2,-4.14285714285714,4,"Bandar Abbas, Hormozgan, Iran",IR,IR11,40896,27.1865,56.2808,-3055107,4,"Bandar Abbas, Hormozgan, Iran",IR,IR11,40896,27.1865,56.2808,-3055107,4,"Bandar Abbas, Hormozgan, Iran",IR,IR11,40896,27.1865,56.2808,-3055107,20260717043000,https://www.northerndailyleader.com.au/story/9312305/iran-launches-attacks-after-sixth-day-of-us-strikes/
1314010285,20260717,202607,2026,2026.5397,IRN,IRAN,IRN,,,,,,,,IRNMIL,IRAN,IRN,,,,,MIL,,,1,111,111,11,3,-2.0,8,1,8,-4.14285714285714,4,"Bandar Abbas, Hormozgan, Iran",IR,IR11,40896,27.1865,56.2808,-3055107,4,"Bandar Abbas, Hormozgan, Iran",IR,IR11,40896,27.1865,56.2808,-3055107,1,Bahrain,BA,BA,,26,50.5,BA,20260717043000,https://www.northerndailyleader.com.au/story/9312305/iran-launches-attacks-after-sixth-day-of-us-strikes/
1314010286,20260717,202607,2026,2026.5397,IRN,IRANIAN,IRN,,,,,,,,MIL,BRIGADIER GENERAL,,,,,,MIL,,,0,012,012,01,1,-0.4,2,1,2,-4.14285714285714,1,Oman,MU,MU,,21,57,MU,4,"Kharg Island, Bushehr, Iran",IR,IR22,40962,29.2458,50.3158,-3070760,4,"Kharg Island, Bushehr, Iran",IR,IR22,40962,29.2458,50.3158,-3070760,20260717043000,https://www.northerndailyleader.com.au/story/9312305/iran-launches-attacks-after-sixth-day-of-us-strikes/
1314010287,20260717,202607,2026,2026.5397,IRN,IRANIAN,IRN,,,,,,,,MIL,BRIGADIER GENERAL,,,,,,MIL,,,0,138,138,13,3,-7.0,2,1,2,-4.14285714285714,1,Oman,MU,MU,,21,57,MU,4,"Kharg Island, Bushehr, Iran",IR,IR22,40962,29.2458,50.3158,-3070760,4,"Kharg Island, Bushehr, Iran",IR,IR22,40962,29.2458,50.3158,-3070760,20260717043000,https://www.northerndailyleader.com.au/story/9312305/iran-launches-attacks-after-sixth-day-of-us-strikes/
1314010288,20260717,202607,2026,2026.5397,IRN,IRAN,IRN,,,,,,,,MOS,ISLAMIC,,,,MOS,,,,,1,195,195,19,4,-10.0,8,1,8,-4.72103004291846,4,"Tehran, Tehran, Iran",IR,IR26,41130,35.75,51.5148,10074674,4,"Tehran, Tehran, Iran",IR,IR26,41130,35.75,51.5148,10074674,1,Kuwait,KU,KU,,29.5,47.75,KU,20260717043000,https://www.abc.net.au/news/2026-07-17/us-expands-air-strike-campaign-iran-hitting-bridges/106927378
1314010289,20260717,202607,2026,2026.5397,IRN,IRAN,IRN,,,,,,,,MOS,ISLAMIC,,,,MOS,,,,,1,195,195,19,4,-10.0,2,1,2,-4.72103004291846,4,"Tehran, Tehran, Iran",IR,IR26,41130,35.75,51.5148,10074674,1,Kuwait,KU,KU,,29.5,47.75,KU,1,Kuwait,KU,KU,,29.5,47.75,KU,20260717043000,https://www.abc.net.au/news/2026-07-17/us-expands-air-strike-campaign-iran-hitting-bridges/106927378
1314010290,20260717,202607,2026,2026.5397,IRN,IRAN,IRN,,,,,,,,USA,WASHINGTON,USA,,,,,,,,0,1123,112,11,3,-2.0,1,1,1,-5.09337860780985,4,"Tehran, Tehran, Iran",IR,IR26,41130,35.75,51.5148,10074674,4,"Tehran, Tehran, Iran",IR,IR26,41130,35.75,51.5148,10074674,4,"Tehran, Tehran, Iran",IR,IR26,41130,35.75,51.5148,10074674,20260717043000,https://www.moneycontrol.com/world/us-pounds-iran-with-fighter-jets-warships-tehran-retaliates-by-targeting-bahrain-airbase-with-arash-drones-watch-article-13976244.html
1314010291,20260717,202607,2026,2026.5397,IRN,IRAN,IRN,,,,,,,,USA,WASHINGTON,USA,,,,,,,,0,1123,112,11,3,-2.0,1,1,1,-5.09337860780985,4,"Tehran, Tehran, Iran",IR,IR26,41130,35.75,51.5148,10074674,3,"Washington, District of Columbia, United States",US,USDC,DC001,38.8951,-77.0364,531871,3,"Washington, District of Columbia, United States",US,USDC,DC001,38.8951,-77.0364,531871,20260717043000,https://www.moneycontrol.com/world/us-pounds-iran-with-fighter-jets-warships-tehran-retaliates-by-targeting-bahrain-airbase-with-arash-drones-watch-article-13976244.html
1314010292,20260717,202607,2026,2026.5397,IRN,TEHRAN,IRN,,,,,,,,USA,THE US,USA,,,,,,,,0,130,130,13,3,-4.4,8,1,8,-5.09337860780985,4,"Tehran, Tehran, Iran",IR,IR26,41130,35.75,51.5148,10074674,4,"Tehran, Tehran, Iran",IR,IR26,41130,35.75,51.5148,10074674,4,"Tehran, Tehran, Iran",IR,IR26,41130,35.75,51.5148,10074674,20260717043000,https://www.moneycontrol.com/world/us-pounds-iran-with-fighter-jets-warships-tehran-retaliates-by-targeting-bahrain-airbase-with-arash-drones-watch-article-13976244.html
1314010293,20260717,202607,2026,2026.5397,IRN,TEHRAN,IRN,,,,,,,,USA,THE US,USA,,,,,,,,0,130,130,13,3,-4.4,2,1,2,-5.09337860780985,1,Bahrain,BA,BA,,26,50.5,BA,4,"Tehran, Tehran, Iran",IR,IR26,41130,35.75,51.5148,10074674,1,Bahrain,BA,BA,,26,50.5,BA,20260717043000,https://www.moneycontrol.com/world/us-pounds-iran-with-fighter-jets-warships-tehran-retaliates-by-targeting-bahrain-airbase-with-arash-drones-watch-article-13976244.html
1314010294,20260717,202607,2026,2026.5397,IRN,IRAN,IRN,,,,,,,,USAMED,REUTERS,USA,,,,,MED,,,0,190,190,19,4,-10.0,1,1,1,-4.14285714285714,4,"Tehran, Tehran, Iran",IR,IR26,41130,35.75,51.5148,10074674,3,"Washington, District of Columbia, United States",US,USDC,DC001,38.8951,-77.0364,531871,4,"Tehran, Tehran, Iran",IR,IR26,41130,35.75,51.5148,10074674,20260717043000,https://www.northerndailyleader.com.au/story/9312305/iran-launches-attacks-after-sixth-day-of-us-strikes/
1314010295,20260717,202607,2026,2026.5397,IRN,IRAN,IRN,,,,,,,,USAMED,REUTERS,USA,,,,,MED,,,0,190,190,19,4,-10.0,1,1,1,-4.14285714285714,3,"Washington, District of Columbia, United States",US,USDC,DC001,38.8951,-77.0364,531871,4,"Red Sea, Djibouti (general), Djibouti",DJ,DJ00,25312,19,39.5,-2037160,3,"Washington, District of Columbia, United States",US,USDC,DC001,38.8951,-77.0364,531871,20260717043000,https://www.northerndailyleader.com.au/story/9312305/iran-launches-attacks-after-sixth-day-of-us-strikes/
1314010296,20260717,202607,2026,2026.5397,IRNMIL,IRAN,IRN,,,,,MIL,,,IRN,IRANIAN,IRN,,,,,,,,0,1246,124,12,3,-4.0,1,1,1,-6.84410646387833,5,"Hormozgan, Hormozgan, Iran",IR,IR11,40970,27.75,56.5,-3066740,5,"Hormozgan, Hormozgan, Iran",IR,IR11,40970,27.75,56.5,-3066740,5,"Hormozgan, Hormozgan, Iran",IR,IR11,40970,27.75,56.5,-3066740,20260717043000,https://www.aljazeera.com/news/2026/7/17/iea-chief-warns-strait-of-hormuz-crisis-threatens-global-energy-security
1314010297,20260717,202607,2026,2026.5397,IRNMIL,IRAN,IRN,,,,,MIL,,,IRN,IRANIAN,IRN,,,,,,,,0,1246,124,12,3,-4.0,1,1,1,-6.84410646387833,5,"Hormozgan, Hormozgan, Iran",IR,IR11,40970,27.75,56.5,-3066740,5,"Hormozgan, Hormozgan, Iran",IR,IR11,40970,27.75,56.5,-3066740,1,Jordan,JO,JO,,31,36,JO,20260717043000,https://www.aljazeera.com/news/2026/7/17/iea-chief-warns-strait-of-hormuz-crisis-threatens-global-energy-security
1314010298,20260717,202607,2026,2026.5397,ISR,ISRAEL,ISR,,,,,,,,,,,,,,,,,,1,162,162,16,4,-5.6,10,1,10,0.11223344556678,2,"California, United States",US,USCA,,36.17,-119.746,CA,0,,,,,,,,2,"California, United States",US,USCA,,36.17,-119.746,CA,20260717043000,https://jweekly.com/2026/07/16/most-northern-california-house-democrats-vote-to-cut-off-aid-to-israel/
1314010299,20260717,202607,2026,2026.5397,ISR,ISRAEL,ISR,,,,,,,,NOR,NORWAY,NOR,,,,,,,,1,043,043,04,1,2.8,4,1,4,-1.26689189189189,4,"Gaza, Israel (general), Israel",IS,IS00,18315,31.4167,34.3333,-797156,4,"Gaza, Israel (general), Israel",IS,IS00,18315,31.4167,34.3333,-797156,4,"Gaza, Israel (general), Israel",IS,IS00,18315,31.4167,34.3333,-797156,20260717043000,https://original.antiwar.com/solomon/2026/07/16/politicians-should-stop-hiding-behind-the-two-state-solution-fantasy/
1314010300,20260717,202607,2026,2026.5397,ISR,ISRAEL,ISR,,,,,,,,PSE,PALESTINIAN,PSE,,,,,,,,0,043,043,04,1,2.8,2,1,2,-9.1468101460415,2,"Illinois, United States",US,USIL,,40.3363,-89.0022,IL,2,"Illinois, United States",US,USIL,,40.3363,-89.0022,IL,2,"Illinois, United States",US,USIL,,40.3363,-89.0022,IL,20260717043000,https://www.accountingtoday.com/news/tax-fraud-blotter-win-some-lose-some
1314010301,20260717,202607,2026,2026.5397,ISR,ISRAEL,ISR,,,,,,,,PSE,PALESTINIAN,PSE,,,,,,,,0,043,043,04,1,2.8,2,1,2,-9.1468101460415,1,Israel,IS,IS,,31.5,34.75,IS,1,Israel,IS,IS,,31.5,34.75,IS,1,Israel,IS,IS,,31.5,34.75,IS,20260717043000,https://www.accountingtoday.com/news/tax-fraud-blotter-win-some-lose-some
1314010302,20260717,202607,2026,2026.5397,ISR,ISRAELI,ISR,,,,,,,,PSE,PALESTINIAN,PSE,,,,,,,,1,112,112,11,3,-2.0,2,1,2,-1.26689189189189,4,"Gaza, Israel (general), Israel",IS,IS00,18315,31.4167,34.3333,-797156,4,"Gaza, Israel (general), Israel",IS,IS00,18315,31.4167,34.3333,-797156,4,"Gaza, Israel (general), Israel",IS,IS00,18315,31.4167,34.3333,-797156,20260717043000,https://original.antiwar.com/solomon/2026/07/16/politicians-should-stop-hiding-behind-the-two-state-solution-fantasy/
1314010303,20260717,202607,2026,2026.5397,ISR,ISRAEL,ISR,,,,,,,,USA,AMERICAN,USA,,,,,,,,0,120,120,12,3,-4.0,8,1,8,-1.26689189189189,4,"Gaza, Israel (general), Israel",IS,IS00,18315,31.4167,34.3333,-797156,3,"Sacramento, California, United States",US,USCA,CA067,38.5816,-121.494,1659564,3,"Sacramento, California, United States",US,USCA,CA067,38.5816,-121.494,1659564,20260717043000,https://original.antiwar.com/solomon/2026/07/16/politicians-should-stop-hiding-behind-the-two-state-solution-fantasy/
1314010304,20260717,202607,2026,2026.5397,ISR,ISRAEL,ISR,,,,,,,,USA,UNITED STATES,USA,,,,,,,,0,120,120,12,3,-4.0,2,1,2,-1.26689189189189,1,Iran,IR,IR,,32,53,IR,4,"Gaza, Israel (general), Israel",IS,IS00,18315,31.4167,34.3333,-797156,1,Iran,IR,IR,,32,53,IR,20260717043000,https://original.antiwar.com/solomon/2026/07/16/politicians-should-stop-hiding-behind-the-two-state-solution-fantasy/
1314010305,20260717,202607,2026,2026.5397,ISRGOV,ISRAELI,ISR,,,,,GOV,,,PSE,PALESTINIAN,PSE,,,,,,,,1,112,112,11,3,-2.0,5,1,5,-1.26689189189189,4,"Gaza, Israel (general), Israel",IS,IS00,18315,31.4167,34.3333,-797156,4,"Gaza, Israel (general), Israel",IS,IS00,18315,31.4167,34.3333,-797156,4,"Gaza, Israel (general), Israel",IS,IS00,18315,31.4167,34.3333,-797156,20260717043000,https://original.antiwar.com/solomon/2026/07/16/politicians-should-stop-hiding-behind-the-two-state-solution-fantasy/
1314010306,20260717,202607,2026,2026.5397,ITA,ITALIAN,ITA,,,,,,,,,,,,,,,,,,0,040,040,04,1,1.0,5,1,5,1.27077223851417,4,"Milan, Lombardia, Italy",IT,IT09,18363,45.4667,9.2,-121726,0,,,,,,,,4,"Milan, Lombardia, Italy",IT,IT09,18363,45.4667,9.2,-121726,20260717043000,https://www.thetimes.com/travel/destinations/europe-travel/italy/milan/i-went-to-milan-to-improve-my-italian-this-is-what-i-learnt-lhx5drlhb
1314010307,20260717,202607,2026,2026.5397,ITA,ITALY,ITA,,,,,,,,GBR,UNITED KINGDOM,GBR,,,,,,,,0,043,043,04,1,2.8,5,1,5,1.27077223851417,4,"Milan, Lombardia, Italy",IT,IT09,18363,45.4667,9.2,-121726,4,"London, London, City of, United Kingdom",UK,UKH9,40110,51.5,-0.116667,-2601889,4,"Milan, Lombardia, Italy",IT,IT09,18363,45.4667,9.2,-121726,20260717043000,https://www.thetimes.com/travel/destinations/europe-travel/italy/milan/i-went-to-milan-to-improve-my-italian-this-is-what-i-learnt-lhx5drlhb
1314010308,20260717,202607,2026,2026.5397,ITA,ITALY,ITA,,,,,,,,USA,UNITED STATES,USA,,,,,,,,1,020,020,02,1,3.0,2,1,2,-1.71526586620926,1,India,IN,IN,,20,77,IN,1,India,IN,IN,,20,77,IN,1,India,IN,IN,,20,77,IN,20260717043000,https://www.thedailybeast.com/barack-obama-takes-shot-at-jd-vance-over-marriage-hypocrisy/
1314010309,20260717,202607,2026,2026.5397,JOR,JORDAN,JOR,,,,,,,,,,,,,,,,,,1,010,010,01,1,0.0,10,1,10,-3.6,0,,,,,,,,0,,,,,,,,0,,,,,,,,20260717043000,https://www.southwalesargus.co.uk/news/26275210.inquest-opened-man-27-found-dead-home-tredegar/
1314010310,20260717,202607,2026,2026.5397,JOR,JORDAN,JOR,,,,,,,,,,,,,,,,,,1,042,042,04,1,1.9,10,1,10,-3.6,0,,,,,,,,0,,,,,,,,0,,,,,,,,20260717043000,https://www.southwalesargus.co.uk/news/26275210.inquest-opened-man-27-found-dead-home-tredegar/
1314010311,20260717,202607,2026,2026.5397,JOR,JORDAN,JOR,,,,,,,,IRN,IRAN,IRN,,,,,,,,0,190,190,19,4,-10.0,2,1,2,-6.84410646387833,1,Jordan,JO,JO,,31,36,JO,1,Jordan,JO,JO,,31,36,JO,3,"Washington, District of Columbia, United States",US,USDC,DC001,38.8951,-77.0364,531871,20260717043000,https://www.aljazeera.com/news/2026/7/17/iea-chief-warns-strait-of-hormuz-crisis-threatens-global-energy-security
1314010312,20260717,202607,2026,2026.5397,JOR,JORDAN,JOR,,,,,,,,USA,UNITED STATES,USA,,,,,,,,0,020,020,02,1,3.0,2,1,2,-1.80436847103514,1,Jordan,JO,JO,,31,36,JO,3,"Biddeford, Maine, United States",US,USME,ME031,43.4926,-70.4534,562119,3,"Biddeford, Maine, United States",US,USME,ME031,43.4926,-70.4534,562119,20260717043000,https://www.pressherald.com/2026/07/16/senate-candidates-make-their-case-to-replace-graham-platner-in-first-debate/
1314010313,20260717,202607,2026,2026.5397,JOR,JORDAN,JOR,,,,,,,,USA,UNITED STATES,USA,,,,,,,,0,020,020,02,1,3.0,2,1,2,-1.80436847103514,1,Jordan,JO,JO,,31,36,JO,3,"Biddeford, Maine, United States",US,USME,ME031,43.4926,-70.4534,562119,2,"Maine, United States",US,USME,,44.6074,-69.3977,ME,20260717043000,https://www.pressherald.com/2026/07/16/senate-candidates-make-their-case-to-replace-graham-platner-in-first-debate/
1314010314,20260717,202607,2026,2026.5397,JOR,JORDAN,JOR,,,,,,,,USA,UNITED STATES,USA,,,,,,,,1,020,020,02,1,3.0,1,1,1,-1.80436847103514,1,Jordan,JO,JO,,31,36,JO,1,Jordan,JO,JO,,31,36,JO,1,Jordan,JO,JO,,31,36,JO,20260717043000,https://www.pressherald.com/2026/07/16/senate-candidates-make-their-case-to-replace-graham-platner-in-first-debate/
1314010315,20260717,202607,2026,2026.5397,JOR,JORDAN,JOR,,,,,,,,USA,UNITED STATES,USA,,,,,,,,0,020,020,02,1,3.0,6,1,4,-1.80436847103514,1,Jordan,JO,JO,,31,36,JO,2,"Maine, United States",US,USME,,44.6074,-69.3977,ME,1,Jordan,JO,JO,,31,36,JO,20260717043000,https://www.pressherald.com/2026/07/16/senate-candidates-make-their-case-to-replace-graham-platner-in-first-debate/
1314010316,20260717,202607,2026,2026.5397,JOR,JORDAN,JOR,,,,,,,,USA,UNITED STATES,USA,,,,,,,,1,020,020,02,1,3.0,5,1,2,-1.80436847103514,1,Jordan,JO,JO,,31,36,JO,2,"Maine, United States",US,USME,,44.6074,-69.3977,ME,2,"Maine, United States",US,USME,,44.6074,-69.3977,ME,20260717043000,https://www.pressherald.com/2026/07/16/senate-candidates-make-their-case-to-replace-graham-platner-in-first-debate/
1314010317,20260717,202607,2026,2026.5397,JOR,JORDAN,JOR,,,,,,,,USA,UNITED STATES,USA,,,,,,,,0,020,020,02,1,3.0,2,1,2,-1.80436847103514,2,"Maine, United States",US,USME,,44.6074,-69.3977,ME,2,"Maine, United States",US,USME,,44.6074,-69.3977,ME,2,"Maine, United States",US,USME,,44.6074,-69.3977,ME,20260717043000,https://www.pressherald.com/2026/07/16/senate-candidates-make-their-case-to-replace-graham-platner-in-first-debate/
1314010318,20260717,202607,2026,2026.5397,JOR,JORDAN,JOR,,,,,,,,USA,MAINE,USA,,,,,,,,1,040,040,04,1,1.0,4,1,3,-1.80436847103514,1,Jordan,JO,JO,,31,36,JO,1,Jordan,JO,JO,,31,36,JO,1,Jordan,JO,JO,,31,36,JO,20260717043000,https://www.pressherald.com/2026/07/16/senate-candidates-make-their-case-to-replace-graham-platner-in-first-debate/
1314010319,20260717,202607,2026,2026.5397,JOR,JORDAN,JOR,,,,,,,,USA,MAINE,USA,,,,,,,,1,040,040,04,1,1.0,10,1,4,-1.80436847103514,1,Jordan,JO,JO,,31,36,JO,2,"Maine, United States",US,USME,,44.6074,-69.3977,ME,2,"Maine, United States",US,USME,,44.6074,-69.3977,ME,20260717043000,https://www.pressherald.com/2026/07/16/senate-candidates-make-their-case-to-replace-graham-platner-in-first-debate/
1314010320,20260717,202607,2026,2026.5397,JOR,JORDAN,JOR,,,,,,,,USA,MAINE,USA,,,,,,,,0,110,110,11,3,-2.0,2,1,2,-1.80436847103514,1,Jordan,JO,JO,,31,36,JO,1,Jordan,JO,JO,,31,36,JO,1,Jordan,JO,JO,,31,36,JO,20260717043000,https://www.pressherald.com/2026/07/16/senate-candidates-make-their-case-to-replace-graham-platner-in-first-debate/
1314010321,20260717,202607,2026,2026.5397,JOR,JORDAN,JOR,,,,,,,,USA,MAINE,USA,,,,,,,,1,110,110,11,3,-2.0,10,1,4,-1.80436847103514,1,Jordan,JO,JO,,31,36,JO,2,"Maine, United States",US,USME,,44.6074,-69.3977,ME,1,Jordan,JO,JO,,31,36,JO,20260717043000,https://www.pressherald.com/2026/07/16/senate-candidates-make-their-case-to-replace-graham-platner-in-first-debate/
1314010322,20260717,202607,2026,2026.5397,JOR,JORDAN,JOR,,,,,,,,USALEG,MAINE,USA,,,,,LEG,,,0,020,020,02,1,3.0,6,1,6,-1.80436847103514,1,Jordan,JO,JO,,31,36,JO,2,"Maine, United States",US,USME,,44.6074,-69.3977,ME,1,Jordan,JO,JO,,31,36,JO,20260717043000,https://www.pressherald.com/2026/07/16/senate-candidates-make-their-case-to-replace-graham-platner-in-first-debate/
1314010323,20260717,202607,2026,2026.5397,JORELI,HASSAN,JOR,,,,,ELI,,,,,,,,,,,,,1,020,020,02,1,3.0,10,1,10,-2.57731958762886,0,,,,,,,,0,,,,,,,,0,,,,,,,,20260717043000,https://www.theborneopost.com/2026/07/17/coroners-court-observes-minute-of-silence-on-first-anniversary-of-zaras-death/
1314010324,20260717,202607,2026,2026.5397,JORELI,HASSAN,JOR,,,,,ELI,,,QATMED,AL JAZEERA,QAT,,,,,MED,,,0,013,013,01,1,0.4,3,1,3,0.27027027027027,1,Nigeria,NI,NI,,10,8,NI,1,Nigeria,NI,NI,,10,8,NI,1,Nigeria,NI,NI,,10,8,NI,20260717043000,https://www.aljazeera.com/economy/2026/7/17/how-three-ivorian-firms-are-competing-with-global-brands
1314010325,20260717,202607,2026,2026.5397,JORLEG,JORDAN,JOR,,,,,LEG,,,USA,UNITED STATES,USA,,,,,,,,1,020,020,02,1,3.0,1,1,1,-1.80436847103514,1,Jordan,JO,JO,,31,36,JO,1,Jordan,JO,JO,,31,36,JO,1,Jordan,JO,JO,,31,36,JO,20260717043000,https://www.pressherald.com/2026/07/16/senate-candidates-make-their-case-to-replace-graham-platner-in-first-debate/
1314010326,20260717,202607,2026,2026.5397,JORLEG,JORDAN,JOR,,,,,LEG,,,USA,UNITED STATES,USA,,,,,,,,1,020,020,02,1,3.0,1,1,1,-1.80436847103514,1,Jordan,JO,JO,,31,36,JO,2,"Maine, United States",US,USME,,44.6074,-69.3977,ME,2,"Maine, United States",US,USME,,44.6074,-69.3977,ME,20260717043000,https://www.pressherald.com/2026/07/16/senate-candidates-make-their-case-to-replace-graham-platner-in-first-debate/
1314010327,20260717,202607,2026,2026.5397,JPN,JAPAN,JPN,,,,,,,,CVL,CITIZEN,,,,,,CVL,,,1,190,190,19,4,-10.0,5,1,5,-1.78571428571429,1,Japan,JA,JA,,36,138,JA,1,Japan,JA,JA,,36,138,JA,1,Japan,JA,JA,,36,138,JA,20260717043000,https://www.asahi.com/ajw/articles/16734121
1314010328,20260717,202607,2026,2026.5397,JUD,COUNSELLOR,,,,,,JUD,,,,,,,,,,,,,0,010,010,01,1,0.0,10,1,10,2.0746887966805,4,"Torres Strait, , Australia",AS,AS00,154697,-10.4167,142.167,-1605416,0,,,,,,,,4,"Torres Strait, , Australia",AS,AS00,154697,-10.4167,142.167,-1605416,20260717043000,https://theconversation.com/how-to-ensure-aboriginal-and-torres-strait-islander-peoples-benefit-from-newborn-dna-screening-285364
1314010329,20260717,202607,2026,2026.5397,JUD,JUDGE,,,,,,JUD,,,,,,,,,,,,,0,010,010,01,1,0.0,3,1,3,-7.48407643312102,1,Trinidad And Tobago,TD,TD,,11,-61,TD,0,,,,,,,,1,Trinidad And Tobago,TD,TD,,11,-61,TD,20260717043000,https://www.fox4news.com/news/multiple-trinidad-officials-resign-after-being-named-lawsuits-following-water-controversy
1314010330,20260717,202607,2026,2026.5397,JUD,SUPREME COURT,,,,,,JUD,,,,,,,,,,,,,0,173,173,17,4,-5.0,5,1,5,-13.0630630630631,4,"Bhopal, Madhya Pradesh, India",IN,IN35,17746,23.2667,77.4,-2091670,0,,,,,,,,4,"Bhopal, Madhya Pradesh, India",IN,IN35,17746,23.2667,77.4,-2091670,20260717043000,https://www.freepressjournal.in/bhopal/jail-death-row-inmates-in-madhya-pradesh-drop-to-31-from-48-in-eight-years
1314010331,20260717,202607,2026,2026.5397,JUD,SUPREME COURT,,,,,,JUD,,,,,,,,,,,,,0,173,173,17,4,-5.0,5,1,5,-13.0630630630631,4,"Indore, Madhya Pradesh, India",IN,IN35,17729,22.7167,75.8333,-2097803,0,,,,,,,,4,"Indore, Madhya Pradesh, India",IN,IN35,17729,22.7167,75.8333,-2097803,20260717043000,https://www.freepressjournal.in/bhopal/jail-death-row-inmates-in-madhya-pradesh-drop-to-31-from-48-in-eight-years
1314010332,20260717,202607,2026,2026.5397,JUD,HIGH COURT,,,,,,JUD,,,,,,,,,,,,,1,173,173,17,4,-5.0,10,1,10,-10.8303249097473,5,"Aberdeenshire, Aberdeenshire, United Kingdom",UK,UKT6,40171,57.1667,-2.66667,-2587759,0,,,,,,,,5,"Aberdeenshire, Aberdeenshire, United Kingdom",UK,UKT6,40171,57.1667,-2.66667,-2587759,20260717043000,https://www.lbc.co.uk/article/mother-guilty-of-killing-three-month-old-daughter-using-hairdryer-5Hjddj8_2/
1314010333,20260717,202607,2026,2026.5397,JUD,BARRISTER,,,,,,JUD,,,,,,,,,,,,,0,1821,182,18,4,-9.0,10,1,10,-6.19266055045871,0,,,,,,,,0,,,,,,,,0,,,,,,,,20260717043000,https://www.oxfordmail.co.uk/news/26287138.didcot---man-rape-trial-in-shock-learning-charges/
1314010334,20260717,202607,2026,2026.5397,JUD,PROSECUTOR,,,,,,JUD,,,CRM,CRIMINAL,,,,,,CRM,,,0,120,120,12,3,-4.0,6,1,6,-17.0940170940171,3,"Miami, Florida, United States",US,USFL,FL086,25.7743,-80.1937,295004,3,"Miami, Florida, United States",US,USFL,FL086,25.7743,-80.1937,295004,3,"Miami, Florida, United States",US,USFL,FL086,25.7743,-80.1937,295004,20260717043000,https://www.hot97.com/news/travis-scott-named-in-lawsuit-alleging-he-assaulted-yacht-crew/
1314010335,20260717,202607,2026,2026.5397,JUD,PROSECUTOR,,,,,,JUD,,,CRM,CRIMINAL,,,,,,CRM,,,0,120,120,12,3,-4.0,4,1,4,-17.0940170940171,2,"Florida, United States",US,USFL,,27.8333,-81.717,FL,2,"Florida, United States",US,USFL,,27.8333,-81.717,FL,2,"Florida, United States",US,USFL,,27.8333,-81.717,FL,20260717043000,https://www.hot97.com/news/travis-scott-named-in-lawsuit-alleging-he-assaulted-yacht-crew/
1314010336,20260717,202607,2026,2026.5397,JUD,PROSECUTOR,,,,,,JUD,,,GBR,CARDIFF,GBR,,,,,,,,1,040,040,04,1,1.0,5,1,5,-3.93939393939394,0,,,,,,,,0,,,,,,,,0,,,,,,,,20260717043000,https://www.southwalesargus.co.uk/news/26286830.bargoed-drug-dealer-sold-cocaine-dirty-cash/
1314010337,20260717,202607,2026,2026.5397,JUD,JUDGE,,,,,,JUD,,,NGA,NIGERIA,NGA,,,,,,,,0,020,020,02,1,3.0,2,1,2,-1.14613180515759,4,"Abuja, Abuja Federal Capital Territory, Nigeria",NI,NI11,191147,9.08333,7.53333,-1997013,4,"Abuja, Abuja Federal Capital Territory, Nigeria",NI,NI11,191147,9.08333,7.53333,-1997013,4,"Abuja, Abuja Federal Capital Territory, Nigeria",NI,NI11,191147,9.08333,7.53333,-1997013,20260717043000,https://www.premiumtimesng.com/news/top-news/896056-appeal-court-voids-key-electoral-act-provisions-on-parties-primary-election-membership-register.html
1314010338,20260717,202607,2026,2026.5397,JUD,JUDGE,,,,,,JUD,,,NGA,NIGERIA,NGA,,,,,,,,0,110,110,11,3,-2.0,2,1,2,-1.14613180515759,4,"Abuja, Abuja Federal Capital Territory, Nigeria",NI,NI11,191147,9.08333,7.53333,-1997013,4,"Abuja, Abuja Federal Capital Territory, Nigeria",NI,NI11,191147,9.08333,7.53333,-1997013,4,"Abuja, Abuja Federal Capital Territory, Nigeria",NI,NI11,191147,9.08333,7.53333,-1997013,20260717043000,https://www.premiumtimesng.com/news/top-news/896056-appeal-court-voids-key-electoral-act-provisions-on-parties-primary-election-membership-register.html
1314010339,20260717,202607,2026,2026.5397,JUD,JUDGE,,,,,,JUD,,,NGAJUD,ABUJA,NGA,,,,,JUD,,,0,020,020,02,1,3.0,6,1,6,-1.14613180515759,4,"Abuja, Abuja Federal Capital Territory, Nigeria",NI,NI11,191147,9.08333,7.53333,-1997013,4,"Abuja, Abuja Federal Capital Territory, Nigeria",NI,NI11,191147,9.08333,7.53333,-1997013,4,"Abuja, Abuja Federal Capital Territory, Nigeria",NI,NI11,191147,9.08333,7.53333,-1997013,20260717043000,https://www.premiumtimesng.com/news/top-news/896056-appeal-court-voids-key-electoral-act-provisions-on-parties-primary-election-membership-register.html
1314010340,20260717,202607,2026,2026.5397,JUD,JUDGE,,,,,,JUD,,,NGAJUD,ABUJA,NGA,,,,,JUD,,,0,110,110,11,3,-2.0,6,1,6,-1.14613180515759,4,"Abuja, Abuja Federal Capital Territory, Nigeria",NI,NI11,191147,9.08333,7.53333,-1997013,4,"Abuja, Abuja Federal Capital Territory, Nigeria",NI,NI11,191147,9.08333,7.53333,-1997013,4,"Abuja, Abuja Federal Capital Territory, Nigeria",NI,NI11,191147,9.08333,7.53333,-1997013,20260717043000,https://www.premiumtimesng.com/news/top-news/896056-appeal-court-voids-key-electoral-act-provisions-on-parties-primary-election-membership-register.html
1314010341,20260717,202607,2026,2026.5397,JUD,SUPERIOR COURT,,,,,,JUD,,,USA,CALIF,USA,,,,,,,,1,016,016,01,1,-2.0,5,1,5,-4.25170068027211,0,,,,,,,,0,,,,,,,,0,,,,,,,,20260717043000,https://krcrtv.com/news/local/bradley-sayer-pleads-not-guilty-in-chico-library-shooting-case-that-left-2-dead
1314010342,20260717,202607,2026,2026.5397,JUD,LAWYER,,,,,,JUD,,,USA,LOS ANGELES,USA,,,,,,,,1,020,020,02,1,3.0,1,1,1,-4.64037122969837,3,"Los Angeles County, California, United States",US,USCA,CA037,34.3667,-118.201,277283,3,"Los Angeles County, California, United States",US,USCA,,34.3667,-118.201,277283,3,"Los Angeles County, California, United States",US,USCA,,34.3667,-118.201,277283,20260717043000,https://www.canadianlawyermag.com/news/international/youtube-meta-challenge-jury-on-social-media-addiction-verdict/394374
1314010343,20260717,202607,2026,2026.5397,JUD,LAWYER,,,,,,JUD,,,USA,LOS ANGELES,USA,,,,,,,,1,042,042,04,1,1.9,1,1,1,-4.64037122969837,1,Canada,CA,CA,,60,-96,CA,1,Canada,CA,CA,,60,-96,CA,1,Canada,CA,CA,,60,-96,CA,20260717043000,https://www.canadianlawyermag.com/news/international/youtube-meta-challenge-jury-on-social-media-addiction-verdict/394374
1314010344,20260717,202607,2026,2026.5397,JUD,SUPERIOR COURT,,,,,,JUD,,,USA,CALIF,USA,,,,,,,,1,112,112,11,3,-2.0,5,1,5,-4.25170068027211,0,,,,,,,,0,,,,,,,,0,,,,,,,,20260717043000,https://krcrtv.com/news/local/bradley-sayer-pleads-not-guilty-in-chico-library-shooting-case-that-left-2-dead
1314010345,20260717,202607,2026,2026.5397,JUD,SUPERIOR COURT,,,,,,JUD,,,USA,CALIF,USA,,,,,,,,1,193,193,19,4,-10.0,5,1,5,-4.25170068027211,0,,,,,,,,0,,,,,,,,0,,,,,,,,20260717043000,https://krcrtv.com/news/local/bradley-sayer-pleads-not-guilty-in-chico-library-shooting-case-that-left-2-dead
1314010346,20260717,202607,2026,2026.5397,JUD,LAWYER,,,,,,JUD,,,USAJUD,UNITED STATES,USA,,,,,JUD,,,1,020,020,02,1,3.0,2,1,2,-4.64037122969837,3,"Los Angeles County, California, United States",US,USCA,CA037,34.3667,-118.201,277283,3,"Los Angeles County, California, United States",US,USCA,,34.3667,-118.201,277283,3,"Los Angeles County, California, United States",US,USCA,,34.3667,-118.201,277283,20260717043000,https://www.canadianlawyermag.com/news/international/youtube-meta-challenge-jury-on-social-media-addiction-verdict/394374
1314010347,20260717,202607,2026,2026.5397,JUD,LAWYER,,,,,,JUD,,,USAJUD,UNITED STATES,USA,,,,,JUD,,,1,042,042,04,1,1.9,2,1,2,-4.64037122969837,1,Canada,CA,CA,,60,-96,CA,1,Canada,CA,CA,,60,-96,CA,1,Canada,CA,CA,,60,-96,CA,20260717043000,https://www.canadianlawyermag.com/news/international/youtube-meta-challenge-jury-on-social-media-addiction-verdict/394374
1314010348,20260717,202607,2026,2026.5397,KEN,MOMBASA,KEN,,,,,,,,BUS,SUPERTANKER,,,,,,BUS,,,1,190,190,19,4,-10.0,3,1,3,-2.76073619631902,1,Iran,IR,IR,,32,53,IR,1,Iran,IR,IR,,32,53,IR,1,Iran,IR,IR,,32,53,IR,20260717043000,https://www.breitbart.com/middle-east/2026/07/16/india-tells-seafarers-to-avoid-strait-of-hormuz-after-crew-deaths/
1314010349,20260717,202607,2026,2026.5397,KEN,MOMBASA,KEN,,,,,,,,BUS,COMPANY,,,,,,BUS,,,1,190,190,19,4,-10.0,1,1,1,-2.76073619631902,1,Iran,IR,IR,,32,53,IR,1,Iran,IR,IR,,32,53,IR,1,Oman,MU,MU,,21,57,MU,20260717043000,https://www.breitbart.com/middle-east/2026/07/16/india-tells-seafarers-to-avoid-strait-of-hormuz-after-crew-deaths/
1314010350,20260717,202607,2026,2026.5397,KEN,MOMBASA,KEN,,,,,,,,BUS,COMPANY,,,,,,BUS,,,1,190,190,19,4,-10.0,4,1,4,-2.76073619631902,1,Iran,IR,IR,,32,53,IR,1,Oman,MU,MU,,21,57,MU,1,Iran,IR,IR,,32,53,IR,20260717043000,https://www.breitbart.com/middle-east/2026/07/16/india-tells-seafarers-to-avoid-strait-of-hormuz-after-crew-deaths/
1314010351,20260717,202607,2026,2026.5397,KEN,NAIROBI,KEN,,,,,,,,CRM,DEALER,,,,,,CRM,,,0,010,010,01,1,0.0,2,1,2,2.51256281407035,4,"Nairobi, Nairobi Area, Kenya",KE,KE05,18585,-1.28333,36.8167,-2258072,4,"Nairobi, Nairobi Area, Kenya",KE,KE05,18585,-1.28333,36.8167,-2258072,4,"Nairobi, Nairobi Area, Kenya",KE,KE05,18585,-1.28333,36.8167,-2258072,20260717043000,https://africasacountry.com/2026/07/from-colonial-storage-to-open-access
1314010352,20260717,202607,2026,2026.5397,KEN,MOMBASA,KEN,,,,,,,,IRN,IRAN,IRN,,,,,,,,1,190,190,19,4,-10.0,1,1,1,-2.76073619631902,1,Iran,IR,IR,,32,53,IR,1,Iran,IR,IR,,32,53,IR,1,Iran,IR,IR,,32,53,IR,20260717043000,https://www.breitbart.com/middle-east/2026/07/16/india-tells-seafarers-to-avoid-strait-of-hormuz-after-crew-deaths/
1314010353,20260717,202607,2026,2026.5397,KEN,MOMBASA,KEN,,,,,,,,IRN,IRAN,IRN,,,,,,,,1,190,190,19,4,-10.0,1,1,1,-2.76073619631902,1,Iran,IR,IR,,32,53,IR,1,Iran,IR,IR,,32,53,IR,1,Oman,MU,MU,,21,57,MU,20260717043000,https://www.breitbart.com/middle-east/2026/07/16/india-tells-seafarers-to-avoid-strait-of-hormuz-after-crew-deaths/
1314010354,20260717,202607,2026,2026.5397,KOR,SOUTH KOREAN,KOR,,,,,,,,BUS,HOLDING COMPANY,,,,,,BUS,,,1,020,020,02,1,3.0,4,1,4,1.81818181818182,1,South Korea,KS,KS,,37,127.5,KS,1,South Korea,KS,KS,,37,127.5,KS,1,South Korea,KS,KS,,37,127.5,KS,20260717043000,https://www.digitimes.com/news/a20260716VL224/sk-hynix-investment-government-fab-subsidiary.html
1314010355,20260717,202607,2026,2026.5397,KOR,SOUTH KOREAN,KOR,,,,,,,,BUS,HOLDING COMPANY,,,,,,BUS,,,1,071,071,07,2,7.4,4,1,4,1.81818181818182,1,South Korea,KS,KS,,37,127.5,KS,1,South Korea,KS,KS,,37,127.5,KS,1,South Korea,KS,KS,,37,127.5,KS,20260717043000,https://www.digitimes.com/news/a20260716VL224/sk-hynix-investment-government-fab-subsidiary.html
1314010356,20260717,202607,2026,2026.5397,KORLEG,SOUTH KOREAN,KOR,,,,,LEG,,,BUS,HOLDING COMPANY,,,,,,BUS,,,1,020,020,02,1,3.0,3,1,3,1.81818181818182,1,South Korea,KS,KS,,37,127.5,KS,1,South Korea,KS,KS,,37,127.5,KS,1,South Korea,KS,KS,,37,127.5,KS,20260717043000,https://www.digitimes.com/news/a20260716VL224/sk-hynix-investment-government-fab-subsidiary.html
1314010357,20260717,202607,2026,2026.5397,KORLEG,SOUTH KOREAN,KOR,,,,,LEG,,,BUS,HOLDING COMPANY,,,,,,BUS,,,1,071,071,07,2,7.4,6,1,6,1.81818181818182,1,South Korea,KS,KS,,37,127.5,KS,1,South Korea,KS,KS,,37,127.5,KS,1,South Korea,KS,KS,,37,127.5,KS,20260717043000,https://www.digitimes.com/news/a20260716VL224/sk-hynix-investment-government-fab-subsidiary.html
1314010358,20260717,202607,2026,2026.5397,LAB,EMPLOYEE,,,,,,LAB,,,,,,,,,,,,,1,043,043,04,1,2.8,5,1,5,3.20512820512821,2,"Mississippi, United States",US,USMS,,32.7673,-89.6812,MS,0,,,,,,,,2,"Mississippi, United States",US,USMS,,32.7673,-89.6812,MS,20260717043000,https://www.wxxv25.com/mdot-roadeo-showcases-equipment-operators-skills-in-gulfport/
1314010359,20260717,202607,2026,2026.5397,LAB,STAFF MEMBER,,,,,,LAB,,,,,,,,,,,,,0,050,050,05,1,3.5,2,1,2,-1.1208967173739,3,"Santa Cruz County, California, United States",US,USCA,CA087,37.0666,-122.051,277308,0,,,,,,,,3,"Pajaro Valley, California, United States",US,USCA,,36.8605,-121.809,230243,20260717043000,https://www.santacruzsentinel.com/2026/07/16/pajaro-valley-school-board-extends-school-resource-officer-contracts/
1314010360,20260717,202607,2026,2026.5397,LAB,STAFF MEMBER,,,,,,LAB,,,,,,,,,,,,,0,050,050,05,1,3.5,8,1,8,-1.1208967173739,3,"Santa Cruz County, California, United States",US,USCA,CA087,37.0666,-122.051,277308,0,,,,,,,,3,"Santa Cruz County, California, United States",US,USCA,,37.0666,-122.051,277308,20260717043000,https://www.santacruzsentinel.com/2026/07/16/pajaro-valley-school-board-extends-school-resource-officer-contracts/
1314010361,20260717,202607,2026,2026.5397,LAB,STAFF MEMBER,,,,,,LAB,,,,,,,,,,,,,0,110,110,11,3,-2.0,2,1,2,-1.1208967173739,3,"Santa Cruz County, California, United States",US,USCA,CA087,37.0666,-122.051,277308,0,,,,,,,,3,"Pajaro Valley, California, United States",US,USCA,,36.8605,-121.809,230243,20260717043000,https://www.santacruzsentinel.com/2026/07/16/pajaro-valley-school-board-extends-school-resource-officer-contracts/
1314010362,20260717,202607,2026,2026.5397,LAB,STAFF MEMBER,,,,,,LAB,,,,,,,,,,,,,0,110,110,11,3,-2.0,8,1,8,-1.1208967173739,3,"Santa Cruz County, California, United States",US,USCA,CA087,37.0666,-122.051,277308,0,,,,,,,,3,"Santa Cruz County, California, United States",US,USCA,,37.0666,-122.051,277308,20260717043000,https://www.santacruzsentinel.com/2026/07/16/pajaro-valley-school-board-extends-school-resource-officer-contracts/
1314010363,20260717,202607,2026,2026.5397,LAO,LAOS,LAO,,,,,,,,CVL,TOURIST,,,,,,CVL,,,0,090,090,09,2,-2.0,2,1,2,-4.12844036697247,4,"Vang Vieng, Viangchan, Laos",LA,LA27,74338,18.9333,102.45,-2666441,1,Denmark,DA,DA,,56,10,DA,4,"Vang Vieng, Viangchan, Laos",LA,LA27,74338,18.9333,102.45,-2666441,20260717043000,https://www.dailymail.com/news/article-15983957/laos-methanol-poisoning-penalty-melbourne-holly-bianca.html
1314010364,20260717,202607,2026,2026.5397,LAO,LAOS,LAO,,,,,,,,CVL,TOURIST,,,,,,CVL,,,0,090,090,09,2,-2.0,4,1,4,-4.12844036697247,4,"Vientiane, (LA11), Laos",LA,LA11,27147,17.9667,102.6,-2669740,4,"Vientiane, (LA11), Laos",LA,LA11,27147,17.9667,102.6,-2669740,4,"Vientiane, (LA11), Laos",LA,LA11,27147,17.9667,102.6,-2669740,20260717043000,https://www.dailymail.com/news/article-15983957/laos-methanol-poisoning-penalty-melbourne-holly-bianca.html
1314010365,20260717,202607,2026,2026.5397,LAO,LAOS,LAO,,,,,,,,DNKCVL,DENMARK,DNK,,,,,CVL,,,0,090,090,09,2,-2.0,2,1,2,-4.12844036697247,4,"Vang Vieng, Viangchan, Laos",LA,LA27,74338,18.9333,102.45,-2666441,1,Denmark,DA,DA,,56,10,DA,4,"Vang Vieng, Viangchan, Laos",LA,LA27,74338,18.9333,102.45,-2666441,20260717043000,https://www.dailymail.com/news/article-15983957/laos-methanol-poisoning-penalty-melbourne-holly-bianca.html
1314010366,20260717,202607,2026,2026.5397,LEG,SENATOR,,,,,,LEG,,,,,,,,,,,,,1,020,020,02,1,3.0,10,1,10,1.21212121212121,1,Russia,RS,RS,,60,100,RS,0,,,,,,,,1,India,IN,IN,,20,77,IN,20260717043000,https://www.hindustantimes.com/india-news/60-us-senators-back-new-bill-proposing-100-tariffs-on-india-for-buying-russian-oil-101784261547349.html
1314010367,20260717,202607,2026,2026.5397,LEG,REPRESENTATIVES,,,,,,LEG,,,,,,,,,,,,,1,041,041,04,1,1.0,10,1,10,-6.09756097560976,0,,,,,,,,0,,,,,,,,0,,,,,,,,20260717043000,https://macaudailytimes.com.mo/dicj-casinos-discuss-measures-to-curb-illegal-phone-betting.html
1314010368,20260717,202607,2026,2026.5397,LEG,SENATOR,,,,,,LEG,,,CHN,CHINA,CHN,,,,,,,,0,111,111,11,3,-2.0,36,6,36,-4.76190476190476,1,China,CH,CH,,35,105,CH,1,China,CH,CH,,35,105,CH,1,China,CH,CH,,35,105,CH,20260717043000,https://www.falmouthpacket.co.uk/news/national/26287849.trump-alleges-meddling-china-deep-state-cover-up-2020-election/
1314010369,20260717,202607,2026,2026.5397,LEG,LAWMAKER,,,,,,LEG,,,GOV,GOVERNMENT,,,,,,GOV,,,1,020,020,02,1,3.0,10,1,10,-3,4,"Cotai, Macau (general), Macau",MC,MC00,13031,22.1392,113.557,9271843,4,"Cotai, Macau (general), Macau",MC,MC00,13031,22.1392,113.557,9271843,4,"Cotai, Macau (general), Macau",MC,MC00,13031,22.1392,113.557,9271843,20260717043000,https://macaudailytimes.com.mo/friday-july-17-2026-edition-no-4994.html
1314010370,20260717,202607,2026,2026.5397,LEG,LEGISLATIVE ASSEMBLY,,,,,,LEG,,,GOV,DEPUTY PRIME MINISTER,,,,,,GOV,,,0,042,042,04,1,1.9,10,1,10,2.37580993520519,0,,,,,,,,0,,,,,,,,0,,,,,,,,20260717043000,https://www.theborneopost.com/2026/07/17/ethical-journalists-remain-irreplaceable-despite-ai-advances-says-abdullah-saidol/
1314010371,20260717,202607,2026,2026.5397,LEG,SENATE,,,,,,LEG,,,ISR,ISRAEL,ISR,,,,,,,,1,051,051,05,1,3.4,4,1,4,-1.26689189189189,4,"Gaza, Israel (general), Israel",IS,IS00,18315,31.4167,34.3333,-797156,4,"Gaza, Israel (general), Israel",IS,IS00,18315,31.4167,34.3333,-797156,4,"Oslo, Oslo, Norway",NO,NO12,23413,59.9167,10.75,-273837,20260717043000,https://original.antiwar.com/solomon/2026/07/16/politicians-should-stop-hiding-behind-the-two-state-solution-fantasy/
1314010372,20260717,202607,2026,2026.5397,LEG,CONGRESS,,,,,,LEG,,,JUD,ADVOCATE,,,,,,JUD,,,0,010,010,01,1,0.0,4,1,4,0.11223344556678,3,"San Francisco, California, United States",US,USCA,CA075,37.7749,-122.419,277593,4,"Gaza, Israel (general), Israel",IS,IS00,18315,31.4167,34.3333,-797156,4,"Gaza, Israel (general), Israel",IS,IS00,18315,31.4167,34.3333,-797156,20260717043000,https://jweekly.com/2026/07/16/most-northern-california-house-democrats-vote-to-cut-off-aid-to-israel/
1314010373,20260717,202607,2026,2026.5397,LEG,CONGRESS,,,,,,LEG,,,JUD,ADVOCATE,,,,,,JUD,,,0,010,010,01,1,0.0,1,1,1,0.11223344556678,2,"California, United States",US,USCA,,36.17,-119.746,CA,2,"California, United States",US,USCA,,36.17,-119.746,CA,2,"California, United States",US,USCA,,36.17,-119.746,CA,20260717043000,https://jweekly.com/2026/07/16/most-northern-california-house-democrats-vote-to-cut-off-aid-to-israel/
1314010374,20260717,202607,2026,2026.5397,LEG,CONGRESS,,,,,,LEG,,,JUD,ADVOCATE,,,,,,JUD,,,0,051,051,05,1,3.4,4,1,4,0.11223344556678,3,"San Francisco, California, United States",US,USCA,CA075,37.7749,-122.419,277593,4,"Gaza, Israel (general), Israel",IS,IS00,18315,31.4167,34.3333,-797156,3,"San Francisco, California, United States",US,USCA,,37.7749,-122.419,277593,20260717043000,https://jweekly.com/2026/07/16/most-northern-california-house-democrats-vote-to-cut-off-aid-to-israel/
1314010375,20260717,202607,2026,2026.5397,LEG,CONGRESS,,,,,,LEG,,,JUD,ADVOCATE,,,,,,JUD,,,0,051,051,05,1,3.4,1,1,1,0.11223344556678,2,"California, United States",US,USCA,,36.17,-119.746,CA,2,"California, United States",US,USCA,,36.17,-119.746,CA,2,"California, United States",US,USCA,,36.17,-119.746,CA,20260717043000,https://jweekly.com/2026/07/16/most-northern-california-house-democrats-vote-to-cut-off-aid-to-israel/
1314010376,20260717,202607,2026,2026.5397,LEG,SENATE,,,,,,LEG,,,PSE,PALESTINIAN,PSE,,,,,,,,1,051,051,05,1,3.4,6,1,6,-1.26689189189189,4,"Gaza, Israel (general), Israel",IS,IS00,18315,31.4167,34.3333,-797156,4,"Gaza, Israel (general), Israel",IS,IS00,18315,31.4167,34.3333,-797156,4,"Oslo, Oslo, Norway",NO,NO12,23413,59.9167,10.75,-273837,20260717043000,https://original.antiwar.com/solomon/2026/07/16/politicians-should-stop-hiding-behind-the-two-state-solution-fantasy/
1314010377,20260717,202607,2026,2026.5397,LEG,SENATOR,,,,,,LEG,,,RUS,RUSSIAN,RUS,,,,,,,,1,020,020,02,1,3.0,10,1,10,1.21212121212121,1,Russia,RS,RS,,60,100,RS,1,Russia,RS,RS,,60,100,RS,1,Russia,RS,RS,,60,100,RS,20260717043000,https://www.hindustantimes.com/india-news/60-us-senators-back-new-bill-proposing-100-tariffs-on-india-for-buying-russian-oil-101784261547349.html
1314010378,20260717,202607,2026,2026.5397,LEG,SENATOR,,,,,,LEG,,,USA,UNITED STATES,USA,,,,,,,,0,111,111,11,3,-2.0,12,6,12,-4.76190476190476,1,China,CH,CH,,35,105,CH,3,"The White House, District of Columbia, United States",US,USDC,,38.8951,-77.0364,531871,3,"The White House, District of Columbia, United States",US,USDC,,38.8951,-77.0364,531871,20260717043000,https://www.falmouthpacket.co.uk/news/national/26287849.trump-alleges-meddling-china-deep-state-cover-up-2020-election/
1314010379,20260717,202607,2026,2026.5397,LEG,SENATE,,,,,,LEG,,,USALEG,MAINE,USA,,,,,LEG,,,0,020,020,02,1,3.0,12,1,6,-1.80436847103514,2,"Maine, United States",US,USME,,44.6074,-69.3977,ME,2,"Maine, United States",US,USME,,44.6074,-69.3977,ME,2,"Maine, United States",US,USME,,44.6074,-69.3977,ME,20260717043000,https://www.pressherald.com/2026/07/16/senate-candidates-make-their-case-to-replace-graham-platner-in-first-debate/
1314010380,20260717,202607,2026,2026.5397,LEGGOV,SENATE,,,,,,LEG,GOV,,USA,AMERICAN,USA,,,,,,,,1,051,051,05,1,3.4,10,1,10,-1.26689189189189,3,"Sacramento, California, United States",US,USCA,CA067,38.5816,-121.494,1659564,3,"Sacramento, California, United States",US,USCA,CA067,38.5816,-121.494,1659564,4,"Gaza, Israel (general), Israel",IS,IS00,18315,31.4167,34.3333,-797156,20260717043000,https://original.antiwar.com/solomon/2026/07/16/politicians-should-stop-hiding-behind-the-two-state-solution-fantasy/
1314010381,20260717,202607,2026,2026.5397,MCOELI,ALBERT,MCO,,,,,ELI,,,GBR,BRITISH,GBR,,,,,,,,1,071,071,07,2,7.4,10,1,10,7.05596107055961,5,"Suffolk, Suffolk, United Kingdom",UK,UKN5,40132,52.1667,1,-2609091,5,"Suffolk, Suffolk, United Kingdom",UK,UKN5,40132,52.1667,1,-2609091,5,"Suffolk, Suffolk, United Kingdom",UK,UKN5,40132,52.1667,1,-2609091,20260717043000,https://www.suffolknews.co.uk/newmarket/news/historic-mansion-fit-for-a-king-after-30k-refurbishment-9474421/
1314010382,20260717,202607,2026,2026.5397,MED,NEWSPAPER,,,,,,MED,,,,,,,,,,,,,0,020,020,02,1,3.0,6,1,6,-1.14613180515759,4,"Abuja, Abuja Federal Capital Territory, Nigeria",NI,NI11,191147,9.08333,7.53333,-1997013,0,,,,,,,,4,"Abuja, Abuja Federal Capital Territory, Nigeria",NI,NI11,191147,9.08333,7.53333,-1997013,20260717043000,https://www.premiumtimesng.com/news/top-news/896056-appeal-court-voids-key-electoral-act-provisions-on-parties-primary-election-membership-register.html
1314010383,20260717,202607,2026,2026.5397,MED,JOURNALIST,,,,,,MED,,,,,,,,,,,,,0,040,040,04,1,1.0,4,1,4,-1.65929203539823,3,"White House, District of Columbia, United States",US,USDC,,38.8951,-77.0364,531871,0,,,,,,,,3,"White House, District of Columbia, United States",US,USDC,,38.8951,-77.0364,531871,20260717043000,https://www.thedailybeast.com/maga-melts-down-at-networks-switching-off-trump/
1314010384,20260717,202607,2026,2026.5397,MED,JOURNALIST,,,,,,MED,,,,,,,,,,,,,0,040,040,04,1,1.0,6,1,6,-1.65929203539823,2,"South Carolina, United States",US,USSC,,33.8191,-80.9066,SC,0,,,,,,,,2,"South Carolina, United States",US,USSC,,33.8191,-80.9066,SC,20260717043000,https://www.thedailybeast.com/maga-melts-down-at-networks-switching-off-trump/
1314010385,20260717,202607,2026,2026.5397,MED,JOURNALIST,,,,,,MED,,,,,,,,,,,,,0,043,043,04,1,2.8,8,1,8,0.26501766784452,3,"Salt Lake, Utah, United States",US,USUT,UT027,39.1559,-112.691,1436291,0,,,,,,,,3,"Salt Lake, Utah, United States",US,USUT,,39.1559,-112.691,1436291,20260717043000,https://www.fox13now.com/news/fox-13-investigates/heres-how-much-water-kevin-olearys-partner-says-data-center-will-use-and-what-it-could-mean-for-utah
1314010386,20260717,202607,2026,2026.5397,MED,MAGAZINE,,,,,,MED,,,,,,,,,,,,,1,043,043,04,1,2.8,5,1,5,3.87453874538745,3,"Orlando, Florida, United States",US,USFL,FL095,28.5383,-81.3792,288240,0,,,,,,,,3,"Orlando, Florida, United States",US,USFL,FL095,28.5383,-81.3792,288240,20260717043000,https://thelooker.thedailybeast.com/carmen-electra-54-poses-for-playboy-30-years-after-her-debut/
1314010387,20260717,202607,2026,2026.5397,MED,MEDIA,,,,,,MED,,,,,,,,,,,,,0,045,045,04,1,5.0,10,1,10,-1.65929203539823,2,"South Carolina, United States",US,USSC,,33.8191,-80.9066,SC,0,,,,,,,,2,"South Carolina, United States",US,USSC,,33.8191,-80.9066,SC,20260717043000,https://www.thedailybeast.com/maga-melts-down-at-networks-switching-off-trump/
1314010388,20260717,202607,2026,2026.5397,MED,MEDIA,,,,,,MED,,,,,,,,,,,,,1,051,051,05,1,3.4,10,1,10,-1.28410914927769,3,"Hollywood, California, United States",US,USCA,CA037,34.0983,-118.327,1660757,0,,,,,,,,3,"Hollywood, California, United States",US,USCA,CA037,34.0983,-118.327,1660757,20260717043000,https://www.christianpost.com/voice/is-your-political-rage-a-spiritual-problem.html
1314010389,20260717,202607,2026,2026.5397,MED,MEDIA,,,,,,MED,,,,,,,,,,,,,1,090,090,09,2,-2.0,10,1,10,0.26954177897574,1,United States,US,US,,39.828175,-98.5795,US,0,,,,,,,,1,United States,US,US,,39.828175,-98.5795,US,20260717043000,https://www.unitaid.eu/phrj-mugshots-daily-understanding-growing-m0u3.html
1314010390,20260717,202607,2026,2026.5397,MED,NEWSPAPER,,,,,,MED,,,,,,,,,,,,,0,190,190,19,4,-10.0,6,1,6,-1.14613180515759,4,"Abuja, Abuja Federal Capital Territory, Nigeria",NI,NI11,191147,9.08333,7.53333,-1997013,0,,,,,,,,4,"Abuja, Abuja Federal Capital Territory, Nigeria",NI,NI11,191147,9.08333,7.53333,-1997013,20260717043000,https://www.premiumtimesng.com/news/top-news/896056-appeal-court-voids-key-electoral-act-provisions-on-parties-primary-election-membership-register.html
1314010391,20260717,202607,2026,2026.5397,MED,MEDIA,,,,,,MED,,,GBRELI,TONY BLAIR,GBR,,,,,ELI,,,1,043,043,04,1,2.8,2,1,2,0,4,"London, London, City of, United Kingdom",UK,UKH9,40110,51.5,-0.116667,-2601889,4,"London, London, City of, United Kingdom",UK,UKH9,40110,51.5,-0.116667,-2601889,4,"London, London, City of, United Kingdom",UK,UKH9,40110,51.5,-0.116667,-2601889,20260717043000,https://www.politico.eu/article/andy-burnham-downing-street-team-no10-appointments/
1314010392,20260717,202607,2026,2026.5397,MED,MEDIA,,,,,,MED,,,GBRELI,TONY BLAIR,GBR,,,,,ELI,,,1,043,043,04,1,2.8,2,1,2,0,4,"Whitehall, Orkney Islands, United Kingdom",UK,UKV9,40174,59.15,-2.61667,-2611570,4,"London, London, City of, United Kingdom",UK,UKH9,40110,51.5,-0.116667,-2601889,4,"London, London, City of, United Kingdom",UK,UKH9,40110,51.5,-0.116667,-2601889,20260717043000,https://www.politico.eu/article/andy-burnham-downing-street-team-no10-appointments/
1314010393,20260717,202607,2026,2026.5397,MED,MEDIA,,,,,,MED,,,GBRELI,TONY BLAIR,GBR,,,,,ELI,,,1,043,043,04,1,2.8,6,1,6,0,4,"Whitehall, Orkney Islands, United Kingdom",UK,UKV9,40174,59.15,-2.61667,-2611570,4,"Whitehall, Orkney Islands, United Kingdom",UK,UKV9,40174,59.15,-2.61667,-2611570,4,"Whitehall, Orkney Islands, United Kingdom",UK,UKV9,40174,59.15,-2.61667,-2611570,20260717043000,https://www.politico.eu/article/andy-burnham-downing-street-team-no10-appointments/
1314010394,20260717,202607,2026,2026.5397,MED,MEDIA,,,,,,MED,,,GOV,PRESIDENT,,,,,,GOV,,,1,043,043,04,1,2.8,10,1,10,-1.65929203539823,3,"White House, District of Columbia, United States",US,USDC,,38.8951,-77.0364,531871,3,"White House, District of Columbia, United States",US,USDC,,38.8951,-77.0364,531871,3,"White House, District of Columbia, United States",US,USDC,,38.8951,-77.0364,531871,20260717043000,https://www.thedailybeast.com/maga-melts-down-at-networks-switching-off-trump/
1314010395,20260717,202607,2026,2026.5397,MED,SPOKESMAN,,,,,,MED,,,MIL,ARMED FORCES,,,,,,MIL,,,1,010,010,01,1,0.0,10,1,10,-7.17948717948718,1,Kuwait,KU,KU,,29.5,47.75,KU,1,Kuwait,KU,KU,,29.5,47.75,KU,1,Kuwait,KU,KU,,29.5,47.75,KU,20260717043000,https://albeu.com/english/kuwait-shoots-down-32-hostile-drones-in-its-airspace-iran-suspected-of-targeting-critical-facilities/930291/
1314010396,20260717,202607,2026,2026.5397,MED,NEWSPAPER,,,,,,MED,,,NGA,NIGERIA,NGA,,,,,,,,0,020,020,02,1,3.0,4,1,4,-1.14613180515759,4,"Abuja, Abuja Federal Capital Territory, Nigeria",NI,NI11,191147,9.08333,7.53333,-1997013,4,"Abuja, Abuja Federal Capital Territory, Nigeria",NI,NI11,191147,9.08333,7.53333,-1997013,4,"Abuja, Abuja Federal Capital Territory, Nigeria",NI,NI11,191147,9.08333,7.53333,-1997013,20260717043000,https://www.premiumtimesng.com/news/top-news/896056-appeal-court-voids-key-electoral-act-provisions-on-parties-primary-election-membership-register.html
1314010397,20260717,202607,2026,2026.5397,MED,NEWSPAPER,,,,,,MED,,,NGA,NIGERIA,NGA,,,,,,,,0,190,190,19,4,-10.0,4,1,4,-1.14613180515759,4,"Abuja, Abuja Federal Capital Territory, Nigeria",NI,NI11,191147,9.08333,7.53333,-1997013,4,"Abuja, Abuja Federal Capital Territory, Nigeria",NI,NI11,191147,9.08333,7.53333,-1997013,4,"Abuja, Abuja Federal Capital Territory, Nigeria",NI,NI11,191147,9.08333,7.53333,-1997013,20260717043000,https://www.premiumtimesng.com/news/top-news/896056-appeal-court-voids-key-electoral-act-provisions-on-parties-primary-election-membership-register.html
1314010398,20260717,202607,2026,2026.5397,MED,JOURNALIST,,,,,,MED,,,USA,UNITED STATES,USA,,,,,,,,0,043,043,04,1,2.8,2,1,2,0.26501766784452,3,"Salt Lake, Utah, United States",US,USUT,UT027,39.1559,-112.691,1436291,3,"Salt Lake, Utah, United States",US,USUT,,39.1559,-112.691,1436291,3,"Salt Lake, Utah, United States",US,USUT,,39.1559,-112.691,1436291,20260717043000,https://www.fox13now.com/news/fox-13-investigates/heres-how-much-water-kevin-olearys-partner-says-data-center-will-use-and-what-it-could-mean-for-utah
1314010399,20260717,202607,2026,2026.5397,MEDMIL,SPOKESMAN,,,,,,MED,MIL,,IRNMIL,IRANIAN,IRN,,,,,MIL,,,0,1246,124,12,3,-4.0,3,1,3,-6.84410646387833,5,"Hormozgan, Hormozgan, Iran",IR,IR11,40970,27.75,56.5,-3066740,5,"Hormozgan, Hormozgan, Iran",IR,IR11,40970,27.75,56.5,-3066740,5,"Hormozgan, Hormozgan, Iran",IR,IR11,40970,27.75,56.5,-3066740,20260717043000,https://www.aljazeera.com/news/2026/7/17/iea-chief-warns-strait-of-hormuz-crisis-threatens-global-energy-security
1314010400,20260717,202607,2026,2026.5397,MIL,AIR FORCE,,,,,,MIL,,,,,,,,,,,,,1,020,020,02,1,3.0,5,1,5,-1.5748031496063,4,"Hindustan, India (general), India",IN,IN00,17857,28,76,-3414754,0,,,,,,,,4,"Hindustan, India (general), India",IN,IN00,17857,28,76,-3414754,20260717043000,https://idrw.org/exclusive-tedbf-being-developed-as-drone-command-hub-for-carrier-battle-groups/
1314010401,20260717,202607,2026,2026.5397,MIL,MILITARY,,,,,,MIL,,,,,,,,,,,,,0,040,040,04,1,1.0,10,1,10,-1.0989010989011,4,"Taiwan Strait, Taiwan (general), Taiwan",TW,TW00,,24,119,-2637942,0,,,,,,,,4,"Taiwan Strait, Taiwan (general), Taiwan",TW,TW00,,24,119,-2637942,20260717043000,https://idrw.org/why-india-is-unlikely-to-offer-brahmos-missiles-to-taiwan-despite-growing-indo-pacific-tensions/
1314010402,20260717,202607,2026,2026.5397,MIL,MILITARY,,,,,,MIL,,,,,,,,,,,,,1,051,051,05,1,3.4,5,1,5,-1.5909090909091,3,"Ben Lomond High School, Utah, United States",US,USUT,UT057,41.2505,-111.952,1438589,0,,,,,,,,3,"Ben Lomond High School, Utah, United States",US,USUT,,41.2505,-111.952,1438589,20260717043000,https://www.fox13now.com/news/local-news/northern-utah/mother-of-teen-killed-in-ben-lomond-high-school-shooting-speaks-out
1314010403,20260717,202607,2026,2026.5397,MIL,NAVY,,,,,,MIL,,,,,,,,,,,,,0,060,060,06,2,6.0,4,1,4,-2.76073619631902,4,"New Delhi, Delhi, India",IN,IN07,17911,28.6,77.2,-2106102,0,,,,,,,,4,"New Delhi, Delhi, India",IN,IN07,17911,28.6,77.2,-2106102,20260717043000,https://www.breitbart.com/middle-east/2026/07/16/india-tells-seafarers-to-avoid-strait-of-hormuz-after-crew-deaths/
1314010404,20260717,202607,2026,2026.5397,MIL,ARMED FORCES,,,,,,MIL,,,,,,,,,,,,,1,070,070,07,2,7.0,5,1,5,0.53691275167785,4,"Hyderabad, Andhra Pradesh, India",IN,IN02,17564,17.3753,78.4744,-2097701,0,,,,,,,,4,"Hyderabad, Andhra Pradesh, India",IN,IN02,17564,17.3753,78.4744,-2097701,20260717043000,https://idrw.org/paninian-unveils-indigenous-yantur-tj1-6-turbojet-engine-to-power-svayatt-td1-target-drone/
1314010405,20260717,202607,2026,2026.5397,MIL,MILITARY,,,,,,MIL,,,,,,,,,,,,,1,072,072,07,2,8.3,5,1,5,-1.5909090909091,3,"Ben Lomond High School, Utah, United States",US,USUT,UT057,41.2505,-111.952,1438589,0,,,,,,,,3,"Ben Lomond High School, Utah, United States",US,USUT,,41.2505,-111.952,1438589,20260717043000,https://www.fox13now.com/news/local-news/northern-utah/mother-of-teen-killed-in-ben-lomond-high-school-shooting-speaks-out
1314010406,20260717,202607,2026,2026.5397,MIL,NAVY,,,,,,MIL,,,,,,,,,,,,,0,073,073,07,2,7.4,4,1,4,-2.76073619631902,4,"New Delhi, Delhi, India",IN,IN07,17911,28.6,77.2,-2106102,0,,,,,,,,4,"New Delhi, Delhi, India",IN,IN07,17911,28.6,77.2,-2106102,20260717043000,https://www.breitbart.com/middle-east/2026/07/16/india-tells-seafarers-to-avoid-strait-of-hormuz-after-crew-deaths/
1314010407,20260717,202607,2026,2026.5397,MIL,NAVY,,,,,,MIL,,,,,,,,,,,,,0,073,073,07,2,7.4,1,1,1,-2.76073619631902,1,Iran,IR,IR,,32,53,IR,0,,,,,,,,1,Iran,IR,IR,,32,53,IR,20260717043000,https://www.breitbart.com/middle-east/2026/07/16/india-tells-seafarers-to-avoid-strait-of-hormuz-after-crew-deaths/
1314010408,20260717,202607,2026,2026.5397,MIL,AIR FORCE,,,,,,MIL,,,,,,,,,,,,,1,090,090,09,2,-2.0,5,1,5,-1.5748031496063,4,"Hindustan, India (general), India",IN,IN00,17857,28,76,-3414754,0,,,,,,,,4,"Hindustan, India (general), India",IN,IN00,17857,28,76,-3414754,20260717043000,https://idrw.org/exclusive-tedbf-being-developed-as-drone-command-hub-for-carrier-battle-groups/
1314010409,20260717,202607,2026,2026.5397,MIL,MILITARY,,,,,,MIL,,,,,,,,,,,,,1,110,110,11,3,-2.0,2,1,2,-2.10084033613445,1,Israel,IS,IS,,31.5,34.75,IS,0,,,,,,,,2,"Kentucky, United States",US,USKY,,37.669,-84.6514,KY,20260717043000,https://www.antiwar.com/blog/2026/07/16/stop-the-presses-congress-denies-netanyahu-something-he-asked-for/
1314010410,20260717,202607,2026,2026.5397,MIL,MILITARY,,,,,,MIL,,,,,,,,,,,,,1,110,110,11,3,-2.0,5,1,5,-2.10084033613445,2,"Kentucky, United States",US,USKY,,37.669,-84.6514,KY,0,,,,,,,,2,"Kentucky, United States",US,USKY,,37.669,-84.6514,KY,20260717043000,https://www.antiwar.com/blog/2026/07/16/stop-the-presses-congress-denies-netanyahu-something-he-asked-for/
1314010411,20260717,202607,2026,2026.5397,MIL,NAVY,,,,,,MIL,,,,,,,,,,,,,1,190,190,19,4,-10.0,10,1,10,-1.01522842639594,4,"Cochin, Kerala, India",IN,IN13,17699,9.96667,76.2333,-2093645,0,,,,,,,,4,"Cochin, Kerala, India",IN,IN13,17699,9.96667,76.2333,-2093645,20260717043000,https://idrw.org/bolstering-the-littoral-shield-indian-navy-commissions-ins-malvan-second-mahe-class-asw-craft/
1314010412,20260717,202607,2026,2026.5397,MIL,DEFENSE FORCE,,,,,,MIL,,,CVL,SETTLEMENT,,,,,,CVL,,,0,180,180,18,4,-9.0,2,1,2,-4.94011976047904,4,"Ozerne, Zhytomyrs'ka Oblast', Ukraine",UP,UP27,28567,50.1782,28.7338,-1049732,4,"Oleksandrivka, Odes'ka Oblast, Ukraine",UP,UP17,28558,45.8917,28.9494,-1034099,4,"Oleksandrivka, Odes'ka Oblast, Ukraine",UP,UP17,28558,45.8917,28.9494,-1034099,20260717043000,https://www.dailykos.com/stories/2026/7/16/800070724/community/1604/
1314010413,20260717,202607,2026,2026.5397,MIL,DEFENSE FORCE,,,,,,MIL,,,CVL,SETTLEMENT,,,,,,CVL,,,0,180,180,18,4,-9.0,8,1,8,-4.94011976047904,4,"Tykhonivka, Krym, Avtonomna Respublika, Ukraine",UP,UP11,28553,45.4954,33.5602,10502324,4,"Stepanivka, Odes'ka Oblast, Ukraine",UP,UP17,28558,46.7854,29.9863,-1055246,4,"Tykhonivka, Krym, Avtonomna Respublika, Ukraine",UP,UP11,28553,45.4954,33.5602,10502324,20260717043000,https://www.dailykos.com/stories/2026/7/16/800070724/community/1604/
1314010414,20260717,202607,2026,2026.5397,MIL,DEFENSE FORCE,,,,,,MIL,,,CVL,SETTLEMENT,,,,,,CVL,,,0,190,190,19,4,-10.0,2,1,2,-4.94011976047904,4,"Oleksandrivka, Odes'ka Oblast, Ukraine",UP,UP17,28558,45.8917,28.9494,-1034099,4,"Tsvitkove, Krym, Avtonomna Respublika, Ukraine",UP,UP11,28553,45.3135,34.1634,-1056790,4,"Tsvitkove, Krym, Avtonomna Respublika, Ukraine",UP,UP11,28553,45.3135,34.1634,-1056790,20260717043000,https://www.dailykos.com/stories/2026/7/16/800070724/community/1604/
1314010415,20260717,202607,2026,2026.5397,MIL,DEFENSE FORCE,,,,,,MIL,,,CVL,SETTLEMENT,,,,,,CVL,,,0,190,190,19,4,-10.0,8,1,8,-4.94011976047904,4,"Tsvitkove, Krym, Avtonomna Respublika, Ukraine",UP,UP11,28553,45.3135,34.1634,-1056790,4,"Tsvitkove, Krym, Avtonomna Respublika, Ukraine",UP,UP11,28553,45.3135,34.1634,-1056790,4,"Tsvitkove, Krym, Avtonomna Respublika, Ukraine",UP,UP11,28553,45.3135,34.1634,-1056790,20260717043000,https://www.dailykos.com/stories/2026/7/16/800070724/community/1604/
1314010416,20260717,202607,2026,2026.5397,MIL,CARRIER,,,,,,MIL,,,EUR,EUROPE,EUR,,,,,,,,0,036,036,03,1,4.0,10,1,10,-0.72202166064982,1,United Kingdom,UK,UK,,54,-4,UK,1,United Kingdom,UK,UK,,54,-4,UK,1,United Kingdom,UK,UK,,54,-4,UK,20260717043000,https://www.thetimes.com/travel/advice/what-are-the-eus-new-baggage-rules-bmshk70fc
1314010417,20260717,202607,2026,2026.5397,MIL,MILITARY,,,,,,MIL,,,GOV,EMBASSY,,,,,,GOV,,,0,040,040,04,1,1.0,10,2,10,4.2745143690087,3,"Army War College, District of Columbia, United States",US,USDC,DC001,38.8634,-77.0169,531541,3,"Army War College, District of Columbia, United States",US,USDC,,38.8634,-77.0169,531541,3,"Army War College, District of Columbia, United States",US,USDC,,38.8634,-77.0169,531541,20260717043000,https://ianslive.in/ins-sudarshini-concludes-historic-us-voyage-after-participating-in-americas-250th-independence-celebrations--20260717085657
1314010418,20260717,202607,2026,2026.5397,MIL,CAPTAIN,,,,,,MIL,,,GOV,CONSULATE,,,,,,GOV,,,1,040,040,04,1,1.0,10,2,10,4.2745143690087,3,"Boston, Massachusetts, United States",US,USMA,MA025,42.3584,-71.0598,617565,3,"Boston, Massachusetts, United States",US,USMA,MA025,42.3584,-71.0598,617565,3,"Boston, Massachusetts, United States",US,USMA,MA025,42.3584,-71.0598,617565,20260717043000,https://ianslive.in/ins-sudarshini-concludes-historic-us-voyage-after-participating-in-americas-250th-independence-celebrations--20260717085657
1314010419,20260717,202607,2026,2026.5397,MIL,ARMED FORCES,,,,,,MIL,,,GOV,GOVERNMENT,,,,,,GOV,,,0,100,100,10,3,-5.0,10,1,10,-7.54310344827587,4,"Manipur, Uttar Pradesh, India",IN,IN36,70268,27.0529,79.3583,10452605,4,"Manipur, Uttar Pradesh, India",IN,IN36,70268,27.0529,79.3583,10452605,4,"Manipur, Uttar Pradesh, India",IN,IN36,70268,27.0529,79.3583,10452605,20260717043000,https://www.moneycontrol.com/news/india/as-sonam-wangchuk-s-hunger-strike-enters-day-20-a-look-at-india-s-longest-indefinite-fasts-by-activists-13976279.html
1314010420,20260717,202607,2026,2026.5397,MIL,CAPTAIN,,,,,,MIL,,,GOV,CONSUL GENERAL,,,,,,GOV,,,1,173,173,17,4,-5.0,8,2,8,4.2745143690087,3,"Boston, Massachusetts, United States",US,USMA,MA025,42.3584,-71.0598,617565,4,"Indian Ocean, ,",OC,OCOC,18585,-10,70,-1506375,3,"Boston, Massachusetts, United States",US,USMA,MA025,42.3584,-71.0598,617565,20260717043000,https://ianslive.in/ins-sudarshini-concludes-historic-us-voyage-after-participating-in-americas-250th-independence-celebrations--20260717085657
1314010421,20260717,202607,2026,2026.5397,MIL,CAPTAIN,,,,,,MIL,,,GOV,CONSUL GENERAL,,,,,,GOV,,,1,173,173,17,4,-5.0,2,2,2,4.2745143690087,3,"Boston, Massachusetts, United States",US,USMA,MA025,42.3584,-71.0598,617565,3,"Boston, Massachusetts, United States",US,USMA,MA025,42.3584,-71.0598,617565,3,"Boston, Massachusetts, United States",US,USMA,MA025,42.3584,-71.0598,617565,20260717043000,https://ianslive.in/ins-sudarshini-concludes-historic-us-voyage-after-participating-in-americas-250th-independence-celebrations--20260717085657
1314010422,20260717,202607,2026,2026.5397,MIL,MILITARY,,,,,,MIL,,,IRN,IRAN,IRN,,,,,,,,1,190,190,19,4,-10.0,10,1,10,-5.09337860780985,1,Bahrain,BA,BA,,26,50.5,BA,1,Bahrain,BA,BA,,26,50.5,BA,1,Bahrain,BA,BA,,26,50.5,BA,20260717043000,https://www.moneycontrol.com/world/us-pounds-iran-with-fighter-jets-warships-tehran-retaliates-by-targeting-bahrain-airbase-with-arash-drones-watch-article-13976244.html
1314010423,20260717,202607,2026,2026.5397,MIL,GARRISON,,,,,,MIL,,,ISR,ISRAEL,ISR,,,,,,,,0,110,110,11,3,-2.0,5,1,5,-2.10084033613445,1,Israel,IS,IS,,31.5,34.75,IS,1,Israel,IS,IS,,31.5,34.75,IS,1,Israel,IS,IS,,31.5,34.75,IS,20260717043000,https://www.antiwar.com/blog/2026/07/16/stop-the-presses-congress-denies-netanyahu-something-he-asked-for/
1314010424,20260717,202607,2026,2026.5397,MIL,FIGHTER JET,,,,,,MIL,,,PAK,PAKISTANI,PAK,,,,,,,,0,194,194,19,4,-10.0,5,1,5,-2.95454545454546,1,Pakistan,PK,PK,,30,70,PK,1,Pakistan,PK,PK,,30,70,PK,1,Pakistan,PK,PK,,30,70,PK,20260717043000,https://idrw.org/radar-tracks-and-debris-evidence-confirm-iafs-s-400-and-mr-sam-kills-in-operation-sindoor/
1314010425,20260717,202607,2026,2026.5397,MIL,COMMANDER,,,,,,MIL,,,PNG,PAPUA NEW GUINEAN,PNG,,,,,,,,1,050,050,05,1,3.5,3,1,3,2.4390243902439,1,Papua New Guinea,PP,PP,,-6,147,PP,1,Papua New Guinea,PP,PP,,-6,147,PP,1,Papua New Guinea,PP,PP,,-6,147,PP,20260717043000,https://www.postcourier.com.pg/commander-matejka-highlights-value-of-working-with-papua-new-guineans/
1314010426,20260717,202607,2026,2026.5397,MIL,MILITARY,,,,,,MIL,,,USA,THE US,USA,,,,,,,,0,040,040,04,1,1.0,4,2,4,4.2745143690087,3,"Army War College, District of Columbia, United States",US,USDC,DC001,38.8634,-77.0169,531541,3,"Army War College, District of Columbia, United States",US,USDC,,38.8634,-77.0169,531541,3,"Army War College, District of Columbia, United States",US,USDC,,38.8634,-77.0169,531541,20260717043000,https://ianslive.in/ins-sudarshini-concludes-historic-us-voyage-after-participating-in-americas-250th-independence-celebrations--20260717085657
1314010427,20260717,202607,2026,2026.5397,MIL,MILITARY,,,,,,MIL,,,USAMIL,THE US,USA,,,,,MIL,,,0,040,040,04,1,1.0,6,2,6,4.2745143690087,3,"Army War College, District of Columbia, United States",US,USDC,DC001,38.8634,-77.0169,531541,3,"Army War College, District of Columbia, United States",US,USDC,,38.8634,-77.0169,531541,3,"Army War College, District of Columbia, United States",US,USDC,,38.8634,-77.0169,531541,20260717043000,https://ianslive.in/ins-sudarshini-concludes-historic-us-voyage-after-participating-in-americas-250th-independence-celebrations--20260717085657
1314010428,20260717,202607,2026,2026.5397,MIL,ARMY,,,,,,MIL,,,VEN,VENEZUELAN,VEN,,,,,,,,0,060,060,06,2,6.0,10,1,10,-1.82815356489945,1,Venezuela,VE,VE,,8,-66,VE,1,Venezuela,VE,VE,,8,-66,VE,1,Venezuela,VE,VE,,8,-66,VE,20260717043000,https://www.asahi.com/ajw/articles/16734036
1314010429,20260717,202607,2026,2026.5397,MKD,MACEDONIAN,MKD,,,,,,,,GOV,AUTHORITIES,,,,,,GOV,,,1,0841,084,08,2,7.0,5,1,5,-9.91735537190083,4,"Skopje, Macedonia (general), Macedonia",MK,MK00,27270,42,21.4333,-95841,4,"Skopje, Macedonia (general), Macedonia",MK,MK00,27270,42,21.4333,-95841,4,"Skopje, Macedonia (general), Macedonia",MK,MK00,27270,42,21.4333,-95841,20260717043000,https://albeu.com/english/turkish-citizen-detained-at-skopje-airport-on-suspicion-of-using-false-documents/929422/
1314010430,20260717,202607,2026,2026.5397,MKD,SKOPJE,MKD,,,,,,,,TURCVL,TURKISH,TUR,,,,,CVL,,,1,173,173,17,4,-5.0,3,1,3,-9.91735537190083,4,"Skopje, Macedonia (general), Macedonia",MK,MK00,27270,42,21.4333,-95841,4,"Skopje, Macedonia (general), Macedonia",MK,MK00,27270,42,21.4333,-95841,4,"Skopje, Macedonia (general), Macedonia",MK,MK00,27270,42,21.4333,-95841,20260717043000,https://albeu.com/english/turkish-citizen-detained-at-skopje-airport-on-suspicion-of-using-false-documents/929422/
1314010431,20260717,202607,2026,2026.5397,MLI,MALI,MLI,,,,,,,,UKR,UKRAINE,UKR,,,,,,,,0,180,180,18,4,-9.0,1,1,1,-4.94011976047904,4,"Oleksandrivka, Odes'ka Oblast, Ukraine",UP,UP17,28558,45.8917,28.9494,-1034099,4,"Oleksandrivka, Odes'ka Oblast, Ukraine",UP,UP17,28558,45.8917,28.9494,-1034099,4,"Oleksandrivka, Odes'ka Oblast, Ukraine",UP,UP17,28558,45.8917,28.9494,-1034099,20260717043000,https://www.dailykos.com/stories/2026/7/16/800070724/community/1604/
1314010432,20260717,202607,2026,2026.5397,MLI,MALI,MLI,,,,,,,,UKR,UKRAINE,UKR,,,,,,,,0,180,180,18,4,-9.0,3,1,3,-4.94011976047904,4,"Bilohirya, Zaporiz'ka Oblast', Ukraine",UP,UP26,28566,47.5264,35.9762,-1035205,4,"Bilohirya, Zaporiz'ka Oblast', Ukraine",UP,UP26,28566,47.5264,35.9762,-1035205,4,"Orikhiv, Zaporiz'ka Oblast', Ukraine",UP,UP26,28566,47.5673,35.7857,-1049405,20260717043000,https://www.dailykos.com/stories/2026/7/16/800070724/community/1604/
1314010433,20260717,202607,2026,2026.5397,MLI,MALI,MLI,,,,,,,,UKR,UKRAINE,UKR,,,,,,,,0,190,190,19,4,-10.0,1,1,1,-4.94011976047904,4,"Oleksandrivka, Odes'ka Oblast, Ukraine",UP,UP17,28558,45.8917,28.9494,-1034099,4,"Oleksandrivka, Odes'ka Oblast, Ukraine",UP,UP17,28558,45.8917,28.9494,-1034099,4,"Oleksandrivka, Odes'ka Oblast, Ukraine",UP,UP17,28558,45.8917,28.9494,-1034099,20260717043000,https://www.dailykos.com/stories/2026/7/16/800070724/community/1604/
1314010434,20260717,202607,2026,2026.5397,MLI,MALI,MLI,,,,,,,,UKR,UKRAINE,UKR,,,,,,,,0,190,190,19,4,-10.0,3,1,3,-4.94011976047904,4,"Bilohirya, Zaporiz'ka Oblast', Ukraine",UP,UP26,28566,47.5264,35.9762,-1035205,4,"Bilohirya, Zaporiz'ka Oblast', Ukraine",UP,UP26,28566,47.5264,35.9762,-1035205,4,"Orikhiv, Zaporiz'ka Oblast', Ukraine",UP,UP26,28566,47.5673,35.7857,-1049405,20260717043000,https://www.dailykos.com/stories/2026/7/16/800070724/community/1604/
1314010435,20260717,202607,2026,2026.5397,MMR,MYANMAR,MMR,,,,,,,,,,,,,,,,,,1,042,042,04,1,1.9,10,1,10,-1.45278450363196,1,Bangladesh,BG,BG,,24,90,BG,0,,,,,,,,1,Bangladesh,BG,BG,,24,90,BG,20260717043000,https://www.bbc.co.uk/news/articles/cr59n096mrmo
1314010436,20260717,202607,2026,2026.5397,MNCJPN,SONY,JPN,,,,,MNC,,,GRC,GREECE,GRC,,,,,,,,1,010,010,01,1,0.0,4,1,4,-2.94695481335953,1,Greece,GR,GR,,39,22,GR,1,Greece,GR,GR,,39,22,GR,1,Greece,GR,GR,,39,22,GR,20260717043000,https://variety.com/2026/tv/news/god-of-war-recast-kratos-actor-ryan-hurst-injury-1236814409/
1314010437,20260717,202607,2026,2026.5397,MNCUSAMED,GOOGLE,USA,,,,,MNC,MED,,BUS,COMPANIES,,,,,,BUS,,,0,090,090,09,2,-2.0,10,1,10,1.67224080267559,0,,,,,,,,0,,,,,,,,0,,,,,,,,20260717043000,https://siliconangle.com/2026/07/16/eu-orders-google-share-search-data-rivals-broaden-android-feature-access/
1314010438,20260717,202607,2026,2026.5397,MNCUSAMED,GOOGLE,USA,,,,,MNC,MED,,IGOEUREEC,THE EU,EUR,EEC,,,,IGO,,,1,090,090,09,2,-2.0,10,1,10,1.67224080267559,0,,,,,,,,0,,,,,,,,0,,,,,,,,20260717043000,https://siliconangle.com/2026/07/16/eu-orders-google-share-search-data-rivals-broaden-android-feature-access/
1314010439,20260717,202607,2026,2026.5397,MOS,MUSLIM,,,,MOS,,,,,GOV,GOVERNMENT,,,,,,GOV,,,1,114,114,11,3,-2.0,2,1,2,-2.46376811594203,4,"Kashmiri, Paktia, Afghanistan",AF,AF36,99906,33.6392,69.4987,10608781,4,"Kashmir, North-West Frontier, Pakistan",PK,PK03,40350,34.796,72.1502,-2764806,4,"Kashmiri, Paktia, Afghanistan",AF,AF36,99906,33.6392,69.4987,10608781,20260717043000,https://idrw.org/the-long-shadow-of-july-13-1931-how-kashmirs-internal-fracture-reshaped-south-asian-geopolitics/
1314010440,20260717,202607,2026,2026.5397,MOS,MUSLIM,,,,MOS,,,,,GOV,GOVERNMENT,,,,,,GOV,,,1,114,114,11,3,-2.0,8,1,8,-2.46376811594203,4,"Kashmiri, Paktia, Afghanistan",AF,AF36,99906,33.6392,69.4987,10608781,4,"Kashmiri, Paktia, Afghanistan",AF,AF36,99906,33.6392,69.4987,10608781,4,"Kashmiri, Paktia, Afghanistan",AF,AF36,99906,33.6392,69.4987,10608781,20260717043000,https://idrw.org/the-long-shadow-of-july-13-1931-how-kashmirs-internal-fracture-reshaped-south-asian-geopolitics/
1314010441,20260717,202607,2026,2026.5397,MWI,MALAWI,MWI,,,,,,,,,,,,,,,,,,0,070,070,07,2,7.0,4,1,4,4.14746543778802,1,Malawi,MI,MI,,-13.5,34,MI,0,,,,,,,,1,Malawi,MI,MI,,-13.5,34,MI,20260717043000,https://www.forbes.com/sites/madhulika-pathak/2026/07/16/exclusive-canvas-billionaire-cofounders-reveal-next-step-in-plan-to-give-away-80-of-their-fortune/
1314010442,20260717,202607,2026,2026.5397,MYS,MALAYSIA,MYS,,,,,,,,,,,,,,,,,,1,020,020,02,1,3.0,10,1,10,0,4,"Johor, Johor, Malaysia",MY,MY01,18585,1.4655,103.758,-2405456,0,,,,,,,,4,"Johor, Johor, Malaysia",MY,MY01,18585,1.4655,103.758,-2405456,20260717043000,https://cointelegraph.com/news/balaji-seeks-malaysia-deal-threatens-exit-after-network-school-probe
1314010443,20260717,202607,2026,2026.5397,MYS,MALAYSIA,MYS,,,,,,,,,,,,,,,,,,1,051,051,05,1,3.4,2,1,2,1.12044817927171,4,"Bintulu, Sarawak, Malaysia",MY,MY11,18585,3.16667,113.033,-2400610,0,,,,,,,,4,"Bintulu, Sarawak, Malaysia",MY,MY11,18585,3.16667,113.033,-2400610,20260717043000,https://www.theborneopost.com/2026/07/17/190-miri-prison-inmates-transferred-to-limbang-by-sea-to-ease-overcrowding/
1314010444,20260717,202607,2026,2026.5397,MYS,NEGERI SEMBILAN,MYS,,,,,,,,,,,,,,,,,,0,051,051,05,1,3.4,7,1,7,1.8595041322314,5,"Negeri Sembilan, Negeri Sembilan, Malaysia",MY,MY05,18585,2.75,102.167,-2405161,0,,,,,,,,5,"Negeri Sembilan, Negeri Sembilan, Malaysia",MY,MY05,18585,2.75,102.167,-2405161,20260717043000,https://www.theborneopost.com/2026/07/17/n9-polls-battle-for-negeri-sembilan-kicks-off-tomorrow/
1314010445,20260717,202607,2026,2026.5397,MYS,SARAWAK,MYS,,,,,,,,,,,,,,,,,,1,070,070,07,2,7.0,5,1,5,6.33561643835616,0,,,,,,,,0,,,,,,,,0,,,,,,,,20260717043000,https://www.theborneopost.com/2026/07/17/the-borneo-post-journalists-among-premier-of-sarawak-special-appreciation-awards-recipients/
1314010446,20260717,202607,2026,2026.5397,MYS,MALAYSIA,MYS,,,,,,,,COP,POLICE FORCE,,,,,,COP,,,1,043,043,04,1,2.8,8,1,8,1.12044817927171,4,"Limbang, Sarawak, Malaysia",MY,MY11,37438,4.75,115,-2400375,4,"Limbang, Sarawak, Malaysia",MY,MY11,37438,4.75,115,-2400375,4,"Limbang, Sarawak, Malaysia",MY,MY11,37438,4.75,115,-2400375,20260717043000,https://www.theborneopost.com/2026/07/17/190-miri-prison-inmates-transferred-to-limbang-by-sea-to-ease-overcrowding/
1314010447,20260717,202607,2026,2026.5397,MYS,MALAYSIA,MYS,,,,,,,,GOV,GOVERNMENT,,,,,,GOV,,,1,026,026,02,1,4.0,4,1,4,-1.58730158730159,1,Malaysia,MY,MY,,2.5,112.5,MY,1,Malaysia,MY,MY,,2.5,112.5,MY,1,Malaysia,MY,MY,,2.5,112.5,MY,20260717043000,https://www.humanresourcesonline.net/sabah-to-work-with-mof-on-improving-targeted-diesel-subsidy-implementation
1314010448,20260717,202607,2026,2026.5397,MYS,MALAYSIA,MYS,,,,,,,,GOV,GOVERNMENT,,,,,,GOV,,,1,036,036,03,1,4.0,2,1,2,-1.58730158730159,1,Malaysia,MY,MY,,2.5,112.5,MY,1,Malaysia,MY,MY,,2.5,112.5,MY,1,Malaysia,MY,MY,,2.5,112.5,MY,20260717043000,https://www.humanresourcesonline.net/sabah-to-work-with-mof-on-improving-targeted-diesel-subsidy-implementation
1314010449,20260717,202607,2026,2026.5397,MYS,SABAH,MYS,,,,,,,,MYSGOV,SABAH,MYS,,,,,GOV,,,1,010,010,01,1,0.0,10,1,10,-1.58730158730159,1,Malaysia,MY,MY,,2.5,112.5,MY,1,Malaysia,MY,MY,,2.5,112.5,MY,1,Malaysia,MY,MY,,2.5,112.5,MY,20260717043000,https://www.humanresourcesonline.net/sabah-to-work-with-mof-on-improving-targeted-diesel-subsidy-implementation
1314010450,20260717,202607,2026,2026.5397,MYS,MALAYSIA,MYS,,,,,,,,MYSGOV,SABAH,MYS,,,,,GOV,,,1,036,036,03,1,4.0,2,1,2,-1.58730158730159,1,Malaysia,MY,MY,,2.5,112.5,MY,1,Malaysia,MY,MY,,2.5,112.5,MY,1,Malaysia,MY,MY,,2.5,112.5,MY,20260717043000,https://www.humanresourcesonline.net/sabah-to-work-with-mof-on-improving-targeted-diesel-subsidy-implementation
1314010451,20260717,202607,2026,2026.5397,MYS,SABAH,MYS,,,,,,,,MYSGOV,SABAH,MYS,,,,,GOV,,,1,040,040,04,1,1.0,10,1,10,-1.58730158730159,1,Malaysia,MY,MY,,2.5,112.5,MY,1,Malaysia,MY,MY,,2.5,112.5,MY,1,Malaysia,MY,MY,,2.5,112.5,MY,20260717043000,https://www.humanresourcesonline.net/sabah-to-work-with-mof-on-improving-targeted-diesel-subsidy-implementation
1314010452,20260717,202607,2026,2026.5397,MYSBUS,SABAH,MYS,,,,,BUS,,,,,,,,,,,,,1,020,020,02,1,3.0,10,1,10,-5.46075085324232,0,,,,,,,,0,,,,,,,,0,,,,,,,,20260717043000,https://www.theborneopost.com/2026/07/17/sabah-traders-urged-to-keep-chicken-egg-prices-reasonable-after-subsidy-removal/
1314010453,20260717,202607,2026,2026.5397,MYSGOV,SABAH,MYS,,,,,GOV,,,GOV,GOVERNMENT,,,,,,GOV,,,1,026,026,02,1,4.0,6,1,6,-1.58730158730159,1,Malaysia,MY,MY,,2.5,112.5,MY,1,Malaysia,MY,MY,,2.5,112.5,MY,1,Malaysia,MY,MY,,2.5,112.5,MY,20260717043000,https://www.humanresourcesonline.net/sabah-to-work-with-mof-on-improving-targeted-diesel-subsidy-implementation
1314010454,20260717,202607,2026,2026.5397,MYSGOV,SABAH,MYS,,,,,GOV,,,GOV,GOVERNMENT,,,,,,GOV,,,1,036,036,03,1,4.0,3,1,3,-1.58730158730159,1,Malaysia,MY,MY,,2.5,112.5,MY,1,Malaysia,MY,MY,,2.5,112.5,MY,1,Malaysia,MY,MY,,2.5,112.5,MY,20260717043000,https://www.humanresourcesonline.net/sabah-to-work-with-mof-on-improving-targeted-diesel-subsidy-implementation
1314010455,20260717,202607,2026,2026.5397,MYSGOV,SABAH,MYS,,,,,GOV,,,MYS,MALAYSIA,MYS,,,,,,,,1,036,036,03,1,4.0,2,1,2,-1.58730158730159,1,Malaysia,MY,MY,,2.5,112.5,MY,1,Malaysia,MY,MY,,2.5,112.5,MY,1,Malaysia,MY,MY,,2.5,112.5,MY,20260717043000,https://www.humanresourcesonline.net/sabah-to-work-with-mof-on-improving-targeted-diesel-subsidy-implementation
1314010456,20260717,202607,2026,2026.5397,MYSGOV,SABAH,MYS,,,,,GOV,,,MYS,SABAH,MYS,,,,,,,,1,040,040,04,1,1.0,10,1,10,-1.58730158730159,1,Malaysia,MY,MY,,2.5,112.5,MY,1,Malaysia,MY,MY,,2.5,112.5,MY,1,Malaysia,MY,MY,,2.5,112.5,MY,20260717043000,https://www.humanresourcesonline.net/sabah-to-work-with-mof-on-improving-targeted-diesel-subsidy-implementation
1314010457,20260717,202607,2026,2026.5397,MYSGOV,SABAH,MYS,,,,,GOV,,,MYSGOV,SABAH,MYS,,,,,GOV,,,1,036,036,03,1,4.0,6,1,3,-1.58730158730159,1,Malaysia,MY,MY,,2.5,112.5,MY,1,Malaysia,MY,MY,,2.5,112.5,MY,1,Malaysia,MY,MY,,2.5,112.5,MY,20260717043000,https://www.humanresourcesonline.net/sabah-to-work-with-mof-on-improving-targeted-diesel-subsidy-implementation
1314010458,20260717,202607,2026,2026.5397,NGA,ABUJA,NGA,,,,,,,,,,,,,,,,,,1,190,190,19,4,-10.0,10,1,10,-1.14613180515759,4,"Abuja, Abuja Federal Capital Territory, Nigeria",NI,NI11,191147,9.08333,7.53333,-1997013,0,,,,,,,,4,"Abuja, Abuja Federal Capital Territory, Nigeria",NI,NI11,191147,9.08333,7.53333,-1997013,20260717043000,https://www.premiumtimesng.com/news/top-news/896056-appeal-court-voids-key-electoral-act-provisions-on-parties-primary-election-membership-register.html
1314010459,20260717,202607,2026,2026.5397,NGAJUD,NIGERIA,NGA,,,,,JUD,,,NGA,NIGERIA,NGA,,,,,,,,0,110,110,11,3,-2.0,2,1,2,-1.14613180515759,4,"Abuja, Abuja Federal Capital Territory, Nigeria",NI,NI11,191147,9.08333,7.53333,-1997013,4,"Abuja, Abuja Federal Capital Territory, Nigeria",NI,NI11,191147,9.08333,7.53333,-1997013,4,"Abuja, Abuja Federal Capital Territory, Nigeria",NI,NI11,191147,9.08333,7.53333,-1997013,20260717043000,https://www.premiumtimesng.com/news/top-news/896056-appeal-court-voids-key-electoral-act-provisions-on-parties-primary-election-membership-register.html
1314010460,20260717,202607,2026,2026.5397,NGAJUD,NIGERIA,NGA,,,,,JUD,,,NGAJUD,ABUJA,NGA,,,,,JUD,,,0,020,020,02,1,3.0,2,1,2,-1.14613180515759,4,"Abuja, Abuja Federal Capital Territory, Nigeria",NI,NI11,191147,9.08333,7.53333,-1997013,4,"Abuja, Abuja Federal Capital Territory, Nigeria",NI,NI11,191147,9.08333,7.53333,-1997013,4,"Abuja, Abuja Federal Capital Territory, Nigeria",NI,NI11,191147,9.08333,7.53333,-1997013,20260717043000,https://www.premiumtimesng.com/news/top-news/896056-appeal-court-voids-key-electoral-act-provisions-on-parties-primary-election-membership-register.html
1314010461,20260717,202607,2026,2026.5397,NGAJUD,NIGERIA,NGA,,,,,JUD,,,NGAJUD,ABUJA,NGA,,,,,JUD,,,0,110,110,11,3,-2.0,2,1,2,-1.14613180515759,4,"Abuja, Abuja Federal Capital Territory, Nigeria",NI,NI11,191147,9.08333,7.53333,-1997013,4,"Abuja, Abuja Federal Capital Territory, Nigeria",NI,NI11,191147,9.08333,7.53333,-1997013,4,"Abuja, Abuja Federal Capital Territory, Nigeria",NI,NI11,191147,9.08333,7.53333,-1997013,20260717043000,https://www.premiumtimesng.com/news/top-news/896056-appeal-court-voids-key-electoral-act-provisions-on-parties-primary-election-membership-register.html
1314010462,20260717,202607,2026,2026.5397,NGO,NON GOVERNMENTAL ORGANISATION,,,,,,NGO,,,,,,,,,,,,,1,070,070,07,2,7.0,10,1,10,0,0,,,,,,,,0,,,,,,,,0,,,,,,,,20260717043000,https://www.theborneopost.com/2026/07/17/hope-place-lends-helping-hand-to-struggling-single-mother-of-six-in-kpg-tabuan-melayu/
1314010463,20260717,202607,2026,2026.5397,NLD,HOLLAND,NLD,,,,,,,,,,,,,,,,,,1,043,043,04,1,2.8,6,1,6,3.21931589537223,3,"Hollywood, California, United States",US,USCA,CA037,34.0983,-118.327,1660757,0,,,,,,,,3,"Hollywood, California, United States",US,USCA,CA037,34.0983,-118.327,1660757,20260717043000,https://www.moneycontrol.com/entertainment/anne-hathaway-gets-teary-eyed-after-receiving-the-odyssey-inspired-baby-gift-article-13976243.html
1314010464,20260717,202607,2026,2026.5397,NLD,HOLLAND,NLD,,,,,,,,USA,UNITED STATES,USA,,,,,,,,1,042,042,04,1,1.9,2,1,2,3.21931589537223,3,"Hollywood, California, United States",US,USCA,CA037,34.0983,-118.327,1660757,3,"Hollywood, California, United States",US,USCA,CA037,34.0983,-118.327,1660757,3,"Hollywood, California, United States",US,USCA,CA037,34.0983,-118.327,1660757,20260717043000,https://www.moneycontrol.com/entertainment/anne-hathaway-gets-teary-eyed-after-receiving-the-odyssey-inspired-baby-gift-article-13976243.html
1314010465,20260717,202607,2026,2026.5397,NMR,NORTH AMERICA,NMR,,,,,,,,,,,,,,,,,,1,070,070,07,2,7.0,4,1,4,2.27272727272727,1,United States,US,US,,39.828175,-98.5795,US,0,,,,,,,,1,United States,US,US,,39.828175,-98.5795,US,20260717043000,https://www.digitimes.com/news/a20260717PD200/ubiqconn-revenue-north-america-communications-localization.html
1314010466,20260717,202607,2026,2026.5397,NMR,NORTH AMERICA,NMR,,,,,,,,USA,UNITED STATES,USA,,,,,,,,1,070,070,07,2,7.0,2,1,2,2.27272727272727,1,United States,US,US,,39.828175,-98.5795,US,1,United States,US,US,,39.828175,-98.5795,US,1,United States,US,US,,39.828175,-98.5795,US,20260717043000,https://www.digitimes.com/news/a20260717PD200/ubiqconn-revenue-north-america-communications-localization.html
1314010467,20260717,202607,2026,2026.5397,NOR,NORWAY,NOR,,,,,,,,ISR,ISRAEL,ISR,,,,,,,,1,042,042,04,1,1.9,2,1,2,-1.26689189189189,4,"Oslo, Oslo, Norway",NO,NO12,23413,59.9167,10.75,-273837,4,"Gaza, Israel (general), Israel",IS,IS00,18315,31.4167,34.3333,-797156,4,"Oslo, Oslo, Norway",NO,NO12,23413,59.9167,10.75,-273837,20260717043000,https://original.antiwar.com/solomon/2026/07/16/politicians-should-stop-hiding-behind-the-two-state-solution-fantasy/
1314010468,20260717,202607,2026,2026.5397,NOR,NORWAY,NOR,,,,,,,,ISR,ISRAEL,ISR,,,,,,,,1,042,042,04,1,1.9,2,1,2,-1.26689189189189,4,"Oslo, Oslo, Norway",NO,NO12,23413,59.9167,10.75,-273837,4,"Gaza, Israel (general), Israel",IS,IS00,18315,31.4167,34.3333,-797156,4,"Gaza, Israel (general), Israel",IS,IS00,18315,31.4167,34.3333,-797156,20260717043000,https://original.antiwar.com/solomon/2026/07/16/politicians-should-stop-hiding-behind-the-two-state-solution-fantasy/
1314010469,20260717,202607,2026,2026.5397,NOR,OSLO,NOR,,,,,,,,PSE,PALESTINIAN,PSE,,,,,,,,1,042,042,04,1,1.9,6,1,6,-1.26689189189189,4,"Oslo, Oslo, Norway",NO,NO12,23413,59.9167,10.75,-273837,4,"Gaza, Israel (general), Israel",IS,IS00,18315,31.4167,34.3333,-797156,4,"Oslo, Oslo, Norway",NO,NO12,23413,59.9167,10.75,-273837,20260717043000,https://original.antiwar.com/solomon/2026/07/16/politicians-should-stop-hiding-behind-the-two-state-solution-fantasy/
1314010470,20260717,202607,2026,2026.5397,NPL,KATHMANDU,NPL,,,,,,,,MED,PUBLICATION,,,,,,MED,,,1,090,090,09,2,-2.0,10,1,10,6.06060606060606,4,"Kathmandu, Bagmati, Nepal",NP,NP01,22353,27.7167,85.3167,-1022136,4,"Kathmandu, Bagmati, Nepal",NP,NP01,22353,27.7167,85.3167,-1022136,4,"Kathmandu, Bagmati, Nepal",NP,NP01,22353,27.7167,85.3167,-1022136,20260717043000,https://peoplesreview.com.np/2026/07/17/editor-in-chief-and-publishers-note-peoples-review-enters-its-36th-year/
1314010471,20260717,202607,2026,2026.5397,NZL,NEW ZEALAND,NZL,,,,,,,,,,,,,,,,,,0,120,120,12,3,-4.0,4,1,4,-3.45125107851596,4,"Wellington, New Zealand (general), New Zealand",NZ,NZ00,22391,-41.3,174.783,-1521348,0,,,,,,,,4,"Wellington, New Zealand (general), New Zealand",NZ,NZ00,22391,-41.3,174.783,-1521348,20260717043000,https://www.wellingtontimes.com.au/story/9312365/why-angus-taylors-cack-handed-performance-alienates-voters/
1314010472,20260717,202607,2026,2026.5397,OMN,OMAN,OMN,,,,,,,,BUS,COMPANY,,,,,,BUS,,,1,010,010,01,1,0.0,2,1,2,-2.76073619631902,1,Oman,MU,MU,,21,57,MU,4,"New Delhi, Delhi, India",IN,IN07,17911,28.6,77.2,-2106102,4,"New Delhi, Delhi, India",IN,IN07,17911,28.6,77.2,-2106102,20260717043000,https://www.breitbart.com/middle-east/2026/07/16/india-tells-seafarers-to-avoid-strait-of-hormuz-after-crew-deaths/
1314010473,20260717,202607,2026,2026.5397,OMN,OMAN,OMN,,,,,,,,BUS,COMPANY,,,,,,BUS,,,1,010,010,01,1,0.0,2,1,2,-2.76073619631902,1,Oman,MU,MU,,21,57,MU,1,Oman,MU,MU,,21,57,MU,4,"New Delhi, Delhi, India",IN,IN07,17911,28.6,77.2,-2106102,20260717043000,https://www.breitbart.com/middle-east/2026/07/16/india-tells-seafarers-to-avoid-strait-of-hormuz-after-crew-deaths/
1314010474,20260717,202607,2026,2026.5397,OPP,ACTIVIST,,,,,,OPP,,,,,,,,,,,,,1,010,010,01,1,0.0,3,1,3,-3.58744394618835,3,"White House, District of Columbia, United States",US,USDC,,38.8951,-77.0364,531871,0,,,,,,,,3,"White House, District of Columbia, United States",US,USDC,,38.8951,-77.0364,531871,20260717043000,https://www.thedailybeast.com/trump-assembles-disgraced-election-deniers-before-crackpot-election-security-speech/
1314010475,20260717,202607,2026,2026.5397,OPP,ACTIVIST,,,,,,OPP,,,,,,,,,,,,,1,057,057,05,1,8.0,3,1,3,-3.58744394618835,3,"White House, District of Columbia, United States",US,USDC,,38.8951,-77.0364,531871,0,,,,,,,,3,"White House, District of Columbia, United States",US,USDC,,38.8951,-77.0364,531871,20260717043000,https://www.thedailybeast.com/trump-assembles-disgraced-election-deniers-before-crackpot-election-security-speech/
1314010476,20260717,202607,2026,2026.5397,OPP,ACTIVIST,,,,,,OPP,,,,,,,,,,,,,1,142,142,14,3,-6.5,6,1,6,-7.54310344827587,4,"Delhi, Delhi, India",IN,IN07,17911,28.6667,77.2167,-2094230,0,,,,,,,,4,"Delhi, Delhi, India",IN,IN07,17911,28.6667,77.2167,-2094230,20260717043000,https://www.moneycontrol.com/news/india/as-sonam-wangchuk-s-hunger-strike-enters-day-20-a-look-at-india-s-longest-indefinite-fasts-by-activists-13976279.html
1314010477,20260717,202607,2026,2026.5397,OPP,ACTIVIST,,,,,,OPP,,,GOV,PRESIDENT,,,,,,GOV,,,1,010,010,01,1,0.0,6,1,6,-3.58744394618835,3,"White House, District of Columbia, United States",US,USDC,,38.8951,-77.0364,531871,3,"White House, District of Columbia, United States",US,USDC,,38.8951,-77.0364,531871,3,"White House, District of Columbia, United States",US,USDC,,38.8951,-77.0364,531871,20260717043000,https://www.thedailybeast.com/trump-assembles-disgraced-election-deniers-before-crackpot-election-security-speech/
1314010478,20260717,202607,2026,2026.5397,OPP,ACTIVIST,,,,,,OPP,,,USA,UNITED STATES,USA,,,,,,,,1,010,010,01,1,0.0,4,1,3,-3.58744394618835,3,"White House, District of Columbia, United States",US,USDC,,38.8951,-77.0364,531871,3,"White House, District of Columbia, United States",US,USDC,,38.8951,-77.0364,531871,3,"White House, District of Columbia, United States",US,USDC,,38.8951,-77.0364,531871,20260717043000,https://www.thedailybeast.com/trump-assembles-disgraced-election-deniers-before-crackpot-election-security-speech/
1314010479,20260717,202607,2026,2026.5397,OPP,ACTIVIST,,,,,,OPP,,,USA,UNITED STATES,USA,,,,,,,,1,042,042,04,1,1.9,4,1,4,-3.58744394618835,3,"Washington, District of Columbia, United States",US,USDC,DC001,38.8951,-77.0364,531871,3,"Washington, District of Columbia, United States",US,USDC,DC001,38.8951,-77.0364,531871,3,"Washington, District of Columbia, United States",US,USDC,DC001,38.8951,-77.0364,531871,20260717043000,https://www.thedailybeast.com/trump-assembles-disgraced-election-deniers-before-crackpot-election-security-speech/
1314010480,20260717,202607,2026,2026.5397,OPP,ACTIVIST,,,,,,OPP,,,USA,UNITED STATES,USA,,,,,,,,1,057,057,05,1,8.0,2,1,2,-3.58744394618835,3,"White House, District of Columbia, United States",US,USDC,,38.8951,-77.0364,531871,3,"White House, District of Columbia, United States",US,USDC,,38.8951,-77.0364,531871,2,"Oklahoma, United States",US,USOK,,35.5376,-96.9247,OK,20260717043000,https://www.thedailybeast.com/trump-assembles-disgraced-election-deniers-before-crackpot-election-security-speech/
1314010481,20260717,202607,2026,2026.5397,OPP,ACTIVIST,,,,,,OPP,,,USAGOV,UNITED STATES,USA,,,,,GOV,,,1,010,010,01,1,0.0,2,1,2,-3.58744394618835,3,"White House, District of Columbia, United States",US,USDC,,38.8951,-77.0364,531871,3,"White House, District of Columbia, United States",US,USDC,,38.8951,-77.0364,531871,3,"White House, District of Columbia, United States",US,USDC,,38.8951,-77.0364,531871,20260717043000,https://www.thedailybeast.com/trump-assembles-disgraced-election-deniers-before-crackpot-election-security-speech/
1314010482,20260717,202607,2026,2026.5397,OPP,ACTIVIST,,,,,,OPP,,,USAGOV,THE WHITE HOUSE,USA,,,,,GOV,,,1,042,042,04,1,1.9,6,1,6,-3.58744394618835,3,"White House, District of Columbia, United States",US,USDC,,38.8951,-77.0364,531871,3,"White House, District of Columbia, United States",US,USDC,,38.8951,-77.0364,531871,3,"White House, District of Columbia, United States",US,USDC,,38.8951,-77.0364,531871,20260717043000,https://www.thedailybeast.com/trump-assembles-disgraced-election-deniers-before-crackpot-election-security-speech/
1314010483,20260717,202607,2026,2026.5397,PAK,PAKISTAN,PAK,,,,,,,,,,,,,,,,,,0,010,010,01,1,0.0,10,1,10,-6.21468926553674,4,"New Delhi, Delhi, India",IN,IN07,17911,28.6,77.2,-2106102,0,,,,,,,,4,"New Delhi, Delhi, India",IN,IN07,17911,28.6,77.2,-2106102,20260717043000,https://idrw.org/water-as-a-strategic-lever-the-diplomatic-standoff-over-the-indus-waters-treaty/
1314010484,20260717,202607,2026,2026.5397,PAK,PAKISTANI,PAK,,,,,,,,,,,,,,,,,,0,194,194,19,4,-10.0,5,1,5,-2.95454545454546,1,Pakistan,PK,PK,,30,70,PK,0,,,,,,,,1,Pakistan,PK,PK,,30,70,PK,20260717043000,https://idrw.org/radar-tracks-and-debris-evidence-confirm-iafs-s-400-and-mr-sam-kills-in-operation-sindoor/
1314010485,20260717,202607,2026,2026.5397,PAK,PAKISTAN,PAK,,,,,,,,GOV,ENVOY,,,,,,GOV,,,0,040,040,04,1,1.0,10,1,10,-6.21468926553674,4,"Islamabad, Islamabad, Pakistan",PK,PK08,23674,33.7,73.1667,-2762812,4,"Islamabad, Islamabad, Pakistan",PK,PK08,23674,33.7,73.1667,-2762812,4,"Islamabad, Islamabad, Pakistan",PK,PK08,23674,33.7,73.1667,-2762812,20260717043000,https://idrw.org/water-as-a-strategic-lever-the-diplomatic-standoff-over-the-indus-waters-treaty/
1314010486,20260717,202607,2026,2026.5397,PAK,PAKISTAN,PAK,,,,,,,,GOV,ENVOY,,,,,,GOV,,,0,113,113,11,3,-2.0,10,1,10,-6.21468926553674,4,"Islamabad, Islamabad, Pakistan",PK,PK08,23674,33.7,73.1667,-2762812,4,"Islamabad, Islamabad, Pakistan",PK,PK08,23674,33.7,73.1667,-2762812,4,"Islamabad, Islamabad, Pakistan",PK,PK08,23674,33.7,73.1667,-2762812,20260717043000,https://idrw.org/water-as-a-strategic-lever-the-diplomatic-standoff-over-the-indus-waters-treaty/
1314010487,20260717,202607,2026,2026.5397,PAK,PAKISTAN,PAK,,,,,,,,PSE,OCCUPIED TERRITORIES,PSE,,,,,,,,0,010,010,01,1,0.0,2,1,2,-2.46376811594203,4,"Kashmir, North-West Frontier, Pakistan",PK,PK03,40350,34.796,72.1502,-2764806,4,"Kashmir, North-West Frontier, Pakistan",PK,PK03,40350,34.796,72.1502,-2764806,4,"Kashmir, North-West Frontier, Pakistan",PK,PK03,40350,34.796,72.1502,-2764806,20260717043000,https://idrw.org/the-long-shadow-of-july-13-1931-how-kashmirs-internal-fracture-reshaped-south-asian-geopolitics/
1314010488,20260717,202607,2026,2026.5397,PAK,PAKISTAN,PAK,,,,,,,,PSE,OCCUPIED TERRITORIES,PSE,,,,,,,,0,020,020,02,1,3.0,2,1,2,-2.46376811594203,4,"Kashmir, North-West Frontier, Pakistan",PK,PK03,40350,34.796,72.1502,-2764806,4,"Kashmir, North-West Frontier, Pakistan",PK,PK03,40350,34.796,72.1502,-2764806,4,"Kashmir, North-West Frontier, Pakistan",PK,PK03,40350,34.796,72.1502,-2764806,20260717043000,https://idrw.org/the-long-shadow-of-july-13-1931-how-kashmirs-internal-fracture-reshaped-south-asian-geopolitics/
1314010489,20260717,202607,2026,2026.5397,PAK,PAKISTAN,PAK,,,,,,,,USA,A US,USA,,,,,,,,0,0871,087,08,2,9.0,2,1,2,-6.84410646387833,4,"Tehran, Tehran, Iran",IR,IR26,41130,35.75,51.5148,10074674,1,Qatar,QA,QA,,25.5,51.25,QA,4,"Tehran, Tehran, Iran",IR,IR26,41130,35.75,51.5148,10074674,20260717043000,https://www.aljazeera.com/news/2026/7/17/iea-chief-warns-strait-of-hormuz-crisis-threatens-global-energy-security
1314010490,20260717,202607,2026,2026.5397,PAK,PAKISTAN,PAK,,,,,,,,USA,A US,USA,,,,,,,,0,0871,087,08,2,9.0,8,1,8,-6.84410646387833,1,Pakistan,PK,PK,,30,70,PK,4,"Tehran, Tehran, Iran",IR,IR26,41130,35.75,51.5148,10074674,1,Pakistan,PK,PK,,30,70,PK,20260717043000,https://www.aljazeera.com/news/2026/7/17/iea-chief-warns-strait-of-hormuz-crisis-threatens-global-energy-security
1314010491,20260717,202607,2026,2026.5397,PHL,PHILIPPINE,PHL,,,,,,,,CHN,CHINA,CHN,,,,,,,,0,070,070,07,2,7.0,3,1,3,-1.0989010989011,1,Philippines,RP,RP,,13,122,RP,4,"Beijing, Beijing, China",CH,CH22,13001,39.9289,116.388,-1898541,1,Indonesia,ID,ID,,-5,120,ID,20260717043000,https://idrw.org/why-india-is-unlikely-to-offer-brahmos-missiles-to-taiwan-despite-growing-indo-pacific-tensions/
1314010492,20260717,202607,2026,2026.5397,PSE,PALESTINIAN,PSE,,,,,,,,,,,,,,,,,,0,203,203,20,4,-10.0,2,1,2,-1.26689189189189,4,"Gaza, Israel (general), Israel",IS,IS00,18315,31.4167,34.3333,-797156,0,,,,,,,,4,"Gaza, Israel (general), Israel",IS,IS00,18315,31.4167,34.3333,-797156,20260717043000,https://original.antiwar.com/solomon/2026/07/16/politicians-should-stop-hiding-behind-the-two-state-solution-fantasy/
1314010493,20260717,202607,2026,2026.5397,PSE,PALESTINIAN,PSE,,,,,,,,,,,,,,,,,,0,203,203,20,4,-10.0,2,1,2,-1.26689189189189,4,"Gaza, Israel (general), Israel",IS,IS00,18315,31.4167,34.3333,-797156,0,,,,,,,,3,"Sacramento, California, United States",US,USCA,CA067,38.5816,-121.494,1659564,20260717043000,https://original.antiwar.com/solomon/2026/07/16/politicians-should-stop-hiding-behind-the-two-state-solution-fantasy/
1314010494,20260717,202607,2026,2026.5397,PSE,PALESTINIAN,PSE,,,,,,,,,,,,,,,,,,0,203,203,20,4,-10.0,6,1,6,-1.26689189189189,1,Iran,IR,IR,,32,53,IR,0,,,,,,,,4,"Gaza, Israel (general), Israel",IS,IS00,18315,31.4167,34.3333,-797156,20260717043000,https://original.antiwar.com/solomon/2026/07/16/politicians-should-stop-hiding-behind-the-two-state-solution-fantasy/
1314010495,20260717,202607,2026,2026.5397,PSE,PALESTINIAN,PSE,,,,,,,,ISR,ISRAEL,ISR,,,,,,,,0,042,042,04,1,1.9,2,1,2,-9.1468101460415,2,"Illinois, United States",US,USIL,,40.3363,-89.0022,IL,2,"Illinois, United States",US,USIL,,40.3363,-89.0022,IL,2,"Illinois, United States",US,USIL,,40.3363,-89.0022,IL,20260717043000,https://www.accountingtoday.com/news/tax-fraud-blotter-win-some-lose-some
1314010496,20260717,202607,2026,2026.5397,PSE,PALESTINIAN,PSE,,,,,,,,ISR,ISRAEL,ISR,,,,,,,,0,042,042,04,1,1.9,2,1,2,-9.1468101460415,1,Israel,IS,IS,,31.5,34.75,IS,1,Israel,IS,IS,,31.5,34.75,IS,1,Israel,IS,IS,,31.5,34.75,IS,20260717043000,https://www.accountingtoday.com/news/tax-fraud-blotter-win-some-lose-some
1314010497,20260717,202607,2026,2026.5397,PSE,PALESTINIAN,PSE,,,,,,,,NOR,OSLO,NOR,,,,,,,,1,043,043,04,1,2.8,4,1,4,-1.26689189189189,4,"Gaza, Israel (general), Israel",IS,IS00,18315,31.4167,34.3333,-797156,4,"Gaza, Israel (general), Israel",IS,IS00,18315,31.4167,34.3333,-797156,4,"Gaza, Israel (general), Israel",IS,IS00,18315,31.4167,34.3333,-797156,20260717043000,https://original.antiwar.com/solomon/2026/07/16/politicians-should-stop-hiding-behind-the-two-state-solution-fantasy/
1314010498,20260717,202607,2026,2026.5397,PSE,PALESTINIAN,PSE,,,,,,,,NOR,OSLO,NOR,,,,,,,,1,043,043,04,1,2.8,2,1,2,-1.26689189189189,3,"Sacramento, California, United States",US,USCA,CA067,38.5816,-121.494,1659564,4,"Gaza, Israel (general), Israel",IS,IS00,18315,31.4167,34.3333,-797156,4,"Gaza, Israel (general), Israel",IS,IS00,18315,31.4167,34.3333,-797156,20260717043000,https://original.antiwar.com/solomon/2026/07/16/politicians-should-stop-hiding-behind-the-two-state-solution-fantasy/
1314010499,20260717,202607,2026,2026.5397,PTY,DEMOCRATIC PARTY,,,,,,,,,,,,,,,,,,,1,080,080,08,2,5.0,10,1,10,-2.35294117647059,0,,,,,,,,0,,,,,,,,0,,,,,,,,20260717043000,https://www.theborneopost.com/2026/07/17/rumah-jangi-fire-victims-receive-aid-from-bintulu-mp/
1314010500,20260717,202607,2026,2026.5397,QATMED,AL JAZEERA,QAT,,,,,MED,,,IRN,IRAN,IRN,,,,,,,,0,190,190,19,4,-10.0,6,1,6,-6.84410646387833,4,"Tehran, Tehran, Iran",IR,IR26,41130,35.75,51.5148,10074674,5,"Hormozgan, Hormozgan, Iran",IR,IR11,40970,27.75,56.5,-3066740,4,"Tehran, Tehran, Iran",IR,IR26,41130,35.75,51.5148,10074674,20260717043000,https://www.aljazeera.com/news/2026/7/17/iea-chief-warns-strait-of-hormuz-crisis-threatens-global-energy-security
1314010501,20260717,202607,2026,2026.5397,QATMED,AL JAZEERA,QAT,,,,,MED,,,IRN,IRAN,IRN,,,,,,,,0,190,190,19,4,-10.0,6,1,6,-6.84410646387833,3,"Washington, District of Columbia, United States",US,USDC,DC001,38.8951,-77.0364,531871,5,"Hormozgan, Hormozgan, Iran",IR,IR11,40970,27.75,56.5,-3066740,5,"Hormozgan, Hormozgan, Iran",IR,IR11,40970,27.75,56.5,-3066740,20260717043000,https://www.aljazeera.com/news/2026/7/17/iea-chief-warns-strait-of-hormuz-crisis-threatens-global-energy-security
1314010502,20260717,202607,2026,2026.5397,QATMED,AL JAZEERA,QAT,,,,,MED,,,IRN,IRAN,IRN,,,,,,,,0,190,190,19,4,-10.0,2,1,2,-6.84410646387833,1,Jordan,JO,JO,,31,36,JO,5,"Hormozgan, Hormozgan, Iran",IR,IR11,40970,27.75,56.5,-3066740,5,"Hormozgan, Hormozgan, Iran",IR,IR11,40970,27.75,56.5,-3066740,20260717043000,https://www.aljazeera.com/news/2026/7/17/iea-chief-warns-strait-of-hormuz-crisis-threatens-global-energy-security
1314010503,20260717,202607,2026,2026.5397,QATMED,AL JAZEERA,QAT,,,,,MED,,,IRN,IRAN,IRN,,,,,,,,0,190,190,19,4,-10.0,2,1,2,-6.84410646387833,1,Pakistan,PK,PK,,30,70,PK,5,"Hormozgan, Hormozgan, Iran",IR,IR11,40970,27.75,56.5,-3066740,4,"Tehran, Tehran, Iran",IR,IR26,41130,35.75,51.5148,10074674,20260717043000,https://www.aljazeera.com/news/2026/7/17/iea-chief-warns-strait-of-hormuz-crisis-threatens-global-energy-security
1314010504,20260717,202607,2026,2026.5397,RAD,FANATIC,,,,,,RAD,,,GBR,UNITED KINGDOM,GBR,,,,,,,,0,190,190,19,4,-10.0,4,1,4,-1.59362549800797,4,"Rotherham, Rotherham, United Kingdom",UK,UKL3,40130,53.4333,-1.35,-2606551,4,"Rotherham, Rotherham, United Kingdom",UK,UKL3,40130,53.4333,-1.35,-2606551,4,"Rotherham, Rotherham, United Kingdom",UK,UKL3,40130,53.4333,-1.35,-2606551,20260717043000,https://www.theamericanconservative.com/ann-widdecombe-murdered-reform-uk-pol-was-the-best-of-britain/
1314010505,20260717,202607,2026,2026.5397,REF,REFUGEE,,,,,,REF,,,,,,,,,,,,,0,020,020,02,1,3.0,10,1,10,0,4,"Johor, Johor, Malaysia",MY,MY01,18585,1.4655,103.758,-2405456,0,,,,,,,,4,"Johor, Johor, Malaysia",MY,MY01,18585,1.4655,103.758,-2405456,20260717043000,https://cointelegraph.com/news/balaji-seeks-malaysia-deal-threatens-exit-after-network-school-probe
1314010506,20260717,202607,2026,2026.5397,RUS,RUSSIA,RUS,,,,,,,,,,,,,,,,,,1,010,010,01,1,0.0,10,1,10,9.0750436300174,5,"Odisha, Orissa, India",IN,IN21,70217,20.5,84.4167,-2106554,0,,,,,,,,5,"Odisha, Orissa, India",IN,IN21,70217,20.5,84.4167,-2106554,20260717043000,http://www.haitisun.com/news/279192804/lord-jagannath-gives-darshan-to-everyone-foreign-devotees-recount-puri-rath-yatra-experience
1314010507,20260717,202607,2026,2026.5397,RUS,RUSSIA,RUS,,,,,,,,,,,,,,,,,,0,051,051,05,1,3.4,3,1,3,-3.04955527318932,1,Russia,RS,RS,,60,100,RS,0,,,,,,,,1,Russia,RS,RS,,60,100,RS,20260717043000,https://www.abc.net.au/news/2026-07-17/donald-trump-gives-address-on-election-integrity-issues/106926756
1314010508,20260717,202607,2026,2026.5397,RUS,RUSSIA,RUS,,,,,,,,,,,,,,,,,,0,190,190,19,4,-10.0,1,1,1,-4.94011976047904,4,"Kramatorsk, Donets'ka Oblast', Ukraine",UP,UP05,28549,48.723,37.5563,-1043300,0,,,,,,,,4,"Stepanivka, Odes'ka Oblast, Ukraine",UP,UP17,28558,46.7854,29.9863,-1055246,20260717043000,https://www.dailykos.com/stories/2026/7/16/800070724/community/1604/
1314010509,20260717,202607,2026,2026.5397,RUS,RUSSIA,RUS,,,,,,,,,,,,,,,,,,0,190,190,19,4,-10.0,5,1,5,-4.94011976047904,4,"Pokrovsk, Mordoviya, Russia",RS,RS46,25110,54.768,45.837,-2985097,0,,,,,,,,4,"Pokrovsk, Mordoviya, Russia",RS,RS46,25110,54.768,45.837,-2985097,20260717043000,https://www.dailykos.com/stories/2026/7/16/800070724/community/1604/
1314010510,20260717,202607,2026,2026.5397,RUS,RUSSIAN,RUS,,,,,,,,,,,,,,,,,,0,190,190,19,4,-10.0,1,1,1,-4.94011976047904,4,"Pokrovsk, Mordoviya, Russia",RS,RS46,25110,54.768,45.837,-2985097,0,,,,,,,,4,"Tykhonivka, Krym, Avtonomna Respublika, Ukraine",UP,UP11,28553,45.4954,33.5602,10502324,20260717043000,https://www.dailykos.com/stories/2026/7/16/800070724/community/1604/
1314010511,20260717,202607,2026,2026.5397,RUS,RUSSIAN,RUS,,,,,,,,,,,,,,,,,,1,190,190,19,4,-10.0,10,1,10,-5.24193548387097,1,Ukraine,UP,UP,,49,32,UP,0,,,,,,,,4,"Moscow, Moskva, Russia",RS,RS48,25106,55.7522,37.6156,-2960561,20260717043000,https://idrw.org/the-great-reversal-russia-turns-to-india-for-gasoline-amid-refining-collapse/
1314010512,20260717,202607,2026,2026.5397,RUS,RUSSIA,RUS,,,,,,,,CHN,CHINA,CHN,,,,,,,,0,051,051,05,1,3.4,1,1,1,-3.04955527318932,1,China,CH,CH,,35,105,CH,1,China,CH,CH,,35,105,CH,1,China,CH,CH,,35,105,CH,20260717043000,https://www.abc.net.au/news/2026-07-17/donald-trump-gives-address-on-election-integrity-issues/106926756
1314010513,20260717,202607,2026,2026.5397,RUS,RUSSIA,RUS,,,,,,,,CHN,CHINA,CHN,,,,,,,,0,051,051,05,1,3.4,1,1,1,-3.04955527318932,1,Russia,RS,RS,,60,100,RS,1,China,CH,CH,,35,105,CH,1,Russia,RS,RS,,60,100,RS,20260717043000,https://www.abc.net.au/news/2026-07-17/donald-trump-gives-address-on-election-integrity-issues/106926756
1314010514,20260717,202607,2026,2026.5397,RUS,RUSSIA,RUS,,,,,,,,GOV,ADMINISTRATION,,,,,,GOV,,,1,020,020,02,1,3.0,3,1,3,1.21212121212121,1,Russia,RS,RS,,60,100,RS,1,Russia,RS,RS,,60,100,RS,1,Russia,RS,RS,,60,100,RS,20260717043000,https://www.hindustantimes.com/india-news/60-us-senators-back-new-bill-proposing-100-tariffs-on-india-for-buying-russian-oil-101784261547349.html
1314010515,20260717,202607,2026,2026.5397,RUS,RUSSIAN,RUS,,,,,,,,GOV,GOVERNMENT,,,,,,GOV,,,0,051,051,05,1,3.4,5,1,5,-5.56426332288402,4,"Kremlin, Moskva, Russia",RS,RS48,25106,55.7522,37.6156,-2960561,4,"Kremlin, Moskva, Russia",RS,RS48,25106,55.7522,37.6156,-2960561,4,"Kremlin, Moskva, Russia",RS,RS48,25106,55.7522,37.6156,-2960561,20260717043000,https://www.theamericanconservative.com/on-ukraine-trump-now-buys-the-tide-turning-narrative/
1314010516,20260717,202607,2026,2026.5397,RUS,RUSSIAN,RUS,,,,,,,,GOV,GOVERNMENT,,,,,,GOV,,,0,051,051,05,1,3.4,2,1,2,-5.56426332288402,1,Iran,IR,IR,,32,53,IR,4,"Kremlin, Moskva, Russia",RS,RS48,25106,55.7522,37.6156,-2960561,4,"Kremlin, Moskva, Russia",RS,RS48,25106,55.7522,37.6156,-2960561,20260717043000,https://www.theamericanconservative.com/on-ukraine-trump-now-buys-the-tide-turning-narrative/
1314010517,20260717,202607,2026,2026.5397,RUS,RUSSIA,RUS,,,,,,,,RUSGOV,RUSSIA,RUS,,,,,GOV,,,1,020,020,02,1,3.0,2,1,2,1.21212121212121,1,Russia,RS,RS,,60,100,RS,1,Russia,RS,RS,,60,100,RS,1,Russia,RS,RS,,60,100,RS,20260717043000,https://www.hindustantimes.com/india-news/60-us-senators-back-new-bill-proposing-100-tariffs-on-india-for-buying-russian-oil-101784261547349.html
1314010518,20260717,202607,2026,2026.5397,RUS,RUSSIA,RUS,,,,,,,,UKR,UKRAINE,UKR,,,,,,,,1,020,020,02,1,3.0,2,1,2,-5.56426332288402,4,"Kursk, Kurskaya Oblast', Russia",RS,RS41,25068,51.7373,36.1873,-2941648,4,"Kiev, Ukraine (general), Ukraine",UP,UP00,28554,50.4333,30.5167,-1044367,4,"Kiev, Ukraine (general), Ukraine",UP,UP00,28554,50.4333,30.5167,-1044367,20260717043000,https://www.theamericanconservative.com/on-ukraine-trump-now-buys-the-tide-turning-narrative/
1314010519,20260717,202607,2026,2026.5397,RUS,RUSSIA,RUS,,,,,,,,UKR,UKRAINE,UKR,,,,,,,,1,020,020,02,1,3.0,1,1,1,-5.56426332288402,4,"Kursk, Kurskaya Oblast', Russia",RS,RS41,25068,51.7373,36.1873,-2941648,4,"Kiev, Ukraine (general), Ukraine",UP,UP00,28554,50.4333,30.5167,-1044367,4,"Kursk, Kurskaya Oblast', Russia",RS,RS41,25068,51.7373,36.1873,-2941648,20260717043000,https://www.theamericanconservative.com/on-ukraine-trump-now-buys-the-tide-turning-narrative/
1314010520,20260717,202607,2026,2026.5397,RUS,RUSSIA,RUS,,,,,,,,UKR,UKRAINE,UKR,,,,,,,,1,020,020,02,1,3.0,1,1,1,-5.56426332288402,4,"Kursk, Kurskaya Oblast', Russia",RS,RS41,25068,51.7373,36.1873,-2941648,4,"Kursk, Kurskaya Oblast', Russia",RS,RS41,25068,51.7373,36.1873,-2941648,4,"Kursk, Kurskaya Oblast', Russia",RS,RS41,25068,51.7373,36.1873,-2941648,20260717043000,https://www.theamericanconservative.com/on-ukraine-trump-now-buys-the-tide-turning-narrative/
1314010521,20260717,202607,2026,2026.5397,RUS,RUSSIA,RUS,,,,,,,,UKR,CRIMEA,UKR,,,,,,,,0,1246,124,12,3,-4.0,1,1,1,-4.94011976047904,4,"Khatne, Kharkivs'ka Oblast', Ukraine",UP,UP07,25036,50.1225,37.5655,-1041346,5,"Rostov Oblast, Rostovskaya Oblast', Russia",RS,RS61,25090,47,42,-2993228,5,"Rostov Oblast, Rostovskaya Oblast', Russia",RS,RS61,25090,47,42,-2993228,20260717043000,https://www.dailykos.com/stories/2026/7/16/800070724/community/1604/
1314010522,20260717,202607,2026,2026.5397,RUS,RUSSIA,RUS,,,,,,,,UKR,CRIMEA,UKR,,,,,,,,0,1246,124,12,3,-4.0,1,1,1,-4.94011976047904,4,"Kursk, Kurskaya Oblast', Russia",RS,RS41,25068,51.7373,36.1873,-2941648,4,"Kursk, Kurskaya Oblast', Russia",RS,RS41,25068,51.7373,36.1873,-2941648,4,"Kursk, Kurskaya Oblast', Russia",RS,RS41,25068,51.7373,36.1873,-2941648,20260717043000,https://www.dailykos.com/stories/2026/7/16/800070724/community/1604/
1314010523,20260717,202607,2026,2026.5397,RUS,RUSSIAN,RUS,,,,,,,,UKR,UKRAINE,UKR,,,,,,,,0,138,138,13,3,-7.0,1,1,1,-4.94011976047904,4,"Black Sea, Oceans (general), Oceans",OS,OS00,,43,35,-1506338,4,"Khatne, Kharkivs'ka Oblast', Ukraine",UP,UP07,25036,50.1225,37.5655,-1041346,4,"Khatne, Kharkivs'ka Oblast', Ukraine",UP,UP07,25036,50.1225,37.5655,-1041346,20260717043000,https://www.dailykos.com/stories/2026/7/16/800070724/community/1604/
1314010524,20260717,202607,2026,2026.5397,RUS,RUSSIAN,RUS,,,,,,,,UKR,UKRAINE,UKR,,,,,,,,0,138,138,13,3,-7.0,1,1,1,-4.94011976047904,5,"Rostov Oblast, Rostovskaya Oblast', Russia",RS,RS61,25090,47,42,-2993228,4,"Khatne, Kharkivs'ka Oblast', Ukraine",UP,UP07,25036,50.1225,37.5655,-1041346,4,"Khatne, Kharkivs'ka Oblast', Ukraine",UP,UP07,25036,50.1225,37.5655,-1041346,20260717043000,https://www.dailykos.com/stories/2026/7/16/800070724/community/1604/
1314010525,20260717,202607,2026,2026.5397,RUS,RUSSIA,RUS,,,,,,,,UKR,UKRAINE,UKR,,,,,,,,0,181,181,18,4,-9.0,1,1,1,0.33407572383073,4,"Moscow, Moskva, Russia",RS,RS48,25106,55.7522,37.6156,-2960561,1,Ukraine,UP,UP,,49,32,UP,1,Ukraine,UP,UP,,49,32,UP,20260717043000,https://www.rferl.org/a/senate-russia-sanctions-legislation-graham-war/33805545.html
1314010526,20260717,202607,2026,2026.5397,RUS,RUSSIA,RUS,,,,,,,,UKR,UKRAINE,UKR,,,,,,,,0,181,181,18,4,-9.0,1,1,1,0.33407572383073,2,"Texas, United States",US,USTX,,31.106,-97.6475,TX,1,Ukraine,UP,UP,,49,32,UP,1,Ukraine,UP,UP,,49,32,UP,20260717043000,https://www.rferl.org/a/senate-russia-sanctions-legislation-graham-war/33805545.html
1314010527,20260717,202607,2026,2026.5397,RUSLEG,RUSSIA,RUS,,,,,LEG,,,LEG,CHAMBER,,,,,,LEG,,,1,051,051,05,1,3.4,2,1,2,1.21212121212121,1,Russia,RS,RS,,60,100,RS,1,Russia,RS,RS,,60,100,RS,1,Russia,RS,RS,,60,100,RS,20260717043000,https://www.hindustantimes.com/india-news/60-us-senators-back-new-bill-proposing-100-tariffs-on-india-for-buying-russian-oil-101784261547349.html
1314010528,20260717,202607,2026,2026.5397,RUSMIL,RUSSIAN,RUS,,,,,MIL,,,RUS,RUSSIAN,RUS,,,,,,,,0,138,138,13,3,-7.0,6,1,6,-4.94011976047904,5,"Rostov Oblast, Rostovskaya Oblast', Russia",RS,RS61,25090,47,42,-2993228,5,"Rostov Oblast, Rostovskaya Oblast', Russia",RS,RS61,25090,47,42,-2993228,4,"Khatne, Kharkivs'ka Oblast', Ukraine",UP,UP07,25036,50.1225,37.5655,-1041346,20260717043000,https://www.dailykos.com/stories/2026/7/16/800070724/community/1604/
1314010529,20260717,202607,2026,2026.5397,SEP,SEPARATIST,,,,,,SEP,,,IGOEUREEC,THE EU,EUR,EEC,,,,IGO,,,1,051,051,05,1,3.4,5,1,5,-3.61247947454844,4,"Madrid, Madrid, Spain",SP,SP29,25820,40.4,-3.68333,-390625,4,"Madrid, Madrid, Spain",SP,SP29,25820,40.4,-3.68333,-390625,4,"Madrid, Madrid, Spain",SP,SP29,25820,40.4,-3.68333,-390625,20260717043000,https://www.opinionnigeria.com/europe-legalizes-political-forgetting-by-fransiscus-nanga-roka/
1314010530,20260717,202607,2026,2026.5397,SPY,INTELLIGENCE,,,,,,SPY,,,,,,,,,,,,,1,010,010,01,1,0.0,48,6,48,-4.76190476190476,1,China,CH,CH,,35,105,CH,0,,,,,,,,1,China,CH,CH,,35,105,CH,20260717043000,https://www.falmouthpacket.co.uk/news/national/26287849.trump-alleges-meddling-china-deep-state-cover-up-2020-election/
1314010531,20260717,202607,2026,2026.5397,SPY,INTELLIGENCE,,,,,,SPY,,,,,,,,,,,,,1,090,090,09,2,-2.0,60,6,60,-4.76190476190476,3,"The White House, District of Columbia, United States",US,USDC,,38.8951,-77.0364,531871,0,,,,,,,,3,"The White House, District of Columbia, United States",US,USDC,,38.8951,-77.0364,531871,20260717043000,https://www.falmouthpacket.co.uk/news/national/26287849.trump-alleges-meddling-china-deep-state-cover-up-2020-election/
1314010532,20260717,202607,2026,2026.5397,SPY,INTELLIGENCE,,,,,,SPY,,,CVL,VOTER,,,,,,CVL,,,0,016,016,01,1,-2.0,10,1,10,-3.04955527318932,1,Russia,RS,RS,,60,100,RS,1,Russia,RS,RS,,60,100,RS,1,Russia,RS,RS,,60,100,RS,20260717043000,https://www.abc.net.au/news/2026-07-17/donald-trump-gives-address-on-election-integrity-issues/106926756
1314010533,20260717,202607,2026,2026.5397,SPY,INTELLIGENCE,,,,,,SPY,,,USA,AMERICAN,USA,,,,,,,,0,010,010,01,1,0.0,2,1,2,-3.04955527318932,1,United States,US,US,,39.828175,-98.5795,US,1,China,CH,CH,,35,105,CH,1,United States,US,US,,39.828175,-98.5795,US,20260717043000,https://www.abc.net.au/news/2026-07-17/donald-trump-gives-address-on-election-integrity-issues/106926756
1314010534,20260717,202607,2026,2026.5397,SPY,INTELLIGENCE,,,,,,SPY,,,USA,AMERICAN,USA,,,,,,,,0,010,010,01,1,0.0,8,1,8,-3.04955527318932,1,United States,US,US,,39.828175,-98.5795,US,1,United States,US,US,,39.828175,-98.5795,US,1,United States,US,US,,39.828175,-98.5795,US,20260717043000,https://www.abc.net.au/news/2026-07-17/donald-trump-gives-address-on-election-integrity-issues/106926756
1314010535,20260717,202607,2026,2026.5397,SPY,INTELLIGENCE COMMUNITY,,,,,,SPY,,,USA,UNITED STATES,USA,,,,,,,,0,090,090,09,2,-2.0,1,1,1,-3.45679012345679,1,China,CH,CH,,35,105,CH,3,"White House, District of Columbia, United States",US,USDC,,38.8951,-77.0364,531871,1,China,CH,CH,,35,105,CH,20260717043000,https://lethbridgeherald.com/entertainment/entertainment-news/2026/07/16/trump-uses-primetime-address-to-raise-doubts-about-us-elections-ahead-of-midterms/
1314010536,20260717,202607,2026,2026.5397,THA,BANGKOK,THA,,,,,,,,,,,,,,,,,,0,051,051,05,1,3.4,8,1,8,3.37078651685393,1,Macau,MC,MC,,22.157778,113.559722,MC,0,,,,,,,,1,Macau,MC,MC,,22.157778,113.559722,MC,20260717043000,https://macaudailytimes.com.mo/sip-around-asia-returns-to-w-macau-studio-city-with-a-star-studded-bar-takeover.html
1314010537,20260717,202607,2026,2026.5397,TTO,TRINIDAD,TTO,,,,,,,,,,,,,,,,,,0,0833,083,08,2,5.0,10,1,10,-7.48407643312102,1,Trinidad And Tobago,TD,TD,,11,-61,TD,0,,,,,,,,1,Trinidad And Tobago,TD,TD,,11,-61,TD,20260717043000,https://www.fox4news.com/news/multiple-trinidad-officials-resign-after-being-named-lawsuits-following-water-controversy
1314010538,20260717,202607,2026,2026.5397,TTO,TRINIDAD AND TOBAGO,TTO,,,,,,,,,,,,,,,,,,0,120,120,12,3,-4.0,4,1,4,-7.48407643312102,1,Trinidad And Tobago,TD,TD,,11,-61,TD,0,,,,,,,,1,Trinidad And Tobago,TD,TD,,11,-61,TD,20260717043000,https://www.fox4news.com/news/multiple-trinidad-officials-resign-after-being-named-lawsuits-following-water-controversy
1314010539,20260717,202607,2026,2026.5397,TTO,TRINIDAD,TTO,,,,,,,,,,,,,,,,,,0,130,130,13,3,-4.4,3,1,3,-7.48407643312102,1,Trinidad And Tobago,TD,TD,,11,-61,TD,0,,,,,,,,1,Trinidad And Tobago,TD,TD,,11,-61,TD,20260717043000,https://www.fox4news.com/news/multiple-trinidad-officials-resign-after-being-named-lawsuits-following-water-controversy
1314010540,20260717,202607,2026,2026.5397,TTO,TRINIDAD AND TOBAGO,TTO,,,,,,,,,,,,,,,,,,0,173,173,17,4,-5.0,2,1,2,-7.48407643312102,1,Trinidad And Tobago,TD,TD,,11,-61,TD,0,,,,,,,,1,Trinidad And Tobago,TD,TD,,11,-61,TD,20260717043000,https://www.fox4news.com/news/multiple-trinidad-officials-resign-after-being-named-lawsuits-following-water-controversy
1314010541,20260717,202607,2026,2026.5397,TTO,TRINIDAD AND TOBAGO,TTO,,,,,,,,,,,,,,,,,,0,173,173,17,4,-5.0,2,1,2,-7.48407643312102,1,Trinidad And Tobago,TD,TD,,11,-61,TD,0,,,,,,,,2,"Texas, United States",US,USTX,,31.106,-97.6475,TX,20260717043000,https://www.fox4news.com/news/multiple-trinidad-officials-resign-after-being-named-lawsuits-following-water-controversy
1314010542,20260717,202607,2026,2026.5397,TTO,TRINIDAD,TTO,,,,,,,,JUD,JUDGE,,,,,,JUD,,,0,110,110,11,3,-2.0,8,1,8,-7.48407643312102,1,Trinidad And Tobago,TD,TD,,11,-61,TD,1,Trinidad And Tobago,TD,TD,,11,-61,TD,1,Trinidad And Tobago,TD,TD,,11,-61,TD,20260717043000,https://www.fox4news.com/news/multiple-trinidad-officials-resign-after-being-named-lawsuits-following-water-controversy
1314010543,20260717,202607,2026,2026.5397,TTO,TRINIDAD,TTO,,,,,,,,JUD,ATTORNEY,,,,,,JUD,,,0,130,130,13,3,-4.4,7,1,7,-7.48407643312102,1,Trinidad And Tobago,TD,TD,,11,-61,TD,1,Trinidad And Tobago,TD,TD,,11,-61,TD,1,Trinidad And Tobago,TD,TD,,11,-61,TD,20260717043000,https://www.fox4news.com/news/multiple-trinidad-officials-resign-after-being-named-lawsuits-following-water-controversy
1314010544,20260717,202607,2026,2026.5397,TTO,TRINIDAD AND TOBAGO,TTO,,,,,,,,USA,TEXAS,USA,,,,,,,,1,0214,021,02,1,3.4,4,1,4,-7.48407643312102,1,Trinidad And Tobago,TD,TD,,11,-61,TD,1,Trinidad And Tobago,TD,TD,,11,-61,TD,1,Trinidad And Tobago,TD,TD,,11,-61,TD,20260717043000,https://www.fox4news.com/news/multiple-trinidad-officials-resign-after-being-named-lawsuits-following-water-controversy
1314010545,20260717,202607,2026,2026.5397,TUR,TURKEY,TUR,,,,,,,,,,,,,,,,,,1,1712,171,17,4,-9.2,2,1,2,-5.46792849631966,4,"Pylos, Perifereia Peloponnisou, Greece",GR,GR62,16714,36.91,21.6986,-826268,0,,,,,,,,4,"Pylos, Perifereia Peloponnisou, Greece",GR,GR62,16714,36.91,21.6986,-826268,20260717043000,https://theconversation.com/the-odyssey-is-haunted-by-the-mysterious-sea-peoples-but-who-were-they-really-287686
1314010546,20260717,202607,2026,2026.5397,TWN,TAIWAN,TWN,,,,,,,,,,,,,,,,,,1,061,061,06,2,6.4,6,1,6,-1.0989010989011,4,"Taiwan Strait, Taiwan (general), Taiwan",TW,TW00,,24,119,-2637942,0,,,,,,,,4,"New Delhi, Delhi, India",IN,IN07,17911,28.6,77.2,-2106102,20260717043000,https://idrw.org/why-india-is-unlikely-to-offer-brahmos-missiles-to-taiwan-despite-growing-indo-pacific-tensions/
1314010547,20260717,202607,2026,2026.5397,TWN,TAIWAN,TWN,,,,,,,,,,,,,,,,,,0,072,072,07,2,8.3,6,1,6,-1.0989010989011,4,"Taiwan Strait, Taiwan (general), Taiwan",TW,TW00,,24,119,-2637942,0,,,,,,,,4,"Taipei, T'ai-pei, Taiwan",TW,TW03,13277,25.0478,121.532,-2637882,20260717043000,https://idrw.org/why-india-is-unlikely-to-offer-brahmos-missiles-to-taiwan-despite-growing-indo-pacific-tensions/
1314010548,20260717,202607,2026,2026.5397,TWN,TAIWAN,TWN,,,,,,,,,,,,,,,,,,0,072,072,07,2,8.3,4,1,4,-1.0989010989011,4,"Taiwan Strait, Taiwan (general), Taiwan",TW,TW00,,24,119,-2637942,0,,,,,,,,4,"Taiwan Strait, Taiwan (general), Taiwan",TW,TW00,,24,119,-2637942,20260717043000,https://idrw.org/why-india-is-unlikely-to-offer-brahmos-missiles-to-taiwan-despite-growing-indo-pacific-tensions/
1314010549,20260717,202607,2026,2026.5397,TWN,TAIPEI,TWN,,,,,,,,,,,,,,,,,,0,172,172,17,4,-5.0,7,1,7,3.37078651685393,4,"Taipei, T'ai-pei, Taiwan",TW,TW03,13277,25.0478,121.532,-2637882,0,,,,,,,,4,"Taipei, T'ai-pei, Taiwan",TW,TW03,13277,25.0478,121.532,-2637882,20260717043000,https://macaudailytimes.com.mo/sip-around-asia-returns-to-w-macau-studio-city-with-a-star-studded-bar-takeover.html
1314010550,20260717,202607,2026,2026.5397,TWN,TAIWAN,TWN,,,,,,,,GOV,PRESIDENT,,,,,,GOV,,,0,010,010,01,1,0.0,2,1,2,-6.4327485380117,1,Hong Kong,HK,HK,,22.25,114.166667,HK,1,Hong Kong,HK,HK,,22.25,114.166667,HK,1,China,CH,CH,,35,105,CH,20260717043000,https://lethbridgeherald.com/entertainment/entertainment-news/2026/07/16/hong-kong-official-says-booksellers-should-ensure-titles-wont-harm-national-security-after-arrests/
1314010551,20260717,202607,2026,2026.5397,TWN,TAIWAN,TWN,,,,,,,,GOV,PRESIDENT,,,,,,GOV,,,0,0841,084,08,2,7.0,2,1,2,-6.4327485380117,1,Hong Kong,HK,HK,,22.25,114.166667,HK,1,Hong Kong,HK,HK,,22.25,114.166667,HK,1,China,CH,CH,,35,105,CH,20260717043000,https://lethbridgeherald.com/entertainment/entertainment-news/2026/07/16/hong-kong-official-says-booksellers-should-ensure-titles-wont-harm-national-security-after-arrests/
1314010552,20260717,202607,2026,2026.5397,TWN,TAIWAN,TWN,,,,,,,,IND,NEW DELHI,IND,,,,,,,,0,0332,033,03,1,5.2,4,1,4,-1.0989010989011,4,"Taiwan Strait, Taiwan (general), Taiwan",TW,TW00,,24,119,-2637942,4,"New Delhi, Delhi, India",IN,IN07,17911,28.6,77.2,-2106102,4,"Taiwan Strait, Taiwan (general), Taiwan",TW,TW00,,24,119,-2637942,20260717043000,https://idrw.org/why-india-is-unlikely-to-offer-brahmos-missiles-to-taiwan-despite-growing-indo-pacific-tensions/
1314010553,20260717,202607,2026,2026.5397,TWN,TAIWAN,TWN,,,,,,,,SEA,SOUTHEAST ASIA,SEA,,,,,,,,0,0332,033,03,1,5.2,6,1,6,-1.0989010989011,4,"Taiwan Strait, Taiwan (general), Taiwan",TW,TW00,,24,119,-2637942,1,Philippines,RP,RP,,13,122,RP,4,"Taiwan Strait, Taiwan (general), Taiwan",TW,TW00,,24,119,-2637942,20260717043000,https://idrw.org/why-india-is-unlikely-to-offer-brahmos-missiles-to-taiwan-despite-growing-indo-pacific-tensions/
1314010554,20260717,202607,2026,2026.5397,TWN,TAIWAN,TWN,,,,,,,,SEA,SOUTHEAST ASIA,SEA,,,,,,,,0,050,050,05,1,3.5,10,1,10,-1.0989010989011,4,"Taiwan Strait, Taiwan (general), Taiwan",TW,TW00,,24,119,-2637942,1,Philippines,RP,RP,,13,122,RP,4,"New Delhi, Delhi, India",IN,IN07,17911,28.6,77.2,-2106102,20260717043000,https://idrw.org/why-india-is-unlikely-to-offer-brahmos-missiles-to-taiwan-despite-growing-indo-pacific-tensions/
1314010555,20260717,202607,2026,2026.5397,TZA,TANZANIA,TZA,,,,,,,,,,,,,,,,,,0,040,040,04,1,1.0,1,1,1,2.51256281407035,4,"Kilele, Singida, Tanzania",TZ,TZ16,18585,-4.21667,34.4833,-2565008,0,,,,,,,,4,"Nairobi, Nairobi Area, Kenya",KE,KE05,18585,-1.28333,36.8167,-2258072,20260717043000,https://africasacountry.com/2026/07/from-colonial-storage-to-open-access
1314010556,20260717,202607,2026,2026.5397,TZA,TANZANIA,TZA,,,,,,,,,,,,,,,,,,0,040,040,04,1,1.0,1,1,1,2.51256281407035,4,"Kilele, Singida, Tanzania",TZ,TZ16,18585,-4.21667,34.4833,-2565008,0,,,,,,,,4,"Kilele, Singida, Tanzania",TZ,TZ16,18585,-4.21667,34.4833,-2565008,20260717043000,https://africasacountry.com/2026/07/from-colonial-storage-to-open-access
1314010557,20260717,202607,2026,2026.5397,UAF,FIGHTER,,,,,,UAF,,,,,,,,,,,,,0,190,190,19,4,-10.0,2,1,2,0.10869565217391,4,"Chengdu, Sichuan, China",CH,CH32,13270,30.6667,104.067,-1900349,0,,,,,,,,4,"Chengdu, Sichuan, China",CH,CH32,13270,30.6667,104.067,-1900349,20260717043000,https://idrw.org/can-more-rafales-counter-chinas-500-j-20-fighters-why-india-needs-a-bigger-strategy/
1314010558,20260717,202607,2026,2026.5397,UAF,FIGHTER,,,,,,UAF,,,,,,,,,,,,,0,190,190,19,4,-10.0,8,1,8,0.10869565217391,4,"Chengdu, Sichuan, China",CH,CH32,13270,30.6667,104.067,-1900349,0,,,,,,,,4,"Netra, Gujarat, India",IN,IN09,17643,23.4,69.0667,-2106089,20260717043000,https://idrw.org/can-more-rafales-counter-chinas-500-j-20-fighters-why-india-needs-a-bigger-strategy/
1314010559,20260717,202607,2026,2026.5397,UAF,FIGHTER,,,,,,UAF,,,MIL,AIR FORCE,,,,,,MIL,,,0,190,190,19,4,-10.0,8,1,8,0.10869565217391,4,"Chengdu, Sichuan, China",CH,CH32,13270,30.6667,104.067,-1900349,4,"Chengdu, Sichuan, China",CH,CH32,13270,30.6667,104.067,-1900349,4,"Chengdu, Sichuan, China",CH,CH32,13270,30.6667,104.067,-1900349,20260717043000,https://idrw.org/can-more-rafales-counter-chinas-500-j-20-fighters-why-india-needs-a-bigger-strategy/
1314010560,20260717,202607,2026,2026.5397,UAF,FIGHTER,,,,,,UAF,,,MIL,AIR FORCE,,,,,,MIL,,,0,190,190,19,4,-10.0,2,1,2,0.10869565217391,4,"Chengdu, Sichuan, China",CH,CH32,13270,30.6667,104.067,-1900349,4,"Netra, Gujarat, India",IN,IN09,17643,23.4,69.0667,-2106089,4,"Chengdu, Sichuan, China",CH,CH32,13270,30.6667,104.067,-1900349,20260717043000,https://idrw.org/can-more-rafales-counter-chinas-500-j-20-fighters-why-india-needs-a-bigger-strategy/
1314010561,20260717,202607,2026,2026.5397,UAF,TERRORIST,,,,,,UAF,,,USA,UNITED STATES,USA,,,,,,,,1,051,051,05,1,3.4,5,1,5,-7.44010088272383,3,"Washington, District of Columbia, United States",US,USDC,DC001,38.8951,-77.0364,531871,3,"Washington, District of Columbia, United States",US,USDC,DC001,38.8951,-77.0364,531871,3,"Washington, District of Columbia, United States",US,USDC,DC001,38.8951,-77.0364,531871,20260717043000,https://www.moneycontrol.com/world/us-targets-far-left-terrorists-with-new-visa-curbs-who-could-be-denied-entry-article-13976303.html
1314010562,20260717,202607,2026,2026.5397,UKR,UKRAINE,UKR,,,,,,,,,,,,,,,,,,0,190,190,19,4,-10.0,3,1,3,-4.94011976047904,4,"Oleksandrivka, Odes'ka Oblast, Ukraine",UP,UP17,28558,45.8917,28.9494,-1034099,0,,,,,,,,4,"Oleksandrivka, Odes'ka Oblast, Ukraine",UP,UP17,28558,45.8917,28.9494,-1034099,20260717043000,https://www.dailykos.com/stories/2026/7/16/800070724/community/1604/
1314010563,20260717,202607,2026,2026.5397,UKR,UKRAINE,UKR,,,,,,,,,,,,,,,,,,0,190,190,19,4,-10.0,1,1,1,-4.94011976047904,4,"Myrne, Krym, Avtonomna Respublika, Ukraine",UP,UP11,28553,44.9843,34.058,10431793,0,,,,,,,,4,"Tsvitkove, Krym, Avtonomna Respublika, Ukraine",UP,UP11,28553,45.3135,34.1634,-1056790,20260717043000,https://www.dailykos.com/stories/2026/7/16/800070724/community/1604/
1314010564,20260717,202607,2026,2026.5397,UKR,UKRAINIAN,UKR,,,,,,,,BUS,COMPANY,,,,,,BUS,,,0,051,051,05,1,3.4,2,1,2,-4.94011976047904,4,"Orikhiv, Zaporiz'ka Oblast', Ukraine",UP,UP26,28566,47.5673,35.7857,-1049405,4,"Bilohirya, Zaporiz'ka Oblast', Ukraine",UP,UP26,28566,47.5264,35.9762,-1035205,4,"Bilohirya, Zaporiz'ka Oblast', Ukraine",UP,UP26,28566,47.5264,35.9762,-1035205,20260717043000,https://www.dailykos.com/stories/2026/7/16/800070724/community/1604/
1314010565,20260717,202607,2026,2026.5397,UKR,UKRAINIAN,UKR,,,,,,,,BUS,COMPANY,,,,,,BUS,,,0,051,051,05,1,3.4,8,1,8,-4.94011976047904,4,"Dnipro, Ukraine (general), Ukraine",UP,UP00,28557,46.4975,32.3086,-2902197,4,"Dnipro, Ukraine (general), Ukraine",UP,UP00,28557,46.4975,32.3086,-2902197,4,"Dnipro, Ukraine (general), Ukraine",UP,UP00,28557,46.4975,32.3086,-2902197,20260717043000,https://www.dailykos.com/stories/2026/7/16/800070724/community/1604/
1314010566,20260717,202607,2026,2026.5397,UKR,UKRAINIAN,UKR,,,,,,,,BUS,COMPANY,,,,,,BUS,,,0,060,060,06,2,6.0,2,1,2,-4.94011976047904,4,"Orikhiv, Zaporiz'ka Oblast', Ukraine",UP,UP26,28566,47.5673,35.7857,-1049405,4,"Bilohirya, Zaporiz'ka Oblast', Ukraine",UP,UP26,28566,47.5264,35.9762,-1035205,4,"Bilohirya, Zaporiz'ka Oblast', Ukraine",UP,UP26,28566,47.5264,35.9762,-1035205,20260717043000,https://www.dailykos.com/stories/2026/7/16/800070724/community/1604/
1314010567,20260717,202607,2026,2026.5397,UKR,UKRAINIAN,UKR,,,,,,,,BUS,COMPANY,,,,,,BUS,,,0,060,060,06,2,6.0,8,1,8,-4.94011976047904,4,"Dnipro, Ukraine (general), Ukraine",UP,UP00,28557,46.4975,32.3086,-2902197,4,"Dnipro, Ukraine (general), Ukraine",UP,UP00,28557,46.4975,32.3086,-2902197,4,"Dnipro, Ukraine (general), Ukraine",UP,UP00,28557,46.4975,32.3086,-2902197,20260717043000,https://www.dailykos.com/stories/2026/7/16/800070724/community/1604/
1314010568,20260717,202607,2026,2026.5397,UKR,UKRAINE,UKR,,,,,,,,GOVMIL,DEFENSE MINIST,,,,,,GOV,MIL,,1,141,141,14,3,-6.5,2,1,2,-4.94011976047904,4,"Kharkiv, Kharkivs'ka Oblast', Ukraine",UP,UP07,25036,49.9808,36.2527,-1041320,4,"Kharkiv, Kharkivs'ka Oblast', Ukraine",UP,UP07,25036,49.9808,36.2527,-1041320,4,"Kharkiv, Kharkivs'ka Oblast', Ukraine",UP,UP07,25036,49.9808,36.2527,-1041320,20260717043000,https://www.dailykos.com/stories/2026/7/16/800070724/community/1604/
1314010569,20260717,202607,2026,2026.5397,UKR,UKRAINE,UKR,,,,,,,,GOVMIL,DEFENSE MINIST,,,,,,GOV,MIL,,1,141,141,14,3,-6.5,2,1,2,-4.94011976047904,4,"Kyiv, Kyyiv, Misto, Ukraine",UP,UP12,28554,50.4333,30.5167,-1044367,4,"Kyiv, Kyyiv, Misto, Ukraine",UP,UP12,28554,50.4333,30.5167,-1044367,4,"Kyiv, Kyyiv, Misto, Ukraine",UP,UP12,28554,50.4333,30.5167,-1044367,20260717043000,https://www.dailykos.com/stories/2026/7/16/800070724/community/1604/
1314010570,20260717,202607,2026,2026.5397,UKR,UKRAINIAN,UKR,,,,,,,,MILMIL,COLONEL,,,,,,MIL,MIL,,0,0831,083,08,2,5.0,2,1,2,-4.94011976047904,4,"Kharkiv, Kharkivs'ka Oblast', Ukraine",UP,UP07,25036,49.9808,36.2527,-1041320,4,"Kharkiv, Kharkivs'ka Oblast', Ukraine",UP,UP07,25036,49.9808,36.2527,-1041320,4,"Kharkiv, Kharkivs'ka Oblast', Ukraine",UP,UP07,25036,49.9808,36.2527,-1041320,20260717043000,https://www.dailykos.com/stories/2026/7/16/800070724/community/1604/
1314010571,20260717,202607,2026,2026.5397,UKR,UKRAINIAN,UKR,,,,,,,,MILMIL,COLONEL,,,,,,MIL,MIL,,0,110,110,11,3,-2.0,2,1,2,-4.94011976047904,4,"Kharkiv, Kharkivs'ka Oblast', Ukraine",UP,UP07,25036,49.9808,36.2527,-1041320,4,"Kharkiv, Kharkivs'ka Oblast', Ukraine",UP,UP07,25036,49.9808,36.2527,-1041320,4,"Kharkiv, Kharkivs'ka Oblast', Ukraine",UP,UP07,25036,49.9808,36.2527,-1041320,20260717043000,https://www.dailykos.com/stories/2026/7/16/800070724/community/1604/
1314010572,20260717,202607,2026,2026.5397,UKR,UKRAINE,UKR,,,,,,,,RUS,RUSSIA,RUS,,,,,,,,1,040,040,04,1,1.0,1,1,1,-4.94011976047904,4,"Khatne, Kharkivs'ka Oblast', Ukraine",UP,UP07,25036,50.1225,37.5655,-1041346,5,"Rostov Oblast, Rostovskaya Oblast', Russia",RS,RS61,25090,47,42,-2993228,4,"Black Sea, Oceans (general), Oceans",OS,OS00,,43,35,-1506338,20260717043000,https://www.dailykos.com/stories/2026/7/16/800070724/community/1604/
1314010573,20260717,202607,2026,2026.5397,UKR,UKRAINE,UKR,,,,,,,,RUS,RUSSIA,RUS,,,,,,,,1,040,040,04,1,1.0,1,1,1,-4.94011976047904,4,"Khatne, Kharkivs'ka Oblast', Ukraine",UP,UP07,25036,50.1225,37.5655,-1041346,5,"Rostov Oblast, Rostovskaya Oblast', Russia",RS,RS61,25090,47,42,-2993228,5,"Rostov Oblast, Rostovskaya Oblast', Russia",RS,RS61,25090,47,42,-2993228,20260717043000,https://www.dailykos.com/stories/2026/7/16/800070724/community/1604/
1314010574,20260717,202607,2026,2026.5397,UKR,CRIMEA,UKR,,,,,,,,RUS,RUSSIA,RUS,,,,,,,,0,100,100,10,3,-5.0,1,1,1,-4.94011976047904,4,"Kursk, Kurskaya Oblast', Russia",RS,RS41,25068,51.7373,36.1873,-2941648,4,"Kursk, Kurskaya Oblast', Russia",RS,RS41,25068,51.7373,36.1873,-2941648,4,"Kursk, Kurskaya Oblast', Russia",RS,RS41,25068,51.7373,36.1873,-2941648,20260717043000,https://www.dailykos.com/stories/2026/7/16/800070724/community/1604/
1314010575,20260717,202607,2026,2026.5397,UKR,CRIMEA,UKR,,,,,,,,RUS,RUSSIA,RUS,,,,,,,,0,100,100,10,3,-5.0,1,1,1,-4.94011976047904,5,"Rostov Oblast, Rostovskaya Oblast', Russia",RS,RS61,25090,47,42,-2993228,4,"Khatne, Kharkivs'ka Oblast', Ukraine",UP,UP07,25036,50.1225,37.5655,-1041346,4,"Khatne, Kharkivs'ka Oblast', Ukraine",UP,UP07,25036,50.1225,37.5655,-1041346,20260717043000,https://www.dailykos.com/stories/2026/7/16/800070724/community/1604/
1314010576,20260717,202607,2026,2026.5397,UKR,UKRAINIAN,UKR,,,,,,,,RUS,RUSSIAN,RUS,,,,,,,,1,110,110,11,3,-2.0,1,1,1,-4.94011976047904,4,"Khatne, Kharkivs'ka Oblast', Ukraine",UP,UP07,25036,50.1225,37.5655,-1041346,4,"Khatne, Kharkivs'ka Oblast', Ukraine",UP,UP07,25036,50.1225,37.5655,-1041346,4,"Khatne, Kharkivs'ka Oblast', Ukraine",UP,UP07,25036,50.1225,37.5655,-1041346,20260717043000,https://www.dailykos.com/stories/2026/7/16/800070724/community/1604/
1314010577,20260717,202607,2026,2026.5397,UKR,UKRAINIAN,UKR,,,,,,,,RUS,RUSSIAN,RUS,,,,,,,,1,110,110,11,3,-2.0,1,1,1,-4.94011976047904,4,"Khatne, Kharkivs'ka Oblast', Ukraine",UP,UP07,25036,50.1225,37.5655,-1041346,5,"Rostov Oblast, Rostovskaya Oblast', Russia",RS,RS61,25090,47,42,-2993228,5,"Rostov Oblast, Rostovskaya Oblast', Russia",RS,RS61,25090,47,42,-2993228,20260717043000,https://www.dailykos.com/stories/2026/7/16/800070724/community/1604/
1314010578,20260717,202607,2026,2026.5397,UKR,UKRAINE,UKR,,,,,,,,RUS,RUSSIA,RUS,,,,,,,,0,190,190,19,4,-10.0,1,1,1,-4.94011976047904,4,"Dibrova, Volyns'ka Oblast', Ukraine",UP,UP24,28564,51.7377,25.1298,-1038076,4,"Ozerne, Zhytomyrs'ka Oblast', Ukraine",UP,UP27,28567,50.1782,28.7338,-1049732,4,"Ozerne, Zhytomyrs'ka Oblast', Ukraine",UP,UP27,28567,50.1782,28.7338,-1049732,20260717043000,https://www.dailykos.com/stories/2026/7/16/800070724/community/1604/
1314010579,20260717,202607,2026,2026.5397,UKR,UKRAINIAN,UKR,,,,,,,,RUS,RUSSIAN,RUS,,,,,,,,1,190,190,19,4,-10.0,1,1,1,-4.94011976047904,4,"Khatne, Kharkivs'ka Oblast', Ukraine",UP,UP07,25036,50.1225,37.5655,-1041346,4,"Khatne, Kharkivs'ka Oblast', Ukraine",UP,UP07,25036,50.1225,37.5655,-1041346,4,"Khatne, Kharkivs'ka Oblast', Ukraine",UP,UP07,25036,50.1225,37.5655,-1041346,20260717043000,https://www.dailykos.com/stories/2026/7/16/800070724/community/1604/
1314010580,20260717,202607,2026,2026.5397,UKR,UKRAINIAN,UKR,,,,,,,,RUS,RUSSIAN,RUS,,,,,,,,1,190,190,19,4,-10.0,1,1,1,-4.94011976047904,4,"Khatne, Kharkivs'ka Oblast', Ukraine",UP,UP07,25036,50.1225,37.5655,-1041346,5,"Rostov Oblast, Rostovskaya Oblast', Russia",RS,RS61,25090,47,42,-2993228,5,"Rostov Oblast, Rostovskaya Oblast', Russia",RS,RS61,25090,47,42,-2993228,20260717043000,https://www.dailykos.com/stories/2026/7/16/800070724/community/1604/
1314010581,20260717,202607,2026,2026.5397,UKR,UKRAINE,UKR,,,,,,,,RUS,RUSSIA,RUS,,,,,,,,0,190,190,19,4,-10.0,3,1,3,-4.94011976047904,4,"Kramatorsk, Donets'ka Oblast', Ukraine",UP,UP05,28549,48.723,37.5563,-1043300,4,"Pokrovsk, Mordoviya, Russia",RS,RS46,25110,54.768,45.837,-2985097,4,"Tykhonivka, Krym, Avtonomna Respublika, Ukraine",UP,UP11,28553,45.4954,33.5602,10502324,20260717043000,https://www.dailykos.com/stories/2026/7/16/800070724/community/1604/
1314010582,20260717,202607,2026,2026.5397,UKR,UKRAINIAN,UKR,,,,,,,,RUSMIL,RUSSIAN,RUS,,,,,MIL,,,1,110,110,11,3,-2.0,6,1,6,-4.94011976047904,4,"Khatne, Kharkivs'ka Oblast', Ukraine",UP,UP07,25036,50.1225,37.5655,-1041346,5,"Rostov Oblast, Rostovskaya Oblast', Russia",RS,RS61,25090,47,42,-2993228,5,"Rostov Oblast, Rostovskaya Oblast', Russia",RS,RS61,25090,47,42,-2993228,20260717043000,https://www.dailykos.com/stories/2026/7/16/800070724/community/1604/
1314010583,20260717,202607,2026,2026.5397,UKR,UKRAINIAN,UKR,,,,,,,,RUSMIL,RUSSIAN,RUS,,,,,MIL,,,1,190,190,19,4,-10.0,6,1,6,-4.94011976047904,4,"Khatne, Kharkivs'ka Oblast', Ukraine",UP,UP07,25036,50.1225,37.5655,-1041346,5,"Rostov Oblast, Rostovskaya Oblast', Russia",RS,RS61,25090,47,42,-2993228,5,"Rostov Oblast, Rostovskaya Oblast', Russia",RS,RS61,25090,47,42,-2993228,20260717043000,https://www.dailykos.com/stories/2026/7/16/800070724/community/1604/
1314010584,20260717,202607,2026,2026.5397,UKR,UKRAINIAN,UKR,,,,,,,,UKRMIL,UKRAINE,UKR,,,,,MIL,,,0,0831,083,08,2,5.0,2,1,2,-4.94011976047904,4,"Kyiv, Kyyiv, Misto, Ukraine",UP,UP12,28554,50.4333,30.5167,-1044367,4,"Kyiv, Kyyiv, Misto, Ukraine",UP,UP12,28554,50.4333,30.5167,-1044367,4,"Kyiv, Kyyiv, Misto, Ukraine",UP,UP12,28554,50.4333,30.5167,-1044367,20260717043000,https://www.dailykos.com/stories/2026/7/16/800070724/community/1604/
1314010585,20260717,202607,2026,2026.5397,UKRMIL,UKRAINIAN,UKR,,,,,MIL,,,MILMIL,COLONEL,,,,,,MIL,MIL,,0,0831,083,08,2,5.0,6,1,6,-4.94011976047904,4,"Kharkiv, Kharkivs'ka Oblast', Ukraine",UP,UP07,25036,49.9808,36.2527,-1041320,4,"Kharkiv, Kharkivs'ka Oblast', Ukraine",UP,UP07,25036,49.9808,36.2527,-1041320,4,"Kharkiv, Kharkivs'ka Oblast', Ukraine",UP,UP07,25036,49.9808,36.2527,-1041320,20260717043000,https://www.dailykos.com/stories/2026/7/16/800070724/community/1604/
1314010586,20260717,202607,2026,2026.5397,UKRMIL,UKRAINIAN,UKR,,,,,MIL,,,MILMIL,COLONEL,,,,,,MIL,MIL,,0,110,110,11,3,-2.0,6,1,6,-4.94011976047904,4,"Kharkiv, Kharkivs'ka Oblast', Ukraine",UP,UP07,25036,49.9808,36.2527,-1041320,4,"Kharkiv, Kharkivs'ka Oblast', Ukraine",UP,UP07,25036,49.9808,36.2527,-1041320,4,"Kharkiv, Kharkivs'ka Oblast', Ukraine",UP,UP07,25036,49.9808,36.2527,-1041320,20260717043000,https://www.dailykos.com/stories/2026/7/16/800070724/community/1604/
1314010587,20260717,202607,2026,2026.5397,USA,UNITED STATES,USA,,,,,,,,,,,,,,,,,,0,010,010,01,1,0.0,2,1,2,0.26501766784452,3,"Salt Lake, Utah, United States",US,USUT,UT027,39.1559,-112.691,1436291,0,,,,,,,,3,"Snowville, Utah, United States",US,USUT,UT003,41.9655,-112.71,1432604,20260717043000,https://www.fox13now.com/news/fox-13-investigates/heres-how-much-water-kevin-olearys-partner-says-data-center-will-use-and-what-it-could-mean-for-utah
1314010588,20260717,202607,2026,2026.5397,USA,UNITED STATES,USA,,,,,,,,,,,,,,,,,,0,010,010,01,1,0.0,1,1,1,0.26501766784452,3,"Salt Lake, Utah, United States",US,USUT,UT027,39.1559,-112.691,1436291,0,,,,,,,,3,"Salt Lake, Utah, United States",US,USUT,,39.1559,-112.691,1436291,20260717043000,https://www.fox13now.com/news/fox-13-investigates/heres-how-much-water-kevin-olearys-partner-says-data-center-will-use-and-what-it-could-mean-for-utah
1314010589,20260717,202607,2026,2026.5397,USA,SAN DIEGO,USA,,,,,,,,,,,,,,,,,,1,010,010,01,1,0.0,10,1,10,-1.27591706539075,3,"Cajon, California, United States",US,USCA,CA071,34.2989,-117.456,1660408,0,,,,,,,,3,"Cajon, California, United States",US,USCA,CA071,34.2989,-117.456,1660408,20260717043000,https://www.10news.com/news/local-news/city-of-el-cajon-decides-not-to-pursue-a-multi-million-dollar-grant-addressing-homeless-encampments
1314010590,20260717,202607,2026,2026.5397,USA,UNITED STATES,USA,,,,,,,,,,,,,,,,,,0,010,010,01,1,0.0,2,1,2,-1.27591706539075,3,"City Of Encinitas, California, United States",US,USCA,CA073,33.0489,-117.262,2410440,0,,,,,,,,3,"San Diego, California, United States",US,USCA,,32.7153,-117.157,1661377,20260717043000,https://www.10news.com/news/local-news/city-of-el-cajon-decides-not-to-pursue-a-multi-million-dollar-grant-addressing-homeless-encampments
1314010591,20260717,202607,2026,2026.5397,USA,UNITED STATES,USA,,,,,,,,,,,,,,,,,,1,010,010,01,1,0.0,2,1,2,-5.2757793764988,3,"Biddeford, Maine, United States",US,USME,ME031,43.4926,-70.4534,562119,0,,,,,,,,3,"Biddeford, Maine, United States",US,USME,ME031,43.4926,-70.4534,562119,20260717043000,https://www.thedailybeast.com/killer-ice-agent-exposed-as-bipolar-wife-beating-monster/
1314010592,20260717,202607,2026,2026.5397,USA,AMERICAN,USA,,,,,,,,,,,,,,,,,,1,010,010,01,1,0.0,2,1,2,-1.71526586620926,1,India,IN,IN,,20,77,IN,0,,,,,,,,1,India,IN,IN,,20,77,IN,20260717043000,https://www.thedailybeast.com/barack-obama-takes-shot-at-jd-vance-over-marriage-hypocrisy/
1314010593,20260717,202607,2026,2026.5397,USA,UNITED STATES,USA,,,,,,,,,,,,,,,,,,1,010,010,01,1,0.0,2,1,2,-1.82815356489945,1,Japan,JA,JA,,36,138,JA,0,,,,,,,,1,Japan,JA,JA,,36,138,JA,20260717043000,https://www.asahi.com/ajw/articles/16734036
1314010594,20260717,202607,2026,2026.5397,USA,UNITED STATES,USA,,,,,,,,,,,,,,,,,,1,010,010,01,1,0.0,4,1,4,1.22699386503068,2,"Utah, United States",US,USUT,,40.1135,-111.854,UT,0,,,,,,,,2,"Utah, United States",US,USUT,,40.1135,-111.854,UT,20260717043000,https://www.enstarz.com/articles/245667/20260716/katherine-heigl-leaving-utah-home-where-she-raised-her-family-now-listed-106-million.htm
1314010595,20260717,202607,2026,2026.5397,USA,UNITED STATES,USA,,,,,,,,,,,,,,,,,,1,011,011,01,1,-0.1,4,1,4,-3.58744394618835,3,"White House, District of Columbia, United States",US,USDC,,38.8951,-77.0364,531871,0,,,,,,,,2,"Oklahoma, United States",US,USOK,,35.5376,-96.9247,OK,20260717043000,https://www.thedailybeast.com/trump-assembles-disgraced-election-deniers-before-crackpot-election-security-speech/
1314010596,20260717,202607,2026,2026.5397,USA,UNITED STATES,USA,,,,,,,,,,,,,,,,,,0,015,015,01,1,0.0,6,1,4,-9.1468101460415,3,"Miami, Florida, United States",US,USFL,FL086,25.7743,-80.1937,295004,0,,,,,,,,3,"Miami, Florida, United States",US,USFL,FL086,25.7743,-80.1937,295004,20260717043000,https://www.accountingtoday.com/news/tax-fraud-blotter-win-some-lose-some
1314010597,20260717,202607,2026,2026.5397,USA,MIAMI,USA,,,,,,,,,,,,,,,,,,0,015,015,01,1,0.0,8,1,8,-9.1468101460415,3,"Miami, Florida, United States",US,USFL,FL086,25.7743,-80.1937,295004,0,,,,,,,,2,"Florida, United States",US,USFL,,27.8333,-81.717,FL,20260717043000,https://www.accountingtoday.com/news/tax-fraud-blotter-win-some-lose-some
1314010598,20260717,202607,2026,2026.5397,USA,UNITED STATES,USA,,,,,,,,,,,,,,,,,,1,016,016,01,1,-2.0,2,1,2,-1.80436847103514,2,"Maine, United States",US,USME,,44.6074,-69.3977,ME,0,,,,,,,,2,"Maine, United States",US,USME,,44.6074,-69.3977,ME,20260717043000,https://www.pressherald.com/2026/07/16/senate-candidates-make-their-case-to-replace-graham-platner-in-first-debate/
1314010599,20260717,202607,2026,2026.5397,USA,UNITED STATES,USA,,,,,,,,,,,,,,,,,,1,020,020,02,1,3.0,1,1,1,-3.77833753148615,3,"Muskegon, Michigan, United States",US,USMI,MI121,43.2342,-86.2484,1620963,0,,,,,,,,3,"Muskegon, Michigan, United States",US,USMI,MI121,43.2342,-86.2484,1620963,20260717043000,https://bridgemi.com/uncategorized/fact-check-president-trump-seeks-probe-of-2020-muskegon-voter-fraud/
1314010600,20260717,202607,2026,2026.5397,USA,UNITED STATES,USA,,,,,,,,,,,,,,,,,,1,020,020,02,1,3.0,6,1,6,-2.67591674925669,3,"Chanhassen, Minnesota, United States",US,USMN,MN019,44.8622,-93.5308,641106,0,,,,,,,,3,"Chanhassen, Minnesota, United States",US,USMN,MN019,44.8622,-93.5308,641106,20260717043000,http://www.minnpost.com/environment/2026/07/the-smoky-season-in-minnesota-has-just-begun/
1314010601,20260717,202607,2026,2026.5397,USA,MAINE,USA,,,,,,,,,,,,,,,,,,0,020,020,02,1,3.0,6,1,6,-1.80436847103514,2,"Maine, United States",US,USME,,44.6074,-69.3977,ME,0,,,,,,,,3,"Biddeford, Maine, United States",US,USME,ME031,43.4926,-70.4534,562119,20260717043000,https://www.pressherald.com/2026/07/16/senate-candidates-make-their-case-to-replace-graham-platner-in-first-debate/
1314010602,20260717,202607,2026,2026.5397,USA,UNITED STATES,USA,,,,,,,,,,,,,,,,,,0,020,020,02,1,3.0,1,1,1,0.26501766784452,2,"Virginia, United States",US,USVA,,37.768,-78.2057,VA,0,,,,,,,,3,"Salt Lake, Utah, United States",US,USUT,,39.1559,-112.691,1436291,20260717043000,https://www.fox13now.com/news/fox-13-investigates/heres-how-much-water-kevin-olearys-partner-says-data-center-will-use-and-what-it-could-mean-for-utah
1314010603,20260717,202607,2026,2026.5397,USA,TEXAS,USA,,,,,,,,,,,,,,,,,,1,0214,021,02,1,3.4,6,1,6,-7.48407643312102,1,Trinidad And Tobago,TD,TD,,11,-61,TD,0,,,,,,,,1,Trinidad And Tobago,TD,TD,,11,-61,TD,20260717043000,https://www.fox4news.com/news/multiple-trinidad-officials-resign-after-being-named-lawsuits-following-water-controversy
1314010604,20260717,202607,2026,2026.5397,USA,AMERICAN,USA,,,,,,,,,,,,,,,,,,1,023,023,02,1,3.4,3,1,3,-2.10084033613445,1,Israel,IS,IS,,31.5,34.75,IS,0,,,,,,,,1,Israel,IS,IS,,31.5,34.75,IS,20260717043000,https://www.antiwar.com/blog/2026/07/16/stop-the-presses-congress-denies-netanyahu-something-he-asked-for/
1314010605,20260717,202607,2026,2026.5397,USA,CALIFORNIA,USA,,,,,,,,,,,,,,,,,,1,030,030,03,1,4.0,3,1,3,-0.32025620496397,1,France,FR,FR,,46,2,FR,0,,,,,,,,1,France,FR,FR,,46,2,FR,20260717043000,https://www.dailymail.com/tvshowbiz/article-15983835/angelina-jolie-life-change-kids-twins-vivienne-knox.html
1314010606,20260717,202607,2026,2026.5397,USA,UNITED STATES,USA,,,,,,,,,,,,,,,,,,0,036,036,03,1,4.0,2,1,2,3.21931589537223,3,"Hollywood, California, United States",US,USCA,CA037,34.0983,-118.327,1660757,0,,,,,,,,3,"Hollywood, California, United States",US,USCA,CA037,34.0983,-118.327,1660757,20260717043000,https://www.moneycontrol.com/entertainment/anne-hathaway-gets-teary-eyed-after-receiving-the-odyssey-inspired-baby-gift-article-13976243.html
1314010607,20260717,202607,2026,2026.5397,USA,VIRGINIA,USA,,,,,,,,,,,,,,,,,,1,036,036,03,1,4.0,2,1,2,3.20512820512821,2,"Mississippi, United States",US,USMS,,32.7673,-89.6812,MS,0,,,,,,,,2,"Virginia, United States",US,USVA,,37.768,-78.2057,VA,20260717043000,https://www.wxxv25.com/mdot-roadeo-showcases-equipment-operators-skills-in-gulfport/
1314010608,20260717,202607,2026,2026.5397,USA,UNITED STATES,USA,,,,,,,,,,,,,,,,,,0,040,040,04,1,1.0,2,1,2,2.97520661157025,4,"London, London, City of, United Kingdom",UK,UKH9,40110,51.5,-0.116667,-2601889,0,,,,,,,,4,"London, London, City of, United Kingdom",UK,UKH9,40110,51.5,-0.116667,-2601889,20260717043000,https://www.moneycontrol.com/entertainment/the-odyssey-director-christopher-nolan-net-worth-rs-2-410-crore-kingdom-luxurious-properties-cars-and-more-article-13976288.html
1314010609,20260717,202607,2026,2026.5397,USA,UNITED STATES,USA,,,,,,,,,,,,,,,,,,1,040,040,04,1,1.0,3,1,3,-0.8695652173913,2,"Minnesota, United States",US,USMN,,45.7326,-93.9196,MN,0,,,,,,,,2,"Minnesota, United States",US,USMN,,45.7326,-93.9196,MN,20260717043000,http://www.minnpost.com/newsletter/what-does-a-state-auditor-do/
1314010610,20260717,202607,2026,2026.5397,USA,UNITED STATES,USA,,,,,,,,,,,,,,,,,,1,042,042,04,1,1.9,2,1,2,4.48,3,"New Orleans, Louisiana, United States",US,USLA,LA071,29.9546,-90.0751,1629985,0,,,,,,,,3,"New Orleans, Louisiana, United States",US,USLA,,29.9546,-90.0751,1629985,20260717043000,https://thebeatdfw.com/4537833/tales-of-the-cocktail-2026-kicks-off-next-week-new-orleans/
1314010611,20260717,202607,2026,2026.5397,USA,UNITED STATES,USA,,,,,,,,,,,,,,,,,,1,043,043,04,1,2.8,2,1,2,3.21931589537223,3,"Hollywood, California, United States",US,USCA,CA037,34.0983,-118.327,1660757,0,,,,,,,,3,"Hollywood, California, United States",US,USCA,CA037,34.0983,-118.327,1660757,20260717043000,https://www.moneycontrol.com/entertainment/anne-hathaway-gets-teary-eyed-after-receiving-the-odyssey-inspired-baby-gift-article-13976243.html
1314010612,20260717,202607,2026,2026.5397,USA,UNITED STATES,USA,,,,,,,,,,,,,,,,,,0,043,043,04,1,2.8,6,1,6,-9.1468101460415,3,"Decatur, Illinois, United States",US,USIL,IL115,39.8403,-88.9548,407044,0,,,,,,,,3,"Decatur, Illinois, United States",US,USIL,IL115,39.8403,-88.9548,407044,20260717043000,https://www.accountingtoday.com/news/tax-fraud-blotter-win-some-lose-some
1314010613,20260717,202607,2026,2026.5397,USA,UNITED STATES,USA,,,,,,,,,,,,,,,,,,0,043,043,04,1,2.8,2,1,2,-9.1468101460415,3,"Decatur, Illinois, United States",US,USIL,IL115,39.8403,-88.9548,407044,0,,,,,,,,1,Israel,IS,IS,,31.5,34.75,IS,20260717043000,https://www.accountingtoday.com/news/tax-fraud-blotter-win-some-lose-some
1314010614,20260717,202607,2026,2026.5397,USA,MAINE,USA,,,,,,,,,,,,,,,,,,0,043,043,04,1,2.8,2,1,2,-4.87540628385699,1,Colombia,CO,CO,,4,-72,CO,0,,,,,,,,1,Colombia,CO,CO,,4,-72,CO,20260717043000,https://www.abc.net.au/news/2026-07-17/ice-officer-maine-shooting-history-of-violence-allegations/106926976
1314010615,20260717,202607,2026,2026.5397,USA,UNITED STATES,USA,,,,,,,,,,,,,,,,,,0,043,043,04,1,2.8,2,1,2,-9.1468101460415,2,"Illinois, United States",US,USIL,,40.3363,-89.0022,IL,0,,,,,,,,2,"Illinois, United States",US,USIL,,40.3363,-89.0022,IL,20260717043000,https://www.accountingtoday.com/news/tax-fraud-blotter-win-some-lose-some
1314010616,20260717,202607,2026,2026.5397,USA,UNITED STATES,USA,,,,,,,,,,,,,,,,,,0,050,050,05,1,3.5,4,1,4,-9.1468101460415,2,"Florida, United States",US,USFL,,27.8333,-81.717,FL,0,,,,,,,,2,"Florida, United States",US,USFL,,27.8333,-81.717,FL,20260717043000,https://www.accountingtoday.com/news/tax-fraud-blotter-win-some-lose-some
1314010617,20260717,202607,2026,2026.5397,USA,UNITED STATES,USA,,,,,,,,,,,,,,,,,,1,051,051,05,1,3.4,4,1,4,-1.27591706539075,3,"Cajon, California, United States",US,USCA,CA071,34.2989,-117.456,1660408,0,,,,,,,,3,"Cajon, California, United States",US,USCA,CA071,34.2989,-117.456,1660408,20260717043000,https://www.10news.com/news/local-news/city-of-el-cajon-decides-not-to-pursue-a-multi-million-dollar-grant-addressing-homeless-encampments
1314010618,20260717,202607,2026,2026.5397,USA,CALIFORNIA,USA,,,,,,,,,,,,,,,,,,1,060,060,06,2,6.0,10,1,10,-6.98689956331878,2,"California, United States",US,USCA,,36.17,-119.746,CA,0,,,,,,,,2,"California, United States",US,USCA,,36.17,-119.746,CA,20260717043000,https://krcrtv.com/news/local/rough-draft-marijuana-rticle
1314010619,20260717,202607,2026,2026.5397,USA,UNITED STATES,USA,,,,,,,,,,,,,,,,,,1,071,071,07,2,7.4,2,1,2,-9.1468101460415,2,"New Hampshire, United States",US,USNH,,43.4108,-71.5653,NH,0,,,,,,,,2,"New Hampshire, United States",US,USNH,,43.4108,-71.5653,NH,20260717043000,https://www.accountingtoday.com/news/tax-fraud-blotter-win-some-lose-some
1314010620,20260717,202607,2026,2026.5397,USA,UNITED STATES,USA,,,,,,,,,,,,,,,,,,0,1053,105,10,3,-5.0,2,1,2,-9.1468101460415,2,"Florida, United States",US,USFL,,27.8333,-81.717,FL,0,,,,,,,,2,"Florida, United States",US,USFL,,27.8333,-81.717,FL,20260717043000,https://www.accountingtoday.com/news/tax-fraud-blotter-win-some-lose-some
1314010621,20260717,202607,2026,2026.5397,USA,ILLINOIS,USA,,,,,,,,,,,,,,,,,,1,110,110,11,3,-2.0,5,1,5,-9.06949352179031,3,"Urbana, Illinois, United States",US,USIL,IL019,40.1106,-88.2073,420182,0,,,,,,,,3,"Champaign County, Illinois, United States",US,USIL,,40.1334,-88.2001,424211,20260717043000,https://www.1049thewolf.com/2026/07/16/state-rep-carol-ammons-husband-plead-not-guilty-to-corruption-charges/
1314010622,20260717,202607,2026,2026.5397,USA,ILLINOIS,USA,,,,,,,,,,,,,,,,,,1,110,110,11,3,-2.0,1,1,1,-9.06949352179031,2,"Illinois, United States",US,USIL,,40.3363,-89.0022,IL,0,,,,,,,,3,"Champaign County, Illinois, United States",US,USIL,,40.1334,-88.2001,424211,20260717043000,https://www.1049thewolf.com/2026/07/16/state-rep-carol-ammons-husband-plead-not-guilty-to-corruption-charges/
1314010623,20260717,202607,2026,2026.5397,USA,AMERICAN,USA,,,,,,,,,,,,,,,,,,0,112,112,11,3,-2.0,2,1,2,-3.04955527318932,1,China,CH,CH,,35,105,CH,0,,,,,,,,1,China,CH,CH,,35,105,CH,20260717043000,https://www.abc.net.au/news/2026-07-17/donald-trump-gives-address-on-election-integrity-issues/106926756
1314010624,20260717,202607,2026,2026.5397,USA,UNITED STATES,USA,,,,,,,,,,,,,,,,,,1,173,173,17,4,-5.0,2,1,2,-3.27102803738317,3,"Calloway County, Kentucky, United States",US,USKY,KY035,36.6334,-88.2667,516864,0,,,,,,,,3,"Calloway County, Kentucky, United States",US,USKY,,36.6334,-88.2667,516864,20260717043000,https://www.wpsdlocal6.com/news/former-murray-pd-officers-may-arrest-connected-to-2019-internal-investigation/article_84dc1c2b-be81-4d0f-9638-1c4d3bf62156.html
1314010625,20260717,202607,2026,2026.5397,USA,UNITED STATES,USA,,,,,,,,,,,,,,,,,,0,173,173,17,4,-5.0,1,1,1,-3.27102803738317,3,"Trigg County, Kentucky, United States",US,USKY,KY221,36.8,-87.8667,516957,0,,,,,,,,2,"Kentucky, United States",US,USKY,,37.669,-84.6514,KY,20260717043000,https://www.wpsdlocal6.com/news/former-murray-pd-officers-may-arrest-connected-to-2019-internal-investigation/article_84dc1c2b-be81-4d0f-9638-1c4d3bf62156.html
1314010626,20260717,202607,2026,2026.5397,USA,UNITED STATES,USA,,,,,,,,,,,,,,,,,,1,192,192,19,4,-9.5,4,1,4,-5.56426332288402,4,"Lviv, L'vivs'ka Oblast', Ukraine",UP,UP15,28555,49.8407,24.0305,-1045268,0,,,,,,,,4,"Lviv, L'vivs'ka Oblast', Ukraine",UP,UP15,28555,49.8407,24.0305,-1045268,20260717043000,https://www.theamericanconservative.com/on-ukraine-trump-now-buys-the-tide-turning-narrative/
1314010627,20260717,202607,2026,2026.5397,USA,UNITED STATES,USA,,,,,,,,,,,,,,,,,,1,193,193,19,4,-10.0,4,1,4,-1.5909090909091,3,"Ben Lomond High School, Utah, United States",US,USUT,UT057,41.2505,-111.952,1438589,0,,,,,,,,3,"Ben Lomond High School, Utah, United States",US,USUT,,41.2505,-111.952,1438589,20260717043000,https://www.fox13now.com/news/local-news/northern-utah/mother-of-teen-killed-in-ben-lomond-high-school-shooting-speaks-out
1314010628,20260717,202607,2026,2026.5397,USA,UNITED STATES,USA,,,,,,,,BUS,BANK,,,,,,BUS,,,0,020,020,02,1,3.0,1,1,1,2.92504570383913,3,"Graves County, Kentucky, United States",US,USKY,KY083,36.7334,-88.65,516888,3,"Graves County, Kentucky, United States",US,USKY,,36.7334,-88.65,516888,2,"Kentucky, United States",US,USKY,,37.669,-84.6514,KY,20260717043000,https://www.wpsdlocal6.com/news/independence-bank-in-mayfield-celebrates-10-years-of-service/article_a285456e-8317-4797-a3b6-aac8951f9c7e.html
1314010629,20260717,202607,2026,2026.5397,USA,UNITED STATES,USA,,,,,,,,BUS,BANK,,,,,,BUS,,,0,020,020,02,1,3.0,1,1,1,2.92504570383913,3,"Graves County, Kentucky, United States",US,USKY,KY083,36.7334,-88.65,516888,2,"Kentucky, United States",US,USKY,,37.669,-84.6514,KY,2,"Kentucky, United States",US,USKY,,37.669,-84.6514,KY,20260717043000,https://www.wpsdlocal6.com/news/independence-bank-in-mayfield-celebrates-10-years-of-service/article_a285456e-8317-4797-a3b6-aac8951f9c7e.html
1314010630,20260717,202607,2026,2026.5397,USA,UNITED STATES,USA,,,,,,,,BUS,INDUSTRY,,,,,,BUS,,,0,020,020,02,1,3.0,6,1,6,1.95876288659793,3,"White House, District of Columbia, United States",US,USDC,,38.8951,-77.0364,531871,1,China,CH,CH,,35,105,CH,3,"White House, District of Columbia, United States",US,USDC,,38.8951,-77.0364,531871,20260717043000,https://siliconangle.com/2026/07/16/chinas-moonshot-throws-gauntlet-kimi-k3-worlds-largest-open-weights-model/
1314010631,20260717,202607,2026,2026.5397,USA,UNITED STATES,USA,,,,,,,,CHN,CHINA,CHN,,,,,,,,1,012,012,01,1,-0.4,2,1,2,-4.71380471380472,1,Venezuela,VE,VE,,8,-66,VE,3,"White House, District of Columbia, United States",US,USDC,,38.8951,-77.0364,531871,3,"White House, District of Columbia, United States",US,USDC,,38.8951,-77.0364,531871,20260717043000,https://www.lbc.co.uk/article/trump-election-speech-2020-joe-biden-rigged-5Hjddj9_2/
1314010632,20260717,202607,2026,2026.5397,USA,UNITED STATES,USA,,,,,,,,CHN,CHINA,CHN,,,,,,,,1,012,012,01,1,-0.4,6,1,6,-4.71380471380472,1,Venezuela,VE,VE,,8,-66,VE,3,"White House, District of Columbia, United States",US,USDC,,38.8951,-77.0364,531871,1,Venezuela,VE,VE,,8,-66,VE,20260717043000,https://www.lbc.co.uk/article/trump-election-speech-2020-joe-biden-rigged-5Hjddj9_2/
1314010633,20260717,202607,2026,2026.5397,USA,THE US,USA,,,,,,,,CHN,CHINA,CHN,,,,,,,,0,112,112,11,3,-2.0,8,1,8,-3.80228136882129,4,"Liu Chang, Guizhou, China",CH,CH18,13071,27.23,106.624,-3832690,4,"Liu Chang, Guizhou, China",CH,CH18,13071,27.23,106.624,-3832690,4,"Liu Chang, Guizhou, China",CH,CH18,13071,27.23,106.624,-3832690,20260717043000,https://www.channel3000.com/news/national-politics/what-trump-s-newly-declassified-documents-do-and-don-t-say-about-threats-to-us/article_e1eb4983-457a-544a-b5d5-8cb47e46dc15.html
1314010634,20260717,202607,2026,2026.5397,USA,UNITED STATES,USA,,,,,,,,CHN,CHINESE,CHN,,,,,,,,0,112,112,11,3,-2.0,1,1,1,-2.52206809583859,3,"White House, District of Columbia, United States",US,USDC,,38.8951,-77.0364,531871,4,"Beijing, Beijing, China",CH,CH22,13001,39.9289,116.388,-1898541,3,"White House, District of Columbia, United States",US,USDC,,38.8951,-77.0364,531871,20260717043000,https://www.thedailybeast.com/maga-coded-cbs-admits-trump-speech-is-bsbut-shows-it-anyway/
1314010635,20260717,202607,2026,2026.5397,USA,UNITED STATES,USA,,,,,,,,COP,PRISON,,,,,,COP,,,0,080,080,08,2,5.0,4,1,4,-9.1468101460415,3,"Decatur, Illinois, United States",US,USIL,IL115,39.8403,-88.9548,407044,3,"Decatur, Illinois, United States",US,USIL,IL115,39.8403,-88.9548,407044,3,"Decatur, Illinois, United States",US,USIL,IL115,39.8403,-88.9548,407044,20260717043000,https://www.accountingtoday.com/news/tax-fraud-blotter-win-some-lose-some
1314010636,20260717,202607,2026,2026.5397,USA,UNITED STATES,USA,,,,,,,,CRM,BANDIT,,,,,,CRM,,,1,042,042,04,1,1.9,4,1,4,0.42372881355932,2,"Utah, United States",US,USUT,,40.1135,-111.854,UT,2,"Utah, United States",US,USUT,,40.1135,-111.854,UT,2,"Utah, United States",US,USUT,,40.1135,-111.854,UT,20260717043000,https://www.wcjb.com/2026/07/17/pro-gators-gator-softball-great-skylar-wallace-makes-ausl-history-with-first-3-hr-game/
1314010637,20260717,202607,2026,2026.5397,USA,UNITED STATES,USA,,,,,,,,CVL,COMMUNITY,,,,,,CVL,,,1,010,010,01,1,0.0,4,1,4,-3.01318267419962,3,"Collins Lake, Washington, United States",US,USWA,WA045,47.437,-122.985,1517961,3,"Collins Lake, Washington, United States",US,USWA,,47.437,-122.985,1517961,3,"Collins Lake, Washington, United States",US,USWA,,47.437,-122.985,1517961,20260717043000,https://www.ibtimes.co.uk/wildfire-smoke-ontario-us-health-alerts-1809159
1314010638,20260717,202607,2026,2026.5397,USA,UNITED STATES,USA,,,,,,,,CVL,VOTER,,,,,,CVL,,,1,010,010,01,1,0.0,2,1,2,-3.06748466257669,3,"Washington, District of Columbia, United States",US,USDC,DC001,38.8951,-77.0364,531871,1,China,CH,CH,,35,105,CH,3,"Washington, District of Columbia, United States",US,USDC,DC001,38.8951,-77.0364,531871,20260717043000,https://www.christianpost.com/news/trumps-address-to-the-nation-china-threat-voter-fraud.html
1314010639,20260717,202607,2026,2026.5397,USA,UNITED STATES,USA,,,,,,,,CVL,CITIZEN,,,,,,CVL,,,1,020,020,02,1,3.0,4,1,4,-0.59405940594059,3,"Wayne County, Michigan, United States",US,USMI,MI163,42.2506,-83.2833,1623022,3,"Wayne County, Michigan, United States",US,USMI,,42.2506,-83.2833,1623022,3,"Wayne County, Michigan, United States",US,USMI,,42.2506,-83.2833,1623022,20260717043000,https://www.wxyz.com/news/region/wayne-county/wayne-county-sends-70k-stockpiled-kn95-masks-to-senior-centers-amid-wildfire-smoke
1314010640,20260717,202607,2026,2026.5397,USA,UNITED STATES,USA,,,,,,,,CVL,RESIDENTS,,,,,,CVL,,,1,042,042,04,1,1.9,4,1,4,-1.04166666666666,3,"Cottonwood, Utah, United States",US,USUT,UT019,39.0644,-109.182,1437836,3,"Cottonwood, Utah, United States",US,USUT,UT019,39.0644,-109.182,1437836,3,"Cottonwood, Utah, United States",US,USUT,UT019,39.0644,-109.182,1437836,20260717043000,https://www.fox13now.com/news/local-news/central-utah/beaver-county-residents-set-up-thousands-of-sandbags-ahead-of-flashfloods
1314010641,20260717,202607,2026,2026.5397,USA,UNITED STATES,USA,,,,,,,,EDU,PROFESSOR,,,,,,EDU,,,1,010,010,01,1,0.0,2,1,2,-0.71736011477762,1,United States,US,US,,39.828175,-98.5795,US,1,United States,US,US,,39.828175,-98.5795,US,1,United States,US,US,,39.828175,-98.5795,US,20260717043000,https://thelooker.thedailybeast.com/viral-tanmaxxing-craze-raises-alarms-among-dermatologists/
1314010642,20260717,202607,2026,2026.5397,USA,UNITED STATES,USA,,,,,,,,EDU,SCHOOL,,,,,,EDU,,,1,033,033,03,1,5.2,8,1,8,-1.1208967173739,3,"Aptos, California, United States",US,USCA,CA087,36.9772,-121.899,1657939,3,"Aptos, California, United States",US,USCA,CA087,36.9772,-121.899,1657939,3,"Aptos, California, United States",US,USCA,CA087,36.9772,-121.899,1657939,20260717043000,https://www.santacruzsentinel.com/2026/07/16/pajaro-valley-school-board-extends-school-resource-officer-contracts/
1314010643,20260717,202607,2026,2026.5397,USA,UNITED STATES,USA,,,,,,,,ELI,RETIRED,,,,,,ELI,,,0,010,010,01,1,0.0,4,1,4,-0.8695652173913,2,"Minnesota, United States",US,USMN,,45.7326,-93.9196,MN,2,"Minnesota, United States",US,USMN,,45.7326,-93.9196,MN,2,"Minnesota, United States",US,USMN,,45.7326,-93.9196,MN,20260717043000,http://www.minnpost.com/newsletter/what-does-a-state-auditor-do/
1314010644,20260717,202607,2026,2026.5397,USA,THE US,USA,,,,,,,,EUR,EUROPE,EUR,,,,,,,,0,111,111,11,3,-2.0,10,1,10,2.80112044817927,1,India,IN,IN,,20,77,IN,1,India,IN,IN,,20,77,IN,1,India,IN,IN,,20,77,IN,20260717043000,https://www.freepressjournal.in/tech/oneplus-announces-exit-from-europe-and-us-kills-new-oxygenos-updates-globally
1314010645,20260717,202607,2026,2026.5397,USA,UNITED STATES,USA,,,,,,,,GOV,AUTHORITIES,,,,,,GOV,,,0,014,014,01,1,0.0,7,1,7,-3.77833753148615,3,"Muskegon, Michigan, United States",US,USMI,MI121,43.2342,-86.2484,1620963,3,"Muskegon, Michigan, United States",US,USMI,MI121,43.2342,-86.2484,1620963,3,"Muskegon, Michigan, United States",US,USMI,MI121,43.2342,-86.2484,1620963,20260717043000,https://bridgemi.com/uncategorized/fact-check-president-trump-seeks-probe-of-2020-muskegon-voter-fraud/
1314010646,20260717,202607,2026,2026.5397,USA,NEW HAMPSHIRE,USA,,,,,,,,GOV,GOVERNMENT,,,,,,GOV,,,1,015,015,01,1,0.0,7,1,7,-9.1468101460415,2,"New Hampshire, United States",US,USNH,,43.4108,-71.5653,NH,2,"New Hampshire, United States",US,USNH,,43.4108,-71.5653,NH,2,"New Hampshire, United States",US,USNH,,43.4108,-71.5653,NH,20260717043000,https://www.accountingtoday.com/news/tax-fraud-blotter-win-some-lose-some
1314010647,20260717,202607,2026,2026.5397,USA,AMERICAN,USA,,,,,,,,GOV,PRIME MINISTER,,,,,,GOV,,,0,023,023,02,1,3.4,1,1,1,-1.26689189189189,3,"Sacramento, California, United States",US,USCA,CA067,38.5816,-121.494,1659564,4,"Gaza, Israel (general), Israel",IS,IS00,18315,31.4167,34.3333,-797156,3,"Sacramento, California, United States",US,USCA,CA067,38.5816,-121.494,1659564,20260717043000,https://original.antiwar.com/solomon/2026/07/16/politicians-should-stop-hiding-behind-the-two-state-solution-fantasy/
1314010648,20260717,202607,2026,2026.5397,USA,NEW HAMPSHIRE,USA,,,,,,,,GOV,GOVERNMENT,,,,,,GOV,,,1,071,071,07,2,7.4,7,1,7,-9.1468101460415,2,"New Hampshire, United States",US,USNH,,43.4108,-71.5653,NH,2,"New Hampshire, United States",US,USNH,,43.4108,-71.5653,NH,2,"New Hampshire, United States",US,USNH,,43.4108,-71.5653,NH,20260717043000,https://www.accountingtoday.com/news/tax-fraud-blotter-win-some-lose-some
1314010649,20260717,202607,2026,2026.5397,USA,COLORADO,USA,,,,,,,,GOV,GOVERNMENT,,,,,,GOV,,,1,190,190,19,4,-10.0,10,1,10,-1.2400354295837,2,"Colorado, United States",US,USCO,,39.0646,-105.327,CO,2,"Colorado, United States",US,USCO,,39.0646,-105.327,CO,2,"Colorado, United States",US,USCO,,39.0646,-105.327,CO,20260717043000,https://www.kunm.org/local-news/2026-07-16/tribes-states-federal-government-battle-for-colorado-river-water-rights
1314010650,20260717,202607,2026,2026.5397,USA,AMERICAN,USA,,,,,,,,GOV,GOVERNMENT,,,,,,GOV,,,0,203,203,20,4,-10.0,10,1,10,-1.26689189189189,3,"Sacramento, California, United States",US,USCA,CA067,38.5816,-121.494,1659564,3,"Sacramento, California, United States",US,USCA,CA067,38.5816,-121.494,1659564,3,"Sacramento, California, United States",US,USCA,CA067,38.5816,-121.494,1659564,20260717043000,https://original.antiwar.com/solomon/2026/07/16/politicians-should-stop-hiding-behind-the-two-state-solution-fantasy/
1314010651,20260717,202607,2026,2026.5397,USA,SAN DIEGO,USA,,,,,,,,GOVHLH,HEALTH OFFICIAL,,,,,,GOV,HLH,,1,020,020,02,1,3.0,10,1,10,-6.57894736842105,0,,,,,,,,0,,,,,,,,0,,,,,,,,20260717043000,https://www.10news.com/news/local-news/no-outbreak-of-cyclosporiasis-reported-locally-yet-but-food-safety-encouraged
1314010652,20260717,202607,2026,2026.5397,USA,NEW YORK,USA,,,,,,,,GOVHLH,HEALTH OFFICIAL,,,,,,GOV,HLH,,0,020,020,02,1,3.0,2,1,2,-2.67591674925669,2,"Minnesota, United States",US,USMN,,45.7326,-93.9196,MN,2,"New York, United States",US,USNY,,42.1497,-74.9384,NY,2,"New York, United States",US,USNY,,42.1497,-74.9384,NY,20260717043000,http://www.minnpost.com/environment/2026/07/the-smoky-season-in-minnesota-has-just-begun/
1314010653,20260717,202607,2026,2026.5397,USA,UNITED STATES,USA,,,,,,,,GOVHLH,HEALTH OFFICIAL,,,,,,GOV,HLH,,0,020,020,02,1,3.0,6,1,6,-2.67591674925669,2,"New York, United States",US,USNY,,42.1497,-74.9384,NY,2,"New York, United States",US,USNY,,42.1497,-74.9384,NY,2,"New York, United States",US,USNY,,42.1497,-74.9384,NY,20260717043000,http://www.minnpost.com/environment/2026/07/the-smoky-season-in-minnesota-has-just-begun/
1314010654,20260717,202607,2026,2026.5397,USA,UNITED STATES,USA,,,,,,,,GRC,GREECE,GRC,,,,,,,,0,040,040,04,1,1.0,1,1,1,2.97520661157025,3,"Hollywood, California, United States",US,USCA,CA037,34.0983,-118.327,1660757,1,Greece,GR,GR,,39,22,GR,1,Greece,GR,GR,,39,22,GR,20260717043000,https://www.moneycontrol.com/entertainment/the-odyssey-director-christopher-nolan-net-worth-rs-2-410-crore-kingdom-luxurious-properties-cars-and-more-article-13976288.html
1314010655,20260717,202607,2026,2026.5397,USA,UNITED STATES,USA,,,,,,,,GRC,GREECE,GRC,,,,,,,,0,040,040,04,1,1.0,1,1,1,2.97520661157025,1,Greece,GR,GR,,39,22,GR,1,Greece,GR,GR,,39,22,GR,1,Greece,GR,GR,,39,22,GR,20260717043000,https://www.moneycontrol.com/entertainment/the-odyssey-director-christopher-nolan-net-worth-rs-2-410-crore-kingdom-luxurious-properties-cars-and-more-article-13976288.html
1314010656,20260717,202607,2026,2026.5397,USA,UNITED STATES,USA,,,,,,,,IGOUNOAIE,INTERNATIONAL ENERGY AGENCY,,UNO,,,,IGO,,,1,130,130,13,3,-4.4,10,1,10,-6.84410646387833,3,"Washington, District of Columbia, United States",US,USDC,DC001,38.8951,-77.0364,531871,3,"Washington, District of Columbia, United States",US,USDC,DC001,38.8951,-77.0364,531871,3,"Washington, District of Columbia, United States",US,USDC,DC001,38.8951,-77.0364,531871,20260717043000,https://www.aljazeera.com/news/2026/7/17/iea-chief-warns-strait-of-hormuz-crisis-threatens-global-energy-security
1314010657,20260717,202607,2026,2026.5397,USA,UNITED STATES,USA,,,,,,,,IRN,IRAN,IRN,,,,,,,,0,020,020,02,1,3.0,2,1,2,-3.88489208633094,3,"White House, District of Columbia, United States",US,USDC,,38.8951,-77.0364,531871,1,Iran,IR,IR,,32,53,IR,3,"White House, District of Columbia, United States",US,USDC,,38.8951,-77.0364,531871,20260717043000,https://www.thedailybeast.com/trump-rages-at-network-tv-snub-in-unhinged-election-speech/
1314010658,20260717,202607,2026,2026.5397,USA,UNITED STATES,USA,,,,,,,,IRN,IRAN,IRN,,,,,,,,0,020,020,02,1,3.0,2,1,2,-3.88489208633094,3,"White House, District of Columbia, United States",US,USDC,,38.8951,-77.0364,531871,1,Iran,IR,IR,,32,53,IR,1,Iran,IR,IR,,32,53,IR,20260717043000,https://www.thedailybeast.com/trump-rages-at-network-tv-snub-in-unhinged-election-speech/
1314010659,20260717,202607,2026,2026.5397,USA,THE US,USA,,,,,,,,IRN,IRAN,IRN,,,,,,,,0,195,195,19,4,-10.0,10,1,10,-4.72103004291846,5,"Hormozgan, Hormozgan, Iran",IR,IR11,40970,27.75,56.5,-3066740,5,"Hormozgan, Hormozgan, Iran",IR,IR11,40970,27.75,56.5,-3066740,5,"Hormozgan, Hormozgan, Iran",IR,IR11,40970,27.75,56.5,-3066740,20260717043000,https://www.abc.net.au/news/2026-07-17/us-expands-air-strike-campaign-iran-hitting-bridges/106927378
1314010660,20260717,202607,2026,2026.5397,USA,AMERICAN,USA,,,,,,,,ISR,ISRAELI,ISR,,,,,,,,1,023,023,02,1,3.4,2,1,2,-2.10084033613445,1,Israel,IS,IS,,31.5,34.75,IS,1,Iran,IR,IR,,32,53,IR,1,Israel,IS,IS,,31.5,34.75,IS,20260717043000,https://www.antiwar.com/blog/2026/07/16/stop-the-presses-congress-denies-netanyahu-something-he-asked-for/
1314010661,20260717,202607,2026,2026.5397,USA,AMERICAN,USA,,,,,,,,ISR,ISRAELI,ISR,,,,,,,,1,023,023,02,1,3.4,2,1,2,-2.10084033613445,1,Israel,IS,IS,,31.5,34.75,IS,1,Israel,IS,IS,,31.5,34.75,IS,1,Israel,IS,IS,,31.5,34.75,IS,20260717043000,https://www.antiwar.com/blog/2026/07/16/stop-the-presses-congress-denies-netanyahu-something-he-asked-for/
1314010662,20260717,202607,2026,2026.5397,USA,AMERICAN,USA,,,,,,,,ISR,ISRAELI,ISR,,,,,,,,0,051,051,05,1,3.4,1,1,1,0.11223344556678,4,"Gaza, Israel (general), Israel",IS,IS00,18315,31.4167,34.3333,-797156,4,"Gaza, Israel (general), Israel",IS,IS00,18315,31.4167,34.3333,-797156,4,"Gaza, Israel (general), Israel",IS,IS00,18315,31.4167,34.3333,-797156,20260717043000,https://jweekly.com/2026/07/16/most-northern-california-house-democrats-vote-to-cut-off-aid-to-israel/
1314010663,20260717,202607,2026,2026.5397,USA,AMERICAN,USA,,,,,,,,ISR,ISRAEL,ISR,,,,,,,,0,051,051,05,1,3.4,2,1,2,-1.26689189189189,4,"Gaza, Israel (general), Israel",IS,IS00,18315,31.4167,34.3333,-797156,1,Iran,IR,IR,,32,53,IR,1,Iran,IR,IR,,32,53,IR,20260717043000,https://original.antiwar.com/solomon/2026/07/16/politicians-should-stop-hiding-behind-the-two-state-solution-fantasy/
1314010664,20260717,202607,2026,2026.5397,USA,AMERICAN,USA,,,,,,,,ISR,ISRAEL,ISR,,,,,,,,0,051,051,05,1,3.4,2,1,2,-1.26689189189189,3,"Sacramento, California, United States",US,USCA,CA067,38.5816,-121.494,1659564,4,"Gaza, Israel (general), Israel",IS,IS00,18315,31.4167,34.3333,-797156,4,"Gaza, Israel (general), Israel",IS,IS00,18315,31.4167,34.3333,-797156,20260717043000,https://original.antiwar.com/solomon/2026/07/16/politicians-should-stop-hiding-behind-the-two-state-solution-fantasy/
1314010665,20260717,202607,2026,2026.5397,USA,AMERICAN,USA,,,,,,,,ISR,ISRAEL,ISR,,,,,,,,0,051,051,05,1,3.4,6,1,6,-1.26689189189189,3,"Sacramento, California, United States",US,USCA,CA067,38.5816,-121.494,1659564,4,"Gaza, Israel (general), Israel",IS,IS00,18315,31.4167,34.3333,-797156,3,"Sacramento, California, United States",US,USCA,CA067,38.5816,-121.494,1659564,20260717043000,https://original.antiwar.com/solomon/2026/07/16/politicians-should-stop-hiding-behind-the-two-state-solution-fantasy/
1314010666,20260717,202607,2026,2026.5397,USA,AMERICAN,USA,,,,,,,,ISR,ISRAELI,ISR,,,,,,,,0,051,051,05,1,3.4,1,1,1,0.11223344556678,2,"California, United States",US,USCA,,36.17,-119.746,CA,4,"Gaza, Israel (general), Israel",IS,IS00,18315,31.4167,34.3333,-797156,2,"California, United States",US,USCA,,36.17,-119.746,CA,20260717043000,https://jweekly.com/2026/07/16/most-northern-california-house-democrats-vote-to-cut-off-aid-to-israel/
1314010667,20260717,202607,2026,2026.5397,USA,CALIFORNIA,USA,,,,,,,,ISR,ISRAEL,ISR,,,,,,,,1,162,162,16,4,-5.6,7,1,7,0.11223344556678,2,"California, United States",US,USCA,,36.17,-119.746,CA,4,"Gaza, Israel (general), Israel",IS,IS00,18315,31.4167,34.3333,-797156,2,"California, United States",US,USCA,,36.17,-119.746,CA,20260717043000,https://jweekly.com/2026/07/16/most-northern-california-house-democrats-vote-to-cut-off-aid-to-israel/
1314010668,20260717,202607,2026,2026.5397,USA,AMERICAN,USA,,,,,,,,ISRGOV,ISRAEL,ISR,,,,,GOV,,,0,023,023,02,1,3.4,1,1,1,-1.26689189189189,4,"Gaza, Israel (general), Israel",IS,IS00,18315,31.4167,34.3333,-797156,4,"Gaza, Israel (general), Israel",IS,IS00,18315,31.4167,34.3333,-797156,4,"Gaza, Israel (general), Israel",IS,IS00,18315,31.4167,34.3333,-797156,20260717043000,https://original.antiwar.com/solomon/2026/07/16/politicians-should-stop-hiding-behind-the-two-state-solution-fantasy/
1314010669,20260717,202607,2026,2026.5397,USA,AMERICAN,USA,,,,,,,,ISRGOV,ISRAELI,ISR,,,,,GOV,,,1,023,023,02,1,3.4,3,1,3,-2.10084033613445,1,Israel,IS,IS,,31.5,34.75,IS,1,Israel,IS,IS,,31.5,34.75,IS,1,Israel,IS,IS,,31.5,34.75,IS,20260717043000,https://www.antiwar.com/blog/2026/07/16/stop-the-presses-congress-denies-netanyahu-something-he-asked-for/
1314010670,20260717,202607,2026,2026.5397,USA,AMERICAN,USA,,,,,,,,ISRMIL,ISRAELI,ISR,,,,,MIL,,,0,051,051,05,1,3.4,6,1,6,0.11223344556678,2,"California, United States",US,USCA,,36.17,-119.746,CA,4,"Gaza, Israel (general), Israel",IS,IS00,18315,31.4167,34.3333,-797156,2,"California, United States",US,USCA,,36.17,-119.746,CA,20260717043000,https://jweekly.com/2026/07/16/most-northern-california-house-democrats-vote-to-cut-off-aid-to-israel/
1314010671,20260717,202607,2026,2026.5397,USA,MAINE,USA,,,,,,,,JOR,JORDAN,JOR,,,,,,,,0,110,110,11,3,-2.0,2,1,2,-1.80436847103514,1,Jordan,JO,JO,,31,36,JO,1,Jordan,JO,JO,,31,36,JO,1,Jordan,JO,JO,,31,36,JO,20260717043000,https://www.pressherald.com/2026/07/16/senate-candidates-make-their-case-to-replace-graham-platner-in-first-debate/
1314010672,20260717,202607,2026,2026.5397,USA,MAINE,USA,,,,,,,,JOR,JORDAN,JOR,,,,,,,,1,110,110,11,3,-2.0,10,1,4,-1.80436847103514,2,"Maine, United States",US,USME,,44.6074,-69.3977,ME,1,Jordan,JO,JO,,31,36,JO,1,Jordan,JO,JO,,31,36,JO,20260717043000,https://www.pressherald.com/2026/07/16/senate-candidates-make-their-case-to-replace-graham-platner-in-first-debate/
1314010673,20260717,202607,2026,2026.5397,USA,UNITED STATES,USA,,,,,,,,JUD,ADVOCATE,,,,,,JUD,,,0,010,010,01,1,0.0,1,1,1,0.11223344556678,3,"San Francisco, California, United States",US,USCA,CA075,37.7749,-122.419,277593,4,"Gaza, Israel (general), Israel",IS,IS00,18315,31.4167,34.3333,-797156,4,"Gaza, Israel (general), Israel",IS,IS00,18315,31.4167,34.3333,-797156,20260717043000,https://jweekly.com/2026/07/16/most-northern-california-house-democrats-vote-to-cut-off-aid-to-israel/
1314010674,20260717,202607,2026,2026.5397,USA,UNITED STATES,USA,,,,,,,,JUD,ADVOCATE,,,,,,JUD,,,0,010,010,01,1,0.0,1,1,1,0.11223344556678,2,"California, United States",US,USCA,,36.17,-119.746,CA,2,"California, United States",US,USCA,,36.17,-119.746,CA,2,"California, United States",US,USCA,,36.17,-119.746,CA,20260717043000,https://jweekly.com/2026/07/16/most-northern-california-house-democrats-vote-to-cut-off-aid-to-israel/
1314010675,20260717,202607,2026,2026.5397,USA,LOS ANGELES,USA,,,,,,,,JUD,LAWYER,,,,,,JUD,,,1,043,043,04,1,2.8,1,1,1,-4.64037122969837,3,"Los Angeles County, California, United States",US,USCA,CA037,34.3667,-118.201,277283,3,"Los Angeles County, California, United States",US,USCA,,34.3667,-118.201,277283,3,"Los Angeles County, California, United States",US,USCA,,34.3667,-118.201,277283,20260717043000,https://www.canadianlawyermag.com/news/international/youtube-meta-challenge-jury-on-social-media-addiction-verdict/394374
1314010676,20260717,202607,2026,2026.5397,USA,UNITED STATES,USA,,,,,,,,MED,JOURNALIST,,,,,,MED,,,0,020,020,02,1,3.0,1,1,1,-1.65929203539823,3,"White House, District of Columbia, United States",US,USDC,,38.8951,-77.0364,531871,3,"Washington, District of Columbia, United States",US,USDC,DC001,38.8951,-77.0364,531871,3,"Washington, District of Columbia, United States",US,USDC,DC001,38.8951,-77.0364,531871,20260717043000,https://www.thedailybeast.com/maga-melts-down-at-networks-switching-off-trump/
1314010677,20260717,202607,2026,2026.5397,USA,UNITED STATES,USA,,,,,,,,MED,JOURNALIST,,,,,,MED,,,0,042,042,04,1,1.9,2,1,2,0.26501766784452,3,"Salt Lake, Utah, United States",US,USUT,UT027,39.1559,-112.691,1436291,3,"Salt Lake, Utah, United States",US,USUT,,39.1559,-112.691,1436291,3,"Salt Lake, Utah, United States",US,USUT,,39.1559,-112.691,1436291,20260717043000,https://www.fox13now.com/news/fox-13-investigates/heres-how-much-water-kevin-olearys-partner-says-data-center-will-use-and-what-it-could-mean-for-utah
1314010678,20260717,202607,2026,2026.5397,USA,UNITED STATES,USA,,,,,,,,MIL,NAVAL,,,,,,MIL,,,1,010,010,01,1,0.0,4,2,4,4.2745143690087,4,"New Delhi, Delhi, India",IN,IN07,17911,28.6,77.2,-2106102,4,"New Delhi, Delhi, India",IN,IN07,17911,28.6,77.2,-2106102,4,"New Delhi, Delhi, India",IN,IN07,17911,28.6,77.2,-2106102,20260717043000,https://ianslive.in/ins-sudarshini-concludes-historic-us-voyage-after-participating-in-americas-250th-independence-celebrations--20260717085657
1314010679,20260717,202607,2026,2026.5397,USA,THE US,USA,,,,,,,,MIL,MILITARY,,,,,,MIL,,,0,040,040,04,1,1.0,4,2,4,4.2745143690087,3,"Army War College, District of Columbia, United States",US,USDC,DC001,38.8634,-77.0169,531541,3,"Army War College, District of Columbia, United States",US,USDC,,38.8634,-77.0169,531541,3,"Army War College, District of Columbia, United States",US,USDC,,38.8634,-77.0169,531541,20260717043000,https://ianslive.in/ins-sudarshini-concludes-historic-us-voyage-after-participating-in-americas-250th-independence-celebrations--20260717085657
1314010680,20260717,202607,2026,2026.5397,USA,KENTUCKY,USA,,,,,,,,MIL,MILITARY,,,,,,MIL,,,1,110,110,11,3,-2.0,3,1,3,-2.10084033613445,2,"Kentucky, United States",US,USKY,,37.669,-84.6514,KY,2,"Kentucky, United States",US,USKY,,37.669,-84.6514,KY,2,"Kentucky, United States",US,USKY,,37.669,-84.6514,KY,20260717043000,https://www.antiwar.com/blog/2026/07/16/stop-the-presses-congress-denies-netanyahu-something-he-asked-for/
1314010681,20260717,202607,2026,2026.5397,USA,UNITED STATES,USA,,,,,,,,MIL,MILITARY,,,,,,MIL,,,1,190,190,19,4,-10.0,3,1,3,-5.09337860780985,3,"Washington, District of Columbia, United States",US,USDC,DC001,38.8951,-77.0364,531871,4,"Tehran, Tehran, Iran",IR,IR26,41130,35.75,51.5148,10074674,3,"Washington, District of Columbia, United States",US,USDC,DC001,38.8951,-77.0364,531871,20260717043000,https://www.moneycontrol.com/world/us-pounds-iran-with-fighter-jets-warships-tehran-retaliates-by-targeting-bahrain-airbase-with-arash-drones-watch-article-13976244.html
1314010682,20260717,202607,2026,2026.5397,USA,UNITED STATES,USA,,,,,,,,NLD,HOLLAND,NLD,,,,,,,,1,043,043,04,1,2.8,2,1,2,3.21931589537223,3,"Hollywood, California, United States",US,USCA,CA037,34.0983,-118.327,1660757,3,"Hollywood, California, United States",US,USCA,CA037,34.0983,-118.327,1660757,3,"Hollywood, California, United States",US,USCA,CA037,34.0983,-118.327,1660757,20260717043000,https://www.moneycontrol.com/entertainment/anne-hathaway-gets-teary-eyed-after-receiving-the-odyssey-inspired-baby-gift-article-13976243.html
1314010683,20260717,202607,2026,2026.5397,USA,UNITED STATES,USA,,,,,,,,OPP,ACTIVIST,,,,,,OPP,,,1,043,043,04,1,2.8,4,1,4,-3.58744394618835,3,"White House, District of Columbia, United States",US,USDC,,38.8951,-77.0364,531871,3,"White House, District of Columbia, United States",US,USDC,,38.8951,-77.0364,531871,3,"White House, District of Columbia, United States",US,USDC,,38.8951,-77.0364,531871,20260717043000,https://www.thedailybeast.com/trump-assembles-disgraced-election-deniers-before-crackpot-election-security-speech/
1314010684,20260717,202607,2026,2026.5397,USA,UNITED STATES,USA,,,,,,,,OPP,ACTIVIST,,,,,,OPP,,,1,057,057,05,1,8.0,2,1,2,-3.58744394618835,3,"White House, District of Columbia, United States",US,USDC,,38.8951,-77.0364,531871,3,"White House, District of Columbia, United States",US,USDC,,38.8951,-77.0364,531871,2,"Oklahoma, United States",US,USOK,,35.5376,-96.9247,OK,20260717043000,https://www.thedailybeast.com/trump-assembles-disgraced-election-deniers-before-crackpot-election-security-speech/
1314010685,20260717,202607,2026,2026.5397,USA,A US,USA,,,,,,,,PAK,PAKISTAN,PAK,,,,,,,,0,0871,087,08,2,9.0,8,1,8,-6.84410646387833,4,"Tehran, Tehran, Iran",IR,IR26,41130,35.75,51.5148,10074674,1,Pakistan,PK,PK,,30,70,PK,1,Pakistan,PK,PK,,30,70,PK,20260717043000,https://www.aljazeera.com/news/2026/7/17/iea-chief-warns-strait-of-hormuz-crisis-threatens-global-energy-security
1314010686,20260717,202607,2026,2026.5397,USA,A US,USA,,,,,,,,PAK,PAKISTAN,PAK,,,,,,,,0,0871,087,08,2,9.0,2,1,2,-6.84410646387833,1,Qatar,QA,QA,,25.5,51.25,QA,4,"Tehran, Tehran, Iran",IR,IR26,41130,35.75,51.5148,10074674,4,"Tehran, Tehran, Iran",IR,IR26,41130,35.75,51.5148,10074674,20260717043000,https://www.aljazeera.com/news/2026/7/17/iea-chief-warns-strait-of-hormuz-crisis-threatens-global-energy-security
1314010687,20260717,202607,2026,2026.5397,USA,UNITED STATES,USA,,,,,,,,USAGOV,THE WHITE HOUSE,USA,,,,,GOV,,,1,010,010,01,1,0.0,2,1,2,-4.29338103756708,1,Russia,RS,RS,,60,100,RS,3,"White House, District of Columbia, United States",US,USDC,,38.8951,-77.0364,531871,3,"White House, District of Columbia, United States",US,USDC,,38.8951,-77.0364,531871,20260717043000,https://www.breitbart.com/politics/2026/07/16/kamala-harris-trump-address-2020-election-not-stolen/
1314010688,20260717,202607,2026,2026.5397,USA,UNITED STATES,USA,,,,,,,,USAGOV,THE WHITE HOUSE,USA,,,,,GOV,,,1,042,042,04,1,1.9,1,1,1,-4.16666666666667,3,"White House, District of Columbia, United States",US,USDC,,38.8951,-77.0364,531871,3,"White House, District of Columbia, United States",US,USDC,,38.8951,-77.0364,531871,3,"White House, District of Columbia, United States",US,USDC,,38.8951,-77.0364,531871,20260717043000,https://original.antiwar.com/page/2933/
1314010689,20260717,202607,2026,2026.5397,USA,UNITED STATES,USA,,,,,,,,USAGOV,THE WHITE HOUSE,USA,,,,,GOV,,,1,042,042,04,1,1.9,1,1,1,-4.16666666666667,3,"White House, District of Columbia, United States",US,USDC,,38.8951,-77.0364,531871,3,"White House, District of Columbia, United States",US,USDC,,38.8951,-77.0364,531871,1,Iran,IR,IR,,32,53,IR,20260717043000,https://original.antiwar.com/page/2933/
1314010690,20260717,202607,2026,2026.5397,USA,UNITED STATES,USA,,,,,,,,USAGOV,BARACK OBAMA,USA,,,,,GOV,,,0,112,112,11,3,-2.0,2,1,2,-3.88489208633094,2,"Michigan, United States",US,USMI,,43.3504,-84.5603,MI,2,"Michigan, United States",US,USMI,,43.3504,-84.5603,MI,2,"Michigan, United States",US,USMI,,43.3504,-84.5603,MI,20260717043000,https://www.thedailybeast.com/trump-rages-at-network-tv-snub-in-unhinged-election-speech/
1314010691,20260717,202607,2026,2026.5397,USA,UNITED STATES,USA,,,,,,,,USAGOV,THE WHITE HOUSE,USA,,,,,GOV,,,1,192,192,19,4,-9.5,2,1,2,-5.56426332288402,4,"Lviv, L'vivs'ka Oblast', Ukraine",UP,UP15,28555,49.8407,24.0305,-1045268,4,"Lviv, L'vivs'ka Oblast', Ukraine",UP,UP15,28555,49.8407,24.0305,-1045268,4,"Lviv, L'vivs'ka Oblast', Ukraine",UP,UP15,28555,49.8407,24.0305,-1045268,20260717043000,https://www.theamericanconservative.com/on-ukraine-trump-now-buys-the-tide-turning-narrative/
1314010692,20260717,202607,2026,2026.5397,USA,UNITED STATES,USA,,,,,,,,USAGOV,THE WHITE HOUSE,USA,,,,,GOV,,,1,192,192,19,4,-9.5,2,1,2,-5.56426332288402,4,"Kremlin, Moskva, Russia",RS,RS48,25106,55.7522,37.6156,-2960561,4,"Kremlin, Moskva, Russia",RS,RS48,25106,55.7522,37.6156,-2960561,4,"Kremlin, Moskva, Russia",RS,RS48,25106,55.7522,37.6156,-2960561,20260717043000,https://www.theamericanconservative.com/on-ukraine-trump-now-buys-the-tide-turning-narrative/
1314010693,20260717,202607,2026,2026.5397,USA,UTAH,USA,,,,,,,,USALEG,UTAH,USA,,,,,LEG,,,0,051,051,05,1,3.4,6,1,6,-1.65929203539823,2,"Utah, United States",US,USUT,,40.1135,-111.854,UT,2,"Utah, United States",US,USUT,,40.1135,-111.854,UT,2,"Utah, United States",US,USUT,,40.1135,-111.854,UT,20260717043000,https://www.thedailybeast.com/maga-melts-down-at-networks-switching-off-trump/
1314010694,20260717,202607,2026,2026.5397,USA,UTAH,USA,,,,,,,,USALEG,UTAH,USA,,,,,LEG,,,0,060,060,06,2,6.0,6,1,6,-1.65929203539823,2,"Utah, United States",US,USUT,,40.1135,-111.854,UT,2,"Utah, United States",US,USUT,,40.1135,-111.854,UT,2,"Utah, United States",US,USUT,,40.1135,-111.854,UT,20260717043000,https://www.thedailybeast.com/maga-melts-down-at-networks-switching-off-trump/
1314010695,20260717,202607,2026,2026.5397,USA,MAINE,USA,,,,,,,,USALEG,UNITED STATES,USA,,,,,LEG,,,1,190,190,19,4,-10.0,4,1,4,-5.76923076923077,2,"Maine, United States",US,USME,,44.6074,-69.3977,ME,2,"Maine, United States",US,USME,,44.6074,-69.3977,ME,2,"Maine, United States",US,USME,,44.6074,-69.3977,ME,20260717043000,https://www.nbcnews.com/politics/2026-election/maine-senate-candidates-battle-progressive-mantle-graham-platners-exit-rcna587710
1314010696,20260717,202607,2026,2026.5397,USA,UNITED STATES,USA,,,,,,,,USAMED,UNITED STATES,USA,,,,,MED,,,0,020,020,02,1,3.0,1,1,1,-1.65929203539823,3,"White House, District of Columbia, United States",US,USDC,,38.8951,-77.0364,531871,3,"Washington, District of Columbia, United States",US,USDC,DC001,38.8951,-77.0364,531871,3,"Washington, District of Columbia, United States",US,USDC,DC001,38.8951,-77.0364,531871,20260717043000,https://www.thedailybeast.com/maga-melts-down-at-networks-switching-off-trump/
1314010697,20260717,202607,2026,2026.5397,USA,UNITED STATES,USA,,,,,,,,nav,NAVAJO,,,nav,,,,,,1,046,046,04,1,7.0,2,1,2,-1.2400354295837,2,"Colorado, United States",US,USCO,,39.0646,-105.327,CO,3,"University Of Denver, Colorado, United States",US,USCO,,39.6777,-104.961,184869,2,"Colorado, United States",US,USCO,,39.0646,-105.327,CO,20260717043000,https://www.kunm.org/local-news/2026-07-16/tribes-states-federal-government-battle-for-colorado-river-water-rights
1314010698,20260717,202607,2026,2026.5397,USA,COLORADO,USA,,,,,,,,nav,NAVAJO,,,nav,,,,,,1,046,046,04,1,7.0,8,1,8,-1.2400354295837,2,"Colorado, United States",US,USCO,,39.0646,-105.327,CO,2,"Colorado, United States",US,USCO,,39.0646,-105.327,CO,2,"Colorado, United States",US,USCO,,39.0646,-105.327,CO,20260717043000,https://www.kunm.org/local-news/2026-07-16/tribes-states-federal-government-battle-for-colorado-river-water-rights
1314010699,20260717,202607,2026,2026.5397,USACOP,NEW YORK CITY,USA,,,,,COP,,,MED,SPOKESMAN,,,,,,MED,,,0,173,173,17,4,-5.0,10,1,10,-9.79955456570151,0,,,,,,,,0,,,,,,,,0,,,,,,,,20260717043000,https://www.dailymail.com/news/article-15984213/Today-security-guard-FIRED-intruder-NBC-set.html
1314010700,20260717,202607,2026,2026.5397,USAELI,MAINE,USA,,,,,ELI,,,USALEG,MAINE,USA,,,,,LEG,,,1,020,020,02,1,3.0,6,1,6,-1.80436847103514,2,"Maine, United States",US,USME,,44.6074,-69.3977,ME,2,"Maine, United States",US,USME,,44.6074,-69.3977,ME,2,"Maine, United States",US,USME,,44.6074,-69.3977,ME,20260717043000,https://www.pressherald.com/2026/07/16/senate-candidates-make-their-case-to-replace-graham-platner-in-first-debate/
1314010701,20260717,202607,2026,2026.5397,USAGOV,THE US,USA,,,,,GOV,,,,,,,,,,,,,1,010,010,01,1,0.0,2,1,2,-3.04955527318932,1,China,CH,CH,,35,105,CH,0,,,,,,,,1,United States,US,US,,39.828175,-98.5795,US,20260717043000,https://www.abc.net.au/news/2026-07-17/donald-trump-gives-address-on-election-integrity-issues/106926756
1314010702,20260717,202607,2026,2026.5397,USAGOV,THE US,USA,,,,,GOV,,,,,,,,,,,,,1,010,010,01,1,0.0,2,1,2,-3.04955527318932,1,United States,US,US,,39.828175,-98.5795,US,0,,,,,,,,1,China,CH,CH,,35,105,CH,20260717043000,https://www.abc.net.au/news/2026-07-17/donald-trump-gives-address-on-election-integrity-issues/106926756
1314010703,20260717,202607,2026,2026.5397,USAGOV,THE WHITE HOUSE,USA,,,,,GOV,,,,,,,,,,,,,1,011,011,01,1,-0.1,2,1,2,-3.58744394618835,3,"White House, District of Columbia, United States",US,USDC,,38.8951,-77.0364,531871,0,,,,,,,,2,"Oklahoma, United States",US,USOK,,35.5376,-96.9247,OK,20260717043000,https://www.thedailybeast.com/trump-assembles-disgraced-election-deniers-before-crackpot-election-security-speech/
1314010704,20260717,202607,2026,2026.5397,USAGOV,JOE BIDEN,USA,,,,,GOV,,,,,,,,,,,,,0,013,013,01,1,0.4,1,1,1,-3.88489208633094,3,"White House, District of Columbia, United States",US,USDC,,38.8951,-77.0364,531871,0,,,,,,,,1,China,CH,CH,,35,105,CH,20260717043000,https://www.thedailybeast.com/trump-rages-at-network-tv-snub-in-unhinged-election-speech/
1314010705,20260717,202607,2026,2026.5397,USAGOV,JOE BIDEN,USA,,,,,GOV,,,,,,,,,,,,,0,013,013,01,1,0.4,4,1,4,-3.88489208633094,2,"Michigan, United States",US,USMI,,43.3504,-84.5603,MI,0,,,,,,,,3,"White House, District of Columbia, United States",US,USDC,,38.8951,-77.0364,531871,20260717043000,https://www.thedailybeast.com/trump-rages-at-network-tv-snub-in-unhinged-election-speech/
1314010706,20260717,202607,2026,2026.5397,USAGOV,THE US,USA,,,,,GOV,,,,,,,,,,,,,0,085,085,08,2,7.0,10,1,10,1.21212121212121,1,Russia,RS,RS,,60,100,RS,0,,,,,,,,1,Russia,RS,RS,,60,100,RS,20260717043000,https://www.hindustantimes.com/india-news/60-us-senators-back-new-bill-proposing-100-tariffs-on-india-for-buying-russian-oil-101784261547349.html
1314010707,20260717,202607,2026,2026.5397,USAGOV,THE WHITE HOUSE,USA,,,,,GOV,,,,,,,,,,,,,1,192,192,19,4,-9.5,2,1,2,-5.56426332288402,4,"Lviv, L'vivs'ka Oblast', Ukraine",UP,UP15,28555,49.8407,24.0305,-1045268,0,,,,,,,,4,"Lviv, L'vivs'ka Oblast', Ukraine",UP,UP15,28555,49.8407,24.0305,-1045268,20260717043000,https://www.theamericanconservative.com/on-ukraine-trump-now-buys-the-tide-turning-narrative/
1314010708,20260717,202607,2026,2026.5397,USAGOV,OBAMA,USA,,,,,GOV,,,CVL,IMMIGRANT,,,,,,CVL,,,1,020,020,02,1,3.0,2,1,2,-1.71526586620926,2,"Kentucky, United States",US,USKY,,37.669,-84.6514,KY,2,"Kentucky, United States",US,USKY,,37.669,-84.6514,KY,2,"Kentucky, United States",US,USKY,,37.669,-84.6514,KY,20260717043000,https://www.thedailybeast.com/barack-obama-takes-shot-at-jd-vance-over-marriage-hypocrisy/
1314010709,20260717,202607,2026,2026.5397,USAGOV,CALIFORNIA,USA,,,,,GOV,,,LEG,CONGRESS,,,,,,LEG,,,0,112,112,11,3,-2.0,6,1,6,0.11223344556678,2,"California, United States",US,USCA,,36.17,-119.746,CA,2,"California, United States",US,USCA,,36.17,-119.746,CA,2,"California, United States",US,USCA,,36.17,-119.746,CA,20260717043000,https://jweekly.com/2026/07/16/most-northern-california-house-democrats-vote-to-cut-off-aid-to-israel/
1314010710,20260717,202607,2026,2026.5397,USAGOV,CALIFORNIA,USA,,,,,GOV,,,LEG,CONGRESS,,,,,,LEG,,,0,180,180,18,4,-9.0,6,1,6,0.11223344556678,2,"California, United States",US,USCA,,36.17,-119.746,CA,2,"California, United States",US,USCA,,36.17,-119.746,CA,2,"California, United States",US,USCA,,36.17,-119.746,CA,20260717043000,https://jweekly.com/2026/07/16/most-northern-california-house-democrats-vote-to-cut-off-aid-to-israel/
1314010711,20260717,202607,2026,2026.5397,USAGOV,THE WHITE HOUSE,USA,,,,,GOV,,,OPP,ACTIVIST,,,,,,OPP,,,1,043,043,04,1,2.8,6,1,6,-3.58744394618835,3,"White House, District of Columbia, United States",US,USDC,,38.8951,-77.0364,531871,3,"White House, District of Columbia, United States",US,USDC,,38.8951,-77.0364,531871,3,"White House, District of Columbia, United States",US,USDC,,38.8951,-77.0364,531871,20260717043000,https://www.thedailybeast.com/trump-assembles-disgraced-election-deniers-before-crackpot-election-security-speech/
1314010712,20260717,202607,2026,2026.5397,USAGOV,UNITED STATES,USA,,,,,GOV,,,USA,UNITED STATES,USA,,,,,,,,1,020,020,02,1,3.0,1,1,1,-3.77833753148615,3,"White House, District of Columbia, United States",US,USDC,,38.8951,-77.0364,531871,3,"White House, District of Columbia, United States",US,USDC,,38.8951,-77.0364,531871,3,"Muskegon, Michigan, United States",US,USMI,MI121,43.2342,-86.2484,1620963,20260717043000,https://bridgemi.com/uncategorized/fact-check-president-trump-seeks-probe-of-2020-muskegon-voter-fraud/
1314010713,20260717,202607,2026,2026.5397,USAGOV,OBAMA,USA,,,,,GOV,,,USA,UNITED STATES,USA,,,,,,,,1,020,020,02,1,3.0,4,1,4,-1.71526586620926,2,"Kentucky, United States",US,USKY,,37.669,-84.6514,KY,2,"Kentucky, United States",US,USKY,,37.669,-84.6514,KY,2,"Kentucky, United States",US,USKY,,37.669,-84.6514,KY,20260717043000,https://www.thedailybeast.com/barack-obama-takes-shot-at-jd-vance-over-marriage-hypocrisy/
1314010714,20260717,202607,2026,2026.5397,USAGOV,THE WHITE HOUSE,USA,,,,,GOV,,,USA,UNITED STATES,USA,,,,,,,,1,043,043,04,1,2.8,1,1,1,-4.16666666666667,3,"White House, District of Columbia, United States",US,USDC,,38.8951,-77.0364,531871,3,"White House, District of Columbia, United States",US,USDC,,38.8951,-77.0364,531871,3,"White House, District of Columbia, United States",US,USDC,,38.8951,-77.0364,531871,20260717043000,https://original.antiwar.com/page/2933/
1314010715,20260717,202607,2026,2026.5397,USAGOV,THE WHITE HOUSE,USA,,,,,GOV,,,USA,UNITED STATES,USA,,,,,,,,1,043,043,04,1,2.8,1,1,1,-4.16666666666667,3,"White House, District of Columbia, United States",US,USDC,,38.8951,-77.0364,531871,3,"White House, District of Columbia, United States",US,USDC,,38.8951,-77.0364,531871,1,Iran,IR,IR,,32,53,IR,20260717043000,https://original.antiwar.com/page/2933/
1314010716,20260717,202607,2026,2026.5397,USAGOV,UNITED STATES,USA,,,,,GOV,,,USA,UNITED STATES,USA,,,,,,,,0,112,112,11,3,-2.0,4,1,4,0.11223344556678,2,"California, United States",US,USCA,,36.17,-119.746,CA,2,"California, United States",US,USCA,,36.17,-119.746,CA,2,"California, United States",US,USCA,,36.17,-119.746,CA,20260717043000,https://jweekly.com/2026/07/16/most-northern-california-house-democrats-vote-to-cut-off-aid-to-israel/
1314010717,20260717,202607,2026,2026.5397,USAGOV,JOE BIDEN,USA,,,,,GOV,,,USA,UNITED STATES,USA,,,,,,,,0,173,173,17,4,-5.0,1,1,1,-3.58744394618835,3,"Washington, District of Columbia, United States",US,USDC,DC001,38.8951,-77.0364,531871,2,"Colorado, United States",US,USCO,,39.0646,-105.327,CO,2,"Colorado, United States",US,USCO,,39.0646,-105.327,CO,20260717043000,https://www.thedailybeast.com/trump-assembles-disgraced-election-deniers-before-crackpot-election-security-speech/
1314010718,20260717,202607,2026,2026.5397,USAGOV,JOE BIDEN,USA,,,,,GOV,,,USA,UNITED STATES,USA,,,,,,,,0,173,173,17,4,-5.0,1,1,1,-3.58744394618835,2,"Georgia, United States",US,USGA,,32.9866,-83.6487,GA,2,"Colorado, United States",US,USCO,,39.0646,-105.327,CO,2,"Colorado, United States",US,USCO,,39.0646,-105.327,CO,20260717043000,https://www.thedailybeast.com/trump-assembles-disgraced-election-deniers-before-crackpot-election-security-speech/
1314010719,20260717,202607,2026,2026.5397,USAGOV,UNITED STATES,USA,,,,,GOV,,,USA,UNITED STATES,USA,,,,,,,,0,180,180,18,4,-9.0,4,1,4,0.11223344556678,2,"California, United States",US,USCA,,36.17,-119.746,CA,2,"California, United States",US,USCA,,36.17,-119.746,CA,2,"California, United States",US,USCA,,36.17,-119.746,CA,20260717043000,https://jweekly.com/2026/07/16/most-northern-california-house-democrats-vote-to-cut-off-aid-to-israel/
1314010720,20260717,202607,2026,2026.5397,USAGOVHLH,NEW YORK CITY,USA,,,,,GOV,HLH,,,,,,,,,,,,0,020,020,02,1,3.0,2,1,2,-2.67591674925669,2,"New York, United States",US,USNY,,42.1497,-74.9384,NY,0,,,,,,,,2,"New York, United States",US,USNY,,42.1497,-74.9384,NY,20260717043000,http://www.minnpost.com/environment/2026/07/the-smoky-season-in-minnesota-has-just-begun/
1314010721,20260717,202607,2026,2026.5397,USAJUD,UNITED STATES,USA,,,,,JUD,,,JUD,LAWYER,,,,,,JUD,,,1,043,043,04,1,2.8,2,1,2,-4.64037122969837,3,"Los Angeles County, California, United States",US,USCA,CA037,34.3667,-118.201,277283,3,"Los Angeles County, California, United States",US,USCA,,34.3667,-118.201,277283,3,"Los Angeles County, California, United States",US,USCA,,34.3667,-118.201,277283,20260717043000,https://www.canadianlawyermag.com/news/international/youtube-meta-challenge-jury-on-social-media-addiction-verdict/394374
1314010722,20260717,202607,2026,2026.5397,USALEG,MAINE,USA,,,,,LEG,,,,,,,,,,,,,1,190,190,19,4,-10.0,6,1,6,-5.76923076923077,2,"Maine, United States",US,USME,,44.6074,-69.3977,ME,0,,,,,,,,2,"Maine, United States",US,USME,,44.6074,-69.3977,ME,20260717043000,https://www.nbcnews.com/politics/2026-election/maine-senate-candidates-battle-progressive-mantle-graham-platners-exit-rcna587710
1314010723,20260717,202607,2026,2026.5397,USALEG,UNITED STATES,USA,,,,,LEG,,,USA,UTAH,USA,,,,,,,,0,051,051,05,1,3.4,2,1,2,-1.65929203539823,2,"Utah, United States",US,USUT,,40.1135,-111.854,UT,2,"Utah, United States",US,USUT,,40.1135,-111.854,UT,2,"Utah, United States",US,USUT,,40.1135,-111.854,UT,20260717043000,https://www.thedailybeast.com/maga-melts-down-at-networks-switching-off-trump/
1314010724,20260717,202607,2026,2026.5397,USALEG,UNITED STATES,USA,,,,,LEG,,,USA,UTAH,USA,,,,,,,,0,060,060,06,2,6.0,2,1,2,-1.65929203539823,2,"Utah, United States",US,USUT,,40.1135,-111.854,UT,2,"Utah, United States",US,USUT,,40.1135,-111.854,UT,2,"Utah, United States",US,USUT,,40.1135,-111.854,UT,20260717043000,https://www.thedailybeast.com/maga-melts-down-at-networks-switching-off-trump/
1314010725,20260717,202607,2026,2026.5397,USALEG,UNITED STATES,USA,,,,,LEG,,,USA,MAINE,USA,,,,,,,,1,190,190,19,4,-10.0,4,1,4,-5.76923076923077,2,"Maine, United States",US,USME,,44.6074,-69.3977,ME,2,"Maine, United States",US,USME,,44.6074,-69.3977,ME,2,"Maine, United States",US,USME,,44.6074,-69.3977,ME,20260717043000,https://www.nbcnews.com/politics/2026-election/maine-senate-candidates-battle-progressive-mantle-graham-platners-exit-rcna587710
1314010726,20260717,202607,2026,2026.5397,USAMED,UNITED STATES,USA,,,,,MED,,,USA,UNITED STATES,USA,,,,,,,,0,013,013,01,1,0.4,2,1,2,-2.52206809583859,3,"Washington, District of Columbia, United States",US,USDC,DC001,38.8951,-77.0364,531871,3,"Washington, District of Columbia, United States",US,USDC,DC001,38.8951,-77.0364,531871,3,"Washington, District of Columbia, United States",US,USDC,DC001,38.8951,-77.0364,531871,20260717043000,https://www.thedailybeast.com/maga-coded-cbs-admits-trump-speech-is-bsbut-shows-it-anyway/
1314010727,20260717,202607,2026,2026.5397,USAMIL,THE US,USA,,,,,MIL,,,IRN,IRAN,IRN,,,,,,,,0,190,190,19,4,-10.0,8,1,8,-6.84410646387833,1,Jordan,JO,JO,,31,36,JO,5,"Hormozgan, Hormozgan, Iran",IR,IR11,40970,27.75,56.5,-3066740,5,"Hormozgan, Hormozgan, Iran",IR,IR11,40970,27.75,56.5,-3066740,20260717043000,https://www.aljazeera.com/news/2026/7/17/iea-chief-warns-strait-of-hormuz-crisis-threatens-global-energy-security
1314010728,20260717,202607,2026,2026.5397,USAMIL,THE US,USA,,,,,MIL,,,IRN,IRAN,IRN,,,,,,,,0,190,190,19,4,-10.0,2,1,2,-6.84410646387833,1,Jordan,JO,JO,,31,36,JO,1,Jordan,JO,JO,,31,36,JO,1,Jordan,JO,JO,,31,36,JO,20260717043000,https://www.aljazeera.com/news/2026/7/17/iea-chief-warns-strait-of-hormuz-crisis-threatens-global-energy-security
1314010729,20260717,202607,2026,2026.5397,USAMIL,THE US,USA,,,,,MIL,,,MIL,MILITARY,,,,,,MIL,,,0,040,040,04,1,1.0,6,2,6,4.2745143690087,3,"Army War College, District of Columbia, United States",US,USDC,DC001,38.8634,-77.0169,531541,3,"Army War College, District of Columbia, United States",US,USDC,,38.8634,-77.0169,531541,3,"Army War College, District of Columbia, United States",US,USDC,,38.8634,-77.0169,531541,20260717043000,https://ianslive.in/ins-sudarshini-concludes-historic-us-voyage-after-participating-in-americas-250th-independence-celebrations--20260717085657
1314010730,20260717,202607,2026,2026.5397,YEM,SANA,YEM,,,,,,,,,,,,,,,,,,0,012,012,01,1,-0.4,4,1,4,-3.76432078559738,4,"Delhi, Delhi, India",IN,IN07,17911,28.6667,77.2167,-2094230,0,,,,,,,,4,"Delhi, Delhi, India",IN,IN07,17911,28.6667,77.2167,-2094230,20260717043000,https://www.moneycontrol.com/entertainment/aamir-khan-reacts-to-sonam-wangchuk-s-hunger-strike-reveals-3-idiots-character-wasn-t-based-on-him-says-all-of-us-are-very-concerned-about-his-health-article-13976271.html
1314010731,20260717,202607,2026,2026.5397,YEM,SANA,YEM,,,,,,,,,,,,,,,,,,0,026,026,02,1,4.0,4,1,4,-3.76432078559738,4,"Delhi, Delhi, India",IN,IN07,17911,28.6667,77.2167,-2094230,0,,,,,,,,4,"Delhi, Delhi, India",IN,IN07,17911,28.6667,77.2167,-2094230,20260717043000,https://www.moneycontrol.com/entertainment/aamir-khan-reacts-to-sonam-wangchuk-s-hunger-strike-reveals-3-idiots-character-wasn-t-based-on-him-says-all-of-us-are-very-concerned-about-his-health-article-13976271.html
1314010732,20260717,202607,2026,2026.5397,ben,BENGALI,,,ben,,,,,,,,,,,,,,,,1,050,050,05,1,3.5,5,1,5,3.80761523046093,4,"New Delhi, Delhi, India",IN,IN07,17911,28.6,77.2,-2106102,0,,,,,,,,4,"Dhaka, Dhaka, Bangladesh",BG,BG81,5778,23.7231,90.4086,-2737683,20260717043000,https://idrw.org/time-for-bangladesh-and-india-to-address-defining-future-challenges-through-shared-solutions-report/
1314010733,20260717,202607,2026,2026.5397,idg,INDIGENOUS,,,idg,,,,,,,,,,,,,,,,0,190,190,19,4,-10.0,10,1,10,0.53691275167785,4,"Hyderabad, Andhra Pradesh, India",IN,IN02,17564,17.3753,78.4744,-2097701,0,,,,,,,,4,"Hyderabad, Andhra Pradesh, India",IN,IN02,17564,17.3753,78.4744,-2097701,20260717043000,https://idrw.org/paninian-unveils-indigenous-yantur-tj1-6-turbojet-engine-to-power-svayatt-td1-target-drone/
1314010734,20260717,202607,2026,2026.5397,nav,NAVAJO,,,nav,,,,,,USA,UNITED STATES,USA,,,,,,,,1,046,046,04,1,7.0,2,1,2,-1.2400354295837,3,"University Of Denver, Colorado, United States",US,USCO,CO031,39.6777,-104.961,184869,2,"Colorado, United States",US,USCO,,39.0646,-105.327,CO,2,"Colorado, United States",US,USCO,,39.0646,-105.327,CO,20260717043000,https://www.kunm.org/local-news/2026-07-16/tribes-states-federal-government-battle-for-colorado-river-water-rights
1314010735,20260717,202607,2026,2026.5397,nav,NAVAJO,,,nav,,,,,,USA,COLORADO,USA,,,,,,,,1,046,046,04,1,7.0,8,1,8,-1.2400354295837,2,"Colorado, United States",US,USCO,,39.0646,-105.327,CO,2,"Colorado, United States",US,USCO,,39.0646,-105.327,CO,2,"Colorado, United States",US,USCO,,39.0646,-105.327,CO,20260717043000,https://www.kunm.org/local-news/2026-07-16/tribes-states-federal-government-battle-for-colorado-river-water-rights
1314010736,20260717,202607,2026,2026.5397,sco,SCOTTISH,,,sco,,,,,,,,,,,,,,,,1,112,112,11,3,-2.0,3,1,3,-0.37406483790524,1,United Kingdom,UK,UK,,54,-4,UK,0,,,,,,,,1,United Kingdom,UK,UK,,54,-4,UK,20260717043000,https://www.dailyrecord.co.uk/news/politics/new-poll-shows-separate-scottish-37440079
1314010737,20260717,202607,2026,2026.5397,sco,SCOTTISH,,,sco,,,,,,GBR,UNITED KINGDOM,GBR,,,,,,,,1,112,112,11,3,-2.0,3,1,3,-0.37406483790524,1,United Kingdom,UK,UK,,54,-4,UK,1,United Kingdom,UK,UK,,54,-4,UK,1,United Kingdom,UK,UK,,54,-4,UK,20260717043000,https://www.dailyrecord.co.uk/news/politics/new-poll-shows-separate-scottish-37440079
1314010738,20260717,202607,2026,2026.5397,scoGOV,SCOTTISH,,,sco,,,GOV,,,,,,,,,,,,,0,071,071,07,2,7.4,8,1,8,-3.24543610547668,1,United Kingdom,UK,UK,,54,-4,UK,0,,,,,,,,1,United Kingdom,UK,UK,,54,-4,UK,20260717043000,https://www.dailyrecord.co.uk/news/scottish-news/shock-new-figures-show-500-37439802
1314010739,20260717,202607,2026,2026.5397,scoGOV,SCOTTISH,,,sco,,,GOV,,,GBR,UNITED KINGDOM,GBR,,,,,,,,0,071,071,07,2,7.4,2,1,2,-3.24543610547668,1,United Kingdom,UK,UK,,54,-4,UK,1,United Kingdom,UK,UK,,54,-4,UK,1,United Kingdom,UK,UK,,54,-4,UK,20260717043000,https://www.dailyrecord.co.uk/news/scottish-news/shock-new-figures-show-500-37439802
