GLOBALEVENTID,SQLDATE,MonthYear,Year,FractionDate,Actor1Code,Actor1Name,Actor1CountryCode,Actor1KnownGroupCode,Actor1EthnicCode,Actor1Religion1Code,Actor1Religion2Code,Actor1Type1Code,Actor1Type2Code,Actor1Type3Code,Actor2Code,Actor2Name,Actor2CountryCode,Actor2KnownGroupCode,Actor2EthnicCode,Actor2Religion1Code,Actor2Religion2Code,Actor2Type1Code,Actor2Type2Code,Actor2Type3Code,IsRootEvent,EventCode,EventBaseCode,EventRootCode,QuadClass,GoldsteinScale,NumMentions,NumSources,NumArticles,AvgTone,Actor1Geo_Type,Actor1Geo_FullName,Actor1Geo_CountryCode,Actor1Geo_ADM1Code,Actor1Geo_Lat,Actor1Geo_Long,Actor1Geo_FeatureID,Actor2Geo_Type,Actor2Geo_FullName,Actor2Geo_CountryCode,Actor2Geo_ADM1Code,Actor2Geo_Lat,Actor2Geo_Long,Actor2Geo_FeatureID,ActionGeo_Type,ActionGeo_FullName,ActionGeo_CountryCode,ActionGeo_ADM1Code,ActionGeo_Lat,ActionGeo_Long,ActionGeo_FeatureID,DATEADDED,SOURCEURL
1313290048,20260713,202607,2026,2026.5288,,,,,,,,,,,AUS,SYDNEY,AUS,,,,,,,,1,042,042,04,1,1.9,10,1,10,3.0373831775701,0,,,,,,,,4,"Brisbane, Queensland, Australia",AS,AS04,154654,-27.5,153.017,-1561728,4,"Brisbane, Queensland, Australia",AS,AS04,154654,-27.5,153.017,-1561728,20260713001500,https://www.townsvillebulletin.com.au/news/breaking-news/digital-passenger-cards-to-be-rolled-out-at-all-australian-international-airports/news-story/e19fbd63aed8bdcfcd4127906d715828?nk=6bd4945af2962b1da16c48dc1eb06965-1783900899
1313290049,20260713,202607,2026,2026.5288,,,,,,,,,,,AUS,PERTH,AUS,,,,,,,,1,173,173,17,4,-5.0,10,1,10,-7.40740740740741,0,,,,,,,,4,"Perth, Western Australia, Australia",AS,AS08,5533,-31.9333,115.833,-1594675,4,"Perth, Western Australia, Australia",AS,AS08,5533,-31.9333,115.833,-1594675,20260713001500,https://www.smh.com.au/national/western-australia/wa-news-live-investigations-underway-after-perth-man-dies-in-bali-detention-centre-20260713-p60erx.html
1313290050,20260713,202607,2026,2026.5288,,,,,,,,,,,BUS,MANUFACTURER,,,,,,BUS,,,1,040,040,04,1,1.0,3,1,3,6.2111801242236,0,,,,,,,,1,India,IN,IN,,20,77,IN,1,India,IN,IN,,20,77,IN,20260713001500,https://www.scoop.co.nz/stories/PA2607/S00087/patterson-to-india-to-champion-new-zealand-wool.htm
1313290051,20260713,202607,2026,2026.5288,,,,,,,,,,,BUS,MANUFACTURER,,,,,,BUS,,,1,040,040,04,1,1.0,2,1,2,6.2111801242236,0,,,,,,,,1,India,IN,IN,,20,77,IN,1,New Zealand,NZ,NZ,,-42,174,NZ,20260713001500,https://www.scoop.co.nz/stories/PA2607/S00087/patterson-to-india-to-champion-new-zealand-wool.htm
1313290052,20260713,202607,2026,2026.5288,,,,,,,,,,,BUS,BUSINESS,,,,,,BUS,,,1,042,042,04,1,1.9,1,1,1,1.16279069767442,0,,,,,,,,4,"Tokyo, Tokyo, Japan",JA,JA40,36340,35.685,139.751,-246227,4,"Tokyo, Tokyo, Japan",JA,JA40,36340,35.685,139.751,-246227,20260713001500,https://www.dailypolitical.com/2026/07/12/rakuten-inc-otcmktsrkuny-short-interest-down-96-4-in-june.html
1313290053,20260713,202607,2026,2026.5288,,,,,,,,,,,BUS,PRODUCER,,,,,,BUS,,,1,042,042,04,1,1.9,10,1,10,4.18781725888325,0,,,,,,,,3,"Hollywood, California, United States",US,USCA,CA037,34.0983,-118.327,1660757,3,"Hollywood, California, United States",US,USCA,CA037,34.0983,-118.327,1660757,20260713001500,https://www.womansworld.com/entertainment/books/these-are-drew-barrymores-favorite-books-to-read
1313290054,20260713,202607,2026,2026.5288,,,,,,,,,,,BUS,BUSINESS,,,,,,BUS,,,1,042,042,04,1,1.9,6,1,6,1.16279069767442,0,,,,,,,,1,United States,US,US,,39.828175,-98.5795,US,4,"Tokyo, Tokyo, Japan",JA,JA40,36340,35.685,139.751,-246227,20260713001500,https://www.dailypolitical.com/2026/07/12/rakuten-inc-otcmktsrkuny-short-interest-down-96-4-in-june.html
1313290055,20260713,202607,2026,2026.5288,,,,,,,,,,,BUS,COMPANY,,,,,,BUS,,,0,051,051,05,1,3.4,10,1,10,5.53097345132743,0,,,,,,,,0,,,,,,,,0,,,,,,,,20260713001500,https://www.sunlive.co.nz/news/383081-award-recognises-quarry-leader---s-empathy.html
1313290056,20260713,202607,2026,2026.5288,,,,,,,,,,,BUS,COMPANY,,,,,,BUS,,,1,051,051,05,1,3.4,5,1,5,0,0,,,,,,,,4,"Dalaroo, Western Australia, Australia",AS,AS08,5513,-30.5788,116.013,11459238,4,"Dalaroo, Western Australia, Australia",AS,AS08,5513,-30.5788,116.013,11459238,20260713001500,https://finance.yahoo.com/small-business/articles/small-cap-watch-orthocell-posts-233500224.html
1313290057,20260713,202607,2026,2026.5288,,,,,,,,,,,CHN,CHINESE,CHN,,,,,,,,0,051,051,05,1,3.4,4,1,4,-1.74050632911393,0,,,,,,,,4,"Jelawat, Kelantan, Malaysia",MY,MY03,37356,6.0163,102.376,-2365064,4,"Jelawat, Kelantan, Malaysia",MY,MY03,37356,6.0163,102.376,-2365064,20260713001500,https://www.freemalaysiatoday.com/category/leisure/2026/07/13/pok-ku-keeps-a-dying-craft-alive-one-coffin-at-a-time
1313290058,20260713,202607,2026,2026.5288,,,,,,,,,,,CHN,CHINESE,CHN,,,,,,,,0,051,051,05,1,3.4,6,1,6,-1.74050632911393,0,,,,,,,,1,China,CH,CH,,35,105,CH,1,China,CH,CH,,35,105,CH,20260713001500,https://www.freemalaysiatoday.com/category/leisure/2026/07/13/pok-ku-keeps-a-dying-craft-alive-one-coffin-at-a-time
1313290059,20260713,202607,2026,2026.5288,,,,,,,,,,,COP,POLICE OFFICER,,,,,,COP,,,0,042,042,04,1,1.9,10,1,10,-8.53658536585366,0,,,,,,,,0,,,,,,,,0,,,,,,,,20260713001500,http://www.beloitdailynews.com/news/crime/south-beloit-woman-pleads-not-guilty-to-attempted-homicide-charges/article_05cbe914-7ef0-4025-8c8b-5195cb916e4b.html
1313290060,20260713,202607,2026,2026.5288,,,,,,,,,,,CVL,COMMUNITY,,,,,,CVL,,,0,043,043,04,1,2.8,2,1,2,3.40136054421769,0,,,,,,,,4,"Hounslow, Hounslow, United Kingdom",UK,UKG1,40133,51.4667,-0.35,-2599107,1,Portugal,PO,PO,,39.5,-8,PO,20260713001500,https://navhindtimes.in/goanews/dont-need-your-money-need-your-voice-vijai-to-uk-goans/
1313290061,20260713,202607,2026,2026.5288,,,,,,,,,,,CVL,COMMUNITY,,,,,,CVL,,,1,046,046,04,1,7.0,5,1,5,2.82208588957055,0,,,,,,,,3,"Buellton, California, United States",US,USCA,CA083,34.6136,-120.193,1667902,3,"Buellton, California, United States",US,USCA,CA083,34.6136,-120.193,1667902,20260713001500,https://1150kknw.com/4-barbault-basket-burst/
1313290062,20260713,202607,2026,2026.5288,,,,,,,,,,,EDU,STUDENT,,,,,,EDU,,,1,036,036,03,1,4.0,10,1,10,3.5548686244204,0,,,,,,,,0,,,,,,,,0,,,,,,,,20260713001500,https://www.freemalaysiatoday.com/category/leisure/2026/07/13/the-auxiliary-cop-who-became-known-as-upms-uncle-sri
1313290063,20260713,202607,2026,2026.5288,,,,,,,,,,,EDU,UNIVERSITY,,,,,,EDU,,,0,040,040,04,1,1.0,10,1,10,2.37556561085972,0,,,,,,,,0,,,,,,,,0,,,,,,,,20260713001500,https://www.hawaii.edu/news/2026/07/12/hale-noelani-demolition-future-student-housing/
1313290064,20260713,202607,2026,2026.5288,,,,,,,,,,,EDU,STUDENT,,,,,,EDU,,,0,043,043,04,1,2.8,10,1,10,3.5548686244204,0,,,,,,,,0,,,,,,,,0,,,,,,,,20260713001500,https://www.freemalaysiatoday.com/category/leisure/2026/07/13/the-auxiliary-cop-who-became-known-as-upms-uncle-sri
1313290065,20260713,202607,2026,2026.5288,,,,,,,,,,,EDU,STUDENT,,,,,,EDU,,,1,043,043,04,1,2.8,10,1,10,0.95057034220533,0,,,,,,,,1,United Kingdom,UK,UK,,54,-4,UK,1,United Kingdom,UK,UK,,54,-4,UK,20260713001500,https://www.bournemouthecho.co.uk/news/26272973.university-students-urged-get-meningitis-b-vaccines/
1313290066,20260713,202607,2026,2026.5288,,,,,,,,,,,EGY,EGYPT,EGY,,,,,,,,0,042,042,04,1,1.9,2,1,2,-2.21870047543582,0,,,,,,,,1,Egypt,EG,EG,,27,30,EG,1,Egypt,EG,EG,,27,30,EG,20260713001500,https://www.journalgazette.net/news/national/last-us-polio-patient-using-iron-lung-dies/article_eca8053a-92ee-5799-96ab-9ed822ae1961.html
1313290067,20260713,202607,2026,2026.5288,,,,,,,,,,,EGY,EGYPT,EGY,,,,,,,,0,042,042,04,1,1.9,8,1,8,-2.21870047543582,0,,,,,,,,2,"Oklahoma, United States",US,USOK,,35.5376,-96.9247,OK,2,"Oklahoma, United States",US,USOK,,35.5376,-96.9247,OK,20260713001500,https://www.journalgazette.net/news/national/last-us-polio-patient-using-iron-lung-dies/article_eca8053a-92ee-5799-96ab-9ed822ae1961.html
1313290068,20260713,202607,2026,2026.5288,,,,,,,,,,,ESP,SPANISH,ESP,,,,,,,,1,022,022,02,1,3.2,8,1,8,0.51150895140665,0,,,,,,,,4,"Belfast, Belfast, United Kingdom",UK,UKR3,40158,54.5833,-5.93333,-2589607,4,"Belfast, Belfast, United Kingdom",UK,UKR3,40158,54.5833,-5.93333,-2589607,20260713001500,https://www.irishtimes.com/culture/2026/07/13/in-a-word-expert/
1313290069,20260713,202607,2026,2026.5288,,,,,,,,,,,GBR,LONDON,GBR,,,,,,,,0,042,042,04,1,1.9,4,1,4,3.40136054421769,0,,,,,,,,5,"London Borough Of Hounslow, Hounslow, United Kingdom",UK,UKG1,40133,51.4747,-0.3661,6077597,4,"Hounslow, Hounslow, United Kingdom",UK,UKG1,40133,51.4667,-0.35,-2599107,20260713001500,https://navhindtimes.in/goanews/dont-need-your-money-need-your-voice-vijai-to-uk-goans/
1313290070,20260713,202607,2026,2026.5288,,,,,,,,,,,GBR,LONDON,GBR,,,,,,,,0,042,042,04,1,1.9,1,1,1,3.40136054421769,0,,,,,,,,1,El Salvador,ES,ES,,13.833333,-88.916667,ES,1,El Salvador,ES,ES,,13.833333,-88.916667,ES,20260713001500,https://navhindtimes.in/goanews/dont-need-your-money-need-your-voice-vijai-to-uk-goans/
1313290071,20260713,202607,2026,2026.5288,,,,,,,,,,,GOV,PRESIDENT,,,,,,GOV,,,1,040,040,04,1,1.0,2,1,2,-0.29069767441861,0,,,,,,,,2,"District of Columbia, United States",US,USDC,,38.8964,-77.0262,DC,2,"District of Columbia, United States",US,USDC,,38.8964,-77.0262,DC,20260713001500,https://timesofsandiego.com/politics/2026/07/12/californias-lawmakers-share-remembrances-following-sen-lindsay-grahams-death/
1313290072,20260713,202607,2026,2026.5288,,,,,,,,,,,GOV,GOVERNMENT,,,,,,GOV,,,0,040,040,04,1,1.0,20,2,20,-5.11382799325464,0,,,,,,,,2,"Kansas, United States",US,USKS,,38.5111,-96.8005,KS,2,"Kansas, United States",US,USKS,,38.5111,-96.8005,KS,20260713001500,https://www.gjsentinel.com/news/us/keystone-pipeline-systems-operator-agrees-to-pay-a-26-9m-penalty-over-a-major-kansas/article_0c486dbd-0d82-5be6-9c94-0d9ec52fd4f1.html
1313290073,20260713,202607,2026,2026.5288,,,,,,,,,,,GOV,PRESIDENT,,,,,,GOV,,,1,040,040,04,1,1.0,3,1,3,-0.29069767441861,0,,,,,,,,1,Ukraine,UP,UP,,49,32,UP,1,Ukraine,UP,UP,,49,32,UP,20260713001500,https://timesofsandiego.com/politics/2026/07/12/californias-lawmakers-share-remembrances-following-sen-lindsay-grahams-death/
1313290074,20260713,202607,2026,2026.5288,,,,,,,,,,,GOV,MINIST,,,,,,GOV,,,0,043,043,04,1,2.8,6,1,6,6.2111801242236,0,,,,,,,,1,India,IN,IN,,20,77,IN,1,India,IN,IN,,20,77,IN,20260713001500,https://www.scoop.co.nz/stories/PA2607/S00087/patterson-to-india-to-champion-new-zealand-wool.htm
1313290075,20260713,202607,2026,2026.5288,,,,,,,,,,,GOV,PRESIDENT,,,,,,GOV,,,1,046,046,04,1,7.0,5,1,5,0.369003690036899,0,,,,,,,,1,United States,US,US,,39.828175,-98.5795,US,1,United States,US,US,,39.828175,-98.5795,US,20260713001500,https://www.whec.com/top-news/rochester-in-focus-july-12-2026/
1313290076,20260713,202607,2026,2026.5288,,,,,,,,,,,GOV,PRESIDENT,,,,,,GOV,,,1,051,051,05,1,3.4,8,1,8,0.478053020425899,0,,,,,,,,1,Sri Lanka,CE,CE,,7,81,CE,1,Sri Lanka,CE,CE,,7,81,CE,20260713001500,https://island.lk/deepening-democracy-constitutions-and-constitutionalism/
1313290077,20260713,202607,2026,2026.5288,,,,,,,,,,,GOV,FIRE DEPARTMENT,,,,,,GOV,,,1,060,060,06,2,6.0,10,1,10,1.94174757281553,0,,,,,,,,0,,,,,,,,0,,,,,,,,20260713001500,https://www.wapt.com/article/historic-building-damaged-after-massive-fire/71910502
1313290078,20260713,202607,2026,2026.5288,,,,,,,,,,,GOV,MINISTRY,,,,,,GOV,,,0,130,130,13,3,-4.4,5,1,5,-10.4712041884817,0,,,,,,,,4,"Tehran, Tehran, Iran",IR,IR26,41130,35.75,51.5148,10074674,4,"Tehran, Tehran, Iran",IR,IR26,41130,35.75,51.5148,10074674,20260713001500,https://www.middleeasteye.net/live-blog/live-blog-update/iran-accuses-us-breaching-ceasefire-deal-fresh-attacks
1313290079,20260713,202607,2026,2026.5288,,,,,,,,,,,GOV,CHIEF MINISTER,,,,,,GOV,,,1,190,190,19,4,-10.0,10,1,10,-5.46448087431696,0,,,,,,,,1,India,IN,IN,,20,77,IN,1,India,IN,IN,,20,77,IN,20260713001500,https://island.lk/abandoned-fighters-divisive-monuments-and-the-imperative-of-one-sri-lanka/
1313290080,20260713,202607,2026,2026.5288,,,,,,,,,,,IDN,INDONESIA,IDN,,,,,,,,1,112,112,11,3,-2.0,4,1,4,-7.40740740740741,0,,,,,,,,4,"Perth, Western Australia, Australia",AS,AS08,5533,-31.9333,115.833,-1594675,4,"Perth, Western Australia, Australia",AS,AS08,5533,-31.9333,115.833,-1594675,20260713001500,https://www.smh.com.au/national/western-australia/wa-news-live-investigations-underway-after-perth-man-dies-in-bali-detention-centre-20260713-p60erx.html
1313290081,20260713,202607,2026,2026.5288,,,,,,,,,,,IDN,INDONESIA,IDN,,,,,,,,1,128,128,12,3,-5.0,4,1,4,-7.40740740740741,0,,,,,,,,4,"Bali, Jawa Timur, Indonesia",ID,ID08,18585,-7.1046,112.337,10205777,4,"Bali, Jawa Timur, Indonesia",ID,ID08,18585,-7.1046,112.337,10205777,20260713001500,https://www.smh.com.au/national/western-australia/wa-news-live-investigations-underway-after-perth-man-dies-in-bali-detention-centre-20260713-p60erx.html
1313290082,20260713,202607,2026,2026.5288,,,,,,,,,,,IRN,IRAN,IRN,,,,,,,,0,040,040,04,1,1.0,10,1,10,-0.88967971530249,0,,,,,,,,1,Iran,IR,IR,,32,53,IR,1,Iran,IR,IR,,32,53,IR,20260713001500,https://790waeb.iheart.com/featured/bobby-gunther-walsh/content/gunther-guests-week-of-july-13th/
1313290083,20260713,202607,2026,2026.5288,,,,,,,,,,,ISR,ISRAEL,ISR,,,,,,,,0,051,051,05,1,3.4,2,1,2,-3.97350993377484,0,,,,,,,,4,"Gaza, Israel (general), Israel",IS,IS00,18315,31.4167,34.3333,-797156,4,"Gaza, Israel (general), Israel",IS,IS00,18315,31.4167,34.3333,-797156,20260713001500,https://www.freemalaysiatoday.com/category/highlight/2026/07/13/israel-elections-to-be-held-on-oct-27
1313290084,20260713,202607,2026,2026.5288,,,,,,,,,,,ISR,ISRAEL,ISR,,,,,,,,0,051,051,05,1,3.4,2,1,2,-3.97350993377484,0,,,,,,,,1,Lebanon,LE,LE,,33.833333,35.833333,LE,1,Lebanon,LE,LE,,33.833333,35.833333,LE,20260713001500,https://www.freemalaysiatoday.com/category/highlight/2026/07/13/israel-elections-to-be-held-on-oct-27
1313290085,20260713,202607,2026,2026.5288,,,,,,,,,,,JEW,JEWISH,,,,JEW,,,,,1,180,180,18,4,-9.0,3,1,3,-6.77966101694915,0,,,,,,,,4,"London, London, City of, United Kingdom",UK,UKH9,40110,51.5,-0.116667,-2601889,4,"London, London, City of, United Kingdom",UK,UKH9,40110,51.5,-0.116667,-2601889,20260713001500,https://www.freemalaysiatoday.com/category/world/2026/07/13/uk-announces-250mil-package-to-protect-jewish-community
1313290086,20260713,202607,2026,2026.5288,,,,,,,,,,,JUD,JUSTICE OF THE PEACE,,,,,,JUD,,,1,112,112,11,3,-2.0,3,1,3,-6.10687022900764,0,,,,,,,,3,"Lavaca County, Texas, United States",US,USTX,,29.3836,-96.9503,1383928,3,"Lavaca County, Texas, United States",US,USTX,,29.3836,-96.9503,1383928,20260713001500,https://www.ksat.com/news/local/2026/07/12/lavaca-county-justice-of-the-peace-arrested-on-felony-sexual-assault-charges-sheriffs-office-says/
1313290087,20260713,202607,2026,2026.5288,,,,,,,,,,,LEG,SENATE,,,,,,LEG,,,1,036,036,03,1,4.0,6,1,6,-1.42405063291139,0,,,,,,,,2,"Kentucky, United States",US,USKY,,37.669,-84.6514,KY,2,"Kentucky, United States",US,USKY,,37.669,-84.6514,KY,20260713001500,https://www.aol.com/articles/mitch-mcconnell-gives-major-health-213601000.html
1313290088,20260713,202607,2026,2026.5288,,,,,,,,,,,LEG,SENATE,,,,,,LEG,,,0,046,046,04,1,7.0,3,1,3,-1.39130434782609,0,,,,,,,,3,"Washington, District of Columbia, United States",US,USDC,DC001,38.8951,-77.0364,531871,3,"Washington, District of Columbia, United States",US,USDC,DC001,38.8951,-77.0364,531871,20260713001500,"http://www.westkentuckystar.com/News/State/In-health-update,-McConnell-says-fall-landed-him-i"
1313290089,20260713,202607,2026,2026.5288,,,,,,,,,,,LEG,SENATE,,,,,,LEG,,,0,046,046,04,1,7.0,3,1,3,-1.39130434782609,0,,,,,,,,2,"Kentucky, United States",US,USKY,,37.669,-84.6514,KY,2,"Kentucky, United States",US,USKY,,37.669,-84.6514,KY,20260713001500,"http://www.westkentuckystar.com/News/State/In-health-update,-McConnell-says-fall-landed-him-i"
1313290090,20260713,202607,2026,2026.5288,,,,,,,,,,,LEG,SENATE,,,,,,LEG,,,0,190,190,19,4,-10.0,6,1,6,0.427350427350429,0,,,,,,,,2,"South Carolina, United States",US,USSC,,33.8191,-80.9066,SC,4,"Kyiv, Kyyiv, Misto, Ukraine",UP,UP12,28554,50.4333,30.5167,-1044367,20260713001500,https://nypost.com/2026/07/12/opinion/heres-how-to-honor-sen-lindsey-grahams-unmatched-patriotic-legacy/
1313290091,20260713,202607,2026,2026.5288,,,,,,,,,,,LEGBUS,SENATE,,,,,,LEG,BUS,,1,013,013,01,1,0.4,16,2,16,-2.73597276927738,0,,,,,,,,2,"Kentucky, United States",US,USKY,,37.669,-84.6514,KY,2,"Kentucky, United States",US,USKY,,37.669,-84.6514,KY,20260713001500,https://www.wgauradio.com/news/politics/mcconnell-says-fall/TURMZXF27YZSDPWUXPDXNPC2UM/
1313290092,20260713,202607,2026,2026.5288,,,,,,,,,,,LKA,SRI LANKA,LKA,,,,,,,,1,042,042,04,1,1.9,10,1,10,0.478053020425899,0,,,,,,,,1,Sri Lanka,CE,CE,,7,81,CE,1,Sri Lanka,CE,CE,,7,81,CE,20260713001500,https://island.lk/deepening-democracy-constitutions-and-constitutionalism/
1313290093,20260713,202607,2026,2026.5288,,,,,,,,,,,LKAGOV,SRI LANKA,LKA,,,,,GOV,,,1,051,051,05,1,3.4,2,1,2,0.478053020425899,0,,,,,,,,1,Sri Lanka,CE,CE,,7,81,CE,1,Sri Lanka,CE,CE,,7,81,CE,20260713001500,https://island.lk/deepening-democracy-constitutions-and-constitutionalism/
1313290094,20260713,202607,2026,2026.5288,,,,,,,,,,,MED,BLOG,,,,,,MED,,,1,033,033,03,1,5.2,10,1,10,0.969696969696968,0,,,,,,,,2,"Florida, United States",US,USFL,,27.8333,-81.717,FL,2,"Florida, United States",US,USFL,,27.8333,-81.717,FL,20260713001500,https://www.yahoo.com/news/science/articles/night-rocket-launch-seen-jacksonville-232315378.html
1313290095,20260713,202607,2026,2026.5288,,,,,,,,,,,MED,WEBSITE,,,,,,MED,,,0,036,036,03,1,4.0,2,1,2,1.00224030185119,0,,,,,,,,3,"Mountain View, California, United States",US,USCA,,34.5064,-117.359,246299,3,"Mountain View, California, United States",US,USCA,,34.5064,-117.359,246299,20260713001500,https://www.funkytaurusmedia.com/shop_content.php?coID=3&XTCsid=93f2edia1138ner5dr7c8bfc02
1313290096,20260713,202607,2026,2026.5288,,,,,,,,,,,MED,WEBSITE,,,,,,MED,,,0,036,036,03,1,4.0,8,1,8,1.00224030185119,0,,,,,,,,3,"San Francisco, California, United States",US,USCA,,37.7749,-122.419,277593,3,"San Francisco, California, United States",US,USCA,,37.7749,-122.419,277593,20260713001500,https://www.funkytaurusmedia.com/shop_content.php?coID=3&XTCsid=93f2edia1138ner5dr7c8bfc02
1313290097,20260713,202607,2026,2026.5288,,,,,,,,,,,MMRGOV,MYANMAR,MMR,,,,,GOV,,,1,040,040,04,1,1.0,3,1,3,2.04918032786886,0,,,,,,,,1,Philippines,RP,RP,,13,122,RP,1,Philippines,RP,RP,,13,122,RP,20260713001500,https://www.freemalaysiatoday.com/category/highlight/2026/07/13/aung-sang-suu-kyi-in-good-health-myanmar-tells-asean
1313290098,20260713,202607,2026,2026.5288,,,,,,,,,,,MYS,MALAYSIA,MYS,,,,,,,,1,046,046,04,1,7.0,5,1,5,3.5548686244204,0,,,,,,,,0,,,,,,,,0,,,,,,,,20260713001500,https://www.freemalaysiatoday.com/category/leisure/2026/07/13/the-auxiliary-cop-who-became-known-as-upms-uncle-sri
1313290099,20260713,202607,2026,2026.5288,,,,,,,,,,,NLD,HOLLAND,NLD,,,,,,,,0,043,043,04,1,2.8,5,1,5,3.27909270216963,0,,,,,,,,0,,,,,,,,0,,,,,,,,20260713001500,https://www.mondaq.com:443/unitedstates/finance/1815558/podcast-building-value-through-strategic-seed-investing
1313290100,20260713,202607,2026,2026.5288,,,,,,,,,,,NZL,NEW ZEALAND,NZL,,,,,,,,0,040,040,04,1,1.0,4,1,4,-3.64583333333333,0,,,,,,,,5,"Bay Of Plenty, Bay of Plenty, New Zealand",NZ,NZE8,22380,-38.3333,176.75,11483126,5,"Bay Of Plenty, Bay of Plenty, New Zealand",NZ,NZE8,22380,-38.3333,176.75,11483126,20260713001500,https://www.sunlive.co.nz/news/383066-residents-rally-against-second-tauranga-toll.html
1313290101,20260713,202607,2026,2026.5288,,,,,,,,,,,NZL,BAY OF PLENTY,NZL,,,,,,,,1,051,051,05,1,3.4,8,1,8,5.03978779840849,0,,,,,,,,5,"Bay Of Plenty, Bay of Plenty, New Zealand",NZ,NZE8,22380,-38.3333,176.75,11483126,5,"Bay Of Plenty, Bay of Plenty, New Zealand",NZ,NZE8,22380,-38.3333,176.75,11483126,20260713001500,https://www.scoop.co.nz/stories/PA2607/S00088/aquaculture-agreement-with-bay-of-plenty-iwi.htm
1313290102,20260713,202607,2026,2026.5288,,,,,,,,,,,NZL,NEW ZEALAND,NZL,,,,,,,,1,060,060,06,2,6.0,1,1,1,3.84615384615385,0,,,,,,,,4,"Northland, New Zealand (general), New Zealand",NZ,NZ00,22391,-41.2833,174.75,-1514781,4,"Mount Maunganui, New Zealand (general), New Zealand",NZ,NZ00,22389,-37.6417,176.186,357203,20260713001500,https://www.sunlive.co.nz/news/383075-three-bay-of-plenty-lotto-tickets-score-wins.html
1313290103,20260713,202607,2026,2026.5288,,,,,,,,,,,NZL,NEW ZEALAND,NZL,,,,,,,,1,060,060,06,2,6.0,1,1,1,3.84615384615385,0,,,,,,,,4,"Wellington, New Zealand (general), New Zealand",NZ,NZ00,22391,-41.3,174.783,-1521348,4,"Northland, New Zealand (general), New Zealand",NZ,NZ00,22391,-41.2833,174.75,-1514781,20260713001500,https://www.sunlive.co.nz/news/383075-three-bay-of-plenty-lotto-tickets-score-wins.html
1313290104,20260713,202607,2026,2026.5288,,,,,,,,,,,NZLGOV,NEW ZEALAND,NZL,,,,,GOV,,,0,043,043,04,1,2.8,2,1,2,6.2111801242236,0,,,,,,,,1,New Zealand,NZ,NZ,,-42,174,NZ,1,New Zealand,NZ,NZ,,-42,174,NZ,20260713001500,https://www.scoop.co.nz/stories/PA2607/S00087/patterson-to-india-to-champion-new-zealand-wool.htm
1313290105,20260713,202607,2026,2026.5288,,,,,,,,,,,OPP,OPPOSITION PARTIES,,,,,,OPP,,,1,014,014,01,1,0.0,5,1,5,2.12765957446809,0,,,,,,,,0,,,,,,,,0,,,,,,,,20260713001500,https://www.freemalaysiatoday.com/category/nation/2026/07/13/progressive-bloc-seen-to-have-potential-despite-johor-drubbing
1313290106,20260713,202607,2026,2026.5288,,,,,,,,,,,PAN,PANAMA,PAN,,,,,,,,1,031,031,03,1,5.2,10,1,10,-0.49504950495049,0,,,,,,,,4,"Albrook, PanamáM, Panama",PM,PM08,93693,8.96667,-79.5667,-156498,4,"Albrook, PanamáM, Panama",PM,PM08,93693,8.96667,-79.5667,-156498,20260713001500,https://newsroompanama.com/2026/07/12/the-albrook-airport-will-only-operate-for-five-more-years-before-relocating-as-a-result-of-the-much-anticipated-panama-david-train/
1313290107,20260713,202607,2026,2026.5288,,,,,,,,,,,PAN,PANAMA,PAN,,,,,,,,0,042,042,04,1,1.9,9,1,9,-1.11358574610245,0,,,,,,,,4,"Los Santos, Los Santos, Panama",PM,PM07,23737,7.93333,-80.4167,-166485,4,"Los Santos, Los Santos, Panama",PM,PM07,23737,7.93333,-80.4167,-166485,20260713001500,https://newsroompanama.com/2026/07/12/bananas-and-cattle-lead-the-agricultural-trade-in-panama/
1313290108,20260713,202607,2026,2026.5288,,,,,,,,,,,THA,THAILAND,THA,,,,,,,,1,190,190,19,4,-10.0,7,1,7,-4.54545454545455,0,,,,,,,,4,"Lat Phrao, Krung Thep Mahanakhon, Thailand",TH,TH40,26414,13.8035,100.607,10503207,4,"Lat Phrao, Krung Thep Mahanakhon, Thailand",TH,TH40,26414,13.8035,100.607,10503207,20260713001500,https://www.cbc.ca/news/world/bangkok-pub-fire-9.7267674
1313290109,20260713,202607,2026,2026.5288,,,,,,,,,,,THA,THAILAND,THA,,,,,,,,1,190,190,19,4,-10.0,30,3,30,-4.64216851419477,0,,,,,,,,1,Australia,AS,AS,,-25,135,AS,1,Australia,AS,AS,,-25,135,AS,20260713001500,https://www.northerndailyleader.com.au/story/9309245/bangkok-pub-fire-kills-27-people-22-critically-injured/
1313290110,20260713,202607,2026,2026.5288,,,,,,,,,,,UAF,COMBATANT,,,,,,UAF,,,0,051,051,05,1,3.4,10,1,10,-5.46448087431696,0,,,,,,,,1,Sri Lanka,CE,CE,,7,81,CE,1,Sri Lanka,CE,CE,,7,81,CE,20260713001500,https://island.lk/abandoned-fighters-divisive-monuments-and-the-imperative-of-one-sri-lanka/
1313290111,20260713,202607,2026,2026.5288,,,,,,,,,,,UKR,UKRAINE,UKR,,,,,,,,1,051,051,05,1,3.4,3,1,3,-0.29069767441861,0,,,,,,,,2,"South Carolina, United States",US,USSC,,33.8191,-80.9066,SC,2,"South Carolina, United States",US,USSC,,33.8191,-80.9066,SC,20260713001500,https://timesofsandiego.com/politics/2026/07/12/californias-lawmakers-share-remembrances-following-sen-lindsay-grahams-death/
1313290112,20260713,202607,2026,2026.5288,,,,,,,,,,,UKR,UKRAINE,UKR,,,,,,,,1,051,051,05,1,3.4,2,1,2,-0.29069767441861,0,,,,,,,,1,Ukraine,UP,UP,,49,32,UP,1,Ukraine,UP,UP,,49,32,UP,20260713001500,https://timesofsandiego.com/politics/2026/07/12/californias-lawmakers-share-remembrances-following-sen-lindsay-grahams-death/
1313290113,20260713,202607,2026,2026.5288,,,,,,,,,,,USA,UNITED STATES,USA,,,,,,,,1,020,020,02,1,3.0,2,1,2,0.42826552462526,0,,,,,,,,3,"Miami, Florida, United States",US,USFL,FL086,25.7743,-80.1937,295004,4,"Adelaide, South Australia, Australia",AS,AS05,5256,-34.9333,138.6,-1555188,20260713001500,https://www.northqueenslandregister.com.au/story/9308114/jess-pryles-how-to-make-us-consumers-crave-australian-lamb-again/
1313290114,20260713,202607,2026,2026.5288,,,,,,,,,,,USA,UNITED STATES,USA,,,,,,,,1,020,020,02,1,3.0,6,1,6,0.42826552462526,0,,,,,,,,3,"Miami, Florida, United States",US,USFL,FL086,25.7743,-80.1937,295004,3,"Miami, Florida, United States",US,USFL,FL086,25.7743,-80.1937,295004,20260713001500,https://www.northqueenslandregister.com.au/story/9308114/jess-pryles-how-to-make-us-consumers-crave-australian-lamb-again/
1313290115,20260713,202607,2026,2026.5288,,,,,,,,,,,USA,MICHIGAN,USA,,,,,,,,1,036,036,03,1,4.0,10,1,10,2.82317979197623,0,,,,,,,,3,"Brooklyn, Michigan, United States",US,USMI,MI075,42.1059,-84.2483,622035,3,"Brooklyn, Michigan, United States",US,USMI,MI075,42.1059,-84.2483,622035,20260713001500,https://www.funkytaurusmedia.com/product_info.php?info=p50_funky-taurus-----george-clinton-----ufo-brooklyn---------exclusiv.html&XTCsid=93f2edia1138ner5dr7c8bfc02
1313290116,20260713,202607,2026,2026.5288,,,,,,,,,,,USA,CALIFORNIA,USA,,,,,,,,1,036,036,03,1,4.0,2,1,2,-1.92307692307692,0,,,,,,,,2,"California, United States",US,USCA,,36.17,-119.746,CA,3,"La Jolla, California, United States",US,USCA,,32.8473,-117.274,1660855,20260713001500,https://timesofsandiego.com/weather/2026/07/12/mondays-king-tides-could-provide-a-window-into-our-coasts-future/
1313290117,20260713,202607,2026,2026.5288,,,,,,,,,,,USA,UNITED STATES,USA,,,,,,,,1,036,036,03,1,4.0,1,1,1,-1.92307692307692,0,,,,,,,,2,"California, United States",US,USCA,,36.17,-119.746,CA,2,"California, United States",US,USCA,,36.17,-119.746,CA,20260713001500,https://timesofsandiego.com/weather/2026/07/12/mondays-king-tides-could-provide-a-window-into-our-coasts-future/
1313290118,20260713,202607,2026,2026.5288,,,,,,,,,,,USA,UNITED STATES,USA,,,,,,,,0,040,040,04,1,1.0,2,1,2,-2.21870047543582,0,,,,,,,,2,"Oklahoma, United States",US,USOK,,35.5376,-96.9247,OK,1,Egypt,EG,EG,,27,30,EG,20260713001500,https://www.journalgazette.net/news/national/last-us-polio-patient-using-iron-lung-dies/article_eca8053a-92ee-5799-96ab-9ed822ae1961.html
1313290119,20260713,202607,2026,2026.5288,,,,,,,,,,,USA,UNITED STATES,USA,,,,,,,,0,040,040,04,1,1.0,2,1,2,-2.21870047543582,0,,,,,,,,2,"Oklahoma, United States",US,USOK,,35.5376,-96.9247,OK,2,"Oklahoma, United States",US,USOK,,35.5376,-96.9247,OK,20260713001500,https://www.journalgazette.net/news/national/last-us-polio-patient-using-iron-lung-dies/article_eca8053a-92ee-5799-96ab-9ed822ae1961.html
1313290120,20260713,202607,2026,2026.5288,,,,,,,,,,,USA,LAWRENCE,USA,,,,,,,,1,042,042,04,1,1.9,10,1,10,0,0,,,,,,,,0,,,,,,,,0,,,,,,,,20260713001500,https://navhindtimes.in/goanews/103-6-lakh-sqm-of-land-poised-to-get-ndz-tag/
1313290121,20260713,202607,2026,2026.5288,,,,,,,,,,,USA,OKLAHOMA,USA,,,,,,,,0,042,042,04,1,1.9,2,1,2,-2.21870047543582,0,,,,,,,,1,Egypt,EG,EG,,27,30,EG,1,Egypt,EG,EG,,27,30,EG,20260713001500,https://www.journalgazette.net/news/national/last-us-polio-patient-using-iron-lung-dies/article_eca8053a-92ee-5799-96ab-9ed822ae1961.html
1313290122,20260713,202607,2026,2026.5288,,,,,,,,,,,USA,OKLAHOMA,USA,,,,,,,,0,042,042,04,1,1.9,8,1,8,-2.21870047543582,0,,,,,,,,2,"Oklahoma, United States",US,USOK,,35.5376,-96.9247,OK,2,"Oklahoma, United States",US,USOK,,35.5376,-96.9247,OK,20260713001500,https://www.journalgazette.net/news/national/last-us-polio-patient-using-iron-lung-dies/article_eca8053a-92ee-5799-96ab-9ed822ae1961.html
1313290123,20260713,202607,2026,2026.5288,,,,,,,,,,,USA,UNITED STATES,USA,,,,,,,,0,043,043,04,1,2.8,1,1,1,2.57009345794392,0,,,,,,,,3,"Mount Anthony, Vermont, United States",US,USVT,,42.8637,-73.2323,1461176,3,"Mount Anthony, Vermont, United States",US,USVT,,42.8637,-73.2323,1461176,20260713001500,https://www.reformer.com/news/state/southern-vermont-graduate-is-putting-together-a-shipshape-life/article_95c17e4b-eead-441b-ab23-a58bebefb7cf.html
1313290124,20260713,202607,2026,2026.5288,,,,,,,,,,,USA,WASHINGTON,USA,,,,,,,,0,043,043,04,1,2.8,4,1,4,2.57009345794392,0,,,,,,,,3,"York Harbor, Maine, United States",US,USME,,43.1368,-70.6456,578771,3,"Mount Anthony, Vermont, United States",US,USVT,,42.8637,-73.2323,1461176,20260713001500,https://www.reformer.com/news/state/southern-vermont-graduate-is-putting-together-a-shipshape-life/article_95c17e4b-eead-441b-ab23-a58bebefb7cf.html
1313290125,20260713,202607,2026,2026.5288,,,,,,,,,,,USA,UNITED STATES,USA,,,,,,,,0,051,051,05,1,3.4,1,1,1,1.00840336134454,0,,,,,,,,4,"Jerusalem, Israel (general), Israel",IS,IS00,18315,31.7667,35.2333,-797092,4,"Jerusalem, Israel (general), Israel",IS,IS00,18315,31.7667,35.2333,-797092,20260713001500,https://www.yakimaherald.com/news/nation_and_world/nation/lindsey-graham-remembered-for-a-vision-of-american-foreign-policy-that-s-fading-in-washington/article_c695ff8a-89b3-5b89-81d4-b357930e810d.html
1313290126,20260713,202607,2026,2026.5288,,,,,,,,,,,USA,UNITED STATES,USA,,,,,,,,0,051,051,05,1,3.4,1,1,1,1.00840336134454,0,,,,,,,,3,"Denver, Colorado, United States",US,USCO,CO031,39.7392,-104.985,201738,3,"Denver, Colorado, United States",US,USCO,CO031,39.7392,-104.985,201738,20260713001500,https://www.yakimaherald.com/news/nation_and_world/nation/lindsey-graham-remembered-for-a-vision-of-american-foreign-policy-that-s-fading-in-washington/article_c695ff8a-89b3-5b89-81d4-b357930e810d.html
1313290127,20260713,202607,2026,2026.5288,,,,,,,,,,,USA,UNITED STATES,USA,,,,,,,,0,128,128,12,3,-5.0,2,1,2,1.00840336134454,0,,,,,,,,3,"Washington, District of Columbia, United States",US,USDC,DC001,38.8951,-77.0364,531871,3,"Washington, District of Columbia, United States",US,USDC,DC001,38.8951,-77.0364,531871,20260713001500,https://www.yakimaherald.com/news/nation_and_world/nation/lindsey-graham-remembered-for-a-vision-of-american-foreign-policy-that-s-fading-in-washington/article_c695ff8a-89b3-5b89-81d4-b357930e810d.html
1313290128,20260713,202607,2026,2026.5288,,,,,,,,,,,USA,PHOENIX,USA,,,,,,,,1,192,192,19,4,-9.5,8,1,8,-2.96296296296297,0,,,,,,,,3,"Phoenix, Arizona, United States",US,USAZ,AZ013,33.4484,-112.074,44784,3,"Phoenix, Arizona, United States",US,USAZ,AZ013,33.4484,-112.074,44784,20260713001500,https://www.yahoo.com/news/weather-news/articles/dangerous-heat-dome-spreads-west-234056335.html
1313290129,20260713,202607,2026,2026.5288,,,,,,,,,,,USA,UNITED STATES,USA,,,,,,,,1,192,192,19,4,-9.5,2,1,2,-2.96296296296297,0,,,,,,,,3,"Phoenix, Arizona, United States",US,USAZ,AZ013,33.4484,-112.074,44784,2,"Arizona, United States",US,USAZ,,33.7712,-111.388,AZ,20260713001500,https://www.yahoo.com/news/weather-news/articles/dangerous-heat-dome-spreads-west-234056335.html
1313290130,20260713,202607,2026,2026.5288,,,,,,,,,,,USAJUD,UNITED STATES,USA,,,,,JUD,,,1,112,112,11,3,-2.0,1,1,1,-6.10687022900764,0,,,,,,,,3,"Lavaca County, Texas, United States",US,USTX,,29.3836,-96.9503,1383928,3,"Lavaca County, Texas, United States",US,USTX,,29.3836,-96.9503,1383928,20260713001500,https://www.ksat.com/news/local/2026/07/12/lavaca-county-justice-of-the-peace-arrested-on-felony-sexual-assault-charges-sheriffs-office-says/
1313290131,20260713,202607,2026,2026.5288,,,,,,,,,,,USAMIL,THE US,USA,,,,,MIL,,,1,051,051,05,1,3.4,1,1,1,0.427350427350429,0,,,,,,,,2,"South Carolina, United States",US,USSC,,33.8191,-80.9066,SC,2,"South Carolina, United States",US,USSC,,33.8191,-80.9066,SC,20260713001500,https://nypost.com/2026/07/12/opinion/heres-how-to-honor-sen-lindsey-grahams-unmatched-patriotic-legacy/
1313290132,20260713,202607,2026,2026.5288,,,,,,,,,,,USAMIL,THE US,USA,,,,,MIL,,,1,080,080,08,2,5.0,1,1,1,0.427350427350429,0,,,,,,,,2,"South Carolina, United States",US,USSC,,33.8191,-80.9066,SC,2,"South Carolina, United States",US,USSC,,33.8191,-80.9066,SC,20260713001500,https://nypost.com/2026/07/12/opinion/heres-how-to-honor-sen-lindsey-grahams-unmatched-patriotic-legacy/
1313290133,20260713,202607,2026,2026.5288,AGR,FARMER,,,,,,AGR,,,,,,,,,,,,,1,020,020,02,1,3.0,10,1,10,-11.0132158590309,1,Sri Lanka,CE,CE,,7,81,CE,0,,,,,,,,1,Sri Lanka,CE,CE,,7,81,CE,20260713001500,https://island.lk/farmers-urged-to-take-precautions-as-el-nino-gathers-strength/
1313290134,20260713,202607,2026,2026.5288,AUS,ADELAIDE,AUS,,,,,,,,,,,,,,,,,,1,010,010,01,1,0.0,2,1,2,0.42826552462526,4,"Adelaide, South Australia, Australia",AS,AS05,5256,-34.9333,138.6,-1555188,0,,,,,,,,4,"Adelaide, South Australia, Australia",AS,AS05,5256,-34.9333,138.6,-1555188,20260713001500,https://www.northqueenslandregister.com.au/story/9308114/jess-pryles-how-to-make-us-consumers-crave-australian-lamb-again/
1313290135,20260713,202607,2026,2026.5288,AUS,SOUTH AUSTRALIA,AUS,,,,,,,,AUSAGR,SOUTH AUSTRALIA,AUS,,,,,AGR,,,1,036,036,03,1,4.0,10,1,10,-1.00558659217877,1,Australia,AS,AS,,-25,135,AS,1,Australia,AS,AS,,-25,135,AS,1,Australia,AS,AS,,-25,135,AS,20260713001500,https://theconversation.com/with-an-el-nino-looming-australia-has-new-laws-to-stop-water-market-manipulation-286835
1313290136,20260713,202607,2026,2026.5288,AUS,AUSTRALIAN,AUS,,,,,,,,BUS,INDUSTRY,,,,,,BUS,,,1,012,012,01,1,-0.4,10,1,10,0.47080979284369,1,Australia,AS,AS,,-25,135,AS,1,Australia,AS,AS,,-25,135,AS,1,Australia,AS,AS,,-25,135,AS,20260713001500,https://theconversation.com/unfair-fees-and-low-competition-why-the-pharmacy-sector-needs-a-shake-up-287074
1313290137,20260713,202607,2026,2026.5288,AUS,AUSTRALIAN,AUS,,,,,,,,BUS,INDUSTRY,,,,,,BUS,,,1,050,050,05,1,3.5,10,1,10,0.47080979284369,1,Australia,AS,AS,,-25,135,AS,1,Australia,AS,AS,,-25,135,AS,1,Australia,AS,AS,,-25,135,AS,20260713001500,https://theconversation.com/unfair-fees-and-low-competition-why-the-pharmacy-sector-needs-a-shake-up-287074
1313290138,20260713,202607,2026,2026.5288,AUS,AUSTRALIAN,AUS,,,,,,,,BUS,INDUSTRY,,,,,,BUS,,,1,071,071,07,2,7.4,10,1,10,0.47080979284369,1,Australia,AS,AS,,-25,135,AS,1,Australia,AS,AS,,-25,135,AS,1,Australia,AS,AS,,-25,135,AS,20260713001500,https://theconversation.com/unfair-fees-and-low-competition-why-the-pharmacy-sector-needs-a-shake-up-287074
1313290139,20260713,202607,2026,2026.5288,AUS,MURRAY,AUS,,,,,,,,EDU,STUDENT,,,,,,EDU,,,0,013,013,01,1,0.4,8,1,8,0.95057034220533,1,United Kingdom,UK,UK,,54,-4,UK,1,United Kingdom,UK,UK,,54,-4,UK,1,United Kingdom,UK,UK,,54,-4,UK,20260713001500,https://www.bournemouthecho.co.uk/news/26272973.university-students-urged-get-meningitis-b-vaccines/
1313290140,20260713,202607,2026,2026.5288,AUS,MURRAY,AUS,,,,,,,,EDU,STUDENT,,,,,,EDU,,,0,051,051,05,1,3.4,8,1,8,0.95057034220533,1,United Kingdom,UK,UK,,54,-4,UK,1,United Kingdom,UK,UK,,54,-4,UK,1,United Kingdom,UK,UK,,54,-4,UK,20260713001500,https://www.bournemouthecho.co.uk/news/26272973.university-students-urged-get-meningitis-b-vaccines/
1313290141,20260713,202607,2026,2026.5288,AUS,AUSTRALIA,AUS,,,,,,,,GOV,GOVERNMENT,,,,,,GOV,,,0,071,071,07,2,7.4,10,1,10,0.47080979284369,1,Australia,AS,AS,,-25,135,AS,1,Australia,AS,AS,,-25,135,AS,1,Australia,AS,AS,,-25,135,AS,20260713001500,https://theconversation.com/unfair-fees-and-low-competition-why-the-pharmacy-sector-needs-a-shake-up-287074
1313290142,20260713,202607,2026,2026.5288,AUSAGR,SOUTH AUSTRALIA,AUS,,,,,AGR,,,AUS,SOUTH AUSTRALIA,AUS,,,,,,,,1,036,036,03,1,4.0,10,1,10,-1.00558659217877,1,Australia,AS,AS,,-25,135,AS,1,Australia,AS,AS,,-25,135,AS,1,Australia,AS,AS,,-25,135,AS,20260713001500,https://theconversation.com/with-an-el-nino-looming-australia-has-new-laws-to-stop-water-market-manipulation-286835
1313290143,20260713,202607,2026,2026.5288,BOL,SANTA CRUZ,BOL,,,,,,,,,,,,,,,,,,1,036,036,03,1,4.0,6,1,6,-3.64583333333333,4,"Wairakei, New Zealand (general), New Zealand",NZ,NZ00,22390,-38.6333,176.1,-1520918,0,,,,,,,,4,"Wairakei, New Zealand (general), New Zealand",NZ,NZ00,22390,-38.6333,176.1,-1520918,20260713001500,https://www.sunlive.co.nz/news/383066-residents-rally-against-second-tauranga-toll.html
1313290144,20260713,202607,2026,2026.5288,BOL,SANTA CRUZ,BOL,,,,,,,,NZL,NEW ZEALAND,NZL,,,,,,,,1,036,036,03,1,4.0,2,1,2,-3.64583333333333,4,"Wairakei, New Zealand (general), New Zealand",NZ,NZ00,22390,-38.6333,176.1,-1520918,5,"Bay Of Plenty, Bay of Plenty, New Zealand",NZ,NZE8,22380,-38.3333,176.75,11483126,5,"Bay Of Plenty, Bay of Plenty, New Zealand",NZ,NZE8,22380,-38.3333,176.75,11483126,20260713001500,https://www.sunlive.co.nz/news/383066-residents-rally-against-second-tauranga-toll.html
1313290145,20260713,202607,2026,2026.5288,BOL,SANTA CRUZ,BOL,,,,,,,,NZL,NEW ZEALAND,NZL,,,,,,,,1,036,036,03,1,4.0,2,1,2,-3.64583333333333,5,"Bay Of Plenty, Bay of Plenty, New Zealand",NZ,NZE8,22380,-38.3333,176.75,11483126,5,"Bay Of Plenty, Bay of Plenty, New Zealand",NZ,NZE8,22380,-38.3333,176.75,11483126,5,"Bay Of Plenty, Bay of Plenty, New Zealand",NZ,NZE8,22380,-38.3333,176.75,11483126,20260713001500,https://www.sunlive.co.nz/news/383066-residents-rally-against-second-tauranga-toll.html
1313290146,20260713,202607,2026,2026.5288,BUS,SERVER,,,,,,BUS,,,,,,,,,,,,,0,010,010,01,1,0.0,20,1,10,1.00224030185119,4,"Hanover, Niedersachsen, Germany",GM,GM06,40698,52.3667,9.71667,-1785903,0,,,,,,,,4,"Hanover, Niedersachsen, Germany",GM,GM06,40698,52.3667,9.71667,-1785903,20260713001500,https://www.funkytaurusmedia.com/shop_content.php?coID=3&XTCsid=93f2edia1138ner5dr7c8bfc02
1313290147,20260713,202607,2026,2026.5288,BUS,COMPANY,,,,,,BUS,,,,,,,,,,,,,1,010,010,01,1,0.0,10,1,10,0,4,"Dalaroo, Western Australia, Australia",AS,AS08,5513,-30.5788,116.013,11459238,0,,,,,,,,4,"Dalaroo, Western Australia, Australia",AS,AS08,5513,-30.5788,116.013,11459238,20260713001500,https://finance.yahoo.com/small-business/articles/small-cap-watch-orthocell-posts-233500224.html
1313290148,20260713,202607,2026,2026.5288,BUS,MERCHANT,,,,,,BUS,,,,,,,,,,,,,1,020,020,02,1,3.0,8,1,8,2.57009345794392,2,"Maine, United States",US,USME,,44.6074,-69.3977,ME,0,,,,,,,,2,"Maine, United States",US,USME,,44.6074,-69.3977,ME,20260713001500,https://www.reformer.com/news/state/southern-vermont-graduate-is-putting-together-a-shipshape-life/article_95c17e4b-eead-441b-ab23-a58bebefb7cf.html
1313290149,20260713,202607,2026,2026.5288,BUS,MERCHANT,,,,,,BUS,,,,,,,,,,,,,1,020,020,02,1,3.0,2,1,2,2.57009345794392,2,"Vermont, United States",US,USVT,,44.0407,-72.7093,VT,0,,,,,,,,2,"Vermont, United States",US,USVT,,44.0407,-72.7093,VT,20260713001500,https://www.reformer.com/news/state/southern-vermont-graduate-is-putting-together-a-shipshape-life/article_95c17e4b-eead-441b-ab23-a58bebefb7cf.html
1313290150,20260713,202607,2026,2026.5288,BUS,ENTREPRENEUR,,,,,,BUS,,,,,,,,,,,,,0,040,040,04,1,1.0,10,1,10,3.27909270216963,0,,,,,,,,0,,,,,,,,0,,,,,,,,20260713001500,https://www.mondaq.com:443/unitedstates/finance/1815558/podcast-building-value-through-strategic-seed-investing
1313290151,20260713,202607,2026,2026.5288,BUS,MANUFACTURER,,,,,,BUS,,,,,,,,,,,,,1,040,040,04,1,1.0,3,1,3,6.2111801242236,1,India,IN,IN,,20,77,IN,0,,,,,,,,1,India,IN,IN,,20,77,IN,20260713001500,https://www.scoop.co.nz/stories/PA2607/S00087/patterson-to-india-to-champion-new-zealand-wool.htm
1313290152,20260713,202607,2026,2026.5288,BUS,MANUFACTURER,,,,,,BUS,,,,,,,,,,,,,1,040,040,04,1,1.0,2,1,2,6.2111801242236,1,India,IN,IN,,20,77,IN,0,,,,,,,,1,New Zealand,NZ,NZ,,-42,174,NZ,20260713001500,https://www.scoop.co.nz/stories/PA2607/S00087/patterson-to-india-to-champion-new-zealand-wool.htm
1313290153,20260713,202607,2026,2026.5288,BUS,BUSINESS,,,,,,BUS,,,,,,,,,,,,,1,043,043,04,1,2.8,7,1,7,1.16279069767442,4,"Tokyo, Tokyo, Japan",JA,JA40,36340,35.685,139.751,-246227,0,,,,,,,,4,"Tokyo, Tokyo, Japan",JA,JA40,36340,35.685,139.751,-246227,20260713001500,https://www.dailypolitical.com/2026/07/12/rakuten-inc-otcmktsrkuny-short-interest-down-96-4-in-june.html
1313290154,20260713,202607,2026,2026.5288,BUS,PRODUCER,,,,,,BUS,,,,,,,,,,,,,1,043,043,04,1,2.8,4,1,4,4.18781725888325,3,"Hollywood, California, United States",US,USCA,CA037,34.0983,-118.327,1660757,0,,,,,,,,3,"Hollywood, California, United States",US,USCA,CA037,34.0983,-118.327,1660757,20260713001500,https://www.womansworld.com/entertainment/books/these-are-drew-barrymores-favorite-books-to-read
1313290155,20260713,202607,2026,2026.5288,BUS,PRODUCER,,,,,,BUS,,,,,,,,,,,,,1,043,043,04,1,2.8,6,1,6,4.18781725888325,1,Italy,IT,IT,,42.833333,12.833333,IT,0,,,,,,,,1,Italy,IT,IT,,42.833333,12.833333,IT,20260713001500,https://www.womansworld.com/entertainment/books/these-are-drew-barrymores-favorite-books-to-read
1313290156,20260713,202607,2026,2026.5288,BUS,INVESTOR,,,,,,BUS,,,,,,,,,,,,,0,090,090,09,2,-2.0,10,1,10,-1.00558659217877,1,Australia,AS,AS,,-25,135,AS,0,,,,,,,,1,Australia,AS,AS,,-25,135,AS,20260713001500,https://theconversation.com/with-an-el-nino-looming-australia-has-new-laws-to-stop-water-market-manipulation-286835
1313290157,20260713,202607,2026,2026.5288,BUS,INDUSTRY,,,,,,BUS,,,AUS,AUSTRALIAN,AUS,,,,,,,,1,050,050,05,1,3.5,10,1,10,0.47080979284369,1,Australia,AS,AS,,-25,135,AS,1,Australia,AS,AS,,-25,135,AS,1,Australia,AS,AS,,-25,135,AS,20260713001500,https://theconversation.com/unfair-fees-and-low-competition-why-the-pharmacy-sector-needs-a-shake-up-287074
1313290158,20260713,202607,2026,2026.5288,BUS,MANUFACTURER,,,,,,BUS,,,GOV,MINIST,,,,,,GOV,,,1,040,040,04,1,1.0,3,1,3,6.2111801242236,1,India,IN,IN,,20,77,IN,1,India,IN,IN,,20,77,IN,1,India,IN,IN,,20,77,IN,20260713001500,https://www.scoop.co.nz/stories/PA2607/S00087/patterson-to-india-to-champion-new-zealand-wool.htm
1313290159,20260713,202607,2026,2026.5288,BUS,MANUFACTURER,,,,,,BUS,,,GOV,MINIST,,,,,,GOV,,,1,040,040,04,1,1.0,1,1,1,6.2111801242236,1,India,IN,IN,,20,77,IN,1,India,IN,IN,,20,77,IN,1,New Zealand,NZ,NZ,,-42,174,NZ,20260713001500,https://www.scoop.co.nz/stories/PA2607/S00087/patterson-to-india-to-champion-new-zealand-wool.htm
1313290160,20260713,202607,2026,2026.5288,BUS,MANUFACTURER,,,,,,BUS,,,GOV,MINIST,,,,,,GOV,,,1,040,040,04,1,1.0,1,1,1,6.2111801242236,1,India,IN,IN,,20,77,IN,1,New Zealand,NZ,NZ,,-42,174,NZ,1,New Zealand,NZ,NZ,,-42,174,NZ,20260713001500,https://www.scoop.co.nz/stories/PA2607/S00087/patterson-to-india-to-champion-new-zealand-wool.htm
1313290161,20260713,202607,2026,2026.5288,BUS,BUSINESS,,,,,,BUS,,,GOV,GOVERNMENT,,,,,,GOV,,,0,071,071,07,2,7.4,10,1,10,0.47080979284369,1,Australia,AS,AS,,-25,135,AS,1,Australia,AS,AS,,-25,135,AS,1,Australia,AS,AS,,-25,135,AS,20260713001500,https://theconversation.com/unfair-fees-and-low-competition-why-the-pharmacy-sector-needs-a-shake-up-287074
1313290162,20260713,202607,2026,2026.5288,BUS,BUSINESS,,,,,,BUS,,,JPN,JAPAN,JPN,,,,,,,,1,043,043,04,1,2.8,3,1,3,1.16279069767442,4,"Tokyo, Tokyo, Japan",JA,JA40,36340,35.685,139.751,-246227,4,"Tokyo, Tokyo, Japan",JA,JA40,36340,35.685,139.751,-246227,4,"Tokyo, Tokyo, Japan",JA,JA40,36340,35.685,139.751,-246227,20260713001500,https://www.dailypolitical.com/2026/07/12/rakuten-inc-otcmktsrkuny-short-interest-down-96-4-in-june.html
1313290163,20260713,202607,2026,2026.5288,BUS,SERVER,,,,,,BUS,,,MED,WEBSITE,,,,,,MED,,,0,043,043,04,1,2.8,10,1,10,1.00224030185119,3,"Mountain View, California, United States",US,USCA,CA071,34.5064,-117.359,246299,3,"Mountain View, California, United States",US,USCA,,34.5064,-117.359,246299,3,"Mountain View, California, United States",US,USCA,,34.5064,-117.359,246299,20260713001500,https://www.funkytaurusmedia.com/shop_content.php?coID=3&XTCsid=93f2edia1138ner5dr7c8bfc02
1313290164,20260713,202607,2026,2026.5288,BUS,SERVER,,,,,,BUS,,,MED,WEBSITE,,,,,,MED,,,0,043,043,04,1,2.8,5,1,5,1.00224030185119,3,"San Bruno, California, United States",US,USCA,CA081,37.6305,-122.411,277616,3,"San Bruno, California, United States",US,USCA,,37.6305,-122.411,277616,3,"San Bruno, California, United States",US,USCA,,37.6305,-122.411,277616,20260713001500,https://www.funkytaurusmedia.com/shop_content.php?coID=3&XTCsid=93f2edia1138ner5dr7c8bfc02
1313290165,20260713,202607,2026,2026.5288,BUS,COMPANY,,,,,,BUS,,,USA,UNITED STATES,USA,,,,,,,,1,033,033,03,1,5.2,2,1,2,4.67289719626168,2,"Florida, United States",US,USFL,,27.8333,-81.717,FL,2,"Florida, United States",US,USFL,,27.8333,-81.717,FL,2,"Florida, United States",US,USFL,,27.8333,-81.717,FL,20260713001500,https://stockhouse.com/companies/bullboard?symbol=djt&postid=37050893
1313290166,20260713,202607,2026,2026.5288,CAN,SASKATCHEWAN,CAN,,,,,,,,,,,,,,,,,,1,061,061,06,2,6.4,10,1,10,-2.28310502283105,1,Canada,CA,CA,,60,-96,CA,0,,,,,,,,1,Canada,CA,CA,,60,-96,CA,20260713001500,https://www.gx94radio.com/2026/07/12/youth-getting-to-work-in-saskatchewan/
1313290167,20260713,202607,2026,2026.5288,CAN,CANADA,CAN,,,,,,,,,,,,,,,,,,0,0874,087,08,2,10.0,32,4,32,-1.28054231227652,4,"Campbell River, British Columbia, Canada",CA,CA02,190729,50.0167,-125.25,-562040,0,,,,,,,,4,"Campbell River, British Columbia, Canada",CA,CA02,190729,50.0167,-125.25,-562040,20260713001500,https://www.sconeadvocate.com.au/story/9306821/vancouver-island-close-encounters-with-nine-grizzly-bears/
1313290168,20260713,202607,2026,2026.5288,CHLMIL,CHILE,CHL,,,,,MIL,,,CHL,VINA DEL MAR,CHL,,,,,,,,1,190,190,19,4,-10.0,1,1,1,-7.03296703296703,4,"Caupolican, Region de Los Rios, Chile",CI,CI17,149633,-40.0667,-72.9167,-875905,4,"Caupolican, Region de Los Rios, Chile",CI,CI17,149633,-40.0667,-72.9167,-875905,4,"Caupolican, Region de Los Rios, Chile",CI,CI17,149633,-40.0667,-72.9167,-875905,20260713001500,https://www.ksat.com/news/world/2026/07/12/several-people-killed-in-chile-after-car-driven-by-navy-officer-crashes-into-an-open-air-market/
1313290169,20260713,202607,2026,2026.5288,CHLMIL,CHILEAN,CHL,,,,,MIL,,,CHL,VINA DEL MAR,CHL,,,,,,,,1,190,190,19,4,-10.0,4,1,4,-7.03296703296703,4,"Caupolican, Region de Los Rios, Chile",CI,CI17,149633,-40.0667,-72.9167,-875905,1,United States,US,US,,39.828175,-98.5795,US,4,"Caupolican, Region de Los Rios, Chile",CI,CI17,149633,-40.0667,-72.9167,-875905,20260713001500,https://www.ksat.com/news/world/2026/07/12/several-people-killed-in-chile-after-car-driven-by-navy-officer-crashes-into-an-open-air-market/
1313290170,20260713,202607,2026,2026.5288,CHN,CHINA,CHN,,,,,,,,,,,,,,,,,,1,010,010,01,1,0.0,2,1,2,-5.53129548762737,4,"Beijing, Beijing, China",CH,CH22,13001,39.9289,116.388,-1898541,0,,,,,,,,4,"Beijing, Beijing, China",CH,CH22,13001,39.9289,116.388,-1898541,20260713001500,https://navhindtimes.in/worldnews/14-nations-eu-reaffirm-2016-ruling-invalidating-chinas-claims/
1313290171,20260713,202607,2026,2026.5288,CHN,CHINA,CHN,,,,,,,,,,,,,,,,,,1,100,100,10,3,-5.0,1,1,1,-5.53129548762737,3,"Washington, District of Columbia, United States",US,USDC,DC001,38.8951,-77.0364,531871,0,,,,,,,,4,"Beijing, Beijing, China",CH,CH22,13001,39.9289,116.388,-1898541,20260713001500,https://navhindtimes.in/worldnews/14-nations-eu-reaffirm-2016-ruling-invalidating-chinas-claims/
1313290172,20260713,202607,2026,2026.5288,CHN,CHINA,CHN,,,,,,,,,,,,,,,,,,1,100,100,10,3,-5.0,4,1,4,-5.53129548762737,3,"Washington, District of Columbia, United States",US,USDC,DC001,38.8951,-77.0364,531871,0,,,,,,,,3,"Washington, District of Columbia, United States",US,USDC,DC001,38.8951,-77.0364,531871,20260713001500,https://navhindtimes.in/worldnews/14-nations-eu-reaffirm-2016-ruling-invalidating-chinas-claims/
1313290173,20260713,202607,2026,2026.5288,CHN,CHINA,CHN,,,,,,,,,,,,,,,,,,1,192,192,19,4,-9.5,10,1,10,-4.31372549019608,1,Taiwan,TW,TW,,24,121,TW,0,,,,,,,,1,Taiwan,TW,TW,,24,121,TW,20260713001500,https://navhindtimes.in/worldnews/typhoon-bavi-weakens-but-still-brings-strong-winds-rain-to-china/
1313290174,20260713,202607,2026,2026.5288,CHR,CHRISTIAN,,,,CHR,,,,,USA,GREENVILLE,USA,,,,,,,,1,193,193,19,4,-10.0,5,1,5,-6.66666666666667,3,"Christian County, Kentucky, United States",US,USKY,KY047,36.8834,-87.4833,516870,3,"Christian County, Kentucky, United States",US,USKY,,36.8834,-87.4833,516870,3,"Christian County, Kentucky, United States",US,USKY,,36.8834,-87.4833,516870,20260713001500,https://www.wbko.com/2026/07/12/apartment-building-vehicle-hit-by-gunfire-kentucky-shooting/
1313290175,20260713,202607,2026,2026.5288,COP,DEPUTIES,,,,,,COP,,,,,,,,,,,,,1,010,010,01,1,0.0,1,1,1,-6.45161290322581,3,"Florence County, South Carolina, United States",US,USSC,SC041,34.0502,-79.6665,1248001,0,,,,,,,,3,"Florence County, South Carolina, United States",US,USSC,,34.0502,-79.6665,1248001,20260713001500,https://wpde.com/news/local/fcso-deputies-respond-to-reported-shooting-with-victim-on-daniels-road-in-lake-city
1313290176,20260713,202607,2026,2026.5288,COP,DEPUTIES,,,,,,COP,,,,,,,,,,,,,1,013,013,01,1,0.4,10,1,10,-5.36912751677853,0,,,,,,,,0,,,,,,,,0,,,,,,,,20260713001500,https://www.wtva.com/2026/07/12/2-killed-pickens-county-sunday-morning-suspect-custody/
1313290177,20260713,202607,2026,2026.5288,COP,POLICE OFFICER,,,,,,COP,,,,,,,,,,,,,0,043,043,04,1,2.8,10,1,10,-8.53658536585366,0,,,,,,,,0,,,,,,,,0,,,,,,,,20260713001500,http://www.beloitdailynews.com/news/crime/south-beloit-woman-pleads-not-guilty-to-attempted-homicide-charges/article_05cbe914-7ef0-4025-8c8b-5195cb916e4b.html
1313290178,20260713,202607,2026,2026.5288,COP,POLICE,,,,,,COP,,,,,,,,,,,,,1,051,051,05,1,3.4,10,1,10,-0.91743119266055,1,New Zealand,NZ,NZ,,-42,174,NZ,0,,,,,,,,1,New Zealand,NZ,NZ,,-42,174,NZ,20260713001500,https://www.scoop.co.nz/stories/AK2607/S00397/mcleans-island-road-opens-following-earlier-crash.htm
1313290179,20260713,202607,2026,2026.5288,COP,PRISON,,,,,,COP,,,,,,,,,,,,,1,173,173,17,4,-5.0,10,1,10,-9.9137931034483,0,,,,,,,,0,,,,,,,,0,,,,,,,,20260713001500,http://www.beloitdailynews.com/news/crime/south-beloit-teenager-charged-after-car-chase-crash/article_1b8b1a9d-5358-4861-b177-2cdc41e414c3.html
1313290180,20260713,202607,2026,2026.5288,COP,DEPUTIES,,,,,,COP,,,,,,,,,,,,,1,193,193,19,4,-10.0,1,1,1,-6.45161290322581,3,"Florence County, South Carolina, United States",US,USSC,SC041,34.0502,-79.6665,1248001,0,,,,,,,,3,"Florence County, South Carolina, United States",US,USSC,,34.0502,-79.6665,1248001,20260713001500,https://wpde.com/news/local/fcso-deputies-respond-to-reported-shooting-with-victim-on-daniels-road-in-lake-city
1313290181,20260713,202607,2026,2026.5288,COP,POLICE,,,,,,COP,,,,,,,,,,,,,1,193,193,19,4,-10.0,20,2,20,-4.19163346613546,3,"Santa Clara University, California, United States",US,USCA,CA085,37.3495,-121.937,236867,0,,,,,,,,3,"Santa Clara University, California, United States",US,USCA,,37.3495,-121.937,236867,20260713001500,https://www.cairnspost.com.au/motoring/motoring-news/selfdriving-waymo-snitch-drops-teens-off-to-cops/news-story/a5a6f3ca78ec09823f147e2b7408c17e?nk=8aea838d21364f7726c75565f4d0f5b3-1783900891
1313290182,20260713,202607,2026,2026.5288,COP,DEPUTY,,,,,,COP,,,GBR,LONDON,GBR,,,,,,,,1,043,043,04,1,2.8,5,1,5,-6.77966101694915,4,"London, London, City of, United Kingdom",UK,UKH9,40110,51.5,-0.116667,-2601889,4,"London, London, City of, United Kingdom",UK,UKH9,40110,51.5,-0.116667,-2601889,4,"London, London, City of, United Kingdom",UK,UKH9,40110,51.5,-0.116667,-2601889,20260713001500,https://www.freemalaysiatoday.com/category/world/2026/07/13/uk-announces-250mil-package-to-protect-jewish-community
1313290183,20260713,202607,2026,2026.5288,COP,DEPUTIES,,,,,,COP,,,USA,SOUTH CAROLINA,USA,,,,,,,,1,193,193,19,4,-10.0,1,1,1,-6.45161290322581,3,"Florence County, South Carolina, United States",US,USSC,SC041,34.0502,-79.6665,1248001,3,"Florence County, South Carolina, United States",US,USSC,,34.0502,-79.6665,1248001,3,"Florence County, South Carolina, United States",US,USSC,,34.0502,-79.6665,1248001,20260713001500,https://wpde.com/news/local/fcso-deputies-respond-to-reported-shooting-with-victim-on-daniels-road-in-lake-city
1313290184,20260713,202607,2026,2026.5288,CRM,CRIMINAL,,,,,,CRM,,,COP,POLICE,,,,,,COP,,,1,114,114,11,3,-2.0,10,1,10,-8.53658536585366,0,,,,,,,,0,,,,,,,,0,,,,,,,,20260713001500,http://www.beloitdailynews.com/news/crime/south-beloit-woman-pleads-not-guilty-to-attempted-homicide-charges/article_05cbe914-7ef0-4025-8c8b-5195cb916e4b.html
1313290185,20260713,202607,2026,2026.5288,CRM,THIEF,,,,,,CRM,,,COP,PRISON,,,,,,COP,,,1,190,190,19,4,-10.0,10,1,10,-10.3658536585366,0,,,,,,,,0,,,,,,,,0,,,,,,,,20260713001500,https://www.tvguide.co.uk/schedule/ccf12b4f-18ca-57c1-a92f-eb3f9ce97fbc/expert-witness
1313290186,20260713,202607,2026,2026.5288,CVL,RESIDENTS,,,,,,CVL,,,,,,,,,,,,,0,012,012,01,1,-0.4,10,1,10,-1.34770889487871,0,,,,,,,,0,,,,,,,,0,,,,,,,,20260713001500,https://www.fox17online.com/news/local-news/grand-rapids/neighbors-near-knapps-corner-raise-concerns-about-proposed-multi-family-housing-development
1313290187,20260713,202607,2026,2026.5288,CVL,COMMUNITY,,,,,,CVL,,,,,,,,,,,,,0,014,014,01,1,0.0,15,1,10,0.76103500761035,0,,,,,,,,0,,,,,,,,0,,,,,,,,20260713001500,https://www.scoop.co.nz/stories/AK2607/S00399/what-matters-to-you-have-your-say-and-help-shape-a-10-year-plan-for-new-plymouth-district.htm
1313290188,20260713,202607,2026,2026.5288,CVL,SETTLEMENT,,,,,,CVL,,,,,,,,,,,,,1,020,020,02,1,3.0,5,1,5,0,0,,,,,,,,0,,,,,,,,0,,,,,,,,20260713001500,https://navhindtimes.in/goanews/103-6-lakh-sqm-of-land-poised-to-get-ndz-tag/
1313290189,20260713,202607,2026,2026.5288,CVL,VOTER,,,,,,CVL,,,,,,,,,,,,,0,020,020,02,1,3.0,10,1,10,-2.79001468428781,2,"South Carolina, United States",US,USSC,,33.8191,-80.9066,SC,0,,,,,,,,2,"South Carolina, United States",US,USSC,,33.8191,-80.9066,SC,20260713001500,https://wpde.com/newsletter-daily/connect-to-the-capitol-childs-death-raises-questions-about-state-resources
1313290190,20260713,202607,2026,2026.5288,CVL,COMMUNITY,,,,,,CVL,,,,,,,,,,,,,0,042,042,04,1,1.9,2,1,2,3.40136054421769,4,"Hounslow, Hounslow, United Kingdom",UK,UKG1,40133,51.4667,-0.35,-2599107,0,,,,,,,,1,Portugal,PO,PO,,39.5,-8,PO,20260713001500,https://navhindtimes.in/goanews/dont-need-your-money-need-your-voice-vijai-to-uk-goans/
1313290191,20260713,202607,2026,2026.5288,CVL,COMMUNITY,,,,,,CVL,,,,,,,,,,,,,1,046,046,04,1,7.0,5,1,5,2.82208588957055,4,"Istanbul, Istanbul, Turkey",TU,TU34,27897,41.0186,28.9647,-755070,0,,,,,,,,4,"Istanbul, Istanbul, Turkey",TU,TU34,27897,41.0186,28.9647,-755070,20260713001500,https://1150kknw.com/4-barbault-basket-burst/
1313290192,20260713,202607,2026,2026.5288,CVL,SCIENTIST,,,,,,CVL,,,,,,,,,,,,,1,070,070,07,2,7.0,15,2,15,-6.08628963892122,4,"London, London, City of, United Kingdom",UK,UKH9,40110,51.5,-0.116667,-2601889,0,,,,,,,,4,"London, London, City of, United Kingdom",UK,UKH9,40110,51.5,-0.116667,-2601889,20260713001500,https://www.freemalaysiatoday.com/category/world/2026/07/13/europe-recorded-10000-excess-deaths-during-late-june-heatwave-data-show
1313290193,20260713,202607,2026,2026.5288,CVL,COMMUNITY,,,,,,CVL,,,BUS,BANK,,,,,,BUS,,,1,073,073,07,2,7.4,10,1,10,4.3343653250774,2,"Indiana, United States",US,USIN,,39.8647,-86.2604,IN,2,"Indiana, United States",US,USIN,,39.8647,-86.2604,IN,2,"Indiana, United States",US,USIN,,39.8647,-86.2604,IN,20260713001500,https://www.journalgazette.net/local/community-harvest-food-bank-reveals-new-brand-with-logo-tagline/article_c1116005-2272-4767-a197-9b38e5e568c6.html
1313290194,20260713,202607,2026,2026.5288,CVL,COMMUNITY,,,,,,CVL,,,BUS,BANK,,,,,,BUS,,,1,111,111,11,3,-2.0,10,1,10,4.3343653250774,2,"Indiana, United States",US,USIN,,39.8647,-86.2604,IN,2,"Indiana, United States",US,USIN,,39.8647,-86.2604,IN,2,"Indiana, United States",US,USIN,,39.8647,-86.2604,IN,20260713001500,https://www.journalgazette.net/local/community-harvest-food-bank-reveals-new-brand-with-logo-tagline/article_c1116005-2272-4767-a197-9b38e5e568c6.html
1313290195,20260713,202607,2026,2026.5288,CVL,COMMUNITY,,,,,,CVL,,,GBR,UNITED KINGDOM,GBR,,,,,,,,1,040,040,04,1,1.0,10,1,10,3.40136054421769,4,"London, London, City of, United Kingdom",UK,UKH9,40110,51.5,-0.116667,-2601889,4,"London, London, City of, United Kingdom",UK,UKH9,40110,51.5,-0.116667,-2601889,4,"London, London, City of, United Kingdom",UK,UKH9,40110,51.5,-0.116667,-2601889,20260713001500,https://navhindtimes.in/goanews/dont-need-your-money-need-your-voice-vijai-to-uk-goans/
1313290196,20260713,202607,2026,2026.5288,CVL,COMMUNITY,,,,,,CVL,,,GBR,UNITED KINGDOM,GBR,,,,,,,,0,042,042,04,1,1.9,2,1,2,3.40136054421769,4,"Hounslow, Hounslow, United Kingdom",UK,UKG1,40133,51.4667,-0.35,-2599107,4,"Hounslow, Hounslow, United Kingdom",UK,UKG1,40133,51.4667,-0.35,-2599107,4,"Hounslow, Hounslow, United Kingdom",UK,UKG1,40133,51.4667,-0.35,-2599107,20260713001500,https://navhindtimes.in/goanews/dont-need-your-money-need-your-voice-vijai-to-uk-goans/
1313290197,20260713,202607,2026,2026.5288,CVL,COMMUNITY,,,,,,CVL,,,GBR,UNITED KINGDOM,GBR,,,,,,,,0,042,042,04,1,1.9,4,1,4,3.40136054421769,4,"Hounslow, Hounslow, United Kingdom",UK,UKG1,40133,51.4667,-0.35,-2599107,4,"Hounslow, Hounslow, United Kingdom",UK,UKG1,40133,51.4667,-0.35,-2599107,1,Portugal,PO,PO,,39.5,-8,PO,20260713001500,https://navhindtimes.in/goanews/dont-need-your-money-need-your-voice-vijai-to-uk-goans/
1313290198,20260713,202607,2026,2026.5288,CVL,COMMUNITY,,,,,,CVL,,,GBR,UNITED KINGDOM,GBR,,,,,,,,0,043,043,04,1,2.8,2,1,2,3.40136054421769,4,"Hounslow, Hounslow, United Kingdom",UK,UKG1,40133,51.4667,-0.35,-2599107,4,"Hounslow, Hounslow, United Kingdom",UK,UKG1,40133,51.4667,-0.35,-2599107,4,"Hounslow, Hounslow, United Kingdom",UK,UKG1,40133,51.4667,-0.35,-2599107,20260713001500,https://navhindtimes.in/goanews/dont-need-your-money-need-your-voice-vijai-to-uk-goans/
1313290199,20260713,202607,2026,2026.5288,CVL,COMMUNITY,,,,,,CVL,,,GBR,UNITED KINGDOM,GBR,,,,,,,,1,046,046,04,1,7.0,10,1,10,3.40136054421769,4,"London, London, City of, United Kingdom",UK,UKH9,40110,51.5,-0.116667,-2601889,4,"London, London, City of, United Kingdom",UK,UKH9,40110,51.5,-0.116667,-2601889,4,"London, London, City of, United Kingdom",UK,UKH9,40110,51.5,-0.116667,-2601889,20260713001500,https://navhindtimes.in/goanews/dont-need-your-money-need-your-voice-vijai-to-uk-goans/
1313290200,20260713,202607,2026,2026.5288,CVL,SETTLEMENT,,,,,,CVL,,,GOV,MINIST,,,,,,GOV,,,1,043,043,04,1,2.8,10,1,10,5.03978779840849,5,"Bay Of Plenty, Bay of Plenty, New Zealand",NZ,NZE8,22380,-38.3333,176.75,11483126,5,"Bay Of Plenty, Bay of Plenty, New Zealand",NZ,NZE8,22380,-38.3333,176.75,11483126,5,"Bay Of Plenty, Bay of Plenty, New Zealand",NZ,NZE8,22380,-38.3333,176.75,11483126,20260713001500,https://www.scoop.co.nz/stories/PA2607/S00088/aquaculture-agreement-with-bay-of-plenty-iwi.htm
1313290201,20260713,202607,2026,2026.5288,CVL,CIVILIAN,,,,,,CVL,,,IRN,IRAN,IRN,,,,,,,,1,112,112,11,3,-2.0,10,1,10,-6.11551528878822,1,Oman,MU,MU,,21,57,MU,1,Oman,MU,MU,,21,57,MU,1,Oman,MU,MU,,21,57,MU,20260713001500,https://navhindtimes.in/worldnews/us-strikes-iran-over-ship-attack-in-strait-of-hormuz/
1313290202,20260713,202607,2026,2026.5288,CVL,VOTER,,,,,,CVL,,,PTY,POLITICAL PARTY,,,,,,,,,0,020,020,02,1,3.0,10,1,10,-2.79001468428781,2,"South Carolina, United States",US,USSC,,33.8191,-80.9066,SC,2,"South Carolina, United States",US,USSC,,33.8191,-80.9066,SC,2,"South Carolina, United States",US,USSC,,33.8191,-80.9066,SC,20260713001500,https://wpde.com/newsletter-daily/connect-to-the-capitol-childs-death-raises-questions-about-state-resources
1313290203,20260713,202607,2026,2026.5288,CVL,SETTLEMENT,,,,,,CVL,,,USA,KANSAS,USA,,,,,,,,1,020,020,02,1,3.0,16,2,16,-5.11382799325464,2,"Texas, United States",US,USTX,,31.106,-97.6475,TX,2,"Wyoming, United States",US,USWY,,42.7475,-107.209,WY,1,Canada,CA,CA,,60,-96,CA,20260713001500,https://www.gjsentinel.com/news/us/keystone-pipeline-systems-operator-agrees-to-pay-a-26-9m-penalty-over-a-major-kansas/article_0c486dbd-0d82-5be6-9c94-0d9ec52fd4f1.html
1313290204,20260713,202607,2026,2026.5288,CVL,SETTLEMENT,,,,,,CVL,,,USA,KANSAS,USA,,,,,,,,1,020,020,02,1,3.0,4,2,4,-5.11382799325463,2,"Texas, United States",US,USTX,,31.106,-97.6475,TX,2,"Wyoming, United States",US,USWY,,42.7475,-107.209,WY,2,"Texas, United States",US,USTX,,31.106,-97.6475,TX,20260713001500,https://www.gjsentinel.com/news/us/keystone-pipeline-systems-operator-agrees-to-pay-a-26-9m-penalty-over-a-major-kansas/article_0c486dbd-0d82-5be6-9c94-0d9ec52fd4f1.html
1313290205,20260713,202607,2026,2026.5288,CVL,RESIDENTS,,,,,,CVL,,,USA,UNITED STATES,USA,,,,,,,,1,042,042,04,1,1.9,2,1,2,-3.36538461538462,3,"Washington, District of Columbia, United States",US,USDC,DC001,38.8951,-77.0364,531871,3,"Washington, District of Columbia, United States",US,USDC,DC001,38.8951,-77.0364,531871,3,"Washington, District of Columbia, United States",US,USDC,DC001,38.8951,-77.0364,531871,20260713001500,https://wpde.com/news/local/senator-lindsey-graham-was-a-familiar-face-in-pee-dee-grand-strand-during-his-career-south-carolina-dies-at-age-71-grand-strand-governor-mccmaster
1313290206,20260713,202607,2026,2026.5288,DEU,GERMANY,DEU,,,,,,,,,,,,,,,,,,0,170,170,17,4,-7.0,2,1,2,1.00224030185119,4,"Hannover, Niedersachsen, Germany",GM,GM06,40698,52.3667,9.71667,-1785903,0,,,,,,,,4,"Hannover, Niedersachsen, Germany",GM,GM06,40698,52.3667,9.71667,-1785903,20260713001500,https://www.funkytaurusmedia.com/shop_content.php?coID=3&XTCsid=93f2edia1138ner5dr7c8bfc02
1313290207,20260713,202607,2026,2026.5288,DNK,DENMARK,DNK,,,,,,,,USAMED,REUTERS,USA,,,,,MED,,,1,013,013,01,1,0.4,5,1,5,-6.38820638820639,4,"London, London, City of, United Kingdom",UK,UKH9,40110,51.5,-0.116667,-2601889,4,"London, London, City of, United Kingdom",UK,UKH9,40110,51.5,-0.116667,-2601889,4,"London, London, City of, United Kingdom",UK,UKH9,40110,51.5,-0.116667,-2601889,20260713001500,https://www.freemalaysiatoday.com/category/world/2026/07/13/europe-recorded-10000-excess-deaths-during-late-june-heatwave-data-show
1313290208,20260713,202607,2026,2026.5288,DNK,DENMARK,DNK,,,,,,,,USAMED,REUTERS,USA,,,,,MED,,,1,013,013,01,1,0.4,5,1,5,-5.48245614035088,1,Denmark,DA,DA,,56,10,DA,1,Denmark,DA,DA,,56,10,DA,1,Denmark,DA,DA,,56,10,DA,20260713001500,https://wkzo.com/2026/07/12/europe-recorded-10000-excess-deaths-during-late-june-heatwave-data-show/
1313290209,20260713,202607,2026,2026.5288,DNK,DENMARK,DNK,,,,,,,,USAMED,REUTERS,USA,,,,,MED,,,1,013,013,01,1,0.4,5,1,5,-6.38820638820639,1,France,FR,FR,,46,2,FR,1,France,FR,FR,,46,2,FR,1,France,FR,FR,,46,2,FR,20260713001500,https://www.freemalaysiatoday.com/category/world/2026/07/13/europe-recorded-10000-excess-deaths-during-late-june-heatwave-data-show
1313290210,20260713,202607,2026,2026.5288,DNK,DENMARK,DNK,,,,,,,,USAMED,REUTERS,USA,,,,,MED,,,1,043,043,04,1,2.8,2,1,2,-5.48245614035088,4,"London, London, City of, United Kingdom",UK,UKH9,40110,51.5,-0.116667,-2601889,4,"London, London, City of, United Kingdom",UK,UKH9,40110,51.5,-0.116667,-2601889,4,"London, London, City of, United Kingdom",UK,UKH9,40110,51.5,-0.116667,-2601889,20260713001500,https://wkzo.com/2026/07/12/europe-recorded-10000-excess-deaths-during-late-june-heatwave-data-show/
1313290211,20260713,202607,2026,2026.5288,EDU,UNIVERSITY,,,,,,EDU,,,,,,,,,,,,,0,010,010,01,1,0.0,4,2,4,-4.19163346613546,3,"Santa Clara University, California, United States",US,USCA,CA085,37.3495,-121.937,236867,0,,,,,,,,3,"Santa Clara University, California, United States",US,USCA,,37.3495,-121.937,236867,20260713001500,https://www.cairnspost.com.au/motoring/motoring-news/selfdriving-waymo-snitch-drops-teens-off-to-cops/news-story/a5a6f3ca78ec09823f147e2b7408c17e?nk=8aea838d21364f7726c75565f4d0f5b3-1783900891
1313290212,20260713,202607,2026,2026.5288,EDU,COLLEGE,,,,,,EDU,,,,,,,,,,,,,1,017,017,01,1,0.0,10,1,10,-11.6071428571429,1,Sri Lanka,CE,CE,,7,81,CE,0,,,,,,,,1,Sri Lanka,CE,CE,,7,81,CE,20260713001500,https://island.lk/dharmaraja-college-marks-139th-anniversary-with-tribute-to-founders/
1313290213,20260713,202607,2026,2026.5288,EDU,STUDENT,,,,,,EDU,,,,,,,,,,,,,1,020,020,02,1,3.0,10,1,10,0.95057034220533,1,United Kingdom,UK,UK,,54,-4,UK,0,,,,,,,,1,United Kingdom,UK,UK,,54,-4,UK,20260713001500,https://www.bournemouthecho.co.uk/news/26272973.university-students-urged-get-meningitis-b-vaccines/
1313290214,20260713,202607,2026,2026.5288,EDU,UNIVERSITY,,,,,,EDU,,,,,,,,,,,,,0,040,040,04,1,1.0,10,1,10,2.37556561085972,0,,,,,,,,0,,,,,,,,0,,,,,,,,20260713001500,https://www.hawaii.edu/news/2026/07/12/hale-noelani-demolition-future-student-housing/
1313290215,20260713,202607,2026,2026.5288,EDU,STUDENT,,,,,,EDU,,,,,,,,,,,,,0,042,042,04,1,1.9,10,1,10,3.5548686244204,0,,,,,,,,0,,,,,,,,0,,,,,,,,20260713001500,https://www.freemalaysiatoday.com/category/leisure/2026/07/13/the-auxiliary-cop-who-became-known-as-upms-uncle-sri
1313290216,20260713,202607,2026,2026.5288,EDU,STUDENT,,,,,,EDU,,,,,,,,,,,,,1,042,042,04,1,1.9,10,1,10,0.95057034220533,1,United Kingdom,UK,UK,,54,-4,UK,0,,,,,,,,1,United Kingdom,UK,UK,,54,-4,UK,20260713001500,https://www.bournemouthecho.co.uk/news/26272973.university-students-urged-get-meningitis-b-vaccines/
1313290217,20260713,202607,2026,2026.5288,EDU,STUDENT,,,,,,EDU,,,,,,,,,,,,,0,130,130,13,3,-4.4,10,1,10,3.5548686244204,0,,,,,,,,0,,,,,,,,0,,,,,,,,20260713001500,https://www.freemalaysiatoday.com/category/leisure/2026/07/13/the-auxiliary-cop-who-became-known-as-upms-uncle-sri
1313290218,20260713,202607,2026,2026.5288,EDU,UNIVERSITY,,,,,,EDU,,,USA,UNITED STATES,USA,,,,,,,,0,010,010,01,1,0.0,4,2,4,-4.19163346613546,3,"Santa Clara University, California, United States",US,USCA,CA085,37.3495,-121.937,236867,3,"Santa Clara University, California, United States",US,USCA,,37.3495,-121.937,236867,3,"Santa Clara University, California, United States",US,USCA,,37.3495,-121.937,236867,20260713001500,https://www.cairnspost.com.au/motoring/motoring-news/selfdriving-waymo-snitch-drops-teens-off-to-cops/news-story/a5a6f3ca78ec09823f147e2b7408c17e?nk=8aea838d21364f7726c75565f4d0f5b3-1783900891
1313290219,20260713,202607,2026,2026.5288,EDUEDU,UNIVERSITY,,,,,,EDU,EDU,,,,,,,,,,,,1,020,020,02,1,3.0,10,1,10,0.95057034220533,1,United Kingdom,UK,UK,,54,-4,UK,0,,,,,,,,1,United Kingdom,UK,UK,,54,-4,UK,20260713001500,https://www.bournemouthecho.co.uk/news/26272973.university-students-urged-get-meningitis-b-vaccines/
1313290220,20260713,202607,2026,2026.5288,EDUEDU,UNIVERSITY,,,,,,EDU,EDU,,EDU,UNIVERSITY,,,,,,EDU,,,0,125,125,12,3,-5.0,10,1,10,0.95057034220533,1,United Kingdom,UK,UK,,54,-4,UK,1,United Kingdom,UK,UK,,54,-4,UK,1,United Kingdom,UK,UK,,54,-4,UK,20260713001500,https://www.bournemouthecho.co.uk/news/26272973.university-students-urged-get-meningitis-b-vaccines/
1313290221,20260713,202607,2026,2026.5288,EGY,EGYPT,EGY,,,,,,,,,,,,,,,,,,0,043,043,04,1,2.8,8,1,8,-2.21870047543582,1,Egypt,EG,EG,,27,30,EG,0,,,,,,,,1,Egypt,EG,EG,,27,30,EG,20260713001500,https://www.journalgazette.net/news/national/last-us-polio-patient-using-iron-lung-dies/article_eca8053a-92ee-5799-96ab-9ed822ae1961.html
1313290222,20260713,202607,2026,2026.5288,EGY,EGYPT,EGY,,,,,,,,,,,,,,,,,,0,043,043,04,1,2.8,2,1,2,-2.21870047543582,2,"Oklahoma, United States",US,USOK,,35.5376,-96.9247,OK,0,,,,,,,,2,"Oklahoma, United States",US,USOK,,35.5376,-96.9247,OK,20260713001500,https://www.journalgazette.net/news/national/last-us-polio-patient-using-iron-lung-dies/article_eca8053a-92ee-5799-96ab-9ed822ae1961.html
1313290223,20260713,202607,2026,2026.5288,EGY,EGYPT,EGY,,,,,,,,PAK,PAKISTAN,PAK,,,,,,,,0,037,037,03,1,5.0,1,1,1,-5.27803958529689,1,Pakistan,PK,PK,,30,70,PK,4,"Tehran, Tehran, Iran",IR,IR26,41130,35.75,51.5148,10074674,1,Pakistan,PK,PK,,30,70,PK,20260713001500,https://www.journalgazette.net/news/world/us-strikes-iran-again-as-it-tries-to-limit-attacks-on-ships-on-the-strait/article_33dbb930-216e-5d14-9cf1-8e1baa72ee1e.html
1313290224,20260713,202607,2026,2026.5288,ESP,SPANISH,ESP,,,,,,,,,,,,,,,,,,1,120,120,12,3,-4.0,3,1,3,0.51150895140665,1,Spain,SP,SP,,40,-4,SP,0,,,,,,,,1,Spain,SP,SP,,40,-4,SP,20260713001500,https://www.irishtimes.com/culture/2026/07/13/in-a-word-expert/
1313290225,20260713,202607,2026,2026.5288,ESP,SPANISH,ESP,,,,,,,,PRT,PORTUGUESE,PRT,,,,,,,,1,120,120,12,3,-4.0,5,1,5,0.51150895140665,1,Spain,SP,SP,,40,-4,SP,1,Portugal,PO,PO,,39.5,-8,PO,1,Spain,SP,SP,,40,-4,SP,20260713001500,https://www.irishtimes.com/culture/2026/07/13/in-a-word-expert/
1313290226,20260713,202607,2026,2026.5288,ESP,SPANISH,ESP,,,,,,,,USA,COLUMBUS,USA,,,,,,,,1,071,071,07,2,7.4,5,1,5,0.51150895140665,1,Spain,SP,SP,,40,-4,SP,1,Portugal,PO,PO,,39.5,-8,PO,1,Portugal,PO,PO,,39.5,-8,PO,20260713001500,https://www.irishtimes.com/culture/2026/07/13/in-a-word-expert/
1313290227,20260713,202607,2026,2026.5288,EST,ESTONIA,EST,,,,,,,,IGOWSTNAT,NATO,WST,NAT,,,,IGO,,,0,030,030,03,1,4.0,1,1,1,1.00840336134454,1,Estonia,EN,EN,,59,26,EN,1,Russia,RS,RS,,60,100,RS,1,Russia,RS,RS,,60,100,RS,20260713001500,https://www.yakimaherald.com/news/nation_and_world/nation/lindsey-graham-remembered-for-a-vision-of-american-foreign-policy-that-s-fading-in-washington/article_c695ff8a-89b3-5b89-81d4-b357930e810d.html
1313290228,20260713,202607,2026,2026.5288,EST,ESTONIA,EST,,,,,,,,IGOWSTNAT,NATO,WST,NAT,,,,IGO,,,0,051,051,05,1,3.4,1,1,1,1.00840336134454,1,Estonia,EN,EN,,59,26,EN,1,Russia,RS,RS,,60,100,RS,1,Estonia,EN,EN,,59,26,EN,20260713001500,https://www.yakimaherald.com/news/nation_and_world/nation/lindsey-graham-remembered-for-a-vision-of-american-foreign-policy-that-s-fading-in-washington/article_c695ff8a-89b3-5b89-81d4-b357930e810d.html
1313290229,20260713,202607,2026,2026.5288,EUR,EUROPEAN,EUR,,,,,,,,,,,,,,,,,,0,081,081,08,2,5.0,5,1,5,0.47080979284369,1,Australia,AS,AS,,-25,135,AS,0,,,,,,,,1,Australia,AS,AS,,-25,135,AS,20260713001500,https://theconversation.com/unfair-fees-and-low-competition-why-the-pharmacy-sector-needs-a-shake-up-287074
1313290230,20260713,202607,2026,2026.5288,FRA,FRANCE,FRA,,,,,,,,USAMED,REUTERS,USA,,,,,MED,,,1,043,043,04,1,2.8,2,1,2,-6.38820638820639,4,"London, London, City of, United Kingdom",UK,UKH9,40110,51.5,-0.116667,-2601889,4,"London, London, City of, United Kingdom",UK,UKH9,40110,51.5,-0.116667,-2601889,4,"London, London, City of, United Kingdom",UK,UKH9,40110,51.5,-0.116667,-2601889,20260713001500,https://www.freemalaysiatoday.com/category/world/2026/07/13/europe-recorded-10000-excess-deaths-during-late-june-heatwave-data-show
1313290231,20260713,202607,2026,2026.5288,GBR,LONDON,GBR,,,,,,,,,,,,,,,,,,1,010,010,01,1,0.0,20,1,20,0,4,"London, London, City of, United Kingdom",UK,UKH9,40110,51.5,-0.116667,-2601889,0,,,,,,,,4,"London, London, City of, United Kingdom",UK,UKH9,40110,51.5,-0.116667,-2601889,20260713001500,https://www.tvguide.co.uk/schedule/9658524d-a079-514a-8836-ca80d3e24ef9/business-today
1313290232,20260713,202607,2026,2026.5288,GBR,UNITED KINGDOM,GBR,,,,,,,,,,,,,,,,,,1,012,012,01,1,-0.4,1,1,1,0.51150895140665,4,"Belfast, Belfast, United Kingdom",UK,UKR3,40158,54.5833,-5.93333,-2589607,0,,,,,,,,4,"Belfast, Belfast, United Kingdom",UK,UKR3,40158,54.5833,-5.93333,-2589607,20260713001500,https://www.irishtimes.com/culture/2026/07/13/in-a-word-expert/
1313290233,20260713,202607,2026,2026.5288,GBR,GLASGOW,GBR,,,,,,,,,,,,,,,,,,1,020,020,02,1,3.0,8,1,8,0.7396449704142,4,"Glasgow, Glasgow City, United Kingdom",UK,UKV2,40176,55.8333,-4.25,-2597039,0,,,,,,,,4,"Glasgow, Glasgow City, United Kingdom",UK,UKV2,40176,55.8333,-4.25,-2597039,20260713001500,https://www.heraldscotland.com/news/26273116.glasgow-mum-urges-young-people-get-menb-vaccine/
1313290234,20260713,202607,2026,2026.5288,GBR,UNITED KINGDOM,GBR,,,,,,,,,,,,,,,,,,1,020,020,02,1,3.0,4,1,4,3.31491712707182,1,United Kingdom,UK,UK,,54,-4,UK,0,,,,,,,,1,United Kingdom,UK,UK,,54,-4,UK,20260713001500,https://www.dailyrecord.co.uk/news/seagull-befriends-scots-granny-high-37421774
1313290235,20260713,202607,2026,2026.5288,GBR,LONDON,GBR,,,,,,,,,,,,,,,,,,0,043,043,04,1,2.8,4,1,4,3.40136054421769,5,"London Borough Of Hounslow, Hounslow, United Kingdom",UK,UKG1,40133,51.4747,-0.3661,6077597,0,,,,,,,,4,"Hounslow, Hounslow, United Kingdom",UK,UKG1,40133,51.4667,-0.35,-2599107,20260713001500,https://navhindtimes.in/goanews/dont-need-your-money-need-your-voice-vijai-to-uk-goans/
1313290236,20260713,202607,2026,2026.5288,GBR,LONDON,GBR,,,,,,,,,,,,,,,,,,0,043,043,04,1,2.8,1,1,1,3.40136054421769,1,El Salvador,ES,ES,,13.833333,-88.916667,ES,0,,,,,,,,1,El Salvador,ES,ES,,13.833333,-88.916667,ES,20260713001500,https://navhindtimes.in/goanews/dont-need-your-money-need-your-voice-vijai-to-uk-goans/
1313290237,20260713,202607,2026,2026.5288,GBR,LONDON,GBR,,,,,,,,,,,,,,,,,,1,071,071,07,2,7.4,10,1,10,3.40136054421769,4,"London, London, City of, United Kingdom",UK,UKH9,40110,51.5,-0.116667,-2601889,0,,,,,,,,4,"London, London, City of, United Kingdom",UK,UKH9,40110,51.5,-0.116667,-2601889,20260713001500,https://navhindtimes.in/goanews/dont-need-your-money-need-your-voice-vijai-to-uk-goans/
1313290238,20260713,202607,2026,2026.5288,GBR,UNITED KINGDOM,GBR,,,,,,,,,,,,,,,,,,1,111,111,11,3,-2.0,4,1,4,3.31491712707182,1,United Kingdom,UK,UK,,54,-4,UK,0,,,,,,,,1,United Kingdom,UK,UK,,54,-4,UK,20260713001500,https://www.dailyrecord.co.uk/news/seagull-befriends-scots-granny-high-37421774
1313290239,20260713,202607,2026,2026.5288,GBR,MANCHESTER,GBR,,,,,,,,,,,,,,,,,,0,190,190,19,4,-10.0,2,1,2,-6.77966101694915,4,"London, London, City of, United Kingdom",UK,UKH9,40110,51.5,-0.116667,-2601889,0,,,,,,,,4,"London, London, City of, United Kingdom",UK,UKH9,40110,51.5,-0.116667,-2601889,20260713001500,https://www.freemalaysiatoday.com/category/world/2026/07/13/uk-announces-250mil-package-to-protect-jewish-community
1313290240,20260713,202607,2026,2026.5288,GBR,MANCHESTER,GBR,,,,,,,,,,,,,,,,,,0,190,190,19,4,-10.0,6,1,6,-6.77966101694915,4,"Manchester, Manchester, United Kingdom",UK,UKI2,40118,53.5,-2.21667,-2602512,0,,,,,,,,4,"London, London, City of, United Kingdom",UK,UKH9,40110,51.5,-0.116667,-2601889,20260713001500,https://www.freemalaysiatoday.com/category/world/2026/07/13/uk-announces-250mil-package-to-protect-jewish-community
1313290241,20260713,202607,2026,2026.5288,GBR,MANCHESTER,GBR,,,,,,,,,,,,,,,,,,0,190,190,19,4,-10.0,2,1,2,-6.77966101694915,4,"Manchester, Manchester, United Kingdom",UK,UKI2,40118,53.5,-2.21667,-2602512,0,,,,,,,,4,"Manchester, Manchester, United Kingdom",UK,UKI2,40118,53.5,-2.21667,-2602512,20260713001500,https://www.freemalaysiatoday.com/category/world/2026/07/13/uk-announces-250mil-package-to-protect-jewish-community
1313290242,20260713,202607,2026,2026.5288,GBR,UNITED KINGDOM,GBR,,,,,,,,,,,,,,,,,,1,190,190,19,4,-10.0,4,1,4,3.31491712707182,1,United Kingdom,UK,UK,,54,-4,UK,0,,,,,,,,1,United Kingdom,UK,UK,,54,-4,UK,20260713001500,https://www.dailyrecord.co.uk/news/seagull-befriends-scots-granny-high-37421774
1313290243,20260713,202607,2026,2026.5288,GBR,UNITED KINGDOM,GBR,,,,,,,,CAN,CANADA,CAN,,,,,,,,0,071,071,07,2,7.4,8,1,8,0.47080979284369,1,United Kingdom,UK,UK,,54,-4,UK,1,Canada,CA,CA,,60,-96,CA,1,Canada,CA,CA,,60,-96,CA,20260713001500,https://theconversation.com/unfair-fees-and-low-competition-why-the-pharmacy-sector-needs-a-shake-up-287074
1313290244,20260713,202607,2026,2026.5288,GBR,UNITED KINGDOM,GBR,,,,,,,,CAN,CANADA,CAN,,,,,,,,0,071,071,07,2,7.4,2,1,2,0.47080979284369,1,United Kingdom,UK,UK,,54,-4,UK,1,United Kingdom,UK,UK,,54,-4,UK,1,Canada,CA,CA,,60,-96,CA,20260713001500,https://theconversation.com/unfair-fees-and-low-competition-why-the-pharmacy-sector-needs-a-shake-up-287074
1313290245,20260713,202607,2026,2026.5288,GBR,LONDON,GBR,,,,,,,,COP,DEPUTY,,,,,,COP,,,1,042,042,04,1,1.9,5,1,5,-6.77966101694915,4,"London, London, City of, United Kingdom",UK,UKH9,40110,51.5,-0.116667,-2601889,4,"London, London, City of, United Kingdom",UK,UKH9,40110,51.5,-0.116667,-2601889,4,"London, London, City of, United Kingdom",UK,UKH9,40110,51.5,-0.116667,-2601889,20260713001500,https://www.freemalaysiatoday.com/category/world/2026/07/13/uk-announces-250mil-package-to-protect-jewish-community
1313290246,20260713,202607,2026,2026.5288,GBR,UNITED KINGDOM,GBR,,,,,,,,CVL,COMMUNITY,,,,,,CVL,,,1,040,040,04,1,1.0,10,1,10,3.40136054421769,4,"London, London, City of, United Kingdom",UK,UKH9,40110,51.5,-0.116667,-2601889,4,"London, London, City of, United Kingdom",UK,UKH9,40110,51.5,-0.116667,-2601889,4,"London, London, City of, United Kingdom",UK,UKH9,40110,51.5,-0.116667,-2601889,20260713001500,https://navhindtimes.in/goanews/dont-need-your-money-need-your-voice-vijai-to-uk-goans/
1313290247,20260713,202607,2026,2026.5288,GBR,UNITED KINGDOM,GBR,,,,,,,,CVL,COMMUNITY,,,,,,CVL,,,0,042,042,04,1,1.9,2,1,2,3.40136054421769,4,"Hounslow, Hounslow, United Kingdom",UK,UKG1,40133,51.4667,-0.35,-2599107,4,"Hounslow, Hounslow, United Kingdom",UK,UKG1,40133,51.4667,-0.35,-2599107,4,"Hounslow, Hounslow, United Kingdom",UK,UKG1,40133,51.4667,-0.35,-2599107,20260713001500,https://navhindtimes.in/goanews/dont-need-your-money-need-your-voice-vijai-to-uk-goans/
1313290248,20260713,202607,2026,2026.5288,GBR,UNITED KINGDOM,GBR,,,,,,,,CVL,COMMUNITY,,,,,,CVL,,,0,043,043,04,1,2.8,2,1,2,3.40136054421769,4,"Hounslow, Hounslow, United Kingdom",UK,UKG1,40133,51.4667,-0.35,-2599107,4,"Hounslow, Hounslow, United Kingdom",UK,UKG1,40133,51.4667,-0.35,-2599107,4,"Hounslow, Hounslow, United Kingdom",UK,UKG1,40133,51.4667,-0.35,-2599107,20260713001500,https://navhindtimes.in/goanews/dont-need-your-money-need-your-voice-vijai-to-uk-goans/
1313290249,20260713,202607,2026,2026.5288,GBR,UNITED KINGDOM,GBR,,,,,,,,CVL,COMMUNITY,,,,,,CVL,,,0,043,043,04,1,2.8,4,1,4,3.40136054421769,4,"Hounslow, Hounslow, United Kingdom",UK,UKG1,40133,51.4667,-0.35,-2599107,4,"Hounslow, Hounslow, United Kingdom",UK,UKG1,40133,51.4667,-0.35,-2599107,1,Portugal,PO,PO,,39.5,-8,PO,20260713001500,https://navhindtimes.in/goanews/dont-need-your-money-need-your-voice-vijai-to-uk-goans/
1313290250,20260713,202607,2026,2026.5288,GBR,UNITED KINGDOM,GBR,,,,,,,,CVL,COMMUNITY,,,,,,CVL,,,1,046,046,04,1,7.0,6,1,6,3.40136054421769,5,"London Borough Of Hounslow, Hounslow, United Kingdom",UK,UKG1,40133,51.4747,-0.3661,6077597,4,"Hounslow, Hounslow, United Kingdom",UK,UKG1,40133,51.4667,-0.35,-2599107,5,"London Borough Of Hounslow, Hounslow, United Kingdom",UK,UKG1,40133,51.4747,-0.3661,6077597,20260713001500,https://navhindtimes.in/goanews/dont-need-your-money-need-your-voice-vijai-to-uk-goans/
1313290251,20260713,202607,2026,2026.5288,GBR,UNITED KINGDOM,GBR,,,,,,,,CVL,COMMUNITY,,,,,,CVL,,,1,046,046,04,1,7.0,4,1,4,3.40136054421769,5,"London Borough Of Hounslow, Hounslow, United Kingdom",UK,UKG1,40133,51.4747,-0.3661,6077597,5,"London Borough Of Hounslow, Hounslow, United Kingdom",UK,UKG1,40133,51.4747,-0.3661,6077597,5,"London Borough Of Hounslow, Hounslow, United Kingdom",UK,UKG1,40133,51.4747,-0.3661,6077597,20260713001500,https://navhindtimes.in/goanews/dont-need-your-money-need-your-voice-vijai-to-uk-goans/
1313290252,20260713,202607,2026,2026.5288,GBR,UNITED KINGDOM,GBR,,,,,,,,EDU,STUDENT,,,,,,EDU,,,0,013,013,01,1,0.4,2,1,2,0.95057034220533,1,United Kingdom,UK,UK,,54,-4,UK,1,United Kingdom,UK,UK,,54,-4,UK,1,United Kingdom,UK,UK,,54,-4,UK,20260713001500,https://www.bournemouthecho.co.uk/news/26272973.university-students-urged-get-meningitis-b-vaccines/
1313290253,20260713,202607,2026,2026.5288,GBR,UNITED KINGDOM,GBR,,,,,,,,EDU,STUDENT,,,,,,EDU,,,0,051,051,05,1,3.4,2,1,2,0.95057034220533,1,United Kingdom,UK,UK,,54,-4,UK,1,United Kingdom,UK,UK,,54,-4,UK,1,United Kingdom,UK,UK,,54,-4,UK,20260713001500,https://www.bournemouthecho.co.uk/news/26272973.university-students-urged-get-meningitis-b-vaccines/
1313290254,20260713,202607,2026,2026.5288,GBR,UNITED KINGDOM,GBR,,,,,,,,GOV,MAYOR,,,,,,GOV,,,0,043,043,04,1,2.8,4,1,4,3.40136054421769,4,"Hounslow, Hounslow, United Kingdom",UK,UKG1,40133,51.4667,-0.35,-2599107,5,"London Borough Of Hounslow, Hounslow, United Kingdom",UK,UKG1,40133,51.4747,-0.3661,6077597,5,"London Borough Of Hounslow, Hounslow, United Kingdom",UK,UKG1,40133,51.4747,-0.3661,6077597,20260713001500,https://navhindtimes.in/goanews/dont-need-your-money-need-your-voice-vijai-to-uk-goans/
1313290255,20260713,202607,2026,2026.5288,GBR,UNITED KINGDOM,GBR,,,,,,,,GOV,MAYOR,,,,,,GOV,,,0,046,046,04,1,7.0,4,1,4,3.40136054421769,5,"London Borough Of Hounslow, Hounslow, United Kingdom",UK,UKG1,40133,51.4747,-0.3661,6077597,5,"London Borough Of Hounslow, Hounslow, United Kingdom",UK,UKG1,40133,51.4747,-0.3661,6077597,5,"London Borough Of Hounslow, Hounslow, United Kingdom",UK,UKG1,40133,51.4747,-0.3661,6077597,20260713001500,https://navhindtimes.in/goanews/dont-need-your-money-need-your-voice-vijai-to-uk-goans/
1313290256,20260713,202607,2026,2026.5288,GBR,LONDON,GBR,,,,,,,,JEW,JEWISH,,,,JEW,,,,,1,180,180,18,4,-9.0,7,1,7,-6.77966101694915,4,"London, London, City of, United Kingdom",UK,UKH9,40110,51.5,-0.116667,-2601889,4,"London, London, City of, United Kingdom",UK,UKH9,40110,51.5,-0.116667,-2601889,4,"London, London, City of, United Kingdom",UK,UKH9,40110,51.5,-0.116667,-2601889,20260713001500,https://www.freemalaysiatoday.com/category/world/2026/07/13/uk-announces-250mil-package-to-protect-jewish-community
1313290257,20260713,202607,2026,2026.5288,GOV,PRESIDENT,,,,,,GOV,,,,,,,,,,,,,0,010,010,01,1,0.0,6,1,6,-3.34987593052109,4,"Jask, Hormozgan, Iran",IR,IR11,40979,25.6439,57.7744,-3067830,0,,,,,,,,4,"Jask, Hormozgan, Iran",IR,IR11,40979,25.6439,57.7744,-3067830,20260713001500,https://www.freemalaysiatoday.com/category/highlight/2026/07/13/fresh-attacks-hit-iran-kuwait-as-tehran-and-us-square-off-over-hormuz
1313290258,20260713,202607,2026,2026.5288,GOV,REGULATOR,,,,,,GOV,,,,,,,,,,,,,0,010,010,01,1,0.0,20,2,20,-3.89073054791093,1,Australia,AS,AS,,-25,135,AS,0,,,,,,,,1,Australia,AS,AS,,-25,135,AS,20260713001500,https://www.mudgeeguardian.com.au/story/9309239/unis-to-face-fines-for-failing-to-stamp-out-racism/
1313290259,20260713,202607,2026,2026.5288,GOV,CHIEF MINISTER,,,,,,GOV,,,,,,,,,,,,,1,012,012,01,1,-0.4,10,1,10,-5.22088353413655,0,,,,,,,,0,,,,,,,,0,,,,,,,,20260713001500,https://navhindtimes.in/goanews/kerya-500m-from-opa-yet-facing-water-crisis/
1313290260,20260713,202607,2026,2026.5288,GOV,MAYOR,,,,,,GOV,,,,,,,,,,,,,0,015,015,01,1,0.0,10,1,10,0.76103500761035,0,,,,,,,,0,,,,,,,,0,,,,,,,,20260713001500,https://www.scoop.co.nz/stories/AK2607/S00399/what-matters-to-you-have-your-say-and-help-shape-a-10-year-plan-for-new-plymouth-district.htm
1313290261,20260713,202607,2026,2026.5288,GOV,REGULATOR,,,,,,GOV,,,,,,,,,,,,,0,020,020,02,1,3.0,10,1,10,1.35593220338983,4,"Manukau, New Zealand (general), New Zealand",NZ,NZ00,22385,-35.2333,173.217,-1513321,0,,,,,,,,4,"Manukau, New Zealand (general), New Zealand",NZ,NZ00,22385,-35.2333,173.217,-1513321,20260713001500,https://theconversation.com/cultural-safety-in-healthcare-is-not-ideological-it-is-saving-lives-286335
1313290262,20260713,202607,2026,2026.5288,GOV,GOVERNOR,,,,,,GOV,,,,,,,,,,,,,1,020,020,02,1,3.0,6,1,6,-1.73913043478261,2,"South Carolina, United States",US,USSC,,33.8191,-80.9066,SC,0,,,,,,,,2,"South Carolina, United States",US,USSC,,33.8191,-80.9066,SC,20260713001500,https://wpde.com/news/local-and-state/confederate-flag-rally-occurs-following-11-year-anniversary-of-the-flags-removal
1313290263,20260713,202607,2026,2026.5288,GOV,CHIEF MINISTER,,,,,,GOV,,,,,,,,,,,,,1,030,030,03,1,4.0,10,1,10,-5.22088353413655,0,,,,,,,,0,,,,,,,,0,,,,,,,,20260713001500,https://navhindtimes.in/goanews/kerya-500m-from-opa-yet-facing-water-crisis/
1313290264,20260713,202607,2026,2026.5288,GOV,PRESIDENT,,,,,,GOV,,,,,,,,,,,,,0,030,030,03,1,4.0,12,2,12,-5.11382799325463,2,"Texas, United States",US,USTX,,31.106,-97.6475,TX,0,,,,,,,,2,"Texas, United States",US,USTX,,31.106,-97.6475,TX,20260713001500,https://www.gjsentinel.com/news/us/keystone-pipeline-systems-operator-agrees-to-pay-a-26-9m-penalty-over-a-major-kansas/article_0c486dbd-0d82-5be6-9c94-0d9ec52fd4f1.html
1313290265,20260713,202607,2026,2026.5288,GOV,GOVERNMENT,,,,,,GOV,,,,,,,,,,,,,0,040,040,04,1,1.0,10,1,10,-1.44927536231884,4,"Melbourne, Victoria, Australia",AS,AS07,5430,-37.8167,144.967,-1586844,0,,,,,,,,4,"Melbourne, Victoria, Australia",AS,AS07,5430,-37.8167,144.967,-1586844,20260713001500,https://theconversation.com/one-nation-says-photo-id-will-help-stop-medicare-rorts-heres-why-thats-wrong-285483
1313290266,20260713,202607,2026,2026.5288,GOV,PRESIDENT,,,,,,GOV,,,,,,,,,,,,,1,040,040,04,1,1.0,2,1,2,-0.29069767441861,2,"District of Columbia, United States",US,USDC,,38.8964,-77.0262,DC,0,,,,,,,,2,"District of Columbia, United States",US,USDC,,38.8964,-77.0262,DC,20260713001500,https://timesofsandiego.com/politics/2026/07/12/californias-lawmakers-share-remembrances-following-sen-lindsay-grahams-death/
1313290267,20260713,202607,2026,2026.5288,GOV,GOVERNMENT,,,,,,GOV,,,,,,,,,,,,,0,040,040,04,1,1.0,20,2,20,-5.11382799325464,2,"Kansas, United States",US,USKS,,38.5111,-96.8005,KS,0,,,,,,,,2,"Kansas, United States",US,USKS,,38.5111,-96.8005,KS,20260713001500,https://www.gjsentinel.com/news/us/keystone-pipeline-systems-operator-agrees-to-pay-a-26-9m-penalty-over-a-major-kansas/article_0c486dbd-0d82-5be6-9c94-0d9ec52fd4f1.html
1313290268,20260713,202607,2026,2026.5288,GOV,PRESIDENT,,,,,,GOV,,,,,,,,,,,,,1,040,040,04,1,1.0,3,1,3,-0.29069767441861,2,"South Carolina, United States",US,USSC,,33.8191,-80.9066,SC,0,,,,,,,,2,"South Carolina, United States",US,USSC,,33.8191,-80.9066,SC,20260713001500,https://timesofsandiego.com/politics/2026/07/12/californias-lawmakers-share-remembrances-following-sen-lindsay-grahams-death/
1313290269,20260713,202607,2026,2026.5288,GOV,MINIST,,,,,,GOV,,,,,,,,,,,,,0,042,042,04,1,1.9,6,1,6,6.2111801242236,1,India,IN,IN,,20,77,IN,0,,,,,,,,1,India,IN,IN,,20,77,IN,20260713001500,https://www.scoop.co.nz/stories/PA2607/S00087/patterson-to-india-to-champion-new-zealand-wool.htm
1313290270,20260713,202607,2026,2026.5288,GOV,PRESIDENT,,,,,,GOV,,,,,,,,,,,,,1,046,046,04,1,7.0,5,1,5,0.369003690036899,1,United States,US,US,,39.828175,-98.5795,US,0,,,,,,,,1,United States,US,US,,39.828175,-98.5795,US,20260713001500,https://www.whec.com/top-news/rochester-in-focus-july-12-2026/
1313290271,20260713,202607,2026,2026.5288,GOV,GOVERNOR,,,,,,GOV,,,,,,,,,,,,,1,051,051,05,1,3.4,6,1,6,3.48837209302326,2,"South Carolina, United States",US,USSC,,33.8191,-80.9066,SC,0,,,,,,,,2,"South Carolina, United States",US,USSC,,33.8191,-80.9066,SC,20260713001500,https://wpde.com/news/local/sc-flags-lowered-to-half-staff-in-honor-of-lindsey-graham
1313290272,20260713,202607,2026,2026.5288,GOV,GOVERNMENT,,,,,,GOV,,,,,,,,,,,,,0,071,071,07,2,7.4,20,1,10,0.47080979284369,1,Australia,AS,AS,,-25,135,AS,0,,,,,,,,1,Australia,AS,AS,,-25,135,AS,20260713001500,https://theconversation.com/unfair-fees-and-low-competition-why-the-pharmacy-sector-needs-a-shake-up-287074
1313290273,20260713,202607,2026,2026.5288,GOV,GOVERNMENT,,,,,,GOV,,,,,,,,,,,,,1,071,071,07,2,7.4,15,1,10,3.87755102040817,1,New Zealand,NZ,NZ,,-42,174,NZ,0,,,,,,,,1,New Zealand,NZ,NZ,,-42,174,NZ,20260713001500,https://www.scoop.co.nz/stories/PA2607/S00086/telehealth-investment-to-deliver-faster-access-to-support.htm
1313290274,20260713,202607,2026,2026.5288,GOV,GOVERNMENT,,,,,,GOV,,,,,,,,,,,,,0,080,080,08,2,5.0,10,1,10,0.47080979284369,1,Australia,AS,AS,,-25,135,AS,0,,,,,,,,1,Australia,AS,AS,,-25,135,AS,20260713001500,https://theconversation.com/unfair-fees-and-low-competition-why-the-pharmacy-sector-needs-a-shake-up-287074
1313290275,20260713,202607,2026,2026.5288,GOV,AUTHORITIES,,,,,,GOV,,,,,,,,,,,,,1,090,090,09,2,-2.0,5,1,5,-1.11358574610245,4,"Los Santos, Los Santos, Panama",PM,PM07,23737,7.93333,-80.4167,-166485,0,,,,,,,,4,"Los Santos, Los Santos, Panama",PM,PM07,23737,7.93333,-80.4167,-166485,20260713001500,https://newsroompanama.com/2026/07/12/bananas-and-cattle-lead-the-agricultural-trade-in-panama/
1313290276,20260713,202607,2026,2026.5288,GOV,PRESIDENT,,,,,,GOV,,,,,,,,,,,,,1,1014,101,10,3,-5.0,10,1,10,-2.63157894736842,1,United States,US,US,,39.828175,-98.5795,US,0,,,,,,,,1,United States,US,US,,39.828175,-98.5795,US,20260713001500,https://finance.yahoo.com/energy/articles/big-oil-war-related-profits-230000286.html
1313290277,20260713,202607,2026,2026.5288,GOV,GOVERNMENT,,,,,,GOV,,,,,,,,,,,,,1,112,112,11,3,-2.0,10,1,10,3.0373831775701,4,"Adelaide, South Australia, Australia",AS,AS05,5256,-34.9333,138.6,-1555188,0,,,,,,,,4,"Adelaide, South Australia, Australia",AS,AS05,5256,-34.9333,138.6,-1555188,20260713001500,https://www.townsvillebulletin.com.au/news/breaking-news/digital-passenger-cards-to-be-rolled-out-at-all-australian-international-airports/news-story/e19fbd63aed8bdcfcd4127906d715828?nk=6bd4945af2962b1da16c48dc1eb06965-1783900899
1313290278,20260713,202607,2026,2026.5288,GOV,PRESIDENT,,,,,,GOV,,,,,,,,,,,,,0,160,160,16,4,-4.0,5,1,5,0.478053020425899,1,South Korea,KS,KS,,37,127.5,KS,0,,,,,,,,1,South Korea,KS,KS,,37,127.5,KS,20260713001500,https://island.lk/deepening-democracy-constitutions-and-constitutionalism/
1313290279,20260713,202607,2026,2026.5288,GOV,PRINCE,,,,,,GOV,,,,,,,,,,,,,1,172,172,17,4,-5.0,5,1,5,-6.04838709677419,0,,,,,,,,0,,,,,,,,0,,,,,,,,20260713001500,https://www.merimbulanewsweekly.com.au/story/9309281/south-coast-serious-crash-closes-princes-highway-crime-scene-set/
1313290280,20260713,202607,2026,2026.5288,GOV,CHIEF MINISTER,,,,,,GOV,,,,,,,,,,,,,1,190,190,19,4,-10.0,10,1,10,-5.46448087431696,1,India,IN,IN,,20,77,IN,0,,,,,,,,1,India,IN,IN,,20,77,IN,20260713001500,https://island.lk/abandoned-fighters-divisive-monuments-and-the-imperative-of-one-sri-lanka/
1313290281,20260713,202607,2026,2026.5288,GOV,GOVERNMENT,,,,,,GOV,,,,,,,,,,,,,0,192,192,19,4,-9.5,10,1,10,-6.11551528878822,4,"Dubai, Dubayy, United Arab Emirates",AE,AE03,28575,25.2522,55.28,-782831,0,,,,,,,,4,"Dubai, Dubayy, United Arab Emirates",AE,AE03,28575,25.2522,55.28,-782831,20260713001500,https://navhindtimes.in/worldnews/us-strikes-iran-over-ship-attack-in-strait-of-hormuz/
1313290282,20260713,202607,2026,2026.5288,GOV,MINIST,,,,,,GOV,,,BUS,MANUFACTURER,,,,,,BUS,,,1,040,040,04,1,1.0,3,1,3,6.2111801242236,1,India,IN,IN,,20,77,IN,1,India,IN,IN,,20,77,IN,1,India,IN,IN,,20,77,IN,20260713001500,https://www.scoop.co.nz/stories/PA2607/S00087/patterson-to-india-to-champion-new-zealand-wool.htm
1313290283,20260713,202607,2026,2026.5288,GOV,MINIST,,,,,,GOV,,,BUS,MANUFACTURER,,,,,,BUS,,,1,040,040,04,1,1.0,1,1,1,6.2111801242236,1,India,IN,IN,,20,77,IN,1,India,IN,IN,,20,77,IN,1,New Zealand,NZ,NZ,,-42,174,NZ,20260713001500,https://www.scoop.co.nz/stories/PA2607/S00087/patterson-to-india-to-champion-new-zealand-wool.htm
1313290284,20260713,202607,2026,2026.5288,GOV,MINIST,,,,,,GOV,,,BUS,MANUFACTURER,,,,,,BUS,,,1,040,040,04,1,1.0,1,1,1,6.2111801242236,1,New Zealand,NZ,NZ,,-42,174,NZ,1,India,IN,IN,,20,77,IN,1,New Zealand,NZ,NZ,,-42,174,NZ,20260713001500,https://www.scoop.co.nz/stories/PA2607/S00087/patterson-to-india-to-champion-new-zealand-wool.htm
1313290285,20260713,202607,2026,2026.5288,GOV,PRESIDENT,,,,,,GOV,,,BUS,INDUSTRY,,,,,,BUS,,,1,112,112,11,3,-2.0,10,1,10,-2.63157894736842,1,Russia,RS,RS,,60,100,RS,1,Russia,RS,RS,,60,100,RS,1,Russia,RS,RS,,60,100,RS,20260713001500,https://finance.yahoo.com/energy/articles/big-oil-war-related-profits-230000286.html
1313290286,20260713,202607,2026,2026.5288,GOV,MINIST,,,,,,GOV,,,CVL,SETTLEMENT,,,,,,CVL,,,1,017,017,01,1,0.0,10,1,10,5.03978779840849,5,"Bay Of Plenty, Bay of Plenty, New Zealand",NZ,NZE8,22380,-38.3333,176.75,11483126,5,"Bay Of Plenty, Bay of Plenty, New Zealand",NZ,NZE8,22380,-38.3333,176.75,11483126,5,"Bay Of Plenty, Bay of Plenty, New Zealand",NZ,NZE8,22380,-38.3333,176.75,11483126,20260713001500,https://www.scoop.co.nz/stories/PA2607/S00088/aquaculture-agreement-with-bay-of-plenty-iwi.htm
1313290287,20260713,202607,2026,2026.5288,GOV,MINIST,,,,,,GOV,,,CVL,SETTLEMENT,,,,,,CVL,,,1,042,042,04,1,1.9,10,1,10,5.03978779840849,5,"Bay Of Plenty, Bay of Plenty, New Zealand",NZ,NZE8,22380,-38.3333,176.75,11483126,5,"Bay Of Plenty, Bay of Plenty, New Zealand",NZ,NZE8,22380,-38.3333,176.75,11483126,5,"Bay Of Plenty, Bay of Plenty, New Zealand",NZ,NZE8,22380,-38.3333,176.75,11483126,20260713001500,https://www.scoop.co.nz/stories/PA2607/S00088/aquaculture-agreement-with-bay-of-plenty-iwi.htm
1313290288,20260713,202607,2026,2026.5288,GOV,GOVERNMENT,,,,,,GOV,,,GBR,UNITED KINGDOM,GBR,,,,,,,,0,036,036,03,1,4.0,1,1,1,-6.77966101694915,4,"Manchester, Manchester, United Kingdom",UK,UKI2,40118,53.5,-2.21667,-2602512,4,"London, London, City of, United Kingdom",UK,UKH9,40110,51.5,-0.116667,-2601889,4,"Manchester, Manchester, United Kingdom",UK,UKI2,40118,53.5,-2.21667,-2602512,20260713001500,https://www.freemalaysiatoday.com/category/world/2026/07/13/uk-announces-250mil-package-to-protect-jewish-community
1313290289,20260713,202607,2026,2026.5288,GOV,GOVERNMENT,,,,,,GOV,,,GBR,UNITED KINGDOM,GBR,,,,,,,,0,036,036,03,1,4.0,1,1,1,-6.77966101694915,4,"Manchester, Manchester, United Kingdom",UK,UKI2,40118,53.5,-2.21667,-2602512,4,"Manchester, Manchester, United Kingdom",UK,UKI2,40118,53.5,-2.21667,-2602512,4,"Manchester, Manchester, United Kingdom",UK,UKI2,40118,53.5,-2.21667,-2602512,20260713001500,https://www.freemalaysiatoday.com/category/world/2026/07/13/uk-announces-250mil-package-to-protect-jewish-community
1313290290,20260713,202607,2026,2026.5288,GOV,MAYOR,,,,,,GOV,,,GBR,UNITED KINGDOM,GBR,,,,,,,,0,042,042,04,1,1.9,4,1,4,3.40136054421769,5,"London Borough Of Hounslow, Hounslow, United Kingdom",UK,UKG1,40133,51.4747,-0.3661,6077597,4,"Hounslow, Hounslow, United Kingdom",UK,UKG1,40133,51.4667,-0.35,-2599107,5,"London Borough Of Hounslow, Hounslow, United Kingdom",UK,UKG1,40133,51.4747,-0.3661,6077597,20260713001500,https://navhindtimes.in/goanews/dont-need-your-money-need-your-voice-vijai-to-uk-goans/
1313290291,20260713,202607,2026,2026.5288,GOV,MAYOR,,,,,,GOV,,,GBR,UNITED KINGDOM,GBR,,,,,,,,0,046,046,04,1,7.0,4,1,4,3.40136054421769,5,"London Borough Of Hounslow, Hounslow, United Kingdom",UK,UKG1,40133,51.4747,-0.3661,6077597,5,"London Borough Of Hounslow, Hounslow, United Kingdom",UK,UKG1,40133,51.4747,-0.3661,6077597,5,"London Borough Of Hounslow, Hounslow, United Kingdom",UK,UKG1,40133,51.4747,-0.3661,6077597,20260713001500,https://navhindtimes.in/goanews/dont-need-your-money-need-your-voice-vijai-to-uk-goans/
1313290292,20260713,202607,2026,2026.5288,GOV,DIPLOMAT,,,,,,GOV,,,IRN,IRANIAN,IRN,,,,,,,,0,020,020,02,1,3.0,2,1,2,-3.34987593052109,4,"Islamabad, Islamabad, Pakistan",PK,PK08,23674,33.7,73.1667,-2762812,4,"Jask, Hormozgan, Iran",IR,IR11,40979,25.6439,57.7744,-3067830,4,"Islamabad, Islamabad, Pakistan",PK,PK08,23674,33.7,73.1667,-2762812,20260713001500,https://www.freemalaysiatoday.com/category/highlight/2026/07/13/fresh-attacks-hit-iran-kuwait-as-tehran-and-us-square-off-over-hormuz
1313290293,20260713,202607,2026,2026.5288,GOV,DIPLOMAT,,,,,,GOV,,,IRN,IRANIAN,IRN,,,,,,,,0,020,020,02,1,3.0,3,1,3,-3.34987593052109,4,"Islamabad, Islamabad, Pakistan",PK,PK08,23674,33.7,73.1667,-2762812,4,"Tehran, Tehran, Iran",IR,IR26,41130,35.75,51.5148,10074674,4,"Islamabad, Islamabad, Pakistan",PK,PK08,23674,33.7,73.1667,-2762812,20260713001500,https://www.freemalaysiatoday.com/category/highlight/2026/07/13/fresh-attacks-hit-iran-kuwait-as-tehran-and-us-square-off-over-hormuz
1313290294,20260713,202607,2026,2026.5288,GOV,SECRETARIAT,,,,,,GOV,,,IRN,IRANIAN,IRN,,,,,,,,1,111,111,11,3,-2.0,8,1,8,-3.04127443881245,4,"Tehran, Tehran, Iran",IR,IR26,41130,35.75,51.5148,10074674,4,"Tehran, Tehran, Iran",IR,IR26,41130,35.75,51.5148,10074674,4,"Tehran, Tehran, Iran",IR,IR26,41130,35.75,51.5148,10074674,20260713001500,http://www.malaysiasun.com/news/279183164/regional-tensions-escalate-as-iran-targets-gulf-nations-oic-and-neighbors-condemn-flagrant-attacks
1313290295,20260713,202607,2026,2026.5288,GOV,ADMINISTRATION,,,,,,GOV,,,JUD,SUPREME COURT,,,,,,JUD,,,1,042,042,04,1,1.9,10,1,10,-6.74157303370787,2,"California, United States",US,USCA,,36.17,-119.746,CA,2,"California, United States",US,USCA,,36.17,-119.746,CA,2,"California, United States",US,USCA,,36.17,-119.746,CA,20260713001500,https://hayspost.com/posts/a8aaee09-04bb-4aee-8f6a-64b116e2bdd6
1313290296,20260713,202607,2026,2026.5288,GOV,PRESIDENT,,,,,,GOV,,,LKA,SRI LANKA,LKA,,,,,,,,1,110,110,11,3,-2.0,2,1,2,0.478053020425899,1,Sri Lanka,CE,CE,,7,81,CE,1,Sri Lanka,CE,CE,,7,81,CE,1,Sri Lanka,CE,CE,,7,81,CE,20260713001500,https://island.lk/deepening-democracy-constitutions-and-constitutionalism/
1313290297,20260713,202607,2026,2026.5288,GOV,PRESIDENT,,,,,,GOV,,,LKAGOV,MAITHRIPALA SIRISENA,LKA,,,,,GOV,,,1,110,110,11,3,-2.0,4,1,4,0.478053020425899,1,Sri Lanka,CE,CE,,7,81,CE,1,Sri Lanka,CE,CE,,7,81,CE,1,Sri Lanka,CE,CE,,7,81,CE,20260713001500,https://island.lk/deepening-democracy-constitutions-and-constitutionalism/
1313290298,20260713,202607,2026,2026.5288,GOV,PRIME MINISTER,,,,,,GOV,,,MED,LOCAL MEDIA,,,,,,MED,,,1,013,013,01,1,0.4,3,1,3,-3.93258426966292,4,"Bangkok, Krung Thep Mahanakhon, Thailand",TH,TH40,26423,13.75,100.517,-3250083,4,"Bangkok, Krung Thep Mahanakhon, Thailand",TH,TH40,26423,13.75,100.517,-3250083,4,"Bangkok, Krung Thep Mahanakhon, Thailand",TH,TH40,26423,13.75,100.517,-3250083,20260713001500,https://www.freemalaysiatoday.com/category/highlight/2026/07/13/at-least-27-dead-in-bangkok-bar-fire-says-pm
1313290299,20260713,202607,2026,2026.5288,GOV,MINISTRY,,,,,,GOV,,,MIL,MILITARY,,,,,,MIL,,,1,010,010,01,1,0.0,10,1,10,-10.4712041884817,3,"Washington, District of Columbia, United States",US,USDC,DC001,38.8951,-77.0364,531871,3,"Washington, District of Columbia, United States",US,USDC,DC001,38.8951,-77.0364,531871,3,"Washington, District of Columbia, United States",US,USDC,DC001,38.8951,-77.0364,531871,20260713001500,https://www.middleeasteye.net/live-blog/live-blog-update/iran-accuses-us-breaching-ceasefire-deal-fresh-attacks
1313290300,20260713,202607,2026,2026.5288,GOV,UNDERSECRETARY,,,,,,GOV,,,MIL,NAVY,,,,,,MIL,,,0,173,173,17,4,-5.0,3,1,3,-7.03296703296703,4,"Caupolican, Region de Los Rios, Chile",CI,CI17,149633,-40.0667,-72.9167,-875905,4,"Caupolican, Region de Los Rios, Chile",CI,CI17,149633,-40.0667,-72.9167,-875905,4,"Caupolican, Region de Los Rios, Chile",CI,CI17,149633,-40.0667,-72.9167,-875905,20260713001500,https://www.ksat.com/news/world/2026/07/12/several-people-killed-in-chile-after-car-driven-by-navy-officer-crashes-into-an-open-air-market/
1313290301,20260713,202607,2026,2026.5288,GOV,UNDERSECRETARY,,,,,,GOV,,,MIL,NAVY,,,,,,MIL,,,0,173,173,17,4,-5.0,2,1,2,-7.03296703296703,1,United States,US,US,,39.828175,-98.5795,US,4,"Caupolican, Region de Los Rios, Chile",CI,CI17,149633,-40.0667,-72.9167,-875905,4,"Caupolican, Region de Los Rios, Chile",CI,CI17,149633,-40.0667,-72.9167,-875905,20260713001500,https://www.ksat.com/news/world/2026/07/12/several-people-killed-in-chile-after-car-driven-by-navy-officer-crashes-into-an-open-air-market/
1313290302,20260713,202607,2026,2026.5288,GOV,FOREIGN SECRETARY,,,,,,GOV,,,MMRGOV,MYANMAR,MMR,,,,,GOV,,,1,010,010,01,1,0.0,3,1,3,2.04918032786886,4,"Bangkok, Krung Thep Mahanakhon, Thailand",TH,TH40,26423,13.75,100.517,-3250083,4,"Bangkok, Krung Thep Mahanakhon, Thailand",TH,TH40,26423,13.75,100.517,-3250083,4,"Bangkok, Krung Thep Mahanakhon, Thailand",TH,TH40,26423,13.75,100.517,-3250083,20260713001500,https://www.freemalaysiatoday.com/category/highlight/2026/07/13/aung-sang-suu-kyi-in-good-health-myanmar-tells-asean
1313290303,20260713,202607,2026,2026.5288,GOV,FOREIGN SECRETARY,,,,,,GOV,,,MMRGOV,MYANMAR,MMR,,,,,GOV,,,1,040,040,04,1,1.0,3,1,3,2.04918032786886,1,Philippines,RP,RP,,13,122,RP,1,Philippines,RP,RP,,13,122,RP,1,Philippines,RP,RP,,13,122,RP,20260713001500,https://www.freemalaysiatoday.com/category/highlight/2026/07/13/aung-sang-suu-kyi-in-good-health-myanmar-tells-asean
1313290304,20260713,202607,2026,2026.5288,GOV,MINIST,,,,,,GOV,,,NZL,NEW ZEALAND,NZL,,,,,,,,0,042,042,04,1,1.9,2,1,2,6.2111801242236,1,New Zealand,NZ,NZ,,-42,174,NZ,1,New Zealand,NZ,NZ,,-42,174,NZ,1,India,IN,IN,,20,77,IN,20260713001500,https://www.scoop.co.nz/stories/PA2607/S00087/patterson-to-india-to-champion-new-zealand-wool.htm
1313290305,20260713,202607,2026,2026.5288,GOV,MINISTRY,,,,,,GOV,,,OMN,OMAN,OMN,,,,,,,,0,060,060,06,2,6.0,10,1,10,-6.11551528878822,4,"New Delhi, Delhi, India",IN,IN07,17911,28.6,77.2,-2106102,1,Oman,MU,MU,,21,57,MU,1,Oman,MU,MU,,21,57,MU,20260713001500,https://navhindtimes.in/worldnews/us-strikes-iran-over-ship-attack-in-strait-of-hormuz/
1313290306,20260713,202607,2026,2026.5288,GOV,MINISTRY,,,,,,GOV,,,PAK,PAKISTAN,PAK,,,,,,,,0,051,051,05,1,3.4,10,1,10,-3.04127443881245,4,"Islamabad, Islamabad, Pakistan",PK,PK08,23674,33.7,73.1667,-2762812,4,"Islamabad, Islamabad, Pakistan",PK,PK08,23674,33.7,73.1667,-2762812,4,"Islamabad, Islamabad, Pakistan",PK,PK08,23674,33.7,73.1667,-2762812,20260713001500,http://www.malaysiasun.com/news/279183164/regional-tensions-escalate-as-iran-targets-gulf-nations-oic-and-neighbors-condemn-flagrant-attacks
1313290307,20260713,202607,2026,2026.5288,GOV,ADMINISTRATION,,,,,,GOV,,,RUS,RUSSIA,RUS,,,,,,,,0,163,163,16,4,-8.0,6,1,6,-1.01010101010101,4,"Moscow, Moskva, Russia",RS,RS48,25106,55.7522,37.6156,-2960561,4,"Moscow, Moskva, Russia",RS,RS48,25106,55.7522,37.6156,-2960561,4,"Kyiv, Kyyiv, Misto, Ukraine",UP,UP12,28554,50.4333,30.5167,-1044367,20260713001500,https://navhindtimes.in/worldnews/us-senator-lindsey-graham-close-trump-ally-foreign-policy-hawk-dies-at-71/
1313290308,20260713,202607,2026,2026.5288,GOV,GOVERNMENT,,,,,,GOV,,,UAFCOP,TERRORIST,,,,,,UAF,COP,,0,152,152,15,4,-7.2,2,1,2,-6.77966101694915,4,"Manchester, Manchester, United Kingdom",UK,UKI2,40118,53.5,-2.21667,-2602512,4,"London, London, City of, United Kingdom",UK,UKH9,40110,51.5,-0.116667,-2601889,4,"London, London, City of, United Kingdom",UK,UKH9,40110,51.5,-0.116667,-2601889,20260713001500,https://www.freemalaysiatoday.com/category/world/2026/07/13/uk-announces-250mil-package-to-protect-jewish-community
1313290309,20260713,202607,2026,2026.5288,GOV,PRESIDENT,,,,,,GOV,,,USA,WASHINGTON,USA,,,,,,,,0,010,010,01,1,0.0,3,1,3,1.00840336134454,4,"Beirut, Beyrouth, Lebanon",LE,LE04,18808,33.8719,35.5097,-801546,4,"Jerusalem, Israel (general), Israel",IS,IS00,18315,31.7667,35.2333,-797092,4,"Jerusalem, Israel (general), Israel",IS,IS00,18315,31.7667,35.2333,-797092,20260713001500,https://www.yakimaherald.com/news/nation_and_world/nation/lindsey-graham-remembered-for-a-vision-of-american-foreign-policy-that-s-fading-in-washington/article_c695ff8a-89b3-5b89-81d4-b357930e810d.html
1313290310,20260713,202607,2026,2026.5288,GOV,PRESIDENT,,,,,,GOV,,,USA,UNITED STATES,USA,,,,,,,,0,010,010,01,1,0.0,2,1,2,1.00840336134454,3,"Washington, District of Columbia, United States",US,USDC,DC001,38.8951,-77.0364,531871,3,"Washington, District of Columbia, United States",US,USDC,DC001,38.8951,-77.0364,531871,3,"Washington, District of Columbia, United States",US,USDC,DC001,38.8951,-77.0364,531871,20260713001500,https://www.yakimaherald.com/news/nation_and_world/nation/lindsey-graham-remembered-for-a-vision-of-american-foreign-policy-that-s-fading-in-washington/article_c695ff8a-89b3-5b89-81d4-b357930e810d.html
1313290311,20260713,202607,2026,2026.5288,GOV,AUTHORITIES,,,,,,GOV,,,USA,TEXAS,USA,,,,,,,,0,010,010,01,1,0.0,10,1,10,-6.10687022900764,2,"Texas, United States",US,USTX,,31.106,-97.6475,TX,2,"Texas, United States",US,USTX,,31.106,-97.6475,TX,2,"Texas, United States",US,USTX,,31.106,-97.6475,TX,20260713001500,https://www.ksat.com/news/local/2026/07/12/lavaca-county-justice-of-the-peace-arrested-on-felony-sexual-assault-charges-sheriffs-office-says/
1313290312,20260713,202607,2026,2026.5288,GOV,ADMINISTRATION,,,,,,GOV,,,USA,CALIFORNIA,USA,,,,,,,,0,020,020,02,1,3.0,4,1,4,0.16348773841962,2,"California, United States",US,USCA,,36.17,-119.746,CA,2,"California, United States",US,USCA,,36.17,-119.746,CA,2,"California, United States",US,USCA,,36.17,-119.746,CA,20260713001500,https://www.unitaid.eu/california-physician-license-verification-complete-1c2z.html
1313290313,20260713,202607,2026,2026.5288,GOV,GOVERNOR,,,,,,GOV,,,USA,UNITED STATES,USA,,,,,,,,1,020,020,02,1,3.0,2,1,2,-1.73913043478261,2,"South Carolina, United States",US,USSC,,33.8191,-80.9066,SC,2,"South Carolina, United States",US,USSC,,33.8191,-80.9066,SC,2,"South Carolina, United States",US,USSC,,33.8191,-80.9066,SC,20260713001500,https://wpde.com/news/local-and-state/confederate-flag-rally-occurs-following-11-year-anniversary-of-the-flags-removal
1313290314,20260713,202607,2026,2026.5288,GOV,AUTHORITIES,,,,,,GOV,,,USA,TEXAS,USA,,,,,,,,0,0214,021,02,1,3.4,10,1,10,-6.10687022900764,2,"Texas, United States",US,USTX,,31.106,-97.6475,TX,2,"Texas, United States",US,USTX,,31.106,-97.6475,TX,2,"Texas, United States",US,USTX,,31.106,-97.6475,TX,20260713001500,https://www.ksat.com/news/local/2026/07/12/lavaca-county-justice-of-the-peace-arrested-on-felony-sexual-assault-charges-sheriffs-office-says/
1313290315,20260713,202607,2026,2026.5288,GOV,PRESIDENT,,,,,,GOV,,,USA,UNITED STATES,USA,,,,,,,,0,030,030,03,1,4.0,4,2,4,-5.11382799325463,2,"Texas, United States",US,USTX,,31.106,-97.6475,TX,2,"Texas, United States",US,USTX,,31.106,-97.6475,TX,2,"Texas, United States",US,USTX,,31.106,-97.6475,TX,20260713001500,https://www.gjsentinel.com/news/us/keystone-pipeline-systems-operator-agrees-to-pay-a-26-9m-penalty-over-a-major-kansas/article_0c486dbd-0d82-5be6-9c94-0d9ec52fd4f1.html
1313290316,20260713,202607,2026,2026.5288,GOV,KING,,,,,,GOV,,,USA,CALIFORNIA,USA,,,,,,,,1,036,036,03,1,4.0,4,1,4,-1.92307692307692,2,"California, United States",US,USCA,,36.17,-119.746,CA,2,"California, United States",US,USCA,,36.17,-119.746,CA,3,"La Jolla, California, United States",US,USCA,,32.8473,-117.274,1660855,20260713001500,https://timesofsandiego.com/weather/2026/07/12/mondays-king-tides-could-provide-a-window-into-our-coasts-future/
1313290317,20260713,202607,2026,2026.5288,GOV,KING,,,,,,GOV,,,USA,UNITED STATES,USA,,,,,,,,1,036,036,03,1,4.0,1,1,1,-1.92307692307692,2,"California, United States",US,USCA,,36.17,-119.746,CA,2,"California, United States",US,USCA,,36.17,-119.746,CA,2,"California, United States",US,USCA,,36.17,-119.746,CA,20260713001500,https://timesofsandiego.com/weather/2026/07/12/mondays-king-tides-could-provide-a-window-into-our-coasts-future/
1313290318,20260713,202607,2026,2026.5288,GOV,PRESIDENT,,,,,,GOV,,,USA,UNITED STATES,USA,,,,,,,,0,051,051,05,1,3.4,1,1,1,1.00840336134454,4,"Jerusalem, Israel (general), Israel",IS,IS00,18315,31.7667,35.2333,-797092,3,"Denver, Colorado, United States",US,USCO,CO031,39.7392,-104.985,201738,3,"Denver, Colorado, United States",US,USCO,CO031,39.7392,-104.985,201738,20260713001500,https://www.yakimaherald.com/news/nation_and_world/nation/lindsey-graham-remembered-for-a-vision-of-american-foreign-policy-that-s-fading-in-washington/article_c695ff8a-89b3-5b89-81d4-b357930e810d.html
1313290319,20260713,202607,2026,2026.5288,GOV,PRESIDENT,,,,,,GOV,,,USA,UNITED STATES,USA,,,,,,,,0,051,051,05,1,3.4,1,1,1,1.00840336134454,4,"Beirut, Beyrouth, Lebanon",LE,LE04,18808,33.8719,35.5097,-801546,4,"Jerusalem, Israel (general), Israel",IS,IS00,18315,31.7667,35.2333,-797092,4,"Jerusalem, Israel (general), Israel",IS,IS00,18315,31.7667,35.2333,-797092,20260713001500,https://www.yakimaherald.com/news/nation_and_world/nation/lindsey-graham-remembered-for-a-vision-of-american-foreign-policy-that-s-fading-in-washington/article_c695ff8a-89b3-5b89-81d4-b357930e810d.html
1313290320,20260713,202607,2026,2026.5288,GOV,KING,,,,,,GOV,,,USA,CALIFORNIA,USA,,,,,,,,0,051,051,05,1,3.4,10,1,10,-1.92307692307692,2,"California, United States",US,USCA,,36.17,-119.746,CA,2,"California, United States",US,USCA,,36.17,-119.746,CA,2,"California, United States",US,USCA,,36.17,-119.746,CA,20260713001500,https://timesofsandiego.com/weather/2026/07/12/mondays-king-tides-could-provide-a-window-into-our-coasts-future/
1313290321,20260713,202607,2026,2026.5288,GOV,GOVERNOR,,,,,,GOV,,,USA,UNITED STATES,USA,,,,,,,,1,051,051,05,1,3.4,4,1,4,3.48837209302326,2,"South Carolina, United States",US,USSC,,33.8191,-80.9066,SC,2,"South Carolina, United States",US,USSC,,33.8191,-80.9066,SC,2,"South Carolina, United States",US,USSC,,33.8191,-80.9066,SC,20260713001500,https://wpde.com/news/local/sc-flags-lowered-to-half-staff-in-honor-of-lindsey-graham
1313290322,20260713,202607,2026,2026.5288,GOV,PRESIDENT,,,,,,GOV,,,USA,WASHINGTON,USA,,,,,,,,0,128,128,12,3,-5.0,5,1,5,1.00840336134454,3,"Washington, District of Columbia, United States",US,USDC,DC001,38.8951,-77.0364,531871,3,"Washington, District of Columbia, United States",US,USDC,DC001,38.8951,-77.0364,531871,3,"Washington, District of Columbia, United States",US,USDC,DC001,38.8951,-77.0364,531871,20260713001500,https://www.yakimaherald.com/news/nation_and_world/nation/lindsey-graham-remembered-for-a-vision-of-american-foreign-policy-that-s-fading-in-washington/article_c695ff8a-89b3-5b89-81d4-b357930e810d.html
1313290323,20260713,202607,2026,2026.5288,GOV,ADMINISTRATION,,,,,,GOV,,,USAHLH,CALIFORNIA,USA,,,,,HLH,,,0,020,020,02,1,3.0,6,1,6,0.16348773841962,2,"California, United States",US,USCA,,36.17,-119.746,CA,2,"California, United States",US,USCA,,36.17,-119.746,CA,2,"California, United States",US,USCA,,36.17,-119.746,CA,20260713001500,https://www.unitaid.eu/california-physician-license-verification-complete-1c2z.html
1313290324,20260713,202607,2026,2026.5288,GOV,GOVERNMENT,,,,,,GOV,,,VEN,VENEZUELA,VEN,,,,,,,,1,042,042,04,1,1.9,8,1,8,-4.43548387096774,1,Russia,RS,RS,,60,100,RS,1,Russia,RS,RS,,60,100,RS,1,Russia,RS,RS,,60,100,RS,20260713001500,https://www.freemalaysiatoday.com/category/world/2026/07/13/venezuelas-quake-death-toll-rises-to-4490
1313290325,20260713,202607,2026,2026.5288,GOVAGR,AGRICULTURE MINIST,,,,,,GOV,AGR,,NZL,NEW ZEALAND,NZL,,,,,,,,1,042,042,04,1,1.9,8,1,8,6.2111801242236,1,New Zealand,NZ,NZ,,-42,174,NZ,1,New Zealand,NZ,NZ,,-42,174,NZ,1,New Zealand,NZ,NZ,,-42,174,NZ,20260713001500,https://www.scoop.co.nz/stories/PA2607/S00087/patterson-to-india-to-champion-new-zealand-wool.htm
1313290326,20260713,202607,2026,2026.5288,GOVGOV,FOREIGN MINIST,,,,,,GOV,GOV,,IRNGOV,IRANIAN,IRN,,,,,GOV,,,0,040,040,04,1,1.0,2,1,2,-3.04127443881245,4,"Bandar Abbas, Hormozgan, Iran",IR,IR11,40896,27.1865,56.2808,-3055107,4,"Bandar Abbas, Hormozgan, Iran",IR,IR11,40896,27.1865,56.2808,-3055107,4,"Bandar Abbas, Hormozgan, Iran",IR,IR11,40896,27.1865,56.2808,-3055107,20260713001500,http://www.malaysiasun.com/news/279183164/regional-tensions-escalate-as-iran-targets-gulf-nations-oic-and-neighbors-condemn-flagrant-attacks
1313290327,20260713,202607,2026,2026.5288,GOVGOV,FOREIGN MINIST,,,,,,GOV,GOV,,IRNGOV,IRAN,IRN,,,,,GOV,,,0,040,040,04,1,1.0,1,1,1,-3.04127443881245,4,"Al Wusta, Ar Riya?, Saudi Arabia",SA,SA10,25316,24.5031,46.367,-3092669,4,"Bandar Abbas, Hormozgan, Iran",IR,IR11,40896,27.1865,56.2808,-3055107,4,"Bandar Abbas, Hormozgan, Iran",IR,IR11,40896,27.1865,56.2808,-3055107,20260713001500,http://www.malaysiasun.com/news/279183164/regional-tensions-escalate-as-iran-targets-gulf-nations-oic-and-neighbors-condemn-flagrant-attacks
1313290328,20260713,202607,2026,2026.5288,GOVHLH,HEALTH MINIST,,,,,,GOV,HLH,,,,,,,,,,,,1,120,120,12,3,-4.0,8,1,8,1.35593220338983,4,"Manukau, New Zealand (general), New Zealand",NZ,NZ00,22385,-35.2333,173.217,-1513321,0,,,,,,,,4,"Manukau, New Zealand (general), New Zealand",NZ,NZ00,22385,-35.2333,173.217,-1513321,20260713001500,https://theconversation.com/cultural-safety-in-healthcare-is-not-ideological-it-is-saving-lives-286335
1313290329,20260713,202607,2026,2026.5288,HLH,PHYSICIAN,,,,,,HLH,,,,,,,,,,,,,1,010,010,01,1,0.0,15,1,10,0.16348773841962,2,"California, United States",US,USCA,,36.17,-119.746,CA,0,,,,,,,,2,"California, United States",US,USCA,,36.17,-119.746,CA,20260713001500,https://www.unitaid.eu/california-physician-license-verification-complete-1c2z.html
1313290330,20260713,202607,2026,2026.5288,HLH,DOCTOR,,,,,,HLH,,,,,,,,,,,,,0,120,120,12,3,-4.0,10,1,10,0.16348773841962,2,"California, United States",US,USCA,,36.17,-119.746,CA,0,,,,,,,,2,"California, United States",US,USCA,,36.17,-119.746,CA,20260713001500,https://www.unitaid.eu/california-physician-license-verification-complete-1c2z.html
1313290331,20260713,202607,2026,2026.5288,HLH,HOSPITAL,,,,,,HLH,,,,,,,,,,,,,0,190,190,19,4,-10.0,4,1,4,-2.29357798165138,3,"Washington, District of Columbia, United States",US,USDC,DC001,38.8951,-77.0364,531871,0,,,,,,,,3,"Washington, District of Columbia, United States",US,USDC,DC001,38.8951,-77.0364,531871,20260713001500,https://www.israelnationalnews.com/news/430050
1313290332,20260713,202607,2026,2026.5288,HLH,HOSPITAL,,,,,,HLH,,,,,,,,,,,,,0,190,190,19,4,-10.0,6,1,6,-2.29357798165138,2,"Kentucky, United States",US,USKY,,37.669,-84.6514,KY,0,,,,,,,,2,"Kentucky, United States",US,USKY,,37.669,-84.6514,KY,20260713001500,https://www.israelnationalnews.com/news/430050
1313290333,20260713,202607,2026,2026.5288,HLH,DOCTOR,,,,,,HLH,,,COP,POLICE,,,,,,COP,,,0,010,010,01,1,0.0,10,1,10,-8.71934604904632,0,,,,,,,,0,,,,,,,,0,,,,,,,,20260713001500,https://krocnews.com/guilty-plea-stabbing-death-pregnant-woman/
1313290334,20260713,202607,2026,2026.5288,HLH,DOCTOR,,,,,,HLH,,,EDU,SCHOOL,,,,,,EDU,,,1,010,010,01,1,0.0,5,1,5,0.16348773841962,2,"California, United States",US,USCA,,36.17,-119.746,CA,2,"California, United States",US,USCA,,36.17,-119.746,CA,2,"California, United States",US,USCA,,36.17,-119.746,CA,20260713001500,https://www.unitaid.eu/california-physician-license-verification-complete-1c2z.html
1313290335,20260713,202607,2026,2026.5288,HLH,PHYSICIAN,,,,,,HLH,,,USA,UNITED STATES,USA,,,,,,,,0,043,043,04,1,2.8,36,2,36,-2.40499194847021,2,"Kentucky, United States",US,USKY,,37.669,-84.6514,KY,2,"Kentucky, United States",US,USKY,,37.669,-84.6514,KY,2,"Kentucky, United States",US,USKY,,37.669,-84.6514,KY,20260713001500,https://kprcradio.iheart.com/content/2026-07-12-mitch-mcconnell-releases-statement-amid-health-concerns/
1313290336,20260713,202607,2026,2026.5288,HLH,PHYSICIAN,,,,,,HLH,,,USAMED,REUTERS,USA,,,,,MED,,,1,043,043,04,1,2.8,6,2,6,-5.93533126427864,4,"London, London, City of, United Kingdom",UK,UKH9,40110,51.5,-0.116667,-2601889,4,"London, London, City of, United Kingdom",UK,UKH9,40110,51.5,-0.116667,-2601889,4,"London, London, City of, United Kingdom",UK,UKH9,40110,51.5,-0.116667,-2601889,20260713001500,https://wkzo.com/2026/07/12/europe-recorded-10000-excess-deaths-during-late-june-heatwave-data-show/
1313290337,20260713,202607,2026,2026.5288,IDN,INDONESIA,IDN,,,,,,,,,,,,,,,,,,0,070,070,07,2,7.0,5,1,5,2.97823596792669,4,"Jakarta, Jakarta Raya, Indonesia",ID,ID04,18585,-6.17444,106.829,-2679652,0,,,,,,,,4,"Jakarta, Jakarta Raya, Indonesia",ID,ID04,18585,-6.17444,106.829,-2679652,20260713001500,https://leaderpost.com/press-releases/business-wire/takeda-and-the-indonesian-government-announce-landmark-collaboration-to-strengthen-healthcare-resilience-and-expand-access-to-lifesaving-plasma-derived-medicinal-products/
1313290338,20260713,202607,2026,2026.5288,IDN,INDONESIA,IDN,,,,,,,,,,,,,,,,,,0,070,070,07,2,7.0,5,1,5,2.97823596792669,1,United States,US,US,,39.828175,-98.5795,US,0,,,,,,,,1,United States,US,US,,39.828175,-98.5795,US,20260713001500,https://leaderpost.com/press-releases/business-wire/takeda-and-the-indonesian-government-announce-landmark-collaboration-to-strengthen-healthcare-resilience-and-expand-access-to-lifesaving-plasma-derived-medicinal-products/
1313290339,20260713,202607,2026,2026.5288,IDN,INDONESIA,IDN,,,,,,,,,,,,,,,,,,0,110,110,11,3,-2.0,5,1,5,2.97823596792669,1,United States,US,US,,39.828175,-98.5795,US,0,,,,,,,,1,United States,US,US,,39.828175,-98.5795,US,20260713001500,https://leaderpost.com/press-releases/business-wire/takeda-and-the-indonesian-government-announce-landmark-collaboration-to-strengthen-healthcare-resilience-and-expand-access-to-lifesaving-plasma-derived-medicinal-products/
1313290340,20260713,202607,2026,2026.5288,IGOWSTNAT,NATO,WST,NAT,,,,IGO,,,LEG,SENATOR,,,,,,LEG,,,0,017,017,01,1,0.0,2,1,2,-1.01010101010101,4,"Kyiv, Kyyiv, Misto, Ukraine",UP,UP12,28554,50.4333,30.5167,-1044367,3,"Washington, District of Columbia, United States",US,USDC,DC001,38.8951,-77.0364,531871,1,Israel,IS,IS,,31.5,34.75,IS,20260713001500,https://navhindtimes.in/worldnews/us-senator-lindsey-graham-close-trump-ally-foreign-policy-hawk-dies-at-71/
1313290341,20260713,202607,2026,2026.5288,IGOWSTNAT,NATO,WST,NAT,,,,IGO,,,LEG,SENATOR,,,,,,LEG,,,0,017,017,01,1,0.0,6,1,6,-1.01010101010101,4,"Kyiv, Kyyiv, Misto, Ukraine",UP,UP12,28554,50.4333,30.5167,-1044367,1,Israel,IS,IS,,31.5,34.75,IS,1,Israel,IS,IS,,31.5,34.75,IS,20260713001500,https://navhindtimes.in/worldnews/us-senator-lindsey-graham-close-trump-ally-foreign-policy-hawk-dies-at-71/
1313290342,20260713,202607,2026,2026.5288,IGOWSTNAT,NATO,WST,NAT,,,,IGO,,,USALEG,UNITED STATES,USA,,,,,LEG,,,0,017,017,01,1,0.0,2,1,2,-1.01010101010101,3,"Washington, District of Columbia, United States",US,USDC,DC001,38.8951,-77.0364,531871,3,"Washington, District of Columbia, United States",US,USDC,DC001,38.8951,-77.0364,531871,3,"Washington, District of Columbia, United States",US,USDC,DC001,38.8951,-77.0364,531871,20260713001500,https://navhindtimes.in/worldnews/us-senator-lindsey-graham-close-trump-ally-foreign-policy-hawk-dies-at-71/
1313290343,20260713,202607,2026,2026.5288,IND,NEW DELHI,IND,,,,,,,,,,,,,,,,,,1,056,056,05,1,7.0,6,1,6,-6.64136622390892,4,"New Delhi, Delhi, India",IN,IN07,17911,28.6,77.2,-2106102,0,,,,,,,,4,"Ayodhya, Uttar Pradesh, India",IN,IN36,17913,26.8,82.2,-2089412,20260713001500,https://navhindtimes.in/national-news/cong-slams-modis-silence-over-ram-temple-donation-scam/
1313290344,20260713,202607,2026,2026.5288,IND,NEW DELHI,IND,,,,,,,,CYP,CYPRUS,CYP,,,,,,,,0,018,018,01,1,3.4,4,1,4,-6.11551528878822,4,"New Delhi, Delhi, India",IN,IN07,17911,28.6,77.2,-2106102,4,"New Delhi, Delhi, India",IN,IN07,17911,28.6,77.2,-2106102,4,"New Delhi, Delhi, India",IN,IN07,17911,28.6,77.2,-2106102,20260713001500,https://navhindtimes.in/worldnews/us-strikes-iran-over-ship-attack-in-strait-of-hormuz/
1313290345,20260713,202607,2026,2026.5288,IND,NEW DELHI,IND,,,,,,,,CYP,CYPRUS,CYP,,,,,,,,0,018,018,01,1,3.4,2,1,2,-6.11551528878822,4,"Tehran, Tehran, Iran",IR,IR26,41130,35.75,51.5148,10074674,4,"New Delhi, Delhi, India",IN,IN07,17911,28.6,77.2,-2106102,4,"New Delhi, Delhi, India",IN,IN07,17911,28.6,77.2,-2106102,20260713001500,https://navhindtimes.in/worldnews/us-strikes-iran-over-ship-attack-in-strait-of-hormuz/
1313290346,20260713,202607,2026,2026.5288,IND,NEW DELHI,IND,,,,,,,,GOV,PRIME MINISTER,,,,,,GOV,,,1,070,070,07,2,7.0,2,1,2,-6.64136622390892,4,"New Delhi, Delhi, India",IN,IN07,17911,28.6,77.2,-2106102,4,"New Delhi, Delhi, India",IN,IN07,17911,28.6,77.2,-2106102,4,"New Delhi, Delhi, India",IN,IN07,17911,28.6,77.2,-2106102,20260713001500,https://navhindtimes.in/national-news/cong-slams-modis-silence-over-ram-temple-donation-scam/
1313290347,20260713,202607,2026,2026.5288,IND,NEW DELHI,IND,,,,,,,,GOV,PRIME MINISTER,,,,,,GOV,,,1,070,070,07,2,7.0,2,1,2,-6.64136622390892,5,"Uttar Pradesh, Uttar Pradesh, India",IN,IN36,17938,27.25,80.75,-2113996,4,"New Delhi, Delhi, India",IN,IN07,17911,28.6,77.2,-2106102,4,"New Delhi, Delhi, India",IN,IN07,17911,28.6,77.2,-2106102,20260713001500,https://navhindtimes.in/national-news/cong-slams-modis-silence-over-ram-temple-donation-scam/
1313290348,20260713,202607,2026,2026.5288,IND,NEW DELHI,IND,,,,,,,,GOV,PRIME MINISTER,,,,,,GOV,,,1,070,070,07,2,7.0,2,1,2,-6.64136622390892,5,"Uttar Pradesh, Uttar Pradesh, India",IN,IN36,17938,27.25,80.75,-2113996,5,"Uttar Pradesh, Uttar Pradesh, India",IN,IN36,17938,27.25,80.75,-2113996,5,"Uttar Pradesh, Uttar Pradesh, India",IN,IN36,17938,27.25,80.75,-2113996,20260713001500,https://navhindtimes.in/national-news/cong-slams-modis-silence-over-ram-temple-donation-scam/
1313290349,20260713,202607,2026,2026.5288,IRN,IRAN,IRN,,,,,,,,,,,,,,,,,,0,040,040,04,1,1.0,10,1,10,-0.88967971530249,1,Iran,IR,IR,,32,53,IR,0,,,,,,,,1,Iran,IR,IR,,32,53,IR,20260713001500,https://790waeb.iheart.com/featured/bobby-gunther-walsh/content/gunther-guests-week-of-july-13th/
1313290350,20260713,202607,2026,2026.5288,IRN,IRAN,IRN,,,,,,,,,,,,,,,,,,1,1123,112,11,3,-2.0,10,1,10,-10.4712041884817,4,"Tehran, Tehran, Iran",IR,IR26,41130,35.75,51.5148,10074674,0,,,,,,,,4,"Tehran, Tehran, Iran",IR,IR26,41130,35.75,51.5148,10074674,20260713001500,https://www.middleeasteye.net/live-blog/live-blog-update/iran-accuses-us-breaching-ceasefire-deal-fresh-attacks
1313290351,20260713,202607,2026,2026.5288,IRN,IRAN,IRN,,,,,,,,,,,,,,,,,,1,128,128,12,3,-5.0,10,1,10,-10.4712041884817,4,"Tehran, Tehran, Iran",IR,IR26,41130,35.75,51.5148,10074674,0,,,,,,,,4,"Tehran, Tehran, Iran",IR,IR26,41130,35.75,51.5148,10074674,20260713001500,https://www.middleeasteye.net/live-blog/live-blog-update/iran-accuses-us-breaching-ceasefire-deal-fresh-attacks
1313290352,20260713,202607,2026,2026.5288,IRN,IRAN,IRN,,,,,,,,,,,,,,,,,,0,130,130,13,3,-4.4,4,1,4,-3.34987593052109,4,"Jask, Hormozgan, Iran",IR,IR11,40979,25.6439,57.7744,-3067830,0,,,,,,,,4,"Jask, Hormozgan, Iran",IR,IR11,40979,25.6439,57.7744,-3067830,20260713001500,https://www.freemalaysiatoday.com/category/highlight/2026/07/13/fresh-attacks-hit-iran-kuwait-as-tehran-and-us-square-off-over-hormuz
1313290353,20260713,202607,2026,2026.5288,IRN,IRAN,IRN,,,,,,,,,,,,,,,,,,0,130,130,13,3,-4.4,6,1,6,-3.34987593052109,4,"Tehran, Tehran, Iran",IR,IR26,41130,35.75,51.5148,10074674,0,,,,,,,,4,"Tehran, Tehran, Iran",IR,IR26,41130,35.75,51.5148,10074674,20260713001500,https://www.freemalaysiatoday.com/category/highlight/2026/07/13/fresh-attacks-hit-iran-kuwait-as-tehran-and-us-square-off-over-hormuz
1313290354,20260713,202607,2026,2026.5288,IRN,IRAN,IRN,,,,,,,,GOV,PRESIDENT,,,,,,GOV,,,0,013,013,01,1,0.4,2,1,2,-3.34987593052109,4,"Jask, Hormozgan, Iran",IR,IR11,40979,25.6439,57.7744,-3067830,4,"Jask, Hormozgan, Iran",IR,IR11,40979,25.6439,57.7744,-3067830,4,"Jask, Hormozgan, Iran",IR,IR11,40979,25.6439,57.7744,-3067830,20260713001500,https://www.freemalaysiatoday.com/category/highlight/2026/07/13/fresh-attacks-hit-iran-kuwait-as-tehran-and-us-square-off-over-hormuz
1313290355,20260713,202607,2026,2026.5288,IRN,IRANIAN,IRN,,,,,,,,IRNGOVMED,IRAN,IRN,,,,,GOV,MED,,1,010,010,01,1,0.0,4,2,4,-5.31241034741699,4,"Tehran, Tehran, Iran",IR,IR26,41130,35.75,51.5148,10074674,4,"Tehran, Tehran, Iran",IR,IR26,41130,35.75,51.5148,10074674,4,"Tehran, Tehran, Iran",IR,IR26,41130,35.75,51.5148,10074674,20260713001500,https://lancasteronline.com/news/world/the-us-launches-more-strikes-on-iran-as-the-standoff-over-the-strait-of-hormuz/article_e4c1b43b-3531-507f-93c7-cff22baadb6c.html
1313290356,20260713,202607,2026,2026.5288,IRN,IRANIAN,IRN,,,,,,,,IRNGOVMED,IRAN,IRN,,,,,GOV,MED,,1,015,015,01,1,0.0,4,2,4,-5.31241034741699,4,"Tehran, Tehran, Iran",IR,IR26,41130,35.75,51.5148,10074674,4,"Tehran, Tehran, Iran",IR,IR26,41130,35.75,51.5148,10074674,4,"Tehran, Tehran, Iran",IR,IR26,41130,35.75,51.5148,10074674,20260713001500,https://lancasteronline.com/news/world/the-us-launches-more-strikes-on-iran-as-the-standoff-over-the-strait-of-hormuz/article_e4c1b43b-3531-507f-93c7-cff22baadb6c.html
1313290357,20260713,202607,2026,2026.5288,IRN,IRAN,IRN,,,,,,,,KWT,KUWAIT,KWT,,,,,,,,1,190,190,19,4,-10.0,3,1,3,-3.34987593052109,4,"Tehran, Tehran, Iran",IR,IR26,41130,35.75,51.5148,10074674,1,Kuwait,KU,KU,,29.5,47.75,KU,4,"Tehran, Tehran, Iran",IR,IR26,41130,35.75,51.5148,10074674,20260713001500,https://www.freemalaysiatoday.com/category/highlight/2026/07/13/fresh-attacks-hit-iran-kuwait-as-tehran-and-us-square-off-over-hormuz
1313290358,20260713,202607,2026,2026.5288,IRN,IRANIAN,IRN,,,,,,,,MED,TELEVISION,,,,,,MED,,,0,010,010,01,1,0.0,6,1,6,1.00840336134454,4,"Kharg Island, Bushehr, Iran",IR,IR22,40962,29.2458,50.3158,-3070760,4,"Kharg Island, Bushehr, Iran",IR,IR22,40962,29.2458,50.3158,-3070760,4,"Kharg Island, Bushehr, Iran",IR,IR22,40962,29.2458,50.3158,-3070760,20260713001500,https://www.yakimaherald.com/news/nation_and_world/nation/lindsey-graham-remembered-for-a-vision-of-american-foreign-policy-that-s-fading-in-washington/article_c695ff8a-89b3-5b89-81d4-b357930e810d.html
1313290359,20260713,202607,2026,2026.5288,IRN,IRANIAN,IRN,,,,,,,,MED,TELEVISION,,,,,,MED,,,0,043,043,04,1,2.8,6,1,6,1.00840336134454,4,"Kharg Island, Bushehr, Iran",IR,IR22,40962,29.2458,50.3158,-3070760,4,"Kharg Island, Bushehr, Iran",IR,IR22,40962,29.2458,50.3158,-3070760,4,"Kharg Island, Bushehr, Iran",IR,IR22,40962,29.2458,50.3158,-3070760,20260713001500,https://www.yakimaherald.com/news/nation_and_world/nation/lindsey-graham-remembered-for-a-vision-of-american-foreign-policy-that-s-fading-in-washington/article_c695ff8a-89b3-5b89-81d4-b357930e810d.html
1313290360,20260713,202607,2026,2026.5288,IRN,IRANIAN,IRN,,,,,,,,MIL,NAVY,,,,,,MIL,,,0,190,190,19,4,-10.0,10,1,10,-6.11551528878822,4,"Tehran, Tehran, Iran",IR,IR26,41130,35.75,51.5148,10074674,4,"Tehran, Tehran, Iran",IR,IR26,41130,35.75,51.5148,10074674,4,"Tehran, Tehran, Iran",IR,IR26,41130,35.75,51.5148,10074674,20260713001500,https://navhindtimes.in/worldnews/us-strikes-iran-over-ship-attack-in-strait-of-hormuz/
1313290361,20260713,202607,2026,2026.5288,IRN,IRAN,IRN,,,,,,,,PAK,PAKISTAN,PAK,,,,,,,,0,041,041,04,1,1.0,2,1,2,-5.27803958529689,1,Pakistan,PK,PK,,30,70,PK,1,Pakistan,PK,PK,,30,70,PK,1,Pakistan,PK,PK,,30,70,PK,20260713001500,https://www.journalgazette.net/news/world/us-strikes-iran-again-as-it-tries-to-limit-attacks-on-ships-on-the-strait/article_33dbb930-216e-5d14-9cf1-8e1baa72ee1e.html
1313290362,20260713,202607,2026,2026.5288,IRN,IRANIAN,IRN,,,,,,,,USA,UNITED STATES,USA,,,,,,,,0,010,010,01,1,0.0,2,1,2,1.00840336134454,4,"Kharg Island, Bushehr, Iran",IR,IR22,40962,29.2458,50.3158,-3070760,3,"Washington, District of Columbia, United States",US,USDC,DC001,38.8951,-77.0364,531871,3,"Washington, District of Columbia, United States",US,USDC,DC001,38.8951,-77.0364,531871,20260713001500,https://www.yakimaherald.com/news/nation_and_world/nation/lindsey-graham-remembered-for-a-vision-of-american-foreign-policy-that-s-fading-in-washington/article_c695ff8a-89b3-5b89-81d4-b357930e810d.html
1313290363,20260713,202607,2026,2026.5288,IRN,IRANIAN,IRN,,,,,,,,USA,UNITED STATES,USA,,,,,,,,0,043,043,04,1,2.8,2,1,2,1.00840336134454,4,"Kharg Island, Bushehr, Iran",IR,IR22,40962,29.2458,50.3158,-3070760,3,"Washington, District of Columbia, United States",US,USDC,DC001,38.8951,-77.0364,531871,4,"Kharg Island, Bushehr, Iran",IR,IR22,40962,29.2458,50.3158,-3070760,20260713001500,https://www.yakimaherald.com/news/nation_and_world/nation/lindsey-graham-remembered-for-a-vision-of-american-foreign-policy-that-s-fading-in-washington/article_c695ff8a-89b3-5b89-81d4-b357930e810d.html
1313290364,20260713,202607,2026,2026.5288,IRN,IRAN,IRN,,,,,,,,USA,WASHINGTON,USA,,,,,,,,1,110,110,11,3,-2.0,8,1,8,-3.34987593052109,4,"Islamabad, Islamabad, Pakistan",PK,PK08,23674,33.7,73.1667,-2762812,4,"Islamabad, Islamabad, Pakistan",PK,PK08,23674,33.7,73.1667,-2762812,4,"Islamabad, Islamabad, Pakistan",PK,PK08,23674,33.7,73.1667,-2762812,20260713001500,https://www.freemalaysiatoday.com/category/highlight/2026/07/13/fresh-attacks-hit-iran-kuwait-as-tehran-and-us-square-off-over-hormuz
1313290365,20260713,202607,2026,2026.5288,IRNGOV,IRAN,IRN,,,,,GOV,,,IRN,IRAN,IRN,,,,,,,,0,010,010,01,1,0.0,2,1,2,-3.34987593052109,4,"Jask, Hormozgan, Iran",IR,IR11,40979,25.6439,57.7744,-3067830,4,"Jask, Hormozgan, Iran",IR,IR11,40979,25.6439,57.7744,-3067830,4,"Jask, Hormozgan, Iran",IR,IR11,40979,25.6439,57.7744,-3067830,20260713001500,https://www.freemalaysiatoday.com/category/highlight/2026/07/13/fresh-attacks-hit-iran-kuwait-as-tehran-and-us-square-off-over-hormuz
1313290366,20260713,202607,2026,2026.5288,IRNGOV,IRANIAN,IRN,,,,,GOV,,,OMN,OMAN,OMN,,,,,,,,0,040,040,04,1,1.0,3,1,3,-3.04127443881245,4,"Bandar Abbas, Hormozgan, Iran",IR,IR11,40896,27.1865,56.2808,-3055107,4,"Musandam, Musandam, Oman",MU,MU07,28574,26,56.25,-788579,4,"Bandar Abbas, Hormozgan, Iran",IR,IR11,40896,27.1865,56.2808,-3055107,20260713001500,http://www.malaysiasun.com/news/279183164/regional-tensions-escalate-as-iran-targets-gulf-nations-oic-and-neighbors-condemn-flagrant-attacks
1313290367,20260713,202607,2026,2026.5288,IRNGOVMED,IRANIAN,IRN,,,,,GOV,MED,,,,,,,,,,,,1,010,010,01,1,0.0,6,2,6,-5.31241034741699,4,"Tehran, Tehran, Iran",IR,IR26,41130,35.75,51.5148,10074674,0,,,,,,,,4,"Tehran, Tehran, Iran",IR,IR26,41130,35.75,51.5148,10074674,20260713001500,https://lancasteronline.com/news/world/the-us-launches-more-strikes-on-iran-as-the-standoff-over-the-strait-of-hormuz/article_e4c1b43b-3531-507f-93c7-cff22baadb6c.html
1313290368,20260713,202607,2026,2026.5288,IRNGOVMED,IRANIAN,IRN,,,,,GOV,MED,,,,,,,,,,,,1,015,015,01,1,0.0,12,2,12,-5.31241034741699,4,"Tehran, Tehran, Iran",IR,IR26,41130,35.75,51.5148,10074674,0,,,,,,,,4,"Tehran, Tehran, Iran",IR,IR26,41130,35.75,51.5148,10074674,20260713001500,https://lancasteronline.com/news/world/the-us-launches-more-strikes-on-iran-as-the-standoff-over-the-strait-of-hormuz/article_e4c1b43b-3531-507f-93c7-cff22baadb6c.html
1313290369,20260713,202607,2026,2026.5288,ISR,ISRAEL,ISR,,,,,,,,CVL,VOTER,,,,,,CVL,,,1,110,110,11,3,-2.0,4,1,4,-1.3531799729364,4,"Yesha, HaDarom, Israel",IS,IS01,18315,31.2473,34.4028,-781749,4,"Yesha, HaDarom, Israel",IS,IS01,18315,31.2473,34.4028,-781749,4,"Yesha, HaDarom, Israel",IS,IS01,18315,31.2473,34.4028,-781749,20260713001500,https://www.freemalaysiatoday.com/category/world/2026/07/13/the-main-candidates-facing-netanyahu-in-israels-elections
1313290370,20260713,202607,2026,2026.5288,ISR,ISRAELI,ISR,,,,,,,,IRN,IRAN,IRN,,,,,,,,1,190,190,19,4,-10.0,2,1,2,-3.34987593052109,4,"Islamabad, Islamabad, Pakistan",PK,PK08,23674,33.7,73.1667,-2762812,4,"Islamabad, Islamabad, Pakistan",PK,PK08,23674,33.7,73.1667,-2762812,4,"Islamabad, Islamabad, Pakistan",PK,PK08,23674,33.7,73.1667,-2762812,20260713001500,https://www.freemalaysiatoday.com/category/highlight/2026/07/13/fresh-attacks-hit-iran-kuwait-as-tehran-and-us-square-off-over-hormuz
1313290371,20260713,202607,2026,2026.5288,ISR,ISRAELI,ISR,,,,,,,,IRN,IRAN,IRN,,,,,,,,1,190,190,19,4,-10.0,3,1,3,-3.34987593052109,4,"Tehran, Tehran, Iran",IR,IR26,41130,35.75,51.5148,10074674,4,"Tehran, Tehran, Iran",IR,IR26,41130,35.75,51.5148,10074674,4,"Tehran, Tehran, Iran",IR,IR26,41130,35.75,51.5148,10074674,20260713001500,https://www.freemalaysiatoday.com/category/highlight/2026/07/13/fresh-attacks-hit-iran-kuwait-as-tehran-and-us-square-off-over-hormuz
1313290372,20260713,202607,2026,2026.5288,ISR,ISRAEL,ISR,,,,,,,,MIL,MILITARY,,,,,,MIL,,,0,020,020,02,1,3.0,8,1,8,-1.3531799729364,4,"Yesha, HaDarom, Israel",IS,IS01,18315,31.2473,34.4028,-781749,4,"Yesha, HaDarom, Israel",IS,IS01,18315,31.2473,34.4028,-781749,4,"Yesha, HaDarom, Israel",IS,IS01,18315,31.2473,34.4028,-781749,20260713001500,https://www.freemalaysiatoday.com/category/world/2026/07/13/the-main-candidates-facing-netanyahu-in-israels-elections
1313290373,20260713,202607,2026,2026.5288,ISR,ISRAEL,ISR,,,,,,,,MIL,MILITARY,,,,,,MIL,,,0,020,020,02,1,3.0,2,1,2,-1.3531799729364,1,Russia,RS,RS,,60,100,RS,1,Russia,RS,RS,,60,100,RS,1,Russia,RS,RS,,60,100,RS,20260713001500,https://www.freemalaysiatoday.com/category/world/2026/07/13/the-main-candidates-facing-netanyahu-in-israels-elections
1313290374,20260713,202607,2026,2026.5288,ISR,ISRAELI,ISR,,,,,,,,PSE,PALESTINIAN,PSE,,,,,,,,1,190,190,19,4,-10.0,18,2,18,-11.506336493909,4,"Gaza, Israel (general), Israel",IS,IS00,18315,31.4167,34.3333,-797156,4,"Gaza, Israel (general), Israel",IS,IS00,18315,31.4167,34.3333,-797156,4,"Gaza, Israel (general), Israel",IS,IS00,18315,31.4167,34.3333,-797156,20260713001500,https://www.middleeasteye.net/live-blog/live-blog-update/israeli-attack-wounds-four-palestinians-central-gaza
1313290375,20260713,202607,2026,2026.5288,ISR,ISRAEL,ISR,,,,,,,,PSEREB,HAMAS,PSE,,,,,REB,,,1,042,042,04,1,1.9,6,1,6,-1.3531799729364,4,"Yesha, HaDarom, Israel",IS,IS01,18315,31.2473,34.4028,-781749,4,"Yesha, HaDarom, Israel",IS,IS01,18315,31.2473,34.4028,-781749,4,"Yesha, HaDarom, Israel",IS,IS01,18315,31.2473,34.4028,-781749,20260713001500,https://www.freemalaysiatoday.com/category/world/2026/07/13/the-main-candidates-facing-netanyahu-in-israels-elections
1313290376,20260713,202607,2026,2026.5288,ISR,ISRAELI,ISR,,,,,,,,UAF,TERRORIST,,,,,,UAF,,,1,015,015,01,1,0.0,2,1,2,-8.73239436619718,4,"Shifa, Ha?afon, Israel",IS,IS03,18314,32.45,35.5333,-781443,4,"Shifa, Ha?afon, Israel",IS,IS03,18314,32.45,35.5333,-781443,4,"Shifa, Ha?afon, Israel",IS,IS03,18314,32.45,35.5333,-781443,20260713001500,https://www.gjsentinel.com/news/world/israeli-fire-in-gaza-kills-5-people-including-a-little-girl-health-officials-say/article_aa9b5fd0-8f8d-5b84-a541-b6f2aae497a1.html
1313290377,20260713,202607,2026,2026.5288,ISR,ISRAEL,ISR,,,,,,,,UKR,UKRAINE,UKR,,,,,,,,1,042,042,04,1,1.9,2,1,2,-4.82758620689655,1,Israel,IS,IS,,31.5,34.75,IS,1,Ukraine,UP,UP,,49,32,UP,1,Ukraine,UP,UP,,49,32,UP,20260713001500,https://www.radioseoul1650.com/archives/146872
1313290378,20260713,202607,2026,2026.5288,ISR,ISRAEL,ISR,,,,,,,,USAMIL,THE US,USA,,,,,MIL,,,1,051,051,05,1,3.4,1,1,1,0.427350427350429,1,Israel,IS,IS,,31.5,34.75,IS,2,"South Carolina, United States",US,USSC,,33.8191,-80.9066,SC,2,"South Carolina, United States",US,USSC,,33.8191,-80.9066,SC,20260713001500,https://nypost.com/2026/07/12/opinion/heres-how-to-honor-sen-lindsey-grahams-unmatched-patriotic-legacy/
1313290379,20260713,202607,2026,2026.5288,ISR,ISRAEL,ISR,,,,,,,,USAMIL,THE US,USA,,,,,MIL,,,1,080,080,08,2,5.0,1,1,1,0.427350427350429,2,"South Carolina, United States",US,USSC,,33.8191,-80.9066,SC,2,"South Carolina, United States",US,USSC,,33.8191,-80.9066,SC,2,"South Carolina, United States",US,USSC,,33.8191,-80.9066,SC,20260713001500,https://nypost.com/2026/07/12/opinion/heres-how-to-honor-sen-lindsey-grahams-unmatched-patriotic-legacy/
1313290380,20260713,202607,2026,2026.5288,ISRMIL,ISRAELI,ISR,,,,,MIL,,,,,,,,,,,,,1,015,015,01,1,0.0,3,1,3,-8.73239436619718,4,"Shifa, Ha?afon, Israel",IS,IS03,18314,32.45,35.5333,-781443,0,,,,,,,,4,"Shifa, Ha?afon, Israel",IS,IS03,18314,32.45,35.5333,-781443,20260713001500,https://www.gjsentinel.com/news/world/israeli-fire-in-gaza-kills-5-people-including-a-little-girl-health-officials-say/article_aa9b5fd0-8f8d-5b84-a541-b6f2aae497a1.html
1313290381,20260713,202607,2026,2026.5288,ISRMIL,ISRAELI,ISR,,,,,MIL,,,ISR,ISRAELI,ISR,,,,,,,,1,015,015,01,1,0.0,3,1,3,-8.73239436619718,4,"Shifa, Ha?afon, Israel",IS,IS03,18314,32.45,35.5333,-781443,4,"Shifa, Ha?afon, Israel",IS,IS03,18314,32.45,35.5333,-781443,4,"Shifa, Ha?afon, Israel",IS,IS03,18314,32.45,35.5333,-781443,20260713001500,https://www.gjsentinel.com/news/world/israeli-fire-in-gaza-kills-5-people-including-a-little-girl-health-officials-say/article_aa9b5fd0-8f8d-5b84-a541-b6f2aae497a1.html
1313290382,20260713,202607,2026,2026.5288,JOR,JORDAN,JOR,,,,,,,,IRN,IRANIAN,IRN,,,,,,,,0,010,010,01,1,0.0,7,1,7,-3.04127443881245,1,Jordan,JO,JO,,31,36,JO,4,"Tehran, Tehran, Iran",IR,IR26,41130,35.75,51.5148,10074674,1,Jordan,JO,JO,,31,36,JO,20260713001500,http://www.malaysiasun.com/news/279183164/regional-tensions-escalate-as-iran-targets-gulf-nations-oic-and-neighbors-condemn-flagrant-attacks
1313290383,20260713,202607,2026,2026.5288,JOR,JORDAN,JOR,,,,,,,,IRN,IRANIAN,IRN,,,,,,,,0,010,010,01,1,0.0,1,1,1,-3.04127443881245,1,Jordan,JO,JO,,31,36,JO,1,Jordan,JO,JO,,31,36,JO,1,Jordan,JO,JO,,31,36,JO,20260713001500,http://www.malaysiasun.com/news/279183164/regional-tensions-escalate-as-iran-targets-gulf-nations-oic-and-neighbors-condemn-flagrant-attacks
1313290384,20260713,202607,2026,2026.5288,JPN,JAPAN,JPN,,,,,,,,,,,,,,,,,,0,010,010,01,1,0.0,5,1,5,1.00840336134454,4,"Iwo Jima, Japan (general), Japan",JA,JA00,34760,30.8,130.3,-230589,0,,,,,,,,4,"Kharg Island, Bushehr, Iran",IR,IR22,40962,29.2458,50.3158,-3070760,20260713001500,https://www.yakimaherald.com/news/nation_and_world/nation/lindsey-graham-remembered-for-a-vision-of-american-foreign-policy-that-s-fading-in-washington/article_c695ff8a-89b3-5b89-81d4-b357930e810d.html
1313290385,20260713,202607,2026,2026.5288,JPN,JAPAN,JPN,,,,,,,,,,,,,,,,,,0,010,010,01,1,0.0,1,1,1,1.00840336134454,4,"Kharg Island, Bushehr, Iran",IR,IR22,40962,29.2458,50.3158,-3070760,0,,,,,,,,2,"South Carolina, United States",US,USSC,,33.8191,-80.9066,SC,20260713001500,https://www.yakimaherald.com/news/nation_and_world/nation/lindsey-graham-remembered-for-a-vision-of-american-foreign-policy-that-s-fading-in-washington/article_c695ff8a-89b3-5b89-81d4-b357930e810d.html
1313290386,20260713,202607,2026,2026.5288,JPN,JAPAN,JPN,,,,,,,,BUS,BUSINESS,,,,,,BUS,,,1,042,042,04,1,1.9,3,1,3,1.16279069767442,4,"Tokyo, Tokyo, Japan",JA,JA40,36340,35.685,139.751,-246227,4,"Tokyo, Tokyo, Japan",JA,JA40,36340,35.685,139.751,-246227,4,"Tokyo, Tokyo, Japan",JA,JA40,36340,35.685,139.751,-246227,20260713001500,https://www.dailypolitical.com/2026/07/12/rakuten-inc-otcmktsrkuny-short-interest-down-96-4-in-june.html
1313290387,20260713,202607,2026,2026.5288,JUD,JUDGE,,,,,,JUD,,,,,,,,,,,,,1,051,051,05,1,3.4,10,1,10,-5.22765598650927,2,"Kansas, United States",US,USKS,,38.5111,-96.8005,KS,0,,,,,,,,2,"Kansas, United States",US,USKS,,38.5111,-96.8005,KS,20260713001500,https://www.gjsentinel.com/news/us/keystone-pipeline-systems-operator-agrees-to-pay-a-26-9m-penalty-over-a-major-kansas/article_0c486dbd-0d82-5be6-9c94-0d9ec52fd4f1.html
1313290388,20260713,202607,2026,2026.5288,JUD,ATTORNEY,,,,,,JUD,,,,,,,,,,,,,0,060,060,06,2,6.0,2,1,2,-8.69565217391306,3,"Grimes County, Texas, United States",US,USTX,TX185,30.5335,-95.9669,1383878,0,,,,,,,,3,"Grimes County, Texas, United States",US,USTX,,30.5335,-95.9669,1383878,20260713001500,https://www.click2houston.com/news/local/2026/07/12/altercation-between-two-men-leads-to-fatal-shooting-in-grimes-county/
1313290389,20260713,202607,2026,2026.5288,JUD,JUDGE,,,,,,JUD,,,,,,,,,,,,,1,100,100,10,3,-5.0,20,2,20,-5.11382799325464,2,"Kansas, United States",US,USKS,,38.5111,-96.8005,KS,0,,,,,,,,2,"Kansas, United States",US,USKS,,38.5111,-96.8005,KS,20260713001500,https://www.gjsentinel.com/news/us/keystone-pipeline-systems-operator-agrees-to-pay-a-26-9m-penalty-over-a-major-kansas/article_0c486dbd-0d82-5be6-9c94-0d9ec52fd4f1.html
1313290390,20260713,202607,2026,2026.5288,JUD,JUDGE,,,,,,JUD,,,,,,,,,,,,,1,180,180,18,4,-9.0,1,1,1,-6.10687022900764,2,"Texas, United States",US,USTX,,31.106,-97.6475,TX,0,,,,,,,,3,"Lavaca County, Texas, United States",US,USTX,,29.3836,-96.9503,1383928,20260713001500,https://www.ksat.com/news/local/2026/07/12/lavaca-county-justice-of-the-peace-arrested-on-felony-sexual-assault-charges-sheriffs-office-says/
1313290391,20260713,202607,2026,2026.5288,JUD,JUSTICE OF THE PEACE,,,,,,JUD,,,,,,,,,,,,,1,180,180,18,4,-9.0,2,1,2,-6.10687022900764,2,"Texas, United States",US,USTX,,31.106,-97.6475,TX,0,,,,,,,,2,"Texas, United States",US,USTX,,31.106,-97.6475,TX,20260713001500,https://www.ksat.com/news/local/2026/07/12/lavaca-county-justice-of-the-peace-arrested-on-felony-sexual-assault-charges-sheriffs-office-says/
1313290392,20260713,202607,2026,2026.5288,JUD,SUPREME COURT,,,,,,JUD,,,,,,,,,,,,,0,190,190,19,4,-10.0,10,1,10,0.478053020425899,1,Sri Lanka,CE,CE,,7,81,CE,0,,,,,,,,1,Sri Lanka,CE,CE,,7,81,CE,20260713001500,https://island.lk/deepening-democracy-constitutions-and-constitutionalism/
1313290393,20260713,202607,2026,2026.5288,JUD,TRIBUNAL,,,,,,JUD,,,CHN,CHINA,CHN,,,,,,,,1,100,100,10,3,-5.0,3,1,3,-5.53129548762737,3,"Washington, District of Columbia, United States",US,USDC,DC001,38.8951,-77.0364,531871,3,"Washington, District of Columbia, United States",US,USDC,DC001,38.8951,-77.0364,531871,4,"Beijing, Beijing, China",CH,CH22,13001,39.9289,116.388,-1898541,20260713001500,https://navhindtimes.in/worldnews/14-nations-eu-reaffirm-2016-ruling-invalidating-chinas-claims/
1313290394,20260713,202607,2026,2026.5288,JUD,TRIBUNAL,,,,,,JUD,,,CHN,CHINA,CHN,,,,,,,,1,100,100,10,3,-5.0,2,1,2,-5.53129548762737,1,Taiwan,TW,TW,,24,121,TW,4,"Beijing, Beijing, China",CH,CH22,13001,39.9289,116.388,-1898541,1,Taiwan,TW,TW,,24,121,TW,20260713001500,https://navhindtimes.in/worldnews/14-nations-eu-reaffirm-2016-ruling-invalidating-chinas-claims/
1313290395,20260713,202607,2026,2026.5288,JUD,JUSTICE OF THE PEACE,,,,,,JUD,,,CRMJUD,CRIMINAL,,,,,,CRM,JUD,,1,112,112,11,3,-2.0,4,1,4,-6.10687022900764,3,"Lavaca County, Texas, United States",US,USTX,TX285,29.3836,-96.9503,1383928,3,"Lavaca County, Texas, United States",US,USTX,,29.3836,-96.9503,1383928,3,"Lavaca County, Texas, United States",US,USTX,,29.3836,-96.9503,1383928,20260713001500,https://www.ksat.com/news/local/2026/07/12/lavaca-county-justice-of-the-peace-arrested-on-felony-sexual-assault-charges-sheriffs-office-says/
1313290396,20260713,202607,2026,2026.5288,JUD,SUPREME COURT,,,,,,JUD,,,GOV,ADMINISTRATION,,,,,,GOV,,,1,043,043,04,1,2.8,6,1,6,-6.74157303370787,3,"Phoenix, Arizona, United States",US,USAZ,AZ013,33.4484,-112.074,44784,3,"Phoenix, Arizona, United States",US,USAZ,AZ013,33.4484,-112.074,44784,3,"Phoenix, Arizona, United States",US,USAZ,AZ013,33.4484,-112.074,44784,20260713001500,https://hayspost.com/posts/a8aaee09-04bb-4aee-8f6a-64b116e2bdd6
1313290397,20260713,202607,2026,2026.5288,JUD,SUPREME COURT,,,,,,JUD,,,GOV,ADMINISTRATION,,,,,,GOV,,,1,043,043,04,1,2.8,4,1,4,-6.74157303370787,2,"California, United States",US,USCA,,36.17,-119.746,CA,3,"Phoenix, Arizona, United States",US,USAZ,AZ013,33.4484,-112.074,44784,3,"Phoenix, Arizona, United States",US,USAZ,AZ013,33.4484,-112.074,44784,20260713001500,https://hayspost.com/posts/a8aaee09-04bb-4aee-8f6a-64b116e2bdd6
1313290398,20260713,202607,2026,2026.5288,JUD,JUSTICE OF THE PEACE,,,,,,JUD,,,USA,UNITED STATES,USA,,,,,,,,1,112,112,11,3,-2.0,1,1,1,-6.10687022900764,3,"Lavaca County, Texas, United States",US,USTX,TX285,29.3836,-96.9503,1383928,3,"Lavaca County, Texas, United States",US,USTX,,29.3836,-96.9503,1383928,3,"Lavaca County, Texas, United States",US,USTX,,29.3836,-96.9503,1383928,20260713001500,https://www.ksat.com/news/local/2026/07/12/lavaca-county-justice-of-the-peace-arrested-on-felony-sexual-assault-charges-sheriffs-office-says/
1313290399,20260713,202607,2026,2026.5288,KHM,CAMBODIA,KHM,,,,,,,,,,,,,,,,,,0,036,036,03,1,4.0,10,1,10,-1.33333333333334,4,"Battambang, Batdââ, Cambodia",CB,CB29,12280,13.1027,103.198,-1023114,0,,,,,,,,4,"Battambang, Batdââ, Cambodia",CB,CB29,12280,13.1027,103.198,-1023114,20260713001500,https://www.realestate.com.au/news/angelina-jolies-us-exit-plans-delayed-by-home-sale-struggle/
1313290400,20260713,202607,2026,2026.5288,KHM,CAMBODIA,KHM,,,,,,,,USA,UNITED STATES,USA,,,,,,,,0,030,030,03,1,4.0,1,1,1,-1.33333333333334,4,"Battambang, Batdââ, Cambodia",CB,CB29,12280,13.1027,103.198,-1023114,3,"Hollywood, California, United States",US,USCA,CA037,34.0983,-118.327,1660757,3,"Hollywood, California, United States",US,USCA,CA037,34.0983,-118.327,1660757,20260713001500,https://www.realestate.com.au/news/angelina-jolies-us-exit-plans-delayed-by-home-sale-struggle/
1313290401,20260713,202607,2026,2026.5288,KOR,SOUTH KOREA,KOR,,,,,,,,,,,,,,,,,,0,010,010,01,1,0.0,4,1,4,0.478053020425899,1,South Korea,KS,KS,,37,127.5,KS,0,,,,,,,,1,South Korea,KS,KS,,37,127.5,KS,20260713001500,https://island.lk/deepening-democracy-constitutions-and-constitutionalism/
1313290402,20260713,202607,2026,2026.5288,KORJUD,SOUTH KOREA,KOR,,,,,JUD,,,,,,,,,,,,,0,051,051,05,1,3.4,10,1,10,0.478053020425899,1,South Korea,KS,KS,,37,127.5,KS,0,,,,,,,,1,South Korea,KS,KS,,37,127.5,KS,20260713001500,https://island.lk/deepening-democracy-constitutions-and-constitutionalism/
1313290403,20260713,202607,2026,2026.5288,KORJUD,SOUTH KOREA,KOR,,,,,JUD,,,GOV,PRESIDENT,,,,,,GOV,,,0,010,010,01,1,0.0,8,1,8,0.478053020425899,1,South Korea,KS,KS,,37,127.5,KS,1,South Korea,KS,KS,,37,127.5,KS,1,South Korea,KS,KS,,37,127.5,KS,20260713001500,https://island.lk/deepening-democracy-constitutions-and-constitutionalism/
1313290404,20260713,202607,2026,2026.5288,KORJUD,SOUTH KOREA,KOR,,,,,JUD,,,KORGOV,SOUTH KOREA,KOR,,,,,GOV,,,0,010,010,01,1,0.0,2,1,2,0.478053020425899,1,South Korea,KS,KS,,37,127.5,KS,1,South Korea,KS,KS,,37,127.5,KS,1,South Korea,KS,KS,,37,127.5,KS,20260713001500,https://island.lk/deepening-democracy-constitutions-and-constitutionalism/
1313290405,20260713,202607,2026,2026.5288,KWT,KUWAIT,KWT,,,,,,,,GOV,KINGDOM,,,,,,GOV,,,0,190,190,19,4,-10.0,2,1,2,-3.34987593052109,1,Kuwait,KU,KU,,29.5,47.75,KU,4,"Tehran, Tehran, Iran",IR,IR26,41130,35.75,51.5148,10074674,4,"Tehran, Tehran, Iran",IR,IR26,41130,35.75,51.5148,10074674,20260713001500,https://www.freemalaysiatoday.com/category/highlight/2026/07/13/fresh-attacks-hit-iran-kuwait-as-tehran-and-us-square-off-over-hormuz
1313290406,20260713,202607,2026,2026.5288,KWT,KUWAIT,KWT,,,,,,,,USA,UNITED STATES,USA,,,,,,,,1,110,110,11,3,-2.0,2,1,2,-3.34987593052109,4,"Tehran, Tehran, Iran",IR,IR26,41130,35.75,51.5148,10074674,4,"Tehran, Tehran, Iran",IR,IR26,41130,35.75,51.5148,10074674,3,"Washington, District of Columbia, United States",US,USDC,DC001,38.8951,-77.0364,531871,20260713001500,https://www.freemalaysiatoday.com/category/highlight/2026/07/13/fresh-attacks-hit-iran-kuwait-as-tehran-and-us-square-off-over-hormuz
1313290407,20260713,202607,2026,2026.5288,KWT,KUWAIT,KWT,,,,,,,,USA,WASHINGTON,USA,,,,,,,,1,110,110,11,3,-2.0,6,1,6,-3.34987593052109,1,Kuwait,KU,KU,,29.5,47.75,KU,3,"Washington, District of Columbia, United States",US,USDC,DC001,38.8951,-77.0364,531871,3,"Washington, District of Columbia, United States",US,USDC,DC001,38.8951,-77.0364,531871,20260713001500,https://www.freemalaysiatoday.com/category/highlight/2026/07/13/fresh-attacks-hit-iran-kuwait-as-tehran-and-us-square-off-over-hormuz
1313290408,20260713,202607,2026,2026.5288,LEG,LAWMAKER,,,,,,LEG,,,,,,,,,,,,,1,010,010,01,1,0.0,4,1,4,-2.29357798165138,3,"Washington, District of Columbia, United States",US,USDC,DC001,38.8951,-77.0364,531871,0,,,,,,,,3,"Washington, District of Columbia, United States",US,USDC,DC001,38.8951,-77.0364,531871,20260713001500,https://www.israelnationalnews.com/news/430050
1313290409,20260713,202607,2026,2026.5288,LEG,LAWMAKER,,,,,,LEG,,,,,,,,,,,,,1,010,010,01,1,0.0,11,2,11,-1.89833827767866,2,"Kentucky, United States",US,USKY,,37.669,-84.6514,KY,0,,,,,,,,2,"Kentucky, United States",US,USKY,,37.669,-84.6514,KY,20260713001500,https://www.israelnationalnews.com/news/430050
1313290410,20260713,202607,2026,2026.5288,LEG,LAWMAKER,,,,,,LEG,,,,,,,,,,,,,0,010,010,01,1,0.0,6,1,6,-2.79001468428781,2,"South Carolina, United States",US,USSC,,33.8191,-80.9066,SC,0,,,,,,,,2,"South Carolina, United States",US,USSC,,33.8191,-80.9066,SC,20260713001500,https://wpde.com/newsletter-daily/connect-to-the-capitol-childs-death-raises-questions-about-state-resources
1313290411,20260713,202607,2026,2026.5288,LEG,SENATOR,,,,,,LEG,,,,,,,,,,,,,0,011,011,01,1,-0.1,5,1,5,-1.42405063291139,2,"Kentucky, United States",US,USKY,,37.669,-84.6514,KY,0,,,,,,,,2,"Kentucky, United States",US,USKY,,37.669,-84.6514,KY,20260713001500,https://www.aol.com/articles/mitch-mcconnell-gives-major-health-213601000.html
1313290412,20260713,202607,2026,2026.5288,LEG,HOUSE OF COMMONS,,,,,,LEG,,,,,,,,,,,,,1,040,040,04,1,1.0,10,1,10,-1.2987012987013,0,,,,,,,,0,,,,,,,,0,,,,,,,,20260713001500,https://www.tvguide.co.uk/schedule/7af986fe-d33b-5376-b85c-60f02c794945/westminster-hall
1313290413,20260713,202607,2026,2026.5288,LEG,SENATE,,,,,,LEG,,,,,,,,,,,,,1,043,043,04,1,2.8,16,2,16,-2.73597276927738,2,"South Carolina, United States",US,USSC,,33.8191,-80.9066,SC,0,,,,,,,,2,"South Carolina, United States",US,USSC,,33.8191,-80.9066,SC,20260713001500,https://www.wgauradio.com/news/politics/mcconnell-says-fall/TURMZXF27YZSDPWUXPDXNPC2UM/
1313290414,20260713,202607,2026,2026.5288,LEG,SENATE,,,,,,LEG,,,,,,,,,,,,,0,051,051,05,1,3.4,6,1,6,0.427350427350429,2,"South Carolina, United States",US,USSC,,33.8191,-80.9066,SC,0,,,,,,,,2,"South Carolina, United States",US,USSC,,33.8191,-80.9066,SC,20260713001500,https://nypost.com/2026/07/12/opinion/heres-how-to-honor-sen-lindsey-grahams-unmatched-patriotic-legacy/
1313290415,20260713,202607,2026,2026.5288,LEG,CONGRESS,,,,,,LEG,,,,,,,,,,,,,1,056,056,05,1,7.0,4,1,4,-6.64136622390892,4,"New Delhi, Delhi, India",IN,IN07,17911,28.6,77.2,-2106102,0,,,,,,,,4,"Ayodhya, Uttar Pradesh, India",IN,IN36,17913,26.8,82.2,-2089412,20260713001500,https://navhindtimes.in/national-news/cong-slams-modis-silence-over-ram-temple-donation-scam/
1313290416,20260713,202607,2026,2026.5288,LEG,CONGRESS,,,,,,LEG,,,,,,,,,,,,,1,100,100,10,3,-5.0,2,1,2,-6.64136622390892,4,"New Delhi, Delhi, India",IN,IN07,17911,28.6,77.2,-2106102,0,,,,,,,,4,"New Delhi, Delhi, India",IN,IN07,17911,28.6,77.2,-2106102,20260713001500,https://navhindtimes.in/national-news/cong-slams-modis-silence-over-ram-temple-donation-scam/
1313290417,20260713,202607,2026,2026.5288,LEG,CONGRESS,,,,,,LEG,,,,,,,,,,,,,1,100,100,10,3,-5.0,3,1,3,-6.64136622390892,5,"Uttar Pradesh, Uttar Pradesh, India",IN,IN36,17938,27.25,80.75,-2113996,0,,,,,,,,5,"Uttar Pradesh, Uttar Pradesh, India",IN,IN36,17938,27.25,80.75,-2113996,20260713001500,https://navhindtimes.in/national-news/cong-slams-modis-silence-over-ram-temple-donation-scam/
1313290418,20260713,202607,2026,2026.5288,LEG,SENATE,,,,,,LEG,,,,,,,,,,,,,0,190,190,19,4,-10.0,6,1,6,0.427350427350429,2,"South Carolina, United States",US,USSC,,33.8191,-80.9066,SC,0,,,,,,,,4,"Kyiv, Kyyiv, Misto, Ukraine",UP,UP12,28554,50.4333,30.5167,-1044367,20260713001500,https://nypost.com/2026/07/12/opinion/heres-how-to-honor-sen-lindsey-grahams-unmatched-patriotic-legacy/
1313290419,20260713,202607,2026,2026.5288,LEG,CONGRESS,,,,,,LEG,,,GOV,PRIME MINISTER,,,,,,GOV,,,1,070,070,07,2,7.0,4,1,4,-6.64136622390892,5,"Uttar Pradesh, Uttar Pradesh, India",IN,IN36,17938,27.25,80.75,-2113996,5,"Uttar Pradesh, Uttar Pradesh, India",IN,IN36,17938,27.25,80.75,-2113996,5,"Uttar Pradesh, Uttar Pradesh, India",IN,IN36,17938,27.25,80.75,-2113996,20260713001500,https://navhindtimes.in/national-news/cong-slams-modis-silence-over-ram-temple-donation-scam/
1313290420,20260713,202607,2026,2026.5288,LEG,SENATE,,,,,,LEG,,,USA,SOUTH CAROLINA,USA,,,,,,,,1,020,020,02,1,3.0,3,1,3,-3.36538461538462,2,"South Carolina, United States",US,USSC,,33.8191,-80.9066,SC,2,"South Carolina, United States",US,USSC,,33.8191,-80.9066,SC,2,"South Carolina, United States",US,USSC,,33.8191,-80.9066,SC,20260713001500,https://wpde.com/news/local/senator-lindsey-graham-was-a-familiar-face-in-pee-dee-grand-strand-during-his-career-south-carolina-dies-at-age-71-grand-strand-governor-mccmaster
1313290421,20260713,202607,2026,2026.5288,LEG,SENATE,,,,,,LEG,,,USA,UNITED STATES,USA,,,,,,,,0,190,190,19,4,-10.0,2,1,2,0.427350427350429,3,"Palmetto, South Carolina, United States",US,USSC,SC031,34.2521,-79.8273,1227957,3,"Washington, District of Columbia, United States",US,USDC,DC001,38.8951,-77.0364,531871,3,"Palmetto, South Carolina, United States",US,USSC,SC031,34.2521,-79.8273,1227957,20260713001500,https://nypost.com/2026/07/12/opinion/heres-how-to-honor-sen-lindsey-grahams-unmatched-patriotic-legacy/
1313290422,20260713,202607,2026,2026.5288,LEG,SENATE,,,,,,LEG,,,USA,UNITED STATES,USA,,,,,,,,0,190,190,19,4,-10.0,2,1,2,0.427350427350429,3,"Washington, District of Columbia, United States",US,USDC,DC001,38.8951,-77.0364,531871,3,"Washington, District of Columbia, United States",US,USDC,DC001,38.8951,-77.0364,531871,3,"Palmetto, South Carolina, United States",US,USSC,SC031,34.2521,-79.8273,1227957,20260713001500,https://nypost.com/2026/07/12/opinion/heres-how-to-honor-sen-lindsey-grahams-unmatched-patriotic-legacy/
1313290423,20260713,202607,2026,2026.5288,LKA,SRI LANKA,LKA,,,,,,,,,,,,,,,,,,1,043,043,04,1,2.8,10,1,10,0.478053020425899,1,Sri Lanka,CE,CE,,7,81,CE,0,,,,,,,,1,Sri Lanka,CE,CE,,7,81,CE,20260713001500,https://island.lk/deepening-democracy-constitutions-and-constitutionalism/
1313290424,20260713,202607,2026,2026.5288,MAR,MOROCCAN,MAR,,,,,,,,,,,,,,,,,,1,190,190,19,4,-10.0,1,1,1,-1.3531799729364,4,"Yesha, HaDarom, Israel",IS,IS01,18315,31.2473,34.4028,-781749,0,,,,,,,,4,"Yesha, HaDarom, Israel",IS,IS01,18315,31.2473,34.4028,-781749,20260713001500,https://www.freemalaysiatoday.com/category/world/2026/07/13/the-main-candidates-facing-netanyahu-in-israels-elections
1313290425,20260713,202607,2026,2026.5288,MAR,MOROCCAN,MAR,,,,,,,,,,,,,,,,,,1,190,190,19,4,-10.0,1,1,1,-1.3531799729364,1,Morocco,MO,MO,,32,-5,MO,0,,,,,,,,1,Russia,RS,RS,,60,100,RS,20260713001500,https://www.freemalaysiatoday.com/category/world/2026/07/13/the-main-candidates-facing-netanyahu-in-israels-elections
1313290426,20260713,202607,2026,2026.5288,MAR,MOROCCAN,MAR,,,,,,,,MARCVL,MOROCCO,MAR,,,,,CVL,,,1,190,190,19,4,-10.0,1,1,1,-1.3531799729364,4,"Yesha, HaDarom, Israel",IS,IS01,18315,31.2473,34.4028,-781749,4,"Yesha, HaDarom, Israel",IS,IS01,18315,31.2473,34.4028,-781749,4,"Yesha, HaDarom, Israel",IS,IS01,18315,31.2473,34.4028,-781749,20260713001500,https://www.freemalaysiatoday.com/category/world/2026/07/13/the-main-candidates-facing-netanyahu-in-israels-elections
1313290427,20260713,202607,2026,2026.5288,MAR,MOROCCAN,MAR,,,,,,,,MARCVL,MOROCCO,MAR,,,,,CVL,,,1,190,190,19,4,-10.0,1,1,1,-1.3531799729364,1,Morocco,MO,MO,,32,-5,MO,1,Morocco,MO,MO,,32,-5,MO,1,Russia,RS,RS,,60,100,RS,20260713001500,https://www.freemalaysiatoday.com/category/world/2026/07/13/the-main-candidates-facing-netanyahu-in-israels-elections
1313290428,20260713,202607,2026,2026.5288,MARCVL,MOROCCAN,MAR,,,,,CVL,,,,,,,,,,,,,1,190,190,19,4,-10.0,6,1,6,-1.3531799729364,4,"Yesha, HaDarom, Israel",IS,IS01,18315,31.2473,34.4028,-781749,0,,,,,,,,4,"Yesha, HaDarom, Israel",IS,IS01,18315,31.2473,34.4028,-781749,20260713001500,https://www.freemalaysiatoday.com/category/world/2026/07/13/the-main-candidates-facing-netanyahu-in-israels-elections
1313290429,20260713,202607,2026,2026.5288,MED,WEBSITE,,,,,,MED,,,,,,,,,,,,,0,010,010,01,1,0.0,1,1,1,1.00224030185119,3,"Mountain View, California, United States",US,USCA,CA071,34.5064,-117.359,246299,0,,,,,,,,4,"Hannover, Niedersachsen, Germany",GM,GM06,40698,52.3667,9.71667,-1785903,20260713001500,https://www.funkytaurusmedia.com/shop_content.php?coID=3&XTCsid=93f2edia1138ner5dr7c8bfc02
1313290430,20260713,202607,2026,2026.5288,MED,WEBSITE,,,,,,MED,,,,,,,,,,,,,0,010,010,01,1,0.0,1,1,1,1.00224030185119,3,"San Francisco, California, United States",US,USCA,CA075,37.7749,-122.419,277593,0,,,,,,,,4,"Hannover, Niedersachsen, Germany",GM,GM06,40698,52.3667,9.71667,-1785903,20260713001500,https://www.funkytaurusmedia.com/shop_content.php?coID=3&XTCsid=93f2edia1138ner5dr7c8bfc02
1313290431,20260713,202607,2026,2026.5288,MED,WEBSITE,,,,,,MED,,,,,,,,,,,,,0,010,010,01,1,0.0,3,1,3,1.00224030185119,3,"San Francisco, California, United States",US,USCA,CA075,37.7749,-122.419,277593,0,,,,,,,,3,"Mountain View, California, United States",US,USCA,,34.5064,-117.359,246299,20260713001500,https://www.funkytaurusmedia.com/shop_content.php?coID=3&XTCsid=93f2edia1138ner5dr7c8bfc02
1313290432,20260713,202607,2026,2026.5288,MED,MEDIA,,,,,,MED,,,,,,,,,,,,,1,017,017,01,1,0.0,10,1,10,2.03252032520326,0,,,,,,,,0,,,,,,,,0,,,,,,,,20260713001500,https://www.wlwt.com/article/wai-ching-ho-marvel-villain-and-pixar-voice-dead/71910456
1313290433,20260713,202607,2026,2026.5288,MED,MEDIA,,,,,,MED,,,,,,,,,,,,,0,020,020,02,1,3.0,14,1,10,1.00224030185119,4,"Hanover, Niedersachsen, Germany",GM,GM06,40698,52.3667,9.71667,-1785903,0,,,,,,,,4,"Hanover, Niedersachsen, Germany",GM,GM06,40698,52.3667,9.71667,-1785903,20260713001500,https://www.funkytaurusmedia.com/shop_content.php?coID=3&XTCsid=93f2edia1138ner5dr7c8bfc02
1313290434,20260713,202607,2026,2026.5288,MED,MEDIA,,,,,,MED,,,,,,,,,,,,,0,020,020,02,1,3.0,6,1,6,1.00224030185119,3,"Mountain View, California, United States",US,USCA,CA071,34.5064,-117.359,246299,0,,,,,,,,3,"Mountain View, California, United States",US,USCA,,34.5064,-117.359,246299,20260713001500,https://www.funkytaurusmedia.com/shop_content.php?coID=3&XTCsid=93f2edia1138ner5dr7c8bfc02
1313290435,20260713,202607,2026,2026.5288,MED,WEBSITE,,,,,,MED,,,,,,,,,,,,,0,036,036,03,1,4.0,2,1,2,1.00224030185119,3,"Mountain View, California, United States",US,USCA,CA071,34.5064,-117.359,246299,0,,,,,,,,3,"Mountain View, California, United States",US,USCA,,34.5064,-117.359,246299,20260713001500,https://www.funkytaurusmedia.com/shop_content.php?coID=3&XTCsid=93f2edia1138ner5dr7c8bfc02
1313290436,20260713,202607,2026,2026.5288,MED,WEBSITE,,,,,,MED,,,,,,,,,,,,,0,036,036,03,1,4.0,8,1,8,1.00224030185119,3,"San Francisco, California, United States",US,USCA,CA075,37.7749,-122.419,277593,0,,,,,,,,3,"San Francisco, California, United States",US,USCA,,37.7749,-122.419,277593,20260713001500,https://www.funkytaurusmedia.com/shop_content.php?coID=3&XTCsid=93f2edia1138ner5dr7c8bfc02
1313290437,20260713,202607,2026,2026.5288,MED,WRITER,,,,,,MED,,,,,,,,,,,,,1,051,051,05,1,3.4,10,1,10,4.21994884910486,0,,,,,,,,0,,,,,,,,0,,,,,,,,20260713001500,https://screenrant.com/spider-man-1000-dan-slott-marcos-martin-greatest-era-return/
1313290438,20260713,202607,2026,2026.5288,MED,WRITER,,,,,,MED,,,,,,,,,,,,,1,070,070,07,2,7.0,10,1,10,4.21994884910486,0,,,,,,,,0,,,,,,,,0,,,,,,,,20260713001500,https://screenrant.com/spider-man-1000-dan-slott-marcos-martin-greatest-era-return/
1313290439,20260713,202607,2026,2026.5288,MED,WEBSITE,,,,,,MED,,,BUS,SERVER,,,,,,BUS,,,0,042,042,04,1,1.9,10,1,10,1.00224030185119,3,"Mountain View, California, United States",US,USCA,CA071,34.5064,-117.359,246299,3,"Mountain View, California, United States",US,USCA,,34.5064,-117.359,246299,3,"Mountain View, California, United States",US,USCA,,34.5064,-117.359,246299,20260713001500,https://www.funkytaurusmedia.com/shop_content.php?coID=3&XTCsid=93f2edia1138ner5dr7c8bfc02
1313290440,20260713,202607,2026,2026.5288,MED,WEBSITE,,,,,,MED,,,BUS,SERVER,,,,,,BUS,,,0,042,042,04,1,1.9,5,1,5,1.00224030185119,3,"San Bruno, California, United States",US,USCA,CA081,37.6305,-122.411,277616,3,"San Bruno, California, United States",US,USCA,,37.6305,-122.411,277616,3,"San Bruno, California, United States",US,USCA,,37.6305,-122.411,277616,20260713001500,https://www.funkytaurusmedia.com/shop_content.php?coID=3&XTCsid=93f2edia1138ner5dr7c8bfc02
1313290441,20260713,202607,2026,2026.5288,MED,WEBSITE,,,,,,MED,,,IGOEUREEC,THE EUROPEAN UNION,EUR,EEC,,,,IGO,,,0,010,010,01,1,0.0,10,1,10,1.00224030185119,3,"Mountain View, California, United States",US,USCA,CA071,34.5064,-117.359,246299,3,"Mountain View, California, United States",US,USCA,,34.5064,-117.359,246299,3,"Mountain View, California, United States",US,USCA,,34.5064,-117.359,246299,20260713001500,https://www.funkytaurusmedia.com/shop_content.php?coID=3&XTCsid=93f2edia1138ner5dr7c8bfc02
1313290442,20260713,202607,2026,2026.5288,MED,TELEVISION,,,,,,MED,,,IRN,IRANIAN,IRN,,,,,,,,0,042,042,04,1,1.9,6,1,6,1.00840336134454,4,"Kharg Island, Bushehr, Iran",IR,IR22,40962,29.2458,50.3158,-3070760,4,"Kharg Island, Bushehr, Iran",IR,IR22,40962,29.2458,50.3158,-3070760,4,"Kharg Island, Bushehr, Iran",IR,IR22,40962,29.2458,50.3158,-3070760,20260713001500,https://www.yakimaherald.com/news/nation_and_world/nation/lindsey-graham-remembered-for-a-vision-of-american-foreign-policy-that-s-fading-in-washington/article_c695ff8a-89b3-5b89-81d4-b357930e810d.html
1313290443,20260713,202607,2026,2026.5288,MED,PUBLICATION,,,,,,MED,,,LKA,SRI LANKAN,LKA,,,,,,,,1,020,020,02,1,3.0,4,1,4,1.68539325842696,4,"Riyadh, Ar Riya?, Saudi Arabia",SA,SA10,25316,24.6408,46.7728,-3093009,1,Sri Lanka,CE,CE,,7,81,CE,1,Sri Lanka,CE,CE,,7,81,CE,20260713001500,https://island.lk/how-arab-news-in-sinhala-expands-news-access-for-lankans-in-middle-east/
1313290444,20260713,202607,2026,2026.5288,MED,PUBLICATION,,,,,,MED,,,LKA,SRI LANKAN,LKA,,,,,,,,1,020,020,02,1,3.0,6,1,6,1.68539325842696,1,Sri Lanka,CE,CE,,7,81,CE,1,Sri Lanka,CE,CE,,7,81,CE,1,Sri Lanka,CE,CE,,7,81,CE,20260713001500,https://island.lk/how-arab-news-in-sinhala-expands-news-access-for-lankans-in-middle-east/
1313290445,20260713,202607,2026,2026.5288,MED,WEBSITE,,,,,,MED,,,MNCUSAMED,GOOGLE,USA,,,,,MNC,MED,,0,010,010,01,1,0.0,10,1,10,1.00224030185119,3,"Mountain View, California, United States",US,USCA,CA071,34.5064,-117.359,246299,3,"Mountain View, California, United States",US,USCA,,34.5064,-117.359,246299,3,"Mountain View, California, United States",US,USCA,,34.5064,-117.359,246299,20260713001500,https://www.funkytaurusmedia.com/shop_content.php?coID=3&XTCsid=93f2edia1138ner5dr7c8bfc02
1313290446,20260713,202607,2026,2026.5288,MED,WEBSITE,,,,,,MED,,,MNCUSAMED,GOOGLE,USA,,,,,MNC,MED,,0,042,042,04,1,1.9,5,1,5,1.00224030185119,3,"San Bruno, California, United States",US,USCA,CA081,37.6305,-122.411,277616,3,"San Bruno, California, United States",US,USCA,,37.6305,-122.411,277616,3,"San Bruno, California, United States",US,USCA,,37.6305,-122.411,277616,20260713001500,https://www.funkytaurusmedia.com/shop_content.php?coID=3&XTCsid=93f2edia1138ner5dr7c8bfc02
1313290447,20260713,202607,2026,2026.5288,MED,WEBSITE,,,,,,MED,,,MNCUSAMEDBUS,GOOGLE,USA,,,,,MNC,MED,BUS,0,042,042,04,1,1.9,10,1,10,1.00224030185119,3,"Mountain View, California, United States",US,USCA,CA071,34.5064,-117.359,246299,3,"Mountain View, California, United States",US,USCA,,34.5064,-117.359,246299,3,"Mountain View, California, United States",US,USCA,,34.5064,-117.359,246299,20260713001500,https://www.funkytaurusmedia.com/shop_content.php?coID=3&XTCsid=93f2edia1138ner5dr7c8bfc02
1313290448,20260713,202607,2026,2026.5288,MIL,MILITARY,,,,,,MIL,,,IRN,IRAN,IRN,,,,,,,,1,013,013,01,1,0.4,30,3,30,-5.30095342671029,4,"Tehran, Tehran, Iran",IR,IR26,41130,35.75,51.5148,10074674,4,"Tehran, Tehran, Iran",IR,IR26,41130,35.75,51.5148,10074674,4,"Tehran, Tehran, Iran",IR,IR26,41130,35.75,51.5148,10074674,20260713001500,https://lancasteronline.com/news/world/the-us-launches-more-strikes-on-iran-as-the-standoff-over-the-strait-of-hormuz/article_e4c1b43b-3531-507f-93c7-cff22baadb6c.html
1313290449,20260713,202607,2026,2026.5288,MIL,MILITARY,,,,,,MIL,,,IRN,IRAN,IRN,,,,,,,,1,111,111,11,3,-2.0,2,1,2,-5.41740674955595,4,"Islamabad, Islamabad, Pakistan",PK,PK08,23674,33.7,73.1667,-2762812,2,"South Carolina, United States",US,USSC,,33.8191,-80.9066,SC,2,"South Carolina, United States",US,USSC,,33.8191,-80.9066,SC,20260713001500,https://www.whec.com/ap-top-news/ap-top-news-international/the-us-launches-more-strikes-on-iran-as-the-standoff-over-the-strait-of-hormuz-escalates/
1313290450,20260713,202607,2026,2026.5288,MIL,MILITARY,,,,,,MIL,,,IRN,IRAN,IRN,,,,,,,,1,111,111,11,3,-2.0,2,1,2,-5.20741394527802,4,"Cairo, Al Qahirah, Egypt",EG,EG11,65350,30.05,31.25,-290692,4,"Cairo, Al Qahirah, Egypt",EG,EG11,65350,30.05,31.25,-290692,4,"Tel Aviv, Tel Aviv, Israel",IS,IS05,18316,32.0667,34.7667,-781545,20260713001500,https://lancasteronline.com/news/world/the-us-launches-more-strikes-on-iran-as-the-standoff-over-the-strait-of-hormuz/article_e4c1b43b-3531-507f-93c7-cff22baadb6c.html
1313290451,20260713,202607,2026,2026.5288,MIL,MILITARY,,,,,,MIL,,,IRN,IRAN,IRN,,,,,,,,1,111,111,11,3,-2.0,4,1,4,-5.20741394527802,4,"Cairo, Al Qahirah, Egypt",EG,EG11,65350,30.05,31.25,-290692,4,"Tel Aviv, Tel Aviv, Israel",IS,IS05,18316,32.0667,34.7667,-781545,4,"Tel Aviv, Tel Aviv, Israel",IS,IS05,18316,32.0667,34.7667,-781545,20260713001500,https://lancasteronline.com/news/world/the-us-launches-more-strikes-on-iran-as-the-standoff-over-the-strait-of-hormuz/article_e4c1b43b-3531-507f-93c7-cff22baadb6c.html
1313290452,20260713,202607,2026,2026.5288,MIL,MILITARY,,,,,,MIL,,,IRN,IRAN,IRN,,,,,,,,1,111,111,11,3,-2.0,2,1,2,-5.20741394527802,4,"Cairo, Al Qahirah, Egypt",EG,EG11,65350,30.05,31.25,-290692,4,"Tel Aviv, Tel Aviv, Israel",IS,IS05,18316,32.0667,34.7667,-781545,3,"Washington, District of Columbia, United States",US,USDC,DC001,38.8951,-77.0364,531871,20260713001500,https://lancasteronline.com/news/world/the-us-launches-more-strikes-on-iran-as-the-standoff-over-the-strait-of-hormuz/article_e4c1b43b-3531-507f-93c7-cff22baadb6c.html
1313290453,20260713,202607,2026,2026.5288,MIL,MILITARY,,,,,,MIL,,,IRN,IRAN,IRN,,,,,,,,1,111,111,11,3,-2.0,2,1,2,-5.20741394527802,3,"Washington, District of Columbia, United States",US,USDC,DC001,38.8951,-77.0364,531871,4,"Tel Aviv, Tel Aviv, Israel",IS,IS05,18316,32.0667,34.7667,-781545,4,"Tel Aviv, Tel Aviv, Israel",IS,IS05,18316,32.0667,34.7667,-781545,20260713001500,https://lancasteronline.com/news/world/the-us-launches-more-strikes-on-iran-as-the-standoff-over-the-strait-of-hormuz/article_e4c1b43b-3531-507f-93c7-cff22baadb6c.html
1313290454,20260713,202607,2026,2026.5288,MIL,MILITARY,,,,,,MIL,,,IRN,IRAN,IRN,,,,,,,,1,111,111,11,3,-2.0,8,1,8,-5.27803958529689,1,Pakistan,PK,PK,,30,70,PK,4,"Tehran, Tehran, Iran",IR,IR26,41130,35.75,51.5148,10074674,4,"Tehran, Tehran, Iran",IR,IR26,41130,35.75,51.5148,10074674,20260713001500,https://www.journalgazette.net/news/world/us-strikes-iran-again-as-it-tries-to-limit-attacks-on-ships-on-the-strait/article_33dbb930-216e-5d14-9cf1-8e1baa72ee1e.html
1313290455,20260713,202607,2026,2026.5288,MIL,MILITARY,,,,,,MIL,,,IRN,IRAN,IRN,,,,,,,,1,111,111,11,3,-2.0,2,1,2,-5.27803958529689,1,Pakistan,PK,PK,,30,70,PK,1,Pakistan,PK,PK,,30,70,PK,1,Pakistan,PK,PK,,30,70,PK,20260713001500,https://www.journalgazette.net/news/world/us-strikes-iran-again-as-it-tries-to-limit-attacks-on-ships-on-the-strait/article_33dbb930-216e-5d14-9cf1-8e1baa72ee1e.html
1313290456,20260713,202607,2026,2026.5288,MIL,MILITARY,,,,,,MIL,,,IRN,IRAN,IRN,,,,,,,,1,111,111,11,3,-2.0,8,1,8,-5.41740674955595,2,"South Carolina, United States",US,USSC,,33.8191,-80.9066,SC,2,"South Carolina, United States",US,USSC,,33.8191,-80.9066,SC,2,"South Carolina, United States",US,USSC,,33.8191,-80.9066,SC,20260713001500,https://www.whec.com/ap-top-news/ap-top-news-international/the-us-launches-more-strikes-on-iran-as-the-standoff-over-the-strait-of-hormuz-escalates/
1313290457,20260713,202607,2026,2026.5288,MIL,MILITARY,,,,,,MIL,,,PHL,PHILIPPINE,PHL,,,,,,,,0,173,173,17,4,-5.0,4,1,4,2.04918032786886,1,Philippines,RP,RP,,13,122,RP,1,Philippines,RP,RP,,13,122,RP,1,Philippines,RP,RP,,13,122,RP,20260713001500,https://www.freemalaysiatoday.com/category/highlight/2026/07/13/aung-sang-suu-kyi-in-good-health-myanmar-tells-asean
1313290458,20260713,202607,2026,2026.5288,MMR,MYANMAR,MMR,,,,,,,,,,,,,,,,,,1,120,120,12,3,-4.0,6,1,6,2.04918032786886,4,"Bangkok, Krung Thep Mahanakhon, Thailand",TH,TH40,26423,13.75,100.517,-3250083,0,,,,,,,,4,"Bangkok, Krung Thep Mahanakhon, Thailand",TH,TH40,26423,13.75,100.517,-3250083,20260713001500,https://www.freemalaysiatoday.com/category/highlight/2026/07/13/aung-sang-suu-kyi-in-good-health-myanmar-tells-asean
1313290459,20260713,202607,2026,2026.5288,MMR,MYANMAR,MMR,,,,,,,,,,,,,,,,,,1,120,120,12,3,-4.0,4,1,4,2.04918032786886,1,Philippines,RP,RP,,13,122,RP,0,,,,,,,,1,Philippines,RP,RP,,13,122,RP,20260713001500,https://www.freemalaysiatoday.com/category/highlight/2026/07/13/aung-sang-suu-kyi-in-good-health-myanmar-tells-asean
1313290460,20260713,202607,2026,2026.5288,MMRGOV,MYANMAR,MMR,,,,,GOV,,,,,,,,,,,,,1,010,010,01,1,0.0,3,1,3,2.04918032786886,4,"Bangkok, Krung Thep Mahanakhon, Thailand",TH,TH40,26423,13.75,100.517,-3250083,0,,,,,,,,4,"Bangkok, Krung Thep Mahanakhon, Thailand",TH,TH40,26423,13.75,100.517,-3250083,20260713001500,https://www.freemalaysiatoday.com/category/highlight/2026/07/13/aung-sang-suu-kyi-in-good-health-myanmar-tells-asean
1313290461,20260713,202607,2026,2026.5288,MMRGOV,MYANMAR,MMR,,,,,GOV,,,,,,,,,,,,,1,040,040,04,1,1.0,3,1,3,2.04918032786886,1,Philippines,RP,RP,,13,122,RP,0,,,,,,,,1,Philippines,RP,RP,,13,122,RP,20260713001500,https://www.freemalaysiatoday.com/category/highlight/2026/07/13/aung-sang-suu-kyi-in-good-health-myanmar-tells-asean
1313290462,20260713,202607,2026,2026.5288,MMRGOV,MYANMAR,MMR,,,,,GOV,,,GOV,FOREIGN SECRETARY,,,,,,GOV,,,1,040,040,04,1,1.0,3,1,3,2.04918032786886,1,Philippines,RP,RP,,13,122,RP,1,Philippines,RP,RP,,13,122,RP,1,Philippines,RP,RP,,13,122,RP,20260713001500,https://www.freemalaysiatoday.com/category/highlight/2026/07/13/aung-sang-suu-kyi-in-good-health-myanmar-tells-asean
1313290463,20260713,202607,2026,2026.5288,MMRGOV,MYANMAR,MMR,,,,,GOV,,,PHL,PHILIPPINE,PHL,,,,,,,,1,040,040,04,1,1.0,4,1,4,2.04918032786886,1,Philippines,RP,RP,,13,122,RP,1,Philippines,RP,RP,,13,122,RP,1,Philippines,RP,RP,,13,122,RP,20260713001500,https://www.freemalaysiatoday.com/category/highlight/2026/07/13/aung-sang-suu-kyi-in-good-health-myanmar-tells-asean
1313290464,20260713,202607,2026,2026.5288,MNCUSAMED,GOOGLE,USA,,,,,MNC,MED,,,,,,,,,,,,0,010,010,01,1,0.0,10,1,10,1.00224030185119,3,"Mountain View, California, United States",US,USCA,CA071,34.5064,-117.359,246299,0,,,,,,,,3,"Mountain View, California, United States",US,USCA,,34.5064,-117.359,246299,20260713001500,https://www.funkytaurusmedia.com/shop_content.php?coID=3&XTCsid=93f2edia1138ner5dr7c8bfc02
1313290465,20260713,202607,2026,2026.5288,MNCUSAMED,GOOGLE,USA,,,,,MNC,MED,,,,,,,,,,,,0,020,020,02,1,3.0,10,1,10,1.00224030185119,3,"Mountain View, California, United States",US,USCA,CA071,34.5064,-117.359,246299,0,,,,,,,,3,"Mountain View, California, United States",US,USCA,,34.5064,-117.359,246299,20260713001500,https://www.funkytaurusmedia.com/shop_content.php?coID=3&XTCsid=93f2edia1138ner5dr7c8bfc02
1313290466,20260713,202607,2026,2026.5288,MNCUSAMED,GOOGLE,USA,,,,,MNC,MED,,,,,,,,,,,,0,170,170,17,4,-7.0,6,1,6,1.00224030185119,3,"San Francisco, California, United States",US,USCA,CA075,37.7749,-122.419,277593,0,,,,,,,,3,"San Francisco, California, United States",US,USCA,,37.7749,-122.419,277593,20260713001500,https://www.funkytaurusmedia.com/shop_content.php?coID=3&XTCsid=93f2edia1138ner5dr7c8bfc02
1313290467,20260713,202607,2026,2026.5288,MNCUSAMED,GOOGLE,USA,,,,,MNC,MED,,DEU,GERMANY,DEU,,,,,,,,0,170,170,17,4,-7.0,2,1,2,1.00224030185119,4,"Hannover, Niedersachsen, Germany",GM,GM06,40698,52.3667,9.71667,-1785903,4,"Hannover, Niedersachsen, Germany",GM,GM06,40698,52.3667,9.71667,-1785903,4,"Hannover, Niedersachsen, Germany",GM,GM06,40698,52.3667,9.71667,-1785903,20260713001500,https://www.funkytaurusmedia.com/shop_content.php?coID=3&XTCsid=93f2edia1138ner5dr7c8bfc02
1313290468,20260713,202607,2026,2026.5288,MNCUSAMED,GOOGLE,USA,,,,,MNC,MED,,MED,WEBSITE,,,,,,MED,,,0,043,043,04,1,2.8,5,1,5,1.00224030185119,3,"San Bruno, California, United States",US,USCA,CA081,37.6305,-122.411,277616,3,"San Bruno, California, United States",US,USCA,,37.6305,-122.411,277616,3,"San Bruno, California, United States",US,USCA,,37.6305,-122.411,277616,20260713001500,https://www.funkytaurusmedia.com/shop_content.php?coID=3&XTCsid=93f2edia1138ner5dr7c8bfc02
1313290469,20260713,202607,2026,2026.5288,MNCUSAMEDBUS,GOOGLE,USA,,,,,MNC,MED,BUS,MED,WEBSITE,,,,,,MED,,,0,043,043,04,1,2.8,10,1,10,1.00224030185119,3,"Mountain View, California, United States",US,USCA,CA071,34.5064,-117.359,246299,3,"Mountain View, California, United States",US,USCA,,34.5064,-117.359,246299,3,"Mountain View, California, United States",US,USCA,,34.5064,-117.359,246299,20260713001500,https://www.funkytaurusmedia.com/shop_content.php?coID=3&XTCsid=93f2edia1138ner5dr7c8bfc02
1313290470,20260713,202607,2026,2026.5288,MYS,MALAYSIAN,MYS,,,,,,,,,,,,,,,,,,1,010,010,01,1,0.0,3,1,3,-1.74050632911393,1,China,CH,CH,,35,105,CH,0,,,,,,,,1,China,CH,CH,,35,105,CH,20260713001500,https://www.freemalaysiatoday.com/category/leisure/2026/07/13/pok-ku-keeps-a-dying-craft-alive-one-coffin-at-a-time
1313290471,20260713,202607,2026,2026.5288,MYS,MALAYSIA,MYS,,,,,,,,,,,,,,,,,,1,046,046,04,1,7.0,5,1,5,3.5548686244204,0,,,,,,,,0,,,,,,,,0,,,,,,,,20260713001500,https://www.freemalaysiatoday.com/category/leisure/2026/07/13/the-auxiliary-cop-who-became-known-as-upms-uncle-sri
1313290472,20260713,202607,2026,2026.5288,NLD,HOLLAND,NLD,,,,,,,,,,,,,,,,,,0,042,042,04,1,1.9,5,1,5,3.27909270216963,0,,,,,,,,0,,,,,,,,0,,,,,,,,20260713001500,https://www.mondaq.com:443/unitedstates/finance/1815558/podcast-building-value-through-strategic-seed-investing
1313290473,20260713,202607,2026,2026.5288,NZL,BAY OF PLENTY,NZL,,,,,,,,,,,,,,,,,,1,0311,031,03,1,5.2,7,1,7,5.03978779840849,5,"Bay Of Plenty, Bay of Plenty, New Zealand",NZ,NZE8,22380,-38.3333,176.75,11483126,0,,,,,,,,5,"Bay Of Plenty, Bay of Plenty, New Zealand",NZ,NZE8,22380,-38.3333,176.75,11483126,20260713001500,https://www.scoop.co.nz/stories/PA2607/S00088/aquaculture-agreement-with-bay-of-plenty-iwi.htm
1313290474,20260713,202607,2026,2026.5288,NZL,NEW ZEALAND,NZL,,,,,,,,,,,,,,,,,,0,040,040,04,1,1.0,4,1,4,-3.64583333333333,5,"Bay Of Plenty, Bay of Plenty, New Zealand",NZ,NZE8,22380,-38.3333,176.75,11483126,0,,,,,,,,5,"Bay Of Plenty, Bay of Plenty, New Zealand",NZ,NZE8,22380,-38.3333,176.75,11483126,20260713001500,https://www.sunlive.co.nz/news/383066-residents-rally-against-second-tauranga-toll.html
1313290475,20260713,202607,2026,2026.5288,NZL,NEW ZEALAND,NZL,,,,,,,,BUS,BUSINESS,,,,,,BUS,,,1,012,012,01,1,-0.4,4,1,4,-3.64583333333333,4,"Paengaroa, New Zealand (general), New Zealand",NZ,NZ00,22380,-37.8167,176.417,-1515650,4,"Paengaroa, New Zealand (general), New Zealand",NZ,NZ00,22380,-37.8167,176.417,-1515650,4,"Paengaroa, New Zealand (general), New Zealand",NZ,NZ00,22380,-37.8167,176.417,-1515650,20260713001500,https://www.sunlive.co.nz/news/383066-residents-rally-against-second-tauranga-toll.html
1313290476,20260713,202607,2026,2026.5288,NZL,NEW ZEALAND,NZL,,,,,,,,GOV,MINIST,,,,,,GOV,,,0,043,043,04,1,2.8,2,1,2,6.2111801242236,1,New Zealand,NZ,NZ,,-42,174,NZ,1,New Zealand,NZ,NZ,,-42,174,NZ,1,India,IN,IN,,20,77,IN,20260713001500,https://www.scoop.co.nz/stories/PA2607/S00087/patterson-to-india-to-champion-new-zealand-wool.htm
1313290477,20260713,202607,2026,2026.5288,NZL,NEW ZEALAND,NZL,,,,,,,,GOVAGR,AGRICULTURE MINIST,,,,,,GOV,AGR,,1,043,043,04,1,2.8,6,1,6,6.2111801242236,1,New Zealand,NZ,NZ,,-42,174,NZ,1,India,IN,IN,,20,77,IN,1,India,IN,IN,,20,77,IN,20260713001500,https://www.scoop.co.nz/stories/PA2607/S00087/patterson-to-india-to-champion-new-zealand-wool.htm
1313290478,20260713,202607,2026,2026.5288,NZL,NEW ZEALAND,NZL,,,,,,,,GOVAGR,AGRICULTURE MINIST,,,,,,GOV,AGR,,1,043,043,04,1,2.8,2,1,2,6.2111801242236,1,New Zealand,NZ,NZ,,-42,174,NZ,1,New Zealand,NZ,NZ,,-42,174,NZ,1,India,IN,IN,,20,77,IN,20260713001500,https://www.scoop.co.nz/stories/PA2607/S00087/patterson-to-india-to-champion-new-zealand-wool.htm
1313290479,20260713,202607,2026,2026.5288,NZL,NEW ZEALAND,NZL,,,,,,,,NZLGOVAGR,NEW ZEALAND,NZL,,,,,GOV,AGR,,1,043,043,04,1,2.8,2,1,2,6.2111801242236,1,India,IN,IN,,20,77,IN,1,New Zealand,NZ,NZ,,-42,174,NZ,1,New Zealand,NZ,NZ,,-42,174,NZ,20260713001500,https://www.scoop.co.nz/stories/PA2607/S00087/patterson-to-india-to-champion-new-zealand-wool.htm
1313290480,20260713,202607,2026,2026.5288,NZLGOV,NEW ZEALAND,NZL,,,,,GOV,,,,,,,,,,,,,0,042,042,04,1,1.9,2,1,2,6.2111801242236,1,New Zealand,NZ,NZ,,-42,174,NZ,0,,,,,,,,1,New Zealand,NZ,NZ,,-42,174,NZ,20260713001500,https://www.scoop.co.nz/stories/PA2607/S00087/patterson-to-india-to-champion-new-zealand-wool.htm
1313290481,20260713,202607,2026,2026.5288,NZLGOVAGR,NEW ZEALAND,NZL,,,,,GOV,AGR,,NZL,NEW ZEALAND,NZL,,,,,,,,1,042,042,04,1,1.9,2,1,2,6.2111801242236,1,India,IN,IN,,20,77,IN,1,New Zealand,NZ,NZ,,-42,174,NZ,1,India,IN,IN,,20,77,IN,20260713001500,https://www.scoop.co.nz/stories/PA2607/S00087/patterson-to-india-to-champion-new-zealand-wool.htm
1313290482,20260713,202607,2026,2026.5288,NZLGOVHLH,NEW ZEALAND,NZL,,,,,GOV,HLH,,,,,,,,,,,,1,120,120,12,3,-4.0,2,1,2,1.35593220338983,4,"Manukau, New Zealand (general), New Zealand",NZ,NZ00,22385,-35.2333,173.217,-1513321,0,,,,,,,,4,"Manukau, New Zealand (general), New Zealand",NZ,NZ00,22385,-35.2333,173.217,-1513321,20260713001500,https://theconversation.com/cultural-safety-in-healthcare-is-not-ideological-it-is-saving-lives-286335
1313290483,20260713,202607,2026,2026.5288,OMN,OMAN,OMN,,,,,,,,,,,,,,,,,,0,010,010,01,1,0.0,1,1,1,-3.04127443881245,4,"Islamabad, Islamabad, Pakistan",PK,PK08,23674,33.7,73.1667,-2762812,0,,,,,,,,4,"Ministry Of Foreign Affairs, Masqat, Oman",MU,MU06,23611,23.6165,58.4691,11318952,20260713001500,http://www.malaysiasun.com/news/279183164/regional-tensions-escalate-as-iran-targets-gulf-nations-oic-and-neighbors-condemn-flagrant-attacks
1313290484,20260713,202607,2026,2026.5288,OMN,OMAN,OMN,,,,,,,,,,,,,,,,,,0,010,010,01,1,0.0,1,1,1,-3.04127443881245,4,"Ministry Of Foreign Affairs, Masqat, Oman",MU,MU06,23611,23.6165,58.4691,11318952,0,,,,,,,,4,"Ministry Of Foreign Affairs, Masqat, Oman",MU,MU06,23611,23.6165,58.4691,11318952,20260713001500,http://www.malaysiasun.com/news/279183164/regional-tensions-escalate-as-iran-targets-gulf-nations-oic-and-neighbors-condemn-flagrant-attacks
1313290485,20260713,202607,2026,2026.5288,OMN,OMANI,OMN,,,,,,,,,,,,,,,,,,0,012,012,01,1,-0.4,1,1,1,-3.04127443881245,4,"Musandam, Musandam, Oman",MU,MU07,28574,26,56.25,-788579,0,,,,,,,,4,"Ministry Of Foreign Affairs, Masqat, Oman",MU,MU06,23611,23.6165,58.4691,11318952,20260713001500,http://www.malaysiasun.com/news/279183164/regional-tensions-escalate-as-iran-targets-gulf-nations-oic-and-neighbors-condemn-flagrant-attacks
1313290486,20260713,202607,2026,2026.5288,OMN,OMANI,OMN,,,,,,,,,,,,,,,,,,0,012,012,01,1,-0.4,1,1,1,-3.04127443881245,4,"Ministry Of Foreign Affairs, Masqat, Oman",MU,MU06,23611,23.6165,58.4691,11318952,0,,,,,,,,4,"Ministry Of Foreign Affairs, Masqat, Oman",MU,MU06,23611,23.6165,58.4691,11318952,20260713001500,http://www.malaysiasun.com/news/279183164/regional-tensions-escalate-as-iran-targets-gulf-nations-oic-and-neighbors-condemn-flagrant-attacks
1313290487,20260713,202607,2026,2026.5288,OMN,MUSCAT,OMN,,,,,,,,,,,,,,,,,,0,073,073,07,2,7.4,10,1,10,-3.34987593052109,4,"New Delhi, Delhi, India",IN,IN07,17911,28.6,77.2,-2106102,0,,,,,,,,4,"New Delhi, Delhi, India",IN,IN07,17911,28.6,77.2,-2106102,20260713001500,https://www.freemalaysiatoday.com/category/highlight/2026/07/13/fresh-attacks-hit-iran-kuwait-as-tehran-and-us-square-off-over-hormuz
1313290488,20260713,202607,2026,2026.5288,OMN,OMAN,OMN,,,,,,,,,,,,,,,,,,0,100,100,10,3,-5.0,3,1,3,-3.04127443881245,4,"Musandam, Musandam, Oman",MU,MU07,28574,26,56.25,-788579,0,,,,,,,,4,"Musandam, Musandam, Oman",MU,MU07,28574,26,56.25,-788579,20260713001500,http://www.malaysiasun.com/news/279183164/regional-tensions-escalate-as-iran-targets-gulf-nations-oic-and-neighbors-condemn-flagrant-attacks
1313290489,20260713,202607,2026,2026.5288,OMN,OMAN,OMN,,,,,,,,GOV,MINISTRY,,,,,,GOV,,,0,060,060,06,2,6.0,10,1,10,-6.11551528878822,1,Oman,MU,MU,,21,57,MU,4,"New Delhi, Delhi, India",IN,IN07,17911,28.6,77.2,-2106102,1,Oman,MU,MU,,21,57,MU,20260713001500,https://navhindtimes.in/worldnews/us-strikes-iran-over-ship-attack-in-strait-of-hormuz/
1313290490,20260713,202607,2026,2026.5288,OMN,OMAN,OMN,,,,,,,,IRN,IRAN,IRN,,,,,,,,0,012,012,01,1,-0.4,1,1,1,-3.04127443881245,4,"Musandam, Musandam, Oman",MU,MU07,28574,26,56.25,-788579,4,"Bandar Abbas, Hormozgan, Iran",IR,IR11,40896,27.1865,56.2808,-3055107,4,"Ministry Of Foreign Affairs, Masqat, Oman",MU,MU06,23611,23.6165,58.4691,11318952,20260713001500,http://www.malaysiasun.com/news/279183164/regional-tensions-escalate-as-iran-targets-gulf-nations-oic-and-neighbors-condemn-flagrant-attacks
1313290491,20260713,202607,2026,2026.5288,OMN,OMANI,OMN,,,,,,,,IRN,IRAN,IRN,,,,,,,,0,012,012,01,1,-0.4,1,1,1,-3.04127443881245,4,"Musandam, Musandam, Oman",MU,MU07,28574,26,56.25,-788579,4,"Ministry Of Foreign Affairs, Masqat, Oman",MU,MU06,23611,23.6165,58.4691,11318952,4,"Ministry Of Foreign Affairs, Masqat, Oman",MU,MU06,23611,23.6165,58.4691,11318952,20260713001500,http://www.malaysiasun.com/news/279183164/regional-tensions-escalate-as-iran-targets-gulf-nations-oic-and-neighbors-condemn-flagrant-attacks
1313290492,20260713,202607,2026,2026.5288,OMN,OMANI,OMN,,,,,,,,IRN,IRAN,IRN,,,,,,,,0,012,012,01,1,-0.4,3,1,3,-3.04127443881245,4,"Ministry Of Foreign Affairs, Masqat, Oman",MU,MU06,23611,23.6165,58.4691,11318952,4,"Bandar Abbas, Hormozgan, Iran",IR,IR11,40896,27.1865,56.2808,-3055107,4,"Ministry Of Foreign Affairs, Masqat, Oman",MU,MU06,23611,23.6165,58.4691,11318952,20260713001500,http://www.malaysiasun.com/news/279183164/regional-tensions-escalate-as-iran-targets-gulf-nations-oic-and-neighbors-condemn-flagrant-attacks
1313290493,20260713,202607,2026,2026.5288,OMN,OMAN,OMN,,,,,,,,SAU,SAUDI ARABIA,SAU,,,,,,,,0,100,100,10,3,-5.0,2,1,2,-3.04127443881245,4,"Musandam, Musandam, Oman",MU,MU07,28574,26,56.25,-788579,4,"Al Wusta, Ar Riya?, Saudi Arabia",SA,SA10,25316,24.5031,46.367,-3092669,4,"Musandam, Musandam, Oman",MU,MU07,28574,26,56.25,-788579,20260713001500,http://www.malaysiasun.com/news/279183164/regional-tensions-escalate-as-iran-targets-gulf-nations-oic-and-neighbors-condemn-flagrant-attacks
1313290494,20260713,202607,2026,2026.5288,OMN,OMAN,OMN,,,,,,,,SAU,SAUDI ARABIA,SAU,,,,,,,,0,100,100,10,3,-5.0,2,1,2,-3.04127443881245,4,"Musandam, Musandam, Oman",MU,MU07,28574,26,56.25,-788579,4,"Musandam, Musandam, Oman",MU,MU07,28574,26,56.25,-788579,4,"Musandam, Musandam, Oman",MU,MU07,28574,26,56.25,-788579,20260713001500,http://www.malaysiasun.com/news/279183164/regional-tensions-escalate-as-iran-targets-gulf-nations-oic-and-neighbors-condemn-flagrant-attacks
1313290495,20260713,202607,2026,2026.5288,OMNGOV,OMAN,OMN,,,,,GOV,,,,,,,,,,,,,0,090,090,09,2,-2.0,2,1,2,-6.11551528878822,1,Oman,MU,MU,,21,57,MU,0,,,,,,,,1,Oman,MU,MU,,21,57,MU,20260713001500,https://navhindtimes.in/worldnews/us-strikes-iran-over-ship-attack-in-strait-of-hormuz/
1313290496,20260713,202607,2026,2026.5288,OMNGOV,OMAN,OMN,,,,,GOV,,,,,,,,,,,,,0,161,161,16,4,-4.0,2,1,2,-6.11551528878822,1,Oman,MU,MU,,21,57,MU,0,,,,,,,,1,Oman,MU,MU,,21,57,MU,20260713001500,https://navhindtimes.in/worldnews/us-strikes-iran-over-ship-attack-in-strait-of-hormuz/
1313290497,20260713,202607,2026,2026.5288,OMNGOV,OMAN,OMN,,,,,GOV,,,OMN,OMANI,OMN,,,,,,,,0,060,060,06,2,6.0,2,1,2,-6.11551528878822,1,Oman,MU,MU,,21,57,MU,1,Oman,MU,MU,,21,57,MU,1,Oman,MU,MU,,21,57,MU,20260713001500,https://navhindtimes.in/worldnews/us-strikes-iran-over-ship-attack-in-strait-of-hormuz/
1313290498,20260713,202607,2026,2026.5288,PAK,PAKISTAN,PAK,,,,,,,,,,,,,,,,,,0,020,020,02,1,3.0,2,1,2,-5.27803958529689,1,Pakistan,PK,PK,,30,70,PK,0,,,,,,,,1,Pakistan,PK,PK,,30,70,PK,20260713001500,https://www.journalgazette.net/news/world/us-strikes-iran-again-as-it-tries-to-limit-attacks-on-ships-on-the-strait/article_33dbb930-216e-5d14-9cf1-8e1baa72ee1e.html
1313290499,20260713,202607,2026,2026.5288,PAK,PAKISTAN,PAK,,,,,,,,EGY,EGYPT,EGY,,,,,,,,0,037,037,03,1,5.0,1,1,1,-5.27803958529689,4,"Tehran, Tehran, Iran",IR,IR26,41130,35.75,51.5148,10074674,1,Pakistan,PK,PK,,30,70,PK,1,Pakistan,PK,PK,,30,70,PK,20260713001500,https://www.journalgazette.net/news/world/us-strikes-iran-again-as-it-tries-to-limit-attacks-on-ships-on-the-strait/article_33dbb930-216e-5d14-9cf1-8e1baa72ee1e.html
1313290500,20260713,202607,2026,2026.5288,PAK,PAKISTAN,PAK,,,,,,,,IRN,IRAN,IRN,,,,,,,,0,041,041,04,1,1.0,2,1,2,-5.27803958529689,1,Pakistan,PK,PK,,30,70,PK,1,Pakistan,PK,PK,,30,70,PK,1,Pakistan,PK,PK,,30,70,PK,20260713001500,https://www.journalgazette.net/news/world/us-strikes-iran-again-as-it-tries-to-limit-attacks-on-ships-on-the-strait/article_33dbb930-216e-5d14-9cf1-8e1baa72ee1e.html
1313290501,20260713,202607,2026,2026.5288,PAK,PAKISTAN,PAK,,,,,,,,OMN,OMAN,OMN,,,,,,,,0,010,010,01,1,0.0,1,1,1,-3.04127443881245,4,"Islamabad, Islamabad, Pakistan",PK,PK08,23674,33.7,73.1667,-2762812,4,"Islamabad, Islamabad, Pakistan",PK,PK08,23674,33.7,73.1667,-2762812,4,"Ministry Of Foreign Affairs, Masqat, Oman",MU,MU06,23611,23.6165,58.4691,11318952,20260713001500,http://www.malaysiasun.com/news/279183164/regional-tensions-escalate-as-iran-targets-gulf-nations-oic-and-neighbors-condemn-flagrant-attacks
1313290502,20260713,202607,2026,2026.5288,PAK,PAKISTAN,PAK,,,,,,,,OMN,OMAN,OMN,,,,,,,,0,010,010,01,1,0.0,1,1,1,-3.04127443881245,4,"Islamabad, Islamabad, Pakistan",PK,PK08,23674,33.7,73.1667,-2762812,4,"Ministry Of Foreign Affairs, Masqat, Oman",MU,MU06,23611,23.6165,58.4691,11318952,4,"Ministry Of Foreign Affairs, Masqat, Oman",MU,MU06,23611,23.6165,58.4691,11318952,20260713001500,http://www.malaysiasun.com/news/279183164/regional-tensions-escalate-as-iran-targets-gulf-nations-oic-and-neighbors-condemn-flagrant-attacks
1313290503,20260713,202607,2026,2026.5288,PAK,PAKISTAN,PAK,,,,,,,,OMN,OMAN,OMN,,,,,,,,0,012,012,01,1,-0.4,1,1,1,-3.04127443881245,4,"Islamabad, Islamabad, Pakistan",PK,PK08,23674,33.7,73.1667,-2762812,4,"Islamabad, Islamabad, Pakistan",PK,PK08,23674,33.7,73.1667,-2762812,4,"Ministry Of Foreign Affairs, Masqat, Oman",MU,MU06,23611,23.6165,58.4691,11318952,20260713001500,http://www.malaysiasun.com/news/279183164/regional-tensions-escalate-as-iran-targets-gulf-nations-oic-and-neighbors-condemn-flagrant-attacks
1313290504,20260713,202607,2026,2026.5288,PAK,PAKISTAN,PAK,,,,,,,,OMN,OMAN,OMN,,,,,,,,0,012,012,01,1,-0.4,1,1,1,-3.04127443881245,4,"Islamabad, Islamabad, Pakistan",PK,PK08,23674,33.7,73.1667,-2762812,4,"Ministry Of Foreign Affairs, Masqat, Oman",MU,MU06,23611,23.6165,58.4691,11318952,4,"Ministry Of Foreign Affairs, Masqat, Oman",MU,MU06,23611,23.6165,58.4691,11318952,20260713001500,http://www.malaysiasun.com/news/279183164/regional-tensions-escalate-as-iran-targets-gulf-nations-oic-and-neighbors-condemn-flagrant-attacks
1313290505,20260713,202607,2026,2026.5288,PAKGOV,PAKISTAN,PAK,,,,,GOV,,,,,,,,,,,,,0,010,010,01,1,0.0,1,1,1,-3.04127443881245,4,"Islamabad, Islamabad, Pakistan",PK,PK08,23674,33.7,73.1667,-2762812,0,,,,,,,,4,"Ministry Of Foreign Affairs, Masqat, Oman",MU,MU06,23611,23.6165,58.4691,11318952,20260713001500,http://www.malaysiasun.com/news/279183164/regional-tensions-escalate-as-iran-targets-gulf-nations-oic-and-neighbors-condemn-flagrant-attacks
1313290506,20260713,202607,2026,2026.5288,PAKGOV,PAKISTAN,PAK,,,,,GOV,,,,,,,,,,,,,0,012,012,01,1,-0.4,1,1,1,-3.04127443881245,4,"Islamabad, Islamabad, Pakistan",PK,PK08,23674,33.7,73.1667,-2762812,0,,,,,,,,4,"Ministry Of Foreign Affairs, Masqat, Oman",MU,MU06,23611,23.6165,58.4691,11318952,20260713001500,http://www.malaysiasun.com/news/279183164/regional-tensions-escalate-as-iran-targets-gulf-nations-oic-and-neighbors-condemn-flagrant-attacks
1313290507,20260713,202607,2026,2026.5288,PAKGOV,PAKISTAN,PAK,,,,,GOV,,,OMN,OMAN,OMN,,,,,,,,0,010,010,01,1,0.0,1,1,1,-3.04127443881245,4,"Islamabad, Islamabad, Pakistan",PK,PK08,23674,33.7,73.1667,-2762812,4,"Islamabad, Islamabad, Pakistan",PK,PK08,23674,33.7,73.1667,-2762812,4,"Ministry Of Foreign Affairs, Masqat, Oman",MU,MU06,23611,23.6165,58.4691,11318952,20260713001500,http://www.malaysiasun.com/news/279183164/regional-tensions-escalate-as-iran-targets-gulf-nations-oic-and-neighbors-condemn-flagrant-attacks
1313290508,20260713,202607,2026,2026.5288,PAKGOV,PAKISTAN,PAK,,,,,GOV,,,OMN,OMAN,OMN,,,,,,,,0,010,010,01,1,0.0,1,1,1,-3.04127443881245,4,"Islamabad, Islamabad, Pakistan",PK,PK08,23674,33.7,73.1667,-2762812,4,"Ministry Of Foreign Affairs, Masqat, Oman",MU,MU06,23611,23.6165,58.4691,11318952,4,"Ministry Of Foreign Affairs, Masqat, Oman",MU,MU06,23611,23.6165,58.4691,11318952,20260713001500,http://www.malaysiasun.com/news/279183164/regional-tensions-escalate-as-iran-targets-gulf-nations-oic-and-neighbors-condemn-flagrant-attacks
1313290509,20260713,202607,2026,2026.5288,PAKGOV,PAKISTAN,PAK,,,,,GOV,,,OMN,OMAN,OMN,,,,,,,,0,012,012,01,1,-0.4,1,1,1,-3.04127443881245,4,"Islamabad, Islamabad, Pakistan",PK,PK08,23674,33.7,73.1667,-2762812,4,"Islamabad, Islamabad, Pakistan",PK,PK08,23674,33.7,73.1667,-2762812,4,"Ministry Of Foreign Affairs, Masqat, Oman",MU,MU06,23611,23.6165,58.4691,11318952,20260713001500,http://www.malaysiasun.com/news/279183164/regional-tensions-escalate-as-iran-targets-gulf-nations-oic-and-neighbors-condemn-flagrant-attacks
1313290510,20260713,202607,2026,2026.5288,PAKGOV,PAKISTAN,PAK,,,,,GOV,,,OMN,OMAN,OMN,,,,,,,,0,012,012,01,1,-0.4,1,1,1,-3.04127443881245,4,"Islamabad, Islamabad, Pakistan",PK,PK08,23674,33.7,73.1667,-2762812,4,"Ministry Of Foreign Affairs, Masqat, Oman",MU,MU06,23611,23.6165,58.4691,11318952,4,"Ministry Of Foreign Affairs, Masqat, Oman",MU,MU06,23611,23.6165,58.4691,11318952,20260713001500,http://www.malaysiasun.com/news/279183164/regional-tensions-escalate-as-iran-targets-gulf-nations-oic-and-neighbors-condemn-flagrant-attacks
1313290511,20260713,202607,2026,2026.5288,PHL,PHILIPPINE,PHL,,,,,,,,,,,,,,,,,,1,026,026,02,1,4.0,3,1,3,2.04918032786886,1,Philippines,RP,RP,,13,122,RP,0,,,,,,,,1,Philippines,RP,RP,,13,122,RP,20260713001500,https://www.freemalaysiatoday.com/category/highlight/2026/07/13/aung-sang-suu-kyi-in-good-health-myanmar-tells-asean
1313290512,20260713,202607,2026,2026.5288,PHL,PHILIPPINE,PHL,,,,,,,,MMRGOV,MYANMAR,MMR,,,,,GOV,,,1,010,010,01,1,0.0,4,1,4,2.04918032786886,1,Philippines,RP,RP,,13,122,RP,1,Philippines,RP,RP,,13,122,RP,1,Philippines,RP,RP,,13,122,RP,20260713001500,https://www.freemalaysiatoday.com/category/highlight/2026/07/13/aung-sang-suu-kyi-in-good-health-myanmar-tells-asean
1313290513,20260713,202607,2026,2026.5288,PHL,PHILIPPINE,PHL,,,,,,,,MMRGOV,MYANMAR,MMR,,,,,GOV,,,1,040,040,04,1,1.0,4,1,4,2.04918032786886,1,Philippines,RP,RP,,13,122,RP,1,Philippines,RP,RP,,13,122,RP,1,Philippines,RP,RP,,13,122,RP,20260713001500,https://www.freemalaysiatoday.com/category/highlight/2026/07/13/aung-sang-suu-kyi-in-good-health-myanmar-tells-asean
1313290514,20260713,202607,2026,2026.5288,POL,POLE,POL,,,,,,,,,,,,,,,,,,1,172,172,17,4,-5.0,5,1,5,-8.37988826815642,0,,,,,,,,0,,,,,,,,0,,,,,,,,20260713001500,https://wpde.com/news/local/severe-storm-topples-12-power-poles-closes-old-marion-highway-in-florence-county
1313290515,20260713,202607,2026,2026.5288,PSE,PALESTINIAN,PSE,,,,,,,,CVL,VOTER,,,,,,CVL,,,1,110,110,11,3,-2.0,2,1,2,-1.3531799729364,4,"Yesha, HaDarom, Israel",IS,IS01,18315,31.2473,34.4028,-781749,4,"Yesha, HaDarom, Israel",IS,IS01,18315,31.2473,34.4028,-781749,4,"Yesha, HaDarom, Israel",IS,IS01,18315,31.2473,34.4028,-781749,20260713001500,https://www.freemalaysiatoday.com/category/world/2026/07/13/the-main-candidates-facing-netanyahu-in-israels-elections
1313290516,20260713,202607,2026,2026.5288,PSE,PALESTINIAN,PSE,,,,,,,,ISR,ISRAEL,ISR,,,,,,,,1,110,110,11,3,-2.0,4,1,4,-1.3531799729364,4,"Yesha, HaDarom, Israel",IS,IS01,18315,31.2473,34.4028,-781749,4,"Yesha, HaDarom, Israel",IS,IS01,18315,31.2473,34.4028,-781749,4,"Yesha, HaDarom, Israel",IS,IS01,18315,31.2473,34.4028,-781749,20260713001500,https://www.freemalaysiatoday.com/category/world/2026/07/13/the-main-candidates-facing-netanyahu-in-israels-elections
1313290517,20260713,202607,2026,2026.5288,PSEREB,HAMAS,PSE,,,,,REB,,,ISR,ISRAEL,ISR,,,,,,,,1,043,043,04,1,2.8,6,1,6,-1.3531799729364,4,"Yesha, HaDarom, Israel",IS,IS01,18315,31.2473,34.4028,-781749,4,"Yesha, HaDarom, Israel",IS,IS01,18315,31.2473,34.4028,-781749,4,"Yesha, HaDarom, Israel",IS,IS01,18315,31.2473,34.4028,-781749,20260713001500,https://www.freemalaysiatoday.com/category/world/2026/07/13/the-main-candidates-facing-netanyahu-in-israels-elections
1313290518,20260713,202607,2026,2026.5288,PSEREB,HAMAS,PSE,,,,,REB,,,UAF,MILITANT,,,,,,UAF,,,0,190,190,19,4,-10.0,5,1,5,-8.73239436619718,4,"Gaza, Israel (general), Israel",IS,IS00,18315,31.4167,34.3333,-797156,4,"Gaza, Israel (general), Israel",IS,IS00,18315,31.4167,34.3333,-797156,4,"Gaza, Israel (general), Israel",IS,IS00,18315,31.4167,34.3333,-797156,20260713001500,https://www.gjsentinel.com/news/world/israeli-fire-in-gaza-kills-5-people-including-a-little-girl-health-officials-say/article_aa9b5fd0-8f8d-5b84-a541-b6f2aae497a1.html
1313290519,20260713,202607,2026,2026.5288,QAT,QATAR,QAT,,,,,,,,,,,,,,,,,,0,010,010,01,1,0.0,10,1,10,-3.04127443881245,1,Qatar,QA,QA,,25.5,51.25,QA,0,,,,,,,,1,Qatar,QA,QA,,25.5,51.25,QA,20260713001500,http://www.malaysiasun.com/news/279183164/regional-tensions-escalate-as-iran-targets-gulf-nations-oic-and-neighbors-condemn-flagrant-attacks
1313290520,20260713,202607,2026,2026.5288,QAT,QATAR,QAT,,,,,,,,,,,,,,,,,,0,020,020,02,1,3.0,10,1,10,-3.04127443881245,1,Qatar,QA,QA,,25.5,51.25,QA,0,,,,,,,,1,Qatar,QA,QA,,25.5,51.25,QA,20260713001500,http://www.malaysiasun.com/news/279183164/regional-tensions-escalate-as-iran-targets-gulf-nations-oic-and-neighbors-condemn-flagrant-attacks
1313290521,20260713,202607,2026,2026.5288,QAT,QATAR,QAT,,,,,,,,,,,,,,,,,,0,114,114,11,3,-2.0,10,1,10,-3.04127443881245,1,Qatar,QA,QA,,25.5,51.25,QA,0,,,,,,,,1,Qatar,QA,QA,,25.5,51.25,QA,20260713001500,http://www.malaysiasun.com/news/279183164/regional-tensions-escalate-as-iran-targets-gulf-nations-oic-and-neighbors-condemn-flagrant-attacks
1313290522,20260713,202607,2026,2026.5288,RUS,RUSSIA,RUS,,,,,,,,,,,,,,,,,,1,020,020,02,1,3.0,1,1,1,-1.01010101010101,4,"Moscow, Moskva, Russia",RS,RS48,25106,55.7522,37.6156,-2960561,0,,,,,,,,4,"Kyiv, Kyyiv, Misto, Ukraine",UP,UP12,28554,50.4333,30.5167,-1044367,20260713001500,https://navhindtimes.in/worldnews/us-senator-lindsey-graham-close-trump-ally-foreign-policy-hawk-dies-at-71/
1313290523,20260713,202607,2026,2026.5288,RUS,RUSSIA,RUS,,,,,,,,,,,,,,,,,,1,020,020,02,1,3.0,1,1,1,-1.01010101010101,4,"Moscow, Moskva, Russia",RS,RS48,25106,55.7522,37.6156,-2960561,0,,,,,,,,4,"New Delhi, Delhi, India",IN,IN07,17911,28.6,77.2,-2106102,20260713001500,https://navhindtimes.in/worldnews/us-senator-lindsey-graham-close-trump-ally-foreign-policy-hawk-dies-at-71/
1313290524,20260713,202607,2026,2026.5288,RUS,RUSSIA,RUS,,,,,,,,RUSGOV,RUSSIA,RUS,,,,,GOV,,,0,020,020,02,1,3.0,1,1,1,1.00840336134454,1,Russia,RS,RS,,60,100,RS,1,Russia,RS,RS,,60,100,RS,4,"Kyiv, Kyyiv, Misto, Ukraine",UP,UP12,28554,50.4333,30.5167,-1044367,20260713001500,https://www.yakimaherald.com/news/nation_and_world/nation/lindsey-graham-remembered-for-a-vision-of-american-foreign-policy-that-s-fading-in-washington/article_c695ff8a-89b3-5b89-81d4-b357930e810d.html
1313290525,20260713,202607,2026,2026.5288,RUS,RUSSIA,RUS,,,,,,,,UKR,UKRAINE,UKR,,,,,,,,0,051,051,05,1,3.4,2,1,2,1.00840336134454,1,Russia,RS,RS,,60,100,RS,4,"Kyiv, Kyyiv, Misto, Ukraine",UP,UP12,28554,50.4333,30.5167,-1044367,4,"Kyiv, Kyyiv, Misto, Ukraine",UP,UP12,28554,50.4333,30.5167,-1044367,20260713001500,https://www.yakimaherald.com/news/nation_and_world/nation/lindsey-graham-remembered-for-a-vision-of-american-foreign-policy-that-s-fading-in-washington/article_c695ff8a-89b3-5b89-81d4-b357930e810d.html
1313290526,20260713,202607,2026,2026.5288,RUS,RUSSIA,RUS,,,,,,,,UKR,UKRAINE,UKR,,,,,,,,0,051,051,05,1,3.4,2,1,2,1.00840336134454,1,Russia,RS,RS,,60,100,RS,1,Estonia,EN,EN,,59,26,EN,1,Estonia,EN,EN,,59,26,EN,20260713001500,https://www.yakimaherald.com/news/nation_and_world/nation/lindsey-graham-remembered-for-a-vision-of-american-foreign-policy-that-s-fading-in-washington/article_c695ff8a-89b3-5b89-81d4-b357930e810d.html
1313290527,20260713,202607,2026,2026.5288,RUS,RUSSIA,RUS,,,,,,,,USA,UNITED STATES,USA,,,,,,,,0,051,051,05,1,3.4,2,1,2,1.00840336134454,1,Russia,RS,RS,,60,100,RS,2,"South Carolina, United States",US,USSC,,33.8191,-80.9066,SC,1,Estonia,EN,EN,,59,26,EN,20260713001500,https://www.yakimaherald.com/news/nation_and_world/nation/lindsey-graham-remembered-for-a-vision-of-american-foreign-policy-that-s-fading-in-washington/article_c695ff8a-89b3-5b89-81d4-b357930e810d.html
1313290528,20260713,202607,2026,2026.5288,RUS,RUSSIA,RUS,,,,,,,,USA,UNITED STATES,USA,,,,,,,,0,051,051,05,1,3.4,2,1,2,1.00840336134454,1,Russia,RS,RS,,60,100,RS,2,"South Carolina, United States",US,USSC,,33.8191,-80.9066,SC,2,"South Carolina, United States",US,USSC,,33.8191,-80.9066,SC,20260713001500,https://www.yakimaherald.com/news/nation_and_world/nation/lindsey-graham-remembered-for-a-vision-of-american-foreign-policy-that-s-fading-in-washington/article_c695ff8a-89b3-5b89-81d4-b357930e810d.html
1313290529,20260713,202607,2026,2026.5288,SAU,SAUDI ARABIA,SAU,,,,,,,,,,,,,,,,,,0,100,100,10,3,-5.0,2,1,2,-3.04127443881245,4,"Tehran, Tehran, Iran",IR,IR26,41130,35.75,51.5148,10074674,0,,,,,,,,4,"Tehran, Tehran, Iran",IR,IR26,41130,35.75,51.5148,10074674,20260713001500,http://www.malaysiasun.com/news/279183164/regional-tensions-escalate-as-iran-targets-gulf-nations-oic-and-neighbors-condemn-flagrant-attacks
1313290530,20260713,202607,2026,2026.5288,SAU,SAUDI ARABIA,SAU,,,,,,,,IRN,IRANIAN,IRN,,,,,,,,0,040,040,04,1,1.0,4,1,4,-3.04127443881245,4,"Al Wusta, Ar Riya?, Saudi Arabia",SA,SA10,25316,24.5031,46.367,-3092669,4,"Bandar Abbas, Hormozgan, Iran",IR,IR11,40896,27.1865,56.2808,-3055107,4,"Bandar Abbas, Hormozgan, Iran",IR,IR11,40896,27.1865,56.2808,-3055107,20260713001500,http://www.malaysiasun.com/news/279183164/regional-tensions-escalate-as-iran-targets-gulf-nations-oic-and-neighbors-condemn-flagrant-attacks
1313290531,20260713,202607,2026,2026.5288,SPY,INTELLIGENCE,,,,,,SPY,,,,,,,,,,,,,0,051,051,05,1,3.4,5,1,5,-5.46448087431696,1,Sri Lanka,CE,CE,,7,81,CE,0,,,,,,,,1,Sri Lanka,CE,CE,,7,81,CE,20260713001500,https://island.lk/abandoned-fighters-divisive-monuments-and-the-imperative-of-one-sri-lanka/
1313290532,20260713,202607,2026,2026.5288,SPY,INTELLIGENCE,,,,,,SPY,,,,,,,,,,,,,0,128,128,12,3,-5.0,5,1,5,-5.46448087431696,1,Sri Lanka,CE,CE,,7,81,CE,0,,,,,,,,1,Sri Lanka,CE,CE,,7,81,CE,20260713001500,https://island.lk/abandoned-fighters-divisive-monuments-and-the-imperative-of-one-sri-lanka/
1313290533,20260713,202607,2026,2026.5288,THA,BANGKOK,THA,,,,,,,,,,,,,,,,,,1,172,172,17,4,-5.0,24,2,16,-6.57401931795781,4,"Bangkok, Krung Thep Mahanakhon, Thailand",TH,TH40,26423,13.75,100.517,-3250083,0,,,,,,,,4,"Bangkok, Krung Thep Mahanakhon, Thailand",TH,TH40,26423,13.75,100.517,-3250083,20260713001500,https://www.freemalaysiatoday.com/category/highlight/2026/07/13/at-least-27-dead-in-bangkok-bar-fire-says-pm
1313290534,20260713,202607,2026,2026.5288,THA,THAI,THA,,,,,,,,MED,MEDIA,,,,,,MED,,,1,013,013,01,1,0.4,5,1,4,-3.93258426966292,4,"Bangkok, Krung Thep Mahanakhon, Thailand",TH,TH40,26423,13.75,100.517,-3250083,4,"Bangkok, Krung Thep Mahanakhon, Thailand",TH,TH40,26423,13.75,100.517,-3250083,4,"Bangkok, Krung Thep Mahanakhon, Thailand",TH,TH40,26423,13.75,100.517,-3250083,20260713001500,https://www.freemalaysiatoday.com/category/highlight/2026/07/13/at-least-27-dead-in-bangkok-bar-fire-says-pm
1313290535,20260713,202607,2026,2026.5288,THA,BANGKOK,THA,,,,,,,,THAGOV,THAILAND,THA,,,,,GOV,,,0,010,010,01,1,0.0,8,4,8,-4.61799002200971,4,"Bangkok, Krung Thep Mahanakhon, Thailand",TH,TH40,26423,13.75,100.517,-3250083,4,"Bangkok, Krung Thep Mahanakhon, Thailand",TH,TH40,26423,13.75,100.517,-3250083,4,"Bangkok, Krung Thep Mahanakhon, Thailand",TH,TH40,26423,13.75,100.517,-3250083,20260713001500,https://www.cbc.ca/news/world/bangkok-pub-fire-9.7267674
1313290536,20260713,202607,2026,2026.5288,THACOP,THAI,THA,,,,,COP,,,MED,MEDIA,,,,,,MED,,,0,013,013,01,1,0.4,6,1,6,-3.93258426966292,4,"Bangkok, Krung Thep Mahanakhon, Thailand",TH,TH40,26423,13.75,100.517,-3250083,4,"Bangkok, Krung Thep Mahanakhon, Thailand",TH,TH40,26423,13.75,100.517,-3250083,4,"Bangkok, Krung Thep Mahanakhon, Thailand",TH,TH40,26423,13.75,100.517,-3250083,20260713001500,https://www.freemalaysiatoday.com/category/highlight/2026/07/13/at-least-27-dead-in-bangkok-bar-fire-says-pm
1313290537,20260713,202607,2026,2026.5288,THAGOV,BANGKOK,THA,,,,,GOV,,,,,,,,,,,,,0,010,010,01,1,0.0,21,4,21,-4.62835223294616,4,"Bangkok, Krung Thep Mahanakhon, Thailand",TH,TH40,26423,13.75,100.517,-3250083,0,,,,,,,,4,"Bangkok, Krung Thep Mahanakhon, Thailand",TH,TH40,26423,13.75,100.517,-3250083,20260713001500,https://www.northerndailyleader.com.au/story/9309245/bangkok-pub-fire-kills-27-people-22-critically-injured/
1313290538,20260713,202607,2026,2026.5288,THAGOV,BANGKOK,THA,,,,,GOV,,,,,,,,,,,,,0,010,010,01,1,0.0,3,1,3,-4.54545454545455,4,"Lat Phrao, Krung Thep Mahanakhon, Thailand",TH,TH40,26414,13.8035,100.607,10503207,0,,,,,,,,4,"Lat Phrao, Krung Thep Mahanakhon, Thailand",TH,TH40,26414,13.8035,100.607,10503207,20260713001500,https://www.cbc.ca/news/world/bangkok-pub-fire-9.7267674
1313290539,20260713,202607,2026,2026.5288,THAGOV,THAILAND,THA,,,,,GOV,,,MED,LOCAL MEDIA,,,,,,MED,,,1,013,013,01,1,0.4,1,1,1,-3.93258426966292,4,"Bangkok, Krung Thep Mahanakhon, Thailand",TH,TH40,26423,13.75,100.517,-3250083,4,"Bangkok, Krung Thep Mahanakhon, Thailand",TH,TH40,26423,13.75,100.517,-3250083,4,"Bangkok, Krung Thep Mahanakhon, Thailand",TH,TH40,26423,13.75,100.517,-3250083,20260713001500,https://www.freemalaysiatoday.com/category/highlight/2026/07/13/at-least-27-dead-in-bangkok-bar-fire-says-pm
1313290540,20260713,202607,2026,2026.5288,UAF,FIGHTER,,,,,,UAF,,,,,,,,,,,,,0,051,051,05,1,3.4,5,1,5,-5.46448087431696,1,Sri Lanka,CE,CE,,7,81,CE,0,,,,,,,,1,Sri Lanka,CE,CE,,7,81,CE,20260713001500,https://island.lk/abandoned-fighters-divisive-monuments-and-the-imperative-of-one-sri-lanka/
1313290541,20260713,202607,2026,2026.5288,UKR,UKRAINE,UKR,,,,,,,,,,,,,,,,,,0,051,051,05,1,3.4,3,1,3,1.00840336134454,4,"Kyiv, Kyyiv, Misto, Ukraine",UP,UP12,28554,50.4333,30.5167,-1044367,0,,,,,,,,4,"Kharg Island, Bushehr, Iran",IR,IR22,40962,29.2458,50.3158,-3070760,20260713001500,https://www.yakimaherald.com/news/nation_and_world/nation/lindsey-graham-remembered-for-a-vision-of-american-foreign-policy-that-s-fading-in-washington/article_c695ff8a-89b3-5b89-81d4-b357930e810d.html
1313290542,20260713,202607,2026,2026.5288,UKR,KYIV,UKR,,,,,,,,GOV,ADMINISTRATION,,,,,,GOV,,,0,042,042,04,1,1.9,3,1,3,1.00840336134454,4,"Kyiv, Kyyiv, Misto, Ukraine",UP,UP12,28554,50.4333,30.5167,-1044367,4,"Kyiv, Kyyiv, Misto, Ukraine",UP,UP12,28554,50.4333,30.5167,-1044367,4,"Kyiv, Kyyiv, Misto, Ukraine",UP,UP12,28554,50.4333,30.5167,-1044367,20260713001500,https://www.yakimaherald.com/news/nation_and_world/nation/lindsey-graham-remembered-for-a-vision-of-american-foreign-policy-that-s-fading-in-washington/article_c695ff8a-89b3-5b89-81d4-b357930e810d.html
1313290543,20260713,202607,2026,2026.5288,UKR,UKRAINE,UKR,,,,,,,,GOV,ADMINISTRATION,,,,,,GOV,,,0,163,163,16,4,-8.0,2,1,2,1.00840336134454,4,"Kyiv, Kyyiv, Misto, Ukraine",UP,UP12,28554,50.4333,30.5167,-1044367,1,Russia,RS,RS,,60,100,RS,3,"Washington, District of Columbia, United States",US,USDC,DC001,38.8951,-77.0364,531871,20260713001500,https://www.yakimaherald.com/news/nation_and_world/nation/lindsey-graham-remembered-for-a-vision-of-american-foreign-policy-that-s-fading-in-washington/article_c695ff8a-89b3-5b89-81d4-b357930e810d.html
1313290544,20260713,202607,2026,2026.5288,UKR,UKRAINE,UKR,,,,,,,,GOV,ADMINISTRATION,,,,,,GOV,,,0,163,163,16,4,-8.0,2,1,2,1.00840336134454,3,"Washington, District of Columbia, United States",US,USDC,DC001,38.8951,-77.0364,531871,3,"Washington, District of Columbia, United States",US,USDC,DC001,38.8951,-77.0364,531871,3,"Washington, District of Columbia, United States",US,USDC,DC001,38.8951,-77.0364,531871,20260713001500,https://www.yakimaherald.com/news/nation_and_world/nation/lindsey-graham-remembered-for-a-vision-of-american-foreign-policy-that-s-fading-in-washington/article_c695ff8a-89b3-5b89-81d4-b357930e810d.html
1313290545,20260713,202607,2026,2026.5288,UKR,UKRAINE,UKR,,,,,,,,ISR,ISRAEL,ISR,,,,,,,,1,043,043,04,1,2.8,2,1,2,-4.82758620689655,1,Ukraine,UP,UP,,49,32,UP,1,Israel,IS,IS,,31.5,34.75,IS,1,Ukraine,UP,UP,,49,32,UP,20260713001500,https://www.radioseoul1650.com/archives/146872
1313290546,20260713,202607,2026,2026.5288,UKR,UKRAINE,UKR,,,,,,,,USA,UNITED STATES,USA,,,,,,,,0,041,041,04,1,1.0,2,1,2,-0.29069767441861,2,"California, United States",US,USCA,,36.17,-119.746,CA,2,"California, United States",US,USCA,,36.17,-119.746,CA,2,"California, United States",US,USCA,,36.17,-119.746,CA,20260713001500,https://timesofsandiego.com/politics/2026/07/12/californias-lawmakers-share-remembrances-following-sen-lindsay-grahams-death/
1313290547,20260713,202607,2026,2026.5288,UKR,UKRAINE,UKR,,,,,,,,USA,UNITED STATES,USA,,,,,,,,0,041,041,04,1,1.0,2,1,2,-0.29069767441861,1,Ukraine,UP,UP,,49,32,UP,2,"California, United States",US,USCA,,36.17,-119.746,CA,2,"California, United States",US,USCA,,36.17,-119.746,CA,20260713001500,https://timesofsandiego.com/politics/2026/07/12/californias-lawmakers-share-remembrances-following-sen-lindsay-grahams-death/
1313290548,20260713,202607,2026,2026.5288,UKR,KYIV,UKR,,,,,,,,USA,UNITED STATES,USA,,,,,,,,0,042,042,04,1,1.9,1,1,1,1.00840336134454,4,"Kyiv, Kyyiv, Misto, Ukraine",UP,UP12,28554,50.4333,30.5167,-1044367,3,"Washington, District of Columbia, United States",US,USDC,DC001,38.8951,-77.0364,531871,4,"Kyiv, Kyyiv, Misto, Ukraine",UP,UP12,28554,50.4333,30.5167,-1044367,20260713001500,https://www.yakimaherald.com/news/nation_and_world/nation/lindsey-graham-remembered-for-a-vision-of-american-foreign-policy-that-s-fading-in-washington/article_c695ff8a-89b3-5b89-81d4-b357930e810d.html
1313290549,20260713,202607,2026,2026.5288,UKR,KYIV,UKR,,,,,,,,USA,UNITED STATES,USA,,,,,,,,0,042,042,04,1,1.9,1,1,1,1.00840336134454,3,"Washington, District of Columbia, United States",US,USDC,DC001,38.8951,-77.0364,531871,3,"Washington, District of Columbia, United States",US,USDC,DC001,38.8951,-77.0364,531871,3,"Washington, District of Columbia, United States",US,USDC,DC001,38.8951,-77.0364,531871,20260713001500,https://www.yakimaherald.com/news/nation_and_world/nation/lindsey-graham-remembered-for-a-vision-of-american-foreign-policy-that-s-fading-in-washington/article_c695ff8a-89b3-5b89-81d4-b357930e810d.html
1313290550,20260713,202607,2026,2026.5288,UKR,UKRAINE,UKR,,,,,,,,USA,UNITED STATES,USA,,,,,,,,1,043,043,04,1,2.8,2,1,2,-4.82758620689655,3,"Washington, District of Columbia, United States",US,USDC,DC001,38.8951,-77.0364,531871,3,"Washington, District of Columbia, United States",US,USDC,DC001,38.8951,-77.0364,531871,3,"Washington, District of Columbia, United States",US,USDC,DC001,38.8951,-77.0364,531871,20260713001500,https://www.radioseoul1650.com/archives/146872
1313290551,20260713,202607,2026,2026.5288,UKR,UKRAINE,UKR,,,,,,,,USA,UNITED STATES,USA,,,,,,,,0,043,043,04,1,2.8,2,1,2,-0.29069767441861,2,"California, United States",US,USCA,,36.17,-119.746,CA,2,"California, United States",US,USCA,,36.17,-119.746,CA,2,"California, United States",US,USCA,,36.17,-119.746,CA,20260713001500,https://timesofsandiego.com/politics/2026/07/12/californias-lawmakers-share-remembrances-following-sen-lindsay-grahams-death/
1313290552,20260713,202607,2026,2026.5288,UKR,UKRAINE,UKR,,,,,,,,USA,UNITED STATES,USA,,,,,,,,0,043,043,04,1,2.8,2,1,2,-0.29069767441861,1,Ukraine,UP,UP,,49,32,UP,2,"California, United States",US,USCA,,36.17,-119.746,CA,1,Ukraine,UP,UP,,49,32,UP,20260713001500,https://timesofsandiego.com/politics/2026/07/12/californias-lawmakers-share-remembrances-following-sen-lindsay-grahams-death/
1313290553,20260713,202607,2026,2026.5288,UKR,UKRAINE,UKR,,,,,,,,USA,UNITED STATES,USA,,,,,,,,1,051,051,05,1,3.4,4,1,4,-4.82758620689655,3,"Capitol Hill, District of Columbia, United States",US,USDC,DC001,38.889,-77.0003,529313,3,"Capitol Hill, District of Columbia, United States",US,USDC,,38.889,-77.0003,529313,3,"Capitol Hill, District of Columbia, United States",US,USDC,,38.889,-77.0003,529313,20260713001500,https://www.radioseoul1650.com/archives/146872
1313290554,20260713,202607,2026,2026.5288,USA,AMERICAN,USA,,,,,,,,,,,,,,,,,,1,010,010,01,1,0.0,6,1,6,-1.01010101010101,4,"Kyiv, Kyyiv, Misto, Ukraine",UP,UP12,28554,50.4333,30.5167,-1044367,0,,,,,,,,4,"Kyiv, Kyyiv, Misto, Ukraine",UP,UP12,28554,50.4333,30.5167,-1044367,20260713001500,https://navhindtimes.in/worldnews/us-senator-lindsey-graham-close-trump-ally-foreign-policy-hawk-dies-at-71/
1313290555,20260713,202607,2026,2026.5288,USA,AMERICAN,USA,,,,,,,,,,,,,,,,,,1,010,010,01,1,0.0,2,1,2,-1.01010101010101,4,"Kyiv, Kyyiv, Misto, Ukraine",UP,UP12,28554,50.4333,30.5167,-1044367,0,,,,,,,,3,"Washington, District of Columbia, United States",US,USDC,DC001,38.8951,-77.0364,531871,20260713001500,https://navhindtimes.in/worldnews/us-senator-lindsey-graham-close-trump-ally-foreign-policy-hawk-dies-at-71/
1313290556,20260713,202607,2026,2026.5288,USA,UNITED STATES,USA,,,,,,,,,,,,,,,,,,1,010,010,01,1,0.0,6,1,6,-6.45161290322581,3,"Florence County, South Carolina, United States",US,USSC,SC041,34.0502,-79.6665,1248001,0,,,,,,,,3,"Florence County, South Carolina, United States",US,USSC,,34.0502,-79.6665,1248001,20260713001500,https://wpde.com/news/local/fcso-deputies-respond-to-reported-shooting-with-victim-on-daniels-road-in-lake-city
1313290557,20260713,202607,2026,2026.5288,USA,UNITED STATES,USA,,,,,,,,,,,,,,,,,,0,010,010,01,1,0.0,4,1,4,4.18781725888325,3,"Hollywood, California, United States",US,USCA,CA037,34.0983,-118.327,1660757,0,,,,,,,,3,"Hollywood, California, United States",US,USCA,CA037,34.0983,-118.327,1660757,20260713001500,https://www.womansworld.com/entertainment/books/these-are-drew-barrymores-favorite-books-to-read
1313290558,20260713,202607,2026,2026.5288,USA,UNITED STATES,USA,,,,,,,,,,,,,,,,,,1,010,010,01,1,0.0,4,1,4,1.04166666666667,3,"Caymus, California, United States",US,USCA,CA055,38.4544,-122.401,233645,0,,,,,,,,3,"Caymus, California, United States",US,USCA,CA055,38.4544,-122.401,233645,20260713001500,https://www.wineandspiritsmagazine.com/news/wine-spirits-magazine-releases-results-from-its-31st-annual-restaurant-poll
1313290559,20260713,202607,2026,2026.5288,USA,UNITED STATES,USA,,,,,,,,,,,,,,,,,,0,010,010,01,1,0.0,8,2,8,-4.19163346613546,3,"Santa Clara University, California, United States",US,USCA,CA085,37.3495,-121.937,236867,0,,,,,,,,3,"Santa Clara University, California, United States",US,USCA,,37.3495,-121.937,236867,20260713001500,https://www.cairnspost.com.au/motoring/motoring-news/selfdriving-waymo-snitch-drops-teens-off-to-cops/news-story/a5a6f3ca78ec09823f147e2b7408c17e?nk=8aea838d21364f7726c75565f4d0f5b3-1783900891
1313290560,20260713,202607,2026,2026.5288,USA,UNITED STATES,USA,,,,,,,,,,,,,,,,,,1,010,010,01,1,0.0,4,1,4,-3.30097087378641,3,"Miami, Florida, United States",US,USFL,FL086,25.7743,-80.1937,295004,0,,,,,,,,3,"Miami, Florida, United States",US,USFL,FL086,25.7743,-80.1937,295004,20260713001500,https://reviewingthebrew.com/brewers-fans-miss-out-on-another-exciting-mlb-debut-due-to-top-prospect-s-untimely-injury-01kxbhabj6ae
1313290561,20260713,202607,2026,2026.5288,USA,CALIFORNIA,USA,,,,,,,,,,,,,,,,,,0,010,010,01,1,0.0,10,1,10,0.16348773841962,2,"California, United States",US,USCA,,36.17,-119.746,CA,0,,,,,,,,2,"California, United States",US,USCA,,36.17,-119.746,CA,20260713001500,https://www.unitaid.eu/california-physician-license-verification-complete-1c2z.html
1313290562,20260713,202607,2026,2026.5288,USA,UNITED STATES,USA,,,,,,,,,,,,,,,,,,0,010,010,01,1,0.0,2,1,2,-1.5527950310559,2,"Kentucky, United States",US,USKY,,37.669,-84.6514,KY,0,,,,,,,,3,"Washington, District of Columbia, United States",US,USDC,DC001,38.8951,-77.0364,531871,20260713001500,https://wkzo.com/2026/07/12/mcconnell-says-he-wont-be-able-to-return-to-u-s-senate-yet/
1313290563,20260713,202607,2026,2026.5288,USA,UNITED STATES,USA,,,,,,,,,,,,,,,,,,1,010,010,01,1,0.0,8,1,4,-2.21870047543582,2,"Oklahoma, United States",US,USOK,,35.5376,-96.9247,OK,0,,,,,,,,2,"Oklahoma, United States",US,USOK,,35.5376,-96.9247,OK,20260713001500,https://www.journalgazette.net/news/national/last-us-polio-patient-using-iron-lung-dies/article_eca8053a-92ee-5799-96ab-9ed822ae1961.html
1313290564,20260713,202607,2026,2026.5288,USA,UNITED STATES,USA,,,,,,,,,,,,,,,,,,1,012,012,01,1,-0.4,2,1,2,-3.30097087378641,3,"Chicago, Illinois, United States",US,USIL,IL031,41.85,-87.6501,423587,0,,,,,,,,3,"Miami, Florida, United States",US,USFL,FL086,25.7743,-80.1937,295004,20260713001500,https://reviewingthebrew.com/brewers-fans-miss-out-on-another-exciting-mlb-debut-due-to-top-prospect-s-untimely-injury-01kxbhabj6ae
1313290565,20260713,202607,2026,2026.5288,USA,UNITED STATES,USA,,,,,,,,,,,,,,,,,,1,013,013,01,1,0.4,2,1,2,1.35746606334841,3,"San Antonio, Texas, United States",US,USTX,TX029,29.4241,-98.4936,1380951,0,,,,,,,,3,"San Antonio, Texas, United States",US,USTX,,29.4241,-98.4936,1380951,20260713001500,https://www.ksat.com/news/local/2026/07/12/texas-restaurant-show-draws-thousands-to-henry-b-gonzalez-convention-center/
1313290566,20260713,202607,2026,2026.5288,USA,WASHINGTON,USA,,,,,,,,,,,,,,,,,,1,013,013,01,1,0.4,2,1,2,-2.01207243460765,2,"South Carolina, United States",US,USSC,,33.8191,-80.9066,SC,0,,,,,,,,3,"Hartsville, South Carolina, United States",US,USSC,SC031,34.374,-80.0734,1231367,20260713001500,https://wpde.com/news/local/pee-dee-leaders-remember-senator-lindsey-grahams-legacy-following-his-death-age-71-south-carolina-local
1313290567,20260713,202607,2026,2026.5288,USA,UNITED STATES,USA,,,,,,,,,,,,,,,,,,1,013,013,01,1,0.4,2,1,2,1.35746606334841,2,"Texas, United States",US,USTX,,31.106,-97.6475,TX,0,,,,,,,,2,"Texas, United States",US,USTX,,31.106,-97.6475,TX,20260713001500,https://www.ksat.com/news/local/2026/07/12/texas-restaurant-show-draws-thousands-to-henry-b-gonzalez-convention-center/
1313290568,20260713,202607,2026,2026.5288,USA,UNITED STATES,USA,,,,,,,,,,,,,,,,,,1,017,017,01,1,0.0,2,1,2,-2.01207243460765,3,"Hartsville, South Carolina, United States",US,USSC,SC031,34.374,-80.0734,1231367,0,,,,,,,,3,"Hartsville, South Carolina, United States",US,USSC,SC031,34.374,-80.0734,1231367,20260713001500,https://wpde.com/news/local/pee-dee-leaders-remember-senator-lindsey-grahams-legacy-following-his-death-age-71-south-carolina-local
1313290569,20260713,202607,2026,2026.5288,USA,SOUTH CAROLINA,USA,,,,,,,,,,,,,,,,,,1,017,017,01,1,0.0,8,1,8,-2.01207243460765,3,"Washington, District of Columbia, United States",US,USDC,DC001,38.8951,-77.0364,531871,0,,,,,,,,3,"Washington, District of Columbia, United States",US,USDC,DC001,38.8951,-77.0364,531871,20260713001500,https://wpde.com/news/local/pee-dee-leaders-remember-senator-lindsey-grahams-legacy-following-his-death-age-71-south-carolina-local
1313290570,20260713,202607,2026,2026.5288,USA,UNITED STATES,USA,,,,,,,,,,,,,,,,,,1,020,020,02,1,3.0,2,1,2,-1.33333333333334,4,"Battambang, Batdââ, Cambodia",CB,CB29,12280,13.1027,103.198,-1023114,0,,,,,,,,3,"Hollywood, California, United States",US,USCA,CA037,34.0983,-118.327,1660757,20260713001500,https://www.realestate.com.au/news/angelina-jolies-us-exit-plans-delayed-by-home-sale-struggle/
1313290571,20260713,202607,2026,2026.5288,USA,UNITED STATES,USA,,,,,,,,,,,,,,,,,,1,020,020,02,1,3.0,2,1,2,-1.33333333333334,3,"Hollywood, California, United States",US,USCA,CA037,34.0983,-118.327,1660757,0,,,,,,,,3,"Hollywood, California, United States",US,USCA,CA037,34.0983,-118.327,1660757,20260713001500,https://www.realestate.com.au/news/angelina-jolies-us-exit-plans-delayed-by-home-sale-struggle/
1313290572,20260713,202607,2026,2026.5288,USA,AMERICAN,USA,,,,,,,,,,,,,,,,,,0,020,020,02,1,3.0,10,1,10,0.42826552462526,3,"Miami, Florida, United States",US,USFL,FL086,25.7743,-80.1937,295004,0,,,,,,,,3,"Miami, Florida, United States",US,USFL,FL086,25.7743,-80.1937,295004,20260713001500,https://www.northqueenslandregister.com.au/story/9308114/jess-pryles-how-to-make-us-consumers-crave-australian-lamb-again/
1313290573,20260713,202607,2026,2026.5288,USA,SOUTH CAROLINA,USA,,,,,,,,,,,,,,,,,,0,023,023,02,1,3.4,3,1,3,-2.79001468428781,2,"South Carolina, United States",US,USSC,,33.8191,-80.9066,SC,0,,,,,,,,2,"South Carolina, United States",US,USSC,,33.8191,-80.9066,SC,20260713001500,https://wpde.com/newsletter-daily/connect-to-the-capitol-childs-death-raises-questions-about-state-resources
1313290574,20260713,202607,2026,2026.5288,USA,CALIFORNIA,USA,,,,,,,,,,,,,,,,,,1,036,036,03,1,4.0,3,1,3,-1.92307692307692,2,"California, United States",US,USCA,,36.17,-119.746,CA,0,,,,,,,,2,"California, United States",US,USCA,,36.17,-119.746,CA,20260713001500,https://timesofsandiego.com/weather/2026/07/12/mondays-king-tides-could-provide-a-window-into-our-coasts-future/
1313290575,20260713,202607,2026,2026.5288,USA,UNITED STATES,USA,,,,,,,,,,,,,,,,,,1,036,036,03,1,4.0,4,1,4,-1.42405063291139,2,"Kentucky, United States",US,USKY,,37.669,-84.6514,KY,0,,,,,,,,2,"Kentucky, United States",US,USKY,,37.669,-84.6514,KY,20260713001500,https://www.aol.com/articles/mitch-mcconnell-gives-major-health-213601000.html
1313290576,20260713,202607,2026,2026.5288,USA,UNITED STATES,USA,,,,,,,,,,,,,,,,,,0,042,042,04,1,1.9,1,1,1,2.57009345794392,3,"Mount Anthony, Vermont, United States",US,USVT,VT003,42.8637,-73.2323,1461176,0,,,,,,,,3,"Mount Anthony, Vermont, United States",US,USVT,,42.8637,-73.2323,1461176,20260713001500,https://www.reformer.com/news/state/southern-vermont-graduate-is-putting-together-a-shipshape-life/article_95c17e4b-eead-441b-ab23-a58bebefb7cf.html
1313290577,20260713,202607,2026,2026.5288,USA,WASHINGTON,USA,,,,,,,,,,,,,,,,,,0,042,042,04,1,1.9,4,1,4,2.57009345794392,3,"York Harbor, Maine, United States",US,USME,ME031,43.1368,-70.6456,578771,0,,,,,,,,3,"Mount Anthony, Vermont, United States",US,USVT,,42.8637,-73.2323,1461176,20260713001500,https://www.reformer.com/news/state/southern-vermont-graduate-is-putting-together-a-shipshape-life/article_95c17e4b-eead-441b-ab23-a58bebefb7cf.html
1313290578,20260713,202607,2026,2026.5288,USA,LAWRENCE,USA,,,,,,,,,,,,,,,,,,1,043,043,04,1,2.8,10,1,10,0,0,,,,,,,,0,,,,,,,,0,,,,,,,,20260713001500,https://navhindtimes.in/goanews/103-6-lakh-sqm-of-land-poised-to-get-ndz-tag/
1313290579,20260713,202607,2026,2026.5288,USA,OKLAHOMA,USA,,,,,,,,,,,,,,,,,,0,043,043,04,1,2.8,2,1,2,-2.21870047543582,1,Egypt,EG,EG,,27,30,EG,0,,,,,,,,1,Egypt,EG,EG,,27,30,EG,20260713001500,https://www.journalgazette.net/news/national/last-us-polio-patient-using-iron-lung-dies/article_eca8053a-92ee-5799-96ab-9ed822ae1961.html
1313290580,20260713,202607,2026,2026.5288,USA,OKLAHOMA,USA,,,,,,,,,,,,,,,,,,0,043,043,04,1,2.8,8,1,8,-2.21870047543582,2,"Oklahoma, United States",US,USOK,,35.5376,-96.9247,OK,0,,,,,,,,2,"Oklahoma, United States",US,USOK,,35.5376,-96.9247,OK,20260713001500,https://www.journalgazette.net/news/national/last-us-polio-patient-using-iron-lung-dies/article_eca8053a-92ee-5799-96ab-9ed822ae1961.html
1313290581,20260713,202607,2026,2026.5288,USA,ROCHESTER,USA,,,,,,,,,,,,,,,,,,1,051,051,05,1,3.4,10,1,10,4.62962962962964,0,,,,,,,,0,,,,,,,,0,,,,,,,,20260713001500,https://www.whec.com/top-news/rochester-homeless-shelter-launches-memorial-fundraiser-for-founder-sister-grace-miller/
1313290582,20260713,202607,2026,2026.5288,USA,CALIFORNIA,USA,,,,,,,,,,,,,,,,,,0,051,051,05,1,3.4,10,1,10,0.16348773841962,2,"California, United States",US,USCA,,36.17,-119.746,CA,0,,,,,,,,2,"California, United States",US,USCA,,36.17,-119.746,CA,20260713001500,https://www.unitaid.eu/california-physician-license-verification-complete-1c2z.html
1313290583,20260713,202607,2026,2026.5288,USA,ROCHESTER,USA,,,,,,,,,,,,,,,,,,1,071,071,07,2,7.4,10,1,10,4.62962962962964,0,,,,,,,,0,,,,,,,,0,,,,,,,,20260713001500,https://www.whec.com/top-news/rochester-homeless-shelter-launches-memorial-fundraiser-for-founder-sister-grace-miller/
1313290584,20260713,202607,2026,2026.5288,USA,UNITED STATES,USA,,,,,,,,,,,,,,,,,,1,0841,084,08,2,7.0,4,1,4,-1.33333333333334,3,"Hollywood, California, United States",US,USCA,CA037,34.0983,-118.327,1660757,0,,,,,,,,3,"Hollywood, California, United States",US,USCA,CA037,34.0983,-118.327,1660757,20260713001500,https://www.realestate.com.au/news/angelina-jolies-us-exit-plans-delayed-by-home-sale-struggle/
1313290585,20260713,202607,2026,2026.5288,USA,UNITED STATES,USA,,,,,,,,,,,,,,,,,,0,0841,084,08,2,7.0,2,1,2,0.427350427350429,3,"Washington, District of Columbia, United States",US,USDC,DC001,38.8951,-77.0364,531871,0,,,,,,,,3,"Washington, District of Columbia, United States",US,USDC,DC001,38.8951,-77.0364,531871,20260713001500,https://nypost.com/2026/07/12/opinion/heres-how-to-honor-sen-lindsey-grahams-unmatched-patriotic-legacy/
1313290586,20260713,202607,2026,2026.5288,USA,UNITED STATES,USA,,,,,,,,,,,,,,,,,,0,0841,084,08,2,7.0,2,1,2,0.427350427350429,3,"Washington, District of Columbia, United States",US,USDC,DC001,38.8951,-77.0364,531871,0,,,,,,,,1,Israel,IS,IS,,31.5,34.75,IS,20260713001500,https://nypost.com/2026/07/12/opinion/heres-how-to-honor-sen-lindsey-grahams-unmatched-patriotic-legacy/
1313290587,20260713,202607,2026,2026.5288,USA,AMERICAN,USA,,,,,,,,,,,,,,,,,,0,0841,084,08,2,7.0,6,1,6,0.427350427350429,2,"South Carolina, United States",US,USSC,,33.8191,-80.9066,SC,0,,,,,,,,2,"South Carolina, United States",US,USSC,,33.8191,-80.9066,SC,20260713001500,https://nypost.com/2026/07/12/opinion/heres-how-to-honor-sen-lindsey-grahams-unmatched-patriotic-legacy/
1313290588,20260713,202607,2026,2026.5288,USA,UNITED STATES,USA,,,,,,,,,,,,,,,,,,1,090,090,09,2,-2.0,6,1,6,-6.45161290322581,3,"Florence County, South Carolina, United States",US,USSC,SC041,34.0502,-79.6665,1248001,0,,,,,,,,3,"Florence County, South Carolina, United States",US,USSC,,34.0502,-79.6665,1248001,20260713001500,https://wpde.com/news/local/fcso-deputies-respond-to-reported-shooting-with-victim-on-daniels-road-in-lake-city
1313290589,20260713,202607,2026,2026.5288,USA,UNITED STATES,USA,,,,,,,,,,,,,,,,,,1,090,090,09,2,-2.0,2,1,2,4.18781725888325,3,"Hollywood, California, United States",US,USCA,CA037,34.0983,-118.327,1660757,0,,,,,,,,3,"Hollywood, California, United States",US,USCA,CA037,34.0983,-118.327,1660757,20260713001500,https://www.womansworld.com/entertainment/books/these-are-drew-barrymores-favorite-books-to-read
1313290590,20260713,202607,2026,2026.5288,USA,UNITED STATES,USA,,,,,,,,,,,,,,,,,,1,090,090,09,2,-2.0,2,1,2,-0.29069767441861,2,"District of Columbia, United States",US,USDC,,38.8964,-77.0262,DC,0,,,,,,,,2,"District of Columbia, United States",US,USDC,,38.8964,-77.0262,DC,20260713001500,https://timesofsandiego.com/politics/2026/07/12/californias-lawmakers-share-remembrances-following-sen-lindsay-grahams-death/
1313290591,20260713,202607,2026,2026.5288,USA,TEXAS,USA,,,,,,,,,,,,,,,,,,0,090,090,09,2,-2.0,10,1,10,-6.10687022900764,2,"Texas, United States",US,USTX,,31.106,-97.6475,TX,0,,,,,,,,2,"Texas, United States",US,USTX,,31.106,-97.6475,TX,20260713001500,https://www.ksat.com/news/local/2026/07/12/lavaca-county-justice-of-the-peace-arrested-on-felony-sexual-assault-charges-sheriffs-office-says/
1313290592,20260713,202607,2026,2026.5288,USA,AMERICAN,USA,,,,,,,,,,,,,,,,,,1,100,100,10,3,-5.0,5,1,5,-2.63157894736842,1,Ukraine,UP,UP,,49,32,UP,0,,,,,,,,1,Ukraine,UP,UP,,49,32,UP,20260713001500,https://finance.yahoo.com/energy/articles/big-oil-war-related-profits-230000286.html
1313290593,20260713,202607,2026,2026.5288,USA,UNITED STATES,USA,,,,,,,,,,,,,,,,,,1,111,111,11,3,-2.0,4,1,4,1.04166666666667,3,"Los Gatos, California, United States",US,USCA,CA085,37.2266,-121.975,1659017,0,,,,,,,,3,"Los Gatos, California, United States",US,USCA,,37.2266,-121.975,1659017,20260713001500,https://www.wineandspiritsmagazine.com/news/wine-spirits-magazine-releases-results-from-its-31st-annual-restaurant-poll
1313290594,20260713,202607,2026,2026.5288,USA,UNITED STATES,USA,,,,,,,,,,,,,,,,,,1,111,111,11,3,-2.0,2,1,2,1.04166666666667,3,"Caymus, California, United States",US,USCA,CA055,38.4544,-122.401,233645,0,,,,,,,,3,"Caymus, California, United States",US,USCA,CA055,38.4544,-122.401,233645,20260713001500,https://www.wineandspiritsmagazine.com/news/wine-spirits-magazine-releases-results-from-its-31st-annual-restaurant-poll
1313290595,20260713,202607,2026,2026.5288,USA,UNITED STATES,USA,,,,,,,,,,,,,,,,,,1,111,111,11,3,-2.0,6,1,6,4.67289719626168,2,"Florida, United States",US,USFL,,27.8333,-81.717,FL,0,,,,,,,,2,"Florida, United States",US,USFL,,27.8333,-81.717,FL,20260713001500,https://stockhouse.com/companies/bullboard?symbol=djt&postid=37050893
1313290596,20260713,202607,2026,2026.5288,USA,AMERICAN,USA,,,,,,,,,,,,,,,,,,1,111,111,11,3,-2.0,15,1,8,0.56285178236398,1,United States,US,US,,39.828175,-98.5795,US,0,,,,,,,,1,United States,US,US,,39.828175,-98.5795,US,20260713001500,https://www.aol.com/articles/popular-american-hot-dog-brand-153500000.html
1313290597,20260713,202607,2026,2026.5288,USA,SOUTH CAROLINA,USA,,,,,,,,,,,,,,,,,,0,115,115,11,3,-2.0,3,1,3,-2.79001468428781,2,"South Carolina, United States",US,USSC,,33.8191,-80.9066,SC,0,,,,,,,,2,"South Carolina, United States",US,USSC,,33.8191,-80.9066,SC,20260713001500,https://wpde.com/newsletter-daily/connect-to-the-capitol-childs-death-raises-questions-about-state-resources
1313290598,20260713,202607,2026,2026.5288,USA,UNITED STATES,USA,,,,,,,,,,,,,,,,,,0,120,120,12,3,-4.0,4,1,4,-2.29357798165138,3,"Washington, District of Columbia, United States",US,USDC,DC001,38.8951,-77.0364,531871,0,,,,,,,,3,"Washington, District of Columbia, United States",US,USDC,DC001,38.8951,-77.0364,531871,20260713001500,https://www.israelnationalnews.com/news/430050
1313290599,20260713,202607,2026,2026.5288,USA,TEXAS,USA,,,,,,,,,,,,,,,,,,0,120,120,12,3,-4.0,10,1,10,-6.10687022900764,2,"Texas, United States",US,USTX,,31.106,-97.6475,TX,0,,,,,,,,2,"Texas, United States",US,USTX,,31.106,-97.6475,TX,20260713001500,https://www.ksat.com/news/local/2026/07/12/lavaca-county-justice-of-the-peace-arrested-on-felony-sexual-assault-charges-sheriffs-office-says/
1313290600,20260713,202607,2026,2026.5288,USA,UNITED STATES,USA,,,,,,,,,,,,,,,,,,0,130,130,13,3,-4.4,2,1,2,0.427350427350429,3,"Washington, District of Columbia, United States",US,USDC,DC001,38.8951,-77.0364,531871,0,,,,,,,,3,"Washington, District of Columbia, United States",US,USDC,DC001,38.8951,-77.0364,531871,20260713001500,https://nypost.com/2026/07/12/opinion/heres-how-to-honor-sen-lindsey-grahams-unmatched-patriotic-legacy/
1313290601,20260713,202607,2026,2026.5288,USA,UNITED STATES,USA,,,,,,,,,,,,,,,,,,0,130,130,13,3,-4.4,2,1,2,0.427350427350429,3,"Washington, District of Columbia, United States",US,USDC,DC001,38.8951,-77.0364,531871,0,,,,,,,,1,Israel,IS,IS,,31.5,34.75,IS,20260713001500,https://nypost.com/2026/07/12/opinion/heres-how-to-honor-sen-lindsey-grahams-unmatched-patriotic-legacy/
1313290602,20260713,202607,2026,2026.5288,USA,AMERICAN,USA,,,,,,,,,,,,,,,,,,0,130,130,13,3,-4.4,6,1,6,0.427350427350429,2,"South Carolina, United States",US,USSC,,33.8191,-80.9066,SC,0,,,,,,,,2,"South Carolina, United States",US,USSC,,33.8191,-80.9066,SC,20260713001500,https://nypost.com/2026/07/12/opinion/heres-how-to-honor-sen-lindsey-grahams-unmatched-patriotic-legacy/
1313290603,20260713,202607,2026,2026.5288,USA,SAN ANTONIO,USA,,,,,,,,,,,,,,,,,,1,172,172,17,4,-5.0,8,1,8,1.35746606334841,3,"San Antonio, Texas, United States",US,USTX,TX029,29.4241,-98.4936,1380951,0,,,,,,,,3,"San Antonio, Texas, United States",US,USTX,,29.4241,-98.4936,1380951,20260713001500,https://www.ksat.com/news/local/2026/07/12/texas-restaurant-show-draws-thousands-to-henry-b-gonzalez-convention-center/
1313290604,20260713,202607,2026,2026.5288,USA,PHILADELPHIA,USA,,,,,,,,,,,,,,,,,,1,193,193,19,4,-10.0,7,1,7,-12,3,"Philadelphia, Pennsylvania, United States",US,USPA,PA101,39.9523,-75.1638,1209052,0,,,,,,,,3,"Philadelphia, Pennsylvania, United States",US,USPA,PA101,39.9523,-75.1638,1209052,20260713001500,https://www.wapt.com/article/teen-killed-three-others-injured-in-philadelphia-shooting/71910903
1313290605,20260713,202607,2026,2026.5288,USA,UNITED STATES,USA,,,,,,,,,,,,,,,,,,1,193,193,19,4,-10.0,6,1,6,-6.45161290322581,3,"Florence County, South Carolina, United States",US,USSC,SC041,34.0502,-79.6665,1248001,0,,,,,,,,3,"Florence County, South Carolina, United States",US,USSC,,34.0502,-79.6665,1248001,20260713001500,https://wpde.com/news/local/fcso-deputies-respond-to-reported-shooting-with-victim-on-daniels-road-in-lake-city
1313290606,20260713,202607,2026,2026.5288,USA,KENTUCKY,USA,,,,,,,,,,,,,,,,,,1,193,193,19,4,-10.0,7,1,7,-6.66666666666667,3,"Christian County, Kentucky, United States",US,USKY,KY047,36.8834,-87.4833,516870,0,,,,,,,,3,"Christian County, Kentucky, United States",US,USKY,,36.8834,-87.4833,516870,20260713001500,https://www.wbko.com/2026/07/12/apartment-building-vehicle-hit-by-gunfire-kentucky-shooting/
1313290607,20260713,202607,2026,2026.5288,USA,UNITED STATES,USA,,,,,,,,,,,,,,,,,,1,193,193,19,4,-10.0,2,1,2,-8.87372013651874,2,"Kansas, United States",US,USKS,,38.5111,-96.8005,KS,0,,,,,,,,3,"Wichita, Kansas, United States",US,USKS,KS173,37.6922,-97.3375,473862,20260713001500,https://hayspost.com/posts/0fdef590-2b53-49d9-89c5-457e3b728d3f
1313290608,20260713,202607,2026,2026.5288,USA,UNITED STATES,USA,,,,,,,,,,,,,,,,,,1,193,193,19,4,-10.0,2,1,2,-8.87372013651874,2,"Kansas, United States",US,USKS,,38.5111,-96.8005,KS,0,,,,,,,,2,"Kansas, United States",US,USKS,,38.5111,-96.8005,KS,20260713001500,https://hayspost.com/posts/0fdef590-2b53-49d9-89c5-457e3b728d3f
1313290609,20260713,202607,2026,2026.5288,USA,UNITED STATES,USA,,,,,,,,CHN,CHINA,CHN,,,,,,,,0,020,020,02,1,3.0,10,1,10,-5.53129548762737,3,"Washington, District of Columbia, United States",US,USDC,DC001,38.8951,-77.0364,531871,4,"Beijing, Beijing, China",CH,CH22,13001,39.9289,116.388,-1898541,3,"Washington, District of Columbia, United States",US,USDC,DC001,38.8951,-77.0364,531871,20260713001500,https://navhindtimes.in/worldnews/14-nations-eu-reaffirm-2016-ruling-invalidating-chinas-claims/
1313290610,20260713,202607,2026,2026.5288,USA,UNITED STATES,USA,,,,,,,,CHN,CHINA,CHN,,,,,,,,0,030,030,03,1,4.0,10,1,10,-5.53129548762737,3,"Washington, District of Columbia, United States",US,USDC,DC001,38.8951,-77.0364,531871,4,"Beijing, Beijing, China",CH,CH22,13001,39.9289,116.388,-1898541,4,"Beijing, Beijing, China",CH,CH22,13001,39.9289,116.388,-1898541,20260713001500,https://navhindtimes.in/worldnews/14-nations-eu-reaffirm-2016-ruling-invalidating-chinas-claims/
1313290611,20260713,202607,2026,2026.5288,USA,KENTUCKY,USA,,,,,,,,CHR,CHRISTIAN,,,,CHR,,,,,1,193,193,19,4,-10.0,3,1,3,-6.66666666666667,3,"Christian County, Kentucky, United States",US,USKY,KY047,36.8834,-87.4833,516870,3,"Christian County, Kentucky, United States",US,USKY,,36.8834,-87.4833,516870,3,"Christian County, Kentucky, United States",US,USKY,,36.8834,-87.4833,516870,20260713001500,https://www.wbko.com/2026/07/12/apartment-building-vehicle-hit-by-gunfire-kentucky-shooting/
1313290612,20260713,202607,2026,2026.5288,USA,KENTUCKY,USA,,,,,,,,CHR,CHRISTIAN,,,,CHR,,,,,1,193,193,19,4,-10.0,7,1,7,-6.66666666666667,2,"Kentucky, United States",US,USKY,,37.669,-84.6514,KY,2,"Kentucky, United States",US,USKY,,37.669,-84.6514,KY,2,"Kentucky, United States",US,USKY,,37.669,-84.6514,KY,20260713001500,https://www.wbko.com/2026/07/12/apartment-building-vehicle-hit-by-gunfire-kentucky-shooting/
1313290613,20260713,202607,2026,2026.5288,USA,UNITED STATES,USA,,,,,,,,COP,DEPUTIES,,,,,,COP,,,1,193,193,19,4,-10.0,2,1,2,-6.66666666666667,3,"Christian County, Kentucky, United States",US,USKY,KY047,36.8834,-87.4833,516870,3,"Christian County, Kentucky, United States",US,USKY,,36.8834,-87.4833,516870,3,"Christian County, Kentucky, United States",US,USKY,,36.8834,-87.4833,516870,20260713001500,https://www.wbko.com/2026/07/12/apartment-building-vehicle-hit-by-gunfire-kentucky-shooting/
1313290614,20260713,202607,2026,2026.5288,USA,CALIFORNIA,USA,,,,,,,,CRM,CRIMINAL,,,,,,CRM,,,0,020,020,02,1,3.0,10,1,10,0.16348773841962,2,"California, United States",US,USCA,,36.17,-119.746,CA,2,"California, United States",US,USCA,,36.17,-119.746,CA,2,"California, United States",US,USCA,,36.17,-119.746,CA,20260713001500,https://www.unitaid.eu/california-physician-license-verification-complete-1c2z.html
1313290615,20260713,202607,2026,2026.5288,USA,CALIFORNIA,USA,,,,,,,,CRM,CRIMINAL,,,,,,CRM,,,0,173,173,17,4,-5.0,10,1,10,0.16348773841962,2,"California, United States",US,USCA,,36.17,-119.746,CA,2,"California, United States",US,USCA,,36.17,-119.746,CA,2,"California, United States",US,USCA,,36.17,-119.746,CA,20260713001500,https://www.unitaid.eu/california-physician-license-verification-complete-1c2z.html
1313290616,20260713,202607,2026,2026.5288,USA,CALIFORNIA,USA,,,,,,,,CVL,SETTLEMENT,,,,,,CVL,,,0,020,020,02,1,3.0,10,1,10,0.16348773841962,2,"California, United States",US,USCA,,36.17,-119.746,CA,2,"California, United States",US,USCA,,36.17,-119.746,CA,2,"California, United States",US,USCA,,36.17,-119.746,CA,20260713001500,https://www.unitaid.eu/california-physician-license-verification-complete-1c2z.html
1313290617,20260713,202607,2026,2026.5288,USA,UNITED STATES,USA,,,,,,,,CVL,RESIDENTS,,,,,,CVL,,,1,043,043,04,1,2.8,2,1,2,-3.36538461538462,3,"Washington, District of Columbia, United States",US,USDC,DC001,38.8951,-77.0364,531871,3,"Washington, District of Columbia, United States",US,USDC,DC001,38.8951,-77.0364,531871,3,"Washington, District of Columbia, United States",US,USDC,DC001,38.8951,-77.0364,531871,20260713001500,https://wpde.com/news/local/senator-lindsey-graham-was-a-familiar-face-in-pee-dee-grand-strand-during-his-career-south-carolina-dies-at-age-71-grand-strand-governor-mccmaster
1313290618,20260713,202607,2026,2026.5288,USA,UNITED STATES,USA,,,,,,,,EDU,UNIVERSITY,,,,,,EDU,,,0,010,010,01,1,0.0,4,2,4,-4.19163346613546,3,"Santa Clara University, California, United States",US,USCA,CA085,37.3495,-121.937,236867,3,"Santa Clara University, California, United States",US,USCA,,37.3495,-121.937,236867,3,"Santa Clara University, California, United States",US,USCA,,37.3495,-121.937,236867,20260713001500,https://www.cairnspost.com.au/motoring/motoring-news/selfdriving-waymo-snitch-drops-teens-off-to-cops/news-story/a5a6f3ca78ec09823f147e2b7408c17e?nk=8aea838d21364f7726c75565f4d0f5b3-1783900891
1313290619,20260713,202607,2026,2026.5288,USA,CALIFORNIA,USA,,,,,,,,GOV,KING,,,,,,GOV,,,1,036,036,03,1,4.0,5,1,5,-1.92307692307692,2,"California, United States",US,USCA,,36.17,-119.746,CA,2,"California, United States",US,USCA,,36.17,-119.746,CA,2,"California, United States",US,USCA,,36.17,-119.746,CA,20260713001500,https://timesofsandiego.com/weather/2026/07/12/mondays-king-tides-could-provide-a-window-into-our-coasts-future/
1313290620,20260713,202607,2026,2026.5288,USA,UNITED STATES,USA,,,,,,,,HLH,HOSPITAL,,,,,,HLH,,,0,010,010,01,1,0.0,1,1,1,-1.8796992481203,2,"Kentucky, United States",US,USKY,,37.669,-84.6514,KY,2,"Kentucky, United States",US,USKY,,37.669,-84.6514,KY,3,"Washington, District of Columbia, United States",US,USDC,DC001,38.8951,-77.0364,531871,20260713001500,https://www.freemalaysiatoday.com/category/world/2026/07/13/mcconnell-says-he-is-unable-to-return-to-us-senate-yet
1313290621,20260713,202607,2026,2026.5288,USA,UNITED STATES,USA,,,,,,,,HLH,PHYSICIAN,,,,,,HLH,,,0,010,010,01,1,0.0,4,1,4,-1.39130434782609,2,"Kentucky, United States",US,USKY,,37.669,-84.6514,KY,2,"Kentucky, United States",US,USKY,,37.669,-84.6514,KY,2,"Kentucky, United States",US,USKY,,37.669,-84.6514,KY,20260713001500,"http://www.westkentuckystar.com/News/State/In-health-update,-McConnell-says-fall-landed-him-i"
1313290622,20260713,202607,2026,2026.5288,USA,UNITED STATES,USA,,,,,,,,HLH,PHYSICIAN,,,,,,HLH,,,0,042,042,04,1,1.9,36,2,36,-2.40499194847021,2,"Kentucky, United States",US,USKY,,37.669,-84.6514,KY,2,"Kentucky, United States",US,USKY,,37.669,-84.6514,KY,2,"Kentucky, United States",US,USKY,,37.669,-84.6514,KY,20260713001500,https://kprcradio.iheart.com/content/2026-07-12-mitch-mcconnell-releases-statement-amid-health-concerns/
1313290623,20260713,202607,2026,2026.5288,USA,UNITED STATES,USA,,,,,,,,HLH,HOSPITAL,,,,,,HLH,,,1,084,084,08,2,7.0,8,2,8,0.11111111111111,2,"Kentucky, United States",US,USKY,,37.669,-84.6514,KY,2,"Kentucky, United States",US,USKY,,37.669,-84.6514,KY,2,"Kentucky, United States",US,USKY,,37.669,-84.6514,KY,20260713001500,https://www.wlwt.com/article/mitch-mcconnell-health-update-statement-sunday/71910763
1313290624,20260713,202607,2026,2026.5288,USA,UNITED STATES,USA,,,,,,,,IRN,IRANIAN,IRN,,,,,,,,0,042,042,04,1,1.9,2,1,2,1.00840336134454,3,"Washington, District of Columbia, United States",US,USDC,DC001,38.8951,-77.0364,531871,4,"Kharg Island, Bushehr, Iran",IR,IR22,40962,29.2458,50.3158,-3070760,4,"Kharg Island, Bushehr, Iran",IR,IR22,40962,29.2458,50.3158,-3070760,20260713001500,https://www.yakimaherald.com/news/nation_and_world/nation/lindsey-graham-remembered-for-a-vision-of-american-foreign-policy-that-s-fading-in-washington/article_c695ff8a-89b3-5b89-81d4-b357930e810d.html
1313290625,20260713,202607,2026,2026.5288,USA,UNITED STATES,USA,,,,,,,,IRN,IRAN,IRN,,,,,,,,1,110,110,11,3,-2.0,2,1,2,-3.34987593052109,4,"Tehran, Tehran, Iran",IR,IR26,41130,35.75,51.5148,10074674,4,"Tehran, Tehran, Iran",IR,IR26,41130,35.75,51.5148,10074674,3,"Washington, District of Columbia, United States",US,USDC,DC001,38.8951,-77.0364,531871,20260713001500,https://www.freemalaysiatoday.com/category/highlight/2026/07/13/fresh-attacks-hit-iran-kuwait-as-tehran-and-us-square-off-over-hormuz
1313290626,20260713,202607,2026,2026.5288,USA,WASHINGTON,USA,,,,,,,,IRN,IRAN,IRN,,,,,,,,1,110,110,11,3,-2.0,6,1,6,-3.34987593052109,3,"Washington, District of Columbia, United States",US,USDC,DC001,38.8951,-77.0364,531871,4,"Tehran, Tehran, Iran",IR,IR26,41130,35.75,51.5148,10074674,3,"Washington, District of Columbia, United States",US,USDC,DC001,38.8951,-77.0364,531871,20260713001500,https://www.freemalaysiatoday.com/category/highlight/2026/07/13/fresh-attacks-hit-iran-kuwait-as-tehran-and-us-square-off-over-hormuz
1313290627,20260713,202607,2026,2026.5288,USA,UNITED STATES,USA,,,,,,,,JUD,ATTORNEY,,,,,,JUD,,,0,060,060,06,2,6.0,4,1,4,-8.69565217391306,3,"Grimes County, Texas, United States",US,USTX,TX185,30.5335,-95.9669,1383878,3,"Grimes County, Texas, United States",US,USTX,,30.5335,-95.9669,1383878,3,"Grimes County, Texas, United States",US,USTX,,30.5335,-95.9669,1383878,20260713001500,https://www.click2houston.com/news/local/2026/07/12/altercation-between-two-men-leads-to-fatal-shooting-in-grimes-county/
1313290628,20260713,202607,2026,2026.5288,USA,TEXAS,USA,,,,,,,,JUD,ATTORNEY,,,,,,JUD,,,0,060,060,06,2,6.0,4,1,4,-8.69565217391306,2,"Texas, United States",US,USTX,,31.106,-97.6475,TX,3,"Grimes County, Texas, United States",US,USTX,,30.5335,-95.9669,1383878,3,"Grimes County, Texas, United States",US,USTX,,30.5335,-95.9669,1383878,20260713001500,https://www.click2houston.com/news/local/2026/07/12/altercation-between-two-men-leads-to-fatal-shooting-in-grimes-county/
1313290629,20260713,202607,2026,2026.5288,USA,UNITED STATES,USA,,,,,,,,JUD,JUDGE,,,,,,JUD,,,1,180,180,18,4,-9.0,6,1,6,-6.10687022900764,3,"Lavaca County, Texas, United States",US,USTX,TX285,29.3836,-96.9503,1383928,2,"Texas, United States",US,USTX,,31.106,-97.6475,TX,3,"Lavaca County, Texas, United States",US,USTX,,29.3836,-96.9503,1383928,20260713001500,https://www.ksat.com/news/local/2026/07/12/lavaca-county-justice-of-the-peace-arrested-on-felony-sexual-assault-charges-sheriffs-office-says/
1313290630,20260713,202607,2026,2026.5288,USA,TEXAS,USA,,,,,,,,JUD,JUDGE,,,,,,JUD,,,1,180,180,18,4,-9.0,3,1,3,-6.10687022900764,2,"Texas, United States",US,USTX,,31.106,-97.6475,TX,2,"Texas, United States",US,USTX,,31.106,-97.6475,TX,3,"Lavaca County, Texas, United States",US,USTX,,29.3836,-96.9503,1383928,20260713001500,https://www.ksat.com/news/local/2026/07/12/lavaca-county-justice-of-the-peace-arrested-on-felony-sexual-assault-charges-sheriffs-office-says/
1313290631,20260713,202607,2026,2026.5288,USA,UNITED STATES,USA,,,,,,,,JUD,COUNSEL,,,,,,JUD,,,1,193,193,19,4,-10.0,3,1,3,-6.45161290322581,3,"Florence County, South Carolina, United States",US,USSC,SC041,34.0502,-79.6665,1248001,3,"Florence County, South Carolina, United States",US,USSC,,34.0502,-79.6665,1248001,3,"Florence County, South Carolina, United States",US,USSC,,34.0502,-79.6665,1248001,20260713001500,https://wpde.com/news/local/fcso-deputies-respond-to-reported-shooting-with-victim-on-daniels-road-in-lake-city
1313290632,20260713,202607,2026,2026.5288,USA,UNITED STATES,USA,,,,,,,,JUD,COUNSEL,,,,,,JUD,,,1,193,193,19,4,-10.0,1,1,1,-6.45161290322581,3,"Florence County, South Carolina, United States",US,USSC,SC041,34.0502,-79.6665,1248001,3,"Florence County, South Carolina, United States",US,USSC,,34.0502,-79.6665,1248001,2,"South Carolina, United States",US,USSC,,33.8191,-80.9066,SC,20260713001500,https://wpde.com/news/local/fcso-deputies-respond-to-reported-shooting-with-victim-on-daniels-road-in-lake-city
1313290633,20260713,202607,2026,2026.5288,USA,UNITED STATES,USA,,,,,,,,JUD,COUNSEL,,,,,,JUD,,,1,193,193,19,4,-10.0,1,1,1,-6.45161290322581,3,"Florence County, South Carolina, United States",US,USSC,SC041,34.0502,-79.6665,1248001,2,"South Carolina, United States",US,USSC,,33.8191,-80.9066,SC,3,"Florence County, South Carolina, United States",US,USSC,,34.0502,-79.6665,1248001,20260713001500,https://wpde.com/news/local/fcso-deputies-respond-to-reported-shooting-with-victim-on-daniels-road-in-lake-city
1313290634,20260713,202607,2026,2026.5288,USA,UNITED STATES,USA,,,,,,,,JUD,COUNSEL,,,,,,JUD,,,1,193,193,19,4,-10.0,1,1,1,-6.45161290322581,3,"Florence County, South Carolina, United States",US,USSC,SC041,34.0502,-79.6665,1248001,2,"South Carolina, United States",US,USSC,,33.8191,-80.9066,SC,2,"South Carolina, United States",US,USSC,,33.8191,-80.9066,SC,20260713001500,https://wpde.com/news/local/fcso-deputies-respond-to-reported-shooting-with-victim-on-daniels-road-in-lake-city
1313290635,20260713,202607,2026,2026.5288,USA,UNITED STATES,USA,,,,,,,,KHM,CAMBODIA,KHM,,,,,,,,0,030,030,03,1,4.0,1,1,1,-1.33333333333334,3,"Hollywood, California, United States",US,USCA,CA037,34.0983,-118.327,1660757,4,"Battambang, Batdââ, Cambodia",CB,CB29,12280,13.1027,103.198,-1023114,3,"Hollywood, California, United States",US,USCA,CA037,34.0983,-118.327,1660757,20260713001500,https://www.realestate.com.au/news/angelina-jolies-us-exit-plans-delayed-by-home-sale-struggle/
1313290636,20260713,202607,2026,2026.5288,USA,UNITED STATES,USA,,,,,,,,KWT,KUWAIT,KWT,,,,,,,,1,110,110,11,3,-2.0,2,1,2,-3.34987593052109,4,"Tehran, Tehran, Iran",IR,IR26,41130,35.75,51.5148,10074674,4,"Tehran, Tehran, Iran",IR,IR26,41130,35.75,51.5148,10074674,3,"Washington, District of Columbia, United States",US,USDC,DC001,38.8951,-77.0364,531871,20260713001500,https://www.freemalaysiatoday.com/category/highlight/2026/07/13/fresh-attacks-hit-iran-kuwait-as-tehran-and-us-square-off-over-hormuz
1313290637,20260713,202607,2026,2026.5288,USA,WASHINGTON,USA,,,,,,,,KWT,KUWAIT,KWT,,,,,,,,1,110,110,11,3,-2.0,6,1,6,-3.34987593052109,3,"Washington, District of Columbia, United States",US,USDC,DC001,38.8951,-77.0364,531871,1,Kuwait,KU,KU,,29.5,47.75,KU,3,"Washington, District of Columbia, United States",US,USDC,DC001,38.8951,-77.0364,531871,20260713001500,https://www.freemalaysiatoday.com/category/highlight/2026/07/13/fresh-attacks-hit-iran-kuwait-as-tehran-and-us-square-off-over-hormuz
1313290638,20260713,202607,2026,2026.5288,USA,UNITED STATES,USA,,,,,,,,LEG,SENATOR,,,,,,LEG,,,1,010,010,01,1,0.0,4,1,4,-0.29069767441861,2,"California, United States",US,USCA,,36.17,-119.746,CA,2,"South Carolina, United States",US,USSC,,33.8191,-80.9066,SC,2,"California, United States",US,USCA,,36.17,-119.746,CA,20260713001500,https://timesofsandiego.com/politics/2026/07/12/californias-lawmakers-share-remembrances-following-sen-lindsay-grahams-death/
1313290639,20260713,202607,2026,2026.5288,USA,UNITED STATES,USA,,,,,,,,LEG,LAWMAKER,,,,,,LEG,,,0,010,010,01,1,0.0,4,1,4,-2.79001468428781,2,"South Carolina, United States",US,USSC,,33.8191,-80.9066,SC,2,"South Carolina, United States",US,USSC,,33.8191,-80.9066,SC,2,"South Carolina, United States",US,USSC,,33.8191,-80.9066,SC,20260713001500,https://wpde.com/newsletter-daily/connect-to-the-capitol-childs-death-raises-questions-about-state-resources
1313290640,20260713,202607,2026,2026.5288,USA,UNITED STATES,USA,,,,,,,,LEG,SENATE,,,,,,LEG,,,0,046,046,04,1,7.0,4,1,4,-1.39130434782609,2,"Kentucky, United States",US,USKY,,37.669,-84.6514,KY,2,"Kentucky, United States",US,USKY,,37.669,-84.6514,KY,2,"Kentucky, United States",US,USKY,,37.669,-84.6514,KY,20260713001500,"http://www.westkentuckystar.com/News/State/In-health-update,-McConnell-says-fall-landed-him-i"
1313290641,20260713,202607,2026,2026.5288,USA,KENTUCKY,USA,,,,,,,,LEG,SENATE,,,,,,LEG,,,1,050,050,05,1,3.5,4,2,4,-1.7162471395881,2,"Kentucky, United States",US,USKY,,37.669,-84.6514,KY,2,"Kentucky, United States",US,USKY,,37.669,-84.6514,KY,2,"Kentucky, United States",US,USKY,,37.669,-84.6514,KY,20260713001500,https://www.freemalaysiatoday.com/category/world/2026/07/13/mcconnell-says-he-is-unable-to-return-to-us-senate-yet
1313290642,20260713,202607,2026,2026.5288,USA,UNITED STATES,USA,,,,,,,,LEG,SENATE,,,,,,LEG,,,0,051,051,05,1,3.4,2,1,2,0.427350427350429,3,"Washington, District of Columbia, United States",US,USDC,DC001,38.8951,-77.0364,531871,3,"Palmetto, South Carolina, United States",US,USSC,SC031,34.2521,-79.8273,1227957,3,"Washington, District of Columbia, United States",US,USDC,DC001,38.8951,-77.0364,531871,20260713001500,https://nypost.com/2026/07/12/opinion/heres-how-to-honor-sen-lindsey-grahams-unmatched-patriotic-legacy/
1313290643,20260713,202607,2026,2026.5288,USA,UNITED STATES,USA,,,,,,,,LEG,SENATE,,,,,,LEG,,,0,051,051,05,1,3.4,2,1,2,0.427350427350429,3,"Washington, District of Columbia, United States",US,USDC,DC001,38.8951,-77.0364,531871,3,"Washington, District of Columbia, United States",US,USDC,DC001,38.8951,-77.0364,531871,3,"Washington, District of Columbia, United States",US,USDC,DC001,38.8951,-77.0364,531871,20260713001500,https://nypost.com/2026/07/12/opinion/heres-how-to-honor-sen-lindsey-grahams-unmatched-patriotic-legacy/
1313290644,20260713,202607,2026,2026.5288,USA,UNITED STATES,USA,,,,,,,,LEG,SENATE,,,,,,LEG,,,0,190,190,19,4,-10.0,2,1,2,0.427350427350429,3,"Washington, District of Columbia, United States",US,USDC,DC001,38.8951,-77.0364,531871,3,"Palmetto, South Carolina, United States",US,USSC,SC031,34.2521,-79.8273,1227957,3,"Palmetto, South Carolina, United States",US,USSC,SC031,34.2521,-79.8273,1227957,20260713001500,https://nypost.com/2026/07/12/opinion/heres-how-to-honor-sen-lindsey-grahams-unmatched-patriotic-legacy/
1313290645,20260713,202607,2026,2026.5288,USA,UNITED STATES,USA,,,,,,,,LEG,SENATE,,,,,,LEG,,,0,190,190,19,4,-10.0,2,1,2,0.427350427350429,3,"Washington, District of Columbia, United States",US,USDC,DC001,38.8951,-77.0364,531871,3,"Washington, District of Columbia, United States",US,USDC,DC001,38.8951,-77.0364,531871,3,"Palmetto, South Carolina, United States",US,USSC,SC031,34.2521,-79.8273,1227957,20260713001500,https://nypost.com/2026/07/12/opinion/heres-how-to-honor-sen-lindsey-grahams-unmatched-patriotic-legacy/
1313290646,20260713,202607,2026,2026.5288,USA,UNITED STATES,USA,,,,,,,,LEGBUS,SENATE,,,,,,LEG,BUS,,1,013,013,01,1,0.4,2,1,2,-2.89634146341463,3,"Washington, District of Columbia, United States",US,USDC,DC001,38.8951,-77.0364,531871,3,"Washington, District of Columbia, United States",US,USDC,DC001,38.8951,-77.0364,531871,3,"Washington, District of Columbia, United States",US,USDC,DC001,38.8951,-77.0364,531871,20260713001500,https://www.wgauradio.com/news/politics/mcconnell-says-fall/TURMZXF27YZSDPWUXPDXNPC2UM/
1313290647,20260713,202607,2026,2026.5288,USA,UNITED STATES,USA,,,,,,,,LEGBUS,SENATE,,,,,,LEG,BUS,,1,013,013,01,1,0.4,2,1,2,-2.89634146341463,3,"Washington, District of Columbia, United States",US,USDC,DC001,38.8951,-77.0364,531871,2,"Kentucky, United States",US,USKY,,37.669,-84.6514,KY,3,"Washington, District of Columbia, United States",US,USDC,DC001,38.8951,-77.0364,531871,20260713001500,https://www.wgauradio.com/news/politics/mcconnell-says-fall/TURMZXF27YZSDPWUXPDXNPC2UM/
1313290648,20260713,202607,2026,2026.5288,USA,KANSAS,USA,,,,,,,,MED,MEDIA,,,,,,MED,,,1,015,015,01,1,0.0,10,1,10,-8.87372013651874,2,"Kansas, United States",US,USKS,,38.5111,-96.8005,KS,2,"Kansas, United States",US,USKS,,38.5111,-96.8005,KS,2,"Kansas, United States",US,USKS,,38.5111,-96.8005,KS,20260713001500,https://hayspost.com/posts/0fdef590-2b53-49d9-89c5-457e3b728d3f
1313290649,20260713,202607,2026,2026.5288,USA,KANSAS,USA,,,,,,,,MED,MEDIA,,,,,,MED,,,1,190,190,19,4,-10.0,10,1,10,-8.87372013651874,2,"Kansas, United States",US,USKS,,38.5111,-96.8005,KS,2,"Kansas, United States",US,USKS,,38.5111,-96.8005,KS,2,"Kansas, United States",US,USKS,,38.5111,-96.8005,KS,20260713001500,https://hayspost.com/posts/0fdef590-2b53-49d9-89c5-457e3b728d3f
1313290650,20260713,202607,2026,2026.5288,USA,THE US,USA,,,,,,,,MOS,ISLAMIC,,,,MOS,,,,,0,111,111,11,3,-2.0,10,1,10,-6.11551528878822,4,"New Delhi, Delhi, India",IN,IN07,17911,28.6,77.2,-2106102,4,"New Delhi, Delhi, India",IN,IN07,17911,28.6,77.2,-2106102,4,"New Delhi, Delhi, India",IN,IN07,17911,28.6,77.2,-2106102,20260713001500,https://navhindtimes.in/worldnews/us-strikes-iran-over-ship-attack-in-strait-of-hormuz/
1313290651,20260713,202607,2026,2026.5288,USA,UNITED STATES,USA,,,,,,,,UKR,UKRAINE,UKR,,,,,,,,0,036,036,03,1,4.0,2,1,2,-0.29069767441861,2,"California, United States",US,USCA,,36.17,-119.746,CA,2,"California, United States",US,USCA,,36.17,-119.746,CA,2,"California, United States",US,USCA,,36.17,-119.746,CA,20260713001500,https://timesofsandiego.com/politics/2026/07/12/californias-lawmakers-share-remembrances-following-sen-lindsay-grahams-death/
1313290652,20260713,202607,2026,2026.5288,USA,UNITED STATES,USA,,,,,,,,UKR,UKRAINE,UKR,,,,,,,,0,036,036,03,1,4.0,2,1,2,-0.29069767441861,2,"California, United States",US,USCA,,36.17,-119.746,CA,1,Ukraine,UP,UP,,49,32,UP,2,"California, United States",US,USCA,,36.17,-119.746,CA,20260713001500,https://timesofsandiego.com/politics/2026/07/12/californias-lawmakers-share-remembrances-following-sen-lindsay-grahams-death/
1313290653,20260713,202607,2026,2026.5288,USA,UNITED STATES,USA,,,,,,,,UKR,UKRAINE,UKR,,,,,,,,0,041,041,04,1,1.0,2,1,2,-0.29069767441861,2,"California, United States",US,USCA,,36.17,-119.746,CA,2,"California, United States",US,USCA,,36.17,-119.746,CA,2,"California, United States",US,USCA,,36.17,-119.746,CA,20260713001500,https://timesofsandiego.com/politics/2026/07/12/californias-lawmakers-share-remembrances-following-sen-lindsay-grahams-death/
1313290654,20260713,202607,2026,2026.5288,USA,UNITED STATES,USA,,,,,,,,UKR,UKRAINE,UKR,,,,,,,,0,041,041,04,1,1.0,2,1,2,-0.29069767441861,2,"California, United States",US,USCA,,36.17,-119.746,CA,1,Ukraine,UP,UP,,49,32,UP,2,"California, United States",US,USCA,,36.17,-119.746,CA,20260713001500,https://timesofsandiego.com/politics/2026/07/12/californias-lawmakers-share-remembrances-following-sen-lindsay-grahams-death/
1313290655,20260713,202607,2026,2026.5288,USA,UNITED STATES,USA,,,,,,,,UKR,UKRAINE,UKR,,,,,,,,1,042,042,04,1,1.9,2,1,2,-4.82758620689655,3,"Washington, District of Columbia, United States",US,USDC,DC001,38.8951,-77.0364,531871,3,"Washington, District of Columbia, United States",US,USDC,DC001,38.8951,-77.0364,531871,3,"Washington, District of Columbia, United States",US,USDC,DC001,38.8951,-77.0364,531871,20260713001500,https://www.radioseoul1650.com/archives/146872
1313290656,20260713,202607,2026,2026.5288,USA,UNITED STATES,USA,,,,,,,,UKR,UKRAINE,UKR,,,,,,,,0,042,042,04,1,1.9,2,1,2,-0.29069767441861,2,"California, United States",US,USCA,,36.17,-119.746,CA,2,"California, United States",US,USCA,,36.17,-119.746,CA,2,"California, United States",US,USCA,,36.17,-119.746,CA,20260713001500,https://timesofsandiego.com/politics/2026/07/12/californias-lawmakers-share-remembrances-following-sen-lindsay-grahams-death/
1313290657,20260713,202607,2026,2026.5288,USA,UNITED STATES,USA,,,,,,,,UKR,UKRAINE,UKR,,,,,,,,0,042,042,04,1,1.9,2,1,2,-0.29069767441861,2,"California, United States",US,USCA,,36.17,-119.746,CA,1,Ukraine,UP,UP,,49,32,UP,1,Ukraine,UP,UP,,49,32,UP,20260713001500,https://timesofsandiego.com/politics/2026/07/12/californias-lawmakers-share-remembrances-following-sen-lindsay-grahams-death/
1313290658,20260713,202607,2026,2026.5288,USA,UNITED STATES,USA,,,,,,,,UKR,KYIV,UKR,,,,,,,,0,043,043,04,1,2.8,1,1,1,1.00840336134454,3,"Washington, District of Columbia, United States",US,USDC,DC001,38.8951,-77.0364,531871,4,"Kyiv, Kyyiv, Misto, Ukraine",UP,UP12,28554,50.4333,30.5167,-1044367,4,"Kyiv, Kyyiv, Misto, Ukraine",UP,UP12,28554,50.4333,30.5167,-1044367,20260713001500,https://www.yakimaherald.com/news/nation_and_world/nation/lindsey-graham-remembered-for-a-vision-of-american-foreign-policy-that-s-fading-in-washington/article_c695ff8a-89b3-5b89-81d4-b357930e810d.html
1313290659,20260713,202607,2026,2026.5288,USA,UNITED STATES,USA,,,,,,,,UKR,UKRAINE,UKR,,,,,,,,1,051,051,05,1,3.4,2,1,2,-1.01010101010101,3,"Washington, District of Columbia, United States",US,USDC,DC001,38.8951,-77.0364,531871,4,"Kyiv, Kyyiv, Misto, Ukraine",UP,UP12,28554,50.4333,30.5167,-1044367,4,"Kyiv, Kyyiv, Misto, Ukraine",UP,UP12,28554,50.4333,30.5167,-1044367,20260713001500,https://navhindtimes.in/worldnews/us-senator-lindsey-graham-close-trump-ally-foreign-policy-hawk-dies-at-71/
1313290660,20260713,202607,2026,2026.5288,USA,UNITED STATES,USA,,,,,,,,UKR,UKRAINE,UKR,,,,,,,,1,051,051,05,1,3.4,2,1,2,-1.01010101010101,3,"Washington, District of Columbia, United States",US,USDC,DC001,38.8951,-77.0364,531871,2,"South Carolina, United States",US,USSC,,33.8191,-80.9066,SC,2,"South Carolina, United States",US,USSC,,33.8191,-80.9066,SC,20260713001500,https://navhindtimes.in/worldnews/us-senator-lindsey-graham-close-trump-ally-foreign-policy-hawk-dies-at-71/
1313290661,20260713,202607,2026,2026.5288,USA,SOUTH CAROLINA,USA,,,,,,,,UKR,UKRAINE,UKR,,,,,,,,1,051,051,05,1,3.4,6,1,6,-1.01010101010101,2,"South Carolina, United States",US,USSC,,33.8191,-80.9066,SC,4,"Kyiv, Kyyiv, Misto, Ukraine",UP,UP12,28554,50.4333,30.5167,-1044367,4,"Kyiv, Kyyiv, Misto, Ukraine",UP,UP12,28554,50.4333,30.5167,-1044367,20260713001500,https://navhindtimes.in/worldnews/us-senator-lindsey-graham-close-trump-ally-foreign-policy-hawk-dies-at-71/
1313290662,20260713,202607,2026,2026.5288,USA,UNITED STATES,USA,,,,,,,,USACOP,UNITED STATES,USA,,,,,COP,,,1,193,193,19,4,-10.0,2,1,2,-6.45161290322581,3,"Florence County, South Carolina, United States",US,USSC,SC041,34.0502,-79.6665,1248001,3,"Florence County, South Carolina, United States",US,USSC,,34.0502,-79.6665,1248001,3,"Florence County, South Carolina, United States",US,USSC,,34.0502,-79.6665,1248001,20260713001500,https://wpde.com/news/local/fcso-deputies-respond-to-reported-shooting-with-victim-on-daniels-road-in-lake-city
1313290663,20260713,202607,2026,2026.5288,USA,KENTUCKY,USA,,,,,,,,USALEG,UNITED STATES,USA,,,,,LEG,,,1,010,010,01,1,0.0,32,1,32,-2.53170289855072,2,"Kentucky, United States",US,USKY,,37.669,-84.6514,KY,2,"Kentucky, United States",US,USKY,,37.669,-84.6514,KY,2,"Kentucky, United States",US,USKY,,37.669,-84.6514,KY,20260713001500,https://kprcradio.iheart.com/content/2026-07-12-mitch-mcconnell-releases-statement-amid-health-concerns/
1313290664,20260713,202607,2026,2026.5288,USA,UNITED STATES,USA,,,,,,,,USALEG,UNITED STATES,USA,,,,,LEG,,,1,020,020,02,1,3.0,1,1,1,-3.36538461538462,3,"Washington, District of Columbia, United States",US,USDC,DC001,38.8951,-77.0364,531871,3,"Washington, District of Columbia, United States",US,USDC,DC001,38.8951,-77.0364,531871,3,"Washington, District of Columbia, United States",US,USDC,DC001,38.8951,-77.0364,531871,20260713001500,https://wpde.com/news/local/senator-lindsey-graham-was-a-familiar-face-in-pee-dee-grand-strand-during-his-career-south-carolina-dies-at-age-71-grand-strand-governor-mccmaster
1313290665,20260713,202607,2026,2026.5288,USA,UNITED STATES,USA,,,,,,,,USALEG,UNITED STATES,USA,,,,,LEG,,,1,020,020,02,1,3.0,1,1,1,-3.36538461538462,3,"Washington, District of Columbia, United States",US,USDC,DC001,38.8951,-77.0364,531871,3,"Washington, District of Columbia, United States",US,USDC,DC001,38.8951,-77.0364,531871,2,"South Carolina, United States",US,USSC,,33.8191,-80.9066,SC,20260713001500,https://wpde.com/news/local/senator-lindsey-graham-was-a-familiar-face-in-pee-dee-grand-strand-during-his-career-south-carolina-dies-at-age-71-grand-strand-governor-mccmaster
1313290666,20260713,202607,2026,2026.5288,USA,UNITED STATES,USA,,,,,,,,USAMIL,THE US,USA,,,,,MIL,,,1,051,051,05,1,3.4,2,1,2,0.427350427350429,3,"Washington, District of Columbia, United States",US,USDC,DC001,38.8951,-77.0364,531871,4,"Moscow, Moskva, Russia",RS,RS48,25106,55.7522,37.6156,-2960561,4,"Moscow, Moskva, Russia",RS,RS48,25106,55.7522,37.6156,-2960561,20260713001500,https://nypost.com/2026/07/12/opinion/heres-how-to-honor-sen-lindsey-grahams-unmatched-patriotic-legacy/
1313290667,20260713,202607,2026,2026.5288,USA,UNITED STATES,USA,,,,,,,,USAMIL,THE US,USA,,,,,MIL,,,1,051,051,05,1,3.4,2,1,2,0.427350427350429,3,"Washington, District of Columbia, United States",US,USDC,DC001,38.8951,-77.0364,531871,3,"Washington, District of Columbia, United States",US,USDC,DC001,38.8951,-77.0364,531871,3,"Washington, District of Columbia, United States",US,USDC,DC001,38.8951,-77.0364,531871,20260713001500,https://nypost.com/2026/07/12/opinion/heres-how-to-honor-sen-lindsey-grahams-unmatched-patriotic-legacy/
1313290668,20260713,202607,2026,2026.5288,USA,UNITED STATES,USA,,,,,,,,USAMIL,THE US,USA,,,,,MIL,,,1,051,051,05,1,3.4,2,1,2,0.427350427350429,2,"South Carolina, United States",US,USSC,,33.8191,-80.9066,SC,2,"South Carolina, United States",US,USSC,,33.8191,-80.9066,SC,3,"University Of South Carolina, South Carolina, United States",US,USSC,,33.5546,-81.7254,1227317,20260713001500,https://nypost.com/2026/07/12/opinion/heres-how-to-honor-sen-lindsey-grahams-unmatched-patriotic-legacy/
1313290669,20260713,202607,2026,2026.5288,USA,UNITED STATES,USA,,,,,,,,USAMIL,THE US,USA,,,,,MIL,,,1,051,051,05,1,3.4,2,1,2,0.427350427350429,2,"South Carolina, United States",US,USSC,,33.8191,-80.9066,SC,2,"South Carolina, United States",US,USSC,,33.8191,-80.9066,SC,2,"South Carolina, United States",US,USSC,,33.8191,-80.9066,SC,20260713001500,https://nypost.com/2026/07/12/opinion/heres-how-to-honor-sen-lindsey-grahams-unmatched-patriotic-legacy/
1313290670,20260713,202607,2026,2026.5288,USA,UNITED STATES,USA,,,,,,,,USAMIL,THE US,USA,,,,,MIL,,,1,080,080,08,2,5.0,2,1,2,0.427350427350429,3,"Washington, District of Columbia, United States",US,USDC,DC001,38.8951,-77.0364,531871,4,"Kyiv, Kyyiv, Misto, Ukraine",UP,UP12,28554,50.4333,30.5167,-1044367,3,"Washington, District of Columbia, United States",US,USDC,DC001,38.8951,-77.0364,531871,20260713001500,https://nypost.com/2026/07/12/opinion/heres-how-to-honor-sen-lindsey-grahams-unmatched-patriotic-legacy/
1313290671,20260713,202607,2026,2026.5288,USA,UNITED STATES,USA,,,,,,,,USAMIL,THE US,USA,,,,,MIL,,,1,080,080,08,2,5.0,2,1,2,0.427350427350429,3,"Washington, District of Columbia, United States",US,USDC,DC001,38.8951,-77.0364,531871,3,"Washington, District of Columbia, United States",US,USDC,DC001,38.8951,-77.0364,531871,3,"Washington, District of Columbia, United States",US,USDC,DC001,38.8951,-77.0364,531871,20260713001500,https://nypost.com/2026/07/12/opinion/heres-how-to-honor-sen-lindsey-grahams-unmatched-patriotic-legacy/
1313290672,20260713,202607,2026,2026.5288,USA,UNITED STATES,USA,,,,,,,,USAMIL,THE US,USA,,,,,MIL,,,1,080,080,08,2,5.0,4,1,4,0.427350427350429,2,"South Carolina, United States",US,USSC,,33.8191,-80.9066,SC,2,"South Carolina, United States",US,USSC,,33.8191,-80.9066,SC,2,"South Carolina, United States",US,USSC,,33.8191,-80.9066,SC,20260713001500,https://nypost.com/2026/07/12/opinion/heres-how-to-honor-sen-lindsey-grahams-unmatched-patriotic-legacy/
1313290673,20260713,202607,2026,2026.5288,USAGOV,UNITED STATES,USA,,,,,GOV,,,,,,,,,,,,,1,020,020,02,1,3.0,2,1,2,-1.73913043478261,2,"South Carolina, United States",US,USSC,,33.8191,-80.9066,SC,0,,,,,,,,2,"South Carolina, United States",US,USSC,,33.8191,-80.9066,SC,20260713001500,https://wpde.com/news/local-and-state/confederate-flag-rally-occurs-following-11-year-anniversary-of-the-flags-removal
1313290674,20260713,202607,2026,2026.5288,USAGOV,UNITED STATES,USA,,,,,GOV,,,,,,,,,,,,,0,030,030,03,1,4.0,4,2,4,-5.11382799325463,2,"Texas, United States",US,USTX,,31.106,-97.6475,TX,0,,,,,,,,2,"Texas, United States",US,USTX,,31.106,-97.6475,TX,20260713001500,https://www.gjsentinel.com/news/us/keystone-pipeline-systems-operator-agrees-to-pay-a-26-9m-penalty-over-a-major-kansas/article_0c486dbd-0d82-5be6-9c94-0d9ec52fd4f1.html
1313290675,20260713,202607,2026,2026.5288,USAGOV,THE US,USA,,,,,GOV,,,,,,,,,,,,,1,073,073,07,2,7.4,10,1,10,-4.43548387096774,1,Russia,RS,RS,,60,100,RS,0,,,,,,,,1,Russia,RS,RS,,60,100,RS,20260713001500,https://www.freemalaysiatoday.com/category/world/2026/07/13/venezuelas-quake-death-toll-rises-to-4490
1313290676,20260713,202607,2026,2026.5288,USAGOV,UNITED STATES,USA,,,,,GOV,,,RUS,RUSSIA,RUS,,,,,,,,0,163,163,16,4,-8.0,2,1,2,-1.01010101010101,3,"Washington, District of Columbia, United States",US,USDC,DC001,38.8951,-77.0364,531871,4,"Moscow, Moskva, Russia",RS,RS48,25106,55.7522,37.6156,-2960561,3,"Washington, District of Columbia, United States",US,USDC,DC001,38.8951,-77.0364,531871,20260713001500,https://navhindtimes.in/worldnews/us-senator-lindsey-graham-close-trump-ally-foreign-policy-hawk-dies-at-71/
1313290677,20260713,202607,2026,2026.5288,USAGOV,UNITED STATES,USA,,,,,GOV,,,RUS,RUSSIA,RUS,,,,,,,,0,163,163,16,4,-8.0,2,1,2,-1.01010101010101,3,"Washington, District of Columbia, United States",US,USDC,DC001,38.8951,-77.0364,531871,3,"Washington, District of Columbia, United States",US,USDC,DC001,38.8951,-77.0364,531871,3,"Washington, District of Columbia, United States",US,USDC,DC001,38.8951,-77.0364,531871,20260713001500,https://navhindtimes.in/worldnews/us-senator-lindsey-graham-close-trump-ally-foreign-policy-hawk-dies-at-71/
1313290678,20260713,202607,2026,2026.5288,USAGOV,BARACK OBAMA,USA,,,,,GOV,,,UKR,UKRAINE,UKR,,,,,,,,1,051,051,05,1,3.4,6,1,6,0.427350427350429,4,"Kyiv, Kyyiv, Misto, Ukraine",UP,UP12,28554,50.4333,30.5167,-1044367,4,"Kyiv, Kyyiv, Misto, Ukraine",UP,UP12,28554,50.4333,30.5167,-1044367,4,"Kyiv, Kyyiv, Misto, Ukraine",UP,UP12,28554,50.4333,30.5167,-1044367,20260713001500,https://nypost.com/2026/07/12/opinion/heres-how-to-honor-sen-lindsey-grahams-unmatched-patriotic-legacy/
1313290679,20260713,202607,2026,2026.5288,USAGOV,BARACK OBAMA,USA,,,,,GOV,,,UKR,UKRAINE,UKR,,,,,,,,1,051,051,05,1,3.4,2,1,2,0.427350427350429,4,"Kyiv, Kyyiv, Misto, Ukraine",UP,UP12,28554,50.4333,30.5167,-1044367,4,"Kyiv, Kyyiv, Misto, Ukraine",UP,UP12,28554,50.4333,30.5167,-1044367,4,"Moscow, Moskva, Russia",RS,RS48,25106,55.7522,37.6156,-2960561,20260713001500,https://nypost.com/2026/07/12/opinion/heres-how-to-honor-sen-lindsey-grahams-unmatched-patriotic-legacy/
1313290680,20260713,202607,2026,2026.5288,USAGOV,OBAMA,USA,,,,,GOV,,,UKR,UKRAINE,UKR,,,,,,,,0,051,051,05,1,3.4,3,1,3,1.00840336134454,4,"Kharg Island, Bushehr, Iran",IR,IR22,40962,29.2458,50.3158,-3070760,4,"Kyiv, Kyyiv, Misto, Ukraine",UP,UP12,28554,50.4333,30.5167,-1044367,4,"Kharg Island, Bushehr, Iran",IR,IR22,40962,29.2458,50.3158,-3070760,20260713001500,https://www.yakimaherald.com/news/nation_and_world/nation/lindsey-graham-remembered-for-a-vision-of-american-foreign-policy-that-s-fading-in-washington/article_c695ff8a-89b3-5b89-81d4-b357930e810d.html
1313290681,20260713,202607,2026,2026.5288,USAGOV,BARACK OBAMA,USA,,,,,GOV,,,UKR,UKRAINE,UKR,,,,,,,,1,051,051,05,1,3.4,2,1,2,0.427350427350429,1,Israel,IS,IS,,31.5,34.75,IS,1,Israel,IS,IS,,31.5,34.75,IS,1,Israel,IS,IS,,31.5,34.75,IS,20260713001500,https://nypost.com/2026/07/12/opinion/heres-how-to-honor-sen-lindsey-grahams-unmatched-patriotic-legacy/
1313290682,20260713,202607,2026,2026.5288,USAJUD,UNITED STATES,USA,,,,,JUD,,,,,,,,,,,,,1,180,180,18,4,-9.0,8,1,8,-6.10687022900764,2,"Texas, United States",US,USTX,,31.106,-97.6475,TX,0,,,,,,,,2,"Texas, United States",US,USTX,,31.106,-97.6475,TX,20260713001500,https://www.ksat.com/news/local/2026/07/12/lavaca-county-justice-of-the-peace-arrested-on-felony-sexual-assault-charges-sheriffs-office-says/
1313290683,20260713,202607,2026,2026.5288,USAJUD,UNITED STATES,USA,,,,,JUD,,,CRMJUD,CRIMINAL,,,,,,CRM,JUD,,1,112,112,11,3,-2.0,1,1,1,-6.10687022900764,3,"Lavaca County, Texas, United States",US,USTX,TX285,29.3836,-96.9503,1383928,3,"Lavaca County, Texas, United States",US,USTX,,29.3836,-96.9503,1383928,3,"Lavaca County, Texas, United States",US,USTX,,29.3836,-96.9503,1383928,20260713001500,https://www.ksat.com/news/local/2026/07/12/lavaca-county-justice-of-the-peace-arrested-on-felony-sexual-assault-charges-sheriffs-office-says/
1313290684,20260713,202607,2026,2026.5288,USALEG,KENTUCKY,USA,,,,,LEG,,,,,,,,,,,,,1,010,010,01,1,0.0,48,1,48,-2.53170289855072,2,"Kentucky, United States",US,USKY,,37.669,-84.6514,KY,0,,,,,,,,2,"Kentucky, United States",US,USKY,,37.669,-84.6514,KY,20260713001500,https://kprcradio.iheart.com/content/2026-07-12-mitch-mcconnell-releases-statement-amid-health-concerns/
1313290685,20260713,202607,2026,2026.5288,USAMED,REUTERS,USA,,,,,MED,,,DNK,DENMARK,DNK,,,,,,,,1,042,042,04,1,1.9,2,1,2,-5.48245614035088,1,Denmark,DA,DA,,56,10,DA,1,Denmark,DA,DA,,56,10,DA,1,Denmark,DA,DA,,56,10,DA,20260713001500,https://wkzo.com/2026/07/12/europe-recorded-10000-excess-deaths-during-late-june-heatwave-data-show/
1313290686,20260713,202607,2026,2026.5288,USAMED,REUTERS,USA,,,,,MED,,,FRA,FRANCE,FRA,,,,,,,,1,042,042,04,1,1.9,2,1,2,-6.38820638820639,1,France,FR,FR,,46,2,FR,1,France,FR,FR,,46,2,FR,1,France,FR,FR,,46,2,FR,20260713001500,https://www.freemalaysiatoday.com/category/world/2026/07/13/europe-recorded-10000-excess-deaths-during-late-june-heatwave-data-show
1313290687,20260713,202607,2026,2026.5288,USAMED,REUTERS,USA,,,,,MED,,,HLH,PHYSICIAN,,,,,,HLH,,,1,042,042,04,1,1.9,3,1,3,-5.48245614035088,1,Denmark,DA,DA,,56,10,DA,1,Denmark,DA,DA,,56,10,DA,1,Denmark,DA,DA,,56,10,DA,20260713001500,https://wkzo.com/2026/07/12/europe-recorded-10000-excess-deaths-during-late-june-heatwave-data-show/
1313290688,20260713,202607,2026,2026.5288,USAMED,REUTERS,USA,,,,,MED,,,HLH,PHYSICIAN,,,,,,HLH,,,1,042,042,04,1,1.9,3,1,3,-6.38820638820639,1,France,FR,FR,,46,2,FR,1,France,FR,FR,,46,2,FR,1,France,FR,FR,,46,2,FR,20260713001500,https://www.freemalaysiatoday.com/category/world/2026/07/13/europe-recorded-10000-excess-deaths-during-late-june-heatwave-data-show
1313290689,20260713,202607,2026,2026.5288,USAMED,ASSOCIATED PRESS,USA,,,,,MED,,,ISR,ISRAEL,ISR,,,,,,,,0,070,070,07,2,7.0,2,1,2,1.00840336134454,4,"Beirut, Beyrouth, Lebanon",LE,LE04,18808,33.8719,35.5097,-801546,4,"Jerusalem, Israel (general), Israel",IS,IS00,18315,31.7667,35.2333,-797092,4,"Jerusalem, Israel (general), Israel",IS,IS00,18315,31.7667,35.2333,-797092,20260713001500,https://www.yakimaherald.com/news/nation_and_world/nation/lindsey-graham-remembered-for-a-vision-of-american-foreign-policy-that-s-fading-in-washington/article_c695ff8a-89b3-5b89-81d4-b357930e810d.html
1313290690,20260713,202607,2026,2026.5288,VEN,VENEZUELA,VEN,,,,,,,,GOV,GOVERNMENT,,,,,,GOV,,,1,043,043,04,1,2.8,8,1,8,-4.43548387096774,4,"La Guaira, Vargas, Venezuela",VE,VE26,31960,10.6004,-66.93,-947670,4,"La Guaira, Vargas, Venezuela",VE,VE26,31960,10.6004,-66.93,-947670,4,"La Guaira, Vargas, Venezuela",VE,VE26,31960,10.6004,-66.93,-947670,20260713001500,https://www.freemalaysiatoday.com/category/world/2026/07/13/venezuelas-quake-death-toll-rises-to-4490
1313290691,20260713,202607,2026,2026.5288,VNM,VIET NAM,VNM,,,,,,,,,,,,,,,,,,1,111,111,11,3,-2.0,8,1,8,4.3,4,"Da Nang, Ð N?ng, Vietnam, Republic Of",VM,VM78,73992,16.0678,108.221,-3712125,0,,,,,,,,4,"Da Nang, Ð N?ng, Vietnam, Republic Of",VM,VM78,73992,16.0678,108.221,-3712125,20260713001500,http://www.malaysiasun.com/news/279183268/branded-residences-in-viet-nam-from-market-momentum-to-long-term-growth
1313290692,20260713,202607,2026,2026.5288,tam,TAMIL,,,tam,,,,,,GOV,CHIEF MINISTER,,,,,,GOV,,,1,051,051,05,1,3.4,10,1,10,-5.46448087431696,1,Sri Lanka,CE,CE,,7,81,CE,1,Sri Lanka,CE,CE,,7,81,CE,1,Sri Lanka,CE,CE,,7,81,CE,20260713001500,https://island.lk/abandoned-fighters-divisive-monuments-and-the-imperative-of-one-sri-lanka/
