GLOBALEVENTID,SQLDATE,MonthYear,Year,FractionDate,Actor1Code,Actor1Name,Actor1CountryCode,Actor1KnownGroupCode,Actor1EthnicCode,Actor1Religion1Code,Actor1Religion2Code,Actor1Type1Code,Actor1Type2Code,Actor1Type3Code,Actor2Code,Actor2Name,Actor2CountryCode,Actor2KnownGroupCode,Actor2EthnicCode,Actor2Religion1Code,Actor2Religion2Code,Actor2Type1Code,Actor2Type2Code,Actor2Type3Code,IsRootEvent,EventCode,EventBaseCode,EventRootCode,QuadClass,GoldsteinScale,NumMentions,NumSources,NumArticles,AvgTone,Actor1Geo_Type,Actor1Geo_FullName,Actor1Geo_CountryCode,Actor1Geo_ADM1Code,Actor1Geo_Lat,Actor1Geo_Long,Actor1Geo_FeatureID,Actor2Geo_Type,Actor2Geo_FullName,Actor2Geo_CountryCode,Actor2Geo_ADM1Code,Actor2Geo_Lat,Actor2Geo_Long,Actor2Geo_FeatureID,ActionGeo_Type,ActionGeo_FullName,ActionGeo_CountryCode,ActionGeo_ADM1Code,ActionGeo_Lat,ActionGeo_Long,ActionGeo_FeatureID,DATEADDED,SOURCEURL
1322889624,20250914,202509,2025,2025.6959,UKR,UKRAINIAN,UKR,,,,,,,,RUS,RUSSIAN,RUS,,,,,,,,0,181,181,18,4,-9.0,4,1,4,-1.04861773117255,1,Canada,CA,CA,,60,-96,CA,1,Canada,CA,CA,,60,-96,CA,1,Canada,CA,CA,,60,-96,CA,20260914011500,https://www.politico.eu/article/ursula-von-der-leyen-state-of-the-union-speech/
1322889625,20250914,202509,2025,2025.6959,UKR,UKRAINIAN,UKR,,,,,,,,RUS,RUSSIAN,RUS,,,,,,,,0,181,181,18,4,-9.0,3,1,3,-1.04861773117255,1,Ukraine,UP,UP,,49,32,UP,1,Russia,RS,RS,,60,100,RS,1,Ukraine,UP,UP,,49,32,UP,20260914011500,https://www.politico.eu/article/ursula-von-der-leyen-state-of-the-union-speech/
1322889626,20250914,202509,2025,2025.6959,UKR,UKRAINIAN,UKR,,,,,,,,RUS,RUSSIAN,RUS,,,,,,,,0,181,181,18,4,-9.0,1,1,1,-1.04861773117255,1,Ukraine,UP,UP,,49,32,UP,1,Ukraine,UP,UP,,49,32,UP,1,Ukraine,UP,UP,,49,32,UP,20260914011500,https://www.politico.eu/article/ursula-von-der-leyen-state-of-the-union-speech/
1322889627,20260815,202608,2026,2026.6164,,,,,,,,,,,PSEREB,HAMAS,PSE,,,,,REB,,,0,046,046,04,1,7.0,10,1,10,-4.56989247311828,0,,,,,,,,4,"Gaza, Israel (general), Israel",IS,IS00,18315,31.4167,34.3333,-797156,4,"Gaza, Israel (general), Israel",IS,IS00,18315,31.4167,34.3333,-797156,20260914011500,https://www.theyeshivaworld.com/news/israel-news/2597632/likud-fires-back-netanyahus-party-rejects-kushner-claim-that-doha-strike-hurt-israel.html
1322889628,20260815,202608,2026,2026.6164,GOV,ADMINISTRATION,,,,,,GOV,,,MED,MEDIA,,,,,,MED,,,0,016,016,01,1,-2.0,10,1,10,-7.07070707070707,3,"Washington, District of Columbia, United States",US,USDC,DC001,38.8951,-77.0364,531871,3,"Washington, District of Columbia, United States",US,USDC,DC001,38.8951,-77.0364,531871,3,"Washington, District of Columbia, United States",US,USDC,DC001,38.8951,-77.0364,531871,20260914011500,https://www.oann.com/newsroom/not-concerned-at-all-centcom-commander-addresses-purported-munitions-shortage/
1322889629,20260815,202608,2026,2026.6164,ISR,ISRAEL,ISR,,,,,,,,ISRGOV,ISRAELI,ISR,,,,,GOV,,,0,010,010,01,1,0.0,3,1,3,-6.6747572815534,4,"Gaza, Israel (general), Israel",IS,IS00,18315,31.4167,34.3333,-797156,4,"Gaza, Israel (general), Israel",IS,IS00,18315,31.4167,34.3333,-797156,4,"Gaza, Israel (general), Israel",IS,IS00,18315,31.4167,34.3333,-797156,20260914011500,https://www.yahoo.com/entertainment/celebrity/articles/ms-rachel-claims-celebrities-silent-203901235.html
1322889630,20260815,202608,2026,2026.6164,ISR,ISRAEL,ISR,,,,,,,,LBN,LEBANON,LBN,,,,,,,,1,036,036,03,1,4.0,2,1,2,-4.77657935285054,1,Lebanon,LE,LE,,33.833333,35.833333,LE,4,"Bab El-Mandeb, , Djibouti",DJ,DJ,,12.5833,43.35,-3189484,1,Israel,IS,IS,,31.5,34.75,IS,20260914011500,https://www.yahoo.com/news/world/articles/iraq-confirms-attacks-saudi-pipeline-065944052.html
1322889631,20260815,202608,2026,2026.6164,ISR,ISRAEL,ISR,,,,,,,,LBN,LEBANON,LBN,,,,,,,,1,036,036,03,1,4.0,2,1,2,-4.77657935285054,1,Lebanon,LE,LE,,33.833333,35.833333,LE,4,"Bab El-Mandeb, , Djibouti",DJ,DJ,,12.5833,43.35,-3189484,1,Lebanon,LE,LE,,33.833333,35.833333,LE,20260914011500,https://www.yahoo.com/news/world/articles/iraq-confirms-attacks-saudi-pipeline-065944052.html
1322889632,20260815,202608,2026,2026.6164,ISR,ISRAEL,ISR,,,,,,,,LBN,LEBANON,LBN,,,,,,,,0,036,036,03,1,4.0,2,1,2,-4.77657935285054,1,Lebanon,LE,LE,,33.833333,35.833333,LE,1,Lebanon,LE,LE,,33.833333,35.833333,LE,1,Israel,IS,IS,,31.5,34.75,IS,20260914011500,https://www.yahoo.com/news/world/articles/iraq-confirms-attacks-saudi-pipeline-065944052.html
1322889633,20260815,202608,2026,2026.6164,ISR,ISRAEL,ISR,,,,,,,,LBN,LEBANON,LBN,,,,,,,,1,046,046,04,1,7.0,4,1,4,-4.77657935285054,1,Lebanon,LE,LE,,33.833333,35.833333,LE,4,"Bab El-Mandeb, , Djibouti",DJ,DJ,,12.5833,43.35,-3189484,1,Israel,IS,IS,,31.5,34.75,IS,20260914011500,https://www.yahoo.com/news/world/articles/iraq-confirms-attacks-saudi-pipeline-065944052.html
1322889634,20260815,202608,2026,2026.6164,LBN,LEBANON,LBN,,,,,,,,ISR,ISRAEL,ISR,,,,,,,,1,036,036,03,1,4.0,5,1,5,-4.77657935285054,4,"Baniyas, Tartus, Syria",SY,SY14,26374,35.1819,35.9487,-2540079,4,"Baniyas, Tartus, Syria",SY,SY14,26374,35.1819,35.9487,-2540079,4,"Baniyas, Tartus, Syria",SY,SY14,26374,35.1819,35.9487,-2540079,20260914011500,https://www.yahoo.com/news/world/articles/iraq-confirms-attacks-saudi-pipeline-065944052.html
1322889635,20260815,202608,2026,2026.6164,LBN,LEBANON,LBN,,,,,,,,ISR,ISRAEL,ISR,,,,,,,,1,036,036,03,1,4.0,1,1,1,-4.77657935285054,4,"Bab El-Mandeb, , Djibouti",DJ,DJ,,12.5833,43.35,-3189484,1,Lebanon,LE,LE,,33.833333,35.833333,LE,1,Israel,IS,IS,,31.5,34.75,IS,20260914011500,https://www.yahoo.com/news/world/articles/iraq-confirms-attacks-saudi-pipeline-065944052.html
1322889636,20260815,202608,2026,2026.6164,LBN,LEBANON,LBN,,,,,,,,ISR,ISRAEL,ISR,,,,,,,,1,036,036,03,1,4.0,1,1,1,-4.77657935285054,4,"Bab El-Mandeb, , Djibouti",DJ,DJ,,12.5833,43.35,-3189484,1,Lebanon,LE,LE,,33.833333,35.833333,LE,1,Lebanon,LE,LE,,33.833333,35.833333,LE,20260914011500,https://www.yahoo.com/news/world/articles/iraq-confirms-attacks-saudi-pipeline-065944052.html
1322889637,20260815,202608,2026,2026.6164,LBN,LEBANON,LBN,,,,,,,,ISR,ISRAEL,ISR,,,,,,,,1,036,036,03,1,4.0,9,1,6,-4.77657935285054,1,Lebanon,LE,LE,,33.833333,35.833333,LE,1,Israel,IS,IS,,31.5,34.75,IS,1,Israel,IS,IS,,31.5,34.75,IS,20260914011500,https://www.yahoo.com/news/world/articles/iraq-confirms-attacks-saudi-pipeline-065944052.html
1322889638,20260815,202608,2026,2026.6164,LBN,LEBANON,LBN,,,,,,,,ISR,ISRAEL,ISR,,,,,,,,0,036,036,03,1,4.0,2,1,2,-4.77657935285054,1,Lebanon,LE,LE,,33.833333,35.833333,LE,1,Lebanon,LE,LE,,33.833333,35.833333,LE,1,Israel,IS,IS,,31.5,34.75,IS,20260914011500,https://www.yahoo.com/news/world/articles/iraq-confirms-attacks-saudi-pipeline-065944052.html
1322889639,20260815,202608,2026,2026.6164,LBN,LEBANON,LBN,,,,,,,,ISR,ISRAEL,ISR,,,,,,,,0,036,036,03,1,4.0,2,1,2,-4.77657935285054,1,Lebanon,LE,LE,,33.833333,35.833333,LE,1,Lebanon,LE,LE,,33.833333,35.833333,LE,1,Lebanon,LE,LE,,33.833333,35.833333,LE,20260914011500,https://www.yahoo.com/news/world/articles/iraq-confirms-attacks-saudi-pipeline-065944052.html
1322889640,20260815,202608,2026,2026.6164,LBN,LEBANON,LBN,,,,,,,,ISR,ISRAEL,ISR,,,,,,,,1,046,046,04,1,7.0,4,1,4,-4.77657935285054,4,"Bab El-Mandeb, , Djibouti",DJ,DJ,,12.5833,43.35,-3189484,1,Lebanon,LE,LE,,33.833333,35.833333,LE,1,Israel,IS,IS,,31.5,34.75,IS,20260914011500,https://www.yahoo.com/news/world/articles/iraq-confirms-attacks-saudi-pipeline-065944052.html
1322889641,20260815,202608,2026,2026.6164,PSEREB,HAMAS,PSE,,,,,REB,,,,,,,,,,,,,0,046,046,04,1,7.0,10,1,10,-4.56989247311828,4,"Gaza, Israel (general), Israel",IS,IS00,18315,31.4167,34.3333,-797156,0,,,,,,,,4,"Gaza, Israel (general), Israel",IS,IS00,18315,31.4167,34.3333,-797156,20260914011500,https://www.theyeshivaworld.com/news/israel-news/2597632/likud-fires-back-netanyahus-party-rejects-kushner-claim-that-doha-strike-hurt-israel.html
1322889642,20260815,202608,2026,2026.6164,RUS,RUSSIAN,RUS,,,,,,,,CVL,SETTLEMENT,,,,,,CVL,,,0,192,192,19,4,-9.5,1,1,1,-3.21592649310873,4,"Moscow, Moskva, Russia",RS,RS48,25106,55.7522,37.6156,-2960561,4,"Kyiv, Kyyiv, Misto, Ukraine",UP,UP12,28554,50.4333,30.5167,-1044367,4,"Kyiv, Kyyiv, Misto, Ukraine",UP,UP12,28554,50.4333,30.5167,-1044367,20260914011500,https://www.thedailybeast.com/vladimir-putins-battlefield-boasts-collapse-in-humiliating-fashion/
1322889643,20260815,202608,2026,2026.6164,RUSGOV,RUSSIAN,RUS,,,,,GOV,,,CVL,SETTLEMENT,,,,,,CVL,,,0,192,192,19,4,-9.5,6,1,6,-3.21592649310873,4,"Moscow, Moskva, Russia",RS,RS48,25106,55.7522,37.6156,-2960561,4,"Moscow, Moskva, Russia",RS,RS48,25106,55.7522,37.6156,-2960561,4,"Moscow, Moskva, Russia",RS,RS48,25106,55.7522,37.6156,-2960561,20260914011500,https://www.thedailybeast.com/vladimir-putins-battlefield-boasts-collapse-in-humiliating-fashion/
1322889644,20260914,202609,2026,2026.6959,,,,,,,,,,,AFG,AFGHANISTAN,AFG,,,,,,,,0,043,043,04,1,2.8,4,1,4,-1.88679245283019,0,,,,,,,,1,Afghanistan,AF,AF,,33,66,AF,1,Afghanistan,AF,AF,,33,66,AF,20260914011500,https://www.thedailybeast.com/trumps-spy-agency-begging-ex-staff-to-return-amid-massive-overhaul/
1322889645,20260914,202609,2026,2026.6959,,,,,,,,,,,ARG,ARGENTINA,ARG,,,,,,,,1,0311,031,03,1,5.2,10,1,10,3.50194552529183,0,,,,,,,,1,Mexico,MX,MX,,23,-102,MX,1,Mexico,MX,MX,,23,-102,MX,20260914011500,https://verticalmag.com/email/Vertical_sunday_review_email.php?date=2026-09-14
1322889646,20260914,202609,2026,2026.6959,,,,,,,,,,,AUS,AUSTRALIA,AUS,,,,,,,,0,042,042,04,1,1.9,4,1,3,3.25203252032521,0,,,,,,,,4,"Canberra, Australian Capital Territory, Australia",AS,AS01,4940,-35.2833,149.217,-1563952,4,"Canberra, Australian Capital Territory, Australia",AS,AS01,4940,-35.2833,149.217,-1563952,20260914011500,https://www.eurasiareview.com/14092026-australia-thailand-boosting-security-cooperation/
1322889647,20260914,202609,2026,2026.6959,,,,,,,,,,,AUS,AUSTRALIA,AUS,,,,,,,,1,042,042,04,1,1.9,2,1,2,4.66595970307529,0,,,,,,,,1,South Sudan,OD,OD,,8,30,OD,1,South Sudan,OD,OD,,8,30,OD,20260914011500,https://www.cairnspost.com.au/lifestyle/stellar/duckie-thots-next-big-move-i-miss-being-in-the-concrete-jungle/news-story/3419861e49c74282ae9058d8c025e906?nk=47da8e7ce23afe87492ebf3637efe6af-1789347717
1322889648,20260914,202609,2026,2026.6959,,,,,,,,,,,AUS,SYDNEY,AUS,,,,,,,,0,043,043,04,1,2.8,10,1,10,3.50404312668464,0,,,,,,,,4,"Sydney, New South Wales, Australia",AS,AS02,154637,-33.8833,151.217,-1603135,4,"Sydney, New South Wales, Australia",AS,AS02,154637,-33.8833,151.217,-1603135,20260914011500,https://travelweekly.com.au/hundreds-descend-on-sydney-for-expanded-cruise360/
1322889649,20260914,202609,2026,2026.6959,,,,,,,,,,,BRA,BRAZIL,BRA,,,,,,,,0,042,042,04,1,1.9,2,1,2,-0.77821011673152,0,,,,,,,,4,"Escuro, Acre, Brazil",BR,BR01,18585,-8.14861,-72.8572,-641188,4,"Escuro, Acre, Brazil",BR,BR01,18585,-8.14861,-72.8572,-641188,20260914011500,https://artdaily.com/news/200205/Brazilian-artist-Anna-Maria-Maiolino-debuts-six-decade-retrospective-at-Hauser---Wirth
1322889650,20260914,202609,2026,2026.6959,,,,,,,,,,,CAN,ONTARIO,CAN,,,,,,,,1,051,051,05,1,3.4,2,1,2,0.33333333333333,0,,,,,,,,4,"Quebec, Quebec, Canada",CA,CA10,12750,47.5,-72,-571850,4,"Quebec, Quebec, Canada",CA,CA10,12750,47.5,-72,-571850,20260914011500,https://toronto.citynews.ca/2026/09/13/new-poll-liberals-14-point-lead-over-conservatives-escalating-trade-war/
1322889651,20260914,202609,2026,2026.6959,,,,,,,,,,,CAN,ONTARIO,CAN,,,,,,,,1,051,051,05,1,3.4,8,1,8,0.33333333333333,0,,,,,,,,1,United States,US,US,,39.828175,-98.5795,US,4,"Quebec, Quebec, Canada",CA,CA10,12750,47.5,-72,-571850,20260914011500,https://toronto.citynews.ca/2026/09/13/new-poll-liberals-14-point-lead-over-conservatives-escalating-trade-war/
1322889652,20260914,202609,2026,2026.6959,,,,,,,,,,,CHE,SWITZERLAND,CHE,,,,,,,,1,043,043,04,1,2.8,2,1,2,-1.47058823529412,0,,,,,,,,1,Switzerland,SZ,SZ,,47,8,SZ,1,Switzerland,SZ,SZ,,47,8,SZ,20260914011500,https://artdaily.com/news/200197/Kunsthalle-Bern-presents-first-Swiss-solo-exhibition-by-Saodat-Ismailova
1322889653,20260914,202609,2026,2026.6959,,,,,,,,,,,CHN,BEIJING,CHN,,,,,,,,0,036,036,03,1,4.0,8,1,8,3,0,,,,,,,,4,"Beijing, Beijing, China",CH,CH22,13001,39.9289,116.388,-1898541,4,"Beijing, Beijing, China",CH,CH22,13001,39.9289,116.388,-1898541,20260914011500,http://en.people.cn/n3/2026/0914/c90000-20499213.html
1322889654,20260914,202609,2026,2026.6959,,,,,,,,,,,CHN,BEIJING,CHN,,,,,,,,0,042,042,04,1,1.9,10,1,10,3,0,,,,,,,,4,"Beijing, Beijing, China",CH,CH22,13001,39.9289,116.388,-1898541,4,"Beijing, Beijing, China",CH,CH22,13001,39.9289,116.388,-1898541,20260914011500,http://en.people.cn/n3/2026/0914/c90000-20499213.html
1322889655,20260914,202609,2026,2026.6959,,,,,,,,,,,CHN,BEIJING,CHN,,,,,,,,1,042,042,04,1,1.9,10,1,10,3,0,,,,,,,,4,"Shanxi, Fujian, China",CH,CH07,13167,26.9512,116.692,10771269,4,"Shanxi, Fujian, China",CH,CH07,13167,26.9512,116.692,10771269,20260914011500,http://en.people.cn/n3/2026/0914/c90000-20499213.html
1322889656,20260914,202609,2026,2026.6959,,,,,,,,,,,CHN,BEIJING,CHN,,,,,,,,1,173,173,17,4,-5.0,10,1,10,3,0,,,,,,,,4,"Beijing, Beijing, China",CH,CH22,13001,39.9289,116.388,-1898541,4,"Beijing, Beijing, China",CH,CH22,13001,39.9289,116.388,-1898541,20260914011500,http://en.people.cn/n3/2026/0914/c90000-20499213.html
1322889657,20260914,202609,2026,2026.6959,,,,,,,,,,,CHNGOV,CHINA,CHN,,,,,GOV,,,0,046,046,04,1,7.0,2,1,2,5.8659217877095,0,,,,,,,,1,China,CH,CH,,35,105,CH,1,China,CH,CH,,35,105,CH,20260914011500,https://www.eurasiareview.com/14092026-brics-summit-concludes-with-adoption-of-new-delhi-declaration/
1322889658,20260914,202609,2026,2026.6959,,,,,,,,,,,COP,PRISON,,,,,,COP,,,1,012,012,01,1,-0.4,5,1,5,-8.38574423480081,0,,,,,,,,1,United Kingdom,UK,UK,,54,-4,UK,1,United Kingdom,UK,UK,,54,-4,UK,20260914011500,https://www.dailymail.com/news/article-16128739/Albanian-drug-dealer-entered-Britain-false-identity-spared-jail-partner-suffers-depression-chronic-pain.html
1322889659,20260914,202609,2026,2026.6959,,,,,,,,,,,COP,PRISON,,,,,,COP,,,1,080,080,08,2,5.0,5,1,5,-8.38574423480081,0,,,,,,,,1,United Kingdom,UK,UK,,54,-4,UK,1,United Kingdom,UK,UK,,54,-4,UK,20260914011500,https://www.dailymail.com/news/article-16128739/Albanian-drug-dealer-entered-Britain-false-identity-spared-jail-partner-suffers-depression-chronic-pain.html
1322889660,20260914,202609,2026,2026.6959,,,,,,,,,,,CVL,COMMUNITY,,,,,,CVL,,,1,042,042,04,1,1.9,2,1,2,1.53203342618384,0,,,,,,,,3,"Oakland County, Michigan, United States",US,USMI,,42.6667,-83.3999,1623005,3,"Oakland County, Michigan, United States",US,USMI,,42.6667,-83.3999,1623005,20260914011500,https://www.theoaklandpress.com/2026/09/13/101-year-old-leaves-oakland-county-with-a-legacy-of-kindness/
1322889661,20260914,202609,2026,2026.6959,,,,,,,,,,,CVL,SCIENTIST,,,,,,CVL,,,1,042,042,04,1,1.9,3,1,3,-0.393037619315,0,,,,,,,,2,"California, United States",US,USCA,,36.17,-119.746,CA,2,"California, United States",US,USCA,,36.17,-119.746,CA,20260914011500,https://collider.com/far-side-best-unhinged-dinosaur-comics/
1322889662,20260914,202609,2026,2026.6959,,,,,,,,,,,CVL,COMMUNITY,,,,,,CVL,,,1,042,042,04,1,1.9,8,1,8,1.53203342618384,0,,,,,,,,2,"Virginia, United States",US,USVA,,37.768,-78.2057,VA,2,"Virginia, United States",US,USVA,,37.768,-78.2057,VA,20260914011500,https://www.theoaklandpress.com/2026/09/13/101-year-old-leaves-oakland-county-with-a-legacy-of-kindness/
1322889663,20260914,202609,2026,2026.6959,,,,,,,,,,,CVL,COMMUNITY,,,,,,CVL,,,1,051,051,05,1,3.4,10,1,10,1.53203342618384,0,,,,,,,,3,"Oakland County, Michigan, United States",US,USMI,,42.6667,-83.3999,1623005,3,"Oakland County, Michigan, United States",US,USMI,,42.6667,-83.3999,1623005,20260914011500,https://www.theoaklandpress.com/2026/09/13/101-year-old-leaves-oakland-county-with-a-legacy-of-kindness/
1322889664,20260914,202609,2026,2026.6959,,,,,,,,,,,CVL,VOTER,,,,,,CVL,,,0,051,051,05,1,3.4,6,3,6,-0.161486674245293,0,,,,,,,,1,Sweden,SW,SW,,62,15,SW,1,Sweden,SW,SW,,62,15,SW,20260914011500,https://www.northerndailyleader.com.au/story/9349412/uncertainty-after-tight-race-in-swedens-election/
1322889665,20260914,202609,2026,2026.6959,,,,,,,,,,,EDU,UNIVERSITY,,,,,,EDU,,,0,042,042,04,1,1.9,5,1,5,-0.41572184429328,0,,,,,,,,4,"Delhi, Delhi, India",IN,IN07,17911,28.6667,77.2167,-2094230,4,"Delhi, Delhi, India",IN,IN07,17911,28.6667,77.2167,-2094230,20260914011500,https://www.thehindu.com/news/cities/Delhi/in-delhi-food-to-fill-a-stomach/article71439741.ece
1322889666,20260914,202609,2026,2026.6959,,,,,,,,,,,EDU,SCHOOL,,,,,,EDU,,,0,042,042,04,1,1.9,35,7,35,-4.5790514594497,0,,,,,,,,1,Afghanistan,AF,AF,,33,66,AF,1,Afghanistan,AF,AF,,33,66,AF,20260914011500,https://www.southernhighlandnews.com.au/story/9348894/how-911-challenged-francis-fukuyamas-end-of-history-thesis/
1322889667,20260914,202609,2026,2026.6959,,,,,,,,,,,EDU,SCHOOL,,,,,,EDU,,,0,043,043,04,1,2.8,35,7,35,-4.5790514594497,0,,,,,,,,1,Afghanistan,AF,AF,,33,66,AF,1,Afghanistan,AF,AF,,33,66,AF,20260914011500,https://www.southernhighlandnews.com.au/story/9348894/how-911-challenged-francis-fukuyamas-end-of-history-thesis/
1322889668,20260914,202609,2026,2026.6959,,,,,,,,,,,EDU,STUDENT,,,,,,EDU,,,1,051,051,05,1,3.4,10,1,10,4.74137931034483,0,,,,,,,,4,"Gwangju, Kwangju-gwangyoksi, South Korea",KS,KS18,24979,35.1547,126.916,-710584,4,"Gwangju, Kwangju-gwangyoksi, South Korea",KS,KS18,24979,35.1547,126.916,-710584,20260914011500,https://www.koreatimes.co.kr/southkorea/education/k-universities/policy-trends/20260914/jeonnam-gwangju-universities-launch-semiconductor-majors-ahead-of-planned-tech-cluster
1322889669,20260914,202609,2026,2026.6959,,,,,,,,,,,EDU,EDUCATIONAL INSTITUTION,,,,,,EDU,,,0,051,051,05,1,3.4,10,1,10,5.13544018058691,0,,,,,,,,1,Uzbekistan,UZ,UZ,,41.707542,63.84911,UZ,1,Uzbekistan,UZ,UZ,,41.707542,63.84911,UZ,20260914011500,https://www.koreatimes.co.kr/foreignaffairs/20260914/strategic-leadership-and-successful-reforms-key-achievements-in-uzbekistans-politics
1322889670,20260914,202609,2026,2026.6959,,,,,,,,,,,EGY,EGYPT,EGY,,,,,,,,0,043,043,04,1,2.8,4,1,4,-3.62173038229376,0,,,,,,,,4,"Alexandria, Al Iskandariyah, Egypt",EG,EG06,61590,31.1981,29.9192,-290263,4,"Alexandria, Al Iskandariyah, Egypt",EG,EG06,61590,31.1981,29.9192,-290263,20260914011500,https://www.theyeshivaworld.com/news/general/2597618/outrage-at-ground-zero-mamdani-and-aoc-seen-laughing-during-solemn-reading-of-9-11-victims-names.html
1322889671,20260914,202609,2026,2026.6959,,,,,,,,,,,FRA,FRANCE,FRA,,,,,,,,0,040,040,04,1,1.0,1,1,1,3.0718954248366,0,,,,,,,,4,"Paris, France (general), France",FR,FR00,16282,48.8667,2.33333,-1456928,4,"Paris, France (general), France",FR,FR00,16282,48.8667,2.33333,-1456928,20260914011500,https://artdaily.com/news/200195/K20-presents-comprehensive-exhibition-dedicated-to-Expressionist-painter-Franz-Marc
1322889672,20260914,202609,2026,2026.6959,,,,,,,,,,,FRA,PARIS,FRA,,,,,,,,0,042,042,04,1,1.9,6,1,6,3.0718954248366,0,,,,,,,,4,"Berlin, Berlin, Germany",GM,GM16,16538,52.5167,13.4,-1746443,4,"Berlin, Berlin, Germany",GM,GM16,16538,52.5167,13.4,-1746443,20260914011500,https://artdaily.com/news/200195/K20-presents-comprehensive-exhibition-dedicated-to-Expressionist-painter-Franz-Marc
1322889673,20260914,202609,2026,2026.6959,,,,,,,,,,,GOV,GOVERNMENT,,,,,,GOV,,,0,031,031,03,1,5.2,3,1,3,-1.26782884310618,0,,,,,,,,3,"White House, District of Columbia, United States",US,USDC,,38.8951,-77.0364,531871,3,"White House, District of Columbia, United States",US,USDC,,38.8951,-77.0364,531871,20260914011500,https://www.thedailybeast.com/the-very-worst-trump-cowards-exposed-author/
1322889674,20260914,202609,2026,2026.6959,,,,,,,,,,,GOV,PRESIDENT,,,,,,GOV,,,0,040,040,04,1,1.0,3,1,3,5.8659217877095,0,,,,,,,,4,"Delhi, Delhi, India",IN,IN07,17911,28.6667,77.2167,-2094230,4,"Delhi, Delhi, India",IN,IN07,17911,28.6667,77.2167,-2094230,20260914011500,https://www.eurasiareview.com/14092026-brics-summit-concludes-with-adoption-of-new-delhi-declaration/
1322889675,20260914,202609,2026,2026.6959,,,,,,,,,,,GOV,ADMINISTRATION,,,,,,GOV,,,1,040,040,04,1,1.0,3,1,3,-4.77657935285054,0,,,,,,,,4,"Gulf Of Oman, Iran (general), Iran",IR,IR00,40979,25.4489,57.7939,-3077385,4,"Gulf Of Oman, Iran (general), Iran",IR,IR00,40979,25.4489,57.7939,-3077385,20260914011500,https://www.yahoo.com/news/world/articles/iraq-confirms-attacks-saudi-pipeline-065944052.html
1322889676,20260914,202609,2026,2026.6959,,,,,,,,,,,GOV,GOVERNMENT,,,,,,GOV,,,0,042,042,04,1,1.9,3,1,3,-1.26782884310618,0,,,,,,,,3,"White House, District of Columbia, United States",US,USDC,,38.8951,-77.0364,531871,3,"White House, District of Columbia, United States",US,USDC,,38.8951,-77.0364,531871,20260914011500,https://www.thedailybeast.com/the-very-worst-trump-cowards-exposed-author/
1322889677,20260914,202609,2026,2026.6959,,,,,,,,,,,GOV,PRESIDENT,,,,,,GOV,,,0,046,046,04,1,7.0,6,1,6,5.8659217877095,0,,,,,,,,4,"Delhi, Delhi, India",IN,IN07,17911,28.6667,77.2167,-2094230,4,"Delhi, Delhi, India",IN,IN07,17911,28.6667,77.2167,-2094230,20260914011500,https://www.eurasiareview.com/14092026-brics-summit-concludes-with-adoption-of-new-delhi-declaration/
1322889678,20260914,202609,2026,2026.6959,,,,,,,,,,,GOV,ADMINISTRATION,,,,,,GOV,,,1,046,046,04,1,7.0,3,1,3,-4.77657935285054,0,,,,,,,,4,"Gulf Of Oman, Iran (general), Iran",IR,IR00,40979,25.4489,57.7939,-3077385,4,"Gulf Of Oman, Iran (general), Iran",IR,IR00,40979,25.4489,57.7939,-3077385,20260914011500,https://www.yahoo.com/news/world/articles/iraq-confirms-attacks-saudi-pipeline-065944052.html
1322889679,20260914,202609,2026,2026.6959,,,,,,,,,,,GRC,DORIS,GRC,,,,,,,,0,036,036,03,1,4.0,10,1,10,8.98203592814371,0,,,,,,,,0,,,,,,,,0,,,,,,,,20260914011500,https://kxly920.com/2026/09/13/spokane-county-interstate-fair-hosts-sensory-day-with-free-activities-quiet-rides/
1322889680,20260914,202609,2026,2026.6959,,,,,,,,,,,HLH,MIDWIFE,,,,,,HLH,,,0,042,042,04,1,1.9,10,1,10,-2.56183745583039,0,,,,,,,,4,"Abyan, Abyan, Yemen",YM,YM01,32703,13.1658,45.3797,-3182059,4,"Abyan, Abyan, Yemen",YM,YM01,32703,13.1658,45.3797,-3182059,20260914011500,https://www.eurasiareview.com/14092026-married-at-13-pregnant-and-starving-child-brides-of-yemen/
1322889681,20260914,202609,2026,2026.6959,,,,,,,,,,,HLH,PHYSICIAN,,,,,,HLH,,,1,043,043,04,1,2.8,2,1,2,2.19435736677116,0,,,,,,,,3,"Hollywood, California, United States",US,USCA,CA037,34.0983,-118.327,1660757,3,"Hollywood, California, United States",US,USCA,CA037,34.0983,-118.327,1660757,20260914011500,https://www.thenews.com.pk/latest/1416121-jane-seymour-shares-the-unconventional-way-she-and-fianc-celebrate-their-love
1322889682,20260914,202609,2026,2026.6959,,,,,,,,,,,IDN,INDONESIA,IDN,,,,,,,,0,042,042,04,1,1.9,8,1,8,4.51612903225806,0,,,,,,,,4,"Jakarta, Jakarta Raya, Indonesia",ID,ID04,18585,-6.17444,106.829,-2679652,4,"Jakarta, Jakarta Raya, Indonesia",ID,ID04,18585,-6.17444,106.829,-2679652,20260914011500,https://en.tempo.co/read/2119500/prabowo-returns-to-indonesia-after-2026-brics-summit
1322889683,20260914,202609,2026,2026.6959,,,,,,,,,,,IDN,INDONESIA,IDN,,,,,,,,0,042,042,04,1,1.9,2,1,2,4.51612903225806,0,,,,,,,,4,"Halim Perdanakusuma, Jakarta Raya, Indonesia",ID,ID04,18585,-6.2647,106.894,10169008,4,"Halim Perdanakusuma, Jakarta Raya, Indonesia",ID,ID04,18585,-6.2647,106.894,10169008,20260914011500,https://en.tempo.co/read/2119500/prabowo-returns-to-indonesia-after-2026-brics-summit
1322889684,20260914,202609,2026,2026.6959,,,,,,,,,,,IDN,INDONESIA,IDN,,,,,,,,1,190,190,19,4,-10.0,2,1,2,-1.45348837209303,0,,,,,,,,4,"Pelalawan, Riau, Indonesia",ID,ID37,18585,0.45,102.083,-2691901,4,"Pelalawan, Riau, Indonesia",ID,ID37,18585,0.45,102.083,-2691901,20260914011500,http://www.thejakartapost.com/indonesia/2026/09/14/police-tests-x-fire-to-fight-forest-fires-at-peatland-in-riau
1322889685,20260914,202609,2026,2026.6959,,,,,,,,,,,IDN,RIAU,IDN,,,,,,,,1,190,190,19,4,-10.0,1,1,1,-1.45348837209303,0,,,,,,,,4,"Riau, Indonesia (general), Indonesia",ID,ID00,18585,-1.71667,105.933,-2694169,4,"Pelalawan, Riau, Indonesia",ID,ID37,18585,0.45,102.083,-2691901,20260914011500,http://www.thejakartapost.com/indonesia/2026/09/14/police-tests-x-fire-to-fight-forest-fires-at-peatland-in-riau
1322889686,20260914,202609,2026,2026.6959,,,,,,,,,,,ISR,ISRAEL,ISR,,,,,,,,1,040,040,04,1,1.0,10,1,10,0.35211267605634,0,,,,,,,,1,Israel,IS,IS,,31.5,34.75,IS,1,Israel,IS,IS,,31.5,34.75,IS,20260914011500,https://www.ucb.co.uk/word-for-today/200153
1322889687,20260914,202609,2026,2026.6959,,,,,,,,,,,JEWCVL,JEWISH,,,,JEW,,CVL,,,1,051,051,05,1,3.4,3,1,3,7.1390798519302,0,,,,,,,,3,"Pacific Science Center, Washington, United States",US,USWA,,47.6195,-122.352,2610465,3,"Pacific Science Center, Washington, United States",US,USWA,,47.6195,-122.352,2610465,20260914011500,https://artdaily.com/news/200196/The-Rollins-Museum-of-Art-announces-National-Advisory-Task-Force
1322889688,20260914,202609,2026,2026.6959,,,,,,,,,,,JUD,SUPREME COURT,,,,,,JUD,,,1,051,051,05,1,3.4,35,7,35,-0.25841774883678,0,,,,,,,,4,"Melbourne, Victoria, Australia",AS,AS07,5430,-37.8167,144.967,-1586844,4,"Melbourne, Victoria, Australia",AS,AS07,5430,-37.8167,144.967,-1586844,20260914011500,https://www.northerndailyleader.com.au/story/9349587/court-backs-payout-for-axed-robbie-williams-concert/
1322889689,20260914,202609,2026,2026.6959,,,,,,,,,,,LBNGOV,LEBANON,LBN,,,,,GOV,,,0,043,043,04,1,2.8,1,1,1,-4.77657935285054,0,,,,,,,,4,"Rome, Lazio, Italy",IT,IT07,18350,41.9,12.4833,-126693,4,"Rome, Lazio, Italy",IT,IT07,18350,41.9,12.4833,-126693,20260914011500,https://www.yahoo.com/news/world/articles/iraq-confirms-attacks-saudi-pipeline-065944052.html
1322889690,20260914,202609,2026,2026.6959,,,,,,,,,,,LBNGOV,LEBANON,LBN,,,,,GOV,,,0,043,043,04,1,2.8,4,1,4,-4.77657935285054,0,,,,,,,,1,Lebanon,LE,LE,,33.833333,35.833333,LE,1,Lebanon,LE,LE,,33.833333,35.833333,LE,20260914011500,https://www.yahoo.com/news/world/articles/iraq-confirms-attacks-saudi-pipeline-065944052.html
1322889691,20260914,202609,2026,2026.6959,,,,,,,,,,,LEG,REPRESENTATIVES,,,,,,LEG,,,0,020,020,02,1,3.0,10,1,10,-1.26782884310618,0,,,,,,,,3,"White House, District of Columbia, United States",US,USDC,,38.8951,-77.0364,531871,3,"White House, District of Columbia, United States",US,USDC,,38.8951,-77.0364,531871,20260914011500,https://www.thedailybeast.com/the-very-worst-trump-cowards-exposed-author/
1322889692,20260914,202609,2026,2026.6959,,,,,,,,,,,LEG,LAWMAKER,,,,,,LEG,,,0,090,090,09,2,-2.0,10,1,10,-1.38568129330254,0,,,,,,,,0,,,,,,,,0,,,,,,,,20260914011500,https://www.koreatimes.co.kr/opinion/editorial/20260913/ed-yongs-resignation-and-lessons-for-lee-govt
1322889693,20260914,202609,2026,2026.6959,,,,,,,,,,,MCOELIGOV,ALBERT,MCO,,,,,ELI,GOV,,1,042,042,04,1,1.9,2,1,2,-0.65274151436031,0,,,,,,,,4,"Saskatchewan, Manitoba, Canada",CA,CA03,154724,52.15,-97.7167,-575075,4,"Saskatchewan, Manitoba, Canada",CA,CA03,154724,52.15,-97.7167,-575075,20260914011500,https://www.cjme.com/2026/09/13/biggar-mom-sounds-alarm-on-pediatric-bed-shortages-in-saskatchewan/
1322889694,20260914,202609,2026,2026.6959,,,,,,,,,,,MIL,ARMY,,,,,,MIL,,,1,042,042,04,1,1.9,10,1,10,0.35211267605634,0,,,,,,,,1,Israel,IS,IS,,31.5,34.75,IS,1,Israel,IS,IS,,31.5,34.75,IS,20260914011500,https://www.ucb.co.uk/word-for-today/200153
1322889695,20260914,202609,2026,2026.6959,,,,,,,,,,,MIL,ARMY,,,,,,MIL,,,1,190,190,19,4,-10.0,10,1,10,0.35211267605634,0,,,,,,,,1,Israel,IS,IS,,31.5,34.75,IS,1,Israel,IS,IS,,31.5,34.75,IS,20260914011500,https://www.ucb.co.uk/word-for-today/200153
1322889696,20260914,202609,2026,2026.6959,,,,,,,,,,,MNCJPN,TOYOTA,JPN,,,,,MNC,,,1,062,062,06,2,7.4,10,1,10,5.59210526315789,0,,,,,,,,3,"Cincinnati, Ohio, United States",US,USOH,OH061,39.162,-84.4569,1066650,3,"Cincinnati, Ohio, United States",US,USOH,OH061,39.162,-84.4569,1066650,20260914011500,https://www.mediapost.com/publications/article/417900/graeters-ice-cream-toyota-collaborate-on-chip-w.html
1322889697,20260914,202609,2026,2026.6959,,,,,,,,,,,MOSSHI,SHIA,,,,MOS,SHI,,,,0,010,010,01,1,0.0,3,1,3,-4.6583850931677,0,,,,,,,,3,"Columbia County, Florida, United States",US,USFL,,30.2508,-82.6243,306909,3,"Columbia County, Florida, United States",US,USFL,,30.2508,-82.6243,306909,20260914011500,https://www.theblaze.com/news/17-year-old-florida-male-is-person-of-interest-in-murder-of-his-16-year-old-girlfriend-who-was-7-months-pregnant
1322889698,20260914,202609,2026,2026.6959,,,,,,,,,,,MOSSHI,SHIA,,,,MOS,SHI,,,,0,100,100,10,3,-5.0,3,1,3,-4.6583850931677,0,,,,,,,,3,"Columbia County, Florida, United States",US,USFL,,30.2508,-82.6243,306909,3,"Columbia County, Florida, United States",US,USFL,,30.2508,-82.6243,306909,20260914011500,https://www.theblaze.com/news/17-year-old-florida-male-is-person-of-interest-in-murder-of-his-16-year-old-girlfriend-who-was-7-months-pregnant
1322889699,20260914,202609,2026,2026.6959,,,,,,,,,,,NGA,NIGERIA,NGA,,,,,,,,1,051,051,05,1,3.4,4,1,4,3.03030303030303,0,,,,,,,,5,"Zamfara State, Zamfara, Nigeria",NI,NI57,191424,12.1667,6.25,9098622,5,"Zamfara State, Zamfara, Nigeria",NI,NI57,191424,12.1667,6.25,9098622,20260914011500,https://tribuneonlineng.com/matawalle-rallies-support-for-tinubus-anti-banditry-efforts/
1322889700,20260914,202609,2026,2026.6959,,,,,,,,,,,NZL,NEW ZEALANDER,NZL,,,,,,,,0,020,020,02,1,3.0,10,1,10,-2.34741784037559,0,,,,,,,,5,"Auckland, Auckland, New Zealand",NZ,NZE7,22379,-36.75,174.583,11483124,5,"Auckland, Auckland, New Zealand",NZ,NZE7,22379,-36.75,174.583,11483124,20260914011500,https://livenews.co.nz/2026/09/14/callers-with-conundrums-docs-unusual-queries/
1322889701,20260914,202609,2026,2026.6959,,,,,,,,,,,PAK,PAKISTAN,PAK,,,,,,,,0,042,042,04,1,1.9,6,1,6,0.97173144876325,0,,,,,,,,4,"Ghotki, Sindh, Pakistan",PK,PK05,40404,28.006,69.3161,-2760941,4,"Ghotki, Sindh, Pakistan",PK,PK05,40404,28.006,69.3161,-2760941,20260914011500,https://tribune.com.pk/story/2629129/energy-riches-but-poor-masses-of-sindh
1322889702,20260914,202609,2026,2026.6959,,,,,,,,,,,PAK,ISLAMABAD,PAK,,,,,,,,1,042,042,04,1,1.9,10,1,10,0.77821011673151,0,,,,,,,,4,"Islamabad, Islamabad, Pakistan",PK,PK08,23674,33.7,73.1667,-2762812,4,"Islamabad, Islamabad, Pakistan",PK,PK08,23674,33.7,73.1667,-2762812,20260914011500,https://www.eurasiareview.com/14092026-iranian-fm-araqchi-says-oman-deal-does-not-mean-reopening-of-hormuz-strait/
1322889703,20260914,202609,2026,2026.6959,,,,,,,,,,,PAK,PAKISTAN,PAK,,,,,,,,1,0841,084,08,2,7.0,10,1,10,0.97173144876325,0,,,,,,,,1,South Korea,KS,KS,,37,127.5,KS,1,South Korea,KS,KS,,37,127.5,KS,20260914011500,https://tribune.com.pk/story/2629129/energy-riches-but-poor-masses-of-sindh
1322889704,20260914,202609,2026,2026.6959,,,,,,,,,,,PTY,POLITICAL PARTIES,,,,,,,,,1,036,036,03,1,4.0,10,1,10,-0.8587786259542,0,,,,,,,,5,"Osun State, Osun, Nigeria",NI,NI42,23001,7.5,4.5,9153501,5,"Osun State, Osun, Nigeria",NI,NI42,23001,7.5,4.5,9153501,20260914011500,https://tribuneonlineng.com/2027-general-election-are-we-prepared/
1322889705,20260914,202609,2026,2026.6959,,,,,,,,,,,RUS,MURMANSK,RUS,,,,,,,,0,042,042,04,1,1.9,10,1,10,-1.60857908847185,0,,,,,,,,1,Russia,RS,RS,,60,100,RS,1,Russia,RS,RS,,60,100,RS,20260914011500,https://www.eurasiareview.com/14092026-deception-leaves-student-fighting-for-life-in-russian-army/
1322889706,20260914,202609,2026,2026.6959,,,,,,,,,,,RUS,MOSCOW,RUS,,,,,,,,0,043,043,04,1,2.8,3,1,3,-3.21592649310873,0,,,,,,,,4,"Moscow, Moskva, Russia",RS,RS48,25106,55.7522,37.6156,-2960561,4,"Moscow, Moskva, Russia",RS,RS48,25106,55.7522,37.6156,-2960561,20260914011500,https://www.thedailybeast.com/vladimir-putins-battlefield-boasts-collapse-in-humiliating-fashion/
1322889707,20260914,202609,2026,2026.6959,,,,,,,,,,,RUS,ROSTOV,RUS,,,,,,,,1,190,190,19,4,-10.0,12,1,10,-5.58659217877095,0,,,,,,,,4,"Rostov, Rostovskaya Oblast', Russia",RS,RS61,25090,47.2364,39.7139,-2993218,4,"Rostov, Rostovskaya Oblast', Russia",RS,RS61,25090,47.2364,39.7139,-2993218,20260914011500,https://www.eng.kavkaz-uzel.eu/articles/78542
1322889708,20260914,202609,2026,2026.6959,,,,,,,,,,,SAU,SAUDI ARABIA,SAU,,,,,,,,0,112,112,11,3,-2.0,4,1,4,-4.77657935285054,0,,,,,,,,1,Saudi Arabia,SA,SA,,25,45,SA,1,Saudi Arabia,SA,SA,,25,45,SA,20260914011500,https://www.yahoo.com/news/world/articles/iraq-confirms-attacks-saudi-pipeline-065944052.html
1322889709,20260914,202609,2026,2026.6959,,,,,,,,,,,SAU,SAUDI ARABIA,SAU,,,,,,,,0,130,130,13,3,-4.4,10,1,10,-4.77657935285054,0,,,,,,,,1,Saudi Arabia,SA,SA,,25,45,SA,1,Saudi Arabia,SA,SA,,25,45,SA,20260914011500,https://www.yahoo.com/news/world/articles/iraq-confirms-attacks-saudi-pipeline-065944052.html
1322889710,20260914,202609,2026,2026.6959,,,,,,,,,,,THA,THAI,THA,,,,,,,,1,036,036,03,1,4.0,10,1,10,3.25203252032521,0,,,,,,,,4,"Bangkok, Krung Thep Mahanakhon, Thailand",TH,TH40,26423,13.75,100.517,-3250083,4,"Bangkok, Krung Thep Mahanakhon, Thailand",TH,TH40,26423,13.75,100.517,-3250083,20260914011500,https://www.eurasiareview.com/14092026-australia-thailand-boosting-security-cooperation/
1322889711,20260914,202609,2026,2026.6959,,,,,,,,,,,UKR,UKRAINE,UKR,,,,,,,,1,042,042,04,1,1.9,6,1,4,-2.61627906976744,0,,,,,,,,4,"Kyiv, Kyyiv, Misto, Ukraine",UP,UP12,28554,50.4333,30.5167,-1044367,4,"Kyiv, Kyyiv, Misto, Ukraine",UP,UP12,28554,50.4333,30.5167,-1044367,20260914011500,https://www.theyeshivaworld.com/news/israel-news/2597560/despite-war-more-than-65000-spend-rosh-hashanah-in-uman-nearly-1750-treated-by-hatzalah.html
1322889712,20260914,202609,2026,2026.6959,,,,,,,,,,,UKR,UKRAINE,UKR,,,,,,,,1,042,042,04,1,1.9,2,1,2,-2.61627906976744,0,,,,,,,,4,"Odesa, Odes'ka Oblast, Ukraine",UP,UP17,28558,46.4639,30.7386,-1049092,4,"Odesa, Odes'ka Oblast, Ukraine",UP,UP17,28558,46.4639,30.7386,-1049092,20260914011500,https://www.theyeshivaworld.com/news/israel-news/2597560/despite-war-more-than-65000-spend-rosh-hashanah-in-uman-nearly-1750-treated-by-hatzalah.html
1322889713,20260914,202609,2026,2026.6959,,,,,,,,,,,USA,UNITED STATES,USA,,,,,,,,1,010,010,01,1,0.0,3,1,3,-11.965811965812,0,,,,,,,,3,"Harrison County, Texas, United States",US,USTX,,32.5501,-94.3669,1383887,3,"Harrison County, Texas, United States",US,USTX,,32.5501,-94.3669,1383887,20260914011500,https://www.kten.com/news/state/harrison-county-man-arrested-after-infants-death/article_087c9703-e229-5aad-ae52-d6e3ffa3b028.html
1322889714,20260914,202609,2026,2026.6959,,,,,,,,,,,USA,AMERICAN,USA,,,,,,,,1,036,036,03,1,4.0,4,1,4,2.86806883365201,0,,,,,,,,4,"Cambridge, Cambridgeshire, United Kingdom",UK,UKC3,40098,52.2,0.116667,-2591658,4,"Cambridge, Cambridgeshire, United Kingdom",UK,UKC3,40098,52.2,0.116667,-2591658,20260914011500,https://artdaily.com/news/200213/Lava-Thomas-debuts-large-scale-portraits-of-post-Emancipation-ancestors-at-Jessica-Silverman
1322889715,20260914,202609,2026,2026.6959,,,,,,,,,,,USA,UNITED STATES,USA,,,,,,,,0,036,036,03,1,4.0,6,1,6,0.32258064516129,0,,,,,,,,3,"Orwigsburg, Pennsylvania, United States",US,USPA,PA107,40.6548,-76.1008,1183059,3,"Orwigsburg, Pennsylvania, United States",US,USPA,PA107,40.6548,-76.1008,1183059,20260914011500,https://www.republicanherald.com/2026/09/13/sept-14-2026-around-the-region/
1322889716,20260914,202609,2026,2026.6959,,,,,,,,,,,USA,OKLAHOMA,USA,,,,,,,,1,040,040,04,1,1.0,1,1,1,-3.47457627118644,0,,,,,,,,2,"Oklahoma, United States",US,USOK,,35.5376,-96.9247,OK,3,"Hollywood, California, United States",US,USCA,CA037,34.0983,-118.327,1660757,20260914011500,https://www.indiewire.com/criticism/movies/how-we-stand-review-amber-midthunder-1235216754/
1322889717,20260914,202609,2026,2026.6959,,,,,,,,,,,USA,UNITED STATES,USA,,,,,,,,0,040,040,04,1,1.0,6,1,4,2.35131396957123,0,,,,,,,,1,United States,US,US,,39.828175,-98.5795,US,1,United States,US,US,,39.828175,-98.5795,US,20260914011500,https://dailyillini.com/life_and_culture-stories/arts-and-entertainment/2026/09/13/ae-rewind-this-weeks-buzz/
1322889718,20260914,202609,2026,2026.6959,,,,,,,,,,,USA,NEW YORK,USA,,,,,,,,0,042,042,04,1,1.9,10,1,10,-0.31545741324921,0,,,,,,,,2,"New York, United States",US,USNY,,42.1497,-74.9384,NY,2,"New York, United States",US,USNY,,42.1497,-74.9384,NY,20260914011500,https://www.theyeshivaworld.com/news/israel-news/2597567/airfare-relief-five-airlines-battle-for-nyc-tel-aviv-passengers-as-prices-begin-to-plunge.html
1322889719,20260914,202609,2026,2026.6959,,,,,,,,,,,USA,UNITED STATES,USA,,,,,,,,1,043,043,04,1,2.8,1,1,1,-4.36893203883495,0,,,,,,,,3,"Rock Creek Park, Maryland, United States",US,USMD,,39.1459,-76.4908,1709427,3,"Rock Creek Park, Maryland, United States",US,USMD,,39.1459,-76.4908,1709427,20260914011500,https://www.progressive-charlestown.com/search?updated-max=2026-09-11T16:00:00-04:00&max-results=15
1322889720,20260914,202609,2026,2026.6959,,,,,,,,,,,USA,UNITED STATES,USA,,,,,,,,1,043,043,04,1,2.8,2,1,2,-3.41880341880342,0,,,,,,,,2,"New York, United States",US,USNY,,42.1497,-74.9384,NY,3,"Washington, District of Columbia, United States",US,USDC,DC001,38.8951,-77.0364,531871,20260914011500,https://www.thedailybeast.com/maga-curious-cbs-news-boss-bari-weiss-caught-in-network-cold-war-with-tom-cibrowski/
1322889721,20260914,202609,2026,2026.6959,,,,,,,,,,,USA,UNITED STATES,USA,,,,,,,,1,043,043,04,1,2.8,2,1,2,-3.41880341880342,0,,,,,,,,2,"New York, United States",US,USNY,,42.1497,-74.9384,NY,2,"New York, United States",US,USNY,,42.1497,-74.9384,NY,20260914011500,https://www.thedailybeast.com/maga-curious-cbs-news-boss-bari-weiss-caught-in-network-cold-war-with-tom-cibrowski/
1322889722,20260914,202609,2026,2026.6959,,,,,,,,,,,USA,UNITED STATES,USA,,,,,,,,1,043,043,04,1,2.8,2,1,2,-6.10687022900763,0,,,,,,,,2,"Wisconsin, United States",US,USWI,,44.2563,-89.6385,WI,2,"Wisconsin, United States",US,USWI,,44.2563,-89.6385,WI,20260914011500,https://www.theyeshivaworld.com/news/general/2597637/congressmans-plane-crashes-into-lake-wisconsin-gubernatorial-candidate-swims-to-safety-after-emergency-landing.html
1322889723,20260914,202609,2026,2026.6959,,,,,,,,,,,USA,UNITED STATES,USA,,,,,,,,0,046,046,04,1,7.0,1,1,1,7.1390798519302,0,,,,,,,,4,"Orsay, France (general), France",FR,FR00,16285,48.6957,2.18727,-1456229,4,"Orsay, France (general), France",FR,FR00,16285,48.6957,2.18727,-1456229,20260914011500,https://artdaily.com/news/200196/The-Rollins-Museum-of-Art-announces-National-Advisory-Task-Force
1322889724,20260914,202609,2026,2026.6959,,,,,,,,,,,USA,UNITED STATES,USA,,,,,,,,0,046,046,04,1,7.0,1,1,1,7.1390798519302,0,,,,,,,,3,"Colby College, Maine, United States",US,USME,,44.564,-69.6637,564173,3,"Colby College, Maine, United States",US,USME,,44.564,-69.6637,564173,20260914011500,https://artdaily.com/news/200196/The-Rollins-Museum-of-Art-announces-National-Advisory-Task-Force
1322889725,20260914,202609,2026,2026.6959,,,,,,,,,,,USA,UNITED STATES,USA,,,,,,,,1,050,050,05,1,3.5,5,1,5,0.33333333333333,0,,,,,,,,1,United States,US,US,,39.828175,-98.5795,US,1,United States,US,US,,39.828175,-98.5795,US,20260914011500,https://toronto.citynews.ca/2026/09/13/new-poll-liberals-14-point-lead-over-conservatives-escalating-trade-war/
1322889726,20260914,202609,2026,2026.6959,,,,,,,,,,,USA,UNITED STATES,USA,,,,,,,,1,051,051,05,1,3.4,2,1,2,-4.14438502673797,0,,,,,,,,3,"Fort Dix, New Jersey, United States",US,USNJ,,40.0298,-74.6185,876417,3,"Fort Dix, New Jersey, United States",US,USNJ,,40.0298,-74.6185,876417,20260914011500,https://allhiphop.com/news/exclusive-diddy-eyes-possible-massive-payout-as-banfield-producers-consider-settlement/
1322889727,20260914,202609,2026,2026.6959,,,,,,,,,,,USA,UNITED STATES,USA,,,,,,,,0,060,060,06,2,6.0,4,1,4,1.31004366812227,0,,,,,,,,3,"Hollywood, California, United States",US,USCA,CA037,34.0983,-118.327,1660757,3,"Hollywood, California, United States",US,USCA,CA037,34.0983,-118.327,1660757,20260914011500,https://collider.com/elle-fanning-sentimental-value-streaming-hit-hbo-max-september-2026/
1322889728,20260914,202609,2026,2026.6959,,,,,,,,,,,USA,UNITED STATES,USA,,,,,,,,1,173,173,17,4,-5.0,3,1,3,-11.965811965812,0,,,,,,,,3,"Harrison County, Texas, United States",US,USTX,,32.5501,-94.3669,1383887,3,"Harrison County, Texas, United States",US,USTX,,32.5501,-94.3669,1383887,20260914011500,https://www.kten.com/news/state/harrison-county-man-arrested-after-infants-death/article_087c9703-e229-5aad-ae52-d6e3ffa3b028.html
1322889729,20260914,202609,2026,2026.6959,,,,,,,,,,,USA,UNITED STATES,USA,,,,,,,,1,173,173,17,4,-5.0,4,1,4,-5.79710144927537,0,,,,,,,,3,"Columbia County, Florida, United States",US,USFL,,30.2508,-82.6243,306909,3,"Columbia County, Florida, United States",US,USFL,,30.2508,-82.6243,306909,20260914011500,https://weartv.com/news/local/pregnant-16-year-old-found-shot-killed-in-florida-apartment-boyfriend-arrested
1322889730,20260914,202609,2026,2026.6959,,,,,,,,,,,USA,UNITED STATES,USA,,,,,,,,1,190,190,19,4,-10.0,8,1,8,-10.5691056910569,0,,,,,,,,3,"Harris County, Texas, United States",US,USTX,,29.8336,-95.4002,1383886,3,"Harris County, Texas, United States",US,USTX,,29.8336,-95.4002,1383886,20260914011500,https://abc13.com/post/person-dead-911-caller-reports-robbery-gunpoint-north-harris-county-hcso-says/19827691/
1322889731,20260914,202609,2026,2026.6959,AFG,AFGHANISTAN,AFG,,,,,,,,,,,,,,,,,,0,012,012,01,1,-0.4,4,1,4,-1.88679245283019,1,Afghanistan,AF,AF,,33,66,AF,0,,,,,,,,1,Afghanistan,AF,AF,,33,66,AF,20260914011500,https://www.thedailybeast.com/trumps-spy-agency-begging-ex-staff-to-return-amid-massive-overhaul/
1322889732,20260914,202609,2026,2026.6959,AFG,AFGHANISTAN,AFG,,,,,,,,,,,,,,,,,,0,042,042,04,1,1.9,4,1,4,-1.88679245283019,1,Afghanistan,AF,AF,,33,66,AF,0,,,,,,,,1,Afghanistan,AF,AF,,33,66,AF,20260914011500,https://www.thedailybeast.com/trumps-spy-agency-begging-ex-staff-to-return-amid-massive-overhaul/
1322889733,20260914,202609,2026,2026.6959,AFG,AFGHANISTAN,AFG,,,,,,,,,,,,,,,,,,0,138,138,13,3,-7.0,10,1,10,-4.36893203883495,1,Afghanistan,AF,AF,,33,66,AF,0,,,,,,,,1,Afghanistan,AF,AF,,33,66,AF,20260914011500,https://www.progressive-charlestown.com/search?updated-max=2026-09-11T16:00:00-04:00&max-results=15
1322889734,20260914,202609,2026,2026.6959,AFG,AFGHANISTAN,AFG,,,,,,,,EDU,SCHOOL,,,,,,EDU,,,0,042,042,04,1,1.9,35,7,35,-4.5790514594497,4,"Canberra, Australian Capital Territory, Australia",AS,AS01,4940,-35.2833,149.217,-1563952,4,"Canberra, Australian Capital Territory, Australia",AS,AS01,4940,-35.2833,149.217,-1563952,4,"Canberra, Australian Capital Territory, Australia",AS,AS01,4940,-35.2833,149.217,-1563952,20260914011500,https://www.southernhighlandnews.com.au/story/9348894/how-911-challenged-francis-fukuyamas-end-of-history-thesis/
1322889735,20260914,202609,2026,2026.6959,ARE,ABU DHABI,ARE,,,,,,,,IRNGOV,IRAN,IRN,,,,,GOV,,,0,040,040,04,1,1.0,2,1,2,-4.77657935285054,4,"Gulf Of Oman, Iran (general), Iran",IR,IR00,40979,25.4489,57.7939,-3077385,4,"Gulf Of Oman, Iran (general), Iran",IR,IR00,40979,25.4489,57.7939,-3077385,4,"Gulf Of Oman, Iran (general), Iran",IR,IR00,40979,25.4489,57.7939,-3077385,20260914011500,https://www.yahoo.com/news/world/articles/iraq-confirms-attacks-saudi-pipeline-065944052.html
1322889736,20260914,202609,2026,2026.6959,AREGOV,ABU DHABI,ARE,,,,,GOV,,,IRNGOV,IRAN,IRN,,,,,GOV,,,0,040,040,04,1,1.0,6,1,6,-4.77657935285054,4,"Gulf Of Oman, Iran (general), Iran",IR,IR00,40979,25.4489,57.7939,-3077385,4,"Gulf Of Oman, Iran (general), Iran",IR,IR00,40979,25.4489,57.7939,-3077385,4,"Gulf Of Oman, Iran (general), Iran",IR,IR00,40979,25.4489,57.7939,-3077385,20260914011500,https://www.yahoo.com/news/world/articles/iraq-confirms-attacks-saudi-pipeline-065944052.html
1322889737,20260914,202609,2026,2026.6959,AUS,AUSTRALIA,AUS,,,,,,,,,,,,,,,,,,1,012,012,01,1,-0.4,8,1,4,-2.56136606189968,4,"Sydney, New South Wales, Australia",AS,AS02,154637,-33.8833,151.217,-1603135,0,,,,,,,,4,"Sydney, New South Wales, Australia",AS,AS02,154637,-33.8833,151.217,-1603135,20260914011500,https://www.southernhighlandnews.com.au/story/9347511/developer-warns-catastrophe-is-coming-for-wollongong-cbd/
1322889738,20260914,202609,2026,2026.6959,AUS,SYDNEY,AUS,,,,,,,,,,,,,,,,,,0,020,020,02,1,3.0,3,1,3,-2.56136606189968,4,"Sydney, New South Wales, Australia",AS,AS02,154637,-33.8833,151.217,-1603135,0,,,,,,,,4,"Illawarra, Victoria, Australia",AS,AS07,5410,-37.0667,142.7,-1579342,20260914011500,https://www.southernhighlandnews.com.au/story/9347511/developer-warns-catastrophe-is-coming-for-wollongong-cbd/
1322889739,20260914,202609,2026,2026.6959,AUS,AUSTRALIA,AUS,,,,,,,,,,,,,,,,,,0,020,020,02,1,3.0,4,1,4,-2.56136606189968,4,"Sydney, New South Wales, Australia",AS,AS02,154637,-33.8833,151.217,-1603135,0,,,,,,,,4,"Sydney, New South Wales, Australia",AS,AS02,154637,-33.8833,151.217,-1603135,20260914011500,https://www.southernhighlandnews.com.au/story/9347511/developer-warns-catastrophe-is-coming-for-wollongong-cbd/
1322889740,20260914,202609,2026,2026.6959,AUS,AUSTRALIA,AUS,,,,,,,,,,,,,,,,,,0,033,033,03,1,5.2,7,7,7,-4.5790514594497,4,"Canberra, Australian Capital Territory, Australia",AS,AS01,4940,-35.2833,149.217,-1563952,0,,,,,,,,4,"Canberra, Australian Capital Territory, Australia",AS,AS01,4940,-35.2833,149.217,-1563952,20260914011500,https://www.southernhighlandnews.com.au/story/9348894/how-911-challenged-francis-fukuyamas-end-of-history-thesis/
1322889741,20260914,202609,2026,2026.6959,AUS,AUSTRALIA,AUS,,,,,,,,,,,,,,,,,,0,043,043,04,1,2.8,4,1,3,3.25203252032521,4,"Canberra, Australian Capital Territory, Australia",AS,AS01,4940,-35.2833,149.217,-1563952,0,,,,,,,,4,"Canberra, Australian Capital Territory, Australia",AS,AS01,4940,-35.2833,149.217,-1563952,20260914011500,https://www.eurasiareview.com/14092026-australia-thailand-boosting-security-cooperation/
1322889742,20260914,202609,2026,2026.6959,AUS,AUSTRALIA,AUS,,,,,,,,,,,,,,,,,,1,043,043,04,1,2.8,2,1,2,4.66595970307529,1,South Sudan,OD,OD,,8,30,OD,0,,,,,,,,1,South Sudan,OD,OD,,8,30,OD,20260914011500,https://www.cairnspost.com.au/lifestyle/stellar/duckie-thots-next-big-move-i-miss-being-in-the-concrete-jungle/news-story/3419861e49c74282ae9058d8c025e906?nk=47da8e7ce23afe87492ebf3637efe6af-1789347717
1322889743,20260914,202609,2026,2026.6959,AUS,AUSTRALIA,AUS,,,,,,,,,,,,,,,,,,1,111,111,11,3,-2.0,4,1,4,5.27210884353742,4,"Sydney, New South Wales, Australia",AS,AS02,154637,-33.8833,151.217,-1603135,0,,,,,,,,4,"Sydney, New South Wales, Australia",AS,AS02,154637,-33.8833,151.217,-1603135,20260914011500,https://travelweekly.com.au/princess-cruises-heather-pryde-the-opportunities-that-stretch-us-are-the-ones-worth-pursuing/
1322889744,20260914,202609,2026,2026.6959,AUS,AUSTRALIA,AUS,,,,,,,,,,,,,,,,,,0,173,173,17,4,-5.0,2,1,2,-10.1928374655647,4,"Bendigo, Victoria, Australia",AS,AS07,5391,-36.7582,144.28,-1558533,0,,,,,,,,4,"Bendigo, Victoria, Australia",AS,AS07,5391,-36.7582,144.28,-1558533,20260914011500,https://www.bendigoadvertiser.com.au/story/9347703/justin-evans-avoids-prison-after-kyneton-pub-assault-plea/
1322889745,20260914,202609,2026,2026.6959,AUS,AUSTRALIA,AUS,,,,,,,,,,,,,,,,,,0,173,173,17,4,-5.0,2,1,2,-10.1928374655647,4,"Kyneton, Victoria, Australia",AS,AS07,5406,-37.2444,144.451,-1582615,0,,,,,,,,4,"Kyneton, Victoria, Australia",AS,AS07,5406,-37.2444,144.451,-1582615,20260914011500,https://www.bendigoadvertiser.com.au/story/9347703/justin-evans-avoids-prison-after-kyneton-pub-assault-plea/
1322889746,20260914,202609,2026,2026.6959,AUS,AUSTRALIA,AUS,,,,,,,,AUSGOV,SYDNEY,AUS,,,,,GOV,,,1,160,160,16,4,-4.0,10,1,10,2.18253968253968,4,"Sydney, New South Wales, Australia",AS,AS02,154637,-33.8833,151.217,-1603135,4,"Sydney, New South Wales, Australia",AS,AS02,154637,-33.8833,151.217,-1603135,4,"Sydney, New South Wales, Australia",AS,AS02,154637,-33.8833,151.217,-1603135,20260914011500,https://www.theage.com.au/business/companies/major-private-hospital-operator-to-be-broken-up-after-lenders-back-consortium-bid-20260908-p60vfr.html
1322889747,20260914,202609,2026,2026.6959,AUS,MELBOURNE,AUS,,,,,,,,AUSHLH,MELBOURNE,AUS,,,,,HLH,,,1,042,042,04,1,1.9,6,1,6,-10.1928374655647,4,"Melbourne, Victoria, Australia",AS,AS07,5430,-37.8167,144.967,-1586844,4,"Melbourne, Victoria, Australia",AS,AS07,5430,-37.8167,144.967,-1586844,4,"Melbourne, Victoria, Australia",AS,AS07,5430,-37.8167,144.967,-1586844,20260914011500,https://www.bendigoadvertiser.com.au/story/9347703/justin-evans-avoids-prison-after-kyneton-pub-assault-plea/
1322889748,20260914,202609,2026,2026.6959,AUS,MELBOURNE,AUS,,,,,,,,AUSHLH,AUSTRALIA,AUS,,,,,HLH,,,1,043,043,04,1,2.8,4,1,4,-10.1928374655647,4,"Melbourne, Victoria, Australia",AS,AS07,5430,-37.8167,144.967,-1586844,4,"Melbourne, Victoria, Australia",AS,AS07,5430,-37.8167,144.967,-1586844,4,"Melbourne, Victoria, Australia",AS,AS07,5430,-37.8167,144.967,-1586844,20260914011500,https://www.bendigoadvertiser.com.au/story/9347703/justin-evans-avoids-prison-after-kyneton-pub-assault-plea/
1322889749,20260914,202609,2026,2026.6959,AUS,SYDNEY,AUS,,,,,,,,BUS,INDUSTRY,,,,,,BUS,,,0,051,051,05,1,3.4,10,1,10,5.27210884353742,4,"Sydney, New South Wales, Australia",AS,AS02,154637,-33.8833,151.217,-1603135,4,"Sydney, New South Wales, Australia",AS,AS02,154637,-33.8833,151.217,-1603135,4,"Sydney, New South Wales, Australia",AS,AS02,154637,-33.8833,151.217,-1603135,20260914011500,https://travelweekly.com.au/princess-cruises-heather-pryde-the-opportunities-that-stretch-us-are-the-ones-worth-pursuing/
1322889750,20260914,202609,2026,2026.6959,AUS,AUSTRALIA,AUS,,,,,,,,COP,POLICE,,,,,,COP,,,0,010,010,01,1,0.0,4,1,4,-10.1928374655647,4,"Kyneton, Victoria, Australia",AS,AS07,5406,-37.2444,144.451,-1582615,4,"Kyneton, Victoria, Australia",AS,AS07,5406,-37.2444,144.451,-1582615,4,"Kyneton, Victoria, Australia",AS,AS07,5406,-37.2444,144.451,-1582615,20260914011500,https://www.bendigoadvertiser.com.au/story/9347703/justin-evans-avoids-prison-after-kyneton-pub-assault-plea/
1322889751,20260914,202609,2026,2026.6959,AUS,AUSTRALIA,AUS,,,,,,,,COP,PRISON,,,,,,COP,,,1,180,180,18,4,-9.0,1,1,1,-10.1928374655647,4,"Bendigo, Victoria, Australia",AS,AS07,5391,-36.7582,144.28,-1558533,4,"Bendigo, Victoria, Australia",AS,AS07,5391,-36.7582,144.28,-1558533,4,"Kyneton, Victoria, Australia",AS,AS07,5406,-37.2444,144.451,-1582615,20260914011500,https://www.bendigoadvertiser.com.au/story/9347703/justin-evans-avoids-prison-after-kyneton-pub-assault-plea/
1322889752,20260914,202609,2026,2026.6959,AUS,AUSTRALIA,AUS,,,,,,,,COP,PRISON,,,,,,COP,,,1,180,180,18,4,-9.0,1,1,1,-10.1928374655647,4,"Bendigo, Victoria, Australia",AS,AS07,5391,-36.7582,144.28,-1558533,4,"Kyneton, Victoria, Australia",AS,AS07,5406,-37.2444,144.451,-1582615,4,"Kyneton, Victoria, Australia",AS,AS07,5406,-37.2444,144.451,-1582615,20260914011500,https://www.bendigoadvertiser.com.au/story/9347703/justin-evans-avoids-prison-after-kyneton-pub-assault-plea/
1322889753,20260914,202609,2026,2026.6959,AUS,CANBERRA,AUS,,,,,,,,GOV,GOVERNMENT,,,,,,GOV,,,0,0332,033,03,1,5.2,6,1,6,3.25203252032521,4,"Canberra, Australian Capital Territory, Australia",AS,AS01,4940,-35.2833,149.217,-1563952,4,"Canberra, Australian Capital Territory, Australia",AS,AS01,4940,-35.2833,149.217,-1563952,4,"Canberra, Australian Capital Territory, Australia",AS,AS01,4940,-35.2833,149.217,-1563952,20260914011500,https://www.eurasiareview.com/14092026-australia-thailand-boosting-security-cooperation/
1322889754,20260914,202609,2026,2026.6959,AUS,AUSTRALIA,AUS,,,,,,,,GOV,GOVERNMENT,,,,,,GOV,,,0,0332,033,03,1,5.2,4,1,4,3.25203252032521,4,"Bangkok, Krung Thep Mahanakhon, Thailand",TH,TH40,26423,13.75,100.517,-3250083,4,"Canberra, Australian Capital Territory, Australia",AS,AS01,4940,-35.2833,149.217,-1563952,4,"Canberra, Australian Capital Territory, Australia",AS,AS01,4940,-35.2833,149.217,-1563952,20260914011500,https://www.eurasiareview.com/14092026-australia-thailand-boosting-security-cooperation/
1322889755,20260914,202609,2026,2026.6959,AUS,AUSTRALIAN,AUS,,,,,,,,IDN,INDONESIA,IDN,,,,,,,,1,042,042,04,1,1.9,7,1,7,-3.9832285115304,1,Australia,AS,AS,,-25,135,AS,5,"East Java, Jawa Timur, Indonesia",ID,ID08,18585,-7.7394,112.51,-2679925,1,Australia,AS,AS,,-25,135,AS,20260914011500,https://travelweekly.com.au/how-safe-are-indonesian-ferries-safety-body-warns-of-major-issues-days-before-disaster/
1322889756,20260914,202609,2026,2026.6959,AUS,AUSTRALIAN,AUS,,,,,,,,IDN,INDONESIA,IDN,,,,,,,,1,042,042,04,1,1.9,1,1,1,-3.9832285115304,1,Australia,AS,AS,,-25,135,AS,4,"Ro-Ro, Nusa Tenggara Timur, Indonesia",ID,ID18,18585,-8.9271,121.082,10700466,1,Australia,AS,AS,,-25,135,AS,20260914011500,https://travelweekly.com.au/how-safe-are-indonesian-ferries-safety-body-warns-of-major-issues-days-before-disaster/
1322889757,20260914,202609,2026,2026.6959,AUS,AUSTRALIA,AUS,,,,,,,,IDN,INDONESIA,IDN,,,,,,,,0,043,043,04,1,2.8,2,1,2,3.25203252032521,4,"Canberra, Australian Capital Territory, Australia",AS,AS01,4940,-35.2833,149.217,-1563952,1,Indonesia,ID,ID,,-5,120,ID,4,"Canberra, Australian Capital Territory, Australia",AS,AS01,4940,-35.2833,149.217,-1563952,20260914011500,https://www.eurasiareview.com/14092026-australia-thailand-boosting-security-cooperation/
1322889758,20260914,202609,2026,2026.6959,AUS,AUSTRALIA,AUS,,,,,,,,LEG,PARLIAMENT,,,,,,LEG,,,0,100,100,10,3,-5.0,2,1,2,-2.56136606189968,4,"Sydney, New South Wales, Australia",AS,AS02,154637,-33.8833,151.217,-1603135,4,"Sydney, New South Wales, Australia",AS,AS02,154637,-33.8833,151.217,-1603135,4,"Sydney, New South Wales, Australia",AS,AS02,154637,-33.8833,151.217,-1603135,20260914011500,https://www.southernhighlandnews.com.au/story/9347511/developer-warns-catastrophe-is-coming-for-wollongong-cbd/
1322889759,20260914,202609,2026,2026.6959,AUS,AUSTRALIA,AUS,,,,,,,,THA,THAI,THA,,,,,,,,0,043,043,04,1,2.8,1,1,1,3.25203252032521,4,"Canberra, Australian Capital Territory, Australia",AS,AS01,4940,-35.2833,149.217,-1563952,4,"Canberra, Australian Capital Territory, Australia",AS,AS01,4940,-35.2833,149.217,-1563952,4,"Canberra, Australian Capital Territory, Australia",AS,AS01,4940,-35.2833,149.217,-1563952,20260914011500,https://www.eurasiareview.com/14092026-australia-thailand-boosting-security-cooperation/
1322889760,20260914,202609,2026,2026.6959,AUS,AUSTRALIA,AUS,,,,,,,,THA,THAI,THA,,,,,,,,0,043,043,04,1,2.8,1,1,1,3.25203252032521,4,"Canberra, Australian Capital Territory, Australia",AS,AS01,4940,-35.2833,149.217,-1563952,4,"Bangkok, Krung Thep Mahanakhon, Thailand",TH,TH40,26423,13.75,100.517,-3250083,4,"Canberra, Australian Capital Territory, Australia",AS,AS01,4940,-35.2833,149.217,-1563952,20260914011500,https://www.eurasiareview.com/14092026-australia-thailand-boosting-security-cooperation/
1322889761,20260914,202609,2026,2026.6959,AUS,AUSTRALIA,AUS,,,,,,,,THAGOV,THAILAND,THA,,,,,GOV,,,0,043,043,04,1,2.8,1,1,1,3.25203252032521,4,"Canberra, Australian Capital Territory, Australia",AS,AS01,4940,-35.2833,149.217,-1563952,4,"Canberra, Australian Capital Territory, Australia",AS,AS01,4940,-35.2833,149.217,-1563952,4,"Canberra, Australian Capital Territory, Australia",AS,AS01,4940,-35.2833,149.217,-1563952,20260914011500,https://www.eurasiareview.com/14092026-australia-thailand-boosting-security-cooperation/
1322889762,20260914,202609,2026,2026.6959,AUS,AUSTRALIA,AUS,,,,,,,,THAGOV,THAI,THA,,,,,GOV,,,0,043,043,04,1,2.8,4,1,4,3.25203252032521,4,"Canberra, Australian Capital Territory, Australia",AS,AS01,4940,-35.2833,149.217,-1563952,4,"Bangkok, Krung Thep Mahanakhon, Thailand",TH,TH40,26423,13.75,100.517,-3250083,4,"Canberra, Australian Capital Territory, Australia",AS,AS01,4940,-35.2833,149.217,-1563952,20260914011500,https://www.eurasiareview.com/14092026-australia-thailand-boosting-security-cooperation/
1322889763,20260914,202609,2026,2026.6959,AUS,AUSTRALIA,AUS,,,,,,,,USA,UNITED STATES,USA,,,,,,,,0,033,033,03,1,5.2,28,7,28,-4.5790514594497,4,"Canberra, Australian Capital Territory, Australia",AS,AS01,4940,-35.2833,149.217,-1563952,4,"Canberra, Australian Capital Territory, Australia",AS,AS01,4940,-35.2833,149.217,-1563952,4,"Canberra, Australian Capital Territory, Australia",AS,AS01,4940,-35.2833,149.217,-1563952,20260914011500,https://www.southernhighlandnews.com.au/story/9348894/how-911-challenged-francis-fukuyamas-end-of-history-thesis/
1322889764,20260914,202609,2026,2026.6959,AUS,AUSTRALIA,AUS,,,,,,,,VNM,VIETNAM,VNM,,,,,,,,0,043,043,04,1,2.8,1,1,1,3.25203252032521,4,"Canberra, Australian Capital Territory, Australia",AS,AS01,4940,-35.2833,149.217,-1563952,1,New Zealand,NZ,NZ,,-42,174,NZ,4,"Canberra, Australian Capital Territory, Australia",AS,AS01,4940,-35.2833,149.217,-1563952,20260914011500,https://www.eurasiareview.com/14092026-australia-thailand-boosting-security-cooperation/
1322889765,20260914,202609,2026,2026.6959,AUS,AUSTRALIA,AUS,,,,,,,,VNM,VIETNAM,VNM,,,,,,,,0,043,043,04,1,2.8,1,1,1,3.25203252032521,4,"Canberra, Australian Capital Territory, Australia",AS,AS01,4940,-35.2833,149.217,-1563952,1,"Vietnam, Republic Of",VM,VM,,16.166667,107.833333,VM,4,"Canberra, Australian Capital Territory, Australia",AS,AS01,4940,-35.2833,149.217,-1563952,20260914011500,https://www.eurasiareview.com/14092026-australia-thailand-boosting-security-cooperation/
1322889766,20260914,202609,2026,2026.6959,AUSGOVBUS,ANTHONY ALBANESE,AUS,,,,,GOV,BUS,,AUS,AUSTRALIA,AUS,,,,,,,,0,052,052,05,1,3.5,64,8,32,-3.32559877891601,4,"Canberra, Australian Capital Territory, Australia",AS,AS01,4940,-35.2833,149.217,-1563952,4,"Canberra, Australian Capital Territory, Australia",AS,AS01,4940,-35.2833,149.217,-1563952,4,"Canberra, Australian Capital Territory, Australia",AS,AS01,4940,-35.2833,149.217,-1563952,20260914011500,https://www.southernhighlandnews.com.au/story/9349586/one-nation-pledges-to-slash-immigration-by-750000/
1322889767,20260914,202609,2026,2026.6959,AUSGOVBUS,ANTHONY ALBANESE,AUS,,,,,GOV,BUS,,THA,THAILAND,THA,,,,,,,,1,030,030,03,1,4.0,10,1,10,3.25203252032521,1,United States,US,US,,39.828175,-98.5795,US,1,United States,US,US,,39.828175,-98.5795,US,1,United States,US,US,,39.828175,-98.5795,US,20260914011500,https://www.eurasiareview.com/14092026-australia-thailand-boosting-security-cooperation/
1322889768,20260914,202609,2026,2026.6959,AUSGOVBUS,ANTHONY ALBANESE,AUS,,,,,GOV,BUS,,THA,THAILAND,THA,,,,,,,,1,036,036,03,1,4.0,2,1,2,3.25203252032521,4,"Canberra, Australian Capital Territory, Australia",AS,AS01,4940,-35.2833,149.217,-1563952,4,"Bangkok, Krung Thep Mahanakhon, Thailand",TH,TH40,26423,13.75,100.517,-3250083,4,"Bangkok, Krung Thep Mahanakhon, Thailand",TH,TH40,26423,13.75,100.517,-3250083,20260914011500,https://www.eurasiareview.com/14092026-australia-thailand-boosting-security-cooperation/
1322889769,20260914,202609,2026,2026.6959,AUSGOVBUS,ANTHONY ALBANESE,AUS,,,,,GOV,BUS,,THA,THAILAND,THA,,,,,,,,1,036,036,03,1,4.0,8,1,8,3.25203252032521,4,"Bangkok, Krung Thep Mahanakhon, Thailand",TH,TH40,26423,13.75,100.517,-3250083,4,"Bangkok, Krung Thep Mahanakhon, Thailand",TH,TH40,26423,13.75,100.517,-3250083,4,"Bangkok, Krung Thep Mahanakhon, Thailand",TH,TH40,26423,13.75,100.517,-3250083,20260914011500,https://www.eurasiareview.com/14092026-australia-thailand-boosting-security-cooperation/
1322889770,20260914,202609,2026,2026.6959,AUSHLH,AUSTRALIA,AUS,,,,,HLH,,,AUS,MELBOURNE,AUS,,,,,,,,1,042,042,04,1,1.9,2,1,2,-10.1928374655647,4,"Kyneton, Victoria, Australia",AS,AS07,5406,-37.2444,144.451,-1582615,4,"Kyneton, Victoria, Australia",AS,AS07,5406,-37.2444,144.451,-1582615,4,"Bendigo, Victoria, Australia",AS,AS07,5391,-36.7582,144.28,-1558533,20260914011500,https://www.bendigoadvertiser.com.au/story/9347703/justin-evans-avoids-prison-after-kyneton-pub-assault-plea/
1322889771,20260914,202609,2026,2026.6959,AUSHLH,AUSTRALIA,AUS,,,,,HLH,,,AUS,MELBOURNE,AUS,,,,,,,,1,042,042,04,1,1.9,2,1,2,-10.1928374655647,4,"Melbourne, Victoria, Australia",AS,AS07,5430,-37.8167,144.967,-1586844,4,"Melbourne, Victoria, Australia",AS,AS07,5430,-37.8167,144.967,-1586844,4,"Melbourne, Victoria, Australia",AS,AS07,5430,-37.8167,144.967,-1586844,20260914011500,https://www.bendigoadvertiser.com.au/story/9347703/justin-evans-avoids-prison-after-kyneton-pub-assault-plea/
1322889772,20260914,202609,2026,2026.6959,AUSHLH,MELBOURNE,AUS,,,,,HLH,,,AUS,MELBOURNE,AUS,,,,,,,,1,043,043,04,1,2.8,6,1,6,-10.1928374655647,4,"Melbourne, Victoria, Australia",AS,AS07,5430,-37.8167,144.967,-1586844,4,"Melbourne, Victoria, Australia",AS,AS07,5430,-37.8167,144.967,-1586844,4,"Melbourne, Victoria, Australia",AS,AS07,5430,-37.8167,144.967,-1586844,20260914011500,https://www.bendigoadvertiser.com.au/story/9347703/justin-evans-avoids-prison-after-kyneton-pub-assault-plea/
1322889773,20260914,202609,2026,2026.6959,AUSLEG,AUSTRALIA,AUS,,,,,LEG,,,AUSGOVBUS,ANTHONY ALBANESE,AUS,,,,,GOV,BUS,,0,111,111,11,3,-2.0,16,8,16,-3.32559877891601,4,"Canberra, Australian Capital Territory, Australia",AS,AS01,4940,-35.2833,149.217,-1563952,4,"Canberra, Australian Capital Territory, Australia",AS,AS01,4940,-35.2833,149.217,-1563952,4,"Canberra, Australian Capital Territory, Australia",AS,AS01,4940,-35.2833,149.217,-1563952,20260914011500,https://www.southernhighlandnews.com.au/story/9349586/one-nation-pledges-to-slash-immigration-by-750000/
1322889774,20260914,202609,2026,2026.6959,BGD,BANGLADESH,BGD,,,,,,,,REB,UPRISING,,,,,,REB,,,0,034,034,03,1,7.0,10,1,10,-6.00328947368421,4,"Dhaka, Dhaka, Bangladesh",BG,BG81,5778,23.7231,90.4086,-2737683,4,"Dhaka, Dhaka, Bangladesh",BG,BG81,5778,23.7231,90.4086,-2737683,4,"Dhaka, Dhaka, Bangladesh",BG,BG81,5778,23.7231,90.4086,-2737683,20260914011500,https://www.eurasiareview.com/14092026-bangladeshs-power-crisis-energy-vulnerability-and-political-consequences-analysis/
1322889775,20260914,202609,2026,2026.6959,BHR,BAHRAIN,BHR,,,,,,,,IRN,IRAN,IRN,,,,,,,,0,125,125,12,3,-5.0,2,1,2,-2.08695652173913,4,"Manama, Al Manamah, Bahrain",BA,BA02,25307,26.2361,50.5831,-784833,4,"Manama, Al Manamah, Bahrain",BA,BA02,25307,26.2361,50.5831,-784833,4,"Manama, Al Manamah, Bahrain",BA,BA02,25307,26.2361,50.5831,-784833,20260914011500,https://www.eurasiareview.com/14092026-meeting-in-oman-between-iran-gulf-states-postponed-await-more-conducive-conditions/
1322889776,20260914,202609,2026,2026.6959,BHR,BAHRAIN,BHR,,,,,,,,IRN,IRAN,IRN,,,,,,,,0,125,125,12,3,-5.0,8,1,8,-2.08695652173913,4,"Manama, Al Manamah, Bahrain",BA,BA02,25307,26.2361,50.5831,-784833,4,"Tehran, Tehran, Iran",IR,IR26,41130,35.75,51.5148,10074674,4,"Manama, Al Manamah, Bahrain",BA,BA02,25307,26.2361,50.5831,-784833,20260914011500,https://www.eurasiareview.com/14092026-meeting-in-oman-between-iran-gulf-states-postponed-await-more-conducive-conditions/
1322889777,20260914,202609,2026,2026.6959,BHR,BAHRAIN,BHR,,,,,,,,IRN,IRAN,IRN,,,,,,,,0,1312,131,13,3,-5.8,2,1,2,-2.08695652173913,4,"Manama, Al Manamah, Bahrain",BA,BA02,25307,26.2361,50.5831,-784833,4,"Manama, Al Manamah, Bahrain",BA,BA02,25307,26.2361,50.5831,-784833,4,"Manama, Al Manamah, Bahrain",BA,BA02,25307,26.2361,50.5831,-784833,20260914011500,https://www.eurasiareview.com/14092026-meeting-in-oman-between-iran-gulf-states-postponed-await-more-conducive-conditions/
1322889778,20260914,202609,2026,2026.6959,BHR,BAHRAIN,BHR,,,,,,,,IRN,IRAN,IRN,,,,,,,,0,1312,131,13,3,-5.8,8,1,8,-2.08695652173913,4,"Manama, Al Manamah, Bahrain",BA,BA02,25307,26.2361,50.5831,-784833,4,"Tehran, Tehran, Iran",IR,IR26,41130,35.75,51.5148,10074674,4,"Manama, Al Manamah, Bahrain",BA,BA02,25307,26.2361,50.5831,-784833,20260914011500,https://www.eurasiareview.com/14092026-meeting-in-oman-between-iran-gulf-states-postponed-await-more-conducive-conditions/
1322889779,20260914,202609,2026,2026.6959,BRA,BRAZIL,BRA,,,,,,,,,,,,,,,,,,0,010,010,01,1,0.0,2,1,2,-0.77821011673152,4,"Escuro, Acre, Brazil",BR,BR01,18585,-8.14861,-72.8572,-641188,0,,,,,,,,4,"Escuro, Acre, Brazil",BR,BR01,18585,-8.14861,-72.8572,-641188,20260914011500,https://artdaily.com/news/200205/Brazilian-artist-Anna-Maria-Maiolino-debuts-six-decade-retrospective-at-Hauser---Wirth
1322889780,20260914,202609,2026,2026.6959,BRA,RIO DE JANEIRO,BRA,,,,,,,,,,,,,,,,,,1,010,010,01,1,0.0,2,1,2,-0.77821011673152,4,"Rio De Janeiro, Estado do Rio, Brazil",BR,BR21,9961,-22.9,-43.2333,-666610,0,,,,,,,,4,"Rio De Janeiro, Estado do Rio, Brazil",BR,BR21,9961,-22.9,-43.2333,-666610,20260914011500,https://artdaily.com/news/200205/Brazilian-artist-Anna-Maria-Maiolino-debuts-six-decade-retrospective-at-Hauser---Wirth
1322889781,20260914,202609,2026,2026.6959,BRA,BRAZIL,BRA,,,,,,,,,,,,,,,,,,0,043,043,04,1,2.8,2,1,2,-0.77821011673152,4,"Escuro, Acre, Brazil",BR,BR01,18585,-8.14861,-72.8572,-641188,0,,,,,,,,4,"Escuro, Acre, Brazil",BR,BR01,18585,-8.14861,-72.8572,-641188,20260914011500,https://artdaily.com/news/200205/Brazilian-artist-Anna-Maria-Maiolino-debuts-six-decade-retrospective-at-Hauser---Wirth
1322889782,20260914,202609,2026,2026.6959,BRA,BRAZILIAN,BRA,,,,,,,,,,,,,,,,,,1,051,051,05,1,3.4,2,1,2,-0.77821011673152,4,"Rio De Janeiro, Estado do Rio, Brazil",BR,BR21,9961,-22.9,-43.2333,-666610,0,,,,,,,,4,"Rio De Janeiro, Estado do Rio, Brazil",BR,BR21,9961,-22.9,-43.2333,-666610,20260914011500,https://artdaily.com/news/200205/Brazilian-artist-Anna-Maria-Maiolino-debuts-six-decade-retrospective-at-Hauser---Wirth
1322889783,20260914,202609,2026,2026.6959,BRA,BRAZIL,BRA,,,,,,,,,,,,,,,,,,0,120,120,12,3,-4.0,4,1,4,-0.77821011673152,4,"Rio De Janeiro, Estado do Rio, Brazil",BR,BR21,9961,-22.9,-43.2333,-666610,0,,,,,,,,4,"Rio De Janeiro, Estado do Rio, Brazil",BR,BR21,9961,-22.9,-43.2333,-666610,20260914011500,https://artdaily.com/news/200205/Brazilian-artist-Anna-Maria-Maiolino-debuts-six-decade-retrospective-at-Hauser---Wirth
1322889784,20260914,202609,2026,2026.6959,BUS,BOSS,,,,,,BUS,,,,,,,,,,,,,1,012,012,01,1,-0.4,8,1,8,0.15948963317384,5,"Essex, Essex, United Kingdom",UK,UKE4,40108,51.8333,0.583333,-2595724,0,,,,,,,,5,"Essex, Essex, United Kingdom",UK,UKE4,40108,51.8333,0.583333,-2595724,20260914011500,https://www.guardian-series.co.uk/news/national/26546536.trump-downplays-ai-risks-things-wont-happen/
1322889785,20260914,202609,2026,2026.6959,BUS,COMPANY,,,,,,BUS,,,,,,,,,,,,,0,020,020,02,1,3.0,10,1,10,0.41407867494824,5,"Northern Territory, Northern Territory, Australia",AS,AS03,40197,-20,134,-1592100,0,,,,,,,,5,"Northern Territory, Northern Territory, Australia",AS,AS03,40197,-20,134,-1592100,20260914011500,https://www.abnnewswire.net/press/en/143127/Stelar-Metals-Ltd-%28ASX-SLB%29-Maiden-Soil-Geochemical-Survey-Completed-at-Hill-of-Leaders.html
1322889786,20260914,202609,2026,2026.6959,BUS,BUSINESS,,,,,,BUS,,,,,,,,,,,,,0,0311,031,03,1,5.2,6,1,6,5.8659217877095,4,"Delhi, Delhi, India",IN,IN07,17911,28.6667,77.2167,-2094230,0,,,,,,,,4,"Delhi, Delhi, India",IN,IN07,17911,28.6667,77.2167,-2094230,20260914011500,https://www.eurasiareview.com/14092026-brics-summit-concludes-with-adoption-of-new-delhi-declaration/
1322889787,20260914,202609,2026,2026.6959,BUS,BUSINESS,,,,,,BUS,,,,,,,,,,,,,0,0311,031,03,1,5.2,4,1,4,5.8659217877095,1,China,CH,CH,,35,105,CH,0,,,,,,,,1,China,CH,CH,,35,105,CH,20260914011500,https://www.eurasiareview.com/14092026-brics-summit-concludes-with-adoption-of-new-delhi-declaration/
1322889788,20260914,202609,2026,2026.6959,BUS,BUSINESS,,,,,,BUS,,,,,,,,,,,,,0,050,050,05,1,3.5,6,1,6,5.8659217877095,4,"Delhi, Delhi, India",IN,IN07,17911,28.6667,77.2167,-2094230,0,,,,,,,,4,"Delhi, Delhi, India",IN,IN07,17911,28.6667,77.2167,-2094230,20260914011500,https://www.eurasiareview.com/14092026-brics-summit-concludes-with-adoption-of-new-delhi-declaration/
1322889789,20260914,202609,2026,2026.6959,BUS,BUSINESS,,,,,,BUS,,,,,,,,,,,,,0,050,050,05,1,3.5,4,1,4,5.8659217877095,1,China,CH,CH,,35,105,CH,0,,,,,,,,1,China,CH,CH,,35,105,CH,20260914011500,https://www.eurasiareview.com/14092026-brics-summit-concludes-with-adoption-of-new-delhi-declaration/
1322889790,20260914,202609,2026,2026.6959,BUS,ENTREPRENEUR,,,,,,BUS,,,,,,,,,,,,,1,060,060,06,2,6.0,5,1,5,0.15948963317384,5,"Essex, Essex, United Kingdom",UK,UKE4,40108,51.8333,0.583333,-2595724,0,,,,,,,,5,"Essex, Essex, United Kingdom",UK,UKE4,40108,51.8333,0.583333,-2595724,20260914011500,https://www.guardian-series.co.uk/news/national/26546536.trump-downplays-ai-risks-things-wont-happen/
1322889791,20260914,202609,2026,2026.6959,BUS,INVESTOR,,,,,,BUS,,,,,,,,,,,,,1,071,071,07,2,7.4,10,1,10,2.00501253132832,1,Canada,CA,CA,,60,-96,CA,0,,,,,,,,1,Canada,CA,CA,,60,-96,CA,20260914011500,https://www.themarketsdaily.com/2026/09/14/pgim-total-return-bond-etf-nysearcaptrb-sees-large-drop-in-short-interest.html
1322889792,20260914,202609,2026,2026.6959,BUS,COMPANY,,,,,,BUS,,,,,,,,,,,,,1,071,071,07,2,7.4,10,1,10,-0.69284064665127,1,Taiwan,TW,TW,,24,121,TW,0,,,,,,,,1,Taiwan,TW,TW,,24,121,TW,20260914011500,https://www.fool.com/investing/2026/09/13/amazon-and-2-other-ai-stocks-to-buy-with-usd5-000/?source=iedfolrf0000001
1322889793,20260914,202609,2026,2026.6959,BUS,BUSINESS,,,,,,BUS,,,,,,,,,,,,,1,090,090,09,2,-2.0,6,1,6,-1.02739726027397,3,"Houston, Texas, United States",US,USTX,TX201,29.7633,-95.3633,1380948,0,,,,,,,,3,"Houston, Texas, United States",US,USTX,TX201,29.7633,-95.3633,1380948,20260914011500,https://abc13.com/post/former-houston-oiler-says-he-was-victim-car-break-caught-camera/19827545/
1322889794,20260914,202609,2026,2026.6959,BUS,INVESTOR,,,,,,BUS,,,,,,,,,,,,,0,090,090,09,2,-2.0,10,1,10,3.71428571428571,1,Nigeria,NI,NI,,10,8,NI,0,,,,,,,,1,Nigeria,NI,NI,,10,8,NI,20260914011500,https://tribuneonlineng.com/nasd-eyes-new-revenue-streams-as-trading-surges-371-percent/
1322889795,20260914,202609,2026,2026.6959,BUS,COMPANIES,,,,,,BUS,,,,,,,,,,,,,0,120,120,12,3,-4.0,10,1,10,-3.60205831903945,1,United States,US,US,,39.828175,-98.5795,US,0,,,,,,,,1,United States,US,US,,39.828175,-98.5795,US,20260914011500,https://carbuzz.com/costco-motor-oil-rationed-shortage/
1322889796,20260914,202609,2026,2026.6959,BUS,CHAMBER OF COMMERCE,,,,,,BUS,,,CVL,COMMUNITY,,,,,,CVL,,,1,042,042,04,1,1.9,10,1,10,4.27807486631016,1,United States,US,US,,39.828175,-98.5795,US,1,United States,US,US,,39.828175,-98.5795,US,1,United States,US,US,,39.828175,-98.5795,US,20260914011500,https://www.wtoc.com/2026/09/13/savannah-celebrates-hispanic-heritage-month-with-community-breakfast/
1322889797,20260914,202609,2026,2026.6959,BUS,BUSINESS,,,,,,BUS,,,USA,UNITED STATES,USA,,,,,,,,1,013,013,01,1,0.4,4,1,4,-1.02739726027397,3,"Houston, Texas, United States",US,USTX,TX201,29.7633,-95.3633,1380948,3,"Houston, Texas, United States",US,USTX,TX201,29.7633,-95.3633,1380948,3,"Houston, Texas, United States",US,USTX,TX201,29.7633,-95.3633,1380948,20260914011500,https://abc13.com/post/former-houston-oiler-says-he-was-victim-car-break-caught-camera/19827545/
1322889798,20260914,202609,2026,2026.6959,BUS,BUSINESS,,,,,,BUS,,,USA,HOUSTON,USA,,,,,,,,1,046,046,04,1,7.0,4,1,4,-1.02739726027397,3,"Houston, Texas, United States",US,USTX,TX201,29.7633,-95.3633,1380948,3,"Houston, Texas, United States",US,USTX,TX201,29.7633,-95.3633,1380948,3,"Houston, Texas, United States",US,USTX,TX201,29.7633,-95.3633,1380948,20260914011500,https://abc13.com/post/former-houston-oiler-says-he-was-victim-car-break-caught-camera/19827545/
1322889799,20260914,202609,2026,2026.6959,BUS,BUSINESS,,,,,,BUS,,,USACOP,HOUSTON,USA,,,,,COP,,,1,010,010,01,1,0.0,6,1,6,-1.02739726027397,3,"Houston, Texas, United States",US,USTX,TX201,29.7633,-95.3633,1380948,3,"Houston, Texas, United States",US,USTX,TX201,29.7633,-95.3633,1380948,3,"Houston, Texas, United States",US,USTX,TX201,29.7633,-95.3633,1380948,20260914011500,https://abc13.com/post/former-houston-oiler-says-he-was-victim-car-break-caught-camera/19827545/
1322889800,20260914,202609,2026,2026.6959,BUS,BUSINESS,,,,,,BUS,,,USACOP,HOUSTON,USA,,,,,COP,,,1,046,046,04,1,7.0,6,1,6,-1.02739726027397,3,"Houston, Texas, United States",US,USTX,TX201,29.7633,-95.3633,1380948,3,"Houston, Texas, United States",US,USTX,TX201,29.7633,-95.3633,1380948,3,"Houston, Texas, United States",US,USTX,TX201,29.7633,-95.3633,1380948,20260914011500,https://abc13.com/post/former-houston-oiler-says-he-was-victim-car-break-caught-camera/19827545/
1322889801,20260914,202609,2026,2026.6959,CAN,CANADA,CAN,,,,,,,,,,,,,,,,,,0,020,020,02,1,3.0,2,1,2,-0.65274151436031,4,"Saskatchewan, Manitoba, Canada",CA,CA03,154724,52.15,-97.7167,-575075,0,,,,,,,,4,"Prince Albert, Saskatchewan, Canada",CA,CA11,154724,53.2,-105.75,-571717,20260914011500,https://www.cjme.com/2026/09/13/biggar-mom-sounds-alarm-on-pediatric-bed-shortages-in-saskatchewan/
1322889802,20260914,202609,2026,2026.6959,CAN,CANADA,CAN,,,,,,,,,,,,,,,,,,0,020,020,02,1,3.0,2,1,2,-0.65274151436031,4,"Saskatchewan, Manitoba, Canada",CA,CA03,154724,52.15,-97.7167,-575075,0,,,,,,,,4,"Saskatchewan, Manitoba, Canada",CA,CA03,154724,52.15,-97.7167,-575075,20260914011500,https://www.cjme.com/2026/09/13/biggar-mom-sounds-alarm-on-pediatric-bed-shortages-in-saskatchewan/
1322889803,20260914,202609,2026,2026.6959,CAN,CANADA,CAN,,,,,,,,,,,,,,,,,,0,051,051,05,1,3.4,3,1,3,-3.47457627118644,1,Canada,CA,CA,,60,-96,CA,0,,,,,,,,1,Canada,CA,CA,,60,-96,CA,20260914011500,https://www.indiewire.com/criticism/movies/how-we-stand-review-amber-midthunder-1235216754/
1322889804,20260914,202609,2026,2026.6959,CAN,CANADA,CAN,,,,,,,,EDU,SCHOOL,,,,,,EDU,,,1,090,090,09,2,-2.0,2,1,2,-3.47457627118644,3,"San Nicolas Island, California, United States",US,USCA,CA111,33.2495,-119.5,1662269,3,"San Nicolas Island, California, United States",US,USCA,,33.2495,-119.5,1662269,3,"San Nicolas Island, California, United States",US,USCA,,33.2495,-119.5,1662269,20260914011500,https://www.indiewire.com/criticism/movies/how-we-stand-review-amber-midthunder-1235216754/
1322889805,20260914,202609,2026,2026.6959,CAN,CANADA,CAN,,,,,,,,EDU,SCHOOL,,,,,,EDU,,,1,090,090,09,2,-2.0,3,1,3,-3.47457627118644,1,Canada,CA,CA,,60,-96,CA,1,Canada,CA,CA,,60,-96,CA,1,Canada,CA,CA,,60,-96,CA,20260914011500,https://www.indiewire.com/criticism/movies/how-we-stand-review-amber-midthunder-1235216754/
1322889806,20260914,202609,2026,2026.6959,CAN,TORONTO,CAN,,,,,,,,GOV,GOVERNMENT OFFICIAL,,,,,,GOV,,,0,043,043,04,1,2.8,2,1,2,2.61881668283221,1,Singapore,SN,SN,,1.366667,103.8,SN,1,Singapore,SN,SN,,1.366667,103.8,SN,1,Singapore,SN,SN,,1.366667,103.8,SN,20260914011500,https://financialpost.com/news/carney-touts-new-powerful-confident-canada-to-business-leaders-ahead-of-summit
1322889807,20260914,202609,2026,2026.6959,CAN,CANADA,CAN,,,,,,,,HLH,PHYSICIAN,,,,,,HLH,,,0,020,020,02,1,3.0,4,1,4,-0.65274151436031,4,"Saskatchewan, Manitoba, Canada",CA,CA03,154724,52.15,-97.7167,-575075,4,"Saskatchewan, Manitoba, Canada",CA,CA03,154724,52.15,-97.7167,-575075,4,"Saskatchewan, Manitoba, Canada",CA,CA03,154724,52.15,-97.7167,-575075,20260914011500,https://www.cjme.com/2026/09/13/biggar-mom-sounds-alarm-on-pediatric-bed-shortages-in-saskatchewan/
1322889808,20260914,202609,2026,2026.6959,CAN,CANADA,CAN,,,,,,,,MCOELIGOV,ALBERT,MCO,,,,,ELI,GOV,,1,042,042,04,1,1.9,4,1,4,-0.65274151436031,4,"Saskatchewan, Manitoba, Canada",CA,CA03,154724,52.15,-97.7167,-575075,4,"Saskatchewan, Manitoba, Canada",CA,CA03,154724,52.15,-97.7167,-575075,4,"Saskatchewan, Manitoba, Canada",CA,CA03,154724,52.15,-97.7167,-575075,20260914011500,https://www.cjme.com/2026/09/13/biggar-mom-sounds-alarm-on-pediatric-bed-shortages-in-saskatchewan/
1322889809,20260914,202609,2026,2026.6959,CAN,CANADA,CAN,,,,,,,,MED,WRITER,,,,,,MED,,,1,090,090,09,2,-2.0,2,1,2,-3.47457627118644,3,"San Nicolas Island, California, United States",US,USCA,CA111,33.2495,-119.5,1662269,3,"San Nicolas Island, California, United States",US,USCA,,33.2495,-119.5,1662269,3,"San Nicolas Island, California, United States",US,USCA,,33.2495,-119.5,1662269,20260914011500,https://www.indiewire.com/criticism/movies/how-we-stand-review-amber-midthunder-1235216754/
1322889810,20260914,202609,2026,2026.6959,CAN,CANADA,CAN,,,,,,,,MED,WRITER,,,,,,MED,,,1,090,090,09,2,-2.0,3,1,3,-3.47457627118644,1,Canada,CA,CA,,60,-96,CA,1,Canada,CA,CA,,60,-96,CA,1,Canada,CA,CA,,60,-96,CA,20260914011500,https://www.indiewire.com/criticism/movies/how-we-stand-review-amber-midthunder-1235216754/
1322889811,20260914,202609,2026,2026.6959,CAN,CANADA,CAN,,,,,,,,USA,UNITED STATES,USA,,,,,,,,1,051,051,05,1,3.4,4,1,4,0.22172949002217,4,"Toronto, Ontario, Canada",CA,CA08,12686,43.6667,-79.4167,-574890,3,"Hollywood, California, United States",US,USCA,CA037,34.0983,-118.327,1660757,4,"Toronto, Ontario, Canada",CA,CA08,12686,43.6667,-79.4167,-574890,20260914011500,https://toronto.citynews.ca/2026/09/13/i-play-rocky-green-book-director-peter-farrelly-says-hes-on-another-high-at-tiff/
1322889812,20260914,202609,2026,2026.6959,CHE,GENEVA,CHE,,,,,,,,,,,,,,,,,,0,020,020,02,1,3.0,3,1,3,5.13544018058691,4,"Geneva, Genè, Switzerland",SZ,SZ07,16329,46.1956,6.14811,-2552151,0,,,,,,,,1,Uzbekistan,UZ,UZ,,41.707542,63.84911,UZ,20260914011500,https://www.koreatimes.co.kr/foreignaffairs/20260914/strategic-leadership-and-successful-reforms-key-achievements-in-uzbekistans-politics
1322889813,20260914,202609,2026,2026.6959,CHE,SWITZERLAND,CHE,,,,,,,,,,,,,,,,,,1,042,042,04,1,1.9,2,1,2,-1.47058823529412,1,Switzerland,SZ,SZ,,47,8,SZ,0,,,,,,,,1,Switzerland,SZ,SZ,,47,8,SZ,20260914011500,https://artdaily.com/news/200197/Kunsthalle-Bern-presents-first-Swiss-solo-exhibition-by-Saodat-Ismailova
1322889814,20260914,202609,2026,2026.6959,CHE,SWISS,CHE,,,,,,,,FRA,FRANCE,FRA,,,,,,,,0,061,061,06,2,6.4,2,1,2,2.89179104477612,4,"Klosters-Dorf, Switzerland (general), Switzerland",SZ,SZ00,5668,46.8827,9.87609,-2552672,4,"Klosters-Dorf, Switzerland (general), Switzerland",SZ,SZ00,5668,46.8827,9.87609,-2552672,4,"Klosters-Dorf, Switzerland (general), Switzerland",SZ,SZ00,5668,46.8827,9.87609,-2552672,20260914011500,https://www.eurasiareview.com/14092026-chalet-style-stations-shape-switzerlands-image-essay/
1322889815,20260914,202609,2026,2026.6959,CHE,ZURICH,CHE,,,,,,,,USA,UNITED STATES,USA,,,,,,,,0,042,042,04,1,1.9,1,1,1,2.0924149956408,4,"Rolandswerth, Rheinland-Pfalz, Germany",GM,GM08,16554,50.6333,7.2,-1851499,4,"Rolandswerth, Rheinland-Pfalz, Germany",GM,GM08,16554,50.6333,7.2,-1851499,2,"New York, United States",US,USNY,,42.1497,-74.9384,NY,20260914011500,https://artdaily.com/news/200203/First-New-York-Hans-Arp-exhibition-in-15-years-opens-at-Hauser---Wirth
1322889816,20260914,202609,2026,2026.6959,CHE,ZURICH,CHE,,,,,,,,USA,UNITED STATES,USA,,,,,,,,0,042,042,04,1,1.9,1,1,1,2.0924149956408,2,"New York, United States",US,USNY,,42.1497,-74.9384,NY,4,"Rolandswerth, Rheinland-Pfalz, Germany",GM,GM08,16554,50.6333,7.2,-1851499,2,"New York, United States",US,USNY,,42.1497,-74.9384,NY,20260914011500,https://artdaily.com/news/200203/First-New-York-Hans-Arp-exhibition-in-15-years-opens-at-Hauser---Wirth
1322889817,20260914,202609,2026,2026.6959,CHE,SWITZERLAND,CHE,,,,,,,,UZB,UZBEKISTAN,UZB,,,,,,,,0,020,020,02,1,3.0,1,1,1,5.13544018058691,4,"Geneva, Genè, Switzerland",SZ,SZ07,16329,46.1956,6.14811,-2552151,4,"Geneva, Genè, Switzerland",SZ,SZ07,16329,46.1956,6.14811,-2552151,1,Uzbekistan,UZ,UZ,,41.707542,63.84911,UZ,20260914011500,https://www.koreatimes.co.kr/foreignaffairs/20260914/strategic-leadership-and-successful-reforms-key-achievements-in-uzbekistans-politics
1322889818,20260914,202609,2026,2026.6959,CHE,GENEVA,CHE,,,,,,,,UZB,UZBEKISTAN,UZB,,,,,,,,0,020,020,02,1,3.0,4,1,4,5.13544018058691,4,"Geneva, Genè, Switzerland",SZ,SZ07,16329,46.1956,6.14811,-2552151,1,Uzbekistan,UZ,UZ,,41.707542,63.84911,UZ,1,Uzbekistan,UZ,UZ,,41.707542,63.84911,UZ,20260914011500,https://www.koreatimes.co.kr/foreignaffairs/20260914/strategic-leadership-and-successful-reforms-key-achievements-in-uzbekistans-politics
1322889819,20260914,202609,2026,2026.6959,CHN,BEIJING,CHN,,,,,,,,,,,,,,,,,,1,043,043,04,1,2.8,20,1,10,3,4,"Beijing, Beijing, China",CH,CH22,13001,39.9289,116.388,-1898541,0,,,,,,,,4,"Beijing, Beijing, China",CH,CH22,13001,39.9289,116.388,-1898541,20260914011500,http://en.people.cn/n3/2026/0914/c90000-20499213.html
1322889820,20260914,202609,2026,2026.6959,CHN,BEIJING,CHN,,,,,,,,,,,,,,,,,,1,050,050,05,1,3.5,7,1,7,7.66283524904215,1,Burundi,BY,BY,,-3.5,30,BY,0,,,,,,,,1,Burundi,BY,BY,,-3.5,30,BY,20260914011500,http://en.people.cn/n3/2026/0914/c90000-20499212.html
1322889821,20260914,202609,2026,2026.6959,CHN,CHINA,CHN,,,,,,,,,,,,,,,,,,0,061,061,06,2,6.4,1,1,1,-1.40515222482435,1,China,CH,CH,,35,105,CH,0,,,,,,,,4,"New Delhi, Delhi, India",IN,IN07,17911,28.6,77.2,-2106102,20260914011500,https://newsindiatimes.com/indias-modi-and-chinas-xi-push-business-links-border-peace-as-ties-revive/
1322889822,20260914,202609,2026,2026.6959,CHN,CHINA,CHN,,,,,,,,,,,,,,,,,,0,061,061,06,2,6.4,5,1,5,-1.40515222482435,1,China,CH,CH,,35,105,CH,0,,,,,,,,1,China,CH,CH,,35,105,CH,20260914011500,https://newsindiatimes.com/indias-modi-and-chinas-xi-push-business-links-border-peace-as-ties-revive/
1322889823,20260914,202609,2026,2026.6959,CHN,CHINA,CHN,,,,,,,,GOV,PRESIDENT,,,,,,GOV,,,0,046,046,04,1,7.0,2,1,2,5.8659217877095,1,China,CH,CH,,35,105,CH,1,China,CH,CH,,35,105,CH,1,China,CH,CH,,35,105,CH,20260914011500,https://www.eurasiareview.com/14092026-brics-summit-concludes-with-adoption-of-new-delhi-declaration/
1322889824,20260914,202609,2026,2026.6959,CHN,CHINESE,CHN,,,,,,,,IND,NEW DELHI,IND,,,,,,,,1,040,040,04,1,1.0,2,1,2,3.19767441860466,5,"Fujian, Fujian, China",CH,CH07,13011,26.545,117.843,-1905684,4,"Talap, Kazakhstan (general), Kazakhstan",KZ,KZ00,37236,49.7,67.45,-2344470,5,"Fujian, Fujian, China",CH,CH07,13011,26.545,117.843,-1905684,20260914011500,http://en.people.cn/n3/2026/0914/c90000-20499206.html
1322889825,20260914,202609,2026,2026.6959,CHN,CHINESE,CHN,,,,,,,,IND,NEW DELHI,IND,,,,,,,,1,040,040,04,1,1.0,2,1,2,3.19767441860466,5,"Fujian, Fujian, China",CH,CH07,13011,26.545,117.843,-1905684,4,"Talap, Kazakhstan (general), Kazakhstan",KZ,KZ00,37236,49.7,67.45,-2344470,4,"Talap, Kazakhstan (general), Kazakhstan",KZ,KZ00,37236,49.7,67.45,-2344470,20260914011500,http://en.people.cn/n3/2026/0914/c90000-20499206.html
1322889826,20260914,202609,2026,2026.6959,CHN,CHINESE,CHN,,,,,,,,IND,NEW DELHI,IND,,,,,,,,1,040,040,04,1,1.0,4,1,4,0.814332247557,1,Iran,IR,IR,,32,53,IR,1,Iran,IR,IR,,32,53,IR,1,Iran,IR,IR,,32,53,IR,20260914011500,https://newsindiatimes.com/xi-pushes-greater-brics-economic-ties-to-give-bloc-larger-global-role/
1322889827,20260914,202609,2026,2026.6959,CHN,CHINA,CHN,,,,,,,,IND,NEW DELHI,IND,,,,,,,,0,061,061,06,2,6.4,3,1,3,-1.40515222482435,1,China,CH,CH,,35,105,CH,4,"New Delhi, Delhi, India",IN,IN07,17911,28.6,77.2,-2106102,4,"New Delhi, Delhi, India",IN,IN07,17911,28.6,77.2,-2106102,20260914011500,https://newsindiatimes.com/indias-modi-and-chinas-xi-push-business-links-border-peace-as-ties-revive/
1322889828,20260914,202609,2026,2026.6959,CHN,CHINA,CHN,,,,,,,,IND,NEW DELHI,IND,,,,,,,,0,061,061,06,2,6.4,1,1,1,-1.40515222482435,1,China,CH,CH,,35,105,CH,4,"New Delhi, Delhi, India",IN,IN07,17911,28.6,77.2,-2106102,1,China,CH,CH,,35,105,CH,20260914011500,https://newsindiatimes.com/indias-modi-and-chinas-xi-push-business-links-border-peace-as-ties-revive/
1322889829,20260914,202609,2026,2026.6959,CHN,CHINA,CHN,,,,,,,,INT,FOREIGN NATIONAL,,,,,,INT,,,0,043,043,04,1,2.8,5,1,5,3,4,"Beijing, Beijing, China",CH,CH22,13001,39.9289,116.388,-1898541,4,"Beijing, Beijing, China",CH,CH22,13001,39.9289,116.388,-1898541,4,"Beijing, Beijing, China",CH,CH22,13001,39.9289,116.388,-1898541,20260914011500,http://en.people.cn/n3/2026/0914/c90000-20499213.html
1322889830,20260914,202609,2026,2026.6959,CHN,CHINA,CHN,,,,,,,,KGZ,BISHKEK,KGZ,,,,,,,,1,040,040,04,1,1.0,1,1,1,-0.86160473882606,1,India,IN,IN,,20,77,IN,4,"Moscow, Moskva, Russia",RS,RS48,25106,55.7522,37.6156,-2960561,4,"Moscow, Moskva, Russia",RS,RS48,25106,55.7522,37.6156,-2960561,20260914011500,https://www.eurasiareview.com/14092026-the-russia-china-bilateral-deepens-analysis/
1322889831,20260914,202609,2026,2026.6959,CHN,CHINA,CHN,,,,,,,,KGZ,BISHKEK,KGZ,,,,,,,,1,040,040,04,1,1.0,4,1,4,-0.86160473882606,1,India,IN,IN,,20,77,IN,1,India,IN,IN,,20,77,IN,1,India,IN,IN,,20,77,IN,20260914011500,https://www.eurasiareview.com/14092026-the-russia-china-bilateral-deepens-analysis/
1322889832,20260914,202609,2026,2026.6959,CHN,CHINESE,CHN,,,,,,,,RUS,RUSSIA,RUS,,,,,,,,0,042,042,04,1,1.9,2,1,2,-0.86160473882606,4,"Yinlong, Sichuan, China",CH,CH32,13271,30.9307,100.382,10457386,4,"Beijing, Beijing, China",CH,CH22,13001,39.9289,116.388,-1898541,4,"Beijing, Beijing, China",CH,CH22,13001,39.9289,116.388,-1898541,20260914011500,https://www.eurasiareview.com/14092026-the-russia-china-bilateral-deepens-analysis/
1322889833,20260914,202609,2026,2026.6959,CHN,CHINESE,CHN,,,,,,,,RUS,RUSSIA,RUS,,,,,,,,0,042,042,04,1,1.9,6,1,6,-0.86160473882606,4,"Yinlong, Sichuan, China",CH,CH32,13271,30.9307,100.382,10457386,4,"Tarabarov, Voronezhskaya Oblast', Russia",RS,RS86,25115,51.4737,39.1074,-3016059,4,"Beijing, Beijing, China",CH,CH22,13001,39.9289,116.388,-1898541,20260914011500,https://www.eurasiareview.com/14092026-the-russia-china-bilateral-deepens-analysis/
1322889834,20260914,202609,2026,2026.6959,CHN,CHINESE,CHN,,,,,,,,RUS,RUSSIA,RUS,,,,,,,,0,042,042,04,1,1.9,2,1,2,-0.86160473882606,4,"Yinlong, Sichuan, China",CH,CH32,13271,30.9307,100.382,10457386,4,"Tarabarov, Voronezhskaya Oblast', Russia",RS,RS86,25115,51.4737,39.1074,-3016059,4,"Tarabarov, Voronezhskaya Oblast', Russia",RS,RS86,25115,51.4737,39.1074,-3016059,20260914011500,https://www.eurasiareview.com/14092026-the-russia-china-bilateral-deepens-analysis/
1322889835,20260914,202609,2026,2026.6959,CHN,CHINA,CHN,,,,,,,,RUS,RUSSIA,RUS,,,,,,,,0,110,110,11,3,-2.0,2,1,2,-0.86160473882606,4,"Russkiy, Donets'ka Oblast', Ukraine",UP,UP05,25090,47.9529,38.377,-1052739,4,"Moscow, Moskva, Russia",RS,RS48,25106,55.7522,37.6156,-2960561,1,India,IN,IN,,20,77,IN,20260914011500,https://www.eurasiareview.com/14092026-the-russia-china-bilateral-deepens-analysis/
1322889836,20260914,202609,2026,2026.6959,CHN,CHINA,CHN,,,,,,,,RUS,RUSSIA,RUS,,,,,,,,0,110,110,11,3,-2.0,2,1,2,-0.86160473882606,4,"Russkiy, Donets'ka Oblast', Ukraine",UP,UP05,25090,47.9529,38.377,-1052739,1,India,IN,IN,,20,77,IN,4,"Beijing, Beijing, China",CH,CH22,13001,39.9289,116.388,-1898541,20260914011500,https://www.eurasiareview.com/14092026-the-russia-china-bilateral-deepens-analysis/
1322889837,20260914,202609,2026,2026.6959,CHN,CHINA,CHN,,,,,,,,RUS,RUSSIA,RUS,,,,,,,,0,110,110,11,3,-2.0,6,1,6,-0.86160473882606,4,"Beijing, Beijing, China",CH,CH22,13001,39.9289,116.388,-1898541,4,"Moscow, Moskva, Russia",RS,RS48,25106,55.7522,37.6156,-2960561,1,India,IN,IN,,20,77,IN,20260914011500,https://www.eurasiareview.com/14092026-the-russia-china-bilateral-deepens-analysis/
1322889838,20260914,202609,2026,2026.6959,CHN,CHINA,CHN,,,,,,,,UKR,UKRAINE,UKR,,,,,,,,1,043,043,04,1,2.8,3,1,3,-0.86160473882606,4,"Beijing, Beijing, China",CH,CH22,13001,39.9289,116.388,-1898541,4,"Russkiy, Donets'ka Oblast', Ukraine",UP,UP05,25090,47.9529,38.377,-1052739,4,"Beijing, Beijing, China",CH,CH22,13001,39.9289,116.388,-1898541,20260914011500,https://www.eurasiareview.com/14092026-the-russia-china-bilateral-deepens-analysis/
1322889839,20260914,202609,2026,2026.6959,CHNGOV,CHINA,CHN,,,,,GOV,,,,,,,,,,,,,0,046,046,04,1,7.0,2,1,2,5.8659217877095,1,China,CH,CH,,35,105,CH,0,,,,,,,,1,China,CH,CH,,35,105,CH,20260914011500,https://www.eurasiareview.com/14092026-brics-summit-concludes-with-adoption-of-new-delhi-declaration/
1322889840,20260914,202609,2026,2026.6959,CHNGOV,CHINA,CHN,,,,,GOV,,,AFRBUS,AFRICA,AFR,,,,,BUS,,,0,010,010,01,1,0.0,2,1,2,5.8659217877095,1,China,CH,CH,,35,105,CH,1,China,CH,CH,,35,105,CH,1,China,CH,CH,,35,105,CH,20260914011500,https://www.eurasiareview.com/14092026-brics-summit-concludes-with-adoption-of-new-delhi-declaration/
1322889841,20260914,202609,2026,2026.6959,CHNGOV,CHINA,CHN,,,,,GOV,,,CHNGOV,XI JINPING,CHN,,,,,GOV,,,1,040,040,04,1,1.0,2,1,2,3.19767441860466,5,"Fujian, Fujian, China",CH,CH07,13011,26.545,117.843,-1905684,5,"Fujian, Fujian, China",CH,CH07,13011,26.545,117.843,-1905684,5,"Fujian, Fujian, China",CH,CH07,13011,26.545,117.843,-1905684,20260914011500,http://en.people.cn/n3/2026/0914/c90000-20499206.html
1322889842,20260914,202609,2026,2026.6959,CHNGOV,CHINA,CHN,,,,,GOV,,,CHNGOV,XI JINPING,CHN,,,,,GOV,,,1,040,040,04,1,1.0,2,1,2,3.19767441860466,5,"Fujian, Fujian, China",CH,CH07,13011,26.545,117.843,-1905684,5,"Fujian, Fujian, China",CH,CH07,13011,26.545,117.843,-1905684,4,"Talap, Kazakhstan (general), Kazakhstan",KZ,KZ00,37236,49.7,67.45,-2344470,20260914011500,http://en.people.cn/n3/2026/0914/c90000-20499206.html
1322889843,20260914,202609,2026,2026.6959,CHNGOV,CHINA,CHN,,,,,GOV,,,CHNGOV,XI JINPING,CHN,,,,,GOV,,,1,040,040,04,1,1.0,2,1,2,0.814332247557,1,Iran,IR,IR,,32,53,IR,1,Iran,IR,IR,,32,53,IR,1,Iran,IR,IR,,32,53,IR,20260914011500,https://newsindiatimes.com/xi-pushes-greater-brics-economic-ties-to-give-bloc-larger-global-role/
1322889844,20260914,202609,2026,2026.6959,CHNGOV,CHINESE,CHN,,,,,GOV,,,IND,NEW DELHI,IND,,,,,,,,1,040,040,04,1,1.0,2,1,2,3.19767441860466,5,"Fujian, Fujian, China",CH,CH07,13011,26.545,117.843,-1905684,4,"Talap, Kazakhstan (general), Kazakhstan",KZ,KZ00,37236,49.7,67.45,-2344470,4,"Talap, Kazakhstan (general), Kazakhstan",KZ,KZ00,37236,49.7,67.45,-2344470,20260914011500,http://en.people.cn/n3/2026/0914/c90000-20499206.html
1322889845,20260914,202609,2026,2026.6959,CHNGOV,CHINESE,CHN,,,,,GOV,,,IND,NEW DELHI,IND,,,,,,,,1,040,040,04,1,1.0,2,1,2,0.814332247557,1,Iran,IR,IR,,32,53,IR,1,Iran,IR,IR,,32,53,IR,1,Iran,IR,IR,,32,53,IR,20260914011500,https://newsindiatimes.com/xi-pushes-greater-brics-economic-ties-to-give-bloc-larger-global-role/
1322889846,20260914,202609,2026,2026.6959,CHNGOV,XI JINPING,CHN,,,,,GOV,,,IND,NEW DELHI,IND,,,,,,,,1,042,042,04,1,1.9,6,1,6,-1.40515222482435,1,China,CH,CH,,35,105,CH,1,China,CH,CH,,35,105,CH,1,China,CH,CH,,35,105,CH,20260914011500,https://newsindiatimes.com/indias-modi-and-chinas-xi-push-business-links-border-peace-as-ties-revive/
1322889847,20260914,202609,2026,2026.6959,CHNGOV,CHINA,CHN,,,,,GOV,,,USAMED,REUTERS,USA,,,,,MED,,,1,040,040,04,1,1.0,2,1,2,0.814332247557,1,Iran,IR,IR,,32,53,IR,1,Iran,IR,IR,,32,53,IR,1,Iran,IR,IR,,32,53,IR,20260914011500,https://newsindiatimes.com/xi-pushes-greater-brics-economic-ties-to-give-bloc-larger-global-role/
1322889848,20260914,202609,2026,2026.6959,CHNLAB,CHINESE,CHN,,,,,LAB,,,,,,,,,,,,,0,073,073,07,2,7.4,8,1,8,-2.90275761973875,4,"Kathmandu, Bagmati, Nepal",NP,NP01,22353,27.7167,85.3167,-1022136,0,,,,,,,,4,"Kathmandu, Bagmati, Nepal",NP,NP01,22353,27.7167,85.3167,-1022136,20260914011500,https://jowhar.com/nepal-tunnel-survivor-shares-harrowing-ordeal-after-being-given-a-second-chance/
1322889849,20260914,202609,2026,2026.6959,CHNLAB,CHINESE,CHN,,,,,LAB,,,NPL,NEPAL,NPL,,,,,,,,0,073,073,07,2,7.4,2,1,2,-2.90275761973875,4,"Kathmandu, Bagmati, Nepal",NP,NP01,22353,27.7167,85.3167,-1022136,4,"Kathmandu, Bagmati, Nepal",NP,NP01,22353,27.7167,85.3167,-1022136,4,"Kathmandu, Bagmati, Nepal",NP,NP01,22353,27.7167,85.3167,-1022136,20260914011500,https://jowhar.com/nepal-tunnel-survivor-shares-harrowing-ordeal-after-being-given-a-second-chance/
1322889850,20260914,202609,2026,2026.6959,CHRCTH,CATHOLIC,,,,CHR,CTH,,,,,,,,,,,,,,0,010,010,01,1,0.0,10,1,10,3.80549682875265,4,"Tinubu, Lagos, Nigeria",NI,NI05,191300,6.51667,3.36667,-2027738,0,,,,,,,,4,"Tinubu, Lagos, Nigeria",NI,NI05,191300,6.51667,3.36667,-2027738,20260914011500,https://tribuneonlineng.com/fayemi-to-catholic-faithful-dont-vote-on-basis-of-ethnicity-financial-inducement/
1322889851,20260914,202609,2026,2026.6959,CMR,CAMEROON,CMR,,,,,,,,FRAMED,AGENCE FRANCE PRESS,FRA,,,,,MED,,,0,010,010,01,1,0.0,2,1,2,-1.60857908847185,1,Cameroon,CM,CM,,6,12,CM,1,Cameroon,CM,CM,,6,12,CM,1,Cameroon,CM,CM,,6,12,CM,20260914011500,https://www.eurasiareview.com/14092026-deception-leaves-student-fighting-for-life-in-russian-army/
1322889852,20260914,202609,2026,2026.6959,CMR,CAMEROON,CMR,,,,,,,,FRAMED,AGENCE FRANCE PRESS,FRA,,,,,MED,,,0,057,057,05,1,8.0,1,1,1,-1.60857908847185,1,Cameroon,CM,CM,,6,12,CM,1,Cameroon,CM,CM,,6,12,CM,1,Cameroon,CM,CM,,6,12,CM,20260914011500,https://www.eurasiareview.com/14092026-deception-leaves-student-fighting-for-life-in-russian-army/
1322889853,20260914,202609,2026,2026.6959,CMR,CAMEROON,CMR,,,,,,,,FRAMED,AGENCE FRANCE PRESS,FRA,,,,,MED,,,0,057,057,05,1,8.0,1,1,1,-1.60857908847185,1,Cameroon,CM,CM,,6,12,CM,1,Cameroon,CM,CM,,6,12,CM,1,Russia,RS,RS,,60,100,RS,20260914011500,https://www.eurasiareview.com/14092026-deception-leaves-student-fighting-for-life-in-russian-army/
1322889854,20260914,202609,2026,2026.6959,COP,POLICE,,,,,,COP,,,,,,,,,,,,,0,010,010,01,1,0.0,4,1,4,-10.1928374655647,4,"Kyneton, Victoria, Australia",AS,AS07,5406,-37.2444,144.451,-1582615,0,,,,,,,,4,"Kyneton, Victoria, Australia",AS,AS07,5406,-37.2444,144.451,-1582615,20260914011500,https://www.bendigoadvertiser.com.au/story/9347703/justin-evans-avoids-prison-after-kyneton-pub-assault-plea/
1322889855,20260914,202609,2026,2026.6959,COP,POLICE,,,,,,COP,,,,,,,,,,,,,1,013,013,01,1,0.4,10,1,10,-9.60264900662252,0,,,,,,,,0,,,,,,,,0,,,,,,,,20260914011500,https://www.wdel.com/news/two-men-tasered-by-police-outside-starboard-in-dewey-beach/article_1ea05ef0-92a5-578e-93d4-10db79ed7899.html
1322889856,20260914,202609,2026,2026.6959,COP,POLICE,,,,,,COP,,,,,,,,,,,,,1,020,020,02,1,3.0,10,1,10,-5.74712643678161,2,"Texas, United States",US,USTX,,31.106,-97.6475,TX,0,,,,,,,,2,"Texas, United States",US,USTX,,31.106,-97.6475,TX,20260914011500,https://www.kten.com/news/53-year-old-woman-arrested-on-dwi-charges/article_7b79d884-9c09-43ed-adf8-a2349f791359.html
1322889857,20260914,202609,2026,2026.6959,COP,POLICE,,,,,,COP,,,,,,,,,,,,,1,030,030,03,1,4.0,5,1,5,-9.60264900662252,0,,,,,,,,0,,,,,,,,0,,,,,,,,20260914011500,https://www.wdel.com/news/two-men-tasered-by-police-outside-starboard-in-dewey-beach/article_1ea05ef0-92a5-578e-93d4-10db79ed7899.html
1322889858,20260914,202609,2026,2026.6959,COP,POLICE,,,,,,COP,,,,,,,,,,,,,1,060,060,06,2,6.0,10,1,10,-5.74712643678161,2,"Texas, United States",US,USTX,,31.106,-97.6475,TX,0,,,,,,,,2,"Texas, United States",US,USTX,,31.106,-97.6475,TX,20260914011500,https://www.kten.com/news/53-year-old-woman-arrested-on-dwi-charges/article_7b79d884-9c09-43ed-adf8-a2349f791359.html
1322889859,20260914,202609,2026,2026.6959,COP,POLICE,,,,,,COP,,,,,,,,,,,,,1,070,070,07,2,7.0,10,1,10,-4.81481481481482,0,,,,,,,,0,,,,,,,,0,,,,,,,,20260914011500,https://www.wbrc.com/2026/09/14/8-injured-shooting-after-neighborhood-party-tuscaloosa/
1322889860,20260914,202609,2026,2026.6959,COP,PRISON,,,,,,COP,,,,,,,,,,,,,1,180,180,18,4,-9.0,2,1,2,-10.1928374655647,4,"Bendigo, Victoria, Australia",AS,AS07,5391,-36.7582,144.28,-1558533,0,,,,,,,,4,"Bendigo, Victoria, Australia",AS,AS07,5391,-36.7582,144.28,-1558533,20260914011500,https://www.bendigoadvertiser.com.au/story/9347703/justin-evans-avoids-prison-after-kyneton-pub-assault-plea/
1322889861,20260914,202609,2026,2026.6959,COP,PRISON,,,,,,COP,,,AUS,AUSTRALIA,AUS,,,,,,,,1,180,180,18,4,-9.0,4,1,4,-10.1928374655647,4,"Bendigo, Victoria, Australia",AS,AS07,5391,-36.7582,144.28,-1558533,4,"Bendigo, Victoria, Australia",AS,AS07,5391,-36.7582,144.28,-1558533,4,"Bendigo, Victoria, Australia",AS,AS07,5391,-36.7582,144.28,-1558533,20260914011500,https://www.bendigoadvertiser.com.au/story/9347703/justin-evans-avoids-prison-after-kyneton-pub-assault-plea/
1322889862,20260914,202609,2026,2026.6959,COP,POLICE,,,,,,COP,,,IDN,RIAU,IDN,,,,,,,,1,190,190,19,4,-10.0,10,1,10,-1.45348837209303,4,"Jakarta, Jakarta Raya, Indonesia",ID,ID04,18585,-6.17444,106.829,-2679652,4,"Jakarta, Jakarta Raya, Indonesia",ID,ID04,18585,-6.17444,106.829,-2679652,4,"Jakarta, Jakarta Raya, Indonesia",ID,ID04,18585,-6.17444,106.829,-2679652,20260914011500,http://www.thejakartapost.com/indonesia/2026/09/14/police-tests-x-fire-to-fight-forest-fires-at-peatland-in-riau
1322889863,20260914,202609,2026,2026.6959,COP,NATIONAL POLICE,,,,,,COP,,,IDNCOP,RIAU,IDN,,,,,COP,,,1,043,043,04,1,2.8,4,1,4,-1.45348837209303,4,"Riau, Indonesia (general), Indonesia",ID,ID00,18585,-1.71667,105.933,-2694169,4,"Riau, Indonesia (general), Indonesia",ID,ID00,18585,-1.71667,105.933,-2694169,4,"Pelalawan, Riau, Indonesia",ID,ID37,18585,0.45,102.083,-2691901,20260914011500,http://www.thejakartapost.com/indonesia/2026/09/14/police-tests-x-fire-to-fight-forest-fires-at-peatland-in-riau
1322889864,20260914,202609,2026,2026.6959,COP,NATIONAL POLICE,,,,,,COP,,,IDNCOP,RIAU,IDN,,,,,COP,,,1,043,043,04,1,2.8,3,1,3,-1.45348837209303,4,"Riau, Indonesia (general), Indonesia",ID,ID00,18585,-1.71667,105.933,-2694169,4,"Riau, Indonesia (general), Indonesia",ID,ID00,18585,-1.71667,105.933,-2694169,4,"Riau, Indonesia (general), Indonesia",ID,ID00,18585,-1.71667,105.933,-2694169,20260914011500,http://www.thejakartapost.com/indonesia/2026/09/14/police-tests-x-fire-to-fight-forest-fires-at-peatland-in-riau
1322889865,20260914,202609,2026,2026.6959,COP,POLICE,,,,,,COP,,,MDV,MALE,MDV,,,,,,,,1,173,173,17,4,-5.0,2,1,2,-4.6583850931677,3,"Columbia County, Florida, United States",US,USFL,FL023,30.2508,-82.6243,306909,3,"Columbia County, Florida, United States",US,USFL,,30.2508,-82.6243,306909,3,"Columbia County, Florida, United States",US,USFL,,30.2508,-82.6243,306909,20260914011500,https://www.theblaze.com/news/17-year-old-florida-male-is-person-of-interest-in-murder-of-his-16-year-old-girlfriend-who-was-7-months-pregnant
1322889866,20260914,202609,2026,2026.6959,COP,POLICE,,,,,,COP,,,MDV,MALE,MDV,,,,,,,,1,190,190,19,4,-10.0,2,1,2,-4.6583850931677,3,"Columbia County, Florida, United States",US,USFL,FL023,30.2508,-82.6243,306909,3,"Columbia County, Florida, United States",US,USFL,,30.2508,-82.6243,306909,3,"Columbia County, Florida, United States",US,USFL,,30.2508,-82.6243,306909,20260914011500,https://www.theblaze.com/news/17-year-old-florida-male-is-person-of-interest-in-murder-of-his-16-year-old-girlfriend-who-was-7-months-pregnant
1322889867,20260914,202609,2026,2026.6959,COP,POLICE,,,,,,COP,,,USA,OKLAHOMA,USA,,,,,,,,0,0214,021,02,1,3.4,10,1,10,-9.43396226415094,2,"Oklahoma, United States",US,USOK,,35.5376,-96.9247,OK,2,"Oklahoma, United States",US,USOK,,35.5376,-96.9247,OK,2,"Oklahoma, United States",US,USOK,,35.5376,-96.9247,OK,20260914011500,https://www.kten.com/news/23-year-old-in-seminole-arrested-for-alleged-homicide/article_b33e0dd6-4754-4bc9-8b14-939bc9adf6b1.html
1322889868,20260914,202609,2026,2026.6959,COP,POLICE,,,,,,COP,,,USA,AMERICAN,USA,,,,,,,,0,046,046,04,1,7.0,1,1,1,-4.03458213256484,4,"London, London, City of, United Kingdom",UK,UKH9,40110,51.5,-0.116667,-2601889,4,"London, London, City of, United Kingdom",UK,UKH9,40110,51.5,-0.116667,-2601889,4,"London, London, City of, United Kingdom",UK,UKH9,40110,51.5,-0.116667,-2601889,20260914011500,https://www.theyeshivaworld.com/news/general/2597639/u-s-secretly-removes-diplomat-from-britain-amid-criminal-investigation.html
1322889869,20260914,202609,2026,2026.6959,COP,POLICE,,,,,,COP,,,USA,AMERICAN,USA,,,,,,,,0,046,046,04,1,7.0,1,1,1,-4.03458213256484,4,"London, London, City of, United Kingdom",UK,UKH9,40110,51.5,-0.116667,-2601889,2,"Delaware, United States",US,USDE,,39.3498,-75.5148,DE,4,"London, London, City of, United Kingdom",UK,UKH9,40110,51.5,-0.116667,-2601889,20260914011500,https://www.theyeshivaworld.com/news/general/2597639/u-s-secretly-removes-diplomat-from-britain-amid-criminal-investigation.html
1322889870,20260914,202609,2026,2026.6959,COP,POLICE,,,,,,COP,,,USA,AMERICAN,USA,,,,,,,,0,046,046,04,1,7.0,8,1,8,-4.03458213256484,4,"London, London, City of, United Kingdom",UK,UKH9,40110,51.5,-0.116667,-2601889,2,"Delaware, United States",US,USDE,,39.3498,-75.5148,DE,2,"Delaware, United States",US,USDE,,39.3498,-75.5148,DE,20260914011500,https://www.theyeshivaworld.com/news/general/2597639/u-s-secretly-removes-diplomat-from-britain-amid-criminal-investigation.html
1322889871,20260914,202609,2026,2026.6959,CRM,CRIMINAL,,,,,,CRM,,,,,,,,,,,,,1,173,173,17,4,-5.0,10,1,10,-7.35586481113318,3,"Ferndale, Michigan, United States",US,USMI,MI125,42.4606,-83.1347,625911,0,,,,,,,,3,"Ferndale, Michigan, United States",US,USMI,MI125,42.4606,-83.1347,625911,20260914011500,https://allhiphop.com/news/exclusive-eminems-stolen-music-case-takes-major-turn-with-new-felony-filing/
1322889872,20260914,202609,2026,2026.6959,CRM,DRUG GANG,,,,,,CRM,,,COP,POLICE,,,,,,COP,,,1,173,173,17,4,-5.0,6,1,6,-8.38574423480081,1,United Kingdom,UK,UK,,54,-4,UK,1,United Kingdom,UK,UK,,54,-4,UK,1,United Kingdom,UK,UK,,54,-4,UK,20260914011500,https://www.dailymail.com/news/article-16128739/Albanian-drug-dealer-entered-Britain-false-identity-spared-jail-partner-suffers-depression-chronic-pain.html
1322889873,20260914,202609,2026,2026.6959,CRM,DRUG GANG,,,,,,CRM,,,COP,POLICE,,,,,,COP,,,1,190,190,19,4,-10.0,6,1,6,-8.38574423480081,1,United Kingdom,UK,UK,,54,-4,UK,1,United Kingdom,UK,UK,,54,-4,UK,1,United Kingdom,UK,UK,,54,-4,UK,20260914011500,https://www.dailymail.com/news/article-16128739/Albanian-drug-dealer-entered-Britain-false-identity-spared-jail-partner-suffers-depression-chronic-pain.html
1322889874,20260914,202609,2026,2026.6959,CRM,BANDIT,,,,,,CRM,,,NGA,KADUNA,NGA,,,,,,,,1,180,180,18,4,-9.0,6,1,6,-3.45622119815668,4,"Kachia, Nigeria (general), Nigeria",NI,NI00,191108,9.86667,7.95,-2014015,4,"Kachia, Nigeria (general), Nigeria",NI,NI00,191108,9.86667,7.95,-2014015,4,"Kachia, Nigeria (general), Nigeria",NI,NI00,191108,9.86667,7.95,-2014015,20260914011500,https://tribuneonlineng.com/kaduna-we-lost-200000-cows-50-members-to-banditry-in-eight-months-miyetti-allah/
1322889875,20260914,202609,2026,2026.6959,CRM,BANDIT,,,,,,CRM,,,NGA,KADUNA,NGA,,,,,,,,1,180,180,18,4,-9.0,4,1,4,-3.45622119815668,4,"Kaduna, Kaduna, Nigeria",NI,NI23,22832,10.5231,7.44028,-2014086,4,"Kaduna, Kaduna, Nigeria",NI,NI23,22832,10.5231,7.44028,-2014086,4,"Kaduna, Kaduna, Nigeria",NI,NI23,22832,10.5231,7.44028,-2014086,20260914011500,https://tribuneonlineng.com/kaduna-we-lost-200000-cows-50-members-to-banditry-in-eight-months-miyetti-allah/
1322889876,20260914,202609,2026,2026.6959,CRM,BANDIT,,,,,,CRM,,,NGA,KADUNA,NGA,,,,,,,,1,190,190,19,4,-10.0,10,1,10,-3.45622119815668,4,"Kaduna, Kaduna, Nigeria",NI,NI23,22832,10.5231,7.44028,-2014086,4,"Kaduna, Kaduna, Nigeria",NI,NI23,22832,10.5231,7.44028,-2014086,4,"Kaduna, Kaduna, Nigeria",NI,NI23,22832,10.5231,7.44028,-2014086,20260914011500,https://tribuneonlineng.com/kaduna-we-lost-200000-cows-50-members-to-banditry-in-eight-months-miyetti-allah/
1322889877,20260914,202609,2026,2026.6959,CRM,CRIMINAL,,,,,,CRM,,,USA,MINNESOTA,USA,,,,,,,,0,012,012,01,1,-0.4,2,1,2,-6.21468926553672,3,"White House, District of Columbia, United States",US,USDC,,38.8951,-77.0364,531871,3,"White House, District of Columbia, United States",US,USDC,,38.8951,-77.0364,531871,3,"White House, District of Columbia, United States",US,USDC,,38.8951,-77.0364,531871,20260914011500,https://www.theyeshivaworld.com/news/general/2597635/federal-probe-tom-homan-confirms-ongoing-criminal-investigation-involving-ilhan-omar.html
1322889878,20260914,202609,2026,2026.6959,CRM,CRIMINAL,,,,,,CRM,,,USA,MINNESOTA,USA,,,,,,,,0,012,012,01,1,-0.4,2,1,2,-6.21468926553672,2,"Minnesota, United States",US,USMN,,45.7326,-93.9196,MN,2,"Minnesota, United States",US,USMN,,45.7326,-93.9196,MN,2,"Minnesota, United States",US,USMN,,45.7326,-93.9196,MN,20260914011500,https://www.theyeshivaworld.com/news/general/2597635/federal-probe-tom-homan-confirms-ongoing-criminal-investigation-involving-ilhan-omar.html
1322889879,20260914,202609,2026,2026.6959,CRM,CRIMINAL,,,,,,CRM,,,USALEG,MINNESOTA,USA,,,,,LEG,,,0,012,012,01,1,-0.4,6,1,6,-6.21468926553672,2,"Minnesota, United States",US,USMN,,45.7326,-93.9196,MN,2,"Minnesota, United States",US,USMN,,45.7326,-93.9196,MN,2,"Minnesota, United States",US,USMN,,45.7326,-93.9196,MN,20260914011500,https://www.theyeshivaworld.com/news/general/2597635/federal-probe-tom-homan-confirms-ongoing-criminal-investigation-involving-ilhan-omar.html
1322889880,20260914,202609,2026,2026.6959,CVL,SETTLEMENT,,,,,,CVL,,,,,,,,,,,,,1,010,010,01,1,0.0,5,1,5,-4.14438502673797,3,"Fort Dix, New Jersey, United States",US,USNJ,NJ005,40.0298,-74.6185,876417,0,,,,,,,,3,"Fort Dix, New Jersey, United States",US,USNJ,,40.0298,-74.6185,876417,20260914011500,https://allhiphop.com/news/exclusive-diddy-eyes-possible-massive-payout-as-banfield-producers-consider-settlement/
1322889881,20260914,202609,2026,2026.6959,CVL,COMMUNITY,,,,,,CVL,,,,,,,,,,,,,1,017,017,01,1,0.0,10,1,10,4.21052631578947,0,,,,,,,,0,,,,,,,,0,,,,,,,,20260914011500,https://foxbaltimore.com/news/local/photos-brightview-hunt-valley-senior-living-community-national-grandparents-day-rescue-friends-rabbits-nonprofit-baltimore-county
1322889882,20260914,202609,2026,2026.6959,CVL,TRAVELER,,,,,,CVL,,,,,,,,,,,,,1,020,020,02,1,3.0,16,2,16,-2.53591830647275,2,"New York, United States",US,USNY,,42.1497,-74.9384,NY,0,,,,,,,,2,"New York, United States",US,USNY,,42.1497,-74.9384,NY,20260914011500,https://www.theyeshivaworld.com/news/israel-news/2597567/airfare-relief-five-airlines-battle-for-nyc-tel-aviv-passengers-as-prices-begin-to-plunge.html
1322889883,20260914,202609,2026,2026.6959,CVL,COMMUNITY,,,,,,CVL,,,,,,,,,,,,,1,043,043,04,1,2.8,10,1,10,1.53203342618384,3,"Oakland County, Michigan, United States",US,USMI,MI125,42.6667,-83.3999,1623005,0,,,,,,,,3,"Oakland County, Michigan, United States",US,USMI,,42.6667,-83.3999,1623005,20260914011500,https://www.theoaklandpress.com/2026/09/13/101-year-old-leaves-oakland-county-with-a-legacy-of-kindness/
1322889884,20260914,202609,2026,2026.6959,CVL,SCIENTIST,,,,,,CVL,,,,,,,,,,,,,1,043,043,04,1,2.8,3,1,3,-0.393037619315,3,"Chicago, Illinois, United States",US,USIL,IL031,41.85,-87.6501,423587,0,,,,,,,,3,"Chicago, Illinois, United States",US,USIL,IL031,41.85,-87.6501,423587,20260914011500,https://collider.com/far-side-best-unhinged-dinosaur-comics/
1322889885,20260914,202609,2026,2026.6959,CVL,COMMUNITY,,,,,,CVL,,,,,,,,,,,,,1,051,051,05,1,3.4,10,1,10,4.27807486631016,1,United States,US,US,,39.828175,-98.5795,US,0,,,,,,,,1,United States,US,US,,39.828175,-98.5795,US,20260914011500,https://www.wtoc.com/2026/09/13/savannah-celebrates-hispanic-heritage-month-with-community-breakfast/
1322889886,20260914,202609,2026,2026.6959,CVL,COMMUNITY,,,,,,CVL,,,,,,,,,,,,,1,070,070,07,2,7.0,10,1,10,4.27807486631016,1,United States,US,US,,39.828175,-98.5795,US,0,,,,,,,,1,United States,US,US,,39.828175,-98.5795,US,20260914011500,https://www.wtoc.com/2026/09/13/savannah-celebrates-hispanic-heritage-month-with-community-breakfast/
1322889887,20260914,202609,2026,2026.6959,CVL,COMMUNITY,,,,,,CVL,,,,,,,,,,,,,1,073,073,07,2,7.4,10,1,10,4.21052631578947,0,,,,,,,,0,,,,,,,,0,,,,,,,,20260914011500,https://foxbaltimore.com/news/local/photos-brightview-hunt-valley-senior-living-community-national-grandparents-day-rescue-friends-rabbits-nonprofit-baltimore-county
1322889888,20260914,202609,2026,2026.6959,CVL,COMMUNITY,,,,,,CVL,,,BUS,BUSINESS LEADER,,,,,,BUS,,,1,017,017,01,1,0.0,10,1,10,4.27807486631016,1,United States,US,US,,39.828175,-98.5795,US,1,United States,US,US,,39.828175,-98.5795,US,1,United States,US,US,,39.828175,-98.5795,US,20260914011500,https://www.wtoc.com/2026/09/13/savannah-celebrates-hispanic-heritage-month-with-community-breakfast/
1322889889,20260914,202609,2026,2026.6959,CVL,COMMUNITY,,,,,,CVL,,,BUS,CHAMBER OF COMMERCE,,,,,,BUS,,,1,043,043,04,1,2.8,10,1,10,4.27807486631016,1,United States,US,US,,39.828175,-98.5795,US,1,United States,US,US,,39.828175,-98.5795,US,1,United States,US,US,,39.828175,-98.5795,US,20260914011500,https://www.wtoc.com/2026/09/13/savannah-celebrates-hispanic-heritage-month-with-community-breakfast/
1322889890,20260914,202609,2026,2026.6959,CVL,COMMUNITY,,,,,,CVL,,,BUS,ENTREPRENEUR,,,,,,BUS,,,1,045,045,04,1,5.0,10,1,10,4.27807486631016,1,United States,US,US,,39.828175,-98.5795,US,1,United States,US,US,,39.828175,-98.5795,US,1,United States,US,US,,39.828175,-98.5795,US,20260914011500,https://www.wtoc.com/2026/09/13/savannah-celebrates-hispanic-heritage-month-with-community-breakfast/
1322889891,20260914,202609,2026,2026.6959,CVL,VILLAGE,,,,,,CVL,,,COP,NATIONAL POLICE,,,,,,COP,,,1,190,190,19,4,-10.0,8,1,8,-1.45348837209303,4,"Jakarta, Jakarta Raya, Indonesia",ID,ID04,18585,-6.17444,106.829,-2679652,4,"Jakarta, Jakarta Raya, Indonesia",ID,ID04,18585,-6.17444,106.829,-2679652,4,"Jakarta, Jakarta Raya, Indonesia",ID,ID04,18585,-6.17444,106.829,-2679652,20260914011500,http://www.thejakartapost.com/indonesia/2026/09/14/police-tests-x-fire-to-fight-forest-fires-at-peatland-in-riau
1322889892,20260914,202609,2026,2026.6959,CVL,COMMUNITY,,,,,,CVL,,,COP,POLICE,,,,,,COP,,,0,190,190,19,4,-10.0,8,1,8,-3.47457627118644,3,"San Nicolas Island, California, United States",US,USCA,CA111,33.2495,-119.5,1662269,3,"San Nicolas Island, California, United States",US,USCA,,33.2495,-119.5,1662269,3,"San Nicolas Island, California, United States",US,USCA,,33.2495,-119.5,1662269,20260914011500,https://www.indiewire.com/criticism/movies/how-we-stand-review-amber-midthunder-1235216754/
1322889893,20260914,202609,2026,2026.6959,CVL,COMMUNITY,,,,,,CVL,,,COP,POLICE,,,,,,COP,,,0,190,190,19,4,-10.0,2,1,2,-3.47457627118644,2,"Oklahoma, United States",US,USOK,,35.5376,-96.9247,OK,3,"San Nicolas Island, California, United States",US,USCA,,33.2495,-119.5,1662269,3,"San Nicolas Island, California, United States",US,USCA,,33.2495,-119.5,1662269,20260914011500,https://www.indiewire.com/criticism/movies/how-we-stand-review-amber-midthunder-1235216754/
1322889894,20260914,202609,2026,2026.6959,CVL,VILLAGE,,,,,,CVL,,,IDN,INDONESIA,IDN,,,,,,,,1,190,190,19,4,-10.0,2,1,2,-1.45348837209303,4,"Jakarta, Jakarta Raya, Indonesia",ID,ID04,18585,-6.17444,106.829,-2679652,4,"Jakarta, Jakarta Raya, Indonesia",ID,ID04,18585,-6.17444,106.829,-2679652,4,"Jakarta, Jakarta Raya, Indonesia",ID,ID04,18585,-6.17444,106.829,-2679652,20260914011500,http://www.thejakartapost.com/indonesia/2026/09/14/police-tests-x-fire-to-fight-forest-fires-at-peatland-in-riau
1322889895,20260914,202609,2026,2026.6959,CVL,SETTLEMENT,,,,,,CVL,,,MED,TELEVISION,,,,,,MED,,,1,010,010,01,1,0.0,5,1,5,-4.14438502673797,3,"Fort Dix, New Jersey, United States",US,USNJ,NJ005,40.0298,-74.6185,876417,3,"Fort Dix, New Jersey, United States",US,USNJ,,40.0298,-74.6185,876417,3,"Fort Dix, New Jersey, United States",US,USNJ,,40.0298,-74.6185,876417,20260914011500,https://allhiphop.com/news/exclusive-diddy-eyes-possible-massive-payout-as-banfield-producers-consider-settlement/
1322889896,20260914,202609,2026,2026.6959,CVL,TRAVELER,,,,,,CVL,,,USA,UNITED STATES,USA,,,,,,,,1,020,020,02,1,3.0,4,1,4,-0.31545741324921,2,"New York, United States",US,USNY,,42.1497,-74.9384,NY,2,"New York, United States",US,USNY,,42.1497,-74.9384,NY,2,"New York, United States",US,USNY,,42.1497,-74.9384,NY,20260914011500,https://www.theyeshivaworld.com/news/israel-news/2597567/airfare-relief-five-airlines-battle-for-nyc-tel-aviv-passengers-as-prices-begin-to-plunge.html
1322889897,20260914,202609,2026,2026.6959,CVL,SCIENTIST,,,,,,CVL,,,USA,UNITED STATES,USA,,,,,,,,1,042,042,04,1,1.9,2,1,2,-0.393037619315,3,"Chicago, Illinois, United States",US,USIL,IL031,41.85,-87.6501,423587,3,"Chicago, Illinois, United States",US,USIL,IL031,41.85,-87.6501,423587,3,"Chicago, Illinois, United States",US,USIL,IL031,41.85,-87.6501,423587,20260914011500,https://collider.com/far-side-best-unhinged-dinosaur-comics/
1322889898,20260914,202609,2026,2026.6959,CVL,COMMUNITY,,,,,,CVL,,,USA,OKLAHOMA,USA,,,,,,,,1,043,043,04,1,2.8,2,1,2,2.12765957446808,2,"Oklahoma, United States",US,USOK,,35.5376,-96.9247,OK,2,"Oklahoma, United States",US,USOK,,35.5376,-96.9247,OK,2,"Oklahoma, United States",US,USOK,,35.5376,-96.9247,OK,20260914011500,https://fox23.com/news/local/native-plant-pollinator-party-highlights-monarch-conservation-in-tahlequah
1322889899,20260914,202609,2026,2026.6959,CVL,COMMUNITY,,,,,,CVL,,,USAGOV,OKLAHOMA,USA,,,,,GOV,,,1,043,043,04,1,2.8,2,1,2,2.12765957446808,2,"Oklahoma, United States",US,USOK,,35.5376,-96.9247,OK,2,"Oklahoma, United States",US,USOK,,35.5376,-96.9247,OK,2,"Oklahoma, United States",US,USOK,,35.5376,-96.9247,OK,20260914011500,https://fox23.com/news/local/native-plant-pollinator-party-highlights-monarch-conservation-in-tahlequah
1322889900,20260914,202609,2026,2026.6959,DEU,GERMAN,DEU,,,,,,,,,,,,,,,,,,0,015,015,01,1,0.0,10,1,10,-4.36893203883495,1,Germany,GM,GM,,51.5,10.5,GM,0,,,,,,,,1,Germany,GM,GM,,51.5,10.5,GM,20260914011500,https://www.progressive-charlestown.com/search?updated-max=2026-09-11T16:00:00-04:00&max-results=15
1322889901,20260914,202609,2026,2026.6959,DEU,GERMANY,DEU,,,,,,,,,,,,,,,,,,0,017,017,01,1,0.0,4,1,4,-4.36893203883495,1,Germany,GM,GM,,51.5,10.5,GM,0,,,,,,,,3,"Charlestown, Rhode Island, United States",US,USRI,RI009,41.3832,-71.6417,1217684,20260914011500,https://www.progressive-charlestown.com/search?updated-max=2026-09-11T16:00:00-04:00&max-results=15
1322889902,20260914,202609,2026,2026.6959,DEU,GERMANY,DEU,,,,,,,,,,,,,,,,,,0,017,017,01,1,0.0,6,1,6,-4.36893203883495,1,Germany,GM,GM,,51.5,10.5,GM,0,,,,,,,,1,Germany,GM,GM,,51.5,10.5,GM,20260914011500,https://www.progressive-charlestown.com/search?updated-max=2026-09-11T16:00:00-04:00&max-results=15
1322889903,20260914,202609,2026,2026.6959,DEU,GERMANY,DEU,,,,,,,,,,,,,,,,,,1,090,090,09,2,-2.0,4,1,4,3.0718954248366,4,"Berlin, Berlin, Germany",GM,GM16,16538,52.5167,13.4,-1746443,0,,,,,,,,4,"Berlin, Berlin, Germany",GM,GM16,16538,52.5167,13.4,-1746443,20260914011500,https://artdaily.com/news/200195/K20-presents-comprehensive-exhibition-dedicated-to-Expressionist-painter-Franz-Marc
1322889904,20260914,202609,2026,2026.6959,DEU,GERMAN,DEU,,,,,,,,,,,,,,,,,,0,110,110,11,3,-2.0,2,1,2,-4.36893203883495,3,"Charlestown, Rhode Island, United States",US,USRI,RI009,41.3832,-71.6417,1217684,0,,,,,,,,3,"Charlestown, Rhode Island, United States",US,USRI,RI009,41.3832,-71.6417,1217684,20260914011500,https://www.progressive-charlestown.com/search?updated-max=2026-09-11T16:00:00-04:00&max-results=15
1322889905,20260914,202609,2026,2026.6959,DEU,GERMAN,DEU,,,,,,,,,,,,,,,,,,0,110,110,11,3,-2.0,8,1,8,-4.36893203883495,1,Germany,GM,GM,,51.5,10.5,GM,0,,,,,,,,1,Germany,GM,GM,,51.5,10.5,GM,20260914011500,https://www.progressive-charlestown.com/search?updated-max=2026-09-11T16:00:00-04:00&max-results=15
1322889906,20260914,202609,2026,2026.6959,DEU,GERMANY,DEU,,,,,,,,FRA,FRANCE,FRA,,,,,,,,0,040,040,04,1,1.0,1,1,1,3.0718954248366,4,"Berlin, Berlin, Germany",GM,GM16,16538,52.5167,13.4,-1746443,4,"Paris, France (general), France",FR,FR00,16282,48.8667,2.33333,-1456928,4,"Paris, France (general), France",FR,FR00,16282,48.8667,2.33333,-1456928,20260914011500,https://artdaily.com/news/200195/K20-presents-comprehensive-exhibition-dedicated-to-Expressionist-painter-Franz-Marc
1322889907,20260914,202609,2026,2026.6959,DEU,GERMANY,DEU,,,,,,,,FRA,PARIS,FRA,,,,,,,,0,042,042,04,1,1.9,1,1,1,3.0718954248366,4,"Munich, Bayern, Germany",GM,GM02,16532,48.15,11.5833,-1829149,4,"Paris, France (general), France",FR,FR00,16282,48.8667,2.33333,-1456928,4,"Paris, France (general), France",FR,FR00,16282,48.8667,2.33333,-1456928,20260914011500,https://artdaily.com/news/200195/K20-presents-comprehensive-exhibition-dedicated-to-Expressionist-painter-Franz-Marc
1322889908,20260914,202609,2026,2026.6959,DEU,GERMANY,DEU,,,,,,,,FRA,PARIS,FRA,,,,,,,,0,042,042,04,1,1.9,1,1,1,3.0718954248366,4,"Munich, Bayern, Germany",GM,GM02,16532,48.15,11.5833,-1829149,4,"Munich, Bayern, Germany",GM,GM02,16532,48.15,11.5833,-1829149,4,"Munich, Bayern, Germany",GM,GM02,16532,48.15,11.5833,-1829149,20260914011500,https://artdaily.com/news/200195/K20-presents-comprehensive-exhibition-dedicated-to-Expressionist-painter-Franz-Marc
1322889909,20260914,202609,2026,2026.6959,EDU,PROFESSOR,,,,,,EDU,,,,,,,,,,,,,1,010,010,01,1,0.0,6,1,6,-0.8587786259542,5,"Osun State, Osun, Nigeria",NI,NI42,23001,7.5,4.5,9153501,0,,,,,,,,5,"Osun State, Osun, Nigeria",NI,NI42,23001,7.5,4.5,9153501,20260914011500,https://tribuneonlineng.com/2027-general-election-are-we-prepared/
1322889910,20260914,202609,2026,2026.6959,EDU,COLLEGE,,,,,,EDU,,,,,,,,,,,,,1,030,030,03,1,4.0,10,1,10,4.74137931034483,4,"Gwangju, Kwangju-gwangyoksi, South Korea",KS,KS18,24979,35.1547,126.916,-710584,0,,,,,,,,4,"Gwangju, Kwangju-gwangyoksi, South Korea",KS,KS18,24979,35.1547,126.916,-710584,20260914011500,https://www.koreatimes.co.kr/southkorea/education/k-universities/policy-trends/20260914/jeonnam-gwangju-universities-launch-semiconductor-majors-ahead-of-planned-tech-cluster
1322889911,20260914,202609,2026,2026.6959,EDU,SCHOOL,,,,,,EDU,,,,,,,,,,,,,0,042,042,04,1,1.9,35,7,35,-4.5790514594497,1,Afghanistan,AF,AF,,33,66,AF,0,,,,,,,,1,Afghanistan,AF,AF,,33,66,AF,20260914011500,https://www.southernhighlandnews.com.au/story/9348894/how-911-challenged-francis-fukuyamas-end-of-history-thesis/
1322889912,20260914,202609,2026,2026.6959,EDU,UNIVERSITY,,,,,,EDU,,,,,,,,,,,,,0,043,043,04,1,2.8,1,1,1,-0.41572184429328,4,"Khana, West Bengal, India",IN,IN28,17946,23.3333,87.7333,-2100491,0,,,,,,,,4,"Khana, West Bengal, India",IN,IN28,17946,23.3333,87.7333,-2100491,20260914011500,https://www.thehindu.com/news/cities/Delhi/in-delhi-food-to-fill-a-stomach/article71439741.ece
1322889913,20260914,202609,2026,2026.6959,EDU,UNIVERSITY,,,,,,EDU,,,,,,,,,,,,,0,043,043,04,1,2.8,4,1,4,-0.41572184429328,5,"Uttar Pradesh, Uttar Pradesh, India",IN,IN36,17938,27.25,80.75,-2113996,0,,,,,,,,5,"Uttar Pradesh, Uttar Pradesh, India",IN,IN36,17938,27.25,80.75,-2113996,20260914011500,https://www.thehindu.com/news/cities/Delhi/in-delhi-food-to-fill-a-stomach/article71439741.ece
1322889914,20260914,202609,2026,2026.6959,EDU,SCHOOL,,,,,,EDU,,,,,,,,,,,,,0,043,043,04,1,2.8,35,7,35,-4.5790514594497,1,Afghanistan,AF,AF,,33,66,AF,0,,,,,,,,1,Afghanistan,AF,AF,,33,66,AF,20260914011500,https://www.southernhighlandnews.com.au/story/9348894/how-911-challenged-francis-fukuyamas-end-of-history-thesis/
1322889915,20260914,202609,2026,2026.6959,EDU,UNIVERSITY,,,,,,EDU,,,,,,,,,,,,,1,050,050,05,1,3.5,2,1,2,4.74137931034483,4,"Gwangju, Kwangju-gwangyoksi, South Korea",KS,KS18,24979,35.1547,126.916,-710584,0,,,,,,,,4,"Gwangju, Kwangju-gwangyoksi, South Korea",KS,KS18,24979,35.1547,126.916,-710584,20260914011500,https://www.koreatimes.co.kr/southkorea/education/k-universities/policy-trends/20260914/jeonnam-gwangju-universities-launch-semiconductor-majors-ahead-of-planned-tech-cluster
1322889916,20260914,202609,2026,2026.6959,EDU,SCHOOL,,,,,,EDU,,,AFG,AFGHANISTAN,AFG,,,,,,,,0,043,043,04,1,2.8,7,7,7,-4.5790514594497,1,Afghanistan,AF,AF,,33,66,AF,4,"Canberra, Australian Capital Territory, Australia",AS,AS01,4940,-35.2833,149.217,-1563952,1,Afghanistan,AF,AF,,33,66,AF,20260914011500,https://www.southernhighlandnews.com.au/story/9348894/how-911-challenged-francis-fukuyamas-end-of-history-thesis/
1322889917,20260914,202609,2026,2026.6959,EDU,SCHOOL,,,,,,EDU,,,AFG,AFGHANISTAN,AFG,,,,,,,,0,043,043,04,1,2.8,28,7,28,-4.5790514594497,1,Afghanistan,AF,AF,,33,66,AF,1,Afghanistan,AF,AF,,33,66,AF,1,Afghanistan,AF,AF,,33,66,AF,20260914011500,https://www.southernhighlandnews.com.au/story/9348894/how-911-challenged-francis-fukuyamas-end-of-history-thesis/
1322889918,20260914,202609,2026,2026.6959,EDU,UNIVERSITY,,,,,,EDU,,,GOV,PRESIDENT,,,,,,GOV,,,0,043,043,04,1,2.8,5,1,5,2.35131396957123,1,United States,US,US,,39.828175,-98.5795,US,1,United States,US,US,,39.828175,-98.5795,US,1,United States,US,US,,39.828175,-98.5795,US,20260914011500,https://dailyillini.com/life_and_culture-stories/arts-and-entertainment/2026/09/13/ae-rewind-this-weeks-buzz/
1322889919,20260914,202609,2026,2026.6959,EDU,UNIVERSITY,,,,,,EDU,,,KOR,SOUTH KOREA,KOR,,,,,,,,1,050,050,05,1,3.5,8,1,8,4.74137931034483,4,"Gwangju, Kwangju-gwangyoksi, South Korea",KS,KS18,24979,35.1547,126.916,-710584,4,"Gwangju, Kwangju-gwangyoksi, South Korea",KS,KS18,24979,35.1547,126.916,-710584,4,"Gwangju, Kwangju-gwangyoksi, South Korea",KS,KS18,24979,35.1547,126.916,-710584,20260914011500,https://www.koreatimes.co.kr/southkorea/education/k-universities/policy-trends/20260914/jeonnam-gwangju-universities-launch-semiconductor-majors-ahead-of-planned-tech-cluster
1322889920,20260914,202609,2026,2026.6959,EDU,UNIVERSITY,,,,,,EDU,,,KOR,SOUTH KOREA,KOR,,,,,,,,1,051,051,05,1,3.4,8,1,8,4.74137931034483,4,"Gwangju, Kwangju-gwangyoksi, South Korea",KS,KS18,24979,35.1547,126.916,-710584,4,"Gwangju, Kwangju-gwangyoksi, South Korea",KS,KS18,24979,35.1547,126.916,-710584,4,"Gwangju, Kwangju-gwangyoksi, South Korea",KS,KS18,24979,35.1547,126.916,-710584,20260914011500,https://www.koreatimes.co.kr/southkorea/education/k-universities/policy-trends/20260914/jeonnam-gwangju-universities-launch-semiconductor-majors-ahead-of-planned-tech-cluster
1322889921,20260914,202609,2026,2026.6959,EDU,PROFESSOR,,,,,,EDU,,,NGA,NIGERIA,NGA,,,,,,,,1,010,010,01,1,0.0,2,1,2,-0.8587786259542,5,"Osun State, Osun, Nigeria",NI,NI42,23001,7.5,4.5,9153501,5,"Osun State, Osun, Nigeria",NI,NI42,23001,7.5,4.5,9153501,5,"Osun State, Osun, Nigeria",NI,NI42,23001,7.5,4.5,9153501,20260914011500,https://tribuneonlineng.com/2027-general-election-are-we-prepared/
1322889922,20260914,202609,2026,2026.6959,EDU,SCHOOLHOUSE,,,,,,EDU,,,USA,AMERICAN,USA,,,,,,,,1,036,036,03,1,4.0,3,1,3,2.86806883365201,2,"California, United States",US,USCA,,36.17,-119.746,CA,4,"Cambridge, Cambridgeshire, United Kingdom",UK,UKC3,40098,52.2,0.116667,-2591658,4,"Cambridge, Cambridgeshire, United Kingdom",UK,UKC3,40098,52.2,0.116667,-2591658,20260914011500,https://artdaily.com/news/200213/Lava-Thomas-debuts-large-scale-portraits-of-post-Emancipation-ancestors-at-Jessica-Silverman
1322889923,20260914,202609,2026,2026.6959,EGY,EGYPT,EGY,,,,,,,,,,,,,,,,,,0,042,042,04,1,1.9,4,1,4,-3.62173038229376,4,"Alexandria, Al Iskandariyah, Egypt",EG,EG06,61590,31.1981,29.9192,-290263,0,,,,,,,,4,"Alexandria, Al Iskandariyah, Egypt",EG,EG06,61590,31.1981,29.9192,-290263,20260914011500,https://www.theyeshivaworld.com/news/general/2597618/outrage-at-ground-zero-mamdani-and-aoc-seen-laughing-during-solemn-reading-of-9-11-victims-names.html
1322889924,20260914,202609,2026,2026.6959,EGY,CAIRO,EGY,,,,,,,,PSE,PALESTINIAN,PSE,,,,,,,,1,195,195,19,4,-10.0,10,1,10,-11.5853658536585,4,"Gaza, Israel (general), Israel",IS,IS00,18315,31.4167,34.3333,-797156,4,"Gaza, Israel (general), Israel",IS,IS00,18315,31.4167,34.3333,-797156,4,"Gaza, Israel (general), Israel",IS,IS00,18315,31.4167,34.3333,-797156,20260914011500,https://tribune.com.pk/story/2629154/israeli-strike-kills-two-in-gaza-strip
1322889925,20260914,202609,2026,2026.6959,ENV,CONSERVATIONIST,,,,,,ENV,,,USA,OKLAHOMA,USA,,,,,,,,1,043,043,04,1,2.8,2,1,2,2.12765957446808,3,"Tahlequah, Oklahoma, United States",US,USOK,OK021,35.9154,-94.97,1098721,2,"Oklahoma, United States",US,USOK,,35.5376,-96.9247,OK,2,"Oklahoma, United States",US,USOK,,35.5376,-96.9247,OK,20260914011500,https://fox23.com/news/local/native-plant-pollinator-party-highlights-monarch-conservation-in-tahlequah
1322889926,20260914,202609,2026,2026.6959,ENV,CONSERVATIONIST,,,,,,ENV,,,USAGOV,OKLAHOMA,USA,,,,,GOV,,,1,043,043,04,1,2.8,2,1,2,2.12765957446808,3,"Tahlequah, Oklahoma, United States",US,USOK,OK021,35.9154,-94.97,1098721,2,"Oklahoma, United States",US,USOK,,35.5376,-96.9247,OK,3,"Tahlequah, Oklahoma, United States",US,USOK,OK021,35.9154,-94.97,1098721,20260914011500,https://fox23.com/news/local/native-plant-pollinator-party-highlights-monarch-conservation-in-tahlequah
1322889927,20260914,202609,2026,2026.6959,EUR,EUROPE,EUR,,,,,,,,,,,,,,,,,,1,0311,031,03,1,5.2,5,1,5,0,4,"Damietta, Dumyat, Egypt",EG,EG20,61670,31.4165,31.8133,-293282,0,,,,,,,,4,"Damietta, Dumyat, Egypt",EG,EG20,61670,31.4165,31.8133,-293282,20260914011500,https://www.enr.com/articles/63648-mcdermott-gains-middle-east-gas-contracts-in-uae-cyprus-worth-up-to-175b
1322889928,20260914,202609,2026,2026.6959,EUR,EUROPEAN,EUR,,,,,,,,,,,,,,,,,,1,070,070,07,2,7.0,10,1,10,2.51968503937008,1,United States,US,US,,39.828175,-98.5795,US,0,,,,,,,,1,United States,US,US,,39.828175,-98.5795,US,20260914011500,https://www.eurasiareview.com/14092026-nato-allies-build-a-more-resilient-defense-posture/
1322889929,20260914,202609,2026,2026.6959,EUR,EUROPEAN,EUR,,,,,,,,BUS,TANKER,,,,,,BUS,,,1,073,073,07,2,7.4,10,1,10,2.51968503937008,1,United States,US,US,,39.828175,-98.5795,US,1,United States,US,US,,39.828175,-98.5795,US,1,United States,US,US,,39.828175,-98.5795,US,20260914011500,https://www.eurasiareview.com/14092026-nato-allies-build-a-more-resilient-defense-posture/
1322889930,20260914,202609,2026,2026.6959,EUR,EUROPEAN,EUR,,,,,,,,SPY,INTELLIGENCE,,,,,,SPY,,,1,060,060,06,2,6.0,10,1,10,2.13675213675214,1,Germany,GM,GM,,51.5,10.5,GM,1,Germany,GM,GM,,51.5,10.5,GM,1,Germany,GM,GM,,51.5,10.5,GM,20260914011500,https://verticalmag.com/news/european-helicopter-association-ai-need-not-mean-autonomy-but-potential-for-improved-iimc-safety-exists/
1322889931,20260914,202609,2026,2026.6959,FRA,FRANCE,FRA,,,,,,,,,,,,,,,,,,0,040,040,04,1,1.0,1,1,1,3.0718954248366,4,"Paris, France (general), France",FR,FR00,16282,48.8667,2.33333,-1456928,0,,,,,,,,4,"Paris, France (general), France",FR,FR00,16282,48.8667,2.33333,-1456928,20260914011500,https://artdaily.com/news/200195/K20-presents-comprehensive-exhibition-dedicated-to-Expressionist-painter-Franz-Marc
1322889932,20260914,202609,2026,2026.6959,FRA,FRENCH,FRA,,,,,,,,,,,,,,,,,,1,110,110,11,3,-2.0,3,1,3,-4.34153400868307,4,"Paris, France (general), France",FR,FR00,16282,48.8667,2.33333,-1456928,0,,,,,,,,4,"Geneva, Genè, Switzerland",SZ,SZ07,16329,46.1956,6.14811,-2552151,20260914011500,https://www.ibtimes.co.uk/france-regrets-x-post-us-human-rights-dispute-1819437
1322889933,20260914,202609,2026,2026.6959,FRA,FRANCE,FRA,,,,,,,,,,,,,,,,,,1,128,128,12,3,-5.0,2,1,2,1.65094339622642,4,"Paris, France (general), France",FR,FR00,16282,48.8667,2.33333,-1456928,0,,,,,,,,4,"Paris, France (general), France",FR,FR00,16282,48.8667,2.33333,-1456928,20260914011500,https://artdaily.com/news/200204/Almine-Rech-Paris-presents-Leonora-Carrington-solo-exhibition
1322889934,20260914,202609,2026,2026.6959,FRA,FRENCH,FRA,,,,,,,,CHE,GENEVA,CHE,,,,,,,,1,055,055,05,1,7.0,3,1,3,-4.34153400868307,4,"Paris, France (general), France",FR,FR00,16282,48.8667,2.33333,-1456928,4,"Geneva, Genè, Switzerland",SZ,SZ07,16329,46.1956,6.14811,-2552151,4,"Geneva, Genè, Switzerland",SZ,SZ07,16329,46.1956,6.14811,-2552151,20260914011500,https://www.ibtimes.co.uk/france-regrets-x-post-us-human-rights-dispute-1819437
1322889935,20260914,202609,2026,2026.6959,FRA,FRANCE,FRA,,,,,,,,DEU,GERMANY,DEU,,,,,,,,0,040,040,04,1,1.0,1,1,1,3.0718954248366,4,"Paris, France (general), France",FR,FR00,16282,48.8667,2.33333,-1456928,4,"Berlin, Berlin, Germany",GM,GM16,16538,52.5167,13.4,-1746443,4,"Paris, France (general), France",FR,FR00,16282,48.8667,2.33333,-1456928,20260914011500,https://artdaily.com/news/200195/K20-presents-comprehensive-exhibition-dedicated-to-Expressionist-painter-Franz-Marc
1322889936,20260914,202609,2026,2026.6959,FRA,PARIS,FRA,,,,,,,,DEU,GERMANY,DEU,,,,,,,,0,043,043,04,1,2.8,1,1,1,3.0718954248366,4,"Paris, France (general), France",FR,FR00,16282,48.8667,2.33333,-1456928,4,"Munich, Bayern, Germany",GM,GM02,16532,48.15,11.5833,-1829149,4,"Paris, France (general), France",FR,FR00,16282,48.8667,2.33333,-1456928,20260914011500,https://artdaily.com/news/200195/K20-presents-comprehensive-exhibition-dedicated-to-Expressionist-painter-Franz-Marc
1322889937,20260914,202609,2026,2026.6959,FRA,PARIS,FRA,,,,,,,,DEU,GERMANY,DEU,,,,,,,,0,043,043,04,1,2.8,1,1,1,3.0718954248366,4,"Munich, Bayern, Germany",GM,GM02,16532,48.15,11.5833,-1829149,4,"Munich, Bayern, Germany",GM,GM02,16532,48.15,11.5833,-1829149,4,"Munich, Bayern, Germany",GM,GM02,16532,48.15,11.5833,-1829149,20260914011500,https://artdaily.com/news/200195/K20-presents-comprehensive-exhibition-dedicated-to-Expressionist-painter-Franz-Marc
1322889938,20260914,202609,2026,2026.6959,FRA,FRANCE,FRA,,,,,,,,HRI,HUMAN RIGHTS LEADER,,,,,,HRI,,,1,160,160,16,4,-4.0,5,1,5,-4.34153400868307,4,"Paris, France (general), France",FR,FR00,16282,48.8667,2.33333,-1456928,3,"Washington, District of Columbia, United States",US,USDC,DC001,38.8951,-77.0364,531871,3,"Washington, District of Columbia, United States",US,USDC,DC001,38.8951,-77.0364,531871,20260914011500,https://www.ibtimes.co.uk/france-regrets-x-post-us-human-rights-dispute-1819437
1322889939,20260914,202609,2026,2026.6959,FRA,FRANCE,FRA,,,,,,,,USA,UNITED STATES,USA,,,,,,,,1,018,018,01,1,3.4,5,1,5,-4.34153400868307,3,"Washington, District of Columbia, United States",US,USDC,DC001,38.8951,-77.0364,531871,3,"Washington, District of Columbia, United States",US,USDC,DC001,38.8951,-77.0364,531871,3,"Washington, District of Columbia, United States",US,USDC,DC001,38.8951,-77.0364,531871,20260914011500,https://www.ibtimes.co.uk/france-regrets-x-post-us-human-rights-dispute-1819437
1322889940,20260914,202609,2026,2026.6959,FRA,FRENCH,FRA,,,,,,,,USA,WASHINGTON,USA,,,,,,,,1,055,055,05,1,7.0,7,1,7,-4.34153400868307,4,"Paris, France (general), France",FR,FR00,16282,48.8667,2.33333,-1456928,3,"Washington, District of Columbia, United States",US,USDC,DC001,38.8951,-77.0364,531871,4,"Geneva, Genè, Switzerland",SZ,SZ07,16329,46.1956,6.14811,-2552151,20260914011500,https://www.ibtimes.co.uk/france-regrets-x-post-us-human-rights-dispute-1819437
1322889941,20260914,202609,2026,2026.6959,FRA,FRENCH,FRA,,,,,,,,USA,WASHINGTON,USA,,,,,,,,1,110,110,11,3,-2.0,7,1,7,-4.34153400868307,4,"Paris, France (general), France",FR,FR00,16282,48.8667,2.33333,-1456928,3,"Washington, District of Columbia, United States",US,USDC,DC001,38.8951,-77.0364,531871,4,"Geneva, Genè, Switzerland",SZ,SZ07,16329,46.1956,6.14811,-2552151,20260914011500,https://www.ibtimes.co.uk/france-regrets-x-post-us-human-rights-dispute-1819437
1322889942,20260914,202609,2026,2026.6959,FRA,FRANCE,FRA,,,,,,,,USA,UNITED STATES,USA,,,,,,,,1,112,112,11,3,-2.0,5,1,5,-4.34153400868307,4,"Paris, France (general), France",FR,FR00,16282,48.8667,2.33333,-1456928,3,"Washington, District of Columbia, United States",US,USDC,DC001,38.8951,-77.0364,531871,3,"Washington, District of Columbia, United States",US,USDC,DC001,38.8951,-77.0364,531871,20260914011500,https://www.ibtimes.co.uk/france-regrets-x-post-us-human-rights-dispute-1819437
1322889943,20260914,202609,2026,2026.6959,FRAGOV,FRANCE,FRA,,,,,GOV,,,,,,,,,,,,,0,046,046,04,1,7.0,2,1,2,-4.34153400868307,4,"Barrot, Auvergne, France",FR,FR98,16248,46.1026,2.76841,-1410496,0,,,,,,,,4,"Barrot, Auvergne, France",FR,FR98,16248,46.1026,2.76841,-1410496,20260914011500,https://www.ibtimes.co.uk/france-regrets-x-post-us-human-rights-dispute-1819437
1322889944,20260914,202609,2026,2026.6959,FRAMED,AGENCE FRANCE PRESS,FRA,,,,,MED,,,CMR,CAMEROON,CMR,,,,,,,,0,057,057,05,1,8.0,1,1,1,-1.60857908847185,1,Cameroon,CM,CM,,6,12,CM,1,Cameroon,CM,CM,,6,12,CM,1,Cameroon,CM,CM,,6,12,CM,20260914011500,https://www.eurasiareview.com/14092026-deception-leaves-student-fighting-for-life-in-russian-army/
1322889945,20260914,202609,2026,2026.6959,FRAMED,AGENCE FRANCE PRESS,FRA,,,,,MED,,,CMR,CAMEROON,CMR,,,,,,,,0,057,057,05,1,8.0,1,1,1,-1.60857908847185,1,Cameroon,CM,CM,,6,12,CM,1,Cameroon,CM,CM,,6,12,CM,1,Russia,RS,RS,,60,100,RS,20260914011500,https://www.eurasiareview.com/14092026-deception-leaves-student-fighting-for-life-in-russian-army/
1322889946,20260914,202609,2026,2026.6959,GBR,UNITED KINGDOM,GBR,,,,,,,,COP,POLICE,,,,,,COP,,,1,173,173,17,4,-5.0,4,1,4,-8.38574423480081,1,United Kingdom,UK,UK,,54,-4,UK,1,United Kingdom,UK,UK,,54,-4,UK,1,United Kingdom,UK,UK,,54,-4,UK,20260914011500,https://www.dailymail.com/news/article-16128739/Albanian-drug-dealer-entered-Britain-false-identity-spared-jail-partner-suffers-depression-chronic-pain.html
1322889947,20260914,202609,2026,2026.6959,GBR,UNITED KINGDOM,GBR,,,,,,,,CRM,DRUG GANG,,,,,,CRM,,,1,190,190,19,4,-10.0,4,1,4,-8.38574423480081,1,United Kingdom,UK,UK,,54,-4,UK,1,United Kingdom,UK,UK,,54,-4,UK,1,United Kingdom,UK,UK,,54,-4,UK,20260914011500,https://www.dailymail.com/news/article-16128739/Albanian-drug-dealer-entered-Britain-false-identity-spared-jail-partner-suffers-depression-chronic-pain.html
1322889948,20260914,202609,2026,2026.6959,GBR,BIRMINGHAM,GBR,,,,,,,,GBRCOP,BIRMINGHAM,GBR,,,,,COP,,,1,020,020,02,1,3.0,10,1,10,-0.75187969924812,0,,,,,,,,0,,,,,,,,0,,,,,,,,20260914011500,https://www.wbrc.com/2026/09/14/birmingham-police-asking-if-youve-seen-missing-25-year-old-woman/
1322889949,20260914,202609,2026,2026.6959,GBR,BRITISH,GBR,,,,,,,,USA,AMERICAN,USA,,,,,,,,1,110,110,11,3,-2.0,8,1,8,-4.03458213256484,4,"London, London, City of, United Kingdom",UK,UKH9,40110,51.5,-0.116667,-2601889,2,"Delaware, United States",US,USDE,,39.3498,-75.5148,DE,2,"Delaware, United States",US,USDE,,39.3498,-75.5148,DE,20260914011500,https://www.theyeshivaworld.com/news/general/2597639/u-s-secretly-removes-diplomat-from-britain-amid-criminal-investigation.html
1322889950,20260914,202609,2026,2026.6959,GBR,UNITED KINGDOM,GBR,,,,,,,,USA,UNITED STATES,USA,,,,,,,,0,173,173,17,4,-5.0,3,1,3,2.86806883365201,4,"Cambridge, Cambridgeshire, United Kingdom",UK,UKC3,40098,52.2,0.116667,-2591658,3,"Berkeley, California, United States",US,USCA,CA001,37.8716,-122.273,1658037,4,"Cambridge, Cambridgeshire, United Kingdom",UK,UKC3,40098,52.2,0.116667,-2591658,20260914011500,https://artdaily.com/news/200213/Lava-Thomas-debuts-large-scale-portraits-of-post-Emancipation-ancestors-at-Jessica-Silverman
1322889951,20260914,202609,2026,2026.6959,GBR,UNITED KINGDOM,GBR,,,,,,,,USA,UNITED STATES,USA,,,,,,,,0,173,173,17,4,-5.0,2,1,2,2.86806883365201,4,"Cambridge, Cambridgeshire, United Kingdom",UK,UKC3,40098,52.2,0.116667,-2591658,3,"Stanford University, California, United States",US,USCA,,37.4289,-122.17,235365,4,"Cambridge, Cambridgeshire, United Kingdom",UK,UKC3,40098,52.2,0.116667,-2591658,20260914011500,https://artdaily.com/news/200213/Lava-Thomas-debuts-large-scale-portraits-of-post-Emancipation-ancestors-at-Jessica-Silverman
1322889952,20260914,202609,2026,2026.6959,GBR,UNITED KINGDOM,GBR,,,,,,,,USA,UNITED STATES,USA,,,,,,,,0,173,173,17,4,-5.0,1,1,1,2.86806883365201,3,"Washington, District of Columbia, United States",US,USDC,DC001,38.8951,-77.0364,531871,3,"Amon Carter Museum, Texas, United States",US,USTX,,32.7468,-97.3692,2014461,3,"Washington, District of Columbia, United States",US,USDC,DC001,38.8951,-77.0364,531871,20260914011500,https://artdaily.com/news/200213/Lava-Thomas-debuts-large-scale-portraits-of-post-Emancipation-ancestors-at-Jessica-Silverman
1322889953,20260914,202609,2026,2026.6959,GBRBUS,UNITED KINGDOM,GBR,,,,,BUS,,,,,,,,,,,,,1,012,012,01,1,-0.4,2,1,2,0.15948963317384,5,"Essex, Essex, United Kingdom",UK,UKE4,40108,51.8333,0.583333,-2595724,0,,,,,,,,5,"Essex, Essex, United Kingdom",UK,UKE4,40108,51.8333,0.583333,-2595724,20260914011500,https://www.guardian-series.co.uk/news/national/26546536.trump-downplays-ai-risks-things-wont-happen/
1322889954,20260914,202609,2026,2026.6959,GNQ,EQUATORIAL GUINEAN,GNQ,,,,,,,,CMR,CAMEROON,CMR,,,,,,,,1,010,010,01,1,0.0,2,1,2,-1.60857908847185,1,Russia,RS,RS,,60,100,RS,1,Russia,RS,RS,,60,100,RS,1,Russia,RS,RS,,60,100,RS,20260914011500,https://www.eurasiareview.com/14092026-deception-leaves-student-fighting-for-life-in-russian-army/
1322889955,20260914,202609,2026,2026.6959,GNQ,MALABO,GNQ,,,,,,,,CMR,CAMEROONIAN,CMR,,,,,,,,1,112,112,11,3,-2.0,1,1,1,-1.60857908847185,4,"Malabo, Provincia de Bioko Norte, Equatorial Guinea",EK,EK04,18585,3.75,8.78333,-2064461,4,"Malabo, Provincia de Bioko Norte, Equatorial Guinea",EK,EK04,18585,3.75,8.78333,-2064461,4,"Malabo, Provincia de Bioko Norte, Equatorial Guinea",EK,EK04,18585,3.75,8.78333,-2064461,20260914011500,https://www.eurasiareview.com/14092026-deception-leaves-student-fighting-for-life-in-russian-army/
1322889956,20260914,202609,2026,2026.6959,GNQ,MALABO,GNQ,,,,,,,,CMR,CAMEROONIAN,CMR,,,,,,,,1,112,112,11,3,-2.0,3,1,3,-1.60857908847185,4,"Malabo, Provincia de Bioko Norte, Equatorial Guinea",EK,EK04,18585,3.75,8.78333,-2064461,1,Cameroon,CM,CM,,6,12,CM,4,"Malabo, Provincia de Bioko Norte, Equatorial Guinea",EK,EK04,18585,3.75,8.78333,-2064461,20260914011500,https://www.eurasiareview.com/14092026-deception-leaves-student-fighting-for-life-in-russian-army/
1322889957,20260914,202609,2026,2026.6959,GNQ,MALABO,GNQ,,,,,,,,CMR,CAMEROONIAN,CMR,,,,,,,,1,112,112,11,3,-2.0,1,1,1,-1.60857908847185,4,"Malabo, Provincia de Bioko Norte, Equatorial Guinea",EK,EK04,18585,3.75,8.78333,-2064461,1,Cameroon,CM,CM,,6,12,CM,1,Cameroon,CM,CM,,6,12,CM,20260914011500,https://www.eurasiareview.com/14092026-deception-leaves-student-fighting-for-life-in-russian-army/
1322889958,20260914,202609,2026,2026.6959,GNQ,MALABO,GNQ,,,,,,,,CMR,CAMEROONIAN,CMR,,,,,,,,1,112,112,11,3,-2.0,5,1,5,-1.60857908847185,1,Russia,RS,RS,,60,100,RS,1,Russia,RS,RS,,60,100,RS,1,Russia,RS,RS,,60,100,RS,20260914011500,https://www.eurasiareview.com/14092026-deception-leaves-student-fighting-for-life-in-russian-army/
1322889959,20260914,202609,2026,2026.6959,GNQEDU,EQUATORIAL GUINEAN,GNQ,,,,,EDU,,,RUS,RUSSIA,RUS,,,,,,,,1,010,010,01,1,0.0,3,1,3,-1.60857908847185,1,Russia,RS,RS,,60,100,RS,1,Russia,RS,RS,,60,100,RS,1,Russia,RS,RS,,60,100,RS,20260914011500,https://www.eurasiareview.com/14092026-deception-leaves-student-fighting-for-life-in-russian-army/
1322889960,20260914,202609,2026,2026.6959,GOV,FIREFIGHTER,,,,,,GOV,,,,,,,,,,,,,1,010,010,01,1,0.0,10,1,10,-3.52526439482962,4,"Illawarra, Victoria, Australia",AS,AS07,5410,-37.0667,142.7,-1579342,0,,,,,,,,4,"Illawarra, Victoria, Australia",AS,AS07,5410,-37.0667,142.7,-1579342,20260914011500,https://www.southernhighlandnews.com.au/story/9349439/southern-highlands-braces-for-super-el-nino-fire-risk-looms/
1322889961,20260914,202609,2026,2026.6959,GOV,PRESIDENT,,,,,,GOV,,,,,,,,,,,,,1,010,010,01,1,0.0,5,1,5,-1.04861773117255,4,"Brussels, Bruxelles-Capitale, Belgium",BE,BE11,5850,50.8333,4.33333,-1955538,0,,,,,,,,4,"Brussels, Bruxelles-Capitale, Belgium",BE,BE11,5850,50.8333,4.33333,-1955538,20260914011500,https://www.politico.eu/article/ursula-von-der-leyen-state-of-the-union-speech/
1322889962,20260914,202609,2026,2026.6959,GOV,GOVERNMENT,,,,,,GOV,,,,,,,,,,,,,0,010,010,01,1,0.0,6,1,6,1.6895459345301,4,"Ijebu, Nigeria (general), Nigeria",NI,NI00,191253,7.18333,3.4,-2011407,0,,,,,,,,4,"Ijebu, Nigeria (general), Nigeria",NI,NI00,191253,7.18333,3.4,-2011407,20260914011500,https://tribuneonlineng.com/lift-embargo-on-awujales-selection-process-religious-leaders-urge-gov-abiodun/
1322889963,20260914,202609,2026,2026.6959,GOV,GOVERNMENT,,,,,,GOV,,,,,,,,,,,,,0,010,010,01,1,0.0,4,1,4,1.6895459345301,4,"Ijebu Ode, Ogun, Nigeria",NI,NI16,191273,6.81609,3.91588,-2011412,0,,,,,,,,4,"Ijebu Ode, Ogun, Nigeria",NI,NI16,191273,6.81609,3.91588,-2011412,20260914011500,https://tribuneonlineng.com/lift-embargo-on-awujales-selection-process-religious-leaders-urge-gov-abiodun/
1322889964,20260914,202609,2026,2026.6959,GOV,PRESIDENT,,,,,,GOV,,,,,,,,,,,,,1,012,012,01,1,-0.4,10,1,10,4.4496487119438,4,"Jakarta, Jakarta Raya, Indonesia",ID,ID04,18585,-6.17444,106.829,-2679652,0,,,,,,,,4,"Jakarta, Jakarta Raya, Indonesia",ID,ID04,18585,-6.17444,106.829,-2679652,20260914011500,https://en.tempo.co/read/2119504/prabowo-brings-three-key-messages-to-2026-brics-summit
1322889965,20260914,202609,2026,2026.6959,GOV,GOVERNMENT,,,,,,GOV,,,,,,,,,,,,,0,020,020,02,1,3.0,7,1,7,-2.56136606189968,4,"Sydney, New South Wales, Australia",AS,AS02,154637,-33.8833,151.217,-1603135,0,,,,,,,,4,"Sydney, New South Wales, Australia",AS,AS02,154637,-33.8833,151.217,-1603135,20260914011500,https://www.southernhighlandnews.com.au/story/9347511/developer-warns-catastrophe-is-coming-for-wollongong-cbd/
1322889966,20260914,202609,2026,2026.6959,GOV,PRESIDENT,,,,,,GOV,,,,,,,,,,,,,1,020,020,02,1,3.0,4,1,4,-1.04861773117255,1,Canada,CA,CA,,60,-96,CA,0,,,,,,,,1,Canada,CA,CA,,60,-96,CA,20260914011500,https://www.politico.eu/article/ursula-von-der-leyen-state-of-the-union-speech/
1322889967,20260914,202609,2026,2026.6959,GOV,PRESIDENT,,,,,,GOV,,,,,,,,,,,,,1,020,020,02,1,3.0,1,1,1,-1.04861773117255,1,Greece,GR,GR,,39,22,GR,0,,,,,,,,1,Greece,GR,GR,,39,22,GR,20260914011500,https://www.politico.eu/article/ursula-von-der-leyen-state-of-the-union-speech/
1322889968,20260914,202609,2026,2026.6959,GOV,GOVERNMENT,,,,,,GOV,,,,,,,,,,,,,0,0234,023,02,1,3.4,6,1,6,1.6895459345301,4,"Ijebu, Nigeria (general), Nigeria",NI,NI00,191253,7.18333,3.4,-2011407,0,,,,,,,,4,"Ijebu, Nigeria (general), Nigeria",NI,NI00,191253,7.18333,3.4,-2011407,20260914011500,https://tribuneonlineng.com/lift-embargo-on-awujales-selection-process-religious-leaders-urge-gov-abiodun/
1322889969,20260914,202609,2026,2026.6959,GOV,GOVERNMENT,,,,,,GOV,,,,,,,,,,,,,0,0234,023,02,1,3.4,2,1,2,1.6895459345301,4,"Ijebu Ode, Ogun, Nigeria",NI,NI16,191273,6.81609,3.91588,-2011412,0,,,,,,,,4,"Ijebu, Nigeria (general), Nigeria",NI,NI00,191253,7.18333,3.4,-2011407,20260914011500,https://tribuneonlineng.com/lift-embargo-on-awujales-selection-process-religious-leaders-urge-gov-abiodun/
1322889970,20260914,202609,2026,2026.6959,GOV,GOVERNMENT,,,,,,GOV,,,,,,,,,,,,,0,0234,023,02,1,3.4,2,1,2,1.6895459345301,4,"Ijebu Ode, Ogun, Nigeria",NI,NI16,191273,6.81609,3.91588,-2011412,0,,,,,,,,4,"Ijebu Ode, Ogun, Nigeria",NI,NI16,191273,6.81609,3.91588,-2011412,20260914011500,https://tribuneonlineng.com/lift-embargo-on-awujales-selection-process-religious-leaders-urge-gov-abiodun/
1322889971,20260914,202609,2026,2026.6959,GOV,GOVERNOR,,,,,,GOV,,,,,,,,,,,,,0,030,030,03,1,4.0,6,1,6,1.6895459345301,4,"Ijebu Ode, Ogun, Nigeria",NI,NI16,191273,6.81609,3.91588,-2011412,0,,,,,,,,4,"Ijebu Ode, Ogun, Nigeria",NI,NI16,191273,6.81609,3.91588,-2011412,20260914011500,https://tribuneonlineng.com/lift-embargo-on-awujales-selection-process-religious-leaders-urge-gov-abiodun/
1322889972,20260914,202609,2026,2026.6959,GOV,GOVERNOR,,,,,,GOV,,,,,,,,,,,,,0,030,030,03,1,4.0,4,1,4,1.6895459345301,4,"Kaduna, Kaduna, Nigeria",NI,NI23,22832,10.5231,7.44028,-2014086,0,,,,,,,,4,"Kaduna, Kaduna, Nigeria",NI,NI23,22832,10.5231,7.44028,-2014086,20260914011500,https://tribuneonlineng.com/lift-embargo-on-awujales-selection-process-religious-leaders-urge-gov-abiodun/
1322889973,20260914,202609,2026,2026.6959,GOV,GOVERNMENT,,,,,,GOV,,,,,,,,,,,,,0,031,031,03,1,5.2,3,1,3,-1.26782884310618,3,"White House, District of Columbia, United States",US,USDC,,38.8951,-77.0364,531871,0,,,,,,,,3,"White House, District of Columbia, United States",US,USDC,,38.8951,-77.0364,531871,20260914011500,https://www.thedailybeast.com/the-very-worst-trump-cowards-exposed-author/
1322889974,20260914,202609,2026,2026.6959,GOV,PRESIDENT,,,,,,GOV,,,,,,,,,,,,,0,040,040,04,1,1.0,3,1,3,5.8659217877095,4,"Delhi, Delhi, India",IN,IN07,17911,28.6667,77.2167,-2094230,0,,,,,,,,4,"Delhi, Delhi, India",IN,IN07,17911,28.6667,77.2167,-2094230,20260914011500,https://www.eurasiareview.com/14092026-brics-summit-concludes-with-adoption-of-new-delhi-declaration/
1322889975,20260914,202609,2026,2026.6959,GOV,ADMINISTRATION,,,,,,GOV,,,,,,,,,,,,,1,040,040,04,1,1.0,3,1,3,-4.77657935285054,4,"Gulf Of Oman, Iran (general), Iran",IR,IR00,40979,25.4489,57.7939,-3077385,0,,,,,,,,4,"Gulf Of Oman, Iran (general), Iran",IR,IR00,40979,25.4489,57.7939,-3077385,20260914011500,https://www.yahoo.com/news/world/articles/iraq-confirms-attacks-saudi-pipeline-065944052.html
1322889976,20260914,202609,2026,2026.6959,GOV,GOVERNMENT,,,,,,GOV,,,,,,,,,,,,,0,043,043,04,1,2.8,3,1,3,-1.26782884310618,3,"White House, District of Columbia, United States",US,USDC,,38.8951,-77.0364,531871,0,,,,,,,,3,"White House, District of Columbia, United States",US,USDC,,38.8951,-77.0364,531871,20260914011500,https://www.thedailybeast.com/the-very-worst-trump-cowards-exposed-author/
1322889977,20260914,202609,2026,2026.6959,GOV,SECRETARY OF STATE,,,,,,GOV,,,,,,,,,,,,,0,046,046,04,1,7.0,6,1,6,-4.34153400868307,4,"Barrot, Auvergne, France",FR,FR98,16248,46.1026,2.76841,-1410496,0,,,,,,,,3,"Washington, District of Columbia, United States",US,USDC,DC001,38.8951,-77.0364,531871,20260914011500,https://www.ibtimes.co.uk/france-regrets-x-post-us-human-rights-dispute-1819437
1322889978,20260914,202609,2026,2026.6959,GOV,PRESIDENT,,,,,,GOV,,,,,,,,,,,,,0,046,046,04,1,7.0,6,1,6,5.8659217877095,4,"Delhi, Delhi, India",IN,IN07,17911,28.6667,77.2167,-2094230,0,,,,,,,,4,"Delhi, Delhi, India",IN,IN07,17911,28.6667,77.2167,-2094230,20260914011500,https://www.eurasiareview.com/14092026-brics-summit-concludes-with-adoption-of-new-delhi-declaration/
1322889979,20260914,202609,2026,2026.6959,GOV,ADMINISTRATION,,,,,,GOV,,,,,,,,,,,,,1,046,046,04,1,7.0,3,1,3,-4.77657935285054,4,"Gulf Of Oman, Iran (general), Iran",IR,IR00,40979,25.4489,57.7939,-3077385,0,,,,,,,,4,"Gulf Of Oman, Iran (general), Iran",IR,IR00,40979,25.4489,57.7939,-3077385,20260914011500,https://www.yahoo.com/news/world/articles/iraq-confirms-attacks-saudi-pipeline-065944052.html
1322889980,20260914,202609,2026,2026.6959,GOV,GOVERNMENT,,,,,,GOV,,,,,,,,,,,,,0,050,050,05,1,3.5,2,1,2,4.74137931034483,4,"Gwangju, Kwangju-gwangyoksi, South Korea",KS,KS18,24979,35.1547,126.916,-710584,0,,,,,,,,4,"Gwangju, Kwangju-gwangyoksi, South Korea",KS,KS18,24979,35.1547,126.916,-710584,20260914011500,https://www.koreatimes.co.kr/southkorea/education/k-universities/policy-trends/20260914/jeonnam-gwangju-universities-launch-semiconductor-majors-ahead-of-planned-tech-cluster
1322889981,20260914,202609,2026,2026.6959,GOV,GOVERNMENT,,,,,,GOV,,,,,,,,,,,,,0,071,071,07,2,7.4,10,1,10,0.97173144876325,1,South Korea,KS,KS,,37,127.5,KS,0,,,,,,,,1,South Korea,KS,KS,,37,127.5,KS,20260914011500,https://tribune.com.pk/story/2629129/energy-riches-but-poor-masses-of-sindh
1322889982,20260914,202609,2026,2026.6959,GOV,AUTHORITIES,,,,,,GOV,,,,,,,,,,,,,0,073,073,07,2,7.4,10,1,10,-3.9832285115304,4,"Lombok Strait, Indonesia (general), Indonesia",ID,ID00,18585,-8.5,115.833,-2685679,0,,,,,,,,4,"Lombok Strait, Indonesia (general), Indonesia",ID,ID00,18585,-8.5,115.833,-2685679,20260914011500,https://travelweekly.com.au/how-safe-are-indonesian-ferries-safety-body-warns-of-major-issues-days-before-disaster/
1322889983,20260914,202609,2026,2026.6959,GOV,GOVERNMENT,,,,,,GOV,,,,,,,,,,,,,0,080,080,08,2,5.0,3,1,3,-1.26782884310618,3,"White House, District of Columbia, United States",US,USDC,,38.8951,-77.0364,531871,0,,,,,,,,3,"White House, District of Columbia, United States",US,USDC,,38.8951,-77.0364,531871,20260914011500,https://www.thedailybeast.com/the-very-worst-trump-cowards-exposed-author/
1322889984,20260914,202609,2026,2026.6959,GOV,GOVERNMENT,,,,,,GOV,,,,,,,,,,,,,0,090,090,09,2,-2.0,10,1,10,-2.90275761973875,4,"Kathmandu, Bagmati, Nepal",NP,NP01,22353,27.7167,85.3167,-1022136,0,,,,,,,,4,"Kathmandu, Bagmati, Nepal",NP,NP01,22353,27.7167,85.3167,-1022136,20260914011500,https://jowhar.com/nepal-tunnel-survivor-shares-harrowing-ordeal-after-being-given-a-second-chance/
1322889985,20260914,202609,2026,2026.6959,GOV,AUTHORITIES,,,,,,GOV,,,,,,,,,,,,,0,090,090,09,2,-2.0,10,1,10,-3.9832285115304,4,"Lombok Strait, Indonesia (general), Indonesia",ID,ID00,18585,-8.5,115.833,-2685679,0,,,,,,,,4,"Lombok Strait, Indonesia (general), Indonesia",ID,ID00,18585,-8.5,115.833,-2685679,20260914011500,https://travelweekly.com.au/how-safe-are-indonesian-ferries-safety-body-warns-of-major-issues-days-before-disaster/
1322889986,20260914,202609,2026,2026.6959,GOV,PRESIDENT,,,,,,GOV,,,,,,,,,,,,,1,090,090,09,2,-2.0,6,1,6,-6.21468926553672,2,"Minnesota, United States",US,USMN,,45.7326,-93.9196,MN,0,,,,,,,,2,"Minnesota, United States",US,USMN,,45.7326,-93.9196,MN,20260914011500,https://www.theyeshivaworld.com/news/general/2597635/federal-probe-tom-homan-confirms-ongoing-criminal-investigation-involving-ilhan-omar.html
1322889987,20260914,202609,2026,2026.6959,GOV,GOVERNMENT,,,,,,GOV,,,,,,,,,,,,,0,110,110,11,3,-2.0,3,1,3,-1.26782884310618,3,"White House, District of Columbia, United States",US,USDC,,38.8951,-77.0364,531871,0,,,,,,,,3,"White House, District of Columbia, United States",US,USDC,,38.8951,-77.0364,531871,20260914011500,https://www.thedailybeast.com/the-very-worst-trump-cowards-exposed-author/
1322889988,20260914,202609,2026,2026.6959,GOV,PRESIDENT,,,,,,GOV,,,,,,,,,,,,,1,111,111,11,3,-2.0,3,1,3,0.17064846416382,5,"Anambra State, Anambra, Nigeria",NI,NI25,22646,6.33333,7,-1999834,0,,,,,,,,5,"Anambra State, Anambra, Nigeria",NI,NI25,22646,6.33333,7,-1999834,20260914011500,https://tribuneonlineng.com/tinubu-has-already-won-2027-presidential-election-reno-omokri/
1322889989,20260914,202609,2026,2026.6959,GOV,PRESIDENT,,,,,,GOV,,,,,,,,,,,,,1,111,111,11,3,-2.0,2,1,2,0.17064846416382,4,"Katsina, Katsina, Nigeria",NI,NI24,22565,12.9894,7.60063,-2015012,0,,,,,,,,4,"Katsina, Katsina, Nigeria",NI,NI24,22565,12.9894,7.60063,-2015012,20260914011500,https://tribuneonlineng.com/tinubu-has-already-won-2027-presidential-election-reno-omokri/
1322889990,20260914,202609,2026,2026.6959,GOV,PRESIDENT,,,,,,GOV,,,,,,,,,,,,,1,111,111,11,3,-2.0,6,1,6,-3.62173038229376,2,"New York, United States",US,USNY,,42.1497,-74.9384,NY,0,,,,,,,,2,"New York, United States",US,USNY,,42.1497,-74.9384,NY,20260914011500,https://www.theyeshivaworld.com/news/general/2597618/outrage-at-ground-zero-mamdani-and-aoc-seen-laughing-during-solemn-reading-of-9-11-victims-names.html
1322889991,20260914,202609,2026,2026.6959,GOV,GOVERNMENT,,,,,,GOV,,,,,,,,,,,,,1,112,112,11,3,-2.0,10,1,10,1.6895459345301,4,"Ijebu, Nigeria (general), Nigeria",NI,NI00,191253,7.18333,3.4,-2011407,0,,,,,,,,4,"Ijebu, Nigeria (general), Nigeria",NI,NI00,191253,7.18333,3.4,-2011407,20260914011500,https://tribuneonlineng.com/lift-embargo-on-awujales-selection-process-religious-leaders-urge-gov-abiodun/
1322889992,20260914,202609,2026,2026.6959,GOV,ADMINISTRATION,,,,,,GOV,,,,,,,,,,,,,0,120,120,12,3,-4.0,1,1,1,-1.77215189873418,4,"Tehran, Tehran, Iran",IR,IR26,41130,35.75,51.5148,10074674,0,,,,,,,,4,"Tehran, Tehran, Iran",IR,IR26,41130,35.75,51.5148,10074674,20260914011500,https://www.kten.com/news/politics/iran-gulf-talks-without-us-participation-on-reopening-the-strait-of-hormuz-postponed-omani-official/article_f3f2e0bc-f00d-57a3-a290-0791b948ba25.html
1322889993,20260914,202609,2026,2026.6959,GOV,ADMINISTRATION,,,,,,GOV,,,,,,,,,,,,,0,120,120,12,3,-4.0,4,1,4,-1.77215189873418,1,United States,US,US,,39.828175,-98.5795,US,0,,,,,,,,1,United States,US,US,,39.828175,-98.5795,US,20260914011500,https://www.kten.com/news/politics/iran-gulf-talks-without-us-participation-on-reopening-the-strait-of-hormuz-postponed-omani-official/article_f3f2e0bc-f00d-57a3-a290-0791b948ba25.html
1322889994,20260914,202609,2026,2026.6959,GOV,PRESIDENT,,,,,,GOV,,,,,,,,,,,,,0,130,130,13,3,-4.4,3,1,3,-1.26782884310618,3,"White House, District of Columbia, United States",US,USDC,,38.8951,-77.0364,531871,0,,,,,,,,3,"White House, District of Columbia, United States",US,USDC,,38.8951,-77.0364,531871,20260914011500,https://www.thedailybeast.com/the-very-worst-trump-cowards-exposed-author/
1322889995,20260914,202609,2026,2026.6959,GOV,PRESIDENT,,,,,,GOV,,,,,,,,,,,,,0,141,141,14,3,-6.5,8,1,8,0.17064846416382,5,"Anambra State, Anambra, Nigeria",NI,NI25,22646,6.33333,7,-1999834,0,,,,,,,,5,"Anambra State, Anambra, Nigeria",NI,NI25,22646,6.33333,7,-1999834,20260914011500,https://tribuneonlineng.com/tinubu-has-already-won-2027-presidential-election-reno-omokri/
1322889996,20260914,202609,2026,2026.6959,GOV,PRESIDENT,,,,,,GOV,,,,,,,,,,,,,0,141,141,14,3,-6.5,2,1,2,0.17064846416382,5,"Adamawa State, Adamawa, Nigeria",NI,NI35,191126,9.33333,12.5,29565,0,,,,,,,,5,"Adamawa State, Adamawa, Nigeria",NI,NI35,191126,9.33333,12.5,29565,20260914011500,https://tribuneonlineng.com/tinubu-has-already-won-2027-presidential-election-reno-omokri/
1322889997,20260914,202609,2026,2026.6959,GOV,GOVERNMENT,,,,,,GOV,,,,,,,,,,,,,0,172,172,17,4,-5.0,5,1,5,-3.76134889753567,2,"Minnesota, United States",US,USMN,,45.7326,-93.9196,MN,0,,,,,,,,2,"Minnesota, United States",US,USMN,,45.7326,-93.9196,MN,20260914011500,https://www.fox9.com/news/feds-sue-gold-star-distribution-cease-operations-until-company-complies-health-regulations
1322889998,20260914,202609,2026,2026.6959,GOV,AUTHORITIES,,,,,,GOV,,,,,,,,,,,,,1,173,173,17,4,-5.0,3,1,3,-4.6583850931677,3,"Columbia County, Florida, United States",US,USFL,FL023,30.2508,-82.6243,306909,0,,,,,,,,3,"Columbia County, Florida, United States",US,USFL,,30.2508,-82.6243,306909,20260914011500,https://www.theblaze.com/news/17-year-old-florida-male-is-person-of-interest-in-murder-of-his-16-year-old-girlfriend-who-was-7-months-pregnant
1322889999,20260914,202609,2026,2026.6959,GOV,FIRE COMPANY,,,,,,GOV,,,,,,,,,,,,,1,193,193,19,4,-10.0,5,1,5,6.60377358490566,3,"Sacramento, California, United States",US,USCA,CA067,38.5816,-121.494,1659564,0,,,,,,,,3,"Sacramento, California, United States",US,USCA,CA067,38.5816,-121.494,1659564,20260914011500,https://www.republicanherald.com/2026/09/13/calendar-sept-14-2026/
1322890000,20260914,202609,2026,2026.6959,GOV,PRESIDENT,,,,,,GOV,,,AFR,AFRICA,AFR,,,,,,,,0,010,010,01,1,0.0,10,1,10,4.4496487119438,4,"Jakarta, Jakarta Raya, Indonesia",ID,ID04,18585,-6.17444,106.829,-2679652,4,"Jakarta, Jakarta Raya, Indonesia",ID,ID04,18585,-6.17444,106.829,-2679652,4,"Jakarta, Jakarta Raya, Indonesia",ID,ID04,18585,-6.17444,106.829,-2679652,20260914011500,https://en.tempo.co/read/2119504/prabowo-brings-three-key-messages-to-2026-brics-summit
1322890001,20260914,202609,2026,2026.6959,GOV,PRESIDENT,,,,,,GOV,,,AFRBUS,AFRICA,AFR,,,,,BUS,,,0,010,010,01,1,0.0,2,1,2,5.8659217877095,4,"Delhi, Delhi, India",IN,IN07,17911,28.6667,77.2167,-2094230,4,"Delhi, Delhi, India",IN,IN07,17911,28.6667,77.2167,-2094230,4,"Delhi, Delhi, India",IN,IN07,17911,28.6667,77.2167,-2094230,20260914011500,https://www.eurasiareview.com/14092026-brics-summit-concludes-with-adoption-of-new-delhi-declaration/
1322890002,20260914,202609,2026,2026.6959,GOV,PRESIDENT,,,,,,GOV,,,AFRBUS,AFRICA,AFR,,,,,BUS,,,0,010,010,01,1,0.0,4,1,4,5.8659217877095,4,"Delhi, Delhi, India",IN,IN07,17911,28.6667,77.2167,-2094230,1,South Africa,SF,SF,,-30,26,SF,4,"Delhi, Delhi, India",IN,IN07,17911,28.6667,77.2167,-2094230,20260914011500,https://www.eurasiareview.com/14092026-brics-summit-concludes-with-adoption-of-new-delhi-declaration/
1322890003,20260914,202609,2026,2026.6959,GOV,PRESIDENT,,,,,,GOV,,,AFRBUS,AFRICA,AFR,,,,,BUS,,,0,010,010,01,1,0.0,2,1,2,5.8659217877095,1,China,CH,CH,,35,105,CH,1,South Africa,SF,SF,,-30,26,SF,4,"Delhi, Delhi, India",IN,IN07,17911,28.6667,77.2167,-2094230,20260914011500,https://www.eurasiareview.com/14092026-brics-summit-concludes-with-adoption-of-new-delhi-declaration/
1322890004,20260914,202609,2026,2026.6959,GOV,GOVERNMENT,,,,,,GOV,,,AUS,AUSTRALIA,AUS,,,,,,,,0,020,020,02,1,3.0,3,1,3,-2.56136606189968,4,"Sydney, New South Wales, Australia",AS,AS02,154637,-33.8833,151.217,-1603135,4,"Sydney, New South Wales, Australia",AS,AS02,154637,-33.8833,151.217,-1603135,4,"Sydney, New South Wales, Australia",AS,AS02,154637,-33.8833,151.217,-1603135,20260914011500,https://www.southernhighlandnews.com.au/story/9347511/developer-warns-catastrophe-is-coming-for-wollongong-cbd/
1322890005,20260914,202609,2026,2026.6959,GOV,GOVERNMENT,,,,,,GOV,,,AUSGOVBUS,ANTHONY ALBANESE,AUS,,,,,GOV,BUS,,1,010,010,01,1,0.0,10,1,10,-2.04918032786885,4,"Canberra, Australian Capital Territory, Australia",AS,AS01,4940,-35.2833,149.217,-1563952,4,"Canberra, Australian Capital Territory, Australia",AS,AS01,4940,-35.2833,149.217,-1563952,4,"Canberra, Australian Capital Territory, Australia",AS,AS01,4940,-35.2833,149.217,-1563952,20260914011500,https://theshovel.com.au/2026/09/14/fuckwit-whose-entire-salary-is-funded-by-taxpayers-criticises-woman-for-living-in-government-housing/
1322890006,20260914,202609,2026,2026.6959,GOV,GOVERNMENT,,,,,,GOV,,,BUS,TRADER,,,,,,BUS,,,0,012,012,01,1,-0.4,2,1,2,-3.45622119815668,4,"Kachia, Nigeria (general), Nigeria",NI,NI00,191108,9.86667,7.95,-2014015,4,"Kachia, Nigeria (general), Nigeria",NI,NI00,191108,9.86667,7.95,-2014015,4,"Kachia, Nigeria (general), Nigeria",NI,NI00,191108,9.86667,7.95,-2014015,20260914011500,https://tribuneonlineng.com/kaduna-we-lost-200000-cows-50-members-to-banditry-in-eight-months-miyetti-allah/
1322890007,20260914,202609,2026,2026.6959,GOV,ADMINISTRATION,,,,,,GOV,,,BUS,MANUFACTURER,,,,,,BUS,,,0,030,030,03,1,4.0,20,1,20,-0.61823802163833,3,"Washington, District of Columbia, United States",US,USDC,DC001,38.8951,-77.0364,531871,3,"Washington, District of Columbia, United States",US,USDC,DC001,38.8951,-77.0364,531871,3,"Washington, District of Columbia, United States",US,USDC,DC001,38.8951,-77.0364,531871,20260914011500,https://theconservativetreehouse.com/blog/2026/09/13/president-trump-announces-obamacare-refunds/
1322890008,20260914,202609,2026,2026.6959,GOV,GOVERNMENT OFFICIAL,,,,,,GOV,,,CAN,TORONTO,CAN,,,,,,,,0,042,042,04,1,1.9,1,1,1,2.61881668283221,1,Singapore,SN,SN,,1.366667,103.8,SN,1,Singapore,SN,SN,,1.366667,103.8,SN,1,Singapore,SN,SN,,1.366667,103.8,SN,20260914011500,https://financialpost.com/news/carney-touts-new-powerful-confident-canada-to-business-leaders-ahead-of-summit
1322890009,20260914,202609,2026,2026.6959,GOV,PRESIDENT,,,,,,GOV,,,CHN,CHINA,CHN,,,,,,,,0,046,046,04,1,7.0,2,1,2,5.8659217877095,1,China,CH,CH,,35,105,CH,1,China,CH,CH,,35,105,CH,1,China,CH,CH,,35,105,CH,20260914011500,https://www.eurasiareview.com/14092026-brics-summit-concludes-with-adoption-of-new-delhi-declaration/
1322890010,20260914,202609,2026,2026.6959,GOV,AUTHORITIES,,,,,,GOV,,,CVL,ENGINEER,,,,,,CVL,,,0,112,112,11,3,-2.0,10,1,10,-7.35586481113318,2,"Michigan, United States",US,USMI,,43.3504,-84.5603,MI,2,"Michigan, United States",US,USMI,,43.3504,-84.5603,MI,2,"Michigan, United States",US,USMI,,43.3504,-84.5603,MI,20260914011500,https://allhiphop.com/news/exclusive-eminems-stolen-music-case-takes-major-turn-with-new-felony-filing/
1322890011,20260914,202609,2026,2026.6959,GOV,PRESIDENT,,,,,,GOV,,,EDU,UNIVERSITY,,,,,,EDU,,,0,042,042,04,1,1.9,5,1,5,2.35131396957123,1,United States,US,US,,39.828175,-98.5795,US,1,United States,US,US,,39.828175,-98.5795,US,1,United States,US,US,,39.828175,-98.5795,US,20260914011500,https://dailyillini.com/life_and_culture-stories/arts-and-entertainment/2026/09/13/ae-rewind-this-weeks-buzz/
1322890012,20260914,202609,2026,2026.6959,GOV,MAYOR,,,,,,GOV,,,EDU,SCHOOL,,,,,,EDU,,,0,051,051,05,1,3.4,10,1,10,7.56013745704468,0,,,,,,,,0,,,,,,,,0,,,,,,,,20260914011500,https://fox23.com/news/local/tulsa-school-monte-cassino-celebrates-100th-birthday
1322890013,20260914,202609,2026,2026.6959,GOV,SECRETARY OF STATE,,,,,,GOV,,,FRA,FRANCE,FRA,,,,,,,,0,046,046,04,1,7.0,2,1,2,-4.34153400868307,4,"Barrot, Auvergne, France",FR,FR98,16248,46.1026,2.76841,-1410496,4,"Barrot, Auvergne, France",FR,FR98,16248,46.1026,2.76841,-1410496,3,"Washington, District of Columbia, United States",US,USDC,DC001,38.8951,-77.0364,531871,20260914011500,https://www.ibtimes.co.uk/france-regrets-x-post-us-human-rights-dispute-1819437
1322890014,20260914,202609,2026,2026.6959,GOV,DIPLOMAT,,,,,,GOV,,,FRA,FRANCE,FRA,,,,,,,,1,164,164,16,4,-7.0,5,1,5,-4.34153400868307,4,"Paris, France (general), France",FR,FR00,16282,48.8667,2.33333,-1456928,4,"Paris, France (general), France",FR,FR00,16282,48.8667,2.33333,-1456928,4,"Paris, France (general), France",FR,FR00,16282,48.8667,2.33333,-1456928,20260914011500,https://www.ibtimes.co.uk/france-regrets-x-post-us-human-rights-dispute-1819437
1322890015,20260914,202609,2026,2026.6959,GOV,ADMINISTRATION,,,,,,GOV,,,IDN,JAKARTA,IDN,,,,,,,,1,042,042,04,1,1.9,6,1,6,0.58139534883721,4,"Jakarta, Jakarta Raya, Indonesia",ID,ID04,18585,-6.17444,106.829,-2679652,4,"Jakarta, Jakarta Raya, Indonesia",ID,ID04,18585,-6.17444,106.829,-2679652,4,"Jakarta, Jakarta Raya, Indonesia",ID,ID04,18585,-6.17444,106.829,-2679652,20260914011500,http://www.thejakartapost.com/indonesia/2026/09/14/jakarta-to-expand-satpol-pp-amid-staffing-gaps
1322890016,20260914,202609,2026,2026.6959,GOV,STATE SECRETARY,,,,,,GOV,,,IDN,INDONESIA,IDN,,,,,,,,1,043,043,04,1,2.8,1,1,1,4.51612903225806,4,"Jakarta, Jakarta Raya, Indonesia",ID,ID04,18585,-6.17444,106.829,-2679652,4,"Jakarta, Jakarta Raya, Indonesia",ID,ID04,18585,-6.17444,106.829,-2679652,4,"Jakarta, Jakarta Raya, Indonesia",ID,ID04,18585,-6.17444,106.829,-2679652,20260914011500,https://en.tempo.co/read/2119500/prabowo-returns-to-indonesia-after-2026-brics-summit
1322890017,20260914,202609,2026,2026.6959,GOV,STATE SECRETARY,,,,,,GOV,,,IDNGOV,INDONESIA,IDN,,,,,GOV,,,1,043,043,04,1,2.8,1,1,1,4.51612903225806,4,"Halim Perdanakusuma, Jakarta Raya, Indonesia",ID,ID04,18585,-6.2647,106.894,10169008,4,"Halim Perdanakusuma, Jakarta Raya, Indonesia",ID,ID04,18585,-6.2647,106.894,10169008,4,"New Delhi, Delhi, India",IN,IN07,17911,28.6,77.2,-2106102,20260914011500,https://en.tempo.co/read/2119500/prabowo-returns-to-indonesia-after-2026-brics-summit
1322890018,20260914,202609,2026,2026.6959,GOV,ADMINISTRATION,,,,,,GOV,,,IRN,IRAN,IRN,,,,,,,,1,040,040,04,1,1.0,2,1,2,-4.77657935285054,4,"Gulf Of Oman, Iran (general), Iran",IR,IR00,40979,25.4489,57.7939,-3077385,4,"Gulf Of Oman, Iran (general), Iran",IR,IR00,40979,25.4489,57.7939,-3077385,4,"Gulf Of Oman, Iran (general), Iran",IR,IR00,40979,25.4489,57.7939,-3077385,20260914011500,https://www.yahoo.com/news/world/articles/iraq-confirms-attacks-saudi-pipeline-065944052.html
1322890019,20260914,202609,2026,2026.6959,GOV,ADMINISTRATION,,,,,,GOV,,,IRN,IRAN,IRN,,,,,,,,1,046,046,04,1,7.0,2,1,2,-4.77657935285054,4,"Gulf Of Oman, Iran (general), Iran",IR,IR00,40979,25.4489,57.7939,-3077385,4,"Gulf Of Oman, Iran (general), Iran",IR,IR00,40979,25.4489,57.7939,-3077385,4,"Gulf Of Oman, Iran (general), Iran",IR,IR00,40979,25.4489,57.7939,-3077385,20260914011500,https://www.yahoo.com/news/world/articles/iraq-confirms-attacks-saudi-pipeline-065944052.html
1322890020,20260914,202609,2026,2026.6959,GOV,PRIME MINISTER,,,,,,GOV,,,IRN,IRAN,IRN,,,,,,,,0,1014,101,10,3,-5.0,1,1,1,-4.77657935285054,1,Saudi Arabia,SA,SA,,25,45,SA,4,"Gulf Of Oman, Iran (general), Iran",IR,IR00,40979,25.4489,57.7939,-3077385,1,Saudi Arabia,SA,SA,,25,45,SA,20260914011500,https://www.yahoo.com/news/world/articles/iraq-confirms-attacks-saudi-pipeline-065944052.html
1322890021,20260914,202609,2026,2026.6959,GOV,GOVERNMENT,,,,,,GOV,,,IRN,IRAN,IRN,,,,,,,,1,112,112,11,3,-2.0,10,1,10,-6.00328947368421,4,"National University Of Singapore, Singapore (general), Singapore",SN,SN00,18585,1.29611,103.78,30332,4,"National University Of Singapore, Singapore (general), Singapore",SN,SN00,18585,1.29611,103.78,30332,4,"National University Of Singapore, Singapore (general), Singapore",SN,SN00,18585,1.29611,103.78,30332,20260914011500,https://www.eurasiareview.com/14092026-bangladeshs-power-crisis-energy-vulnerability-and-political-consequences-analysis/
1322890022,20260914,202609,2026,2026.6959,GOV,PRESIDENT,,,,,,GOV,,,IRQ,IRAQ,IRQ,,,,,,,,0,010,010,01,1,0.0,1,1,1,-4.36893203883495,3,"White House, District of Columbia, United States",US,USDC,,38.8951,-77.0364,531871,1,Iraq,IZ,IZ,,33,44,IZ,1,Iraq,IZ,IZ,,33,44,IZ,20260914011500,https://www.progressive-charlestown.com/search?updated-max=2026-09-11T16:00:00-04:00&max-results=15
1322890023,20260914,202609,2026,2026.6959,GOV,PRESIDENT,,,,,,GOV,,,IRQ,IRAQ,IRQ,,,,,,,,0,010,010,01,1,0.0,2,1,2,-4.36893203883495,1,Iraq,IZ,IZ,,33,44,IZ,1,Iraq,IZ,IZ,,33,44,IZ,1,Iraq,IZ,IZ,,33,44,IZ,20260914011500,https://www.progressive-charlestown.com/search?updated-max=2026-09-11T16:00:00-04:00&max-results=15
1322890024,20260914,202609,2026,2026.6959,GOV,PRESIDENT,,,,,,GOV,,,IRQ,IRAQ,IRQ,,,,,,,,0,013,013,01,1,0.4,2,1,2,-4.36893203883495,1,Iraq,IZ,IZ,,33,44,IZ,1,Iraq,IZ,IZ,,33,44,IZ,1,Iraq,IZ,IZ,,33,44,IZ,20260914011500,https://www.progressive-charlestown.com/search?updated-max=2026-09-11T16:00:00-04:00&max-results=15
1322890025,20260914,202609,2026,2026.6959,GOV,PRIME MINISTER,,,,,,GOV,,,IRQ,IRAQ,IRQ,,,,,,,,0,1014,101,10,3,-5.0,1,1,1,-4.77657935285054,1,Saudi Arabia,SA,SA,,25,45,SA,5,"Maysan, Maysan, Iraq",IZ,IZ14,36810,32,47,-3108411,5,"Maysan, Maysan, Iraq",IZ,IZ14,36810,32,47,-3108411,20260914011500,https://www.yahoo.com/news/world/articles/iraq-confirms-attacks-saudi-pipeline-065944052.html
1322890026,20260914,202609,2026,2026.6959,GOV,PRIME MINISTER,,,,,,GOV,,,IRQ,IRAQ,IRQ,,,,,,,,0,1014,101,10,3,-5.0,1,1,1,-4.77657935285054,1,Saudi Arabia,SA,SA,,25,45,SA,5,"Maysan, Maysan, Iraq",IZ,IZ14,36810,32,47,-3108411,1,Saudi Arabia,SA,SA,,25,45,SA,20260914011500,https://www.yahoo.com/news/world/articles/iraq-confirms-attacks-saudi-pipeline-065944052.html
1322890027,20260914,202609,2026,2026.6959,GOV,PRESIDENT,,,,,,GOV,,,MIL,COMMANDER,,,,,,MIL,,,1,042,042,04,1,1.9,1,1,1,4.51612903225806,4,"New Delhi, Delhi, India",IN,IN07,17911,28.6,77.2,-2106102,4,"Jakarta, Jakarta Raya, Indonesia",ID,ID04,18585,-6.17444,106.829,-2679652,4,"Jakarta, Jakarta Raya, Indonesia",ID,ID04,18585,-6.17444,106.829,-2679652,20260914011500,https://en.tempo.co/read/2119500/prabowo-returns-to-indonesia-after-2026-brics-summit
1322890028,20260914,202609,2026,2026.6959,GOV,PRESIDENT,,,,,,GOV,,,MIL,COMMANDER,,,,,,MIL,,,1,042,042,04,1,1.9,1,1,1,4.51612903225806,4,"New Delhi, Delhi, India",IN,IN07,17911,28.6,77.2,-2106102,4,"Halim Perdanakusuma, Jakarta Raya, Indonesia",ID,ID04,18585,-6.2647,106.894,10169008,4,"New Delhi, Delhi, India",IN,IN07,17911,28.6,77.2,-2106102,20260914011500,https://en.tempo.co/read/2119500/prabowo-returns-to-indonesia-after-2026-brics-summit
1322890029,20260914,202609,2026,2026.6959,GOV,PRIME MINISTER,,,,,,GOV,,,MIL,COMMANDER,,,,,,MIL,,,0,110,110,11,3,-2.0,4,1,4,-4.77657935285054,1,Saudi Arabia,SA,SA,,25,45,SA,4,"Gulf Of Oman, Iran (general), Iran",IR,IR00,40979,25.4489,57.7939,-3077385,4,"Gulf Of Oman, Iran (general), Iran",IR,IR00,40979,25.4489,57.7939,-3077385,20260914011500,https://www.yahoo.com/news/world/articles/iraq-confirms-attacks-saudi-pipeline-065944052.html
1322890030,20260914,202609,2026,2026.6959,GOV,PRIME MINISTER,,,,,,GOV,,,MOSSHI200,ZAIDI,,,,MOS,SHI,,,,0,1014,101,10,3,-5.0,1,1,1,-4.77657935285054,1,Saudi Arabia,SA,SA,,25,45,SA,1,Saudi Arabia,SA,SA,,25,45,SA,5,"Maysan, Maysan, Iraq",IZ,IZ14,36810,32,47,-3108411,20260914011500,https://www.yahoo.com/news/world/articles/iraq-confirms-attacks-saudi-pipeline-065944052.html
1322890031,20260914,202609,2026,2026.6959,GOV,PRESIDENT,,,,,,GOV,,,NGA,NIGERIA,NGA,,,,,,,,0,032,032,03,1,4.5,4,1,4,3.03030303030303,5,"Zamfara State, Zamfara, Nigeria",NI,NI57,191424,12.1667,6.25,9098622,5,"Zamfara State, Zamfara, Nigeria",NI,NI57,191424,12.1667,6.25,9098622,5,"Zamfara State, Zamfara, Nigeria",NI,NI57,191424,12.1667,6.25,9098622,20260914011500,https://tribuneonlineng.com/matawalle-rallies-support-for-tinubus-anti-banditry-efforts/
1322890032,20260914,202609,2026,2026.6959,GOV,CHIEF EXECUTIVE,,,,,,GOV,,,NGA,NIGERIA,NGA,,,,,,,,1,051,051,05,1,3.4,2,1,2,3.53982300884956,4,"Lagos, Lagos, Nigeria",NI,NI05,191416,6.45306,3.39583,-2017355,4,"Lagos, Lagos, Nigeria",NI,NI05,191416,6.45306,3.39583,-2017355,4,"Lagos, Lagos, Nigeria",NI,NI05,191416,6.45306,3.39583,-2017355,20260914011500,https://tribuneonlineng.com/eyesan-reaffirms-commitment-to-gender-inclusion-in-energy-sector/
1322890033,20260914,202609,2026,2026.6959,GOV,PRESIDENT,,,,,,GOV,,,NGA,NIGERIA,NGA,,,,,,,,0,051,051,05,1,3.4,4,1,4,3.03030303030303,5,"Zamfara State, Zamfara, Nigeria",NI,NI57,191424,12.1667,6.25,9098622,5,"Zamfara State, Zamfara, Nigeria",NI,NI57,191424,12.1667,6.25,9098622,5,"Zamfara State, Zamfara, Nigeria",NI,NI57,191424,12.1667,6.25,9098622,20260914011500,https://tribuneonlineng.com/matawalle-rallies-support-for-tinubus-anti-banditry-efforts/
1322890034,20260914,202609,2026,2026.6959,GOV,KING,,,,,,GOV,,,NGOGOV,ROTARY CLUB,,,,,,NGO,GOV,,1,036,036,03,1,4.0,10,1,10,2.65957446808511,0,,,,,,,,0,,,,,,,,0,,,,,,,,20260914011500,https://www.thestokesnews.com/news/rotary-drawdown-fundraiser-a-success/article_5e70a9f2-1588-4b07-ac99-bde2b47a422f.html
1322890035,20260914,202609,2026,2026.6959,GOV,GOVERNMENT,,,,,,GOV,,,OPP,THE OPPOSITION,,,,,,OPP,,,0,112,112,11,3,-2.0,10,1,10,-6.00328947368421,4,"Hormuz, Fars, Iran",IR,IR07,25307,27.5026,54.2839,-3066743,4,"Hormuz, Fars, Iran",IR,IR07,25307,27.5026,54.2839,-3066743,4,"Hormuz, Fars, Iran",IR,IR07,25307,27.5026,54.2839,-3066743,20260914011500,https://www.eurasiareview.com/14092026-bangladeshs-power-crisis-energy-vulnerability-and-political-consequences-analysis/
1322890036,20260914,202609,2026,2026.6959,GOV,GOVERNMENT,,,,,,GOV,,,PRK,NORTH KOREAN,PRK,,,,,,,,0,130,130,13,3,-4.4,2,1,2,-2.45901639344262,1,Australia,AS,AS,,-25,135,AS,1,North Korea,KN,KN,,40,127,KN,1,South Korea,KS,KS,,37,127.5,KS,20260914011500,https://www.ibtimes.co.uk/north-korea-it-workers-third-country-interview-proxies-1819417
1322890037,20260914,202609,2026,2026.6959,GOV,GOVERNMENT,,,,,,GOV,,,PRK,NORTH KOREA,PRK,,,,,,,,0,130,130,13,3,-4.4,1,1,1,-2.45901639344262,1,Australia,AS,AS,,-25,135,AS,1,South Korea,KS,KS,,37,127.5,KS,1,South Korea,KS,KS,,37,127.5,KS,20260914011500,https://www.ibtimes.co.uk/north-korea-it-workers-third-country-interview-proxies-1819417
1322890038,20260914,202609,2026,2026.6959,GOV,AUTHORITIES,,,,,,GOV,,,PRK,NORTH KOREAN,PRK,,,,,,,,0,130,130,13,3,-4.4,5,1,5,-2.45901639344262,1,North Korea,KN,KN,,40,127,KN,1,North Korea,KN,KN,,40,127,KN,1,North Korea,KN,KN,,40,127,KN,20260914011500,https://www.ibtimes.co.uk/north-korea-it-workers-third-country-interview-proxies-1819417
1322890039,20260914,202609,2026,2026.6959,GOV,GOVERNMENT,,,,,,GOV,,,USA,UNITED STATES,USA,,,,,,,,0,0214,021,02,1,3.4,5,1,5,-3.76134889753567,2,"Minnesota, United States",US,USMN,,45.7326,-93.9196,MN,2,"Minnesota, United States",US,USMN,,45.7326,-93.9196,MN,2,"Minnesota, United States",US,USMN,,45.7326,-93.9196,MN,20260914011500,https://www.fox9.com/news/feds-sue-gold-star-distribution-cease-operations-until-company-complies-health-regulations
1322890040,20260914,202609,2026,2026.6959,GOV,GOVERNMENT,,,,,,GOV,,,USA,UNITED STATES,USA,,,,,,,,0,031,031,03,1,5.2,2,1,2,-1.26782884310618,3,"White House, District of Columbia, United States",US,USDC,,38.8951,-77.0364,531871,3,"White House, District of Columbia, United States",US,USDC,,38.8951,-77.0364,531871,3,"White House, District of Columbia, United States",US,USDC,,38.8951,-77.0364,531871,20260914011500,https://www.thedailybeast.com/the-very-worst-trump-cowards-exposed-author/
1322890041,20260914,202609,2026,2026.6959,GOV,ADMINISTRATION,,,,,,GOV,,,USA,AMERICAN,USA,,,,,,,,1,071,071,07,2,7.4,20,1,20,-0.61823802163833,2,"Alabama, United States",US,USAL,,32.799,-86.8073,AL,2,"Alabama, United States",US,USAL,,32.799,-86.8073,AL,2,"Alabama, United States",US,USAL,,32.799,-86.8073,AL,20260914011500,https://theconservativetreehouse.com/blog/2026/09/13/president-trump-announces-obamacare-refunds/
1322890042,20260914,202609,2026,2026.6959,GOV,PRESIDENT,,,,,,GOV,,,USA,UNITED STATES,USA,,,,,,,,1,090,090,09,2,-2.0,2,1,2,-6.21468926553672,3,"White House, District of Columbia, United States",US,USDC,,38.8951,-77.0364,531871,3,"White House, District of Columbia, United States",US,USDC,,38.8951,-77.0364,531871,3,"White House, District of Columbia, United States",US,USDC,,38.8951,-77.0364,531871,20260914011500,https://www.theyeshivaworld.com/news/general/2597635/federal-probe-tom-homan-confirms-ongoing-criminal-investigation-involving-ilhan-omar.html
1322890043,20260914,202609,2026,2026.6959,GOV,PRESIDENT,,,,,,GOV,,,USA,UNITED STATES,USA,,,,,,,,1,090,090,09,2,-2.0,2,1,2,-6.21468926553672,2,"Minnesota, United States",US,USMN,,45.7326,-93.9196,MN,2,"Minnesota, United States",US,USMN,,45.7326,-93.9196,MN,2,"Minnesota, United States",US,USMN,,45.7326,-93.9196,MN,20260914011500,https://www.theyeshivaworld.com/news/general/2597635/federal-probe-tom-homan-confirms-ongoing-criminal-investigation-involving-ilhan-omar.html
1322890044,20260914,202609,2026,2026.6959,GOV,PRESIDENT,,,,,,GOV,,,USA,UNITED STATES,USA,,,,,,,,1,111,111,11,3,-2.0,2,1,2,-3.62173038229376,2,"New York, United States",US,USNY,,42.1497,-74.9384,NY,2,"New York, United States",US,USNY,,42.1497,-74.9384,NY,2,"New York, United States",US,USNY,,42.1497,-74.9384,NY,20260914011500,https://www.theyeshivaworld.com/news/general/2597618/outrage-at-ground-zero-mamdani-and-aoc-seen-laughing-during-solemn-reading-of-9-11-victims-names.html
1322890045,20260914,202609,2026,2026.6959,GOV,AUTHORITIES,,,,,,GOV,,,USA,UNITED STATES,USA,,,,,,,,1,173,173,17,4,-5.0,1,1,1,-4.6583850931677,3,"Columbia County, Florida, United States",US,USFL,FL023,30.2508,-82.6243,306909,3,"Columbia County, Florida, United States",US,USFL,,30.2508,-82.6243,306909,3,"Columbia County, Florida, United States",US,USFL,,30.2508,-82.6243,306909,20260914011500,https://www.theblaze.com/news/17-year-old-florida-male-is-person-of-interest-in-murder-of-his-16-year-old-girlfriend-who-was-7-months-pregnant
1322890046,20260914,202609,2026,2026.6959,GRC,DORIS,GRC,,,,,,,,,,,,,,,,,,0,036,036,03,1,4.0,10,1,10,8.98203592814371,0,,,,,,,,0,,,,,,,,0,,,,,,,,20260914011500,https://kxly920.com/2026/09/13/spokane-county-interstate-fair-hosts-sensory-day-with-free-activities-quiet-rides/
1322890047,20260914,202609,2026,2026.6959,HLH,PHYSICIAN,,,,,,HLH,,,,,,,,,,,,,0,020,020,02,1,3.0,2,1,2,-0.65274151436031,4,"North Battleford, Saskatchewan, Canada",CA,CA11,154724,52.7667,-108.283,-570278,0,,,,,,,,4,"North Battleford, Saskatchewan, Canada",CA,CA11,154724,52.7667,-108.283,-570278,20260914011500,https://www.cjme.com/2026/09/13/biggar-mom-sounds-alarm-on-pediatric-bed-shortages-in-saskatchewan/
1322890048,20260914,202609,2026,2026.6959,HLH,PHYSICIAN,,,,,,HLH,,,,,,,,,,,,,0,020,020,02,1,3.0,4,1,4,-0.65274151436031,4,"Saskatchewan, Manitoba, Canada",CA,CA03,154724,52.15,-97.7167,-575075,0,,,,,,,,4,"Saskatchewan, Manitoba, Canada",CA,CA03,154724,52.15,-97.7167,-575075,20260914011500,https://www.cjme.com/2026/09/13/biggar-mom-sounds-alarm-on-pediatric-bed-shortages-in-saskatchewan/
1322890049,20260914,202609,2026,2026.6959,HLH,DOCTOR,,,,,,HLH,,,,,,,,,,,,,1,020,020,02,1,3.0,5,1,5,-3.86819484240688,2,"New York, United States",US,USNY,,42.1497,-74.9384,NY,0,,,,,,,,2,"New York, United States",US,USNY,,42.1497,-74.9384,NY,20260914011500,https://www.nzherald.co.nz/lifestyle/how-safe-are-tattoos/premium/PUNNHTD6IRH3JAMTFWU4BUHVVM/
1322890050,20260914,202609,2026,2026.6959,HLH,PHYSICIAN,,,,,,HLH,,,,,,,,,,,,,1,042,042,04,1,1.9,2,1,2,2.19435736677116,3,"Hollywood, California, United States",US,USCA,CA037,34.0983,-118.327,1660757,0,,,,,,,,3,"Hollywood, California, United States",US,USCA,CA037,34.0983,-118.327,1660757,20260914011500,https://www.thenews.com.pk/latest/1416121-jane-seymour-shares-the-unconventional-way-she-and-fianc-celebrate-their-love
1322890051,20260914,202609,2026,2026.6959,HLH,MIDWIFE,,,,,,HLH,,,,,,,,,,,,,0,043,043,04,1,2.8,10,1,10,-2.56183745583039,4,"Abyan, Abyan, Yemen",YM,YM01,32703,13.1658,45.3797,-3182059,0,,,,,,,,4,"Abyan, Abyan, Yemen",YM,YM01,32703,13.1658,45.3797,-3182059,20260914011500,https://www.eurasiareview.com/14092026-married-at-13-pregnant-and-starving-child-brides-of-yemen/
1322890052,20260914,202609,2026,2026.6959,HLH,HOSPITAL,,,,,,HLH,,,,,,,,,,,,,0,050,050,05,1,3.5,2,1,2,6.26262626262626,3,"Haleyville, Alabama, United States",US,USAL,AL133,34.2265,-87.6214,119567,0,,,,,,,,3,"Haleyville, Alabama, United States",US,USAL,AL133,34.2265,-87.6214,119567,20260914011500,https://www.wbrc.com/2026/09/13/lakeland-community-hospital-receives-new-investments-support-rural-health-care-access/
1322890053,20260914,202609,2026,2026.6959,HLH,HOSPITAL,,,,,,HLH,,,,,,,,,,,,,0,050,050,05,1,3.5,8,1,8,6.26262626262626,3,"Winston County, Alabama, United States",US,USAL,AL133,34.1501,-87.3667,161592,0,,,,,,,,3,"Winston County, Alabama, United States",US,USAL,,34.1501,-87.3667,161592,20260914011500,https://www.wbrc.com/2026/09/13/lakeland-community-hospital-receives-new-investments-support-rural-health-care-access/
1322890054,20260914,202609,2026,2026.6959,HLH,HOSPITAL,,,,,,HLH,,,,,,,,,,,,,0,070,070,07,2,7.0,2,1,2,6.26262626262626,3,"Haleyville, Alabama, United States",US,USAL,AL133,34.2265,-87.6214,119567,0,,,,,,,,3,"Winston County, Alabama, United States",US,USAL,,34.1501,-87.3667,161592,20260914011500,https://www.wbrc.com/2026/09/13/lakeland-community-hospital-receives-new-investments-support-rural-health-care-access/
1322890055,20260914,202609,2026,2026.6959,HLH,HOSPITAL,,,,,,HLH,,,,,,,,,,,,,0,070,070,07,2,7.0,8,1,8,6.26262626262626,3,"Winston County, Alabama, United States",US,USAL,AL133,34.1501,-87.3667,161592,0,,,,,,,,3,"Winston County, Alabama, United States",US,USAL,,34.1501,-87.3667,161592,20260914011500,https://www.wbrc.com/2026/09/13/lakeland-community-hospital-receives-new-investments-support-rural-health-care-access/
1322890056,20260914,202609,2026,2026.6959,HLH,PHYSICIAN,,,,,,HLH,,,USA,UNITED STATES,USA,,,,,,,,1,042,042,04,1,1.9,6,1,6,2.19435736677116,3,"Hollywood, California, United States",US,USCA,CA037,34.0983,-118.327,1660757,3,"Hollywood, California, United States",US,USCA,CA037,34.0983,-118.327,1660757,3,"Hollywood, California, United States",US,USCA,CA037,34.0983,-118.327,1660757,20260914011500,https://www.thenews.com.pk/latest/1416121-jane-seymour-shares-the-unconventional-way-she-and-fianc-celebrate-their-love
1322890057,20260914,202609,2026,2026.6959,HLHHLH,HOSPITAL,,,,,,HLH,HLH,,,,,,,,,,,,0,073,073,07,2,7.4,10,1,10,1.71755725190839,0,,,,,,,,0,,,,,,,,0,,,,,,,,20260914011500,https://www.cjme.com/2026/09/13/family-seeks-support-for-16-year-old-girl-who-lost-3-limbs-in-regina-train-incident/
1322890058,20260914,202609,2026,2026.6959,IDN,JAKARTA,IDN,,,,,,,,,,,,,,,,,,1,010,010,01,1,0.0,12,1,12,-1.11749680715198,4,"Jakarta, Jakarta Raya, Indonesia",ID,ID04,18585,-6.17444,106.829,-2679652,0,,,,,,,,4,"Jakarta, Jakarta Raya, Indonesia",ID,ID04,18585,-6.17444,106.829,-2679652,20260914011500,http://www.thejakartapost.com/indonesia/2026/09/14/two-free-meal-poisoning-victims-from-n-sumatra-treated-in-jakarta
1322890059,20260914,202609,2026,2026.6959,IDN,INDONESIA,IDN,,,,,,,,,,,,,,,,,,0,010,010,01,1,0.0,2,1,2,-2.97805642633229,4,"Surabaya, Jawa Timur, Indonesia",ID,ID08,18585,-7.24917,112.751,-2698521,0,,,,,,,,4,"Surabaya, Jawa Timur, Indonesia",ID,ID08,18585,-7.24917,112.751,-2698521,20260914011500,https://jowhar.com/indonesian-ferry-capsizes-six-confirmed-dead-130-still-missing/
1322890060,20260914,202609,2026,2026.6959,IDN,INDONESIA,IDN,,,,,,,,,,,,,,,,,,0,043,043,04,1,2.8,8,1,8,4.51612903225806,4,"Jakarta, Jakarta Raya, Indonesia",ID,ID04,18585,-6.17444,106.829,-2679652,0,,,,,,,,4,"Jakarta, Jakarta Raya, Indonesia",ID,ID04,18585,-6.17444,106.829,-2679652,20260914011500,https://en.tempo.co/read/2119500/prabowo-returns-to-indonesia-after-2026-brics-summit
1322890061,20260914,202609,2026,2026.6959,IDN,INDONESIA,IDN,,,,,,,,,,,,,,,,,,0,043,043,04,1,2.8,2,1,2,4.51612903225806,4,"Halim Perdanakusuma, Jakarta Raya, Indonesia",ID,ID04,18585,-6.2647,106.894,10169008,0,,,,,,,,4,"Halim Perdanakusuma, Jakarta Raya, Indonesia",ID,ID04,18585,-6.2647,106.894,10169008,20260914011500,https://en.tempo.co/read/2119500/prabowo-returns-to-indonesia-after-2026-brics-summit
1322890062,20260914,202609,2026,2026.6959,IDN,INDONESIA,IDN,,,,,,,,,,,,,,,,,,1,073,073,07,2,7.4,5,1,5,-2.97805642633229,4,"Surabaya, Jawa Timur, Indonesia",ID,ID08,18585,-7.24917,112.751,-2698521,0,,,,,,,,4,"Surabaya, Jawa Timur, Indonesia",ID,ID08,18585,-7.24917,112.751,-2698521,20260914011500,https://jowhar.com/indonesian-ferry-capsizes-six-confirmed-dead-130-still-missing/
1322890063,20260914,202609,2026,2026.6959,IDN,INDONESIA,IDN,,,,,,,,,,,,,,,,,,1,190,190,19,4,-10.0,10,1,10,-1.79640718562874,4,"Banten, Sumatera Utara, Indonesia",ID,ID26,18585,3.5263,98.3798,10097572,0,,,,,,,,4,"Banten, Sumatera Utara, Indonesia",ID,ID26,18585,3.5263,98.3798,10097572,20260914011500,http://www.thejakartapost.com/indonesia/2026/09/14/six-killed-129-missing-after-ferry-capsizes-off-java
1322890064,20260914,202609,2026,2026.6959,IDN,INDONESIA,IDN,,,,,,,,,,,,,,,,,,1,192,192,19,4,-9.5,5,1,5,-2.97805642633229,4,"Jakarta, Jakarta Raya, Indonesia",ID,ID04,18585,-6.17444,106.829,-2679652,0,,,,,,,,4,"Jakarta, Jakarta Raya, Indonesia",ID,ID04,18585,-6.17444,106.829,-2679652,20260914011500,https://jowhar.com/indonesian-ferry-capsizes-six-confirmed-dead-130-still-missing/
1322890065,20260914,202609,2026,2026.6959,IDN,INDONESIA,IDN,,,,,,,,AUS,AUSTRALIA,AUS,,,,,,,,0,042,042,04,1,1.9,2,1,2,3.25203252032521,1,Indonesia,ID,ID,,-5,120,ID,4,"Canberra, Australian Capital Territory, Australia",AS,AS01,4940,-35.2833,149.217,-1563952,4,"Canberra, Australian Capital Territory, Australia",AS,AS01,4940,-35.2833,149.217,-1563952,20260914011500,https://www.eurasiareview.com/14092026-australia-thailand-boosting-security-cooperation/
1322890066,20260914,202609,2026,2026.6959,IDN,INDONESIA,IDN,,,,,,,,AUS,AUSTRALIAN,AUS,,,,,,,,1,043,043,04,1,2.8,7,1,7,-3.9832285115304,5,"East Java, Jawa Timur, Indonesia",ID,ID08,18585,-7.7394,112.51,-2679925,1,Australia,AS,AS,,-25,135,AS,1,Australia,AS,AS,,-25,135,AS,20260914011500,https://travelweekly.com.au/how-safe-are-indonesian-ferries-safety-body-warns-of-major-issues-days-before-disaster/
1322890067,20260914,202609,2026,2026.6959,IDN,INDONESIA,IDN,,,,,,,,AUS,AUSTRALIAN,AUS,,,,,,,,1,043,043,04,1,2.8,1,1,1,-3.9832285115304,4,"Ro-Ro, Nusa Tenggara Timur, Indonesia",ID,ID18,18585,-8.9271,121.082,10700466,1,Australia,AS,AS,,-25,135,AS,1,Australia,AS,AS,,-25,135,AS,20260914011500,https://travelweekly.com.au/how-safe-are-indonesian-ferries-safety-body-warns-of-major-issues-days-before-disaster/
1322890068,20260914,202609,2026,2026.6959,IDN,INDONESIAN,IDN,,,,,,,,AUS,AUSTRALIA,AUS,,,,,,,,1,173,173,17,4,-5.0,1,1,1,-3.9832285115304,4,"Bali, Jawa Timur, Indonesia",ID,ID08,18585,-7.1046,112.337,10205777,1,Australia,AS,AS,,-25,135,AS,4,"Bali, Jawa Timur, Indonesia",ID,ID08,18585,-7.1046,112.337,10205777,20260914011500,https://travelweekly.com.au/how-safe-are-indonesian-ferries-safety-body-warns-of-major-issues-days-before-disaster/
1322890069,20260914,202609,2026,2026.6959,IDN,INDONESIAN,IDN,,,,,,,,AUS,AUSTRALIAN,AUS,,,,,,,,1,173,173,17,4,-5.0,7,1,7,-3.9832285115304,4,"Bali, Jawa Timur, Indonesia",ID,ID08,18585,-7.1046,112.337,10205777,1,Australia,AS,AS,,-25,135,AS,1,Australia,AS,AS,,-25,135,AS,20260914011500,https://travelweekly.com.au/how-safe-are-indonesian-ferries-safety-body-warns-of-major-issues-days-before-disaster/
1322890070,20260914,202609,2026,2026.6959,IDN,BALI,IDN,,,,,,,,AUS,PERTH,AUS,,,,,,,,1,182,182,18,4,-9.5,7,1,7,2.56410256410256,4,"Perth, Western Australia, Australia",AS,AS08,5533,-31.9333,115.833,-1594675,4,"Perth, Western Australia, Australia",AS,AS08,5533,-31.9333,115.833,-1594675,4,"Perth, Western Australia, Australia",AS,AS08,5533,-31.9333,115.833,-1594675,20260914011500,https://www.theage.com.au/national/western-australia/wa-news-live-woodside-board-member-quits-after-seven-months-20260914-p60x27.html
1322890071,20260914,202609,2026,2026.6959,IDN,SURABAYA,IDN,,,,,,,,BUS,COMPANY,,,,,,BUS,,,1,046,046,04,1,7.0,10,1,10,-3.9832285115304,4,"Lombok Strait, Indonesia (general), Indonesia",ID,ID00,18585,-8.5,115.833,-2685679,4,"Lombok Strait, Indonesia (general), Indonesia",ID,ID00,18585,-8.5,115.833,-2685679,4,"Lombok Strait, Indonesia (general), Indonesia",ID,ID00,18585,-8.5,115.833,-2685679,20260914011500,https://travelweekly.com.au/how-safe-are-indonesian-ferries-safety-body-warns-of-major-issues-days-before-disaster/
1322890072,20260914,202609,2026,2026.6959,IDN,SURABAYA,IDN,,,,,,,,BUS,COMPANY,,,,,,BUS,,,1,046,046,04,1,7.0,10,1,10,-2.97805642633229,4,"Surabaya, Jawa Timur, Indonesia",ID,ID08,18585,-7.24917,112.751,-2698521,4,"Surabaya, Jawa Timur, Indonesia",ID,ID08,18585,-7.24917,112.751,-2698521,4,"Surabaya, Jawa Timur, Indonesia",ID,ID08,18585,-7.24917,112.751,-2698521,20260914011500,https://jowhar.com/indonesian-ferry-capsizes-six-confirmed-dead-130-still-missing/
1322890073,20260914,202609,2026,2026.6959,IDN,INDONESIA,IDN,,,,,,,,GOV,STATE SECRETARY,,,,,,GOV,,,1,042,042,04,1,1.9,1,1,1,4.51612903225806,4,"Jakarta, Jakarta Raya, Indonesia",ID,ID04,18585,-6.17444,106.829,-2679652,4,"Jakarta, Jakarta Raya, Indonesia",ID,ID04,18585,-6.17444,106.829,-2679652,4,"Jakarta, Jakarta Raya, Indonesia",ID,ID04,18585,-6.17444,106.829,-2679652,20260914011500,https://en.tempo.co/read/2119500/prabowo-returns-to-indonesia-after-2026-brics-summit
1322890074,20260914,202609,2026,2026.6959,IDN,INDONESIA,IDN,,,,,,,,GOV,ADMINISTRATION,,,,,,GOV,,,1,043,043,04,1,2.8,4,1,4,0.58139534883721,4,"Cempaka Putih, Jakarta Raya, Indonesia",ID,ID04,18585,-6.2854,106.763,-2675003,4,"Cempaka Putih, Jakarta Raya, Indonesia",ID,ID04,18585,-6.2854,106.763,-2675003,4,"Cempaka Putih, Jakarta Raya, Indonesia",ID,ID04,18585,-6.2854,106.763,-2675003,20260914011500,http://www.thejakartapost.com/indonesia/2026/09/14/jakarta-to-expand-satpol-pp-amid-staffing-gaps
1322890075,20260914,202609,2026,2026.6959,IDN,JAKARTA,IDN,,,,,,,,GOV,ADMINISTRATION,,,,,,GOV,,,1,043,043,04,1,2.8,2,1,2,0.58139534883721,4,"Jakarta, Jakarta Raya, Indonesia",ID,ID04,18585,-6.17444,106.829,-2679652,4,"Cempaka Putih, Jakarta Raya, Indonesia",ID,ID04,18585,-6.2854,106.763,-2675003,4,"Cempaka Putih, Jakarta Raya, Indonesia",ID,ID04,18585,-6.2854,106.763,-2675003,20260914011500,http://www.thejakartapost.com/indonesia/2026/09/14/jakarta-to-expand-satpol-pp-amid-staffing-gaps
1322890076,20260914,202609,2026,2026.6959,IDN,INDONESIA,IDN,,,,,,,,GOV,PRESIDENT,,,,,,GOV,,,1,051,051,05,1,3.4,2,1,2,4.51612903225806,4,"Jakarta, Jakarta Raya, Indonesia",ID,ID04,18585,-6.17444,106.829,-2679652,4,"New Delhi, Delhi, India",IN,IN07,17911,28.6,77.2,-2106102,4,"New Delhi, Delhi, India",IN,IN07,17911,28.6,77.2,-2106102,20260914011500,https://en.tempo.co/read/2119500/prabowo-returns-to-indonesia-after-2026-brics-summit
1322890077,20260914,202609,2026,2026.6959,IDN,INDONESIA,IDN,,,,,,,,GOV,AUTHORITIES,,,,,,GOV,,,1,073,073,07,2,7.4,5,1,5,-2.97805642633229,4,"Surabaya, Jawa Timur, Indonesia",ID,ID08,18585,-7.24917,112.751,-2698521,4,"Surabaya, Jawa Timur, Indonesia",ID,ID08,18585,-7.24917,112.751,-2698521,4,"Surabaya, Jawa Timur, Indonesia",ID,ID08,18585,-7.24917,112.751,-2698521,20260914011500,https://jowhar.com/indonesian-ferry-capsizes-six-confirmed-dead-130-still-missing/
1322890078,20260914,202609,2026,2026.6959,IDN,INDONESIA,IDN,,,,,,,,GOV,AUTHORITIES,,,,,,GOV,,,1,192,192,19,4,-9.5,5,1,5,-2.97805642633229,4,"Jakarta, Jakarta Raya, Indonesia",ID,ID04,18585,-6.17444,106.829,-2679652,4,"Bali, Jawa Timur, Indonesia",ID,ID08,18585,-7.1046,112.337,10205777,4,"Jakarta, Jakarta Raya, Indonesia",ID,ID04,18585,-6.17444,106.829,-2679652,20260914011500,https://jowhar.com/indonesian-ferry-capsizes-six-confirmed-dead-130-still-missing/
1322890079,20260914,202609,2026,2026.6959,IDN,INDONESIA,IDN,,,,,,,,IDNGOV,INDONESIA,IDN,,,,,GOV,,,1,040,040,04,1,1.0,2,1,2,4.51612903225806,4,"Jakarta, Jakarta Raya, Indonesia",ID,ID04,18585,-6.17444,106.829,-2679652,4,"Jakarta, Jakarta Raya, Indonesia",ID,ID04,18585,-6.17444,106.829,-2679652,4,"New Delhi, Delhi, India",IN,IN07,17911,28.6,77.2,-2106102,20260914011500,https://en.tempo.co/read/2119500/prabowo-returns-to-indonesia-after-2026-brics-summit
1322890080,20260914,202609,2026,2026.6959,IDN,INDONESIA,IDN,,,,,,,,IDNGOV,INDONESIA,IDN,,,,,GOV,,,1,042,042,04,1,1.9,4,1,4,0.58139534883721,4,"Jakarta, Jakarta Raya, Indonesia",ID,ID04,18585,-6.17444,106.829,-2679652,4,"Jakarta, Jakarta Raya, Indonesia",ID,ID04,18585,-6.17444,106.829,-2679652,4,"Jakarta, Jakarta Raya, Indonesia",ID,ID04,18585,-6.17444,106.829,-2679652,20260914011500,http://www.thejakartapost.com/indonesia/2026/09/14/jakarta-to-expand-satpol-pp-amid-staffing-gaps
1322890081,20260914,202609,2026,2026.6959,IDN,INDONESIA,IDN,,,,,,,,IDNGOV,INDONESIA,IDN,,,,,GOV,,,1,046,046,04,1,7.0,2,1,2,4.51612903225806,4,"New Delhi, Delhi, India",IN,IN07,17911,28.6,77.2,-2106102,4,"New Delhi, Delhi, India",IN,IN07,17911,28.6,77.2,-2106102,4,"New Delhi, Delhi, India",IN,IN07,17911,28.6,77.2,-2106102,20260914011500,https://en.tempo.co/read/2119500/prabowo-returns-to-indonesia-after-2026-brics-summit
1322890082,20260914,202609,2026,2026.6959,IDN,INDONESIA,IDN,,,,,,,,IND,NEW DELHI,IND,,,,,,,,1,040,040,04,1,1.0,1,1,1,4.51612903225806,4,"Jakarta, Jakarta Raya, Indonesia",ID,ID04,18585,-6.17444,106.829,-2679652,4,"New Delhi, Delhi, India",IN,IN07,17911,28.6,77.2,-2106102,4,"New Delhi, Delhi, India",IN,IN07,17911,28.6,77.2,-2106102,20260914011500,https://en.tempo.co/read/2119500/prabowo-returns-to-indonesia-after-2026-brics-summit
1322890083,20260914,202609,2026,2026.6959,IDN,JAKARTA,IDN,,,,,,,,IND,NEW DELHI,IND,,,,,,,,1,042,042,04,1,1.9,3,1,3,4.51612903225806,4,"New Delhi, Delhi, India",IN,IN07,17911,28.6,77.2,-2106102,4,"Jakarta, Jakarta Raya, Indonesia",ID,ID04,18585,-6.17444,106.829,-2679652,4,"New Delhi, Delhi, India",IN,IN07,17911,28.6,77.2,-2106102,20260914011500,https://en.tempo.co/read/2119500/prabowo-returns-to-indonesia-after-2026-brics-summit
1322890084,20260914,202609,2026,2026.6959,IDN,JAKARTA,IDN,,,,,,,,IND,NEW DELHI,IND,,,,,,,,1,042,042,04,1,1.9,2,1,2,4.51612903225806,4,"Halim Perdanakusuma, Jakarta Raya, Indonesia",ID,ID04,18585,-6.2647,106.894,10169008,4,"Halim Perdanakusuma, Jakarta Raya, Indonesia",ID,ID04,18585,-6.2647,106.894,10169008,4,"New Delhi, Delhi, India",IN,IN07,17911,28.6,77.2,-2106102,20260914011500,https://en.tempo.co/read/2119500/prabowo-returns-to-indonesia-after-2026-brics-summit
1322890085,20260914,202609,2026,2026.6959,IDN,INDONESIA,IDN,,,,,,,,JPN,JAPAN,JPN,,,,,,,,0,042,042,04,1,1.9,2,1,2,3.25203252032521,1,Indonesia,ID,ID,,-5,120,ID,1,Japan,JA,JA,,36,138,JA,4,"Canberra, Australian Capital Territory, Australia",AS,AS01,4940,-35.2833,149.217,-1563952,20260914011500,https://www.eurasiareview.com/14092026-australia-thailand-boosting-security-cooperation/
1322890086,20260914,202609,2026,2026.6959,IDN,KALIMANTAN,IDN,,,,,,,,MYSEDU,MALAYSIA,MYS,,,,,EDU,,,1,1721,172,17,4,-5.0,10,1,10,1,4,"Kalimantan, Indonesia (general), Indonesia",ID,ID00,18585,1.61667,109.183,-2680735,1,Malaysia,MY,MY,,2.5,112.5,MY,4,"Kalimantan, Indonesia (general), Indonesia",ID,ID00,18585,1.61667,109.183,-2680735,20260914011500,http://www.thejakartapost.com/opinion/2026/09/14/the-benefit-of-the-doubt-has-expired
1322890087,20260914,202609,2026,2026.6959,IDNCOP,RIAU,IDN,,,,,COP,,,COP,NATIONAL POLICE,,,,,,COP,,,1,042,042,04,1,1.9,4,1,4,-1.45348837209303,4,"Riau, Indonesia (general), Indonesia",ID,ID00,18585,-1.71667,105.933,-2694169,4,"Riau, Indonesia (general), Indonesia",ID,ID00,18585,-1.71667,105.933,-2694169,4,"Pelalawan, Riau, Indonesia",ID,ID37,18585,0.45,102.083,-2691901,20260914011500,http://www.thejakartapost.com/indonesia/2026/09/14/police-tests-x-fire-to-fight-forest-fires-at-peatland-in-riau
1322890088,20260914,202609,2026,2026.6959,IDNCOP,RIAU,IDN,,,,,COP,,,COP,NATIONAL POLICE,,,,,,COP,,,1,042,042,04,1,1.9,3,1,3,-1.45348837209303,4,"Riau, Indonesia (general), Indonesia",ID,ID00,18585,-1.71667,105.933,-2694169,4,"Riau, Indonesia (general), Indonesia",ID,ID00,18585,-1.71667,105.933,-2694169,4,"Riau, Indonesia (general), Indonesia",ID,ID00,18585,-1.71667,105.933,-2694169,20260914011500,http://www.thejakartapost.com/indonesia/2026/09/14/police-tests-x-fire-to-fight-forest-fires-at-peatland-in-riau
1322890089,20260914,202609,2026,2026.6959,IDNCOP,RIAU,IDN,,,,,COP,,,IDN,INDONESIA,IDN,,,,,,,,1,190,190,19,4,-10.0,6,1,6,-1.45348837209303,4,"Riau, Indonesia (general), Indonesia",ID,ID00,18585,-1.71667,105.933,-2694169,4,"Pelalawan, Riau, Indonesia",ID,ID37,18585,0.45,102.083,-2691901,4,"Pelalawan, Riau, Indonesia",ID,ID37,18585,0.45,102.083,-2691901,20260914011500,http://www.thejakartapost.com/indonesia/2026/09/14/police-tests-x-fire-to-fight-forest-fires-at-peatland-in-riau
1322890090,20260914,202609,2026,2026.6959,IDNCOP,RIAU,IDN,,,,,COP,,,IDN,RIAU,IDN,,,,,,,,1,190,190,19,4,-10.0,1,1,1,-1.45348837209303,4,"Riau, Indonesia (general), Indonesia",ID,ID00,18585,-1.71667,105.933,-2694169,4,"Riau, Indonesia (general), Indonesia",ID,ID00,18585,-1.71667,105.933,-2694169,4,"Pelalawan, Riau, Indonesia",ID,ID37,18585,0.45,102.083,-2691901,20260914011500,http://www.thejakartapost.com/indonesia/2026/09/14/police-tests-x-fire-to-fight-forest-fires-at-peatland-in-riau
1322890091,20260914,202609,2026,2026.6959,IDNGOV,INDONESIA,IDN,,,,,GOV,,,,,,,,,,,,,1,040,040,04,1,1.0,2,1,2,4.51612903225806,4,"Jakarta, Jakarta Raya, Indonesia",ID,ID04,18585,-6.17444,106.829,-2679652,0,,,,,,,,4,"New Delhi, Delhi, India",IN,IN07,17911,28.6,77.2,-2106102,20260914011500,https://en.tempo.co/read/2119500/prabowo-returns-to-indonesia-after-2026-brics-summit
1322890092,20260914,202609,2026,2026.6959,IDNGOV,INDONESIA,IDN,,,,,GOV,,,,,,,,,,,,,1,046,046,04,1,7.0,2,1,2,4.51612903225806,4,"New Delhi, Delhi, India",IN,IN07,17911,28.6,77.2,-2106102,0,,,,,,,,4,"New Delhi, Delhi, India",IN,IN07,17911,28.6,77.2,-2106102,20260914011500,https://en.tempo.co/read/2119500/prabowo-returns-to-indonesia-after-2026-brics-summit
1322890093,20260914,202609,2026,2026.6959,IDNGOV,INDONESIA,IDN,,,,,GOV,,,GOV,STATE SECRETARY,,,,,,GOV,,,1,042,042,04,1,1.9,1,1,1,4.51612903225806,4,"Halim Perdanakusuma, Jakarta Raya, Indonesia",ID,ID04,18585,-6.2647,106.894,10169008,4,"Halim Perdanakusuma, Jakarta Raya, Indonesia",ID,ID04,18585,-6.2647,106.894,10169008,4,"New Delhi, Delhi, India",IN,IN07,17911,28.6,77.2,-2106102,20260914011500,https://en.tempo.co/read/2119500/prabowo-returns-to-indonesia-after-2026-brics-summit
1322890094,20260914,202609,2026,2026.6959,IDNGOV,INDONESIA,IDN,,,,,GOV,,,GOV,PRESIDENT,,,,,,GOV,,,1,051,051,05,1,3.4,2,1,2,4.51612903225806,4,"Halim Perdanakusuma, Jakarta Raya, Indonesia",ID,ID04,18585,-6.2647,106.894,10169008,4,"New Delhi, Delhi, India",IN,IN07,17911,28.6,77.2,-2106102,4,"New Delhi, Delhi, India",IN,IN07,17911,28.6,77.2,-2106102,20260914011500,https://en.tempo.co/read/2119500/prabowo-returns-to-indonesia-after-2026-brics-summit
1322890095,20260914,202609,2026,2026.6959,IDNGOV,INDONESIA,IDN,,,,,GOV,,,IDN,INDONESIA,IDN,,,,,,,,1,043,043,04,1,2.8,4,1,4,0.58139534883721,4,"Cempaka Putih, Jakarta Raya, Indonesia",ID,ID04,18585,-6.2854,106.763,-2675003,4,"Jakarta, Jakarta Raya, Indonesia",ID,ID04,18585,-6.17444,106.829,-2679652,4,"Cempaka Putih, Jakarta Raya, Indonesia",ID,ID04,18585,-6.2854,106.763,-2675003,20260914011500,http://www.thejakartapost.com/indonesia/2026/09/14/jakarta-to-expand-satpol-pp-amid-staffing-gaps
1322890096,20260914,202609,2026,2026.6959,IDNGOV,INDONESIAN,IDN,,,,,GOV,,,IND,NEW DELHI,IND,,,,,,,,1,040,040,04,1,1.0,3,1,3,4.51612903225806,4,"Jakarta, Jakarta Raya, Indonesia",ID,ID04,18585,-6.17444,106.829,-2679652,4,"New Delhi, Delhi, India",IN,IN07,17911,28.6,77.2,-2106102,4,"New Delhi, Delhi, India",IN,IN07,17911,28.6,77.2,-2106102,20260914011500,https://en.tempo.co/read/2119500/prabowo-returns-to-indonesia-after-2026-brics-summit
1322890097,20260914,202609,2026,2026.6959,IDNGOV,INDONESIAN,IDN,,,,,GOV,,,IND,NEW DELHI,IND,,,,,,,,1,042,042,04,1,1.9,1,1,1,4.51612903225806,4,"New Delhi, Delhi, India",IN,IN07,17911,28.6,77.2,-2106102,4,"Jakarta, Jakarta Raya, Indonesia",ID,ID04,18585,-6.17444,106.829,-2679652,4,"New Delhi, Delhi, India",IN,IN07,17911,28.6,77.2,-2106102,20260914011500,https://en.tempo.co/read/2119500/prabowo-returns-to-indonesia-after-2026-brics-summit
1322890098,20260914,202609,2026,2026.6959,IDNGOV,INDONESIAN,IDN,,,,,GOV,,,IND,NEW DELHI,IND,,,,,,,,1,042,042,04,1,1.9,3,1,3,4.51612903225806,4,"Jakarta, Jakarta Raya, Indonesia",ID,ID04,18585,-6.17444,106.829,-2679652,4,"New Delhi, Delhi, India",IN,IN07,17911,28.6,77.2,-2106102,4,"New Delhi, Delhi, India",IN,IN07,17911,28.6,77.2,-2106102,20260914011500,https://en.tempo.co/read/2119500/prabowo-returns-to-indonesia-after-2026-brics-summit
1322890099,20260914,202609,2026,2026.6959,IGOREFIOM,INTERNATIONAL ORGANIZATION FOR MIGRATION,,IOM,,,,IGO,REF,,,,,,,,,,,,0,0874,087,08,2,10.0,10,1,10,-4.77657935285054,1,Saudi Arabia,SA,SA,,25,45,SA,0,,,,,,,,1,Lebanon,LE,LE,,33.833333,35.833333,LE,20260914011500,https://www.yahoo.com/news/world/articles/iraq-confirms-attacks-saudi-pipeline-065944052.html
1322890100,20260914,202609,2026,2026.6959,IGOSEAASN,ASSOCIATION OF SOUTHEAST ASIAN NATIONS,SEA,ASN,,,,IGO,,,,,,,,,,,,,0,020,020,02,1,3.0,5,1,5,3.25203252032521,4,"Bangkok, Krung Thep Mahanakhon, Thailand",TH,TH40,26423,13.75,100.517,-3250083,0,,,,,,,,4,"Bangkok, Krung Thep Mahanakhon, Thailand",TH,TH40,26423,13.75,100.517,-3250083,20260914011500,https://www.eurasiareview.com/14092026-australia-thailand-boosting-security-cooperation/
1322890101,20260914,202609,2026,2026.6959,IGOSEAASN,ASSOCIATION OF SOUTHEAST ASIAN NATIONS,SEA,ASN,,,,IGO,,,THA,THAILAND,THA,,,,,,,,0,020,020,02,1,3.0,5,1,5,3.25203252032521,4,"Bangkok, Krung Thep Mahanakhon, Thailand",TH,TH40,26423,13.75,100.517,-3250083,4,"Bangkok, Krung Thep Mahanakhon, Thailand",TH,TH40,26423,13.75,100.517,-3250083,4,"Bangkok, Krung Thep Mahanakhon, Thailand",TH,TH40,26423,13.75,100.517,-3250083,20260914011500,https://www.eurasiareview.com/14092026-australia-thailand-boosting-security-cooperation/
1322890102,20260914,202609,2026,2026.6959,IND,NEW DELHI,IND,,,,,,,,,,,,,,,,,,1,010,010,01,1,0.0,1,1,1,5.8659217877095,4,"Delhi, Delhi, India",IN,IN07,17911,28.6667,77.2167,-2094230,0,,,,,,,,4,"Delhi, Delhi, India",IN,IN07,17911,28.6667,77.2167,-2094230,20260914011500,https://www.eurasiareview.com/14092026-brics-summit-concludes-with-adoption-of-new-delhi-declaration/
1322890103,20260914,202609,2026,2026.6959,IND,NEW DELHI,IND,,,,,,,,CHNGOV,XI JINPING,CHN,,,,,GOV,,,1,043,043,04,1,2.8,2,1,2,-1.40515222482435,4,"New Delhi, Delhi, India",IN,IN07,17911,28.6,77.2,-2106102,4,"New Delhi, Delhi, India",IN,IN07,17911,28.6,77.2,-2106102,4,"New Delhi, Delhi, India",IN,IN07,17911,28.6,77.2,-2106102,20260914011500,https://newsindiatimes.com/indias-modi-and-chinas-xi-push-business-links-border-peace-as-ties-revive/
1322890104,20260914,202609,2026,2026.6959,IND,NEW DELHI,IND,,,,,,,,CHNGOV,XI JINPING,CHN,,,,,GOV,,,1,043,043,04,1,2.8,4,1,4,-1.40515222482435,4,"New Delhi, Delhi, India",IN,IN07,17911,28.6,77.2,-2106102,1,China,CH,CH,,35,105,CH,1,China,CH,CH,,35,105,CH,20260914011500,https://newsindiatimes.com/indias-modi-and-chinas-xi-push-business-links-border-peace-as-ties-revive/
1322890105,20260914,202609,2026,2026.6959,IND,NEW DELHI,IND,,,,,,,,GOV,SOVEREIGN,,,,,,GOV,,,1,010,010,01,1,0.0,1,1,1,5.8659217877095,4,"Delhi, Delhi, India",IN,IN07,17911,28.6667,77.2167,-2094230,4,"Delhi, Delhi, India",IN,IN07,17911,28.6667,77.2167,-2094230,4,"Delhi, Delhi, India",IN,IN07,17911,28.6667,77.2167,-2094230,20260914011500,https://www.eurasiareview.com/14092026-brics-summit-concludes-with-adoption-of-new-delhi-declaration/
1322890106,20260914,202609,2026,2026.6959,IND,NEW DELHI,IND,,,,,,,,GOV,SOVEREIGN,,,,,,GOV,,,1,010,010,01,1,0.0,1,1,1,5.8659217877095,1,China,CH,CH,,35,105,CH,4,"Delhi, Delhi, India",IN,IN07,17911,28.6667,77.2167,-2094230,4,"Delhi, Delhi, India",IN,IN07,17911,28.6667,77.2167,-2094230,20260914011500,https://www.eurasiareview.com/14092026-brics-summit-concludes-with-adoption-of-new-delhi-declaration/
1322890107,20260914,202609,2026,2026.6959,IND,NEW DELHI,IND,,,,,,,,GOV,SOVEREIGN,,,,,,GOV,,,1,010,010,01,1,0.0,1,1,1,5.8659217877095,1,China,CH,CH,,35,105,CH,4,"Delhi, Delhi, India",IN,IN07,17911,28.6667,77.2167,-2094230,1,China,CH,CH,,35,105,CH,20260914011500,https://www.eurasiareview.com/14092026-brics-summit-concludes-with-adoption-of-new-delhi-declaration/
1322890108,20260914,202609,2026,2026.6959,IND,NEW DELHI,IND,,,,,,,,IDN,JAKARTA,IDN,,,,,,,,1,043,043,04,1,2.8,5,1,5,4.51612903225806,4,"New Delhi, Delhi, India",IN,IN07,17911,28.6,77.2,-2106102,4,"Jakarta, Jakarta Raya, Indonesia",ID,ID04,18585,-6.17444,106.829,-2679652,4,"Jakarta, Jakarta Raya, Indonesia",ID,ID04,18585,-6.17444,106.829,-2679652,20260914011500,https://en.tempo.co/read/2119500/prabowo-returns-to-indonesia-after-2026-brics-summit
1322890109,20260914,202609,2026,2026.6959,IND,NEW DELHI,IND,,,,,,,,IDNGOV,INDONESIAN,IDN,,,,,GOV,,,1,043,043,04,1,2.8,3,1,3,4.51612903225806,4,"New Delhi, Delhi, India",IN,IN07,17911,28.6,77.2,-2106102,4,"Jakarta, Jakarta Raya, Indonesia",ID,ID04,18585,-6.17444,106.829,-2679652,4,"New Delhi, Delhi, India",IN,IN07,17911,28.6,77.2,-2106102,20260914011500,https://en.tempo.co/read/2119500/prabowo-returns-to-indonesia-after-2026-brics-summit
1322890110,20260914,202609,2026,2026.6959,IND,NEW DELHI,IND,,,,,,,,IDNGOV,INDONESIAN,IDN,,,,,GOV,,,1,043,043,04,1,2.8,1,1,1,4.51612903225806,4,"New Delhi, Delhi, India",IN,IN07,17911,28.6,77.2,-2106102,4,"Jakarta, Jakarta Raya, Indonesia",ID,ID04,18585,-6.17444,106.829,-2679652,4,"Jakarta, Jakarta Raya, Indonesia",ID,ID04,18585,-6.17444,106.829,-2679652,20260914011500,https://en.tempo.co/read/2119500/prabowo-returns-to-indonesia-after-2026-brics-summit
1322890111,20260914,202609,2026,2026.6959,IND,NEW DELHI,IND,,,,,,,,IRN,IRANIAN,IRN,,,,,,,,1,050,050,05,1,3.5,1,1,1,-2.52707581227437,4,"New Delhi, Delhi, India",IN,IN07,17911,28.6,77.2,-2106102,4,"New Delhi, Delhi, India",IN,IN07,17911,28.6,77.2,-2106102,4,"New Delhi, Delhi, India",IN,IN07,17911,28.6,77.2,-2106102,20260914011500,https://tribune.com.pk/story/2629155/tehran-ties-hormuz-reopening-to-us-pledges
1322890112,20260914,202609,2026,2026.6959,IND,NEW DELHI,IND,,,,,,,,IRN,IRANIAN,IRN,,,,,,,,1,050,050,05,1,3.5,1,1,1,-2.52707581227437,4,"New Delhi, Delhi, India",IN,IN07,17911,28.6,77.2,-2106102,4,"Tehran, Tehran, Iran",IR,IR26,41130,35.75,51.5148,10074674,4,"New Delhi, Delhi, India",IN,IN07,17911,28.6,77.2,-2106102,20260914011500,https://tribune.com.pk/story/2629155/tehran-ties-hormuz-reopening-to-us-pledges
1322890113,20260914,202609,2026,2026.6959,IND,NEW DELHI,IND,,,,,,,,MIL,MILITARY BASE,,,,,,MIL,,,1,120,120,12,3,-4.0,2,1,2,-2.52707581227437,4,"New Delhi, Delhi, India",IN,IN07,17911,28.6,77.2,-2106102,4,"Tehran, Tehran, Iran",IR,IR26,41130,35.75,51.5148,10074674,4,"Tehran, Tehran, Iran",IR,IR26,41130,35.75,51.5148,10074674,20260914011500,https://tribune.com.pk/story/2629155/tehran-ties-hormuz-reopening-to-us-pledges
1322890114,20260914,202609,2026,2026.6959,INT,FOREIGN NATIONAL,,,,,,INT,,,CHN,CHINA,CHN,,,,,,,,0,042,042,04,1,1.9,5,1,5,3,4,"Beijing, Beijing, China",CH,CH22,13001,39.9289,116.388,-1898541,4,"Beijing, Beijing, China",CH,CH22,13001,39.9289,116.388,-1898541,4,"Beijing, Beijing, China",CH,CH22,13001,39.9289,116.388,-1898541,20260914011500,http://en.people.cn/n3/2026/0914/c90000-20499213.html
1322890115,20260914,202609,2026,2026.6959,IRL,IRELAND,IRL,,,,,,,,,,,,,,,,,,1,051,051,05,1,3.4,5,1,5,1.59574468085106,1,Iran,IR,IR,,32,53,IR,0,,,,,,,,1,Argentina,AR,AR,,-34,-64,AR,20260914011500,http://www.washingtonexaminer.com/news/white-house/4725304/trump-lifts-tariff-irish-whiskey/
1322890116,20260914,202609,2026,2026.6959,IRL,IRELAND,IRL,,,,,,,,IRN,IRAN,IRN,,,,,,,,0,043,043,04,1,2.8,1,1,1,-2.08695652173913,4,"Tehran, Tehran, Iran",IR,IR26,41130,35.75,51.5148,10074674,4,"Tehran, Tehran, Iran",IR,IR26,41130,35.75,51.5148,10074674,4,"Tehran, Tehran, Iran",IR,IR26,41130,35.75,51.5148,10074674,20260914011500,https://www.eurasiareview.com/14092026-meeting-in-oman-between-iran-gulf-states-postponed-await-more-conducive-conditions/
1322890117,20260914,202609,2026,2026.6959,IRL,IRELAND,IRL,,,,,,,,IRN,IRAN,IRN,,,,,,,,0,043,043,04,1,2.8,1,1,1,-2.08695652173913,1,Ireland,EI,EI,,53,-8,EI,4,"Tehran, Tehran, Iran",IR,IR26,41130,35.75,51.5148,10074674,1,Ireland,EI,EI,,53,-8,EI,20260914011500,https://www.eurasiareview.com/14092026-meeting-in-oman-between-iran-gulf-states-postponed-await-more-conducive-conditions/
1322890118,20260914,202609,2026,2026.6959,IRN,IRAN,IRN,,,,,,,,,,,,,,,,,,0,012,012,01,1,-0.4,10,1,10,-1.77215189873418,4,"Tehran, Tehran, Iran",IR,IR26,41130,35.75,51.5148,10074674,0,,,,,,,,4,"Tehran, Tehran, Iran",IR,IR26,41130,35.75,51.5148,10074674,20260914011500,https://www.kten.com/news/politics/iran-gulf-talks-without-us-participation-on-reopening-the-strait-of-hormuz-postponed-omani-official/article_f3f2e0bc-f00d-57a3-a290-0791b948ba25.html
1322890119,20260914,202609,2026,2026.6959,IRN,IRAN,IRN,,,,,,,,,,,,,,,,,,1,020,020,02,1,3.0,13,2,13,-2.42550982215085,4,"Tehran, Tehran, Iran",IR,IR26,41130,35.75,51.5148,10074674,0,,,,,,,,4,"Tehran, Tehran, Iran",IR,IR26,41130,35.75,51.5148,10074674,20260914011500,https://tribune.com.pk/story/2629155/tehran-ties-hormuz-reopening-to-us-pledges
1322890120,20260914,202609,2026,2026.6959,IRN,IRAN,IRN,,,,,,,,,,,,,,,,,,1,045,045,04,1,5.0,2,1,2,-12.0845921450151,1,Iran,IR,IR,,32,53,IR,0,,,,,,,,1,Iran,IR,IR,,32,53,IR,20260914011500,https://www.theyeshivaworld.com/news/israel-news/2597577/iran-in-turmoil-generals-threaten-to-resign-as-bitter-infighting-erupts-at-top-of-regime.html
1322890121,20260914,202609,2026,2026.6959,IRN,IRAN,IRN,,,,,,,,,,,,,,,,,,0,120,120,12,3,-4.0,1,1,1,-2.52707581227437,1,Israel,IS,IS,,31.5,34.75,IS,0,,,,,,,,4,"Tehran, Tehran, Iran",IR,IR26,41130,35.75,51.5148,10074674,20260914011500,https://tribune.com.pk/story/2629155/tehran-ties-hormuz-reopening-to-us-pledges
1322890122,20260914,202609,2026,2026.6959,IRN,IRAN,IRN,,,,,,,,,,,,,,,,,,1,164,164,16,4,-7.0,3,1,3,-1.77215189873418,4,"Red Sea, Djibouti (general), Djibouti",DJ,DJ00,25312,19,39.5,-2037160,0,,,,,,,,4,"Red Sea, Djibouti (general), Djibouti",DJ,DJ00,25312,19,39.5,-2037160,20260914011500,https://www.kten.com/news/politics/iran-gulf-talks-without-us-participation-on-reopening-the-strait-of-hormuz-postponed-omani-official/article_f3f2e0bc-f00d-57a3-a290-0791b948ba25.html
1322890123,20260914,202609,2026,2026.6959,IRN,IRAN,IRN,,,,,,,,BUS,TANKER,,,,,,BUS,,,0,190,190,19,4,-10.0,4,1,4,-4.77657935285054,4,"Gulf Of Oman, Iran (general), Iran",IR,IR00,40979,25.4489,57.7939,-3077385,1,Germany,GM,GM,,51.5,10.5,GM,4,"Gulf Of Oman, Iran (general), Iran",IR,IR00,40979,25.4489,57.7939,-3077385,20260914011500,https://www.yahoo.com/news/world/articles/iraq-confirms-attacks-saudi-pipeline-065944052.html
1322890124,20260914,202609,2026,2026.6959,IRN,IRAN,IRN,,,,,,,,CVL,SETTLEMENT,,,,,,CVL,,,0,100,100,10,3,-5.0,2,1,2,-2.52707581227437,4,"Tehran, Tehran, Iran",IR,IR26,41130,35.75,51.5148,10074674,4,"Tehran, Tehran, Iran",IR,IR26,41130,35.75,51.5148,10074674,4,"Tehran, Tehran, Iran",IR,IR26,41130,35.75,51.5148,10074674,20260914011500,https://tribune.com.pk/story/2629155/tehran-ties-hormuz-reopening-to-us-pledges
1322890125,20260914,202609,2026,2026.6959,IRN,IRAN,IRN,,,,,,,,GOV,ADMINISTRATION,,,,,,GOV,,,1,040,040,04,1,1.0,2,1,2,-4.77657935285054,4,"Gulf Of Oman, Iran (general), Iran",IR,IR00,40979,25.4489,57.7939,-3077385,4,"Gulf Of Oman, Iran (general), Iran",IR,IR00,40979,25.4489,57.7939,-3077385,4,"Gulf Of Oman, Iran (general), Iran",IR,IR00,40979,25.4489,57.7939,-3077385,20260914011500,https://www.yahoo.com/news/world/articles/iraq-confirms-attacks-saudi-pipeline-065944052.html
1322890126,20260914,202609,2026,2026.6959,IRN,IRAN,IRN,,,,,,,,GOV,ADMINISTRATION,,,,,,GOV,,,1,046,046,04,1,7.0,2,1,2,-4.77657935285054,4,"Gulf Of Oman, Iran (general), Iran",IR,IR00,40979,25.4489,57.7939,-3077385,4,"Gulf Of Oman, Iran (general), Iran",IR,IR00,40979,25.4489,57.7939,-3077385,4,"Gulf Of Oman, Iran (general), Iran",IR,IR00,40979,25.4489,57.7939,-3077385,20260914011500,https://www.yahoo.com/news/world/articles/iraq-confirms-attacks-saudi-pipeline-065944052.html
1322890127,20260914,202609,2026,2026.6959,IRN,IRAN,IRN,,,,,,,,GOV,ADMINISTRATION,,,,,,GOV,,,0,130,130,13,3,-4.4,1,1,1,-2.52707581227437,4,"Tehran, Tehran, Iran",IR,IR26,41130,35.75,51.5148,10074674,4,"Tehran, Tehran, Iran",IR,IR26,41130,35.75,51.5148,10074674,4,"Tehran, Tehran, Iran",IR,IR26,41130,35.75,51.5148,10074674,20260914011500,https://tribune.com.pk/story/2629155/tehran-ties-hormuz-reopening-to-us-pledges
1322890128,20260914,202609,2026,2026.6959,IRN,IRAN,IRN,,,,,,,,GOV,ADMINISTRATION,,,,,,GOV,,,0,130,130,13,3,-4.4,1,1,1,-2.52707581227437,4,"Tehran, Tehran, Iran",IR,IR26,41130,35.75,51.5148,10074674,4,"Tehran, Tehran, Iran",IR,IR26,41130,35.75,51.5148,10074674,1,Venezuela,VE,VE,,8,-66,VE,20260914011500,https://tribune.com.pk/story/2629155/tehran-ties-hormuz-reopening-to-us-pledges
1322890129,20260914,202609,2026,2026.6959,IRN,IRAN,IRN,,,,,,,,IGOUNOIAE,IAEA,,UNO,,,,IGO,,,1,125,125,12,3,-5.0,10,1,10,-2.5440313111546,4,"Tehran, Tehran, Iran",IR,IR26,41130,35.75,51.5148,10074674,4,"Tehran, Tehran, Iran",IR,IR26,41130,35.75,51.5148,10074674,4,"Tehran, Tehran, Iran",IR,IR26,41130,35.75,51.5148,10074674,20260914011500,https://isp.netscape.com:443/news/world/story/0001/20260913/ce4bab96e46c11269b8daff2e339f0c8
1322890130,20260914,202609,2026,2026.6959,IRN,IRAN,IRN,,,,,,,,IRL,IRELAND,IRL,,,,,,,,0,010,010,01,1,0.0,2,1,2,-2.52707581227437,4,"Tehran, Tehran, Iran",IR,IR26,41130,35.75,51.5148,10074674,4,"Tehran, Tehran, Iran",IR,IR26,41130,35.75,51.5148,10074674,4,"Tehran, Tehran, Iran",IR,IR26,41130,35.75,51.5148,10074674,20260914011500,https://tribune.com.pk/story/2629155/tehran-ties-hormuz-reopening-to-us-pledges
1322890131,20260914,202609,2026,2026.6959,IRN,IRAN,IRN,,,,,,,,IRL,IRELAND,IRL,,,,,,,,0,010,010,01,1,0.0,2,1,2,-2.52707581227437,4,"Tehran, Tehran, Iran",IR,IR26,41130,35.75,51.5148,10074674,1,Ireland,EI,EI,,53,-8,EI,4,"Tehran, Tehran, Iran",IR,IR26,41130,35.75,51.5148,10074674,20260914011500,https://tribune.com.pk/story/2629155/tehran-ties-hormuz-reopening-to-us-pledges
1322890132,20260914,202609,2026,2026.6959,IRN,IRAN,IRN,,,,,,,,IRL,IRELAND,IRL,,,,,,,,0,042,042,04,1,1.9,1,1,1,-2.08695652173913,4,"Tehran, Tehran, Iran",IR,IR26,41130,35.75,51.5148,10074674,4,"Tehran, Tehran, Iran",IR,IR26,41130,35.75,51.5148,10074674,4,"Tehran, Tehran, Iran",IR,IR26,41130,35.75,51.5148,10074674,20260914011500,https://www.eurasiareview.com/14092026-meeting-in-oman-between-iran-gulf-states-postponed-await-more-conducive-conditions/
1322890133,20260914,202609,2026,2026.6959,IRN,IRAN,IRN,,,,,,,,IRL,IRELAND,IRL,,,,,,,,0,042,042,04,1,1.9,1,1,1,-2.08695652173913,4,"Tehran, Tehran, Iran",IR,IR26,41130,35.75,51.5148,10074674,1,Ireland,EI,EI,,53,-8,EI,1,Ireland,EI,EI,,53,-8,EI,20260914011500,https://www.eurasiareview.com/14092026-meeting-in-oman-between-iran-gulf-states-postponed-await-more-conducive-conditions/
1322890134,20260914,202609,2026,2026.6959,IRN,IRANIAN,IRN,,,,,,,,IRNCVL,IRAN,IRN,,,,,CVL,,,1,090,090,09,2,-2.0,4,1,4,-2.45901639344262,1,North Korea,KN,KN,,40,127,KN,1,North Korea,KN,KN,,40,127,KN,1,North Korea,KN,KN,,40,127,KN,20260914011500,https://www.ibtimes.co.uk/north-korea-it-workers-third-country-interview-proxies-1819417
1322890135,20260914,202609,2026,2026.6959,IRN,IRAN,IRN,,,,,,,,IRNGOV,TEHRAN,IRN,,,,,GOV,,,1,020,020,02,1,3.0,7,1,7,-2.08695652173913,4,"Tehran, Tehran, Iran",IR,IR26,41130,35.75,51.5148,10074674,4,"Tehran, Tehran, Iran",IR,IR26,41130,35.75,51.5148,10074674,4,"Tehran, Tehran, Iran",IR,IR26,41130,35.75,51.5148,10074674,20260914011500,https://www.eurasiareview.com/14092026-meeting-in-oman-between-iran-gulf-states-postponed-await-more-conducive-conditions/
1322890136,20260914,202609,2026,2026.6959,IRN,IRAN,IRN,,,,,,,,LEG,PARLIAMENT,,,,,,LEG,,,1,040,040,04,1,1.0,10,1,10,-6.00328947368421,4,"Hormuz, Fars, Iran",IR,IR07,25307,27.5026,54.2839,-3066743,4,"Hormuz, Fars, Iran",IR,IR07,25307,27.5026,54.2839,-3066743,4,"Hormuz, Fars, Iran",IR,IR07,25307,27.5026,54.2839,-3066743,20260914011500,https://www.eurasiareview.com/14092026-bangladeshs-power-crisis-energy-vulnerability-and-political-consequences-analysis/
1322890137,20260914,202609,2026,2026.6959,IRN,IRANIAN,IRN,,,,,,,,MED,MEDIA,,,,,,MED,,,1,190,190,19,4,-10.0,5,1,5,-12.0845921450151,1,Iran,IR,IR,,32,53,IR,1,Iran,IR,IR,,32,53,IR,1,Iran,IR,IR,,32,53,IR,20260914011500,https://www.theyeshivaworld.com/news/israel-news/2597577/iran-in-turmoil-generals-threaten-to-resign-as-bitter-infighting-erupts-at-top-of-regime.html
1322890138,20260914,202609,2026,2026.6959,IRN,IRAN,IRN,,,,,,,,MOS,ISLAMIC,,,,MOS,,,,,1,045,045,04,1,5.0,2,1,2,-12.0845921450151,1,Iran,IR,IR,,32,53,IR,1,Iran,IR,IR,,32,53,IR,1,Iran,IR,IR,,32,53,IR,20260914011500,https://www.theyeshivaworld.com/news/israel-news/2597577/iran-in-turmoil-generals-threaten-to-resign-as-bitter-infighting-erupts-at-top-of-regime.html
1322890139,20260914,202609,2026,2026.6959,IRN,IRAN,IRN,,,,,,,,OMN,OMANI,OMN,,,,,,,,1,164,164,16,4,-7.0,7,1,7,-1.77215189873418,4,"Red Sea, Djibouti (general), Djibouti",DJ,DJ00,25312,19,39.5,-2037160,4,"Red Sea, Djibouti (general), Djibouti",DJ,DJ00,25312,19,39.5,-2037160,4,"Red Sea, Djibouti (general), Djibouti",DJ,DJ00,25312,19,39.5,-2037160,20260914011500,https://www.kten.com/news/politics/iran-gulf-talks-without-us-participation-on-reopening-the-strait-of-hormuz-postponed-omani-official/article_f3f2e0bc-f00d-57a3-a290-0791b948ba25.html
1322890140,20260914,202609,2026,2026.6959,IRN,IRAN,IRN,,,,,,,,PAK,ISLAMABAD,PAK,,,,,,,,1,042,042,04,1,1.9,10,1,10,-2.52707581227437,4,"Tehran, Tehran, Iran",IR,IR26,41130,35.75,51.5148,10074674,4,"Tehran, Tehran, Iran",IR,IR26,41130,35.75,51.5148,10074674,4,"Tehran, Tehran, Iran",IR,IR26,41130,35.75,51.5148,10074674,20260914011500,https://tribune.com.pk/story/2629155/tehran-ties-hormuz-reopening-to-us-pledges
1322890141,20260914,202609,2026,2026.6959,IRN,IRAN,IRN,,,,,,,,QATMED,AL JAZEERA,QAT,,,,,MED,,,0,125,125,12,3,-5.0,10,1,10,-2.52707581227437,4,"Tehran, Tehran, Iran",IR,IR26,41130,35.75,51.5148,10074674,4,"Tehran, Tehran, Iran",IR,IR26,41130,35.75,51.5148,10074674,4,"Tehran, Tehran, Iran",IR,IR26,41130,35.75,51.5148,10074674,20260914011500,https://tribune.com.pk/story/2629155/tehran-ties-hormuz-reopening-to-us-pledges
1322890142,20260914,202609,2026,2026.6959,IRN,IRAN,IRN,,,,,,,,USAMIL,THE US,USA,,,,,MIL,,,0,130,130,13,3,-4.4,10,1,10,-1.77215189873418,4,"Tehran, Tehran, Iran",IR,IR26,41130,35.75,51.5148,10074674,4,"Tehran, Tehran, Iran",IR,IR26,41130,35.75,51.5148,10074674,4,"Tehran, Tehran, Iran",IR,IR26,41130,35.75,51.5148,10074674,20260914011500,https://www.kten.com/news/politics/iran-gulf-talks-without-us-participation-on-reopening-the-strait-of-hormuz-postponed-omani-official/article_f3f2e0bc-f00d-57a3-a290-0791b948ba25.html
1322890143,20260914,202609,2026,2026.6959,IRNCVL,IRANIAN,IRN,,,,,CVL,,,PRK,NORTH KOREAN,PRK,,,,,,,,1,090,090,09,2,-2.0,3,1,3,-2.45901639344262,1,Iran,IR,IR,,32,53,IR,1,North Korea,KN,KN,,40,127,KN,1,Iran,IR,IR,,32,53,IR,20260914011500,https://www.ibtimes.co.uk/north-korea-it-workers-third-country-interview-proxies-1819417
1322890144,20260914,202609,2026,2026.6959,IRNCVL,IRANIAN,IRN,,,,,CVL,,,PRK,NORTH KOREAN,PRK,,,,,,,,1,090,090,09,2,-2.0,3,1,3,-2.45901639344262,1,North Korea,KN,KN,,40,127,KN,1,North Korea,KN,KN,,40,127,KN,1,North Korea,KN,KN,,40,127,KN,20260914011500,https://www.ibtimes.co.uk/north-korea-it-workers-third-country-interview-proxies-1819417
1322890145,20260914,202609,2026,2026.6959,IRNGOV,IRAN,IRN,,,,,GOV,,,ARE,ABU DHABI,ARE,,,,,,,,0,040,040,04,1,1.0,2,1,2,-4.77657935285054,4,"Gulf Of Oman, Iran (general), Iran",IR,IR00,40979,25.4489,57.7939,-3077385,4,"Gulf Of Oman, Iran (general), Iran",IR,IR00,40979,25.4489,57.7939,-3077385,4,"Gulf Of Oman, Iran (general), Iran",IR,IR00,40979,25.4489,57.7939,-3077385,20260914011500,https://www.yahoo.com/news/world/articles/iraq-confirms-attacks-saudi-pipeline-065944052.html
1322890146,20260914,202609,2026,2026.6959,IRNGOV,IRAN,IRN,,,,,GOV,,,AREGOV,ABU DHABI,ARE,,,,,GOV,,,0,040,040,04,1,1.0,6,1,6,-4.77657935285054,4,"Gulf Of Oman, Iran (general), Iran",IR,IR00,40979,25.4489,57.7939,-3077385,4,"Gulf Of Oman, Iran (general), Iran",IR,IR00,40979,25.4489,57.7939,-3077385,4,"Gulf Of Oman, Iran (general), Iran",IR,IR00,40979,25.4489,57.7939,-3077385,20260914011500,https://www.yahoo.com/news/world/articles/iraq-confirms-attacks-saudi-pipeline-065944052.html
1322890147,20260914,202609,2026,2026.6959,IRNGOV,IRAN,IRN,,,,,GOV,,,IRNGOV,IRAN,IRN,,,,,GOV,,,0,040,040,04,1,1.0,2,1,2,-4.77657935285054,4,"Gulf Of Oman, Iran (general), Iran",IR,IR00,40979,25.4489,57.7939,-3077385,1,Lebanon,LE,LE,,33.833333,35.833333,LE,1,Lebanon,LE,LE,,33.833333,35.833333,LE,20260914011500,https://www.yahoo.com/news/world/articles/iraq-confirms-attacks-saudi-pipeline-065944052.html
1322890148,20260914,202609,2026,2026.6959,IRNGOV,IRAN,IRN,,,,,GOV,,,IRNGOV,IRAN,IRN,,,,,GOV,,,0,040,040,04,1,1.0,2,1,2,-4.77657935285054,1,Lebanon,LE,LE,,33.833333,35.833333,LE,4,"Gulf Of Oman, Iran (general), Iran",IR,IR00,40979,25.4489,57.7939,-3077385,1,Lebanon,LE,LE,,33.833333,35.833333,LE,20260914011500,https://www.yahoo.com/news/world/articles/iraq-confirms-attacks-saudi-pipeline-065944052.html
1322890149,20260914,202609,2026,2026.6959,IRQ,IRAQ,IRQ,,,,,,,,,,,,,,,,,,0,1822,182,18,4,-9.0,35,7,35,-4.5790514594497,1,Iraq,IZ,IZ,,33,44,IZ,0,,,,,,,,1,Iraq,IZ,IZ,,33,44,IZ,20260914011500,https://www.southernhighlandnews.com.au/story/9348894/how-911-challenged-francis-fukuyamas-end-of-history-thesis/
1322890150,20260914,202609,2026,2026.6959,IRQ,IRAQ,IRQ,,,,,,,,IRN,IRAN,IRN,,,,,,,,1,112,112,11,3,-2.0,2,1,2,-4.77657935285054,5,"Maysan, Maysan, Iraq",IZ,IZ14,36810,32,47,-3108411,4,"Gulf Of Oman, Iran (general), Iran",IR,IR00,40979,25.4489,57.7939,-3077385,4,"Gulf Of Oman, Iran (general), Iran",IR,IR00,40979,25.4489,57.7939,-3077385,20260914011500,https://www.yahoo.com/news/world/articles/iraq-confirms-attacks-saudi-pipeline-065944052.html
1322890151,20260914,202609,2026,2026.6959,IRQ,IRAQ,IRQ,,,,,,,,MIL,COMMANDER,,,,,,MIL,,,0,110,110,11,3,-2.0,2,1,2,-4.77657935285054,4,"Gulf Of Oman, Iran (general), Iran",IR,IR00,40979,25.4489,57.7939,-3077385,4,"Gulf Of Oman, Iran (general), Iran",IR,IR00,40979,25.4489,57.7939,-3077385,4,"Gulf Of Oman, Iran (general), Iran",IR,IR00,40979,25.4489,57.7939,-3077385,20260914011500,https://www.yahoo.com/news/world/articles/iraq-confirms-attacks-saudi-pipeline-065944052.html
1322890152,20260914,202609,2026,2026.6959,IRQ,IRAQ,IRQ,,,,,,,,MIL,COMMANDER,,,,,,MIL,,,0,110,110,11,3,-2.0,8,1,8,-4.77657935285054,5,"Maysan, Maysan, Iraq",IZ,IZ14,36810,32,47,-3108411,5,"Maysan, Maysan, Iraq",IZ,IZ14,36810,32,47,-3108411,5,"Maysan, Maysan, Iraq",IZ,IZ14,36810,32,47,-3108411,20260914011500,https://www.yahoo.com/news/world/articles/iraq-confirms-attacks-saudi-pipeline-065944052.html
1322890153,20260914,202609,2026,2026.6959,IRQ,IRAQ,IRQ,,,,,,,,SAU,SAUDI,SAU,,,,,,,,1,112,112,11,3,-2.0,5,1,5,-4.77657935285054,4,"Baniyas, Tartus, Syria",SY,SY14,26374,35.1819,35.9487,-2540079,4,"Baniyas, Tartus, Syria",SY,SY14,26374,35.1819,35.9487,-2540079,4,"Baniyas, Tartus, Syria",SY,SY14,26374,35.1819,35.9487,-2540079,20260914011500,https://www.yahoo.com/news/world/articles/iraq-confirms-attacks-saudi-pipeline-065944052.html
1322890154,20260914,202609,2026,2026.6959,ISR,ISRAEL,ISR,,,,,,,,,,,,,,,,,,1,040,040,04,1,1.0,10,1,10,0.35211267605634,1,Israel,IS,IS,,31.5,34.75,IS,0,,,,,,,,1,Israel,IS,IS,,31.5,34.75,IS,20260914011500,https://www.ucb.co.uk/word-for-today/200153
1322890155,20260914,202609,2026,2026.6959,ISR,ISRAEL,ISR,,,,,,,,,,,,,,,,,,0,120,120,12,3,-4.0,3,1,3,-6.6747572815534,4,"Gaza, Israel (general), Israel",IS,IS00,18315,31.4167,34.3333,-797156,0,,,,,,,,4,"Gaza, Israel (general), Israel",IS,IS00,18315,31.4167,34.3333,-797156,20260914011500,https://www.yahoo.com/entertainment/celebrity/articles/ms-rachel-claims-celebrities-silent-203901235.html
1322890156,20260914,202609,2026,2026.6959,ISR,ISRAEL,ISR,,,,,,,,,,,,,,,,,,0,120,120,12,3,-4.0,7,1,7,-6.6747572815534,2,"California, United States",US,USCA,,36.17,-119.746,CA,0,,,,,,,,2,"California, United States",US,USCA,,36.17,-119.746,CA,20260914011500,https://www.yahoo.com/entertainment/celebrity/articles/ms-rachel-claims-celebrities-silent-203901235.html
1322890157,20260914,202609,2026,2026.6959,ISR,ISRAELI,ISR,,,,,,,,ITA,ITALY,ITA,,,,,,,,0,045,045,04,1,5.0,1,1,1,-4.77657935285054,1,Israel,IS,IS,,31.5,34.75,IS,4,"Rome, Lazio, Italy",IT,IT07,18350,41.9,12.4833,-126693,4,"Rome, Lazio, Italy",IT,IT07,18350,41.9,12.4833,-126693,20260914011500,https://www.yahoo.com/news/world/articles/iraq-confirms-attacks-saudi-pipeline-065944052.html
1322890158,20260914,202609,2026,2026.6959,ISR,ISRAELI,ISR,,,,,,,,ITA,ITALY,ITA,,,,,,,,0,045,045,04,1,5.0,1,1,1,-4.77657935285054,1,Lebanon,LE,LE,,33.833333,35.833333,LE,1,Lebanon,LE,LE,,33.833333,35.833333,LE,1,Israel,IS,IS,,31.5,34.75,IS,20260914011500,https://www.yahoo.com/news/world/articles/iraq-confirms-attacks-saudi-pipeline-065944052.html
1322890159,20260914,202609,2026,2026.6959,ISR,ISRAELI,ISR,,,,,,,,LBN,LEBANESE,LBN,,,,,,,,0,046,046,04,1,7.0,1,1,1,-4.77657935285054,1,Israel,IS,IS,,31.5,34.75,IS,1,Lebanon,LE,LE,,33.833333,35.833333,LE,4,"Rome, Lazio, Italy",IT,IT07,18350,41.9,12.4833,-126693,20260914011500,https://www.yahoo.com/news/world/articles/iraq-confirms-attacks-saudi-pipeline-065944052.html
1322890160,20260914,202609,2026,2026.6959,ISR,ISRAELI,ISR,,,,,,,,LBN,LEBANESE,LBN,,,,,,,,0,046,046,04,1,7.0,1,1,1,-4.77657935285054,1,Lebanon,LE,LE,,33.833333,35.833333,LE,1,Lebanon,LE,LE,,33.833333,35.833333,LE,1,Israel,IS,IS,,31.5,34.75,IS,20260914011500,https://www.yahoo.com/news/world/articles/iraq-confirms-attacks-saudi-pipeline-065944052.html
1322890161,20260914,202609,2026,2026.6959,ISR,ISRAEL,ISR,,,,,,,,LBNGOV,LEBANON,LBN,,,,,GOV,,,0,043,043,04,1,2.8,1,1,1,-4.77657935285054,1,Israel,IS,IS,,31.5,34.75,IS,4,"Rome, Lazio, Italy",IT,IT07,18350,41.9,12.4833,-126693,4,"Rome, Lazio, Italy",IT,IT07,18350,41.9,12.4833,-126693,20260914011500,https://www.yahoo.com/news/world/articles/iraq-confirms-attacks-saudi-pipeline-065944052.html
1322890162,20260914,202609,2026,2026.6959,ISR,ISRAEL,ISR,,,,,,,,LBNGOV,LEBANON,LBN,,,,,GOV,,,0,043,043,04,1,2.8,4,1,4,-4.77657935285054,1,Israel,IS,IS,,31.5,34.75,IS,1,Lebanon,LE,LE,,33.833333,35.833333,LE,1,Lebanon,LE,LE,,33.833333,35.833333,LE,20260914011500,https://www.yahoo.com/news/world/articles/iraq-confirms-attacks-saudi-pipeline-065944052.html
1322890163,20260914,202609,2026,2026.6959,ISR,ISRAEL,ISR,,,,,,,,PSE,PALESTINIAN,PSE,,,,,,,,0,016,016,01,1,-2.0,4,1,4,-6.6747572815534,4,"Gaza, Israel (general), Israel",IS,IS00,18315,31.4167,34.3333,-797156,4,"Gaza, Israel (general), Israel",IS,IS00,18315,31.4167,34.3333,-797156,4,"Gaza, Israel (general), Israel",IS,IS00,18315,31.4167,34.3333,-797156,20260914011500,https://www.yahoo.com/entertainment/celebrity/articles/ms-rachel-claims-celebrities-silent-203901235.html
1322890164,20260914,202609,2026,2026.6959,ISR,ISRAELI,ISR,,,,,,,,PSE,PALESTINIAN,PSE,,,,,,,,0,043,043,04,1,2.8,4,1,4,-4.77657935285054,1,Israel,IS,IS,,31.5,34.75,IS,1,Israel,IS,IS,,31.5,34.75,IS,1,Israel,IS,IS,,31.5,34.75,IS,20260914011500,https://www.yahoo.com/news/world/articles/iraq-confirms-attacks-saudi-pipeline-065944052.html
1322890165,20260914,202609,2026,2026.6959,ISR,ISRAELI,ISR,,,,,,,,PSE,PALESTINIAN,PSE,,,,,,,,0,190,190,19,4,-10.0,1,1,1,-4.77657935285054,5,"Hormozgan, Hormozgan, Iran",IR,IR11,40970,27.75,56.5,-3066740,5,"Hormozgan, Hormozgan, Iran",IR,IR11,40970,27.75,56.5,-3066740,5,"Hormozgan, Hormozgan, Iran",IR,IR11,40970,27.75,56.5,-3066740,20260914011500,https://www.yahoo.com/news/world/articles/iraq-confirms-attacks-saudi-pipeline-065944052.html
1322890166,20260914,202609,2026,2026.6959,ISR,ISRAELI,ISR,,,,,,,,PSE,PALESTINIAN,PSE,,,,,,,,0,193,193,19,4,-10.0,1,1,1,-4.77657935285054,5,"Hormozgan, Hormozgan, Iran",IR,IR11,40970,27.75,56.5,-3066740,5,"Hormozgan, Hormozgan, Iran",IR,IR11,40970,27.75,56.5,-3066740,5,"Hormozgan, Hormozgan, Iran",IR,IR11,40970,27.75,56.5,-3066740,20260914011500,https://www.yahoo.com/news/world/articles/iraq-confirms-attacks-saudi-pipeline-065944052.html
1322890167,20260914,202609,2026,2026.6959,ISR,ISRAELI,ISR,,,,,,,,PSE,PALESTINIAN,PSE,,,,,,,,0,193,193,19,4,-10.0,1,1,1,-4.77657935285054,1,Israel,IS,IS,,31.5,34.75,IS,1,Israel,IS,IS,,31.5,34.75,IS,1,Israel,IS,IS,,31.5,34.75,IS,20260914011500,https://www.yahoo.com/news/world/articles/iraq-confirms-attacks-saudi-pipeline-065944052.html
1322890168,20260914,202609,2026,2026.6959,ISRSET,ISRAELI,ISR,,,,,SET,,,PSE,PALESTINIAN,PSE,,,,,,,,0,043,043,04,1,2.8,6,1,6,-4.77657935285054,1,Israel,IS,IS,,31.5,34.75,IS,1,Israel,IS,IS,,31.5,34.75,IS,1,Israel,IS,IS,,31.5,34.75,IS,20260914011500,https://www.yahoo.com/news/world/articles/iraq-confirms-attacks-saudi-pipeline-065944052.html
1322890169,20260914,202609,2026,2026.6959,ITA,ITALY,ITA,,,,,,,,,,,,,,,,,,1,010,010,01,1,0.0,3,1,3,0.1953125,4,"Mantua, Lombardia, Italy",IT,IT09,18419,45.15,10.8,-120965,0,,,,,,,,4,"Mantua, Lombardia, Italy",IT,IT09,18419,45.15,10.8,-120965,20260914011500,https://artdaily.com/news/200193/Gilbert---George-present-landmark-survey-at-Palazzo-della-Ragione-in-Mantua
1322890170,20260914,202609,2026,2026.6959,ITA,ITALY,ITA,,,,,,,,,,,,,,,,,,1,010,010,01,1,0.0,1,1,1,0.1953125,2,"New York, United States",US,USNY,,42.1497,-74.9384,NY,0,,,,,,,,4,"Mantua, Lombardia, Italy",IT,IT09,18419,45.15,10.8,-120965,20260914011500,https://artdaily.com/news/200193/Gilbert---George-present-landmark-survey-at-Palazzo-della-Ragione-in-Mantua
1322890171,20260914,202609,2026,2026.6959,ITA,ITALY,ITA,,,,,,,,,,,,,,,,,,0,012,012,01,1,-0.4,1,1,1,-0.77821011673152,4,"Escuro, Acre, Brazil",BR,BR01,18585,-8.14861,-72.8572,-641188,0,,,,,,,,4,"Escuro, Acre, Brazil",BR,BR01,18585,-8.14861,-72.8572,-641188,20260914011500,https://artdaily.com/news/200205/Brazilian-artist-Anna-Maria-Maiolino-debuts-six-decade-retrospective-at-Hauser---Wirth
1322890172,20260914,202609,2026,2026.6959,ITA,ITALY,ITA,,,,,,,,,,,,,,,,,,0,012,012,01,1,-0.4,6,1,6,-0.77821011673152,4,"Rio De Janeiro, Estado do Rio, Brazil",BR,BR21,9961,-22.9,-43.2333,-666610,0,,,,,,,,4,"Rio De Janeiro, Estado do Rio, Brazil",BR,BR21,9961,-22.9,-43.2333,-666610,20260914011500,https://artdaily.com/news/200205/Brazilian-artist-Anna-Maria-Maiolino-debuts-six-decade-retrospective-at-Hauser---Wirth
1322890173,20260914,202609,2026,2026.6959,ITA,ITALY,ITA,,,,,,,,,,,,,,,,,,0,012,012,01,1,-0.4,1,1,1,-0.77821011673152,1,Italy,IT,IT,,42.833333,12.833333,IT,0,,,,,,,,4,"Escuro, Acre, Brazil",BR,BR01,18585,-8.14861,-72.8572,-641188,20260914011500,https://artdaily.com/news/200205/Brazilian-artist-Anna-Maria-Maiolino-debuts-six-decade-retrospective-at-Hauser---Wirth
1322890174,20260914,202609,2026,2026.6959,ITA,ITALY,ITA,,,,,,,,BRA,BRAZIL,BRA,,,,,,,,0,012,012,01,1,-0.4,1,1,1,-0.77821011673152,4,"Escuro, Acre, Brazil",BR,BR01,18585,-8.14861,-72.8572,-641188,4,"Escuro, Acre, Brazil",BR,BR01,18585,-8.14861,-72.8572,-641188,4,"Escuro, Acre, Brazil",BR,BR01,18585,-8.14861,-72.8572,-641188,20260914011500,https://artdaily.com/news/200205/Brazilian-artist-Anna-Maria-Maiolino-debuts-six-decade-retrospective-at-Hauser---Wirth
1322890175,20260914,202609,2026,2026.6959,ITA,ITALY,ITA,,,,,,,,BRA,BRAZIL,BRA,,,,,,,,0,012,012,01,1,-0.4,1,1,1,-0.77821011673152,1,Italy,IT,IT,,42.833333,12.833333,IT,4,"Escuro, Acre, Brazil",BR,BR01,18585,-8.14861,-72.8572,-641188,4,"Escuro, Acre, Brazil",BR,BR01,18585,-8.14861,-72.8572,-641188,20260914011500,https://artdaily.com/news/200205/Brazilian-artist-Anna-Maria-Maiolino-debuts-six-decade-retrospective-at-Hauser---Wirth
1322890176,20260914,202609,2026,2026.6959,ITA,ITALY,ITA,,,,,,,,USA,UNITED STATES,USA,,,,,,,,1,051,051,05,1,3.4,2,1,2,0.1953125,4,"Mantua, Lombardia, Italy",IT,IT09,18419,45.15,10.8,-120965,4,"Mantua, Lombardia, Italy",IT,IT09,18419,45.15,10.8,-120965,4,"Mantua, Lombardia, Italy",IT,IT09,18419,45.15,10.8,-120965,20260914011500,https://artdaily.com/news/200193/Gilbert---George-present-landmark-survey-at-Palazzo-della-Ragione-in-Mantua
1322890177,20260914,202609,2026,2026.6959,ITA,ITALY,ITA,,,,,,,,USA,NEW YORK,USA,,,,,,,,1,051,051,05,1,3.4,1,1,1,0.1953125,2,"New York, United States",US,USNY,,42.1497,-74.9384,NY,4,"Mantua, Lombardia, Italy",IT,IT09,18419,45.15,10.8,-120965,4,"Mantua, Lombardia, Italy",IT,IT09,18419,45.15,10.8,-120965,20260914011500,https://artdaily.com/news/200193/Gilbert---George-present-landmark-survey-at-Palazzo-della-Ragione-in-Mantua
1322890178,20260914,202609,2026,2026.6959,ITA,ITALY,ITA,,,,,,,,VEN,VENEZUELA,VEN,,,,,,,,0,042,042,04,1,1.9,2,1,2,-0.77821011673152,4,"Rio De Janeiro, Estado do Rio, Brazil",BR,BR21,9961,-22.9,-43.2333,-666610,4,"Rio De Janeiro, Estado do Rio, Brazil",BR,BR21,9961,-22.9,-43.2333,-666610,4,"Rio De Janeiro, Estado do Rio, Brazil",BR,BR21,9961,-22.9,-43.2333,-666610,20260914011500,https://artdaily.com/news/200205/Brazilian-artist-Anna-Maria-Maiolino-debuts-six-decade-retrospective-at-Hauser---Wirth
1322890179,20260914,202609,2026,2026.6959,ITA,ITALY,ITA,,,,,,,,VEN,VENEZUELA,VEN,,,,,,,,0,042,042,04,1,1.9,2,1,2,-0.77821011673152,1,Italy,IT,IT,,42.833333,12.833333,IT,1,Venezuela,VE,VE,,8,-66,VE,1,Italy,IT,IT,,42.833333,12.833333,IT,20260914011500,https://artdaily.com/news/200205/Brazilian-artist-Anna-Maria-Maiolino-debuts-six-decade-retrospective-at-Hauser---Wirth
1322890180,20260914,202609,2026,2026.6959,ITA,ITALY,ITA,,,,,,,,VEN,VENEZUELA,VEN,,,,,,,,0,042,042,04,1,1.9,6,1,6,-0.77821011673152,1,Italy,IT,IT,,42.833333,12.833333,IT,1,Venezuela,VE,VE,,8,-66,VE,1,Venezuela,VE,VE,,8,-66,VE,20260914011500,https://artdaily.com/news/200205/Brazilian-artist-Anna-Maria-Maiolino-debuts-six-decade-retrospective-at-Hauser---Wirth
1322890181,20260914,202609,2026,2026.6959,JEW,JEWISH,,,,JEW,,,,,NGOUSAJEW,ANTI DEFAMATION LEAGUE,USA,,,JEW,,NGO,,,0,020,020,02,1,3.0,2,1,2,-6.6747572815534,4,"Gaza, Israel (general), Israel",IS,IS00,18315,31.4167,34.3333,-797156,4,"Gaza, Israel (general), Israel",IS,IS00,18315,31.4167,34.3333,-797156,4,"Gaza, Israel (general), Israel",IS,IS00,18315,31.4167,34.3333,-797156,20260914011500,https://www.yahoo.com/entertainment/celebrity/articles/ms-rachel-claims-celebrities-silent-203901235.html
1322890182,20260914,202609,2026,2026.6959,JEW,JEWISH,,,,JEW,,,,,NGOUSAJEW,ANTI DEFAMATION LEAGUE,USA,,,JEW,,NGO,,,0,020,020,02,1,3.0,8,1,8,-6.6747572815534,2,"California, United States",US,USCA,,36.17,-119.746,CA,2,"California, United States",US,USCA,,36.17,-119.746,CA,2,"California, United States",US,USCA,,36.17,-119.746,CA,20260914011500,https://www.yahoo.com/entertainment/celebrity/articles/ms-rachel-claims-celebrities-silent-203901235.html
1322890183,20260914,202609,2026,2026.6959,JOR,JORDAN,JOR,,,,,,,,,,,,,,,,,,0,010,010,01,1,0.0,10,1,10,-1.19521912350597,1,Jordan,JO,JO,,31,36,JO,0,,,,,,,,1,Jordan,JO,JO,,31,36,JO,20260914011500,https://bleedingcool.com/tv/lanterns-season-1-e05-lights-out-preview-times-up-for-hal-john/
1322890184,20260914,202609,2026,2026.6959,JPN,JAPAN,JPN,,,,,,,,,,,,,,,,,,1,010,010,01,1,0.0,10,1,10,-3.48432055749129,4,"Tokyo, Tokyo, Japan",JA,JA40,36340,35.685,139.751,-246227,0,,,,,,,,4,"Tokyo, Tokyo, Japan",JA,JA40,36340,35.685,139.751,-246227,20260914011500,https://tribune.com.pk/story/2629138/japanese-women-use-fashion-to-fight-male-dominated-society
1322890185,20260914,202609,2026,2026.6959,JPN,JAPAN,JPN,,,,,,,,,,,,,,,,,,1,010,010,01,1,0.0,8,1,8,1.18577075098814,1,Japan,JA,JA,,36,138,JA,0,,,,,,,,1,Japan,JA,JA,,36,138,JA,20260914011500,https://www.themarketsdaily.com/2026/09/14/short-interest-in-nippon-ceramic-co-ltd-otcmktsnpprf-declines-by-79-4.html
1322890186,20260914,202609,2026,2026.6959,JPN,TOKYO,JPN,,,,,,,,,,,,,,,,,,1,111,111,11,3,-2.0,3,1,3,-3.48432055749129,4,"Tokyo, Tokyo, Japan",JA,JA40,36340,35.685,139.751,-246227,0,,,,,,,,4,"Tokyo, Tokyo, Japan",JA,JA40,36340,35.685,139.751,-246227,20260914011500,https://tribune.com.pk/story/2629138/japanese-women-use-fashion-to-fight-male-dominated-society
1322890187,20260914,202609,2026,2026.6959,JPN,TOKYO,JPN,,,,,,,,,,,,,,,,,,1,1821,182,18,4,-9.0,3,1,3,-3.48432055749129,4,"Tokyo, Tokyo, Japan",JA,JA40,36340,35.685,139.751,-246227,0,,,,,,,,4,"Tokyo, Tokyo, Japan",JA,JA40,36340,35.685,139.751,-246227,20260914011500,https://tribune.com.pk/story/2629138/japanese-women-use-fashion-to-fight-male-dominated-society
1322890188,20260914,202609,2026,2026.6959,JPN,JAPAN,JPN,,,,,,,,IDN,INDONESIA,IDN,,,,,,,,0,043,043,04,1,2.8,2,1,2,3.25203252032521,1,Japan,JA,JA,,36,138,JA,1,Indonesia,ID,ID,,-5,120,ID,4,"Canberra, Australian Capital Territory, Australia",AS,AS01,4940,-35.2833,149.217,-1563952,20260914011500,https://www.eurasiareview.com/14092026-australia-thailand-boosting-security-cooperation/
1322890189,20260914,202609,2026,2026.6959,JUD,DEFENSE ATTORNEY,,,,,,JUD,,,,,,,,,,,,,1,111,111,11,3,-2.0,10,1,10,-8.07453416149068,3,"Boston, Massachusetts, United States",US,USMA,MA025,42.3584,-71.0598,617565,0,,,,,,,,3,"Boston, Massachusetts, United States",US,USMA,MA025,42.3584,-71.0598,617565,20260914011500,https://theconservativetreehouse.com/blog/2026/09/12/nbc-targets-and-doxxes-lindsay-clancey-juror-holdout-visits-home-searches-investigates-family-and-worse/comment-page-4/
1322890190,20260914,202609,2026,2026.6959,JUD,PROSECUTOR,,,,,,JUD,,,,,,,,,,,,,1,1711,171,17,4,-9.2,10,1,10,1,4,"Jakarta, Jakarta Raya, Indonesia",ID,ID04,18585,-6.17444,106.829,-2679652,0,,,,,,,,4,"Jakarta, Jakarta Raya, Indonesia",ID,ID04,18585,-6.17444,106.829,-2679652,20260914011500,http://www.thejakartapost.com/opinion/2026/09/14/the-benefit-of-the-doubt-has-expired
1322890191,20260914,202609,2026,2026.6959,JUD,PROSECUTOR,,,,,,JUD,,,CRM,CRIMINAL,,,,,,CRM,,,1,010,010,01,1,0.0,10,1,10,-7.35586481113318,2,"Michigan, United States",US,USMI,,43.3504,-84.5603,MI,2,"Michigan, United States",US,USMI,,43.3504,-84.5603,MI,2,"Michigan, United States",US,USMI,,43.3504,-84.5603,MI,20260914011500,https://allhiphop.com/news/exclusive-eminems-stolen-music-case-takes-major-turn-with-new-felony-filing/
1322890192,20260914,202609,2026,2026.6959,JUD,JUDGE,,,,,,JUD,,,GBR,UNITED KINGDOM,GBR,,,,,,,,1,112,112,11,3,-2.0,10,1,10,-8.38574423480081,1,United Kingdom,UK,UK,,54,-4,UK,1,United Kingdom,UK,UK,,54,-4,UK,1,United Kingdom,UK,UK,,54,-4,UK,20260914011500,https://www.dailymail.com/news/article-16128739/Albanian-drug-dealer-entered-Britain-false-identity-spared-jail-partner-suffers-depression-chronic-pain.html
1322890193,20260914,202609,2026,2026.6959,JUD,COUNSELLOR,,,,,,JUD,,,IGOUNO,THE UN,,UNO,,,,IGO,,,1,110,110,11,3,-2.0,6,1,6,-2.56183745583039,4,"Abyan, Abyan, Yemen",YM,YM01,32703,13.1658,45.3797,-3182059,4,"Abyan, Abyan, Yemen",YM,YM01,32703,13.1658,45.3797,-3182059,4,"Abyan, Abyan, Yemen",YM,YM01,32703,13.1658,45.3797,-3182059,20260914011500,https://www.eurasiareview.com/14092026-married-at-13-pregnant-and-starving-child-brides-of-yemen/
1322890194,20260914,202609,2026,2026.6959,KGZ,BISHKEK,KGZ,,,,,,,,CHN,CHINA,CHN,,,,,,,,1,040,040,04,1,1.0,5,1,5,-0.86160473882606,4,"Bishkek, Bishkek, Kyrgyzstan",KG,KG01,37216,42.8731,74.6003,-2331392,4,"Beijing, Beijing, China",CH,CH22,13001,39.9289,116.388,-1898541,4,"Bishkek, Bishkek, Kyrgyzstan",KG,KG01,37216,42.8731,74.6003,-2331392,20260914011500,https://www.eurasiareview.com/14092026-the-russia-china-bilateral-deepens-analysis/
1322890195,20260914,202609,2026,2026.6959,KGZ,KYRGYZSTAN,KGZ,,,,,,,,RUSGOV,RUSSIA,RUS,,,,,GOV,,,1,051,051,05,1,3.4,1,1,1,-0.86160473882606,4,"Bishkek, Bishkek, Kyrgyzstan",KG,KG01,37216,42.8731,74.6003,-2331392,4,"Bishkek, Bishkek, Kyrgyzstan",KG,KG01,37216,42.8731,74.6003,-2331392,4,"Moscow, Moskva, Russia",RS,RS48,25106,55.7522,37.6156,-2960561,20260914011500,https://www.eurasiareview.com/14092026-the-russia-china-bilateral-deepens-analysis/
1322890196,20260914,202609,2026,2026.6959,KGZ,BISHKEK,KGZ,,,,,,,,RUSGOV,RUSSIAN,RUS,,,,,GOV,,,1,051,051,05,1,3.4,4,1,4,-0.86160473882606,4,"Bishkek, Bishkek, Kyrgyzstan",KG,KG01,37216,42.8731,74.6003,-2331392,4,"Moscow, Moskva, Russia",RS,RS48,25106,55.7522,37.6156,-2960561,4,"Moscow, Moskva, Russia",RS,RS48,25106,55.7522,37.6156,-2960561,20260914011500,https://www.eurasiareview.com/14092026-the-russia-china-bilateral-deepens-analysis/
1322890197,20260914,202609,2026,2026.6959,KGZ,BISHKEK,KGZ,,,,,,,,RUSGOV,RUSSIA,RUS,,,,,GOV,,,1,051,051,05,1,3.4,1,1,1,-0.86160473882606,4,"Moscow, Moskva, Russia",RS,RS48,25106,55.7522,37.6156,-2960561,4,"Moscow, Moskva, Russia",RS,RS48,25106,55.7522,37.6156,-2960561,4,"Moscow, Moskva, Russia",RS,RS48,25106,55.7522,37.6156,-2960561,20260914011500,https://www.eurasiareview.com/14092026-the-russia-china-bilateral-deepens-analysis/
1322890198,20260914,202609,2026,2026.6959,KGZ,BISHKEK,KGZ,,,,,,,,RUSGOV,RUSSIAN,RUS,,,,,GOV,,,1,051,051,05,1,3.4,3,1,3,-0.86160473882606,4,"Moscow, Moskva, Russia",RS,RS48,25106,55.7522,37.6156,-2960561,4,"Moscow, Moskva, Russia",RS,RS48,25106,55.7522,37.6156,-2960561,1,India,IN,IN,,20,77,IN,20260914011500,https://www.eurasiareview.com/14092026-the-russia-china-bilateral-deepens-analysis/
1322890199,20260914,202609,2026,2026.6959,KGZ,BISHKEK,KGZ,,,,,,,,RUSGOV,RUSSIA,RUS,,,,,GOV,,,1,051,051,05,1,3.4,1,1,1,-0.86160473882606,4,"Moscow, Moskva, Russia",RS,RS48,25106,55.7522,37.6156,-2960561,1,India,IN,IN,,20,77,IN,1,India,IN,IN,,20,77,IN,20260914011500,https://www.eurasiareview.com/14092026-the-russia-china-bilateral-deepens-analysis/
1322890200,20260914,202609,2026,2026.6959,KOR,S. KOREA,KOR,,,,,,,,,,,,,,,,,,1,020,020,02,1,3.0,10,1,10,-3.90243902439024,4,"Seoul, Soul-t'ukpyolsi, South Korea",KS,KS11,24984,37.5664,127,-716583,0,,,,,,,,4,"Seoul, Soul-t'ukpyolsi, South Korea",KS,KS11,24984,37.5664,127,-716583,20260914011500,https://www.koreaherald.com/article/10872184
1322890201,20260914,202609,2026,2026.6959,KOR,S. KOREA,KOR,,,,,,,,,,,,,,,,,,1,120,120,12,3,-4.0,12,1,10,-3.90243902439024,4,"Seoul, Soul-t'ukpyolsi, South Korea",KS,KS11,24984,37.5664,127,-716583,0,,,,,,,,4,"Seoul, Soul-t'ukpyolsi, South Korea",KS,KS11,24984,37.5664,127,-716583,20260914011500,https://www.koreaherald.com/article/10872184
1322890202,20260914,202609,2026,2026.6959,KOR,GWANGJU,KOR,,,,,,,,BUSLAB,INDUSTRY,,,,,,BUS,LAB,,0,031,031,03,1,5.2,10,1,10,4.74137931034483,4,"Gwangju, Kwangju-gwangyoksi, South Korea",KS,KS18,24979,35.1547,126.916,-710584,4,"Gwangju, Kwangju-gwangyoksi, South Korea",KS,KS18,24979,35.1547,126.916,-710584,4,"Gwangju, Kwangju-gwangyoksi, South Korea",KS,KS18,24979,35.1547,126.916,-710584,20260914011500,https://www.koreatimes.co.kr/southkorea/education/k-universities/policy-trends/20260914/jeonnam-gwangju-universities-launch-semiconductor-majors-ahead-of-planned-tech-cluster
1322890203,20260914,202609,2026,2026.6959,KOR,GWANGJU,KOR,,,,,,,,EDU,STUDENT,,,,,,EDU,,,0,031,031,03,1,5.2,10,1,10,4.74137931034483,4,"Gwangju, Kwangju-gwangyoksi, South Korea",KS,KS18,24979,35.1547,126.916,-710584,4,"Gwangju, Kwangju-gwangyoksi, South Korea",KS,KS18,24979,35.1547,126.916,-710584,4,"Gwangju, Kwangju-gwangyoksi, South Korea",KS,KS18,24979,35.1547,126.916,-710584,20260914011500,https://www.koreatimes.co.kr/southkorea/education/k-universities/policy-trends/20260914/jeonnam-gwangju-universities-launch-semiconductor-majors-ahead-of-planned-tech-cluster
1322890204,20260914,202609,2026,2026.6959,KOR,SOUTH KOREA,KOR,,,,,,,,GOV,GOVERNMENT,,,,,,GOV,,,0,050,050,05,1,3.5,8,1,8,4.74137931034483,4,"Gwangju, Kwangju-gwangyoksi, South Korea",KS,KS18,24979,35.1547,126.916,-710584,4,"Gwangju, Kwangju-gwangyoksi, South Korea",KS,KS18,24979,35.1547,126.916,-710584,4,"Gwangju, Kwangju-gwangyoksi, South Korea",KS,KS18,24979,35.1547,126.916,-710584,20260914011500,https://www.koreatimes.co.kr/southkorea/education/k-universities/policy-trends/20260914/jeonnam-gwangju-universities-launch-semiconductor-majors-ahead-of-planned-tech-cluster
1322890205,20260914,202609,2026,2026.6959,KOR,SOUTH KOREA,KOR,,,,,,,,MNCKOR,KOREA ELECTRIC POWER CORP,KOR,,,,,MNC,,,1,120,120,12,3,-4.0,1,1,1,-3.90243902439024,4,"Seoul, Soul-t'ukpyolsi, South Korea",KS,KS11,24984,37.5664,127,-716583,4,"Seoul, Soul-t'ukpyolsi, South Korea",KS,KS11,24984,37.5664,127,-716583,4,"Seoul, Soul-t'ukpyolsi, South Korea",KS,KS11,24984,37.5664,127,-716583,20260914011500,https://www.koreaherald.com/article/10872184
1322890206,20260914,202609,2026,2026.6959,KORMIL,SOUTH KOREA,KOR,,,,,MIL,,,KOR,SOUTH KOREA,KOR,,,,,,,,1,194,194,19,4,-10.0,10,1,10,-3.42465753424657,1,Japan,JA,JA,,36,138,JA,1,Japan,JA,JA,,36,138,JA,1,Japan,JA,JA,,36,138,JA,20260914011500,https://www.koreatimes.co.kr/foreignaffairs/northkorea/20260914/n-korea-reports-latest-missile-launches-calling-it-strike-drill
1322890207,20260914,202609,2026,2026.6959,LBN,LEBANESE,LBN,,,,,,,,ISR,ISRAELI,ISR,,,,,,,,0,046,046,04,1,7.0,1,1,1,-4.77657935285054,1,Lebanon,LE,LE,,33.833333,35.833333,LE,1,Israel,IS,IS,,31.5,34.75,IS,4,"Rome, Lazio, Italy",IT,IT07,18350,41.9,12.4833,-126693,20260914011500,https://www.yahoo.com/news/world/articles/iraq-confirms-attacks-saudi-pipeline-065944052.html
1322890208,20260914,202609,2026,2026.6959,LBN,LEBANESE,LBN,,,,,,,,ISR,ISRAELI,ISR,,,,,,,,0,046,046,04,1,7.0,1,1,1,-4.77657935285054,1,Lebanon,LE,LE,,33.833333,35.833333,LE,1,Lebanon,LE,LE,,33.833333,35.833333,LE,1,Israel,IS,IS,,31.5,34.75,IS,20260914011500,https://www.yahoo.com/news/world/articles/iraq-confirms-attacks-saudi-pipeline-065944052.html
1322890209,20260914,202609,2026,2026.6959,LBN,LEBANESE,LBN,,,,,,,,ITA,ITALY,ITA,,,,,,,,0,045,045,04,1,5.0,1,1,1,-4.77657935285054,1,Lebanon,LE,LE,,33.833333,35.833333,LE,4,"Rome, Lazio, Italy",IT,IT07,18350,41.9,12.4833,-126693,4,"Rome, Lazio, Italy",IT,IT07,18350,41.9,12.4833,-126693,20260914011500,https://www.yahoo.com/news/world/articles/iraq-confirms-attacks-saudi-pipeline-065944052.html
1322890210,20260914,202609,2026,2026.6959,LBN,LEBANESE,LBN,,,,,,,,ITA,ITALY,ITA,,,,,,,,0,045,045,04,1,5.0,1,1,1,-4.77657935285054,1,Lebanon,LE,LE,,33.833333,35.833333,LE,1,Lebanon,LE,LE,,33.833333,35.833333,LE,1,Israel,IS,IS,,31.5,34.75,IS,20260914011500,https://www.yahoo.com/news/world/articles/iraq-confirms-attacks-saudi-pipeline-065944052.html
1322890211,20260914,202609,2026,2026.6959,LBNGOV,LEBANON,LBN,,,,,GOV,,,,,,,,,,,,,0,042,042,04,1,1.9,1,1,1,-4.77657935285054,4,"Rome, Lazio, Italy",IT,IT07,18350,41.9,12.4833,-126693,0,,,,,,,,4,"Rome, Lazio, Italy",IT,IT07,18350,41.9,12.4833,-126693,20260914011500,https://www.yahoo.com/news/world/articles/iraq-confirms-attacks-saudi-pipeline-065944052.html
1322890212,20260914,202609,2026,2026.6959,LBNGOV,LEBANON,LBN,,,,,GOV,,,,,,,,,,,,,0,042,042,04,1,1.9,4,1,4,-4.77657935285054,1,Lebanon,LE,LE,,33.833333,35.833333,LE,0,,,,,,,,1,Lebanon,LE,LE,,33.833333,35.833333,LE,20260914011500,https://www.yahoo.com/news/world/articles/iraq-confirms-attacks-saudi-pipeline-065944052.html
1322890213,20260914,202609,2026,2026.6959,LBNGOV,LEBANON,LBN,,,,,GOV,,,ISR,ISRAEL,ISR,,,,,,,,0,042,042,04,1,1.9,1,1,1,-4.77657935285054,4,"Rome, Lazio, Italy",IT,IT07,18350,41.9,12.4833,-126693,1,Israel,IS,IS,,31.5,34.75,IS,4,"Rome, Lazio, Italy",IT,IT07,18350,41.9,12.4833,-126693,20260914011500,https://www.yahoo.com/news/world/articles/iraq-confirms-attacks-saudi-pipeline-065944052.html
1322890214,20260914,202609,2026,2026.6959,LBNGOV,LEBANON,LBN,,,,,GOV,,,ISR,ISRAEL,ISR,,,,,,,,0,042,042,04,1,1.9,4,1,4,-4.77657935285054,1,Lebanon,LE,LE,,33.833333,35.833333,LE,1,Israel,IS,IS,,31.5,34.75,IS,1,Lebanon,LE,LE,,33.833333,35.833333,LE,20260914011500,https://www.yahoo.com/news/world/articles/iraq-confirms-attacks-saudi-pipeline-065944052.html
1322890215,20260914,202609,2026,2026.6959,LEG,SENATOR,,,,,,LEG,,,AUSGOVBUS,ANTHONY ALBANESE,AUS,,,,,GOV,BUS,,0,111,111,11,3,-2.0,64,8,64,-3.32559877891601,4,"Canberra, Australian Capital Territory, Australia",AS,AS01,4940,-35.2833,149.217,-1563952,4,"Canberra, Australian Capital Territory, Australia",AS,AS01,4940,-35.2833,149.217,-1563952,4,"Canberra, Australian Capital Territory, Australia",AS,AS01,4940,-35.2833,149.217,-1563952,20260914011500,https://www.southernhighlandnews.com.au/story/9349586/one-nation-pledges-to-slash-immigration-by-750000/
1322890216,20260914,202609,2026,2026.6959,LEG,UPPER HOUSE,,,,,,LEG,,,GOV,GOVERNMENT,,,,,,GOV,,,0,020,020,02,1,3.0,5,1,5,-6.84769775678867,0,,,,,,,,0,,,,,,,,0,,,,,,,,20260914011500,https://www.theage.com.au/national/victoria/motorbike-rider-dies-after-reportedly-hitting-pothole-on-western-highway-20260913-p60wy3.html
1322890217,20260914,202609,2026,2026.6959,LEG,UPPER HOUSE,,,,,,LEG,,,GOV,GOVERNMENT,,,,,,GOV,,,0,110,110,11,3,-2.0,5,1,5,-6.84769775678867,0,,,,,,,,0,,,,,,,,0,,,,,,,,20260914011500,https://www.theage.com.au/national/victoria/motorbike-rider-dies-after-reportedly-hitting-pothole-on-western-highway-20260913-p60wy3.html
1322890218,20260914,202609,2026,2026.6959,LEG,HOUSE OF ASSEMBLY,,,,,,LEG,,,NGA,KADUNA,NGA,,,,,,,,1,040,040,04,1,1.0,2,1,2,3.03030303030303,5,"Zamfara State, Zamfara, Nigeria",NI,NI57,191424,12.1667,6.25,9098622,4,"Kaduna, Kaduna, Nigeria",NI,NI23,22832,10.5231,7.44028,-2014086,4,"Kaduna, Kaduna, Nigeria",NI,NI23,22832,10.5231,7.44028,-2014086,20260914011500,https://tribuneonlineng.com/matawalle-rallies-support-for-tinubus-anti-banditry-efforts/
1322890219,20260914,202609,2026,2026.6959,MCOELIGOV,ALBERT,MCO,,,,,ELI,GOV,,,,,,,,,,,,1,043,043,04,1,2.8,2,1,2,-0.65274151436031,4,"Prince Albert, Saskatchewan, Canada",CA,CA11,154724,53.2,-105.75,-571717,0,,,,,,,,4,"Prince Albert, Saskatchewan, Canada",CA,CA11,154724,53.2,-105.75,-571717,20260914011500,https://www.cjme.com/2026/09/13/biggar-mom-sounds-alarm-on-pediatric-bed-shortages-in-saskatchewan/
1322890220,20260914,202609,2026,2026.6959,MCOELIGOV,ALBERT,MCO,,,,,ELI,GOV,,CAN,CANADA,CAN,,,,,,,,1,043,043,04,1,2.8,2,1,2,-0.65274151436031,4,"North Battleford, Saskatchewan, Canada",CA,CA11,154724,52.7667,-108.283,-570278,4,"Prince Albert, Saskatchewan, Canada",CA,CA11,154724,53.2,-105.75,-571717,4,"North Battleford, Saskatchewan, Canada",CA,CA11,154724,52.7667,-108.283,-570278,20260914011500,https://www.cjme.com/2026/09/13/biggar-mom-sounds-alarm-on-pediatric-bed-shortages-in-saskatchewan/
1322890221,20260914,202609,2026,2026.6959,MCOELIGOV,ALBERT,MCO,,,,,ELI,GOV,,CAN,CANADA,CAN,,,,,,,,1,043,043,04,1,2.8,2,1,2,-0.65274151436031,4,"Prince Albert, Saskatchewan, Canada",CA,CA11,154724,53.2,-105.75,-571717,4,"North Battleford, Saskatchewan, Canada",CA,CA11,154724,52.7667,-108.283,-570278,4,"Prince Albert, Saskatchewan, Canada",CA,CA11,154724,53.2,-105.75,-571717,20260914011500,https://www.cjme.com/2026/09/13/biggar-mom-sounds-alarm-on-pediatric-bed-shortages-in-saskatchewan/
1322890222,20260914,202609,2026,2026.6959,MED,PUBLICATION,,,,,,MED,,,,,,,,,,,,,1,010,010,01,1,0.0,5,1,5,0,4,"Volgograd, Volgogradskaya Oblast', Russia",RS,RS84,25113,48.8047,44.5858,-3034353,0,,,,,,,,4,"Volgograd, Volgogradskaya Oblast', Russia",RS,RS84,25113,48.8047,44.5858,-3034353,20260914011500,https://www.eng.kavkaz-uzel.eu/articles/78540
1322890223,20260914,202609,2026,2026.6959,MED,MEDIA,,,,,,MED,,,,,,,,,,,,,0,014,014,01,1,0.0,10,1,10,2.35131396957123,1,United States,US,US,,39.828175,-98.5795,US,0,,,,,,,,1,United States,US,US,,39.828175,-98.5795,US,20260914011500,https://dailyillini.com/life_and_culture-stories/arts-and-entertainment/2026/09/13/ae-rewind-this-weeks-buzz/
1322890224,20260914,202609,2026,2026.6959,MED,MEDIA,,,,,,MED,,,,,,,,,,,,,0,020,020,02,1,3.0,10,1,10,-0.86160473882606,4,"Moscow, Moskva, Russia",RS,RS48,25106,55.7522,37.6156,-2960561,0,,,,,,,,4,"Moscow, Moskva, Russia",RS,RS48,25106,55.7522,37.6156,-2960561,20260914011500,https://www.eurasiareview.com/14092026-the-russia-china-bilateral-deepens-analysis/
1322890225,20260914,202609,2026,2026.6959,MED,WEBSITE,,,,,,MED,,,,,,,,,,,,,1,060,060,06,2,6.0,3,1,3,-5.08221225710014,1,New Zealand,NZ,NZ,,-42,174,NZ,0,,,,,,,,1,New Zealand,NZ,NZ,,-42,174,NZ,20260914011500,https://livenews.co.nz/2026/09/14/tech-and-security-kiwis-warned-as-ai-search-results-direct-users-to-scam-sites-new-data/
1322890226,20260914,202609,2026,2026.6959,MED,MAGAZINE,,,,,,MED,,,,,,,,,,,,,0,072,072,07,2,8.3,10,1,10,3.25203252032521,1,United States,US,US,,39.828175,-98.5795,US,0,,,,,,,,1,United States,US,US,,39.828175,-98.5795,US,20260914011500,https://www.eurasiareview.com/14092026-australia-thailand-boosting-security-cooperation/
1322890227,20260914,202609,2026,2026.6959,MED,MEDIA,,,,,,MED,,,IRN,IRANIAN,IRN,,,,,,,,1,112,112,11,3,-2.0,3,1,3,-12.0845921450151,1,Iran,IR,IR,,32,53,IR,1,Iran,IR,IR,,32,53,IR,1,Iran,IR,IR,,32,53,IR,20260914011500,https://www.theyeshivaworld.com/news/israel-news/2597577/iran-in-turmoil-generals-threaten-to-resign-as-bitter-infighting-erupts-at-top-of-regime.html
1322890228,20260914,202609,2026,2026.6959,MED,MEDIA,,,,,,MED,,,IRN,IRANIAN,IRN,,,,,,,,1,160,160,16,4,-4.0,2,1,2,-12.0845921450151,1,Iran,IR,IR,,32,53,IR,1,Iran,IR,IR,,32,53,IR,1,Iran,IR,IR,,32,53,IR,20260914011500,https://www.theyeshivaworld.com/news/israel-news/2597577/iran-in-turmoil-generals-threaten-to-resign-as-bitter-infighting-erupts-at-top-of-regime.html
1322890229,20260914,202609,2026,2026.6959,MED,MEDIA,,,,,,MED,,,IRN,IRANIAN,IRN,,,,,,,,1,190,190,19,4,-10.0,5,1,5,-12.0845921450151,1,Oman,MU,MU,,21,57,MU,1,Oman,MU,MU,,21,57,MU,1,Oman,MU,MU,,21,57,MU,20260914011500,https://www.theyeshivaworld.com/news/israel-news/2597577/iran-in-turmoil-generals-threaten-to-resign-as-bitter-infighting-erupts-at-top-of-regime.html
1322890230,20260914,202609,2026,2026.6959,MED,NEWS AGENCY,,,,,,MED,,,OMN,OMAN,OMN,,,,,,,,0,040,040,04,1,1.0,2,1,2,0.77821011673151,1,Iran,IR,IR,,32,53,IR,1,Oman,MU,MU,,21,57,MU,1,Iran,IR,IR,,32,53,IR,20260914011500,https://www.eurasiareview.com/14092026-iranian-fm-araqchi-says-oman-deal-does-not-mean-reopening-of-hormuz-strait/
1322890231,20260914,202609,2026,2026.6959,MED,NEWS AGENCY,,,,,,MED,,,OMN,OMAN,OMN,,,,,,,,0,040,040,04,1,1.0,8,1,8,0.77821011673151,1,Iran,IR,IR,,32,53,IR,1,Oman,MU,MU,,21,57,MU,1,Oman,MU,MU,,21,57,MU,20260914011500,https://www.eurasiareview.com/14092026-iranian-fm-araqchi-says-oman-deal-does-not-mean-reopening-of-hormuz-strait/
1322890232,20260914,202609,2026,2026.6959,MED,NEWS AGENCY,,,,,,MED,,,OMN,OMAN,OMN,,,,,,,,0,046,046,04,1,7.0,10,1,10,0.77821011673151,1,Iran,IR,IR,,32,53,IR,1,Oman,MU,MU,,21,57,MU,1,Iran,IR,IR,,32,53,IR,20260914011500,https://www.eurasiareview.com/14092026-iranian-fm-araqchi-says-oman-deal-does-not-mean-reopening-of-hormuz-strait/
1322890233,20260914,202609,2026,2026.6959,MED,CORRESPONDENT,,,,,,MED,,,UAF,FIGHTER,,,,,,UAF,,,1,012,012,01,1,-0.4,10,1,10,-2.34741784037559,5,"Auckland, Auckland, New Zealand",NZ,NZE7,22379,-36.75,174.583,11483124,5,"Auckland, Auckland, New Zealand",NZ,NZE7,22379,-36.75,174.583,11483124,5,"Auckland, Auckland, New Zealand",NZ,NZE7,22379,-36.75,174.583,11483124,20260914011500,https://livenews.co.nz/2026/09/14/callers-with-conundrums-docs-unusual-queries/
1322890234,20260914,202609,2026,2026.6959,MED,MEDIA,,,,,,MED,,,USA,NEW YORK,USA,,,,,,,,1,040,040,04,1,1.0,4,1,4,-3.62173038229376,4,"Alexandria, Al Iskandariyah, Egypt",EG,EG06,61590,31.1981,29.9192,-290263,4,"Alexandria, Al Iskandariyah, Egypt",EG,EG06,61590,31.1981,29.9192,-290263,4,"Alexandria, Al Iskandariyah, Egypt",EG,EG06,61590,31.1981,29.9192,-290263,20260914011500,https://www.theyeshivaworld.com/news/general/2597618/outrage-at-ground-zero-mamdani-and-aoc-seen-laughing-during-solemn-reading-of-9-11-victims-names.html
1322890235,20260914,202609,2026,2026.6959,MED,MEDIA,,,,,,MED,,,USA,NEW YORK CITY,USA,,,,,,,,1,040,040,04,1,1.0,6,1,6,-3.62173038229376,2,"New York, United States",US,USNY,,42.1497,-74.9384,NY,2,"New York, United States",US,USNY,,42.1497,-74.9384,NY,2,"New York, United States",US,USNY,,42.1497,-74.9384,NY,20260914011500,https://www.theyeshivaworld.com/news/general/2597618/outrage-at-ground-zero-mamdani-and-aoc-seen-laughing-during-solemn-reading-of-9-11-victims-names.html
1322890236,20260914,202609,2026,2026.6959,MIL,ARMY,,,,,,MIL,,,,,,,,,,,,,1,043,043,04,1,2.8,10,1,10,0.35211267605634,1,Israel,IS,IS,,31.5,34.75,IS,0,,,,,,,,1,Israel,IS,IS,,31.5,34.75,IS,20260914011500,https://www.ucb.co.uk/word-for-today/200153
1322890237,20260914,202609,2026,2026.6959,MIL,ARMY,,,,,,MIL,,,,,,,,,,,,,1,190,190,19,4,-10.0,10,1,10,0.35211267605634,1,Israel,IS,IS,,31.5,34.75,IS,0,,,,,,,,1,Israel,IS,IS,,31.5,34.75,IS,20260914011500,https://www.ucb.co.uk/word-for-today/200153
1322890238,20260914,202609,2026,2026.6959,MIL,BATTALION,,,,,,MIL,,,CMR,CAMEROON,CMR,,,,,,,,0,190,190,19,4,-10.0,1,1,1,-1.60857908847185,1,Cameroon,CM,CM,,6,12,CM,1,Cameroon,CM,CM,,6,12,CM,1,Cameroon,CM,CM,,6,12,CM,20260914011500,https://www.eurasiareview.com/14092026-deception-leaves-student-fighting-for-life-in-russian-army/
1322890239,20260914,202609,2026,2026.6959,MIL,BATTALION,,,,,,MIL,,,CMR,CAMEROON,CMR,,,,,,,,0,190,190,19,4,-10.0,1,1,1,-1.60857908847185,1,Cameroon,CM,CM,,6,12,CM,1,Cameroon,CM,CM,,6,12,CM,1,Guinea,GV,GV,,11,-10,GV,20260914011500,https://www.eurasiareview.com/14092026-deception-leaves-student-fighting-for-life-in-russian-army/
1322890240,20260914,202609,2026,2026.6959,MIL,COMMANDER,,,,,,MIL,,,GOV,PRESIDENT,,,,,,GOV,,,1,043,043,04,1,2.8,1,1,1,4.51612903225806,4,"Jakarta, Jakarta Raya, Indonesia",ID,ID04,18585,-6.17444,106.829,-2679652,4,"New Delhi, Delhi, India",IN,IN07,17911,28.6,77.2,-2106102,4,"Jakarta, Jakarta Raya, Indonesia",ID,ID04,18585,-6.17444,106.829,-2679652,20260914011500,https://en.tempo.co/read/2119500/prabowo-returns-to-indonesia-after-2026-brics-summit
1322890241,20260914,202609,2026,2026.6959,MIL,COMMANDER,,,,,,MIL,,,GOV,PRESIDENT,,,,,,GOV,,,1,043,043,04,1,2.8,1,1,1,4.51612903225806,4,"Halim Perdanakusuma, Jakarta Raya, Indonesia",ID,ID04,18585,-6.2647,106.894,10169008,4,"New Delhi, Delhi, India",IN,IN07,17911,28.6,77.2,-2106102,4,"New Delhi, Delhi, India",IN,IN07,17911,28.6,77.2,-2106102,20260914011500,https://en.tempo.co/read/2119500/prabowo-returns-to-indonesia-after-2026-brics-summit
1322890242,20260914,202609,2026,2026.6959,MIL,COMMANDER,,,,,,MIL,,,GOV,PRESIDENT,,,,,,GOV,,,1,051,051,05,1,3.4,6,1,6,4.51612903225806,4,"Jakarta, Jakarta Raya, Indonesia",ID,ID04,18585,-6.17444,106.829,-2679652,4,"Jakarta, Jakarta Raya, Indonesia",ID,ID04,18585,-6.17444,106.829,-2679652,4,"Jakarta, Jakarta Raya, Indonesia",ID,ID04,18585,-6.17444,106.829,-2679652,20260914011500,https://en.tempo.co/read/2119500/prabowo-returns-to-indonesia-after-2026-brics-summit
1322890243,20260914,202609,2026,2026.6959,MIL,COMMANDER,,,,,,MIL,,,IRNGOVMIL,AHMAD VAHIDI,IRN,,,,,GOV,MIL,,1,101,101,10,3,-5.0,4,1,4,-12.0845921450151,1,Iran,IR,IR,,32,53,IR,1,Iran,IR,IR,,32,53,IR,1,Iran,IR,IR,,32,53,IR,20260914011500,https://www.theyeshivaworld.com/news/israel-news/2597577/iran-in-turmoil-generals-threaten-to-resign-as-bitter-infighting-erupts-at-top-of-regime.html
1322890244,20260914,202609,2026,2026.6959,MIL,COMMANDER,,,,,,MIL,,,IRNGOVMIL,AHMAD VAHIDI,IRN,,,,,GOV,MIL,,1,101,101,10,3,-5.0,1,1,1,-12.0845921450151,1,Iran,IR,IR,,32,53,IR,1,Iran,IR,IR,,32,53,IR,1,Iraq,IZ,IZ,,33,44,IZ,20260914011500,https://www.theyeshivaworld.com/news/israel-news/2597577/iran-in-turmoil-generals-threaten-to-resign-as-bitter-infighting-erupts-at-top-of-regime.html
1322890245,20260914,202609,2026,2026.6959,MIL,COMMANDER,,,,,,MIL,,,IRNGOVMIL,AHMAD VAHIDI,IRN,,,,,GOV,MIL,,1,101,101,10,3,-5.0,5,1,5,-12.0845921450151,1,Oman,MU,MU,,21,57,MU,1,Oman,MU,MU,,21,57,MU,1,Oman,MU,MU,,21,57,MU,20260914011500,https://www.theyeshivaworld.com/news/israel-news/2597577/iran-in-turmoil-generals-threaten-to-resign-as-bitter-infighting-erupts-at-top-of-regime.html
1322890246,20260914,202609,2026,2026.6959,MIL,ARMY,,,,,,MIL,,,RUS,RUSSIAN,RUS,,,,,,,,0,090,090,09,2,-2.0,2,1,2,-3.21592649310873,4,"Kyiv, Kyyiv, Misto, Ukraine",UP,UP12,28554,50.4333,30.5167,-1044367,4,"Kyiv, Kyyiv, Misto, Ukraine",UP,UP12,28554,50.4333,30.5167,-1044367,4,"Kyiv, Kyyiv, Misto, Ukraine",UP,UP12,28554,50.4333,30.5167,-1044367,20260914011500,https://www.thedailybeast.com/vladimir-putins-battlefield-boasts-collapse-in-humiliating-fashion/
1322890247,20260914,202609,2026,2026.6959,MIL,ARMY,,,,,,MIL,,,RUS,RUSSIAN,RUS,,,,,,,,0,090,090,09,2,-2.0,8,1,8,-3.21592649310873,4,"Kyiv, Kyyiv, Misto, Ukraine",UP,UP12,28554,50.4333,30.5167,-1044367,4,"Kremlin, Moskva, Russia",RS,RS48,25106,55.7522,37.6156,-2960561,4,"Kremlin, Moskva, Russia",RS,RS48,25106,55.7522,37.6156,-2960561,20260914011500,https://www.thedailybeast.com/vladimir-putins-battlefield-boasts-collapse-in-humiliating-fashion/
1322890248,20260914,202609,2026,2026.6959,MIL,COMMANDER,,,,,,MIL,,,UKR,UKRAINE,UKR,,,,,,,,0,010,010,01,1,0.0,2,1,2,-3.21592649310873,4,"Moscow, Moskva, Russia",RS,RS48,25106,55.7522,37.6156,-2960561,4,"Kyiv, Kyyiv, Misto, Ukraine",UP,UP12,28554,50.4333,30.5167,-1044367,4,"Kyiv, Kyyiv, Misto, Ukraine",UP,UP12,28554,50.4333,30.5167,-1044367,20260914011500,https://www.thedailybeast.com/vladimir-putins-battlefield-boasts-collapse-in-humiliating-fashion/
1322890249,20260914,202609,2026,2026.6959,MILMED,MILITARY,,,,,,MIL,MED,,MIL,SECURITY PERSONNEL,,,,,,MIL,,,0,072,072,07,2,8.3,10,1,10,2.51968503937008,1,United States,US,US,,39.828175,-98.5795,US,1,United States,US,US,,39.828175,-98.5795,US,1,United States,US,US,,39.828175,-98.5795,US,20260914011500,https://www.eurasiareview.com/14092026-nato-allies-build-a-more-resilient-defense-posture/
1322890250,20260914,202609,2026,2026.6959,MILMIL,COMMANDER,,,,,,MIL,MIL,,USA,WASHINGTON,USA,,,,,,,,1,040,040,04,1,1.0,10,1,10,-7.07070707070707,3,"Washington, District of Columbia, United States",US,USDC,DC001,38.8951,-77.0364,531871,3,"Washington, District of Columbia, United States",US,USDC,DC001,38.8951,-77.0364,531871,3,"Washington, District of Columbia, United States",US,USDC,DC001,38.8951,-77.0364,531871,20260914011500,https://www.oann.com/newsroom/not-concerned-at-all-centcom-commander-addresses-purported-munitions-shortage/
1322890251,20260914,202609,2026,2026.6959,MNCJPN,TOYOTA,JPN,,,,,MNC,,,,,,,,,,,,,1,062,062,06,2,7.4,10,1,10,5.59210526315789,3,"Cincinnati, Ohio, United States",US,USOH,OH061,39.162,-84.4569,1066650,0,,,,,,,,3,"Cincinnati, Ohio, United States",US,USOH,OH061,39.162,-84.4569,1066650,20260914011500,https://www.mediapost.com/publications/article/417900/graeters-ice-cream-toyota-collaborate-on-chip-w.html
1322890252,20260914,202609,2026,2026.6959,MNCUSA,ISHARES,USA,,,,,MNC,,,,,,,,,,,,,1,010,010,01,1,0.0,20,2,20,0.653863511006368,0,,,,,,,,0,,,,,,,,0,,,,,,,,20260914011500,https://www.dailypolitical.com/2026/09/13/short-interest-in-ishares-global-consumer-discretionary-etf-nysearcarxi-expands-by-344-5.html
1322890253,20260914,202609,2026,2026.6959,MNCUSA,NETFLIX,USA,,,,,MNC,,,,,,,,,,,,,1,043,043,04,1,2.8,3,1,3,-2.4,3,"Hollywood, California, United States",US,USCA,CA037,34.0983,-118.327,1660757,0,,,,,,,,3,"Hollywood, California, United States",US,USCA,CA037,34.0983,-118.327,1660757,20260914011500,https://wrrv.com/ixp/854/p/netflix-documentary-highlights-hudson-valleys-garbage-gangsters-greed/
1322890254,20260914,202609,2026,2026.6959,MNCUSA,NETFLIX,USA,,,,,MNC,,,,,,,,,,,,,1,043,043,04,1,2.8,2,1,2,-2.4,3,"Middletown, California, United States",US,USCA,CA033,38.7524,-122.615,228626,0,,,,,,,,3,"Middletown, California, United States",US,USCA,CA033,38.7524,-122.615,228626,20260914011500,https://wrrv.com/ixp/854/p/netflix-documentary-highlights-hudson-valleys-garbage-gangsters-greed/
1322890255,20260914,202609,2026,2026.6959,MNCUSA,COSTCO,USA,,,,,MNC,,,,,,,,,,,,,1,111,111,11,3,-2.0,10,1,10,-3.60205831903945,1,Ukraine,UP,UP,,49,32,UP,0,,,,,,,,1,Ukraine,UP,UP,,49,32,UP,20260914011500,https://carbuzz.com/costco-motor-oil-rationed-shortage/
1322890256,20260914,202609,2026,2026.6959,MNCUSA,COSTCO,USA,,,,,MNC,,,,,,,,,,,,,1,170,170,17,4,-7.0,10,1,10,-3.60205831903945,1,United States,US,US,,39.828175,-98.5795,US,0,,,,,,,,1,United States,US,US,,39.828175,-98.5795,US,20260914011500,https://carbuzz.com/costco-motor-oil-rationed-shortage/
1322890257,20260914,202609,2026,2026.6959,MNCUSAMED,WESCO INTERNATIONAL,USA,,,,,MNC,MED,,,,,,,,,,,,0,010,010,01,1,0.0,10,1,10,3.16742081447964,2,"Virginia, United States",US,USVA,,37.768,-78.2057,VA,0,,,,,,,,2,"Virginia, United States",US,USVA,,37.768,-78.2057,VA,20260914011500,https://www.tickerreport.com/banking-finance/13584007/ferguson-nyseferg-vs-wesco-international-nysewcc-critical-review.html
1322890258,20260914,202609,2026,2026.6959,MOS,ISLAMIC,,,,MOS,,,,,,,,,,,,,,,1,045,045,04,1,5.0,3,1,3,-12.0845921450151,1,Iran,IR,IR,,32,53,IR,0,,,,,,,,1,Iran,IR,IR,,32,53,IR,20260914011500,https://www.theyeshivaworld.com/news/israel-news/2597577/iran-in-turmoil-generals-threaten-to-resign-as-bitter-infighting-erupts-at-top-of-regime.html
1322890259,20260914,202609,2026,2026.6959,MOS,IMAM,,,,MOS,,,,,,,,,,,,,,,0,051,051,05,1,3.4,6,1,6,1.6895459345301,4,"Ijebu Ode, Ogun, Nigeria",NI,NI16,191273,6.81609,3.91588,-2011412,0,,,,,,,,4,"Ijebu Ode, Ogun, Nigeria",NI,NI16,191273,6.81609,3.91588,-2011412,20260914011500,https://tribuneonlineng.com/lift-embargo-on-awujales-selection-process-religious-leaders-urge-gov-abiodun/
1322890260,20260914,202609,2026,2026.6959,MOS,IMAM,,,,MOS,,,,,,,,,,,,,,,0,051,051,05,1,3.4,4,1,4,1.6895459345301,4,"Kaduna, Kaduna, Nigeria",NI,NI23,22832,10.5231,7.44028,-2014086,0,,,,,,,,4,"Kaduna, Kaduna, Nigeria",NI,NI23,22832,10.5231,7.44028,-2014086,20260914011500,https://tribuneonlineng.com/lift-embargo-on-awujales-selection-process-religious-leaders-urge-gov-abiodun/
1322890261,20260914,202609,2026,2026.6959,NGA,NIGERIA,NGA,,,,,,,,,,,,,,,,,,0,010,010,01,1,0.0,3,1,3,3.86266094420601,4,"Ikorodu, Lagos, Nigeria",NI,NI05,22931,6.61548,3.50867,-2011584,0,,,,,,,,4,"Ikorodu, Lagos, Nigeria",NI,NI05,22931,6.61548,3.50867,-2011584,20260914011500,https://tribuneonlineng.com/niso-intensifies-efforts-on-grid-stability-market-discipline/
1322890262,20260914,202609,2026,2026.6959,NGA,NIGERIA,NGA,,,,,,,,,,,,,,,,,,1,010,010,01,1,0.0,5,1,4,-3.45622119815668,4,"Kaduna, Kaduna, Nigeria",NI,NI23,22832,10.5231,7.44028,-2014086,0,,,,,,,,4,"Kaduna, Kaduna, Nigeria",NI,NI23,22832,10.5231,7.44028,-2014086,20260914011500,https://tribuneonlineng.com/kaduna-we-lost-200000-cows-50-members-to-banditry-in-eight-months-miyetti-allah/
1322890263,20260914,202609,2026,2026.6959,NGA,NIGERIA,NGA,,,,,,,,,,,,,,,,,,1,020,020,02,1,3.0,7,1,7,1.6895459345301,4,"Ijebu, Nigeria (general), Nigeria",NI,NI00,191253,7.18333,3.4,-2011407,0,,,,,,,,4,"Ijebu, Nigeria (general), Nigeria",NI,NI00,191253,7.18333,3.4,-2011407,20260914011500,https://tribuneonlineng.com/lift-embargo-on-awujales-selection-process-religious-leaders-urge-gov-abiodun/
1322890264,20260914,202609,2026,2026.6959,NGA,NIGERIA,NGA,,,,,,,,,,,,,,,,,,0,051,051,05,1,3.4,2,1,2,-3.45622119815668,4,"Kaduna, Kaduna, Nigeria",NI,NI23,22832,10.5231,7.44028,-2014086,0,,,,,,,,4,"Kaduna, Kaduna, Nigeria",NI,NI23,22832,10.5231,7.44028,-2014086,20260914011500,https://tribuneonlineng.com/kaduna-we-lost-200000-cows-50-members-to-banditry-in-eight-months-miyetti-allah/
1322890265,20260914,202609,2026,2026.6959,NGA,NIGERIA,NGA,,,,,,,,,,,,,,,,,,1,051,051,05,1,3.4,4,1,4,3.53982300884956,4,"Lagos, Lagos, Nigeria",NI,NI05,191416,6.45306,3.39583,-2017355,0,,,,,,,,4,"Lagos, Lagos, Nigeria",NI,NI05,191416,6.45306,3.39583,-2017355,20260914011500,https://tribuneonlineng.com/eyesan-reaffirms-commitment-to-gender-inclusion-in-energy-sector/
1322890266,20260914,202609,2026,2026.6959,NGA,NIGERIA,NGA,,,,,,,,,,,,,,,,,,0,051,051,05,1,3.4,10,1,10,3.37078651685394,1,Nigeria,NI,NI,,10,8,NI,0,,,,,,,,1,Nigeria,NI,NI,,10,8,NI,20260914011500,https://tribuneonlineng.com/mtn-nigeria-leads-africa-in-gender-equality-secures-edge-advance/
1322890267,20260914,202609,2026,2026.6959,NGA,NIGERIA,NGA,,,,,,,,,,,,,,,,,,1,070,070,07,2,7.0,4,1,4,1.6895459345301,4,"Ijebu Ode, Ogun, Nigeria",NI,NI16,191273,6.81609,3.91588,-2011412,0,,,,,,,,4,"Ijebu, Nigeria (general), Nigeria",NI,NI00,191253,7.18333,3.4,-2011407,20260914011500,https://tribuneonlineng.com/lift-embargo-on-awujales-selection-process-religious-leaders-urge-gov-abiodun/
1322890268,20260914,202609,2026,2026.6959,NGA,NIGERIA,NGA,,,,,,,,BUS,TRADER,,,,,,BUS,,,0,012,012,01,1,-0.4,4,1,4,-3.45622119815668,4,"Kachia, Nigeria (general), Nigeria",NI,NI00,191108,9.86667,7.95,-2014015,4,"Kachia, Nigeria (general), Nigeria",NI,NI00,191108,9.86667,7.95,-2014015,4,"Kachia, Nigeria (general), Nigeria",NI,NI00,191108,9.86667,7.95,-2014015,20260914011500,https://tribuneonlineng.com/kaduna-we-lost-200000-cows-50-members-to-banditry-in-eight-months-miyetti-allah/
1322890269,20260914,202609,2026,2026.6959,NGA,NIGERIA,NGA,,,,,,,,BUS,TRADER,,,,,,BUS,,,0,012,012,01,1,-0.4,1,1,1,-3.45622119815668,4,"Kachia, Nigeria (general), Nigeria",NI,NI00,191108,9.86667,7.95,-2014015,4,"Kaduna, Kaduna, Nigeria",NI,NI23,22832,10.5231,7.44028,-2014086,4,"Kaduna, Kaduna, Nigeria",NI,NI23,22832,10.5231,7.44028,-2014086,20260914011500,https://tribuneonlineng.com/kaduna-we-lost-200000-cows-50-members-to-banditry-in-eight-months-miyetti-allah/
1322890270,20260914,202609,2026,2026.6959,NGA,NIGERIA,NGA,,,,,,,,BUS,TRADER,,,,,,BUS,,,0,012,012,01,1,-0.4,2,1,2,-3.45622119815668,4,"Kaduna, Kaduna, Nigeria",NI,NI23,22832,10.5231,7.44028,-2014086,4,"Kachia, Nigeria (general), Nigeria",NI,NI00,191108,9.86667,7.95,-2014015,4,"Kaduna, Kaduna, Nigeria",NI,NI23,22832,10.5231,7.44028,-2014086,20260914011500,https://tribuneonlineng.com/kaduna-we-lost-200000-cows-50-members-to-banditry-in-eight-months-miyetti-allah/
1322890271,20260914,202609,2026,2026.6959,NGA,NIGERIA,NGA,,,,,,,,BUS,TRADER,,,,,,BUS,,,0,012,012,01,1,-0.4,1,1,1,-3.45622119815668,4,"Kaduna, Kaduna, Nigeria",NI,NI23,22832,10.5231,7.44028,-2014086,4,"Kaduna, Kaduna, Nigeria",NI,NI23,22832,10.5231,7.44028,-2014086,4,"Kaduna, Kaduna, Nigeria",NI,NI23,22832,10.5231,7.44028,-2014086,20260914011500,https://tribuneonlineng.com/kaduna-we-lost-200000-cows-50-members-to-banditry-in-eight-months-miyetti-allah/
1322890272,20260914,202609,2026,2026.6959,NGA,NIGERIA,NGA,,,,,,,,GOV,GOVERNMENT,,,,,,GOV,,,0,020,020,02,1,3.0,2,1,2,-3.45622119815668,4,"Kaduna, Kaduna, Nigeria",NI,NI23,22832,10.5231,7.44028,-2014086,4,"Kaduna, Kaduna, Nigeria",NI,NI23,22832,10.5231,7.44028,-2014086,4,"Kaduna, Kaduna, Nigeria",NI,NI23,22832,10.5231,7.44028,-2014086,20260914011500,https://tribuneonlineng.com/kaduna-we-lost-200000-cows-50-members-to-banditry-in-eight-months-miyetti-allah/
1322890273,20260914,202609,2026,2026.6959,NGA,KADUNA,NGA,,,,,,,,LEG,HOUSE OF ASSEMBLY,,,,,,LEG,,,1,020,020,02,1,3.0,2,1,2,3.03030303030303,4,"Kaduna, Kaduna, Nigeria",NI,NI23,22832,10.5231,7.44028,-2014086,5,"Zamfara State, Zamfara, Nigeria",NI,NI57,191424,12.1667,6.25,9098622,5,"Zamfara State, Zamfara, Nigeria",NI,NI57,191424,12.1667,6.25,9098622,20260914011500,https://tribuneonlineng.com/matawalle-rallies-support-for-tinubus-anti-banditry-efforts/
1322890274,20260914,202609,2026,2026.6959,NGA,KADUNA,NGA,,,,,,,,LEG,HOUSE OF ASSEMBLY,,,,,,LEG,,,1,040,040,04,1,1.0,2,1,2,3.03030303030303,5,"Zamfara State, Zamfara, Nigeria",NI,NI57,191424,12.1667,6.25,9098622,5,"Zamfara State, Zamfara, Nigeria",NI,NI57,191424,12.1667,6.25,9098622,5,"Zamfara State, Zamfara, Nigeria",NI,NI57,191424,12.1667,6.25,9098622,20260914011500,https://tribuneonlineng.com/matawalle-rallies-support-for-tinubus-anti-banditry-efforts/
1322890275,20260914,202609,2026,2026.6959,NGA,NIGERIA,NGA,,,,,,,,MEX,MEXICO,MEX,,,,,,,,1,010,010,01,1,0.0,2,1,2,0.17064846416382,5,"Anambra State, Anambra, Nigeria",NI,NI25,22646,6.33333,7,-1999834,5,"Anambra State, Anambra, Nigeria",NI,NI25,22646,6.33333,7,-1999834,5,"Anambra State, Anambra, Nigeria",NI,NI25,22646,6.33333,7,-1999834,20260914011500,https://tribuneonlineng.com/tinubu-has-already-won-2027-presidential-election-reno-omokri/
1322890276,20260914,202609,2026,2026.6959,NGA,NIGERIA,NGA,,,,,,,,MEX,MEXICO,MEX,,,,,,,,1,010,010,01,1,0.0,2,1,2,0.17064846416382,1,Mexico,MX,MX,,23,-102,MX,4,"Rome, Lazio, Italy",IT,IT07,18350,41.9,12.4833,-126693,4,"Rome, Lazio, Italy",IT,IT07,18350,41.9,12.4833,-126693,20260914011500,https://tribuneonlineng.com/tinubu-has-already-won-2027-presidential-election-reno-omokri/
1322890277,20260914,202609,2026,2026.6959,NGA,NIGERIA,NGA,,,,,,,,MEX,MEXICO,MEX,,,,,,,,0,051,051,05,1,3.4,2,1,2,0.17064846416382,5,"Anambra State, Anambra, Nigeria",NI,NI25,22646,6.33333,7,-1999834,1,Mexico,MX,MX,,23,-102,MX,1,Mexico,MX,MX,,23,-102,MX,20260914011500,https://tribuneonlineng.com/tinubu-has-already-won-2027-presidential-election-reno-omokri/
1322890278,20260914,202609,2026,2026.6959,NGA,NIGERIA,NGA,,,,,,,,MEX,MEXICO,MEX,,,,,,,,0,051,051,05,1,3.4,2,1,2,0.17064846416382,5,"Adamawa State, Adamawa, Nigeria",NI,NI35,191126,9.33333,12.5,29565,1,Mexico,MX,MX,,23,-102,MX,1,Mexico,MX,MX,,23,-102,MX,20260914011500,https://tribuneonlineng.com/tinubu-has-already-won-2027-presidential-election-reno-omokri/
1322890279,20260914,202609,2026,2026.6959,NGA,NIGERIA,NGA,,,,,,,,NGALEG,NIGERIA,NGA,,,,,LEG,,,1,020,020,02,1,3.0,4,1,4,3.03030303030303,4,"Kaduna, Kaduna, Nigeria",NI,NI23,22832,10.5231,7.44028,-2014086,5,"Zamfara State, Zamfara, Nigeria",NI,NI57,191424,12.1667,6.25,9098622,5,"Zamfara State, Zamfara, Nigeria",NI,NI57,191424,12.1667,6.25,9098622,20260914011500,https://tribuneonlineng.com/matawalle-rallies-support-for-tinubus-anti-banditry-efforts/
1322890280,20260914,202609,2026,2026.6959,NGA,NIGERIA,NGA,,,,,,,,NGALEG,NIGERIA,NGA,,,,,LEG,,,1,020,020,02,1,3.0,2,1,2,3.03030303030303,5,"Zamfara State, Zamfara, Nigeria",NI,NI57,191424,12.1667,6.25,9098622,4,"Kaduna, Kaduna, Nigeria",NI,NI23,22832,10.5231,7.44028,-2014086,4,"Kaduna, Kaduna, Nigeria",NI,NI23,22832,10.5231,7.44028,-2014086,20260914011500,https://tribuneonlineng.com/matawalle-rallies-support-for-tinubus-anti-banditry-efforts/
1322890281,20260914,202609,2026,2026.6959,NGA,NIGERIA,NGA,,,,,,,,NGALEG,NIGERIA,NGA,,,,,LEG,,,1,020,020,02,1,3.0,2,1,2,3.03030303030303,5,"Zamfara State, Zamfara, Nigeria",NI,NI57,191424,12.1667,6.25,9098622,5,"Zamfara State, Zamfara, Nigeria",NI,NI57,191424,12.1667,6.25,9098622,5,"Zamfara State, Zamfara, Nigeria",NI,NI57,191424,12.1667,6.25,9098622,20260914011500,https://tribuneonlineng.com/matawalle-rallies-support-for-tinubus-anti-banditry-efforts/
1322890282,20260914,202609,2026,2026.6959,NGA,NIGERIA,NGA,,,,,,,,NGALEG,NIGERIA,NGA,,,,,LEG,,,1,040,040,04,1,1.0,2,1,2,3.03030303030303,5,"Zamfara State, Zamfara, Nigeria",NI,NI57,191424,12.1667,6.25,9098622,4,"Kaduna, Kaduna, Nigeria",NI,NI23,22832,10.5231,7.44028,-2014086,4,"Kaduna, Kaduna, Nigeria",NI,NI23,22832,10.5231,7.44028,-2014086,20260914011500,https://tribuneonlineng.com/matawalle-rallies-support-for-tinubus-anti-banditry-efforts/
1322890283,20260914,202609,2026,2026.6959,NGA,NIGERIA,NGA,,,,,,,,NGALEG,NIGERIA,NGA,,,,,LEG,,,1,040,040,04,1,1.0,2,1,2,3.03030303030303,5,"Zamfara State, Zamfara, Nigeria",NI,NI57,191424,12.1667,6.25,9098622,5,"Zamfara State, Zamfara, Nigeria",NI,NI57,191424,12.1667,6.25,9098622,4,"Kaduna, Kaduna, Nigeria",NI,NI23,22832,10.5231,7.44028,-2014086,20260914011500,https://tribuneonlineng.com/matawalle-rallies-support-for-tinubus-anti-banditry-efforts/
1322890284,20260914,202609,2026,2026.6959,NGA,NIGERIA,NGA,,,,,,,,NGALEG,NIGERIA,NGA,,,,,LEG,,,1,040,040,04,1,1.0,4,1,4,3.03030303030303,5,"Zamfara State, Zamfara, Nigeria",NI,NI57,191424,12.1667,6.25,9098622,5,"Zamfara State, Zamfara, Nigeria",NI,NI57,191424,12.1667,6.25,9098622,5,"Zamfara State, Zamfara, Nigeria",NI,NI57,191424,12.1667,6.25,9098622,20260914011500,https://tribuneonlineng.com/matawalle-rallies-support-for-tinubus-anti-banditry-efforts/
1322890285,20260914,202609,2026,2026.6959,NGAEDU,NIGERIA,NGA,,,,,EDU,,,,,,,,,,,,,1,010,010,01,1,0.0,2,1,2,-0.8587786259542,5,"Osun State, Osun, Nigeria",NI,NI42,23001,7.5,4.5,9153501,0,,,,,,,,5,"Osun State, Osun, Nigeria",NI,NI42,23001,7.5,4.5,9153501,20260914011500,https://tribuneonlineng.com/2027-general-election-are-we-prepared/
1322890286,20260914,202609,2026,2026.6959,NGALEG,NIGERIA,NGA,,,,,LEG,,,NGA,NIGERIA,NGA,,,,,,,,1,040,040,04,1,1.0,2,1,2,3.03030303030303,4,"Kaduna, Kaduna, Nigeria",NI,NI23,22832,10.5231,7.44028,-2014086,5,"Zamfara State, Zamfara, Nigeria",NI,NI57,191424,12.1667,6.25,9098622,4,"Kaduna, Kaduna, Nigeria",NI,NI23,22832,10.5231,7.44028,-2014086,20260914011500,https://tribuneonlineng.com/matawalle-rallies-support-for-tinubus-anti-banditry-efforts/
1322890287,20260914,202609,2026,2026.6959,NGALEG,NIGERIA,NGA,,,,,LEG,,,NGA,NIGERIA,NGA,,,,,,,,1,040,040,04,1,1.0,4,1,4,3.03030303030303,5,"Zamfara State, Zamfara, Nigeria",NI,NI57,191424,12.1667,6.25,9098622,4,"Kaduna, Kaduna, Nigeria",NI,NI23,22832,10.5231,7.44028,-2014086,4,"Kaduna, Kaduna, Nigeria",NI,NI23,22832,10.5231,7.44028,-2014086,20260914011500,https://tribuneonlineng.com/matawalle-rallies-support-for-tinubus-anti-banditry-efforts/
1322890288,20260914,202609,2026,2026.6959,NGALEG,NIGERIA,NGA,,,,,LEG,,,NGA,NIGERIA,NGA,,,,,,,,1,040,040,04,1,1.0,2,1,2,3.03030303030303,5,"Zamfara State, Zamfara, Nigeria",NI,NI57,191424,12.1667,6.25,9098622,5,"Zamfara State, Zamfara, Nigeria",NI,NI57,191424,12.1667,6.25,9098622,4,"Kaduna, Kaduna, Nigeria",NI,NI23,22832,10.5231,7.44028,-2014086,20260914011500,https://tribuneonlineng.com/matawalle-rallies-support-for-tinubus-anti-banditry-efforts/
1322890289,20260914,202609,2026,2026.6959,NGOGOV,ROTARY CLUB,,,,,,NGO,GOV,,GOV,KING,,,,,,GOV,,,1,036,036,03,1,4.0,10,1,10,2.65957446808511,0,,,,,,,,0,,,,,,,,0,,,,,,,,20260914011500,https://www.thestokesnews.com/news/rotary-drawdown-fundraiser-a-success/article_5e70a9f2-1588-4b07-ac99-bde2b47a422f.html
1322890290,20260914,202609,2026,2026.6959,NPL,SAPTARI,NPL,,,,,,,,,,,,,,,,,,1,010,010,01,1,0.0,7,1,7,-2.90275761973875,4,"Kathmandu, Bagmati, Nepal",NP,NP01,22353,27.7167,85.3167,-1022136,0,,,,,,,,4,"Kathmandu, Bagmati, Nepal",NP,NP01,22353,27.7167,85.3167,-1022136,20260914011500,https://jowhar.com/nepal-tunnel-survivor-shares-harrowing-ordeal-after-being-given-a-second-chance/
1322890291,20260914,202609,2026,2026.6959,NPL,NEPAL,NPL,,,,,,,,,,,,,,,,,,0,013,013,01,1,0.4,4,1,4,-2.90275761973875,4,"Kathmandu, Bagmati, Nepal",NP,NP01,22353,27.7167,85.3167,-1022136,0,,,,,,,,4,"Kathmandu, Bagmati, Nepal",NP,NP01,22353,27.7167,85.3167,-1022136,20260914011500,https://jowhar.com/nepal-tunnel-survivor-shares-harrowing-ordeal-after-being-given-a-second-chance/
1322890292,20260914,202609,2026,2026.6959,NPL,SAPTARI,NPL,,,,,,,,,,,,,,,,,,1,030,030,03,1,4.0,5,1,5,-2.90275761973875,4,"Saptari, Nepal (general), Nepal",NP,NP00,22356,26.5833,86.75,-1022580,0,,,,,,,,4,"Saptari, Nepal (general), Nepal",NP,NP00,22356,26.5833,86.75,-1022580,20260914011500,https://jowhar.com/nepal-tunnel-survivor-shares-harrowing-ordeal-after-being-given-a-second-chance/
1322890293,20260914,202609,2026,2026.6959,NZL,NEW ZEALAND,NZL,,,,,,,,,,,,,,,,,,1,060,060,06,2,6.0,2,1,2,-5.08221225710014,1,New Zealand,NZ,NZ,,-42,174,NZ,0,,,,,,,,1,New Zealand,NZ,NZ,,-42,174,NZ,20260914011500,https://livenews.co.nz/2026/09/14/tech-and-security-kiwis-warned-as-ai-search-results-direct-users-to-scam-sites-new-data/
1322890294,20260914,202609,2026,2026.6959,NZL,NEW ZEALAND,NZL,,,,,,,,NZLCOP,NEW ZEALAND,NZL,,,,,COP,,,1,043,043,04,1,2.8,6,1,6,1.87793427230047,4,"Tauranga Bay, New Zealand (general), New Zealand",NZ,NZ00,22392,-41.7667,171.45,-1519102,4,"Northland, New Zealand (general), New Zealand",NZ,NZ00,22391,-41.2833,174.75,-1514781,4,"Tauranga Bay, New Zealand (general), New Zealand",NZ,NZ00,22392,-41.7667,171.45,-1519102,20260914011500,https://livenews.co.nz/2026/09/14/rocky-finish-for-fisherman/
1322890295,20260914,202609,2026,2026.6959,NZLCOP,NEW ZEALAND,NZL,,,,,COP,,,NZL,NEW ZEALAND,NZL,,,,,,,,1,042,042,04,1,1.9,6,1,6,1.87793427230047,4,"Tauranga Bay, New Zealand (general), New Zealand",NZ,NZ00,22392,-41.7667,171.45,-1519102,4,"Tauranga Bay, New Zealand (general), New Zealand",NZ,NZ00,22392,-41.7667,171.45,-1519102,4,"Tauranga Bay, New Zealand (general), New Zealand",NZ,NZ00,22392,-41.7667,171.45,-1519102,20260914011500,https://livenews.co.nz/2026/09/14/rocky-finish-for-fisherman/
1322890296,20260914,202609,2026,2026.6959,OMN,OMAN,OMN,,,,,,,,,,,,,,,,,,1,026,026,02,1,4.0,8,1,8,0.77821011673151,1,Iran,IR,IR,,32,53,IR,0,,,,,,,,1,Iran,IR,IR,,32,53,IR,20260914011500,https://www.eurasiareview.com/14092026-iranian-fm-araqchi-says-oman-deal-does-not-mean-reopening-of-hormuz-strait/
1322890297,20260914,202609,2026,2026.6959,OMN,OMAN,OMN,,,,,,,,,,,,,,,,,,1,026,026,02,1,4.0,2,1,2,0.77821011673151,1,Oman,MU,MU,,21,57,MU,0,,,,,,,,1,Oman,MU,MU,,21,57,MU,20260914011500,https://www.eurasiareview.com/14092026-iranian-fm-araqchi-says-oman-deal-does-not-mean-reopening-of-hormuz-strait/
1322890298,20260914,202609,2026,2026.6959,OMN,OMAN,OMN,,,,,,,,ARBUIS,GULF ARAB STATE,,,ARB,,,UIS,,,0,125,125,12,3,-5.0,2,1,2,-2.08695652173913,4,"Salalah, Z¸ufar, Oman",MU,MU08,23600,17.015,54.0924,-788664,4,"Salalah, Z¸ufar, Oman",MU,MU08,23600,17.015,54.0924,-788664,4,"Salalah, Z¸ufar, Oman",MU,MU08,23600,17.015,54.0924,-788664,20260914011500,https://www.eurasiareview.com/14092026-meeting-in-oman-between-iran-gulf-states-postponed-await-more-conducive-conditions/
1322890299,20260914,202609,2026,2026.6959,OMN,OMAN,OMN,,,,,,,,ARBUIS,GULF ARAB STATE,,,ARB,,,UIS,,,0,125,125,12,3,-5.0,8,1,8,-2.08695652173913,4,"Salalah, Z¸ufar, Oman",MU,MU08,23600,17.015,54.0924,-788664,4,"Tehran, Tehran, Iran",IR,IR26,41130,35.75,51.5148,10074674,4,"Salalah, Z¸ufar, Oman",MU,MU08,23600,17.015,54.0924,-788664,20260914011500,https://www.eurasiareview.com/14092026-meeting-in-oman-between-iran-gulf-states-postponed-await-more-conducive-conditions/
1322890300,20260914,202609,2026,2026.6959,OMN,OMAN,OMN,,,,,,,,BUS,TANKER,,,,,,BUS,,,0,190,190,19,4,-10.0,4,1,4,-4.77657935285054,4,"Gulf Of Oman, Iran (general), Iran",IR,IR00,40979,25.4489,57.7939,-3077385,1,Germany,GM,GM,,51.5,10.5,GM,4,"Gulf Of Oman, Iran (general), Iran",IR,IR00,40979,25.4489,57.7939,-3077385,20260914011500,https://www.yahoo.com/news/world/articles/iraq-confirms-attacks-saudi-pipeline-065944052.html
1322890301,20260914,202609,2026,2026.6959,OMN,OMAN,OMN,,,,,,,,BUS,TANKER,,,,,,BUS,,,0,190,190,19,4,-10.0,2,1,2,-4.77657935285054,4,"Musandam, Musandam, Oman",MU,MU07,28574,26,56.25,-788579,4,"Gulf Of Oman, Iran (general), Iran",IR,IR00,40979,25.4489,57.7939,-3077385,4,"Gulf Of Oman, Iran (general), Iran",IR,IR00,40979,25.4489,57.7939,-3077385,20260914011500,https://www.yahoo.com/news/world/articles/iraq-confirms-attacks-saudi-pipeline-065944052.html
1322890302,20260914,202609,2026,2026.6959,OMN,MUSCAT,OMN,,,,,,,,IRN,TEHRAN,IRN,,,,,,,,1,030,030,03,1,4.0,4,1,4,-2.08695652173913,4,"Tehran, Tehran, Iran",IR,IR26,41130,35.75,51.5148,10074674,4,"Tehran, Tehran, Iran",IR,IR26,41130,35.75,51.5148,10074674,4,"Tehran, Tehran, Iran",IR,IR26,41130,35.75,51.5148,10074674,20260914011500,https://www.eurasiareview.com/14092026-meeting-in-oman-between-iran-gulf-states-postponed-await-more-conducive-conditions/
1322890303,20260914,202609,2026,2026.6959,OMN,OMAN,OMN,,,,,,,,IRN,IRAN,IRN,,,,,,,,1,125,125,12,3,-5.0,10,1,10,-2.08695652173913,4,"Manama, Al Manamah, Bahrain",BA,BA02,25307,26.2361,50.5831,-784833,4,"Manama, Al Manamah, Bahrain",BA,BA02,25307,26.2361,50.5831,-784833,4,"Manama, Al Manamah, Bahrain",BA,BA02,25307,26.2361,50.5831,-784833,20260914011500,https://www.eurasiareview.com/14092026-meeting-in-oman-between-iran-gulf-states-postponed-await-more-conducive-conditions/
1322890304,20260914,202609,2026,2026.6959,OMN,OMAN,OMN,,,,,,,,IRN,IRAN,IRN,,,,,,,,0,125,125,12,3,-5.0,4,1,4,-2.08695652173913,4,"Salalah, Z¸ufar, Oman",MU,MU08,23600,17.015,54.0924,-788664,4,"Salalah, Z¸ufar, Oman",MU,MU08,23600,17.015,54.0924,-788664,4,"Salalah, Z¸ufar, Oman",MU,MU08,23600,17.015,54.0924,-788664,20260914011500,https://www.eurasiareview.com/14092026-meeting-in-oman-between-iran-gulf-states-postponed-await-more-conducive-conditions/
1322890305,20260914,202609,2026,2026.6959,OMN,OMAN,OMN,,,,,,,,IRN,IRAN,IRN,,,,,,,,0,125,125,12,3,-5.0,6,1,6,-2.08695652173913,4,"Salalah, Z¸ufar, Oman",MU,MU08,23600,17.015,54.0924,-788664,4,"Tehran, Tehran, Iran",IR,IR26,41130,35.75,51.5148,10074674,4,"Salalah, Z¸ufar, Oman",MU,MU08,23600,17.015,54.0924,-788664,20260914011500,https://www.eurasiareview.com/14092026-meeting-in-oman-between-iran-gulf-states-postponed-await-more-conducive-conditions/
1322890306,20260914,202609,2026,2026.6959,OMN,OMAN,OMN,,,,,,,,MED,NEWS AGENCY,,,,,,MED,,,0,040,040,04,1,1.0,2,1,2,0.77821011673151,1,Oman,MU,MU,,21,57,MU,1,Iran,IR,IR,,32,53,IR,1,Iran,IR,IR,,32,53,IR,20260914011500,https://www.eurasiareview.com/14092026-iranian-fm-araqchi-says-oman-deal-does-not-mean-reopening-of-hormuz-strait/
1322890307,20260914,202609,2026,2026.6959,OMN,OMAN,OMN,,,,,,,,MED,NEWS AGENCY,,,,,,MED,,,0,040,040,04,1,1.0,8,1,8,0.77821011673151,1,Oman,MU,MU,,21,57,MU,1,Iran,IR,IR,,32,53,IR,1,Oman,MU,MU,,21,57,MU,20260914011500,https://www.eurasiareview.com/14092026-iranian-fm-araqchi-says-oman-deal-does-not-mean-reopening-of-hormuz-strait/
1322890308,20260914,202609,2026,2026.6959,OMN,OMAN,OMN,,,,,,,,MED,NEWS AGENCY,,,,,,MED,,,0,046,046,04,1,7.0,10,1,10,0.77821011673151,1,Oman,MU,MU,,21,57,MU,1,Iran,IR,IR,,32,53,IR,1,Iran,IR,IR,,32,53,IR,20260914011500,https://www.eurasiareview.com/14092026-iranian-fm-araqchi-says-oman-deal-does-not-mean-reopening-of-hormuz-strait/
1322890309,20260914,202609,2026,2026.6959,OPP,ACTIVIST,,,,,,OPP,,,USA,UNITED STATES,USA,,,,,,,,0,042,042,04,1,1.9,2,1,2,-3.47457627118644,3,"San Nicolas Island, California, United States",US,USCA,CA111,33.2495,-119.5,1662269,3,"San Nicolas Island, California, United States",US,USCA,,33.2495,-119.5,1662269,3,"San Nicolas Island, California, United States",US,USCA,,33.2495,-119.5,1662269,20260914011500,https://www.indiewire.com/criticism/movies/how-we-stand-review-amber-midthunder-1235216754/
1322890310,20260914,202609,2026,2026.6959,PAK,PAKISTAN,PAK,,,,,,,,,,,,,,,,,,0,043,043,04,1,2.8,6,1,6,0.97173144876325,4,"Ghotki, Sindh, Pakistan",PK,PK05,40404,28.006,69.3161,-2760941,0,,,,,,,,4,"Ghotki, Sindh, Pakistan",PK,PK05,40404,28.006,69.3161,-2760941,20260914011500,https://tribune.com.pk/story/2629129/energy-riches-but-poor-masses-of-sindh
1322890311,20260914,202609,2026,2026.6959,PAK,ISLAMABAD,PAK,,,,,,,,,,,,,,,,,,1,043,043,04,1,2.8,10,1,10,0.77821011673151,4,"Islamabad, Islamabad, Pakistan",PK,PK08,23674,33.7,73.1667,-2762812,0,,,,,,,,4,"Islamabad, Islamabad, Pakistan",PK,PK08,23674,33.7,73.1667,-2762812,20260914011500,https://www.eurasiareview.com/14092026-iranian-fm-araqchi-says-oman-deal-does-not-mean-reopening-of-hormuz-strait/
1322890312,20260914,202609,2026,2026.6959,PAK,ISLAMABAD,PAK,,,,,,,,IRN,IRAN,IRN,,,,,,,,1,043,043,04,1,2.8,8,1,8,-2.52707581227437,4,"Islamabad, Islamabad, Pakistan",PK,PK08,23674,33.7,73.1667,-2762812,4,"Tehran, Tehran, Iran",IR,IR26,41130,35.75,51.5148,10074674,4,"Islamabad, Islamabad, Pakistan",PK,PK08,23674,33.7,73.1667,-2762812,20260914011500,https://tribune.com.pk/story/2629155/tehran-ties-hormuz-reopening-to-us-pledges
1322890313,20260914,202609,2026,2026.6959,PAK,ISLAMABAD,PAK,,,,,,,,IRN,IRAN,IRN,,,,,,,,1,043,043,04,1,2.8,2,1,2,-2.52707581227437,4,"Tehran, Tehran, Iran",IR,IR26,41130,35.75,51.5148,10074674,1,Oman,MU,MU,,21,57,MU,4,"Tehran, Tehran, Iran",IR,IR26,41130,35.75,51.5148,10074674,20260914011500,https://tribune.com.pk/story/2629155/tehran-ties-hormuz-reopening-to-us-pledges
1322890314,20260914,202609,2026,2026.6959,PRK,NORTH KOREA,PRK,,,,,,,,,,,,,,,,,,1,071,071,07,2,7.4,3,1,3,-2.45901639344262,1,North Korea,KN,KN,,40,127,KN,0,,,,,,,,1,North Korea,KN,KN,,40,127,KN,20260914011500,https://www.ibtimes.co.uk/north-korea-it-workers-third-country-interview-proxies-1819417
1322890315,20260914,202609,2026,2026.6959,PRK,NORTH KOREAN,PRK,,,,,,,,LAB,WORKER,,,,,,LAB,,,0,010,010,01,1,0.0,8,1,8,-2.45901639344262,1,North Korea,KN,KN,,40,127,KN,1,North Korea,KN,KN,,40,127,KN,1,North Korea,KN,KN,,40,127,KN,20260914011500,https://www.ibtimes.co.uk/north-korea-it-workers-third-country-interview-proxies-1819417
1322890316,20260914,202609,2026,2026.6959,PSE,PALESTINIAN,PSE,,,,,,,,ISR,ISRAELI,ISR,,,,,,,,0,042,042,04,1,1.9,4,1,4,-4.77657935285054,1,Israel,IS,IS,,31.5,34.75,IS,1,Israel,IS,IS,,31.5,34.75,IS,1,Israel,IS,IS,,31.5,34.75,IS,20260914011500,https://www.yahoo.com/news/world/articles/iraq-confirms-attacks-saudi-pipeline-065944052.html
1322890317,20260914,202609,2026,2026.6959,PSE,PALESTINIAN,PSE,,,,,,,,ISR,ISRAEL,ISR,,,,,,,,0,190,190,19,4,-10.0,1,1,1,-6.6747572815534,4,"Gaza, Israel (general), Israel",IS,IS00,18315,31.4167,34.3333,-797156,4,"Gaza, Israel (general), Israel",IS,IS00,18315,31.4167,34.3333,-797156,4,"Gaza, Israel (general), Israel",IS,IS00,18315,31.4167,34.3333,-797156,20260914011500,https://www.yahoo.com/entertainment/celebrity/articles/ms-rachel-claims-celebrities-silent-203901235.html
1322890318,20260914,202609,2026,2026.6959,PSE,PALESTINIAN,PSE,,,,,,,,ISR,ISRAEL,ISR,,,,,,,,0,190,190,19,4,-10.0,1,1,1,-6.6747572815534,2,"California, United States",US,USCA,,36.17,-119.746,CA,2,"California, United States",US,USCA,,36.17,-119.746,CA,2,"California, United States",US,USCA,,36.17,-119.746,CA,20260914011500,https://www.yahoo.com/entertainment/celebrity/articles/ms-rachel-claims-celebrities-silent-203901235.html
1322890319,20260914,202609,2026,2026.6959,PSE,PALESTINIAN,PSE,,,,,,,,ISRSET,ISRAELI,ISR,,,,,SET,,,0,042,042,04,1,1.9,6,1,6,-4.77657935285054,1,Israel,IS,IS,,31.5,34.75,IS,1,Israel,IS,IS,,31.5,34.75,IS,1,Israel,IS,IS,,31.5,34.75,IS,20260914011500,https://www.yahoo.com/news/world/articles/iraq-confirms-attacks-saudi-pipeline-065944052.html
1322890320,20260914,202609,2026,2026.6959,PTY,POLITICAL PARTIES,,,,,,,,,,,,,,,,,,,1,020,020,02,1,3.0,10,1,10,-0.8587786259542,5,"Osun State, Osun, Nigeria",NI,NI42,23001,7.5,4.5,9153501,0,,,,,,,,5,"Osun State, Osun, Nigeria",NI,NI42,23001,7.5,4.5,9153501,20260914011500,https://tribuneonlineng.com/2027-general-election-are-we-prepared/
1322890321,20260914,202609,2026,2026.6959,PTY,POLITICAL PARTIES,,,,,,,,,,,,,,,,,,,1,036,036,03,1,4.0,10,1,10,-0.8587786259542,5,"Osun State, Osun, Nigeria",NI,NI42,23001,7.5,4.5,9153501,0,,,,,,,,5,"Osun State, Osun, Nigeria",NI,NI42,23001,7.5,4.5,9153501,20260914011500,https://tribuneonlineng.com/2027-general-election-are-we-prepared/
1322890322,20260914,202609,2026,2026.6959,PTY,PARTY LEADER,,,,,,,,,,,,,,,,,,,1,051,051,05,1,3.4,18,3,18,-0.161486674245293,1,Germany,GM,GM,,51.5,10.5,GM,0,,,,,,,,1,Germany,GM,GM,,51.5,10.5,GM,20260914011500,https://www.northerndailyleader.com.au/story/9349412/uncertainty-after-tight-race-in-swedens-election/
1322890323,20260914,202609,2026,2026.6959,PTY,PARTY LEADER,,,,,,,,,,,,,,,,,,,1,051,051,05,1,3.4,18,3,18,-0.161486674245293,1,Sweden,SW,SW,,62,15,SW,0,,,,,,,,1,Sweden,SW,SW,,62,15,SW,20260914011500,https://www.northerndailyleader.com.au/story/9349412/uncertainty-after-tight-race-in-swedens-election/
1322890324,20260914,202609,2026,2026.6959,PTY,PARTY LEADER,,,,,,,,,SWE,SWEDEN,SWE,,,,,,,,1,051,051,05,1,3.4,6,3,6,-0.161486674245293,1,Germany,GM,GM,,51.5,10.5,GM,1,France,FR,FR,,46,2,FR,1,France,FR,FR,,46,2,FR,20260914011500,https://www.northerndailyleader.com.au/story/9349412/uncertainty-after-tight-race-in-swedens-election/
1322890325,20260914,202609,2026,2026.6959,PTY,PARTY LEADER,,,,,,,,,SWE,SWEDEN,SWE,,,,,,,,1,051,051,05,1,3.4,6,3,6,-0.161486674245293,1,Sweden,SW,SW,,62,15,SW,1,Sweden,SW,SW,,62,15,SW,1,Sweden,SW,SW,,62,15,SW,20260914011500,https://www.northerndailyleader.com.au/story/9349412/uncertainty-after-tight-race-in-swedens-election/
1322890326,20260914,202609,2026,2026.6959,PTY,PRESIDENTIAL CANDIDATE,,,,,,,,,USA,VIRGINIA,USA,,,,,,,,1,046,046,04,1,7.0,6,1,6,2.56410256410256,3,"Pocahontas State Park, Virginia, United States",US,USVA,VA041,37.3804,-77.563,1472540,2,"Virginia, United States",US,USVA,,37.768,-78.2057,VA,2,"Virginia, United States",US,USVA,,37.768,-78.2057,VA,20260914011500,https://richmond.com/news/archives/collection_2af41374-6eee-11e6-be0e-bb79f86b0184.html
1322890327,20260914,202609,2026,2026.6959,PTY,PRESIDENTIAL CANDIDATE,,,,,,,,,USA,VIRGINIA,USA,,,,,,,,1,046,046,04,1,7.0,2,1,2,2.56410256410256,2,"Virginia, United States",US,USVA,,37.768,-78.2057,VA,2,"Virginia, United States",US,USVA,,37.768,-78.2057,VA,2,"Virginia, United States",US,USVA,,37.768,-78.2057,VA,20260914011500,https://richmond.com/news/archives/collection_2af41374-6eee-11e6-be0e-bb79f86b0184.html
1322890328,20260914,202609,2026,2026.6959,REL,BISHOP,,,,,,,,,CVL,RESIDENTS,,,,,,CVL,,,0,020,020,02,1,3.0,4,1,4,1.6895459345301,4,"Ijebu Ode, Ogun, Nigeria",NI,NI16,191273,6.81609,3.91588,-2011412,4,"Ijebu Ode, Ogun, Nigeria",NI,NI16,191273,6.81609,3.91588,-2011412,4,"Ijebu Ode, Ogun, Nigeria",NI,NI16,191273,6.81609,3.91588,-2011412,20260914011500,https://tribuneonlineng.com/lift-embargo-on-awujales-selection-process-religious-leaders-urge-gov-abiodun/
1322890329,20260914,202609,2026,2026.6959,REL,BISHOP,,,,,,,,,CVL,RESIDENTS,,,,,,CVL,,,0,020,020,02,1,3.0,6,1,6,1.6895459345301,4,"Kaduna, Kaduna, Nigeria",NI,NI23,22832,10.5231,7.44028,-2014086,4,"Kaduna, Kaduna, Nigeria",NI,NI23,22832,10.5231,7.44028,-2014086,4,"Kaduna, Kaduna, Nigeria",NI,NI23,22832,10.5231,7.44028,-2014086,20260914011500,https://tribuneonlineng.com/lift-embargo-on-awujales-selection-process-religious-leaders-urge-gov-abiodun/
1322890330,20260914,202609,2026,2026.6959,REL,BISHOP,,,,,,,,,NGA,NIGERIA,NGA,,,,,,,,1,020,020,02,1,3.0,1,1,1,1.6895459345301,4,"Ijebu, Nigeria (general), Nigeria",NI,NI00,191253,7.18333,3.4,-2011407,4,"Ijebu, Nigeria (general), Nigeria",NI,NI00,191253,7.18333,3.4,-2011407,4,"Ijebu, Nigeria (general), Nigeria",NI,NI00,191253,7.18333,3.4,-2011407,20260914011500,https://tribuneonlineng.com/lift-embargo-on-awujales-selection-process-religious-leaders-urge-gov-abiodun/
1322890331,20260914,202609,2026,2026.6959,RUS,RUSSIA,RUS,,,,,,,,,,,,,,,,,,1,010,010,01,1,0.0,6,1,6,-1.47058823529412,4,"Amanat, Krasnodarskiy Kray, Russia",RS,RS38,25065,44.8731,37.7924,-2877121,0,,,,,,,,4,"Amanat, Krasnodarskiy Kray, Russia",RS,RS38,25065,44.8731,37.7924,-2877121,20260914011500,https://artdaily.com/news/200197/Kunsthalle-Bern-presents-first-Swiss-solo-exhibition-by-Saodat-Ismailova
1322890332,20260914,202609,2026,2026.6959,RUS,MOSCOW,RUS,,,,,,,,,,,,,,,,,,0,017,017,01,1,0.0,3,1,3,-3.21592649310873,4,"Moscow, Moskva, Russia",RS,RS48,25106,55.7522,37.6156,-2960561,0,,,,,,,,4,"Moscow, Moskva, Russia",RS,RS48,25106,55.7522,37.6156,-2960561,20260914011500,https://www.thedailybeast.com/vladimir-putins-battlefield-boasts-collapse-in-humiliating-fashion/
1322890333,20260914,202609,2026,2026.6959,RUS,VLADIMIR,RUS,,,,,,,,,,,,,,,,,,1,020,020,02,1,3.0,6,2,6,-7.02179176755448,4,"Kiev, Ukraine (general), Ukraine",UP,UP00,28554,50.4333,30.5167,-1044367,0,,,,,,,,4,"Kiev, Ukraine (general), Ukraine",UP,UP00,28554,50.4333,30.5167,-1044367,20260914011500,http://www.bignewsnetwork.com/news/279304974/zelensky-sanctions-ex-press-secretary-turned-fierce-critic
1322890334,20260914,202609,2026,2026.6959,RUS,RUSSIA,RUS,,,,,,,,,,,,,,,,,,0,020,020,02,1,3.0,2,1,2,-4.34153400868307,1,Israel,IS,IS,,31.5,34.75,IS,0,,,,,,,,1,Russia,RS,RS,,60,100,RS,20260914011500,https://www.ibtimes.co.uk/france-regrets-x-post-us-human-rights-dispute-1819437
1322890335,20260914,202609,2026,2026.6959,RUS,RUSSIA,RUS,,,,,,,,,,,,,,,,,,0,020,020,02,1,3.0,2,1,2,-4.34153400868307,1,Russia,RS,RS,,60,100,RS,0,,,,,,,,1,Israel,IS,IS,,31.5,34.75,IS,20260914011500,https://www.ibtimes.co.uk/france-regrets-x-post-us-human-rights-dispute-1819437
1322890336,20260914,202609,2026,2026.6959,RUS,MOSCOW,RUS,,,,,,,,,,,,,,,,,,0,042,042,04,1,1.9,3,1,3,-3.21592649310873,4,"Moscow, Moskva, Russia",RS,RS48,25106,55.7522,37.6156,-2960561,0,,,,,,,,4,"Moscow, Moskva, Russia",RS,RS48,25106,55.7522,37.6156,-2960561,20260914011500,https://www.thedailybeast.com/vladimir-putins-battlefield-boasts-collapse-in-humiliating-fashion/
1322890337,20260914,202609,2026,2026.6959,RUS,MURMANSK,RUS,,,,,,,,,,,,,,,,,,0,043,043,04,1,2.8,10,1,10,-1.60857908847185,1,Russia,RS,RS,,60,100,RS,0,,,,,,,,1,Russia,RS,RS,,60,100,RS,20260914011500,https://www.eurasiareview.com/14092026-deception-leaves-student-fighting-for-life-in-russian-army/
1322890338,20260914,202609,2026,2026.6959,RUS,MOSCOW,RUS,,,,,,,,,,,,,,,,,,1,051,051,05,1,3.4,2,1,2,-0.86160473882606,4,"Shanghai, Shanghai, China",CH,CH23,13243,31.2222,121.458,-1924465,0,,,,,,,,4,"Moscow, Moskva, Russia",RS,RS48,25106,55.7522,37.6156,-2960561,20260914011500,https://www.eurasiareview.com/14092026-the-russia-china-bilateral-deepens-analysis/
1322890339,20260914,202609,2026,2026.6959,RUS,VLADIMIR,RUS,,,,,,,,,,,,,,,,,,1,110,110,11,3,-2.0,6,2,6,-7.02179176755448,4,"Kiev, Ukraine (general), Ukraine",UP,UP00,28554,50.4333,30.5167,-1044367,0,,,,,,,,4,"Kiev, Ukraine (general), Ukraine",UP,UP00,28554,50.4333,30.5167,-1044367,20260914011500,http://www.bignewsnetwork.com/news/279304974/zelensky-sanctions-ex-press-secretary-turned-fierce-critic
1322890340,20260914,202609,2026,2026.6959,RUS,RUSSIA,RUS,,,,,,,,,,,,,,,,,,0,120,120,12,3,-4.0,2,1,2,-4.34153400868307,1,Israel,IS,IS,,31.5,34.75,IS,0,,,,,,,,4,"Barrot, Auvergne, France",FR,FR98,16248,46.1026,2.76841,-1410496,20260914011500,https://www.ibtimes.co.uk/france-regrets-x-post-us-human-rights-dispute-1819437
1322890341,20260914,202609,2026,2026.6959,RUS,RUSSIA,RUS,,,,,,,,,,,,,,,,,,0,120,120,12,3,-4.0,8,1,8,-4.34153400868307,1,Russia,RS,RS,,60,100,RS,0,,,,,,,,4,"Barrot, Auvergne, France",FR,FR98,16248,46.1026,2.76841,-1410496,20260914011500,https://www.ibtimes.co.uk/france-regrets-x-post-us-human-rights-dispute-1819437
1322890342,20260914,202609,2026,2026.6959,RUS,RUSSIAN,RUS,,,,,,,,,,,,,,,,,,0,160,160,16,4,-4.0,6,1,6,-0.86160473882606,4,"Tarabarov, Voronezhskaya Oblast', Russia",RS,RS86,25115,51.4737,39.1074,-3016059,0,,,,,,,,4,"Heilong, Henan, China",CH,CH09,13111,33.2828,112.45,10526718,20260914011500,https://www.eurasiareview.com/14092026-the-russia-china-bilateral-deepens-analysis/
1322890343,20260914,202609,2026,2026.6959,RUS,RUSSIAN,RUS,,,,,,,,CHN,CHINESE,CHN,,,,,,,,0,010,010,01,1,0.0,1,1,1,-0.86160473882606,4,"Beijing, Beijing, China",CH,CH22,13001,39.9289,116.388,-1898541,4,"Moscow, Moskva, Russia",RS,RS48,25106,55.7522,37.6156,-2960561,4,"Moscow, Moskva, Russia",RS,RS48,25106,55.7522,37.6156,-2960561,20260914011500,https://www.eurasiareview.com/14092026-the-russia-china-bilateral-deepens-analysis/
1322890344,20260914,202609,2026,2026.6959,RUS,RUSSIAN,RUS,,,,,,,,CHN,CHINESE,CHN,,,,,,,,0,010,010,01,1,0.0,7,1,6,-0.86160473882606,4,"Moscow, Moskva, Russia",RS,RS48,25106,55.7522,37.6156,-2960561,4,"Beijing, Beijing, China",CH,CH22,13001,39.9289,116.388,-1898541,4,"Beijing, Beijing, China",CH,CH22,13001,39.9289,116.388,-1898541,20260914011500,https://www.eurasiareview.com/14092026-the-russia-china-bilateral-deepens-analysis/
1322890345,20260914,202609,2026,2026.6959,RUS,RUSSIAN,RUS,,,,,,,,CHN,CHINA,CHN,,,,,,,,0,010,010,01,1,0.0,4,1,4,-0.86160473882606,4,"Moscow, Moskva, Russia",RS,RS48,25106,55.7522,37.6156,-2960561,4,"Beijing, Beijing, China",CH,CH22,13001,39.9289,116.388,-1898541,4,"Moscow, Moskva, Russia",RS,RS48,25106,55.7522,37.6156,-2960561,20260914011500,https://www.eurasiareview.com/14092026-the-russia-china-bilateral-deepens-analysis/
1322890346,20260914,202609,2026,2026.6959,RUS,RUSSIAN,RUS,,,,,,,,CHN,BEIJING,CHN,,,,,,,,0,010,010,01,1,0.0,4,1,4,-0.86160473882606,4,"Tarabarov, Voronezhskaya Oblast', Russia",RS,RS86,25115,51.4737,39.1074,-3016059,4,"Beijing, Beijing, China",CH,CH22,13001,39.9289,116.388,-1898541,4,"Beijing, Beijing, China",CH,CH22,13001,39.9289,116.388,-1898541,20260914011500,https://www.eurasiareview.com/14092026-the-russia-china-bilateral-deepens-analysis/
1322890347,20260914,202609,2026,2026.6959,RUS,RUSSIA,RUS,,,,,,,,CHN,CHINA,CHN,,,,,,,,0,010,010,01,1,0.0,2,1,2,-0.86160473882606,4,"Tarabarov, Voronezhskaya Oblast', Russia",RS,RS86,25115,51.4737,39.1074,-3016059,4,"Beijing, Beijing, China",CH,CH22,13001,39.9289,116.388,-1898541,4,"Tarabarov, Voronezhskaya Oblast', Russia",RS,RS86,25115,51.4737,39.1074,-3016059,20260914011500,https://www.eurasiareview.com/14092026-the-russia-china-bilateral-deepens-analysis/
1322890348,20260914,202609,2026,2026.6959,RUS,RUSSIA,RUS,,,,,,,,CHN,BEIJING,CHN,,,,,,,,0,013,013,01,1,0.4,1,1,1,-0.86160473882606,4,"Tarabarov, Voronezhskaya Oblast', Russia",RS,RS86,25115,51.4737,39.1074,-3016059,4,"Beijing, Beijing, China",CH,CH22,13001,39.9289,116.388,-1898541,4,"Beijing, Beijing, China",CH,CH22,13001,39.9289,116.388,-1898541,20260914011500,https://www.eurasiareview.com/14092026-the-russia-china-bilateral-deepens-analysis/
1322890349,20260914,202609,2026,2026.6959,RUS,RUSSIA,RUS,,,,,,,,CHN,BEIJING,CHN,,,,,,,,0,013,013,01,1,0.4,1,1,1,-0.86160473882606,4,"Tarabarov, Voronezhskaya Oblast', Russia",RS,RS86,25115,51.4737,39.1074,-3016059,4,"Tarabarov, Voronezhskaya Oblast', Russia",RS,RS86,25115,51.4737,39.1074,-3016059,4,"Tarabarov, Voronezhskaya Oblast', Russia",RS,RS86,25115,51.4737,39.1074,-3016059,20260914011500,https://www.eurasiareview.com/14092026-the-russia-china-bilateral-deepens-analysis/
1322890350,20260914,202609,2026,2026.6959,RUS,RUSSIA,RUS,,,,,,,,CHN,CHINESE,CHN,,,,,,,,0,043,043,04,1,2.8,2,1,2,-0.86160473882606,4,"Beijing, Beijing, China",CH,CH22,13001,39.9289,116.388,-1898541,4,"Yinlong, Sichuan, China",CH,CH32,13271,30.9307,100.382,10457386,4,"Beijing, Beijing, China",CH,CH22,13001,39.9289,116.388,-1898541,20260914011500,https://www.eurasiareview.com/14092026-the-russia-china-bilateral-deepens-analysis/
1322890351,20260914,202609,2026,2026.6959,RUS,RUSSIA,RUS,,,,,,,,CHN,CHINESE,CHN,,,,,,,,0,043,043,04,1,2.8,6,1,6,-0.86160473882606,4,"Tarabarov, Voronezhskaya Oblast', Russia",RS,RS86,25115,51.4737,39.1074,-3016059,4,"Yinlong, Sichuan, China",CH,CH32,13271,30.9307,100.382,10457386,4,"Beijing, Beijing, China",CH,CH22,13001,39.9289,116.388,-1898541,20260914011500,https://www.eurasiareview.com/14092026-the-russia-china-bilateral-deepens-analysis/
1322890352,20260914,202609,2026,2026.6959,RUS,RUSSIA,RUS,,,,,,,,CHN,CHINESE,CHN,,,,,,,,0,043,043,04,1,2.8,2,1,2,-0.86160473882606,4,"Tarabarov, Voronezhskaya Oblast', Russia",RS,RS86,25115,51.4737,39.1074,-3016059,4,"Yinlong, Sichuan, China",CH,CH32,13271,30.9307,100.382,10457386,4,"Tarabarov, Voronezhskaya Oblast', Russia",RS,RS86,25115,51.4737,39.1074,-3016059,20260914011500,https://www.eurasiareview.com/14092026-the-russia-china-bilateral-deepens-analysis/
1322890353,20260914,202609,2026,2026.6959,RUS,RUSSIAN,RUS,,,,,,,,UKR,UKRAINIAN,UKR,,,,,,,,1,010,010,01,1,0.0,2,1,2,-3.21592649310873,4,"Kyiv, Kyyiv, Misto, Ukraine",UP,UP12,28554,50.4333,30.5167,-1044367,4,"Moscow, Moskva, Russia",RS,RS48,25106,55.7522,37.6156,-2960561,4,"Kyiv, Kyyiv, Misto, Ukraine",UP,UP12,28554,50.4333,30.5167,-1044367,20260914011500,https://www.thedailybeast.com/vladimir-putins-battlefield-boasts-collapse-in-humiliating-fashion/
1322890354,20260914,202609,2026,2026.6959,RUS,RUSSIA,RUS,,,,,,,,UKR,UKRAINE,UKR,,,,,,,,1,010,010,01,1,0.0,1,1,1,-3.21592649310873,4,"Kyiv, Kyyiv, Misto, Ukraine",UP,UP12,28554,50.4333,30.5167,-1044367,4,"Moscow, Moskva, Russia",RS,RS48,25106,55.7522,37.6156,-2960561,4,"Moscow, Moskva, Russia",RS,RS48,25106,55.7522,37.6156,-2960561,20260914011500,https://www.thedailybeast.com/vladimir-putins-battlefield-boasts-collapse-in-humiliating-fashion/
1322890355,20260914,202609,2026,2026.6959,RUS,MOSCOW,RUS,,,,,,,,UKR,UKRAINIAN,UKR,,,,,,,,0,017,017,01,1,0.0,5,1,5,-3.21592649310873,4,"Moscow, Moskva, Russia",RS,RS48,25106,55.7522,37.6156,-2960561,4,"Kyiv, Kyyiv, Misto, Ukraine",UP,UP12,28554,50.4333,30.5167,-1044367,4,"Moscow, Moskva, Russia",RS,RS48,25106,55.7522,37.6156,-2960561,20260914011500,https://www.thedailybeast.com/vladimir-putins-battlefield-boasts-collapse-in-humiliating-fashion/
1322890356,20260914,202609,2026,2026.6959,RUS,RUSSIA,RUS,,,,,,,,UKR,UKRAINIAN,UKR,,,,,,,,0,017,017,01,1,0.0,2,1,2,-3.21592649310873,4,"Moscow, Moskva, Russia",RS,RS48,25106,55.7522,37.6156,-2960561,4,"Moscow, Moskva, Russia",RS,RS48,25106,55.7522,37.6156,-2960561,4,"Moscow, Moskva, Russia",RS,RS48,25106,55.7522,37.6156,-2960561,20260914011500,https://www.thedailybeast.com/vladimir-putins-battlefield-boasts-collapse-in-humiliating-fashion/
1322890357,20260914,202609,2026,2026.6959,RUS,MOSCOW,RUS,,,,,,,,UKR,UKRAINIAN,UKR,,,,,,,,0,042,042,04,1,1.9,5,1,5,-3.21592649310873,4,"Moscow, Moskva, Russia",RS,RS48,25106,55.7522,37.6156,-2960561,4,"Kyiv, Kyyiv, Misto, Ukraine",UP,UP12,28554,50.4333,30.5167,-1044367,4,"Moscow, Moskva, Russia",RS,RS48,25106,55.7522,37.6156,-2960561,20260914011500,https://www.thedailybeast.com/vladimir-putins-battlefield-boasts-collapse-in-humiliating-fashion/
1322890358,20260914,202609,2026,2026.6959,RUS,RUSSIA,RUS,,,,,,,,UKR,UKRAINIAN,UKR,,,,,,,,0,042,042,04,1,1.9,2,1,2,-3.21592649310873,4,"Moscow, Moskva, Russia",RS,RS48,25106,55.7522,37.6156,-2960561,4,"Moscow, Moskva, Russia",RS,RS48,25106,55.7522,37.6156,-2960561,4,"Moscow, Moskva, Russia",RS,RS48,25106,55.7522,37.6156,-2960561,20260914011500,https://www.thedailybeast.com/vladimir-putins-battlefield-boasts-collapse-in-humiliating-fashion/
1322890359,20260914,202609,2026,2026.6959,RUSGOVMED,RUSSIAN,RUS,,,,,GOV,MED,,CHN,CHINA,CHN,,,,,,,,0,010,010,01,1,0.0,4,1,4,-0.86160473882606,4,"Moscow, Moskva, Russia",RS,RS48,25106,55.7522,37.6156,-2960561,4,"Beijing, Beijing, China",CH,CH22,13001,39.9289,116.388,-1898541,4,"Beijing, Beijing, China",CH,CH22,13001,39.9289,116.388,-1898541,20260914011500,https://www.eurasiareview.com/14092026-the-russia-china-bilateral-deepens-analysis/
1322890360,20260914,202609,2026,2026.6959,RUSGOVMED,RUSSIA,RUS,,,,,GOV,MED,,CHN,CHINA,CHN,,,,,,,,0,010,010,01,1,0.0,2,1,2,-0.86160473882606,4,"Moscow, Moskva, Russia",RS,RS48,25106,55.7522,37.6156,-2960561,4,"Beijing, Beijing, China",CH,CH22,13001,39.9289,116.388,-1898541,4,"Moscow, Moskva, Russia",RS,RS48,25106,55.7522,37.6156,-2960561,20260914011500,https://www.eurasiareview.com/14092026-the-russia-china-bilateral-deepens-analysis/
1322890361,20260914,202609,2026,2026.6959,SAU,SAUDI ARABIA,SAU,,,,,,,,,,,,,,,,,,0,120,120,12,3,-4.0,8,1,8,-1.77215189873418,1,Saudi Arabia,SA,SA,,25,45,SA,0,,,,,,,,4,"Tehran, Tehran, Iran",IR,IR26,41130,35.75,51.5148,10074674,20260914011500,https://www.kten.com/news/politics/iran-gulf-talks-without-us-participation-on-reopening-the-strait-of-hormuz-postponed-omani-official/article_f3f2e0bc-f00d-57a3-a290-0791b948ba25.html
1322890362,20260914,202609,2026,2026.6959,SAU,SAUDI ARABIA,SAU,,,,,,,,,,,,,,,,,,0,120,120,12,3,-4.0,2,1,2,-1.77215189873418,1,Saudi Arabia,SA,SA,,25,45,SA,0,,,,,,,,1,Saudi Arabia,SA,SA,,25,45,SA,20260914011500,https://www.kten.com/news/politics/iran-gulf-talks-without-us-participation-on-reopening-the-strait-of-hormuz-postponed-omani-official/article_f3f2e0bc-f00d-57a3-a290-0791b948ba25.html
1322890363,20260914,202609,2026,2026.6959,SAUGOV,SAUDI ARABIA,SAU,,,,,GOV,,,IRN,IRAN,IRN,,,,,,,,0,1014,101,10,3,-5.0,1,1,1,-4.77657935285054,1,Saudi Arabia,SA,SA,,25,45,SA,1,United Arab Emirates,AE,AE,,24,54,AE,1,Saudi Arabia,SA,SA,,25,45,SA,20260914011500,https://www.yahoo.com/news/world/articles/iraq-confirms-attacks-saudi-pipeline-065944052.html
1322890364,20260914,202609,2026,2026.6959,SAUGOV,SAUDI ARABIA,SAU,,,,,GOV,,,MIL,COMMANDER,,,,,,MIL,,,0,110,110,11,3,-2.0,1,1,1,-4.77657935285054,1,Saudi Arabia,SA,SA,,25,45,SA,4,"Gulf Of Oman, Iran (general), Iran",IR,IR00,40979,25.4489,57.7939,-3077385,4,"Gulf Of Oman, Iran (general), Iran",IR,IR00,40979,25.4489,57.7939,-3077385,20260914011500,https://www.yahoo.com/news/world/articles/iraq-confirms-attacks-saudi-pipeline-065944052.html
1322890365,20260914,202609,2026,2026.6959,SWE,SWEDEN,SWE,,,,,,,,SWECVL,SWEDEN,SWE,,,,,CVL,,,0,051,051,05,1,3.4,18,3,18,-0.161486674245293,1,Sweden,SW,SW,,62,15,SW,1,Sweden,SW,SW,,62,15,SW,1,Sweden,SW,SW,,62,15,SW,20260914011500,https://www.northerndailyleader.com.au/story/9349412/uncertainty-after-tight-race-in-swedens-election/
1322890366,20260914,202609,2026,2026.6959,SWEPTY,SWEDEN,SWE,,,,,,,,,,,,,,,,,,1,051,051,05,1,3.4,12,3,6,-0.161486674245293,1,Sweden,SW,SW,,62,15,SW,0,,,,,,,,1,Sweden,SW,SW,,62,15,SW,20260914011500,https://www.northerndailyleader.com.au/story/9349412/uncertainty-after-tight-race-in-swedens-election/
1322890367,20260914,202609,2026,2026.6959,THA,THAILAND,THA,,,,,,,,,,,,,,,,,,0,020,020,02,1,3.0,10,1,10,1.98931116389549,4,"Chiang Mai, Chiang Mai, Thailand",TH,TH02,26507,18.7904,98.9847,-3247115,0,,,,,,,,4,"Chiang Mai, Chiang Mai, Thailand",TH,TH02,26507,18.7904,98.9847,-3247115,20260914011500,https://www.eurasiareview.com/14092026-the-trap-that-is-thailands-legacy-of-diplomatic-success-analysis/
1322890368,20260914,202609,2026,2026.6959,THA,THAILAND,THA,,,,,,,,,,,,,,,,,,1,036,036,03,1,4.0,20,1,10,3.25203252032521,4,"Bangkok, Krung Thep Mahanakhon, Thailand",TH,TH40,26423,13.75,100.517,-3250083,0,,,,,,,,4,"Bangkok, Krung Thep Mahanakhon, Thailand",TH,TH40,26423,13.75,100.517,-3250083,20260914011500,https://www.eurasiareview.com/14092026-australia-thailand-boosting-security-cooperation/
1322890369,20260914,202609,2026,2026.6959,THA,THAILAND,THA,,,,,,,,,,,,,,,,,,0,054,054,05,1,6.0,5,1,5,3.25203252032521,4,"Bangkok, Krung Thep Mahanakhon, Thailand",TH,TH40,26423,13.75,100.517,-3250083,0,,,,,,,,4,"Bangkok, Krung Thep Mahanakhon, Thailand",TH,TH40,26423,13.75,100.517,-3250083,20260914011500,https://www.eurasiareview.com/14092026-australia-thailand-boosting-security-cooperation/
1322890370,20260914,202609,2026,2026.6959,THA,THAI,THA,,,,,,,,AUS,AUSTRALIA,AUS,,,,,,,,0,042,042,04,1,1.9,1,1,1,3.25203252032521,4,"Canberra, Australian Capital Territory, Australia",AS,AS01,4940,-35.2833,149.217,-1563952,4,"Canberra, Australian Capital Territory, Australia",AS,AS01,4940,-35.2833,149.217,-1563952,4,"Canberra, Australian Capital Territory, Australia",AS,AS01,4940,-35.2833,149.217,-1563952,20260914011500,https://www.eurasiareview.com/14092026-australia-thailand-boosting-security-cooperation/
1322890371,20260914,202609,2026,2026.6959,THA,THAI,THA,,,,,,,,AUS,AUSTRALIA,AUS,,,,,,,,0,042,042,04,1,1.9,1,1,1,3.25203252032521,4,"Bangkok, Krung Thep Mahanakhon, Thailand",TH,TH40,26423,13.75,100.517,-3250083,4,"Canberra, Australian Capital Territory, Australia",AS,AS01,4940,-35.2833,149.217,-1563952,4,"Canberra, Australian Capital Territory, Australia",AS,AS01,4940,-35.2833,149.217,-1563952,20260914011500,https://www.eurasiareview.com/14092026-australia-thailand-boosting-security-cooperation/
1322890372,20260914,202609,2026,2026.6959,THA,THAILAND,THA,,,,,,,,AUSGOVBUS,ANTHONY ALBANESE,AUS,,,,,GOV,BUS,,1,030,030,03,1,4.0,2,1,2,3.25203252032521,4,"Bangkok, Krung Thep Mahanakhon, Thailand",TH,TH40,26423,13.75,100.517,-3250083,4,"Canberra, Australian Capital Territory, Australia",AS,AS01,4940,-35.2833,149.217,-1563952,4,"Bangkok, Krung Thep Mahanakhon, Thailand",TH,TH40,26423,13.75,100.517,-3250083,20260914011500,https://www.eurasiareview.com/14092026-australia-thailand-boosting-security-cooperation/
1322890373,20260914,202609,2026,2026.6959,THA,THAILAND,THA,,,,,,,,AUSGOVBUS,ANTHONY ALBANESE,AUS,,,,,GOV,BUS,,1,030,030,03,1,4.0,8,1,8,3.25203252032521,4,"Bangkok, Krung Thep Mahanakhon, Thailand",TH,TH40,26423,13.75,100.517,-3250083,4,"Bangkok, Krung Thep Mahanakhon, Thailand",TH,TH40,26423,13.75,100.517,-3250083,4,"Bangkok, Krung Thep Mahanakhon, Thailand",TH,TH40,26423,13.75,100.517,-3250083,20260914011500,https://www.eurasiareview.com/14092026-australia-thailand-boosting-security-cooperation/
1322890374,20260914,202609,2026,2026.6959,THA,THAILAND,THA,,,,,,,,AUSGOVBUS,ANTHONY ALBANESE,AUS,,,,,GOV,BUS,,1,036,036,03,1,4.0,2,1,2,3.25203252032521,4,"Bangkok, Krung Thep Mahanakhon, Thailand",TH,TH40,26423,13.75,100.517,-3250083,4,"Canberra, Australian Capital Territory, Australia",AS,AS01,4940,-35.2833,149.217,-1563952,4,"Bangkok, Krung Thep Mahanakhon, Thailand",TH,TH40,26423,13.75,100.517,-3250083,20260914011500,https://www.eurasiareview.com/14092026-australia-thailand-boosting-security-cooperation/
1322890375,20260914,202609,2026,2026.6959,THA,THAILAND,THA,,,,,,,,AUSGOVBUS,ANTHONY ALBANESE,AUS,,,,,GOV,BUS,,1,036,036,03,1,4.0,8,1,8,3.25203252032521,4,"Bangkok, Krung Thep Mahanakhon, Thailand",TH,TH40,26423,13.75,100.517,-3250083,4,"Bangkok, Krung Thep Mahanakhon, Thailand",TH,TH40,26423,13.75,100.517,-3250083,4,"Bangkok, Krung Thep Mahanakhon, Thailand",TH,TH40,26423,13.75,100.517,-3250083,20260914011500,https://www.eurasiareview.com/14092026-australia-thailand-boosting-security-cooperation/
1322890376,20260914,202609,2026,2026.6959,THA,THAI,THA,,,,,,,,CHN,CHINA,CHN,,,,,,,,0,052,052,05,1,3.5,8,1,8,1.98931116389549,4,"Chiang Mai, Chiang Mai, Thailand",TH,TH02,26507,18.7904,98.9847,-3247115,4,"Beijing, Beijing, China",CH,CH22,13001,39.9289,116.388,-1898541,4,"Chiang Mai, Chiang Mai, Thailand",TH,TH02,26507,18.7904,98.9847,-3247115,20260914011500,https://www.eurasiareview.com/14092026-the-trap-that-is-thailands-legacy-of-diplomatic-success-analysis/
1322890377,20260914,202609,2026,2026.6959,THA,THAILAND,THA,,,,,,,,CHN,CHINA,CHN,,,,,,,,0,052,052,05,1,3.5,2,1,2,1.98931116389549,4,"Chiang Mai, Chiang Mai, Thailand",TH,TH02,26507,18.7904,98.9847,-3247115,4,"Chiang Mai, Chiang Mai, Thailand",TH,TH02,26507,18.7904,98.9847,-3247115,4,"Chiang Mai, Chiang Mai, Thailand",TH,TH02,26507,18.7904,98.9847,-3247115,20260914011500,https://www.eurasiareview.com/14092026-the-trap-that-is-thailands-legacy-of-diplomatic-success-analysis/
1322890378,20260914,202609,2026,2026.6959,THA,THAI,THA,,,,,,,,CHN,CHINA,CHN,,,,,,,,0,061,061,06,2,6.4,10,1,10,1.98931116389549,4,"Chiang Mai, Chiang Mai, Thailand",TH,TH02,26507,18.7904,98.9847,-3247115,4,"Chiang Mai, Chiang Mai, Thailand",TH,TH02,26507,18.7904,98.9847,-3247115,4,"Chiang Mai, Chiang Mai, Thailand",TH,TH02,26507,18.7904,98.9847,-3247115,20260914011500,https://www.eurasiareview.com/14092026-the-trap-that-is-thailands-legacy-of-diplomatic-success-analysis/
1322890379,20260914,202609,2026,2026.6959,THA,BANGKOK,THA,,,,,,,,GOV,GOVERNMENT,,,,,,GOV,,,0,0332,033,03,1,5.2,7,1,7,3.25203252032521,4,"Bangkok, Krung Thep Mahanakhon, Thailand",TH,TH40,26423,13.75,100.517,-3250083,4,"Canberra, Australian Capital Territory, Australia",AS,AS01,4940,-35.2833,149.217,-1563952,4,"Canberra, Australian Capital Territory, Australia",AS,AS01,4940,-35.2833,149.217,-1563952,20260914011500,https://www.eurasiareview.com/14092026-australia-thailand-boosting-security-cooperation/
1322890380,20260914,202609,2026,2026.6959,THA,BANGKOK,THA,,,,,,,,GOV,GOVERNMENT,,,,,,GOV,,,0,0332,033,03,1,5.2,1,1,1,3.25203252032521,1,United Kingdom,UK,UK,,54,-4,UK,4,"Canberra, Australian Capital Territory, Australia",AS,AS01,4940,-35.2833,149.217,-1563952,4,"Canberra, Australian Capital Territory, Australia",AS,AS01,4940,-35.2833,149.217,-1563952,20260914011500,https://www.eurasiareview.com/14092026-australia-thailand-boosting-security-cooperation/
1322890381,20260914,202609,2026,2026.6959,THAGOV,THAILAND,THA,,,,,GOV,,,AUS,AUSTRALIA,AUS,,,,,,,,0,042,042,04,1,1.9,1,1,1,3.25203252032521,4,"Canberra, Australian Capital Territory, Australia",AS,AS01,4940,-35.2833,149.217,-1563952,4,"Canberra, Australian Capital Territory, Australia",AS,AS01,4940,-35.2833,149.217,-1563952,4,"Canberra, Australian Capital Territory, Australia",AS,AS01,4940,-35.2833,149.217,-1563952,20260914011500,https://www.eurasiareview.com/14092026-australia-thailand-boosting-security-cooperation/
1322890382,20260914,202609,2026,2026.6959,THAGOV,THAI,THA,,,,,GOV,,,AUS,AUSTRALIA,AUS,,,,,,,,0,042,042,04,1,1.9,4,1,4,3.25203252032521,4,"Bangkok, Krung Thep Mahanakhon, Thailand",TH,TH40,26423,13.75,100.517,-3250083,4,"Canberra, Australian Capital Territory, Australia",AS,AS01,4940,-35.2833,149.217,-1563952,4,"Canberra, Australian Capital Territory, Australia",AS,AS01,4940,-35.2833,149.217,-1563952,20260914011500,https://www.eurasiareview.com/14092026-australia-thailand-boosting-security-cooperation/
1322890383,20260914,202609,2026,2026.6959,UKR,UKRAINE,UKR,,,,,,,,,,,,,,,,,,1,043,043,04,1,2.8,4,1,2,-2.61627906976744,4,"Odesa, Odes'ka Oblast, Ukraine",UP,UP17,28558,46.4639,30.7386,-1049092,0,,,,,,,,4,"Odesa, Odes'ka Oblast, Ukraine",UP,UP17,28558,46.4639,30.7386,-1049092,20260914011500,https://www.theyeshivaworld.com/news/israel-news/2597560/despite-war-more-than-65000-spend-rosh-hashanah-in-uman-nearly-1750-treated-by-hatzalah.html
1322890384,20260914,202609,2026,2026.6959,UKR,UKRAINE,UKR,,,,,,,,,,,,,,,,,,1,051,051,05,1,3.4,10,3,10,-6.14068922799707,4,"Kiev, Ukraine (general), Ukraine",UP,UP00,28554,50.4333,30.5167,-1044367,0,,,,,,,,4,"Kiev, Ukraine (general), Ukraine",UP,UP00,28554,50.4333,30.5167,-1044367,20260914011500,http://www.bignewsnetwork.com/news/279304974/zelensky-sanctions-ex-press-secretary-turned-fierce-critic
1322890385,20260914,202609,2026,2026.6959,UKR,UKRAINE,UKR,,,,,,,,,,,,,,,,,,1,051,051,05,1,3.4,2,1,2,-2.61627906976744,4,"Odesa, Odes'ka Oblast, Ukraine",UP,UP17,28558,46.4639,30.7386,-1049092,0,,,,,,,,4,"Odesa, Odes'ka Oblast, Ukraine",UP,UP17,28558,46.4639,30.7386,-1049092,20260914011500,https://www.theyeshivaworld.com/news/israel-news/2597560/despite-war-more-than-65000-spend-rosh-hashanah-in-uman-nearly-1750-treated-by-hatzalah.html
1322890386,20260914,202609,2026,2026.6959,UKR,UKRAINE,UKR,,,,,,,,,,,,,,,,,,1,110,110,11,3,-2.0,2,2,2,-7.02179176755448,4,"Kiev, Ukraine (general), Ukraine",UP,UP00,28554,50.4333,30.5167,-1044367,0,,,,,,,,4,"Kiev, Ukraine (general), Ukraine",UP,UP00,28554,50.4333,30.5167,-1044367,20260914011500,http://www.bignewsnetwork.com/news/279304974/zelensky-sanctions-ex-press-secretary-turned-fierce-critic
1322890387,20260914,202609,2026,2026.6959,UKR,UKRAINE,UKR,,,,,,,,CHN,CHINA,CHN,,,,,,,,1,042,042,04,1,1.9,3,1,3,-0.86160473882606,4,"Russkiy, Donets'ka Oblast', Ukraine",UP,UP05,25090,47.9529,38.377,-1052739,4,"Beijing, Beijing, China",CH,CH22,13001,39.9289,116.388,-1898541,4,"Beijing, Beijing, China",CH,CH22,13001,39.9289,116.388,-1898541,20260914011500,https://www.eurasiareview.com/14092026-the-russia-china-bilateral-deepens-analysis/
1322890388,20260914,202609,2026,2026.6959,UKR,UKRAINIAN,UKR,,,,,,,,GOV,AUTHORITIES,,,,,,GOV,,,0,020,020,02,1,3.0,4,1,4,-2.61627906976744,4,"Kyiv, Kyyiv, Misto, Ukraine",UP,UP12,28554,50.4333,30.5167,-1044367,4,"Kyiv, Kyyiv, Misto, Ukraine",UP,UP12,28554,50.4333,30.5167,-1044367,4,"Kyiv, Kyyiv, Misto, Ukraine",UP,UP12,28554,50.4333,30.5167,-1044367,20260914011500,https://www.theyeshivaworld.com/news/israel-news/2597560/despite-war-more-than-65000-spend-rosh-hashanah-in-uman-nearly-1750-treated-by-hatzalah.html
1322890389,20260914,202609,2026,2026.6959,UKR,UKRAINE,UKR,,,,,,,,IGOEUREEC,EUROPEAN PARLIAMENT,EUR,EEC,,,,IGO,,,1,036,036,03,1,4.0,2,2,2,-7.02179176755448,4,"Kiev, Ukraine (general), Ukraine",UP,UP00,28554,50.4333,30.5167,-1044367,4,"Kiev, Ukraine (general), Ukraine",UP,UP00,28554,50.4333,30.5167,-1044367,4,"Kiev, Ukraine (general), Ukraine",UP,UP00,28554,50.4333,30.5167,-1044367,20260914011500,http://www.bignewsnetwork.com/news/279304974/zelensky-sanctions-ex-press-secretary-turned-fierce-critic
1322890390,20260914,202609,2026,2026.6959,UKR,UKRAINE,UKR,,,,,,,,RUS,RUSSIA,RUS,,,,,,,,0,010,010,01,1,0.0,1,1,1,-3.21592649310873,4,"Kyiv, Kyyiv, Misto, Ukraine",UP,UP12,28554,50.4333,30.5167,-1044367,4,"Kremlin, Moskva, Russia",RS,RS48,25106,55.7522,37.6156,-2960561,4,"Kyiv, Kyyiv, Misto, Ukraine",UP,UP12,28554,50.4333,30.5167,-1044367,20260914011500,https://www.thedailybeast.com/vladimir-putins-battlefield-boasts-collapse-in-humiliating-fashion/
1322890391,20260914,202609,2026,2026.6959,UKR,UKRAINE,UKR,,,,,,,,RUS,RUSSIA,RUS,,,,,,,,0,010,010,01,1,0.0,1,1,1,-3.21592649310873,4,"Kyiv, Kyyiv, Misto, Ukraine",UP,UP12,28554,50.4333,30.5167,-1044367,4,"Kremlin, Moskva, Russia",RS,RS48,25106,55.7522,37.6156,-2960561,4,"Kremlin, Moskva, Russia",RS,RS48,25106,55.7522,37.6156,-2960561,20260914011500,https://www.thedailybeast.com/vladimir-putins-battlefield-boasts-collapse-in-humiliating-fashion/
1322890392,20260914,202609,2026,2026.6959,UKR,UKRAINIAN,UKR,,,,,,,,RUS,MOSCOW,RUS,,,,,,,,0,043,043,04,1,2.8,5,1,5,-3.21592649310873,4,"Kyiv, Kyyiv, Misto, Ukraine",UP,UP12,28554,50.4333,30.5167,-1044367,4,"Moscow, Moskva, Russia",RS,RS48,25106,55.7522,37.6156,-2960561,4,"Moscow, Moskva, Russia",RS,RS48,25106,55.7522,37.6156,-2960561,20260914011500,https://www.thedailybeast.com/vladimir-putins-battlefield-boasts-collapse-in-humiliating-fashion/
1322890393,20260914,202609,2026,2026.6959,UKR,UKRAINIAN,UKR,,,,,,,,RUS,RUSSIA,RUS,,,,,,,,0,043,043,04,1,2.8,2,1,2,-3.21592649310873,4,"Moscow, Moskva, Russia",RS,RS48,25106,55.7522,37.6156,-2960561,4,"Moscow, Moskva, Russia",RS,RS48,25106,55.7522,37.6156,-2960561,4,"Moscow, Moskva, Russia",RS,RS48,25106,55.7522,37.6156,-2960561,20260914011500,https://www.thedailybeast.com/vladimir-putins-battlefield-boasts-collapse-in-humiliating-fashion/
1322890394,20260914,202609,2026,2026.6959,UKR,UKRAINIAN,UKR,,,,,,,,UKRMIL,UKRAINE,UKR,,,,,MIL,,,0,015,015,01,1,0.0,2,1,2,-3.21592649310873,4,"Moscow, Moskva, Russia",RS,RS48,25106,55.7522,37.6156,-2960561,4,"Moscow, Moskva, Russia",RS,RS48,25106,55.7522,37.6156,-2960561,4,"Moscow, Moskva, Russia",RS,RS48,25106,55.7522,37.6156,-2960561,20260914011500,https://www.thedailybeast.com/vladimir-putins-battlefield-boasts-collapse-in-humiliating-fashion/
1322890395,20260914,202609,2026,2026.6959,UKRCOP,UKRAINIAN,UKR,,,,,COP,,,GOV,AUTHORITIES,,,,,,GOV,,,0,020,020,02,1,3.0,6,1,6,-2.61627906976744,4,"Kyiv, Kyyiv, Misto, Ukraine",UP,UP12,28554,50.4333,30.5167,-1044367,4,"Kyiv, Kyyiv, Misto, Ukraine",UP,UP12,28554,50.4333,30.5167,-1044367,4,"Kyiv, Kyyiv, Misto, Ukraine",UP,UP12,28554,50.4333,30.5167,-1044367,20260914011500,https://www.theyeshivaworld.com/news/israel-news/2597560/despite-war-more-than-65000-spend-rosh-hashanah-in-uman-nearly-1750-treated-by-hatzalah.html
1322890396,20260914,202609,2026,2026.6959,UKRELI,UKRAINE,UKR,,,,,ELI,,,UKR,UKRAINE,UKR,,,,,,,,1,112,112,11,3,-2.0,8,2,8,-7.02179176755448,4,"Kiev, Ukraine (general), Ukraine",UP,UP00,28554,50.4333,30.5167,-1044367,4,"Kiev, Ukraine (general), Ukraine",UP,UP00,28554,50.4333,30.5167,-1044367,4,"Kiev, Ukraine (general), Ukraine",UP,UP00,28554,50.4333,30.5167,-1044367,20260914011500,http://www.bignewsnetwork.com/news/279304974/zelensky-sanctions-ex-press-secretary-turned-fierce-critic
1322890397,20260914,202609,2026,2026.6959,UKRMIL,UKRAINIAN,UKR,,,,,MIL,,,,,,,,,,,,,0,015,015,01,1,0.0,3,1,3,-3.21592649310873,4,"Kyiv, Kyyiv, Misto, Ukraine",UP,UP12,28554,50.4333,30.5167,-1044367,0,,,,,,,,4,"Kyiv, Kyyiv, Misto, Ukraine",UP,UP12,28554,50.4333,30.5167,-1044367,20260914011500,https://www.thedailybeast.com/vladimir-putins-battlefield-boasts-collapse-in-humiliating-fashion/
1322890398,20260914,202609,2026,2026.6959,UKRMIL,UKRAINIAN,UKR,,,,,MIL,,,,,,,,,,,,,0,015,015,01,1,0.0,3,1,3,-3.21592649310873,4,"Moscow, Moskva, Russia",RS,RS48,25106,55.7522,37.6156,-2960561,0,,,,,,,,4,"Moscow, Moskva, Russia",RS,RS48,25106,55.7522,37.6156,-2960561,20260914011500,https://www.thedailybeast.com/vladimir-putins-battlefield-boasts-collapse-in-humiliating-fashion/
1322890399,20260914,202609,2026,2026.6959,USA,UNITED STATES,USA,,,,,,,,,,,,,,,,,,1,010,010,01,1,0.0,4,1,4,-1.02739726027397,3,"Houston, Texas, United States",US,USTX,TX201,29.7633,-95.3633,1380948,0,,,,,,,,3,"Houston, Texas, United States",US,USTX,TX201,29.7633,-95.3633,1380948,20260914011500,https://abc13.com/post/former-houston-oiler-says-he-was-victim-car-break-caught-camera/19827545/
1322890400,20260914,202609,2026,2026.6959,USA,UNITED STATES,USA,,,,,,,,,,,,,,,,,,0,010,010,01,1,0.0,1,1,1,-4.6583850931677,3,"Columbia County, Florida, United States",US,USFL,FL023,30.2508,-82.6243,306909,0,,,,,,,,3,"Columbia County, Florida, United States",US,USFL,,30.2508,-82.6243,306909,20260914011500,https://www.theblaze.com/news/17-year-old-florida-male-is-person-of-interest-in-murder-of-his-16-year-old-girlfriend-who-was-7-months-pregnant
1322890401,20260914,202609,2026,2026.6959,USA,MINNEAPOLIS,USA,,,,,,,,,,,,,,,,,,1,010,010,01,1,0.0,2,1,2,-3.76134889753567,3,"Minneapolis, Minnesota, United States",US,USMN,MN053,44.98,-93.2638,655030,0,,,,,,,,3,"Minneapolis, Minnesota, United States",US,USMN,MN053,44.98,-93.2638,655030,20260914011500,https://www.fox9.com/news/feds-sue-gold-star-distribution-cease-operations-until-company-complies-health-regulations
1322890402,20260914,202609,2026,2026.6959,USA,THE US,USA,,,,,,,,,,,,,,,,,,0,012,012,01,1,-0.4,6,1,6,-2.52707581227437,4,"Tehran, Tehran, Iran",IR,IR26,41130,35.75,51.5148,10074674,0,,,,,,,,4,"Tehran, Tehran, Iran",IR,IR26,41130,35.75,51.5148,10074674,20260914011500,https://tribune.com.pk/story/2629155/tehran-ties-hormuz-reopening-to-us-pledges
1322890403,20260914,202609,2026,2026.6959,USA,UNITED STATES,USA,,,,,,,,,,,,,,,,,,0,016,016,01,1,-2.0,4,1,4,-4.14438502673797,3,"Fort Dix, New Jersey, United States",US,USNJ,NJ005,40.0298,-74.6185,876417,0,,,,,,,,3,"Fort Dix, New Jersey, United States",US,USNJ,,40.0298,-74.6185,876417,20260914011500,https://allhiphop.com/news/exclusive-diddy-eyes-possible-massive-payout-as-banfield-producers-consider-settlement/
1322890404,20260914,202609,2026,2026.6959,USA,ARIZONA,USA,,,,,,,,,,,,,,,,,,1,017,017,01,1,0.0,9,1,9,-3.60721442885771,3,"Phoenix, Arizona, United States",US,USAZ,AZ013,33.4484,-112.074,44784,0,,,,,,,,2,"Arizona, United States",US,USAZ,,33.7712,-111.388,AZ,20260914011500,https://www.oann.com/newsroom/charlie-kirk-statue-vandalized-in-phoenix-days-after-installation-marking-the-1-year-anniversary-of-his-assassination/
1322890405,20260914,202609,2026,2026.6959,USA,UNITED STATES,USA,,,,,,,,,,,,,,,,,,0,017,017,01,1,0.0,7,1,4,-1.26782884310618,3,"White House, District of Columbia, United States",US,USDC,,38.8951,-77.0364,531871,0,,,,,,,,3,"White House, District of Columbia, United States",US,USDC,,38.8951,-77.0364,531871,20260914011500,https://www.thedailybeast.com/the-very-worst-trump-cowards-exposed-author/
1322890406,20260914,202609,2026,2026.6959,USA,UNITED STATES,USA,,,,,,,,,,,,,,,,,,1,017,017,01,1,0.0,1,1,1,-3.60721442885771,2,"Arizona, United States",US,USAZ,,33.7712,-111.388,AZ,0,,,,,,,,2,"Arizona, United States",US,USAZ,,33.7712,-111.388,AZ,20260914011500,https://www.oann.com/newsroom/charlie-kirk-statue-vandalized-in-phoenix-days-after-installation-marking-the-1-year-anniversary-of-his-assassination/
1322890407,20260914,202609,2026,2026.6959,USA,TEXAS,USA,,,,,,,,,,,,,,,,,,1,020,020,02,1,3.0,10,1,10,-1.02739726027397,3,"Houston, Texas, United States",US,USTX,TX201,29.7633,-95.3633,1380948,0,,,,,,,,3,"Houston, Texas, United States",US,USTX,TX201,29.7633,-95.3633,1380948,20260914011500,https://abc13.com/post/former-houston-oiler-says-he-was-victim-car-break-caught-camera/19827545/
1322890408,20260914,202609,2026,2026.6959,USA,FLORIDA,USA,,,,,,,,,,,,,,,,,,1,020,020,02,1,3.0,8,1,8,-2.63488080301129,1,Spain,SP,SP,,40,-4,SP,0,,,,,,,,1,Spain,SP,SP,,40,-4,SP,20260914011500,https://www.progressive-charlestown.com/2026/09/the-greenest-building-is-one-still.html
1322890409,20260914,202609,2026,2026.6959,USA,NEW YORK,USA,,,,,,,,,,,,,,,,,,1,036,036,03,1,4.0,10,1,10,4.66595970307529,4,"Melbourne, Victoria, Australia",AS,AS07,5430,-37.8167,144.967,-1586844,0,,,,,,,,4,"Melbourne, Victoria, Australia",AS,AS07,5430,-37.8167,144.967,-1586844,20260914011500,https://www.cairnspost.com.au/lifestyle/stellar/duckie-thots-next-big-move-i-miss-being-in-the-concrete-jungle/news-story/3419861e49c74282ae9058d8c025e906?nk=47da8e7ce23afe87492ebf3637efe6af-1789347717
1322890410,20260914,202609,2026,2026.6959,USA,UNITED STATES,USA,,,,,,,,,,,,,,,,,,0,036,036,03,1,4.0,6,1,6,0.32258064516129,3,"Orwigsburg, Pennsylvania, United States",US,USPA,PA107,40.6548,-76.1008,1183059,0,,,,,,,,3,"Orwigsburg, Pennsylvania, United States",US,USPA,PA107,40.6548,-76.1008,1183059,20260914011500,https://www.republicanherald.com/2026/09/13/sept-14-2026-around-the-region/
1322890411,20260914,202609,2026,2026.6959,USA,OKLAHOMA,USA,,,,,,,,,,,,,,,,,,1,040,040,04,1,1.0,1,1,1,-3.47457627118644,2,"Oklahoma, United States",US,USOK,,35.5376,-96.9247,OK,0,,,,,,,,3,"Hollywood, California, United States",US,USCA,CA037,34.0983,-118.327,1660757,20260914011500,https://www.indiewire.com/criticism/movies/how-we-stand-review-amber-midthunder-1235216754/
1322890412,20260914,202609,2026,2026.6959,USA,UNITED STATES,USA,,,,,,,,,,,,,,,,,,0,040,040,04,1,1.0,6,1,4,2.35131396957123,1,United States,US,US,,39.828175,-98.5795,US,0,,,,,,,,1,United States,US,US,,39.828175,-98.5795,US,20260914011500,https://dailyillini.com/life_and_culture-stories/arts-and-entertainment/2026/09/13/ae-rewind-this-weeks-buzz/
1322890413,20260914,202609,2026,2026.6959,USA,UNITED STATES,USA,,,,,,,,,,,,,,,,,,1,042,042,04,1,1.9,4,1,4,-3.41880341880342,2,"New York, United States",US,USNY,,42.1497,-74.9384,NY,0,,,,,,,,2,"New York, United States",US,USNY,,42.1497,-74.9384,NY,20260914011500,https://www.thedailybeast.com/maga-curious-cbs-news-boss-bari-weiss-caught-in-network-cold-war-with-tom-cibrowski/
1322890414,20260914,202609,2026,2026.6959,USA,UNITED STATES,USA,,,,,,,,,,,,,,,,,,1,042,042,04,1,1.9,2,1,2,-6.10687022900763,2,"Wisconsin, United States",US,USWI,,44.2563,-89.6385,WI,0,,,,,,,,2,"Wisconsin, United States",US,USWI,,44.2563,-89.6385,WI,20260914011500,https://www.theyeshivaworld.com/news/general/2597637/congressmans-plane-crashes-into-lake-wisconsin-gubernatorial-candidate-swims-to-safety-after-emergency-landing.html
1322890415,20260914,202609,2026,2026.6959,USA,NEW YORK,USA,,,,,,,,,,,,,,,,,,0,043,043,04,1,2.8,10,1,10,-0.31545741324921,2,"New York, United States",US,USNY,,42.1497,-74.9384,NY,0,,,,,,,,2,"New York, United States",US,USNY,,42.1497,-74.9384,NY,20260914011500,https://www.theyeshivaworld.com/news/israel-news/2597567/airfare-relief-five-airlines-battle-for-nyc-tel-aviv-passengers-as-prices-begin-to-plunge.html
1322890416,20260914,202609,2026,2026.6959,USA,UNITED STATES,USA,,,,,,,,,,,,,,,,,,0,046,046,04,1,7.0,1,1,1,7.1390798519302,4,"Orsay, France (general), France",FR,FR00,16285,48.6957,2.18727,-1456229,0,,,,,,,,4,"Orsay, France (general), France",FR,FR00,16285,48.6957,2.18727,-1456229,20260914011500,https://artdaily.com/news/200196/The-Rollins-Museum-of-Art-announces-National-Advisory-Task-Force
1322890417,20260914,202609,2026,2026.6959,USA,UNITED STATES,USA,,,,,,,,,,,,,,,,,,0,046,046,04,1,7.0,1,1,1,7.1390798519302,3,"Colby College, Maine, United States",US,USME,ME011,44.564,-69.6637,564173,0,,,,,,,,3,"Colby College, Maine, United States",US,USME,,44.564,-69.6637,564173,20260914011500,https://artdaily.com/news/200196/The-Rollins-Museum-of-Art-announces-National-Advisory-Task-Force
1322890418,20260914,202609,2026,2026.6959,USA,UNITED STATES,USA,,,,,,,,,,,,,,,,,,1,050,050,05,1,3.5,5,1,5,0.33333333333333,1,United States,US,US,,39.828175,-98.5795,US,0,,,,,,,,1,United States,US,US,,39.828175,-98.5795,US,20260914011500,https://toronto.citynews.ca/2026/09/13/new-poll-liberals-14-point-lead-over-conservatives-escalating-trade-war/
1322890419,20260914,202609,2026,2026.6959,USA,AMERICAN,USA,,,,,,,,,,,,,,,,,,0,051,051,05,1,3.4,8,1,8,-4.36893203883495,3,"Charlestown, Rhode Island, United States",US,USRI,RI009,41.3832,-71.6417,1217684,0,,,,,,,,1,Germany,GM,GM,,51.5,10.5,GM,20260914011500,https://www.progressive-charlestown.com/search?updated-max=2026-09-11T16:00:00-04:00&max-results=15
1322890420,20260914,202609,2026,2026.6959,USA,AMERICAN,USA,,,,,,,,,,,,,,,,,,0,051,051,05,1,3.4,2,1,2,-4.36893203883495,1,Germany,GM,GM,,51.5,10.5,GM,0,,,,,,,,3,"Charlestown, Rhode Island, United States",US,USRI,RI009,41.3832,-71.6417,1217684,20260914011500,https://www.progressive-charlestown.com/search?updated-max=2026-09-11T16:00:00-04:00&max-results=15
1322890421,20260914,202609,2026,2026.6959,USA,NORTH CAROLINA,USA,,,,,,,,,,,,,,,,,,1,060,060,06,2,6.0,10,1,10,-2.44897959183673,0,,,,,,,,0,,,,,,,,0,,,,,,,,20260914011500,https://www.thestokesnews.com/news/drug-tip-leads-to-grow-site/article_8b1ad396-a67b-4972-b64c-89d4d2d014f3.html
1322890422,20260914,202609,2026,2026.6959,USA,UNITED STATES,USA,,,,,,,,,,,,,,,,,,1,071,071,07,2,7.4,4,1,4,-1.26782884310618,3,"White House, District of Columbia, United States",US,USDC,,38.8951,-77.0364,531871,0,,,,,,,,3,"White House, District of Columbia, United States",US,USDC,,38.8951,-77.0364,531871,20260914011500,https://www.thedailybeast.com/the-very-worst-trump-cowards-exposed-author/
1322890423,20260914,202609,2026,2026.6959,USA,THE US,USA,,,,,,,,,,,,,,,,,,0,080,080,08,2,5.0,10,1,10,-1.77215189873418,1,United States,US,US,,39.828175,-98.5795,US,0,,,,,,,,1,United States,US,US,,39.828175,-98.5795,US,20260914011500,https://www.kten.com/news/politics/iran-gulf-talks-without-us-participation-on-reopening-the-strait-of-hormuz-postponed-omani-official/article_f3f2e0bc-f00d-57a3-a290-0791b948ba25.html
1322890424,20260914,202609,2026,2026.6959,USA,AMERICAN,USA,,,,,,,,,,,,,,,,,,0,085,085,08,2,7.0,1,1,1,-4.36893203883495,3,"White House, District of Columbia, United States",US,USDC,,38.8951,-77.0364,531871,0,,,,,,,,1,Iraq,IZ,IZ,,33,44,IZ,20260914011500,https://www.progressive-charlestown.com/search?updated-max=2026-09-11T16:00:00-04:00&max-results=15
1322890425,20260914,202609,2026,2026.6959,USA,AMERICAN,USA,,,,,,,,,,,,,,,,,,0,085,085,08,2,7.0,7,1,7,-4.36893203883495,1,Iraq,IZ,IZ,,33,44,IZ,0,,,,,,,,3,"White House, District of Columbia, United States",US,USDC,,38.8951,-77.0364,531871,20260914011500,https://www.progressive-charlestown.com/search?updated-max=2026-09-11T16:00:00-04:00&max-results=15
1322890426,20260914,202609,2026,2026.6959,USA,AMERICAN,USA,,,,,,,,,,,,,,,,,,0,085,085,08,2,7.0,2,1,2,-4.36893203883495,2,"Maryland, United States",US,USMD,,39.0724,-76.7902,MD,0,,,,,,,,2,"Maryland, United States",US,USMD,,39.0724,-76.7902,MD,20260914011500,https://www.progressive-charlestown.com/search?updated-max=2026-09-11T16:00:00-04:00&max-results=15
1322890427,20260914,202609,2026,2026.6959,USA,BOSTON,USA,,,,,,,,,,,,,,,,,,0,090,090,09,2,-2.0,10,1,10,-8.07453416149068,3,"Boston, Massachusetts, United States",US,USMA,MA025,42.3584,-71.0598,617565,0,,,,,,,,3,"Boston, Massachusetts, United States",US,USMA,MA025,42.3584,-71.0598,617565,20260914011500,https://theconservativetreehouse.com/blog/2026/09/12/nbc-targets-and-doxxes-lindsay-clancey-juror-holdout-visits-home-searches-investigates-family-and-worse/comment-page-4/
1322890428,20260914,202609,2026,2026.6959,USA,UNITED STATES,USA,,,,,,,,,,,,,,,,,,0,111,111,11,3,-2.0,4,1,4,-0.393037619315,3,"Chicago, Illinois, United States",US,USIL,IL031,41.85,-87.6501,423587,0,,,,,,,,3,"Chicago, Illinois, United States",US,USIL,IL031,41.85,-87.6501,423587,20260914011500,https://collider.com/far-side-best-unhinged-dinosaur-comics/
1322890429,20260914,202609,2026,2026.6959,USA,THE US,USA,,,,,,,,,,,,,,,,,,0,120,120,12,3,-4.0,6,1,6,-2.52707581227437,4,"Tehran, Tehran, Iran",IR,IR26,41130,35.75,51.5148,10074674,0,,,,,,,,4,"Tehran, Tehran, Iran",IR,IR26,41130,35.75,51.5148,10074674,20260914011500,https://tribune.com.pk/story/2629155/tehran-ties-hormuz-reopening-to-us-pledges
1322890430,20260914,202609,2026,2026.6959,USA,UNITED STATES,USA,,,,,,,,,,,,,,,,,,1,120,120,12,3,-4.0,4,1,4,-6.58682634730539,3,"Los Angeles, California, United States",US,USCA,CA037,34.0522,-118.244,1662328,0,,,,,,,,3,"Los Angeles, California, United States",US,USCA,,34.0522,-118.244,1662328,20260914011500,https://www.dailynews.com/2026/09/13/crash-involving-lafd-fire-truck-in-harbor-gateway-injures-7/
1322890431,20260914,202609,2026,2026.6959,USA,UNITED STATES,USA,,,,,,,,,,,,,,,,,,0,120,120,12,3,-4.0,4,1,4,-8.07453416149068,3,"Boston, Massachusetts, United States",US,USMA,MA025,42.3584,-71.0598,617565,0,,,,,,,,3,"Boston, Massachusetts, United States",US,USMA,MA025,42.3584,-71.0598,617565,20260914011500,https://theconservativetreehouse.com/blog/2026/09/12/nbc-targets-and-doxxes-lindsay-clancey-juror-holdout-visits-home-searches-investigates-family-and-worse/comment-page-4/
1322890432,20260914,202609,2026,2026.6959,USA,UNITED STATES,USA,,,,,,,,,,,,,,,,,,0,120,120,12,3,-4.0,2,1,2,2.0924149956408,2,"New York, United States",US,USNY,,42.1497,-74.9384,NY,0,,,,,,,,4,"Rolandswerth, Rheinland-Pfalz, Germany",GM,GM08,16554,50.6333,7.2,-1851499,20260914011500,https://artdaily.com/news/200203/First-New-York-Hans-Arp-exhibition-in-15-years-opens-at-Hauser---Wirth
1322890433,20260914,202609,2026,2026.6959,USA,UNITED STATES,USA,,,,,,,,,,,,,,,,,,1,134,134,13,3,-5.8,2,1,2,-1.26782884310618,3,"White House, District of Columbia, United States",US,USDC,,38.8951,-77.0364,531871,0,,,,,,,,3,"White House, District of Columbia, United States",US,USDC,,38.8951,-77.0364,531871,20260914011500,https://www.thedailybeast.com/the-very-worst-trump-cowards-exposed-author/
1322890434,20260914,202609,2026,2026.6959,USA,LOUISIANA,USA,,,,,,,,,,,,,,,,,,1,141,141,14,3,-6.5,10,1,10,3.50194552529183,2,"Louisiana, United States",US,USLA,,31.1801,-91.8749,LA,0,,,,,,,,2,"Louisiana, United States",US,USLA,,31.1801,-91.8749,LA,20260914011500,https://verticalmag.com/email/Vertical_sunday_review_email.php?date=2026-09-14
1322890435,20260914,202609,2026,2026.6959,USA,UNITED STATES,USA,,,,,,,,,,,,,,,,,,1,160,160,16,4,-4.0,6,1,6,-8.43881856540085,3,"Tweed New Haven Airport, Connecticut, United States",US,USCT,CT009,41.2639,-72.8871,213084,0,,,,,,,,3,"Tweed New Haven Airport, Connecticut, United States",US,USCT,,41.2639,-72.8871,213084,20260914011500,https://www.wfsb.com/2026/09/13/flash-flooding-disrupts-travel-across-connecticut/
1322890436,20260914,202609,2026,2026.6959,USA,UNITED STATES,USA,,,,,,,,,,,,,,,,,,0,160,160,16,4,-4.0,4,1,4,-7.35586481113318,2,"Michigan, United States",US,USMI,,43.3504,-84.5603,MI,0,,,,,,,,2,"Michigan, United States",US,USMI,,43.3504,-84.5603,MI,20260914011500,https://allhiphop.com/news/exclusive-eminems-stolen-music-case-takes-major-turn-with-new-felony-filing/
1322890437,20260914,202609,2026,2026.6959,USA,UNITED STATES,USA,,,,,,,,,,,,,,,,,,1,1712,171,17,4,-9.2,2,1,2,-3.60721442885771,3,"Phoenix, Arizona, United States",US,USAZ,AZ013,33.4484,-112.074,44784,0,,,,,,,,2,"Arizona, United States",US,USAZ,,33.7712,-111.388,AZ,20260914011500,https://www.oann.com/newsroom/charlie-kirk-statue-vandalized-in-phoenix-days-after-installation-marking-the-1-year-anniversary-of-his-assassination/
1322890438,20260914,202609,2026,2026.6959,USA,UNITED STATES,USA,,,,,,,,,,,,,,,,,,1,173,173,17,4,-5.0,4,1,4,-11.965811965812,3,"Longview, Texas, United States",US,USTX,TX183,32.5007,-94.7405,1374716,0,,,,,,,,3,"Longview, Texas, United States",US,USTX,TX183,32.5007,-94.7405,1374716,20260914011500,https://www.kten.com/news/state/harrison-county-man-arrested-after-infants-death/article_087c9703-e229-5aad-ae52-d6e3ffa3b028.html
1322890439,20260914,202609,2026,2026.6959,USA,UNITED STATES,USA,,,,,,,,,,,,,,,,,,1,173,173,17,4,-5.0,4,1,4,2.34899328859061,2,"New York, United States",US,USNY,,42.1497,-74.9384,NY,0,,,,,,,,2,"New York, United States",US,USNY,,42.1497,-74.9384,NY,20260914011500,https://artdaily.com/news/200216/Olney-Gleason-presents-Sara-Anstis-solo-exhibition-Pastels-in-New-York
1322890440,20260914,202609,2026,2026.6959,USA,UNITED STATES,USA,,,,,,,,,,,,,,,,,,1,186,186,18,4,-10.0,4,1,4,-3.60721442885771,3,"Phoenix, Arizona, United States",US,USAZ,AZ013,33.4484,-112.074,44784,0,,,,,,,,3,"Phoenix, Arizona, United States",US,USAZ,AZ013,33.4484,-112.074,44784,20260914011500,https://www.oann.com/newsroom/charlie-kirk-statue-vandalized-in-phoenix-days-after-installation-marking-the-1-year-anniversary-of-his-assassination/
1322890441,20260914,202609,2026,2026.6959,USA,CHICAGO,USA,,,,,,,,,,,,,,,,,,1,193,193,19,4,-10.0,10,1,10,2.65486725663717,3,"Chicago, Illinois, United States",US,USIL,IL031,41.85,-87.6501,423587,0,,,,,,,,3,"Chicago, Illinois, United States",US,USIL,IL031,41.85,-87.6501,423587,20260914011500,http://www.bignewsnetwork.com/news/279304940/revolution-halt-fire-unbeaten-run-at-seven-games
1322890442,20260914,202609,2026,2026.6959,USA,UNITED STATES,USA,,,,,,,,BUS,BOSS,,,,,,BUS,,,1,010,010,01,1,0.0,2,1,2,-1.26782884310618,3,"White House, District of Columbia, United States",US,USDC,,38.8951,-77.0364,531871,3,"White House, District of Columbia, United States",US,USDC,,38.8951,-77.0364,531871,3,"White House, District of Columbia, United States",US,USDC,,38.8951,-77.0364,531871,20260914011500,https://www.thedailybeast.com/the-very-worst-trump-cowards-exposed-author/
1322890443,20260914,202609,2026,2026.6959,USA,WASHINGTON,USA,,,,,,,,CHN,CHINA,CHN,,,,,,,,1,190,190,19,4,-10.0,6,1,6,-1.88679245283019,3,"Washington, District of Columbia, United States",US,USDC,DC001,38.8951,-77.0364,531871,3,"Washington, District of Columbia, United States",US,USDC,DC001,38.8951,-77.0364,531871,3,"Washington, District of Columbia, United States",US,USDC,DC001,38.8951,-77.0364,531871,20260914011500,https://www.thedailybeast.com/trumps-spy-agency-begging-ex-staff-to-return-amid-massive-overhaul/
1322890444,20260914,202609,2026,2026.6959,USA,WASHINGTON,USA,,,,,,,,CHN,CHINA,CHN,,,,,,,,1,190,190,19,4,-10.0,2,1,2,-1.88679245283019,1,Afghanistan,AF,AF,,33,66,AF,1,Afghanistan,AF,AF,,33,66,AF,1,Afghanistan,AF,AF,,33,66,AF,20260914011500,https://www.thedailybeast.com/trumps-spy-agency-begging-ex-staff-to-return-amid-massive-overhaul/
1322890445,20260914,202609,2026,2026.6959,USA,UNITED STATES,USA,,,,,,,,CVL,COMMUNITY,,,,,,CVL,,,1,020,020,02,1,3.0,4,1,4,-2.4,3,"Hollywood, California, United States",US,USCA,CA037,34.0983,-118.327,1660757,3,"Hollywood, California, United States",US,USCA,CA037,34.0983,-118.327,1660757,3,"Hollywood, California, United States",US,USCA,CA037,34.0983,-118.327,1660757,20260914011500,https://wrrv.com/ixp/854/p/netflix-documentary-highlights-hudson-valleys-garbage-gangsters-greed/
1322890446,20260914,202609,2026,2026.6959,USA,OKLAHOMA,USA,,,,,,,,CVL,COMMUNITY,,,,,,CVL,,,1,042,042,04,1,1.9,2,1,2,2.12765957446808,2,"Oklahoma, United States",US,USOK,,35.5376,-96.9247,OK,3,"Tahlequah, Oklahoma, United States",US,USOK,OK021,35.9154,-94.97,1098721,2,"Oklahoma, United States",US,USOK,,35.5376,-96.9247,OK,20260914011500,https://fox23.com/news/local/native-plant-pollinator-party-highlights-monarch-conservation-in-tahlequah
1322890447,20260914,202609,2026,2026.6959,USA,UNITED STATES,USA,,,,,,,,CVL,SCIENTIST,,,,,,CVL,,,1,043,043,04,1,2.8,2,1,2,-0.393037619315,3,"Chicago, Illinois, United States",US,USIL,IL031,41.85,-87.6501,423587,3,"Chicago, Illinois, United States",US,USIL,IL031,41.85,-87.6501,423587,3,"Chicago, Illinois, United States",US,USIL,IL031,41.85,-87.6501,423587,20260914011500,https://collider.com/far-side-best-unhinged-dinosaur-comics/
1322890448,20260914,202609,2026,2026.6959,USA,RICHMOND,USA,,,,,,,,CVL,COMMUNITY,,,,,,CVL,,,1,051,051,05,1,3.4,5,1,5,0.518134715025907,2,"Virginia, United States",US,USVA,,37.768,-78.2057,VA,2,"Virginia, United States",US,USVA,,37.768,-78.2057,VA,2,"Virginia, United States",US,USVA,,37.768,-78.2057,VA,20260914011500,https://richmond.com/life-entertainment/local/events/article_99220f83-2d9f-4976-861a-3a8c8a62cdfb.html
1322890449,20260914,202609,2026,2026.6959,USA,UNITED STATES,USA,,,,,,,,EDU,UNIVERSITY,,,,,,EDU,,,0,173,173,17,4,-5.0,1,1,1,2.86806883365201,4,"Cambridge, Cambridgeshire, United Kingdom",UK,UKC3,40098,52.2,0.116667,-2591658,3,"Amon Carter Museum, Texas, United States",US,USTX,,32.7468,-97.3692,2014461,3,"Washington, District of Columbia, United States",US,USDC,DC001,38.8951,-77.0364,531871,20260914011500,https://artdaily.com/news/200213/Lava-Thomas-debuts-large-scale-portraits-of-post-Emancipation-ancestors-at-Jessica-Silverman
1322890450,20260914,202609,2026,2026.6959,USA,AMERICAN,USA,,,,,,,,EDU,UNIVERSITY,,,,,,EDU,,,0,173,173,17,4,-5.0,3,1,3,2.86806883365201,3,"Amon Carter Museum, Texas, United States",US,USTX,TX439,32.7468,-97.3692,2014461,3,"Stanford University, California, United States",US,USCA,,37.4289,-122.17,235365,4,"Cambridge, Cambridgeshire, United Kingdom",UK,UKC3,40098,52.2,0.116667,-2591658,20260914011500,https://artdaily.com/news/200213/Lava-Thomas-debuts-large-scale-portraits-of-post-Emancipation-ancestors-at-Jessica-Silverman
1322890451,20260914,202609,2026,2026.6959,USA,OKLAHOMA,USA,,,,,,,,ENV,CONSERVATIONIST,,,,,,ENV,,,1,042,042,04,1,1.9,2,1,2,2.12765957446808,2,"Oklahoma, United States",US,USOK,,35.5376,-96.9247,OK,3,"Tahlequah, Oklahoma, United States",US,USOK,OK021,35.9154,-94.97,1098721,2,"Oklahoma, United States",US,USOK,,35.5376,-96.9247,OK,20260914011500,https://fox23.com/news/local/native-plant-pollinator-party-highlights-monarch-conservation-in-tahlequah
1322890452,20260914,202609,2026,2026.6959,USA,NEW YORK,USA,,,,,,,,GBR,LONDON,GBR,,,,,,,,1,010,010,01,1,0.0,1,1,1,2.34899328859061,2,"New York, United States",US,USNY,,42.1497,-74.9384,NY,2,"New York, United States",US,USNY,,42.1497,-74.9384,NY,1,Germany,GM,GM,,51.5,10.5,GM,20260914011500,https://artdaily.com/news/200216/Olney-Gleason-presents-Sara-Anstis-solo-exhibition-Pastels-in-New-York
1322890453,20260914,202609,2026,2026.6959,USA,NEW YORK,USA,,,,,,,,GBR,LONDON,GBR,,,,,,,,1,010,010,01,1,0.0,1,1,1,2.34899328859061,2,"New York, United States",US,USNY,,42.1497,-74.9384,NY,2,"New York, United States",US,USNY,,42.1497,-74.9384,NY,2,"New York, United States",US,USNY,,42.1497,-74.9384,NY,20260914011500,https://artdaily.com/news/200216/Olney-Gleason-presents-Sara-Anstis-solo-exhibition-Pastels-in-New-York
1322890454,20260914,202609,2026,2026.6959,USA,UNITED STATES,USA,,,,,,,,GOV,GOVERNMENT,,,,,,GOV,,,0,010,010,01,1,0.0,1,1,1,2.86806883365201,4,"Cambridge, Cambridgeshire, United Kingdom",UK,UKC3,40098,52.2,0.116667,-2591658,3,"Washington, District of Columbia, United States",US,USDC,DC001,38.8951,-77.0364,531871,4,"Cambridge, Cambridgeshire, United Kingdom",UK,UKC3,40098,52.2,0.116667,-2591658,20260914011500,https://artdaily.com/news/200213/Lava-Thomas-debuts-large-scale-portraits-of-post-Emancipation-ancestors-at-Jessica-Silverman
1322890455,20260914,202609,2026,2026.6959,USA,UNITED STATES,USA,,,,,,,,GOV,GOVERNMENT,,,,,,GOV,,,0,010,010,01,1,0.0,1,1,1,2.86806883365201,3,"Amon Carter Museum, Texas, United States",US,USTX,TX439,32.7468,-97.3692,2014461,4,"Cambridge, Cambridgeshire, United Kingdom",UK,UKC3,40098,52.2,0.116667,-2591658,3,"Berkeley, California, United States",US,USCA,CA001,37.8716,-122.273,1658037,20260914011500,https://artdaily.com/news/200213/Lava-Thomas-debuts-large-scale-portraits-of-post-Emancipation-ancestors-at-Jessica-Silverman
1322890456,20260914,202609,2026,2026.6959,USA,UNITED STATES,USA,,,,,,,,GOV,GOVERNMENT,,,,,,GOV,,,0,010,010,01,1,0.0,8,1,8,2.86806883365201,2,"California, United States",US,USCA,,36.17,-119.746,CA,2,"California, United States",US,USCA,,36.17,-119.746,CA,2,"California, United States",US,USCA,,36.17,-119.746,CA,20260914011500,https://artdaily.com/news/200213/Lava-Thomas-debuts-large-scale-portraits-of-post-Emancipation-ancestors-at-Jessica-Silverman
1322890457,20260914,202609,2026,2026.6959,USA,UNITED STATES,USA,,,,,,,,GOV,PRESIDENT,,,,,,GOV,,,0,020,020,02,1,3.0,1,1,1,-4.36893203883495,3,"White House, District of Columbia, United States",US,USDC,,38.8951,-77.0364,531871,1,Iraq,IZ,IZ,,33,44,IZ,3,"White House, District of Columbia, United States",US,USDC,,38.8951,-77.0364,531871,20260914011500,https://www.progressive-charlestown.com/search?updated-max=2026-09-11T16:00:00-04:00&max-results=15
1322890458,20260914,202609,2026,2026.6959,USA,UNITED STATES,USA,,,,,,,,GOV,PRESIDENT,,,,,,GOV,,,0,020,020,02,1,3.0,1,1,1,-4.36893203883495,1,Afghanistan,AF,AF,,33,66,AF,1,Iraq,IZ,IZ,,33,44,IZ,1,Afghanistan,AF,AF,,33,66,AF,20260914011500,https://www.progressive-charlestown.com/search?updated-max=2026-09-11T16:00:00-04:00&max-results=15
1322890459,20260914,202609,2026,2026.6959,USA,UNITED STATES,USA,,,,,,,,GOV,GOVERNMENT,,,,,,GOV,,,0,031,031,03,1,5.2,2,1,2,-1.26782884310618,3,"White House, District of Columbia, United States",US,USDC,,38.8951,-77.0364,531871,3,"White House, District of Columbia, United States",US,USDC,,38.8951,-77.0364,531871,3,"White House, District of Columbia, United States",US,USDC,,38.8951,-77.0364,531871,20260914011500,https://www.thedailybeast.com/the-very-worst-trump-cowards-exposed-author/
1322890460,20260914,202609,2026,2026.6959,USA,WASHINGTON,USA,,,,,,,,GOV,GOVERNOR,,,,,,GOV,,,1,073,073,07,2,7.4,3,1,3,2.24215246636771,2,"New York, United States",US,USNY,,42.1497,-74.9384,NY,2,"New York, United States",US,USNY,,42.1497,-74.9384,NY,2,"New York, United States",US,USNY,,42.1497,-74.9384,NY,20260914011500,https://wibx950.com/ixp/854/p/new-york-starts-mailing-200-rebate-checks-to-millions/
1322890461,20260914,202609,2026,2026.6959,USA,UNITED STATES,USA,,,,,,,,GOV,GOVERNMENT,,,,,,GOV,,,0,080,080,08,2,5.0,2,1,2,-1.26782884310618,3,"White House, District of Columbia, United States",US,USDC,,38.8951,-77.0364,531871,3,"White House, District of Columbia, United States",US,USDC,,38.8951,-77.0364,531871,3,"White House, District of Columbia, United States",US,USDC,,38.8951,-77.0364,531871,20260914011500,https://www.thedailybeast.com/the-very-worst-trump-cowards-exposed-author/
1322890462,20260914,202609,2026,2026.6959,USA,UNITED STATES,USA,,,,,,,,GOV,PRESIDENT,,,,,,GOV,,,0,130,130,13,3,-4.4,2,1,2,-1.26782884310618,3,"White House, District of Columbia, United States",US,USDC,,38.8951,-77.0364,531871,3,"White House, District of Columbia, United States",US,USDC,,38.8951,-77.0364,531871,3,"White House, District of Columbia, United States",US,USDC,,38.8951,-77.0364,531871,20260914011500,https://www.thedailybeast.com/the-very-worst-trump-cowards-exposed-author/
1322890463,20260914,202609,2026,2026.6959,USA,UNITED STATES,USA,,,,,,,,HLH,PHYSICIAN,,,,,,HLH,,,1,043,043,04,1,2.8,6,1,6,2.19435736677116,3,"Hollywood, California, United States",US,USCA,CA037,34.0983,-118.327,1660757,3,"Hollywood, California, United States",US,USCA,CA037,34.0983,-118.327,1660757,3,"Hollywood, California, United States",US,USCA,CA037,34.0983,-118.327,1660757,20260914011500,https://www.thenews.com.pk/latest/1416121-jane-seymour-shares-the-unconventional-way-she-and-fianc-celebrate-their-love
1322890464,20260914,202609,2026,2026.6959,USA,THE US,USA,,,,,,,,IRN,IRAN,IRN,,,,,,,,0,012,012,01,1,-0.4,4,1,4,-2.52707581227437,4,"Tehran, Tehran, Iran",IR,IR26,41130,35.75,51.5148,10074674,4,"Tehran, Tehran, Iran",IR,IR26,41130,35.75,51.5148,10074674,4,"Tehran, Tehran, Iran",IR,IR26,41130,35.75,51.5148,10074674,20260914011500,https://tribune.com.pk/story/2629155/tehran-ties-hormuz-reopening-to-us-pledges
1322890465,20260914,202609,2026,2026.6959,USA,THE US,USA,,,,,,,,IRN,IRAN,IRN,,,,,,,,0,120,120,12,3,-4.0,4,1,4,-2.52707581227437,4,"Tehran, Tehran, Iran",IR,IR26,41130,35.75,51.5148,10074674,4,"Tehran, Tehran, Iran",IR,IR26,41130,35.75,51.5148,10074674,4,"Tehran, Tehran, Iran",IR,IR26,41130,35.75,51.5148,10074674,20260914011500,https://tribune.com.pk/story/2629155/tehran-ties-hormuz-reopening-to-us-pledges
1322890466,20260914,202609,2026,2026.6959,USA,UNITED STATES,USA,,,,,,,,JEW,JEWISH,,,,JEW,,,,,0,010,010,01,1,0.0,2,1,2,-6.6747572815534,2,"California, United States",US,USCA,,36.17,-119.746,CA,4,"Gaza, Israel (general), Israel",IS,IS00,18315,31.4167,34.3333,-797156,4,"Gaza, Israel (general), Israel",IS,IS00,18315,31.4167,34.3333,-797156,20260914011500,https://www.yahoo.com/entertainment/celebrity/articles/ms-rachel-claims-celebrities-silent-203901235.html
1322890467,20260914,202609,2026,2026.6959,USA,CALIFORNIA,USA,,,,,,,,JEW,JEWISH,,,,JEW,,,,,0,010,010,01,1,0.0,8,1,8,-6.6747572815534,2,"California, United States",US,USCA,,36.17,-119.746,CA,2,"California, United States",US,USCA,,36.17,-119.746,CA,2,"California, United States",US,USCA,,36.17,-119.746,CA,20260914011500,https://www.yahoo.com/entertainment/celebrity/articles/ms-rachel-claims-celebrities-silent-203901235.html
1322890468,20260914,202609,2026,2026.6959,USA,UNITED STATES,USA,,,,,,,,JEWCVL,JEWISH,,,,JEW,,CVL,,,1,051,051,05,1,3.4,1,1,1,7.1390798519302,3,"Pacific Science Center, Washington, United States",US,USWA,WA033,47.6195,-122.352,2610465,3,"Pacific Science Center, Washington, United States",US,USWA,,47.6195,-122.352,2610465,3,"Pacific Science Center, Washington, United States",US,USWA,,47.6195,-122.352,2610465,20260914011500,https://artdaily.com/news/200196/The-Rollins-Museum-of-Art-announces-National-Advisory-Task-Force
1322890469,20260914,202609,2026,2026.6959,USA,UNITED STATES,USA,,,,,,,,JEWCVL,JEWISH,,,,JEW,,CVL,,,1,051,051,05,1,3.4,1,1,1,7.1390798519302,3,"Rollins College, Florida, United States",US,USFL,FL095,28.5925,-81.349,289934,3,"Rollins College, Florida, United States",US,USFL,,28.5925,-81.349,289934,3,"Rollins College, Florida, United States",US,USFL,,28.5925,-81.349,289934,20260914011500,https://artdaily.com/news/200196/The-Rollins-Museum-of-Art-announces-National-Advisory-Task-Force
1322890470,20260914,202609,2026,2026.6959,USA,MINNEAPOLIS,USA,,,,,,,,JUD,FEDERAL COURT,,,,,,JUD,,,1,115,115,11,3,-2.0,10,1,10,-3.76134889753567,2,"Minnesota, United States",US,USMN,,45.7326,-93.9196,MN,2,"Minnesota, United States",US,USMN,,45.7326,-93.9196,MN,2,"Minnesota, United States",US,USMN,,45.7326,-93.9196,MN,20260914011500,https://www.fox9.com/news/feds-sue-gold-star-distribution-cease-operations-until-company-complies-health-regulations
1322890471,20260914,202609,2026,2026.6959,USA,FLORIDA,USA,,,,,,,,LEG,SENATE,,,,,,LEG,,,1,042,042,04,1,1.9,8,1,8,0,3,"Miami, Florida, United States",US,USFL,FL086,25.7743,-80.1937,295004,3,"Miami, Florida, United States",US,USFL,FL086,25.7743,-80.1937,295004,3,"Miami, Florida, United States",US,USFL,FL086,25.7743,-80.1937,295004,20260914011500,https://weartv.com/news/local/democrat-angie-nixon-campaigns-in-pensacola-for-floridas-vacant-us-senate-seat
1322890472,20260914,202609,2026,2026.6959,USA,UNITED STATES,USA,,,,,,,,LEG,SENATE,,,,,,LEG,,,1,042,042,04,1,1.9,2,1,2,0,2,"Florida, United States",US,USFL,,27.8333,-81.717,FL,2,"Florida, United States",US,USFL,,27.8333,-81.717,FL,3,"Miami, Florida, United States",US,USFL,FL086,25.7743,-80.1937,295004,20260914011500,https://weartv.com/news/local/democrat-angie-nixon-campaigns-in-pensacola-for-floridas-vacant-us-senate-seat
1322890473,20260914,202609,2026,2026.6959,USA,UNITED STATES,USA,,,,,,,,MDV,MALE,MDV,,,,,,,,1,173,173,17,4,-5.0,8,1,8,-4.6583850931677,3,"Columbia County, Florida, United States",US,USFL,FL023,30.2508,-82.6243,306909,3,"Columbia County, Florida, United States",US,USFL,,30.2508,-82.6243,306909,3,"Columbia County, Florida, United States",US,USFL,,30.2508,-82.6243,306909,20260914011500,https://www.theblaze.com/news/17-year-old-florida-male-is-person-of-interest-in-murder-of-his-16-year-old-girlfriend-who-was-7-months-pregnant
1322890474,20260914,202609,2026,2026.6959,USA,FLORIDA,USA,,,,,,,,MDV,MALE,MDV,,,,,,,,1,190,190,19,4,-10.0,18,1,10,-4.6583850931677,3,"Columbia County, Florida, United States",US,USFL,FL023,30.2508,-82.6243,306909,3,"Columbia County, Florida, United States",US,USFL,,30.2508,-82.6243,306909,3,"Columbia County, Florida, United States",US,USFL,,30.2508,-82.6243,306909,20260914011500,https://www.theblaze.com/news/17-year-old-florida-male-is-person-of-interest-in-murder-of-his-16-year-old-girlfriend-who-was-7-months-pregnant
1322890475,20260914,202609,2026,2026.6959,USA,NEW YORK CITY,USA,,,,,,,,MED,MEDIA,,,,,,MED,,,1,040,040,04,1,1.0,10,1,10,-3.62173038229376,2,"New York, United States",US,USNY,,42.1497,-74.9384,NY,2,"New York, United States",US,USNY,,42.1497,-74.9384,NY,2,"New York, United States",US,USNY,,42.1497,-74.9384,NY,20260914011500,https://www.theyeshivaworld.com/news/general/2597618/outrage-at-ground-zero-mamdani-and-aoc-seen-laughing-during-solemn-reading-of-9-11-victims-names.html
1322890476,20260914,202609,2026,2026.6959,USA,UNITED STATES,USA,,,,,,,,MOSSHI,SHIA,,,,MOS,SHI,,,,0,010,010,01,1,0.0,2,1,2,-4.6583850931677,3,"Columbia County, Florida, United States",US,USFL,FL023,30.2508,-82.6243,306909,3,"Columbia County, Florida, United States",US,USFL,,30.2508,-82.6243,306909,3,"Columbia County, Florida, United States",US,USFL,,30.2508,-82.6243,306909,20260914011500,https://www.theblaze.com/news/17-year-old-florida-male-is-person-of-interest-in-murder-of-his-16-year-old-girlfriend-who-was-7-months-pregnant
1322890477,20260914,202609,2026,2026.6959,USA,UNITED STATES,USA,,,,,,,,MOSSHI,SHIA,,,,MOS,SHI,,,,0,100,100,10,3,-5.0,2,1,2,-4.6583850931677,3,"Columbia County, Florida, United States",US,USFL,FL023,30.2508,-82.6243,306909,3,"Columbia County, Florida, United States",US,USFL,,30.2508,-82.6243,306909,3,"Columbia County, Florida, United States",US,USFL,,30.2508,-82.6243,306909,20260914011500,https://www.theblaze.com/news/17-year-old-florida-male-is-person-of-interest-in-murder-of-his-16-year-old-girlfriend-who-was-7-months-pregnant
1322890478,20260914,202609,2026,2026.6959,USA,UNITED STATES,USA,,,,,,,,OPP,ACTIVIST,,,,,,OPP,,,0,043,043,04,1,2.8,2,1,2,-3.47457627118644,3,"San Nicolas Island, California, United States",US,USCA,CA111,33.2495,-119.5,1662269,3,"San Nicolas Island, California, United States",US,USCA,,33.2495,-119.5,1662269,3,"San Nicolas Island, California, United States",US,USCA,,33.2495,-119.5,1662269,20260914011500,https://www.indiewire.com/criticism/movies/how-we-stand-review-amber-midthunder-1235216754/
1322890479,20260914,202609,2026,2026.6959,USA,VIRGINIA,USA,,,,,,,,PTY,PRESIDENTIAL CANDIDATE,,,,,,,,,1,046,046,04,1,7.0,6,1,6,2.56410256410256,2,"Virginia, United States",US,USVA,,37.768,-78.2057,VA,3,"Pocahontas State Park, Virginia, United States",US,USVA,,37.3804,-77.563,1472540,2,"Virginia, United States",US,USVA,,37.768,-78.2057,VA,20260914011500,https://richmond.com/news/archives/collection_2af41374-6eee-11e6-be0e-bb79f86b0184.html
1322890480,20260914,202609,2026,2026.6959,USA,VIRGINIA,USA,,,,,,,,PTY,PRESIDENTIAL CANDIDATE,,,,,,,,,1,046,046,04,1,7.0,2,1,2,2.56410256410256,2,"Virginia, United States",US,USVA,,37.768,-78.2057,VA,2,"Virginia, United States",US,USVA,,37.768,-78.2057,VA,2,"Virginia, United States",US,USVA,,37.768,-78.2057,VA,20260914011500,https://richmond.com/news/archives/collection_2af41374-6eee-11e6-be0e-bb79f86b0184.html
1322890481,20260914,202609,2026,2026.6959,USA,MINNEAPOLIS,USA,,,,,,,,USABUS,MINNEAPOLIS,USA,,,,,BUS,,,1,010,010,01,1,0.0,8,1,8,-3.76134889753567,3,"Minneapolis, Minnesota, United States",US,USMN,MN053,44.98,-93.2638,655030,3,"Minneapolis, Minnesota, United States",US,USMN,MN053,44.98,-93.2638,655030,3,"Minneapolis, Minnesota, United States",US,USMN,MN053,44.98,-93.2638,655030,20260914011500,https://www.fox9.com/news/feds-sue-gold-star-distribution-cease-operations-until-company-complies-health-regulations
1322890482,20260914,202609,2026,2026.6959,USA,HOUSTON,USA,,,,,,,,USABUS,UNITED STATES,USA,,,,,BUS,,,1,043,043,04,1,2.8,4,1,4,-1.02739726027397,3,"Houston, Texas, United States",US,USTX,TX201,29.7633,-95.3633,1380948,3,"Houston, Texas, United States",US,USTX,TX201,29.7633,-95.3633,1380948,3,"Houston, Texas, United States",US,USTX,TX201,29.7633,-95.3633,1380948,20260914011500,https://abc13.com/post/former-houston-oiler-says-he-was-victim-car-break-caught-camera/19827545/
1322890483,20260914,202609,2026,2026.6959,USA,UNITED STATES,USA,,,,,,,,USAEDU,CALIFORNIA,USA,,,,,EDU,,,0,071,071,07,2,7.4,1,1,1,7.1390798519302,3,"Waterville, Maine, United States",US,USME,ME011,44.552,-69.6317,577893,3,"Colby College, Maine, United States",US,USME,,44.564,-69.6637,564173,2,"Maine, United States",US,USME,,44.6074,-69.3977,ME,20260914011500,https://artdaily.com/news/200196/The-Rollins-Museum-of-Art-announces-National-Advisory-Task-Force
1322890484,20260914,202609,2026,2026.6959,USA,UNITED STATES,USA,,,,,,,,USAEDU,CALIFORNIA,USA,,,,,EDU,,,0,071,071,07,2,7.4,1,1,1,7.1390798519302,2,"New York, United States",US,USNY,,42.1497,-74.9384,NY,2,"New York, United States",US,USNY,,42.1497,-74.9384,NY,2,"New York, United States",US,USNY,,42.1497,-74.9384,NY,20260914011500,https://artdaily.com/news/200196/The-Rollins-Museum-of-Art-announces-National-Advisory-Task-Force
1322890485,20260914,202609,2026,2026.6959,USA,HOUSTON,USA,,,,,,,,USAELI,HOUSTON,USA,,,,,ELI,,,1,043,043,04,1,2.8,6,1,6,-1.02739726027397,3,"Houston, Texas, United States",US,USTX,TX201,29.7633,-95.3633,1380948,3,"Houston, Texas, United States",US,USTX,TX201,29.7633,-95.3633,1380948,3,"Houston, Texas, United States",US,USTX,TX201,29.7633,-95.3633,1380948,20260914011500,https://abc13.com/post/former-houston-oiler-says-he-was-victim-car-break-caught-camera/19827545/
1322890486,20260914,202609,2026,2026.6959,USA,UNITED STATES,USA,,,,,,,,USAGOV,THE WHITE HOUSE,USA,,,,,GOV,,,1,043,043,04,1,2.8,2,1,2,-4.36893203883495,3,"White House, District of Columbia, United States",US,USDC,,38.8951,-77.0364,531871,3,"White House, District of Columbia, United States",US,USDC,,38.8951,-77.0364,531871,3,"White House, District of Columbia, United States",US,USDC,,38.8951,-77.0364,531871,20260914011500,https://www.progressive-charlestown.com/search?updated-max=2026-09-11T16:00:00-04:00&max-results=15
1322890487,20260914,202609,2026,2026.6959,USA,UNITED STATES,USA,,,,,,,,USAGOV,UNITED STATES,USA,,,,,GOV,,,1,043,043,04,1,2.8,6,1,6,2.12765957446808,2,"Oklahoma, United States",US,USOK,,35.5376,-96.9247,OK,2,"Oklahoma, United States",US,USOK,,35.5376,-96.9247,OK,2,"Oklahoma, United States",US,USOK,,35.5376,-96.9247,OK,20260914011500,https://fox23.com/news/local/native-plant-pollinator-party-highlights-monarch-conservation-in-tahlequah
1322890488,20260914,202609,2026,2026.6959,USA,UNITED STATES,USA,,,,,,,,USAHLH,UNITED STATES,USA,,,,,HLH,,,1,043,043,04,1,2.8,2,1,2,2.19435736677116,3,"Hollywood, California, United States",US,USCA,CA037,34.0983,-118.327,1660757,3,"Hollywood, California, United States",US,USCA,CA037,34.0983,-118.327,1660757,3,"Hollywood, California, United States",US,USCA,CA037,34.0983,-118.327,1660757,20260914011500,https://www.thenews.com.pk/latest/1416121-jane-seymour-shares-the-unconventional-way-she-and-fianc-celebrate-their-love
1322890489,20260914,202609,2026,2026.6959,USA,VIRGINIA,USA,,,,,,,,USAPTY,UNITED STATES,USA,,,,,,,,1,046,046,04,1,7.0,2,1,2,2.56410256410256,2,"Virginia, United States",US,USVA,,37.768,-78.2057,VA,2,"Virginia, United States",US,USVA,,37.768,-78.2057,VA,2,"Virginia, United States",US,USVA,,37.768,-78.2057,VA,20260914011500,https://richmond.com/news/archives/collection_2af41374-6eee-11e6-be0e-bb79f86b0184.html
1322890490,20260914,202609,2026,2026.6959,USA,UNITED STATES,USA,,,,,,,,bar,BARI,,,bar,,,,,,0,013,013,01,1,0.4,2,1,2,-3.41880341880342,2,"New York, United States",US,USNY,,42.1497,-74.9384,NY,2,"New York, United States",US,USNY,,42.1497,-74.9384,NY,2,"New York, United States",US,USNY,,42.1497,-74.9384,NY,20260914011500,https://www.thedailybeast.com/maga-curious-cbs-news-boss-bari-weiss-caught-in-network-cold-war-with-tom-cibrowski/
1322890491,20260914,202609,2026,2026.6959,USABUS,UNITED STATES,USA,,,,,BUS,,,USA,HOUSTON,USA,,,,,,,,1,042,042,04,1,1.9,4,1,4,-1.02739726027397,3,"Houston, Texas, United States",US,USTX,TX201,29.7633,-95.3633,1380948,3,"Houston, Texas, United States",US,USTX,TX201,29.7633,-95.3633,1380948,3,"Houston, Texas, United States",US,USTX,TX201,29.7633,-95.3633,1380948,20260914011500,https://abc13.com/post/former-houston-oiler-says-he-was-victim-car-break-caught-camera/19827545/
1322890492,20260914,202609,2026,2026.6959,USAELI,HOUSTON,USA,,,,,ELI,,,USA,HOUSTON,USA,,,,,,,,1,042,042,04,1,1.9,6,1,6,-1.02739726027397,3,"Houston, Texas, United States",US,USTX,TX201,29.7633,-95.3633,1380948,3,"Houston, Texas, United States",US,USTX,TX201,29.7633,-95.3633,1380948,3,"Houston, Texas, United States",US,USTX,TX201,29.7633,-95.3633,1380948,20260914011500,https://abc13.com/post/former-houston-oiler-says-he-was-victim-car-break-caught-camera/19827545/
1322890493,20260914,202609,2026,2026.6959,USAGOV,UNITED STATES,USA,,,,,GOV,,,,,,,,,,,,,1,111,111,11,3,-2.0,1,1,1,-3.62173038229376,2,"New York, United States",US,USNY,,42.1497,-74.9384,NY,0,,,,,,,,2,"New York, United States",US,USNY,,42.1497,-74.9384,NY,20260914011500,https://www.theyeshivaworld.com/news/general/2597618/outrage-at-ground-zero-mamdani-and-aoc-seen-laughing-during-solemn-reading-of-9-11-victims-names.html
1322890494,20260914,202609,2026,2026.6959,USAGOV,OKLAHOMA,USA,,,,,GOV,,,CVL,COMMUNITY,,,,,,CVL,,,1,042,042,04,1,1.9,2,1,2,2.12765957446808,2,"Oklahoma, United States",US,USOK,,35.5376,-96.9247,OK,3,"Tahlequah, Oklahoma, United States",US,USOK,OK021,35.9154,-94.97,1098721,3,"Tahlequah, Oklahoma, United States",US,USOK,OK021,35.9154,-94.97,1098721,20260914011500,https://fox23.com/news/local/native-plant-pollinator-party-highlights-monarch-conservation-in-tahlequah
1322890495,20260914,202609,2026,2026.6959,USAGOV,OKLAHOMA,USA,,,,,GOV,,,ENV,CONSERVATIONIST,,,,,,ENV,,,1,042,042,04,1,1.9,2,1,2,2.12765957446808,2,"Oklahoma, United States",US,USOK,,35.5376,-96.9247,OK,3,"Tahlequah, Oklahoma, United States",US,USOK,OK021,35.9154,-94.97,1098721,3,"Tahlequah, Oklahoma, United States",US,USOK,OK021,35.9154,-94.97,1098721,20260914011500,https://fox23.com/news/local/native-plant-pollinator-party-highlights-monarch-conservation-in-tahlequah
1322890496,20260914,202609,2026,2026.6959,USAGOV,THE WHITE HOUSE,USA,,,,,GOV,,,USA,UNITED STATES,USA,,,,,,,,1,042,042,04,1,1.9,2,1,2,-4.36893203883495,3,"White House, District of Columbia, United States",US,USDC,,38.8951,-77.0364,531871,3,"White House, District of Columbia, United States",US,USDC,,38.8951,-77.0364,531871,3,"White House, District of Columbia, United States",US,USDC,,38.8951,-77.0364,531871,20260914011500,https://www.progressive-charlestown.com/search?updated-max=2026-09-11T16:00:00-04:00&max-results=15
1322890497,20260914,202609,2026,2026.6959,USAGOV,UNITED STATES,USA,,,,,GOV,,,USA,UNITED STATES,USA,,,,,,,,1,042,042,04,1,1.9,4,1,4,2.12765957446808,2,"Oklahoma, United States",US,USOK,,35.5376,-96.9247,OK,3,"Tahlequah, Oklahoma, United States",US,USOK,OK021,35.9154,-94.97,1098721,3,"Tahlequah, Oklahoma, United States",US,USOK,OK021,35.9154,-94.97,1098721,20260914011500,https://fox23.com/news/local/native-plant-pollinator-party-highlights-monarch-conservation-in-tahlequah
1322890498,20260914,202609,2026,2026.6959,USAGOV,UNITED STATES,USA,,,,,GOV,,,USA,UNITED STATES,USA,,,,,,,,1,042,042,04,1,1.9,2,1,2,2.12765957446808,2,"Oklahoma, United States",US,USOK,,35.5376,-96.9247,OK,3,"Tahlequah, Oklahoma, United States",US,USOK,OK021,35.9154,-94.97,1098721,2,"Oklahoma, United States",US,USOK,,35.5376,-96.9247,OK,20260914011500,https://fox23.com/news/local/native-plant-pollinator-party-highlights-monarch-conservation-in-tahlequah
1322890499,20260914,202609,2026,2026.6959,USAGOV,UNITED STATES,USA,,,,,GOV,,,USA,UNITED STATES,USA,,,,,,,,1,111,111,11,3,-2.0,1,1,1,-3.62173038229376,2,"New York, United States",US,USNY,,42.1497,-74.9384,NY,2,"New York, United States",US,USNY,,42.1497,-74.9384,NY,2,"New York, United States",US,USNY,,42.1497,-74.9384,NY,20260914011500,https://www.theyeshivaworld.com/news/general/2597618/outrage-at-ground-zero-mamdani-and-aoc-seen-laughing-during-solemn-reading-of-9-11-victims-names.html
1322890500,20260914,202609,2026,2026.6959,USAGOVBUS,US TREASURY,USA,,,,,GOV,BUS,,,,,,,,,,,,1,010,010,01,1,0.0,10,1,10,5.0185873605948,0,,,,,,,,0,,,,,,,,0,,,,,,,,20260914011500,https://www.tickerreport.com/banking-finance/13583993/bondbloxx-bloomberg-ten-year-target-duration-us-treasury-etf-nysearcaxten-sees-significant-decrease-in-short-interest.html
1322890501,20260914,202609,2026,2026.6959,USAGOVBUS,US TREASURY,USA,,,,,GOV,BUS,,,,,,,,,,,,1,071,071,07,2,7.4,10,1,10,5.0185873605948,0,,,,,,,,0,,,,,,,,0,,,,,,,,20260914011500,https://www.tickerreport.com/banking-finance/13583993/bondbloxx-bloomberg-ten-year-target-duration-us-treasury-etf-nysearcaxten-sees-significant-decrease-in-short-interest.html
1322890502,20260914,202609,2026,2026.6959,USAHLH,UNITED STATES,USA,,,,,HLH,,,USA,UNITED STATES,USA,,,,,,,,1,042,042,04,1,1.9,2,1,2,2.19435736677116,3,"Hollywood, California, United States",US,USCA,CA037,34.0983,-118.327,1660757,3,"Hollywood, California, United States",US,USCA,CA037,34.0983,-118.327,1660757,3,"Hollywood, California, United States",US,USCA,CA037,34.0983,-118.327,1660757,20260914011500,https://www.thenews.com.pk/latest/1416121-jane-seymour-shares-the-unconventional-way-she-and-fianc-celebrate-their-love
1322890503,20260914,202609,2026,2026.6959,USAPTY,UNITED STATES,USA,,,,,,,,USA,VIRGINIA,USA,,,,,,,,1,046,046,04,1,7.0,2,1,2,2.56410256410256,2,"Virginia, United States",US,USVA,,37.768,-78.2057,VA,2,"Virginia, United States",US,USVA,,37.768,-78.2057,VA,2,"Virginia, United States",US,USVA,,37.768,-78.2057,VA,20260914011500,https://richmond.com/news/archives/collection_2af41374-6eee-11e6-be0e-bb79f86b0184.html
1322890504,20260914,202609,2026,2026.6959,UZB,UZBEKISTAN,UZB,,,,,,,,GOV,MINIST,,,,,,GOV,,,1,017,017,01,1,0.0,2,1,2,5.13544018058691,1,Uzbekistan,UZ,UZ,,41.707542,63.84911,UZ,1,Uzbekistan,UZ,UZ,,41.707542,63.84911,UZ,1,Uzbekistan,UZ,UZ,,41.707542,63.84911,UZ,20260914011500,https://www.koreatimes.co.kr/foreignaffairs/20260914/strategic-leadership-and-successful-reforms-key-achievements-in-uzbekistans-politics
1322890505,20260914,202609,2026,2026.6959,VEN,VENEZUELA,VEN,,,,,,,,ITA,ITALY,ITA,,,,,,,,0,043,043,04,1,2.8,2,1,2,-0.77821011673152,4,"Rio De Janeiro, Estado do Rio, Brazil",BR,BR21,9961,-22.9,-43.2333,-666610,4,"Rio De Janeiro, Estado do Rio, Brazil",BR,BR21,9961,-22.9,-43.2333,-666610,4,"Rio De Janeiro, Estado do Rio, Brazil",BR,BR21,9961,-22.9,-43.2333,-666610,20260914011500,https://artdaily.com/news/200205/Brazilian-artist-Anna-Maria-Maiolino-debuts-six-decade-retrospective-at-Hauser---Wirth
1322890506,20260914,202609,2026,2026.6959,VEN,VENEZUELA,VEN,,,,,,,,ITA,ITALY,ITA,,,,,,,,0,043,043,04,1,2.8,2,1,2,-0.77821011673152,1,Venezuela,VE,VE,,8,-66,VE,1,Italy,IT,IT,,42.833333,12.833333,IT,1,Italy,IT,IT,,42.833333,12.833333,IT,20260914011500,https://artdaily.com/news/200205/Brazilian-artist-Anna-Maria-Maiolino-debuts-six-decade-retrospective-at-Hauser---Wirth
1322890507,20260914,202609,2026,2026.6959,VEN,VENEZUELA,VEN,,,,,,,,ITA,ITALY,ITA,,,,,,,,0,043,043,04,1,2.8,6,1,6,-0.77821011673152,1,Venezuela,VE,VE,,8,-66,VE,1,Italy,IT,IT,,42.833333,12.833333,IT,1,Venezuela,VE,VE,,8,-66,VE,20260914011500,https://artdaily.com/news/200205/Brazilian-artist-Anna-Maria-Maiolino-debuts-six-decade-retrospective-at-Hauser---Wirth
1322890508,20260914,202609,2026,2026.6959,VNM,VIETNAM,VNM,,,,,,,,AUS,AUSTRALIA,AUS,,,,,,,,0,042,042,04,1,1.9,1,1,1,3.25203252032521,1,New Zealand,NZ,NZ,,-42,174,NZ,4,"Canberra, Australian Capital Territory, Australia",AS,AS01,4940,-35.2833,149.217,-1563952,4,"Canberra, Australian Capital Territory, Australia",AS,AS01,4940,-35.2833,149.217,-1563952,20260914011500,https://www.eurasiareview.com/14092026-australia-thailand-boosting-security-cooperation/
1322890509,20260914,202609,2026,2026.6959,VNM,VIETNAM,VNM,,,,,,,,AUS,AUSTRALIA,AUS,,,,,,,,0,042,042,04,1,1.9,1,1,1,3.25203252032521,1,"Vietnam, Republic Of",VM,VM,,16.166667,107.833333,VM,4,"Canberra, Australian Capital Territory, Australia",AS,AS01,4940,-35.2833,149.217,-1563952,4,"Canberra, Australian Capital Territory, Australia",AS,AS01,4940,-35.2833,149.217,-1563952,20260914011500,https://www.eurasiareview.com/14092026-australia-thailand-boosting-security-cooperation/
1322890510,20260914,202609,2026,2026.6959,YEM,YEMEN,YEM,,,,,,,,,,,,,,,,,,0,010,010,01,1,0.0,10,1,10,-4.77657935285054,1,Yemen,YM,YM,,15.5,47.5,YM,0,,,,,,,,1,Yemen,YM,YM,,15.5,47.5,YM,20260914011500,https://www.yahoo.com/news/world/articles/iraq-confirms-attacks-saudi-pipeline-065944052.html
1322890511,20260914,202609,2026,2026.6959,YEM,YEMEN,YEM,,,,,,,,IGOUNO,THE UN,,UNO,,,,IGO,,,1,110,110,11,3,-2.0,4,1,4,-2.56183745583039,4,"Abyan, Abyan, Yemen",YM,YM01,32703,13.1658,45.3797,-3182059,4,"Abyan, Abyan, Yemen",YM,YM01,32703,13.1658,45.3797,-3182059,4,"Abyan, Abyan, Yemen",YM,YM01,32703,13.1658,45.3797,-3182059,20260914011500,https://www.eurasiareview.com/14092026-married-at-13-pregnant-and-starving-child-brides-of-yemen/
1322890512,20260914,202609,2026,2026.6959,bar,BARI,,,bar,,,,,,,,,,,,,,,,1,010,010,01,1,0.0,12,1,6,-3.41880341880342,3,"Washington, District of Columbia, United States",US,USDC,DC001,38.8951,-77.0364,531871,0,,,,,,,,3,"Washington, District of Columbia, United States",US,USDC,DC001,38.8951,-77.0364,531871,20260914011500,https://www.thedailybeast.com/maga-curious-cbs-news-boss-bari-weiss-caught-in-network-cold-war-with-tom-cibrowski/
1322890513,20260914,202609,2026,2026.6959,chm,MARI,,,chm,,,,,,idg,INDIGENOUS,,,idg,,,,,,1,070,070,07,2,7.0,10,1,10,0.97173144876325,4,"Islamabad, Islamabad, Pakistan",PK,PK08,23674,33.7,73.1667,-2762812,4,"Islamabad, Islamabad, Pakistan",PK,PK08,23674,33.7,73.1667,-2762812,4,"Islamabad, Islamabad, Pakistan",PK,PK08,23674,33.7,73.1667,-2762812,20260914011500,https://tribune.com.pk/story/2629129/energy-riches-but-poor-masses-of-sindh
1322912755,20250914,202509,2025,2025.6959,,,,,,,,,,,BUS,COMPANY,,,,,,BUS,,,1,051,051,05,1,3.4,1,1,1,3.76712328767123,0,,,,,,,,4,"Yumi, Eastern Highlands, Papua New Guinea",PP,PP09,18585,-6.33333,145.467,-2204305,4,"Yumi, Eastern Highlands, Papua New Guinea",PP,PP09,18585,-6.33333,145.467,-2204305,20260914063000,https://emtv.com.pg/yumi-ai-backs-icare4u-ministry-with-k2000-donation/
1322912756,20250914,202509,2025,2025.6959,,,,,,,,,,,BUS,COMPANY,,,,,,BUS,,,1,070,070,07,2,7.0,1,1,1,3.76712328767123,0,,,,,,,,4,"Yumi, Eastern Highlands, Papua New Guinea",PP,PP09,18585,-6.33333,145.467,-2204305,4,"Yumi, Eastern Highlands, Papua New Guinea",PP,PP09,18585,-6.33333,145.467,-2204305,20260914063000,https://emtv.com.pg/yumi-ai-backs-icare4u-ministry-with-k2000-donation/
1322912757,20250914,202509,2025,2025.6959,,,,,,,,,,,VNM,VIETNAM,VNM,,,,,,,,1,057,057,05,1,8.0,1,1,1,-3.52564102564103,0,,,,,,,,4,"Hanoi, Ha N?i, Vietnam, Republic Of",VM,VM44,74067,21.0333,105.85,-3714993,4,"Delhi, Delhi, India",IN,IN07,17911,28.6667,77.2167,-2094230,20260914063000,https://www.hindustantimes.com/ht-explainers/brics-backed-un-cybercrime-treaty-at-delhi-summit-what-it-does-why-india-has-not-signed-it-yet-101789363609661.html
1322912758,20250914,202509,2025,2025.6959,,,,,,,,,,,VNM,HANOI,VNM,,,,,,,,1,057,057,05,1,8.0,7,1,7,-3.52564102564103,0,,,,,,,,4,"Hanoi, Ha N?i, Vietnam, Republic Of",VM,VM44,74067,21.0333,105.85,-3714993,4,"Hanoi, Ha N?i, Vietnam, Republic Of",VM,VM44,74067,21.0333,105.85,-3714993,20260914063000,https://www.hindustantimes.com/ht-explainers/brics-backed-un-cybercrime-treaty-at-delhi-summit-what-it-does-why-india-has-not-signed-it-yet-101789363609661.html
1322912759,20250914,202509,2025,2025.6959,GOV,MINISTRY,,,,,,GOV,,,BUS,COMPANY,,,,,,BUS,,,1,051,051,05,1,3.4,1,1,1,3.76712328767123,4,"Yumi, Eastern Highlands, Papua New Guinea",PP,PP09,18585,-6.33333,145.467,-2204305,4,"Yumi, Eastern Highlands, Papua New Guinea",PP,PP09,18585,-6.33333,145.467,-2204305,4,"Yumi, Eastern Highlands, Papua New Guinea",PP,PP09,18585,-6.33333,145.467,-2204305,20260914063000,https://emtv.com.pg/yumi-ai-backs-icare4u-ministry-with-k2000-donation/
1322912760,20250914,202509,2025,2025.6959,GOV,MINISTRY,,,,,,GOV,,,BUS,COMPANY,,,,,,BUS,,,1,070,070,07,2,7.0,1,1,1,3.76712328767123,4,"Yumi, Eastern Highlands, Papua New Guinea",PP,PP09,18585,-6.33333,145.467,-2204305,4,"Yumi, Eastern Highlands, Papua New Guinea",PP,PP09,18585,-6.33333,145.467,-2204305,4,"Yumi, Eastern Highlands, Papua New Guinea",PP,PP09,18585,-6.33333,145.467,-2204305,20260914063000,https://emtv.com.pg/yumi-ai-backs-icare4u-ministry-with-k2000-donation/
1322912761,20250914,202509,2025,2025.6959,PNG,PAPUA NEW GUINEA,PNG,,,,,,,,BUS,COMPANY,,,,,,BUS,,,1,051,051,05,1,3.4,8,1,8,3.76712328767123,4,"Yumi, Eastern Highlands, Papua New Guinea",PP,PP09,18585,-6.33333,145.467,-2204305,4,"Yumi, Eastern Highlands, Papua New Guinea",PP,PP09,18585,-6.33333,145.467,-2204305,4,"Yumi, Eastern Highlands, Papua New Guinea",PP,PP09,18585,-6.33333,145.467,-2204305,20260914063000,https://emtv.com.pg/yumi-ai-backs-icare4u-ministry-with-k2000-donation/
1322912762,20250914,202509,2025,2025.6959,PNG,PAPUA NEW GUINEA,PNG,,,,,,,,BUS,COMPANY,,,,,,BUS,,,1,070,070,07,2,7.0,2,1,2,3.76712328767123,4,"Yumi, Eastern Highlands, Papua New Guinea",PP,PP09,18585,-6.33333,145.467,-2204305,4,"Yumi, Eastern Highlands, Papua New Guinea",PP,PP09,18585,-6.33333,145.467,-2204305,4,"Yumi, Eastern Highlands, Papua New Guinea",PP,PP09,18585,-6.33333,145.467,-2204305,20260914063000,https://emtv.com.pg/yumi-ai-backs-icare4u-ministry-with-k2000-donation/
1322912763,20250914,202509,2025,2025.6959,PNG,PAPUA NEW GUINEA,PNG,,,,,,,,GOV,MINISTRY,,,,,,GOV,,,1,070,070,07,2,7.0,6,1,6,3.76712328767123,4,"Yumi, Eastern Highlands, Papua New Guinea",PP,PP09,18585,-6.33333,145.467,-2204305,4,"Yumi, Eastern Highlands, Papua New Guinea",PP,PP09,18585,-6.33333,145.467,-2204305,4,"Yumi, Eastern Highlands, Papua New Guinea",PP,PP09,18585,-6.33333,145.467,-2204305,20260914063000,https://emtv.com.pg/yumi-ai-backs-icare4u-ministry-with-k2000-donation/
1322912764,20250914,202509,2025,2025.6959,RUS,RUSSIA,RUS,,,,,,,,,,,,,,,,,,0,080,080,08,2,5.0,2,1,2,-2.09606245756959,4,"Lviv, L'vivs'ka Oblast', Ukraine",UP,UP15,28555,49.8407,24.0305,-1045268,0,,,,,,,,4,"Lviv, L'vivs'ka Oblast', Ukraine",UP,UP15,28555,49.8407,24.0305,-1045268,20260914063000,https://city.udn.com/2976/7291863?raid=7298519
1322912765,20250914,202509,2025,2025.6959,RUS,RUSSIA,RUS,,,,,,,,,,,,,,,,,,0,080,080,08,2,5.0,8,1,8,-2.09606245756959,4,"Cheboksary, Chuvashiya, Russia",RS,RS16,25102,56.1322,47.2519,-2896432,0,,,,,,,,4,"Cheboksary, Chuvashiya, Russia",RS,RS16,25102,56.1322,47.2519,-2896432,20260914063000,https://city.udn.com/2976/7291863?raid=7298519
1322912766,20250914,202509,2025,2025.6959,VNM,HANOI,VNM,,,,,,,,,,,,,,,,,,1,057,057,05,1,8.0,1,1,1,-3.52564102564103,4,"Hanoi, Ha N?i, Vietnam, Republic Of",VM,VM44,74067,21.0333,105.85,-3714993,0,,,,,,,,4,"Hanoi, Ha N?i, Vietnam, Republic Of",VM,VM44,74067,21.0333,105.85,-3714993,20260914063000,https://www.hindustantimes.com/ht-explainers/brics-backed-un-cybercrime-treaty-at-delhi-summit-what-it-does-why-india-has-not-signed-it-yet-101789363609661.html
1322912767,20250914,202509,2025,2025.6959,VNM,HANOI,VNM,,,,,,,,,,,,,,,,,,1,057,057,05,1,8.0,7,1,7,-3.52564102564103,4,"Haryana, Haryana, India",IN,IN10,17660,29.6161,76.9806,6210381,0,,,,,,,,4,"Haryana, Haryana, India",IN,IN10,17660,29.6161,76.9806,6210381,20260914063000,https://www.hindustantimes.com/ht-explainers/brics-backed-un-cybercrime-treaty-at-delhi-summit-what-it-does-why-india-has-not-signed-it-yet-101789363609661.html
1322912768,20260815,202608,2026,2026.6164,EUR,EUROPE,EUR,,,,,,,,USAMED,THE ASSOCIATED PRESS,USA,,,,,MED,,,0,010,010,01,1,0.0,2,1,2,-2.09606245756959,4,"Beijing, Beijing, China",CH,CH22,13001,39.9289,116.388,-1898541,4,"Beijing, Beijing, China",CH,CH22,13001,39.9289,116.388,-1898541,4,"Beijing, Beijing, China",CH,CH22,13001,39.9289,116.388,-1898541,20260914063000,https://city.udn.com/2976/7291863?raid=7298519
1322912769,20260815,202608,2026,2026.6164,EUR,EUROPE,EUR,,,,,,,,USAMED,THE ASSOCIATED PRESS,USA,,,,,MED,,,0,010,010,01,1,0.0,8,1,8,-2.09606245756959,4,"Taipei, T'ai-pei, Taiwan",TW,TW03,13277,25.0478,121.532,-2637882,4,"Taipei, T'ai-pei, Taiwan",TW,TW03,13277,25.0478,121.532,-2637882,4,"Taipei, T'ai-pei, Taiwan",TW,TW03,13277,25.0478,121.532,-2637882,20260914063000,https://city.udn.com/2976/7291863?raid=7298519
1322912770,20260815,202608,2026,2026.6164,RUS,RUSSIA,RUS,,,,,,,,RUSBUS,RUSSIA,RUS,,,,,BUS,,,0,194,194,19,4,-10.0,1,1,1,-2.09606245756959,4,"Lviv, L'vivs'ka Oblast', Ukraine",UP,UP15,28555,49.8407,24.0305,-1045268,4,"Lviv, L'vivs'ka Oblast', Ukraine",UP,UP15,28555,49.8407,24.0305,-1045268,4,"Lviv, L'vivs'ka Oblast', Ukraine",UP,UP15,28555,49.8407,24.0305,-1045268,20260914063000,https://city.udn.com/2976/7291863?raid=7298519
1322912771,20260815,202608,2026,2026.6164,RUS,RUSSIA,RUS,,,,,,,,RUSBUS,RUSSIA,RUS,,,,,BUS,,,0,194,194,19,4,-10.0,3,1,3,-2.09606245756959,4,"Barrikady, Volgogradskaya Oblast', Russia",RS,RS84,25113,48.7833,44.5833,-2882422,4,"Volgograd, Volgogradskaya Oblast', Russia",RS,RS84,25113,48.8047,44.5858,-3034353,4,"Volgograd, Volgogradskaya Oblast', Russia",RS,RS84,25113,48.8047,44.5858,-3034353,20260914063000,https://city.udn.com/2976/7291863?raid=7298519
1322912772,20260815,202608,2026,2026.6164,RUSBUS,VOLGOGRAD,RUS,,,,,BUS,,,,,,,,,,,,,0,194,194,19,4,-10.0,1,1,1,-2.09606245756959,4,"Volgograd, Volgogradskaya Oblast', Russia",RS,RS84,25113,48.8047,44.5858,-3034353,0,,,,,,,,4,"Volgograd, Volgogradskaya Oblast', Russia",RS,RS84,25113,48.8047,44.5858,-3034353,20260914063000,https://city.udn.com/2976/7291863?raid=7298519
1322912773,20260907,202609,2026,2026.6767,GBR,UNITED KINGDOM,GBR,,,,,,,,FRA,FRANCE,FRA,,,,,,,,1,036,036,03,1,4.0,2,1,2,0,1,France,FR,FR,,46,2,FR,1,France,FR,FR,,46,2,FR,1,France,FR,FR,,46,2,FR,20260914063000,https://economictimes.indiatimes.com/news/international/world-news/canada-seeks-unique-alliance-with-eu-amid-trade-tensions-with-us-pm-carney-rejects-membership/articleshow/134233576.cms
1322912774,20260907,202609,2026,2026.6767,GBR,BRITAIN,GBR,,,,,,,,FRA,FRANCE,FRA,,,,,,,,1,036,036,03,1,4.0,6,1,6,0,1,United Kingdom,UK,UK,,54,-4,UK,1,France,FR,FR,,46,2,FR,1,France,FR,FR,,46,2,FR,20260914063000,https://economictimes.indiatimes.com/news/international/world-news/canada-seeks-unique-alliance-with-eu-amid-trade-tensions-with-us-pm-carney-rejects-membership/articleshow/134233576.cms
1322912775,20260914,202609,2026,2026.6959,,,,,,,,,,,AFR,AFRICA,AFR,,,,,,,,1,042,042,04,1,1.9,4,1,4,-5.39033457249071,0,,,,,,,,1,South Africa,SF,SF,,-30,26,SF,1,South Africa,SF,SF,,-30,26,SF,20260914063000,https://www.thetidenewsonline.com/2026/09/nass-suspends-legislative-engagements-with-safrica-over-xenophobic-attacks/
1322912776,20260914,202609,2026,2026.6959,,,,,,,,,,,AGR,FARMER,,,,,,AGR,,,0,036,036,03,1,4.0,10,1,10,-0.25295109612142,0,,,,,,,,4,"Johannesburg, Gauteng, South Africa",SF,SF06,77364,-26.2,28.0833,-1240261,4,"Johannesburg, Gauteng, South Africa",SF,SF06,77364,-26.2,28.0833,-1240261,20260914063000,https://allafrica.com/stories/202609140044.html
1322912777,20260914,202609,2026,2026.6959,,,,,,,,,,,AUS,AUSTRALIA,AUS,,,,,,,,1,043,043,04,1,2.8,2,1,2,1.14503816793893,0,,,,,,,,4,"Randwick, New South Wales, Australia",AS,AS02,5073,-33.9167,151.242,397957,4,"Melbourne, Victoria, Australia",AS,AS07,5430,-37.8167,144.967,-1586844,20260914063000,https://www.standard.net.au/story/9349706/ciaron-maher-trainer-juggles-newborn-racing-with-spring-success/
1322912778,20260914,202609,2026,2026.6959,,,,,,,,,,,AUS,AUSTRALIA,AUS,,,,,,,,1,043,043,04,1,2.8,2,1,2,1.14503816793893,0,,,,,,,,4,"Randwick, New South Wales, Australia",AS,AS02,5073,-33.9167,151.242,397957,4,"Randwick, New South Wales, Australia",AS,AS02,5073,-33.9167,151.242,397957,20260914063000,https://www.standard.net.au/story/9349706/ciaron-maher-trainer-juggles-newborn-racing-with-spring-success/
1322912779,20260914,202609,2026,2026.6959,,,,,,,,,,,AUS,AUSTRALIA,AUS,,,,,,,,1,173,173,17,4,-5.0,4,1,4,-9.719222462203,0,,,,,,,,4,"Shorncliffe, Queensland, Australia",AS,AS04,154682,-27.3333,153.083,-1600430,4,"Shorncliffe, Queensland, Australia",AS,AS04,154682,-27.3333,153.083,-1600430,20260914063000,https://www.perthnow.com.au/news/crime/vicious-man-left-to-die-on-verandah-after-bashing-c-22868078
1322912780,20260914,202609,2026,2026.6959,,,,,,,,,,,AUS,BRISBANE,AUS,,,,,,,,1,190,190,19,4,-10.0,3,1,3,-9.719222462203,0,,,,,,,,4,"Brisbane, Queensland, Australia",AS,AS04,154654,-27.5,153.017,-1561728,4,"Brisbane, Queensland, Australia",AS,AS04,154654,-27.5,153.017,-1561728,20260914063000,https://www.perthnow.com.au/news/crime/vicious-man-left-to-die-on-verandah-after-bashing-c-22868078
1322912781,20260914,202609,2026,2026.6959,,,,,,,,,,,AUS,BRISBANE,AUS,,,,,,,,1,190,190,19,4,-10.0,1,1,1,-9.719222462203,0,,,,,,,,4,"Brisbane, Queensland, Australia",AS,AS04,154654,-27.5,153.017,-1561728,4,"Shorncliffe, Queensland, Australia",AS,AS04,154682,-27.3333,153.083,-1600430,20260914063000,https://www.perthnow.com.au/news/crime/vicious-man-left-to-die-on-verandah-after-bashing-c-22868078
1322912782,20260914,202609,2026,2026.6959,,,,,,,,,,,AUS,AUSTRALIA,AUS,,,,,,,,1,190,190,19,4,-10.0,2,1,2,-9.719222462203,0,,,,,,,,4,"Shorncliffe, Queensland, Australia",AS,AS04,154682,-27.3333,153.083,-1600430,4,"Brisbane, Queensland, Australia",AS,AS04,154654,-27.5,153.017,-1561728,20260914063000,https://www.perthnow.com.au/news/crime/vicious-man-left-to-die-on-verandah-after-bashing-c-22868078
1322912783,20260914,202609,2026,2026.6959,,,,,,,,,,,AUS,AUSTRALIA,AUS,,,,,,,,1,190,190,19,4,-10.0,7,1,4,-9.719222462203,0,,,,,,,,4,"Shorncliffe, Queensland, Australia",AS,AS04,154682,-27.3333,153.083,-1600430,4,"Shorncliffe, Queensland, Australia",AS,AS04,154682,-27.3333,153.083,-1600430,20260914063000,https://www.perthnow.com.au/news/crime/vicious-man-left-to-die-on-verandah-after-bashing-c-22868078
1322912784,20260914,202609,2026,2026.6959,,,,,,,,,,,BGD,BANGLADESH,BGD,,,,,,,,0,112,112,11,3,-2.0,1,1,1,-8.85922330097092,0,,,,,,,,1,Bangladesh,BG,BG,,24,90,BG,1,Bangladesh,BG,BG,,24,90,BG,20260914063000,https://www.hindustantimes.com/entertainment/bollywood/saif-ali-khan-says-he-is-100-not-over-the-stabbing-attack-if-i-see-a-knife-it-just-makes-me-react-101789358621507.html
1322912785,20260914,202609,2026,2026.6959,,,,,,,,,,,BUS,COMPANY,,,,,,BUS,,,1,040,040,04,1,1.0,10,1,10,0.78843626806833,0,,,,,,,,4,"Tirane, Tirane, Albania",AL,AL50,4124,41.3275,19.8189,-108649,4,"Tirane, Tirane, Albania",AL,AL50,4124,41.3275,19.8189,-108649,20260914063000,https://www.investegate.co.uk/announcement/rns/eco-buildings-group-plc--ecob/first-apartment-block-completion-expected-q4-2026/9769130
1322912786,20260914,202609,2026,2026.6959,,,,,,,,,,,BUS,COMPANY,,,,,,BUS,,,0,040,040,04,1,1.0,10,1,10,-0.966891297978318,0,,,,,,,,4,"Ancaster, Lincolnshire, United Kingdom",UK,UKH7,40120,52.9667,-0.533333,-2588257,4,"Ancaster, Lincolnshire, United Kingdom",UK,UKH7,40120,52.9667,-0.533333,-2588257,20260914063000,https://www.investegate.co.uk/announcement/rns/arkle-resources-cdi---ark/extensive-uranium-system-defined-at-ulg-target/9769143
1322912787,20260914,202609,2026,2026.6959,,,,,,,,,,,CVL,RESIDENTS,,,,,,CVL,,,1,020,020,02,1,3.0,10,1,10,-7.17488789237666,0,,,,,,,,4,"Lucknow, Uttar Pradesh, India",IN,IN36,17941,26.85,80.9167,-2102835,4,"Lucknow, Uttar Pradesh, India",IN,IN36,17941,26.85,80.9167,-2102835,20260914063000,https://www.hindustantimes.com/cities/lucknow-news/lucknow-traffic-police-launch-qr-code-campaign-to-fix-traffic-calls-on-citizens-to-suggest-fix-101789363402213.html
1322912788,20260914,202609,2026,2026.6959,,,,,,,,,,,CVL,SCIENTIST,,,,,,CVL,,,0,128,128,12,3,-5.0,10,1,10,-2.32843137254902,0,,,,,,,,1,Germany,GM,GM,,51.5,10.5,GM,1,Germany,GM,GM,,51.5,10.5,GM,20260914063000,https://www.theguardian.com/environment/2026/sep/14/pfas-firms-tidal-wave-forever-chemicals-ai-industry-demand-datacentres
1322912789,20260914,202609,2026,2026.6959,,,,,,,,,,,CVL,SCIENTIST,,,,,,CVL,,,0,130,130,13,3,-4.4,10,1,10,-2.32843137254902,0,,,,,,,,1,Germany,GM,GM,,51.5,10.5,GM,1,Germany,GM,GM,,51.5,10.5,GM,20260914063000,https://www.theguardian.com/environment/2026/sep/14/pfas-firms-tidal-wave-forever-chemicals-ai-industry-demand-datacentres
1322912790,20260914,202609,2026,2026.6959,,,,,,,,,,,CVLLEG,CIVIL SOCIETY,,,,,,CVL,LEG,,1,043,043,04,1,2.8,10,1,10,0.72072072072073,0,,,,,,,,0,,,,,,,,0,,,,,,,,20260914063000,https://kashmirlife.net/ramban-to-bear-88-per-cent-of-submergence-burden-sjac-says-451600/
1322912791,20260914,202609,2026,2026.6959,,,,,,,,,,,DEU,GERMANY,DEU,,,,,,,,1,130,130,13,3,-4.4,4,1,4,-5.64705882352941,0,,,,,,,,1,Germany,GM,GM,,51.5,10.5,GM,1,Germany,GM,GM,,51.5,10.5,GM,20260914063000,https://wattsupwiththat.com/2026/09/13/energy-crisis-germany-enters-heating-season-with-historically-low-gas-reserve-fill-levels/
1322912792,20260914,202609,2026,2026.6959,,,,,,,,,,,DEU,GERMANY,DEU,,,,,,,,1,130,130,13,3,-4.4,6,1,6,-5.64705882352941,0,,,,,,,,1,Russia,RS,RS,,60,100,RS,1,Russia,RS,RS,,60,100,RS,20260914063000,https://wattsupwiththat.com/2026/09/13/energy-crisis-germany-enters-heating-season-with-historically-low-gas-reserve-fill-levels/
1322912793,20260914,202609,2026,2026.6959,,,,,,,,,,,EDU,EDUCATIONAL INSTITUTION,,,,,,EDU,,,0,036,036,03,1,4.0,5,1,5,-7.17488789237666,0,,,,,,,,1,Egypt,EG,EG,,27,30,EG,1,Egypt,EG,EG,,27,30,EG,20260914063000,https://www.hindustantimes.com/cities/lucknow-news/lucknow-traffic-police-launch-qr-code-campaign-to-fix-traffic-calls-on-citizens-to-suggest-fix-101789363402213.html
1322912794,20260914,202609,2026,2026.6959,,,,,,,,,,,EDU,STUDENT,,,,,,EDU,,,0,051,051,05,1,3.4,3,1,3,2.64075734927753,0,,,,,,,,2,"Hawaii, United States",US,USHI,,21.1098,-157.531,HI,2,"Hawaii, United States",US,USHI,,21.1098,-157.531,HI,20260914063000,https://www.bu.edu/articles/2026/special-education-policies-benefit-students-and-teachers/
1322912795,20260914,202609,2026,2026.6959,,,,,,,,,,,GBR,UNITED KINGDOM,GBR,,,,,,,,1,025,025,02,1,-0.3,10,1,10,-5.10638297872341,0,,,,,,,,0,,,,,,,,0,,,,,,,,20260914063000,http://www.bgnes.com/health/exposure-to-light-during-sleep-may-pose-risks-to-heart-health
1322912796,20260914,202609,2026,2026.6959,,,,,,,,,,,GOV,ADVISORY BOARD,,,,,,GOV,,,1,020,020,02,1,3.0,10,1,10,0.0942507068802998,0,,,,,,,,4,"Spanish Town, Saint Catherine, Jamaica",JM,JM10,18427,17.9911,-76.9574,-3753828,4,"Spanish Town, Saint Catherine, Jamaica",JM,JM10,18427,17.9911,-76.9574,-3753828,20260914063000,https://jamaica-gleaner.com/article/news/20260914/never-okay
1322912797,20260914,202609,2026,2026.6959,,,,,,,,,,,GOV,GOVERNMENT OFFICIAL,,,,,,GOV,,,0,045,045,04,1,5.0,5,1,5,11.2903225806452,0,,,,,,,,4,"New Delhi, Delhi, India",IN,IN07,17911,28.6,77.2,-2106102,4,"New Delhi, Delhi, India",IN,IN07,17911,28.6,77.2,-2106102,20260914063000,https://www.thehindubusinessline.com/news/brics-backs-expert-group-on-traditional-medicine-calls-for-evidence-based-global-cooperation/article71465350.ece
1322912798,20260914,202609,2026,2026.6959,,,,,,,,,,,HLH,DOCTOR,,,,,,HLH,,,0,041,041,04,1,1.0,5,1,5,-1.84049079754601,0,,,,,,,,0,,,,,,,,0,,,,,,,,20260914063000,https://www.berkshireeagle.com/history/eagle-archives-sept-14-1966-when-it-comes-to-local-connections-you-can-t-beat-mrs-lillian-belcher/article_e60ec1a7-f1f0-4192-bf27-daf72ed8495d.html
1322912799,20260914,202609,2026,2026.6959,,,,,,,,,,,IDN,KALIMANTAN,IDN,,,,,,,,1,042,042,04,1,1.9,10,1,10,-1.66666666666666,0,,,,,,,,4,"Borneo, Indonesia (general), Indonesia",ID,ID00,18585,1,114,-2674017,4,"Borneo, Indonesia (general), Indonesia",ID,ID00,18585,1,114,-2674017,20260914063000,http://www.bruneinews.net/news/279305107/search-continues-for-129-missing-after-java-sea-ferry-capsizes
1322912800,20260914,202609,2026,2026.6959,,,,,,,,,,,IDN,KALIMANTAN,IDN,,,,,,,,0,043,043,04,1,2.8,4,1,4,-2.12014134275619,0,,,,,,,,5,"South Kalimantan, Kalimantan Selatan, Indonesia",ID,ID12,18585,-2.5,115.5,-2680738,5,"East Java, Jawa Timur, Indonesia",ID,ID08,18585,-7.7394,112.51,-2679925,20260914063000,http://www.bruneinews.net/news/279305070/at-least-6-dead-130-missing-after-indonesia-passenger-vessel-accident
1322912801,20260914,202609,2026,2026.6959,,,,,,,,,,,IDN,KALIMANTAN,IDN,,,,,,,,0,043,043,04,1,2.8,6,1,6,-2.12014134275619,0,,,,,,,,5,"South Kalimantan, Kalimantan Selatan, Indonesia",ID,ID12,18585,-2.5,115.5,-2680738,5,"South Kalimantan, Kalimantan Selatan, Indonesia",ID,ID12,18585,-2.5,115.5,-2680738,20260914063000,http://www.bruneinews.net/news/279305070/at-least-6-dead-130-missing-after-indonesia-passenger-vessel-accident
1322912802,20260914,202609,2026,2026.6959,,,,,,,,,,,IGOEUREEC,THE EUROPEAN UNION,EUR,EEC,,,,IGO,,,1,030,030,03,1,4.0,10,1,10,0,0,,,,,,,,4,"Ottawa, Ontario, Canada",CA,CA08,12755,45.4167,-75.7,-570760,4,"Ottawa, Ontario, Canada",CA,CA08,12755,45.4167,-75.7,-570760,20260914063000,https://economictimes.indiatimes.com/news/international/world-news/canada-seeks-unique-alliance-with-eu-amid-trade-tensions-with-us-pm-carney-rejects-membership/articleshow/134233576.cms
1322912803,20260914,202609,2026,2026.6959,,,,,,,,,,,IND,DELHI,IND,,,,,,,,1,010,010,01,1,0.0,1,1,1,1.00111234705229,0,,,,,,,,4,"New Delhi, Delhi, India",IN,IN07,17911,28.6,77.2,-2106102,4,"Beijing, Beijing, China",CH,CH22,13001,39.9289,116.388,-1898541,20260914063000,https://www.hindustantimes.com/india-news/india-russia-china-bonhomie-at-brics-what-the-narendra-modi-xi-jinping-vladimir-putin-group-photos-reveal-101789360596765.html
1322912804,20260914,202609,2026,2026.6959,,,,,,,,,,,IND,DELHI,IND,,,,,,,,1,057,057,05,1,8.0,1,1,1,-3.52564102564103,0,,,,,,,,4,"Delhi, Delhi, India",IN,IN07,17911,28.6667,77.2167,-2094230,4,"Delhi, Delhi, India",IN,IN07,17911,28.6667,77.2167,-2094230,20260914063000,https://www.hindustantimes.com/ht-explainers/brics-backed-un-cybercrime-treaty-at-delhi-summit-what-it-does-why-india-has-not-signed-it-yet-101789363609661.html
1322912805,20260914,202609,2026,2026.6959,,,,,,,,,,,IRN,IRAN,IRN,,,,,,,,0,190,190,19,4,-10.0,1,1,1,-2.09606245756959,0,,,,,,,,4,"Caspian Sea, Oceans (general), Oceans",OS,OS00,25069,42,50,-1506347,4,"Caspian Sea, Oceans (general), Oceans",OS,OS00,25069,42,50,-1506347,20260914063000,https://city.udn.com/2976/7291863?raid=7298519
1322912806,20260914,202609,2026,2026.6959,,,,,,,,,,,IRQ,IRAQ,IRQ,,,,,,,,0,042,042,04,1,1.9,2,1,2,-2.09606245756959,0,,,,,,,,4,"Toronto, Ontario, Canada",CA,CA08,12686,43.6667,-79.4167,-574890,4,"Toronto, Ontario, Canada",CA,CA08,12686,43.6667,-79.4167,-574890,20260914063000,https://city.udn.com/2976/7291863?raid=7298519
1322912807,20260914,202609,2026,2026.6959,,,,,,,,,,,JUD,LAWYER,,,,,,JUD,,,0,100,100,10,3,-5.0,3,1,3,-1.68728908886389,0,,,,,,,,1,Jamaica,JM,JM,,18.25,-77.5,JM,1,Jamaica,JM,JM,,18.25,-77.5,JM,20260914063000,https://jamaica-gleaner.com/article/news/20260914/second-chance
1322912808,20260914,202609,2026,2026.6959,,,,,,,,,,,LAB,WORKER,,,,,,LAB,,,1,042,042,04,1,1.9,6,1,6,-3.43417825020442,0,,,,,,,,4,"Narayanganj, Dhaka, Bangladesh",BG,BG81,5788,23.6233,90.5011,-2737880,4,"Narayanganj, Dhaka, Bangladesh",BG,BG81,5788,23.6233,90.5011,-2737880,20260914063000,https://economictimes.indiatimes.com/small-biz/trade/exports/insights/war-in-the-middle-east-is-making-clothes-more-expensive/articleshow/134233495.cms
1322912809,20260914,202609,2026,2026.6959,,,,,,,,,,,LAB,WORKER,,,,,,LAB,,,1,042,042,04,1,1.9,4,1,4,-3.43417825020442,0,,,,,,,,1,Iran,IR,IR,,32,53,IR,1,Iran,IR,IR,,32,53,IR,20260914063000,https://economictimes.indiatimes.com/small-biz/trade/exports/insights/war-in-the-middle-east-is-making-clothes-more-expensive/articleshow/134233495.cms
1322912810,20260914,202609,2026,2026.6959,,,,,,,,,,,LAB,EMPLOYEE,,,,,,LAB,,,1,043,043,04,1,2.8,5,1,5,-4.05405405405406,0,,,,,,,,2,"Florida, United States",US,USFL,,27.8333,-81.717,FL,2,"Florida, United States",US,USFL,,27.8333,-81.717,FL,20260914063000,https://www.hindustantimes.com/trending/23-employees-quit-after-billionaire-boss-puts-cameras-on-their-wfh-laptops-101789364607974.html
1322912811,20260914,202609,2026,2026.6959,,,,,,,,,,,LAB,WORKER,,,,,,LAB,,,1,090,090,09,2,-2.0,10,1,10,-3.43417825020442,0,,,,,,,,4,"Dhaka, Dhaka, Bangladesh",BG,BG81,5778,23.7231,90.4086,-2737683,4,"Dhaka, Dhaka, Bangladesh",BG,BG81,5778,23.7231,90.4086,-2737683,20260914063000,https://economictimes.indiatimes.com/small-biz/trade/exports/insights/war-in-the-middle-east-is-making-clothes-more-expensive/articleshow/134233495.cms
1322912812,20260914,202609,2026,2026.6959,,,,,,,,,,,LEG,REPRESENTATIVES,,,,,,LEG,,,1,100,100,10,3,-5.0,5,1,5,3.72340425531915,0,,,,,,,,4,"Port Harcourt, Rivers, Nigeria",NI,NI50,191389,4.78917,6.99861,-2025046,4,"Port Harcourt, Rivers, Nigeria",NI,NI50,191389,4.78917,6.99861,-2025046,20260914063000,https://www.thetidenewsonline.com/2026/09/rivers-lp-assembly-candidate-vows-to-mentor-constituents/
1322912813,20260914,202609,2026,2026.6959,,,,,,,,,,,MDV,MALE,MDV,,,,,,,,1,042,042,04,1,1.9,10,1,10,-8.25688073394495,0,,,,,,,,3,"Kansas City, Kansas, United States",US,USKS,,39.1142,-94.6275,478635,3,"Kansas City, Kansas, United States",US,USKS,,39.1142,-94.6275,478635,20260914063000,https://www.tonyskansascity.com/2026/09/kansas-city-northland-homicide-trending.html
1322912814,20260914,202609,2026,2026.6959,,,,,,,,,,,MDV,MALE,MDV,,,,,,,,1,193,193,19,4,-10.0,10,1,10,-8.25688073394495,0,,,,,,,,3,"Kansas City, Kansas, United States",US,USKS,,39.1142,-94.6275,478635,3,"Kansas City, Kansas, United States",US,USKS,,39.1142,-94.6275,478635,20260914063000,https://www.tonyskansascity.com/2026/09/kansas-city-northland-homicide-trending.html
1322912815,20260914,202609,2026,2026.6959,,,,,,,,,,,MED,WEBSITE,,,,,,MED,,,1,042,042,04,1,1.9,2,1,2,-1.17302052785923,0,,,,,,,,4,"Mumbai, Maharashtra, India",IN,IN16,70184,18.975,72.8258,-2092174,4,"Mumbai, Maharashtra, India",IN,IN16,70184,18.975,72.8258,-2092174,20260914063000,https://bilkulonline.com/2026/09/14/air-india-mumbai-dehradun-flight-diverted-to-lucknow-due-to-bad-weather/
1322912816,20260914,202609,2026,2026.6959,,,,,,,,,,,MIL,NAVY,,,,,,MIL,,,0,080,080,08,2,5.0,1,1,1,-2.09606245756959,0,,,,,,,,4,"Tokyo, Tokyo, Japan",JA,JA40,36340,35.685,139.751,-246227,4,"Beijing, Beijing, China",CH,CH22,13001,39.9289,116.388,-1898541,20260914063000,https://city.udn.com/2976/7291863?raid=7298519
1322912817,20260914,202609,2026,2026.6959,,,,,,,,,,,MIL,NAVY,,,,,,MIL,,,0,080,080,08,2,5.0,4,1,4,-2.09606245756959,0,,,,,,,,4,"Tokyo, Tokyo, Japan",JA,JA40,36340,35.685,139.751,-246227,4,"Tokyo, Tokyo, Japan",JA,JA40,36340,35.685,139.751,-246227,20260914063000,https://city.udn.com/2976/7291863?raid=7298519
1322912818,20260914,202609,2026,2026.6959,,,,,,,,,,,MOS,ISLAM,,,,MOS,,,,,0,112,112,11,3,-2.0,3,1,3,-8.85922330097092,0,,,,,,,,4,"Hindustan, India (general), India",IN,IN00,17857,28,76,-3414754,4,"Hindustan, India (general), India",IN,IN00,17857,28,76,-3414754,20260914063000,https://www.hindustantimes.com/entertainment/bollywood/saif-ali-khan-says-he-is-100-not-over-the-stabbing-attack-if-i-see-a-knife-it-just-makes-me-react-101789358621507.html
1322912819,20260914,202609,2026,2026.6959,,,,,,,,,,,NAM,NAMIBIA,NAM,,,,,,,,1,042,042,04,1,1.9,4,1,2,-0.966891297978318,0,,,,,,,,5,"Erongo, Erongo, Namibia",WA,WA29,22255,-22.0833,15.3333,311103,5,"Erongo, Erongo, Namibia",WA,WA29,22255,-22.0833,15.3333,311103,20260914063000,https://www.investegate.co.uk/announcement/rns/arkle-resources-cdi---ark/extensive-uranium-system-defined-at-ulg-target/9769143
1322912820,20260914,202609,2026,2026.6959,,,,,,,,,,,NAM,NAMIBIA,NAM,,,,,,,,0,051,051,05,1,3.4,2,1,2,1.43565202529482,0,,,,,,,,4,"Kaoko, Kunene, Namibia",WA,WA32,22290,-19.4333,15.15,-2582766,4,"Kaoko, Kunene, Namibia",WA,WA32,22290,-19.4333,15.15,-2582766,20260914063000,https://www.investegate.co.uk/announcement/rns/keras-resources--krs/proposed-investment-disposal-and-fundraise/9769140
1322912821,20260914,202609,2026,2026.6959,,,,,,,,,,,NGA,PORT HARCOURT,NGA,,,,,,,,1,040,040,04,1,1.0,10,1,10,1.52505446623094,0,,,,,,,,4,"Port Harcourt, Rivers, Nigeria",NI,NI50,191389,4.78917,6.99861,-2025046,4,"Port Harcourt, Rivers, Nigeria",NI,NI50,191389,4.78917,6.99861,-2025046,20260914063000,https://www.thetidenewsonline.com/2026/09/amaechi-has-no-chance-in-ikwerre-rivers-dike/
1322912822,20260914,202609,2026,2026.6959,,,,,,,,,,,NZL,NEW ZEALAND,NZL,,,,,,,,1,042,042,04,1,1.9,10,1,10,0.48154093097913,0,,,,,,,,5,"Auckland, Auckland, New Zealand",NZ,NZE7,22379,-36.75,174.583,11483124,5,"Auckland, Auckland, New Zealand",NZ,NZE7,22379,-36.75,174.583,11483124,20260914063000,https://www.nzherald.co.nz/nz/auckland-man-dejan-kuzmic-still-missing-weeks-after-nepal-floods-family-seek-closure/RU3GEMFZ4NCN5FPYMDKREUAA3E/
1322912823,20260914,202609,2026,2026.6959,,,,,,,,,,,NZL,NEW ZEALAND,NZL,,,,,,,,1,057,057,05,1,8.0,5,1,5,-1.84615384615385,0,,,,,,,,4,"Seoul, Soul-t'ukpyolsi, South Korea",KS,KS11,24984,37.5664,127,-716583,4,"Seoul, Soul-t'ukpyolsi, South Korea",KS,KS11,24984,37.5664,127,-716583,20260914063000,https://emtv.com.pg/papua-new-guinea-joins-15th-seoul-defence-dialogue/
1322912824,20260914,202609,2026,2026.6959,,,,,,,,,,,PNG,MADANG,PNG,,,,,,,,1,036,036,03,1,4.0,20,1,20,0.729927007299261,0,,,,,,,,0,,,,,,,,0,,,,,,,,20260914063000,https://emtv.com.pg/madang-police-gear-up-for-51st-independence-celebrations/
1322912825,20260914,202609,2026,2026.6959,,,,,,,,,,,POL,POLAND,POL,,,,,,,,0,100,100,10,3,-5.0,8,1,8,-5.45808966861598,0,,,,,,,,4,"Dorohusk, Lubelskie, Poland",PL,PL75,24362,51.1625,23.8043,-499921,4,"Dorohusk, Lubelskie, Poland",PL,PL75,24362,51.1625,23.8043,-499921,20260914063000,http://www.bgnes.com/politics/tusk-russian-escalation-is-a-reality-poland-and-its-allies-must-be-ready-to-respond
1322912826,20260914,202609,2026,2026.6959,,,,,,,,,,,POL,POLAND,POL,,,,,,,,0,100,100,10,3,-5.0,2,1,2,-5.45808966861598,0,,,,,,,,4,"Dorohusk, Lubelskie, Poland",PL,PL75,24362,51.1625,23.8043,-499921,1,Moldova,MD,MD,,47,29,MD,20260914063000,http://www.bgnes.com/politics/tusk-russian-escalation-is-a-reality-poland-and-its-allies-must-be-ready-to-respond
1322912827,20260914,202609,2026,2026.6959,,,,,,,,,,,POL,POLISH,POL,,,,,,,,0,130,130,13,3,-4.4,2,1,2,-5.45808966861598,0,,,,,,,,4,"Warsaw, (PL67), Poland",PL,PL67,24452,52.25,21,-534433,4,"Warsaw, (PL67), Poland",PL,PL67,24452,52.25,21,-534433,20260914063000,http://www.bgnes.com/politics/tusk-russian-escalation-is-a-reality-poland-and-its-allies-must-be-ready-to-respond
1322912828,20260914,202609,2026,2026.6959,,,,,,,,,,,POL,POLISH,POL,,,,,,,,0,150,150,15,4,-7.2,7,1,7,-5.45808966861598,0,,,,,,,,4,"Warsaw, (PL67), Poland",PL,PL67,24452,52.25,21,-534433,4,"Warsaw, (PL67), Poland",PL,PL67,24452,52.25,21,-534433,20260914063000,http://www.bgnes.com/politics/tusk-russian-escalation-is-a-reality-poland-and-its-allies-must-be-ready-to-respond
1322912829,20260914,202609,2026,2026.6959,,,,,,,,,,,POL,POLISH,POL,,,,,,,,0,190,190,19,4,-10.0,2,1,2,-5.45808966861598,0,,,,,,,,4,"Warsaw, (PL67), Poland",PL,PL67,24452,52.25,21,-534433,4,"Warsaw, (PL67), Poland",PL,PL67,24452,52.25,21,-534433,20260914063000,http://www.bgnes.com/politics/tusk-russian-escalation-is-a-reality-poland-and-its-allies-must-be-ready-to-respond
1322912830,20260914,202609,2026,2026.6959,,,,,,,,,,,PTY,POLITICAL PARTIES,,,,,,,,,0,051,051,05,1,3.4,2,1,2,0.925925925925929,0,,,,,,,,4,"Maluso, Basilan, Philippines",RP,RP22,24237,6.543,121.875,-2437129,4,"Cotabato City, Cotabato, Philippines",RP,RPB8,67175,7.22361,124.246,-2422630,20260914063000,https://www.philstar.com/headlines/2026/09/14/2556215/safeguard-ballot-marcos-appeals-voters-barmm-goes-polls
1322912831,20260914,202609,2026,2026.6959,,,,,,,,,,,RUS,RUSSIA,RUS,,,,,,,,1,130,130,13,3,-4.4,10,1,10,-4.94117647058823,0,,,,,,,,4,"Volyn, Tul'skaya Oblast', Russia",RS,RS76,25105,54.1546,37.4002,10067595,4,"Volyn, Tul'skaya Oblast', Russia",RS,RS76,25105,54.1546,37.4002,10067595,20260914063000,https://www.kyivpost.com/post/84428
1322912832,20260914,202609,2026,2026.6959,,,,,,,,,,,SAU,SAUDI ARABIA,SAU,,,,,,,,0,045,045,04,1,5.0,1,1,1,1.00111234705229,0,,,,,,,,1,Iran,IR,IR,,32,53,IR,1,Indonesia,ID,ID,,-5,120,ID,20260914063000,https://www.hindustantimes.com/india-news/india-russia-china-bonhomie-at-brics-what-the-narendra-modi-xi-jinping-vladimir-putin-group-photos-reveal-101789360596765.html
1322912833,20260914,202609,2026,2026.6959,,,,,,,,,,,SAU,SAUDI ARABIA,SAU,,,,,,,,0,045,045,04,1,5.0,3,1,3,1.00111234705229,0,,,,,,,,1,Saudi Arabia,SA,SA,,25,45,SA,1,Indonesia,ID,ID,,-5,120,ID,20260914063000,https://www.hindustantimes.com/india-news/india-russia-china-bonhomie-at-brics-what-the-narendra-modi-xi-jinping-vladimir-putin-group-photos-reveal-101789360596765.html
1322912834,20260914,202609,2026,2026.6959,,,,,,,,,,,SAU,SAUDI ARABIA,SAU,,,,,,,,0,045,045,04,1,5.0,1,1,1,1.00111234705229,0,,,,,,,,1,United States,US,US,,39.828175,-98.5795,US,1,Indonesia,ID,ID,,-5,120,ID,20260914063000,https://www.hindustantimes.com/india-news/india-russia-china-bonhomie-at-brics-what-the-narendra-modi-xi-jinping-vladimir-putin-group-photos-reveal-101789360596765.html
1322912835,20260914,202609,2026,2026.6959,,,,,,,,,,,THA,THAILAND,THA,,,,,,,,1,042,042,04,1,1.9,2,1,2,1.55038759689922,0,,,,,,,,4,"Warrnambool, Victoria, Australia",AS,AS07,5423,-38.3818,142.488,-1608145,4,"Warrnambool, Victoria, Australia",AS,AS07,5423,-38.3818,142.488,-1608145,20260914063000,https://www.standard.net.au/story/9349527/warrnambool-restaurant-dream-becomes-reality-for-tar-malarath/
1322912836,20260914,202609,2026,2026.6959,,,,,,,,,,,THA,THAILAND,THA,,,,,,,,1,042,042,04,1,1.9,8,1,8,1.55038759689922,0,,,,,,,,4,"Chiang Rai, Chiang Rai, Thailand",TH,TH03,26523,19.9086,99.8325,-3247118,4,"Chiang Rai, Chiang Rai, Thailand",TH,TH03,26523,19.9086,99.8325,-3247118,20260914063000,https://www.standard.net.au/story/9349527/warrnambool-restaurant-dream-becomes-reality-for-tar-malarath/
1322912837,20260914,202609,2026,2026.6959,,,,,,,,,,,UKR,UKRAINE,UKR,,,,,,,,1,040,040,04,1,1.0,2,1,2,-3.9906103286385,0,,,,,,,,4,"Kyiv, Kyyiv, Misto, Ukraine",UP,UP12,28554,50.4333,30.5167,-1044367,4,"Kyiv, Kyyiv, Misto, Ukraine",UP,UP12,28554,50.4333,30.5167,-1044367,20260914063000,https://www.kyivpost.com/post/84425
1322912838,20260914,202609,2026,2026.6959,,,,,,,,,,,UKR,UKRAINE,UKR,,,,,,,,0,061,061,06,2,6.4,17,1,10,-2.09606245756959,0,,,,,,,,4,"Lviv, L'vivs'ka Oblast', Ukraine",UP,UP15,28555,49.8407,24.0305,-1045268,4,"Lviv, L'vivs'ka Oblast', Ukraine",UP,UP15,28555,49.8407,24.0305,-1045268,20260914063000,https://city.udn.com/2976/7291863?raid=7298519
1322912839,20260914,202609,2026,2026.6959,,,,,,,,,,,UKR,UKRAINIAN,UKR,,,,,,,,0,061,061,06,2,6.4,1,1,1,-2.09606245756959,0,,,,,,,,4,"Shahed, Fars, Iran",IR,IR07,25307,28.5934,52.2295,-3083999,4,"Shahed, Fars, Iran",IR,IR07,25307,28.5934,52.2295,-3083999,20260914063000,https://city.udn.com/2976/7291863?raid=7298519
1322912840,20260914,202609,2026,2026.6959,,,,,,,,,,,USA,RALEIGH,USA,,,,,,,,1,042,042,04,1,1.9,10,1,10,-0.50377833753149,0,,,,,,,,3,"Mercer County, West Virginia, United States",US,USWV,,37.4001,-81.1165,1557645,3,"Mercer County, West Virginia, United States",US,USWV,,37.4001,-81.1165,1557645,20260914063000,https://woay.com/hope-week-leads-up-to-out-of-the-darkness-suicide-prevention-walk/
1322912841,20260914,202609,2026,2026.6959,,,,,,,,,,,USA,UNITED STATES,USA,,,,,,,,1,071,071,07,2,7.4,2,1,2,-0.97087378640776,0,,,,,,,,2,"North Carolina, United States",US,USNC,,35.6411,-79.8431,NC,2,"North Carolina, United States",US,USNC,,35.6411,-79.8431,NC,20260914063000,https://wcti12.com/news/local/ncdot-awards-144m-for-new-ev-charging-stations-including-kinston
1322912842,20260914,202609,2026,2026.6959,,,,,,,,,,,VNM,VIETNAM,VNM,,,,,,,,1,057,057,05,1,8.0,1,1,1,-3.52564102564103,0,,,,,,,,4,"Hanoi, Ha N?i, Vietnam, Republic Of",VM,VM44,74067,21.0333,105.85,-3714993,4,"Delhi, Delhi, India",IN,IN07,17911,28.6667,77.2167,-2094230,20260914063000,https://www.hindustantimes.com/ht-explainers/brics-backed-un-cybercrime-treaty-at-delhi-summit-what-it-does-why-india-has-not-signed-it-yet-101789363609661.html
1322912843,20260914,202609,2026,2026.6959,,,,,,,,,,,VNM,VIETNAM,VNM,,,,,,,,1,057,057,05,1,8.0,1,1,1,-3.52564102564103,0,,,,,,,,4,"Hanoi, Ha N?i, Vietnam, Republic Of",VM,VM44,74067,21.0333,105.85,-3714993,4,"Hanoi, Ha N?i, Vietnam, Republic Of",VM,VM44,74067,21.0333,105.85,-3714993,20260914063000,https://www.hindustantimes.com/ht-explainers/brics-backed-un-cybercrime-treaty-at-delhi-summit-what-it-does-why-india-has-not-signed-it-yet-101789363609661.html
1322912844,20260914,202609,2026,2026.6959,,,,,,,,,,,ZAF,SOUTH AFRICAN,ZAF,,,,,,,,1,042,042,04,1,1.9,2,1,2,-5.39033457249071,0,,,,,,,,1,South Africa,SF,SF,,-30,26,SF,1,South Africa,SF,SF,,-30,26,SF,20260914063000,https://www.thetidenewsonline.com/2026/09/nass-suspends-legislative-engagements-with-safrica-over-xenophobic-attacks/
1322912845,20260914,202609,2026,2026.6959,,,,,,,,,,,ZWE,ZIMBABWE,ZWE,,,,,,,,1,013,013,01,1,0.4,2,1,2,2.94985250737463,0,,,,,,,,4,"Dokwe, Mashonaland Central, Zimbabwe",ZI,ZI03,21935,-16.5433,31.9617,-2314214,4,"Dokwe, Mashonaland Central, Zimbabwe",ZI,ZI03,21935,-16.5433,31.9617,-2314214,20260914063000,https://www.investegate.co.uk/announcement/rns/ariana-resources--aau/-appointment-of-executive-chairman/9769151
1322912846,20260914,202609,2026,2026.6959,AFR,AFRICA,AFR,,,,,,,,,,,,,,,,,,0,020,020,02,1,3.0,10,1,10,-1.78041543026706,1,Uganda,UG,UG,,2,33,UG,0,,,,,,,,1,Uganda,UG,UG,,2,33,UG,20260914063000,https://observer.ug/viewpoint/open-letter-gen-muhoozi-constitutionalise-your-journey-to-state-house/
1322912847,20260914,202609,2026,2026.6959,AFR,AFRICA,AFR,,,,,,,,,,,,,,,,,,1,043,043,04,1,2.8,2,1,2,-5.39033457249071,1,South Africa,SF,SF,,-30,26,SF,0,,,,,,,,1,South Africa,SF,SF,,-30,26,SF,20260914063000,https://www.thetidenewsonline.com/2026/09/nass-suspends-legislative-engagements-with-safrica-over-xenophobic-attacks/
1322912848,20260914,202609,2026,2026.6959,AFR,AFRICA,AFR,,,,,,,,LEG,NATIONAL ASSEMBLY,,,,,,LEG,,,1,043,043,04,1,2.8,5,1,5,-5.39033457249071,1,South Africa,SF,SF,,-30,26,SF,1,South Africa,SF,SF,,-30,26,SF,1,South Africa,SF,SF,,-30,26,SF,20260914063000,https://www.thetidenewsonline.com/2026/09/nass-suspends-legislative-engagements-with-safrica-over-xenophobic-attacks/
1322912849,20260914,202609,2026,2026.6959,AFR,AFRICA,AFR,,,,,,,,ZAF,SOUTH AFRICAN,ZAF,,,,,,,,1,042,042,04,1,1.9,2,1,2,-5.39033457249071,1,South Africa,SF,SF,,-30,26,SF,1,South Africa,SF,SF,,-30,26,SF,1,South Africa,SF,SF,,-30,26,SF,20260914063000,https://www.thetidenewsonline.com/2026/09/nass-suspends-legislative-engagements-with-safrica-over-xenophobic-attacks/
1322912850,20260914,202609,2026,2026.6959,AGR,FARMER,,,,,,AGR,,,,,,,,,,,,,0,036,036,03,1,4.0,10,1,10,-0.25295109612142,4,"Johannesburg, Gauteng, South Africa",SF,SF06,77364,-26.2,28.0833,-1240261,0,,,,,,,,4,"Johannesburg, Gauteng, South Africa",SF,SF06,77364,-26.2,28.0833,-1240261,20260914063000,https://allafrica.com/stories/202609140044.html
1322912851,20260914,202609,2026,2026.6959,AGR,FARMER,,,,,,AGR,,,,,,,,,,,,,1,172,172,17,4,-5.0,10,1,10,-4.17633410672854,0,,,,,,,,0,,,,,,,,0,,,,,,,,20260914063000,https://www.countytimes.co.uk/news/26538888.powys-farmer-banned-driving-four-years-crash/
1322912852,20260914,202609,2026,2026.6959,AUS,AUSTRALIA,AUS,,,,,,,,,,,,,,,,,,1,010,010,01,1,0.0,6,1,6,-0.874125874125876,4,"Darling Downs, Queensland, Australia",AS,AS04,154700,-27.5,150.5,-1568996,0,,,,,,,,4,"Darling Downs, Queensland, Australia",AS,AS04,154700,-27.5,150.5,-1568996,20260914063000,https://www.beefcentral.com/lotfeeding/feeder-cattle-market-some-grids-rise-as-numbers-increase/
1322912853,20260914,202609,2026,2026.6959,AUS,AUSTRALIA,AUS,,,,,,,,,,,,,,,,,,1,010,010,01,1,0.0,4,1,4,-8.90269151138712,4,"Moruya, New South Wales, Australia",AS,AS02,4997,-35.9125,150.081,-1589024,0,,,,,,,,4,"Moruya, New South Wales, Australia",AS,AS02,4997,-35.9125,150.081,-1589024,20260914063000,https://www.batemansbaypost.com.au/story/9349579/daniel-robert-weldon-sentenced-in-act-supreme-court-for-burglary-spree/
1322912854,20260914,202609,2026,2026.6959,AUS,AUSTRALIA,AUS,,,,,,,,,,,,,,,,,,1,010,010,01,1,0.0,2,1,2,-9.719222462203,4,"Shorncliffe, Queensland, Australia",AS,AS04,154682,-27.3333,153.083,-1600430,0,,,,,,,,4,"Shorncliffe, Queensland, Australia",AS,AS04,154682,-27.3333,153.083,-1600430,20260914063000,https://www.perthnow.com.au/news/crime/vicious-man-left-to-die-on-verandah-after-bashing-c-22868078
1322912855,20260914,202609,2026,2026.6959,AUS,AUSTRALIA,AUS,,,,,,,,,,,,,,,,,,1,042,042,04,1,1.9,2,1,2,1.14503816793893,4,"Randwick, New South Wales, Australia",AS,AS02,5073,-33.9167,151.242,397957,0,,,,,,,,4,"Melbourne, Victoria, Australia",AS,AS07,5430,-37.8167,144.967,-1586844,20260914063000,https://www.standard.net.au/story/9349706/ciaron-maher-trainer-juggles-newborn-racing-with-spring-success/
1322912856,20260914,202609,2026,2026.6959,AUS,AUSTRALIA,AUS,,,,,,,,,,,,,,,,,,1,042,042,04,1,1.9,2,1,2,1.14503816793893,4,"Randwick, New South Wales, Australia",AS,AS02,5073,-33.9167,151.242,397957,0,,,,,,,,4,"Randwick, New South Wales, Australia",AS,AS02,5073,-33.9167,151.242,397957,20260914063000,https://www.standard.net.au/story/9349706/ciaron-maher-trainer-juggles-newborn-racing-with-spring-success/
1322912857,20260914,202609,2026,2026.6959,AUS,AUSTRALIA,AUS,,,,,,,,,,,,,,,,,,0,055,055,05,1,7.0,4,1,4,-8.90269151138712,4,"Moruya, New South Wales, Australia",AS,AS02,4997,-35.9125,150.081,-1589024,0,,,,,,,,4,"Moruya, New South Wales, Australia",AS,AS02,4997,-35.9125,150.081,-1589024,20260914063000,https://www.batemansbaypost.com.au/story/9349579/daniel-robert-weldon-sentenced-in-act-supreme-court-for-burglary-spree/
1322912858,20260914,202609,2026,2026.6959,AUS,MELBOURNE,AUS,,,,,,,,,,,,,,,,,,1,061,061,06,2,6.4,8,1,8,1.14503816793893,4,"Melbourne, Victoria, Australia",AS,AS07,5430,-37.8167,144.967,-1586844,0,,,,,,,,4,"Melbourne, Victoria, Australia",AS,AS07,5430,-37.8167,144.967,-1586844,20260914063000,https://www.standard.net.au/story/9349706/ciaron-maher-trainer-juggles-newborn-racing-with-spring-success/
1322912859,20260914,202609,2026,2026.6959,AUS,MELBOURNE,AUS,,,,,,,,,,,,,,,,,,1,061,061,06,2,6.4,2,1,2,1.14503816793893,4,"Sydney, New South Wales, Australia",AS,AS02,154637,-33.8833,151.217,-1603135,0,,,,,,,,4,"Sydney, New South Wales, Australia",AS,AS02,154637,-33.8833,151.217,-1603135,20260914063000,https://www.standard.net.au/story/9349706/ciaron-maher-trainer-juggles-newborn-racing-with-spring-success/
1322912860,20260914,202609,2026,2026.6959,AUS,PERTH,AUS,,,,,,,,,,,,,,,,,,1,090,090,09,2,-2.0,21,1,10,-0.94339622641509,4,"Perth, Western Australia, Australia",AS,AS08,5533,-31.9333,115.833,-1594675,0,,,,,,,,4,"Perth, Western Australia, Australia",AS,AS08,5533,-31.9333,115.833,-1594675,20260914063000,https://www.perthnow.com.au/wa/perth/central/city-of-perth-set-to-find-out-result-of-monitors-five-month-long-review-into-dysfunction-tonight-c-22849081
1322912861,20260914,202609,2026,2026.6959,AUS,AUSTRALIA,AUS,,,,,,,,,,,,,,,,,,1,090,090,09,2,-2.0,8,1,8,1.14503816793893,4,"Warrnambool, Victoria, Australia",AS,AS07,5423,-38.3818,142.488,-1608145,0,,,,,,,,4,"Warrnambool, Victoria, Australia",AS,AS07,5423,-38.3818,142.488,-1608145,20260914063000,https://www.standard.net.au/story/9349706/ciaron-maher-trainer-juggles-newborn-racing-with-spring-success/
1322912862,20260914,202609,2026,2026.6959,AUS,AUSTRALIA,AUS,,,,,,,,,,,,,,,,,,0,120,120,12,3,-4.0,4,1,4,-9.719222462203,4,"Shorncliffe, Queensland, Australia",AS,AS04,154682,-27.3333,153.083,-1600430,0,,,,,,,,4,"Shorncliffe, Queensland, Australia",AS,AS04,154682,-27.3333,153.083,-1600430,20260914063000,https://www.perthnow.com.au/news/crime/vicious-man-left-to-die-on-verandah-after-bashing-c-22868078
1322912863,20260914,202609,2026,2026.6959,AUS,AUSTRALIA,AUS,,,,,,,,,,,,,,,,,,1,138,138,13,3,-7.0,2,1,2,-9.719222462203,4,"Shorncliffe, Queensland, Australia",AS,AS04,154682,-27.3333,153.083,-1600430,0,,,,,,,,4,"Shorncliffe, Queensland, Australia",AS,AS04,154682,-27.3333,153.083,-1600430,20260914063000,https://www.perthnow.com.au/news/crime/vicious-man-left-to-die-on-verandah-after-bashing-c-22868078
1322912864,20260914,202609,2026,2026.6959,AUS,AUSTRALIA,AUS,,,,,,,,,,,,,,,,,,0,173,173,17,4,-5.0,2,1,2,-9.719222462203,4,"Shorncliffe, Queensland, Australia",AS,AS04,154682,-27.3333,153.083,-1600430,0,,,,,,,,4,"Shorncliffe, Queensland, Australia",AS,AS04,154682,-27.3333,153.083,-1600430,20260914063000,https://www.perthnow.com.au/news/crime/vicious-man-left-to-die-on-verandah-after-bashing-c-22868078
1322912865,20260914,202609,2026,2026.6959,AUS,AUSTRALIAN,AUS,,,,,,,,AUSGOV,AUSTRALIA,AUS,,,,,GOV,,,1,090,090,09,2,-2.0,12,3,12,-2.91859716221995,4,"Canberra, Australian Capital Territory, Australia",AS,AS01,4940,-35.2833,149.217,-1563952,4,"Canberra, Australian Capital Territory, Australia",AS,AS01,4940,-35.2833,149.217,-1563952,4,"Canberra, Australian Capital Territory, Australia",AS,AS01,4940,-35.2833,149.217,-1563952,20260914063000,https://www.northweststar.com.au/story/9350047/ai-dangers-downplayed-after-doomsday-warnings-bloom/
1322912866,20260914,202609,2026,2026.6959,AUS,PERTH,AUS,,,,,,,,AUSGOV,AUSTRALIA,AUS,,,,,GOV,,,1,090,090,09,2,-2.0,4,1,4,-0.94339622641509,4,"Perth, Western Australia, Australia",AS,AS08,5533,-31.9333,115.833,-1594675,4,"Kwinana, Western Australia, Australia",AS,AS08,5539,-32.2301,115.781,-1582567,4,"Perth, Western Australia, Australia",AS,AS08,5533,-31.9333,115.833,-1594675,20260914063000,https://www.perthnow.com.au/wa/perth/central/city-of-perth-set-to-find-out-result-of-monitors-five-month-long-review-into-dysfunction-tonight-c-22849081
1322912867,20260914,202609,2026,2026.6959,AUS,AUSTRALIA,AUS,,,,,,,,BUS,BUSINESS,,,,,,BUS,,,1,043,043,04,1,2.8,8,1,8,1.55038759689922,4,"Warrnambool, Victoria, Australia",AS,AS07,5423,-38.3818,142.488,-1608145,4,"Warrnambool, Victoria, Australia",AS,AS07,5423,-38.3818,142.488,-1608145,4,"Warrnambool, Victoria, Australia",AS,AS07,5423,-38.3818,142.488,-1608145,20260914063000,https://www.standard.net.au/story/9349527/warrnambool-restaurant-dream-becomes-reality-for-tar-malarath/
1322912868,20260914,202609,2026,2026.6959,AUS,AUSTRALIA,AUS,,,,,,,,BUS,BUSINESS,,,,,,BUS,,,1,043,043,04,1,2.8,2,1,2,1.55038759689922,4,"Warrnambool, Victoria, Australia",AS,AS07,5423,-38.3818,142.488,-1608145,4,"Chiang Rai, Chiang Rai, Thailand",TH,TH03,26523,19.9086,99.8325,-3247118,4,"Warrnambool, Victoria, Australia",AS,AS07,5423,-38.3818,142.488,-1608145,20260914063000,https://www.standard.net.au/story/9349527/warrnambool-restaurant-dream-becomes-reality-for-tar-malarath/
1322912869,20260914,202609,2026,2026.6959,AUS,CANBERRA,AUS,,,,,,,,GOV,KING,,,,,,GOV,,,1,042,042,04,1,1.9,10,1,10,-5.10752688172043,4,"Canberra, Australian Capital Territory, Australia",AS,AS01,4940,-35.2833,149.217,-1563952,4,"Canberra, Australian Capital Territory, Australia",AS,AS01,4940,-35.2833,149.217,-1563952,4,"Canberra, Australian Capital Territory, Australia",AS,AS01,4940,-35.2833,149.217,-1563952,20260914063000,https://www.batemansbaypost.com.au/story/9349964/six-teens-charged-after-nsw-act-stolen-car-pursuit-police-allege/
1322912870,20260914,202609,2026,2026.6959,AUS,PERTH,AUS,,,,,,,,GOV,MAYOR,,,,,,GOV,,,1,090,090,09,2,-2.0,1,1,1,-0.94339622641509,4,"Perth, Western Australia, Australia",AS,AS08,5533,-31.9333,115.833,-1594675,4,"Kwinana, Western Australia, Australia",AS,AS08,5539,-32.2301,115.781,-1582567,4,"Perth, Western Australia, Australia",AS,AS08,5533,-31.9333,115.833,-1594675,20260914063000,https://www.perthnow.com.au/wa/perth/central/city-of-perth-set-to-find-out-result-of-monitors-five-month-long-review-into-dysfunction-tonight-c-22849081
1322912871,20260914,202609,2026,2026.6959,AUS,AUSTRALIAN,AUS,,,,,,,,GOVGOV,GOVERNMENT,,,,,,GOV,GOV,,1,042,042,04,1,1.9,30,3,30,-2.91859716221995,4,"Canberra, Australian Capital Territory, Australia",AS,AS01,4940,-35.2833,149.217,-1563952,4,"Canberra, Australian Capital Territory, Australia",AS,AS01,4940,-35.2833,149.217,-1563952,4,"Canberra, Australian Capital Territory, Australia",AS,AS01,4940,-35.2833,149.217,-1563952,20260914063000,https://www.northweststar.com.au/story/9350047/ai-dangers-downplayed-after-doomsday-warnings-bloom/
1322912872,20260914,202609,2026,2026.6959,AUS,QUEENSLAND,AUS,,,,,,,,HLH,DOCTOR,,,,,,HLH,,,1,042,042,04,1,1.9,10,1,10,-1.05263157894737,0,,,,,,,,0,,,,,,,,0,,,,,,,,20260914063000,https://www.northweststar.com.au/story/9349899/adels-grove-man-airlifted-after-serious-motorcycle-incident/
1322912873,20260914,202609,2026,2026.6959,AUS,QUEENSLAND,AUS,,,,,,,,HLH,DOCTOR,,,,,,HLH,,,1,043,043,04,1,2.8,10,1,10,-1.05263157894737,0,,,,,,,,0,,,,,,,,0,,,,,,,,20260914063000,https://www.northweststar.com.au/story/9349899/adels-grove-man-airlifted-after-serious-motorcycle-incident/
1322912874,20260914,202609,2026,2026.6959,AUS,AUSTRALIAN,AUS,,,,,,,,IDN,INDONESIA,IDN,,,,,,,,1,040,040,04,1,1.0,2,1,2,-6.37813211845103,4,"Nusa Penida, Indonesia (general), Indonesia",ID,ID00,18585,-8.73333,115.533,-2692178,4,"Nusa Penida, Indonesia (general), Indonesia",ID,ID00,18585,-8.73333,115.533,-2692178,4,"Nusa Penida, Indonesia (general), Indonesia",ID,ID00,18585,-8.73333,115.533,-2692178,20260914063000,https://www.perthnow.com.au/news/australia/desperate-final-moments-before-queensland-woman-brianna-cronin-fell-to-her-death-at-beach-in-nusa-penida-bali-c-22867873
1322912875,20260914,202609,2026,2026.6959,AUS,AUSTRALIAN,AUS,,,,,,,,IDN,INDONESIA,IDN,,,,,,,,1,040,040,04,1,1.0,1,1,1,-6.37813211845103,1,Australia,AS,AS,,-25,135,AS,1,Australia,AS,AS,,-25,135,AS,1,Australia,AS,AS,,-25,135,AS,20260914063000,https://www.perthnow.com.au/news/australia/desperate-final-moments-before-queensland-woman-brianna-cronin-fell-to-her-death-at-beach-in-nusa-penida-bali-c-22867873
1322912876,20260914,202609,2026,2026.6959,AUS,AUSTRALIAN,AUS,,,,,,,,IDN,INDONESIA,IDN,,,,,,,,1,060,060,06,2,6.0,1,1,1,-6.37813211845103,4,"Bali, Jawa Timur, Indonesia",ID,ID08,18585,-7.1046,112.337,10205777,4,"Nusa Penida, Indonesia (general), Indonesia",ID,ID00,18585,-8.73333,115.533,-2692178,4,"Nusa Penida, Indonesia (general), Indonesia",ID,ID00,18585,-8.73333,115.533,-2692178,20260914063000,https://www.perthnow.com.au/news/australia/desperate-final-moments-before-queensland-woman-brianna-cronin-fell-to-her-death-at-beach-in-nusa-penida-bali-c-22867873
1322912877,20260914,202609,2026,2026.6959,AUS,AUSTRALIAN,AUS,,,,,,,,IDN,INDONESIA,IDN,,,,,,,,1,060,060,06,2,6.0,2,1,2,-6.37813211845103,1,Australia,AS,AS,,-25,135,AS,4,"Nusa Penida, Indonesia (general), Indonesia",ID,ID00,18585,-8.73333,115.533,-2692178,4,"Nusa Penida, Indonesia (general), Indonesia",ID,ID00,18585,-8.73333,115.533,-2692178,20260914063000,https://www.perthnow.com.au/news/australia/desperate-final-moments-before-queensland-woman-brianna-cronin-fell-to-her-death-at-beach-in-nusa-penida-bali-c-22867873
1322912878,20260914,202609,2026,2026.6959,AUS,AUSTRALIAN,AUS,,,,,,,,IDN,INDONESIA,IDN,,,,,,,,1,070,070,07,2,7.0,1,1,1,-6.37813211845103,4,"Bali, Jawa Timur, Indonesia",ID,ID08,18585,-7.1046,112.337,10205777,4,"Nusa Penida, Indonesia (general), Indonesia",ID,ID00,18585,-8.73333,115.533,-2692178,4,"Nusa Penida, Indonesia (general), Indonesia",ID,ID00,18585,-8.73333,115.533,-2692178,20260914063000,https://www.perthnow.com.au/news/australia/desperate-final-moments-before-queensland-woman-brianna-cronin-fell-to-her-death-at-beach-in-nusa-penida-bali-c-22867873
1322912879,20260914,202609,2026,2026.6959,AUS,AUSTRALIAN,AUS,,,,,,,,IDN,INDONESIA,IDN,,,,,,,,1,070,070,07,2,7.0,2,1,2,-6.37813211845103,1,Australia,AS,AS,,-25,135,AS,4,"Nusa Penida, Indonesia (general), Indonesia",ID,ID00,18585,-8.73333,115.533,-2692178,1,Australia,AS,AS,,-25,135,AS,20260914063000,https://www.perthnow.com.au/news/australia/desperate-final-moments-before-queensland-woman-brianna-cronin-fell-to-her-death-at-beach-in-nusa-penida-bali-c-22867873
1322912880,20260914,202609,2026,2026.6959,AUSGOV,AUSTRALIAN,AUS,,,,,GOV,,,,,,,,,,,,,1,060,060,06,2,6.0,6,1,6,-6.37813211845103,1,Australia,AS,AS,,-25,135,AS,0,,,,,,,,1,Australia,AS,AS,,-25,135,AS,20260914063000,https://www.perthnow.com.au/news/australia/desperate-final-moments-before-queensland-woman-brianna-cronin-fell-to-her-death-at-beach-in-nusa-penida-bali-c-22867873
1322912881,20260914,202609,2026,2026.6959,AUSGOV,AUSTRALIAN,AUS,,,,,GOV,,,,,,,,,,,,,1,070,070,07,2,7.0,6,1,6,-6.37813211845103,1,Australia,AS,AS,,-25,135,AS,0,,,,,,,,1,Australia,AS,AS,,-25,135,AS,20260914063000,https://www.perthnow.com.au/news/australia/desperate-final-moments-before-queensland-woman-brianna-cronin-fell-to-her-death-at-beach-in-nusa-penida-bali-c-22867873
1322912882,20260914,202609,2026,2026.6959,AUSGOV,SYDNEY,AUS,,,,,GOV,,,,,,,,,,,,,1,090,090,09,2,-2.0,2,1,2,1.14503816793893,4,"Warrnambool, Victoria, Australia",AS,AS07,5423,-38.3818,142.488,-1608145,0,,,,,,,,4,"Warrnambool, Victoria, Australia",AS,AS07,5423,-38.3818,142.488,-1608145,20260914063000,https://www.standard.net.au/story/9349706/ciaron-maher-trainer-juggles-newborn-racing-with-spring-success/
1322912883,20260914,202609,2026,2026.6959,AUSGOV,AUSTRALIAN,AUS,,,,,GOV,,,AUS,AUSTRALIAN,AUS,,,,,,,,1,090,090,09,2,-2.0,18,3,18,-2.91859716221995,4,"Canberra, Australian Capital Territory, Australia",AS,AS01,4940,-35.2833,149.217,-1563952,4,"Canberra, Australian Capital Territory, Australia",AS,AS01,4940,-35.2833,149.217,-1563952,4,"Canberra, Australian Capital Territory, Australia",AS,AS01,4940,-35.2833,149.217,-1563952,20260914063000,https://www.northweststar.com.au/story/9350047/ai-dangers-downplayed-after-doomsday-warnings-bloom/
1322912884,20260914,202609,2026,2026.6959,AUSLEG,AUSTRALIA,AUS,,,,,LEG,,,,,,,,,,,,,1,010,010,01,1,0.0,3,3,3,-2.91859716221995,4,"Canberra, Australian Capital Territory, Australia",AS,AS01,4940,-35.2833,149.217,-1563952,0,,,,,,,,4,"Canberra, Australian Capital Territory, Australia",AS,AS01,4940,-35.2833,149.217,-1563952,20260914063000,https://www.northweststar.com.au/story/9350047/ai-dangers-downplayed-after-doomsday-warnings-bloom/
1322912885,20260914,202609,2026,2026.6959,AUSLEG,AUSTRALIA,AUS,,,,,LEG,,,GOV,GOVERNMENT,,,,,,GOV,,,0,010,010,01,1,0.0,6,3,6,-2.91859716221995,4,"Canberra, Australian Capital Territory, Australia",AS,AS01,4940,-35.2833,149.217,-1563952,4,"Canberra, Australian Capital Territory, Australia",AS,AS01,4940,-35.2833,149.217,-1563952,4,"Canberra, Australian Capital Territory, Australia",AS,AS01,4940,-35.2833,149.217,-1563952,20260914063000,https://www.northweststar.com.au/story/9350047/ai-dangers-downplayed-after-doomsday-warnings-bloom/
1322912886,20260914,202609,2026,2026.6959,AUT,VIENNA,AUT,,,,,,,,IRN,IRAN,IRN,,,,,,,,1,043,043,04,1,2.8,8,1,8,-2.27272727272727,4,"Vienna, Wien, Austria",AU,AU09,5672,48.2,16.3667,-1995499,1,Iran,IR,IR,,32,53,IR,4,"Vienna, Wien, Austria",AU,AU09,5672,48.2,16.3667,-1995499,20260914063000,https://wohfradio.com/national-news/irans-nuclear-chief-not-expected-to-attend-iaea-general-conference-official-says/
1322912887,20260914,202609,2026,2026.6959,AUT,AUSTRIA,AUT,,,,,,,,IRN,IRAN,IRN,,,,,,,,1,043,043,04,1,2.8,2,1,2,-2.27272727272727,4,"Vienna, Wien, Austria",AU,AU09,5672,48.2,16.3667,-1995499,1,Iran,IR,IR,,32,53,IR,1,Iran,IR,IR,,32,53,IR,20260914063000,https://wohfradio.com/national-news/irans-nuclear-chief-not-expected-to-attend-iaea-general-conference-official-says/
1322912888,20260914,202609,2026,2026.6959,BGD,BANGLADESH,BGD,,,,,,,,,,,,,,,,,,0,016,016,01,1,-2.0,2,1,2,-8.85922330097092,1,Bangladesh,BG,BG,,24,90,BG,0,,,,,,,,1,Bangladesh,BG,BG,,24,90,BG,20260914063000,https://www.hindustantimes.com/entertainment/bollywood/saif-ali-khan-says-he-is-100-not-over-the-stabbing-attack-if-i-see-a-knife-it-just-makes-me-react-101789358621507.html
1322912889,20260914,202609,2026,2026.6959,BGD,BANGLADESH,BGD,,,,,,,,,,,,,,,,,,0,061,061,06,2,6.4,8,1,8,-3.43417825020442,4,"Narayanganj, Dhaka, Bangladesh",BG,BG81,5788,23.6233,90.5011,-2737880,0,,,,,,,,4,"Narayanganj, Dhaka, Bangladesh",BG,BG81,5788,23.6233,90.5011,-2737880,20260914063000,https://economictimes.indiatimes.com/small-biz/trade/exports/insights/war-in-the-middle-east-is-making-clothes-more-expensive/articleshow/134233495.cms
1322912890,20260914,202609,2026,2026.6959,BGD,BANGLADESH,BGD,,,,,,,,,,,,,,,,,,0,061,061,06,2,6.4,2,1,2,-3.43417825020442,1,India,IN,IN,,20,77,IN,0,,,,,,,,1,India,IN,IN,,20,77,IN,20260914063000,https://economictimes.indiatimes.com/small-biz/trade/exports/insights/war-in-the-middle-east-is-making-clothes-more-expensive/articleshow/134233495.cms
1322912891,20260914,202609,2026,2026.6959,BUS,COMPANY,,,,,,BUS,,,,,,,,,,,,,1,010,010,01,1,0.0,5,1,5,0.78843626806833,4,"Tirane, Tirane, Albania",AL,AL50,4124,41.3275,19.8189,-108649,0,,,,,,,,4,"Tirane, Tirane, Albania",AL,AL50,4124,41.3275,19.8189,-108649,20260914063000,https://www.investegate.co.uk/announcement/rns/eco-buildings-group-plc--ecob/first-apartment-block-completion-expected-q4-2026/9769130
1322912892,20260914,202609,2026,2026.6959,BUS,INDUSTRY,,,,,,BUS,,,,,,,,,,,,,0,010,010,01,1,0.0,8,1,8,-3.13152400835073,4,"Brisbane, Queensland, Australia",AS,AS04,154654,-27.5,153.017,-1561728,0,,,,,,,,4,"Brisbane, Queensland, Australia",AS,AS04,154654,-27.5,153.017,-1561728,20260914063000,https://www.brokernews.com.au/news/breaking-news/is-mortgage-fraud-still-a-threat-in-australias-lending-landscape-289967.aspx
1322912893,20260914,202609,2026,2026.6959,BUS,COMPANY,,,,,,BUS,,,,,,,,,,,,,0,010,010,01,1,0.0,10,1,10,-0.966891297978318,4,"Ancaster, Lincolnshire, United Kingdom",UK,UKH7,40120,52.9667,-0.533333,-2588257,0,,,,,,,,4,"Ancaster, Lincolnshire, United Kingdom",UK,UKH7,40120,52.9667,-0.533333,-2588257,20260914063000,https://www.investegate.co.uk/announcement/rns/arkle-resources-cdi---ark/extensive-uranium-system-defined-at-ulg-target/9769143
1322912894,20260914,202609,2026,2026.6959,BUS,PRODUCER,,,,,,BUS,,,,,,,,,,,,,0,010,010,01,1,0.0,3,1,3,-1.36842105263158,3,"Miami, Florida, United States",US,USFL,FL086,25.7743,-80.1937,295004,0,,,,,,,,2,"Florida, United States",US,USFL,,27.8333,-81.717,FL,20260914063000,http://www.greenevillesun.com/business/ap_business/for-the-us-news-industry-a-tough-summer-draws-to-a-close-with-mcclatchy-chains/article_cd6828fe-ece6-5b64-8065-66cbf3cbc965.html
1322912895,20260914,202609,2026,2026.6959,BUS,COMPANIES,,,,,,BUS,,,,,,,,,,,,,0,010,010,01,1,0.0,5,1,5,1.43565202529482,1,Canada,CA,CA,,60,-96,CA,0,,,,,,,,1,Canada,CA,CA,,60,-96,CA,20260914063000,https://www.investegate.co.uk/announcement/rns/keras-resources--krs/proposed-investment-disposal-and-fundraise/9769140
1322912896,20260914,202609,2026,2026.6959,BUS,PRODUCER,,,,,,BUS,,,,,,,,,,,,,0,010,010,01,1,0.0,1,1,1,-1.36842105263158,1,Spain,SP,SP,,40,-4,SP,0,,,,,,,,3,"Miami, Florida, United States",US,USFL,FL086,25.7743,-80.1937,295004,20260914063000,http://www.greenevillesun.com/business/ap_business/for-the-us-news-industry-a-tough-summer-draws-to-a-close-with-mcclatchy-chains/article_cd6828fe-ece6-5b64-8065-66cbf3cbc965.html
1322912897,20260914,202609,2026,2026.6959,BUS,PRODUCER,,,,,,BUS,,,,,,,,,,,,,0,010,010,01,1,0.0,1,1,1,-1.36842105263158,1,Spain,SP,SP,,40,-4,SP,0,,,,,,,,2,"Florida, United States",US,USFL,,27.8333,-81.717,FL,20260914063000,http://www.greenevillesun.com/business/ap_business/for-the-us-news-industry-a-tough-summer-draws-to-a-close-with-mcclatchy-chains/article_cd6828fe-ece6-5b64-8065-66cbf3cbc965.html
1322912898,20260914,202609,2026,2026.6959,BUS,COMPANY,,,,,,BUS,,,,,,,,,,,,,0,012,012,01,1,-0.4,3,1,3,1.43565202529482,4,"Nayega, Togo (general), Togo",TO,TO00,65281,10.7667,0.433333,-1498397,0,,,,,,,,4,"Nayega, Togo (general), Togo",TO,TO00,65281,10.7667,0.433333,-1498397,20260914063000,https://www.investegate.co.uk/announcement/rns/keras-resources--krs/proposed-investment-disposal-and-fundraise/9769140
1322912899,20260914,202609,2026,2026.6959,BUS,COMPANY,,,,,,BUS,,,,,,,,,,,,,0,012,012,01,1,-0.4,10,1,10,3.79061371841155,4,"London, London, City of, United Kingdom",UK,UKH9,40110,51.5,-0.116667,-2601889,0,,,,,,,,4,"London, London, City of, United Kingdom",UK,UKH9,40110,51.5,-0.116667,-2601889,20260914063000,https://www.investegate.co.uk/announcement/rns/cqs-natural-resources-growth-and-income--cyn/change-of-aifm-and-investment-manager/9769141
1322912900,20260914,202609,2026,2026.6959,BUS,COMPANY,,,,,,BUS,,,,,,,,,,,,,0,012,012,01,1,-0.4,2,1,2,1.43565202529482,2,"Utah, United States",US,USUT,,40.1135,-111.854,UT,0,,,,,,,,2,"Utah, United States",US,USUT,,40.1135,-111.854,UT,20260914063000,https://www.investegate.co.uk/announcement/rns/keras-resources--krs/proposed-investment-disposal-and-fundraise/9769140
1322912901,20260914,202609,2026,2026.6959,BUS,COMPANY,,,,,,BUS,,,,,,,,,,,,,0,015,015,01,1,0.0,10,1,10,3.83480825958702,2,"Nevada, United States",US,USNV,,38.4199,-117.122,NV,0,,,,,,,,2,"Nevada, United States",US,USNV,,38.4199,-117.122,NV,20260914063000,https://www.investegate.co.uk/announcement/rns/ethtry-plc--ethy/binding-agreements-signed-to-acquire-dunbar-energy/9769128
1322912902,20260914,202609,2026,2026.6959,BUS,COMPANY,,,,,,BUS,,,,,,,,,,,,,0,018,018,01,1,3.4,3,1,3,1.43565202529482,4,"Nayega, Togo (general), Togo",TO,TO00,65281,10.7667,0.433333,-1498397,0,,,,,,,,4,"Nayega, Togo (general), Togo",TO,TO00,65281,10.7667,0.433333,-1498397,20260914063000,https://www.investegate.co.uk/announcement/rns/keras-resources--krs/proposed-investment-disposal-and-fundraise/9769140
1322912903,20260914,202609,2026,2026.6959,BUS,COMPANY,,,,,,BUS,,,,,,,,,,,,,0,018,018,01,1,3.4,2,1,2,1.43565202529482,2,"Utah, United States",US,USUT,,40.1135,-111.854,UT,0,,,,,,,,2,"Utah, United States",US,USUT,,40.1135,-111.854,UT,20260914063000,https://www.investegate.co.uk/announcement/rns/keras-resources--krs/proposed-investment-disposal-and-fundraise/9769140
1322912904,20260914,202609,2026,2026.6959,BUS,COMPANY,,,,,,BUS,,,,,,,,,,,,,0,020,020,02,1,3.0,8,1,8,1.43565202529482,4,"Kaoko, Kunene, Namibia",WA,WA32,22290,-19.4333,15.15,-2582766,0,,,,,,,,4,"Kaoko, Kunene, Namibia",WA,WA32,22290,-19.4333,15.15,-2582766,20260914063000,https://www.investegate.co.uk/announcement/rns/keras-resources--krs/proposed-investment-disposal-and-fundraise/9769140
1322912905,20260914,202609,2026,2026.6959,BUS,COMPANY,,,,,,BUS,,,,,,,,,,,,,0,020,020,02,1,3.0,14,1,8,1.43565202529482,4,"London, London, City of, United Kingdom",UK,UKH9,40110,51.5,-0.116667,-2601889,0,,,,,,,,4,"London, London, City of, United Kingdom",UK,UKH9,40110,51.5,-0.116667,-2601889,20260914063000,https://www.investegate.co.uk/announcement/rns/keras-resources--krs/proposed-investment-disposal-and-fundraise/9769140
1322912906,20260914,202609,2026,2026.6959,BUS,COMPANY,,,,,,BUS,,,,,,,,,,,,,0,020,020,02,1,3.0,2,1,2,1.43565202529482,1,Canada,CA,CA,,60,-96,CA,0,,,,,,,,1,Canada,CA,CA,,60,-96,CA,20260914063000,https://www.investegate.co.uk/announcement/rns/keras-resources--krs/proposed-investment-disposal-and-fundraise/9769140
1322912907,20260914,202609,2026,2026.6959,BUS,COMPANY,,,,,,BUS,,,,,,,,,,,,,1,020,020,02,1,3.0,5,1,5,2.78745644599303,1,Kenya,KE,KE,,1,38,KE,0,,,,,,,,1,Kenya,KE,KE,,1,38,KE,20260914063000,https://www.investegate.co.uk/announcement/rns/insig-ai--insg/equity-allocation-in-kibiva-energy-spv/9769146
1322912908,20260914,202609,2026,2026.6959,BUS,COMPANY,,,,,,BUS,,,,,,,,,,,,,0,020,020,02,1,3.0,6,1,4,1.43565202529482,2,"Utah, United States",US,USUT,,40.1135,-111.854,UT,0,,,,,,,,2,"Utah, United States",US,USUT,,40.1135,-111.854,UT,20260914063000,https://www.investegate.co.uk/announcement/rns/keras-resources--krs/proposed-investment-disposal-and-fundraise/9769140
1322912909,20260914,202609,2026,2026.6959,BUS,COMPANY,,,,,,BUS,,,,,,,,,,,,,1,040,040,04,1,1.0,10,1,10,0.78843626806833,4,"Tirane, Tirane, Albania",AL,AL50,4124,41.3275,19.8189,-108649,0,,,,,,,,4,"Tirane, Tirane, Albania",AL,AL50,4124,41.3275,19.8189,-108649,20260914063000,https://www.investegate.co.uk/announcement/rns/eco-buildings-group-plc--ecob/first-apartment-block-completion-expected-q4-2026/9769130
1322912910,20260914,202609,2026,2026.6959,BUS,COMPANY,,,,,,BUS,,,,,,,,,,,,,0,040,040,04,1,1.0,1,1,1,-0.966891297978318,4,"Swakop, Namibia (general), Namibia",WA,WA00,22258,-22.6833,14.5167,-1288608,0,,,,,,,,4,"Swakop, Namibia (general), Namibia",WA,WA00,22258,-22.6833,14.5167,-1288608,20260914063000,https://www.investegate.co.uk/announcement/rns/arkle-resources-cdi---ark/extensive-uranium-system-defined-at-ulg-target/9769143
1322912911,20260914,202609,2026,2026.6959,BUS,COMPANY,,,,,,BUS,,,,,,,,,,,,,0,040,040,04,1,1.0,8,1,8,-0.966891297978318,4,"Ancaster, Lincolnshire, United Kingdom",UK,UKH7,40120,52.9667,-0.533333,-2588257,0,,,,,,,,4,"Ancaster, Lincolnshire, United Kingdom",UK,UKH7,40120,52.9667,-0.533333,-2588257,20260914063000,https://www.investegate.co.uk/announcement/rns/arkle-resources-cdi---ark/extensive-uranium-system-defined-at-ulg-target/9769143
1322912912,20260914,202609,2026,2026.6959,BUS,COMPANY,,,,,,BUS,,,,,,,,,,,,,0,040,040,04,1,1.0,1,1,1,-0.966891297978318,5,"Erongo, Erongo, Namibia",WA,WA29,22255,-22.0833,15.3333,311103,0,,,,,,,,5,"Erongo, Erongo, Namibia",WA,WA29,22255,-22.0833,15.3333,311103,20260914063000,https://www.investegate.co.uk/announcement/rns/arkle-resources-cdi---ark/extensive-uranium-system-defined-at-ulg-target/9769143
1322912913,20260914,202609,2026,2026.6959,BUS,COMPANY,,,,,,BUS,,,,,,,,,,,,,0,045,045,04,1,5.0,10,1,10,1.77165354330708,0,,,,,,,,0,,,,,,,,0,,,,,,,,20260914063000,https://www.investegate.co.uk/announcement/rns/rtw-venture-fund-limited-npv-gbp---rtwg/transaction-in-own-shares/9769323
1322912914,20260914,202609,2026,2026.6959,BUS,BOSS,,,,,,BUS,,,,,,,,,,,,,1,051,051,05,1,3.4,10,1,10,3.11986863711001,4,"Arewa, Oyo, Nigeria",NI,NI32,191213,7.53333,3.80472,387630,0,,,,,,,,4,"Arewa, Oyo, Nigeria",NI,NI32,191213,7.53333,3.80472,387630,20260914063000,https://www.thetidenewsonline.com/2026/09/ncdmb-snepco-graduate-seven-young-nigerians-on-dd-mwd-ewl-issues-18-intl-certifications/
1322912915,20260914,202609,2026,2026.6959,BUS,COMPANY,,,,,,BUS,,,,,,,,,,,,,1,070,070,07,2,7.0,1,1,1,3.76712328767123,4,"Yumi, Eastern Highlands, Papua New Guinea",PP,PP09,18585,-6.33333,145.467,-2204305,0,,,,,,,,4,"Yumi, Eastern Highlands, Papua New Guinea",PP,PP09,18585,-6.33333,145.467,-2204305,20260914063000,https://emtv.com.pg/yumi-ai-backs-icare4u-ministry-with-k2000-donation/
1322912916,20260914,202609,2026,2026.6959,BUS,COMPANY,,,,,,BUS,,,,,,,,,,,,,1,084,084,08,2,7.0,10,1,10,1.5228426395939,1,United Kingdom,UK,UK,,54,-4,UK,0,,,,,,,,1,United Kingdom,UK,UK,,54,-4,UK,20260914063000,https://www.investegate.co.uk/announcement/rns/talisman-metals-plc--tlm/tirzzit-drill-campaign-update-/9769152
1322912917,20260914,202609,2026,2026.6959,BUS,COMPANY,,,,,,BUS,,,,,,,,,,,,,0,084,084,08,2,7.0,20,1,10,3.31491712707182,1,Zambia,ZA,ZA,,-15,30,ZA,0,,,,,,,,1,Zambia,ZA,ZA,,-15,30,ZA,20260914063000,https://www.investegate.co.uk/announcement/rns/jubilee-metals-group--jlp/fy2026-production-and-operational-update-/9769108
1322912918,20260914,202609,2026,2026.6959,BUS,EMPLOYER,,,,,,BUS,,,,,,,,,,,,,0,090,090,09,2,-2.0,5,1,5,-4.05405405405406,2,"Florida, United States",US,USFL,,27.8333,-81.717,FL,0,,,,,,,,2,"Florida, United States",US,USFL,,27.8333,-81.717,FL,20260914063000,https://www.hindustantimes.com/trending/23-employees-quit-after-billionaire-boss-puts-cameras-on-their-wfh-laptops-101789364607974.html
1322912919,20260914,202609,2026,2026.6959,BUS,BUSINESS,,,,,,BUS,,,,,,,,,,,,,0,111,111,11,3,-2.0,5,1,5,1.09241216415707,4,"London, London, City of, United Kingdom",UK,UKH9,40110,51.5,-0.116667,-2601889,0,,,,,,,,4,"London, London, City of, United Kingdom",UK,UKH9,40110,51.5,-0.116667,-2601889,20260914063000,https://www.investegate.co.uk/announcement/rns/power-probe-plc--pwr/2026-interim-results/9769102
1322912920,20260914,202609,2026,2026.6959,BUS,COMPANY,,,,,,BUS,,,,,,,,,,,,,1,154,154,15,4,-7.2,10,1,10,2.69978401727862,4,"Edinburgh, Edinburgh, City of, United Kingdom",UK,UKU8,40173,55.95,-3.2,-2595386,0,,,,,,,,4,"Edinburgh, Edinburgh, City of, United Kingdom",UK,UKU8,40173,55.95,-3.2,-2595386,20260914063000,https://www.heraldscotland.com/opinion/26544302.standard-life-aberdeen-fascinating-new-edinburgh-finance-chapters/
1322912921,20260914,202609,2026,2026.6959,BUS,COMPANY,,,,,,BUS,,,,,,,,,,,,,1,172,172,17,4,-5.0,10,1,10,-1.77514792899408,4,"London, London, City of, United Kingdom",UK,UKH9,40110,51.5,-0.116667,-2601889,0,,,,,,,,4,"London, London, City of, United Kingdom",UK,UKH9,40110,51.5,-0.116667,-2601889,20260914063000,https://www.investegate.co.uk/announcement/rns/fevertree-drinks--fevr/director-pdmr-shareholding/9769110
1322912922,20260914,202609,2026,2026.6959,BUS,INDUSTRY,,,,,,BUS,,,AUS,AUSTRALIA,AUS,,,,,,,,0,010,010,01,1,0.0,2,1,2,-3.13152400835073,4,"Brisbane, Queensland, Australia",AS,AS04,154654,-27.5,153.017,-1561728,4,"Brisbane, Queensland, Australia",AS,AS04,154654,-27.5,153.017,-1561728,4,"Brisbane, Queensland, Australia",AS,AS04,154654,-27.5,153.017,-1561728,20260914063000,https://www.brokernews.com.au/news/breaking-news/is-mortgage-fraud-still-a-threat-in-australias-lending-landscape-289967.aspx
1322912923,20260914,202609,2026,2026.6959,BUS,INDUSTRY,,,,,,BUS,,,AUS,AUSTRALIA,AUS,,,,,,,,0,010,010,01,1,0.0,6,3,6,-2.91859716221995,4,"Canberra, Australian Capital Territory, Australia",AS,AS01,4940,-35.2833,149.217,-1563952,4,"Canberra, Australian Capital Territory, Australia",AS,AS01,4940,-35.2833,149.217,-1563952,4,"Canberra, Australian Capital Territory, Australia",AS,AS01,4940,-35.2833,149.217,-1563952,20260914063000,https://www.northweststar.com.au/story/9350047/ai-dangers-downplayed-after-doomsday-warnings-bloom/
1322912924,20260914,202609,2026,2026.6959,BUS,BUSINESS,,,,,,BUS,,,AUS,AUSTRALIA,AUS,,,,,,,,1,042,042,04,1,1.9,8,1,8,1.55038759689922,4,"Warrnambool, Victoria, Australia",AS,AS07,5423,-38.3818,142.488,-1608145,4,"Warrnambool, Victoria, Australia",AS,AS07,5423,-38.3818,142.488,-1608145,4,"Warrnambool, Victoria, Australia",AS,AS07,5423,-38.3818,142.488,-1608145,20260914063000,https://www.standard.net.au/story/9349527/warrnambool-restaurant-dream-becomes-reality-for-tar-malarath/
1322912925,20260914,202609,2026,2026.6959,BUS,BUSINESS,,,,,,BUS,,,AUS,AUSTRALIA,AUS,,,,,,,,1,042,042,04,1,1.9,2,1,2,1.55038759689922,4,"Chiang Rai, Chiang Rai, Thailand",TH,TH03,26523,19.9086,99.8325,-3247118,4,"Warrnambool, Victoria, Australia",AS,AS07,5423,-38.3818,142.488,-1608145,4,"Warrnambool, Victoria, Australia",AS,AS07,5423,-38.3818,142.488,-1608145,20260914063000,https://www.standard.net.au/story/9349527/warrnambool-restaurant-dream-becomes-reality-for-tar-malarath/
1322912926,20260914,202609,2026,2026.6959,BUS,INDUSTRY,,,,,,BUS,,,AUSGOV,AUSTRALIA,AUS,,,,,GOV,,,0,010,010,01,1,0.0,3,3,3,-2.91859716221995,4,"Canberra, Australian Capital Territory, Australia",AS,AS01,4940,-35.2833,149.217,-1563952,4,"Canberra, Australian Capital Territory, Australia",AS,AS01,4940,-35.2833,149.217,-1563952,4,"Canberra, Australian Capital Territory, Australia",AS,AS01,4940,-35.2833,149.217,-1563952,20260914063000,https://www.northweststar.com.au/story/9350047/ai-dangers-downplayed-after-doomsday-warnings-bloom/
1322912927,20260914,202609,2026,2026.6959,BUS,COMPANY,,,,,,BUS,,,AUT,AUSTRIA,AUT,,,,,,,,1,030,030,03,1,4.0,8,1,8,3.82941688424717,5,"Upper Austria, Oberörreich, Austria",AU,AU04,5635,48.25,14,-1986906,5,"Upper Austria, Oberörreich, Austria",AU,AU04,5635,48.25,14,-1986906,5,"Upper Austria, Oberörreich, Austria",AU,AU04,5635,48.25,14,-1986906,20260914063000,https://www.investegate.co.uk/announcement/rns/empyrean-energy--eme/acquisition-of-interest-in-gold-cluster/9769107
1322912928,20260914,202609,2026,2026.6959,BUS,BUSINESS,,,,,,BUS,,,EDU,STUDENT,,,,,,EDU,,,0,051,051,05,1,3.4,1,1,1,5.27426160337553,3,"San Francisco, California, United States",US,USCA,CA075,37.7749,-122.419,277593,3,"San Francisco, California, United States",US,USCA,,37.7749,-122.419,277593,3,"San Francisco, California, United States",US,USCA,,37.7749,-122.419,277593,20260914063000,http://www.greenevillesun.com/business/local_business_news/a-full-circle-of-entrepreneurship-support-through-etsu/article_0f778fc0-d0c3-4869-afec-2f7ac7cbdb2c.html
1322912929,20260914,202609,2026,2026.6959,BUS,BUSINESS,,,,,,BUS,,,ELI,RETIRED,,,,,,ELI,,,1,043,043,04,1,2.8,5,1,5,-5.97402597402597,0,,,,,,,,0,,,,,,,,0,,,,,,,,20260914063000,https://www.hindustantimes.com/india-news/op-safed-sagar-veteran-assaulted-over-parking-dispute-in-gurugram-fir-filed-101789364400418.html
1322912930,20260914,202609,2026,2026.6959,BUS,INDUSTRY,,,,,,BUS,,,GOV,PRESIDENT,,,,,,GOV,,,0,010,010,01,1,0.0,9,3,9,-2.91859716221995,4,"Canberra, Australian Capital Territory, Australia",AS,AS01,4940,-35.2833,149.217,-1563952,4,"Canberra, Australian Capital Territory, Australia",AS,AS01,4940,-35.2833,149.217,-1563952,4,"Canberra, Australian Capital Territory, Australia",AS,AS01,4940,-35.2833,149.217,-1563952,20260914063000,https://www.northweststar.com.au/story/9350047/ai-dangers-downplayed-after-doomsday-warnings-bloom/
1322912931,20260914,202609,2026,2026.6959,BUS,COMPANY,,,,,,BUS,,,GOV,MINISTRY,,,,,,GOV,,,1,070,070,07,2,7.0,1,1,1,3.76712328767123,4,"Yumi, Eastern Highlands, Papua New Guinea",PP,PP09,18585,-6.33333,145.467,-2204305,4,"Yumi, Eastern Highlands, Papua New Guinea",PP,PP09,18585,-6.33333,145.467,-2204305,4,"Yumi, Eastern Highlands, Papua New Guinea",PP,PP09,18585,-6.33333,145.467,-2204305,20260914063000,https://emtv.com.pg/yumi-ai-backs-icare4u-ministry-with-k2000-donation/
1322912932,20260914,202609,2026,2026.6959,BUS,AIRLINE,,,,,,BUS,,,HLH,HOSPITAL,,,,,,HLH,,,0,042,042,04,1,1.9,2,1,2,-1.17302052785923,4,"Mumbai, Maharashtra, India",IN,IN16,70184,18.975,72.8258,-2092174,4,"Mumbai, Maharashtra, India",IN,IN16,70184,18.975,72.8258,-2092174,4,"Mumbai, Maharashtra, India",IN,IN16,70184,18.975,72.8258,-2092174,20260914063000,https://bilkulonline.com/2026/09/14/air-india-mumbai-dehradun-flight-diverted-to-lucknow-due-to-bad-weather/
1322912933,20260914,202609,2026,2026.6959,BUS,AIRLINE,,,,,,BUS,,,HLH,HOSPITAL,,,,,,HLH,,,0,042,042,04,1,1.9,4,1,4,-1.17302052785923,4,"Mumbai, Maharashtra, India",IN,IN16,70184,18.975,72.8258,-2092174,4,"Mumbai, Maharashtra, India",IN,IN16,70184,18.975,72.8258,-2092174,4,"Delhi, Delhi, India",IN,IN07,17911,28.6667,77.2167,-2094230,20260914063000,https://bilkulonline.com/2026/09/14/air-india-mumbai-dehradun-flight-diverted-to-lucknow-due-to-bad-weather/
1322912934,20260914,202609,2026,2026.6959,BUS,AIRLINE,,,,,,BUS,,,HLH,HOSPITAL,,,,,,HLH,,,0,042,042,04,1,1.9,4,1,4,-1.17302052785923,4,"Mumbai, Maharashtra, India",IN,IN16,70184,18.975,72.8258,-2092174,4,"Delhi, Delhi, India",IN,IN07,17911,28.6667,77.2167,-2094230,4,"Delhi, Delhi, India",IN,IN07,17911,28.6667,77.2167,-2094230,20260914063000,https://bilkulonline.com/2026/09/14/air-india-mumbai-dehradun-flight-diverted-to-lucknow-due-to-bad-weather/
1322912935,20260914,202609,2026,2026.6959,BUS,BUSINESS,,,,,,BUS,,,NGOCHR,YMCA,,,,CHR,,NGO,,,1,051,051,05,1,3.4,10,1,10,2.36220472440945,0,,,,,,,,0,,,,,,,,0,,,,,,,,20260914063000,https://wcti12.com/news/local/new-river-ymca-construction-continues-with-wellness-wing-progress
1322912936,20260914,202609,2026,2026.6959,BUS,COMPANY,,,,,,BUS,,,PNG,PAPUA NEW GUINEA,PNG,,,,,,,,1,070,070,07,2,7.0,2,1,2,3.76712328767123,4,"Yumi, Eastern Highlands, Papua New Guinea",PP,PP09,18585,-6.33333,145.467,-2204305,4,"Yumi, Eastern Highlands, Papua New Guinea",PP,PP09,18585,-6.33333,145.467,-2204305,4,"Yumi, Eastern Highlands, Papua New Guinea",PP,PP09,18585,-6.33333,145.467,-2204305,20260914063000,https://emtv.com.pg/yumi-ai-backs-icare4u-ministry-with-k2000-donation/
1322912937,20260914,202609,2026,2026.6959,BUS,BUSINESS,,,,,,BUS,,,THA,THAILAND,THA,,,,,,,,1,042,042,04,1,1.9,10,1,10,1.55038759689922,4,"Warrnambool, Victoria, Australia",AS,AS07,5423,-38.3818,142.488,-1608145,4,"Warrnambool, Victoria, Australia",AS,AS07,5423,-38.3818,142.488,-1608145,4,"Warrnambool, Victoria, Australia",AS,AS07,5423,-38.3818,142.488,-1608145,20260914063000,https://www.standard.net.au/story/9349527/warrnambool-restaurant-dream-becomes-reality-for-tar-malarath/
1322912938,20260914,202609,2026,2026.6959,BUS,COMPANY,,,,,,BUS,,,USA,UNITED STATES,USA,,,,,,,,1,030,030,03,1,4.0,2,1,2,3.82941688424717,5,"Upper Austria, Oberörreich, Austria",AU,AU04,5635,48.25,14,-1986906,5,"Upper Austria, Oberörreich, Austria",AU,AU04,5635,48.25,14,-1986906,5,"Upper Austria, Oberörreich, Austria",AU,AU04,5635,48.25,14,-1986906,20260914063000,https://www.investegate.co.uk/announcement/rns/empyrean-energy--eme/acquisition-of-interest-in-gold-cluster/9769107
1322912939,20260914,202609,2026,2026.6959,BUS,COMPANIES,,,,,,BUS,,,USA,UNITED STATES,USA,,,,,,,,0,030,030,03,1,4.0,2,1,2,-0.79113924050633,3,"White House, District of Columbia, United States",US,USDC,,38.8951,-77.0364,531871,3,"White House, District of Columbia, United States",US,USDC,,38.8951,-77.0364,531871,3,"White House, District of Columbia, United States",US,USDC,,38.8951,-77.0364,531871,20260914063000,https://www.yahoo.com/news/politics/articles/trump-still-very-much-operating-055449254.html
1322912940,20260914,202609,2026,2026.6959,BUS,COMPANY,,,,,,BUS,,,USA,UNITED STATES,USA,,,,,,,,0,030,030,03,1,4.0,2,1,2,1.43565202529482,2,"Utah, United States",US,USUT,,40.1135,-111.854,UT,2,"Utah, United States",US,USUT,,40.1135,-111.854,UT,2,"Utah, United States",US,USUT,,40.1135,-111.854,UT,20260914063000,https://www.investegate.co.uk/announcement/rns/keras-resources--krs/proposed-investment-disposal-and-fundraise/9769140
1322912941,20260914,202609,2026,2026.6959,BUS,COMPANIES,,,,,,BUS,,,USAGOV,THE WHITE HOUSE,USA,,,,,GOV,,,0,030,030,03,1,4.0,1,1,1,-0.79113924050633,3,"White House, District of Columbia, United States",US,USDC,,38.8951,-77.0364,531871,3,"White House, District of Columbia, United States",US,USDC,,38.8951,-77.0364,531871,3,"White House, District of Columbia, United States",US,USDC,,38.8951,-77.0364,531871,20260914063000,https://www.yahoo.com/news/politics/articles/trump-still-very-much-operating-055449254.html
1322912942,20260914,202609,2026,2026.6959,BUS,COMPANY,,,,,,BUS,,,ZWE,ZIMBABWE,ZWE,,,,,,,,1,020,020,02,1,3.0,8,1,8,2.94985250737463,4,"Dokwe, Mashonaland Central, Zimbabwe",ZI,ZI03,21935,-16.5433,31.9617,-2314214,4,"Dokwe, Mashonaland Central, Zimbabwe",ZI,ZI03,21935,-16.5433,31.9617,-2314214,4,"Dokwe, Mashonaland Central, Zimbabwe",ZI,ZI03,21935,-16.5433,31.9617,-2314214,20260914063000,https://www.investegate.co.uk/announcement/rns/ariana-resources--aau/-appointment-of-executive-chairman/9769151
1322912943,20260914,202609,2026,2026.6959,CAN,EDMONTON,CAN,,,,,,,,CANCOP,ALBERTA,CAN,,,,,COP,,,1,193,193,19,4,-10.0,10,1,10,-7.69230769230769,4,"Winnipeg, Manitoba, Canada",CA,CA03,12577,49.8833,-97.1667,-576096,4,"Winnipeg, Manitoba, Canada",CA,CA03,12577,49.8833,-97.1667,-576096,4,"Winnipeg, Manitoba, Canada",CA,CA03,12577,49.8833,-97.1667,-576096,20260914063000,https://www.winnipegfreepress.com/uncategorized/2026/09/14/watchdog-called-in-to-probe-fatal-shooting-of-man-by-edmonton-officers
1322912944,20260914,202609,2026,2026.6959,CAN,EDMONTON,CAN,,,,,,,,CANCOP,ALBERTA,CAN,,,,,COP,,,1,193,193,19,4,-10.0,20,1,10,-3.1578947368421,1,Canada,CA,CA,,60,-96,CA,1,Canada,CA,CA,,60,-96,CA,1,Canada,CA,CA,,60,-96,CA,20260914063000,https://www.brandonsun.com/national/2026/09/14/watchdog-called-in-to-probe-fatal-shooting-of-man-by-edmonton-officers
1322912945,20260914,202609,2026,2026.6959,CAN,CANADA,CAN,,,,,,,,MIL,ARMY,,,,,,MIL,,,1,043,043,04,1,2.8,2,1,2,2.29885057471264,1,Canada,CA,CA,,60,-96,CA,3,"Carteret County, North Carolina, United States",US,USNC,,34.8002,-76.6997,1026337,1,Canada,CA,CA,,60,-96,CA,20260914063000,https://wcti12.com/news/local/salvation-army-helps-stranded-boater-return-to-canada
1322912946,20260914,202609,2026,2026.6959,CAN,CANADA,CAN,,,,,,,,MIL,ARMY,,,,,,MIL,,,1,043,043,04,1,2.8,10,1,10,2.29885057471264,1,Canada,CA,CA,,60,-96,CA,1,Canada,CA,CA,,60,-96,CA,1,Canada,CA,CA,,60,-96,CA,20260914063000,https://wcti12.com/news/local/salvation-army-helps-stranded-boater-return-to-canada
1322912947,20260914,202609,2026,2026.6959,CAN,CANADA,CAN,,,,,,,,USA,UNITED STATES,USA,,,,,,,,0,043,043,04,1,2.8,1,1,1,2.48618784530387,4,"Toronto, Ontario, Canada",CA,CA08,12686,43.6667,-79.4167,-574890,4,"Toronto, Ontario, Canada",CA,CA08,12686,43.6667,-79.4167,-574890,4,"Toronto, Ontario, Canada",CA,CA08,12686,43.6667,-79.4167,-574890,20260914063000,https://www.brandonsun.com/national/2026/09/13/prime-minister-mark-carney-says-canada-wants-unique-alliance-with-eu-not-membership
1322912948,20260914,202609,2026,2026.6959,CAN,CANADA,CAN,,,,,,,,USA,UNITED STATES,USA,,,,,,,,1,043,043,04,1,2.8,6,1,6,2.29885057471264,1,Canada,CA,CA,,60,-96,CA,3,"Carteret County, North Carolina, United States",US,USNC,,34.8002,-76.6997,1026337,1,Canada,CA,CA,,60,-96,CA,20260914063000,https://wcti12.com/news/local/salvation-army-helps-stranded-boater-return-to-canada
1322912949,20260914,202609,2026,2026.6959,CAN,CANADA,CAN,,,,,,,,USA,UNITED STATES,USA,,,,,,,,1,043,043,04,1,2.8,2,1,2,2.29885057471264,1,Canada,CA,CA,,60,-96,CA,1,Canada,CA,CA,,60,-96,CA,1,Canada,CA,CA,,60,-96,CA,20260914063000,https://wcti12.com/news/local/salvation-army-helps-stranded-boater-return-to-canada
1322912950,20260914,202609,2026,2026.6959,CHE,GENEVA,CHE,,,,,,,,GBR,LONDON,GBR,,,,,,,,0,043,043,04,1,2.8,3,1,3,3.79061371841155,4,"Geneva, Genè, Switzerland",SZ,SZ07,16329,46.1956,6.14811,-2552151,4,"London, London, City of, United Kingdom",UK,UKH9,40110,51.5,-0.116667,-2601889,4,"London, London, City of, United Kingdom",UK,UKH9,40110,51.5,-0.116667,-2601889,20260914063000,https://www.investegate.co.uk/announcement/rns/cqs-natural-resources-growth-and-income--cyn/change-of-aifm-and-investment-manager/9769141
1322912951,20260914,202609,2026,2026.6959,CHE,SWITZERLAND,CHE,,,,,,,,USA,NORTH CAROLINA,USA,,,,,,,,1,020,020,02,1,3.0,4,1,4,7.37704918032787,4,"Bern, Bern, Switzerland",SZ,SZ05,26290,46.9167,7.46667,-2551235,4,"Bern, Bern, Switzerland",SZ,SZ05,26290,46.9167,7.46667,-2551235,4,"Bern, Bern, Switzerland",SZ,SZ05,26290,46.9167,7.46667,-2551235,20260914063000,https://wcti12.com/news/local/new-bern-sculpture-honoring-black-artisans-to-be-dedicated-sept-24
1322912952,20260914,202609,2026,2026.6959,CHN,CHINESE,CHN,,,,,,,,,,,,,,,,,,0,010,010,01,1,0.0,1,1,1,-2.09606245756959,4,"Shiyan, Hubei, China",CH,CH12,13121,32.6475,110.778,-1926036,0,,,,,,,,4,"Shiyan, Hubei, China",CH,CH12,13121,32.6475,110.778,-1926036,20260914063000,https://city.udn.com/2976/7291863?raid=7298519
1322912953,20260914,202609,2026,2026.6959,CHN,CHINA,CHN,,,,,,,,,,,,,,,,,,0,0214,021,02,1,3.4,1,1,1,-2.09606245756959,4,"Shiyan, Hubei, China",CH,CH12,13121,32.6475,110.778,-1926036,0,,,,,,,,4,"Shiyan, Hubei, China",CH,CH12,13121,32.6475,110.778,-1926036,20260914063000,https://city.udn.com/2976/7291863?raid=7298519
1322912954,20260914,202609,2026,2026.6959,CHN,CHINA,CHN,,,,,,,,,,,,,,,,,,0,0214,021,02,1,3.4,1,1,1,-2.09606245756959,1,United Kingdom,UK,UK,,54,-4,UK,0,,,,,,,,1,United Kingdom,UK,UK,,54,-4,UK,20260914063000,https://city.udn.com/2976/7291863?raid=7298519
1322912955,20260914,202609,2026,2026.6959,CHN,BEIJING,CHN,,,,,,,,,,,,,,,,,,0,051,051,05,1,3.4,1,1,1,-2.09606245756959,4,"Taipei, T'ai-pei, Taiwan",TW,TW03,13277,25.0478,121.532,-2637882,0,,,,,,,,4,"Taipei, T'ai-pei, Taiwan",TW,TW03,13277,25.0478,121.532,-2637882,20260914063000,https://city.udn.com/2976/7291863?raid=7298519
1322912956,20260914,202609,2026,2026.6959,CHN,CHINA,CHN,,,,,,,,DEU,GERMANY,DEU,,,,,,,,0,061,061,06,2,6.4,2,1,2,2.95728368017525,1,China,CH,CH,,35,105,CH,1,China,CH,CH,,35,105,CH,1,Italy,IT,IT,,42.833333,12.833333,IT,20260914063000,https://en.gmw.cn/2026-09/14/content_38999097.htm
1322912957,20260914,202609,2026,2026.6959,CHN,CHINESE,CHN,,,,,,,,GOV,MINISTRY,,,,,,GOV,,,0,010,010,01,1,0.0,4,1,4,-2.09606245756959,4,"Shiyan, Hubei, China",CH,CH12,13121,32.6475,110.778,-1926036,4,"Shiyan, Hubei, China",CH,CH12,13121,32.6475,110.778,-1926036,4,"Shiyan, Hubei, China",CH,CH12,13121,32.6475,110.778,-1926036,20260914063000,https://city.udn.com/2976/7291863?raid=7298519
1322912958,20260914,202609,2026,2026.6959,CHN,CHINESE,CHN,,,,,,,,GOV,AUTHORITIES,,,,,,GOV,,,1,010,010,01,1,0.0,4,1,4,-2.12014134275619,5,"South Kalimantan, Kalimantan Selatan, Indonesia",ID,ID12,18585,-2.5,115.5,-2680738,5,"South Kalimantan, Kalimantan Selatan, Indonesia",ID,ID12,18585,-2.5,115.5,-2680738,5,"South Kalimantan, Kalimantan Selatan, Indonesia",ID,ID12,18585,-2.5,115.5,-2680738,20260914063000,http://www.bruneinews.net/news/279305070/at-least-6-dead-130-missing-after-indonesia-passenger-vessel-accident
1322912959,20260914,202609,2026,2026.6959,CHN,CHINA,CHN,,,,,,,,GOV,MINISTRY,,,,,,GOV,,,0,010,010,01,1,0.0,1,1,1,-2.09606245756959,1,United Kingdom,UK,UK,,54,-4,UK,1,United Kingdom,UK,UK,,54,-4,UK,1,United Kingdom,UK,UK,,54,-4,UK,20260914063000,https://city.udn.com/2976/7291863?raid=7298519
1322912960,20260914,202609,2026,2026.6959,CHN,CHINA,CHN,,,,,,,,GOV,MINISTRY,,,,,,GOV,,,0,0214,021,02,1,3.4,3,1,3,-2.09606245756959,4,"Shiyan, Hubei, China",CH,CH12,13121,32.6475,110.778,-1926036,4,"Shiyan, Hubei, China",CH,CH12,13121,32.6475,110.778,-1926036,4,"Shiyan, Hubei, China",CH,CH12,13121,32.6475,110.778,-1926036,20260914063000,https://city.udn.com/2976/7291863?raid=7298519
1322912961,20260914,202609,2026,2026.6959,CHN,CHINA,CHN,,,,,,,,GOV,MINISTRY,,,,,,GOV,,,0,0214,021,02,1,3.4,1,1,1,-2.09606245756959,1,United Kingdom,UK,UK,,54,-4,UK,1,United Kingdom,UK,UK,,54,-4,UK,1,United Kingdom,UK,UK,,54,-4,UK,20260914063000,https://city.udn.com/2976/7291863?raid=7298519
1322912962,20260914,202609,2026,2026.6959,CHN,CHINA,CHN,,,,,,,,ITA,ITALY,ITA,,,,,,,,0,061,061,06,2,6.4,2,1,2,2.95728368017525,1,China,CH,CH,,35,105,CH,1,France,FR,FR,,46,2,FR,1,Italy,IT,IT,,42.833333,12.833333,IT,20260914063000,https://en.gmw.cn/2026-09/14/content_38999097.htm
1322912963,20260914,202609,2026,2026.6959,CHN,CHINA,CHN,,,,,,,,LAB,EMPLOYEE,,,,,,LAB,,,0,060,060,06,2,6.0,2,1,2,-1.44796380090497,1,China,CH,CH,,35,105,CH,1,China,CH,CH,,35,105,CH,1,China,CH,CH,,35,105,CH,20260914063000,http://www.greenevillesun.com/business/ap_business/anthropic-ceo-dario-amodei-says-ai-industry-needs-to-give-safety-measures-time-to-catch/article_294c4c1a-deb1-594d-8019-962992c4f2e0.html
1322912964,20260914,202609,2026,2026.6959,CHN,CHINA,CHN,,,,,,,,MIL,AIRCRAFT CARRIER,,,,,,MIL,,,0,100,100,10,3,-5.0,8,1,8,-2.09606245756959,4,"Beijing, Beijing, China",CH,CH22,13001,39.9289,116.388,-1898541,4,"Beijing, Beijing, China",CH,CH22,13001,39.9289,116.388,-1898541,4,"Beijing, Beijing, China",CH,CH22,13001,39.9289,116.388,-1898541,20260914063000,https://city.udn.com/2976/7291863?raid=7298519
1322912965,20260914,202609,2026,2026.6959,CHN,CHINA,CHN,,,,,,,,MIL,AIRCRAFT CARRIER,,,,,,MIL,,,0,100,100,10,3,-5.0,2,1,2,-2.09606245756959,4,"Beijing, Beijing, China",CH,CH22,13001,39.9289,116.388,-1898541,2,"Washington, United States",US,USWA,,47.3917,-121.571,WA,4,"Beijing, Beijing, China",CH,CH22,13001,39.9289,116.388,-1898541,20260914063000,https://city.udn.com/2976/7291863?raid=7298519
1322912966,20260914,202609,2026,2026.6959,CHN,CHINA,CHN,,,,,,,,NZL,NEW ZEALAND,NZL,,,,,,,,0,013,013,01,1,0.4,4,1,4,0.48154093097913,4,"Gyirong, Xizang, China",CH,CH14,13299,29,85.25,-1939926,5,"Auckland, Auckland, New Zealand",NZ,NZE7,22379,-36.75,174.583,11483124,4,"Gyirong, Xizang, China",CH,CH14,13299,29,85.25,-1939926,20260914063000,https://www.nzherald.co.nz/nz/auckland-man-dejan-kuzmic-still-missing-weeks-after-nepal-floods-family-seek-closure/RU3GEMFZ4NCN5FPYMDKREUAA3E/
1322912967,20260914,202609,2026,2026.6959,CHN,BEIJING,CHN,,,,,,,,USA,UNITED STATES,USA,,,,,,,,0,051,051,05,1,3.4,7,1,7,-2.09606245756959,4,"Beijing, Beijing, China",CH,CH22,13001,39.9289,116.388,-1898541,2,"Washington, United States",US,USWA,,47.3917,-121.571,WA,4,"Beijing, Beijing, China",CH,CH22,13001,39.9289,116.388,-1898541,20260914063000,https://city.udn.com/2976/7291863?raid=7298519
1322912968,20260914,202609,2026,2026.6959,CHN,BEIJING,CHN,,,,,,,,USA,UNITED STATES,USA,,,,,,,,0,051,051,05,1,3.4,1,1,1,-2.09606245756959,4,"Taipei, T'ai-pei, Taiwan",TW,TW03,13277,25.0478,121.532,-2637882,4,"South China Sea, Brunei (general), Brunei",BX,BX00,,15,115,-1337919,4,"Taipei, T'ai-pei, Taiwan",TW,TW03,13277,25.0478,121.532,-2637882,20260914063000,https://city.udn.com/2976/7291863?raid=7298519
1322912969,20260914,202609,2026,2026.6959,CHN,CHINA,CHN,,,,,,,,USA,UNITED STATES,USA,,,,,,,,0,061,061,06,2,6.4,2,1,2,2.95728368017525,1,China,CH,CH,,35,105,CH,1,Germany,GM,GM,,51.5,10.5,GM,1,Italy,IT,IT,,42.833333,12.833333,IT,20260914063000,https://en.gmw.cn/2026-09/14/content_38999097.htm
1322912970,20260914,202609,2026,2026.6959,CHN,CHINA,CHN,,,,,,,,USA,UNITED STATES,USA,,,,,,,,0,061,061,06,2,6.4,2,1,2,2.95728368017525,1,China,CH,CH,,35,105,CH,1,Italy,IT,IT,,42.833333,12.833333,IT,1,China,CH,CH,,35,105,CH,20260914063000,https://en.gmw.cn/2026-09/14/content_38999097.htm
1322912971,20260914,202609,2026,2026.6959,CHN,BEIJING,CHN,,,,,,,,VNM,VIETNAM,VNM,,,,,,,,0,190,190,19,4,-10.0,2,1,2,-2.09606245756959,4,"Beijing, Beijing, China",CH,CH22,13001,39.9289,116.388,-1898541,4,"Beijing, Beijing, China",CH,CH22,13001,39.9289,116.388,-1898541,4,"Beijing, Beijing, China",CH,CH22,13001,39.9289,116.388,-1898541,20260914063000,https://city.udn.com/2976/7291863?raid=7298519
1322912972,20260914,202609,2026,2026.6959,CHN,BEIJING,CHN,,,,,,,,VNM,VIETNAM,VNM,,,,,,,,0,190,190,19,4,-10.0,8,1,8,-2.09606245756959,4,"Beijing, Beijing, China",CH,CH22,13001,39.9289,116.388,-1898541,1,"Vietnam, Republic Of",VM,VM,,16.166667,107.833333,VM,4,"Beijing, Beijing, China",CH,CH22,13001,39.9289,116.388,-1898541,20260914063000,https://city.udn.com/2976/7291863?raid=7298519
1322912973,20260914,202609,2026,2026.6959,CHNGOV,CHINESE,CHN,,,,,GOV,,,GOV,AUTHORITIES,,,,,,GOV,,,1,010,010,01,1,0.0,6,1,6,-2.12014134275619,5,"South Kalimantan, Kalimantan Selatan, Indonesia",ID,ID12,18585,-2.5,115.5,-2680738,5,"South Kalimantan, Kalimantan Selatan, Indonesia",ID,ID12,18585,-2.5,115.5,-2680738,5,"South Kalimantan, Kalimantan Selatan, Indonesia",ID,ID12,18585,-2.5,115.5,-2680738,20260914063000,http://www.bruneinews.net/news/279305070/at-least-6-dead-130-missing-after-indonesia-passenger-vessel-accident
1322912974,20260914,202609,2026,2026.6959,CHRCTHEDU,CATHOLIC,,,,CHR,CTH,EDU,,,REL,ARCHBISHOP,,,,,,,,,0,013,013,01,1,0.4,2,1,2,-2.09606245756959,4,"Lviv, L'vivs'ka Oblast', Ukraine",UP,UP15,28555,49.8407,24.0305,-1045268,3,"Ukrainian Catholic Church, California, United States",US,USCA,,32.7489,-117.087,1870461,4,"Lviv, L'vivs'ka Oblast', Ukraine",UP,UP15,28555,49.8407,24.0305,-1045268,20260914063000,https://city.udn.com/2976/7291863?raid=7298519
1322912975,20260914,202609,2026,2026.6959,COP,POLICE,,,,,,COP,,,,,,,,,,,,,0,090,090,09,2,-2.0,1,1,1,-5.07614213197969,4,"Islamabad, Islamabad, Pakistan",PK,PK08,23674,33.7,73.1667,-2762812,0,,,,,,,,4,"Islamabad, Islamabad, Pakistan",PK,PK08,23674,33.7,73.1667,-2762812,20260914063000,https://tribune.com.pk/story/2629184/4-year-old-disappearance-case-reopens-as-murder-investigation
1322912976,20260914,202609,2026,2026.6959,COP,POLICE,,,,,,COP,,,,,,,,,,,,,0,090,090,09,2,-2.0,3,1,3,-5.07614213197969,4,"Tibba, Punjab, Pakistan",PK,PK04,72847,32.7017,74.6353,6084138,0,,,,,,,,4,"Tibba, Punjab, Pakistan",PK,PK04,72847,32.7017,74.6353,6084138,20260914063000,https://tribune.com.pk/story/2629184/4-year-old-disappearance-case-reopens-as-murder-investigation
1322912977,20260914,202609,2026,2026.6959,COP,DETECTIVE,,,,,,COP,,,,,,,,,,,,,0,090,090,09,2,-2.0,10,1,10,-8.25688073394495,2,"Missouri, United States",US,USMO,,38.4623,-92.302,MO,0,,,,,,,,2,"Missouri, United States",US,USMO,,38.4623,-92.302,MO,20260914063000,https://www.tonyskansascity.com/2026/09/kansas-city-northland-homicide-trending.html
1322912978,20260914,202609,2026,2026.6959,COP,POLICE,,,,,,COP,,,,,,,,,,,,,0,1821,182,18,4,-9.0,5,1,5,-5.34629404617254,5,"Renfrewshire, Renfrewshire, United Kingdom",UK,UKW2,40176,55.8333,-4.5,-2606148,0,,,,,,,,5,"Renfrewshire, Renfrewshire, United Kingdom",UK,UKW2,40176,55.8333,-4.5,-2606148,20260914063000,https://www.heraldscotland.com/news/26546111.families-murdered-women-challenge-msps-holyrood/
1322912979,20260914,202609,2026,2026.6959,COP,POLICE,,,,,,COP,,,BGD,BANGLADESH,BGD,,,,,,,,0,173,173,17,4,-5.0,2,1,2,-8.85922330097092,1,Bangladesh,BG,BG,,24,90,BG,1,Bangladesh,BG,BG,,24,90,BG,1,Bangladesh,BG,BG,,24,90,BG,20260914063000,https://www.hindustantimes.com/entertainment/bollywood/saif-ali-khan-says-he-is-100-not-over-the-stabbing-attack-if-i-see-a-knife-it-just-makes-me-react-101789358621507.html
1322912980,20260914,202609,2026,2026.6959,COP,DETECTIVE,,,,,,COP,,,BUS,BUSINESS,,,,,,BUS,,,1,130,130,13,3,-4.4,10,1,10,-4.7808764940239,0,,,,,,,,0,,,,,,,,0,,,,,,,,20260914063000,https://www.standard.net.au/story/9349680/warrnambool-police-seek-stolen-2018-hilux-after-resort-theft/
1322912981,20260914,202609,2026,2026.6959,COP,POLICE,,,,,,COP,,,CVL,CITIZEN,,,,,,CVL,,,1,020,020,02,1,3.0,2,1,2,-7.17488789237666,1,Egypt,EG,EG,,27,30,EG,1,Egypt,EG,EG,,27,30,EG,1,Egypt,EG,EG,,27,30,EG,20260914063000,https://www.hindustantimes.com/cities/lucknow-news/lucknow-traffic-police-launch-qr-code-campaign-to-fix-traffic-calls-on-citizens-to-suggest-fix-101789363402213.html
1322912982,20260914,202609,2026,2026.6959,COP,POLICE,,,,,,COP,,,CVL,COMMUNITY,,,,,,CVL,,,1,060,060,06,2,6.0,10,1,10,-4.4943820224719,0,,,,,,,,0,,,,,,,,0,,,,,,,,20260914063000,https://www.roadsafety.co.za/2022-03/help-chatsworth-police-find-missing-person-4/
1322912983,20260914,202609,2026,2026.6959,COP,POLICE,,,,,,COP,,,CVL,CITIZEN,,,,,,CVL,,,1,100,100,10,3,-5.0,2,1,2,-7.17488789237666,4,"Lucknow, Uttar Pradesh, India",IN,IN36,17941,26.85,80.9167,-2102835,4,"Lucknow, Uttar Pradesh, India",IN,IN36,17941,26.85,80.9167,-2102835,4,"Lucknow, Uttar Pradesh, India",IN,IN36,17941,26.85,80.9167,-2102835,20260914063000,https://www.hindustantimes.com/cities/lucknow-news/lucknow-traffic-police-launch-qr-code-campaign-to-fix-traffic-calls-on-citizens-to-suggest-fix-101789363402213.html
1322912984,20260914,202609,2026,2026.6959,COP,POLICE,,,,,,COP,,,CVL,VILLAGE,,,,,,CVL,,,1,112,112,11,3,-2.0,10,1,10,-10.0852272727273,0,,,,,,,,0,,,,,,,,0,,,,,,,,20260914063000,https://www.hindustantimes.com/india-news/manipur-4-naga-homes-set-afire-in-retaliatory-attack-hours-after-kuki-killings-101789365061070.html
1322912985,20260914,202609,2026,2026.6959,COP,DEPUTY,,,,,,COP,,,MED,NEWS OUTLET,,,,,,MED,,,1,010,010,01,1,0.0,3,1,3,3.97456279809221,1,United States,US,US,,39.828175,-98.5795,US,1,United States,US,US,,39.828175,-98.5795,US,1,United States,US,US,,39.828175,-98.5795,US,20260914063000,https://www.arabnews.com/entertainment/widows-bay-and-the-pitt-tipped-for-success-at-emmy-awards-3001631
1322912986,20260914,202609,2026,2026.6959,COP,POLICE,,,,,,COP,,,MOS,ISLAM,,,,MOS,,,,,0,173,173,17,4,-5.0,8,1,8,-8.85922330097092,1,Bangladesh,BG,BG,,24,90,BG,1,Bangladesh,BG,BG,,24,90,BG,1,Bangladesh,BG,BG,,24,90,BG,20260914063000,https://www.hindustantimes.com/entertainment/bollywood/saif-ali-khan-says-he-is-100-not-over-the-stabbing-attack-if-i-see-a-knife-it-just-makes-me-react-101789358621507.html
1322912987,20260914,202609,2026,2026.6959,COP,POLICE,,,,,,COP,,,PAK,ISLAMABAD,PAK,,,,,,,,0,090,090,09,2,-2.0,9,1,9,-5.07614213197969,4,"Islamabad, Islamabad, Pakistan",PK,PK08,23674,33.7,73.1667,-2762812,4,"Islamabad, Islamabad, Pakistan",PK,PK08,23674,33.7,73.1667,-2762812,4,"Islamabad, Islamabad, Pakistan",PK,PK08,23674,33.7,73.1667,-2762812,20260914063000,https://tribune.com.pk/story/2629184/4-year-old-disappearance-case-reopens-as-murder-investigation
1322912988,20260914,202609,2026,2026.6959,COP,POLICE,,,,,,COP,,,PAK,PAKISTAN,PAK,,,,,,,,0,090,090,09,2,-2.0,5,1,5,-5.07614213197969,4,"Tibba, Punjab, Pakistan",PK,PK04,72847,32.7017,74.6353,6084138,4,"Golra, Punjab, Pakistan",PK,PK04,23652,33.7836,72.4862,-2761209,4,"Tibba, Punjab, Pakistan",PK,PK04,72847,32.7017,74.6353,6084138,20260914063000,https://tribune.com.pk/story/2629184/4-year-old-disappearance-case-reopens-as-murder-investigation
1322912989,20260914,202609,2026,2026.6959,COP,POLICE,,,,,,COP,,,PAK,ISLAMABAD,PAK,,,,,,,,0,090,090,09,2,-2.0,2,1,2,-5.07614213197969,4,"Tibba, Punjab, Pakistan",PK,PK04,72847,32.7017,74.6353,6084138,4,"Islamabad, Islamabad, Pakistan",PK,PK08,23674,33.7,73.1667,-2762812,4,"Tibba, Punjab, Pakistan",PK,PK04,72847,32.7017,74.6353,6084138,20260914063000,https://tribune.com.pk/story/2629184/4-year-old-disappearance-case-reopens-as-murder-investigation
1322912990,20260914,202609,2026,2026.6959,COP,POLICE OFFICER,,,,,,COP,,,USA,FLORIDA,USA,,,,,,,,0,112,112,11,3,-2.0,2,1,2,-3.98373983739838,3,"Orange City, Florida, United States",US,USFL,FL127,28.9489,-81.2987,288188,2,"Florida, United States",US,USFL,,27.8333,-81.717,FL,3,"Washington, District of Columbia, United States",US,USDC,DC001,38.8951,-77.0364,531871,20260914063000,https://www.silive.com/news/2026/09/republican-governors-halt-flock-license-plate-reader-programs-amid-growing-pushback.html
1322912991,20260914,202609,2026,2026.6959,COPCOP,POLICE,,,,,,COP,COP,,MNCJPN,TOYOTA,JPN,,,,,MNC,,,1,023,023,02,1,3.4,10,1,10,-4.7808764940239,0,,,,,,,,0,,,,,,,,0,,,,,,,,20260914063000,https://www.standard.net.au/story/9349680/warrnambool-police-seek-stolen-2018-hilux-after-resort-theft/
1322912992,20260914,202609,2026,2026.6959,CRM,CRIMINAL,,,,,,CRM,,,GOV,CHIEF EXECUTIVE,,,,,,GOV,,,0,020,020,02,1,3.0,5,1,5,-3.61317747077577,1,United States,US,US,,39.828175,-98.5795,US,1,United States,US,US,,39.828175,-98.5795,US,1,United States,US,US,,39.828175,-98.5795,US,20260914063000,http://www.greenevillesun.com/business/ap_business/travel-scams-are-getting-harder-to-spot-heres-how-to-stay-safe/article_4665afaf-93b7-5fa9-8c30-7d1d13c7ccb7.html
1322912993,20260914,202609,2026,2026.6959,CRM,CRIMINAL,,,,,,CRM,,,GOV,CHIEF EXECUTIVE,,,,,,GOV,,,0,160,160,16,4,-4.0,5,1,5,-3.61317747077577,1,United States,US,US,,39.828175,-98.5795,US,1,United States,US,US,,39.828175,-98.5795,US,1,United States,US,US,,39.828175,-98.5795,US,20260914063000,http://www.greenevillesun.com/business/ap_business/travel-scams-are-getting-harder-to-spot-heres-how-to-stay-safe/article_4665afaf-93b7-5fa9-8c30-7d1d13c7ccb7.html
1322912994,20260914,202609,2026,2026.6959,CRMJUD,CRIMINAL,,,,,,CRM,JUD,,,,,,,,,,,,1,010,010,01,1,0.0,5,1,5,-5.48302872062664,0,,,,,,,,0,,,,,,,,0,,,,,,,,20260914063000,http://www.greenevillesun.com/opinion/about-lindsay-clancy-the-case-the-lawyer-and-her-supporters/article_d0519bd8-ecab-4a25-85e5-882c5197b68b.html
1322912995,20260914,202609,2026,2026.6959,CVL,VOTER,,,,,,CVL,,,,,,,,,,,,,1,013,013,01,1,0.4,3,1,3,0.925925925925929,4,"Cotabato City, Cotabato, Philippines",RP,RPB8,67175,7.22361,124.246,-2422630,0,,,,,,,,4,"Cotabato City, Cotabato, Philippines",RP,RPB8,67175,7.22361,124.246,-2422630,20260914063000,https://www.philstar.com/headlines/2026/09/14/2556215/safeguard-ballot-marcos-appeals-voters-barmm-goes-polls
1322912996,20260914,202609,2026,2026.6959,CVL,VOTER,,,,,,CVL,,,,,,,,,,,,,1,013,013,01,1,0.4,3,1,3,0.925925925925929,4,"Tawi-Tawi, Maguindanao, Philippines",RP,RP56,67174,7.1,124.65,-2457054,0,,,,,,,,4,"Tawi-Tawi, Maguindanao, Philippines",RP,RP56,67174,7.1,124.65,-2457054,20260914063000,https://www.philstar.com/headlines/2026/09/14/2556215/safeguard-ballot-marcos-appeals-voters-barmm-goes-polls
1322912997,20260914,202609,2026,2026.6959,CVL,VOTER,,,,,,CVL,,,,,,,,,,,,,1,020,020,02,1,3.0,5,1,5,0.925925925925929,4,"Tawi-Tawi, Maguindanao, Philippines",RP,RP56,67174,7.1,124.65,-2457054,0,,,,,,,,4,"Tawi-Tawi, Maguindanao, Philippines",RP,RP56,67174,7.1,124.65,-2457054,20260914063000,https://www.philstar.com/headlines/2026/09/14/2556215/safeguard-ballot-marcos-appeals-voters-barmm-goes-polls
1322912998,20260914,202609,2026,2026.6959,CVL,ENGINEER,,,,,,CVL,,,,,,,,,,,,,0,020,020,02,1,3.0,1,1,1,-0.72090628218332,3,"Alamogordo, New Mexico, United States",US,USNM,NM035,32.8995,-105.96,903054,0,,,,,,,,3,"Alamogordo, New Mexico, United States",US,USNM,NM035,32.8995,-105.96,903054,20260914063000,https://www.ecoportal.net/uk/trailer-sized-solar-desalination-unit-ran/3087/
1322912999,20260914,202609,2026,2026.6959,CVL,ENGINEER,,,,,,CVL,,,,,,,,,,,,,0,020,020,02,1,3.0,4,1,4,-0.72090628218332,3,"Alamogordo, New Mexico, United States",US,USNM,NM035,32.8995,-105.96,903054,0,,,,,,,,1,India,IN,IN,,20,77,IN,20260914063000,https://www.ecoportal.net/uk/trailer-sized-solar-desalination-unit-ran/3087/
1322913000,20260914,202609,2026,2026.6959,CVL,ENGINEER,,,,,,CVL,,,,,,,,,,,,,0,020,020,02,1,3.0,5,1,5,-0.72090628218332,2,"New Mexico, United States",US,USNM,,34.8375,-106.237,NM,0,,,,,,,,2,"New Mexico, United States",US,USNM,,34.8375,-106.237,NM,20260914063000,https://www.ecoportal.net/uk/trailer-sized-solar-desalination-unit-ran/3087/
1322913001,20260914,202609,2026,2026.6959,CVL,COMMUNITY,,,,,,CVL,,,,,,,,,,,,,0,023,023,02,1,3.4,5,1,5,-0.50377833753149,2,"West Virginia, United States",US,USWV,,38.468,-80.9696,WV,0,,,,,,,,2,"West Virginia, United States",US,USWV,,38.468,-80.9696,WV,20260914063000,https://woay.com/hope-week-leads-up-to-out-of-the-darkness-suicide-prevention-walk/
1322913002,20260914,202609,2026,2026.6959,CVL,CITIZEN,,,,,,CVL,,,,,,,,,,,,,0,025,025,02,1,-0.3,5,1,5,1.64644714038129,0,,,,,,,,0,,,,,,,,0,,,,,,,,20260914063000,https://jamaica-gleaner.com/article/news/20260914/llewellyn-defended-wedding-invitation-ex-inmate-story-redemption
1322913003,20260914,202609,2026,2026.6959,CVL,COMMUNITY,,,,,,CVL,,,,,,,,,,,,,0,051,051,05,1,3.4,2,1,2,3.27455919395466,3,"Owensboro, Kentucky, United States",US,USKY,KY059,37.7742,-87.1133,500082,0,,,,,,,,3,"Owensboro, Kentucky, United States",US,USKY,KY059,37.7742,-87.1133,500082,20260914063000,https://www.messenger-inquirer.com/news/local/looking-up-owensboro-air-show-wraps-up-successful-weekend/article_b680ac73-ab23-58d7-b154-1587b99790ec.html
1322913004,20260914,202609,2026,2026.6959,CVL,SCIENTIST,,,,,,CVL,,,,,,,,,,,,,1,110,110,11,3,-2.0,5,1,5,-1.99335548172758,1,United Kingdom,UK,UK,,54,-4,UK,0,,,,,,,,1,United Kingdom,UK,UK,,54,-4,UK,20260914063000,http://www.bgnes.com/health/lifelong-deafness-could-rewire-a-person-s-peripheral-vision
1322913005,20260914,202609,2026,2026.6959,CVL,CIVILIAN,,,,,,CVL,,,,,,,,,,,,,0,202,202,20,4,-10.0,2,1,2,-2.09606245756959,4,"Lviv, L'vivs'ka Oblast', Ukraine",UP,UP15,28555,49.8407,24.0305,-1045268,0,,,,,,,,4,"Lviv, L'vivs'ka Oblast', Ukraine",UP,UP15,28555,49.8407,24.0305,-1045268,20260914063000,https://city.udn.com/2976/7291863?raid=7298519
1322913006,20260914,202609,2026,2026.6959,CVL,CIVILIAN,,,,,,CVL,,,,,,,,,,,,,0,202,202,20,4,-10.0,2,1,2,-2.09606245756959,4,"Lviv, L'vivs'ka Oblast', Ukraine",UP,UP15,28555,49.8407,24.0305,-1045268,0,,,,,,,,4,"Barrikady, Volgogradskaya Oblast', Russia",RS,RS84,25113,48.7833,44.5833,-2882422,20260914063000,https://city.udn.com/2976/7291863?raid=7298519
1322913007,20260914,202609,2026,2026.6959,CVL,CIVILIAN,,,,,,CVL,,,,,,,,,,,,,0,202,202,20,4,-10.0,6,1,6,-2.09606245756959,4,"Volgograd, Volgogradskaya Oblast', Russia",RS,RS84,25113,48.8047,44.5858,-3034353,0,,,,,,,,4,"Volgograd, Volgogradskaya Oblast', Russia",RS,RS84,25113,48.8047,44.5858,-3034353,20260914063000,https://city.udn.com/2976/7291863?raid=7298519
1322913008,20260914,202609,2026,2026.6959,CVL,VILLAGE,,,,,,CVL,,,COP,POLICE,,,,,,COP,,,1,190,190,19,4,-10.0,10,1,10,-10.0852272727273,0,,,,,,,,0,,,,,,,,0,,,,,,,,20260914063000,https://www.hindustantimes.com/india-news/manipur-4-naga-homes-set-afire-in-retaliatory-attack-hours-after-kuki-killings-101789365061070.html
1322913009,20260914,202609,2026,2026.6959,CVL,VILLAGE,,,,,,CVL,,,IND,NAGALAND,IND,,,,,,,,0,112,112,11,3,-2.0,5,1,5,-10.0852272727273,0,,,,,,,,0,,,,,,,,0,,,,,,,,20260914063000,https://www.hindustantimes.com/india-news/manipur-4-naga-homes-set-afire-in-retaliatory-attack-hours-after-kuki-killings-101789365061070.html
1322913010,20260914,202609,2026,2026.6959,CVL,VILLAGE,,,,,,CVL,,,IND,SRINAGAR,IND,,,,,,,,1,182,182,18,4,-9.5,10,1,10,-12.621359223301,0,,,,,,,,0,,,,,,,,0,,,,,,,,20260914063000,https://kashmirlife.net/three-goats-killed-two-injured-in-leopard-attack-in-rajouri-451626/
1322913011,20260914,202609,2026,2026.6959,CVL,VILLAGE,,,,,,CVL,,,IND,SRINAGAR,IND,,,,,,,,1,190,190,19,4,-10.0,10,1,10,-12.621359223301,0,,,,,,,,0,,,,,,,,0,,,,,,,,20260914063000,https://kashmirlife.net/three-goats-killed-two-injured-in-leopard-attack-in-rajouri-451626/
1322913012,20260914,202609,2026,2026.6959,CVL,COMMUNITY,,,,,,CVL,,,JUD,LAWYER,,,,,,JUD,,,0,100,100,10,3,-5.0,3,1,3,-1.68728908886389,1,Jamaica,JM,JM,,18.25,-77.5,JM,1,Jamaica,JM,JM,,18.25,-77.5,JM,1,Jamaica,JM,JM,,18.25,-77.5,JM,20260914063000,https://jamaica-gleaner.com/article/news/20260914/second-chance
1322913013,20260914,202609,2026,2026.6959,CVL,RESIDENTS,,,,,,CVL,,,LAB,EMPLOYEE,,,,,,LAB,,,1,017,017,01,1,0.0,5,1,5,4.91803278688525,4,"Toronto, Ontario, Canada",CA,CA08,12686,43.6667,-79.4167,-574890,4,"Toronto, Ontario, Canada",CA,CA08,12686,43.6667,-79.4167,-574890,4,"Toronto, Ontario, Canada",CA,CA08,12686,43.6667,-79.4167,-574890,20260914063000,https://www.reviewonline.com/obituaries/2026/09/eleanor-a-ferry/
1322913014,20260914,202609,2026,2026.6959,CVL,COMMUNITY,,,,,,CVL,,,USA,GRAND RAPIDS,USA,,,,,,,,1,036,036,03,1,4.0,10,1,10,3.30882352941176,0,,,,,,,,0,,,,,,,,0,,,,,,,,20260914063000,http://www.grandrapidsmn.com/news/gracf-to-host-free-estate-planning-seminar/article_e64b9417-1008-4eba-a0cb-26acc86256fc.html
1322913015,20260914,202609,2026,2026.6959,CVL,TRAVELER,,,,,,CVL,,,USA,NEW YORK,USA,,,,,,,,1,043,043,04,1,2.8,10,1,10,-3.61317747077577,1,United States,US,US,,39.828175,-98.5795,US,1,United States,US,US,,39.828175,-98.5795,US,1,United States,US,US,,39.828175,-98.5795,US,20260914063000,http://www.greenevillesun.com/business/ap_business/travel-scams-are-getting-harder-to-spot-heres-how-to-stay-safe/article_4665afaf-93b7-5fa9-8c30-7d1d13c7ccb7.html
1322913016,20260914,202609,2026,2026.6959,CVL,VILLAGE,,,,,,CVL,,,nag,NAGA,,,nag,,,,,,0,111,111,11,3,-2.0,5,1,5,-10.0852272727273,0,,,,,,,,0,,,,,,,,0,,,,,,,,20260914063000,https://www.hindustantimes.com/india-news/manipur-4-naga-homes-set-afire-in-retaliatory-attack-hours-after-kuki-killings-101789365061070.html
1322913017,20260914,202609,2026,2026.6959,CVLGOV,VILLAGE,,,,,,CVL,GOV,,IND,NAGALAND,IND,,,,,,,,1,112,112,11,3,-2.0,10,1,10,-11.7460317460318,0,,,,,,,,0,,,,,,,,0,,,,,,,,20260914063000,https://scroll.in/latest/1095687/manipur-four-kuki-civilians-killed-in-suspected-militant-attacks
1322913018,20260914,202609,2026,2026.6959,CVLLEG,CIVIL SOCIETY,,,,,,CVL,LEG,,,,,,,,,,,,1,042,042,04,1,1.9,10,1,10,0.72072072072073,0,,,,,,,,0,,,,,,,,0,,,,,,,,20260914063000,https://kashmirlife.net/ramban-to-bear-88-per-cent-of-submergence-burden-sjac-says-451600/
1322913019,20260914,202609,2026,2026.6959,CYP,CYPRUS,CYP,,,,,,,,GBR,UNITED KINGDOM,GBR,,,,,,,,0,043,043,04,1,2.8,1,1,1,3.79061371841155,4,"Geneva, Genè, Switzerland",SZ,SZ07,16329,46.1956,6.14811,-2552151,4,"London, London, City of, United Kingdom",UK,UKH9,40110,51.5,-0.116667,-2601889,4,"London, London, City of, United Kingdom",UK,UKH9,40110,51.5,-0.116667,-2601889,20260914063000,https://www.investegate.co.uk/announcement/rns/cqs-natural-resources-growth-and-income--cyn/change-of-aifm-and-investment-manager/9769141
1322913020,20260914,202609,2026,2026.6959,CYP,CYPRUS,CYP,,,,,,,,GBR,LONDON,GBR,,,,,,,,0,043,043,04,1,2.8,2,1,2,3.79061371841155,1,Cyprus,CY,CY,,35,33,CY,4,"London, London, City of, United Kingdom",UK,UKH9,40110,51.5,-0.116667,-2601889,4,"London, London, City of, United Kingdom",UK,UKH9,40110,51.5,-0.116667,-2601889,20260914063000,https://www.investegate.co.uk/announcement/rns/cqs-natural-resources-growth-and-income--cyn/change-of-aifm-and-investment-manager/9769141
1322913021,20260914,202609,2026,2026.6959,DEU,GERMAN,DEU,,,,,,,,,,,,,,,,,,0,010,010,01,1,0.0,5,1,5,-2.09606245756959,1,Germany,GM,GM,,51.5,10.5,GM,0,,,,,,,,4,"Lviv, L'vivs'ka Oblast', Ukraine",UP,UP15,28555,49.8407,24.0305,-1045268,20260914063000,https://city.udn.com/2976/7291863?raid=7298519
1322913022,20260914,202609,2026,2026.6959,DEU,GERMANY,DEU,,,,,,,,GOV,SOVEREIGN,,,,,,GOV,,,0,120,120,12,3,-4.0,2,1,2,-2.09606245756959,1,Germany,GM,GM,,51.5,10.5,GM,1,Germany,GM,GM,,51.5,10.5,GM,1,Germany,GM,GM,,51.5,10.5,GM,20260914063000,https://city.udn.com/2976/7291863?raid=7298519
1322913023,20260914,202609,2026,2026.6959,DJI,DJIBOUTI,DJI,,,,,,,,YEM,YEMEN,YEM,,,,,,,,0,172,172,17,4,-5.0,1,1,1,-3.85964912280702,4,"Bab Al-Mandab, , Djibouti",DJ,DJ,,12.5833,43.35,-3189484,4,"Mayun, Adan, Yemen",YM,YM02,145022,12.6545,43.4233,-3189826,4,"Red Sea, Djibouti (general), Djibouti",DJ,DJ00,25312,19,39.5,-2037160,20260914063000,http://eng.chinamil.com.cn/2025xb/W/N/16486295.html
1322913024,20260914,202609,2026,2026.6959,DJI,DJIBOUTI,DJI,,,,,,,,YEM,YEMEN,YEM,,,,,,,,0,172,172,17,4,-5.0,1,1,1,-3.85964912280702,4,"Bab Al-Mandab, , Djibouti",DJ,DJ,,12.5833,43.35,-3189484,4,"Mayun, Adan, Yemen",YM,YM02,145022,12.6545,43.4233,-3189826,4,"Mayun, Adan, Yemen",YM,YM02,145022,12.6545,43.4233,-3189826,20260914063000,http://eng.chinamil.com.cn/2025xb/W/N/16486295.html
1322913025,20260914,202609,2026,2026.6959,EDU,SCHOOL,,,,,,EDU,,,,,,,,,,,,,1,010,010,01,1,0.0,2,1,2,0.68807339449541,5,"Rivers State, Rivers, Nigeria",NI,NI50,23058,4.75,6.83333,-2025387,0,,,,,,,,5,"Rivers State, Rivers, Nigeria",NI,NI50,23058,4.75,6.83333,-2025387,20260914063000,https://www.thetidenewsonline.com/2026/09/clear-sight-brighter-future-rivers-govt-launches-vision-screening-drive-for-school-pupils/
1322913026,20260914,202609,2026,2026.6959,EDU,PROFESSOR,,,,,,EDU,,,,,,,,,,,,,1,010,010,01,1,0.0,5,1,5,-0.72090628218332,2,"New Mexico, United States",US,USNM,,34.8375,-106.237,NM,0,,,,,,,,2,"New Mexico, United States",US,USNM,,34.8375,-106.237,NM,20260914063000,https://www.ecoportal.net/uk/trailer-sized-solar-desalination-unit-ran/3087/
1322913027,20260914,202609,2026,2026.6959,EDU,STUDENT,,,,,,EDU,,,,,,,,,,,,,1,012,012,01,1,-0.4,15,1,10,-0.96618357487923,1,United States,US,US,,39.828175,-98.5795,US,0,,,,,,,,1,United States,US,US,,39.828175,-98.5795,US,20260914063000,https://www.tuftsdaily.com/article/2026/09/tufts-international-students-grapple-with-imminent-visa-restrictions-concerns-about-potential-drops-in-international-enrollment
1322913028,20260914,202609,2026,2026.6959,EDU,SCHOOL,,,,,,EDU,,,,,,,,,,,,,1,020,020,02,1,3.0,5,1,5,-1.45530145530145,4,"Rawalpindi, Punjab, Pakistan",PK,PK04,23674,33.6,73.0667,-2772585,0,,,,,,,,4,"Rawalpindi, Punjab, Pakistan",PK,PK04,23674,33.6,73.0667,-2772585,20260914063000,https://tribune.com.pk/story/2629177/19k-new-schools-needed-by-2040
1322913029,20260914,202609,2026,2026.6959,EDU,PROFESSOR,,,,,,EDU,,,,,,,,,,,,,1,020,020,02,1,3.0,5,1,5,-0.72090628218332,3,"Alamogordo, New Mexico, United States",US,USNM,NM035,32.8995,-105.96,903054,0,,,,,,,,3,"Alamogordo, New Mexico, United States",US,USNM,NM035,32.8995,-105.96,903054,20260914063000,https://www.ecoportal.net/uk/trailer-sized-solar-desalination-unit-ran/3087/
1322913030,20260914,202609,2026,2026.6959,EDU,SCHOOL,,,,,,EDU,,,,,,,,,,,,,1,050,050,05,1,3.5,10,1,10,3.18181818181819,0,,,,,,,,0,,,,,,,,0,,,,,,,,20260914063000,http://www.greenevillesun.com/business/local_business_news/food-city-presents-school-bucks-award-to-mosheim-elementary-school/article_5b61f85e-6a74-4b74-8e31-520dc1285a41.html
1322913031,20260914,202609,2026,2026.6959,EDU,STUDENT,,,,,,EDU,,,,,,,,,,,,,0,051,051,05,1,3.4,10,1,10,-0.96618357487923,1,United States,US,US,,39.828175,-98.5795,US,0,,,,,,,,1,United States,US,US,,39.828175,-98.5795,US,20260914063000,https://www.tuftsdaily.com/article/2026/09/tufts-international-students-grapple-with-imminent-visa-restrictions-concerns-about-potential-drops-in-international-enrollment
1322913032,20260914,202609,2026,2026.6959,EDU,SCHOOL,,,,,,EDU,,,,,,,,,,,,,1,080,080,08,2,5.0,10,1,10,-1.45530145530145,4,"Rawalpindi, Punjab, Pakistan",PK,PK04,23674,33.6,73.0667,-2772585,0,,,,,,,,4,"Rawalpindi, Punjab, Pakistan",PK,PK04,23674,33.6,73.0667,-2772585,20260914063000,https://tribune.com.pk/story/2629177/19k-new-schools-needed-by-2040
1322913033,20260914,202609,2026,2026.6959,EDU,STUDENT,,,,,,EDU,,,,,,,,,,,,,1,172,172,17,4,-5.0,3,1,3,-0.96618357487923,1,United States,US,US,,39.828175,-98.5795,US,0,,,,,,,,1,United States,US,US,,39.828175,-98.5795,US,20260914063000,https://www.tuftsdaily.com/article/2026/09/tufts-international-students-grapple-with-imminent-visa-restrictions-concerns-about-potential-drops-in-international-enrollment
1322913034,20260914,202609,2026,2026.6959,EDU,STUDENT,,,,,,EDU,,,BUS,BUSINESS,,,,,,BUS,,,1,060,060,06,2,6.0,4,1,4,5.27426160337553,3,"San Francisco, California, United States",US,USCA,CA075,37.7749,-122.419,277593,3,"San Francisco, California, United States",US,USCA,,37.7749,-122.419,277593,3,"San Francisco, California, United States",US,USCA,,37.7749,-122.419,277593,20260914063000,http://www.greenevillesun.com/business/local_business_news/a-full-circle-of-entrepreneurship-support-through-etsu/article_0f778fc0-d0c3-4869-afec-2f7ac7cbdb2c.html
1322913035,20260914,202609,2026,2026.6959,EDU,SCHOOL,,,,,,EDU,,,BUS,COMPANY,,,,,,BUS,,,1,084,084,08,2,7.0,5,1,5,3.18181818181819,0,,,,,,,,0,,,,,,,,0,,,,,,,,20260914063000,http://www.greenevillesun.com/business/local_business_news/food-city-presents-school-bucks-award-to-mosheim-elementary-school/article_5b61f85e-6a74-4b74-8e31-520dc1285a41.html
1322913036,20260914,202609,2026,2026.6959,EDU,SCHOOL,,,,,,EDU,,,CVL,COMMUNITY,,,,,,CVL,,,1,051,051,05,1,3.4,10,1,10,11.0169491525424,3,"Washington, District of Columbia, United States",US,USDC,DC001,38.8951,-77.0364,531871,3,"Washington, District of Columbia, United States",US,USDC,DC001,38.8951,-77.0364,531871,3,"Washington, District of Columbia, United States",US,USDC,DC001,38.8951,-77.0364,531871,20260914063000,https://wcti12.com/news/local/city-of-washington-celebration-to-highlight-hispanic-heritage-culture-and-art
1322913037,20260914,202609,2026,2026.6959,EDU,STUDENT,,,,,,EDU,,,GOV,GOVERNMENT,,,,,,GOV,,,1,060,060,06,2,6.0,5,1,5,-1.45530145530145,4,"Lahore, Punjab, Pakistan",PK,PK04,23677,31.5497,74.3436,-2767043,4,"Lahore, Punjab, Pakistan",PK,PK04,23677,31.5497,74.3436,-2767043,4,"Lahore, Punjab, Pakistan",PK,PK04,23677,31.5497,74.3436,-2767043,20260914063000,https://tribune.com.pk/story/2629177/19k-new-schools-needed-by-2040
1322913038,20260914,202609,2026,2026.6959,EDU,STUDENT,,,,,,EDU,,,GOV,GOVERNMENT,,,,,,GOV,,,1,060,060,06,2,6.0,5,1,5,-1.45530145530145,4,"Rawalpindi, Punjab, Pakistan",PK,PK04,23674,33.6,73.0667,-2772585,4,"Rawalpindi, Punjab, Pakistan",PK,PK04,23674,33.6,73.0667,-2772585,4,"Rawalpindi, Punjab, Pakistan",PK,PK04,23674,33.6,73.0667,-2772585,20260914063000,https://tribune.com.pk/story/2629177/19k-new-schools-needed-by-2040
1322913039,20260914,202609,2026,2026.6959,ELI,RETIRED,,,,,,ELI,,,,,,,,,,,,,0,020,020,02,1,3.0,10,1,10,-3.11355311355312,0,,,,,,,,0,,,,,,,,0,,,,,,,,20260914063000,https://kashmirlife.net/jammu-kashmir-govt-drops-disciplinary-proceedings-against-retired-engineer-in-acb-case-451637/
1322913040,20260914,202609,2026,2026.6959,ELI,ACTOR,,,,,,ELI,,,,,,,,,,,,,0,182,182,18,4,-9.5,6,1,6,-8.85922330097092,4,"Hindustan, India (general), India",IN,IN00,17857,28,76,-3414754,0,,,,,,,,4,"Hindustan, India (general), India",IN,IN00,17857,28,76,-3414754,20260914063000,https://www.hindustantimes.com/entertainment/bollywood/saif-ali-khan-says-he-is-100-not-over-the-stabbing-attack-if-i-see-a-knife-it-just-makes-me-react-101789358621507.html
1322913041,20260914,202609,2026,2026.6959,ELI,ACTOR,,,,,,ELI,,,,,,,,,,,,,0,182,182,18,4,-9.5,2,1,2,-8.85922330097092,1,Bangladesh,BG,BG,,24,90,BG,0,,,,,,,,4,"Hindustan, India (general), India",IN,IN00,17857,28,76,-3414754,20260914063000,https://www.hindustantimes.com/entertainment/bollywood/saif-ali-khan-says-he-is-100-not-over-the-stabbing-attack-if-i-see-a-knife-it-just-makes-me-react-101789358621507.html
1322913042,20260914,202609,2026,2026.6959,ELI,ACTOR,,,,,,ELI,,,,,,,,,,,,,0,182,182,18,4,-9.5,2,1,2,-8.85922330097092,1,Bangladesh,BG,BG,,24,90,BG,0,,,,,,,,1,Bangladesh,BG,BG,,24,90,BG,20260914063000,https://www.hindustantimes.com/entertainment/bollywood/saif-ali-khan-says-he-is-100-not-over-the-stabbing-attack-if-i-see-a-knife-it-just-makes-me-react-101789358621507.html
1322913043,20260914,202609,2026,2026.6959,ELI,RETIRED,,,,,,ELI,,,BUS,BUSINESS,,,,,,BUS,,,1,042,042,04,1,1.9,5,1,5,-5.97402597402597,0,,,,,,,,0,,,,,,,,0,,,,,,,,20260914063000,https://www.hindustantimes.com/india-news/op-safed-sagar-veteran-assaulted-over-parking-dispute-in-gurugram-fir-filed-101789364400418.html
1322913044,20260914,202609,2026,2026.6959,ELI,RETIRED,,,,,,ELI,,,BUS,BUSINESS,,,,,,BUS,,,1,180,180,18,4,-9.0,5,1,5,-5.97402597402597,0,,,,,,,,0,,,,,,,,0,,,,,,,,20260914063000,https://www.hindustantimes.com/india-news/op-safed-sagar-veteran-assaulted-over-parking-dispute-in-gurugram-fir-filed-101789364400418.html
1322913045,20260914,202609,2026,2026.6959,ELI,ACTOR,,,,,,ELI,,,USA,UNITED STATES,USA,,,,,,,,1,014,014,01,1,0.0,4,1,4,3.97456279809221,1,United States,US,US,,39.828175,-98.5795,US,1,United States,US,US,,39.828175,-98.5795,US,1,United States,US,US,,39.828175,-98.5795,US,20260914063000,https://www.arabnews.com/entertainment/widows-bay-and-the-pitt-tipped-for-success-at-emmy-awards-3001631
1322913046,20260914,202609,2026,2026.6959,ESP,SPANISH,ESP,,,,,,,,,,,,,,,,,,1,010,010,01,1,0.0,1,1,1,0.0942507068802998,4,"Spanish Town, Saint Catherine, Jamaica",JM,JM10,18427,17.9911,-76.9574,-3753828,0,,,,,,,,4,"Spanish Town, Saint Catherine, Jamaica",JM,JM10,18427,17.9911,-76.9574,-3753828,20260914063000,https://jamaica-gleaner.com/article/news/20260914/never-okay
1322913047,20260914,202609,2026,2026.6959,ESP,SPANISH,ESP,,,,,,,,,,,,,,,,,,0,071,071,07,2,7.4,2,1,2,0.0942507068802998,4,"Spanish Town, Saint Catherine, Jamaica",JM,JM10,18427,17.9911,-76.9574,-3753828,0,,,,,,,,4,"Spanish Town, Saint Catherine, Jamaica",JM,JM10,18427,17.9911,-76.9574,-3753828,20260914063000,https://jamaica-gleaner.com/article/news/20260914/never-okay
1322913048,20260914,202609,2026,2026.6959,ESP,SPANISH,ESP,,,,,,,,HLH,HOSPITAL,,,,,,HLH,,,1,010,010,01,1,0.0,2,1,2,0.0942507068802998,4,"Spanish Town, Saint Catherine, Jamaica",JM,JM10,18427,17.9911,-76.9574,-3753828,4,"Spanish Town, Saint Catherine, Jamaica",JM,JM10,18427,17.9911,-76.9574,-3753828,4,"Spanish Town, Saint Catherine, Jamaica",JM,JM10,18427,17.9911,-76.9574,-3753828,20260914063000,https://jamaica-gleaner.com/article/news/20260914/never-okay
1322913049,20260914,202609,2026,2026.6959,ESP,SPANISH,ESP,,,,,,,,HLH,HOSPITAL,,,,,,HLH,,,1,111,111,11,3,-2.0,2,1,2,0.0942507068802998,4,"Spanish Town, Saint Catherine, Jamaica",JM,JM10,18427,17.9911,-76.9574,-3753828,4,"Spanish Town, Saint Catherine, Jamaica",JM,JM10,18427,17.9911,-76.9574,-3753828,4,"Spanish Town, Saint Catherine, Jamaica",JM,JM10,18427,17.9911,-76.9574,-3753828,20260914063000,https://jamaica-gleaner.com/article/news/20260914/never-okay
1322913050,20260914,202609,2026,2026.6959,ESP,SPANISH,ESP,,,,,,,,JAM,JAMAICA,JAM,,,,,,,,1,010,010,01,1,0.0,3,1,3,0.0942507068802998,4,"Spanish Town, Saint Catherine, Jamaica",JM,JM10,18427,17.9911,-76.9574,-3753828,4,"Spanish Town, Saint Catherine, Jamaica",JM,JM10,18427,17.9911,-76.9574,-3753828,4,"Spanish Town, Saint Catherine, Jamaica",JM,JM10,18427,17.9911,-76.9574,-3753828,20260914063000,https://jamaica-gleaner.com/article/news/20260914/never-okay
1322913051,20260914,202609,2026,2026.6959,ESP,SPANISH,ESP,,,,,,,,JAM,JAMAICA,JAM,,,,,,,,1,111,111,11,3,-2.0,3,1,3,0.0942507068802998,4,"Spanish Town, Saint Catherine, Jamaica",JM,JM10,18427,17.9911,-76.9574,-3753828,4,"Spanish Town, Saint Catherine, Jamaica",JM,JM10,18427,17.9911,-76.9574,-3753828,4,"Spanish Town, Saint Catherine, Jamaica",JM,JM10,18427,17.9911,-76.9574,-3753828,20260914063000,https://jamaica-gleaner.com/article/news/20260914/never-okay
1322913052,20260914,202609,2026,2026.6959,ESP,SPAIN,ESP,,,,,,,,USA,MIAMI,USA,,,,,,,,0,036,036,03,1,4.0,1,1,1,-1.36842105263158,1,Spain,SP,SP,,40,-4,SP,3,"Miami, Florida, United States",US,USFL,FL086,25.7743,-80.1937,295004,1,Spain,SP,SP,,40,-4,SP,20260914063000,http://www.greenevillesun.com/business/ap_business/for-the-us-news-industry-a-tough-summer-draws-to-a-close-with-mcclatchy-chains/article_cd6828fe-ece6-5b64-8065-66cbf3cbc965.html
1322913053,20260914,202609,2026,2026.6959,ESP,SPAIN,ESP,,,,,,,,USA,MIAMI,USA,,,,,,,,0,036,036,03,1,4.0,1,1,1,-1.36842105263158,1,Spain,SP,SP,,40,-4,SP,1,Spain,SP,SP,,40,-4,SP,1,Spain,SP,SP,,40,-4,SP,20260914063000,http://www.greenevillesun.com/business/ap_business/for-the-us-news-industry-a-tough-summer-draws-to-a-close-with-mcclatchy-chains/article_cd6828fe-ece6-5b64-8065-66cbf3cbc965.html
1322913054,20260914,202609,2026,2026.6959,EUR,EUROPEAN,EUR,,,,,,,,GOV,PRESIDENT,,,,,,GOV,,,0,043,043,04,1,2.8,6,1,6,3.55029585798817,4,"Rovaniemi, Lapland, Finland",FI,FI26,16222,66.5,25.7167,-1384477,4,"Rovaniemi, Lapland, Finland",FI,FI26,16222,66.5,25.7167,-1384477,4,"Rovaniemi, Lapland, Finland",FI,FI26,16222,66.5,25.7167,-1384477,20260914063000,https://www.stiripesurse.ro/president-nicusor-dan-romania-supports-ambitious-eu-budget-stronger-nato-eastern-flank_3919790
1322913055,20260914,202609,2026,2026.6959,EUR,EUROPEAN,EUR,,,,,,,,GOV,PRESIDENT,,,,,,GOV,,,0,043,043,04,1,2.8,2,1,2,3.55029585798817,4,"Rovaniemi, Lapland, Finland",FI,FI26,16222,66.5,25.7167,-1384477,1,Romania,RO,RO,,46,25,RO,4,"Rovaniemi, Lapland, Finland",FI,FI26,16222,66.5,25.7167,-1384477,20260914063000,https://www.stiripesurse.ro/president-nicusor-dan-romania-supports-ambitious-eu-budget-stronger-nato-eastern-flank_3919790
1322913056,20260914,202609,2026,2026.6959,EUR,EUROPEAN,EUR,,,,,,,,ROUGOV,ROMANIA,,,,,,GOV,,,0,043,043,04,1,2.8,2,1,2,3.55029585798817,1,Romania,RO,RO,,46,25,RO,1,Romania,RO,RO,,46,25,RO,1,Romania,RO,RO,,46,25,RO,20260914063000,https://www.stiripesurse.ro/president-nicusor-dan-romania-supports-ambitious-eu-budget-stronger-nato-eastern-flank_3919790
1322913057,20260914,202609,2026,2026.6959,FIN,FINLAND,FIN,,,,,,,,GOV,PRESIDENT,,,,,,GOV,,,0,036,036,03,1,4.0,6,1,6,3.55029585798817,4,"Rovaniemi, Lapland, Finland",FI,FI26,16222,66.5,25.7167,-1384477,4,"Rovaniemi, Lapland, Finland",FI,FI26,16222,66.5,25.7167,-1384477,4,"Rovaniemi, Lapland, Finland",FI,FI26,16222,66.5,25.7167,-1384477,20260914063000,https://www.stiripesurse.ro/president-nicusor-dan-romania-supports-ambitious-eu-budget-stronger-nato-eastern-flank_3919790
1322913058,20260914,202609,2026,2026.6959,FIN,FINLAND,FIN,,,,,,,,GOV,PRESIDENT,,,,,,GOV,,,0,036,036,03,1,4.0,2,1,2,3.55029585798817,4,"Rovaniemi, Lapland, Finland",FI,FI26,16222,66.5,25.7167,-1384477,1,Romania,RO,RO,,46,25,RO,4,"Rovaniemi, Lapland, Finland",FI,FI26,16222,66.5,25.7167,-1384477,20260914063000,https://www.stiripesurse.ro/president-nicusor-dan-romania-supports-ambitious-eu-budget-stronger-nato-eastern-flank_3919790
1322913059,20260914,202609,2026,2026.6959,FIN,FINLAND,FIN,,,,,,,,ROUGOV,ROMANIA,,,,,,GOV,,,0,036,036,03,1,4.0,2,1,2,3.55029585798817,4,"Rovaniemi, Lapland, Finland",FI,FI26,16222,66.5,25.7167,-1384477,1,Romania,RO,RO,,46,25,RO,4,"Rovaniemi, Lapland, Finland",FI,FI26,16222,66.5,25.7167,-1384477,20260914063000,https://www.stiripesurse.ro/president-nicusor-dan-romania-supports-ambitious-eu-budget-stronger-nato-eastern-flank_3919790
1322913060,20260914,202609,2026,2026.6959,GBR,UNITED KINGDOM,GBR,,,,,,,,,,,,,,,,,,1,025,025,02,1,-0.3,4,1,4,-0.89285714285714,4,"Dumfries House, East Ayrshire, United Kingdom",UK,UKU4,40176,55.4667,-4.3,-2594815,0,,,,,,,,4,"Dumfries House, East Ayrshire, United Kingdom",UK,UKU4,40176,55.4667,-4.3,-2594815,20260914063000,https://cointelegraph.com/news/king-charles-host-ai-chiefs-amid-industry-call-slow-development
1322913061,20260914,202609,2026,2026.6959,GBR,EDINBURGH,GBR,,,,,,,,,,,,,,,,,,0,036,036,03,1,4.0,10,1,10,2.69978401727862,4,"Edinburgh, Edinburgh, City of, United Kingdom",UK,UKU8,40173,55.95,-3.2,-2595386,0,,,,,,,,4,"Edinburgh, Edinburgh, City of, United Kingdom",UK,UKU8,40173,55.95,-3.2,-2595386,20260914063000,https://www.heraldscotland.com/opinion/26544302.standard-life-aberdeen-fascinating-new-edinburgh-finance-chapters/
1322913062,20260914,202609,2026,2026.6959,GBR,UNITED KINGDOM,GBR,,,,,,,,,,,,,,,,,,1,080,080,08,2,5.0,4,1,4,-5.34629404617254,5,"Renfrewshire, Renfrewshire, United Kingdom",UK,UKW2,40176,55.8333,-4.5,-2606148,0,,,,,,,,5,"Renfrewshire, Renfrewshire, United Kingdom",UK,UKW2,40176,55.8333,-4.5,-2606148,20260914063000,https://www.heraldscotland.com/news/26546111.families-murdered-women-challenge-msps-holyrood/
1322913063,20260914,202609,2026,2026.6959,GBR,UNITED KINGDOM,GBR,,,,,,,,,,,,,,,,,,1,0831,083,08,2,5.0,2,1,2,2.69978401727862,4,"Edinburgh, Edinburgh, City of, United Kingdom",UK,UKU8,40173,55.95,-3.2,-2595386,0,,,,,,,,4,"Edinburgh, Edinburgh, City of, United Kingdom",UK,UKU8,40173,55.95,-3.2,-2595386,20260914063000,https://www.heraldscotland.com/opinion/26544302.standard-life-aberdeen-fascinating-new-edinburgh-finance-chapters/
1322913064,20260914,202609,2026,2026.6959,GBR,UNITED KINGDOM,GBR,,,,,,,,,,,,,,,,,,0,0842,084,08,2,7.0,10,1,10,1.18764845605701,1,United Kingdom,UK,UK,,54,-4,UK,0,,,,,,,,1,United Kingdom,UK,UK,,54,-4,UK,20260914063000,https://www.investegate.co.uk/announcement/rns/alternative-income-reit--aire/financing-update/9769148
1322913065,20260914,202609,2026,2026.6959,GBR,UNITED KINGDOM,GBR,,,,,,,,,,,,,,,,,,0,110,110,11,3,-2.0,2,1,2,0.1741089717329,4,"Callington, Cornwall, United Kingdom",UK,UKC6,40104,50.5,-4.3,-2591618,0,,,,,,,,4,"Callington, Cornwall, United Kingdom",UK,UKC6,40104,50.5,-4.3,-2591618,20260914063000,https://www.investegate.co.uk/announcement/rns/strategic-minerals--sml/first-results-from-infill-drilling-programme/9769103
1322913066,20260914,202609,2026,2026.6959,GBR,UNITED KINGDOM,GBR,,,,,,,,,,,,,,,,,,0,120,120,12,3,-4.0,2,1,2,-2.97699594046008,1,India,IN,IN,,20,77,IN,0,,,,,,,,1,India,IN,IN,,20,77,IN,20260914063000,https://economictimes.indiatimes.com/tech/artificial-intelligence/new-warnings-about-the-risks-of-ai-to-humanity-revive-a-long-running-debate/articleshow/134233583.cms
1322913067,20260914,202609,2026,2026.6959,GBR,UNITED KINGDOM,GBR,,,,,,,,,,,,,,,,,,1,130,130,13,3,-4.4,4,1,4,-2.1671826625387,1,United Kingdom,UK,UK,,54,-4,UK,0,,,,,,,,1,United Kingdom,UK,UK,,54,-4,UK,20260914063000,https://www.leicestermercury.co.uk/news/uk-world-news/martin-lewis-issues-scam-warning-11155117
1322913068,20260914,202609,2026,2026.6959,GBR,UNITED KINGDOM,GBR,,,,,,,,,,,,,,,,,,0,141,141,14,3,-6.5,10,1,10,2.69978401727862,4,"Edinburgh, Edinburgh, City of, United Kingdom",UK,UKU8,40173,55.95,-3.2,-2595386,0,,,,,,,,4,"Edinburgh, Edinburgh, City of, United Kingdom",UK,UKU8,40173,55.95,-3.2,-2595386,20260914063000,https://www.heraldscotland.com/opinion/26544302.standard-life-aberdeen-fascinating-new-edinburgh-finance-chapters/
1322913069,20260914,202609,2026,2026.6959,GBR,UNITED KINGDOM,GBR,,,,,,,,BUS,BANK,,,,,,BUS,,,1,190,190,19,4,-10.0,4,1,4,-2.1671826625387,1,United Kingdom,UK,UK,,54,-4,UK,1,United Kingdom,UK,UK,,54,-4,UK,1,United Kingdom,UK,UK,,54,-4,UK,20260914063000,https://www.leicestermercury.co.uk/news/uk-world-news/martin-lewis-issues-scam-warning-11155117
1322913070,20260914,202609,2026,2026.6959,GBR,LONDON,GBR,,,,,,,,CHE,GENEVA,CHE,,,,,,,,0,042,042,04,1,1.9,3,1,3,3.79061371841155,4,"London, London, City of, United Kingdom",UK,UKH9,40110,51.5,-0.116667,-2601889,4,"Geneva, Genè, Switzerland",SZ,SZ07,16329,46.1956,6.14811,-2552151,4,"London, London, City of, United Kingdom",UK,UKH9,40110,51.5,-0.116667,-2601889,20260914063000,https://www.investegate.co.uk/announcement/rns/cqs-natural-resources-growth-and-income--cyn/change-of-aifm-and-investment-manager/9769141
1322913071,20260914,202609,2026,2026.6959,GBR,BRITAIN,GBR,,,,,,,,CHN,CHINESE,CHN,,,,,,,,0,010,010,01,1,0.0,1,1,1,-2.09606245756959,2,"Colorado, United States",US,USCO,,39.0646,-105.327,CO,4,"Shiyan, Hubei, China",CH,CH12,13121,32.6475,110.778,-1926036,4,"Shiyan, Hubei, China",CH,CH12,13121,32.6475,110.778,-1926036,20260914063000,https://city.udn.com/2976/7291863?raid=7298519
1322913072,20260914,202609,2026,2026.6959,GBR,BRITAIN,GBR,,,,,,,,CHN,CHINESE,CHN,,,,,,,,0,010,010,01,1,0.0,7,1,7,-2.09606245756959,1,United Kingdom,UK,UK,,54,-4,UK,4,"Beijing, Beijing, China",CH,CH22,13001,39.9289,116.388,-1898541,4,"Beijing, Beijing, China",CH,CH22,13001,39.9289,116.388,-1898541,20260914063000,https://city.udn.com/2976/7291863?raid=7298519
1322913073,20260914,202609,2026,2026.6959,GBR,BRITAIN,GBR,,,,,,,,CHN,CHINA,CHN,,,,,,,,0,090,090,09,2,-2.0,1,1,1,-2.09606245756959,4,"Beijing, Beijing, China",CH,CH22,13001,39.9289,116.388,-1898541,4,"Beijing, Beijing, China",CH,CH22,13001,39.9289,116.388,-1898541,4,"Beijing, Beijing, China",CH,CH22,13001,39.9289,116.388,-1898541,20260914063000,https://city.udn.com/2976/7291863?raid=7298519
1322913074,20260914,202609,2026,2026.6959,GBR,BRITAIN,GBR,,,,,,,,CHN,CHINESE,CHN,,,,,,,,0,090,090,09,2,-2.0,3,1,3,-2.09606245756959,1,United Kingdom,UK,UK,,54,-4,UK,4,"Beijing, Beijing, China",CH,CH22,13001,39.9289,116.388,-1898541,4,"Beijing, Beijing, China",CH,CH22,13001,39.9289,116.388,-1898541,20260914063000,https://city.udn.com/2976/7291863?raid=7298519
1322913075,20260914,202609,2026,2026.6959,GBR,UNITED KINGDOM,GBR,,,,,,,,CHN,CHINA,CHN,,,,,,,,0,090,090,09,2,-2.0,1,1,1,-2.09606245756959,2,"Washington, United States",US,USWA,,47.3917,-121.571,WA,4,"Beijing, Beijing, China",CH,CH22,13001,39.9289,116.388,-1898541,4,"Beijing, Beijing, China",CH,CH22,13001,39.9289,116.388,-1898541,20260914063000,https://city.udn.com/2976/7291863?raid=7298519
1322913076,20260914,202609,2026,2026.6959,GBR,UNITED KINGDOM,GBR,,,,,,,,CYP,CYPRUS,CYP,,,,,,,,0,042,042,04,1,1.9,1,1,1,3.79061371841155,4,"London, London, City of, United Kingdom",UK,UKH9,40110,51.5,-0.116667,-2601889,4,"Geneva, Genè, Switzerland",SZ,SZ07,16329,46.1956,6.14811,-2552151,4,"London, London, City of, United Kingdom",UK,UKH9,40110,51.5,-0.116667,-2601889,20260914063000,https://www.investegate.co.uk/announcement/rns/cqs-natural-resources-growth-and-income--cyn/change-of-aifm-and-investment-manager/9769141
1322913077,20260914,202609,2026,2026.6959,GBR,LONDON,GBR,,,,,,,,CYP,CYPRUS,CYP,,,,,,,,0,042,042,04,1,1.9,2,1,2,3.79061371841155,4,"London, London, City of, United Kingdom",UK,UKH9,40110,51.5,-0.116667,-2601889,1,Cyprus,CY,CY,,35,33,CY,4,"London, London, City of, United Kingdom",UK,UKH9,40110,51.5,-0.116667,-2601889,20260914063000,https://www.investegate.co.uk/announcement/rns/cqs-natural-resources-growth-and-income--cyn/change-of-aifm-and-investment-manager/9769141
1322913078,20260914,202609,2026,2026.6959,GBR,BRITAIN,GBR,,,,,,,,FRA,FRANCE,FRA,,,,,,,,1,036,036,03,1,4.0,2,1,2,0,1,United Kingdom,UK,UK,,54,-4,UK,1,France,FR,FR,,46,2,FR,1,France,FR,FR,,46,2,FR,20260914063000,https://economictimes.indiatimes.com/news/international/world-news/canada-seeks-unique-alliance-with-eu-amid-trade-tensions-with-us-pm-carney-rejects-membership/articleshow/134233576.cms
1322913079,20260914,202609,2026,2026.6959,GBR,LONDON,GBR,,,,,,,,GBRIMY,ISLE OF MAN,GBR,,,,,,,,0,042,042,04,1,1.9,3,1,3,3.79061371841155,4,"London, London, City of, United Kingdom",UK,UKH9,40110,51.5,-0.116667,-2601889,1,Cyprus,CY,CY,,35,33,CY,4,"London, London, City of, United Kingdom",UK,UKH9,40110,51.5,-0.116667,-2601889,20260914063000,https://www.investegate.co.uk/announcement/rns/cqs-natural-resources-growth-and-income--cyn/change-of-aifm-and-investment-manager/9769141
1322913080,20260914,202609,2026,2026.6959,GBR,LONDON,GBR,,,,,,,,GBRIMY,ISLE OF MAN,GBR,,,,,,,,0,071,071,07,2,7.4,3,1,3,3.79061371841155,4,"London, London, City of, United Kingdom",UK,UKH9,40110,51.5,-0.116667,-2601889,1,Cyprus,CY,CY,,35,33,CY,4,"London, London, City of, United Kingdom",UK,UKH9,40110,51.5,-0.116667,-2601889,20260914063000,https://www.investegate.co.uk/announcement/rns/cqs-natural-resources-growth-and-income--cyn/change-of-aifm-and-investment-manager/9769141
1322913081,20260914,202609,2026,2026.6959,GBR,GLASGOW,GBR,,,,,,,,GOV,THE PM,,,,,,GOV,,,0,040,040,04,1,1.0,10,1,10,-1.54125113327289,4,"Glasgow, Glasgow City, United Kingdom",UK,UKV2,40176,55.8333,-4.25,-2597039,4,"Glasgow, Glasgow City, United Kingdom",UK,UKV2,40176,55.8333,-4.25,-2597039,4,"Glasgow, Glasgow City, United Kingdom",UK,UKV2,40176,55.8333,-4.25,-2597039,20260914063000,https://www.heraldscotland.com/politics/viewpoint/26546315.ideas-get-glasgow-councils-new-leader-rick-bell-started/
1322913082,20260914,202609,2026,2026.6959,GBR,UNITED KINGDOM,GBR,,,,,,,,GOV,GOVERNMENT,,,,,,GOV,,,0,051,051,05,1,3.4,2,1,2,-5.34629404617254,5,"Renfrewshire, Renfrewshire, United Kingdom",UK,UKW2,40176,55.8333,-4.5,-2606148,5,"Renfrewshire, Renfrewshire, United Kingdom",UK,UKW2,40176,55.8333,-4.5,-2606148,5,"Renfrewshire, Renfrewshire, United Kingdom",UK,UKW2,40176,55.8333,-4.5,-2606148,20260914063000,https://www.heraldscotland.com/news/26546111.families-murdered-women-challenge-msps-holyrood/
1322913083,20260914,202609,2026,2026.6959,GBR,BRITAIN,GBR,,,,,,,,LEG,REPRESENTATIVES,,,,,,LEG,,,0,043,043,04,1,2.8,1,1,1,0,1,United Kingdom,UK,UK,,54,-4,UK,4,"St Peter Port, Guernsey (general), Guernsey",GK,GK00,40252,49.46,-2.55194,9255583,4,"St Peter Port, Guernsey (general), Guernsey",GK,GK00,40252,49.46,-2.55194,9255583,20260914063000,https://guernseypress.com/news/2026/09/14/battle-of-britain-church-parade-returns-after-two-year-break
1322913084,20260914,202609,2026,2026.6959,GBR,BRITAIN,GBR,,,,,,,,LEG,REPRESENTATIVES,,,,,,LEG,,,0,043,043,04,1,2.8,7,1,7,0,1,United Kingdom,UK,UK,,54,-4,UK,4,"St Peter Port, Guernsey (general), Guernsey",GK,GK00,40252,49.46,-2.55194,9255583,1,United Kingdom,UK,UK,,54,-4,UK,20260914063000,https://guernseypress.com/news/2026/09/14/battle-of-britain-church-parade-returns-after-two-year-break
1322913085,20260914,202609,2026,2026.6959,GBR,UNITED KINGDOM,GBR,,,,,,,,RUS,RUSSIA,RUS,,,,,,,,1,051,051,05,1,3.4,1,1,1,-3.40740740740741,1,United Kingdom,UK,UK,,54,-4,UK,4,"Moscow, Moskva, Russia",RS,RS48,25106,55.7522,37.6156,-2960561,4,"Moscow, Moskva, Russia",RS,RS48,25106,55.7522,37.6156,-2960561,20260914063000,https://www.kyivpost.com/post/84419
1322913086,20260914,202609,2026,2026.6959,GBR,UNITED KINGDOM,GBR,,,,,,,,UKR,UKRAINE,UKR,,,,,,,,1,051,051,05,1,3.4,1,1,1,-3.40740740740741,1,United Kingdom,UK,UK,,54,-4,UK,4,"Moscow, Moskva, Russia",RS,RS48,25106,55.7522,37.6156,-2960561,4,"Kyiv, Kyyiv, Misto, Ukraine",UP,UP12,28554,50.4333,30.5167,-1044367,20260914063000,https://www.kyivpost.com/post/84419
1322913087,20260914,202609,2026,2026.6959,GBRBUS,UNITED KINGDOM,GBR,,,,,BUS,,,,,,,,,,,,,1,030,030,03,1,4.0,10,1,10,1.18764845605701,1,United Kingdom,UK,UK,,54,-4,UK,0,,,,,,,,1,United Kingdom,UK,UK,,54,-4,UK,20260914063000,https://www.investegate.co.uk/announcement/rns/alternative-income-reit--aire/financing-update/9769148
1322913088,20260914,202609,2026,2026.6959,GBRIMY,ISLE OF MAN,GBR,,,,,,,,GBR,LONDON,GBR,,,,,,,,0,043,043,04,1,2.8,3,1,3,3.79061371841155,1,Cyprus,CY,CY,,35,33,CY,4,"London, London, City of, United Kingdom",UK,UKH9,40110,51.5,-0.116667,-2601889,4,"London, London, City of, United Kingdom",UK,UKH9,40110,51.5,-0.116667,-2601889,20260914063000,https://www.investegate.co.uk/announcement/rns/cqs-natural-resources-growth-and-income--cyn/change-of-aifm-and-investment-manager/9769141
1322913089,20260914,202609,2026,2026.6959,GGY,GUERNSEY,,,,,,,,,,,,,,,,,,,1,010,010,01,1,0.0,4,1,4,-1.33868808567604,1,Guernsey,GK,GK,,49.583333,-2.333333,GK,0,,,,,,,,1,Guernsey,GK,GK,,49.583333,-2.333333,GK,20260914063000,https://guernseypress.com/news/2026/09/14/four-committees-forecasting-budget-overspends-this-year
1322913090,20260914,202609,2026,2026.6959,GGY,GUERNSEY,,,,,,,,,,,,,,,,,,,0,013,013,01,1,0.4,2,1,2,-1.33868808567604,1,Guernsey,GK,GK,,49.583333,-2.333333,GK,0,,,,,,,,1,Guernsey,GK,GK,,49.583333,-2.333333,GK,20260914063000,https://guernseypress.com/news/2026/09/14/four-committees-forecasting-budget-overspends-this-year
1322913091,20260914,202609,2026,2026.6959,GGY,GUERNSEY,,,,,,,,,,,,,,,,,,,1,120,120,12,3,-4.0,4,1,4,-1.33868808567604,1,Guernsey,GK,GK,,49.583333,-2.333333,GK,0,,,,,,,,1,Guernsey,GK,GK,,49.583333,-2.333333,GK,20260914063000,https://guernseypress.com/news/2026/09/14/four-committees-forecasting-budget-overspends-this-year
1322913092,20260914,202609,2026,2026.6959,GOV,PRESIDENT,,,,,,GOV,,,,,,,,,,,,,0,010,010,01,1,0.0,3,1,3,-1.36842105263158,3,"Miami, Florida, United States",US,USFL,FL086,25.7743,-80.1937,295004,0,,,,,,,,3,"Miami, Florida, United States",US,USFL,FL086,25.7743,-80.1937,295004,20260914063000,http://www.greenevillesun.com/business/ap_business/for-the-us-news-industry-a-tough-summer-draws-to-a-close-with-mcclatchy-chains/article_cd6828fe-ece6-5b64-8065-66cbf3cbc965.html
1322913093,20260914,202609,2026,2026.6959,GOV,PRESIDENT,,,,,,GOV,,,,,,,,,,,,,1,013,013,01,1,0.4,2,1,2,1.52505446623094,5,"Rivers State, Rivers, Nigeria",NI,NI50,23058,4.75,6.83333,-2025387,0,,,,,,,,5,"Rivers State, Rivers, Nigeria",NI,NI50,23058,4.75,6.83333,-2025387,20260914063000,https://www.thetidenewsonline.com/2026/09/amaechi-has-no-chance-in-ikwerre-rivers-dike/
1322913094,20260914,202609,2026,2026.6959,GOV,MINIST,,,,,,GOV,,,,,,,,,,,,,1,013,013,01,1,0.4,5,1,5,0.0942507068802998,4,"Spanish Town, Saint Catherine, Jamaica",JM,JM10,18427,17.9911,-76.9574,-3753828,0,,,,,,,,4,"Spanish Town, Saint Catherine, Jamaica",JM,JM10,18427,17.9911,-76.9574,-3753828,20260914063000,https://jamaica-gleaner.com/article/news/20260914/never-okay
1322913095,20260914,202609,2026,2026.6959,GOV,MINIST,,,,,,GOV,,,,,,,,,,,,,0,020,020,02,1,3.0,10,1,10,-1.68728908886389,1,Jamaica,JM,JM,,18.25,-77.5,JM,0,,,,,,,,1,Jamaica,JM,JM,,18.25,-77.5,JM,20260914063000,https://jamaica-gleaner.com/article/news/20260914/second-chance
1322913096,20260914,202609,2026,2026.6959,GOV,MONARCH,,,,,,GOV,,,,,,,,,,,,,1,040,040,04,1,1.0,4,1,4,1.5625,4,"Buckingham Palace, Westminster, United Kingdom",UK,UKP5,40110,51.5,-0.133333,-2591190,0,,,,,,,,4,"Buckingham Palace, Westminster, United Kingdom",UK,UKP5,40110,51.5,-0.133333,-2591190,20260914063000,https://www.film-news.co.uk:443/news/UK/129113/Meghan-Duchess-of-Sussex-shares-glimpse-into-family-life-in-U-K
1322913097,20260914,202609,2026,2026.6959,GOV,GOVERNMENT,,,,,,GOV,,,,,,,,,,,,,0,071,071,07,2,7.4,10,1,10,-0.25295109612142,4,"Johannesburg, Gauteng, South Africa",SF,SF06,77364,-26.2,28.0833,-1240261,0,,,,,,,,4,"Johannesburg, Gauteng, South Africa",SF,SF06,77364,-26.2,28.0833,-1240261,20260914063000,https://allafrica.com/stories/202609140044.html
1322913098,20260914,202609,2026,2026.6959,GOV,MINISTRY,,,,,,GOV,,,,,,,,,,,,,0,073,073,07,2,7.4,6,1,6,2.3121387283237,2,"Florida, United States",US,USFL,,27.8333,-81.717,FL,0,,,,,,,,2,"Florida, United States",US,USFL,,27.8333,-81.717,FL,20260914063000,https://jamaica-gleaner.com/article/news/20260914/father-god-gave-me-second-chance
1322913099,20260914,202609,2026,2026.6959,GOV,MINISTRY,,,,,,GOV,,,,,,,,,,,,,0,073,073,07,2,7.4,4,1,4,2.3121387283237,1,Jamaica,JM,JM,,18.25,-77.5,JM,0,,,,,,,,1,Jamaica,JM,JM,,18.25,-77.5,JM,20260914063000,https://jamaica-gleaner.com/article/news/20260914/father-god-gave-me-second-chance
1322913100,20260914,202609,2026,2026.6959,GOV,KING,,,,,,GOV,,,AUS,CANBERRA,AUS,,,,,,,,1,043,043,04,1,2.8,10,1,10,-5.10752688172043,4,"Canberra, Australian Capital Territory, Australia",AS,AS01,4940,-35.2833,149.217,-1563952,4,"Canberra, Australian Capital Territory, Australia",AS,AS01,4940,-35.2833,149.217,-1563952,4,"Canberra, Australian Capital Territory, Australia",AS,AS01,4940,-35.2833,149.217,-1563952,20260914063000,https://www.batemansbaypost.com.au/story/9349964/six-teens-charged-after-nsw-act-stolen-car-pursuit-police-allege/
1322913101,20260914,202609,2026,2026.6959,GOV,GOVERNMENT,,,,,,GOV,,,BUS,EMPLOYER,,,,,,BUS,,,1,023,023,02,1,3.4,10,1,10,3.10880829015544,2,"Rhode Island, United States",US,USRI,,41.6772,-71.5101,RI,2,"Rhode Island, United States",US,USRI,,41.6772,-71.5101,RI,2,"Rhode Island, United States",US,USRI,,41.6772,-71.5101,RI,20260914063000,https://www.reviewonline.com/news/local-news/2026/09/ryan-named-to-bipartisan-ai-commission/
1322913102,20260914,202609,2026,2026.6959,GOV,CHIEF EXECUTIVE,,,,,,GOV,,,CAN,ONTARIO,CAN,,,,,,,,1,010,010,01,1,0.0,3,1,3,5.60606060606061,1,Canada,CA,CA,,60,-96,CA,1,Canada,CA,CA,,60,-96,CA,1,Canada,CA,CA,,60,-96,CA,20260914063000,https://www.investegate.co.uk/announcement/rns/landore-resources-limited-npv--lnd/nevada-portfolio-review-independent-gold-review/9769153
1322913103,20260914,202609,2026,2026.6959,GOV,GOVERNOR,,,,,,GOV,,,CHR,CHRISTIAN,,,,CHR,,,,,1,051,051,05,1,3.4,2,1,2,4.08997955010225,5,"Rivers State, Rivers, Nigeria",NI,NI50,23058,4.75,6.83333,-2025387,5,"Rivers State, Rivers, Nigeria",NI,NI50,23058,4.75,6.83333,-2025387,5,"Rivers State, Rivers, Nigeria",NI,NI50,23058,4.75,6.83333,-2025387,20260914063000,https://www.thetidenewsonline.com/2026/09/apc-group-canvasses-christians-support-for-rivers-guber-candidate/
1322913104,20260914,202609,2026,2026.6959,GOV,AUTHORITIES,,,,,,GOV,,,CVL,ENGINEER,,,,,,CVL,,,1,020,020,02,1,3.0,10,1,10,2.16216216216216,5,"Tamil Nadu, Tamil Nadu, India",IN,IN25,70248,11,78,-2112557,5,"Tamil Nadu, Tamil Nadu, India",IN,IN25,70248,11,78,-2112557,5,"Tamil Nadu, Tamil Nadu, India",IN,IN25,70248,11,78,-2112557,20260914063000,https://bilkulonline.com/2026/09/14/tn-govt-to-launch-unified-online-registration-for-building-professionals/
1322913105,20260914,202609,2026,2026.6959,GOV,AUTHORITIES,,,,,,GOV,,,CVL,ENGINEER,,,,,,CVL,,,1,110,110,11,3,-2.0,10,1,10,2.16216216216216,5,"Tamil Nadu, Tamil Nadu, India",IN,IN25,70248,11,78,-2112557,5,"Tamil Nadu, Tamil Nadu, India",IN,IN25,70248,11,78,-2112557,5,"Tamil Nadu, Tamil Nadu, India",IN,IN25,70248,11,78,-2112557,20260914063000,https://bilkulonline.com/2026/09/14/tn-govt-to-launch-unified-online-registration-for-building-professionals/
1322913106,20260914,202609,2026,2026.6959,GOV,HEAD OF STATE,,,,,,GOV,,,DEU,GERMANY,DEU,,,,,,,,1,026,026,02,1,4.0,6,1,6,3.55029585798817,4,"Rovaniemi, Lapland, Finland",FI,FI26,16222,66.5,25.7167,-1384477,1,Germany,GM,GM,,51.5,10.5,GM,1,Romania,RO,RO,,46,25,RO,20260914063000,https://www.stiripesurse.ro/president-nicusor-dan-romania-supports-ambitious-eu-budget-stronger-nato-eastern-flank_3919790
1322913107,20260914,202609,2026,2026.6959,GOV,HEAD OF STATE,,,,,,GOV,,,DEU,GERMANY,DEU,,,,,,,,1,026,026,02,1,4.0,4,1,4,3.55029585798817,4,"Rovaniemi, Lapland, Finland",FI,FI26,16222,66.5,25.7167,-1384477,1,Romania,RO,RO,,46,25,RO,4,"Rovaniemi, Lapland, Finland",FI,FI26,16222,66.5,25.7167,-1384477,20260914063000,https://www.stiripesurse.ro/president-nicusor-dan-romania-supports-ambitious-eu-budget-stronger-nato-eastern-flank_3919790
1322913108,20260914,202609,2026,2026.6959,GOV,CONSULATE,,,,,,GOV,,,EDU,SCHOOL,,,,,,EDU,,,1,173,173,17,4,-5.0,1,1,1,0.68807339449541,4,"Port Harcourt, Rivers, Nigeria",NI,NI50,191389,4.78917,6.99861,-2025046,4,"Ikuru, Rivers, Nigeria",NI,NI50,191401,4.47988,7.49025,-2011999,4,"Port Harcourt, Rivers, Nigeria",NI,NI50,191389,4.78917,6.99861,-2025046,20260914063000,https://www.thetidenewsonline.com/2026/09/clear-sight-brighter-future-rivers-govt-launches-vision-screening-drive-for-school-pupils/
1322913109,20260914,202609,2026,2026.6959,GOV,CONSULATE,,,,,,GOV,,,EDU,SCHOOL,,,,,,EDU,,,1,173,173,17,4,-5.0,1,1,1,0.68807339449541,4,"Port Harcourt, Rivers, Nigeria",NI,NI50,191389,4.78917,6.99861,-2025046,4,"Port Harcourt, Rivers, Nigeria",NI,NI50,191389,4.78917,6.99861,-2025046,4,"Port Harcourt, Rivers, Nigeria",NI,NI50,191389,4.78917,6.99861,-2025046,20260914063000,https://www.thetidenewsonline.com/2026/09/clear-sight-brighter-future-rivers-govt-launches-vision-screening-drive-for-school-pupils/
1322913110,20260914,202609,2026,2026.6959,GOV,CONSULATE,,,,,,GOV,,,EDU,SCHOOL,,,,,,EDU,,,1,173,173,17,4,-5.0,5,1,5,0.68807339449541,5,"Rivers State, Rivers, Nigeria",NI,NI50,23058,4.75,6.83333,-2025387,5,"Rivers State, Rivers, Nigeria",NI,NI50,23058,4.75,6.83333,-2025387,5,"Rivers State, Rivers, Nigeria",NI,NI50,23058,4.75,6.83333,-2025387,20260914063000,https://www.thetidenewsonline.com/2026/09/clear-sight-brighter-future-rivers-govt-launches-vision-screening-drive-for-school-pupils/
1322913111,20260914,202609,2026,2026.6959,GOV,ADMINISTRATION,,,,,,GOV,,,EUR,EUROPE,EUR,,,,,,,,0,010,010,01,1,0.0,3,1,3,-2.09606245756959,2,"Maine, United States",US,USME,,44.6074,-69.3977,ME,2,"Maine, United States",US,USME,,44.6074,-69.3977,ME,2,"Maine, United States",US,USME,,44.6074,-69.3977,ME,20260914063000,https://city.udn.com/2976/7291863?raid=7298519
1322913112,20260914,202609,2026,2026.6959,GOV,ADMINISTRATION,,,,,,GOV,,,EUR,EUROPE,EUR,,,,,,,,0,013,013,01,1,0.4,1,1,1,-2.09606245756959,4,"Lviv, L'vivs'ka Oblast', Ukraine",UP,UP15,28555,49.8407,24.0305,-1045268,4,"Lviv, L'vivs'ka Oblast', Ukraine",UP,UP15,28555,49.8407,24.0305,-1045268,4,"Lviv, L'vivs'ka Oblast', Ukraine",UP,UP15,28555,49.8407,24.0305,-1045268,20260914063000,https://city.udn.com/2976/7291863?raid=7298519
1322913113,20260914,202609,2026,2026.6959,GOV,ADMINISTRATION,,,,,,GOV,,,EUR,EUROPE,EUR,,,,,,,,0,013,013,01,1,0.4,1,1,1,-2.09606245756959,2,"Maine, United States",US,USME,,44.6074,-69.3977,ME,2,"Maine, United States",US,USME,,44.6074,-69.3977,ME,2,"Maine, United States",US,USME,,44.6074,-69.3977,ME,20260914063000,https://city.udn.com/2976/7291863?raid=7298519
1322913114,20260914,202609,2026,2026.6959,GOV,PRESIDENT,,,,,,GOV,,,EUR,EUROPEAN,EUR,,,,,,,,0,042,042,04,1,1.9,6,1,6,3.55029585798817,4,"Rovaniemi, Lapland, Finland",FI,FI26,16222,66.5,25.7167,-1384477,4,"Rovaniemi, Lapland, Finland",FI,FI26,16222,66.5,25.7167,-1384477,4,"Rovaniemi, Lapland, Finland",FI,FI26,16222,66.5,25.7167,-1384477,20260914063000,https://www.stiripesurse.ro/president-nicusor-dan-romania-supports-ambitious-eu-budget-stronger-nato-eastern-flank_3919790
1322913115,20260914,202609,2026,2026.6959,GOV,PRESIDENT,,,,,,GOV,,,EUR,EUROPEAN,EUR,,,,,,,,0,042,042,04,1,1.9,2,1,2,3.55029585798817,1,Romania,RO,RO,,46,25,RO,4,"Rovaniemi, Lapland, Finland",FI,FI26,16222,66.5,25.7167,-1384477,4,"Rovaniemi, Lapland, Finland",FI,FI26,16222,66.5,25.7167,-1384477,20260914063000,https://www.stiripesurse.ro/president-nicusor-dan-romania-supports-ambitious-eu-budget-stronger-nato-eastern-flank_3919790
1322913116,20260914,202609,2026,2026.6959,GOV,CHIEF EXECUTIVE,,,,,,GOV,,,EURBUS,EUROPEAN,EUR,,,,,BUS,,,0,051,051,05,1,3.4,10,1,10,-2.32843137254902,1,Germany,GM,GM,,51.5,10.5,GM,1,Germany,GM,GM,,51.5,10.5,GM,1,Germany,GM,GM,,51.5,10.5,GM,20260914063000,https://www.theguardian.com/environment/2026/sep/14/pfas-firms-tidal-wave-forever-chemicals-ai-industry-demand-datacentres
1322913117,20260914,202609,2026,2026.6959,GOV,PRESIDENT,,,,,,GOV,,,FIN,FINLAND,FIN,,,,,,,,0,036,036,03,1,4.0,6,1,6,3.55029585798817,4,"Rovaniemi, Lapland, Finland",FI,FI26,16222,66.5,25.7167,-1384477,4,"Rovaniemi, Lapland, Finland",FI,FI26,16222,66.5,25.7167,-1384477,4,"Rovaniemi, Lapland, Finland",FI,FI26,16222,66.5,25.7167,-1384477,20260914063000,https://www.stiripesurse.ro/president-nicusor-dan-romania-supports-ambitious-eu-budget-stronger-nato-eastern-flank_3919790
1322913118,20260914,202609,2026,2026.6959,GOV,PRESIDENT,,,,,,GOV,,,FIN,FINLAND,FIN,,,,,,,,0,036,036,03,1,4.0,2,1,2,3.55029585798817,1,Romania,RO,RO,,46,25,RO,4,"Rovaniemi, Lapland, Finland",FI,FI26,16222,66.5,25.7167,-1384477,4,"Rovaniemi, Lapland, Finland",FI,FI26,16222,66.5,25.7167,-1384477,20260914063000,https://www.stiripesurse.ro/president-nicusor-dan-romania-supports-ambitious-eu-budget-stronger-nato-eastern-flank_3919790
1322913119,20260914,202609,2026,2026.6959,GOV,KING,,,,,,GOV,,,GBR,UNITED KINGDOM,GBR,,,,,,,,1,010,010,01,1,0.0,10,1,10,1.88087774294671,4,"Buckingham Palace, Westminster, United Kingdom",UK,UKP5,40110,51.5,-0.133333,-2591190,4,"Buckingham Palace, Westminster, United Kingdom",UK,UKP5,40110,51.5,-0.133333,-2591190,4,"Buckingham Palace, Westminster, United Kingdom",UK,UKP5,40110,51.5,-0.133333,-2591190,20260914063000,https://jamaica-gleaner.com/article/news/20260914/king-clarifies-status-prince-harry-meghan-after-their-return-uk
1322913120,20260914,202609,2026,2026.6959,GOV,MONARCH,,,,,,GOV,,,GBR,UNITED KINGDOM,GBR,,,,,,,,1,040,040,04,1,1.0,6,1,6,1.5625,4,"Buckingham Palace, Westminster, United Kingdom",UK,UKP5,40110,51.5,-0.133333,-2591190,4,"Buckingham Palace, Westminster, United Kingdom",UK,UKP5,40110,51.5,-0.133333,-2591190,4,"Buckingham Palace, Westminster, United Kingdom",UK,UKP5,40110,51.5,-0.133333,-2591190,20260914063000,https://www.film-news.co.uk:443/news/UK/129113/Meghan-Duchess-of-Sussex-shares-glimpse-into-family-life-in-U-K
1322913121,20260914,202609,2026,2026.6959,GOV,KING,,,,,,GOV,,,GBR,UNITED KINGDOM,GBR,,,,,,,,1,042,042,04,1,1.9,10,1,10,1.88087774294671,4,"London, London, City of, United Kingdom",UK,UKH9,40110,51.5,-0.116667,-2601889,4,"London, London, City of, United Kingdom",UK,UKH9,40110,51.5,-0.116667,-2601889,4,"London, London, City of, United Kingdom",UK,UKH9,40110,51.5,-0.116667,-2601889,20260914063000,https://jamaica-gleaner.com/article/news/20260914/king-clarifies-status-prince-harry-meghan-after-their-return-uk
1322913122,20260914,202609,2026,2026.6959,GOV,PRESIDENT,,,,,,GOV,,,IGOEUREEC,THE EUROPEAN UNION,EUR,EEC,,,,IGO,,,1,040,040,04,1,1.0,6,1,6,3.55029585798817,4,"Rovaniemi, Lapland, Finland",FI,FI26,16222,66.5,25.7167,-1384477,4,"Rovaniemi, Lapland, Finland",FI,FI26,16222,66.5,25.7167,-1384477,4,"Rovaniemi, Lapland, Finland",FI,FI26,16222,66.5,25.7167,-1384477,20260914063000,https://www.stiripesurse.ro/president-nicusor-dan-romania-supports-ambitious-eu-budget-stronger-nato-eastern-flank_3919790
1322913123,20260914,202609,2026,2026.6959,GOV,PRESIDENT,,,,,,GOV,,,IGOEUREEC,THE EUROPEAN UNION,EUR,EEC,,,,IGO,,,1,040,040,04,1,1.0,2,1,2,3.55029585798817,1,Romania,RO,RO,,46,25,RO,4,"Rovaniemi, Lapland, Finland",FI,FI26,16222,66.5,25.7167,-1384477,4,"Rovaniemi, Lapland, Finland",FI,FI26,16222,66.5,25.7167,-1384477,20260914063000,https://www.stiripesurse.ro/president-nicusor-dan-romania-supports-ambitious-eu-budget-stronger-nato-eastern-flank_3919790
1322913124,20260914,202609,2026,2026.6959,GOV,PRESIDENT,,,,,,GOV,,,IGOWSTNAT,NATO,WST,NAT,,,,IGO,,,1,050,050,05,1,3.5,3,1,3,3.55029585798817,1,Romania,RO,RO,,46,25,RO,1,Germany,GM,GM,,51.5,10.5,GM,1,Germany,GM,GM,,51.5,10.5,GM,20260914063000,https://www.stiripesurse.ro/president-nicusor-dan-romania-supports-ambitious-eu-budget-stronger-nato-eastern-flank_3919790
1322913125,20260914,202609,2026,2026.6959,GOV,PRESIDENT,,,,,,GOV,,,IGOWSTNAT,NATO,WST,NAT,,,,IGO,,,1,050,050,05,1,3.5,1,1,1,3.55029585798817,1,Romania,RO,RO,,46,25,RO,1,Romania,RO,RO,,46,25,RO,1,Romania,RO,RO,,46,25,RO,20260914063000,https://www.stiripesurse.ro/president-nicusor-dan-romania-supports-ambitious-eu-budget-stronger-nato-eastern-flank_3919790
1322913126,20260914,202609,2026,2026.6959,GOV,PRESIDENT,,,,,,GOV,,,IND,NEW DELHI,IND,,,,,,,,1,020,020,02,1,3.0,4,1,4,4.82233502538071,4,"Abuja, Abuja Federal Capital Territory, Nigeria",NI,NI11,191147,9.08333,7.53333,-1997013,4,"New Delhi, Delhi, India",IN,IN07,17911,28.6,77.2,-2106102,4,"New Delhi, Delhi, India",IN,IN07,17911,28.6,77.2,-2106102,20260914063000,https://www.thisdaylive.com/2026/09/14/fg-to-brics-its-high-time-rules-of-global-governance-finance-were-rewritten/
1322913127,20260914,202609,2026,2026.6959,GOV,PRESIDENT,,,,,,GOV,,,IND,NEW DELHI,IND,,,,,,,,1,020,020,02,1,3.0,2,1,2,4.82233502538071,4,"Tinubu, Lagos, Nigeria",NI,NI05,191300,6.51667,3.36667,-2027738,4,"New Delhi, Delhi, India",IN,IN07,17911,28.6,77.2,-2106102,4,"New Delhi, Delhi, India",IN,IN07,17911,28.6,77.2,-2106102,20260914063000,https://www.thisdaylive.com/2026/09/14/fg-to-brics-its-high-time-rules-of-global-governance-finance-were-rewritten/
1322913128,20260914,202609,2026,2026.6959,GOV,FOREIGN MINIST,,,,,,GOV,,,IRN,IRAN,IRN,,,,,,,,0,026,026,02,1,4.0,1,1,1,-2.09606245756959,4,"Lviv, L'vivs'ka Oblast', Ukraine",UP,UP15,28555,49.8407,24.0305,-1045268,4,"Moscow, Moskva, Russia",RS,RS48,25106,55.7522,37.6156,-2960561,4,"Moscow, Moskva, Russia",RS,RS48,25106,55.7522,37.6156,-2960561,20260914063000,https://city.udn.com/2976/7291863?raid=7298519
1322913129,20260914,202609,2026,2026.6959,GOV,PRIME MINISTER,,,,,,GOV,,,IRN,IRAN,IRN,,,,,,,,0,040,040,04,1,1.0,1,1,1,1.00111234705229,4,"New Delhi, Delhi, India",IN,IN07,17911,28.6,77.2,-2106102,1,Iran,IR,IR,,32,53,IR,4,"New Delhi, Delhi, India",IN,IN07,17911,28.6,77.2,-2106102,20260914063000,https://www.hindustantimes.com/india-news/india-russia-china-bonhomie-at-brics-what-the-narendra-modi-xi-jinping-vladimir-putin-group-photos-reveal-101789360596765.html
1322913130,20260914,202609,2026,2026.6959,GOV,PRIME MINISTER,,,,,,GOV,,,IRN,IRAN,IRN,,,,,,,,0,046,046,04,1,7.0,1,1,1,1.00111234705229,4,"New Delhi, Delhi, India",IN,IN07,17911,28.6,77.2,-2106102,1,Iran,IR,IR,,32,53,IR,4,"New Delhi, Delhi, India",IN,IN07,17911,28.6,77.2,-2106102,20260914063000,https://www.hindustantimes.com/india-news/india-russia-china-bonhomie-at-brics-what-the-narendra-modi-xi-jinping-vladimir-putin-group-photos-reveal-101789360596765.html
1322913131,20260914,202609,2026,2026.6959,GOV,PRIME MINISTER,,,,,,GOV,,,IRN,IRAN,IRN,,,,,,,,0,046,046,04,1,7.0,1,1,1,1.00111234705229,1,Iran,IR,IR,,32,53,IR,1,Iran,IR,IR,,32,53,IR,1,Iran,IR,IR,,32,53,IR,20260914063000,https://www.hindustantimes.com/india-news/india-russia-china-bonhomie-at-brics-what-the-narendra-modi-xi-jinping-vladimir-putin-group-photos-reveal-101789360596765.html
1322913132,20260914,202609,2026,2026.6959,GOV,SECRETARY OF STATE,,,,,,GOV,,,IRN,IRANIAN,IRN,,,,,,,,0,072,072,07,2,8.3,6,1,6,-2.09606245756959,4,"Moscow, Moskva, Russia",RS,RS48,25106,55.7522,37.6156,-2960561,4,"Shahed, Fars, Iran",IR,IR07,25307,28.5934,52.2295,-3083999,4,"Moscow, Moskva, Russia",RS,RS48,25106,55.7522,37.6156,-2960561,20260914063000,https://city.udn.com/2976/7291863?raid=7298519
1322913133,20260914,202609,2026,2026.6959,GOV,SECRETARY OF STATE,,,,,,GOV,,,IRN,IRANIAN,IRN,,,,,,,,0,072,072,07,2,8.3,2,1,2,-2.09606245756959,4,"Moscow, Moskva, Russia",RS,RS48,25106,55.7522,37.6156,-2960561,4,"Shahed, Fars, Iran",IR,IR07,25307,28.5934,52.2295,-3083999,4,"Shahed, Fars, Iran",IR,IR07,25307,28.5934,52.2295,-3083999,20260914063000,https://city.udn.com/2976/7291863?raid=7298519
1322913134,20260914,202609,2026,2026.6959,GOV,DIPLOMAT,,,,,,GOV,,,JPN,JAPAN,JPN,,,,,,,,1,130,130,13,3,-4.4,2,1,2,-2.09606245756959,4,"Beijing, Beijing, China",CH,CH22,13001,39.9289,116.388,-1898541,4,"Beijing, Beijing, China",CH,CH22,13001,39.9289,116.388,-1898541,4,"Beijing, Beijing, China",CH,CH22,13001,39.9289,116.388,-1898541,20260914063000,https://city.udn.com/2976/7291863?raid=7298519
1322913135,20260914,202609,2026,2026.6959,GOV,DIPLOMAT,,,,,,GOV,,,JPN,JAPAN,JPN,,,,,,,,1,130,130,13,3,-4.4,8,1,8,-2.09606245756959,2,"Louisiana, United States",US,USLA,,31.1801,-91.8749,LA,2,"Louisiana, United States",US,USLA,,31.1801,-91.8749,LA,2,"Louisiana, United States",US,USLA,,31.1801,-91.8749,LA,20260914063000,https://city.udn.com/2976/7291863?raid=7298519
1322913136,20260914,202609,2026,2026.6959,GOV,SOLICITOR GENERAL,,,,,,GOV,,,JUD,SUPREME COURT,,,,,,JUD,,,0,010,010,01,1,0.0,10,1,10,-3.52564102564103,4,"Haryana, Haryana, India",IN,IN10,17660,29.6161,76.9806,6210381,4,"Haryana, Haryana, India",IN,IN10,17660,29.6161,76.9806,6210381,4,"Haryana, Haryana, India",IN,IN10,17660,29.6161,76.9806,6210381,20260914063000,https://www.hindustantimes.com/ht-explainers/brics-backed-un-cybercrime-treaty-at-delhi-summit-what-it-does-why-india-has-not-signed-it-yet-101789363609661.html
1322913137,20260914,202609,2026,2026.6959,GOV,MINIST,,,,,,GOV,,,KOR,SOUTH KOREA,KOR,,,,,,,,1,015,015,01,1,0.0,8,1,8,-1.84615384615385,4,"Seoul, Soul-t'ukpyolsi, South Korea",KS,KS11,24984,37.5664,127,-716583,4,"Seoul, Soul-t'ukpyolsi, South Korea",KS,KS11,24984,37.5664,127,-716583,4,"Seoul, Soul-t'ukpyolsi, South Korea",KS,KS11,24984,37.5664,127,-716583,20260914063000,https://emtv.com.pg/papua-new-guinea-joins-15th-seoul-defence-dialogue/
1322913138,20260914,202609,2026,2026.6959,GOV,MINIST,,,,,,GOV,,,KOR,SOUTH KOREA,KOR,,,,,,,,1,015,015,01,1,0.0,1,1,1,-1.84615384615385,1,New Zealand,NZ,NZ,,-42,174,NZ,4,"Seoul, Soul-t'ukpyolsi, South Korea",KS,KS11,24984,37.5664,127,-716583,1,New Zealand,NZ,NZ,,-42,174,NZ,20260914063000,https://emtv.com.pg/papua-new-guinea-joins-15th-seoul-defence-dialogue/
1322913139,20260914,202609,2026,2026.6959,GOV,MINIST,,,,,,GOV,,,KOR,SOUTH KOREA,KOR,,,,,,,,1,015,015,01,1,0.0,1,1,1,-1.84615384615385,1,Papua New Guinea,PP,PP,,-6,147,PP,1,Papua New Guinea,PP,PP,,-6,147,PP,1,Papua New Guinea,PP,PP,,-6,147,PP,20260914063000,https://emtv.com.pg/papua-new-guinea-joins-15th-seoul-defence-dialogue/
1322913140,20260914,202609,2026,2026.6959,GOV,TREASURY SECRETARY,,,,,,GOV,,,LEG,SENATE,,,,,,LEG,,,0,020,020,02,1,3.0,5,1,5,0.64655172413793,0,,,,,,,,0,,,,,,,,0,,,,,,,,20260914063000,https://cointelegraph.com/news/us-republicans-send-final-clarity-act-offer-to-democrats
1322913141,20260914,202609,2026,2026.6959,GOV,PRESIDENT,,,,,,GOV,,,MED,MEDIA,,,,,,MED,,,0,010,010,01,1,0.0,5,1,5,-1.36842105263158,1,India,IN,IN,,20,77,IN,1,India,IN,IN,,20,77,IN,1,India,IN,IN,,20,77,IN,20260914063000,http://www.greenevillesun.com/business/ap_business/for-the-us-news-industry-a-tough-summer-draws-to-a-close-with-mcclatchy-chains/article_cd6828fe-ece6-5b64-8065-66cbf3cbc965.html
1322913142,20260914,202609,2026,2026.6959,GOV,PRESIDENT,,,,,,GOV,,,NGA,NIGERIA,NGA,,,,,,,,1,013,013,01,1,0.4,6,1,6,1.52505446623094,5,"Rivers State, Rivers, Nigeria",NI,NI50,23058,4.75,6.83333,-2025387,5,"Rivers State, Rivers, Nigeria",NI,NI50,23058,4.75,6.83333,-2025387,5,"Rivers State, Rivers, Nigeria",NI,NI50,23058,4.75,6.83333,-2025387,20260914063000,https://www.thetidenewsonline.com/2026/09/amaechi-has-no-chance-in-ikwerre-rivers-dike/
1322913143,20260914,202609,2026,2026.6959,GOV,PRESIDENT,,,,,,GOV,,,NGA,NIGERIA,NGA,,,,,,,,1,020,020,02,1,3.0,4,1,4,4.82233502538071,4,"Abuja, Abuja Federal Capital Territory, Nigeria",NI,NI11,191147,9.08333,7.53333,-1997013,4,"Tinubu, Lagos, Nigeria",NI,NI05,191300,6.51667,3.36667,-2027738,4,"New Delhi, Delhi, India",IN,IN07,17911,28.6,77.2,-2106102,20260914063000,https://www.thisdaylive.com/2026/09/14/fg-to-brics-its-high-time-rules-of-global-governance-finance-were-rewritten/
1322913144,20260914,202609,2026,2026.6959,GOV,GOVERNMENT,,,,,,GOV,,,POL,POLAND,POL,,,,,,,,1,026,026,02,1,4.0,8,1,8,-4.94117647058823,4,"Kyiv, Kyyiv, Misto, Ukraine",UP,UP12,28554,50.4333,30.5167,-1044367,4,"Kyiv, Kyyiv, Misto, Ukraine",UP,UP12,28554,50.4333,30.5167,-1044367,4,"Kyiv, Kyyiv, Misto, Ukraine",UP,UP12,28554,50.4333,30.5167,-1044367,20260914063000,https://www.kyivpost.com/post/84428
1322913145,20260914,202609,2026,2026.6959,GOV,GOVERNMENT,,,,,,GOV,,,POL,POLAND,POL,,,,,,,,1,026,026,02,1,4.0,2,1,2,-4.94117647058823,4,"Moscow, Moskva, Russia",RS,RS48,25106,55.7522,37.6156,-2960561,1,United Kingdom,UK,UK,,54,-4,UK,4,"Moscow, Moskva, Russia",RS,RS48,25106,55.7522,37.6156,-2960561,20260914063000,https://www.kyivpost.com/post/84428
1322913146,20260914,202609,2026,2026.6959,GOV,HEAD OF STATE,,,,,,GOV,,,ROU,ROMANIA,,,,,,,,,1,026,026,02,1,4.0,4,1,4,3.55029585798817,4,"Rovaniemi, Lapland, Finland",FI,FI26,16222,66.5,25.7167,-1384477,1,Romania,RO,RO,,46,25,RO,4,"Rovaniemi, Lapland, Finland",FI,FI26,16222,66.5,25.7167,-1384477,20260914063000,https://www.stiripesurse.ro/president-nicusor-dan-romania-supports-ambitious-eu-budget-stronger-nato-eastern-flank_3919790
1322913147,20260914,202609,2026,2026.6959,GOV,HEAD OF STATE,,,,,,GOV,,,ROU,ROMANIA,,,,,,,,,1,026,026,02,1,4.0,6,1,6,3.55029585798817,4,"Rovaniemi, Lapland, Finland",FI,FI26,16222,66.5,25.7167,-1384477,1,Romania,RO,RO,,46,25,RO,1,Romania,RO,RO,,46,25,RO,20260914063000,https://www.stiripesurse.ro/president-nicusor-dan-romania-supports-ambitious-eu-budget-stronger-nato-eastern-flank_3919790
1322913148,20260914,202609,2026,2026.6959,GOV,PRIME MINISTER,,,,,,GOV,,,RUS,RUSSIA,RUS,,,,,,,,1,040,040,04,1,1.0,1,1,1,1.00111234705229,4,"New Delhi, Delhi, India",IN,IN07,17911,28.6,77.2,-2106102,4,"New Delhi, Delhi, India",IN,IN07,17911,28.6,77.2,-2106102,4,"New Delhi, Delhi, India",IN,IN07,17911,28.6,77.2,-2106102,20260914063000,https://www.hindustantimes.com/india-news/india-russia-china-bonhomie-at-brics-what-the-narendra-modi-xi-jinping-vladimir-putin-group-photos-reveal-101789360596765.html
1322913149,20260914,202609,2026,2026.6959,GOV,PRIME MINISTER,,,,,,GOV,,,RUS,RUSSIA,RUS,,,,,,,,0,040,040,04,1,1.0,1,1,1,1.00111234705229,4,"New Delhi, Delhi, India",IN,IN07,17911,28.6,77.2,-2106102,4,"Moscow, Moskva, Russia",RS,RS48,25106,55.7522,37.6156,-2960561,4,"New Delhi, Delhi, India",IN,IN07,17911,28.6,77.2,-2106102,20260914063000,https://www.hindustantimes.com/india-news/india-russia-china-bonhomie-at-brics-what-the-narendra-modi-xi-jinping-vladimir-putin-group-photos-reveal-101789360596765.html
1322913150,20260914,202609,2026,2026.6959,GOV,PRIME MINISTER,,,,,,GOV,,,RUS,RUSSIA,RUS,,,,,,,,1,040,040,04,1,1.0,2,1,1,1.00111234705229,4,"New Delhi, Delhi, India",IN,IN07,17911,28.6,77.2,-2106102,4,"Moscow, Moskva, Russia",RS,RS48,25106,55.7522,37.6156,-2960561,4,"Moscow, Moskva, Russia",RS,RS48,25106,55.7522,37.6156,-2960561,20260914063000,https://www.hindustantimes.com/india-news/india-russia-china-bonhomie-at-brics-what-the-narendra-modi-xi-jinping-vladimir-putin-group-photos-reveal-101789360596765.html
1322913151,20260914,202609,2026,2026.6959,GOV,PRIME MINISTER,,,,,,GOV,,,RUS,RUSSIA,RUS,,,,,,,,1,040,040,04,1,1.0,2,1,1,1.00111234705229,4,"Moscow, Moskva, Russia",RS,RS48,25106,55.7522,37.6156,-2960561,4,"Moscow, Moskva, Russia",RS,RS48,25106,55.7522,37.6156,-2960561,4,"Moscow, Moskva, Russia",RS,RS48,25106,55.7522,37.6156,-2960561,20260914063000,https://www.hindustantimes.com/india-news/india-russia-china-bonhomie-at-brics-what-the-narendra-modi-xi-jinping-vladimir-putin-group-photos-reveal-101789360596765.html
1322913152,20260914,202609,2026,2026.6959,GOV,PRESIDENT,,,,,,GOV,,,UKR,UKRAINE,UKR,,,,,,,,0,040,040,04,1,1.0,2,1,2,-2.09606245756959,4,"Shahed, Fars, Iran",IR,IR07,25307,28.5934,52.2295,-3083999,4,"Lviv, L'vivs'ka Oblast', Ukraine",UP,UP15,28555,49.8407,24.0305,-1045268,4,"Shahed, Fars, Iran",IR,IR07,25307,28.5934,52.2295,-3083999,20260914063000,https://city.udn.com/2976/7291863?raid=7298519
1322913153,20260914,202609,2026,2026.6959,GOV,PRESIDENT,,,,,,GOV,,,UKR,UKRAINIAN,UKR,,,,,,,,0,040,040,04,1,1.0,3,1,3,-2.09606245756959,2,"Washington, United States",US,USWA,,47.3917,-121.571,WA,4,"Lviv, L'vivs'ka Oblast', Ukraine",UP,UP15,28555,49.8407,24.0305,-1045268,2,"Washington, United States",US,USWA,,47.3917,-121.571,WA,20260914063000,https://city.udn.com/2976/7291863?raid=7298519
1322913154,20260914,202609,2026,2026.6959,GOV,PRIME MINISTER,,,,,,GOV,,,UKR,UKRAINE,UKR,,,,,,,,1,051,051,05,1,3.4,6,1,6,-3.40740740740741,4,"Kyiv, Kyyiv, Misto, Ukraine",UP,UP12,28554,50.4333,30.5167,-1044367,4,"Kyiv, Kyyiv, Misto, Ukraine",UP,UP12,28554,50.4333,30.5167,-1044367,4,"Kyiv, Kyyiv, Misto, Ukraine",UP,UP12,28554,50.4333,30.5167,-1044367,20260914063000,https://www.kyivpost.com/post/84419
1322913155,20260914,202609,2026,2026.6959,GOV,PRIME MINISTER,,,,,,GOV,,,UKR,UKRAINE,UKR,,,,,,,,1,051,051,05,1,3.4,1,1,1,-3.40740740740741,4,"Kyiv, Kyyiv, Misto, Ukraine",UP,UP12,28554,50.4333,30.5167,-1044367,4,"Moscow, Moskva, Russia",RS,RS48,25106,55.7522,37.6156,-2960561,4,"Kyiv, Kyyiv, Misto, Ukraine",UP,UP12,28554,50.4333,30.5167,-1044367,20260914063000,https://www.kyivpost.com/post/84419
1322913156,20260914,202609,2026,2026.6959,GOV,PRESIDENT,,,,,,GOV,,,USA,UNITED STATES,USA,,,,,,,,0,010,010,01,1,0.0,1,1,1,-1.36842105263158,1,Spain,SP,SP,,40,-4,SP,1,Spain,SP,SP,,40,-4,SP,1,Spain,SP,SP,,40,-4,SP,20260914063000,http://www.greenevillesun.com/business/ap_business/for-the-us-news-industry-a-tough-summer-draws-to-a-close-with-mcclatchy-chains/article_cd6828fe-ece6-5b64-8065-66cbf3cbc965.html
1322913157,20260914,202609,2026,2026.6959,GOV,MINIST OF HOME AFFAIRS,,,,,,GOV,,,USA,THE US,USA,,,,,,,,0,020,020,02,1,3.0,10,1,10,-3.52564102564103,4,"Delhi, Delhi, India",IN,IN07,17911,28.6667,77.2167,-2094230,4,"Delhi, Delhi, India",IN,IN07,17911,28.6667,77.2167,-2094230,4,"Delhi, Delhi, India",IN,IN07,17911,28.6667,77.2167,-2094230,20260914063000,https://www.hindustantimes.com/ht-explainers/brics-backed-un-cybercrime-treaty-at-delhi-summit-what-it-does-why-india-has-not-signed-it-yet-101789363609661.html
1322913158,20260914,202609,2026,2026.6959,GOV,DIPLOMAT,,,,,,GOV,,,USA,WASHINGTON,USA,,,,,,,,0,040,040,04,1,1.0,10,1,10,-2.09606245756959,2,"Washington, United States",US,USWA,,47.3917,-121.571,WA,2,"Washington, United States",US,USWA,,47.3917,-121.571,WA,2,"Washington, United States",US,USWA,,47.3917,-121.571,WA,20260914063000,https://city.udn.com/2976/7291863?raid=7298519
1322913159,20260914,202609,2026,2026.6959,GOV,PRESIDENT,,,,,,GOV,,,USA,UNITED STATES,USA,,,,,,,,0,042,042,04,1,1.9,1,1,1,-2.09606245756959,2,"Washington, United States",US,USWA,,47.3917,-121.571,WA,2,"Washington, United States",US,USWA,,47.3917,-121.571,WA,4,"Lviv, L'vivs'ka Oblast', Ukraine",UP,UP15,28555,49.8407,24.0305,-1045268,20260914063000,https://city.udn.com/2976/7291863?raid=7298519
1322913160,20260914,202609,2026,2026.6959,GOV,PRESIDENT,,,,,,GOV,,,USA,WASHINGTON,USA,,,,,,,,0,042,042,04,1,1.9,2,1,2,-2.09606245756959,2,"Washington, United States",US,USWA,,47.3917,-121.571,WA,2,"Washington, United States",US,USWA,,47.3917,-121.571,WA,2,"Washington, United States",US,USWA,,47.3917,-121.571,WA,20260914063000,https://city.udn.com/2976/7291863?raid=7298519
1322913161,20260914,202609,2026,2026.6959,GOV,MINISTRY,,,,,,GOV,,,USA,ATLANTA,USA,,,,,,,,0,071,071,07,2,7.4,4,1,4,2.3121387283237,1,Jamaica,JM,JM,,18.25,-77.5,JM,3,"University Church, Florida, United States",US,USFL,,30.5308,-87.2155,292685,3,"University Church, Florida, United States",US,USFL,,30.5308,-87.2155,292685,20260914063000,https://jamaica-gleaner.com/article/news/20260914/father-god-gave-me-second-chance
1322913162,20260914,202609,2026,2026.6959,GOV,MINISTRY,,,,,,GOV,,,USA,UNITED STATES,USA,,,,,,,,0,071,071,07,2,7.4,1,1,1,2.3121387283237,1,Jamaica,JM,JM,,18.25,-77.5,JM,1,Jamaica,JM,JM,,18.25,-77.5,JM,1,Jamaica,JM,JM,,18.25,-77.5,JM,20260914063000,https://jamaica-gleaner.com/article/news/20260914/father-god-gave-me-second-chance
1322913163,20260914,202609,2026,2026.6959,GOV,MINIST OF HOME AFFAIRS,,,,,,GOV,,,USA,A US,USA,,,,,,,,0,080,080,08,2,5.0,10,1,10,-3.52564102564103,4,"Delhi, Delhi, India",IN,IN07,17911,28.6667,77.2167,-2094230,4,"Delhi, Delhi, India",IN,IN07,17911,28.6667,77.2167,-2094230,4,"Delhi, Delhi, India",IN,IN07,17911,28.6667,77.2167,-2094230,20260914063000,https://www.hindustantimes.com/ht-explainers/brics-backed-un-cybercrime-treaty-at-delhi-summit-what-it-does-why-india-has-not-signed-it-yet-101789363609661.html
1322913164,20260914,202609,2026,2026.6959,GOV,MINISTRY,,,,,,GOV,,,USA,ATLANTA,USA,,,,,,,,0,173,173,17,4,-5.0,4,1,4,2.3121387283237,1,Jamaica,JM,JM,,18.25,-77.5,JM,3,"University Church, Florida, United States",US,USFL,,30.5308,-87.2155,292685,1,Jamaica,JM,JM,,18.25,-77.5,JM,20260914063000,https://jamaica-gleaner.com/article/news/20260914/father-god-gave-me-second-chance
1322913165,20260914,202609,2026,2026.6959,GOV,MINISTRY,,,,,,GOV,,,USA,ATLANTA,USA,,,,,,,,0,173,173,17,4,-5.0,1,1,1,2.3121387283237,1,Jamaica,JM,JM,,18.25,-77.5,JM,1,Jamaica,JM,JM,,18.25,-77.5,JM,1,Jamaica,JM,JM,,18.25,-77.5,JM,20260914063000,https://jamaica-gleaner.com/article/news/20260914/father-god-gave-me-second-chance
1322913166,20260914,202609,2026,2026.6959,GOVGOV,GOVERNMENT,,,,,,GOV,GOV,,AUS,AUSTRALIAN,AUS,,,,,,,,1,043,043,04,1,2.8,30,3,30,-2.91859716221995,4,"Canberra, Australian Capital Territory, Australia",AS,AS01,4940,-35.2833,149.217,-1563952,4,"Canberra, Australian Capital Territory, Australia",AS,AS01,4940,-35.2833,149.217,-1563952,4,"Canberra, Australian Capital Territory, Australia",AS,AS01,4940,-35.2833,149.217,-1563952,20260914063000,https://www.northweststar.com.au/story/9350047/ai-dangers-downplayed-after-doomsday-warnings-bloom/
1322913167,20260914,202609,2026,2026.6959,HIN,HINDU,,,,HIN,,,,,,,,,,,,,,,1,051,051,05,1,3.4,10,1,10,21.1630695443645,0,,,,,,,,0,,,,,,,,0,,,,,,,,20260914063000,https://www.hindustantimes.com/lifestyle/festivals/happy-ganesh-chaturthi-2026-wishes-250-vinayaka-chaturthi-images-greetings-gifs-and-whatsapp-status-to-share-101789357822906.html
1322913168,20260914,202609,2026,2026.6959,HIN,HINDU,,,,HIN,,,,,,,,,,,,,,,1,051,051,05,1,3.4,4,1,4,10.4065040650406,4,"Mumbai, Maharashtra, India",IN,IN16,70184,18.975,72.8258,-2092174,0,,,,,,,,4,"Mumbai, Maharashtra, India",IN,IN16,70184,18.975,72.8258,-2092174,20260914063000,https://bilkulonline.com/2026/09/14/ganesh-chaturthi-celebrations-sweep-india-devotees-throng-maharashtra-temples-pandals/
1322913169,20260914,202609,2026,2026.6959,HIN,HINDU,,,,HIN,,,,,,,,,,,,,,,1,051,051,05,1,3.4,6,1,6,10.4065040650406,4,"Nagpur, Maharashtra, India",IN,IN16,17784,21.15,79.1,-2105396,0,,,,,,,,4,"Nagpur, Maharashtra, India",IN,IN16,17784,21.15,79.1,-2105396,20260914063000,https://bilkulonline.com/2026/09/14/ganesh-chaturthi-celebrations-sweep-india-devotees-throng-maharashtra-temples-pandals/
1322913170,20260914,202609,2026,2026.6959,HLH,DOCTOR,,,,,,HLH,,,,,,,,,,,,,0,041,041,04,1,1.0,5,1,5,-1.84049079754601,0,,,,,,,,0,,,,,,,,0,,,,,,,,20260914063000,https://www.berkshireeagle.com/history/eagle-archives-sept-14-1966-when-it-comes-to-local-connections-you-can-t-beat-mrs-lillian-belcher/article_e60ec1a7-f1f0-4192-bf27-daf72ed8495d.html
1322913171,20260914,202609,2026,2026.6959,HLH,HOSPITAL,,,,,,HLH,,,,,,,,,,,,,0,173,173,17,4,-5.0,5,1,5,-4.13533834586466,0,,,,,,,,0,,,,,,,,0,,,,,,,,20260914063000,https://www.philstar.com/nation/2026/09/14/2556217/bloody-incidents-rock-barmm-polls-cotabato-city
1322913172,20260914,202609,2026,2026.6959,HLH,DOCTOR,,,,,,HLH,,,AUS,QUEENSLAND,AUS,,,,,,,,1,042,042,04,1,1.9,10,1,10,-1.05263157894737,0,,,,,,,,0,,,,,,,,0,,,,,,,,20260914063000,https://www.northweststar.com.au/story/9349899/adels-grove-man-airlifted-after-serious-motorcycle-incident/
1322913173,20260914,202609,2026,2026.6959,HLH,DOCTOR,,,,,,HLH,,,AUS,QUEENSLAND,AUS,,,,,,,,1,043,043,04,1,2.8,10,1,10,-1.05263157894737,0,,,,,,,,0,,,,,,,,0,,,,,,,,20260914063000,https://www.northweststar.com.au/story/9349899/adels-grove-man-airlifted-after-serious-motorcycle-incident/
1322913174,20260914,202609,2026,2026.6959,HLH,HOSPITAL,,,,,,HLH,,,BUS,AIRLINE,,,,,,BUS,,,0,043,043,04,1,2.8,4,1,4,-1.17302052785923,4,"Mumbai, Maharashtra, India",IN,IN16,70184,18.975,72.8258,-2092174,4,"Mumbai, Maharashtra, India",IN,IN16,70184,18.975,72.8258,-2092174,4,"Delhi, Delhi, India",IN,IN07,17911,28.6667,77.2167,-2094230,20260914063000,https://bilkulonline.com/2026/09/14/air-india-mumbai-dehradun-flight-diverted-to-lucknow-due-to-bad-weather/
1322913175,20260914,202609,2026,2026.6959,HLH,HOSPITAL,,,,,,HLH,,,BUS,AIRLINE,,,,,,BUS,,,0,043,043,04,1,2.8,6,1,6,-1.17302052785923,4,"Delhi, Delhi, India",IN,IN07,17911,28.6667,77.2167,-2094230,4,"Mumbai, Maharashtra, India",IN,IN16,70184,18.975,72.8258,-2092174,4,"Delhi, Delhi, India",IN,IN07,17911,28.6667,77.2167,-2094230,20260914063000,https://bilkulonline.com/2026/09/14/air-india-mumbai-dehradun-flight-diverted-to-lucknow-due-to-bad-weather/
1322913176,20260914,202609,2026,2026.6959,HLH,DOCTOR,,,,,,HLH,,,PSE,GAZA,PSE,,,,,,,,1,040,040,04,1,1.0,1,1,1,-5.09031198686371,4,"Khan Yunis, Gaza Strip (general), Gaza Strip",GZ,GZ00,18315,31.3402,34.3063,-797165,4,"Gaza, Israel (general), Israel",IS,IS00,18315,31.4167,34.3333,-797156,4,"Khan Yunis, Gaza Strip (general), Gaza Strip",GZ,GZ00,18315,31.3402,34.3063,-797165,20260914063000,https://www.arabnews.com/middle-east/incubator-shortages-premature-births-strain-gazas-hospitals-3001629
1322913177,20260914,202609,2026,2026.6959,HLH,DOCTOR,,,,,,HLH,,,PSE,GAZA,PSE,,,,,,,,1,040,040,04,1,1.0,3,1,3,-5.09031198686371,4,"Khan Yunis, Gaza Strip (general), Gaza Strip",GZ,GZ00,18315,31.3402,34.3063,-797165,4,"Khan Yunis, Gaza Strip (general), Gaza Strip",GZ,GZ00,18315,31.3402,34.3063,-797165,4,"Khan Yunis, Gaza Strip (general), Gaza Strip",GZ,GZ00,18315,31.3402,34.3063,-797165,20260914063000,https://www.arabnews.com/middle-east/incubator-shortages-premature-births-strain-gazas-hospitals-3001629
1322913178,20260914,202609,2026,2026.6959,HTI,HAITIAN,HTI,,,,,,,,CHNBUS,CHINA,CHN,,,,,BUS,,,1,111,111,11,3,-2.0,5,1,5,1.22448979591836,1,Haiti,HA,HA,,19,-72.416667,HA,4,"Amoy, Fujian, China",CH,CH07,13010,24.4798,118.082,-1931546,4,"Amoy, Fujian, China",CH,CH07,13010,24.4798,118.082,-1931546,20260914063000,https://www.humanresourcesonline.net/century-old-hong-kong-brand-amoy-food-sold-to-china-s-largest-condiment-maker
1322913179,20260914,202609,2026,2026.6959,IDN,KALIMANTAN,IDN,,,,,,,,,,,,,,,,,,0,042,042,04,1,1.9,4,1,4,-2.12014134275619,5,"South Kalimantan, Kalimantan Selatan, Indonesia",ID,ID12,18585,-2.5,115.5,-2680738,0,,,,,,,,5,"East Java, Jawa Timur, Indonesia",ID,ID08,18585,-7.7394,112.51,-2679925,20260914063000,http://www.bruneinews.net/news/279305070/at-least-6-dead-130-missing-after-indonesia-passenger-vessel-accident
1322913180,20260914,202609,2026,2026.6959,IDN,INDONESIA,IDN,,,,,,,,AUS,AUSTRALIAN,AUS,,,,,,,,1,040,040,04,1,1.0,1,1,1,-6.37813211845103,4,"Nusa Penida, Indonesia (general), Indonesia",ID,ID00,18585,-8.73333,115.533,-2692178,4,"Bali, Jawa Timur, Indonesia",ID,ID08,18585,-7.1046,112.337,10205777,4,"Bali, Jawa Timur, Indonesia",ID,ID08,18585,-7.1046,112.337,10205777,20260914063000,https://www.perthnow.com.au/news/australia/desperate-final-moments-before-queensland-woman-brianna-cronin-fell-to-her-death-at-beach-in-nusa-penida-bali-c-22867873
1322913181,20260914,202609,2026,2026.6959,IDN,INDONESIA,IDN,,,,,,,,AUS,AUSTRALIAN,AUS,,,,,,,,1,040,040,04,1,1.0,2,1,2,-6.37813211845103,4,"Nusa Penida, Indonesia (general), Indonesia",ID,ID00,18585,-8.73333,115.533,-2692178,1,Australia,AS,AS,,-25,135,AS,1,Australia,AS,AS,,-25,135,AS,20260914063000,https://www.perthnow.com.au/news/australia/desperate-final-moments-before-queensland-woman-brianna-cronin-fell-to-her-death-at-beach-in-nusa-penida-bali-c-22867873
1322913182,20260914,202609,2026,2026.6959,IGOEUREEC,EUROPEAN UNION,EUR,EEC,,,,IGO,,,,,,,,,,,,,0,057,057,05,1,8.0,5,1,5,-3.52564102564103,4,"Haryana, Haryana, India",IN,IN10,17660,29.6161,76.9806,6210381,0,,,,,,,,4,"Haryana, Haryana, India",IN,IN10,17660,29.6161,76.9806,6210381,20260914063000,https://www.hindustantimes.com/ht-explainers/brics-backed-un-cybercrime-treaty-at-delhi-summit-what-it-does-why-india-has-not-signed-it-yet-101789363609661.html
1322913183,20260914,202609,2026,2026.6959,IGOEUREEC,THE EUROPEAN UNION,EUR,EEC,,,,IGO,,,GOV,PRESIDENT,,,,,,GOV,,,1,040,040,04,1,1.0,8,1,8,3.55029585798817,1,Romania,RO,RO,,46,25,RO,1,Romania,RO,RO,,46,25,RO,1,Romania,RO,RO,,46,25,RO,20260914063000,https://www.stiripesurse.ro/president-nicusor-dan-romania-supports-ambitious-eu-budget-stronger-nato-eastern-flank_3919790
1322913184,20260914,202609,2026,2026.6959,IGOEUREEC,THE EUROPEAN UNION,EUR,EEC,,,,IGO,,,ROUGOV,ROMANIA,,,,,,GOV,,,1,040,040,04,1,1.0,2,1,2,3.55029585798817,1,Romania,RO,RO,,46,25,RO,1,Romania,RO,RO,,46,25,RO,1,Romania,RO,RO,,46,25,RO,20260914063000,https://www.stiripesurse.ro/president-nicusor-dan-romania-supports-ambitious-eu-budget-stronger-nato-eastern-flank_3919790
1322913185,20260914,202609,2026,2026.6959,IND,DELHI,IND,,,,,,,,,,,,,,,,,,1,046,046,04,1,7.0,3,1,3,1.00111234705229,4,"Delhi, Delhi, India",IN,IN07,17911,28.6667,77.2167,-2094230,0,,,,,,,,4,"Delhi, Delhi, India",IN,IN07,17911,28.6667,77.2167,-2094230,20260914063000,https://www.hindustantimes.com/india-news/india-russia-china-bonhomie-at-brics-what-the-narendra-modi-xi-jinping-vladimir-putin-group-photos-reveal-101789360596765.html
1322913186,20260914,202609,2026,2026.6959,IND,DELHI,IND,,,,,,,,,,,,,,,,,,1,046,046,04,1,7.0,1,1,1,1.00111234705229,4,"New Delhi, Delhi, India",IN,IN07,17911,28.6,77.2,-2106102,0,,,,,,,,4,"Beijing, Beijing, China",CH,CH22,13001,39.9289,116.388,-1898541,20260914063000,https://www.hindustantimes.com/india-news/india-russia-china-bonhomie-at-brics-what-the-narendra-modi-xi-jinping-vladimir-putin-group-photos-reveal-101789360596765.html
1322913187,20260914,202609,2026,2026.6959,IND,DELHI,IND,,,,,,,,,,,,,,,,,,1,057,057,05,1,8.0,1,1,1,-3.52564102564103,4,"Haryana, Haryana, India",IN,IN10,17660,29.6161,76.9806,6210381,0,,,,,,,,4,"Haryana, Haryana, India",IN,IN10,17660,29.6161,76.9806,6210381,20260914063000,https://www.hindustantimes.com/ht-explainers/brics-backed-un-cybercrime-treaty-at-delhi-summit-what-it-does-why-india-has-not-signed-it-yet-101789363609661.html
1322913188,20260914,202609,2026,2026.6959,IND,JAMMU AND KASHMIR,IND,,,,,,,,,,,,,,,,,,1,193,193,19,4,-10.0,10,1,10,-11.3207547169811,0,,,,,,,,0,,,,,,,,0,,,,,,,,20260914063000,https://kashmirlife.net/jammu-kashmir-one-killed-several-injured-after-passenger-matador-overturns-451635/
1322913189,20260914,202609,2026,2026.6959,IND,LUCKNOW,IND,,,,,,,,COP,POLICE,,,,,,COP,,,1,020,020,02,1,3.0,1,1,1,-7.17488789237666,1,Egypt,EG,EG,,27,30,EG,1,Egypt,EG,EG,,27,30,EG,1,Egypt,EG,EG,,27,30,EG,20260914063000,https://www.hindustantimes.com/cities/lucknow-news/lucknow-traffic-police-launch-qr-code-campaign-to-fix-traffic-calls-on-citizens-to-suggest-fix-101789363402213.html
1322913190,20260914,202609,2026,2026.6959,IND,LUCKNOW,IND,,,,,,,,CVL,CITIZEN,,,,,,CVL,,,1,020,020,02,1,3.0,3,1,3,-7.17488789237666,1,Egypt,EG,EG,,27,30,EG,1,Egypt,EG,EG,,27,30,EG,1,Egypt,EG,EG,,27,30,EG,20260914063000,https://www.hindustantimes.com/cities/lucknow-news/lucknow-traffic-police-launch-qr-code-campaign-to-fix-traffic-calls-on-citizens-to-suggest-fix-101789363402213.html
1322913191,20260914,202609,2026,2026.6959,IND,LUCKNOW,IND,,,,,,,,CVL,CITIZEN,,,,,,CVL,,,1,100,100,10,3,-5.0,3,1,3,-7.17488789237666,4,"Lucknow, Uttar Pradesh, India",IN,IN36,17941,26.85,80.9167,-2102835,4,"Lucknow, Uttar Pradesh, India",IN,IN36,17941,26.85,80.9167,-2102835,4,"Lucknow, Uttar Pradesh, India",IN,IN36,17941,26.85,80.9167,-2102835,20260914063000,https://www.hindustantimes.com/cities/lucknow-news/lucknow-traffic-police-launch-qr-code-campaign-to-fix-traffic-calls-on-citizens-to-suggest-fix-101789363402213.html
1322913192,20260914,202609,2026,2026.6959,IND,LUCKNOW,IND,,,,,,,,CVL,CITIZEN,,,,,,CVL,,,1,100,100,10,3,-5.0,2,1,2,-7.17488789237666,1,Egypt,EG,EG,,27,30,EG,1,Egypt,EG,EG,,27,30,EG,1,Egypt,EG,EG,,27,30,EG,20260914063000,https://www.hindustantimes.com/cities/lucknow-news/lucknow-traffic-police-launch-qr-code-campaign-to-fix-traffic-calls-on-citizens-to-suggest-fix-101789363402213.html
1322913193,20260914,202609,2026,2026.6959,IND,LUCKNOW,IND,,,,,,,,MED,WEBSITE,,,,,,MED,,,1,042,042,04,1,1.9,3,1,3,-1.17302052785923,4,"Mumbai, Maharashtra, India",IN,IN16,70184,18.975,72.8258,-2092174,4,"Mumbai, Maharashtra, India",IN,IN16,70184,18.975,72.8258,-2092174,4,"Mumbai, Maharashtra, India",IN,IN16,70184,18.975,72.8258,-2092174,20260914063000,https://bilkulonline.com/2026/09/14/air-india-mumbai-dehradun-flight-diverted-to-lucknow-due-to-bad-weather/
1322913194,20260914,202609,2026,2026.6959,IND,MANIPUR,IND,,,,,,,,nag,NAGA,,,nag,,,,,,1,180,180,18,4,-9.0,10,1,10,-10.0852272727273,0,,,,,,,,0,,,,,,,,0,,,,,,,,20260914063000,https://www.hindustantimes.com/india-news/manipur-4-naga-homes-set-afire-in-retaliatory-attack-hours-after-kuki-killings-101789365061070.html
1322913195,20260914,202609,2026,2026.6959,IND,MANIPUR,IND,,,,,,,,nag,NAGA,,,nag,,,,,,1,190,190,19,4,-10.0,10,1,10,-10.0852272727273,0,,,,,,,,0,,,,,,,,0,,,,,,,,20260914063000,https://www.hindustantimes.com/india-news/manipur-4-naga-homes-set-afire-in-retaliatory-attack-hours-after-kuki-killings-101789365061070.html
1322913196,20260914,202609,2026,2026.6959,IRN,IRAN,IRN,,,,,,,,AUT,VIENNA,AUT,,,,,,,,1,042,042,04,1,1.9,8,1,8,-2.27272727272727,1,Iran,IR,IR,,32,53,IR,4,"Vienna, Wien, Austria",AU,AU09,5672,48.2,16.3667,-1995499,4,"Vienna, Wien, Austria",AU,AU09,5672,48.2,16.3667,-1995499,20260914063000,https://wohfradio.com/national-news/irans-nuclear-chief-not-expected-to-attend-iaea-general-conference-official-says/
1322913197,20260914,202609,2026,2026.6959,IRN,IRAN,IRN,,,,,,,,AUT,AUSTRIA,AUT,,,,,,,,1,042,042,04,1,1.9,2,1,2,-2.27272727272727,1,Iran,IR,IR,,32,53,IR,4,"Vienna, Wien, Austria",AU,AU09,5672,48.2,16.3667,-1995499,1,Iran,IR,IR,,32,53,IR,20260914063000,https://wohfradio.com/national-news/irans-nuclear-chief-not-expected-to-attend-iaea-general-conference-official-says/
1322913198,20260914,202609,2026,2026.6959,IRN,IRAN,IRN,,,,,,,,CHN,CHINA,CHN,,,,,,,,0,010,010,01,1,0.0,1,1,1,-2.09606245756959,4,"Lviv, L'vivs'ka Oblast', Ukraine",UP,UP15,28555,49.8407,24.0305,-1045268,4,"Beijing, Beijing, China",CH,CH22,13001,39.9289,116.388,-1898541,4,"Beijing, Beijing, China",CH,CH22,13001,39.9289,116.388,-1898541,20260914063000,https://city.udn.com/2976/7291863?raid=7298519
1322913199,20260914,202609,2026,2026.6959,IRN,IRAN,IRN,,,,,,,,CHN,CHINA,CHN,,,,,,,,0,010,010,01,1,0.0,1,1,1,-2.09606245756959,4,"Tehran, Tehran, Iran",IR,IR26,41130,35.75,51.5148,10074674,4,"Beijing, Beijing, China",CH,CH22,13001,39.9289,116.388,-1898541,4,"Moscow, Moskva, Russia",RS,RS48,25106,55.7522,37.6156,-2960561,20260914063000,https://city.udn.com/2976/7291863?raid=7298519
1322913200,20260914,202609,2026,2026.6959,IRN,IRAN,IRN,,,,,,,,GOV,PRIME MINISTER,,,,,,GOV,,,0,040,040,04,1,1.0,1,1,1,1.00111234705229,1,Iran,IR,IR,,32,53,IR,4,"New Delhi, Delhi, India",IN,IN07,17911,28.6,77.2,-2106102,4,"New Delhi, Delhi, India",IN,IN07,17911,28.6,77.2,-2106102,20260914063000,https://www.hindustantimes.com/india-news/india-russia-china-bonhomie-at-brics-what-the-narendra-modi-xi-jinping-vladimir-putin-group-photos-reveal-101789360596765.html
1322913201,20260914,202609,2026,2026.6959,IRN,IRAN,IRN,,,,,,,,GOV,PRIME MINISTER,,,,,,GOV,,,0,046,046,04,1,7.0,1,1,1,1.00111234705229,1,Iran,IR,IR,,32,53,IR,4,"New Delhi, Delhi, India",IN,IN07,17911,28.6,77.2,-2106102,4,"New Delhi, Delhi, India",IN,IN07,17911,28.6,77.2,-2106102,20260914063000,https://www.hindustantimes.com/india-news/india-russia-china-bonhomie-at-brics-what-the-narendra-modi-xi-jinping-vladimir-putin-group-photos-reveal-101789360596765.html
1322913202,20260914,202609,2026,2026.6959,IRN,IRAN,IRN,,,,,,,,IGOEUREEC,THE EU,EUR,EEC,,,,IGO,,,0,020,020,02,1,3.0,1,1,1,-2.09606245756959,4,"Shahed, Fars, Iran",IR,IR07,25307,28.5934,52.2295,-3083999,4,"Lviv, L'vivs'ka Oblast', Ukraine",UP,UP15,28555,49.8407,24.0305,-1045268,4,"Lviv, L'vivs'ka Oblast', Ukraine",UP,UP15,28555,49.8407,24.0305,-1045268,20260914063000,https://city.udn.com/2976/7291863?raid=7298519
1322913203,20260914,202609,2026,2026.6959,IRN,IRAN,IRN,,,,,,,,IGOEUREEC,THE EU,EUR,EEC,,,,IGO,,,0,020,020,02,1,3.0,1,1,1,-2.09606245756959,4,"Shahed, Fars, Iran",IR,IR07,25307,28.5934,52.2295,-3083999,2,"Maine, United States",US,USME,,44.6074,-69.3977,ME,4,"Shahed, Fars, Iran",IR,IR07,25307,28.5934,52.2295,-3083999,20260914063000,https://city.udn.com/2976/7291863?raid=7298519
1322913204,20260914,202609,2026,2026.6959,IRN,IRAN,IRN,,,,,,,,IGOUNOIAE,IAEA,,UNO,,,,IGO,,,1,125,125,12,3,-5.0,10,1,10,-2.27272727272727,1,Iran,IR,IR,,32,53,IR,1,Iran,IR,IR,,32,53,IR,1,Iran,IR,IR,,32,53,IR,20260914063000,https://wohfradio.com/national-news/irans-nuclear-chief-not-expected-to-attend-iaea-general-conference-official-says/
1322913205,20260914,202609,2026,2026.6959,IRN,IRAN,IRN,,,,,,,,MIL,MILITARY,,,,,,MIL,,,0,016,016,01,1,-2.0,2,1,2,-2.09606245756959,4,"Lviv, L'vivs'ka Oblast', Ukraine",UP,UP15,28555,49.8407,24.0305,-1045268,4,"Shahed, Fars, Iran",IR,IR07,25307,28.5934,52.2295,-3083999,4,"Shahed, Fars, Iran",IR,IR07,25307,28.5934,52.2295,-3083999,20260914063000,https://city.udn.com/2976/7291863?raid=7298519
1322913206,20260914,202609,2026,2026.6959,IRN,IRAN,IRN,,,,,,,,MIL,MILITARY,,,,,,MIL,,,0,016,016,01,1,-2.0,8,1,8,-2.09606245756959,4,"Shahed, Fars, Iran",IR,IR07,25307,28.5934,52.2295,-3083999,4,"Kremlin, Moskva, Russia",RS,RS48,25106,55.7522,37.6156,-2960561,4,"Shahed, Fars, Iran",IR,IR07,25307,28.5934,52.2295,-3083999,20260914063000,https://city.udn.com/2976/7291863?raid=7298519
1322913207,20260914,202609,2026,2026.6959,IRN,IRAN,IRN,,,,,,,,RUS,RUSSIA,RUS,,,,,,,,0,0332,033,03,1,5.2,10,1,10,-2.09606245756959,4,"Shahed, Fars, Iran",IR,IR07,25307,28.5934,52.2295,-3083999,4,"Kremlin, Moskva, Russia",RS,RS48,25106,55.7522,37.6156,-2960561,4,"Kremlin, Moskva, Russia",RS,RS48,25106,55.7522,37.6156,-2960561,20260914063000,https://city.udn.com/2976/7291863?raid=7298519
1322913208,20260914,202609,2026,2026.6959,IRN,IRAN,IRN,,,,,,,,RUS,RUSSIA,RUS,,,,,,,,0,060,060,06,2,6.0,2,1,2,-2.09606245756959,4,"Lviv, L'vivs'ka Oblast', Ukraine",UP,UP15,28555,49.8407,24.0305,-1045268,4,"Kremlin, Moskva, Russia",RS,RS48,25106,55.7522,37.6156,-2960561,4,"Kremlin, Moskva, Russia",RS,RS48,25106,55.7522,37.6156,-2960561,20260914063000,https://city.udn.com/2976/7291863?raid=7298519
1322913209,20260914,202609,2026,2026.6959,IRN,IRAN,IRN,,,,,,,,RUS,RUSSIA,RUS,,,,,,,,0,060,060,06,2,6.0,8,1,8,-2.09606245756959,4,"Shahed, Fars, Iran",IR,IR07,25307,28.5934,52.2295,-3083999,4,"Kremlin, Moskva, Russia",RS,RS48,25106,55.7522,37.6156,-2960561,4,"Kremlin, Moskva, Russia",RS,RS48,25106,55.7522,37.6156,-2960561,20260914063000,https://city.udn.com/2976/7291863?raid=7298519
1322913210,20260914,202609,2026,2026.6959,IRN,IRAN,IRN,,,,,,,,RUS,RUSSIA,RUS,,,,,,,,0,072,072,07,2,8.3,2,1,2,-2.09606245756959,4,"Lviv, L'vivs'ka Oblast', Ukraine",UP,UP15,28555,49.8407,24.0305,-1045268,4,"Kremlin, Moskva, Russia",RS,RS48,25106,55.7522,37.6156,-2960561,4,"Shahed, Fars, Iran",IR,IR07,25307,28.5934,52.2295,-3083999,20260914063000,https://city.udn.com/2976/7291863?raid=7298519
1322913211,20260914,202609,2026,2026.6959,IRN,IRAN,IRN,,,,,,,,RUS,RUSSIA,RUS,,,,,,,,0,072,072,07,2,8.3,2,1,2,-2.09606245756959,4,"Shahed, Fars, Iran",IR,IR07,25307,28.5934,52.2295,-3083999,4,"Moscow, Moskva, Russia",RS,RS48,25106,55.7522,37.6156,-2960561,4,"Moscow, Moskva, Russia",RS,RS48,25106,55.7522,37.6156,-2960561,20260914063000,https://city.udn.com/2976/7291863?raid=7298519
1322913212,20260914,202609,2026,2026.6959,IRN,IRAN,IRN,,,,,,,,RUS,RUSSIA,RUS,,,,,,,,0,072,072,07,2,8.3,6,1,6,-2.09606245756959,4,"Shahed, Fars, Iran",IR,IR07,25307,28.5934,52.2295,-3083999,4,"Kremlin, Moskva, Russia",RS,RS48,25106,55.7522,37.6156,-2960561,4,"Shahed, Fars, Iran",IR,IR07,25307,28.5934,52.2295,-3083999,20260914063000,https://city.udn.com/2976/7291863?raid=7298519
1322913213,20260914,202609,2026,2026.6959,IRN,IRAN,IRN,,,,,,,,UIS,MEMBER NATION,,,,,,UIS,,,1,125,125,12,3,-5.0,10,1,10,-2.27272727272727,1,Iran,IR,IR,,32,53,IR,4,"Vienna, Wien, Austria",AU,AU09,5672,48.2,16.3667,-1995499,1,Iran,IR,IR,,32,53,IR,20260914063000,https://wohfradio.com/national-news/irans-nuclear-chief-not-expected-to-attend-iaea-general-conference-official-says/
1322913214,20260914,202609,2026,2026.6959,IRN,IRAN,IRN,,,,,,,,UKR,UKRAINE,UKR,,,,,,,,0,020,020,02,1,3.0,1,1,1,-2.09606245756959,4,"Shahed, Fars, Iran",IR,IR07,25307,28.5934,52.2295,-3083999,4,"Lviv, L'vivs'ka Oblast', Ukraine",UP,UP15,28555,49.8407,24.0305,-1045268,4,"Lviv, L'vivs'ka Oblast', Ukraine",UP,UP15,28555,49.8407,24.0305,-1045268,20260914063000,https://city.udn.com/2976/7291863?raid=7298519
1322913215,20260914,202609,2026,2026.6959,IRN,IRAN,IRN,,,,,,,,UKR,UKRAINE,UKR,,,,,,,,0,020,020,02,1,3.0,1,1,1,-2.09606245756959,4,"Shahed, Fars, Iran",IR,IR07,25307,28.5934,52.2295,-3083999,4,"Shahed, Fars, Iran",IR,IR07,25307,28.5934,52.2295,-3083999,4,"Shahed, Fars, Iran",IR,IR07,25307,28.5934,52.2295,-3083999,20260914063000,https://city.udn.com/2976/7291863?raid=7298519
1322913216,20260914,202609,2026,2026.6959,IRN,IRANIAN,IRN,,,,,,,,UKR,UKRAINE,UKR,,,,,,,,0,111,111,11,3,-2.0,1,1,1,-2.09606245756959,4,"Moscow, Moskva, Russia",RS,RS48,25106,55.7522,37.6156,-2960561,4,"Lviv, L'vivs'ka Oblast', Ukraine",UP,UP15,28555,49.8407,24.0305,-1045268,4,"Lviv, L'vivs'ka Oblast', Ukraine",UP,UP15,28555,49.8407,24.0305,-1045268,20260914063000,https://city.udn.com/2976/7291863?raid=7298519
1322913217,20260914,202609,2026,2026.6959,IRN,IRANIAN,IRN,,,,,,,,UKR,UKRAINE,UKR,,,,,,,,0,111,111,11,3,-2.0,1,1,1,-2.09606245756959,4,"Tehran, Tehran, Iran",IR,IR26,41130,35.75,51.5148,10074674,4,"Lviv, L'vivs'ka Oblast', Ukraine",UP,UP15,28555,49.8407,24.0305,-1045268,4,"Lviv, L'vivs'ka Oblast', Ukraine",UP,UP15,28555,49.8407,24.0305,-1045268,20260914063000,https://city.udn.com/2976/7291863?raid=7298519
1322913218,20260914,202609,2026,2026.6959,IRNGOV,IRAN,IRN,,,,,GOV,,,UKR,UKRAINE,UKR,,,,,,,,0,040,040,04,1,1.0,2,1,2,-2.09606245756959,4,"Shahed, Fars, Iran",IR,IR07,25307,28.5934,52.2295,-3083999,4,"Moscow, Moskva, Russia",RS,RS48,25106,55.7522,37.6156,-2960561,4,"Shahed, Fars, Iran",IR,IR07,25307,28.5934,52.2295,-3083999,20260914063000,https://city.udn.com/2976/7291863?raid=7298519
1322913219,20260914,202609,2026,2026.6959,IRNGOV,IRANIAN,IRN,,,,,GOV,,,UKR,UKRAINE,UKR,,,,,,,,0,111,111,11,3,-2.0,3,1,3,-2.09606245756959,4,"Tehran, Tehran, Iran",IR,IR26,41130,35.75,51.5148,10074674,4,"Lviv, L'vivs'ka Oblast', Ukraine",UP,UP15,28555,49.8407,24.0305,-1045268,4,"Lviv, L'vivs'ka Oblast', Ukraine",UP,UP15,28555,49.8407,24.0305,-1045268,20260914063000,https://city.udn.com/2976/7291863?raid=7298519
1322913220,20260914,202609,2026,2026.6959,IRQ,IRAQ,IRQ,,,,,,,,,,,,,,,,,,0,043,043,04,1,2.8,2,1,2,-2.09606245756959,4,"Toronto, Ontario, Canada",CA,CA08,12686,43.6667,-79.4167,-574890,0,,,,,,,,4,"Toronto, Ontario, Canada",CA,CA08,12686,43.6667,-79.4167,-574890,20260914063000,https://city.udn.com/2976/7291863?raid=7298519
1322913221,20260914,202609,2026,2026.6959,ITAGOV,GIORGIA MELONI,ITA,,,,,GOV,,,UKRMIL,UKRAINE,UKR,,,,,MIL,,,1,120,120,12,3,-4.0,5,1,5,-5.68603213844252,4,"Kyiv, Kyyiv, Misto, Ukraine",UP,UP12,28554,50.4333,30.5167,-1044367,4,"Kyiv, Kyyiv, Misto, Ukraine",UP,UP12,28554,50.4333,30.5167,-1044367,4,"Kyiv, Kyyiv, Misto, Ukraine",UP,UP12,28554,50.4333,30.5167,-1044367,20260914063000,https://www.kyivpost.com/post/84418
1322913222,20260914,202609,2026,2026.6959,JAM,JAMAICA,JAM,,,,,,,,,,,,,,,,,,1,010,010,01,1,0.0,2,1,2,0.0942507068802998,4,"Spanish Town, Saint Catherine, Jamaica",JM,JM10,18427,17.9911,-76.9574,-3753828,0,,,,,,,,4,"Spanish Town, Saint Catherine, Jamaica",JM,JM10,18427,17.9911,-76.9574,-3753828,20260914063000,https://jamaica-gleaner.com/article/news/20260914/never-okay
1322913223,20260914,202609,2026,2026.6959,JAM,JAMAICA,JAM,,,,,,,,,,,,,,,,,,1,020,020,02,1,3.0,4,1,4,-11.0236220472441,4,"Port Antonio, Portland, Jamaica",JM,JM07,18424,18.18,-76.4612,-3753287,0,,,,,,,,4,"Port Antonio, Portland, Jamaica",JM,JM07,18424,18.18,-76.4612,-3753287,20260914063000,https://jamaica-gleaner.com/article/news/20260914/jfb-sounds-alarm-over-fire-risks-facing-elderly
1322913224,20260914,202609,2026,2026.6959,JAM,JAMAICAN,JAM,,,,,,,,,,,,,,,,,,0,020,020,02,1,3.0,8,1,8,0.0942507068802998,4,"Spanish Town, Saint Catherine, Jamaica",JM,JM10,18427,17.9911,-76.9574,-3753828,0,,,,,,,,4,"Spanish Town, Saint Catherine, Jamaica",JM,JM10,18427,17.9911,-76.9574,-3753828,20260914063000,https://jamaica-gleaner.com/article/news/20260914/never-okay
1322913225,20260914,202609,2026,2026.6959,JAM,JAMAICA,JAM,,,,,,,,,,,,,,,,,,1,020,020,02,1,3.0,4,1,4,2.3121387283237,1,Jamaica,JM,JM,,18.25,-77.5,JM,0,,,,,,,,1,Jamaica,JM,JM,,18.25,-77.5,JM,20260914063000,https://jamaica-gleaner.com/article/news/20260914/father-god-gave-me-second-chance
1322913226,20260914,202609,2026,2026.6959,JAM,JAMAICA,JAM,,,,,,,,,,,,,,,,,,1,1712,171,17,4,-9.2,4,1,4,2.3121387283237,2,"Florida, United States",US,USFL,,27.8333,-81.717,FL,0,,,,,,,,2,"Florida, United States",US,USFL,,27.8333,-81.717,FL,20260914063000,https://jamaica-gleaner.com/article/news/20260914/father-god-gave-me-second-chance
1322913227,20260914,202609,2026,2026.6959,JAM,JAMAICA,JAM,,,,,,,,,,,,,,,,,,1,193,193,19,4,-10.0,4,1,4,2.3121387283237,1,Jamaica,JM,JM,,18.25,-77.5,JM,0,,,,,,,,1,Jamaica,JM,JM,,18.25,-77.5,JM,20260914063000,https://jamaica-gleaner.com/article/news/20260914/father-god-gave-me-second-chance
1322913228,20260914,202609,2026,2026.6959,JAM,JAMAICA,JAM,,,,,,,,JUD,LAWYER,,,,,,JUD,,,0,100,100,10,3,-5.0,4,1,4,-1.68728908886389,1,Jamaica,JM,JM,,18.25,-77.5,JM,1,Jamaica,JM,JM,,18.25,-77.5,JM,1,Jamaica,JM,JM,,18.25,-77.5,JM,20260914063000,https://jamaica-gleaner.com/article/news/20260914/second-chance
1322913229,20260914,202609,2026,2026.6959,JAMGOV,JAMAICA,JAM,,,,,GOV,,,,,,,,,,,,,1,020,020,02,1,3.0,3,1,3,-11.0236220472441,4,"Buff Bay, Portland, Jamaica",JM,JM07,18424,18.2329,-76.6612,-3751117,0,,,,,,,,4,"Buff Bay, Portland, Jamaica",JM,JM07,18424,18.2329,-76.6612,-3751117,20260914063000,https://jamaica-gleaner.com/article/news/20260914/jfb-sounds-alarm-over-fire-risks-facing-elderly
1322913230,20260914,202609,2026,2026.6959,JAMGOV,JAMAICA,JAM,,,,,GOV,,,,,,,,,,,,,1,020,020,02,1,3.0,2,1,2,-11.0236220472441,4,"Port Antonio, Portland, Jamaica",JM,JM07,18424,18.18,-76.4612,-3753287,0,,,,,,,,4,"Port Antonio, Portland, Jamaica",JM,JM07,18424,18.18,-76.4612,-3753287,20260914063000,https://jamaica-gleaner.com/article/news/20260914/jfb-sounds-alarm-over-fire-risks-facing-elderly
1322913231,20260914,202609,2026,2026.6959,JAMGOV,JAMAICA,JAM,,,,,GOV,,,,,,,,,,,,,1,060,060,06,2,6.0,5,1,5,-11.0236220472441,4,"Port Antonio, Portland, Jamaica",JM,JM07,18424,18.18,-76.4612,-3753287,0,,,,,,,,4,"Port Antonio, Portland, Jamaica",JM,JM07,18424,18.18,-76.4612,-3753287,20260914063000,https://jamaica-gleaner.com/article/news/20260914/jfb-sounds-alarm-over-fire-risks-facing-elderly
1322913232,20260914,202609,2026,2026.6959,JAMHLH,JAMAICA,JAM,,,,,HLH,,,,,,,,,,,,,1,010,010,01,1,0.0,4,1,4,0.0942507068802998,4,"Spanish Town, Saint Catherine, Jamaica",JM,JM10,18427,17.9911,-76.9574,-3753828,0,,,,,,,,4,"Spanish Town, Saint Catherine, Jamaica",JM,JM10,18427,17.9911,-76.9574,-3753828,20260914063000,https://jamaica-gleaner.com/article/news/20260914/never-okay
1322913233,20260914,202609,2026,2026.6959,JAMHLH,JAMAICA,JAM,,,,,HLH,,,,,,,,,,,,,1,111,111,11,3,-2.0,4,1,4,0.0942507068802998,4,"Spanish Town, Saint Catherine, Jamaica",JM,JM10,18427,17.9911,-76.9574,-3753828,0,,,,,,,,4,"Spanish Town, Saint Catherine, Jamaica",JM,JM10,18427,17.9911,-76.9574,-3753828,20260914063000,https://jamaica-gleaner.com/article/news/20260914/never-okay
1322913234,20260914,202609,2026,2026.6959,JAN,JAIN,,,,JAN,,,,,,,,,,,,,,,0,111,111,11,3,-2.0,8,1,8,-1.03931314957072,4,"Delhi, Delhi, India",IN,IN07,17911,28.6667,77.2167,-2094230,0,,,,,,,,4,"Delhi, Delhi, India",IN,IN07,17911,28.6667,77.2167,-2094230,20260914063000,https://www.hindustantimes.com/lifestyle/fashion/wholebody-deodorants-are-changing-india-s-personal-care-market-astha-jain-of-imfresh-on-what-consumers-want-next-101789103763876.html
1322913235,20260914,202609,2026,2026.6959,JPN,JAPAN,JPN,,,,,,,,,,,,,,,,,,0,150,150,15,4,-7.2,2,1,2,-0.146627565982401,4,"Okinawa, Okinawa, Japan",JA,JA47,35773,26.3358,127.801,136937,0,,,,,,,,4,"Okinawa, Okinawa, Japan",JA,JA47,35773,26.3358,127.801,136937,20260914063000,https://www.globaltimes.cn/page/202609/1370483.shtml
1322913236,20260914,202609,2026,2026.6959,JPN,JAPAN,JPN,,,,,,,,JPNGOV,JAPANESE,JPN,,,,,GOV,,,0,071,071,07,2,7.4,8,1,8,-0.146627565982401,4,"Okinawa, Okinawa, Japan",JA,JA47,35773,26.3358,127.801,136937,4,"Okinawa, Okinawa, Japan",JA,JA47,35773,26.3358,127.801,136937,4,"Okinawa, Okinawa, Japan",JA,JA47,35773,26.3358,127.801,136937,20260914063000,https://www.globaltimes.cn/page/202609/1370483.shtml
1322913237,20260914,202609,2026,2026.6959,JPN,JAPAN,JPN,,,,,,,,JPNGOV,JAPAN,JPN,,,,,GOV,,,0,150,150,15,4,-7.2,2,1,2,-0.146627565982401,4,"Okinawa, Okinawa, Japan",JA,JA47,35773,26.3358,127.801,136937,4,"Okinawa, Okinawa, Japan",JA,JA47,35773,26.3358,127.801,136937,4,"Okinawa, Okinawa, Japan",JA,JA47,35773,26.3358,127.801,136937,20260914063000,https://www.globaltimes.cn/page/202609/1370483.shtml
1322913238,20260914,202609,2026,2026.6959,JPN,JAPAN,JPN,,,,,,,,MNCGBRHLH,ASTRAZENECA,GBR,,,,,MNC,HLH,,1,110,110,11,3,-2.0,2,1,2,-4.71512770137524,4,"Cambridge, Cambridgeshire, United Kingdom",UK,UKC3,40098,52.2,0.116667,-2591658,4,"Cambridge, Cambridgeshire, United Kingdom",UK,UKC3,40098,52.2,0.116667,-2591658,4,"Cambridge, Cambridgeshire, United Kingdom",UK,UKC3,40098,52.2,0.116667,-2591658,20260914063000,https://www.investegate.co.uk/announcement/rns/astrazeneca--azn/update-on-serena-4-phase-iii-trial/9769135
1322913239,20260914,202609,2026,2026.6959,JPNGOV,JAPANESE,JPN,,,,,GOV,,,,,,,,,,,,,0,150,150,15,4,-7.2,6,1,6,-0.146627565982401,4,"Okinawa, Okinawa, Japan",JA,JA47,35773,26.3358,127.801,136937,0,,,,,,,,4,"Okinawa, Okinawa, Japan",JA,JA47,35773,26.3358,127.801,136937,20260914063000,https://www.globaltimes.cn/page/202609/1370483.shtml
1322913240,20260914,202609,2026,2026.6959,JUD,LAWYER,,,,,,JUD,,,,,,,,,,,,,0,010,010,01,1,0.0,10,1,10,-8.85922330097092,4,"Hindustan, India (general), India",IN,IN00,17857,28,76,-3414754,0,,,,,,,,4,"Hindustan, India (general), India",IN,IN00,17857,28,76,-3414754,20260914063000,https://www.hindustantimes.com/entertainment/bollywood/saif-ali-khan-says-he-is-100-not-over-the-stabbing-attack-if-i-see-a-knife-it-just-makes-me-react-101789358621507.html
1322913241,20260914,202609,2026,2026.6959,JUD,DEFENSE ATTORNEY,,,,,,JUD,,,,,,,,,,,,,1,081,081,08,2,5.0,10,1,10,-2.55639097744361,0,,,,,,,,0,,,,,,,,0,,,,,,,,20260914063000,https://wcbm.com/national-headline/what-a-lindsay-clancy-juror-said-about-this-case-is-just-insane/
1322913242,20260914,202609,2026,2026.6959,JUD,JUDGE,,,,,,JUD,,,BGD,BANGLADESH,BGD,,,,,,,,0,120,120,12,3,-4.0,2,1,2,-8.85922330097092,4,"Mumbai, Maharashtra, India",IN,IN16,70184,18.975,72.8258,-2092174,1,Bangladesh,BG,BG,,24,90,BG,1,Bangladesh,BG,BG,,24,90,BG,20260914063000,https://www.hindustantimes.com/entertainment/bollywood/saif-ali-khan-says-he-is-100-not-over-the-stabbing-attack-if-i-see-a-knife-it-just-makes-me-react-101789358621507.html
1322913243,20260914,202609,2026,2026.6959,JUD,SUPREME COURT,,,,,,JUD,,,COP,PRISON,,,,,,COP,,,1,173,173,17,4,-5.0,2,1,2,-8.90269151138712,4,"Moruya, New South Wales, Australia",AS,AS02,4997,-35.9125,150.081,-1589024,4,"Fyshwick, Australian Capital Territory, Australia",AS,AS01,4940,-35.3333,149.167,-1574367,4,"Fyshwick, Australian Capital Territory, Australia",AS,AS01,4940,-35.3333,149.167,-1574367,20260914063000,https://www.batemansbaypost.com.au/story/9349579/daniel-robert-weldon-sentenced-in-act-supreme-court-for-burglary-spree/
1322913244,20260914,202609,2026,2026.6959,JUD,MAGISTRATE,,,,,,JUD,,,HLH,NURSE,,,,,,HLH,,,1,010,010,01,1,0.0,10,1,10,-2.57731958762886,0,,,,,,,,0,,,,,,,,0,,,,,,,,20260914063000,https://www.standard.net.au/story/9349763/christopher-mckenzie-portland-man-remanded/
1322913245,20260914,202609,2026,2026.6959,JUD,JUDGE,,,,,,JUD,,,MOS,ISLAM,,,,MOS,,,,,0,120,120,12,3,-4.0,6,1,6,-8.85922330097092,4,"Mumbai, Maharashtra, India",IN,IN16,70184,18.975,72.8258,-2092174,4,"Mumbai, Maharashtra, India",IN,IN16,70184,18.975,72.8258,-2092174,4,"Mumbai, Maharashtra, India",IN,IN16,70184,18.975,72.8258,-2092174,20260914063000,https://www.hindustantimes.com/entertainment/bollywood/saif-ali-khan-says-he-is-100-not-over-the-stabbing-attack-if-i-see-a-knife-it-just-makes-me-react-101789358621507.html
1322913246,20260914,202609,2026,2026.6959,JUD,JUDGE,,,,,,JUD,,,MOS,ISLAM,,,,MOS,,,,,0,120,120,12,3,-4.0,2,1,2,-8.85922330097092,1,Bangladesh,BG,BG,,24,90,BG,1,Bangladesh,BG,BG,,24,90,BG,1,Bangladesh,BG,BG,,24,90,BG,20260914063000,https://www.hindustantimes.com/entertainment/bollywood/saif-ali-khan-says-he-is-100-not-over-the-stabbing-attack-if-i-see-a-knife-it-just-makes-me-react-101789358621507.html
1322913247,20260914,202609,2026,2026.6959,KAZ,KAZAKHSTAN,KAZ,,,,,,,,,,,,,,,,,,1,020,020,02,1,3.0,8,1,8,4.21875,4,"London, London, City of, United Kingdom",UK,UKH9,40110,51.5,-0.116667,-2601889,0,,,,,,,,4,"Kounrad, Qaraghandy, Kazakhstan",KZ,KZ12,37226,46.9625,74.9969,-2339829,20260914063000,https://www.investegate.co.uk/announcement/rns/central-asia-metals--caml/update-regarding-the-scheme-of-arrangement/9769109
1322913248,20260914,202609,2026,2026.6959,KAZ,KAZAKHSTAN,KAZ,,,,,,,,,,,,,,,,,,1,020,020,02,1,3.0,2,1,2,4.21875,4,"London, London, City of, United Kingdom",UK,UKH9,40110,51.5,-0.116667,-2601889,0,,,,,,,,4,"London, London, City of, United Kingdom",UK,UKH9,40110,51.5,-0.116667,-2601889,20260914063000,https://www.investegate.co.uk/announcement/rns/central-asia-metals--caml/update-regarding-the-scheme-of-arrangement/9769109
1322913249,20260914,202609,2026,2026.6959,KOR,SEOUL,KOR,,,,,,,,,,,,,,,,,,0,070,070,07,2,7.0,2,1,2,-1.84615384615385,1,Papua New Guinea,PP,PP,,-6,147,PP,0,,,,,,,,4,"Seoul, Soul-t'ukpyolsi, South Korea",KS,KS11,24984,37.5664,127,-716583,20260914063000,https://emtv.com.pg/papua-new-guinea-joins-15th-seoul-defence-dialogue/
1322913250,20260914,202609,2026,2026.6959,KOR,SEOUL,KOR,,,,,,,,,,,,,,,,,,0,072,072,07,2,8.3,8,1,8,-1.84615384615385,4,"Seoul, Soul-t'ukpyolsi, South Korea",KS,KS11,24984,37.5664,127,-716583,0,,,,,,,,4,"Seoul, Soul-t'ukpyolsi, South Korea",KS,KS11,24984,37.5664,127,-716583,20260914063000,https://emtv.com.pg/papua-new-guinea-joins-15th-seoul-defence-dialogue/
1322913251,20260914,202609,2026,2026.6959,KOR,SEOUL,KOR,,,,,,,,,,,,,,,,,,0,072,072,07,2,8.3,2,1,2,-1.84615384615385,1,Papua New Guinea,PP,PP,,-6,147,PP,0,,,,,,,,1,Papua New Guinea,PP,PP,,-6,147,PP,20260914063000,https://emtv.com.pg/papua-new-guinea-joins-15th-seoul-defence-dialogue/
1322913252,20260914,202609,2026,2026.6959,LAB,EMPLOYEE,,,,,,LAB,,,,,,,,,,,,,1,042,042,04,1,1.9,5,1,5,-4.05405405405406,2,"Florida, United States",US,USFL,,27.8333,-81.717,FL,0,,,,,,,,2,"Florida, United States",US,USFL,,27.8333,-81.717,FL,20260914063000,https://www.hindustantimes.com/trending/23-employees-quit-after-billionaire-boss-puts-cameras-on-their-wfh-laptops-101789364607974.html
1322913253,20260914,202609,2026,2026.6959,LAB,WORKER,,,,,,LAB,,,,,,,,,,,,,1,043,043,04,1,2.8,10,1,10,-3.43417825020442,4,"Dhaka, Dhaka, Bangladesh",BG,BG81,5778,23.7231,90.4086,-2737683,0,,,,,,,,4,"Dhaka, Dhaka, Bangladesh",BG,BG81,5778,23.7231,90.4086,-2737683,20260914063000,https://economictimes.indiatimes.com/small-biz/trade/exports/insights/war-in-the-middle-east-is-making-clothes-more-expensive/articleshow/134233495.cms
1322913254,20260914,202609,2026,2026.6959,LAB,EMPLOYEE,,,,,,LAB,,,,,,,,,,,,,1,090,090,09,2,-2.0,5,1,5,-4.05405405405406,2,"Florida, United States",US,USFL,,27.8333,-81.717,FL,0,,,,,,,,2,"Florida, United States",US,USFL,,27.8333,-81.717,FL,20260914063000,https://www.hindustantimes.com/trending/23-employees-quit-after-billionaire-boss-puts-cameras-on-their-wfh-laptops-101789364607974.html
1322913255,20260914,202609,2026,2026.6959,LAB,EMPLOYEE,,,,,,LAB,,,,,,,,,,,,,1,143,143,14,3,-6.5,5,1,5,-4.05405405405406,2,"Florida, United States",US,USFL,,27.8333,-81.717,FL,0,,,,,,,,2,"Florida, United States",US,USFL,,27.8333,-81.717,FL,20260914063000,https://www.hindustantimes.com/trending/23-employees-quit-after-billionaire-boss-puts-cameras-on-their-wfh-laptops-101789364607974.html
1322913256,20260914,202609,2026,2026.6959,LAB,WORKER,,,,,,LAB,,,BUS,EMPLOYER,,,,,,BUS,,,1,023,023,02,1,3.4,10,1,10,3.10880829015544,2,"Rhode Island, United States",US,USRI,,41.6772,-71.5101,RI,2,"Rhode Island, United States",US,USRI,,41.6772,-71.5101,RI,2,"Rhode Island, United States",US,USRI,,41.6772,-71.5101,RI,20260914063000,https://www.reviewonline.com/news/local-news/2026/09/ryan-named-to-bipartisan-ai-commission/
1322913257,20260914,202609,2026,2026.6959,LEG,SENATOR,,,,,,LEG,,,,,,,,,,,,,1,010,010,01,1,0.0,9,3,9,-2.91859716221995,4,"Canberra, Australian Capital Territory, Australia",AS,AS01,4940,-35.2833,149.217,-1563952,0,,,,,,,,4,"Canberra, Australian Capital Territory, Australia",AS,AS01,4940,-35.2833,149.217,-1563952,20260914063000,https://www.northweststar.com.au/story/9350047/ai-dangers-downplayed-after-doomsday-warnings-bloom/
1322913258,20260914,202609,2026,2026.6959,LEG,SENATE,,,,,,LEG,,,,,,,,,,,,,1,033,033,03,1,5.2,10,1,10,5.63002680965147,0,,,,,,,,0,,,,,,,,0,,,,,,,,20260914063000,https://www.nancyonnorwalk.com/norwalk-celebrates-36-million-in-school-hvac-upgrades/
1322913259,20260914,202609,2026,2026.6959,LEG,DELEGATE,,,,,,LEG,,,,,,,,,,,,,1,036,036,03,1,4.0,10,1,10,-0.50377833753149,3,"Mercer County, West Virginia, United States",US,USWV,WV055,37.4001,-81.1165,1557645,0,,,,,,,,3,"Mercer County, West Virginia, United States",US,USWV,,37.4001,-81.1165,1557645,20260914063000,https://woay.com/hope-week-leads-up-to-out-of-the-darkness-suicide-prevention-walk/
1322913260,20260914,202609,2026,2026.6959,LEG,SENATE,,,,,,LEG,,,,,,,,,,,,,1,070,070,07,2,7.0,10,1,10,5.63002680965147,0,,,,,,,,0,,,,,,,,0,,,,,,,,20260914063000,https://www.nancyonnorwalk.com/norwalk-celebrates-36-million-in-school-hvac-upgrades/
1322913261,20260914,202609,2026,2026.6959,LEG,PARLIAMENT,,,,,,LEG,,,,,,,,,,,,,0,139,139,13,3,-7.0,10,1,10,-3.21969696969697,0,,,,,,,,0,,,,,,,,0,,,,,,,,20260914063000,https://www.hindustantimes.com/ht-explainers/monsoon-session-adjourned-in-august-it-hasn-t-ended-what-that-means-for-parliament-and-government-101789361202590.html
1322913262,20260914,202609,2026,2026.6959,LEG,NATIONAL ASSEMBLY,,,,,,LEG,,,AFR,AFRICA,AFR,,,,,,,,1,042,042,04,1,1.9,5,1,5,-5.39033457249071,4,"Lagos, Lagos, Nigeria",NI,NI05,191416,6.45306,3.39583,-2017355,4,"Lagos, Lagos, Nigeria",NI,NI05,191416,6.45306,3.39583,-2017355,4,"Lagos, Lagos, Nigeria",NI,NI05,191416,6.45306,3.39583,-2017355,20260914063000,https://www.thetidenewsonline.com/2026/09/nass-suspends-legislative-engagements-with-safrica-over-xenophobic-attacks/
1322913263,20260914,202609,2026,2026.6959,LEG,SENATOR,,,,,,LEG,,,AUS,AUSTRALIA,AUS,,,,,,,,1,010,010,01,1,0.0,3,3,3,-2.91859716221995,4,"Canberra, Australian Capital Territory, Australia",AS,AS01,4940,-35.2833,149.217,-1563952,4,"Canberra, Australian Capital Territory, Australia",AS,AS01,4940,-35.2833,149.217,-1563952,4,"Canberra, Australian Capital Territory, Australia",AS,AS01,4940,-35.2833,149.217,-1563952,20260914063000,https://www.northweststar.com.au/story/9350047/ai-dangers-downplayed-after-doomsday-warnings-bloom/
1322913264,20260914,202609,2026,2026.6959,LEG,REPRESENTATIVES,,,,,,LEG,,,GBR,BRITAIN,GBR,,,,,,,,0,042,042,04,1,1.9,3,1,3,0,4,"St Peter Port, Guernsey (general), Guernsey",GK,GK00,40252,49.46,-2.55194,9255583,1,United Kingdom,UK,UK,,54,-4,UK,1,United Kingdom,UK,UK,,54,-4,UK,20260914063000,https://guernseypress.com/news/2026/09/14/battle-of-britain-church-parade-returns-after-two-year-break
1322913265,20260914,202609,2026,2026.6959,LEG,REPRESENTATIVES,,,,,,LEG,,,GBR,BRITAIN,GBR,,,,,,,,0,042,042,04,1,1.9,5,1,5,0,1,United Kingdom,UK,UK,,54,-4,UK,1,United Kingdom,UK,UK,,54,-4,UK,1,United Kingdom,UK,UK,,54,-4,UK,20260914063000,https://guernseypress.com/news/2026/09/14/battle-of-britain-church-parade-returns-after-two-year-break
1322913266,20260914,202609,2026,2026.6959,LEG,SENATOR,,,,,,LEG,,,GOV,GOVERNMENT,,,,,,GOV,,,0,010,010,01,1,0.0,24,3,24,-2.91859716221995,4,"Canberra, Australian Capital Territory, Australia",AS,AS01,4940,-35.2833,149.217,-1563952,4,"Canberra, Australian Capital Territory, Australia",AS,AS01,4940,-35.2833,149.217,-1563952,4,"Canberra, Australian Capital Territory, Australia",AS,AS01,4940,-35.2833,149.217,-1563952,20260914063000,https://www.northweststar.com.au/story/9350047/ai-dangers-downplayed-after-doomsday-warnings-bloom/
1322913267,20260914,202609,2026,2026.6959,LEG,CONGRESS,,,,,,LEG,,,GOV,PRESIDENT,,,,,,GOV,,,1,051,051,05,1,3.4,6,1,6,4.7438330170778,4,"Yenagoa, Bayelsa, Nigeria",NI,NI52,191383,4.92472,6.26417,-2031706,4,"Yenagoa, Bayelsa, Nigeria",NI,NI52,191383,4.92472,6.26417,-2031706,4,"Yenagoa, Bayelsa, Nigeria",NI,NI52,191383,4.92472,6.26417,-2031706,20260914063000,https://www.thetidenewsonline.com/2026/09/2027-bayelsa-lgas-apc-stakeholders-endorse-tinubu-as-candidates-promise-effective-representation/
1322913268,20260914,202609,2026,2026.6959,MDV,MALE,MDV,,,,,,,,,,,,,,,,,,1,043,043,04,1,2.8,10,1,10,-8.25688073394495,3,"Kansas City, Kansas, United States",US,USKS,KS209,39.1142,-94.6275,478635,0,,,,,,,,3,"Kansas City, Kansas, United States",US,USKS,,39.1142,-94.6275,478635,20260914063000,https://www.tonyskansascity.com/2026/09/kansas-city-northland-homicide-trending.html
1322913269,20260914,202609,2026,2026.6959,MED,WEBSITE,,,,,,MED,,,,,,,,,,,,,1,010,010,01,1,0.0,2,1,2,5.29595015576324,4,"London, London, City of, United Kingdom",UK,UKH9,40110,51.5,-0.116667,-2601889,0,,,,,,,,4,"London, London, City of, United Kingdom",UK,UKH9,40110,51.5,-0.116667,-2601889,20260914063000,https://www.investegate.co.uk/announcement/rns/blackrock-american-income-trust-plc--brai/update-note-from-quoteddata/9769155
1322913270,20260914,202609,2026,2026.6959,MED,WEBSITE,,,,,,MED,,,,,,,,,,,,,1,043,043,04,1,2.8,2,1,2,-1.17302052785923,4,"Dehradun, Uttaranchal, India",IN,IN39,70287,30.3167,78.0333,-2094211,0,,,,,,,,4,"Lucknow, Uttar Pradesh, India",IN,IN36,17941,26.85,80.9167,-2102835,20260914063000,https://bilkulonline.com/2026/09/14/air-india-mumbai-dehradun-flight-diverted-to-lucknow-due-to-bad-weather/
1322913271,20260914,202609,2026,2026.6959,MED,NEWSPAPER,,,,,,MED,,,IGOEUREEC,THE EU,EUR,EEC,,,,IGO,,,0,125,125,12,3,-5.0,10,1,10,0,1,United Kingdom,UK,UK,,54,-4,UK,1,United Kingdom,UK,UK,,54,-4,UK,4,"Ottawa, Ontario, Canada",CA,CA08,12755,45.4167,-75.7,-570760,20260914063000,https://economictimes.indiatimes.com/news/international/world-news/canada-seeks-unique-alliance-with-eu-amid-trade-tensions-with-us-pm-carney-rejects-membership/articleshow/134233576.cms
1322913272,20260914,202609,2026,2026.6959,MED,WEBSITE,,,,,,MED,,,IND,LUCKNOW,IND,,,,,,,,1,043,043,04,1,2.8,2,1,2,-1.17302052785923,4,"Bhopal, Madhya Pradesh, India",IN,IN35,17746,23.2667,77.4,-2091670,4,"Lucknow, Uttar Pradesh, India",IN,IN36,17941,26.85,80.9167,-2102835,4,"Lucknow, Uttar Pradesh, India",IN,IN36,17941,26.85,80.9167,-2102835,20260914063000,https://bilkulonline.com/2026/09/14/air-india-mumbai-dehradun-flight-diverted-to-lucknow-due-to-bad-weather/
1322913273,20260914,202609,2026,2026.6959,MED,WEBSITE,,,,,,MED,,,IND,LUCKNOW,IND,,,,,,,,1,043,043,04,1,2.8,1,1,1,-1.17302052785923,4,"Dehradun, Uttaranchal, India",IN,IN39,70287,30.3167,78.0333,-2094211,4,"Lucknow, Uttar Pradesh, India",IN,IN36,17941,26.85,80.9167,-2102835,4,"Lucknow, Uttar Pradesh, India",IN,IN36,17941,26.85,80.9167,-2102835,20260914063000,https://bilkulonline.com/2026/09/14/air-india-mumbai-dehradun-flight-diverted-to-lucknow-due-to-bad-weather/
1322913274,20260914,202609,2026,2026.6959,MED,CORRESPONDENT,,,,,,MED,,,UKR,KYIV,UKR,,,,,,,,1,040,040,04,1,1.0,2,1,2,-10.7142857142857,4,"Kyiv, Kyyiv, Misto, Ukraine",UP,UP12,28554,50.4333,30.5167,-1044367,4,"Kyiv, Kyyiv, Misto, Ukraine",UP,UP12,28554,50.4333,30.5167,-1044367,4,"Kyiv, Kyyiv, Misto, Ukraine",UP,UP12,28554,50.4333,30.5167,-1044367,20260914063000,https://www.kyivpost.com/videos/84273
1322913275,20260914,202609,2026,2026.6959,MIL,ADMIRAL,,,,,,MIL,,,,,,,,,,,,,1,051,051,05,1,3.4,6,1,6,4.7438330170778,4,"Nembe, Rivers, Nigeria",NI,NI50,191371,5.08313,6.5715,10602041,0,,,,,,,,4,"Nembe, Rivers, Nigeria",NI,NI50,191371,5.08313,6.5715,10602041,20260914063000,https://www.thetidenewsonline.com/2026/09/2027-bayelsa-lgas-apc-stakeholders-endorse-tinubu-as-candidates-promise-effective-representation/
1322913276,20260914,202609,2026,2026.6959,MIL,MILITARY,,,,,,MIL,,,,,,,,,,,,,0,051,051,05,1,3.4,5,1,5,-1.78041543026706,1,Uganda,UG,UG,,2,33,UG,0,,,,,,,,1,Uganda,UG,UG,,2,33,UG,20260914063000,https://observer.ug/viewpoint/open-letter-gen-muhoozi-constitutionalise-your-journey-to-state-house/
1322913277,20260914,202609,2026,2026.6959,MIL,ARMY,,,,,,MIL,,,,,,,,,,,,,1,084,084,08,2,7.0,10,1,10,2.29885057471264,2,"North Carolina, United States",US,USNC,,35.6411,-79.8431,NC,0,,,,,,,,2,"North Carolina, United States",US,USNC,,35.6411,-79.8431,NC,20260914063000,https://wcti12.com/news/local/salvation-army-helps-stranded-boater-return-to-canada
1322913278,20260914,202609,2026,2026.6959,MIL,ADMIRAL,,,,,,MIL,,,,,,,,,,,,,1,091,091,09,2,-2.0,6,1,6,4.7438330170778,4,"Nembe, Rivers, Nigeria",NI,NI50,191371,5.08313,6.5715,10602041,0,,,,,,,,4,"Nembe, Rivers, Nigeria",NI,NI50,191371,5.08313,6.5715,10602041,20260914063000,https://www.thetidenewsonline.com/2026/09/2027-bayelsa-lgas-apc-stakeholders-endorse-tinubu-as-candidates-promise-effective-representation/
1322913279,20260914,202609,2026,2026.6959,MIL,MILITARY,,,,,,MIL,,,,,,,,,,,,,0,110,110,11,3,-2.0,5,1,5,-2.09606245756959,1,United Kingdom,UK,UK,,54,-4,UK,0,,,,,,,,1,United Kingdom,UK,UK,,54,-4,UK,20260914063000,https://city.udn.com/2976/7291863?raid=7298519
1322913280,20260914,202609,2026,2026.6959,MIL,ARMY,,,,,,MIL,,,CAN,CANADA,CAN,,,,,,,,1,042,042,04,1,1.9,2,1,2,2.29885057471264,3,"Carteret County, North Carolina, United States",US,USNC,NC031,34.8002,-76.6997,1026337,1,Canada,CA,CA,,60,-96,CA,1,Canada,CA,CA,,60,-96,CA,20260914063000,https://wcti12.com/news/local/salvation-army-helps-stranded-boater-return-to-canada
1322913281,20260914,202609,2026,2026.6959,MIL,ARMY,,,,,,MIL,,,CAN,CANADA,CAN,,,,,,,,1,042,042,04,1,1.9,10,1,10,2.29885057471264,2,"North Carolina, United States",US,USNC,,35.6411,-79.8431,NC,2,"North Carolina, United States",US,USNC,,35.6411,-79.8431,NC,2,"North Carolina, United States",US,USNC,,35.6411,-79.8431,NC,20260914063000,https://wcti12.com/news/local/salvation-army-helps-stranded-boater-return-to-canada
1322913282,20260914,202609,2026,2026.6959,MIL,MILITARY,,,,,,MIL,,,CHN,CHINA,CHN,,,,,,,,0,010,010,01,1,0.0,2,1,2,-2.09606245756959,4,"Beijing, Beijing, China",CH,CH22,13001,39.9289,116.388,-1898541,4,"Beijing, Beijing, China",CH,CH22,13001,39.9289,116.388,-1898541,4,"Beijing, Beijing, China",CH,CH22,13001,39.9289,116.388,-1898541,20260914063000,https://city.udn.com/2976/7291863?raid=7298519
1322913283,20260914,202609,2026,2026.6959,MIL,MILITARY,,,,,,MIL,,,CHN,CHINA,CHN,,,,,,,,0,010,010,01,1,0.0,2,1,2,-2.09606245756959,4,"Shiyan, Hubei, China",CH,CH12,13121,32.6475,110.778,-1926036,1,United Kingdom,UK,UK,,54,-4,UK,4,"Shiyan, Hubei, China",CH,CH12,13121,32.6475,110.778,-1926036,20260914063000,https://city.udn.com/2976/7291863?raid=7298519
1322913284,20260914,202609,2026,2026.6959,MIL,COMMANDER,,,,,,MIL,,,GGY,GUERNSEY,,,,,,,,,1,090,090,09,2,-2.0,5,1,5,0,4,"St Peter Port, Guernsey (general), Guernsey",GK,GK00,40252,49.46,-2.55194,9255583,4,"St Peter Port, Guernsey (general), Guernsey",GK,GK00,40252,49.46,-2.55194,9255583,4,"St Peter Port, Guernsey (general), Guernsey",GK,GK00,40252,49.46,-2.55194,9255583,20260914063000,https://guernseypress.com/news/2026/09/14/battle-of-britain-church-parade-returns-after-two-year-break
1322913285,20260914,202609,2026,2026.6959,MIL,COMMANDER,,,,,,MIL,,,GGY,GUERNSEY,,,,,,,,,1,110,110,11,3,-2.0,4,1,4,0,1,United Kingdom,UK,UK,,54,-4,UK,4,"St Peter Port, Guernsey (general), Guernsey",GK,GK00,40252,49.46,-2.55194,9255583,1,United Kingdom,UK,UK,,54,-4,UK,20260914063000,https://guernseypress.com/news/2026/09/14/battle-of-britain-church-parade-returns-after-two-year-break
1322913286,20260914,202609,2026,2026.6959,MIL,COMMANDER,,,,,,MIL,,,GGY,GUERNSEY,,,,,,,,,1,110,110,11,3,-2.0,1,1,1,0,1,United Kingdom,UK,UK,,54,-4,UK,1,United Kingdom,UK,UK,,54,-4,UK,1,United Kingdom,UK,UK,,54,-4,UK,20260914063000,https://guernseypress.com/news/2026/09/14/battle-of-britain-church-parade-returns-after-two-year-break
1322913287,20260914,202609,2026,2026.6959,MIL,MILITARY,,,,,,MIL,,,GOV,GOVERNMENT,,,,,,GOV,,,1,040,040,04,1,1.0,10,1,10,1.88087774294671,4,"London, London, City of, United Kingdom",UK,UKH9,40110,51.5,-0.116667,-2601889,4,"London, London, City of, United Kingdom",UK,UKH9,40110,51.5,-0.116667,-2601889,4,"London, London, City of, United Kingdom",UK,UKH9,40110,51.5,-0.116667,-2601889,20260914063000,https://jamaica-gleaner.com/article/news/20260914/king-clarifies-status-prince-harry-meghan-after-their-return-uk
1322913288,20260914,202609,2026,2026.6959,MIL,ADMIRAL,,,,,,MIL,,,NGA,NIGERIA,NGA,,,,,,,,1,051,051,05,1,3.4,2,1,2,4.7438330170778,4,"Nembe, Rivers, Nigeria",NI,NI50,191371,5.08313,6.5715,10602041,4,"Nembe, Rivers, Nigeria",NI,NI50,191371,5.08313,6.5715,10602041,4,"Nembe, Rivers, Nigeria",NI,NI50,191371,5.08313,6.5715,10602041,20260914063000,https://www.thetidenewsonline.com/2026/09/2027-bayelsa-lgas-apc-stakeholders-endorse-tinubu-as-candidates-promise-effective-representation/
1322913289,20260914,202609,2026,2026.6959,MIL,ADMIRAL,,,,,,MIL,,,NGA,NIGERIA,NGA,,,,,,,,1,091,091,09,2,-2.0,2,1,2,4.7438330170778,4,"Nembe, Rivers, Nigeria",NI,NI50,191371,5.08313,6.5715,10602041,4,"Nembe, Rivers, Nigeria",NI,NI50,191371,5.08313,6.5715,10602041,4,"Nembe, Rivers, Nigeria",NI,NI50,191371,5.08313,6.5715,10602041,20260914063000,https://www.thetidenewsonline.com/2026/09/2027-bayelsa-lgas-apc-stakeholders-endorse-tinubu-as-candidates-promise-effective-representation/
1322913290,20260914,202609,2026,2026.6959,MIL,ADMIRAL,,,,,,MIL,,,PTY,PARTY MEMBER,,,,,,,,,1,020,020,02,1,3.0,8,1,8,4.7438330170778,4,"Nembe, Rivers, Nigeria",NI,NI50,191371,5.08313,6.5715,10602041,4,"Nembe, Rivers, Nigeria",NI,NI50,191371,5.08313,6.5715,10602041,4,"Nembe, Rivers, Nigeria",NI,NI50,191371,5.08313,6.5715,10602041,20260914063000,https://www.thetidenewsonline.com/2026/09/2027-bayelsa-lgas-apc-stakeholders-endorse-tinubu-as-candidates-promise-effective-representation/
1322913291,20260914,202609,2026,2026.6959,MIL,FIGHTER JET,,,,,,MIL,,,SAU,SAUDI,SAU,,,,,,,,1,010,010,01,1,0.0,6,1,6,-3.85964912280702,4,"Hajjah, ?ajjah, Yemen",YM,YM22,145002,15.6942,43.6058,-3187195,1,Saudi Arabia,SA,SA,,25,45,SA,4,"Hajjah, ?ajjah, Yemen",YM,YM22,145002,15.6942,43.6058,-3187195,20260914063000,http://eng.chinamil.com.cn/2025xb/W/N/16486295.html
1322913292,20260914,202609,2026,2026.6959,MIL,MILITARY,,,,,,MIL,,,USAMED,REUTERS,USA,,,,,MED,,,0,010,010,01,1,0.0,6,1,6,-2.09606245756959,4,"Beijing, Beijing, China",CH,CH22,13001,39.9289,116.388,-1898541,4,"Beijing, Beijing, China",CH,CH22,13001,39.9289,116.388,-1898541,4,"Beijing, Beijing, China",CH,CH22,13001,39.9289,116.388,-1898541,20260914063000,https://city.udn.com/2976/7291863?raid=7298519
1322913293,20260914,202609,2026,2026.6959,MNC,FORTRESS INVESTMENT GROUP,,,,,,MNC,,,MNCJPN,SONY,JPN,,,,,MNC,,,1,192,192,19,4,-9.5,10,1,10,-2.64900662251655,3,"Washington, District of Columbia, United States",US,USDC,DC001,38.8951,-77.0364,531871,3,"Washington, District of Columbia, United States",US,USDC,DC001,38.8951,-77.0364,531871,3,"Washington, District of Columbia, United States",US,USDC,DC001,38.8951,-77.0364,531871,20260914063000,https://westsidetoday.com/2026/09/13/fortress-acquires-former-sony-animation-campus-in-culver-city/
1322913294,20260914,202609,2026,2026.6959,MNCGBRHLH,ASTRAZENECA,GBR,,,,,MNC,HLH,,,,,,,,,,,,1,110,110,11,3,-2.0,3,1,3,-4.71512770137524,4,"Cambridge, Cambridgeshire, United Kingdom",UK,UKC3,40098,52.2,0.116667,-2591658,0,,,,,,,,4,"Cambridge, Cambridgeshire, United Kingdom",UK,UKC3,40098,52.2,0.116667,-2591658,20260914063000,https://www.investegate.co.uk/announcement/rns/astrazeneca--azn/update-on-serena-4-phase-iii-trial/9769135
1322913295,20260914,202609,2026,2026.6959,MNCUSA,MERRILL LYNCH,USA,,,,,MNC,,,,,,,,,,,,,1,010,010,01,1,0.0,10,1,10,0.63291139240506,4,"London, London, City of, United Kingdom",UK,UKH9,40110,51.5,-0.116667,-2601889,0,,,,,,,,4,"London, London, City of, United Kingdom",UK,UKH9,40110,51.5,-0.116667,-2601889,20260914063000,https://www.investegate.co.uk/announcement/rns/balfour-beatty--bby/transaction-in-own-shares/9769397
1322913296,20260914,202609,2026,2026.6959,MOS,ISLAM,,,,MOS,,,,,,,,,,,,,,,0,016,016,01,1,-2.0,6,1,6,-8.85922330097092,4,"Mumbai, Maharashtra, India",IN,IN16,70184,18.975,72.8258,-2092174,0,,,,,,,,4,"Mumbai, Maharashtra, India",IN,IN16,70184,18.975,72.8258,-2092174,20260914063000,https://www.hindustantimes.com/entertainment/bollywood/saif-ali-khan-says-he-is-100-not-over-the-stabbing-attack-if-i-see-a-knife-it-just-makes-me-react-101789358621507.html
1322913297,20260914,202609,2026,2026.6959,MOS,ISLAM,,,,MOS,,,,,BGD,BANGLADESH,BGD,,,,,,,,0,016,016,01,1,-2.0,2,1,2,-8.85922330097092,1,Bangladesh,BG,BG,,24,90,BG,1,Bangladesh,BG,BG,,24,90,BG,1,Bangladesh,BG,BG,,24,90,BG,20260914063000,https://www.hindustantimes.com/entertainment/bollywood/saif-ali-khan-says-he-is-100-not-over-the-stabbing-attack-if-i-see-a-knife-it-just-makes-me-react-101789358621507.html
1322913298,20260914,202609,2026,2026.6959,MOS,ISLAM,,,,MOS,,,,,BGD,BANGLADESH,BGD,,,,,,,,0,112,112,11,3,-2.0,1,1,1,-8.85922330097092,1,Bangladesh,BG,BG,,24,90,BG,1,Bangladesh,BG,BG,,24,90,BG,4,"Hindustan, India (general), India",IN,IN00,17857,28,76,-3414754,20260914063000,https://www.hindustantimes.com/entertainment/bollywood/saif-ali-khan-says-he-is-100-not-over-the-stabbing-attack-if-i-see-a-knife-it-just-makes-me-react-101789358621507.html
1322913299,20260914,202609,2026,2026.6959,MOS,ISLAM,,,,MOS,,,,,EDU,SCHOOL,,,,,,EDU,,,1,012,012,01,1,-0.4,10,1,10,-3.80228136882129,0,,,,,,,,0,,,,,,,,0,,,,,,,,20260914063000,https://tribune.com.pk/story/2629190/mohmand-schools-face-teacher-shortage
1322913300,20260914,202609,2026,2026.6959,MOS,MUSLIM,,,,MOS,,,,,PHL,MINDANAO,PHL,,,,,,,,1,010,010,01,1,0.0,5,1,5,-3.44827586206897,4,"Cotabato, Cotabato, Philippines",RP,RPB8,67175,7.22361,124.246,-2422630,4,"Cotabato, Cotabato, Philippines",RP,RPB8,67175,7.22361,124.246,-2422630,4,"Cotabato, Cotabato, Philippines",RP,RPB8,67175,7.22361,124.246,-2422630,20260914063000,https://interaksyon.philstar.com/politics-issues/2026/09/14/319104/voting-starts-in-barmm-after-three-killed-in-election-violence/
1322913301,20260914,202609,2026,2026.6959,NAM,NAMIBIA,NAM,,,,,,,,,,,,,,,,,,0,020,020,02,1,3.0,4,1,4,1.43565202529482,4,"Kaoko, Kunene, Namibia",WA,WA32,22290,-19.4333,15.15,-2582766,0,,,,,,,,4,"Kaoko, Kunene, Namibia",WA,WA32,22290,-19.4333,15.15,-2582766,20260914063000,https://www.investegate.co.uk/announcement/rns/keras-resources--krs/proposed-investment-disposal-and-fundraise/9769140
1322913302,20260914,202609,2026,2026.6959,NAM,NAMIBIA,NAM,,,,,,,,,,,,,,,,,,1,043,043,04,1,2.8,1,1,1,-0.966891297978318,4,"Swakop, Namibia (general), Namibia",WA,WA00,22258,-22.6833,14.5167,-1288608,0,,,,,,,,4,"Swakop, Namibia (general), Namibia",WA,WA00,22258,-22.6833,14.5167,-1288608,20260914063000,https://www.investegate.co.uk/announcement/rns/arkle-resources-cdi---ark/extensive-uranium-system-defined-at-ulg-target/9769143
1322913303,20260914,202609,2026,2026.6959,NAM,NAMIBIA,NAM,,,,,,,,,,,,,,,,,,1,043,043,04,1,2.8,1,1,1,-0.966891297978318,5,"Erongo, Erongo, Namibia",WA,WA29,22255,-22.0833,15.3333,311103,0,,,,,,,,4,"Ancaster, Lincolnshire, United Kingdom",UK,UKH7,40120,52.9667,-0.533333,-2588257,20260914063000,https://www.investegate.co.uk/announcement/rns/arkle-resources-cdi---ark/extensive-uranium-system-defined-at-ulg-target/9769143
1322913304,20260914,202609,2026,2026.6959,NAM,NAMIBIA,NAM,,,,,,,,,,,,,,,,,,0,043,043,04,1,2.8,2,1,2,-0.966891297978318,5,"Erongo, Erongo, Namibia",WA,WA29,22255,-22.0833,15.3333,311103,0,,,,,,,,5,"Erongo, Erongo, Namibia",WA,WA29,22255,-22.0833,15.3333,311103,20260914063000,https://www.investegate.co.uk/announcement/rns/arkle-resources-cdi---ark/extensive-uranium-system-defined-at-ulg-target/9769143
1322913305,20260914,202609,2026,2026.6959,NAM,NAMIBIA,NAM,,,,,,,,,,,,,,,,,,0,071,071,07,2,7.4,4,1,4,1.43565202529482,4,"Kaoko, Kunene, Namibia",WA,WA32,22290,-19.4333,15.15,-2582766,0,,,,,,,,4,"Kaoko, Kunene, Namibia",WA,WA32,22290,-19.4333,15.15,-2582766,20260914063000,https://www.investegate.co.uk/announcement/rns/keras-resources--krs/proposed-investment-disposal-and-fundraise/9769140
1322913306,20260914,202609,2026,2026.6959,NGA,PORT HARCOURT,NGA,,,,,,,,,,,,,,,,,,1,010,010,01,1,0.0,7,1,7,1.52505446623094,4,"Port Harcourt, Rivers, Nigeria",NI,NI50,191389,4.78917,6.99861,-2025046,0,,,,,,,,4,"Port Harcourt, Rivers, Nigeria",NI,NI50,191389,4.78917,6.99861,-2025046,20260914063000,https://www.thetidenewsonline.com/2026/09/amaechi-has-no-chance-in-ikwerre-rivers-dike/
1322913307,20260914,202609,2026,2026.6959,NGA,NIGERIA,NGA,,,,,,,,,,,,,,,,,,0,010,010,01,1,0.0,4,1,4,-4.10557184750733,5,"Rivers State, Rivers, Nigeria",NI,NI50,23058,4.75,6.83333,-2025387,0,,,,,,,,4,"Abuja, Abuja Federal Capital Territory, Nigeria",NI,NI11,191147,9.08333,7.53333,-1997013,20260914063000,https://www.thetidenewsonline.com/2026/09/alleged-rivers-constituencies-shortfall-lawyer-drags-inec-to-court/
1322913308,20260914,202609,2026,2026.6959,NGA,NIGERIA,NGA,,,,,,,,,,,,,,,,,,0,010,010,01,1,0.0,4,1,4,-3.52941176470589,4,"Tinubu, Lagos, Nigeria",NI,NI05,191300,6.51667,3.36667,-2027738,0,,,,,,,,4,"Abuja, Abuja Federal Capital Territory, Nigeria",NI,NI11,191147,9.08333,7.53333,-1997013,20260914063000,https://www.thetidenewsonline.com/2026/09/inec-unveils-tinubu-atiku-16-others-for-2027-presidential-race/
1322913309,20260914,202609,2026,2026.6959,NGA,NIGERIA,NGA,,,,,,,,,,,,,,,,,,0,010,010,01,1,0.0,2,1,2,3.11986863711001,4,"Arewa, Oyo, Nigeria",NI,NI32,191213,7.53333,3.80472,387630,0,,,,,,,,4,"Arewa, Oyo, Nigeria",NI,NI32,191213,7.53333,3.80472,387630,20260914063000,https://www.thetidenewsonline.com/2026/09/ncdmb-snepco-graduate-seven-young-nigerians-on-dd-mwd-ewl-issues-18-intl-certifications/
1322913310,20260914,202609,2026,2026.6959,NGA,PORT HARCOURT,NGA,,,,,,,,,,,,,,,,,,1,020,020,02,1,3.0,5,1,5,4.08997955010225,4,"Port Harcourt, Rivers, Nigeria",NI,NI50,191389,4.78917,6.99861,-2025046,0,,,,,,,,4,"Port Harcourt, Rivers, Nigeria",NI,NI50,191389,4.78917,6.99861,-2025046,20260914063000,https://www.thetidenewsonline.com/2026/09/apc-group-canvasses-christians-support-for-rivers-guber-candidate/
1322913311,20260914,202609,2026,2026.6959,NGA,PORT HARCOURT,NGA,,,,,,,,,,,,,,,,,,1,040,040,04,1,1.0,4,1,4,1.52505446623094,4,"Port Harcourt, Rivers, Nigeria",NI,NI50,191389,4.78917,6.99861,-2025046,0,,,,,,,,4,"Port Harcourt, Rivers, Nigeria",NI,NI50,191389,4.78917,6.99861,-2025046,20260914063000,https://www.thetidenewsonline.com/2026/09/amaechi-has-no-chance-in-ikwerre-rivers-dike/
1322913312,20260914,202609,2026,2026.6959,NGA,PORT HARCOURT,NGA,,,,,,,,,,,,,,,,,,1,040,040,04,1,1.0,6,1,6,1.52505446623094,5,"Rivers State, Rivers, Nigeria",NI,NI50,23058,4.75,6.83333,-2025387,0,,,,,,,,5,"Rivers State, Rivers, Nigeria",NI,NI50,23058,4.75,6.83333,-2025387,20260914063000,https://www.thetidenewsonline.com/2026/09/amaechi-has-no-chance-in-ikwerre-rivers-dike/
1322913313,20260914,202609,2026,2026.6959,NGA,NIGERIA,NGA,,,,,,,,,,,,,,,,,,0,051,051,05,1,3.4,2,1,2,3.11986863711001,4,"Arewa, Oyo, Nigeria",NI,NI32,191213,7.53333,3.80472,387630,0,,,,,,,,4,"Arewa, Oyo, Nigeria",NI,NI32,191213,7.53333,3.80472,387630,20260914063000,https://www.thetidenewsonline.com/2026/09/ncdmb-snepco-graduate-seven-young-nigerians-on-dd-mwd-ewl-issues-18-intl-certifications/
1322913314,20260914,202609,2026,2026.6959,NGA,NIGERIA,NGA,,,,,,,,AFR,AFRICA,AFR,,,,,,,,1,050,050,05,1,3.5,10,1,10,4.82233502538071,4,"Tinubu, Lagos, Nigeria",NI,NI05,191300,6.51667,3.36667,-2027738,4,"Tinubu, Lagos, Nigeria",NI,NI05,191300,6.51667,3.36667,-2027738,4,"Tinubu, Lagos, Nigeria",NI,NI05,191300,6.51667,3.36667,-2027738,20260914063000,https://www.thisdaylive.com/2026/09/14/fg-to-brics-its-high-time-rules-of-global-governance-finance-were-rewritten/
1322913315,20260914,202609,2026,2026.6959,NGA,NIGERIA,NGA,,,,,,,,CHR,CHRISTIAN,,,,CHR,,,,,1,051,051,05,1,3.4,2,1,2,4.08997955010225,4,"Port Harcourt, Rivers, Nigeria",NI,NI50,191389,4.78917,6.99861,-2025046,5,"Rivers State, Rivers, Nigeria",NI,NI50,23058,4.75,6.83333,-2025387,5,"Rivers State, Rivers, Nigeria",NI,NI50,23058,4.75,6.83333,-2025387,20260914063000,https://www.thetidenewsonline.com/2026/09/apc-group-canvasses-christians-support-for-rivers-guber-candidate/
1322913316,20260914,202609,2026,2026.6959,NGA,NIGERIA,NGA,,,,,,,,GOV,PRESIDENT,,,,,,GOV,,,1,051,051,05,1,3.4,2,1,2,4.7438330170778,4,"Nembe, Rivers, Nigeria",NI,NI50,191371,5.08313,6.5715,10602041,4,"Yenagoa, Bayelsa, Nigeria",NI,NI52,191383,4.92472,6.26417,-2031706,4,"Yenagoa, Bayelsa, Nigeria",NI,NI52,191383,4.92472,6.26417,-2031706,20260914063000,https://www.thetidenewsonline.com/2026/09/2027-bayelsa-lgas-apc-stakeholders-endorse-tinubu-as-candidates-promise-effective-representation/
1322913317,20260914,202609,2026,2026.6959,NGA,NIGERIA,NGA,,,,,,,,NGAGOV,NIGERIA,NGA,,,,,GOV,,,1,051,051,05,1,3.4,2,1,2,4.7438330170778,4,"Nembe, Rivers, Nigeria",NI,NI50,191371,5.08313,6.5715,10602041,4,"Yenagoa, Bayelsa, Nigeria",NI,NI52,191383,4.92472,6.26417,-2031706,4,"Yenagoa, Bayelsa, Nigeria",NI,NI52,191383,4.92472,6.26417,-2031706,20260914063000,https://www.thetidenewsonline.com/2026/09/2027-bayelsa-lgas-apc-stakeholders-endorse-tinubu-as-candidates-promise-effective-representation/
1322913318,20260914,202609,2026,2026.6959,NGAGOV,NIGERIA,NGA,,,,,GOV,,,CHR,CHRISTIAN,,,,CHR,,,,,1,051,051,05,1,3.4,4,1,4,4.08997955010225,5,"Rivers State, Rivers, Nigeria",NI,NI50,23058,4.75,6.83333,-2025387,5,"Rivers State, Rivers, Nigeria",NI,NI50,23058,4.75,6.83333,-2025387,5,"Rivers State, Rivers, Nigeria",NI,NI50,23058,4.75,6.83333,-2025387,20260914063000,https://www.thetidenewsonline.com/2026/09/apc-group-canvasses-christians-support-for-rivers-guber-candidate/
1322913319,20260914,202609,2026,2026.6959,NGAGOV,NIGERIA,NGA,,,,,GOV,,,NGA,NIGERIA,NGA,,,,,,,,1,013,013,01,1,0.4,2,1,2,1.52505446623094,5,"Rivers State, Rivers, Nigeria",NI,NI50,23058,4.75,6.83333,-2025387,5,"Rivers State, Rivers, Nigeria",NI,NI50,23058,4.75,6.83333,-2025387,5,"Rivers State, Rivers, Nigeria",NI,NI50,23058,4.75,6.83333,-2025387,20260914063000,https://www.thetidenewsonline.com/2026/09/amaechi-has-no-chance-in-ikwerre-rivers-dike/
1322913320,20260914,202609,2026,2026.6959,NGAMIL,NIGERIA,NGA,,,,,MIL,,,,,,,,,,,,,1,051,051,05,1,3.4,2,1,2,4.7438330170778,4,"Nembe, Rivers, Nigeria",NI,NI50,191371,5.08313,6.5715,10602041,0,,,,,,,,4,"Nembe, Rivers, Nigeria",NI,NI50,191371,5.08313,6.5715,10602041,20260914063000,https://www.thetidenewsonline.com/2026/09/2027-bayelsa-lgas-apc-stakeholders-endorse-tinubu-as-candidates-promise-effective-representation/
1322913321,20260914,202609,2026,2026.6959,NGAMIL,NIGERIA,NGA,,,,,MIL,,,,,,,,,,,,,1,091,091,09,2,-2.0,2,1,2,4.7438330170778,4,"Nembe, Rivers, Nigeria",NI,NI50,191371,5.08313,6.5715,10602041,0,,,,,,,,4,"Nembe, Rivers, Nigeria",NI,NI50,191371,5.08313,6.5715,10602041,20260914063000,https://www.thetidenewsonline.com/2026/09/2027-bayelsa-lgas-apc-stakeholders-endorse-tinubu-as-candidates-promise-effective-representation/
1322913322,20260914,202609,2026,2026.6959,NGAMIL,NIGERIA,NGA,,,,,MIL,,,PTY,PARTY MEMBER,,,,,,,,,1,020,020,02,1,3.0,2,1,2,4.7438330170778,4,"Nembe, Rivers, Nigeria",NI,NI50,191371,5.08313,6.5715,10602041,4,"Nembe, Rivers, Nigeria",NI,NI50,191371,5.08313,6.5715,10602041,4,"Nembe, Rivers, Nigeria",NI,NI50,191371,5.08313,6.5715,10602041,20260914063000,https://www.thetidenewsonline.com/2026/09/2027-bayelsa-lgas-apc-stakeholders-endorse-tinubu-as-candidates-promise-effective-representation/
1322913323,20260914,202609,2026,2026.6959,NGOCHR,YMCA,,,,CHR,,NGO,,,BUS,BUSINESS,,,,,,BUS,,,1,051,051,05,1,3.4,10,1,10,2.36220472440945,0,,,,,,,,0,,,,,,,,0,,,,,,,,20260914063000,https://wcti12.com/news/local/new-river-ymca-construction-continues-with-wellness-wing-progress
1322913324,20260914,202609,2026,2026.6959,NZL,NEW ZEALAND,NZL,,,,,,,,,,,,,,,,,,1,043,043,04,1,2.8,10,1,10,0.48154093097913,5,"Auckland, Auckland, New Zealand",NZ,NZE7,22379,-36.75,174.583,11483124,0,,,,,,,,5,"Auckland, Auckland, New Zealand",NZ,NZE7,22379,-36.75,174.583,11483124,20260914063000,https://www.nzherald.co.nz/nz/auckland-man-dejan-kuzmic-still-missing-weeks-after-nepal-floods-family-seek-closure/RU3GEMFZ4NCN5FPYMDKREUAA3E/
1322913325,20260914,202609,2026,2026.6959,NZL,NEW ZEALAND,NZL,,,,,,,,,,,,,,,,,,1,057,057,05,1,8.0,3,1,3,-1.84615384615385,1,New Zealand,NZ,NZ,,-42,174,NZ,0,,,,,,,,1,New Zealand,NZ,NZ,,-42,174,NZ,20260914063000,https://emtv.com.pg/papua-new-guinea-joins-15th-seoul-defence-dialogue/
1322913326,20260914,202609,2026,2026.6959,NZL,NEW ZEALAND,NZL,,,,,,,,,,,,,,,,,,1,057,057,05,1,8.0,1,1,1,-1.84615384615385,1,New Zealand,NZ,NZ,,-42,174,NZ,0,,,,,,,,1,United States,US,US,,39.828175,-98.5795,US,20260914063000,https://emtv.com.pg/papua-new-guinea-joins-15th-seoul-defence-dialogue/
1322913327,20260914,202609,2026,2026.6959,NZL,NEW ZEALAND,NZL,,,,,,,,,,,,,,,,,,1,057,057,05,1,8.0,1,1,1,-1.84615384615385,1,United States,US,US,,39.828175,-98.5795,US,0,,,,,,,,1,United States,US,US,,39.828175,-98.5795,US,20260914063000,https://emtv.com.pg/papua-new-guinea-joins-15th-seoul-defence-dialogue/
1322913328,20260914,202609,2026,2026.6959,NZL,NEW ZEALANDER,NZL,,,,,,,,NPL,NEPAL,NPL,,,,,,,,1,046,046,04,1,7.0,2,1,2,0.48154093097913,5,"Auckland, Auckland, New Zealand",NZ,NZE7,22379,-36.75,174.583,11483124,5,"Auckland, Auckland, New Zealand",NZ,NZE7,22379,-36.75,174.583,11483124,5,"Auckland, Auckland, New Zealand",NZ,NZE7,22379,-36.75,174.583,11483124,20260914063000,https://www.nzherald.co.nz/nz/auckland-man-dejan-kuzmic-still-missing-weeks-after-nepal-floods-family-seek-closure/RU3GEMFZ4NCN5FPYMDKREUAA3E/
1322913329,20260914,202609,2026,2026.6959,NZL,NEW ZEALANDER,NZL,,,,,,,,NPL,NEPAL,NPL,,,,,,,,1,046,046,04,1,7.0,2,1,2,0.48154093097913,1,Nepal,NP,NP,,28,84,NP,5,"Auckland, Auckland, New Zealand",NZ,NZE7,22379,-36.75,174.583,11483124,5,"Auckland, Auckland, New Zealand",NZ,NZE7,22379,-36.75,174.583,11483124,20260914063000,https://www.nzherald.co.nz/nz/auckland-man-dejan-kuzmic-still-missing-weeks-after-nepal-floods-family-seek-closure/RU3GEMFZ4NCN5FPYMDKREUAA3E/
1322913330,20260914,202609,2026,2026.6959,NZL,NEW ZEALANDER,NZL,,,,,,,,NPL,NEPAL,NPL,,,,,,,,1,046,046,04,1,7.0,6,1,6,0.48154093097913,1,Nepal,NP,NP,,28,84,NP,1,Nepal,NP,NP,,28,84,NP,1,Nepal,NP,NP,,28,84,NP,20260914063000,https://www.nzherald.co.nz/nz/auckland-man-dejan-kuzmic-still-missing-weeks-after-nepal-floods-family-seek-closure/RU3GEMFZ4NCN5FPYMDKREUAA3E/
1322913331,20260914,202609,2026,2026.6959,PAK,PAKISTAN,PAK,,,,,,,,,,,,,,,,,,0,160,160,16,4,-4.0,10,1,10,-2.23112128146453,1,Pakistan,PK,PK,,30,70,PK,0,,,,,,,,1,Pakistan,PK,PK,,30,70,PK,20260914063000,https://www.boredpanda.com/friend-excluded-trip-past-uncovered/
1322913332,20260914,202609,2026,2026.6959,PHL,PHILIPPINE,PHL,,,,,,,,CVL,VOTER,,,,,,CVL,,,1,013,013,01,1,0.4,2,1,2,0.925925925925929,4,"Cotabato City, Cotabato, Philippines",RP,RPB8,67175,7.22361,124.246,-2422630,4,"Cotabato City, Cotabato, Philippines",RP,RPB8,67175,7.22361,124.246,-2422630,4,"Cotabato City, Cotabato, Philippines",RP,RPB8,67175,7.22361,124.246,-2422630,20260914063000,https://www.philstar.com/headlines/2026/09/14/2556215/safeguard-ballot-marcos-appeals-voters-barmm-goes-polls
1322913333,20260914,202609,2026,2026.6959,PHL,PHILIPPINE,PHL,,,,,,,,CVL,VOTER,,,,,,CVL,,,1,013,013,01,1,0.4,2,1,2,0.925925925925929,4,"Tawi-Tawi, Maguindanao, Philippines",RP,RP56,67174,7.1,124.65,-2457054,4,"Tawi-Tawi, Maguindanao, Philippines",RP,RP56,67174,7.1,124.65,-2457054,4,"Tawi-Tawi, Maguindanao, Philippines",RP,RP56,67174,7.1,124.65,-2457054,20260914063000,https://www.philstar.com/headlines/2026/09/14/2556215/safeguard-ballot-marcos-appeals-voters-barmm-goes-polls
1322913334,20260914,202609,2026,2026.6959,PHL,MANILA,PHL,,,,,,,,MOS,MUSLIM,,,,MOS,,,,,1,190,190,19,4,-10.0,5,1,5,-3.44827586206897,4,"Manila, Manila, Philippines",RP,RPD9,24210,14.6042,120.982,-2437894,4,"Philippine, Benguet, Philippines",RP,RP10,24213,16.45,120.55,-2445611,4,"Philippine, Benguet, Philippines",RP,RP10,24213,16.45,120.55,-2445611,20260914063000,https://interaksyon.philstar.com/politics-issues/2026/09/14/319104/voting-starts-in-barmm-after-three-killed-in-election-violence/
1322913335,20260914,202609,2026,2026.6959,PHL,PHILIPPINE,PHL,,,,,,,,PTY,POLITICAL PARTIES,,,,,,,,,0,051,051,05,1,3.4,3,1,3,0.925925925925929,4,"Cotabato City, Cotabato, Philippines",RP,RPB8,67175,7.22361,124.246,-2422630,4,"Cotabato City, Cotabato, Philippines",RP,RPB8,67175,7.22361,124.246,-2422630,4,"Cotabato City, Cotabato, Philippines",RP,RPB8,67175,7.22361,124.246,-2422630,20260914063000,https://www.philstar.com/headlines/2026/09/14/2556215/safeguard-ballot-marcos-appeals-voters-barmm-goes-polls
1322913336,20260914,202609,2026,2026.6959,PHL,PHILIPPINE,PHL,,,,,,,,PTY,POLITICAL PARTIES,,,,,,,,,0,051,051,05,1,3.4,3,1,3,0.925925925925929,4,"Cotabato City, Cotabato, Philippines",RP,RPB8,67175,7.22361,124.246,-2422630,4,"Maluso, Basilan, Philippines",RP,RP22,24237,6.543,121.875,-2437129,4,"Cotabato City, Cotabato, Philippines",RP,RPB8,67175,7.22361,124.246,-2422630,20260914063000,https://www.philstar.com/headlines/2026/09/14/2556215/safeguard-ballot-marcos-appeals-voters-barmm-goes-polls
1322913337,20260914,202609,2026,2026.6959,PNG,MADANG,PNG,,,,,,,,,,,,,,,,,,1,036,036,03,1,4.0,20,1,20,0.729927007299261,0,,,,,,,,0,,,,,,,,0,,,,,,,,20260914063000,https://emtv.com.pg/madang-police-gear-up-for-51st-independence-celebrations/
1322913338,20260914,202609,2026,2026.6959,PNG,MADANG,PNG,,,,,,,,,,,,,,,,,,0,051,051,05,1,3.4,20,1,20,0.729927007299261,0,,,,,,,,0,,,,,,,,0,,,,,,,,20260914063000,https://emtv.com.pg/madang-police-gear-up-for-51st-independence-celebrations/
1322913339,20260914,202609,2026,2026.6959,PNGBUS,PAPUA NEW GUINEA,PNG,,,,,BUS,,,,,,,,,,,,,1,070,070,07,2,7.0,2,1,2,3.76712328767123,4,"Yumi, Eastern Highlands, Papua New Guinea",PP,PP09,18585,-6.33333,145.467,-2204305,0,,,,,,,,4,"Yumi, Eastern Highlands, Papua New Guinea",PP,PP09,18585,-6.33333,145.467,-2204305,20260914063000,https://emtv.com.pg/yumi-ai-backs-icare4u-ministry-with-k2000-donation/
1322913340,20260914,202609,2026,2026.6959,PNGBUS,PAPUA NEW GUINEA,PNG,,,,,BUS,,,GOV,MINISTRY,,,,,,GOV,,,1,070,070,07,2,7.0,2,1,2,3.76712328767123,4,"Yumi, Eastern Highlands, Papua New Guinea",PP,PP09,18585,-6.33333,145.467,-2204305,4,"Yumi, Eastern Highlands, Papua New Guinea",PP,PP09,18585,-6.33333,145.467,-2204305,4,"Yumi, Eastern Highlands, Papua New Guinea",PP,PP09,18585,-6.33333,145.467,-2204305,20260914063000,https://emtv.com.pg/yumi-ai-backs-icare4u-ministry-with-k2000-donation/
1322913341,20260914,202609,2026,2026.6959,PNGGOV,PAPUA NEW GUINEA,PNG,,,,,GOV,,,,,,,,,,,,,1,051,051,05,1,3.4,10,1,10,3.76712328767123,4,"Yumi, Eastern Highlands, Papua New Guinea",PP,PP09,18585,-6.33333,145.467,-2204305,0,,,,,,,,4,"Yumi, Eastern Highlands, Papua New Guinea",PP,PP09,18585,-6.33333,145.467,-2204305,20260914063000,https://emtv.com.pg/yumi-ai-backs-icare4u-ministry-with-k2000-donation/
1322913342,20260914,202609,2026,2026.6959,POL,POLE,POL,,,,,,,,,,,,,,,,,,1,051,051,05,1,3.4,1,1,1,-2.8688524590164,3,"Mansfield, Texas, United States",US,USTX,TX439,32.5632,-97.1417,1340898,0,,,,,,,,3,"Mansfield, Texas, United States",US,USTX,TX439,32.5632,-97.1417,1340898,20260914063000,https://www.nbcdfw.com/news/local/mans-truck-shocked-by-falling-utility-pole-in-hail-storm-in-mansfield-friday/4076522/
1322913343,20260914,202609,2026,2026.6959,POL,WARSAW,POL,,,,,,,,,,,,,,,,,,1,073,073,07,2,7.4,4,1,4,-4.16666666666666,4,"Warsaw, (PL67), Poland",PL,PL67,24452,52.25,21,-534433,0,,,,,,,,4,"Warsaw, (PL67), Poland",PL,PL67,24452,52.25,21,-534433,20260914063000,https://wcti12.com/news/local/warsaw-saturation-patrol-nets-45-citations-and-two-fugitive-arrests
1322913344,20260914,202609,2026,2026.6959,POL,POLISH,POL,,,,,,,,,,,,,,,,,,1,130,130,13,3,-4.4,8,1,8,-5.45808966861598,4,"Warsaw, (PL67), Poland",PL,PL67,24452,52.25,21,-534433,0,,,,,,,,4,"Warsaw, (PL67), Poland",PL,PL67,24452,52.25,21,-534433,20260914063000,http://www.bgnes.com/politics/tusk-russian-escalation-is-a-reality-poland-and-its-allies-must-be-ready-to-respond
1322913345,20260914,202609,2026,2026.6959,POL,POLAND,POL,,,,,,,,CVL,RESIDENTS,,,,,,CVL,,,0,130,130,13,3,-4.4,2,1,2,-4.94117647058823,4,"Kyiv, Kyyiv, Misto, Ukraine",UP,UP12,28554,50.4333,30.5167,-1044367,4,"Kyiv, Kyyiv, Misto, Ukraine",UP,UP12,28554,50.4333,30.5167,-1044367,4,"Kyiv, Kyyiv, Misto, Ukraine",UP,UP12,28554,50.4333,30.5167,-1044367,20260914063000,https://www.kyivpost.com/post/84428
1322913346,20260914,202609,2026,2026.6959,POL,POLAND,POL,,,,,,,,CVL,RESIDENTS,,,,,,CVL,,,0,130,130,13,3,-4.4,3,1,3,-4.94117647058823,1,Poland,PL,PL,,52,20,PL,4,"Kyiv, Kyyiv, Misto, Ukraine",UP,UP12,28554,50.4333,30.5167,-1044367,4,"Kyiv, Kyyiv, Misto, Ukraine",UP,UP12,28554,50.4333,30.5167,-1044367,20260914063000,https://www.kyivpost.com/post/84428
1322913347,20260914,202609,2026,2026.6959,POL,WARSAW,POL,,,,,,,,POLCOP,POLAND,POL,,,,,COP,,,1,051,051,05,1,3.4,4,1,4,-4.16666666666666,4,"Warsaw, (PL67), Poland",PL,PL67,24452,52.25,21,-534433,4,"Warsaw, (PL67), Poland",PL,PL67,24452,52.25,21,-534433,4,"Warsaw, (PL67), Poland",PL,PL67,24452,52.25,21,-534433,20260914063000,https://wcti12.com/news/local/warsaw-saturation-patrol-nets-45-citations-and-two-fugitive-arrests
1322913348,20260914,202609,2026,2026.6959,POL,POLISH,POL,,,,,,,,RUS,RUSSIAN,RUS,,,,,,,,0,100,100,10,3,-5.0,2,1,2,-5.45808966861598,4,"Dorohusk, Lubelskie, Poland",PL,PL75,24362,51.1625,23.8043,-499921,4,"Moscow, Moskva, Russia",RS,RS48,25106,55.7522,37.6156,-2960561,4,"Moscow, Moskva, Russia",RS,RS48,25106,55.7522,37.6156,-2960561,20260914063000,http://www.bgnes.com/politics/tusk-russian-escalation-is-a-reality-poland-and-its-allies-must-be-ready-to-respond
1322913349,20260914,202609,2026,2026.6959,POL,POLISH,POL,,,,,,,,RUS,RUSSIAN,RUS,,,,,,,,1,100,100,10,3,-5.0,10,1,10,-4.94117647058823,1,Poland,PL,PL,,52,20,PL,4,"Volyn, Tul'skaya Oblast', Russia",RS,RS76,25105,54.1546,37.4002,10067595,4,"Volyn, Tul'skaya Oblast', Russia",RS,RS76,25105,54.1546,37.4002,10067595,20260914063000,https://www.kyivpost.com/post/84428
1322913350,20260914,202609,2026,2026.6959,POL,POLISH,POL,,,,,,,,RUS,RUSSIA,RUS,,,,,,,,0,111,111,11,3,-2.0,4,1,4,-5.45808966861598,4,"Dorohusk, Lubelskie, Poland",PL,PL75,24362,51.1625,23.8043,-499921,4,"Moscow, Moskva, Russia",RS,RS48,25106,55.7522,37.6156,-2960561,4,"Moscow, Moskva, Russia",RS,RS48,25106,55.7522,37.6156,-2960561,20260914063000,http://www.bgnes.com/politics/tusk-russian-escalation-is-a-reality-poland-and-its-allies-must-be-ready-to-respond
1322913351,20260914,202609,2026,2026.6959,POL,POLISH,POL,,,,,,,,RUS,RUSSIAN,RUS,,,,,,,,0,112,112,11,3,-2.0,1,1,1,-5.68603213844252,4,"Warsaw, (PL67), Poland",PL,PL67,24452,52.25,21,-534433,4,"Warsaw, (PL67), Poland",PL,PL67,24452,52.25,21,-534433,4,"Warsaw, (PL67), Poland",PL,PL67,24452,52.25,21,-534433,20260914063000,https://www.kyivpost.com/post/84418
1322913352,20260914,202609,2026,2026.6959,POL,POLAND,POL,,,,,,,,RUS,RUSSIA,RUS,,,,,,,,0,195,195,19,4,-10.0,1,1,1,-4.94117647058823,4,"Kyiv, Kyyiv, Misto, Ukraine",UP,UP12,28554,50.4333,30.5167,-1044367,4,"Volyn, Tul'skaya Oblast', Russia",RS,RS76,25105,54.1546,37.4002,10067595,4,"Volyn, Tul'skaya Oblast', Russia",RS,RS76,25105,54.1546,37.4002,10067595,20260914063000,https://www.kyivpost.com/post/84428
1322913353,20260914,202609,2026,2026.6959,POL,POLAND,POL,,,,,,,,RUS,RUSSIAN,RUS,,,,,,,,0,195,195,19,4,-10.0,2,1,2,-4.94117647058823,1,Poland,PL,PL,,52,20,PL,4,"Volyn, Tul'skaya Oblast', Russia",RS,RS76,25105,54.1546,37.4002,10067595,4,"Volyn, Tul'skaya Oblast', Russia",RS,RS76,25105,54.1546,37.4002,10067595,20260914063000,https://www.kyivpost.com/post/84428
1322913354,20260914,202609,2026,2026.6959,POL,WARSAW,POL,,,,,,,,UKR,KYIV,UKR,,,,,,,,1,043,043,04,1,2.8,5,1,5,-4.94117647058823,4,"Volyn, Tul'skaya Oblast', Russia",RS,RS76,25105,54.1546,37.4002,10067595,4,"Kyiv, Kyyiv, Misto, Ukraine",UP,UP12,28554,50.4333,30.5167,-1044367,4,"Kyiv, Kyyiv, Misto, Ukraine",UP,UP12,28554,50.4333,30.5167,-1044367,20260914063000,https://www.kyivpost.com/post/84428
1322913355,20260914,202609,2026,2026.6959,POL,POLISH,POL,,,,,,,,UKR,UKRAINE,UKR,,,,,,,,0,180,180,18,4,-9.0,2,1,2,-5.68603213844252,4,"Warsaw, (PL67), Poland",PL,PL67,24452,52.25,21,-534433,4,"Kyiv, Kyyiv, Misto, Ukraine",UP,UP12,28554,50.4333,30.5167,-1044367,4,"Moscow, Moskva, Russia",RS,RS48,25106,55.7522,37.6156,-2960561,20260914063000,https://www.kyivpost.com/post/84418
1322913356,20260914,202609,2026,2026.6959,POL,POLISH,POL,,,,,,,,UKR,UKRAINE,UKR,,,,,,,,0,180,180,18,4,-9.0,2,1,2,-5.68603213844252,4,"Warsaw, (PL67), Poland",PL,PL67,24452,52.25,21,-534433,4,"Warsaw, (PL67), Poland",PL,PL67,24452,52.25,21,-534433,4,"Warsaw, (PL67), Poland",PL,PL67,24452,52.25,21,-534433,20260914063000,https://www.kyivpost.com/post/84418
1322913357,20260914,202609,2026,2026.6959,POL,POLAND,POL,,,,,,,,UKR,UKRAINIAN,UKR,,,,,,,,0,190,190,19,4,-10.0,1,1,1,-4.94117647058823,4,"Kyiv, Kyyiv, Misto, Ukraine",UP,UP12,28554,50.4333,30.5167,-1044367,4,"Volyn, Tul'skaya Oblast', Russia",RS,RS76,25105,54.1546,37.4002,10067595,4,"Volyn, Tul'skaya Oblast', Russia",RS,RS76,25105,54.1546,37.4002,10067595,20260914063000,https://www.kyivpost.com/post/84428
1322913358,20260914,202609,2026,2026.6959,POL,POLAND,POL,,,,,,,,UKR,UKRAINIAN,UKR,,,,,,,,0,190,190,19,4,-10.0,1,1,1,-4.94117647058823,1,Poland,PL,PL,,52,20,PL,4,"Kyiv, Kyyiv, Misto, Ukraine",UP,UP12,28554,50.4333,30.5167,-1044367,4,"Volyn, Tul'skaya Oblast', Russia",RS,RS76,25105,54.1546,37.4002,10067595,20260914063000,https://www.kyivpost.com/post/84428
1322913359,20260914,202609,2026,2026.6959,POL,POLAND,POL,,,,,,,,UKRGOV,UKRAINE,UKR,,,,,GOV,,,0,190,190,19,4,-10.0,1,1,1,-4.94117647058823,4,"Kyiv, Kyyiv, Misto, Ukraine",UP,UP12,28554,50.4333,30.5167,-1044367,4,"Kyiv, Kyyiv, Misto, Ukraine",UP,UP12,28554,50.4333,30.5167,-1044367,4,"Volyn, Tul'skaya Oblast', Russia",RS,RS76,25105,54.1546,37.4002,10067595,20260914063000,https://www.kyivpost.com/post/84428
1322913360,20260914,202609,2026,2026.6959,POL,POLAND,POL,,,,,,,,UKRGOV,UKRAINIAN,UKR,,,,,GOV,,,0,190,190,19,4,-10.0,2,1,2,-4.94117647058823,1,Poland,PL,PL,,52,20,PL,4,"Kyiv, Kyyiv, Misto, Ukraine",UP,UP12,28554,50.4333,30.5167,-1044367,4,"Volyn, Tul'skaya Oblast', Russia",RS,RS76,25105,54.1546,37.4002,10067595,20260914063000,https://www.kyivpost.com/post/84428
1322913361,20260914,202609,2026,2026.6959,POL,POLE,POL,,,,,,,,USA,DALLAS,USA,,,,,,,,1,051,051,05,1,3.4,1,1,1,-2.8688524590164,3,"Mansfield, Texas, United States",US,USTX,TX439,32.5632,-97.1417,1340898,3,"Mansfield, Texas, United States",US,USTX,TX439,32.5632,-97.1417,1340898,3,"Mansfield, Texas, United States",US,USTX,TX439,32.5632,-97.1417,1340898,20260914063000,https://www.nbcdfw.com/news/local/mans-truck-shocked-by-falling-utility-pole-in-hail-storm-in-mansfield-friday/4076522/
1322913362,20260914,202609,2026,2026.6959,POLCOP,WARSAW,POL,,,,,COP,,,,,,,,,,,,,1,051,051,05,1,3.4,6,1,6,-4.16666666666666,4,"Warsaw, (PL67), Poland",PL,PL67,24452,52.25,21,-534433,0,,,,,,,,4,"Warsaw, (PL67), Poland",PL,PL67,24452,52.25,21,-534433,20260914063000,https://wcti12.com/news/local/warsaw-saturation-patrol-nets-45-citations-and-two-fugitive-arrests
1322913363,20260914,202609,2026,2026.6959,POLCOP,WARSAW,POL,,,,,COP,,,POL,WARSAW,POL,,,,,,,,1,073,073,07,2,7.4,6,1,6,-4.16666666666666,4,"Warsaw, (PL67), Poland",PL,PL67,24452,52.25,21,-534433,4,"Warsaw, (PL67), Poland",PL,PL67,24452,52.25,21,-534433,4,"Warsaw, (PL67), Poland",PL,PL67,24452,52.25,21,-534433,20260914063000,https://wcti12.com/news/local/warsaw-saturation-patrol-nets-45-citations-and-two-fugitive-arrests
1322913364,20260914,202609,2026,2026.6959,POLCOP,POLAND,POL,,,,,COP,,,UKR,UKRAINE,UKR,,,,,,,,0,180,180,18,4,-9.0,2,1,2,-5.68603213844252,4,"Warsaw, (PL67), Poland",PL,PL67,24452,52.25,21,-534433,4,"Kyiv, Kyyiv, Misto, Ukraine",UP,UP12,28554,50.4333,30.5167,-1044367,4,"Kyiv, Kyyiv, Misto, Ukraine",UP,UP12,28554,50.4333,30.5167,-1044367,20260914063000,https://www.kyivpost.com/post/84418
1322913365,20260914,202609,2026,2026.6959,POLCOP,POLISH,POL,,,,,COP,,,UKR,UKRAINE,UKR,,,,,,,,0,180,180,18,4,-9.0,4,1,4,-5.68603213844252,4,"Warsaw, (PL67), Poland",PL,PL67,24452,52.25,21,-534433,4,"Kyiv, Kyyiv, Misto, Ukraine",UP,UP12,28554,50.4333,30.5167,-1044367,4,"Moscow, Moskva, Russia",RS,RS48,25106,55.7522,37.6156,-2960561,20260914063000,https://www.kyivpost.com/post/84418
1322913366,20260914,202609,2026,2026.6959,POLGOV,POLAND,POL,,,,,GOV,,,EUR,EUROPEAN,EUR,,,,,,,,0,010,010,01,1,0.0,1,1,1,-2.09606245756959,4,"Cheboksary, Chuvashiya, Russia",RS,RS16,25102,56.1322,47.2519,-2896432,4,"Cheboksary, Chuvashiya, Russia",RS,RS16,25102,56.1322,47.2519,-2896432,1,Poland,PL,PL,,52,20,PL,20260914063000,https://city.udn.com/2976/7291863?raid=7298519
1322913367,20260914,202609,2026,2026.6959,POLGOV,POLISH,POL,,,,,GOV,,,EUR,EUROPEAN,EUR,,,,,,,,0,010,010,01,1,0.0,2,1,2,-2.09606245756959,1,Poland,PL,PL,,52,20,PL,4,"Cheboksary, Chuvashiya, Russia",RS,RS16,25102,56.1322,47.2519,-2896432,1,Poland,PL,PL,,52,20,PL,20260914063000,https://city.udn.com/2976/7291863?raid=7298519
1322913368,20260914,202609,2026,2026.6959,POLGOV,POLISH,POL,,,,,GOV,,,RUS,RUSSIAN,RUS,,,,,,,,0,100,100,10,3,-5.0,6,1,6,-5.45808966861598,4,"Dorohusk, Lubelskie, Poland",PL,PL75,24362,51.1625,23.8043,-499921,4,"Moscow, Moskva, Russia",RS,RS48,25106,55.7522,37.6156,-2960561,4,"Kyiv, Kyyiv, Misto, Ukraine",UP,UP12,28554,50.4333,30.5167,-1044367,20260914063000,http://www.bgnes.com/politics/tusk-russian-escalation-is-a-reality-poland-and-its-allies-must-be-ready-to-respond
1322913369,20260914,202609,2026,2026.6959,POLGOV,POLISH,POL,,,,,GOV,,,RUS,RUSSIAN,RUS,,,,,,,,0,111,111,11,3,-2.0,6,1,6,-5.45808966861598,4,"Dorohusk, Lubelskie, Poland",PL,PL75,24362,51.1625,23.8043,-499921,4,"Moscow, Moskva, Russia",RS,RS48,25106,55.7522,37.6156,-2960561,4,"Moscow, Moskva, Russia",RS,RS48,25106,55.7522,37.6156,-2960561,20260914063000,http://www.bgnes.com/politics/tusk-russian-escalation-is-a-reality-poland-and-its-allies-must-be-ready-to-respond
1322913370,20260914,202609,2026,2026.6959,POLGOVMIL,POLISH,POL,,,,,GOV,MIL,,POL,POLISH,POL,,,,,,,,0,130,130,13,3,-4.4,8,1,8,-5.45808966861598,4,"Warsaw, (PL67), Poland",PL,PL67,24452,52.25,21,-534433,4,"Warsaw, (PL67), Poland",PL,PL67,24452,52.25,21,-534433,4,"Warsaw, (PL67), Poland",PL,PL67,24452,52.25,21,-534433,20260914063000,http://www.bgnes.com/politics/tusk-russian-escalation-is-a-reality-poland-and-its-allies-must-be-ready-to-respond
1322913371,20260914,202609,2026,2026.6959,POLGOVMIL,POLISH,POL,,,,,GOV,MIL,,POL,POLISH,POL,,,,,,,,0,150,150,15,4,-7.2,6,1,6,-5.68603213844252,4,"Warsaw, (PL67), Poland",PL,PL67,24452,52.25,21,-534433,4,"Warsaw, (PL67), Poland",PL,PL67,24452,52.25,21,-534433,4,"Warsaw, (PL67), Poland",PL,PL67,24452,52.25,21,-534433,20260914063000,https://www.kyivpost.com/post/84418
1322913372,20260914,202609,2026,2026.6959,POLGOVMIL,POLISH,POL,,,,,GOV,MIL,,POL,POLISH,POL,,,,,,,,0,190,190,19,4,-10.0,8,1,8,-5.45808966861598,4,"Warsaw, (PL67), Poland",PL,PL67,24452,52.25,21,-534433,4,"Warsaw, (PL67), Poland",PL,PL67,24452,52.25,21,-534433,4,"Warsaw, (PL67), Poland",PL,PL67,24452,52.25,21,-534433,20260914063000,http://www.bgnes.com/politics/tusk-russian-escalation-is-a-reality-poland-and-its-allies-must-be-ready-to-respond
1322913373,20260914,202609,2026,2026.6959,POLGOVMIL,POLISH,POL,,,,,GOV,MIL,,RUS,RUSSIAN,RUS,,,,,,,,0,112,112,11,3,-2.0,6,1,6,-5.68603213844252,4,"Warsaw, (PL67), Poland",PL,PL67,24452,52.25,21,-534433,4,"Moscow, Moskva, Russia",RS,RS48,25106,55.7522,37.6156,-2960561,4,"Moscow, Moskva, Russia",RS,RS48,25106,55.7522,37.6156,-2960561,20260914063000,https://www.kyivpost.com/post/84418
1322913374,20260914,202609,2026,2026.6959,PSE,GAZA,PSE,,,,,,,,,,,,,,,,,,1,090,090,09,2,-2.0,4,1,4,-5.09031198686371,4,"Khan Yunis, Gaza Strip (general), Gaza Strip",GZ,GZ00,18315,31.3402,34.3063,-797165,0,,,,,,,,4,"Khan Yunis, Gaza Strip (general), Gaza Strip",GZ,GZ00,18315,31.3402,34.3063,-797165,20260914063000,https://www.arabnews.com/middle-east/incubator-shortages-premature-births-strain-gazas-hospitals-3001629
1322913375,20260914,202609,2026,2026.6959,PSE,GAZA,PSE,,,,,,,,HLH,DOCTOR,,,,,,HLH,,,1,040,040,04,1,1.0,1,1,1,-5.09031198686371,4,"Gaza, Israel (general), Israel",IS,IS00,18315,31.4167,34.3333,-797156,4,"Khan Yunis, Gaza Strip (general), Gaza Strip",GZ,GZ00,18315,31.3402,34.3063,-797165,4,"Khan Yunis, Gaza Strip (general), Gaza Strip",GZ,GZ00,18315,31.3402,34.3063,-797165,20260914063000,https://www.arabnews.com/middle-east/incubator-shortages-premature-births-strain-gazas-hospitals-3001629
1322913376,20260914,202609,2026,2026.6959,PSE,GAZA,PSE,,,,,,,,HLH,DOCTOR,,,,,,HLH,,,1,040,040,04,1,1.0,3,1,3,-5.09031198686371,4,"Khan Yunis, Gaza Strip (general), Gaza Strip",GZ,GZ00,18315,31.3402,34.3063,-797165,4,"Khan Yunis, Gaza Strip (general), Gaza Strip",GZ,GZ00,18315,31.3402,34.3063,-797165,4,"Khan Yunis, Gaza Strip (general), Gaza Strip",GZ,GZ00,18315,31.3402,34.3063,-797165,20260914063000,https://www.arabnews.com/middle-east/incubator-shortages-premature-births-strain-gazas-hospitals-3001629
1322913377,20260914,202609,2026,2026.6959,PTY,PARTY MEMBER,,,,,,,,,,,,,,,,,,,1,173,173,17,4,-5.0,10,1,10,0.88495575221239,0,,,,,,,,0,,,,,,,,0,,,,,,,,20260914063000,https://www.thetidenewsonline.com/2026/09/intimidation-wont-derail-2027-preparations-rivers-adc-assures-members/
1322913378,20260914,202609,2026,2026.6959,REL,BISHOP,,,,,,,,,HLH,NURSE,,,,,,HLH,,,0,060,060,06,2,6.0,10,1,10,-1.84049079754601,0,,,,,,,,0,,,,,,,,0,,,,,,,,20260914063000,https://www.berkshireeagle.com/history/eagle-archives-sept-14-1966-when-it-comes-to-local-connections-you-can-t-beat-mrs-lillian-belcher/article_e60ec1a7-f1f0-4192-bf27-daf72ed8495d.html
1322913379,20260914,202609,2026,2026.6959,REL,ARCHBISHOP,,,,,,,,,NGA,PORT HARCOURT,NGA,,,,,,,,1,020,020,02,1,3.0,5,1,5,4.08997955010225,4,"Port Harcourt, Rivers, Nigeria",NI,NI50,191389,4.78917,6.99861,-2025046,4,"Port Harcourt, Rivers, Nigeria",NI,NI50,191389,4.78917,6.99861,-2025046,4,"Port Harcourt, Rivers, Nigeria",NI,NI50,191389,4.78917,6.99861,-2025046,20260914063000,https://www.thetidenewsonline.com/2026/09/apc-group-canvasses-christians-support-for-rivers-guber-candidate/
1322913380,20260914,202609,2026,2026.6959,ROU,ROMANIA,,,,,,,,,,,,,,,,,,,1,071,071,07,2,7.4,10,1,10,3.55029585798817,1,Romania,RO,RO,,46,25,RO,0,,,,,,,,1,Romania,RO,RO,,46,25,RO,20260914063000,https://www.stiripesurse.ro/president-nicusor-dan-romania-supports-ambitious-eu-budget-stronger-nato-eastern-flank_3919790
1322913381,20260914,202609,2026,2026.6959,ROU,ROMANIA,,,,,,,,,EUR,EUROPEAN,EUR,,,,,,,,1,051,051,05,1,3.4,10,1,10,3.55029585798817,1,Romania,RO,RO,,46,25,RO,1,Romania,RO,RO,,46,25,RO,1,Romania,RO,RO,,46,25,RO,20260914063000,https://www.stiripesurse.ro/president-nicusor-dan-romania-supports-ambitious-eu-budget-stronger-nato-eastern-flank_3919790
1322913382,20260914,202609,2026,2026.6959,ROUGOV,ROMANIA,,,,,,GOV,,,EUR,EUROPEAN,EUR,,,,,,,,0,042,042,04,1,1.9,2,1,2,3.55029585798817,1,Romania,RO,RO,,46,25,RO,1,Romania,RO,RO,,46,25,RO,1,Romania,RO,RO,,46,25,RO,20260914063000,https://www.stiripesurse.ro/president-nicusor-dan-romania-supports-ambitious-eu-budget-stronger-nato-eastern-flank_3919790
1322913383,20260914,202609,2026,2026.6959,ROUGOV,ROMANIA,,,,,,GOV,,,FIN,FINLAND,FIN,,,,,,,,0,036,036,03,1,4.0,2,1,2,3.55029585798817,1,Romania,RO,RO,,46,25,RO,4,"Rovaniemi, Lapland, Finland",FI,FI26,16222,66.5,25.7167,-1384477,4,"Rovaniemi, Lapland, Finland",FI,FI26,16222,66.5,25.7167,-1384477,20260914063000,https://www.stiripesurse.ro/president-nicusor-dan-romania-supports-ambitious-eu-budget-stronger-nato-eastern-flank_3919790
1322913384,20260914,202609,2026,2026.6959,ROUGOV,ROMANIA,,,,,,GOV,,,IGOEUREEC,THE EUROPEAN UNION,EUR,EEC,,,,IGO,,,1,040,040,04,1,1.0,2,1,2,3.55029585798817,1,Romania,RO,RO,,46,25,RO,1,Romania,RO,RO,,46,25,RO,1,Romania,RO,RO,,46,25,RO,20260914063000,https://www.stiripesurse.ro/president-nicusor-dan-romania-supports-ambitious-eu-budget-stronger-nato-eastern-flank_3919790
1322913385,20260914,202609,2026,2026.6959,ROUGOV,ROMANIA,,,,,,GOV,,,IGOWSTNAT,NATO,WST,NAT,,,,IGO,,,1,050,050,05,1,3.5,1,1,1,3.55029585798817,1,Romania,RO,RO,,46,25,RO,1,Romania,RO,RO,,46,25,RO,1,Romania,RO,RO,,46,25,RO,20260914063000,https://www.stiripesurse.ro/president-nicusor-dan-romania-supports-ambitious-eu-budget-stronger-nato-eastern-flank_3919790
1322913386,20260914,202609,2026,2026.6959,RUS,RUSSIAN,RUS,,,,,,,,,,,,,,,,,,0,018,018,01,1,3.4,8,1,8,-2.09606245756959,4,"Moscow, Moskva, Russia",RS,RS48,25106,55.7522,37.6156,-2960561,0,,,,,,,,4,"Moscow, Moskva, Russia",RS,RS48,25106,55.7522,37.6156,-2960561,20260914063000,https://city.udn.com/2976/7291863?raid=7298519
1322913387,20260914,202609,2026,2026.6959,RUS,RUSSIAN,RUS,,,,,,,,,,,,,,,,,,0,018,018,01,1,3.4,2,1,2,-2.09606245756959,4,"Tehran, Tehran, Iran",IR,IR26,41130,35.75,51.5148,10074674,0,,,,,,,,4,"Tehran, Tehran, Iran",IR,IR26,41130,35.75,51.5148,10074674,20260914063000,https://city.udn.com/2976/7291863?raid=7298519
1322913388,20260914,202609,2026,2026.6959,RUS,RUSSIA,RUS,,,,,,,,,,,,,,,,,,0,051,051,05,1,3.4,1,1,1,-2.09606245756959,4,"Lviv, L'vivs'ka Oblast', Ukraine",UP,UP15,28555,49.8407,24.0305,-1045268,0,,,,,,,,4,"Volgograd, Volgogradskaya Oblast', Russia",RS,RS84,25113,48.8047,44.5858,-3034353,20260914063000,https://city.udn.com/2976/7291863?raid=7298519
1322913389,20260914,202609,2026,2026.6959,RUS,RUSSIA,RUS,,,,,,,,,,,,,,,,,,0,051,051,05,1,3.4,1,1,1,-2.09606245756959,4,"Volgograd, Volgogradskaya Oblast', Russia",RS,RS84,25113,48.8047,44.5858,-3034353,0,,,,,,,,4,"Volgograd, Volgogradskaya Oblast', Russia",RS,RS84,25113,48.8047,44.5858,-3034353,20260914063000,https://city.udn.com/2976/7291863?raid=7298519
1322913390,20260914,202609,2026,2026.6959,RUS,MOSCOW,RUS,,,,,,,,,,,,,,,,,,1,061,061,06,2,6.4,4,1,4,-3.9906103286385,4,"Moscow, Moskva, Russia",RS,RS48,25106,55.7522,37.6156,-2960561,0,,,,,,,,4,"Moscow, Moskva, Russia",RS,RS48,25106,55.7522,37.6156,-2960561,20260914063000,https://www.kyivpost.com/post/84425
1322913391,20260914,202609,2026,2026.6959,RUS,MOSCOW,RUS,,,,,,,,,,,,,,,,,,1,061,061,06,2,6.4,6,1,6,-3.9906103286385,1,Poland,PL,PL,,52,20,PL,0,,,,,,,,1,Poland,PL,PL,,52,20,PL,20260914063000,https://www.kyivpost.com/post/84425
1322913392,20260914,202609,2026,2026.6959,RUS,RUSSIAN FEDERATION,RUS,,,,,,,,,,,,,,,,,,1,172,172,17,4,-5.0,10,1,10,-5.45808966861598,4,"Volyn, Tul'skaya Oblast', Russia",RS,RS76,25105,54.1546,37.4002,10067595,0,,,,,,,,4,"Volyn, Tul'skaya Oblast', Russia",RS,RS76,25105,54.1546,37.4002,10067595,20260914063000,http://www.bgnes.com/politics/tusk-russian-escalation-is-a-reality-poland-and-its-allies-must-be-ready-to-respond
1322913393,20260914,202609,2026,2026.6959,RUS,RUSSIAN,RUS,,,,,,,,,,,,,,,,,,0,180,180,18,4,-9.0,1,1,1,-2.09606245756959,4,"Tehran, Tehran, Iran",IR,IR26,41130,35.75,51.5148,10074674,0,,,,,,,,4,"Tehran, Tehran, Iran",IR,IR26,41130,35.75,51.5148,10074674,20260914063000,https://city.udn.com/2976/7291863?raid=7298519
1322913394,20260914,202609,2026,2026.6959,RUS,RUSSIAN,RUS,,,,,,,,BUS,EXPORTER,,,,,,BUS,,,1,070,070,07,2,7.0,2,1,2,-3.9906103286385,4,"Moscow, Moskva, Russia",RS,RS48,25106,55.7522,37.6156,-2960561,4,"Moscow, Moskva, Russia",RS,RS48,25106,55.7522,37.6156,-2960561,4,"Moscow, Moskva, Russia",RS,RS48,25106,55.7522,37.6156,-2960561,20260914063000,https://www.kyivpost.com/post/84425
1322913395,20260914,202609,2026,2026.6959,RUS,RUSSIA,RUS,,,,,,,,GBR,BRITISH,GBR,,,,,,,,1,016,016,01,1,-2.0,2,1,2,-3.40740740740741,4,"Moscow, Moskva, Russia",RS,RS48,25106,55.7522,37.6156,-2960561,4,"Moscow, Moskva, Russia",RS,RS48,25106,55.7522,37.6156,-2960561,1,United Kingdom,UK,UK,,54,-4,UK,20260914063000,https://www.kyivpost.com/post/84419
1322913396,20260914,202609,2026,2026.6959,RUS,RUSSIA,RUS,,,,,,,,GBR,BRITISH,GBR,,,,,,,,1,016,016,01,1,-2.0,2,1,2,-3.40740740740741,4,"Moscow, Moskva, Russia",RS,RS48,25106,55.7522,37.6156,-2960561,1,United Kingdom,UK,UK,,54,-4,UK,1,United Kingdom,UK,UK,,54,-4,UK,20260914063000,https://www.kyivpost.com/post/84419
1322913397,20260914,202609,2026,2026.6959,RUS,RUSSIA,RUS,,,,,,,,GBR,UNITED KINGDOM,GBR,,,,,,,,1,051,051,05,1,3.4,2,1,2,-3.40740740740741,4,"Moscow, Moskva, Russia",RS,RS48,25106,55.7522,37.6156,-2960561,1,United Kingdom,UK,UK,,54,-4,UK,1,United Kingdom,UK,UK,,54,-4,UK,20260914063000,https://www.kyivpost.com/post/84419
1322913398,20260914,202609,2026,2026.6959,RUS,RUSSIA,RUS,,,,,,,,GBRGOV,UNITED KINGDOM,GBR,,,,,GOV,,,1,111,111,11,3,-2.0,2,1,2,-3.40740740740741,4,"Moscow, Moskva, Russia",RS,RS48,25106,55.7522,37.6156,-2960561,4,"Kyiv, Kyyiv, Misto, Ukraine",UP,UP12,28554,50.4333,30.5167,-1044367,4,"Moscow, Moskva, Russia",RS,RS48,25106,55.7522,37.6156,-2960561,20260914063000,https://www.kyivpost.com/post/84419
1322913399,20260914,202609,2026,2026.6959,RUS,RUSSIA,RUS,,,,,,,,GOV,PRIME MINISTER,,,,,,GOV,,,0,040,040,04,1,1.0,1,1,1,1.00111234705229,4,"Moscow, Moskva, Russia",RS,RS48,25106,55.7522,37.6156,-2960561,4,"New Delhi, Delhi, India",IN,IN07,17911,28.6,77.2,-2106102,4,"New Delhi, Delhi, India",IN,IN07,17911,28.6,77.2,-2106102,20260914063000,https://www.hindustantimes.com/india-news/india-russia-china-bonhomie-at-brics-what-the-narendra-modi-xi-jinping-vladimir-putin-group-photos-reveal-101789360596765.html
1322913400,20260914,202609,2026,2026.6959,RUS,RUSSIA,RUS,,,,,,,,GOV,PRIME MINISTER,,,,,,GOV,,,1,040,040,04,1,1.0,2,1,1,1.00111234705229,4,"Moscow, Moskva, Russia",RS,RS48,25106,55.7522,37.6156,-2960561,4,"New Delhi, Delhi, India",IN,IN07,17911,28.6,77.2,-2106102,4,"Moscow, Moskva, Russia",RS,RS48,25106,55.7522,37.6156,-2960561,20260914063000,https://www.hindustantimes.com/india-news/india-russia-china-bonhomie-at-brics-what-the-narendra-modi-xi-jinping-vladimir-putin-group-photos-reveal-101789360596765.html
1322913401,20260914,202609,2026,2026.6959,RUS,RUSSIA,RUS,,,,,,,,GOV,PRIME MINISTER,,,,,,GOV,,,1,040,040,04,1,1.0,2,1,1,1.00111234705229,4,"Moscow, Moskva, Russia",RS,RS48,25106,55.7522,37.6156,-2960561,4,"Moscow, Moskva, Russia",RS,RS48,25106,55.7522,37.6156,-2960561,4,"Moscow, Moskva, Russia",RS,RS48,25106,55.7522,37.6156,-2960561,20260914063000,https://www.hindustantimes.com/india-news/india-russia-china-bonhomie-at-brics-what-the-narendra-modi-xi-jinping-vladimir-putin-group-photos-reveal-101789360596765.html
1322913402,20260914,202609,2026,2026.6959,RUS,RUSSIA,RUS,,,,,,,,GOV,PRESIDENT,,,,,,GOV,,,1,111,111,11,3,-2.0,2,1,2,-3.40740740740741,4,"Kyiv, Kyyiv, Misto, Ukraine",UP,UP12,28554,50.4333,30.5167,-1044367,4,"Moscow, Moskva, Russia",RS,RS48,25106,55.7522,37.6156,-2960561,4,"Kyiv, Kyyiv, Misto, Ukraine",UP,UP12,28554,50.4333,30.5167,-1044367,20260914063000,https://www.kyivpost.com/post/84419
1322913403,20260914,202609,2026,2026.6959,RUS,RUSSIAN,RUS,,,,,,,,IRNGOV,IRANIAN,IRN,,,,,GOV,,,0,010,010,01,1,0.0,8,1,8,-2.09606245756959,4,"Moscow, Moskva, Russia",RS,RS48,25106,55.7522,37.6156,-2960561,4,"Tehran, Tehran, Iran",IR,IR26,41130,35.75,51.5148,10074674,4,"Tehran, Tehran, Iran",IR,IR26,41130,35.75,51.5148,10074674,20260914063000,https://city.udn.com/2976/7291863?raid=7298519
1322913404,20260914,202609,2026,2026.6959,RUS,RUSSIAN,RUS,,,,,,,,IRNGOV,IRAN,IRN,,,,,GOV,,,0,010,010,01,1,0.0,2,1,2,-2.09606245756959,4,"Tehran, Tehran, Iran",IR,IR26,41130,35.75,51.5148,10074674,4,"Tehran, Tehran, Iran",IR,IR26,41130,35.75,51.5148,10074674,4,"Tehran, Tehran, Iran",IR,IR26,41130,35.75,51.5148,10074674,20260914063000,https://city.udn.com/2976/7291863?raid=7298519
1322913405,20260914,202609,2026,2026.6959,RUS,RUSSIA,RUS,,,,,,,,POL,POLISH,POL,,,,,,,,0,150,150,15,4,-7.2,1,1,1,-5.68603213844252,4,"Moscow, Moskva, Russia",RS,RS48,25106,55.7522,37.6156,-2960561,4,"Warsaw, (PL67), Poland",PL,PL67,24452,52.25,21,-534433,4,"Warsaw, (PL67), Poland",PL,PL67,24452,52.25,21,-534433,20260914063000,https://www.kyivpost.com/post/84418
1322913406,20260914,202609,2026,2026.6959,RUS,RUSSIA,RUS,,,,,,,,POL,POLISH,POL,,,,,,,,0,150,150,15,4,-7.2,1,1,1,-5.68603213844252,4,"Warsaw, (PL67), Poland",PL,PL67,24452,52.25,21,-534433,4,"Warsaw, (PL67), Poland",PL,PL67,24452,52.25,21,-534433,4,"Warsaw, (PL67), Poland",PL,PL67,24452,52.25,21,-534433,20260914063000,https://www.kyivpost.com/post/84418
1322913407,20260914,202609,2026,2026.6959,RUS,RUSSIA,RUS,,,,,,,,POL,POLISH,POL,,,,,,,,0,190,190,19,4,-10.0,10,1,10,-5.45808966861598,4,"Moscow, Moskva, Russia",RS,RS48,25106,55.7522,37.6156,-2960561,4,"Dorohusk, Lubelskie, Poland",PL,PL75,24362,51.1625,23.8043,-499921,4,"Moscow, Moskva, Russia",RS,RS48,25106,55.7522,37.6156,-2960561,20260914063000,http://www.bgnes.com/politics/tusk-russian-escalation-is-a-reality-poland-and-its-allies-must-be-ready-to-respond
1322913408,20260914,202609,2026,2026.6959,RUS,RUSSIA,RUS,,,,,,,,UKR,UKRAINIAN,UKR,,,,,,,,0,020,020,02,1,3.0,2,1,2,-3.40740740740741,4,"Moscow, Moskva, Russia",RS,RS48,25106,55.7522,37.6156,-2960561,4,"Kyiv, Kyyiv, Misto, Ukraine",UP,UP12,28554,50.4333,30.5167,-1044367,4,"Kyiv, Kyyiv, Misto, Ukraine",UP,UP12,28554,50.4333,30.5167,-1044367,20260914063000,https://www.kyivpost.com/post/84419
1322913409,20260914,202609,2026,2026.6959,RUS,RUSSIA,RUS,,,,,,,,UKR,UKRAINIAN,UKR,,,,,,,,0,020,020,02,1,3.0,2,1,2,-3.40740740740741,4,"Moscow, Moskva, Russia",RS,RS48,25106,55.7522,37.6156,-2960561,4,"Kyiv, Kyyiv, Misto, Ukraine",UP,UP12,28554,50.4333,30.5167,-1044367,4,"Moscow, Moskva, Russia",RS,RS48,25106,55.7522,37.6156,-2960561,20260914063000,https://www.kyivpost.com/post/84419
1322913410,20260914,202609,2026,2026.6959,RUS,RUSSIA,RUS,,,,,,,,UKR,UKRAINE,UKR,,,,,,,,1,051,051,05,1,3.4,2,1,2,-3.40740740740741,4,"Moscow, Moskva, Russia",RS,RS48,25106,55.7522,37.6156,-2960561,4,"Kyiv, Kyyiv, Misto, Ukraine",UP,UP12,28554,50.4333,30.5167,-1044367,4,"Kyiv, Kyyiv, Misto, Ukraine",UP,UP12,28554,50.4333,30.5167,-1044367,20260914063000,https://www.kyivpost.com/post/84419
1322913411,20260914,202609,2026,2026.6959,RUS,RUSSIA,RUS,,,,,,,,UKR,UKRAINIAN,UKR,,,,,,,,1,111,111,11,3,-2.0,2,1,2,-5.68603213844252,4,"Moscow, Moskva, Russia",RS,RS48,25106,55.7522,37.6156,-2960561,4,"Kyiv, Kyyiv, Misto, Ukraine",UP,UP12,28554,50.4333,30.5167,-1044367,4,"Moscow, Moskva, Russia",RS,RS48,25106,55.7522,37.6156,-2960561,20260914063000,https://www.kyivpost.com/post/84418
1322913412,20260914,202609,2026,2026.6959,RUS,RUSSIA,RUS,,,,,,,,UKR,UKRAINIAN,UKR,,,,,,,,1,111,111,11,3,-2.0,2,1,2,-5.68603213844252,4,"Moscow, Moskva, Russia",RS,RS48,25106,55.7522,37.6156,-2960561,4,"Moscow, Moskva, Russia",RS,RS48,25106,55.7522,37.6156,-2960561,4,"Moscow, Moskva, Russia",RS,RS48,25106,55.7522,37.6156,-2960561,20260914063000,https://www.kyivpost.com/post/84418
1322913413,20260914,202609,2026,2026.6959,RUS,RUSSIAN,RUS,,,,,,,,UKR,UKRAINE,UKR,,,,,,,,0,190,190,19,4,-10.0,1,1,1,-5.68603213844252,4,"Moscow, Moskva, Russia",RS,RS48,25106,55.7522,37.6156,-2960561,4,"Kyiv, Kyyiv, Misto, Ukraine",UP,UP12,28554,50.4333,30.5167,-1044367,4,"Kyiv, Kyyiv, Misto, Ukraine",UP,UP12,28554,50.4333,30.5167,-1044367,20260914063000,https://www.kyivpost.com/post/84418
1322913414,20260914,202609,2026,2026.6959,RUS,RUSSIAN,RUS,,,,,,,,UKR,UKRAINE,UKR,,,,,,,,0,190,190,19,4,-10.0,6,1,6,-5.68603213844252,4,"Moscow, Moskva, Russia",RS,RS48,25106,55.7522,37.6156,-2960561,4,"Kyiv, Kyyiv, Misto, Ukraine",UP,UP12,28554,50.4333,30.5167,-1044367,4,"Moscow, Moskva, Russia",RS,RS48,25106,55.7522,37.6156,-2960561,20260914063000,https://www.kyivpost.com/post/84418
1322913415,20260914,202609,2026,2026.6959,RUS,RUSSIA,RUS,,,,,,,,UKR,UKRAINIAN,UKR,,,,,,,,1,193,193,19,4,-10.0,3,1,3,-3.84615384615384,4,"Moscow, Moskva, Russia",RS,RS48,25106,55.7522,37.6156,-2960561,4,"Moscow, Moskva, Russia",RS,RS48,25106,55.7522,37.6156,-2960561,4,"Kremlin, Moskva, Russia",RS,RS48,25106,55.7522,37.6156,-2960561,20260914063000,https://abc7amarillo.com/newsletter-daily/trump-urges-zelensky-to-halt-strikes-on-russia-diesel-sites-amid-global-fuel-crunch
1322913416,20260914,202609,2026,2026.6959,RUS,RUSSIA,RUS,,,,,,,,UKR,UKRAINE,UKR,,,,,,,,1,193,193,19,4,-10.0,1,1,1,-3.84615384615384,4,"Slavyansk, Primorskiy Kray, Russia",RS,RS59,25088,42.8696,131.378,-3005615,4,"Kyiv, Kyyiv, Misto, Ukraine",UP,UP12,28554,50.4333,30.5167,-1044367,4,"Kyiv, Kyyiv, Misto, Ukraine",UP,UP12,28554,50.4333,30.5167,-1044367,20260914063000,https://abc7amarillo.com/newsletter-daily/trump-urges-zelensky-to-halt-strikes-on-russia-diesel-sites-amid-global-fuel-crunch
1322913417,20260914,202609,2026,2026.6959,RUS,RUSSIA,RUS,,,,,,,,UKR,UKRAINE,UKR,,,,,,,,1,193,193,19,4,-10.0,1,1,1,-3.84615384615384,4,"Slavyansk, Primorskiy Kray, Russia",RS,RS59,25088,42.8696,131.378,-3005615,4,"Slavyansk, Primorskiy Kray, Russia",RS,RS59,25088,42.8696,131.378,-3005615,4,"Slavyansk, Primorskiy Kray, Russia",RS,RS59,25088,42.8696,131.378,-3005615,20260914063000,https://abc7amarillo.com/newsletter-daily/trump-urges-zelensky-to-halt-strikes-on-russia-diesel-sites-amid-global-fuel-crunch
1322913418,20260914,202609,2026,2026.6959,RUS,RUSSIA,RUS,,,,,,,,USA,UNITED STATES,USA,,,,,,,,0,194,194,19,4,-10.0,2,1,2,-2.09606245756959,4,"Taipei, T'ai-pei, Taiwan",TW,TW03,13277,25.0478,121.532,-2637882,4,"Moscow, Moskva, Russia",RS,RS48,25106,55.7522,37.6156,-2960561,4,"Taipei, T'ai-pei, Taiwan",TW,TW03,13277,25.0478,121.532,-2637882,20260914063000,https://city.udn.com/2976/7291863?raid=7298519
1322913419,20260914,202609,2026,2026.6959,RUS,RUSSIA,RUS,,,,,,,,USA,UNITED STATES,USA,,,,,,,,0,194,194,19,4,-10.0,8,1,8,-2.09606245756959,4,"Moscow, Moskva, Russia",RS,RS48,25106,55.7522,37.6156,-2960561,3,"White House, District of Columbia, United States",US,USDC,,38.8951,-77.0364,531871,4,"Moscow, Moskva, Russia",RS,RS48,25106,55.7522,37.6156,-2960561,20260914063000,https://city.udn.com/2976/7291863?raid=7298519
1322913420,20260914,202609,2026,2026.6959,SAU,SAUDI,SAU,,,,,,,,YEM,YEMEN,YEM,,,,,,,,1,195,195,19,4,-10.0,8,1,8,-3.85964912280702,4,"Sanaa, Sana', Yemen",YM,YM16,32956,15.3547,44.2067,-3191442,4,"Sanaa, Sana', Yemen",YM,YM16,32956,15.3547,44.2067,-3191442,4,"Sanaa, Sana', Yemen",YM,YM16,32956,15.3547,44.2067,-3191442,20260914063000,http://eng.chinamil.com.cn/2025xb/W/N/16486295.html
1322913421,20260914,202609,2026,2026.6959,SPY,INTELLIGENCE,,,,,,SPY,,,,,,,,,,,,,1,010,010,01,1,0.0,3,1,3,3.10880829015544,2,"Rhode Island, United States",US,USRI,,41.6772,-71.5101,RI,0,,,,,,,,2,"Rhode Island, United States",US,USRI,,41.6772,-71.5101,RI,20260914063000,https://www.reviewonline.com/news/local-news/2026/09/ryan-named-to-bipartisan-ai-commission/
1322913422,20260914,202609,2026,2026.6959,SPY,INTELLIGENCE,,,,,,SPY,,,,,,,,,,,,,0,012,012,01,1,-0.4,2,1,2,-1.84615384615385,1,New Zealand,NZ,NZ,,-42,174,NZ,0,,,,,,,,1,Australia,AS,AS,,-25,135,AS,20260914063000,https://emtv.com.pg/papua-new-guinea-joins-15th-seoul-defence-dialogue/
1322913423,20260914,202609,2026,2026.6959,SPY,INTELLIGENCE,,,,,,SPY,,,,,,,,,,,,,0,012,012,01,1,-0.4,2,1,2,-1.84615384615385,1,New Zealand,NZ,NZ,,-42,174,NZ,0,,,,,,,,1,New Zealand,NZ,NZ,,-42,174,NZ,20260914063000,https://emtv.com.pg/papua-new-guinea-joins-15th-seoul-defence-dialogue/
1322913424,20260914,202609,2026,2026.6959,SPY,INTELLIGENCE,,,,,,SPY,,,,,,,,,,,,,0,012,012,01,1,-0.4,6,1,6,-1.84615384615385,1,Papua New Guinea,PP,PP,,-6,147,PP,0,,,,,,,,1,New Zealand,NZ,NZ,,-42,174,NZ,20260914063000,https://emtv.com.pg/papua-new-guinea-joins-15th-seoul-defence-dialogue/
1322913425,20260914,202609,2026,2026.6959,SWE,SWEDEN,SWE,,,,,,,,,,,,,,,,,,0,111,111,11,3,-2.0,8,1,6,-3.43417825020442,1,Sweden,SW,SW,,62,15,SW,0,,,,,,,,1,Sweden,SW,SW,,62,15,SW,20260914063000,https://economictimes.indiatimes.com/small-biz/trade/exports/insights/war-in-the-middle-east-is-making-clothes-more-expensive/articleshow/134233495.cms
1322913426,20260914,202609,2026,2026.6959,SWEELI,SWEDEN,SWE,,,,,ELI,,,UKR,UKRAINE,UKR,,,,,,,,1,042,042,04,1,1.9,4,1,4,-5.68603213844252,4,"Moscow, Moskva, Russia",RS,RS48,25106,55.7522,37.6156,-2960561,4,"Moscow, Moskva, Russia",RS,RS48,25106,55.7522,37.6156,-2960561,4,"Moscow, Moskva, Russia",RS,RS48,25106,55.7522,37.6156,-2960561,20260914063000,https://www.kyivpost.com/post/84418
1322913427,20260914,202609,2026,2026.6959,SWEGOV,SWEDEN,SWE,,,,,GOV,,,UKR,KYIV,UKR,,,,,,,,1,042,042,04,1,1.9,2,1,2,-5.68603213844252,4,"Kyiv, Kyyiv, Misto, Ukraine",UP,UP12,28554,50.4333,30.5167,-1044367,4,"Kyiv, Kyyiv, Misto, Ukraine",UP,UP12,28554,50.4333,30.5167,-1044367,4,"Kyiv, Kyyiv, Misto, Ukraine",UP,UP12,28554,50.4333,30.5167,-1044367,20260914063000,https://www.kyivpost.com/post/84418
1322913428,20260914,202609,2026,2026.6959,SWEGOV,SWEDEN,SWE,,,,,GOV,,,UKR,KYIV,UKR,,,,,,,,1,042,042,04,1,1.9,2,1,2,-5.68603213844252,4,"Moscow, Moskva, Russia",RS,RS48,25106,55.7522,37.6156,-2960561,4,"Kyiv, Kyyiv, Misto, Ukraine",UP,UP12,28554,50.4333,30.5167,-1044367,4,"Moscow, Moskva, Russia",RS,RS48,25106,55.7522,37.6156,-2960561,20260914063000,https://www.kyivpost.com/post/84418
1322913429,20260914,202609,2026,2026.6959,SWEGOV,CARL BILDT,SWE,,,,,GOV,,,UKR,KYIV,UKR,,,,,,,,1,042,042,04,1,1.9,2,1,2,-5.68603213844252,4,"Moscow, Moskva, Russia",RS,RS48,25106,55.7522,37.6156,-2960561,4,"Moscow, Moskva, Russia",RS,RS48,25106,55.7522,37.6156,-2960561,4,"Moscow, Moskva, Russia",RS,RS48,25106,55.7522,37.6156,-2960561,20260914063000,https://www.kyivpost.com/post/84418
1322913430,20260914,202609,2026,2026.6959,THA,THAILAND,THA,,,,,,,,,,,,,,,,,,1,043,043,04,1,2.8,2,1,2,1.55038759689922,4,"Warrnambool, Victoria, Australia",AS,AS07,5423,-38.3818,142.488,-1608145,0,,,,,,,,4,"Warrnambool, Victoria, Australia",AS,AS07,5423,-38.3818,142.488,-1608145,20260914063000,https://www.standard.net.au/story/9349527/warrnambool-restaurant-dream-becomes-reality-for-tar-malarath/
1322913431,20260914,202609,2026,2026.6959,THA,THAILAND,THA,,,,,,,,,,,,,,,,,,1,043,043,04,1,2.8,8,1,8,1.55038759689922,4,"Chiang Rai, Chiang Rai, Thailand",TH,TH03,26523,19.9086,99.8325,-3247118,0,,,,,,,,4,"Chiang Rai, Chiang Rai, Thailand",TH,TH03,26523,19.9086,99.8325,-3247118,20260914063000,https://www.standard.net.au/story/9349527/warrnambool-restaurant-dream-becomes-reality-for-tar-malarath/
1322913432,20260914,202609,2026,2026.6959,THA,THAILAND,THA,,,,,,,,BUS,BUSINESS,,,,,,BUS,,,1,043,043,04,1,2.8,10,1,10,1.55038759689922,4,"Chiang Rai, Chiang Rai, Thailand",TH,TH03,26523,19.9086,99.8325,-3247118,4,"Chiang Rai, Chiang Rai, Thailand",TH,TH03,26523,19.9086,99.8325,-3247118,4,"Chiang Rai, Chiang Rai, Thailand",TH,TH03,26523,19.9086,99.8325,-3247118,20260914063000,https://www.standard.net.au/story/9349527/warrnambool-restaurant-dream-becomes-reality-for-tar-malarath/
1322913433,20260914,202609,2026,2026.6959,TWN,TAIWAN,TWN,,,,,,,,CHN,BEIJING,CHN,,,,,,,,0,050,050,05,1,3.5,8,1,8,-2.09606245756959,4,"Taipei, T'ai-pei, Taiwan",TW,TW03,13277,25.0478,121.532,-2637882,4,"Beijing, Beijing, China",CH,CH22,13001,39.9289,116.388,-1898541,4,"Beijing, Beijing, China",CH,CH22,13001,39.9289,116.388,-1898541,20260914063000,https://city.udn.com/2976/7291863?raid=7298519
1322913434,20260914,202609,2026,2026.6959,TWN,TAIWAN,TWN,,,,,,,,CHN,BEIJING,CHN,,,,,,,,0,050,050,05,1,3.5,2,1,2,-2.09606245756959,4,"Tehran, Tehran, Iran",IR,IR26,41130,35.75,51.5148,10074674,4,"Tehran, Tehran, Iran",IR,IR26,41130,35.75,51.5148,10074674,4,"Tehran, Tehran, Iran",IR,IR26,41130,35.75,51.5148,10074674,20260914063000,https://city.udn.com/2976/7291863?raid=7298519
1322913435,20260914,202609,2026,2026.6959,TWN,TAIWANESE,TWN,,,,,,,,TWNLEG,TAIWAN,TWN,,,,,LEG,,,0,010,010,01,1,0.0,6,1,6,-2.09606245756959,4,"Taipei, T'ai-pei, Taiwan",TW,TW03,13277,25.0478,121.532,-2637882,4,"Taipei, T'ai-pei, Taiwan",TW,TW03,13277,25.0478,121.532,-2637882,4,"Taipei, T'ai-pei, Taiwan",TW,TW03,13277,25.0478,121.532,-2637882,20260914063000,https://city.udn.com/2976/7291863?raid=7298519
1322913436,20260914,202609,2026,2026.6959,TWN,TAIWAN,TWN,,,,,,,,TWNLEG,TAIWAN,TWN,,,,,LEG,,,0,013,013,01,1,0.4,2,1,2,-2.09606245756959,4,"Tokyo, Tokyo, Japan",JA,JA40,36340,35.685,139.751,-246227,4,"Taipei, T'ai-pei, Taiwan",TW,TW03,13277,25.0478,121.532,-2637882,4,"Taipei, T'ai-pei, Taiwan",TW,TW03,13277,25.0478,121.532,-2637882,20260914063000,https://city.udn.com/2976/7291863?raid=7298519
1322913437,20260914,202609,2026,2026.6959,TWN,TAIWAN,TWN,,,,,,,,TWNLEG,TAIWAN,TWN,,,,,LEG,,,0,013,013,01,1,0.4,2,1,2,-2.09606245756959,4,"Taipei, T'ai-pei, Taiwan",TW,TW03,13277,25.0478,121.532,-2637882,4,"Taipei, T'ai-pei, Taiwan",TW,TW03,13277,25.0478,121.532,-2637882,4,"Taipei, T'ai-pei, Taiwan",TW,TW03,13277,25.0478,121.532,-2637882,20260914063000,https://city.udn.com/2976/7291863?raid=7298519
1322913438,20260914,202609,2026,2026.6959,UAF,GUNMEN,,,,,,UAF,,,mro,MORO,,,mro,,,,,,1,190,190,19,4,-10.0,10,1,10,-4.13533834586466,0,,,,,,,,0,,,,,,,,0,,,,,,,,20260914063000,https://www.philstar.com/nation/2026/09/14/2556217/bloody-incidents-rock-barmm-polls-cotabato-city
1322913439,20260914,202609,2026,2026.6959,UGA,UGANDA,UGA,,,,,,,,AFR,AFRICA,AFR,,,,,,,,0,141,141,14,3,-6.5,10,1,10,-1.78041543026706,1,Uganda,UG,UG,,2,33,UG,1,Uganda,UG,UG,,2,33,UG,1,Uganda,UG,UG,,2,33,UG,20260914063000,https://observer.ug/viewpoint/open-letter-gen-muhoozi-constitutionalise-your-journey-to-state-house/
1322913440,20260914,202609,2026,2026.6959,UKR,UKRAINE,UKR,,,,,,,,,,,,,,,,,,0,014,014,01,1,0.0,5,1,5,-4.94117647058823,4,"Kyiv, Kyyiv, Misto, Ukraine",UP,UP12,28554,50.4333,30.5167,-1044367,0,,,,,,,,4,"Kyiv, Kyyiv, Misto, Ukraine",UP,UP12,28554,50.4333,30.5167,-1044367,20260914063000,https://www.kyivpost.com/post/84428
1322913441,20260914,202609,2026,2026.6959,UKR,UKRAINE,UKR,,,,,,,,,,,,,,,,,,1,040,040,04,1,1.0,4,1,4,-3.9906103286385,4,"Kyiv, Kyyiv, Misto, Ukraine",UP,UP12,28554,50.4333,30.5167,-1044367,0,,,,,,,,4,"Kyiv, Kyyiv, Misto, Ukraine",UP,UP12,28554,50.4333,30.5167,-1044367,20260914063000,https://www.kyivpost.com/post/84425
1322913442,20260914,202609,2026,2026.6959,UKR,UKRAINIAN,UKR,,,,,,,,,,,,,,,,,,1,061,061,06,2,6.4,10,1,10,0,4,"Kyiv, Kyyiv, Misto, Ukraine",UP,UP12,28554,50.4333,30.5167,-1044367,0,,,,,,,,4,"Kyiv, Kyyiv, Misto, Ukraine",UP,UP12,28554,50.4333,30.5167,-1044367,20260914063000,https://www.kyivpost.com/opinion/84179
1322913443,20260914,202609,2026,2026.6959,UKR,UKRAINIAN,UKR,,,,,,,,,,,,,,,,,,0,190,190,19,4,-10.0,8,1,8,-2.09606245756959,4,"Lviv, L'vivs'ka Oblast', Ukraine",UP,UP15,28555,49.8407,24.0305,-1045268,0,,,,,,,,4,"Lviv, L'vivs'ka Oblast', Ukraine",UP,UP15,28555,49.8407,24.0305,-1045268,20260914063000,https://city.udn.com/2976/7291863?raid=7298519
1322913444,20260914,202609,2026,2026.6959,UKR,UKRAINE,UKR,,,,,,,,GOV,PRESIDENT,,,,,,GOV,,,0,040,040,04,1,1.0,2,1,2,-2.09606245756959,4,"Lviv, L'vivs'ka Oblast', Ukraine",UP,UP15,28555,49.8407,24.0305,-1045268,4,"Shahed, Fars, Iran",IR,IR07,25307,28.5934,52.2295,-3083999,4,"Shahed, Fars, Iran",IR,IR07,25307,28.5934,52.2295,-3083999,20260914063000,https://city.udn.com/2976/7291863?raid=7298519
1322913445,20260914,202609,2026,2026.6959,UKR,UKRAINIAN,UKR,,,,,,,,GOV,PRESIDENT,,,,,,GOV,,,0,040,040,04,1,1.0,3,1,3,-2.09606245756959,4,"Lviv, L'vivs'ka Oblast', Ukraine",UP,UP15,28555,49.8407,24.0305,-1045268,2,"Washington, United States",US,USWA,,47.3917,-121.571,WA,2,"Washington, United States",US,USWA,,47.3917,-121.571,WA,20260914063000,https://city.udn.com/2976/7291863?raid=7298519
1322913446,20260914,202609,2026,2026.6959,UKR,UKRAINE,UKR,,,,,,,,IRNGOV,IRAN,IRN,,,,,GOV,,,0,040,040,04,1,1.0,2,1,2,-2.09606245756959,4,"Moscow, Moskva, Russia",RS,RS48,25106,55.7522,37.6156,-2960561,4,"Shahed, Fars, Iran",IR,IR07,25307,28.5934,52.2295,-3083999,4,"Shahed, Fars, Iran",IR,IR07,25307,28.5934,52.2295,-3083999,20260914063000,https://city.udn.com/2976/7291863?raid=7298519
1322913447,20260914,202609,2026,2026.6959,UKR,KYIV,UKR,,,,,,,,MED,CORRESPONDENT,,,,,,MED,,,1,040,040,04,1,1.0,2,1,2,-10.7142857142857,4,"Kyiv, Kyyiv, Misto, Ukraine",UP,UP12,28554,50.4333,30.5167,-1044367,4,"Kyiv, Kyyiv, Misto, Ukraine",UP,UP12,28554,50.4333,30.5167,-1044367,4,"Kyiv, Kyyiv, Misto, Ukraine",UP,UP12,28554,50.4333,30.5167,-1044367,20260914063000,https://www.kyivpost.com/videos/84273
1322913448,20260914,202609,2026,2026.6959,UKR,KYIV,UKR,,,,,,,,POL,WARSAW,POL,,,,,,,,1,042,042,04,1,1.9,5,1,5,-4.94117647058823,4,"Kyiv, Kyyiv, Misto, Ukraine",UP,UP12,28554,50.4333,30.5167,-1044367,4,"Volyn, Tul'skaya Oblast', Russia",RS,RS76,25105,54.1546,37.4002,10067595,4,"Kyiv, Kyyiv, Misto, Ukraine",UP,UP12,28554,50.4333,30.5167,-1044367,20260914063000,https://www.kyivpost.com/post/84428
1322913449,20260914,202609,2026,2026.6959,UKR,UKRAINE,UKR,,,,,,,,POL,POLAND,POL,,,,,,,,0,0871,087,08,2,9.0,2,1,2,-5.68603213844252,4,"Kyiv, Kyyiv, Misto, Ukraine",UP,UP12,28554,50.4333,30.5167,-1044367,4,"Warsaw, (PL67), Poland",PL,PL67,24452,52.25,21,-534433,4,"Moscow, Moskva, Russia",RS,RS48,25106,55.7522,37.6156,-2960561,20260914063000,https://www.kyivpost.com/post/84418
1322913450,20260914,202609,2026,2026.6959,UKR,UKRAINE,UKR,,,,,,,,POL,POLAND,POL,,,,,,,,0,0871,087,08,2,9.0,2,1,2,-5.68603213844252,4,"Warsaw, (PL67), Poland",PL,PL67,24452,52.25,21,-534433,4,"Warsaw, (PL67), Poland",PL,PL67,24452,52.25,21,-534433,4,"Warsaw, (PL67), Poland",PL,PL67,24452,52.25,21,-534433,20260914063000,https://www.kyivpost.com/post/84418
1322913451,20260914,202609,2026,2026.6959,UKR,UKRAINE,UKR,,,,,,,,RUS,RUSSIAN,RUS,,,,,,,,0,020,020,02,1,3.0,2,1,2,-4.94117647058823,4,"Kyiv, Kyyiv, Misto, Ukraine",UP,UP12,28554,50.4333,30.5167,-1044367,4,"Kyiv, Kyyiv, Misto, Ukraine",UP,UP12,28554,50.4333,30.5167,-1044367,4,"Kyiv, Kyyiv, Misto, Ukraine",UP,UP12,28554,50.4333,30.5167,-1044367,20260914063000,https://www.kyivpost.com/post/84428
1322913452,20260914,202609,2026,2026.6959,UKR,UKRAINE,UKR,,,,,,,,RUS,RUSSIAN,RUS,,,,,,,,0,020,020,02,1,3.0,2,1,2,-4.94117647058823,4,"Kyiv, Kyyiv, Misto, Ukraine",UP,UP12,28554,50.4333,30.5167,-1044367,4,"Moscow, Moskva, Russia",RS,RS48,25106,55.7522,37.6156,-2960561,4,"Moscow, Moskva, Russia",RS,RS48,25106,55.7522,37.6156,-2960561,20260914063000,https://www.kyivpost.com/post/84428
1322913453,20260914,202609,2026,2026.6959,UKR,UKRAINE,UKR,,,,,,,,RUS,MOSCOW,RUS,,,,,,,,1,071,071,07,2,7.4,3,1,3,-3.84615384615384,4,"Moscow, Moskva, Russia",RS,RS48,25106,55.7522,37.6156,-2960561,4,"Kremlin, Moskva, Russia",RS,RS48,25106,55.7522,37.6156,-2960561,4,"Kyiv, Kyyiv, Misto, Ukraine",UP,UP12,28554,50.4333,30.5167,-1044367,20260914063000,https://abc7amarillo.com/newsletter-daily/trump-urges-zelensky-to-halt-strikes-on-russia-diesel-sites-amid-global-fuel-crunch
1322913454,20260914,202609,2026,2026.6959,UKR,UKRAINE,UKR,,,,,,,,RUS,MOSCOW,RUS,,,,,,,,1,071,071,07,2,7.4,2,1,2,-3.84615384615384,4,"Moscow, Moskva, Russia",RS,RS48,25106,55.7522,37.6156,-2960561,4,"Kremlin, Moskva, Russia",RS,RS48,25106,55.7522,37.6156,-2960561,4,"Kremlin, Moskva, Russia",RS,RS48,25106,55.7522,37.6156,-2960561,20260914063000,https://abc7amarillo.com/newsletter-daily/trump-urges-zelensky-to-halt-strikes-on-russia-diesel-sites-amid-global-fuel-crunch
1322913455,20260914,202609,2026,2026.6959,UKR,UKRAINE,UKR,,,,,,,,RUS,MOSCOW,RUS,,,,,,,,1,071,071,07,2,7.4,2,1,2,-3.84615384615384,1,Poland,PL,PL,,52,20,PL,4,"Moscow, Moskva, Russia",RS,RS48,25106,55.7522,37.6156,-2960561,4,"Moscow, Moskva, Russia",RS,RS48,25106,55.7522,37.6156,-2960561,20260914063000,https://abc7amarillo.com/newsletter-daily/trump-urges-zelensky-to-halt-strikes-on-russia-diesel-sites-amid-global-fuel-crunch
1322913456,20260914,202609,2026,2026.6959,UKR,UKRAINE,UKR,,,,,,,,RUS,RUSSIA,RUS,,,,,,,,0,100,100,10,3,-5.0,2,1,2,-5.68603213844252,4,"Kyiv, Kyyiv, Misto, Ukraine",UP,UP12,28554,50.4333,30.5167,-1044367,4,"Kyiv, Kyyiv, Misto, Ukraine",UP,UP12,28554,50.4333,30.5167,-1044367,4,"Kyiv, Kyyiv, Misto, Ukraine",UP,UP12,28554,50.4333,30.5167,-1044367,20260914063000,https://www.kyivpost.com/post/84418
1322913457,20260914,202609,2026,2026.6959,UKR,UKRAINE,UKR,,,,,,,,RUS,RUSSIA,RUS,,,,,,,,0,100,100,10,3,-5.0,2,1,2,-5.68603213844252,4,"Moscow, Moskva, Russia",RS,RS48,25106,55.7522,37.6156,-2960561,4,"Moscow, Moskva, Russia",RS,RS48,25106,55.7522,37.6156,-2960561,4,"Moscow, Moskva, Russia",RS,RS48,25106,55.7522,37.6156,-2960561,20260914063000,https://www.kyivpost.com/post/84418
1322913458,20260914,202609,2026,2026.6959,UKR,UKRAINE,UKR,,,,,,,,RUS,RUSSIA,RUS,,,,,,,,1,190,190,19,4,-10.0,2,1,2,-10.7142857142857,4,"Sochi, Krasnodarskiy Kray, Russia",RS,RS38,25065,43.5992,39.7257,-3006514,4,"Kyiv, Kyyiv, Misto, Ukraine",UP,UP12,28554,50.4333,30.5167,-1044367,4,"Kyiv, Kyyiv, Misto, Ukraine",UP,UP12,28554,50.4333,30.5167,-1044367,20260914063000,https://www.kyivpost.com/videos/84273
1322913459,20260914,202609,2026,2026.6959,UKR,UKRAINE,UKR,,,,,,,,SWEELI,SWEDEN,SWE,,,,,ELI,,,1,043,043,04,1,2.8,2,1,2,-5.68603213844252,4,"Kyiv, Kyyiv, Misto, Ukraine",UP,UP12,28554,50.4333,30.5167,-1044367,1,Sweden,SW,SW,,62,15,SW,4,"Kyiv, Kyyiv, Misto, Ukraine",UP,UP12,28554,50.4333,30.5167,-1044367,20260914063000,https://www.kyivpost.com/post/84418
1322913460,20260914,202609,2026,2026.6959,UKR,UKRAINE,UKR,,,,,,,,SWEELI,SWEDEN,SWE,,,,,ELI,,,1,043,043,04,1,2.8,2,1,2,-5.68603213844252,4,"Kyiv, Kyyiv, Misto, Ukraine",UP,UP12,28554,50.4333,30.5167,-1044367,1,Sweden,SW,SW,,62,15,SW,1,Sweden,SW,SW,,62,15,SW,20260914063000,https://www.kyivpost.com/post/84418
1322913461,20260914,202609,2026,2026.6959,UKR,KYIV,UKR,,,,,,,,SWEGOV,CARL BILDT,SWE,,,,,GOV,,,1,043,043,04,1,2.8,4,1,4,-5.68603213844252,4,"Kyiv, Kyyiv, Misto, Ukraine",UP,UP12,28554,50.4333,30.5167,-1044367,1,Sweden,SW,SW,,62,15,SW,4,"Kyiv, Kyyiv, Misto, Ukraine",UP,UP12,28554,50.4333,30.5167,-1044367,20260914063000,https://www.kyivpost.com/post/84418
1322913462,20260914,202609,2026,2026.6959,UKR,KYIV,UKR,,,,,,,,SWEGOV,SWEDEN,SWE,,,,,GOV,,,1,043,043,04,1,2.8,2,1,2,-5.68603213844252,1,Sweden,SW,SW,,62,15,SW,4,"Moscow, Moskva, Russia",RS,RS48,25106,55.7522,37.6156,-2960561,1,Sweden,SW,SW,,62,15,SW,20260914063000,https://www.kyivpost.com/post/84418
1322913463,20260914,202609,2026,2026.6959,UKR,UKRAINE,UKR,,,,,,,,USA,UNITED STATES,USA,,,,,,,,0,042,042,04,1,1.9,1,1,1,-2.09606245756959,4,"Lviv, L'vivs'ka Oblast', Ukraine",UP,UP15,28555,49.8407,24.0305,-1045268,2,"Washington, United States",US,USWA,,47.3917,-121.571,WA,4,"Lviv, L'vivs'ka Oblast', Ukraine",UP,UP15,28555,49.8407,24.0305,-1045268,20260914063000,https://city.udn.com/2976/7291863?raid=7298519
1322913464,20260914,202609,2026,2026.6959,UKR,UKRAINIAN,UKR,,,,,,,,USA,WASHINGTON,USA,,,,,,,,0,042,042,04,1,1.9,3,1,3,-2.09606245756959,4,"Lviv, L'vivs'ka Oblast', Ukraine",UP,UP15,28555,49.8407,24.0305,-1045268,2,"Washington, United States",US,USWA,,47.3917,-121.571,WA,2,"Washington, United States",US,USWA,,47.3917,-121.571,WA,20260914063000,https://city.udn.com/2976/7291863?raid=7298519
1322913465,20260914,202609,2026,2026.6959,UKR,UKRAINIAN,UKR,,,,,,,,USA,WASHINGTON,USA,,,,,,,,0,042,042,04,1,1.9,1,1,1,-2.09606245756959,4,"Moscow, Moskva, Russia",RS,RS48,25106,55.7522,37.6156,-2960561,4,"Shahed, Fars, Iran",IR,IR07,25307,28.5934,52.2295,-3083999,4,"Lviv, L'vivs'ka Oblast', Ukraine",UP,UP15,28555,49.8407,24.0305,-1045268,20260914063000,https://city.udn.com/2976/7291863?raid=7298519
1322913466,20260914,202609,2026,2026.6959,UKREDU,UKRAINE,UKR,,,,,EDU,,,REL,ARCHBISHOP,,,,,,,,,0,013,013,01,1,0.4,2,1,2,-2.09606245756959,4,"Lviv, L'vivs'ka Oblast', Ukraine",UP,UP15,28555,49.8407,24.0305,-1045268,4,"Barrikady, Volgogradskaya Oblast', Russia",RS,RS84,25113,48.7833,44.5833,-2882422,4,"Lviv, L'vivs'ka Oblast', Ukraine",UP,UP15,28555,49.8407,24.0305,-1045268,20260914063000,https://city.udn.com/2976/7291863?raid=7298519
1322913467,20260914,202609,2026,2026.6959,UKREDU,UKRAINE,UKR,,,,,EDU,,,REL,ARCHBISHOP,,,,,,,,,0,013,013,01,1,0.4,2,1,2,-2.09606245756959,4,"Lviv, L'vivs'ka Oblast', Ukraine",UP,UP15,28555,49.8407,24.0305,-1045268,3,"Ukrainian Catholic Church, California, United States",US,USCA,,32.7489,-117.087,1870461,4,"Lviv, L'vivs'ka Oblast', Ukraine",UP,UP15,28555,49.8407,24.0305,-1045268,20260914063000,https://city.udn.com/2976/7291863?raid=7298519
1322913468,20260914,202609,2026,2026.6959,UKRGOV,UKRAINIAN,UKR,,,,,GOV,,,UKR,UKRAINE,UKR,,,,,,,,0,130,130,13,3,-4.4,8,1,8,-5.68603213844252,4,"Kyiv, Kyyiv, Misto, Ukraine",UP,UP12,28554,50.4333,30.5167,-1044367,4,"Kyiv, Kyyiv, Misto, Ukraine",UP,UP12,28554,50.4333,30.5167,-1044367,4,"Kyiv, Kyyiv, Misto, Ukraine",UP,UP12,28554,50.4333,30.5167,-1044367,20260914063000,https://www.kyivpost.com/post/84418
1322913469,20260914,202609,2026,2026.6959,UKRGOV,UKRAINE,UKR,,,,,GOV,,,UKR,UKRAINE,UKR,,,,,,,,0,130,130,13,3,-4.4,2,1,2,-5.68603213844252,4,"Moscow, Moskva, Russia",RS,RS48,25106,55.7522,37.6156,-2960561,4,"Kyiv, Kyyiv, Misto, Ukraine",UP,UP12,28554,50.4333,30.5167,-1044367,4,"Kyiv, Kyyiv, Misto, Ukraine",UP,UP12,28554,50.4333,30.5167,-1044367,20260914063000,https://www.kyivpost.com/post/84418
1322913470,20260914,202609,2026,2026.6959,USA,UNITED STATES,USA,,,,,,,,,,,,,,,,,,0,010,010,01,1,0.0,1,1,1,-2.09606245756959,4,"Beijing, Beijing, China",CH,CH22,13001,39.9289,116.388,-1898541,0,,,,,,,,4,"Beijing, Beijing, China",CH,CH22,13001,39.9289,116.388,-1898541,20260914063000,https://city.udn.com/2976/7291863?raid=7298519
1322913471,20260914,202609,2026,2026.6959,USA,FLORIDA,USA,,,,,,,,,,,,,,,,,,1,010,010,01,1,0.0,3,1,3,-3.98373983739838,3,"Staten Island, New York, United States",US,USNY,NY085,40.5834,-74.1496,1802959,0,,,,,,,,3,"Staten Island, New York, United States",US,USNY,,40.5834,-74.1496,1802959,20260914063000,https://www.silive.com/news/2026/09/republican-governors-halt-flock-license-plate-reader-programs-amid-growing-pushback.html
1322913472,20260914,202609,2026,2026.6959,USA,UNITED STATES,USA,,,,,,,,,,,,,,,,,,0,010,010,01,1,0.0,1,1,1,-2.09606245756959,3,"National University, California, United States",US,USCA,CA073,32.7775,-117.106,1869490,0,,,,,,,,3,"National University, California, United States",US,USCA,,32.7775,-117.106,1869490,20260914063000,https://city.udn.com/2976/7291863?raid=7298519
1322913473,20260914,202609,2026,2026.6959,USA,UNITED STATES,USA,,,,,,,,,,,,,,,,,,0,012,012,01,1,-0.4,2,1,2,-3.98373983739838,3,"Staten Island, New York, United States",US,USNY,NY085,40.5834,-74.1496,1802959,0,,,,,,,,3,"Staten Island, New York, United States",US,USNY,,40.5834,-74.1496,1802959,20260914063000,https://www.silive.com/news/2026/09/republican-governors-halt-flock-license-plate-reader-programs-amid-growing-pushback.html
1322913474,20260914,202609,2026,2026.6959,USA,UNITED STATES,USA,,,,,,,,,,,,,,,,,,0,012,012,01,1,-0.4,2,1,2,-3.98373983739838,2,"New Jersey, United States",US,USNJ,,40.314,-74.5089,NJ,0,,,,,,,,2,"New Jersey, United States",US,USNJ,,40.314,-74.5089,NJ,20260914063000,https://www.silive.com/news/2026/09/republican-governors-halt-flock-license-plate-reader-programs-amid-growing-pushback.html
1322913475,20260914,202609,2026,2026.6959,USA,UNITED STATES,USA,,,,,,,,,,,,,,,,,,0,020,020,02,1,3.0,1,1,1,-2.09606245756959,3,"Red Square, Washington, United States",US,USWA,WA033,47.6558,-122.31,2462562,0,,,,,,,,3,"Red Square, Washington, United States",US,USWA,,47.6558,-122.31,2462562,20260914063000,https://city.udn.com/2976/7291863?raid=7298519
1322913476,20260914,202609,2026,2026.6959,USA,UNITED STATES,USA,,,,,,,,,,,,,,,,,,0,020,020,02,1,3.0,1,1,1,-2.09606245756959,2,"Louisiana, United States",US,USLA,,31.1801,-91.8749,LA,0,,,,,,,,2,"Louisiana, United States",US,USLA,,31.1801,-91.8749,LA,20260914063000,https://city.udn.com/2976/7291863?raid=7298519
1322913477,20260914,202609,2026,2026.6959,USA,RALEIGH,USA,,,,,,,,,,,,,,,,,,1,043,043,04,1,2.8,10,1,10,-0.50377833753149,2,"West Virginia, United States",US,USWV,,38.468,-80.9696,WV,0,,,,,,,,2,"West Virginia, United States",US,USWV,,38.468,-80.9696,WV,20260914063000,https://woay.com/hope-week-leads-up-to-out-of-the-darkness-suicide-prevention-walk/
1322913478,20260914,202609,2026,2026.6959,USA,UNITED STATES,USA,,,,,,,,,,,,,,,,,,1,051,051,05,1,3.4,2,1,2,2.99401197604791,3,"Martin County, North Carolina, United States",US,USNC,NC117,35.8335,-77.1497,1026328,0,,,,,,,,3,"Martin County, North Carolina, United States",US,USNC,,35.8335,-77.1497,1026328,20260914063000,https://wcti12.com/news/local/bear-grass-fire-captain-receives-order-of-the-long-leaf-pine
1322913479,20260914,202609,2026,2026.6959,USA,UNITED STATES,USA,,,,,,,,,,,,,,,,,,1,090,090,09,2,-2.0,1,1,1,3.15457413249211,3,"Isle Royale, Michigan, United States",US,USMI,MI083,48.0004,-88.8334,1618306,0,,,,,,,,2,"Michigan, United States",US,USMI,,43.3504,-84.5603,MI,20260914063000,https://www.abc12.com/news/isle-royale-hiker-70-found-alive-after-days-long-search/article_237a8a10-2a66-4d39-9a25-0bdf3d2ea048.html
1322913480,20260914,202609,2026,2026.6959,USA,UNITED STATES,USA,,,,,,,,,,,,,,,,,,1,172,172,17,4,-5.0,2,1,2,1.46198830409357,2,"Illinois, United States",US,USIL,,40.3363,-89.0022,IL,0,,,,,,,,2,"Illinois, United States",US,USIL,,40.3363,-89.0022,IL,20260914063000,https://www.winnipegfreepress.com/arts-and-life/life/2026/09/13/mouthfeel-joins-flavor-as-a-food-industry-focus-to-satisfy-consumers-craving-extra-texture
1322913481,20260914,202609,2026,2026.6959,USA,UNITED STATES,USA,,,,,,,,BUS,COMPANIES,,,,,,BUS,,,0,030,030,03,1,4.0,4,1,4,-0.79113924050633,3,"White House, District of Columbia, United States",US,USDC,,38.8951,-77.0364,531871,3,"White House, District of Columbia, United States",US,USDC,,38.8951,-77.0364,531871,3,"White House, District of Columbia, United States",US,USDC,,38.8951,-77.0364,531871,20260914063000,https://www.yahoo.com/news/politics/articles/trump-still-very-much-operating-055449254.html
1322913482,20260914,202609,2026,2026.6959,USA,UNITED STATES,USA,,,,,,,,BUS,COMPANIES,,,,,,BUS,,,0,060,060,06,2,6.0,4,1,4,-0.79113924050633,3,"White House, District of Columbia, United States",US,USDC,,38.8951,-77.0364,531871,3,"White House, District of Columbia, United States",US,USDC,,38.8951,-77.0364,531871,3,"White House, District of Columbia, United States",US,USDC,,38.8951,-77.0364,531871,20260914063000,https://www.yahoo.com/news/politics/articles/trump-still-very-much-operating-055449254.html
1322913483,20260914,202609,2026,2026.6959,USA,UNITED STATES,USA,,,,,,,,CAN,ONTARIO,CAN,,,,,,,,1,010,010,01,1,0.0,2,1,2,5.60606060606061,1,Canada,CA,CA,,60,-96,CA,1,Canada,CA,CA,,60,-96,CA,1,Canada,CA,CA,,60,-96,CA,20260914063000,https://www.investegate.co.uk/announcement/rns/landore-resources-limited-npv--lnd/nevada-portfolio-review-independent-gold-review/9769153
1322913484,20260914,202609,2026,2026.6959,USA,UNITED STATES,USA,,,,,,,,CAN,CANADA,CAN,,,,,,,,0,042,042,04,1,1.9,1,1,1,2.48618784530387,4,"Toronto, Ontario, Canada",CA,CA08,12686,43.6667,-79.4167,-574890,4,"Toronto, Ontario, Canada",CA,CA08,12686,43.6667,-79.4167,-574890,4,"Toronto, Ontario, Canada",CA,CA08,12686,43.6667,-79.4167,-574890,20260914063000,https://www.brandonsun.com/national/2026/09/13/prime-minister-mark-carney-says-canada-wants-unique-alliance-with-eu-not-membership
1322913485,20260914,202609,2026,2026.6959,USA,UNITED STATES,USA,,,,,,,,CAN,CANADA,CAN,,,,,,,,1,042,042,04,1,1.9,6,1,6,2.29885057471264,3,"Carteret County, North Carolina, United States",US,USNC,NC031,34.8002,-76.6997,1026337,1,Canada,CA,CA,,60,-96,CA,1,Canada,CA,CA,,60,-96,CA,20260914063000,https://wcti12.com/news/local/salvation-army-helps-stranded-boater-return-to-canada
1322913486,20260914,202609,2026,2026.6959,USA,UNITED STATES,USA,,,,,,,,CAN,CANADA,CAN,,,,,,,,1,042,042,04,1,1.9,2,1,2,2.29885057471264,1,Canada,CA,CA,,60,-96,CA,1,Canada,CA,CA,,60,-96,CA,1,Canada,CA,CA,,60,-96,CA,20260914063000,https://wcti12.com/news/local/salvation-army-helps-stranded-boater-return-to-canada
1322913487,20260914,202609,2026,2026.6959,USA,UNITED STATES,USA,,,,,,,,CHN,CHINA,CHN,,,,,,,,0,090,090,09,2,-2.0,1,1,1,-2.09606245756959,4,"Beijing, Beijing, China",CH,CH22,13001,39.9289,116.388,-1898541,4,"Beijing, Beijing, China",CH,CH22,13001,39.9289,116.388,-1898541,4,"Beijing, Beijing, China",CH,CH22,13001,39.9289,116.388,-1898541,20260914063000,https://city.udn.com/2976/7291863?raid=7298519
1322913488,20260914,202609,2026,2026.6959,USA,UNITED STATES,USA,,,,,,,,CHN,CHINESE,CHN,,,,,,,,0,090,090,09,2,-2.0,4,1,4,-2.09606245756959,2,"Washington, United States",US,USWA,,47.3917,-121.571,WA,4,"Beijing, Beijing, China",CH,CH22,13001,39.9289,116.388,-1898541,4,"Beijing, Beijing, China",CH,CH22,13001,39.9289,116.388,-1898541,20260914063000,https://city.udn.com/2976/7291863?raid=7298519
1322913489,20260914,202609,2026,2026.6959,USA,UNITED STATES,USA,,,,,,,,COP,POLICE,,,,,,COP,,,1,084,084,08,2,7.0,2,1,2,-5.91900311526479,2,"Michigan, United States",US,USMI,,43.3504,-84.5603,MI,2,"Michigan, United States",US,USMI,,43.3504,-84.5603,MI,2,"Michigan, United States",US,USMI,,43.3504,-84.5603,MI,20260914063000,https://www.abc12.com/news/michigan-sex-offender-registry-shrinks-by-20-000-after-court-ruling/article_06a3f637-d6d3-425e-8f4f-2c7fcb7ecf76.html
1322913490,20260914,202609,2026,2026.6959,USA,FLORIDA,USA,,,,,,,,COP,POLICE OFFICER,,,,,,COP,,,0,173,173,17,4,-5.0,2,1,2,-3.98373983739838,2,"Florida, United States",US,USFL,,27.8333,-81.717,FL,3,"Orange City, Florida, United States",US,USFL,,28.9489,-81.2987,288188,3,"Orange City, Florida, United States",US,USFL,,28.9489,-81.2987,288188,20260914063000,https://www.silive.com/news/2026/09/republican-governors-halt-flock-license-plate-reader-programs-amid-growing-pushback.html
1322913491,20260914,202609,2026,2026.6959,USA,NEW YORK,USA,,,,,,,,CVL,TRAVELER,,,,,,CVL,,,1,012,012,01,1,-0.4,10,1,10,-3.61317747077577,1,United States,US,US,,39.828175,-98.5795,US,1,United States,US,US,,39.828175,-98.5795,US,1,United States,US,US,,39.828175,-98.5795,US,20260914063000,http://www.greenevillesun.com/business/ap_business/travel-scams-are-getting-harder-to-spot-heres-how-to-stay-safe/article_4665afaf-93b7-5fa9-8c30-7d1d13c7ccb7.html
1322913492,20260914,202609,2026,2026.6959,USA,GRAND RAPIDS,USA,,,,,,,,CVL,COMMUNITY,,,,,,CVL,,,1,036,036,03,1,4.0,10,1,10,3.30882352941176,0,,,,,,,,0,,,,,,,,0,,,,,,,,20260914063000,http://www.grandrapidsmn.com/news/gracf-to-host-free-estate-planning-seminar/article_e64b9417-1008-4eba-a0cb-26acc86256fc.html
1322913493,20260914,202609,2026,2026.6959,USA,NEW YORK,USA,,,,,,,,CVL,TRAVELER,,,,,,CVL,,,1,042,042,04,1,1.9,10,1,10,-3.61317747077577,1,United States,US,US,,39.828175,-98.5795,US,1,United States,US,US,,39.828175,-98.5795,US,1,United States,US,US,,39.828175,-98.5795,US,20260914063000,http://www.greenevillesun.com/business/ap_business/travel-scams-are-getting-harder-to-spot-heres-how-to-stay-safe/article_4665afaf-93b7-5fa9-8c30-7d1d13c7ccb7.html
1322913494,20260914,202609,2026,2026.6959,USA,UNITED STATES,USA,,,,,,,,CVL,CIVILIAN,,,,,,CVL,,,1,051,051,05,1,3.4,6,1,6,2.99401197604791,3,"Martin County, North Carolina, United States",US,USNC,NC117,35.8335,-77.1497,1026328,3,"Martin County, North Carolina, United States",US,USNC,,35.8335,-77.1497,1026328,3,"Martin County, North Carolina, United States",US,USNC,,35.8335,-77.1497,1026328,20260914063000,https://wcti12.com/news/local/bear-grass-fire-captain-receives-order-of-the-long-leaf-pine
1322913495,20260914,202609,2026,2026.6959,USA,UNITED STATES,USA,,,,,,,,EDU,STUDENT,,,,,,EDU,,,1,172,172,17,4,-5.0,2,1,2,-0.96618357487923,1,United States,US,US,,39.828175,-98.5795,US,1,United States,US,US,,39.828175,-98.5795,US,1,United States,US,US,,39.828175,-98.5795,US,20260914063000,https://www.tuftsdaily.com/article/2026/09/tufts-international-students-grapple-with-imminent-visa-restrictions-concerns-about-potential-drops-in-international-enrollment
1322913496,20260914,202609,2026,2026.6959,USA,AMERICAN,USA,,,,,,,,ELI,ACTOR,,,,,,ELI,,,1,014,014,01,1,0.0,6,1,6,3.97456279809221,1,United States,US,US,,39.828175,-98.5795,US,1,United States,US,US,,39.828175,-98.5795,US,1,United States,US,US,,39.828175,-98.5795,US,20260914063000,https://www.arabnews.com/entertainment/widows-bay-and-the-pitt-tipped-for-success-at-emmy-awards-3001631
1322913497,20260914,202609,2026,2026.6959,USA,MIAMI,USA,,,,,,,,ESP,SPAIN,ESP,,,,,,,,0,036,036,03,1,4.0,1,1,1,-1.36842105263158,3,"Miami, Florida, United States",US,USFL,FL086,25.7743,-80.1937,295004,1,Spain,SP,SP,,40,-4,SP,1,Spain,SP,SP,,40,-4,SP,20260914063000,http://www.greenevillesun.com/business/ap_business/for-the-us-news-industry-a-tough-summer-draws-to-a-close-with-mcclatchy-chains/article_cd6828fe-ece6-5b64-8065-66cbf3cbc965.html
1322913498,20260914,202609,2026,2026.6959,USA,MIAMI,USA,,,,,,,,ESP,SPAIN,ESP,,,,,,,,0,036,036,03,1,4.0,1,1,1,-1.36842105263158,1,Spain,SP,SP,,40,-4,SP,1,Spain,SP,SP,,40,-4,SP,1,Spain,SP,SP,,40,-4,SP,20260914063000,http://www.greenevillesun.com/business/ap_business/for-the-us-news-industry-a-tough-summer-draws-to-a-close-with-mcclatchy-chains/article_cd6828fe-ece6-5b64-8065-66cbf3cbc965.html
1322913499,20260914,202609,2026,2026.6959,USA,WASHINGTON,USA,,,,,,,,GOV,DIPLOMAT,,,,,,GOV,,,0,040,040,04,1,1.0,10,1,10,-2.09606245756959,2,"Washington, United States",US,USWA,,47.3917,-121.571,WA,2,"Washington, United States",US,USWA,,47.3917,-121.571,WA,2,"Washington, United States",US,USWA,,47.3917,-121.571,WA,20260914063000,https://city.udn.com/2976/7291863?raid=7298519
1322913500,20260914,202609,2026,2026.6959,USA,UNITED STATES,USA,,,,,,,,GOV,PRESIDENT,,,,,,GOV,,,0,043,043,04,1,2.8,1,1,1,-2.09606245756959,2,"Washington, United States",US,USWA,,47.3917,-121.571,WA,2,"Washington, United States",US,USWA,,47.3917,-121.571,WA,4,"Lviv, L'vivs'ka Oblast', Ukraine",UP,UP15,28555,49.8407,24.0305,-1045268,20260914063000,https://city.udn.com/2976/7291863?raid=7298519
1322913501,20260914,202609,2026,2026.6959,USA,WASHINGTON,USA,,,,,,,,GOV,PRESIDENT,,,,,,GOV,,,0,043,043,04,1,2.8,2,1,2,-2.09606245756959,2,"Washington, United States",US,USWA,,47.3917,-121.571,WA,2,"Washington, United States",US,USWA,,47.3917,-121.571,WA,2,"Washington, United States",US,USWA,,47.3917,-121.571,WA,20260914063000,https://city.udn.com/2976/7291863?raid=7298519
1322913502,20260914,202609,2026,2026.6959,USA,UNITED STATES,USA,,,,,,,,GOV,ADMINISTRATION,,,,,,GOV,,,0,122,122,12,3,-4.0,3,1,3,-2.09606245756959,2,"Maine, United States",US,USME,,44.6074,-69.3977,ME,2,"Maine, United States",US,USME,,44.6074,-69.3977,ME,4,"Lviv, L'vivs'ka Oblast', Ukraine",UP,UP15,28555,49.8407,24.0305,-1045268,20260914063000,https://city.udn.com/2976/7291863?raid=7298519
1322913503,20260914,202609,2026,2026.6959,USA,THE US,USA,,,,,,,,IRN,IRAN,IRN,,,,,,,,0,194,194,19,4,-10.0,2,1,2,-2.09606245756959,4,"Cheboksary, Chuvashiya, Russia",RS,RS16,25102,56.1322,47.2519,-2896432,4,"Lviv, L'vivs'ka Oblast', Ukraine",UP,UP15,28555,49.8407,24.0305,-1045268,4,"Cheboksary, Chuvashiya, Russia",RS,RS16,25102,56.1322,47.2519,-2896432,20260914063000,https://city.udn.com/2976/7291863?raid=7298519
1322913504,20260914,202609,2026,2026.6959,USA,THE US,USA,,,,,,,,IRN,IRAN,IRN,,,,,,,,0,194,194,19,4,-10.0,8,1,8,-2.09606245756959,4,"Shahed, Fars, Iran",IR,IR07,25307,28.5934,52.2295,-3083999,4,"Shahed, Fars, Iran",IR,IR07,25307,28.5934,52.2295,-3083999,4,"Shahed, Fars, Iran",IR,IR07,25307,28.5934,52.2295,-3083999,20260914063000,https://city.udn.com/2976/7291863?raid=7298519
1322913505,20260914,202609,2026,2026.6959,USA,UNITED STATES,USA,,,,,,,,JAM,JAMAICA,JAM,,,,,,,,0,051,051,05,1,3.4,4,1,4,2.3121387283237,2,"Florida, United States",US,USFL,,27.8333,-81.717,FL,1,Jamaica,JM,JM,,18.25,-77.5,JM,1,Jamaica,JM,JM,,18.25,-77.5,JM,20260914063000,https://jamaica-gleaner.com/article/news/20260914/father-god-gave-me-second-chance
1322913506,20260914,202609,2026,2026.6959,USA,UNITED STATES,USA,,,,,,,,LEG,CONGRESS,,,,,,LEG,,,1,036,036,03,1,4.0,4,1,4,3.10880829015544,2,"Rhode Island, United States",US,USRI,,41.6772,-71.5101,RI,2,"Rhode Island, United States",US,USRI,,41.6772,-71.5101,RI,2,"Rhode Island, United States",US,USRI,,41.6772,-71.5101,RI,20260914063000,https://www.reviewonline.com/news/local-news/2026/09/ryan-named-to-bipartisan-ai-commission/
1322913507,20260914,202609,2026,2026.6959,USA,UNITED STATES,USA,,,,,,,,LEG,CONGRESS,,,,,,LEG,,,1,051,051,05,1,3.4,4,1,4,3.10880829015544,2,"Rhode Island, United States",US,USRI,,41.6772,-71.5101,RI,2,"Rhode Island, United States",US,USRI,,41.6772,-71.5101,RI,2,"Rhode Island, United States",US,USRI,,41.6772,-71.5101,RI,20260914063000,https://www.reviewonline.com/news/local-news/2026/09/ryan-named-to-bipartisan-ai-commission/
1322913508,20260914,202609,2026,2026.6959,USA,UNITED STATES,USA,,,,,,,,POL,POLE,POL,,,,,,,,1,051,051,05,1,3.4,8,1,8,-2.8688524590164,3,"Mansfield, Texas, United States",US,USTX,TX439,32.5632,-97.1417,1340898,3,"Mansfield, Texas, United States",US,USTX,TX439,32.5632,-97.1417,1340898,3,"Mansfield, Texas, United States",US,USTX,TX439,32.5632,-97.1417,1340898,20260914063000,https://www.nbcdfw.com/news/local/mans-truck-shocked-by-falling-utility-pole-in-hail-storm-in-mansfield-friday/4076522/
1322913509,20260914,202609,2026,2026.6959,USA,NEW YORK,USA,,,,,,,,SPYBUS,INTELLIGENCE,,,,,,SPY,BUS,,1,100,100,10,3,-5.0,10,1,10,-1.44796380090497,1,China,CH,CH,,35,105,CH,1,China,CH,CH,,35,105,CH,1,China,CH,CH,,35,105,CH,20260914063000,http://www.greenevillesun.com/business/ap_business/anthropic-ceo-dario-amodei-says-ai-industry-needs-to-give-safety-measures-time-to-catch/article_294c4c1a-deb1-594d-8019-962992c4f2e0.html
1322913510,20260914,202609,2026,2026.6959,USA,WASHINGTON,USA,,,,,,,,UKR,UKRAINIAN,UKR,,,,,,,,0,043,043,04,1,2.8,1,1,1,-2.09606245756959,4,"Shahed, Fars, Iran",IR,IR07,25307,28.5934,52.2295,-3083999,4,"Moscow, Moskva, Russia",RS,RS48,25106,55.7522,37.6156,-2960561,4,"Lviv, L'vivs'ka Oblast', Ukraine",UP,UP15,28555,49.8407,24.0305,-1045268,20260914063000,https://city.udn.com/2976/7291863?raid=7298519
1322913511,20260914,202609,2026,2026.6959,USA,UNITED STATES,USA,,,,,,,,UKR,UKRAINE,UKR,,,,,,,,0,043,043,04,1,2.8,1,1,1,-2.09606245756959,2,"Washington, United States",US,USWA,,47.3917,-121.571,WA,4,"Lviv, L'vivs'ka Oblast', Ukraine",UP,UP15,28555,49.8407,24.0305,-1045268,4,"Lviv, L'vivs'ka Oblast', Ukraine",UP,UP15,28555,49.8407,24.0305,-1045268,20260914063000,https://city.udn.com/2976/7291863?raid=7298519
1322913512,20260914,202609,2026,2026.6959,USA,WASHINGTON,USA,,,,,,,,UKR,UKRAINIAN,UKR,,,,,,,,0,043,043,04,1,2.8,3,1,3,-2.09606245756959,2,"Washington, United States",US,USWA,,47.3917,-121.571,WA,4,"Lviv, L'vivs'ka Oblast', Ukraine",UP,UP15,28555,49.8407,24.0305,-1045268,2,"Washington, United States",US,USWA,,47.3917,-121.571,WA,20260914063000,https://city.udn.com/2976/7291863?raid=7298519
1322913513,20260914,202609,2026,2026.6959,USA,THE US,USA,,,,,,,,UKR,UKRAINE,UKR,,,,,,,,0,110,110,11,3,-2.0,8,1,8,-2.09606245756959,4,"Lviv, L'vivs'ka Oblast', Ukraine",UP,UP15,28555,49.8407,24.0305,-1045268,4,"Lviv, L'vivs'ka Oblast', Ukraine",UP,UP15,28555,49.8407,24.0305,-1045268,4,"Lviv, L'vivs'ka Oblast', Ukraine",UP,UP15,28555,49.8407,24.0305,-1045268,20260914063000,https://city.udn.com/2976/7291863?raid=7298519
1322913514,20260914,202609,2026,2026.6959,USA,THE US,USA,,,,,,,,UKR,UKRAINE,UKR,,,,,,,,0,110,110,11,3,-2.0,2,1,2,-2.09606245756959,1,Hungary,HU,HU,,47,20,HU,4,"Lviv, L'vivs'ka Oblast', Ukraine",UP,UP15,28555,49.8407,24.0305,-1045268,4,"Lviv, L'vivs'ka Oblast', Ukraine",UP,UP15,28555,49.8407,24.0305,-1045268,20260914063000,https://city.udn.com/2976/7291863?raid=7298519
1322913515,20260914,202609,2026,2026.6959,USA,UNITED STATES,USA,,,,,,,,UKR,UKRAINE,UKR,,,,,,,,0,122,122,12,3,-4.0,1,1,1,-2.09606245756959,4,"Lviv, L'vivs'ka Oblast', Ukraine",UP,UP15,28555,49.8407,24.0305,-1045268,4,"Cheboksary, Chuvashiya, Russia",RS,RS16,25102,56.1322,47.2519,-2896432,4,"Lviv, L'vivs'ka Oblast', Ukraine",UP,UP15,28555,49.8407,24.0305,-1045268,20260914063000,https://city.udn.com/2976/7291863?raid=7298519
1322913516,20260914,202609,2026,2026.6959,USA,UNITED STATES,USA,,,,,,,,UKR,UKRAINE,UKR,,,,,,,,0,122,122,12,3,-4.0,1,1,1,-2.09606245756959,2,"Maine, United States",US,USME,,44.6074,-69.3977,ME,4,"Lviv, L'vivs'ka Oblast', Ukraine",UP,UP15,28555,49.8407,24.0305,-1045268,4,"Lviv, L'vivs'ka Oblast', Ukraine",UP,UP15,28555,49.8407,24.0305,-1045268,20260914063000,https://city.udn.com/2976/7291863?raid=7298519
1322913517,20260914,202609,2026,2026.6959,USA,FLORIDA,USA,,,,,,,,USACOP,UNITED STATES,USA,,,,,COP,,,0,173,173,17,4,-5.0,2,1,2,-3.98373983739838,3,"Orange City, Florida, United States",US,USFL,FL127,28.9489,-81.2987,288188,3,"Orange City, Florida, United States",US,USFL,,28.9489,-81.2987,288188,3,"Orange City, Florida, United States",US,USFL,,28.9489,-81.2987,288188,20260914063000,https://www.silive.com/news/2026/09/republican-governors-halt-flock-license-plate-reader-programs-amid-growing-pushback.html
1322913518,20260914,202609,2026,2026.6959,USA,UNITED STATES,USA,,,,,,,,USACOP,UNITED STATES,USA,,,,,COP,,,0,173,173,17,4,-5.0,2,1,2,-3.98373983739838,2,"Florida, United States",US,USFL,,27.8333,-81.717,FL,3,"Orange City, Florida, United States",US,USFL,,28.9489,-81.2987,288188,3,"Orange City, Florida, United States",US,USFL,,28.9489,-81.2987,288188,20260914063000,https://www.silive.com/news/2026/09/republican-governors-halt-flock-license-plate-reader-programs-amid-growing-pushback.html
1322913519,20260914,202609,2026,2026.6959,USA,UNITED STATES,USA,,,,,,,,USACOP,UNITED STATES,USA,,,,,COP,,,0,173,173,17,4,-5.0,2,1,2,-3.98373983739838,2,"Florida, United States",US,USFL,,27.8333,-81.717,FL,2,"Florida, United States",US,USFL,,27.8333,-81.717,FL,3,"Orange City, Florida, United States",US,USFL,,28.9489,-81.2987,288188,20260914063000,https://www.silive.com/news/2026/09/republican-governors-halt-flock-license-plate-reader-programs-amid-growing-pushback.html
1322913520,20260914,202609,2026,2026.6959,USA,UNITED STATES,USA,,,,,,,,USAMED,UNITED STATES,USA,,,,,MED,,,1,010,010,01,1,0.0,2,1,2,3.97456279809221,1,United States,US,US,,39.828175,-98.5795,US,1,United States,US,US,,39.828175,-98.5795,US,1,United States,US,US,,39.828175,-98.5795,US,20260914063000,https://www.arabnews.com/entertainment/widows-bay-and-the-pitt-tipped-for-success-at-emmy-awards-3001631
1322913521,20260914,202609,2026,2026.6959,USABUS,THE US,USA,,,,,BUS,,,,,,,,,,,,,0,071,071,07,2,7.4,6,1,6,1.43565202529482,2,"Utah, United States",US,USUT,,40.1135,-111.854,UT,0,,,,,,,,2,"Utah, United States",US,USUT,,40.1135,-111.854,UT,20260914063000,https://www.investegate.co.uk/announcement/rns/keras-resources--krs/proposed-investment-disposal-and-fundraise/9769140
1322913522,20260914,202609,2026,2026.6959,USABUS,THE US,USA,,,,,BUS,,,NAM,NAMIBIA,NAM,,,,,,,,0,071,071,07,2,7.4,4,1,4,1.43565202529482,4,"Kaoko, Kunene, Namibia",WA,WA32,22290,-19.4333,15.15,-2582766,4,"Kaoko, Kunene, Namibia",WA,WA32,22290,-19.4333,15.15,-2582766,4,"Kaoko, Kunene, Namibia",WA,WA32,22290,-19.4333,15.15,-2582766,20260914063000,https://www.investegate.co.uk/announcement/rns/keras-resources--krs/proposed-investment-disposal-and-fundraise/9769140
1322913523,20260914,202609,2026,2026.6959,USACOP,UNITED STATES,USA,,,,,COP,,,USA,FLORIDA,USA,,,,,,,,0,112,112,11,3,-2.0,2,1,2,-3.98373983739838,3,"Orange City, Florida, United States",US,USFL,FL127,28.9489,-81.2987,288188,3,"Orange City, Florida, United States",US,USFL,,28.9489,-81.2987,288188,2,"Florida, United States",US,USFL,,27.8333,-81.717,FL,20260914063000,https://www.silive.com/news/2026/09/republican-governors-halt-flock-license-plate-reader-programs-amid-growing-pushback.html
1322913524,20260914,202609,2026,2026.6959,USACOP,UNITED STATES,USA,,,,,COP,,,USA,UNITED STATES,USA,,,,,,,,0,112,112,11,3,-2.0,4,1,4,-3.98373983739838,3,"Orange City, Florida, United States",US,USFL,FL127,28.9489,-81.2987,288188,2,"Florida, United States",US,USFL,,27.8333,-81.717,FL,3,"Washington, District of Columbia, United States",US,USDC,DC001,38.8951,-77.0364,531871,20260914063000,https://www.silive.com/news/2026/09/republican-governors-halt-flock-license-plate-reader-programs-amid-growing-pushback.html
1322913525,20260914,202609,2026,2026.6959,USACOP,UNITED STATES,USA,,,,,COP,,,USA,UNITED STATES,USA,,,,,,,,0,112,112,11,3,-2.0,2,1,2,-3.98373983739838,2,"Florida, United States",US,USFL,,27.8333,-81.717,FL,2,"Florida, United States",US,USFL,,27.8333,-81.717,FL,3,"Orange City, Florida, United States",US,USFL,,28.9489,-81.2987,288188,20260914063000,https://www.silive.com/news/2026/09/republican-governors-halt-flock-license-plate-reader-programs-amid-growing-pushback.html
1322913526,20260914,202609,2026,2026.6959,USACVL,UNITED STATES,USA,,,,,CVL,,,,,,,,,,,,,0,051,051,05,1,3.4,6,1,6,3.27455919395466,3,"Owensboro, Kentucky, United States",US,USKY,KY059,37.7742,-87.1133,500082,0,,,,,,,,3,"Owensboro, Kentucky, United States",US,USKY,KY059,37.7742,-87.1133,500082,20260914063000,https://www.messenger-inquirer.com/news/local/looking-up-owensboro-air-show-wraps-up-successful-weekend/article_b680ac73-ab23-58d7-b154-1587b99790ec.html
1322913527,20260914,202609,2026,2026.6959,USAEDU,UNITED STATES,USA,,,,,EDU,,,BUS,BUSINESS,,,,,,BUS,,,1,060,060,06,2,6.0,1,1,1,5.27426160337553,3,"San Francisco, California, United States",US,USCA,CA075,37.7749,-122.419,277593,3,"San Francisco, California, United States",US,USCA,,37.7749,-122.419,277593,3,"San Francisco, California, United States",US,USCA,,37.7749,-122.419,277593,20260914063000,http://www.greenevillesun.com/business/local_business_news/a-full-circle-of-entrepreneurship-support-through-etsu/article_0f778fc0-d0c3-4869-afec-2f7ac7cbdb2c.html
1322913528,20260914,202609,2026,2026.6959,USAGOV,THE WHITE HOUSE,USA,,,,,GOV,,,,,,,,,,,,,0,010,010,01,1,0.0,5,1,5,-0.79113924050633,3,"White House, District of Columbia, United States",US,USDC,,38.8951,-77.0364,531871,0,,,,,,,,3,"White House, District of Columbia, United States",US,USDC,,38.8951,-77.0364,531871,20260914063000,https://www.yahoo.com/news/politics/articles/trump-still-very-much-operating-055449254.html
1322913529,20260914,202609,2026,2026.6959,USAGOV,UNITED STATES,USA,,,,,GOV,,,,,,,,,,,,,0,010,010,01,1,0.0,1,1,1,-1.36842105263158,1,Spain,SP,SP,,40,-4,SP,0,,,,,,,,1,Spain,SP,SP,,40,-4,SP,20260914063000,http://www.greenevillesun.com/business/ap_business/for-the-us-news-industry-a-tough-summer-draws-to-a-close-with-mcclatchy-chains/article_cd6828fe-ece6-5b64-8065-66cbf3cbc965.html
1322913530,20260914,202609,2026,2026.6959,USAGOV,JACKSONVILLE,USA,,,,,GOV,,,,,,,,,,,,,1,060,060,06,2,6.0,10,1,10,2.60869565217391,0,,,,,,,,0,,,,,,,,0,,,,,,,,20260914063000,https://wcti12.com/news/local/onslow-county-staff-honored-after-helping-save-toddlers-life
1322913531,20260914,202609,2026,2026.6959,USAGOV,THE WHITE HOUSE,USA,,,,,GOV,,,BUS,COMPANIES,,,,,,BUS,,,0,030,030,03,1,4.0,4,1,4,-0.79113924050633,3,"White House, District of Columbia, United States",US,USDC,,38.8951,-77.0364,531871,3,"White House, District of Columbia, United States",US,USDC,,38.8951,-77.0364,531871,3,"White House, District of Columbia, United States",US,USDC,,38.8951,-77.0364,531871,20260914063000,https://www.yahoo.com/news/politics/articles/trump-still-very-much-operating-055449254.html
1322913532,20260914,202609,2026,2026.6959,USAGOV,THE WHITE HOUSE,USA,,,,,GOV,,,BUS,COMPANIES,,,,,,BUS,,,0,060,060,06,2,6.0,4,1,4,-0.79113924050633,3,"White House, District of Columbia, United States",US,USDC,,38.8951,-77.0364,531871,3,"White House, District of Columbia, United States",US,USDC,,38.8951,-77.0364,531871,3,"White House, District of Columbia, United States",US,USDC,,38.8951,-77.0364,531871,20260914063000,https://www.yahoo.com/news/politics/articles/trump-still-very-much-operating-055449254.html
1322913533,20260914,202609,2026,2026.6959,USAGOV,UNITED STATES,USA,,,,,GOV,,,IRN,IRANIAN,IRN,,,,,,,,0,072,072,07,2,8.3,2,1,2,-2.09606245756959,2,"Washington, United States",US,USWA,,47.3917,-121.571,WA,4,"Shahed, Fars, Iran",IR,IR07,25307,28.5934,52.2295,-3083999,4,"Shahed, Fars, Iran",IR,IR07,25307,28.5934,52.2295,-3083999,20260914063000,https://city.udn.com/2976/7291863?raid=7298519
1322913534,20260914,202609,2026,2026.6959,USAGOVELI,OBAMA,USA,,,,,GOV,ELI,,,,,,,,,,,,0,040,040,04,1,1.0,1,1,1,-2.09606245756959,4,"Moscow, Moskva, Russia",RS,RS48,25106,55.7522,37.6156,-2960561,0,,,,,,,,4,"Taipei, T'ai-pei, Taiwan",TW,TW03,13277,25.0478,121.532,-2637882,20260914063000,https://city.udn.com/2976/7291863?raid=7298519
1322913535,20260914,202609,2026,2026.6959,USAGOVELI,OBAMA,USA,,,,,GOV,ELI,,,,,,,,,,,,0,040,040,04,1,1.0,4,1,4,-2.09606245756959,4,"Moscow, Moskva, Russia",RS,RS48,25106,55.7522,37.6156,-2960561,0,,,,,,,,4,"Moscow, Moskva, Russia",RS,RS48,25106,55.7522,37.6156,-2960561,20260914063000,https://city.udn.com/2976/7291863?raid=7298519
1322913536,20260914,202609,2026,2026.6959,USAPTY,FLORIDA,USA,,,,,,,,USA,ROCHESTER,USA,,,,,,,,0,010,010,01,1,0.0,3,1,3,-3.98373983739838,3,"Staten Island, New York, United States",US,USNY,NY085,40.5834,-74.1496,1802959,3,"Staten Island, New York, United States",US,USNY,,40.5834,-74.1496,1802959,3,"Staten Island, New York, United States",US,USNY,,40.5834,-74.1496,1802959,20260914063000,https://www.silive.com/news/2026/09/republican-governors-halt-flock-license-plate-reader-programs-amid-growing-pushback.html
1322913537,20260914,202609,2026,2026.6959,USAPTY,FLORIDA,USA,,,,,,,,USA,ROCHESTER,USA,,,,,,,,0,010,010,01,1,0.0,5,1,5,-3.98373983739838,2,"Florida, United States",US,USFL,,27.8333,-81.717,FL,3,"Rochester, New York, United States",US,USNY,NY055,43.1548,-77.6156,962684,2,"Florida, United States",US,USFL,,27.8333,-81.717,FL,20260914063000,https://www.silive.com/news/2026/09/republican-governors-halt-flock-license-plate-reader-programs-amid-growing-pushback.html
1322913538,20260914,202609,2026,2026.6959,USAPTY,FLORIDA,USA,,,,,,,,USA,UNITED STATES,USA,,,,,,,,0,010,010,01,1,0.0,2,1,2,-3.98373983739838,2,"Florida, United States",US,USFL,,27.8333,-81.717,FL,2,"Florida, United States",US,USFL,,27.8333,-81.717,FL,2,"Florida, United States",US,USFL,,27.8333,-81.717,FL,20260914063000,https://www.silive.com/news/2026/09/republican-governors-halt-flock-license-plate-reader-programs-amid-growing-pushback.html
1322913539,20260914,202609,2026,2026.6959,VNM,VIETNAM,VNM,,,,,,,,,,,,,,,,,,1,057,057,05,1,8.0,2,1,2,-3.52564102564103,4,"Haryana, Haryana, India",IN,IN10,17660,29.6161,76.9806,6210381,0,,,,,,,,4,"Haryana, Haryana, India",IN,IN10,17660,29.6161,76.9806,6210381,20260914063000,https://www.hindustantimes.com/ht-explainers/brics-backed-un-cybercrime-treaty-at-delhi-summit-what-it-does-why-india-has-not-signed-it-yet-101789363609661.html
1322913540,20260914,202609,2026,2026.6959,VNM,VIETNAM,VNM,,,,,,,,CHN,BEIJING,CHN,,,,,,,,0,190,190,19,4,-10.0,2,1,2,-2.09606245756959,4,"Beijing, Beijing, China",CH,CH22,13001,39.9289,116.388,-1898541,4,"Beijing, Beijing, China",CH,CH22,13001,39.9289,116.388,-1898541,4,"Beijing, Beijing, China",CH,CH22,13001,39.9289,116.388,-1898541,20260914063000,https://city.udn.com/2976/7291863?raid=7298519
1322913541,20260914,202609,2026,2026.6959,VNM,VIETNAM,VNM,,,,,,,,CHN,BEIJING,CHN,,,,,,,,0,190,190,19,4,-10.0,8,1,8,-2.09606245756959,1,"Vietnam, Republic Of",VM,VM,,16.166667,107.833333,VM,4,"Beijing, Beijing, China",CH,CH22,13001,39.9289,116.388,-1898541,4,"Beijing, Beijing, China",CH,CH22,13001,39.9289,116.388,-1898541,20260914063000,https://city.udn.com/2976/7291863?raid=7298519
1322913542,20260914,202609,2026,2026.6959,YEM,YEMEN,YEM,,,,,,,,DJI,DJIBOUTI,DJI,,,,,,,,0,172,172,17,4,-5.0,2,1,2,-3.85964912280702,4,"Mayun, Adan, Yemen",YM,YM02,145022,12.6545,43.4233,-3189826,4,"Red Sea, Djibouti (general), Djibouti",DJ,DJ00,25312,19,39.5,-2037160,4,"Mayun, Adan, Yemen",YM,YM02,145022,12.6545,43.4233,-3189826,20260914063000,http://eng.chinamil.com.cn/2025xb/W/N/16486295.html
1322913543,20260914,202609,2026,2026.6959,YEM,YEMEN,YEM,,,,,,,,MIL,FIGHTER JET,,,,,,MIL,,,1,1721,172,17,4,-5.0,2,1,2,-3.85964912280702,4,"Hajjah, ?ajjah, Yemen",YM,YM22,145002,15.6942,43.6058,-3187195,4,"Hajjah, ?ajjah, Yemen",YM,YM22,145002,15.6942,43.6058,-3187195,4,"Hajjah, ?ajjah, Yemen",YM,YM22,145002,15.6942,43.6058,-3187195,20260914063000,http://eng.chinamil.com.cn/2025xb/W/N/16486295.html
1322913544,20260914,202609,2026,2026.6959,YEM,YEMEN,YEM,,,,,,,,MIL,FIGHTER JET,,,,,,MIL,,,1,1721,172,17,4,-5.0,1,1,1,-3.85964912280702,4,"Lahj, La?ij, Yemen",YM,YM24,145029,13.0567,44.8819,-3188993,4,"Sanaa, Sana', Yemen",YM,YM16,32956,15.3547,44.2067,-3191442,4,"Lahj, La?ij, Yemen",YM,YM24,145029,13.0567,44.8819,-3188993,20260914063000,http://eng.chinamil.com.cn/2025xb/W/N/16486295.html
1322913545,20260914,202609,2026,2026.6959,YEM,YEMEN,YEM,,,,,,,,MIL,FIGHTER JET,,,,,,MIL,,,1,1721,172,17,4,-5.0,1,1,1,-3.85964912280702,4,"Sanaa, Sana', Yemen",YM,YM16,32956,15.3547,44.2067,-3191442,4,"Sanaa, Sana', Yemen",YM,YM16,32956,15.3547,44.2067,-3191442,4,"Sanaa, Sana', Yemen",YM,YM16,32956,15.3547,44.2067,-3191442,20260914063000,http://eng.chinamil.com.cn/2025xb/W/N/16486295.html
1322913546,20260914,202609,2026,2026.6959,YEM,YEMEN,YEM,,,,,,,,SAU,SAUDI,SAU,,,,,,,,1,010,010,01,1,0.0,2,1,2,-3.85964912280702,4,"Hajjah, ?ajjah, Yemen",YM,YM22,145002,15.6942,43.6058,-3187195,4,"Hajjah, ?ajjah, Yemen",YM,YM22,145002,15.6942,43.6058,-3187195,4,"Hajjah, ?ajjah, Yemen",YM,YM22,145002,15.6942,43.6058,-3187195,20260914063000,http://eng.chinamil.com.cn/2025xb/W/N/16486295.html
1322913547,20260914,202609,2026,2026.6959,YEM,YEMEN,YEM,,,,,,,,SAU,SAUDI,SAU,,,,,,,,1,010,010,01,1,0.0,2,1,2,-3.85964912280702,4,"Hajjah, ?ajjah, Yemen",YM,YM22,145002,15.6942,43.6058,-3187195,1,Saudi Arabia,SA,SA,,25,45,SA,1,Saudi Arabia,SA,SA,,25,45,SA,20260914063000,http://eng.chinamil.com.cn/2025xb/W/N/16486295.html
1322913548,20260914,202609,2026,2026.6959,ZAF,SOUTH AFRICAN,ZAF,,,,,,,,,,,,,,,,,,1,043,043,04,1,2.8,1,1,1,-5.39033457249071,4,"Lagos, Lagos, Nigeria",NI,NI05,191416,6.45306,3.39583,-2017355,0,,,,,,,,4,"Lagos, Lagos, Nigeria",NI,NI05,191416,6.45306,3.39583,-2017355,20260914063000,https://www.thetidenewsonline.com/2026/09/nass-suspends-legislative-engagements-with-safrica-over-xenophobic-attacks/
1322913549,20260914,202609,2026,2026.6959,ZAF,SOUTH AFRICAN,ZAF,,,,,,,,,,,,,,,,,,1,043,043,04,1,2.8,1,1,1,-5.39033457249071,1,South Africa,SF,SF,,-30,26,SF,0,,,,,,,,1,South Africa,SF,SF,,-30,26,SF,20260914063000,https://www.thetidenewsonline.com/2026/09/nass-suspends-legislative-engagements-with-safrica-over-xenophobic-attacks/
1322913550,20260914,202609,2026,2026.6959,ZAF,SOUTH AFRICAN,ZAF,,,,,,,,AFR,AFRICA,AFR,,,,,,,,1,043,043,04,1,2.8,2,1,2,-5.39033457249071,1,South Africa,SF,SF,,-30,26,SF,1,South Africa,SF,SF,,-30,26,SF,1,South Africa,SF,SF,,-30,26,SF,20260914063000,https://www.thetidenewsonline.com/2026/09/nass-suspends-legislative-engagements-with-safrica-over-xenophobic-attacks/
1322913551,20260914,202609,2026,2026.6959,nag,NAGA,,,nag,,,,,,IND,MANIPUR,IND,,,,,,,,0,111,111,11,3,-2.0,10,1,10,-10.0852272727273,0,,,,,,,,0,,,,,,,,0,,,,,,,,20260914063000,https://www.hindustantimes.com/india-news/manipur-4-naga-homes-set-afire-in-retaliatory-attack-hours-after-kuki-killings-101789365061070.html
1322913552,20260914,202609,2026,2026.6959,sco,SCOTTISH,,,sco,,,,,,,,,,,,,,,,0,051,051,05,1,3.4,6,1,6,-5.34629404617254,5,"Renfrewshire, Renfrewshire, United Kingdom",UK,UKW2,40176,55.8333,-4.5,-2606148,0,,,,,,,,5,"Renfrewshire, Renfrewshire, United Kingdom",UK,UKW2,40176,55.8333,-4.5,-2606148,20260914063000,https://www.heraldscotland.com/news/26546111.families-murdered-women-challenge-msps-holyrood/
1322913553,20260914,202609,2026,2026.6959,sco,SCOTTISH,,,sco,,,,,,GBR,UNITED KINGDOM,GBR,,,,,,,,0,051,051,05,1,3.4,4,1,4,-5.34629404617254,5,"Renfrewshire, Renfrewshire, United Kingdom",UK,UKW2,40176,55.8333,-4.5,-2606148,5,"Renfrewshire, Renfrewshire, United Kingdom",UK,UKW2,40176,55.8333,-4.5,-2606148,5,"Renfrewshire, Renfrewshire, United Kingdom",UK,UKW2,40176,55.8333,-4.5,-2606148,20260914063000,https://www.heraldscotland.com/news/26546111.families-murdered-women-challenge-msps-holyrood/
1322913554,20260914,202609,2026,2026.6959,scoGOV,SCOTTISH,,,sco,,,GOV,,,GBR,SCOTLAND,GBR,,,,,,,,0,040,040,04,1,1.0,10,1,10,-5.34629404617254,5,"Renfrewshire, Renfrewshire, United Kingdom",UK,UKW2,40176,55.8333,-4.5,-2606148,5,"Renfrewshire, Renfrewshire, United Kingdom",UK,UKW2,40176,55.8333,-4.5,-2606148,5,"Renfrewshire, Renfrewshire, United Kingdom",UK,UKW2,40176,55.8333,-4.5,-2606148,20260914063000,https://www.heraldscotland.com/news/26546111.families-murdered-women-challenge-msps-holyrood/
