GLOBALEVENTID,SQLDATE,MonthYear,Year,FractionDate,Actor1Code,Actor1Name,Actor1CountryCode,Actor1KnownGroupCode,Actor1EthnicCode,Actor1Religion1Code,Actor1Religion2Code,Actor1Type1Code,Actor1Type2Code,Actor1Type3Code,Actor2Code,Actor2Name,Actor2CountryCode,Actor2KnownGroupCode,Actor2EthnicCode,Actor2Religion1Code,Actor2Religion2Code,Actor2Type1Code,Actor2Type2Code,Actor2Type3Code,IsRootEvent,EventCode,EventBaseCode,EventRootCode,QuadClass,GoldsteinScale,NumMentions,NumSources,NumArticles,AvgTone,Actor1Geo_Type,Actor1Geo_FullName,Actor1Geo_CountryCode,Actor1Geo_ADM1Code,Actor1Geo_Lat,Actor1Geo_Long,Actor1Geo_FeatureID,Actor2Geo_Type,Actor2Geo_FullName,Actor2Geo_CountryCode,Actor2Geo_ADM1Code,Actor2Geo_Lat,Actor2Geo_Long,Actor2Geo_FeatureID,ActionGeo_Type,ActionGeo_FullName,ActionGeo_CountryCode,ActionGeo_ADM1Code,ActionGeo_Lat,ActionGeo_Long,ActionGeo_FeatureID,DATEADDED,SOURCEURL
1316522341,20250803,202508,2025,2025.5836,,,,,,,,,,,AUS,AUSTRALIA,AUS,,,,,,,,1,042,042,04,1,1.9,4,1,4,0,0,,,,,,,,4,"Oatlands, Tasmania, Australia",AS,AS06,5349,-42.303,147.367,-1592742,4,"Oatlands, Tasmania, Australia",AS,AS06,5349,-42.303,147.367,-1592742,20260803001500,https://www.miragenews.com/trip-to-lunch-saved-leahs-life-1720411/
1316522342,20250803,202508,2025,2025.5836,AUS,AUSTRALIA,AUS,,,,,,,,,,,,,,,,,,1,043,043,04,1,2.8,4,1,4,0,4,"Oatlands, Tasmania, Australia",AS,AS06,5349,-42.303,147.367,-1592742,0,,,,,,,,4,"Oatlands, Tasmania, Australia",AS,AS06,5349,-42.303,147.367,-1592742,20260803001500,https://www.miragenews.com/trip-to-lunch-saved-leahs-life-1720411/
1316522343,20250803,202508,2025,2025.5836,FJI,FIJI,FJI,,,,,,,,,,,,,,,,,,1,010,010,01,1,0.0,4,1,4,-3.93996247654784,1,Fiji,FJ,FJ,,-18,178,FJ,0,,,,,,,,1,Fiji,FJ,FJ,,-18,178,FJ,20260803001500,https://islandsbusiness.com/news-break/fijis-hiv-crisis-deepens-as-meth-use-drives-new-infections/
1316522344,20250803,202508,2025,2025.5836,HLH,DOCTOR,,,,,,HLH,,,,,,,,,,,,,0,010,010,01,1,0.0,5,1,5,-7.31895223420647,3,"Rocky Mountain, New York, United States",US,USNY,NY041,43.7695,-74.7966,962782,0,,,,,,,,3,"Rocky Mountain, New York, United States",US,USNY,,43.7695,-74.7966,962782,20260803001500,https://riverheadlocal.com/2026/08/02/tularemia-suffolk-county-firsthand-account-rabbit-fever/
1316522345,20260727,202607,2026,2026.5671,GOV,PRIME MINISTER,,,,,,GOV,,,,,,,,,,,,,0,020,020,02,1,3.0,6,1,6,-0.36553524804178,4,"Sydney, New South Wales, Australia",AS,AS02,154637,-33.8833,151.217,-1603135,0,,,,,,,,4,"Sydney, New South Wales, Australia",AS,AS02,154637,-33.8833,151.217,-1603135,20260803001500,https://business.scoop.co.nz/2026/08/03/explainer-what-is-a-data-centre-and-why-is-everyone-freaking-out-now/
1316522346,20260727,202607,2026,2026.5671,GOV,PRIME MINISTER,,,,,,GOV,,,NZL,NEW ZEALAND,NZL,,,,,,,,0,020,020,02,1,3.0,2,1,2,-0.36553524804178,4,"Whenuapai, New Zealand (general), New Zealand",NZ,NZ00,22389,-36.7667,174.65,-1521728,4,"Whenuapai, New Zealand (general), New Zealand",NZ,NZ00,22389,-36.7667,174.65,-1521728,4,"Sydney, New South Wales, Australia",AS,AS02,154637,-33.8833,151.217,-1603135,20260803001500,https://business.scoop.co.nz/2026/08/03/explainer-what-is-a-data-centre-and-why-is-everyone-freaking-out-now/
1316522347,20260727,202607,2026,2026.5671,NZLGOV,NEW ZEALAND,NZL,,,,,GOV,,,,,,,,,,,,,0,020,020,02,1,3.0,2,1,2,-0.36553524804178,4,"Whenuapai, New Zealand (general), New Zealand",NZ,NZ00,22389,-36.7667,174.65,-1521728,0,,,,,,,,4,"Whenuapai, New Zealand (general), New Zealand",NZ,NZ00,22389,-36.7667,174.65,-1521728,20260803001500,https://business.scoop.co.nz/2026/08/03/explainer-what-is-a-data-centre-and-why-is-everyone-freaking-out-now/
1316522348,20260803,202608,2026,2026.5836,,,,,,,,,,,AUS,AUSTRALIAN,AUS,,,,,,,,1,033,033,03,1,5.2,10,1,10,-2.37388724035609,0,,,,,,,,1,Australia,AS,AS,,-25,135,AS,1,Australia,AS,AS,,-25,135,AS,20260803001500,https://www.miragenews.com/pbs-august-lineup-new-brain-cancer-treatment-1720426/
1316522349,20260803,202608,2026,2026.5836,,,,,,,,,,,AUS,MELBOURNE,AUS,,,,,,,,1,042,042,04,1,1.9,10,1,10,-1.36363636363637,0,,,,,,,,4,"Melbourne, Victoria, Australia",AS,AS07,5430,-37.8167,144.967,-1586844,4,"Melbourne, Victoria, Australia",AS,AS07,5430,-37.8167,144.967,-1586844,20260803001500,https://www.perthnow.com.au/news/qantas-flight-to-santiago-turns-back-after-mechanical-issue-nearly-200-passengers-stranded-overnight-c-22665900
1316522350,20260803,202608,2026,2026.5836,,,,,,,,,,,AUS,MELBOURNE,AUS,,,,,,,,1,060,060,06,2,6.0,10,1,10,-3.90625,0,,,,,,,,4,"Santiago, Regióetropolitana, Chile",CI,CI12,22379,-33.45,-70.6667,-901202,4,"Santiago, Regióetropolitana, Chile",CI,CI12,22379,-33.45,-70.6667,-901202,20260803001500,https://www.perthnow.com.au/news/qantas-flight-bound-for-south-america-turns-back-to-melbourne-almost-five-hours-into-journey-c-22665443
1316522351,20260803,202608,2026,2026.5836,,,,,,,,,,,AUS,AUSTRALIA,AUS,,,,,,,,1,111,111,11,3,-2.0,2,1,2,-3.77128953771289,0,,,,,,,,4,"Crookwell, New South Wales, Australia",AS,AS02,154641,-34.4593,149.471,-1568133,4,"Crookwell, New South Wales, Australia",AS,AS02,154641,-34.4593,149.471,-1568133,20260803001500,https://www.crookwellgazette.com.au/story/9319474/how-to-handle-seat-kickers-and-loud-music-on-long-flights/
1316522352,20260803,202608,2026,2026.5836,,,,,,,,,,,AUS,AUSTRALIA,AUS,,,,,,,,1,111,111,11,3,-2.0,2,1,2,-3.77128953771289,0,,,,,,,,4,"Muswellbrook, New South Wales, Australia",AS,AS02,5096,-32.2612,150.89,-1590404,4,"Muswellbrook, New South Wales, Australia",AS,AS02,5096,-32.2612,150.89,-1590404,20260803001500,https://www.muswellbrookchronicle.com.au/story/9319474/how-to-handle-seat-kickers-and-loud-music-on-long-flights/
1316522353,20260803,202608,2026,2026.5836,,,,,,,,,,,BUS,COMPANY,,,,,,BUS,,,1,014,014,01,1,0.0,10,1,10,-2.92887029288703,0,,,,,,,,2,"Hawaii, United States",US,USHI,,21.1098,-157.531,HI,2,"Hawaii, United States",US,USHI,,21.1098,-157.531,HI,20260803001500,https://www.hawaiinewsnow.com/2026/08/02/heco-ends-power-shutoff-watch-fire-risk-conditions-ease/
1316522354,20260803,202608,2026,2026.5836,,,,,,,,,,,BUS,PRODUCER,,,,,,BUS,,,0,042,042,04,1,1.9,2,1,2,4.90693739424704,0,,,,,,,,4,"Crookwell, New South Wales, Australia",AS,AS02,154641,-34.4593,149.471,-1568133,4,"Crookwell, New South Wales, Australia",AS,AS02,154641,-34.4593,149.471,-1568133,20260803001500,https://www.crookwellgazette.com.au/story/9322399/university-of-new-england-experts-reveal-potential-future-careers/
1316522355,20260803,202608,2026,2026.5836,,,,,,,,,,,BUS,PRODUCER,,,,,,BUS,,,0,042,042,04,1,1.9,2,1,2,4.90693739424704,0,,,,,,,,4,"Muswellbrook, New South Wales, Australia",AS,AS02,5096,-32.2612,150.89,-1590404,4,"Muswellbrook, New South Wales, Australia",AS,AS02,5096,-32.2612,150.89,-1590404,20260803001500,https://www.muswellbrookchronicle.com.au/story/9322399/university-of-new-england-experts-reveal-potential-future-careers/
1316522356,20260803,202608,2026,2026.5836,,,,,,,,,,,BUS,INVESTOR,,,,,,BUS,,,0,060,060,06,2,6.0,10,1,10,-2.85171102661597,0,,,,,,,,0,,,,,,,,0,,,,,,,,20260803001500,https://www.mondaq.com:443/unitedstates/white-collar-crime-anti-corruption-fraud/1825226/doj-declination-offers-roadmap-for-healthcare-companies
1316522357,20260803,202608,2026,2026.5836,,,,,,,,,,,CAN,CANADIAN,CAN,,,,,,,,0,020,020,02,1,3.0,2,1,2,-1.87932739861523,0,,,,,,,,4,"Vancouver, British Columbia, Canada",CA,CA02,12552,49.25,-123.133,-575268,4,"Montreal, Quebec, Canada",CA,CA10,12713,45.5,-73.5833,-569541,20260803001500,https://www.adn.com/nation-world/2026/08/02/flight-attendants-at-canadas-westjet-go-on-strike-in-dispute-over-pay/
1316522358,20260803,202608,2026,2026.5836,,,,,,,,,,,CAN,CANADIAN,CAN,,,,,,,,0,020,020,02,1,3.0,8,1,8,-1.87932739861523,0,,,,,,,,4,"Vancouver, British Columbia, Canada",CA,CA02,12552,49.25,-123.133,-575268,4,"Vancouver, British Columbia, Canada",CA,CA02,12552,49.25,-123.133,-575268,20260803001500,https://www.adn.com/nation-world/2026/08/02/flight-attendants-at-canadas-westjet-go-on-strike-in-dispute-over-pay/
1316522359,20260803,202608,2026,2026.5836,,,,,,,,,,,CAN,CANADIAN,CAN,,,,,,,,0,030,030,03,1,4.0,4,1,4,-1.87932739861523,0,,,,,,,,4,"Vancouver, British Columbia, Canada",CA,CA02,12552,49.25,-123.133,-575268,4,"Montreal, Quebec, Canada",CA,CA10,12713,45.5,-73.5833,-569541,20260803001500,https://www.adn.com/nation-world/2026/08/02/flight-attendants-at-canadas-westjet-go-on-strike-in-dispute-over-pay/
1316522360,20260803,202608,2026,2026.5836,,,,,,,,,,,CAN,CANADIAN,CAN,,,,,,,,0,030,030,03,1,4.0,6,1,6,-1.87932739861523,0,,,,,,,,4,"Vancouver, British Columbia, Canada",CA,CA02,12552,49.25,-123.133,-575268,4,"Vancouver, British Columbia, Canada",CA,CA02,12552,49.25,-123.133,-575268,20260803001500,https://www.adn.com/nation-world/2026/08/02/flight-attendants-at-canadas-westjet-go-on-strike-in-dispute-over-pay/
1316522361,20260803,202608,2026,2026.5836,,,,,,,,,,,CAN,CANADA,CAN,,,,,,,,1,043,043,04,1,2.8,5,1,5,-4.79041916167664,0,,,,,,,,4,"Ottawa, Ontario, Canada",CA,CA08,12755,45.4167,-75.7,-570760,4,"Ottawa, Ontario, Canada",CA,CA08,12755,45.4167,-75.7,-570760,20260803001500,https://english.news.cn/20260803/332547dfd34b41ce9d70624ee184978f/c.html
1316522362,20260803,202608,2026,2026.5836,,,,,,,,,,,CAN,VANCOUVER,CAN,,,,,,,,1,043,043,04,1,2.8,4,2,4,-3.52587059585934,0,,,,,,,,4,"Vancouver, British Columbia, Canada",CA,CA02,12552,49.25,-123.133,-575268,4,"Vancouver, British Columbia, Canada",CA,CA02,12552,49.25,-123.133,-575268,20260803001500,https://www.adn.com/nation-world/2026/08/02/flight-attendants-at-canadas-westjet-go-on-strike-in-dispute-over-pay/
1316522363,20260803,202608,2026,2026.5836,,,,,,,,,,,CAN,CANADA,CAN,,,,,,,,1,043,043,04,1,2.8,2,2,2,-3.52587059585934,0,,,,,,,,4,"Vancouver, British Columbia, Canada",CA,CA02,12552,49.25,-123.133,-575268,1,United Kingdom,UK,UK,,54,-4,UK,20260803001500,https://www.adn.com/nation-world/2026/08/02/flight-attendants-at-canadas-westjet-go-on-strike-in-dispute-over-pay/
1316522364,20260803,202608,2026,2026.5836,,,,,,,,,,,CHNGOV,CHINESE,CHN,,,,,GOV,,,0,040,040,04,1,1.0,6,1,6,0.41666666666667,0,,,,,,,,1,China,CH,CH,,35,105,CH,1,China,CH,CH,,35,105,CH,20260803001500,https://business.scoop.co.nz/2026/08/03/road-safety-campaigner-delighted-by-proposed-changes-at-aoraki-mt-cook-turn-off/
1316522365,20260803,202608,2026,2026.5836,,,,,,,,,,,COP,DEPUTY,,,,,,COP,,,1,014,014,01,1,0.0,5,1,5,3.01318267419963,0,,,,,,,,0,,,,,,,,0,,,,,,,,20260803001500,https://www.adnews.com.au/campaigns/domain-open-home-that-s-always-open-via-howatson-company
1316522366,20260803,202608,2026,2026.5836,,,,,,,,,,,COP,POLICE,,,,,,COP,,,0,090,090,09,2,-2.0,3,1,3,-7.97448165869218,0,,,,,,,,3,"Boston, Massachusetts, United States",US,USMA,MA025,42.3584,-71.0598,617565,3,"Boston, Massachusetts, United States",US,USMA,MA025,42.3584,-71.0598,617565,20260803001500,https://www.bostonherald.com/2026/08/02/police-blotter-man-shot-to-death-in-eastie/
1316522367,20260803,202608,2026,2026.5836,,,,,,,,,,,COP,POLICE,,,,,,COP,,,0,173,173,17,4,-5.0,3,1,3,-7.97448165869218,0,,,,,,,,3,"Springfield, Massachusetts, United States",US,USMA,MA013,42.1015,-72.5898,609092,3,"Springfield, Massachusetts, United States",US,USMA,MA013,42.1015,-72.5898,609092,20260803001500,https://www.bostonherald.com/2026/08/02/police-blotter-man-shot-to-death-in-eastie/
1316522368,20260803,202608,2026,2026.5836,,,,,,,,,,,COP,POLICE,,,,,,COP,,,0,173,173,17,4,-5.0,3,1,3,-7.97448165869218,0,,,,,,,,3,"Boston, Massachusetts, United States",US,USMA,MA025,42.3584,-71.0598,617565,3,"Boston, Massachusetts, United States",US,USMA,MA025,42.3584,-71.0598,617565,20260803001500,https://www.bostonherald.com/2026/08/02/police-blotter-man-shot-to-death-in-eastie/
1316522369,20260803,202608,2026,2026.5836,,,,,,,,,,,COP,POLICE,,,,,,COP,,,1,190,190,19,4,-10.0,10,1,10,-13.2450331125828,0,,,,,,,,0,,,,,,,,0,,,,,,,,20260803001500,https://www.1011now.com/2026/08/02/omaha-police-arrest-man-connection-shooting-that-killed-18-year-old-may/
1316522370,20260803,202608,2026,2026.5836,,,,,,,,,,,COP,DEPUTY,,,,,,COP,,,1,190,190,19,4,-10.0,3,1,3,-4.20168067226891,0,,,,,,,,2,"Montana, United States",US,USMT,,46.9048,-110.326,MT,2,"Montana, United States",US,USMT,,46.9048,-110.326,MT,20260803001500,https://www.montanarightnow.com/bozeman/dnrc-assists-with-wildfire-fighting-across-state/article_4eeb7797-64f9-40d0-a9cb-42b7b25e3390.html
1316522371,20260803,202608,2026,2026.5836,,,,,,,,,,,CRM,ASSAILANT,,,,,,CRM,,,1,193,193,19,4,-10.0,10,1,10,-9.80392156862744,0,,,,,,,,3,"Twin Falls, Idaho, United States",US,USID,,42.563,-114.461,398273,3,"Twin Falls, Idaho, United States",US,USID,,42.563,-114.461,398273,20260803001500,http://www.sierraleonetimes.com/news/279220088/us-twin-falls-in-n-out-shooting-suspect-dead-by-suicide-say-police
1316522372,20260803,202608,2026,2026.5836,,,,,,,,,,,CVL,COMMUNITY,,,,,,CVL,,,0,043,043,04,1,2.8,10,1,10,4.69043151969981,0,,,,,,,,2,"Minnesota, United States",US,USMN,,45.7326,-93.9196,MN,2,"Minnesota, United States",US,USMN,,45.7326,-93.9196,MN,20260803001500,https://hpr1.com/let-us-now-praise-independent-booksellers/
1316522373,20260803,202608,2026,2026.5836,,,,,,,,,,,CYP,CYPRUS,CYP,,,,,,,,1,042,042,04,1,1.9,2,1,2,1.74563591022444,0,,,,,,,,1,Cyprus,CY,CY,,35,33,CY,1,Australia,AS,AS,,-25,135,AS,20260803001500,https://www.pokernews.com/tours/merit-poker/2026-noir-poker-series/7500-high-roller/chips.853126.htm
1316522374,20260803,202608,2026,2026.5836,,,,,,,,,,,CYP,CYPRUS,CYP,,,,,,,,1,042,042,04,1,1.9,8,1,8,1.74563591022444,0,,,,,,,,1,Cyprus,CY,CY,,35,33,CY,1,Cyprus,CY,CY,,35,33,CY,20260803001500,https://www.pokernews.com/tours/merit-poker/2026-noir-poker-series/7500-high-roller/chips.853126.htm
1316522375,20260803,202608,2026,2026.5836,,,,,,,,,,,CYP,CYPRUS,CYP,,,,,,,,1,043,043,04,1,2.8,2,1,2,1.74563591022444,0,,,,,,,,4,"Istanbul, Istanbul, Turkey",TU,TU34,27897,41.0186,28.9647,-755070,4,"Istanbul, Istanbul, Turkey",TU,TU34,27897,41.0186,28.9647,-755070,20260803001500,https://www.pokernews.com/tours/merit-poker/2026-noir-poker-series/7500-high-roller/chips.853126.htm
1316522376,20260803,202608,2026,2026.5836,,,,,,,,,,,CYP,CYPRUS,CYP,,,,,,,,1,043,043,04,1,2.8,8,1,8,1.74563591022444,0,,,,,,,,1,Cyprus,CY,CY,,35,33,CY,1,Cyprus,CY,CY,,35,33,CY,20260803001500,https://www.pokernews.com/tours/merit-poker/2026-noir-poker-series/7500-high-roller/chips.853126.htm
1316522377,20260803,202608,2026,2026.5836,,,,,,,,,,,EDU,SCHOOL,,,,,,EDU,,,1,042,042,04,1,1.9,10,1,10,3.44827586206896,0,,,,,,,,1,Jordan,JO,JO,,31,36,JO,1,Jordan,JO,JO,,31,36,JO,20260803001500,https://www.1011now.com/2026/08/02/free-haircuts-backpacks-school-supplies-handed-out-back-to-school-event/
1316522378,20260803,202608,2026,2026.5836,,,,,,,,,,,GBR,UNITED KINGDOM,GBR,,,,,,,,0,040,040,04,1,1.0,4,1,4,-1.78739416745061,0,,,,,,,,4,"Sandhurst, Gloucestershire, United Kingdom",UK,UKE6,40113,51.9167,-2.25,-2607068,4,"Sandhurst, Gloucestershire, United Kingdom",UK,UKE6,40113,51.9167,-2.25,-2607068,20260803001500,https://www.aol.co.uk/articles/humiliation-burnham-channel-migrant-bill-234300000.html
1316522379,20260803,202608,2026,2026.5836,,,,,,,,,,,GBR,BRITAIN,GBR,,,,,,,,0,040,040,04,1,1.0,3,1,3,-1.78739416745061,0,,,,,,,,4,"Sandhurst, Gloucestershire, United Kingdom",UK,UKE6,40113,51.9167,-2.25,-2607068,1,Belgium,BE,BE,,50.833333,4,BE,20260803001500,https://www.aol.co.uk/articles/humiliation-burnham-channel-migrant-bill-234300000.html
1316522380,20260803,202608,2026,2026.5836,,,,,,,,,,,GBR,LONDON,GBR,,,,,,,,1,042,042,04,1,1.9,3,1,2,4.65116279069768,0,,,,,,,,4,"Buckingham Palace, Westminster, United Kingdom",UK,UKP5,40110,51.5,-0.133333,-2591190,4,"Buckingham Palace, Westminster, United Kingdom",UK,UKP5,40110,51.5,-0.133333,-2591190,20260803001500,https://www.realestate.com.au/news/prince-harry-offered-palace-room-after-eviction-fallout/
1316522381,20260803,202608,2026,2026.5836,,,,,,,,,,,GBR,UNITED KINGDOM,GBR,,,,,,,,1,042,042,04,1,1.9,2,1,2,-1.35135135135135,0,,,,,,,,4,"London, London, City of, United Kingdom",UK,UKH9,40110,51.5,-0.116667,-2601889,4,"London, London, City of, United Kingdom",UK,UKH9,40110,51.5,-0.116667,-2601889,20260803001500,https://www.standard.co.uk/news/london/cold-case-appeal-girl-disappear-london-nearly-fifty-years-met-police-sister-b1291921.html
1316522382,20260803,202608,2026,2026.5836,,,,,,,,,,,GBR,UNITED KINGDOM,GBR,,,,,,,,1,043,043,04,1,2.8,6,1,6,3.93374741200828,0,,,,,,,,4,"Leicester, Leicester, United Kingdom",UK,UKH4,40124,52.6333,-1.13333,-2600961,4,"Leicester, Leicester, United Kingdom",UK,UKH4,40124,52.6333,-1.13333,-2600961,20260803001500,https://www.today.com/popculture/movies/zendaya-tom-holland-spider-man-brand-new-day-rcna590478
1316522383,20260803,202608,2026,2026.5836,,,,,,,,,,,GBR,UNITED KINGDOM,GBR,,,,,,,,1,043,043,04,1,2.8,3,1,3,3.93374741200828,0,,,,,,,,4,"Leicester, Leicester, United Kingdom",UK,UKH4,40124,52.6333,-1.13333,-2600961,1,United States,US,US,,39.828175,-98.5795,US,20260803001500,https://www.today.com/popculture/movies/zendaya-tom-holland-spider-man-brand-new-day-rcna590478
1316522384,20260803,202608,2026,2026.5836,,,,,,,,,,,GBR,UNITED KINGDOM,GBR,,,,,,,,1,043,043,04,1,2.8,8,1,8,4.65116279069768,0,,,,,,,,4,"Sussex, East Sussex, United Kingdom",UK,UKE2,40137,50.9167,-0.083333,-2609142,4,"Sussex, East Sussex, United Kingdom",UK,UKE2,40137,50.9167,-0.083333,-2609142,20260803001500,https://www.realestate.com.au/news/prince-harry-offered-palace-room-after-eviction-fallout/
1316522385,20260803,202608,2026,2026.5836,,,,,,,,,,,GBR,UNITED KINGDOM,GBR,,,,,,,,1,043,043,04,1,2.8,1,1,1,3.93374741200828,0,,,,,,,,1,United States,US,US,,39.828175,-98.5795,US,1,United States,US,US,,39.828175,-98.5795,US,20260803001500,https://www.today.com/popculture/movies/zendaya-tom-holland-spider-man-brand-new-day-rcna590478
1316522386,20260803,202608,2026,2026.5836,,,,,,,,,,,GOV,PRIME MINISTER,,,,,,GOV,,,1,041,041,04,1,1.0,9,2,9,-0.508477502676197,0,,,,,,,,1,Saudi Arabia,SA,SA,,25,45,SA,1,Saudi Arabia,SA,SA,,25,45,SA,20260803001500,https://english.news.cn/20260803/57364110d1584ec09e3b6b5d49b148f6/c.html
1316522387,20260803,202608,2026,2026.5836,,,,,,,,,,,GOV,MAYOR,,,,,,GOV,,,1,052,052,05,1,3.5,6,1,6,-1.01458465440711,0,,,,,,,,2,"New York, United States",US,USNY,,42.1497,-74.9384,NY,2,"New York, United States",US,USNY,,42.1497,-74.9384,NY,20260803001500,https://screenrant.com/frank-reagan-tom-selleck-best-blue-bloods-quotes-ranked/
1316522388,20260803,202608,2026,2026.5836,,,,,,,,,,,GOV,AUTHORITIES,,,,,,GOV,,,1,0841,084,08,2,7.0,2,1,2,-5.17241379310345,0,,,,,,,,4,"Paris, France (general), France",FR,FR00,16282,48.8667,2.33333,-1456928,4,"Athens, AttikíR, Greece",GR,GR35,16716,37.9833,23.7333,-814876,20260803001500,https://www.woonsocketcall.com/news/national_and_world_news/ap-news-in-brief-at-6-04-p-m-edt/article_99c8525c-601c-5724-bc59-df4036c633f2.html
1316522389,20260803,202608,2026,2026.5836,,,,,,,,,,,GOV,AUTHORITIES,,,,,,GOV,,,1,0841,084,08,2,7.0,8,1,8,-5.17241379310345,0,,,,,,,,4,"Athens, AttikíR, Greece",GR,GR35,16716,37.9833,23.7333,-814876,4,"Athens, AttikíR, Greece",GR,GR35,16716,37.9833,23.7333,-814876,20260803001500,https://www.woonsocketcall.com/news/national_and_world_news/ap-news-in-brief-at-6-04-p-m-edt/article_99c8525c-601c-5724-bc59-df4036c633f2.html
1316522390,20260803,202608,2026,2026.5836,,,,,,,,,,,GRC,GREEK,GRC,,,,,,,,1,190,190,19,4,-10.0,22,3,22,-5.85902250235965,0,,,,,,,,4,"Athens, AttikíR, Greece",GR,GR35,16716,37.9833,23.7333,-814876,4,"Athens, AttikíR, Greece",GR,GR35,16716,37.9833,23.7333,-814876,20260803001500,https://english.news.cn/20260803/5965d4a411d54adda53eb58ea1d5b6d2/c.html
1316522391,20260803,202608,2026,2026.5836,,,,,,,,,,,HLH,HOSPITAL,,,,,,HLH,,,1,042,042,04,1,1.9,40,2,40,-10.621921182266,0,,,,,,,,3,"Portland, Oregon, United States",US,USOR,OR051,45.5235,-122.676,1136645,3,"Portland, Oregon, United States",US,USOR,OR051,45.5235,-122.676,1136645,20260803001500,https://english.news.cn/20260803/b2314afe7127489d9c4695e1192f51f2/c.html
1316522392,20260803,202608,2026,2026.5836,,,,,,,,,,,HLH,DOCTOR,,,,,,HLH,,,1,100,100,10,3,-5.0,10,1,10,-7.31895223420647,0,,,,,,,,3,"Long Island, New York, United States",US,USNY,,43.152,-76.061,955858,3,"Long Island, New York, United States",US,USNY,,43.152,-76.061,955858,20260803001500,https://riverheadlocal.com/2026/08/02/tularemia-suffolk-county-firsthand-account-rabbit-fever/
1316522393,20260803,202608,2026,2026.5836,,,,,,,,,,,HLH,DOCTOR,,,,,,HLH,,,0,100,100,10,3,-5.0,5,1,5,-7.31895223420647,0,,,,,,,,2,"New York, United States",US,USNY,,42.1497,-74.9384,NY,2,"New York, United States",US,USNY,,42.1497,-74.9384,NY,20260803001500,https://riverheadlocal.com/2026/08/02/tularemia-suffolk-county-firsthand-account-rabbit-fever/
1316522394,20260803,202608,2026,2026.5836,,,,,,,,,,,IDN,SULAWESI,IDN,,,,,,,,1,042,042,04,1,1.9,6,1,6,-1.89075630252101,0,,,,,,,,4,"Sumenep, Jawa Timur, Indonesia",ID,ID08,18585,-7.01667,113.867,-2698218,4,"Sumenep, Jawa Timur, Indonesia",ID,ID08,18585,-7.01667,113.867,-2698218,20260803001500,https://www.perthnow.com.au/news/world/five-dead-dozens-missing-as-passenger-ferry-catches-fire-in-indonesia-c-22665952
1316522395,20260803,202608,2026,2026.5836,,,,,,,,,,,IDN,INDONESIA,IDN,,,,,,,,1,042,042,04,1,1.9,1,1,1,-1.89075630252101,0,,,,,,,,4,"Sumenep, Jawa Timur, Indonesia",ID,ID08,18585,-7.01667,113.867,-2698218,4,"Surabaya, Jawa Timur, Indonesia",ID,ID08,18585,-7.24917,112.751,-2698521,20260803001500,https://www.perthnow.com.au/news/world/five-dead-dozens-missing-as-passenger-ferry-catches-fire-in-indonesia-c-22665952
1316522396,20260803,202608,2026,2026.5836,,,,,,,,,,,IDN,INDONESIA,IDN,,,,,,,,1,042,042,04,1,1.9,1,1,1,-1.89075630252101,0,,,,,,,,4,"Surabaya, Jawa Timur, Indonesia",ID,ID08,18585,-7.24917,112.751,-2698521,4,"Sumenep, Jawa Timur, Indonesia",ID,ID08,18585,-7.01667,113.867,-2698218,20260803001500,https://www.perthnow.com.au/news/world/five-dead-dozens-missing-as-passenger-ferry-catches-fire-in-indonesia-c-22665952
1316522397,20260803,202608,2026,2026.5836,,,,,,,,,,,IGOUNO,UNITED NATIONS,,UNO,,,,IGO,,,1,031,031,03,1,5.2,10,1,10,0.16068559185859,0,,,,,,,,0,,,,,,,,0,,,,,,,,20260803001500,https://www.smn-news.com/index.php/st-maarten-st-martin-news/51227-unops-us-90-000-contract-with-tackling-firm-raises-conflict-questions-after-agency-advises-justice-minister-on-heyliger.html
1316522398,20260803,202608,2026,2026.5836,,,,,,,,,,,IRN,IRAN,IRN,,,,,,,,1,036,036,03,1,4.0,2,1,2,-5.65693430656935,0,,,,,,,,1,Iran,IR,IR,,32,53,IR,1,Iran,IR,IR,,32,53,IR,20260803001500,https://foxwilmington.com/chevron-ceo-warns-iran-conflict-has-created-very-real-threat-to-global-oil-supplies-as-gas-prices-climb/
1316522399,20260803,202608,2026,2026.5836,,,,,,,,,,,IRN,IRAN,IRN,,,,,,,,0,040,040,04,1,1.0,1,1,1,-3.76766091051806,0,,,,,,,,1,Iran,IR,IR,,32,53,IR,1,Iran,IR,IR,,32,53,IR,20260803001500,https://www.fox10phoenix.com/news/trump-halts-iran-strikes-citing-potential-deal-end-war
1316522400,20260803,202608,2026,2026.5836,,,,,,,,,,,IRN,IRAN,IRN,,,,,,,,1,046,046,04,1,7.0,8,1,8,0,0,,,,,,,,3,"Washington, District of Columbia, United States",US,USDC,DC001,38.8951,-77.0364,531871,1,Iran,IR,IR,,32,53,IR,20260803001500,https://english.news.cn/20260803/2e4e6d354e1745dd8b0696e521ff0634/c.html
1316522401,20260803,202608,2026,2026.5836,,,,,,,,,,,IRN,IRAN,IRN,,,,,,,,1,046,046,04,1,7.0,9,2,9,-1.54320987654321,0,,,,,,,,1,Iran,IR,IR,,32,53,IR,1,Iran,IR,IR,,32,53,IR,20260803001500,http://www.bgnes.com/conflicts/trump-new-talks-with-iran-to-begin-on-august-3
1316522402,20260803,202608,2026,2026.5836,,,,,,,,,,,IRN,IRAN,IRN,,,,,,,,1,046,046,04,1,7.0,15,2,15,-0.508132186884906,0,,,,,,,,1,Qatar,QA,QA,,25.5,51.25,QA,1,Qatar,QA,QA,,25.5,51.25,QA,20260803001500,https://english.news.cn/20260803/57364110d1584ec09e3b6b5d49b148f6/c.html
1316522403,20260803,202608,2026,2026.5836,,,,,,,,,,,IRN,IRAN,IRN,,,,,,,,1,060,060,06,2,6.0,1,1,1,-6.96378830083566,0,,,,,,,,1,Iran,IR,IR,,32,53,IR,3,"White House, District of Columbia, United States",US,USDC,,38.8951,-77.0364,531871,20260803001500,http://www.israelherald.com/news/279219997/escalation-not-in-interest-of-people-expert-waiel-awwad-weighs-in-on-us-iran-war
1316522404,20260803,202608,2026,2026.5836,,,,,,,,,,,IRN,IRAN,IRN,,,,,,,,1,060,060,06,2,6.0,2,1,2,-6.96378830083566,0,,,,,,,,1,Iran,IR,IR,,32,53,IR,1,Iran,IR,IR,,32,53,IR,20260803001500,http://www.israelherald.com/news/279219997/escalation-not-in-interest-of-people-expert-waiel-awwad-weighs-in-on-us-iran-war
1316522405,20260803,202608,2026,2026.5836,,,,,,,,,,,JOR,JORDAN,JOR,,,,,,,,1,043,043,04,1,2.8,4,1,4,3.27868852459016,0,,,,,,,,1,Jordan,JO,JO,,31,36,JO,1,Jordan,JO,JO,,31,36,JO,20260803001500,https://nationnews.com/2026/08/02/centenarian-eunice-celebrates-with-family/
1316522406,20260803,202608,2026,2026.5836,,,,,,,,,,,MAR,MOROCCO,MAR,,,,,,,,1,042,042,04,1,1.9,10,1,10,-6.19621342512909,0,,,,,,,,4,"Melilla, Spain (general), Spain",SP,SP00,25821,35.2839,-2.94307,-391809,4,"Melilla, Spain (general), Spain",SP,SP00,25821,35.2839,-2.94307,-391809,20260803001500,https://www.perthnow.com.au/news/conflict/death-toll-from-migrant-rush-into-spanish-enclave-rises-c-22665701
1316522407,20260803,202608,2026,2026.5836,,,,,,,,,,,MDV,MALE,MDV,,,,,,,,0,043,043,04,1,2.8,1,1,1,-7.97448165869218,0,,,,,,,,3,"Riverview, Massachusetts, United States",US,USMA,MA009,42.632,-70.6814,615324,3,"Boston, Massachusetts, United States",US,USMA,MA025,42.3584,-71.0598,617565,20260803001500,https://www.bostonherald.com/2026/08/02/police-blotter-man-shot-to-death-in-eastie/
1316522408,20260803,202608,2026,2026.5836,,,,,,,,,,,MDV,MALE,MDV,,,,,,,,0,043,043,04,1,2.8,2,1,2,-7.97448165869218,0,,,,,,,,3,"Boston, Massachusetts, United States",US,USMA,MA025,42.3584,-71.0598,617565,3,"Boston, Massachusetts, United States",US,USMA,MA025,42.3584,-71.0598,617565,20260803001500,https://www.bostonherald.com/2026/08/02/police-blotter-man-shot-to-death-in-eastie/
1316522409,20260803,202608,2026,2026.5836,,,,,,,,,,,MIL,COMMANDER,,,,,,MIL,,,1,051,051,05,1,3.4,6,1,6,-7.10382513661203,0,,,,,,,,4,"Darfur, Gharb Darfur, Sudan",SU,SU47,37140,13.5,23.5,-17505,4,"Darfur, Gharb Darfur, Sudan",SU,SU47,37140,13.5,23.5,-17505,20260803001500,https://dominicanrepublicpost.com/sudan-army-drone-attack-on-darfur-kills-35-rights-group-says/
1316522410,20260803,202608,2026,2026.5836,,,,,,,,,,,MIL,NAVAL,,,,,,MIL,,,1,051,051,05,1,3.4,10,1,10,-2.29357798165138,0,,,,,,,,2,"Hawaii, United States",US,USHI,,21.1098,-157.531,HI,2,"Hawaii, United States",US,USHI,,21.1098,-157.531,HI,20260803001500,https://www.hawaiinewsnow.com/2026/08/02/uh-researchers-use-drones-tag-humpback-whales/
1316522411,20260803,202608,2026,2026.5836,,,,,,,,,,,MOS,ISLAM,,,,MOS,,,,,1,043,043,04,1,2.8,3,1,3,0.29154518950437,0,,,,,,,,4,"Kuala Lumpur, Kuala Lumpur, Malaysia",MY,MY14,18585,3.16667,101.7,-2403010,4,"Kuala Lumpur, Kuala Lumpur, Malaysia",MY,MY14,18585,3.16667,101.7,-2403010,20260803001500,https://www.freemalaysiatoday.com/category/leisure/2026/08/03/living-with-cerebral-palsy-radin-daniel-builds-a-life-on-resilience
1316522412,20260803,202608,2026,2026.5836,,,,,,,,,,,MYS,KUALA LUMPUR,MYS,,,,,,,,1,042,042,04,1,1.9,5,1,5,0.29154518950437,0,,,,,,,,4,"Kuala Lumpur, Kuala Lumpur, Malaysia",MY,MY14,18585,3.16667,101.7,-2403010,4,"Kuala Lumpur, Kuala Lumpur, Malaysia",MY,MY14,18585,3.16667,101.7,-2403010,20260803001500,https://www.freemalaysiatoday.com/category/leisure/2026/08/03/living-with-cerebral-palsy-radin-daniel-builds-a-life-on-resilience
1316522413,20260803,202608,2026,2026.5836,,,,,,,,,,,PSE,PALESTINIAN,PSE,,,,,,,,1,043,043,04,1,2.8,2,1,2,-5.46875,0,,,,,,,,1,Israel,IS,IS,,31.5,34.75,IS,1,Israel,IS,IS,,31.5,34.75,IS,20260803001500,https://english.news.cn/20260803/011948b20fb8407a8e79e775cb981242/c.html
1316522414,20260803,202608,2026,2026.5836,,,,,,,,,,,SAUGOV,SAUDI ARABIA,SAU,,,,,GOV,,,0,040,040,04,1,1.0,1,1,1,-1.79558011049724,0,,,,,,,,4,"Tehran, Tehran, Iran",IR,IR26,41130,35.75,51.5148,10074674,1,Saudi Arabia,SA,SA,,25,45,SA,20260803001500,https://abc7chicago.com/post/us-iran-deal-news-donald-trump-says-he-will-order-halt-strikes-parameters-reached-end-war/19616566/
1316522415,20260803,202608,2026,2026.5836,,,,,,,,,,,SAUGOV,SAUDI,SAU,,,,,GOV,,,0,040,040,04,1,1.0,2,1,2,-1.79558011049724,0,,,,,,,,1,Saudi Arabia,SA,SA,,25,45,SA,1,Saudi Arabia,SA,SA,,25,45,SA,20260803001500,https://abc7chicago.com/post/us-iran-deal-news-donald-trump-says-he-will-order-halt-strikes-parameters-reached-end-war/19616566/
1316522416,20260803,202608,2026,2026.5836,,,,,,,,,,,SDN,SUDAN,SDN,,,,,,,,1,190,190,19,4,-10.0,2,1,2,-7.10382513661203,0,,,,,,,,4,"Darfur, Gharb Darfur, Sudan",SU,SU47,37140,13.5,23.5,-17505,4,"Darfur, Gharb Darfur, Sudan",SU,SU47,37140,13.5,23.5,-17505,20260803001500,https://dominicanrepublicpost.com/sudan-army-drone-attack-on-darfur-kills-35-rights-group-says/
1316522417,20260803,202608,2026,2026.5836,,,,,,,,,,,SDNMIL,SUDAN,SDN,,,,,MIL,,,1,051,051,05,1,3.4,2,1,2,-7.10382513661203,0,,,,,,,,4,"Darfur, Gharb Darfur, Sudan",SU,SU47,37140,13.5,23.5,-17505,4,"Darfur, Gharb Darfur, Sudan",SU,SU47,37140,13.5,23.5,-17505,20260803001500,https://dominicanrepublicpost.com/sudan-army-drone-attack-on-darfur-kills-35-rights-group-says/
1316522418,20260803,202608,2026,2026.5836,,,,,,,,,,,TUR,ISTANBUL,TUR,,,,,,,,1,036,036,03,1,4.0,1,1,1,1.74563591022444,0,,,,,,,,4,"Istanbul, Istanbul, Turkey",TU,TU34,27897,41.0186,28.9647,-755070,4,"Istanbul, Istanbul, Turkey",TU,TU34,27897,41.0186,28.9647,-755070,20260803001500,https://www.pokernews.com/tours/merit-poker/2026-noir-poker-series/7500-high-roller/chips.853126.htm
1316522419,20260803,202608,2026,2026.5836,,,,,,,,,,,TUR,ISTANBUL,TUR,,,,,,,,1,036,036,03,1,4.0,1,1,1,1.74563591022444,0,,,,,,,,1,Cyprus,CY,CY,,35,33,CY,1,Cyprus,CY,CY,,35,33,CY,20260803001500,https://www.pokernews.com/tours/merit-poker/2026-noir-poker-series/7500-high-roller/chips.853126.htm
1316522420,20260803,202608,2026,2026.5836,,,,,,,,,,,USA,UNITED STATES,USA,,,,,,,,0,020,020,02,1,3.0,2,1,2,-2.17391304347826,0,,,,,,,,2,"Colorado, United States",US,USCO,,39.0646,-105.327,CO,2,"Colorado, United States",US,USCO,,39.0646,-105.327,CO,20260803001500,https://foxwilmington.com/democratic-socialist-candidate-brushes-off-concerns-over-dsa-communists-as-gop-noise/
1316522421,20260803,202608,2026,2026.5836,,,,,,,,,,,USA,UNITED STATES,USA,,,,,,,,0,020,020,02,1,3.0,4,1,4,4.69043151969981,0,,,,,,,,2,"Minnesota, United States",US,USMN,,45.7326,-93.9196,MN,2,"Minnesota, United States",US,USMN,,45.7326,-93.9196,MN,20260803001500,https://hpr1.com/let-us-now-praise-independent-booksellers/
1316522422,20260803,202608,2026,2026.5836,,,,,,,,,,,USA,A US,USA,,,,,,,,0,031,031,03,1,5.2,5,1,5,0.16068559185859,0,,,,,,,,0,,,,,,,,0,,,,,,,,20260803001500,https://www.smn-news.com/index.php/st-maarten-st-martin-news/51227-unops-us-90-000-contract-with-tackling-firm-raises-conflict-questions-after-agency-advises-justice-minister-on-heyliger.html
1316522423,20260803,202608,2026,2026.5836,,,,,,,,,,,USA,LOS ANGELES,USA,,,,,,,,0,036,036,03,1,4.0,10,1,10,-1.87932739861523,0,,,,,,,,3,"Los Angeles, California, United States",US,USCA,,34.0522,-118.244,1662328,3,"Los Angeles, California, United States",US,USCA,,34.0522,-118.244,1662328,20260803001500,https://www.adn.com/nation-world/2026/08/02/flight-attendants-at-canadas-westjet-go-on-strike-in-dispute-over-pay/
1316522424,20260803,202608,2026,2026.5836,,,,,,,,,,,USA,FLORIDA,USA,,,,,,,,1,036,036,03,1,4.0,2,1,2,-0.44247787610619,0,,,,,,,,2,"Florida, United States",US,USFL,,27.8333,-81.717,FL,2,"Florida, United States",US,USFL,,27.8333,-81.717,FL,20260803001500,https://dailyridge.com/2025/03/25/new-sidewalk-to-be-constructed-along-maine-avenue-in-lakeland-with-3-million-fdot-funding/
1316522425,20260803,202608,2026,2026.5836,,,,,,,,,,,USA,AUSTIN,USA,,,,,,,,0,040,040,04,1,1.0,6,1,6,-3.76766091051806,0,,,,,,,,1,Iran,IR,IR,,32,53,IR,1,Iran,IR,IR,,32,53,IR,20260803001500,https://www.fox10phoenix.com/news/trump-halts-iran-strikes-citing-potential-deal-end-war
1316522426,20260803,202608,2026,2026.5836,,,,,,,,,,,USA,UNITED STATES,USA,,,,,,,,1,042,042,04,1,1.9,2,1,2,5.10948905109489,0,,,,,,,,3,"Canyon Ranch, California, United States",US,USCA,,39.5599,-120.356,220564,3,"Canyon Ranch, California, United States",US,USCA,,39.5599,-120.356,220564,20260803001500,https://www.realcommercial.com.au/news/hugh-jackman-joins-girlfriend-sutton-fosters-exclusive-3500-retreat
1316522427,20260803,202608,2026,2026.5836,,,,,,,,,,,USA,FLORIDA,USA,,,,,,,,1,042,042,04,1,1.9,10,1,10,-0.44247787610619,0,,,,,,,,3,"Polk County, Florida, United States",US,USFL,,27.9586,-81.7081,295747,3,"Polk County, Florida, United States",US,USFL,,27.9586,-81.7081,295747,20260803001500,https://dailyridge.com/2025/03/25/new-sidewalk-to-be-constructed-along-maine-avenue-in-lakeland-with-3-million-fdot-funding/
1316522428,20260803,202608,2026,2026.5836,,,,,,,,,,,USA,WASHINGTON,USA,,,,,,,,1,043,043,04,1,2.8,24,3,24,-4.30612215685433,0,,,,,,,,3,"Washington, District of Columbia, United States",US,USDC,DC001,38.8951,-77.0364,531871,3,"Washington, District of Columbia, United States",US,USDC,DC001,38.8951,-77.0364,531871,20260803001500,https://www.wsls.com/news/politics/2026/08/02/ohio-rep-kaptur-treated-for-non-life-threatening-injuries-after-a-car-accident-in-toledo/
1316522429,20260803,202608,2026,2026.5836,,,,,,,,,,,USA,UNITED STATES,USA,,,,,,,,1,190,190,19,4,-10.0,2,2,2,-5.49019607843137,0,,,,,,,,3,"Boston, Massachusetts, United States",US,USMA,MA025,42.3584,-71.0598,617565,3,"Boston, Massachusetts, United States",US,USMA,MA025,42.3584,-71.0598,617565,20260803001500,https://www.lowellsun.com/2026/08/02/markey-moulton-expected-to-highlight-trump-in-second-2026-debate/
1316522430,20260803,202608,2026,2026.5836,,,,,,,,,,,USA,UNITED STATES,USA,,,,,,,,1,192,192,19,4,-9.5,2,1,2,-3.15533980582525,0,,,,,,,,2,"Nebraska, United States",US,USNE,,41.1289,-98.2883,NE,2,"Nebraska, United States",US,USNE,,41.1289,-98.2883,NE,20260803001500,https://www.1011now.com/2026/08/02/big-temperature-swings-rain-chances-coming-nebraska/
1316522431,20260803,202608,2026,2026.5836,AFG,AFGHAN,AFG,,,,,,,,GBR,BRITON,GBR,,,,,,,,1,173,173,17,4,-5.0,8,1,8,-7.23192019950124,1,United Kingdom,UK,UK,,54,-4,UK,1,United Kingdom,UK,UK,,54,-4,UK,1,United Kingdom,UK,UK,,54,-4,UK,20260803001500,https://www.euronews.com/my-europe/2026/08/02/afghan-arrested-over-murder-of-38-year-old-briton-found-in-suitcase-in-greece
1316522432,20260803,202608,2026,2026.5836,AFG,AFGHAN,AFG,,,,,,,,GBR,BRITON,GBR,,,,,,,,1,190,190,19,4,-10.0,6,1,6,-7.23192019950124,1,Afghanistan,AF,AF,,33,66,AF,1,United Kingdom,UK,UK,,54,-4,UK,1,Afghanistan,AF,AF,,33,66,AF,20260803001500,https://www.euronews.com/my-europe/2026/08/02/afghan-arrested-over-murder-of-38-year-old-briton-found-in-suitcase-in-greece
1316522433,20260803,202608,2026,2026.5836,AFG,AFGHAN,AFG,,,,,,,,GBR,BRITON,GBR,,,,,,,,1,190,190,19,4,-10.0,2,1,2,-7.23192019950124,1,Afghanistan,AF,AF,,33,66,AF,1,United Kingdom,UK,UK,,54,-4,UK,1,United Kingdom,UK,UK,,54,-4,UK,20260803001500,https://www.euronews.com/my-europe/2026/08/02/afghan-arrested-over-murder-of-38-year-old-briton-found-in-suitcase-in-greece
1316522434,20260803,202608,2026,2026.5836,AFR,AFRICA,AFR,,,,,,,,GOV,MINISTRY,,,,,,GOV,,,1,112,112,11,3,-2.0,6,1,6,5.23465703971119,4,"Glasgow, Glasgow City, United Kingdom",UK,UKV2,40176,55.8333,-4.25,-2597039,4,"Glasgow, Glasgow City, United Kingdom",UK,UKV2,40176,55.8333,-4.25,-2597039,4,"Glasgow, Glasgow City, United Kingdom",UK,UKV2,40176,55.8333,-4.25,-2597039,20260803001500,https://nationnews.com/2026/08/01/mottley-barbados-will-continue-to-seek-reparatory-justice/
1316522435,20260803,202608,2026,2026.5836,ATGGOV,GASTON BROWNE,ATG,,,,,GOV,,,ATG,ANTIGUA AND BARBUDA,ATG,,,,,,,,1,020,020,02,1,3.0,3,1,3,0.35211267605634,1,Antigua And Barbuda,AC,AC,,17.05,-61.8,AC,3,"World Bank, District of Columbia, United States",US,USDC,,38.899,-77.0422,2002658,1,Antigua And Barbuda,AC,AC,,17.05,-61.8,AC,20260803001500,https://nationnews.com/2026/08/02/antigua-barbuda-wants-review-of-us-visa-restrictions/
1316522436,20260803,202608,2026,2026.5836,ATGGOV,GASTON BROWNE,ATG,,,,,GOV,,,ATG,ANTIGUA AND BARBUDA,ATG,,,,,,,,1,020,020,02,1,3.0,3,1,3,0.35211267605634,1,Antigua And Barbuda,AC,AC,,17.05,-61.8,AC,1,Antigua And Barbuda,AC,AC,,17.05,-61.8,AC,1,Antigua And Barbuda,AC,AC,,17.05,-61.8,AC,20260803001500,https://nationnews.com/2026/08/02/antigua-barbuda-wants-review-of-us-visa-restrictions/
1316522437,20260803,202608,2026,2026.5836,ATGGOV,GASTON BROWNE,ATG,,,,,GOV,,,ATGCVL,ANTIGUA AND BARBUDA,ATG,,,,,CVL,,,1,020,020,02,1,3.0,2,1,2,0.35211267605634,1,Antigua And Barbuda,AC,AC,,17.05,-61.8,AC,3,"World Bank, District of Columbia, United States",US,USDC,,38.899,-77.0422,2002658,1,Antigua And Barbuda,AC,AC,,17.05,-61.8,AC,20260803001500,https://nationnews.com/2026/08/02/antigua-barbuda-wants-review-of-us-visa-restrictions/
1316522438,20260803,202608,2026,2026.5836,ATGGOV,GASTON BROWNE,ATG,,,,,GOV,,,ATGCVL,ANTIGUA AND BARBUDA,ATG,,,,,CVL,,,1,020,020,02,1,3.0,4,1,4,0.35211267605634,1,Antigua And Barbuda,AC,AC,,17.05,-61.8,AC,1,Antigua And Barbuda,AC,AC,,17.05,-61.8,AC,1,Antigua And Barbuda,AC,AC,,17.05,-61.8,AC,20260803001500,https://nationnews.com/2026/08/02/antigua-barbuda-wants-review-of-us-visa-restrictions/
1316522439,20260803,202608,2026,2026.5836,ATH,ATHEISM,,,,ATH,,,,,,,,,,,,,,,0,020,020,02,1,3.0,10,1,10,0.34173430158052,4,"Ouranos, Perifereia Thessalias, Greece",GR,GR64,16723,39.6172,21.6358,9108204,0,,,,,,,,4,"Ouranos, Perifereia Thessalias, Greece",GR,GR64,16723,39.6172,21.6358,9108204,20260803001500,https://secularhumanism.org/2022/08/ethnographic-evidence-for-unbelief-in-non-western-cultures-unbelief-in-greek-and-roman-civilization/
1316522440,20260803,202608,2026,2026.5836,AUS,AUSTRALIA,AUS,,,,,,,,,,,,,,,,,,1,010,010,01,1,0.0,12,2,8,-0.726018657707463,1,Australia,AS,AS,,-25,135,AS,0,,,,,,,,1,Australia,AS,AS,,-25,135,AS,20260803001500,https://www.adnews.com.au/news/miq-launches-australian-total-screen-planner
1316522441,20260803,202608,2026,2026.5836,AUS,AUSTRALIA,AUS,,,,,,,,,,,,,,,,,,1,012,012,01,1,-0.4,4,2,4,2.50742539795492,4,"Sydney, New South Wales, Australia",AS,AS02,154637,-33.8833,151.217,-1603135,0,,,,,,,,4,"Sydney, New South Wales, Australia",AS,AS02,154637,-33.8833,151.217,-1603135,20260803001500,https://www.thecourier.com.au/story/9320453/brian-schmidt-future-funding-policy-sparks-concern/
1316522442,20260803,202608,2026,2026.5836,AUS,AUSTRALIA,AUS,,,,,,,,,,,,,,,,,,1,012,012,01,1,-0.4,20,5,20,-5.34738520265391,1,Australia,AS,AS,,-25,135,AS,0,,,,,,,,1,Australia,AS,AS,,-25,135,AS,20260803001500,https://www.crookwellgazette.com.au/story/9322454/death-threats-followed-radio-exit-kyle-sandilands-says/
1316522443,20260803,202608,2026,2026.5836,AUS,AUSTRALIA,AUS,,,,,,,,,,,,,,,,,,0,013,013,01,1,0.4,4,1,4,4.90693739424704,4,"Crookwell, New South Wales, Australia",AS,AS02,154641,-34.4593,149.471,-1568133,0,,,,,,,,4,"Crookwell, New South Wales, Australia",AS,AS02,154641,-34.4593,149.471,-1568133,20260803001500,https://www.crookwellgazette.com.au/story/9322399/university-of-new-england-experts-reveal-potential-future-careers/
1316522444,20260803,202608,2026,2026.5836,AUS,AUSTRALIA,AUS,,,,,,,,,,,,,,,,,,0,013,013,01,1,0.4,4,1,4,4.90693739424704,4,"Muswellbrook, New South Wales, Australia",AS,AS02,5096,-32.2612,150.89,-1590404,0,,,,,,,,4,"Muswellbrook, New South Wales, Australia",AS,AS02,5096,-32.2612,150.89,-1590404,20260803001500,https://www.muswellbrookchronicle.com.au/story/9322399/university-of-new-england-experts-reveal-potential-future-careers/
1316522445,20260803,202608,2026,2026.5836,AUS,AUSTRALIAN,AUS,,,,,,,,,,,,,,,,,,1,020,020,02,1,3.0,7,1,7,6.57894736842105,4,"Sydney, New South Wales, Australia",AS,AS02,154637,-33.8833,151.217,-1603135,0,,,,,,,,4,"Sydney, New South Wales, Australia",AS,AS02,154637,-33.8833,151.217,-1603135,20260803001500,https://www.adnews.com.au/campaigns/budget-direct-splashdown-via-303
1316522446,20260803,202608,2026,2026.5836,AUS,AUSTRALIA,AUS,,,,,,,,,,,,,,,,,,1,020,020,02,1,3.0,40,6,30,-3.92125318770472,1,Australia,AS,AS,,-25,135,AS,0,,,,,,,,1,Australia,AS,AS,,-25,135,AS,20260803001500,https://www.miragenews.com/australia-post-launches-parcel-hub-on-air-force-1720400/
1316522447,20260803,202608,2026,2026.5836,AUS,AUSTRALIA,AUS,,,,,,,,,,,,,,,,,,1,020,020,02,1,3.0,10,5,10,-5.34738520265391,1,Australia,AS,AS,,-25,135,AS,0,,,,,,,,1,United Kingdom,UK,UK,,54,-4,UK,20260803001500,https://www.crookwellgazette.com.au/story/9322454/death-threats-followed-radio-exit-kyle-sandilands-says/
1316522448,20260803,202608,2026,2026.5836,AUS,AUSTRALIA,AUS,,,,,,,,,,,,,,,,,,1,026,026,02,1,4.0,10,1,10,0.35714285714286,1,Australia,AS,AS,,-25,135,AS,0,,,,,,,,1,Australia,AS,AS,,-25,135,AS,20260803001500,https://www.miragenews.com/australia-post-launches-parcel-hub-on-air-force-1720400/
1316522449,20260803,202608,2026,2026.5836,AUS,VICTORIA,AUS,,,,,,,,,,,,,,,,,,1,0332,033,03,1,5.2,10,1,10,-3.6281179138322,0,,,,,,,,0,,,,,,,,0,,,,,,,,20260803001500,https://www.celebdirtylaundry.com/2026/the-young-and-the-restless-nick-relapses-after-early-rehab-exit-adam-victoria-team-up-for-emergency/
1316522450,20260803,202608,2026,2026.5836,AUS,MELBOURNE,AUS,,,,,,,,,,,,,,,,,,1,043,043,04,1,2.8,10,1,10,-1.36363636363637,4,"Melbourne, Victoria, Australia",AS,AS07,5430,-37.8167,144.967,-1586844,0,,,,,,,,4,"Melbourne, Victoria, Australia",AS,AS07,5430,-37.8167,144.967,-1586844,20260803001500,https://www.perthnow.com.au/news/qantas-flight-to-santiago-turns-back-after-mechanical-issue-nearly-200-passengers-stranded-overnight-c-22665900
1316522451,20260803,202608,2026,2026.5836,AUS,AUSTRALIA,AUS,,,,,,,,,,,,,,,,,,1,071,071,07,2,7.4,4,1,4,2.35756385068762,4,"Crookwell, New South Wales, Australia",AS,AS02,154641,-34.4593,149.471,-1568133,0,,,,,,,,4,"Crookwell, New South Wales, Australia",AS,AS02,154641,-34.4593,149.471,-1568133,20260803001500,https://www.crookwellgazette.com.au/story/9320453/brian-schmidt-future-funding-policy-sparks-concern/
1316522452,20260803,202608,2026,2026.5836,AUS,AUSTRALIAN,AUS,,,,,,,,AUSGOV,AUSTRALIA,AUS,,,,,GOV,,,0,071,071,07,2,7.4,2,1,2,-2.37388724035609,1,Australia,AS,AS,,-25,135,AS,1,Australia,AS,AS,,-25,135,AS,1,Australia,AS,AS,,-25,135,AS,20260803001500,https://www.miragenews.com/pbs-august-lineup-new-brain-cancer-treatment-1720426/
1316522453,20260803,202608,2026,2026.5836,AUS,AUSTRALIA,AUS,,,,,,,,AUSMED,AUSTRALIA,AUS,,,,,MED,,,1,012,012,01,1,-0.4,2,1,2,2.35756385068762,4,"Crookwell, New South Wales, Australia",AS,AS02,154641,-34.4593,149.471,-1568133,4,"Crookwell, New South Wales, Australia",AS,AS02,154641,-34.4593,149.471,-1568133,4,"Crookwell, New South Wales, Australia",AS,AS02,154641,-34.4593,149.471,-1568133,20260803001500,https://www.crookwellgazette.com.au/story/9320453/brian-schmidt-future-funding-policy-sparks-concern/
1316522454,20260803,202608,2026,2026.5836,AUS,AUSTRALIA,AUS,,,,,,,,AUSMED,AUSTRALIA,AUS,,,,,MED,,,1,071,071,07,2,7.4,2,1,2,2.35756385068762,4,"Crookwell, New South Wales, Australia",AS,AS02,154641,-34.4593,149.471,-1568133,4,"Crookwell, New South Wales, Australia",AS,AS02,154641,-34.4593,149.471,-1568133,4,"Crookwell, New South Wales, Australia",AS,AS02,154641,-34.4593,149.471,-1568133,20260803001500,https://www.crookwellgazette.com.au/story/9320453/brian-schmidt-future-funding-policy-sparks-concern/
1316522455,20260803,202608,2026,2026.5836,AUS,AUSTRALIA,AUS,,,,,,,,BUS,PRODUCER,,,,,,BUS,,,0,040,040,04,1,1.0,2,1,2,4.90693739424704,4,"Crookwell, New South Wales, Australia",AS,AS02,154641,-34.4593,149.471,-1568133,4,"Crookwell, New South Wales, Australia",AS,AS02,154641,-34.4593,149.471,-1568133,4,"Crookwell, New South Wales, Australia",AS,AS02,154641,-34.4593,149.471,-1568133,20260803001500,https://www.crookwellgazette.com.au/story/9322399/university-of-new-england-experts-reveal-potential-future-careers/
1316522456,20260803,202608,2026,2026.5836,AUS,AUSTRALIA,AUS,,,,,,,,BUS,PRODUCER,,,,,,BUS,,,0,040,040,04,1,1.0,2,1,2,4.90693739424704,4,"Muswellbrook, New South Wales, Australia",AS,AS02,5096,-32.2612,150.89,-1590404,4,"Muswellbrook, New South Wales, Australia",AS,AS02,5096,-32.2612,150.89,-1590404,4,"Muswellbrook, New South Wales, Australia",AS,AS02,5096,-32.2612,150.89,-1590404,20260803001500,https://www.muswellbrookchronicle.com.au/story/9322399/university-of-new-england-experts-reveal-potential-future-careers/
1316522457,20260803,202608,2026,2026.5836,AUS,SYDNEY,AUS,,,,,,,,CHL,SANTIAGO,CHL,,,,,,,,1,042,042,04,1,1.9,10,1,10,-1.36363636363637,4,"Santiago, Regióetropolitana, Chile",CI,CI12,22379,-33.45,-70.6667,-901202,4,"Santiago, Regióetropolitana, Chile",CI,CI12,22379,-33.45,-70.6667,-901202,4,"Santiago, Regióetropolitana, Chile",CI,CI12,22379,-33.45,-70.6667,-901202,20260803001500,https://www.perthnow.com.au/news/qantas-flight-to-santiago-turns-back-after-mechanical-issue-nearly-200-passengers-stranded-overnight-c-22665900
1316522458,20260803,202608,2026,2026.5836,AUS,SYDNEY,AUS,,,,,,,,CVL,TRAVELLER,,,,,,CVL,,,1,043,043,04,1,2.8,8,1,8,-1.36363636363637,4,"Sydney, New South Wales, Australia",AS,AS02,154637,-33.8833,151.217,-1603135,4,"Sydney, New South Wales, Australia",AS,AS02,154637,-33.8833,151.217,-1603135,4,"Sydney, New South Wales, Australia",AS,AS02,154637,-33.8833,151.217,-1603135,20260803001500,https://www.perthnow.com.au/news/qantas-flight-to-santiago-turns-back-after-mechanical-issue-nearly-200-passengers-stranded-overnight-c-22665900
1316522459,20260803,202608,2026,2026.5836,AUS,SYDNEY,AUS,,,,,,,,CVL,TRAVELLER,,,,,,CVL,,,1,043,043,04,1,2.8,2,1,2,-1.36363636363637,4,"Sydney, New South Wales, Australia",AS,AS02,154637,-33.8833,151.217,-1603135,4,"Santiago, Regióetropolitana, Chile",CI,CI12,22379,-33.45,-70.6667,-901202,4,"Sydney, New South Wales, Australia",AS,AS02,154637,-33.8833,151.217,-1603135,20260803001500,https://www.perthnow.com.au/news/qantas-flight-to-santiago-turns-back-after-mechanical-issue-nearly-200-passengers-stranded-overnight-c-22665900
1316522460,20260803,202608,2026,2026.5836,AUS,AUSTRALIA,AUS,,,,,,,,GBRMED,UNITED KINGDOM,GBR,,,,,MED,,,0,010,010,01,1,0.0,10,5,10,-5.34738520265391,1,Australia,AS,AS,,-25,135,AS,1,Australia,AS,AS,,-25,135,AS,1,Australia,AS,AS,,-25,135,AS,20260803001500,https://www.crookwellgazette.com.au/story/9322454/death-threats-followed-radio-exit-kyle-sandilands-says/
1316522461,20260803,202608,2026,2026.5836,AUS,AUSTRALIA,AUS,,,,,,,,GBRMED,UNITED KINGDOM,GBR,,,,,MED,,,0,010,010,01,1,0.0,10,5,10,-5.34738520265391,1,Australia,AS,AS,,-25,135,AS,1,United Kingdom,UK,UK,,54,-4,UK,1,United Kingdom,UK,UK,,54,-4,UK,20260803001500,https://www.crookwellgazette.com.au/story/9322454/death-threats-followed-radio-exit-kyle-sandilands-says/
1316522462,20260803,202608,2026,2026.5836,AUS,AUSTRALIAN,AUS,,,,,,,,GOV,GOVERNMENT,,,,,,GOV,,,1,036,036,03,1,4.0,10,1,10,-2.53456221198157,1,Australia,AS,AS,,-25,135,AS,1,Australia,AS,AS,,-25,135,AS,1,Australia,AS,AS,,-25,135,AS,20260803001500,https://www.perthnow.com.au/news/politics/federal-politics/mark-butler-defends-labors-private-health-rebate-cuts-as-coalition-warns-of-longer-public-hospital-waits-c-22654818
1316522463,20260803,202608,2026,2026.5836,AUS,AUSTRALIAN,AUS,,,,,,,,GRC,GREECE,GRC,,,,,,,,1,190,190,19,4,-10.0,8,1,8,-3.47826086956521,4,"Megara, Perifereia Attikis, Greece",GR,GR54,16716,38,23.3456,-823540,4,"Megara, Perifereia Attikis, Greece",GR,GR54,16716,38,23.3456,-823540,4,"Megara, Perifereia Attikis, Greece",GR,GR54,16716,38,23.3456,-823540,20260803001500,https://www.perthnow.com.au/news/world/two-people-killed-as-australian-firefighting-helicopters-collide-in-greece-c-22665380
1316522464,20260803,202608,2026,2026.5836,AUS,AUSTRALIA,AUS,,,,,,,,MED,PUBLISHER,,,,,,MED,,,1,010,010,01,1,0.0,4,1,4,-0.34013605442177,1,Australia,AS,AS,,-25,135,AS,1,Australia,AS,AS,,-25,135,AS,1,Australia,AS,AS,,-25,135,AS,20260803001500,https://www.adnews.com.au/news/ai-licensing-isn-t-a-life-raft-for-the-publishing-industry
1316522465,20260803,202608,2026,2026.5836,AUS,AUSTRALIA,AUS,,,,,,,,MYS,MALAYSIA,MYS,,,,,,,,0,042,042,04,1,1.9,6,1,6,-0.28943560057887,1,Australia,AS,AS,,-25,135,AS,1,Malaysia,MY,MY,,2.5,112.5,MY,1,Australia,AS,AS,,-25,135,AS,20260803001500,https://www.freemalaysiatoday.com/category/nation/2026/08/03/malaysia-mulls-easing-rare-earth-export-curbs-to-meet-demand
1316522466,20260803,202608,2026,2026.5836,AUS,AUSTRALIA,AUS,,,,,,,,MYS,MALAYSIA,MYS,,,,,,,,0,042,042,04,1,1.9,2,1,2,-0.28943560057887,1,Australia,AS,AS,,-25,135,AS,1,Malaysia,MY,MY,,2.5,112.5,MY,1,Malaysia,MY,MY,,2.5,112.5,MY,20260803001500,https://www.freemalaysiatoday.com/category/nation/2026/08/03/malaysia-mulls-easing-rare-earth-export-curbs-to-meet-demand
1316522467,20260803,202608,2026,2026.5836,AUS,AUSTRALIA,AUS,,,,,,,,MYS,MALAYSIA,MYS,,,,,,,,0,042,042,04,1,1.9,2,1,2,-0.28943560057887,1,Malaysia,MY,MY,,2.5,112.5,MY,1,Malaysia,MY,MY,,2.5,112.5,MY,1,Malaysia,MY,MY,,2.5,112.5,MY,20260803001500,https://www.freemalaysiatoday.com/category/nation/2026/08/03/malaysia-mulls-easing-rare-earth-export-curbs-to-meet-demand
1316522468,20260803,202608,2026,2026.5836,AUS,AUSTRALIA,AUS,,,,,,,,USA,UNITED STATES,USA,,,,,,,,1,020,020,02,1,3.0,10,5,10,-5.34738520265391,1,Australia,AS,AS,,-25,135,AS,1,Australia,AS,AS,,-25,135,AS,1,Australia,AS,AS,,-25,135,AS,20260803001500,https://www.crookwellgazette.com.au/story/9322454/death-threats-followed-radio-exit-kyle-sandilands-says/
1316522469,20260803,202608,2026,2026.5836,AUS,AUSTRALIA,AUS,,,,,,,,USA,UNITED STATES,USA,,,,,,,,1,020,020,02,1,3.0,10,5,10,-5.34738520265391,1,Australia,AS,AS,,-25,135,AS,2,"New York, United States",US,USNY,,42.1497,-74.9384,NY,1,Australia,AS,AS,,-25,135,AS,20260803001500,https://www.crookwellgazette.com.au/story/9322454/death-threats-followed-radio-exit-kyle-sandilands-says/
1316522470,20260803,202608,2026,2026.5836,AUS,AUSTRALIA,AUS,,,,,,,,USA,UNITED STATES,USA,,,,,,,,0,042,042,04,1,1.9,20,5,20,-5.34738520265391,1,Australia,AS,AS,,-25,135,AS,2,"New York, United States",US,USNY,,42.1497,-74.9384,NY,2,"New York, United States",US,USNY,,42.1497,-74.9384,NY,20260803001500,https://www.crookwellgazette.com.au/story/9322454/death-threats-followed-radio-exit-kyle-sandilands-says/
1316522471,20260803,202608,2026,2026.5836,AUSGOV,AUSTRALIA,AUS,,,,,GOV,,,,,,,,,,,,,1,020,020,02,1,3.0,4,1,2,2.35756385068762,4,"Crookwell, New South Wales, Australia",AS,AS02,154641,-34.4593,149.471,-1568133,0,,,,,,,,4,"Crookwell, New South Wales, Australia",AS,AS02,154641,-34.4593,149.471,-1568133,20260803001500,https://www.crookwellgazette.com.au/story/9320453/brian-schmidt-future-funding-policy-sparks-concern/
1316522472,20260803,202608,2026,2026.5836,AUSGOV,AUSTRALIA,AUS,,,,,GOV,,,,,,,,,,,,,1,020,020,02,1,3.0,8,2,4,2.50742539795492,4,"Sydney, New South Wales, Australia",AS,AS02,154637,-33.8833,151.217,-1603135,0,,,,,,,,4,"Sydney, New South Wales, Australia",AS,AS02,154637,-33.8833,151.217,-1603135,20260803001500,https://www.thecourier.com.au/story/9320453/brian-schmidt-future-funding-policy-sparks-concern/
1316522473,20260803,202608,2026,2026.5836,AUSGOV,AUSTRALIA,AUS,,,,,GOV,,,,,,,,,,,,,1,071,071,07,2,7.4,4,1,2,2.35756385068762,4,"Crookwell, New South Wales, Australia",AS,AS02,154641,-34.4593,149.471,-1568133,0,,,,,,,,4,"Crookwell, New South Wales, Australia",AS,AS02,154641,-34.4593,149.471,-1568133,20260803001500,https://www.crookwellgazette.com.au/story/9320453/brian-schmidt-future-funding-policy-sparks-concern/
1316522474,20260803,202608,2026,2026.5836,AUSGOV,AUSTRALIA,AUS,,,,,GOV,,,,,,,,,,,,,1,071,071,07,2,7.4,8,2,4,2.50742539795492,4,"Sydney, New South Wales, Australia",AS,AS02,154637,-33.8833,151.217,-1603135,0,,,,,,,,4,"Sydney, New South Wales, Australia",AS,AS02,154637,-33.8833,151.217,-1603135,20260803001500,https://www.thecourier.com.au/story/9320453/brian-schmidt-future-funding-policy-sparks-concern/
1316522475,20260803,202608,2026,2026.5836,AUSGOV,AUSTRALIAN,AUS,,,,,GOV,,,,,,,,,,,,,0,071,071,07,2,7.4,8,1,8,-2.37388724035609,1,Australia,AS,AS,,-25,135,AS,0,,,,,,,,1,Australia,AS,AS,,-25,135,AS,20260803001500,https://www.miragenews.com/pbs-august-lineup-new-brain-cancer-treatment-1720426/
1316522476,20260803,202608,2026,2026.5836,AUSGOV,AUSTRALIA,AUS,,,,,GOV,,,BUS,INDUSTRY,,,,,,BUS,,,0,043,043,04,1,2.8,10,1,10,4.90693739424704,4,"Crookwell, New South Wales, Australia",AS,AS02,154641,-34.4593,149.471,-1568133,4,"Crookwell, New South Wales, Australia",AS,AS02,154641,-34.4593,149.471,-1568133,4,"Crookwell, New South Wales, Australia",AS,AS02,154641,-34.4593,149.471,-1568133,20260803001500,https://www.crookwellgazette.com.au/story/9322399/university-of-new-england-experts-reveal-potential-future-careers/
1316522477,20260803,202608,2026,2026.5836,AUSGOV,AUSTRALIA,AUS,,,,,GOV,,,BUS,INDUSTRY,,,,,,BUS,,,0,043,043,04,1,2.8,10,1,10,4.90693739424704,4,"Muswellbrook, New South Wales, Australia",AS,AS02,5096,-32.2612,150.89,-1590404,4,"Muswellbrook, New South Wales, Australia",AS,AS02,5096,-32.2612,150.89,-1590404,4,"Muswellbrook, New South Wales, Australia",AS,AS02,5096,-32.2612,150.89,-1590404,20260803001500,https://www.muswellbrookchronicle.com.au/story/9322399/university-of-new-england-experts-reveal-potential-future-careers/
1316522478,20260803,202608,2026,2026.5836,BRA,BRAZILIAN,BRA,,,,,,,,,,,,,,,,,,0,020,020,02,1,3.0,10,1,10,-2.8735632183908,1,Brazil,BR,BR,,-10,-55,BR,0,,,,,,,,1,Brazil,BR,BR,,-10,-55,BR,20260803001500,https://www.bjpenn.com/mma-news/ufc/alex-pereira-wont-wait-on-tom-aspinall-vs-ciryl-gane-before-his-next-fight-i-want-to-fight-for-the-belt/
1316522479,20260803,202608,2026,2026.5836,BRB,BARBADOS,BRB,,,,,,,,GOV,MINISTRY,,,,,,GOV,,,1,112,112,11,3,-2.0,2,1,2,5.23465703971119,4,"Glasgow, Glasgow City, United Kingdom",UK,UKV2,40176,55.8333,-4.25,-2597039,4,"Glasgow, Glasgow City, United Kingdom",UK,UKV2,40176,55.8333,-4.25,-2597039,4,"Glasgow, Glasgow City, United Kingdom",UK,UKV2,40176,55.8333,-4.25,-2597039,20260803001500,https://nationnews.com/2026/08/01/mottley-barbados-will-continue-to-seek-reparatory-justice/
1316522480,20260803,202608,2026,2026.5836,BRBCOP,BARBADOS,BRB,,,,,COP,,,,,,,,,,,,,1,060,060,06,2,6.0,10,1,10,-2.97029702970297,4,"Cheapside, Saint Michael, Barbados",BB,BB08,5832,13.0833,-59.6167,-1393327,0,,,,,,,,4,"Cheapside, Saint Michael, Barbados",BB,BB08,5832,13.0833,-59.6167,-1393327,20260803001500,https://nationnews.com/2026/08/02/traffic-management-grand-kadooment-2026/
1316522481,20260803,202608,2026,2026.5836,BRBGOV,BARBADOS,BRB,,,,,GOV,,,GOV,MINISTRY,,,,,,GOV,,,1,112,112,11,3,-2.0,2,1,2,5.23465703971119,4,"Glasgow, Glasgow City, United Kingdom",UK,UKV2,40176,55.8333,-4.25,-2597039,4,"Glasgow, Glasgow City, United Kingdom",UK,UKV2,40176,55.8333,-4.25,-2597039,4,"Glasgow, Glasgow City, United Kingdom",UK,UKV2,40176,55.8333,-4.25,-2597039,20260803001500,https://nationnews.com/2026/08/01/mottley-barbados-will-continue-to-seek-reparatory-justice/
1316522482,20260803,202608,2026,2026.5836,BUS,INVESTOR,,,,,,BUS,,,,,,,,,,,,,0,010,010,01,1,0.0,6,1,6,-2.7027027027027,1,United States,US,US,,39.828175,-98.5795,US,0,,,,,,,,1,United States,US,US,,39.828175,-98.5795,US,20260803001500,https://www.freemalaysiatoday.com/category/business/2026/08/03/toyota-expected-to-post-fifth-straight-profit-drop
1316522483,20260803,202608,2026,2026.5836,BUS,COMPANIES,,,,,,BUS,,,,,,,,,,,,,1,012,012,01,1,-0.4,3,1,3,-3.94321766561514,4,"Beijing, Beijing, China",CH,CH22,13001,39.9289,116.388,-1898541,0,,,,,,,,4,"Beijing, Beijing, China",CH,CH22,13001,39.9289,116.388,-1898541,20260803001500,http://usa.chinadaily.com.cn/a/202608/02/WS6a6f5e13a310986e2b46890c.html
1316522484,20260803,202608,2026,2026.5836,BUS,INVESTOR,,,,,,BUS,,,,,,,,,,,,,0,020,020,02,1,3.0,5,1,5,2.83768444948922,1,United States,US,US,,39.828175,-98.5795,US,0,,,,,,,,1,United States,US,US,,39.828175,-98.5795,US,20260803001500,https://finance.yahoo.com/markets/articles/were-49-debt-free-except-223014640.html
1316522485,20260803,202608,2026,2026.5836,BUS,INVESTOR,,,,,,BUS,,,,,,,,,,,,,0,0311,031,03,1,5.2,5,1,5,2.83768444948922,1,United States,US,US,,39.828175,-98.5795,US,0,,,,,,,,1,United States,US,US,,39.828175,-98.5795,US,20260803001500,https://finance.yahoo.com/markets/articles/were-49-debt-free-except-223014640.html
1316522486,20260803,202608,2026,2026.5836,BUS,PRODUCER,,,,,,BUS,,,,,,,,,,,,,0,040,040,04,1,1.0,2,1,2,4.90693739424704,4,"Crookwell, New South Wales, Australia",AS,AS02,154641,-34.4593,149.471,-1568133,0,,,,,,,,4,"Crookwell, New South Wales, Australia",AS,AS02,154641,-34.4593,149.471,-1568133,20260803001500,https://www.crookwellgazette.com.au/story/9322399/university-of-new-england-experts-reveal-potential-future-careers/
1316522487,20260803,202608,2026,2026.5836,BUS,PRODUCER,,,,,,BUS,,,,,,,,,,,,,0,040,040,04,1,1.0,2,1,2,4.90693739424704,4,"Muswellbrook, New South Wales, Australia",AS,AS02,5096,-32.2612,150.89,-1590404,0,,,,,,,,4,"Muswellbrook, New South Wales, Australia",AS,AS02,5096,-32.2612,150.89,-1590404,20260803001500,https://www.muswellbrookchronicle.com.au/story/9322399/university-of-new-england-experts-reveal-potential-future-careers/
1316522488,20260803,202608,2026,2026.5836,BUS,PRODUCER,,,,,,BUS,,,,,,,,,,,,,0,043,043,04,1,2.8,2,1,2,4.90693739424704,4,"Crookwell, New South Wales, Australia",AS,AS02,154641,-34.4593,149.471,-1568133,0,,,,,,,,4,"Crookwell, New South Wales, Australia",AS,AS02,154641,-34.4593,149.471,-1568133,20260803001500,https://www.crookwellgazette.com.au/story/9322399/university-of-new-england-experts-reveal-potential-future-careers/
1316522489,20260803,202608,2026,2026.5836,BUS,PRODUCER,,,,,,BUS,,,,,,,,,,,,,0,043,043,04,1,2.8,2,1,2,4.90693739424704,4,"Muswellbrook, New South Wales, Australia",AS,AS02,5096,-32.2612,150.89,-1590404,0,,,,,,,,4,"Muswellbrook, New South Wales, Australia",AS,AS02,5096,-32.2612,150.89,-1590404,20260803001500,https://www.muswellbrookchronicle.com.au/story/9322399/university-of-new-england-experts-reveal-potential-future-careers/
1316522490,20260803,202608,2026,2026.5836,BUS,BUSINESS,,,,,,BUS,,,,,,,,,,,,,1,051,051,05,1,3.4,10,1,10,10.8163265306123,0,,,,,,,,0,,,,,,,,0,,,,,,,,20260803001500,https://www.miragenews.com/2026-moira-shire-business-awards-nominations-1720441/
1316522491,20260803,202608,2026,2026.5836,BUS,AIRLINE,,,,,,BUS,,,,,,,,,,,,,1,051,051,05,1,3.4,4,1,4,-4.79041916167664,4,"Ottawa, Ontario, Canada",CA,CA08,12755,45.4167,-75.7,-570760,0,,,,,,,,4,"Ottawa, Ontario, Canada",CA,CA08,12755,45.4167,-75.7,-570760,20260803001500,https://english.news.cn/20260803/332547dfd34b41ce9d70624ee184978f/c.html
1316522492,20260803,202608,2026,2026.5836,BUS,AIRLINE,,,,,,BUS,,,,,,,,,,,,,1,051,051,05,1,3.4,1,1,1,-4.79041916167664,4,"Ottawa, Ontario, Canada",CA,CA08,12755,45.4167,-75.7,-570760,0,,,,,,,,1,United Kingdom,UK,UK,,54,-4,UK,20260803001500,https://english.news.cn/20260803/332547dfd34b41ce9d70624ee184978f/c.html
1316522493,20260803,202608,2026,2026.5836,BUS,AIRLINE,,,,,,BUS,,,,,,,,,,,,,1,051,051,05,1,3.4,5,1,5,-4.79041916167664,1,United Kingdom,UK,UK,,54,-4,UK,0,,,,,,,,1,United Kingdom,UK,UK,,54,-4,UK,20260803001500,https://english.news.cn/20260803/332547dfd34b41ce9d70624ee184978f/c.html
1316522494,20260803,202608,2026,2026.5836,BUS,BUSINESS,,,,,,BUS,,,,,,,,,,,,,0,070,070,07,2,7.0,5,1,5,-1.05263157894737,2,"West Virginia, United States",US,USWV,,38.468,-80.9696,WV,0,,,,,,,,2,"West Virginia, United States",US,USWV,,38.468,-80.9696,WV,20260803001500,https://www.fox5atlanta.com/news/ukrops-baked-spaghetti-chicken-cobbler-recall
1316522495,20260803,202608,2026,2026.5836,BUS,COMPANY,,,,,,BUS,,,,,,,,,,,,,1,173,173,17,4,-5.0,5,1,5,-2.85171102661597,0,,,,,,,,0,,,,,,,,0,,,,,,,,20260803001500,https://www.mondaq.com:443/unitedstates/white-collar-crime-anti-corruption-fraud/1825226/doj-declination-offers-roadmap-for-healthcare-companies
1316522496,20260803,202608,2026,2026.5836,BUS,DEFENSE CONTRACTOR,,,,,,BUS,,,,,,,,,,,,,1,180,180,18,4,-9.0,5,1,5,0.23419203747073,1,Ukraine,UP,UP,,49,32,UP,0,,,,,,,,1,Ukraine,UP,UP,,49,32,UP,20260803001500,https://finance.yahoo.com/markets/stocks/articles/why-huntington-ingalls-industries-stock-233405312.html
1316522497,20260803,202608,2026,2026.5836,BUS,INDUSTRY,,,,,,BUS,,,AUSGOV,AUSTRALIA,AUS,,,,,GOV,,,0,042,042,04,1,1.9,10,1,10,4.90693739424704,4,"Crookwell, New South Wales, Australia",AS,AS02,154641,-34.4593,149.471,-1568133,4,"Crookwell, New South Wales, Australia",AS,AS02,154641,-34.4593,149.471,-1568133,4,"Crookwell, New South Wales, Australia",AS,AS02,154641,-34.4593,149.471,-1568133,20260803001500,https://www.crookwellgazette.com.au/story/9322399/university-of-new-england-experts-reveal-potential-future-careers/
1316522498,20260803,202608,2026,2026.5836,BUS,INDUSTRY,,,,,,BUS,,,AUSGOV,AUSTRALIA,AUS,,,,,GOV,,,0,042,042,04,1,1.9,10,1,10,4.90693739424704,4,"Muswellbrook, New South Wales, Australia",AS,AS02,5096,-32.2612,150.89,-1590404,4,"Muswellbrook, New South Wales, Australia",AS,AS02,5096,-32.2612,150.89,-1590404,4,"Muswellbrook, New South Wales, Australia",AS,AS02,5096,-32.2612,150.89,-1590404,20260803001500,https://www.muswellbrookchronicle.com.au/story/9322399/university-of-new-england-experts-reveal-potential-future-careers/
1316522499,20260803,202608,2026,2026.5836,BUS,AIRLINE,,,,,,BUS,,,CAN,VANCOUVER,CAN,,,,,,,,1,043,043,04,1,2.8,6,2,6,-3.52587059585934,4,"Vancouver, British Columbia, Canada",CA,CA02,12552,49.25,-123.133,-575268,4,"Vancouver, British Columbia, Canada",CA,CA02,12552,49.25,-123.133,-575268,4,"Vancouver, British Columbia, Canada",CA,CA02,12552,49.25,-123.133,-575268,20260803001500,https://www.adn.com/nation-world/2026/08/02/flight-attendants-at-canadas-westjet-go-on-strike-in-dispute-over-pay/
1316522500,20260803,202608,2026,2026.5836,BUS,AIRLINE,,,,,,BUS,,,CAN,VANCOUVER,CAN,,,,,,,,1,043,043,04,1,2.8,3,2,3,-2.97702286344464,4,"Vancouver, British Columbia, Canada",CA,CA02,12552,49.25,-123.133,-575268,4,"Vancouver, British Columbia, Canada",CA,CA02,12552,49.25,-123.133,-575268,1,United Kingdom,UK,UK,,54,-4,UK,20260803001500,https://www.adn.com/nation-world/2026/08/02/flight-attendants-at-canadas-westjet-go-on-strike-in-dispute-over-pay/
1316522501,20260803,202608,2026,2026.5836,BUS,AIRLINE,,,,,,BUS,,,CAN,VANCOUVER,CAN,,,,,,,,0,043,043,04,1,2.8,1,1,1,-5.17241379310345,3,"Washington, District of Columbia, United States",US,USDC,DC001,38.8951,-77.0364,531871,3,"Washington, District of Columbia, United States",US,USDC,DC001,38.8951,-77.0364,531871,3,"Washington, District of Columbia, United States",US,USDC,DC001,38.8951,-77.0364,531871,20260803001500,https://www.woonsocketcall.com/news/national_and_world_news/ap-news-in-brief-at-6-04-p-m-edt/article_99c8525c-601c-5724-bc59-df4036c633f2.html
1316522502,20260803,202608,2026,2026.5836,BUS,COMPANIES,,,,,,BUS,,,CHN,CHINESE,CHN,,,,,,,,1,012,012,01,1,-0.4,2,1,2,-3.94321766561514,4,"Beijing, Beijing, China",CH,CH22,13001,39.9289,116.388,-1898541,4,"Beijing, Beijing, China",CH,CH22,13001,39.9289,116.388,-1898541,4,"Beijing, Beijing, China",CH,CH22,13001,39.9289,116.388,-1898541,20260803001500,http://usa.chinadaily.com.cn/a/202608/02/WS6a6f5e13a310986e2b46890c.html
1316522503,20260803,202608,2026,2026.5836,BUS,COMPANIES,,,,,,BUS,,,CHNGOV,CHINESE,CHN,,,,,GOV,,,1,012,012,01,1,-0.4,5,1,5,-3.94321766561514,4,"Beijing, Beijing, China",CH,CH22,13001,39.9289,116.388,-1898541,4,"Beijing, Beijing, China",CH,CH22,13001,39.9289,116.388,-1898541,4,"Beijing, Beijing, China",CH,CH22,13001,39.9289,116.388,-1898541,20260803001500,http://usa.chinadaily.com.cn/a/202608/02/WS6a6f5e13a310986e2b46890c.html
1316522504,20260803,202608,2026,2026.5836,BUS,INVESTOR,,,,,,BUS,,,GOV,MINIST,,,,,,GOV,,,1,010,010,01,1,0.0,3,1,3,-0.28943560057887,1,Malaysia,MY,MY,,2.5,112.5,MY,1,Malaysia,MY,MY,,2.5,112.5,MY,1,Malaysia,MY,MY,,2.5,112.5,MY,20260803001500,https://www.freemalaysiatoday.com/category/nation/2026/08/03/malaysia-mulls-easing-rare-earth-export-curbs-to-meet-demand
1316522505,20260803,202608,2026,2026.5836,BUS,BANK,,,,,,BUS,,,GOV,ADMINISTRATION,,,,,,GOV,,,0,174,174,17,4,-5.0,12,2,12,-4.30879712746858,1,Canada,CA,CA,,60,-96,CA,1,Canada,CA,CA,,60,-96,CA,1,Canada,CA,CA,,60,-96,CA,20260803001500,https://www.fox10phoenix.com/news/capital-one-trump-organization-money-laundering
1316522506,20260803,202608,2026,2026.5836,BUS,INVESTOR,,,,,,BUS,,,MYS,MALAYSIA,MYS,,,,,,,,1,010,010,01,1,0.0,4,1,4,-0.28943560057887,1,Malaysia,MY,MY,,2.5,112.5,MY,1,Malaysia,MY,MY,,2.5,112.5,MY,1,Malaysia,MY,MY,,2.5,112.5,MY,20260803001500,https://www.freemalaysiatoday.com/category/nation/2026/08/03/malaysia-mulls-easing-rare-earth-export-curbs-to-meet-demand
1316522507,20260803,202608,2026,2026.5836,CAN,CANADA,CAN,,,,,,,,,,,,,,,,,,0,012,012,01,1,-0.4,4,1,4,-1.87932739861523,4,"Montreal, Quebec, Canada",CA,CA10,12713,45.5,-73.5833,-569541,0,,,,,,,,4,"Montreal, Quebec, Canada",CA,CA10,12713,45.5,-73.5833,-569541,20260803001500,https://www.adn.com/nation-world/2026/08/02/flight-attendants-at-canadas-westjet-go-on-strike-in-dispute-over-pay/
1316522508,20260803,202608,2026,2026.5836,CAN,CANADA,CAN,,,,,,,,,,,,,,,,,,0,012,012,01,1,-0.4,2,1,2,0.94149293880296,4,"Quebec, Quebec, Canada",CA,CA10,12750,47.5,-72,-571850,0,,,,,,,,4,"Quebec, Quebec, Canada",CA,CA10,12750,47.5,-72,-571850,20260803001500,https://edmontonsun.com/news/local-news/edmonton-heritage-festival-shutdown-winds
1316522509,20260803,202608,2026,2026.5836,CAN,CANADA,CAN,,,,,,,,,,,,,,,,,,0,020,020,02,1,3.0,2,1,2,0.94149293880296,4,"Calgary, Alberta, Canada",CA,CA01,12549,51.0833,-114.083,-561990,0,,,,,,,,4,"Calgary, Alberta, Canada",CA,CA01,12549,51.0833,-114.083,-561990,20260803001500,https://edmontonsun.com/news/local-news/edmonton-heritage-festival-shutdown-winds
1316522510,20260803,202608,2026,2026.5836,CAN,CANADA,CAN,,,,,,,,,,,,,,,,,,0,020,020,02,1,3.0,2,1,2,0.94149293880296,4,"Quebec, Quebec, Canada",CA,CA10,12750,47.5,-72,-571850,0,,,,,,,,4,"Quebec, Quebec, Canada",CA,CA10,12750,47.5,-72,-571850,20260803001500,https://edmontonsun.com/news/local-news/edmonton-heritage-festival-shutdown-winds
1316522511,20260803,202608,2026,2026.5836,CAN,CANADA,CAN,,,,,,,,,,,,,,,,,,1,042,042,04,1,1.9,2,1,2,-4.79041916167664,4,"Ottawa, Ontario, Canada",CA,CA08,12755,45.4167,-75.7,-570760,0,,,,,,,,4,"Ottawa, Ontario, Canada",CA,CA08,12755,45.4167,-75.7,-570760,20260803001500,https://english.news.cn/20260803/332547dfd34b41ce9d70624ee184978f/c.html
1316522512,20260803,202608,2026,2026.5836,CAN,VANCOUVER,CAN,,,,,,,,,,,,,,,,,,1,042,042,04,1,1.9,3,1,3,-1.87932739861523,4,"Toronto, Ontario, Canada",CA,CA08,12686,43.6667,-79.4167,-574890,0,,,,,,,,4,"Toronto, Ontario, Canada",CA,CA08,12686,43.6667,-79.4167,-574890,20260803001500,https://www.adn.com/nation-world/2026/08/02/flight-attendants-at-canadas-westjet-go-on-strike-in-dispute-over-pay/
1316522513,20260803,202608,2026,2026.5836,CAN,VANCOUVER,CAN,,,,,,,,,,,,,,,,,,0,042,042,04,1,1.9,2,1,2,-5.17241379310345,4,"Vancouver, British Columbia, Canada",CA,CA02,12552,49.25,-123.133,-575268,0,,,,,,,,4,"Vancouver, British Columbia, Canada",CA,CA02,12552,49.25,-123.133,-575268,20260803001500,https://www.woonsocketcall.com/news/national_and_world_news/ap-news-in-brief-at-6-04-p-m-edt/article_99c8525c-601c-5724-bc59-df4036c633f2.html
1316522514,20260803,202608,2026,2026.5836,CAN,CANADA,CAN,,,,,,,,,,,,,,,,,,0,042,042,04,1,1.9,1,1,1,-5.17241379310345,4,"Vancouver, British Columbia, Canada",CA,CA02,12552,49.25,-123.133,-575268,0,,,,,,,,1,United Kingdom,UK,UK,,54,-4,UK,20260803001500,https://www.woonsocketcall.com/news/national_and_world_news/ap-news-in-brief-at-6-04-p-m-edt/article_99c8525c-601c-5724-bc59-df4036c633f2.html
1316522515,20260803,202608,2026,2026.5836,CAN,CANADA,CAN,,,,,,,,,,,,,,,,,,1,042,042,04,1,1.9,3,1,3,-4.79041916167664,1,United Kingdom,UK,UK,,54,-4,UK,0,,,,,,,,1,United Kingdom,UK,UK,,54,-4,UK,20260803001500,https://english.news.cn/20260803/332547dfd34b41ce9d70624ee184978f/c.html
1316522516,20260803,202608,2026,2026.5836,CAN,VANCOUVER,CAN,,,,,,,,,,,,,,,,,,1,071,071,07,2,7.4,2,1,2,2.85714285714286,4,"Vancouver, British Columbia, Canada",CA,CA02,12552,49.25,-123.133,-575268,0,,,,,,,,4,"Vancouver, British Columbia, Canada",CA,CA02,12552,49.25,-123.133,-575268,20260803001500,https://mapleridgenews.com/2026/08/02/expo-86-remembered-at-scaled-back-vancouver-fireworks/
1316522517,20260803,202608,2026,2026.5836,CAN,VANCOUVER,CAN,,,,,,,,,,,,,,,,,,1,143,143,14,3,-6.5,6,2,6,-3.52587059585934,4,"Vancouver, British Columbia, Canada",CA,CA02,12552,49.25,-123.133,-575268,0,,,,,,,,4,"Vancouver, British Columbia, Canada",CA,CA02,12552,49.25,-123.133,-575268,20260803001500,https://www.adn.com/nation-world/2026/08/02/flight-attendants-at-canadas-westjet-go-on-strike-in-dispute-over-pay/
1316522518,20260803,202608,2026,2026.5836,CAN,CANADA,CAN,,,,,,,,,,,,,,,,,,1,160,160,16,4,-4.0,10,2,10,-3.52587059585934,4,"Vancouver, British Columbia, Canada",CA,CA02,12552,49.25,-123.133,-575268,0,,,,,,,,4,"Vancouver, British Columbia, Canada",CA,CA02,12552,49.25,-123.133,-575268,20260803001500,https://www.adn.com/nation-world/2026/08/02/flight-attendants-at-canadas-westjet-go-on-strike-in-dispute-over-pay/
1316522519,20260803,202608,2026,2026.5836,CAN,VANCOUVER,CAN,,,,,,,,BUS,AIRLINE,,,,,,BUS,,,1,042,042,04,1,1.9,2,1,2,-1.87932739861523,4,"Montreal, Quebec, Canada",CA,CA10,12713,45.5,-73.5833,-569541,4,"Montreal, Quebec, Canada",CA,CA10,12713,45.5,-73.5833,-569541,4,"Montreal, Quebec, Canada",CA,CA10,12713,45.5,-73.5833,-569541,20260803001500,https://www.adn.com/nation-world/2026/08/02/flight-attendants-at-canadas-westjet-go-on-strike-in-dispute-over-pay/
1316522520,20260803,202608,2026,2026.5836,CAN,VANCOUVER,CAN,,,,,,,,BUS,AIRLINE,,,,,,BUS,,,1,042,042,04,1,1.9,3,1,3,-1.87932739861523,4,"Toronto, Ontario, Canada",CA,CA08,12686,43.6667,-79.4167,-574890,4,"Toronto, Ontario, Canada",CA,CA08,12686,43.6667,-79.4167,-574890,4,"Toronto, Ontario, Canada",CA,CA08,12686,43.6667,-79.4167,-574890,20260803001500,https://www.adn.com/nation-world/2026/08/02/flight-attendants-at-canadas-westjet-go-on-strike-in-dispute-over-pay/
1316522521,20260803,202608,2026,2026.5836,CAN,VANCOUVER,CAN,,,,,,,,BUS,AIRLINE,,,,,,BUS,,,0,042,042,04,1,1.9,3,1,3,-5.17241379310345,4,"Vancouver, British Columbia, Canada",CA,CA02,12552,49.25,-123.133,-575268,4,"Vancouver, British Columbia, Canada",CA,CA02,12552,49.25,-123.133,-575268,4,"Vancouver, British Columbia, Canada",CA,CA02,12552,49.25,-123.133,-575268,20260803001500,https://www.woonsocketcall.com/news/national_and_world_news/ap-news-in-brief-at-6-04-p-m-edt/article_99c8525c-601c-5724-bc59-df4036c633f2.html
1316522522,20260803,202608,2026,2026.5836,CAN,CANADA,CAN,,,,,,,,BUS,AIRLINE,,,,,,BUS,,,0,042,042,04,1,1.9,1,1,1,-5.17241379310345,4,"Vancouver, British Columbia, Canada",CA,CA02,12552,49.25,-123.133,-575268,4,"Vancouver, British Columbia, Canada",CA,CA02,12552,49.25,-123.133,-575268,1,United Kingdom,UK,UK,,54,-4,UK,20260803001500,https://www.woonsocketcall.com/news/national_and_world_news/ap-news-in-brief-at-6-04-p-m-edt/article_99c8525c-601c-5724-bc59-df4036c633f2.html
1316522523,20260803,202608,2026,2026.5836,CAN,VANCOUVER,CAN,,,,,,,,BUS,AIRLINE,,,,,,BUS,,,0,042,042,04,1,1.9,1,1,1,-5.17241379310345,3,"Washington, District of Columbia, United States",US,USDC,DC001,38.8951,-77.0364,531871,3,"Washington, District of Columbia, United States",US,USDC,DC001,38.8951,-77.0364,531871,3,"Washington, District of Columbia, United States",US,USDC,DC001,38.8951,-77.0364,531871,20260803001500,https://www.woonsocketcall.com/news/national_and_world_news/ap-news-in-brief-at-6-04-p-m-edt/article_99c8525c-601c-5724-bc59-df4036c633f2.html
1316522524,20260803,202608,2026,2026.5836,CAN,VANCOUVER,CAN,,,,,,,,BUS,AIRLINE,,,,,,BUS,,,1,143,143,14,3,-6.5,9,2,9,-3.34292135172111,4,"Vancouver, British Columbia, Canada",CA,CA02,12552,49.25,-123.133,-575268,4,"Vancouver, British Columbia, Canada",CA,CA02,12552,49.25,-123.133,-575268,4,"Vancouver, British Columbia, Canada",CA,CA02,12552,49.25,-123.133,-575268,20260803001500,https://www.adn.com/nation-world/2026/08/02/flight-attendants-at-canadas-westjet-go-on-strike-in-dispute-over-pay/
1316522525,20260803,202608,2026,2026.5836,CAN,VANCOUVER,CAN,,,,,,,,BUS,AIRLINE,,,,,,BUS,,,0,143,143,14,3,-6.5,1,1,1,-5.17241379310345,3,"Washington, District of Columbia, United States",US,USDC,DC001,38.8951,-77.0364,531871,3,"Washington, District of Columbia, United States",US,USDC,DC001,38.8951,-77.0364,531871,3,"Washington, District of Columbia, United States",US,USDC,DC001,38.8951,-77.0364,531871,20260803001500,https://www.woonsocketcall.com/news/national_and_world_news/ap-news-in-brief-at-6-04-p-m-edt/article_99c8525c-601c-5724-bc59-df4036c633f2.html
1316522526,20260803,202608,2026,2026.5836,CAN,CANADA,CAN,,,,,,,,COL,COLOMBIA,COL,,,,,,,,1,051,051,05,1,3.4,4,1,4,3.69230769230769,1,Canada,CA,CA,,60,-96,CA,1,Colombia,CO,CO,,4,-72,CO,1,Colombia,CO,CO,,4,-72,CO,20260803001500,https://nationnews.com/2026/08/02/a-neon-state-of-mind/
1316522527,20260803,202608,2026,2026.5836,CAN,CANADA,CAN,,,,,,,,COL,COLOMBIA,COL,,,,,,,,1,051,051,05,1,3.4,1,1,1,3.69230769230769,1,United States,US,US,,39.828175,-98.5795,US,1,Colombia,CO,CO,,4,-72,CO,1,Colombia,CO,CO,,4,-72,CO,20260803001500,https://nationnews.com/2026/08/02/a-neon-state-of-mind/
1316522528,20260803,202608,2026,2026.5836,CAN,VANCOUVER,CAN,,,,,,,,GBR,BRITISH,GBR,,,,,,,,1,042,042,04,1,1.9,2,1,2,-1.87932739861523,4,"Montreal, Quebec, Canada",CA,CA10,12713,45.5,-73.5833,-569541,4,"Montreal, Quebec, Canada",CA,CA10,12713,45.5,-73.5833,-569541,4,"Montreal, Quebec, Canada",CA,CA10,12713,45.5,-73.5833,-569541,20260803001500,https://www.adn.com/nation-world/2026/08/02/flight-attendants-at-canadas-westjet-go-on-strike-in-dispute-over-pay/
1316522529,20260803,202608,2026,2026.5836,CAN,VANCOUVER,CAN,,,,,,,,GBR,BRITISH,GBR,,,,,,,,0,042,042,04,1,1.9,1,1,1,-5.17241379310345,4,"Vancouver, British Columbia, Canada",CA,CA02,12552,49.25,-123.133,-575268,1,United Kingdom,UK,UK,,54,-4,UK,4,"Vancouver, British Columbia, Canada",CA,CA02,12552,49.25,-123.133,-575268,20260803001500,https://www.woonsocketcall.com/news/national_and_world_news/ap-news-in-brief-at-6-04-p-m-edt/article_99c8525c-601c-5724-bc59-df4036c633f2.html
1316522530,20260803,202608,2026,2026.5836,CAN,VANCOUVER,CAN,,,,,,,,GBR,BRITISH,GBR,,,,,,,,0,042,042,04,1,1.9,1,1,1,-5.17241379310345,3,"Washington, District of Columbia, United States",US,USDC,DC001,38.8951,-77.0364,531871,3,"Washington, District of Columbia, United States",US,USDC,DC001,38.8951,-77.0364,531871,3,"Washington, District of Columbia, United States",US,USDC,DC001,38.8951,-77.0364,531871,20260803001500,https://www.woonsocketcall.com/news/national_and_world_news/ap-news-in-brief-at-6-04-p-m-edt/article_99c8525c-601c-5724-bc59-df4036c633f2.html
1316522531,20260803,202608,2026,2026.5836,CAN,VANCOUVER,CAN,,,,,,,,GBR,BRITISH,GBR,,,,,,,,1,143,143,14,3,-6.5,1,1,1,-1.87932739861523,4,"Vancouver, British Columbia, Canada",CA,CA02,12552,49.25,-123.133,-575268,4,"Vancouver, British Columbia, Canada",CA,CA02,12552,49.25,-123.133,-575268,4,"Vancouver, British Columbia, Canada",CA,CA02,12552,49.25,-123.133,-575268,20260803001500,https://www.adn.com/nation-world/2026/08/02/flight-attendants-at-canadas-westjet-go-on-strike-in-dispute-over-pay/
1316522532,20260803,202608,2026,2026.5836,CAN,VANCOUVER,CAN,,,,,,,,GBR,BRITISH,GBR,,,,,,,,1,143,143,14,3,-6.5,2,2,2,-3.52587059585934,4,"Vancouver, British Columbia, Canada",CA,CA02,12552,49.25,-123.133,-575268,1,United Kingdom,UK,UK,,54,-4,UK,4,"Vancouver, British Columbia, Canada",CA,CA02,12552,49.25,-123.133,-575268,20260803001500,https://www.adn.com/nation-world/2026/08/02/flight-attendants-at-canadas-westjet-go-on-strike-in-dispute-over-pay/
1316522533,20260803,202608,2026,2026.5836,CAN,VANCOUVER,CAN,,,,,,,,GBR,BRITISH,GBR,,,,,,,,0,143,143,14,3,-6.5,1,1,1,-5.17241379310345,3,"Washington, District of Columbia, United States",US,USDC,DC001,38.8951,-77.0364,531871,3,"Washington, District of Columbia, United States",US,USDC,DC001,38.8951,-77.0364,531871,3,"Washington, District of Columbia, United States",US,USDC,DC001,38.8951,-77.0364,531871,20260803001500,https://www.woonsocketcall.com/news/national_and_world_news/ap-news-in-brief-at-6-04-p-m-edt/article_99c8525c-601c-5724-bc59-df4036c633f2.html
1316522534,20260803,202608,2026,2026.5836,CAN,CANADA,CAN,,,,,,,,LEG,NATIONAL ASSEMBLY,,,,,,LEG,,,0,172,172,17,4,-5.0,4,1,4,0.94149293880296,4,"Quebec, Quebec, Canada",CA,CA10,12750,47.5,-72,-571850,4,"Quebec, Quebec, Canada",CA,CA10,12750,47.5,-72,-571850,4,"Quebec, Quebec, Canada",CA,CA10,12750,47.5,-72,-571850,20260803001500,https://edmontonsun.com/news/local-news/edmonton-heritage-festival-shutdown-winds
1316522535,20260803,202608,2026,2026.5836,CAN,VANCOUVER,CAN,,,,,,,,MED,RADIO STATION,,,,,,MED,,,1,010,010,01,1,0.0,10,1,10,2.85714285714286,4,"Vancouver, British Columbia, Canada",CA,CA02,12552,49.25,-123.133,-575268,4,"Vancouver, British Columbia, Canada",CA,CA02,12552,49.25,-123.133,-575268,4,"Vancouver, British Columbia, Canada",CA,CA02,12552,49.25,-123.133,-575268,20260803001500,https://mapleridgenews.com/2026/08/02/expo-86-remembered-at-scaled-back-vancouver-fireworks/
1316522536,20260803,202608,2026,2026.5836,CANGOVHLH,CANADA,CAN,,,,,GOV,HLH,,CANLEG,CANADA,CAN,,,,,LEG,,,0,172,172,17,4,-5.0,4,1,4,0.94149293880296,4,"Quebec, Quebec, Canada",CA,CA10,12750,47.5,-72,-571850,4,"Quebec, Quebec, Canada",CA,CA10,12750,47.5,-72,-571850,4,"Quebec, Quebec, Canada",CA,CA10,12750,47.5,-72,-571850,20260803001500,https://edmontonsun.com/news/local-news/edmonton-heritage-festival-shutdown-winds
1316522537,20260803,202608,2026,2026.5836,CHL,CHILE,CHL,,,,,,,,AUS,AUSTRALIA,AUS,,,,,,,,1,043,043,04,1,2.8,2,1,2,-1.36363636363637,4,"Sydney, New South Wales, Australia",AS,AS02,154637,-33.8833,151.217,-1603135,4,"Sydney, New South Wales, Australia",AS,AS02,154637,-33.8833,151.217,-1603135,4,"Sydney, New South Wales, Australia",AS,AS02,154637,-33.8833,151.217,-1603135,20260803001500,https://www.perthnow.com.au/news/qantas-flight-to-santiago-turns-back-after-mechanical-issue-nearly-200-passengers-stranded-overnight-c-22665900
1316522538,20260803,202608,2026,2026.5836,CHL,SANTIAGO,CHL,,,,,,,,AUS,SYDNEY,AUS,,,,,,,,1,043,043,04,1,2.8,8,1,8,-1.36363636363637,4,"Santiago, Regióetropolitana, Chile",CI,CI12,22379,-33.45,-70.6667,-901202,4,"Sydney, New South Wales, Australia",AS,AS02,154637,-33.8833,151.217,-1603135,4,"Sydney, New South Wales, Australia",AS,AS02,154637,-33.8833,151.217,-1603135,20260803001500,https://www.perthnow.com.au/news/qantas-flight-to-santiago-turns-back-after-mechanical-issue-nearly-200-passengers-stranded-overnight-c-22665900
1316522539,20260803,202608,2026,2026.5836,CHL,CHILE,CHL,,,,,,,,CVL,TRAVELLER,,,,,,CVL,,,1,043,043,04,1,2.8,8,1,8,-1.36363636363637,4,"Santiago, Regióetropolitana, Chile",CI,CI12,22379,-33.45,-70.6667,-901202,4,"Sydney, New South Wales, Australia",AS,AS02,154637,-33.8833,151.217,-1603135,4,"Santiago, Regióetropolitana, Chile",CI,CI12,22379,-33.45,-70.6667,-901202,20260803001500,https://www.perthnow.com.au/news/qantas-flight-to-santiago-turns-back-after-mechanical-issue-nearly-200-passengers-stranded-overnight-c-22665900
1316522540,20260803,202608,2026,2026.5836,CHL,CHILE,CHL,,,,,,,,CVL,TRAVELLER,,,,,,CVL,,,1,043,043,04,1,2.8,2,1,2,-1.36363636363637,4,"Santiago, Regióetropolitana, Chile",CI,CI12,22379,-33.45,-70.6667,-901202,4,"Santiago, Regióetropolitana, Chile",CI,CI12,22379,-33.45,-70.6667,-901202,4,"Santiago, Regióetropolitana, Chile",CI,CI12,22379,-33.45,-70.6667,-901202,20260803001500,https://www.perthnow.com.au/news/qantas-flight-to-santiago-turns-back-after-mechanical-issue-nearly-200-passengers-stranded-overnight-c-22665900
1316522541,20260803,202608,2026,2026.5836,CHL,SANTIAGO,CHL,,,,,,,,GOV,GOVERNMENT,,,,,,GOV,,,0,112,112,11,3,-2.0,5,1,5,-6.16740088105726,4,"Rabat, Rabat-Saléemmour-ZaëMO, Morocco",MO,MO49,21812,34.02,-6.83,-43376,4,"Rabat, Rabat-Saléemmour-ZaëMO, Morocco",MO,MO49,21812,34.02,-6.83,-43376,4,"Rabat, Rabat-Saléemmour-ZaëMO, Morocco",MO,MO49,21812,34.02,-6.83,-43376,20260803001500,https://www.euronews.com/my-europe/2026/08/02/ceuta-more-migrants-leave-but-residents-still-in-shock-far-right-leader-visits
1316522542,20260803,202608,2026,2026.5836,CHN,CHINA,CHN,,,,,,,,,,,,,,,,,,0,010,010,01,1,0.0,10,1,10,-2.87769784172662,4,"Huangyan, Zhejiang, China",CH,CH02,13328,28.6478,121.259,-1910574,0,,,,,,,,4,"Huangyan, Zhejiang, China",CH,CH02,13328,28.6478,121.259,-1910574,20260803001500,http://usa.chinadaily.com.cn/a/202608/03/WS6a6fd479a310986e2b468926.html
1316522543,20260803,202608,2026,2026.5836,CHN,CHINA,CHN,,,,,,,,,,,,,,,,,,0,030,030,03,1,4.0,2,1,2,3.51966873706004,1,China,CH,CH,,35,105,CH,0,,,,,,,,1,China,CH,CH,,35,105,CH,20260803001500,https://www.freemalaysiatoday.com/category/nation/2026/08/03/wawasan-s-polls-victory-built-on-borrowed-strength-say-analysts
1316522544,20260803,202608,2026,2026.5836,CHN,CHINA,CHN,,,,,,,,,,,,,,,,,,1,051,051,05,1,3.4,10,1,10,4.87238979118329,4,"Hunan, Jiangsu, China",CH,CH04,13155,32.9274,120.18,10865123,0,,,,,,,,4,"Hunan, Jiangsu, China",CH,CH04,13155,32.9274,120.18,10865123,20260803001500,http://usa.chinadaily.com.cn/a/202608/03/WS6a6fd161a310986e2b46891b.html
1316522545,20260803,202608,2026,2026.5836,CHN,CHINESE,CHN,,,,,,,,,,,,,,,,,,0,111,111,11,3,-2.0,4,1,4,-2.7027027027027,1,China,CH,CH,,35,105,CH,0,,,,,,,,1,China,CH,CH,,35,105,CH,20260803001500,https://www.freemalaysiatoday.com/category/business/2026/08/03/toyota-expected-to-post-fifth-straight-profit-drop
1316522546,20260803,202608,2026,2026.5836,CHN,CHINESE,CHN,,,,,,,,,,,,,,,,,,0,111,111,11,3,-2.0,1,1,1,-2.7027027027027,1,United States,US,US,,39.828175,-98.5795,US,0,,,,,,,,1,China,CH,CH,,35,105,CH,20260803001500,https://www.freemalaysiatoday.com/category/business/2026/08/03/toyota-expected-to-post-fifth-straight-profit-drop
1316522547,20260803,202608,2026,2026.5836,CHN,BEIJING,CHN,,,,,,,,,,,,,,,,,,1,120,120,12,3,-4.0,8,1,8,-1.67064439140812,4,"Beijing, Beijing, China",CH,CH22,13001,39.9289,116.388,-1898541,0,,,,,,,,4,"Beijing, Beijing, China",CH,CH22,13001,39.9289,116.388,-1898541,20260803001500,https://www.miragenews.com/womens-labor-unrecognized-despite-increased-work-1720409/
1316522548,20260803,202608,2026,2026.5836,CHN,CHINA,CHN,,,,,,,,,,,,,,,,,,1,120,120,12,3,-4.0,4,1,4,-2.7027027027027,1,China,CH,CH,,35,105,CH,0,,,,,,,,1,China,CH,CH,,35,105,CH,20260803001500,https://www.freemalaysiatoday.com/category/business/2026/08/03/toyota-expected-to-post-fifth-straight-profit-drop
1316522549,20260803,202608,2026,2026.5836,CHN,CHINA,CHN,,,,,,,,,,,,,,,,,,1,120,120,12,3,-4.0,6,1,6,-2.7027027027027,1,United States,US,US,,39.828175,-98.5795,US,0,,,,,,,,1,United States,US,US,,39.828175,-98.5795,US,20260803001500,https://www.freemalaysiatoday.com/category/business/2026/08/03/toyota-expected-to-post-fifth-straight-profit-drop
1316522550,20260803,202608,2026,2026.5836,CHN,CHINA,CHN,,,,,,,,BUS,INVESTOR,,,,,,BUS,,,0,010,010,01,1,0.0,4,1,4,-2.7027027027027,1,China,CH,CH,,35,105,CH,1,China,CH,CH,,35,105,CH,1,China,CH,CH,,35,105,CH,20260803001500,https://www.freemalaysiatoday.com/category/business/2026/08/03/toyota-expected-to-post-fifth-straight-profit-drop
1316522551,20260803,202608,2026,2026.5836,CHN,CHINA,CHN,,,,,,,,CHNGOV,CHINA,CHN,,,,,GOV,,,0,040,040,04,1,1.0,2,1,2,0.41666666666667,1,China,CH,CH,,35,105,CH,1,China,CH,CH,,35,105,CH,1,China,CH,CH,,35,105,CH,20260803001500,https://business.scoop.co.nz/2026/08/03/road-safety-campaigner-delighted-by-proposed-changes-at-aoraki-mt-cook-turn-off/
1316522552,20260803,202608,2026,2026.5836,CHN,CHINA,CHN,,,,,,,,GOV,FOREIGN MINIST,,,,,,GOV,,,0,020,020,02,1,3.0,10,1,10,-2.87769784172662,4,"Huangyan, Zhejiang, China",CH,CH02,13328,28.6478,121.259,-1910574,4,"Philippine, Benguet, Philippines",RP,RP10,24213,16.45,120.55,-2445611,4,"Philippine, Benguet, Philippines",RP,RP10,24213,16.45,120.55,-2445611,20260803001500,http://usa.chinadaily.com.cn/a/202608/03/WS6a6fd479a310986e2b468926.html
1316522553,20260803,202608,2026,2026.5836,CHN,CHINA,CHN,,,,,,,,PHL,PHILIPPINE,PHL,,,,,,,,0,120,120,12,3,-4.0,10,1,10,-2.87769784172662,4,"Huangyan, Zhejiang, China",CH,CH02,13328,28.6478,121.259,-1910574,4,"Huangyan, Zhejiang, China",CH,CH02,13328,28.6478,121.259,-1910574,4,"Huangyan, Zhejiang, China",CH,CH02,13328,28.6478,121.259,-1910574,20260803001500,http://usa.chinadaily.com.cn/a/202608/03/WS6a6fd479a310986e2b468926.html
1316522554,20260803,202608,2026,2026.5836,CHN,CHINA,CHN,,,,,,,,USA,THE US,USA,,,,,,,,0,020,020,02,1,3.0,5,1,5,-3.94321766561514,4,"Beijing, Beijing, China",CH,CH22,13001,39.9289,116.388,-1898541,4,"Beijing, Beijing, China",CH,CH22,13001,39.9289,116.388,-1898541,4,"Beijing, Beijing, China",CH,CH22,13001,39.9289,116.388,-1898541,20260803001500,http://usa.chinadaily.com.cn/a/202608/02/WS6a6f5e13a310986e2b46890c.html
1316522555,20260803,202608,2026,2026.5836,CHN,CHINA,CHN,,,,,,,,USA,THE US,USA,,,,,,,,0,0871,087,08,2,9.0,5,1,5,-3.94321766561514,4,"Beijing, Beijing, China",CH,CH22,13001,39.9289,116.388,-1898541,4,"Beijing, Beijing, China",CH,CH22,13001,39.9289,116.388,-1898541,4,"Beijing, Beijing, China",CH,CH22,13001,39.9289,116.388,-1898541,20260803001500,http://usa.chinadaily.com.cn/a/202608/02/WS6a6f5e13a310986e2b46890c.html
1316522556,20260803,202608,2026,2026.5836,CHNGOV,CHINESE,CHN,,,,,GOV,,,,,,,,,,,,,0,040,040,04,1,1.0,6,1,6,0.41666666666667,1,China,CH,CH,,35,105,CH,0,,,,,,,,1,China,CH,CH,,35,105,CH,20260803001500,https://business.scoop.co.nz/2026/08/03/road-safety-campaigner-delighted-by-proposed-changes-at-aoraki-mt-cook-turn-off/
1316522557,20260803,202608,2026,2026.5836,CHNGOV,CHINA,CHN,,,,,GOV,,,CHN,CHINA,CHN,,,,,,,,0,040,040,04,1,1.0,2,1,2,0.41666666666667,1,China,CH,CH,,35,105,CH,1,China,CH,CH,,35,105,CH,1,China,CH,CH,,35,105,CH,20260803001500,https://business.scoop.co.nz/2026/08/03/road-safety-campaigner-delighted-by-proposed-changes-at-aoraki-mt-cook-turn-off/
1316522558,20260803,202608,2026,2026.5836,CHR,CHRISTIANITY,,,,CHR,,,,,,,,,,,,,,,0,056,056,05,1,7.0,10,1,10,-0.91896407685882,1,Greece,GR,GR,,39,22,GR,0,,,,,,,,1,Greece,GR,GR,,39,22,GR,20260803001500,https://secularhumanism.org/volume/no-5-vol-42/
1316522559,20260803,202608,2026,2026.5836,COP,POLICE,,,,,,COP,,,,,,,,,,,,,1,010,010,01,1,0.0,3,1,3,-1.35135135135135,4,"Highbury, Islington, United Kingdom",UK,UKG3,40110,51.55,-0.1,-2598646,0,,,,,,,,4,"Highbury, Islington, United Kingdom",UK,UKG3,40110,51.55,-0.1,-2598646,20260803001500,https://www.standard.co.uk/news/london/cold-case-appeal-girl-disappear-london-nearly-fifty-years-met-police-sister-b1291921.html
1316522560,20260803,202608,2026,2026.5836,COP,POLICE,,,,,,COP,,,,,,,,,,,,,1,010,010,01,1,0.0,2,1,2,-1.35135135135135,4,"London, London, City of, United Kingdom",UK,UKH9,40110,51.5,-0.116667,-2601889,0,,,,,,,,4,"London, London, City of, United Kingdom",UK,UKH9,40110,51.5,-0.116667,-2601889,20260803001500,https://www.standard.co.uk/news/london/cold-case-appeal-girl-disappear-london-nearly-fifty-years-met-police-sister-b1291921.html
1316522561,20260803,202608,2026,2026.5836,COP,POLICE,,,,,,COP,,,,,,,,,,,,,0,010,010,01,1,0.0,3,1,3,-10.8156028368794,4,"Islamabad, Islamabad, Pakistan",PK,PK08,23674,33.7,73.1667,-2762812,0,,,,,,,,4,"Islamabad, Islamabad, Pakistan",PK,PK08,23674,33.7,73.1667,-2762812,20260803001500,https://aninews.in/news/world/asia/at-least-14-killed-in-suicide-bombing-outside-pakistan-police-station20260803015813/
1316522562,20260803,202608,2026,2026.5836,COP,POLICE,,,,,,COP,,,,,,,,,,,,,1,021,021,02,1,3.4,10,1,10,-4.80769230769231,0,,,,,,,,0,,,,,,,,0,,,,,,,,20260803001500,https://www.kvrr.com/news/minnesota-news/search-continues-for-person-of-interest-in-friday-night-shooting-in-mahnomen/article_1b2a43cd-c2ef-4d1a-b35e-3236cd664f45.html
1316522563,20260803,202608,2026,2026.5836,COP,POLICE OFFICER,,,,,,COP,,,,,,,,,,,,,1,060,060,06,2,6.0,5,1,5,-2.97029702970297,4,"Cheapside, Saint Michael, Barbados",BB,BB08,5832,13.0833,-59.6167,-1393327,0,,,,,,,,4,"Cheapside, Saint Michael, Barbados",BB,BB08,5832,13.0833,-59.6167,-1393327,20260803001500,https://nationnews.com/2026/08/02/traffic-management-grand-kadooment-2026/
1316522564,20260803,202608,2026,2026.5836,COP,POLICE,,,,,,COP,,,,,,,,,,,,,1,090,090,09,2,-2.0,3,1,3,-10.8156028368794,4,"Islamabad, Islamabad, Pakistan",PK,PK08,23674,33.7,73.1667,-2762812,0,,,,,,,,4,"Islamabad, Islamabad, Pakistan",PK,PK08,23674,33.7,73.1667,-2762812,20260803001500,https://aninews.in/news/world/asia/at-least-14-killed-in-suicide-bombing-outside-pakistan-police-station20260803015813/
1316522565,20260803,202608,2026,2026.5836,COP,POLICE,,,,,,COP,,,,,,,,,,,,,0,090,090,09,2,-2.0,2,1,2,-7.97448165869218,3,"Riverview, Massachusetts, United States",US,USMA,MA009,42.632,-70.6814,615324,0,,,,,,,,3,"Riverview, Massachusetts, United States",US,USMA,MA009,42.632,-70.6814,615324,20260803001500,https://www.bostonherald.com/2026/08/02/police-blotter-man-shot-to-death-in-eastie/
1316522566,20260803,202608,2026,2026.5836,COP,SECURITY FORCE,,,,,,COP,,,,,,,,,,,,,1,090,090,09,2,-2.0,1,1,1,-10.8156028368794,4,"Swat, North-West Frontier, Pakistan",PK,PK03,40352,35.3803,72.1751,9173650,0,,,,,,,,4,"Saidu Sharif, North-West Frontier, Pakistan",PK,PK03,40350,34.7447,72.3546,-2773112,20260803001500,https://aninews.in/news/world/asia/at-least-14-killed-in-suicide-bombing-outside-pakistan-police-station20260803015813/
1316522567,20260803,202608,2026,2026.5836,COP,DEPUTIES,,,,,,COP,,,,,,,,,,,,,0,191,191,19,4,-9.5,5,1,5,-4.0983606557377,1,United States,US,US,,39.828175,-98.5795,US,0,,,,,,,,1,United States,US,US,,39.828175,-98.5795,US,20260803001500,https://variety.com/2026/tv/news/pima-county-sheriff-department-mistakes-nancy-guthrie-1236826065/
1316522568,20260803,202608,2026,2026.5836,COP,SECURITY FORCE,,,,,,COP,,,,,,,,,,,,,1,192,192,19,4,-9.5,1,1,1,-10.8156028368794,4,"Swat, North-West Frontier, Pakistan",PK,PK03,40352,35.3803,72.1751,9173650,0,,,,,,,,4,"Swat, North-West Frontier, Pakistan",PK,PK03,40352,35.3803,72.1751,9173650,20260803001500,https://aninews.in/news/world/asia/at-least-14-killed-in-suicide-bombing-outside-pakistan-police-station20260803015813/
1316522569,20260803,202608,2026,2026.5836,COP,POLICE,,,,,,COP,,,,,,,,,,,,,1,193,193,19,4,-10.0,5,1,5,-9.2417061611374,0,,,,,,,,0,,,,,,,,0,,,,,,,,20260803001500,https://www.fox10phoenix.com/news/3-dead-1-injured-after-fatal-gilbert-stabbing-spree-ends-police-shooting
1316522570,20260803,202608,2026,2026.5836,COP,POLICE,,,,,,COP,,,,,,,,,,,,,1,193,193,19,4,-10.0,4,1,4,-7.97448165869218,3,"Springfield, Massachusetts, United States",US,USMA,MA013,42.1015,-72.5898,609092,0,,,,,,,,3,"Springfield, Massachusetts, United States",US,USMA,MA013,42.1015,-72.5898,609092,20260803001500,https://www.bostonherald.com/2026/08/02/police-blotter-man-shot-to-death-in-eastie/
1316522571,20260803,202608,2026,2026.5836,COP,POLICE,,,,,,COP,,,,,,,,,,,,,1,193,193,19,4,-10.0,1,1,1,-7.97448165869218,3,"Boston, Massachusetts, United States",US,USMA,MA025,42.3584,-71.0598,617565,0,,,,,,,,3,"Boston, Massachusetts, United States",US,USMA,MA025,42.3584,-71.0598,617565,20260803001500,https://www.bostonherald.com/2026/08/02/police-blotter-man-shot-to-death-in-eastie/
1316522572,20260803,202608,2026,2026.5836,COP,DEPUTY,,,,,,COP,,,BUS,BUSINESS,,,,,,BUS,,,1,193,193,19,4,-10.0,10,1,10,-5.5,3,"Jackson County, Missouri, United States",US,USMO,MO095,39.0167,-94.3502,758502,3,"Jackson County, Missouri, United States",US,USMO,,39.0167,-94.3502,758502,3,"Jackson County, Missouri, United States",US,USMO,,39.0167,-94.3502,758502,20260803001500,https://jcpost.com/posts/56b43972-68b3-452e-9d31-befdcc47b8de
1316522573,20260803,202608,2026,2026.5836,COP,POLICE,,,,,,COP,,,FRA,FRANCE,FRA,,,,,,,,0,111,111,11,3,-2.0,5,1,5,-6.23556581986143,4,"Saumos, Aquitaine, France",FR,FR97,16241,44.9215,-0.988177,-1469709,4,"Gironde, Aquitaine, France",FR,FR97,16243,44.584,-0.089244,-1429418,4,"Gironde, Aquitaine, France",FR,FR97,16243,44.584,-0.089244,-1429418,20260803001500,https://www.adn.com/nation-world/2026/08/02/2-killed-when-firefighting-helicopters-collide-near-athens-as-europes-wildfire-emergency-rages/
1316522574,20260803,202608,2026,2026.5836,COP,POLICE,,,,,,COP,,,FRA,FRANCE,FRA,,,,,,,,0,111,111,11,3,-2.0,2,1,2,-6.23556581986143,4,"Saumos, Aquitaine, France",FR,FR97,16241,44.9215,-0.988177,-1469709,4,"Saumos, Aquitaine, France",FR,FR97,16241,44.9215,-0.988177,-1469709,4,"Gironde, Aquitaine, France",FR,FR97,16243,44.584,-0.089244,-1429418,20260803001500,https://www.adn.com/nation-world/2026/08/02/2-killed-when-firefighting-helicopters-collide-near-athens-as-europes-wildfire-emergency-rages/
1316522575,20260803,202608,2026,2026.5836,COP,POLICE,,,,,,COP,,,FRA,FRANCE,FRA,,,,,,,,0,111,111,11,3,-2.0,1,1,1,-6.23556581986143,4,"Saumos, Aquitaine, France",FR,FR97,16241,44.9215,-0.988177,-1469709,4,"Saumos, Aquitaine, France",FR,FR97,16241,44.9215,-0.988177,-1469709,4,"Saumos, Aquitaine, France",FR,FR97,16241,44.9215,-0.988177,-1469709,20260803001500,https://www.adn.com/nation-world/2026/08/02/2-killed-when-firefighting-helicopters-collide-near-athens-as-europes-wildfire-emergency-rages/
1316522576,20260803,202608,2026,2026.5836,COP,POLICE,,,,,,COP,,,PAKCOP,PAKISTAN,PAK,,,,,COP,,,1,090,090,09,2,-2.0,1,1,1,-10.8156028368794,4,"Islamabad, Islamabad, Pakistan",PK,PK08,23674,33.7,73.1667,-2762812,4,"Islamabad, Islamabad, Pakistan",PK,PK08,23674,33.7,73.1667,-2762812,4,"Islamabad, Islamabad, Pakistan",PK,PK08,23674,33.7,73.1667,-2762812,20260803001500,https://aninews.in/news/world/asia/at-least-14-killed-in-suicide-bombing-outside-pakistan-police-station20260803015813/
1316522577,20260803,202608,2026,2026.5836,COP,POLICE,,,,,,COP,,,PAKCOP,PAKISTAN,PAK,,,,,COP,,,1,090,090,09,2,-2.0,1,1,1,-10.8156028368794,4,"Peshawar, North-West Frontier, Pakistan",PK,PK03,40347,34.0078,71.5733,-2771364,4,"Peshawar, North-West Frontier, Pakistan",PK,PK03,40347,34.0078,71.5733,-2771364,4,"Peshawar, North-West Frontier, Pakistan",PK,PK03,40347,34.0078,71.5733,-2771364,20260803001500,https://aninews.in/news/world/asia/at-least-14-killed-in-suicide-bombing-outside-pakistan-police-station20260803015813/
1316522578,20260803,202608,2026,2026.5836,COP,POLICE,,,,,,COP,,,TCD,CHAD,TCD,,,,,,,,0,013,013,01,1,0.4,1,1,1,-7.71144278606966,2,"Idaho, United States",US,USID,,44.2394,-114.51,ID,3,"Twin Falls, Idaho, United States",US,USID,,42.563,-114.461,398273,3,"Twin Falls, Idaho, United States",US,USID,,42.563,-114.461,398273,20260803001500,https://www.fox10phoenix.com/news/in-n-out-shooting-idaho
1316522579,20260803,202608,2026,2026.5836,COP,POLICE,,,,,,COP,,,TCD,CHAD,TCD,,,,,,,,0,013,013,01,1,0.4,6,1,6,-7.71144278606966,2,"Idaho, United States",US,USID,,44.2394,-114.51,ID,2,"Idaho, United States",US,USID,,44.2394,-114.51,ID,2,"Idaho, United States",US,USID,,44.2394,-114.51,ID,20260803001500,https://www.fox10phoenix.com/news/in-n-out-shooting-idaho
1316522580,20260803,202608,2026,2026.5836,COP,POLICE,,,,,,COP,,,TCD,CHAD,TCD,,,,,,,,0,013,013,01,1,0.4,1,1,1,-7.71144278606966,2,"Nevada, United States",US,USNV,,38.4199,-117.122,NV,3,"Twin Falls, Idaho, United States",US,USID,,42.563,-114.461,398273,3,"Twin Falls, Idaho, United States",US,USID,,42.563,-114.461,398273,20260803001500,https://www.fox10phoenix.com/news/in-n-out-shooting-idaho
1316522581,20260803,202608,2026,2026.5836,COP,POLICE,,,,,,COP,,,TCD,CHAD,TCD,,,,,,,,0,193,193,19,4,-10.0,6,1,6,-7.71144278606966,2,"Idaho, United States",US,USID,,44.2394,-114.51,ID,2,"Idaho, United States",US,USID,,44.2394,-114.51,ID,2,"Idaho, United States",US,USID,,44.2394,-114.51,ID,20260803001500,https://www.fox10phoenix.com/news/in-n-out-shooting-idaho
1316522582,20260803,202608,2026,2026.5836,COP,POLICE,,,,,,COP,,,USA,UNITED STATES,USA,,,,,,,,0,013,013,01,1,0.4,2,1,2,-7.71144278606966,3,"Twin Falls, Idaho, United States",US,USID,ID083,42.563,-114.461,398273,3,"Twin Falls, Idaho, United States",US,USID,,42.563,-114.461,398273,3,"Twin Falls, Idaho, United States",US,USID,,42.563,-114.461,398273,20260803001500,https://www.fox10phoenix.com/news/in-n-out-shooting-idaho
1316522583,20260803,202608,2026,2026.5836,COP,POLICE,,,,,,COP,,,USA,PORTLAND,USA,,,,,,,,0,040,040,04,1,1.0,12,2,12,-10.7142857142857,3,"Portland, Oregon, United States",US,USOR,OR051,45.5235,-122.676,1136645,3,"Portland, Oregon, United States",US,USOR,OR051,45.5235,-122.676,1136645,3,"Portland, Oregon, United States",US,USOR,OR051,45.5235,-122.676,1136645,20260803001500,https://english.news.cn/20260803/604e838137664fe3a7c2e6fd9d7f9551/c.html
1316522584,20260803,202608,2026,2026.5836,COP,LAW ENFORCEMENT OFFICER,,,,,,COP,,,USA,LOS ANGELES,USA,,,,,,,,1,173,173,17,4,-5.0,5,1,5,-5.94405594405594,0,,,,,,,,0,,,,,,,,0,,,,,,,,20260803001500,https://www.10news.com/news/local-news/east-county-news/la-area-juveniles-arrested-after-stolen-vehicle-pursuit-in-east-county
1316522585,20260803,202608,2026,2026.5836,COP,POLICE,,,,,,COP,,,USA,UNITED STATES,USA,,,,,,,,0,173,173,17,4,-5.0,1,1,1,-7.97448165869218,3,"Springfield, Massachusetts, United States",US,USMA,MA013,42.1015,-72.5898,609092,3,"Springfield, Massachusetts, United States",US,USMA,MA013,42.1015,-72.5898,609092,3,"Springfield, Massachusetts, United States",US,USMA,MA013,42.1015,-72.5898,609092,20260803001500,https://www.bostonherald.com/2026/08/02/police-blotter-man-shot-to-death-in-eastie/
1316522586,20260803,202608,2026,2026.5836,COP,POLICE,,,,,,COP,,,USA,UNITED STATES,USA,,,,,,,,0,173,173,17,4,-5.0,2,1,2,-7.97448165869218,3,"Riverview, Massachusetts, United States",US,USMA,MA009,42.632,-70.6814,615324,3,"Riverview, Massachusetts, United States",US,USMA,MA009,42.632,-70.6814,615324,3,"Riverview, Massachusetts, United States",US,USMA,MA009,42.632,-70.6814,615324,20260803001500,https://www.bostonherald.com/2026/08/02/police-blotter-man-shot-to-death-in-eastie/
1316522587,20260803,202608,2026,2026.5836,COP,POLICE,,,,,,COP,,,USA,UNITED STATES,USA,,,,,,,,0,173,173,17,4,-5.0,1,1,1,-7.97448165869218,3,"Boston, Massachusetts, United States",US,USMA,MA025,42.3584,-71.0598,617565,3,"Springfield, Massachusetts, United States",US,USMA,MA013,42.1015,-72.5898,609092,3,"Springfield, Massachusetts, United States",US,USMA,MA013,42.1015,-72.5898,609092,20260803001500,https://www.bostonherald.com/2026/08/02/police-blotter-man-shot-to-death-in-eastie/
1316522588,20260803,202608,2026,2026.5836,COP,POLICE OFFICER,,,,,,COP,,,USA,UNITED STATES,USA,,,,,,,,1,173,173,17,4,-5.0,4,1,4,-6.98689956331878,2,"Iowa, United States",US,USIA,,42.0046,-93.214,IA,2,"Iowa, United States",US,USIA,,42.0046,-93.214,IA,2,"Iowa, United States",US,USIA,,42.0046,-93.214,IA,20260803001500,https://globemagazine.com/iowa-woman-busted-for-intoxication-behind-the-wheel-of-a-lawn-mower/
1316522589,20260803,202608,2026,2026.5836,COP,POLICE,,,,,,COP,,,USA,UNITED STATES,USA,,,,,,,,0,193,193,19,4,-10.0,2,1,2,-7.71144278606966,3,"Twin Falls, Idaho, United States",US,USID,ID083,42.563,-114.461,398273,3,"Twin Falls, Idaho, United States",US,USID,,42.563,-114.461,398273,2,"Idaho, United States",US,USID,,44.2394,-114.51,ID,20260803001500,https://www.fox10phoenix.com/news/in-n-out-shooting-idaho
1316522590,20260803,202608,2026,2026.5836,COP,POLICE,,,,,,COP,,,USA,UNITED STATES,USA,,,,,,,,0,193,193,19,4,-10.0,2,1,2,-7.71144278606966,2,"Idaho, United States",US,USID,,44.2394,-114.51,ID,3,"Twin Falls, Idaho, United States",US,USID,,42.563,-114.461,398273,3,"Twin Falls, Idaho, United States",US,USID,,42.563,-114.461,398273,20260803001500,https://www.fox10phoenix.com/news/in-n-out-shooting-idaho
1316522591,20260803,202608,2026,2026.5836,COP,POLICE,,,,,,COP,,,USACOP,PORTLAND,USA,,,,,COP,,,0,040,040,04,1,1.0,18,2,18,-10.7142857142857,3,"Portland, Oregon, United States",US,USOR,OR051,45.5235,-122.676,1136645,3,"Portland, Oregon, United States",US,USOR,OR051,45.5235,-122.676,1136645,3,"Portland, Oregon, United States",US,USOR,OR051,45.5235,-122.676,1136645,20260803001500,https://english.news.cn/20260803/604e838137664fe3a7c2e6fd9d7f9551/c.html
1316522592,20260803,202608,2026,2026.5836,CRM,CRIMINAL,,,,,,CRM,,,,,,,,,,,,,0,090,090,09,2,-2.0,10,1,10,-2.85171102661597,0,,,,,,,,0,,,,,,,,0,,,,,,,,20260803001500,https://www.mondaq.com:443/unitedstates/white-collar-crime-anti-corruption-fraud/1825226/doj-declination-offers-roadmap-for-healthcare-companies
1316522593,20260803,202608,2026,2026.5836,CRM,ASSAILANT,,,,,,CRM,,,,,,,,,,,,,1,193,193,19,4,-10.0,10,1,10,-9.80392156862744,3,"Twin Falls, Idaho, United States",US,USID,ID083,42.563,-114.461,398273,0,,,,,,,,3,"Twin Falls, Idaho, United States",US,USID,,42.563,-114.461,398273,20260803001500,http://www.sierraleonetimes.com/news/279220088/us-twin-falls-in-n-out-shooting-suspect-dead-by-suicide-say-police
1316522594,20260803,202608,2026,2026.5836,CRM,DEALER,,,,,,CRM,,,LEG,DELEGATE,,,,,,LEG,,,1,043,043,04,1,2.8,5,1,5,1.29198966408269,1,Australia,AS,AS,,-25,135,AS,1,Australia,AS,AS,,-25,135,AS,1,Australia,AS,AS,,-25,135,AS,20260803001500,https://finance.yahoo.com/markets/stocks/articles/small-cap-watch-asx-small-234000267.html
1316522595,20260803,202608,2026,2026.5836,CRM,CRIMINAL,,,,,,CRM,,,USA,A US,USA,,,,,,,,0,031,031,03,1,5.2,5,1,5,0.16068559185859,0,,,,,,,,0,,,,,,,,0,,,,,,,,20260803001500,https://www.smn-news.com/index.php/st-maarten-st-martin-news/51227-unops-us-90-000-contract-with-tackling-firm-raises-conflict-questions-after-agency-advises-justice-minister-on-heyliger.html
1316522596,20260803,202608,2026,2026.5836,CVL,RESIDENTS,,,,,,CVL,,,,,,,,,,,,,1,020,020,02,1,3.0,15,2,15,0.959990090424876,0,,,,,,,,0,,,,,,,,0,,,,,,,,20260803001500,https://www.andoveradvertiser.co.uk/news/26430119.firefighters-tackle-major-chilbolton-fire-across-50-hectares/
1316522597,20260803,202608,2026,2026.5836,CVL,COMMUNITY,,,,,,CVL,,,,,,,,,,,,,1,030,030,03,1,4.0,6,1,6,3.44827586206896,1,Jordan,JO,JO,,31,36,JO,0,,,,,,,,1,Jordan,JO,JO,,31,36,JO,20260803001500,https://www.1011now.com/2026/08/02/free-haircuts-backpacks-school-supplies-handed-out-back-to-school-event/
1316522598,20260803,202608,2026,2026.5836,CVL,COMMUNITY,,,,,,CVL,,,,,,,,,,,,,0,042,042,04,1,1.9,10,1,10,4.69043151969981,2,"Minnesota, United States",US,USMN,,45.7326,-93.9196,MN,0,,,,,,,,2,"Minnesota, United States",US,USMN,,45.7326,-93.9196,MN,20260803001500,https://hpr1.com/let-us-now-praise-independent-booksellers/
1316522599,20260803,202608,2026,2026.5836,CVL,RESIDENTS,,,,,,CVL,,,,,,,,,,,,,1,051,051,05,1,3.4,8,1,8,1.61290322580646,2,"Connecticut, United States",US,USCT,,41.5834,-72.7622,CT,0,,,,,,,,2,"Connecticut, United States",US,USCT,,41.5834,-72.7622,CT,20260803001500,https://www.wfsb.com/2026/08/02/connecticut-early-voting-begins-ahead-august-primary-election/
1316522600,20260803,202608,2026,2026.5836,CVL,POPULATION,,,,,,CVL,,,,,,,,,,,,,1,120,120,12,3,-4.0,10,1,10,-2.62237762237762,2,"Colorado, United States",US,USCO,,39.0646,-105.327,CO,0,,,,,,,,2,"Colorado, United States",US,USCO,,39.0646,-105.327,CO,20260803001500,https://www.postindependent.com/news/colorado-data-wildlfe-hunting-fur-furbearers/
1316522601,20260803,202608,2026,2026.5836,CVL,VILLAGE,,,,,,CVL,,,,,,,,,,,,,1,193,193,19,4,-10.0,10,1,10,0.139860139860151,1,Ghana,GH,GH,,8,-2,GH,0,,,,,,,,1,Ghana,GH,GH,,8,-2,GH,20260803001500,"https://www.expertclick.com/NewsRelease/I-could-really-use-some-investing-advice-from-those-crackpots-in-my-Ghanaian-vi-Patrick-Asare-,2026316161.aspx"
1316522602,20260803,202608,2026,2026.5836,CVL,TRAVELLER,,,,,,CVL,,,AUS,SYDNEY,AUS,,,,,,,,1,042,042,04,1,1.9,8,1,8,-1.36363636363637,4,"Sydney, New South Wales, Australia",AS,AS02,154637,-33.8833,151.217,-1603135,4,"Sydney, New South Wales, Australia",AS,AS02,154637,-33.8833,151.217,-1603135,4,"Sydney, New South Wales, Australia",AS,AS02,154637,-33.8833,151.217,-1603135,20260803001500,https://www.perthnow.com.au/news/qantas-flight-to-santiago-turns-back-after-mechanical-issue-nearly-200-passengers-stranded-overnight-c-22665900
1316522603,20260803,202608,2026,2026.5836,CVL,TRAVELLER,,,,,,CVL,,,AUS,SYDNEY,AUS,,,,,,,,1,042,042,04,1,1.9,2,1,2,-1.36363636363637,4,"Santiago, Regióetropolitana, Chile",CI,CI12,22379,-33.45,-70.6667,-901202,4,"Sydney, New South Wales, Australia",AS,AS02,154637,-33.8833,151.217,-1603135,4,"Sydney, New South Wales, Australia",AS,AS02,154637,-33.8833,151.217,-1603135,20260803001500,https://www.perthnow.com.au/news/qantas-flight-to-santiago-turns-back-after-mechanical-issue-nearly-200-passengers-stranded-overnight-c-22665900
1316522604,20260803,202608,2026,2026.5836,CVL,TRAVELLER,,,,,,CVL,,,CHL,CHILE,CHL,,,,,,,,1,042,042,04,1,1.9,8,1,8,-1.36363636363637,4,"Sydney, New South Wales, Australia",AS,AS02,154637,-33.8833,151.217,-1603135,4,"Santiago, Regióetropolitana, Chile",CI,CI12,22379,-33.45,-70.6667,-901202,4,"Santiago, Regióetropolitana, Chile",CI,CI12,22379,-33.45,-70.6667,-901202,20260803001500,https://www.perthnow.com.au/news/qantas-flight-to-santiago-turns-back-after-mechanical-issue-nearly-200-passengers-stranded-overnight-c-22665900
1316522605,20260803,202608,2026,2026.5836,CVL,TRAVELLER,,,,,,CVL,,,CHL,CHILE,CHL,,,,,,,,1,042,042,04,1,1.9,2,1,2,-1.36363636363637,4,"Santiago, Regióetropolitana, Chile",CI,CI12,22379,-33.45,-70.6667,-901202,4,"Santiago, Regióetropolitana, Chile",CI,CI12,22379,-33.45,-70.6667,-901202,4,"Santiago, Regióetropolitana, Chile",CI,CI12,22379,-33.45,-70.6667,-901202,20260803001500,https://www.perthnow.com.au/news/qantas-flight-to-santiago-turns-back-after-mechanical-issue-nearly-200-passengers-stranded-overnight-c-22665900
1316522606,20260803,202608,2026,2026.5836,CVL,COMMUNITY,,,,,,CVL,,,COP,POLICE,,,,,,COP,,,1,010,010,01,1,0.0,5,1,5,-7.60869565217392,0,,,,,,,,0,,,,,,,,0,,,,,,,,20260803001500,https://www.fox10phoenix.com/news/2-found-dead-after-domestic-violence-related-shooting-lake-havasu-city-police-say
1316522607,20260803,202608,2026,2026.5836,CVL,MIGRANT,,,,,,CVL,,,GBR,UNITED KINGDOM,GBR,,,,,,,,0,042,042,04,1,1.9,10,1,10,-1.78739416745061,4,"Dover, Kent, United Kingdom",UK,UKG5,40117,51.1333,1.3,-2594561,4,"Dover, Kent, United Kingdom",UK,UKG5,40117,51.1333,1.3,-2594561,4,"Dover, Kent, United Kingdom",UK,UKG5,40117,51.1333,1.3,-2594561,20260803001500,https://www.aol.co.uk/articles/humiliation-burnham-channel-migrant-bill-234300000.html
1316522608,20260803,202608,2026,2026.5836,CVL,MIGRANT,,,,,,CVL,,,GBR,BRITAIN,GBR,,,,,,,,0,042,042,04,1,1.9,4,1,4,-1.78739416745061,4,"Sandhurst, Gloucestershire, United Kingdom",UK,UKE6,40113,51.9167,-2.25,-2607068,4,"Sandhurst, Gloucestershire, United Kingdom",UK,UKE6,40113,51.9167,-2.25,-2607068,4,"Sandhurst, Gloucestershire, United Kingdom",UK,UKE6,40113,51.9167,-2.25,-2607068,20260803001500,https://www.aol.co.uk/articles/humiliation-burnham-channel-migrant-bill-234300000.html
1316522609,20260803,202608,2026,2026.5836,CVL,MIGRANT,,,,,,CVL,,,GBR,BRITAIN,GBR,,,,,,,,0,042,042,04,1,1.9,6,1,6,-1.78739416745061,1,Belgium,BE,BE,,50.833333,4,BE,1,Belgium,BE,BE,,50.833333,4,BE,1,Belgium,BE,BE,,50.833333,4,BE,20260803001500,https://www.aol.co.uk/articles/humiliation-burnham-channel-migrant-bill-234300000.html
1316522610,20260803,202608,2026,2026.5836,CVL,POPULATION,,,,,,CVL,,,GBR,BRITISH,GBR,,,,,,,,1,051,051,05,1,3.4,6,1,6,0,4,"Exeter, Devon, United Kingdom",UK,UKD4,40104,50.7,-3.53333,-2595805,4,"British Isles, United Kingdom (general), United Kingdom",UK,UK00,154724,54,-4,-2590926,4,"British Isles, United Kingdom (general), United Kingdom",UK,UK00,154724,54,-4,-2590926,20260803001500,https://www.miragenews.com/uk-rissos-dolphins-form-single-population-1720415/
1316522611,20260803,202608,2026,2026.5836,CVL,POPULATION,,,,,,CVL,,,GBR,BRITISH,GBR,,,,,,,,1,051,051,05,1,3.4,4,1,4,0,4,"Exeter, Devon, United Kingdom",UK,UKD4,40104,50.7,-3.53333,-2595805,4,"Exeter, Devon, United Kingdom",UK,UKD4,40104,50.7,-3.53333,-2595805,4,"British Isles, United Kingdom (general), United Kingdom",UK,UK00,154724,54,-4,-2590926,20260803001500,https://www.miragenews.com/uk-rissos-dolphins-form-single-population-1720415/
1316522612,20260803,202608,2026,2026.5836,CVL,COMMUNITY,,,,,,CVL,,,MED,NEWS AGENCY,,,,,,MED,,,1,010,010,01,1,0.0,4,1,4,-7.10382513661203,4,"Darfur, Gharb Darfur, Sudan",SU,SU47,37140,13.5,23.5,-17505,4,"Darfur, Gharb Darfur, Sudan",SU,SU47,37140,13.5,23.5,-17505,4,"Darfur, Gharb Darfur, Sudan",SU,SU47,37140,13.5,23.5,-17505,20260803001500,https://dominicanrepublicpost.com/sudan-army-drone-attack-on-darfur-kills-35-rights-group-says/
1316522613,20260803,202608,2026,2026.5836,CVL,COMMUNITY,,,,,,CVL,,,MED,NEWS AGENCY,,,,,,MED,,,1,010,010,01,1,0.0,6,1,6,-7.10382513661203,4,"Fasher, Kassala, Sudan",SU,SU52,68803,15.0667,35.95,-5808,4,"Fasher, Kassala, Sudan",SU,SU52,68803,15.0667,35.95,-5808,4,"Fasher, Kassala, Sudan",SU,SU52,68803,15.0667,35.95,-5808,20260803001500,https://dominicanrepublicpost.com/sudan-army-drone-attack-on-darfur-kills-35-rights-group-says/
1316522614,20260803,202608,2026,2026.5836,CVL,POPULATION,,,,,,CVL,,,MED,MEDIA,,,,,,MED,,,1,010,010,01,1,0.0,6,1,6,-3.93996247654784,1,Fiji,FJ,FJ,,-18,178,FJ,1,Fiji,FJ,FJ,,-18,178,FJ,1,Fiji,FJ,FJ,,-18,178,FJ,20260803001500,https://islandsbusiness.com/news-break/fijis-hiv-crisis-deepens-as-meth-use-drives-new-infections/
1316522615,20260803,202608,2026,2026.5836,CVL,ENGINEER,,,,,,CVL,,,MNCUSA,BOEING,USA,,,,,MNC,,,0,090,090,09,2,-2.0,10,1,10,-3.90625,4,"Santiago, Regióetropolitana, Chile",CI,CI12,22379,-33.45,-70.6667,-901202,4,"Santiago, Regióetropolitana, Chile",CI,CI12,22379,-33.45,-70.6667,-901202,4,"Santiago, Regióetropolitana, Chile",CI,CI12,22379,-33.45,-70.6667,-901202,20260803001500,https://www.perthnow.com.au/news/qantas-flight-bound-for-south-america-turns-back-to-melbourne-almost-five-hours-into-journey-c-22665443
1316522616,20260803,202608,2026,2026.5836,CVL,CIVILIAN,,,,,,CVL,,,PSE,GAZA,PSE,,,,,,,,1,042,042,04,1,1.9,2,1,2,-5.46875,1,Israel,IS,IS,,31.5,34.75,IS,1,Gaza Strip,GZ,GZ,,31.425074,34.373398,GZ,1,Israel,IS,IS,,31.5,34.75,IS,20260803001500,https://english.news.cn/20260803/011948b20fb8407a8e79e775cb981242/c.html
1316522617,20260803,202608,2026,2026.5836,CVL,NEIGHBORHOOD,,,,,,CVL,,,USA,SAN FRANCISCO,USA,,,,,,,,1,190,190,19,4,-10.0,20,2,20,-10.621921182266,3,"Portland, Oregon, United States",US,USOR,OR051,45.5235,-122.676,1136645,3,"Portland, Oregon, United States",US,USOR,OR051,45.5235,-122.676,1136645,3,"Portland, Oregon, United States",US,USOR,OR051,45.5235,-122.676,1136645,20260803001500,https://english.news.cn/20260803/b2314afe7127489d9c4695e1192f51f2/c.html
1316522618,20260803,202608,2026,2026.5836,CVL,NEIGHBORHOOD,,,,,,CVL,,,USA,PORTLAND,USA,,,,,,,,1,193,193,19,4,-10.0,20,2,20,-10.621921182266,3,"Portland, Oregon, United States",US,USOR,OR051,45.5235,-122.676,1136645,3,"Portland, Oregon, United States",US,USOR,OR051,45.5235,-122.676,1136645,3,"Portland, Oregon, United States",US,USOR,OR051,45.5235,-122.676,1136645,20260803001500,https://english.news.cn/20260803/b2314afe7127489d9c4695e1192f51f2/c.html
1316522619,20260803,202608,2026,2026.5836,CYP,CYPRUS,CYP,,,,,,,,,,,,,,,,,,1,042,042,04,1,1.9,1,1,1,1.74563591022444,4,"Istanbul, Istanbul, Turkey",TU,TU34,27897,41.0186,28.9647,-755070,0,,,,,,,,4,"Istanbul, Istanbul, Turkey",TU,TU34,27897,41.0186,28.9647,-755070,20260803001500,https://www.pokernews.com/tours/merit-poker/2026-noir-poker-series/7500-high-roller/chips.853126.htm
1316522620,20260803,202608,2026,2026.5836,CYP,CYPRUS,CYP,,,,,,,,,,,,,,,,,,1,042,042,04,1,1.9,3,1,3,1.74563591022444,4,"Zorlu, Sanliurfa, Turkey",TU,TU63,26373,36.7325,38.9525,6262319,0,,,,,,,,4,"Zorlu, Sanliurfa, Turkey",TU,TU63,26373,36.7325,38.9525,6262319,20260803001500,https://www.pokernews.com/tours/merit-poker/2026-noir-poker-series/7500-high-roller/chips.853126.htm
1316522621,20260803,202608,2026,2026.5836,CYP,CYPRUS,CYP,,,,,,,,,,,,,,,,,,1,042,042,04,1,1.9,6,1,6,1.74563591022444,1,Cyprus,CY,CY,,35,33,CY,0,,,,,,,,1,Cyprus,CY,CY,,35,33,CY,20260803001500,https://www.pokernews.com/tours/merit-poker/2026-noir-poker-series/7500-high-roller/chips.853126.htm
1316522622,20260803,202608,2026,2026.5836,CYP,CYPRUS,CYP,,,,,,,,,,,,,,,,,,1,043,043,04,1,2.8,2,1,2,1.74563591022444,1,Cyprus,CY,CY,,35,33,CY,0,,,,,,,,1,Australia,AS,AS,,-25,135,AS,20260803001500,https://www.pokernews.com/tours/merit-poker/2026-noir-poker-series/7500-high-roller/chips.853126.htm
1316522623,20260803,202608,2026,2026.5836,CYP,CYPRUS,CYP,,,,,,,,,,,,,,,,,,1,043,043,04,1,2.8,8,1,8,1.74563591022444,1,Cyprus,CY,CY,,35,33,CY,0,,,,,,,,1,Cyprus,CY,CY,,35,33,CY,20260803001500,https://www.pokernews.com/tours/merit-poker/2026-noir-poker-series/7500-high-roller/chips.853126.htm
1316522624,20260803,202608,2026,2026.5836,CYP,CYPRUS,CYP,,,,,,,,,,,,,,,,,,1,051,051,05,1,3.4,3,1,3,1.74563591022444,4,"Zorlu, Sanliurfa, Turkey",TU,TU63,26373,36.7325,38.9525,6262319,0,,,,,,,,4,"Zorlu, Sanliurfa, Turkey",TU,TU63,26373,36.7325,38.9525,6262319,20260803001500,https://www.pokernews.com/tours/merit-poker/2026-noir-poker-series/7500-high-roller/chips.853126.htm
1316522625,20260803,202608,2026,2026.5836,CYP,CYPRUS,CYP,,,,,,,,,,,,,,,,,,1,051,051,05,1,3.4,6,1,4,1.74563591022444,1,Cyprus,CY,CY,,35,33,CY,0,,,,,,,,1,Cyprus,CY,CY,,35,33,CY,20260803001500,https://www.pokernews.com/tours/merit-poker/2026-noir-poker-series/7500-high-roller/chips.853126.htm
1316522626,20260803,202608,2026,2026.5836,EDU,SCHOOL,,,,,,EDU,,,,,,,,,,,,,1,030,030,03,1,4.0,5,1,5,2.52100840336135,2,"Louisiana, United States",US,USLA,,31.1801,-91.8749,LA,0,,,,,,,,2,"Louisiana, United States",US,USLA,,31.1801,-91.8749,LA,20260803001500,https://www.yahoo.com/news/us/articles/community-supports-students-back-school-232626241.html
1316522627,20260803,202608,2026,2026.5836,EDU,SCHOOL,,,,,,EDU,,,,,,,,,,,,,1,043,043,04,1,2.8,10,1,10,3.44827586206896,1,Jordan,JO,JO,,31,36,JO,0,,,,,,,,1,Jordan,JO,JO,,31,36,JO,20260803001500,https://www.1011now.com/2026/08/02/free-haircuts-backpacks-school-supplies-handed-out-back-to-school-event/
1316522628,20260803,202608,2026,2026.5836,EDU,UNIVERSITY,,,,,,EDU,,,,,,,,,,,,,0,051,051,05,1,3.4,5,1,5,4.90693739424704,4,"Crookwell, New South Wales, Australia",AS,AS02,154641,-34.4593,149.471,-1568133,0,,,,,,,,4,"Crookwell, New South Wales, Australia",AS,AS02,154641,-34.4593,149.471,-1568133,20260803001500,https://www.crookwellgazette.com.au/story/9322399/university-of-new-england-experts-reveal-potential-future-careers/
1316522629,20260803,202608,2026,2026.5836,EDU,UNIVERSITY,,,,,,EDU,,,,,,,,,,,,,0,051,051,05,1,3.4,5,1,5,4.90693739424704,4,"Muswellbrook, New South Wales, Australia",AS,AS02,5096,-32.2612,150.89,-1590404,0,,,,,,,,4,"Muswellbrook, New South Wales, Australia",AS,AS02,5096,-32.2612,150.89,-1590404,20260803001500,https://www.muswellbrookchronicle.com.au/story/9322399/university-of-new-england-experts-reveal-potential-future-careers/
1316522630,20260803,202608,2026,2026.5836,EDU,UNIVERSITY,,,,,,EDU,,,,,,,,,,,,,1,051,051,05,1,3.4,4,1,4,1.36612021857923,4,"Jalisco, Baja California, Mexico",MX,MX02,19586,32.5175,-115.235,-1661292,0,,,,,,,,4,"Jalisco, Baja California, Mexico",MX,MX02,19586,32.5175,-115.235,-1661292,20260803001500,https://www.fox10phoenix.com/news/creighton-university-welcomes-120-new-medical-students-white-coat-ceremony
1316522631,20260803,202608,2026,2026.5836,EDU,STUDENT,,,,,,EDU,,,,,,,,,,,,,1,051,051,05,1,3.4,10,1,10,7.14285714285714,4,"Andover, Hampshire, United Kingdom",UK,UKF2,40112,51.2,-1.48333,-2588265,0,,,,,,,,4,"Andover, Hampshire, United Kingdom",UK,UKF2,40112,51.2,-1.48333,-2588265,20260803001500,https://www.andoveradvertiser.co.uk/news/26423382.stannah-helping-inspire-next-generation-stem/
1316522632,20260803,202608,2026,2026.5836,EDU,UNIVERSITY,,,,,,EDU,,,,,,,,,,,,,1,051,051,05,1,3.4,6,1,6,1.36612021857923,3,"Phoenix, Arizona, United States",US,USAZ,AZ013,33.4484,-112.074,44784,0,,,,,,,,3,"Phoenix, Arizona, United States",US,USAZ,AZ013,33.4484,-112.074,44784,20260803001500,https://www.fox10phoenix.com/news/creighton-university-welcomes-120-new-medical-students-white-coat-ceremony
1316522633,20260803,202608,2026,2026.5836,EDU,SCHOOL,,,,,,EDU,,,CVL,COMMUNITY,,,,,,CVL,,,1,030,030,03,1,4.0,5,1,5,2.52100840336135,2,"Louisiana, United States",US,USLA,,31.1801,-91.8749,LA,2,"Louisiana, United States",US,USLA,,31.1801,-91.8749,LA,2,"Louisiana, United States",US,USLA,,31.1801,-91.8749,LA,20260803001500,https://www.yahoo.com/news/us/articles/community-supports-students-back-school-232626241.html
1316522634,20260803,202608,2026,2026.5836,EDU,STUDENT,,,,,,EDU,,,HLH,HOSPITAL,,,,,,HLH,,,1,042,042,04,1,1.9,10,1,10,3.2520325203252,2,"Illinois, United States",US,USIL,,40.3363,-89.0022,IL,2,"Illinois, United States",US,USIL,,40.3363,-89.0022,IL,2,"Illinois, United States",US,USIL,,40.3363,-89.0022,IL,20260803001500,https://www.miragenews.com/future-nurses-gain-hands-on-experience-at-uconn-1720379/
1316522635,20260803,202608,2026,2026.5836,EDU,SCHOOL,,,,,,EDU,,,ITA,BRESCIA,ITA,,,,,,,,1,051,051,05,1,3.4,6,1,6,3.2520325203252,3,"Hartford Hospital, Connecticut, United States",US,USCT,CT003,41.7545,-72.6791,207698,3,"Hartford Hospital, Connecticut, United States",US,USCT,,41.7545,-72.6791,207698,3,"Hartford Hospital, Connecticut, United States",US,USCT,,41.7545,-72.6791,207698,20260803001500,https://www.miragenews.com/future-nurses-gain-hands-on-experience-at-uconn-1720379/
1316522636,20260803,202608,2026,2026.5836,EDU,SCHOOL,,,,,,EDU,,,JOR,JORDAN,JOR,,,,,,,,1,040,040,04,1,1.0,10,1,10,2.4390243902439,0,,,,,,,,0,,,,,,,,0,,,,,,,,20260803001500,https://www.wsls.com/news/local/2026/08/02/load-the-bus-2026/
1316522637,20260803,202608,2026,2026.5836,EDU,SCHOOL,,,,,,EDU,,,USA,UNITED STATES,USA,,,,,,,,1,051,051,05,1,3.4,4,1,4,3.2520325203252,3,"Hartford Hospital, Connecticut, United States",US,USCT,CT003,41.7545,-72.6791,207698,3,"Hartford Hospital, Connecticut, United States",US,USCT,,41.7545,-72.6791,207698,3,"Hartford Hospital, Connecticut, United States",US,USCT,,41.7545,-72.6791,207698,20260803001500,https://www.miragenews.com/future-nurses-gain-hands-on-experience-at-uconn-1720379/
1316522638,20260803,202608,2026,2026.5836,EGY,EGYPT,EGY,,,,,,,,EGYGOV,EGYPT,EGY,,,,,GOV,,,1,020,020,02,1,3.0,2,1,2,1.25,4,"Cairo, Al Qahirah, Egypt",EG,EG11,65350,30.05,31.25,-290692,4,"Cairo, Al Qahirah, Egypt",EG,EG11,65350,30.05,31.25,-290692,4,"Cairo, Al Qahirah, Egypt",EG,EG11,65350,30.05,31.25,-290692,20260803001500,http://www.bignewsnetwork.com/news/279220101/kuwait-egypt-fms-discuss-regional-developments-de-escalation-efforts
1316522639,20260803,202608,2026,2026.5836,EGY,CAIRO,EGY,,,,,,,,EGYGOV,EGYPT,EGY,,,,,GOV,,,1,041,041,04,1,1.0,2,1,2,1.25,4,"Cairo, Al Qahirah, Egypt",EG,EG11,65350,30.05,31.25,-290692,4,"Cairo, Al Qahirah, Egypt",EG,EG11,65350,30.05,31.25,-290692,4,"Cairo, Al Qahirah, Egypt",EG,EG11,65350,30.05,31.25,-290692,20260803001500,http://www.bignewsnetwork.com/news/279220101/kuwait-egypt-fms-discuss-regional-developments-de-escalation-efforts
1316522640,20260803,202608,2026,2026.5836,EGY,CAIRO,EGY,,,,,,,,EGYREF,EGYPT,EGY,,,,,REF,,,1,040,040,04,1,1.0,2,1,2,1.25,4,"Cairo, Al Qahirah, Egypt",EG,EG11,65350,30.05,31.25,-290692,4,"Cairo, Al Qahirah, Egypt",EG,EG11,65350,30.05,31.25,-290692,4,"Cairo, Al Qahirah, Egypt",EG,EG11,65350,30.05,31.25,-290692,20260803001500,http://www.bignewsnetwork.com/news/279220101/kuwait-egypt-fms-discuss-regional-developments-de-escalation-efforts
1316522641,20260803,202608,2026,2026.5836,EGY,EGYPTIAN,EGY,,,,,,,,EGYREF,EGYPTIAN,EGY,,,,,REF,,,1,040,040,04,1,1.0,8,1,8,1.25,4,"Cairo, Al Qahirah, Egypt",EG,EG11,65350,30.05,31.25,-290692,4,"Cairo, Al Qahirah, Egypt",EG,EG11,65350,30.05,31.25,-290692,1,Kuwait,KU,KU,,29.5,47.75,KU,20260803001500,http://www.bignewsnetwork.com/news/279220101/kuwait-egypt-fms-discuss-regional-developments-de-escalation-efforts
1316522642,20260803,202608,2026,2026.5836,EGY,EGYPT,EGY,,,,,,,,KWT,KUWAIT,KWT,,,,,,,,1,040,040,04,1,1.0,4,1,4,1.25,4,"Cairo, Al Qahirah, Egypt",EG,EG11,65350,30.05,31.25,-290692,1,Kuwait,KU,KU,,29.5,47.75,KU,4,"Cairo, Al Qahirah, Egypt",EG,EG11,65350,30.05,31.25,-290692,20260803001500,http://www.bignewsnetwork.com/news/279220101/kuwait-egypt-fms-discuss-regional-developments-de-escalation-efforts
1316522643,20260803,202608,2026,2026.5836,EGY,EGYPT,EGY,,,,,,,,KWT,KUWAIT,KWT,,,,,,,,1,040,040,04,1,1.0,1,1,1,1.25,1,Kuwait,KU,KU,,29.5,47.75,KU,1,Kuwait,KU,KU,,29.5,47.75,KU,4,"Cairo, Al Qahirah, Egypt",EG,EG11,65350,30.05,31.25,-290692,20260803001500,http://www.bignewsnetwork.com/news/279220101/kuwait-egypt-fms-discuss-regional-developments-de-escalation-efforts
1316522644,20260803,202608,2026,2026.5836,EGYGOV,EGYPT,EGY,,,,,GOV,,,EGY,CAIRO,EGY,,,,,,,,1,041,041,04,1,1.0,2,1,2,1.25,4,"Cairo, Al Qahirah, Egypt",EG,EG11,65350,30.05,31.25,-290692,4,"Cairo, Al Qahirah, Egypt",EG,EG11,65350,30.05,31.25,-290692,4,"Cairo, Al Qahirah, Egypt",EG,EG11,65350,30.05,31.25,-290692,20260803001500,http://www.bignewsnetwork.com/news/279220101/kuwait-egypt-fms-discuss-regional-developments-de-escalation-efforts
1316522645,20260803,202608,2026,2026.5836,EGYGOV,EGYPTIAN,EGY,,,,,GOV,,,GOVGOV,PRESIDENT,,,,,,GOV,GOV,,1,060,060,06,2,6.0,20,1,20,-1.21580547112462,4,"Gaza, Israel (general), Israel",IS,IS00,18315,31.4167,34.3333,-797156,4,"Gaza, Israel (general), Israel",IS,IS00,18315,31.4167,34.3333,-797156,4,"Gaza, Israel (general), Israel",IS,IS00,18315,31.4167,34.3333,-797156,20260803001500,https://english.news.cn/africa/20260803/293924ba243b4e6aa718009b5f9813e6/c.html
1316522646,20260803,202608,2026,2026.5836,EGYREF,EGYPT,EGY,,,,,REF,,,EGY,CAIRO,EGY,,,,,,,,1,040,040,04,1,1.0,2,1,2,1.25,4,"Cairo, Al Qahirah, Egypt",EG,EG11,65350,30.05,31.25,-290692,4,"Cairo, Al Qahirah, Egypt",EG,EG11,65350,30.05,31.25,-290692,4,"Cairo, Al Qahirah, Egypt",EG,EG11,65350,30.05,31.25,-290692,20260803001500,http://www.bignewsnetwork.com/news/279220101/kuwait-egypt-fms-discuss-regional-developments-de-escalation-efforts
1316522647,20260803,202608,2026,2026.5836,EGYREF,EGYPTIAN,EGY,,,,,REF,,,EGY,EGYPTIAN,EGY,,,,,,,,1,040,040,04,1,1.0,8,1,8,1.25,4,"Cairo, Al Qahirah, Egypt",EG,EG11,65350,30.05,31.25,-290692,4,"Cairo, Al Qahirah, Egypt",EG,EG11,65350,30.05,31.25,-290692,1,Kuwait,KU,KU,,29.5,47.75,KU,20260803001500,http://www.bignewsnetwork.com/news/279220101/kuwait-egypt-fms-discuss-regional-developments-de-escalation-efforts
1316522648,20260803,202608,2026,2026.5836,ESP,SPANISH,ESP,,,,,,,,CVL,MIGRANT,,,,,,CVL,,,1,090,090,09,2,-2.0,4,1,4,-1.79775280898876,1,Spain,SP,SP,,40,-4,SP,1,Spain,SP,SP,,40,-4,SP,1,Spain,SP,SP,,40,-4,SP,20260803001500,https://www.ncnewsonline.com/news/national/ceuta-grapples-with-aftermath-of-border-surge-after-most-migrants-leave-the-spanish-territory/article_7319b6a3-a3d4-55c5-bfa7-3826a91787df.html
1316522649,20260803,202608,2026,2026.5836,ESP,SPANISH,ESP,,,,,,,,CVL,MIGRANT,,,,,,CVL,,,1,128,128,12,3,-5.0,4,1,4,-1.79775280898876,1,Spain,SP,SP,,40,-4,SP,1,Spain,SP,SP,,40,-4,SP,1,Spain,SP,SP,,40,-4,SP,20260803001500,https://www.ncnewsonline.com/news/national/ceuta-grapples-with-aftermath-of-border-surge-after-most-migrants-leave-the-spanish-territory/article_7319b6a3-a3d4-55c5-bfa7-3826a91787df.html
1316522650,20260803,202608,2026,2026.5836,ESP,SPAIN,ESP,,,,,,,,ESPCOP,SPAIN,ESP,,,,,COP,,,1,153,153,15,4,-7.2,2,1,2,-7.31707317073171,4,"Cueta, Spain (general), Spain",SP,SP00,25810,35.8887,-5.31925,-377755,4,"Cueta, Spain (general), Spain",SP,SP00,25810,35.8887,-5.31925,-377755,4,"Cueta, Spain (general), Spain",SP,SP00,25810,35.8887,-5.31925,-377755,20260803001500,http://www.sierraleonetimes.com/news/279220074/unpredictable-dangerous-us-issues-cueta-travel-advisory-amid-massive-migrant-crisis
1316522651,20260803,202608,2026,2026.5836,ESP,SPANISH,ESP,,,,,,,,ESPMIL,SPAIN,ESP,,,,,MIL,,,0,070,070,07,2,7.0,4,1,4,-7.31707317073171,4,"Cueta, Spain (general), Spain",SP,SP00,25810,35.8887,-5.31925,-377755,4,"Cueta, Spain (general), Spain",SP,SP00,25810,35.8887,-5.31925,-377755,4,"Cueta, Spain (general), Spain",SP,SP00,25810,35.8887,-5.31925,-377755,20260803001500,http://www.sierraleonetimes.com/news/279220074/unpredictable-dangerous-us-issues-cueta-travel-advisory-amid-massive-migrant-crisis
1316522652,20260803,202608,2026,2026.5836,ESP,SPAIN,ESP,,,,,,,,ESPMIL,SPANISH,ESP,,,,,MIL,,,1,153,153,15,4,-7.2,8,1,8,-7.31707317073171,4,"Cueta, Spain (general), Spain",SP,SP00,25810,35.8887,-5.31925,-377755,4,"Cueta, Spain (general), Spain",SP,SP00,25810,35.8887,-5.31925,-377755,4,"Cueta, Spain (general), Spain",SP,SP00,25810,35.8887,-5.31925,-377755,20260803001500,http://www.sierraleonetimes.com/news/279220074/unpredictable-dangerous-us-issues-cueta-travel-advisory-amid-massive-migrant-crisis
1316522653,20260803,202608,2026,2026.5836,ESPGOV,SPANISH,ESP,,,,,GOV,,,,,,,,,,,,,1,010,010,01,1,0.0,3,1,3,-6.19621342512909,4,"Melilla, Spain (general), Spain",SP,SP00,25821,35.2839,-2.94307,-391809,0,,,,,,,,4,"Melilla, Spain (general), Spain",SP,SP00,25821,35.2839,-2.94307,-391809,20260803001500,https://www.perthnow.com.au/news/conflict/death-toll-from-migrant-rush-into-spanish-enclave-rises-c-22665701
1316522654,20260803,202608,2026,2026.5836,ESPGOV,SPANISH,ESP,,,,,GOV,,,CVL,MIGRANT,,,,,,CVL,,,1,090,090,09,2,-2.0,6,1,6,-1.79775280898876,1,Spain,SP,SP,,40,-4,SP,1,Spain,SP,SP,,40,-4,SP,1,Spain,SP,SP,,40,-4,SP,20260803001500,https://www.ncnewsonline.com/news/national/ceuta-grapples-with-aftermath-of-border-surge-after-most-migrants-leave-the-spanish-territory/article_7319b6a3-a3d4-55c5-bfa7-3826a91787df.html
1316522655,20260803,202608,2026,2026.5836,ESPGOV,SPANISH,ESP,,,,,GOV,,,CVL,MIGRANT,,,,,,CVL,,,1,128,128,12,3,-5.0,6,1,6,-1.79775280898876,1,Spain,SP,SP,,40,-4,SP,1,Spain,SP,SP,,40,-4,SP,1,Spain,SP,SP,,40,-4,SP,20260803001500,https://www.ncnewsonline.com/news/national/ceuta-grapples-with-aftermath-of-border-surge-after-most-migrants-leave-the-spanish-territory/article_7319b6a3-a3d4-55c5-bfa7-3826a91787df.html
1316522656,20260803,202608,2026,2026.5836,ESPMIL,SPANISH,ESP,,,,,MIL,,,,,,,,,,,,,0,070,070,07,2,7.0,6,1,6,-7.31707317073171,4,"Cueta, Spain (general), Spain",SP,SP00,25810,35.8887,-5.31925,-377755,0,,,,,,,,4,"Cueta, Spain (general), Spain",SP,SP00,25810,35.8887,-5.31925,-377755,20260803001500,http://www.sierraleonetimes.com/news/279220074/unpredictable-dangerous-us-issues-cueta-travel-advisory-amid-massive-migrant-crisis
1316522657,20260803,202608,2026,2026.5836,FJI,FIJI,FJI,,,,,,,,,,,,,,,,,,1,010,010,01,1,0.0,10,1,10,-3.93996247654784,1,Fiji,FJ,FJ,,-18,178,FJ,0,,,,,,,,1,Fiji,FJ,FJ,,-18,178,FJ,20260803001500,https://islandsbusiness.com/news-break/fijis-hiv-crisis-deepens-as-meth-use-drives-new-infections/
1316522658,20260803,202608,2026,2026.5836,FJI,FIJI,FJI,,,,,,,,MED,MEDIA,,,,,,MED,,,1,013,013,01,1,0.4,3,1,3,-3.93996247654784,1,Fiji,FJ,FJ,,-18,178,FJ,1,Fiji,FJ,FJ,,-18,178,FJ,1,Fiji,FJ,FJ,,-18,178,FJ,20260803001500,https://islandsbusiness.com/news-break/fijis-hiv-crisis-deepens-as-meth-use-drives-new-infections/
1316522659,20260803,202608,2026,2026.5836,FRA,FRANCE,FRA,,,,,,,,,,,,,,,,,,0,120,120,12,3,-4.0,2,1,2,-1.78739416745061,4,"Hardelot, Nord-Pas-de-Calais, France",FR,FRB4,16307,50.6333,1.5792,-1431435,0,,,,,,,,4,"Sandhurst, Gloucestershire, United Kingdom",UK,UKE6,40113,51.9167,-2.25,-2607068,20260803001500,https://www.aol.co.uk/articles/humiliation-burnham-channel-migrant-bill-234300000.html
1316522660,20260803,202608,2026,2026.5836,FRA,FRANCE,FRA,,,,,,,,GOV,FIREFIGHTER,,,,,,GOV,,,0,190,190,19,4,-10.0,2,1,2,-6.23556581986143,4,"Le Porge, Aquitaine, France",FR,FR97,16241,44.8728,-1.08889,-1442838,1,Ukraine,UP,UP,,49,32,UP,1,Ukraine,UP,UP,,49,32,UP,20260803001500,https://www.adn.com/nation-world/2026/08/02/2-killed-when-firefighting-helicopters-collide-near-athens-as-europes-wildfire-emergency-rages/
1316522661,20260803,202608,2026,2026.5836,FRA,FRANCE,FRA,,,,,,,,IDN,INDONESIA,IDN,,,,,,,,0,031,031,03,1,5.2,5,1,5,-0.28943560057887,1,France,FR,FR,,46,2,FR,4,"Perak, Indonesia (general), Indonesia",ID,ID00,18585,-7.56667,112.15,-2692262,1,France,FR,FR,,46,2,FR,20260803001500,https://www.freemalaysiatoday.com/category/nation/2026/08/03/malaysia-mulls-easing-rare-earth-export-curbs-to-meet-demand
1316522662,20260803,202608,2026,2026.5836,FRA,FRANCE,FRA,,,,,,,,IDN,INDONESIA,IDN,,,,,,,,0,031,031,03,1,5.2,1,1,1,-0.28943560057887,1,France,FR,FR,,46,2,FR,1,France,FR,FR,,46,2,FR,1,France,FR,FR,,46,2,FR,20260803001500,https://www.freemalaysiatoday.com/category/nation/2026/08/03/malaysia-mulls-easing-rare-earth-export-curbs-to-meet-demand
1316522663,20260803,202608,2026,2026.5836,FRA,FRANCE,FRA,,,,,,,,MIL,NAVY,,,,,,MIL,,,0,043,043,04,1,2.8,8,1,8,-1.78739416745061,4,"Hardelot, Nord-Pas-de-Calais, France",FR,FRB4,16307,50.6333,1.5792,-1431435,4,"Hardelot, Nord-Pas-de-Calais, France",FR,FRB4,16307,50.6333,1.5792,-1431435,4,"Hardelot, Nord-Pas-de-Calais, France",FR,FRB4,16307,50.6333,1.5792,-1431435,20260803001500,https://www.aol.co.uk/articles/humiliation-burnham-channel-migrant-bill-234300000.html
1316522664,20260803,202608,2026,2026.5836,FRA,FRANCE,FRA,,,,,,,,MIL,NAVY,,,,,,MIL,,,0,043,043,04,1,2.8,2,1,2,-1.78739416745061,4,"Sandhurst, Gloucestershire, United Kingdom",UK,UKE6,40113,51.9167,-2.25,-2607068,4,"Sandhurst, Gloucestershire, United Kingdom",UK,UKE6,40113,51.9167,-2.25,-2607068,4,"Sandhurst, Gloucestershire, United Kingdom",UK,UKE6,40113,51.9167,-2.25,-2607068,20260803001500,https://www.aol.co.uk/articles/humiliation-burnham-channel-migrant-bill-234300000.html
1316522665,20260803,202608,2026,2026.5836,FRA,FRANCE,FRA,,,,,,,,MYS,PERAK,MYS,,,,,,,,0,031,031,03,1,5.2,3,1,3,-0.28943560057887,1,France,FR,FR,,46,2,FR,4,"Perak, Indonesia (general), Indonesia",ID,ID00,18585,-7.56667,112.15,-2692262,1,France,FR,FR,,46,2,FR,20260803001500,https://www.freemalaysiatoday.com/category/nation/2026/08/03/malaysia-mulls-easing-rare-earth-export-curbs-to-meet-demand
1316522666,20260803,202608,2026,2026.5836,FRA,FRANCE,FRA,,,,,,,,MYS,PERAK,MYS,,,,,,,,0,031,031,03,1,5.2,1,1,1,-0.28943560057887,1,France,FR,FR,,46,2,FR,1,France,FR,FR,,46,2,FR,1,France,FR,FR,,46,2,FR,20260803001500,https://www.freemalaysiatoday.com/category/nation/2026/08/03/malaysia-mulls-easing-rare-earth-export-curbs-to-meet-demand
1316522667,20260803,202608,2026,2026.5836,GBR,UNITED KINGDOM,GBR,,,,,,,,,,,,,,,,,,1,010,010,01,1,0.0,1,1,1,0,4,"British Isles, United Kingdom (general), United Kingdom",UK,UK00,154724,54,-4,-2590926,0,,,,,,,,4,"English Channel, Oceans (general), Oceans",OS,OS00,,50,-1,-1506361,20260803001500,https://www.miragenews.com/uk-rissos-dolphins-form-single-population-1720415/
1316522668,20260803,202608,2026,2026.5836,GBR,BRITISH,GBR,,,,,,,,,,,,,,,,,,1,010,010,01,1,0.0,2,1,2,0,4,"British Isles, United Kingdom (general), United Kingdom",UK,UK00,154724,54,-4,-2590926,0,,,,,,,,4,"British Isles, United Kingdom (general), United Kingdom",UK,UK00,154724,54,-4,-2590926,20260803001500,https://www.miragenews.com/uk-rissos-dolphins-form-single-population-1720415/
1316522669,20260803,202608,2026,2026.5836,GBR,BRITISH,GBR,,,,,,,,,,,,,,,,,,1,020,020,02,1,3.0,10,1,10,0,4,"British Isles, United Kingdom (general), United Kingdom",UK,UK00,154724,54,-4,-2590926,0,,,,,,,,4,"British Isles, United Kingdom (general), United Kingdom",UK,UK00,154724,54,-4,-2590926,20260803001500,https://www.miragenews.com/uk-rissos-dolphins-form-single-population-1720415/
1316522670,20260803,202608,2026,2026.5836,GBR,UNITED KINGDOM,GBR,,,,,,,,,,,,,,,,,,0,020,020,02,1,3.0,2,1,2,0,4,"Exeter, Devon, United Kingdom",UK,UKD4,40104,50.7,-3.53333,-2595805,0,,,,,,,,4,"Exeter, Devon, United Kingdom",UK,UKD4,40104,50.7,-3.53333,-2595805,20260803001500,https://www.miragenews.com/uk-rissos-dolphins-form-single-population-1720415/
1316522671,20260803,202608,2026,2026.5836,GBR,LONDON,GBR,,,,,,,,,,,,,,,,,,1,020,020,02,1,3.0,6,1,6,-1.35135135135135,4,"Highbury, Islington, United Kingdom",UK,UKG3,40110,51.55,-0.1,-2598646,0,,,,,,,,4,"Highbury, Islington, United Kingdom",UK,UKG3,40110,51.55,-0.1,-2598646,20260803001500,https://www.standard.co.uk/news/london/cold-case-appeal-girl-disappear-london-nearly-fifty-years-met-police-sister-b1291921.html
1316522672,20260803,202608,2026,2026.5836,GBR,LONDON,GBR,,,,,,,,,,,,,,,,,,1,020,020,02,1,3.0,4,1,4,-1.35135135135135,4,"London, London, City of, United Kingdom",UK,UKH9,40110,51.5,-0.116667,-2601889,0,,,,,,,,4,"London, London, City of, United Kingdom",UK,UKH9,40110,51.5,-0.116667,-2601889,20260803001500,https://www.standard.co.uk/news/london/cold-case-appeal-girl-disappear-london-nearly-fifty-years-met-police-sister-b1291921.html
1316522673,20260803,202608,2026,2026.5836,GBR,UNITED KINGDOM,GBR,,,,,,,,,,,,,,,,,,0,040,040,04,1,1.0,4,1,4,-1.78739416745061,4,"Sandhurst, Gloucestershire, United Kingdom",UK,UKE6,40113,51.9167,-2.25,-2607068,0,,,,,,,,4,"Sandhurst, Gloucestershire, United Kingdom",UK,UKE6,40113,51.9167,-2.25,-2607068,20260803001500,https://www.aol.co.uk/articles/humiliation-burnham-channel-migrant-bill-234300000.html
1316522674,20260803,202608,2026,2026.5836,GBR,BRITAIN,GBR,,,,,,,,,,,,,,,,,,0,040,040,04,1,1.0,3,1,3,-1.78739416745061,4,"Sandhurst, Gloucestershire, United Kingdom",UK,UKE6,40113,51.9167,-2.25,-2607068,0,,,,,,,,1,Belgium,BE,BE,,50.833333,4,BE,20260803001500,https://www.aol.co.uk/articles/humiliation-burnham-channel-migrant-bill-234300000.html
1316522675,20260803,202608,2026,2026.5836,GBR,UNITED KINGDOM,GBR,,,,,,,,,,,,,,,,,,1,042,042,04,1,1.9,1,1,1,4.65116279069768,4,"Buckingham Palace, Westminster, United Kingdom",UK,UKP5,40110,51.5,-0.133333,-2591190,0,,,,,,,,4,"Buckingham Palace, Westminster, United Kingdom",UK,UKP5,40110,51.5,-0.133333,-2591190,20260803001500,https://www.realestate.com.au/news/prince-harry-offered-palace-room-after-eviction-fallout/
1316522676,20260803,202608,2026,2026.5836,GBR,UNITED KINGDOM,GBR,,,,,,,,,,,,,,,,,,1,042,042,04,1,1.9,6,1,6,3.93374741200828,4,"Leicester, Leicester, United Kingdom",UK,UKH4,40124,52.6333,-1.13333,-2600961,0,,,,,,,,4,"Leicester, Leicester, United Kingdom",UK,UKH4,40124,52.6333,-1.13333,-2600961,20260803001500,https://www.today.com/popculture/movies/zendaya-tom-holland-spider-man-brand-new-day-rcna590478
1316522677,20260803,202608,2026,2026.5836,GBR,UNITED KINGDOM,GBR,,,,,,,,,,,,,,,,,,1,042,042,04,1,1.9,4,1,4,3.93374741200828,4,"Leicester, Leicester, United Kingdom",UK,UKH4,40124,52.6333,-1.13333,-2600961,0,,,,,,,,1,United States,US,US,,39.828175,-98.5795,US,20260803001500,https://www.today.com/popculture/movies/zendaya-tom-holland-spider-man-brand-new-day-rcna590478
1316522678,20260803,202608,2026,2026.5836,GBR,UNITED KINGDOM,GBR,,,,,,,,,,,,,,,,,,1,042,042,04,1,1.9,7,1,7,4.65116279069768,4,"Sussex, East Sussex, United Kingdom",UK,UKE2,40137,50.9167,-0.083333,-2609142,0,,,,,,,,4,"Sussex, East Sussex, United Kingdom",UK,UKE2,40137,50.9167,-0.083333,-2609142,20260803001500,https://www.realestate.com.au/news/prince-harry-offered-palace-room-after-eviction-fallout/
1316522679,20260803,202608,2026,2026.5836,GBR,LONDON,GBR,,,,,,,,,,,,,,,,,,1,043,043,04,1,2.8,3,1,2,4.65116279069768,4,"Buckingham Palace, Westminster, United Kingdom",UK,UKP5,40110,51.5,-0.133333,-2591190,0,,,,,,,,4,"Buckingham Palace, Westminster, United Kingdom",UK,UKP5,40110,51.5,-0.133333,-2591190,20260803001500,https://www.realestate.com.au/news/prince-harry-offered-palace-room-after-eviction-fallout/
1316522680,20260803,202608,2026,2026.5836,GBR,UNITED KINGDOM,GBR,,,,,,,,,,,,,,,,,,1,043,043,04,1,2.8,2,1,2,-1.35135135135135,4,"London, London, City of, United Kingdom",UK,UKH9,40110,51.5,-0.116667,-2601889,0,,,,,,,,4,"London, London, City of, United Kingdom",UK,UKH9,40110,51.5,-0.116667,-2601889,20260803001500,https://www.standard.co.uk/news/london/cold-case-appeal-girl-disappear-london-nearly-fifty-years-met-police-sister-b1291921.html
1316522681,20260803,202608,2026,2026.5836,GBR,UNITED KINGDOM,GBR,,,,,,,,,,,,,,,,,,1,051,051,05,1,3.4,2,1,2,7.14285714285714,4,"Andover, Hampshire, United Kingdom",UK,UKF2,40112,51.2,-1.48333,-2588265,0,,,,,,,,4,"Andover, Hampshire, United Kingdom",UK,UKF2,40112,51.2,-1.48333,-2588265,20260803001500,https://www.andoveradvertiser.co.uk/news/26423382.stannah-helping-inspire-next-generation-stem/
1316522682,20260803,202608,2026,2026.5836,GBR,UNITED KINGDOM,GBR,,,,,,,,,,,,,,,,,,1,071,071,07,2,7.4,7,1,7,7.14285714285714,4,"Andover, Hampshire, United Kingdom",UK,UKF2,40112,51.2,-1.48333,-2588265,0,,,,,,,,4,"Andover, Hampshire, United Kingdom",UK,UKF2,40112,51.2,-1.48333,-2588265,20260803001500,https://www.andoveradvertiser.co.uk/news/26423382.stannah-helping-inspire-next-generation-stem/
1316522683,20260803,202608,2026,2026.5836,GBR,LONDON,GBR,,,,,,,,,,,,,,,,,,0,112,112,11,3,-2.0,7,1,7,-1.78739416745061,4,"London, London, City of, United Kingdom",UK,UKH9,40110,51.5,-0.116667,-2601889,0,,,,,,,,4,"London, London, City of, United Kingdom",UK,UKH9,40110,51.5,-0.116667,-2601889,20260803001500,https://www.aol.co.uk/articles/humiliation-burnham-channel-migrant-bill-234300000.html
1316522684,20260803,202608,2026,2026.5836,GBR,BRITISH,GBR,,,,,,,,CAN,VANCOUVER,CAN,,,,,,,,1,043,043,04,1,2.8,1,1,1,-1.87932739861523,4,"Vancouver, British Columbia, Canada",CA,CA02,12552,49.25,-123.133,-575268,4,"Vancouver, British Columbia, Canada",CA,CA02,12552,49.25,-123.133,-575268,1,United Kingdom,UK,UK,,54,-4,UK,20260803001500,https://www.adn.com/nation-world/2026/08/02/flight-attendants-at-canadas-westjet-go-on-strike-in-dispute-over-pay/
1316522685,20260803,202608,2026,2026.5836,GBR,BRITISH,GBR,,,,,,,,CAN,VANCOUVER,CAN,,,,,,,,0,043,043,04,1,2.8,1,1,1,-5.17241379310345,3,"Washington, District of Columbia, United States",US,USDC,DC001,38.8951,-77.0364,531871,3,"Washington, District of Columbia, United States",US,USDC,DC001,38.8951,-77.0364,531871,3,"Washington, District of Columbia, United States",US,USDC,DC001,38.8951,-77.0364,531871,20260803001500,https://www.woonsocketcall.com/news/national_and_world_news/ap-news-in-brief-at-6-04-p-m-edt/article_99c8525c-601c-5724-bc59-df4036c633f2.html
1316522686,20260803,202608,2026,2026.5836,GBR,BRITISH,GBR,,,,,,,,CAN,VANCOUVER,CAN,,,,,,,,1,043,043,04,1,2.8,2,2,2,-3.52587059585934,1,United Kingdom,UK,UK,,54,-4,UK,4,"Vancouver, British Columbia, Canada",CA,CA02,12552,49.25,-123.133,-575268,4,"Vancouver, British Columbia, Canada",CA,CA02,12552,49.25,-123.133,-575268,20260803001500,https://www.adn.com/nation-world/2026/08/02/flight-attendants-at-canadas-westjet-go-on-strike-in-dispute-over-pay/
1316522687,20260803,202608,2026,2026.5836,GBR,UNITED KINGDOM,GBR,,,,,,,,CVL,MIGRANT,,,,,,CVL,,,0,043,043,04,1,2.8,20,1,10,-1.78739416745061,4,"Dover, Kent, United Kingdom",UK,UKG5,40117,51.1333,1.3,-2594561,4,"Dover, Kent, United Kingdom",UK,UKG5,40117,51.1333,1.3,-2594561,4,"Dover, Kent, United Kingdom",UK,UKG5,40117,51.1333,1.3,-2594561,20260803001500,https://www.aol.co.uk/articles/humiliation-burnham-channel-migrant-bill-234300000.html
1316522688,20260803,202608,2026,2026.5836,GBR,UNITED KINGDOM,GBR,,,,,,,,FRA,FRANCE,FRA,,,,,,,,0,120,120,12,3,-4.0,6,1,6,-1.78739416745061,4,"Sandhurst, Gloucestershire, United Kingdom",UK,UKE6,40113,51.9167,-2.25,-2607068,4,"Hardelot, Nord-Pas-de-Calais, France",FR,FRB4,16307,50.6333,1.5792,-1431435,4,"Sandhurst, Gloucestershire, United Kingdom",UK,UKE6,40113,51.9167,-2.25,-2607068,20260803001500,https://www.aol.co.uk/articles/humiliation-burnham-channel-migrant-bill-234300000.html
1316522689,20260803,202608,2026,2026.5836,GBR,UNITED KINGDOM,GBR,,,,,,,,FRA,FRANCE,FRA,,,,,,,,0,120,120,12,3,-4.0,2,1,2,-1.78739416745061,4,"Sandhurst, Gloucestershire, United Kingdom",UK,UKE6,40113,51.9167,-2.25,-2607068,4,"Sandhurst, Gloucestershire, United Kingdom",UK,UKE6,40113,51.9167,-2.25,-2607068,4,"Sandhurst, Gloucestershire, United Kingdom",UK,UKE6,40113,51.9167,-2.25,-2607068,20260803001500,https://www.aol.co.uk/articles/humiliation-burnham-channel-migrant-bill-234300000.html
1316522690,20260803,202608,2026,2026.5836,GBR,BRITAIN,GBR,,,,,,,,GOV,PRINCE,,,,,,GOV,,,1,043,043,04,1,2.8,8,1,8,4.65116279069768,4,"Buckingham Palace, Westminster, United Kingdom",UK,UKP5,40110,51.5,-0.133333,-2591190,4,"Buckingham Palace, Westminster, United Kingdom",UK,UKP5,40110,51.5,-0.133333,-2591190,4,"Buckingham Palace, Westminster, United Kingdom",UK,UKP5,40110,51.5,-0.133333,-2591190,20260803001500,https://www.realestate.com.au/news/prince-harry-offered-palace-room-after-eviction-fallout/
1316522691,20260803,202608,2026,2026.5836,GBR,LONDON,GBR,,,,,,,,GOV,PRINCE,,,,,,GOV,,,1,043,043,04,1,2.8,2,1,2,4.65116279069768,4,"London, London, City of, United Kingdom",UK,UKH9,40110,51.5,-0.116667,-2601889,4,"Buckingham Palace, Westminster, United Kingdom",UK,UKP5,40110,51.5,-0.133333,-2591190,4,"London, London, City of, United Kingdom",UK,UKH9,40110,51.5,-0.116667,-2601889,20260803001500,https://www.realestate.com.au/news/prince-harry-offered-palace-room-after-eviction-fallout/
1316522692,20260803,202608,2026,2026.5836,GBR,LONDON,GBR,,,,,,,,GOV,PRINCE,,,,,,GOV,,,1,043,043,04,1,2.8,6,1,6,4.65116279069768,4,"London, London, City of, United Kingdom",UK,UKH9,40110,51.5,-0.116667,-2601889,4,"London, London, City of, United Kingdom",UK,UKH9,40110,51.5,-0.116667,-2601889,4,"London, London, City of, United Kingdom",UK,UKH9,40110,51.5,-0.116667,-2601889,20260803001500,https://www.realestate.com.au/news/prince-harry-offered-palace-room-after-eviction-fallout/
1316522693,20260803,202608,2026,2026.5836,GBR,UNITED KINGDOM,GBR,,,,,,,,GRC,ATTICA,GRC,,,,,,,,1,042,042,04,1,1.9,1,1,1,-7.23192019950124,1,United Kingdom,UK,UK,,54,-4,UK,1,Greece,GR,GR,,39,22,GR,1,Greece,GR,GR,,39,22,GR,20260803001500,https://www.euronews.com/my-europe/2026/08/02/afghan-arrested-over-murder-of-38-year-old-briton-found-in-suitcase-in-greece
1316522694,20260803,202608,2026,2026.5836,GBR,UNITED KINGDOM,GBR,,,,,,,,GRC,GREECE,GRC,,,,,,,,1,090,090,09,2,-2.0,1,1,1,-7.23192019950124,1,United Kingdom,UK,UK,,54,-4,UK,1,United Kingdom,UK,UK,,54,-4,UK,1,United Kingdom,UK,UK,,54,-4,UK,20260803001500,https://www.euronews.com/my-europe/2026/08/02/afghan-arrested-over-murder-of-38-year-old-briton-found-in-suitcase-in-greece
1316522695,20260803,202608,2026,2026.5836,GBR,BRITISH,GBR,,,,,,,,GRC,GREECE,GRC,,,,,,,,1,190,190,19,4,-10.0,4,1,4,-5.91715976331361,4,"Athens, AttikíR, Greece",GR,GR35,16716,37.9833,23.7333,-814876,4,"Athens, AttikíR, Greece",GR,GR35,16716,37.9833,23.7333,-814876,4,"Athens, AttikíR, Greece",GR,GR35,16716,37.9833,23.7333,-814876,20260803001500,https://english.news.cn/20260803/5965d4a411d54adda53eb58ea1d5b6d2/c.html
1316522696,20260803,202608,2026,2026.5836,GBR,UNITED KINGDOM,GBR,,,,,,,,MED,MEDIA,,,,,,MED,,,0,010,010,01,1,0.0,2,1,2,-4.79041916167664,1,United Kingdom,UK,UK,,54,-4,UK,1,United Kingdom,UK,UK,,54,-4,UK,1,United Kingdom,UK,UK,,54,-4,UK,20260803001500,https://english.news.cn/20260803/332547dfd34b41ce9d70624ee184978f/c.html
1316522697,20260803,202608,2026,2026.5836,GBR,UNITED KINGDOM,GBR,,,,,,,,MILMIL,BORDER SECURITY,,,,,,MIL,MIL,,0,040,040,04,1,1.0,2,1,2,-1.78739416745061,4,"Dover, Kent, United Kingdom",UK,UKG5,40117,51.1333,1.3,-2594561,4,"Dover, Kent, United Kingdom",UK,UKG5,40117,51.1333,1.3,-2594561,4,"Dover, Kent, United Kingdom",UK,UKG5,40117,51.1333,1.3,-2594561,20260803001500,https://www.aol.co.uk/articles/humiliation-burnham-channel-migrant-bill-234300000.html
1316522698,20260803,202608,2026,2026.5836,GBRGOV,UNITED KINGDOM,GBR,,,,,GOV,,,sco,SCOTTISH,,,sco,,,,,,0,071,071,07,2,7.4,8,1,8,0,4,"Glasgow, Glasgow City, United Kingdom",UK,UKV2,40176,55.8333,-4.25,-2597039,4,"Glasgow, Glasgow City, United Kingdom",UK,UKV2,40176,55.8333,-4.25,-2597039,4,"Glasgow, Glasgow City, United Kingdom",UK,UKV2,40176,55.8333,-4.25,-2597039,20260803001500,https://www.miragenews.com/uk-rissos-dolphins-form-single-population-1720415/
1316522699,20260803,202608,2026,2026.5836,GBRGOV,UNITED KINGDOM,GBR,,,,,GOV,,,sco,SCOTTISH,,,sco,,,,,,0,071,071,07,2,7.4,2,1,2,0,1,Taiwan,TW,TW,,24,121,TW,4,"Glasgow, Glasgow City, United Kingdom",UK,UKV2,40176,55.8333,-4.25,-2597039,4,"Glasgow, Glasgow City, United Kingdom",UK,UKV2,40176,55.8333,-4.25,-2597039,20260803001500,https://www.miragenews.com/uk-rissos-dolphins-form-single-population-1720415/
1316522700,20260803,202608,2026,2026.5836,GHA,GHANA,GHA,,,,,,,,,,,,,,,,,,0,036,036,03,1,4.0,10,1,10,0.139860139860151,1,Ghana,GH,GH,,8,-2,GH,0,,,,,,,,1,Ghana,GH,GH,,8,-2,GH,20260803001500,"https://www.expertclick.com/NewsRelease/I-could-really-use-some-investing-advice-from-those-crackpots-in-my-Ghanaian-vi-Patrick-Asare-,2026316161.aspx"
1316522701,20260803,202608,2026,2026.5836,GOV,A CABINET MEETING,,,,,,GOV,,,,,,,,,,,,,1,010,010,01,1,0.0,6,1,6,-2.28310502283105,4,"Tehran, Tehran, Iran",IR,IR26,41130,35.75,51.5148,10074674,0,,,,,,,,1,Oman,MU,MU,,21,57,MU,20260803001500,https://english.news.cn/20260803/383aa52c9a4f46c4a940bf9b94ce1600/c.html
1316522702,20260803,202608,2026,2026.5836,GOV,MINIST,,,,,,GOV,,,,,,,,,,,,,1,010,010,01,1,0.0,13,1,10,-0.28943560057887,1,Malaysia,MY,MY,,2.5,112.5,MY,0,,,,,,,,1,Malaysia,MY,MY,,2.5,112.5,MY,20260803001500,https://www.freemalaysiatoday.com/category/nation/2026/08/03/malaysia-mulls-easing-rare-earth-export-curbs-to-meet-demand
1316522703,20260803,202608,2026,2026.5836,GOV,GOVERNMENT,,,,,,GOV,,,,,,,,,,,,,0,012,012,01,1,-0.4,10,1,10,7.42574257425739,0,,,,,,,,0,,,,,,,,0,,,,,,,,20260803001500,https://www.miragenews.com/10000-health-workers-boost-queensland-frontline-1720445/
1316522704,20260803,202608,2026,2026.5836,GOV,AUTHORITIES,,,,,,GOV,,,,,,,,,,,,,1,012,012,01,1,-0.4,10,1,10,-0.16806722689076,5,"Waikato, Waikato, New Zealand",NZ,NZG1,22389,-38,175.5,11483309,0,,,,,,,,5,"Waikato, Waikato, New Zealand",NZ,NZG1,22389,-38,175.5,11483309,20260803001500,https://business.scoop.co.nz/2026/08/03/councils-seek-relief-from-irrelevant-costs-given-looming-government-reform/
1316522705,20260803,202608,2026,2026.5836,GOV,STATE OFFICIAL,,,,,,GOV,,,,,,,,,,,,,1,014,014,01,1,0.0,10,1,10,1.61290322580646,3,"Rocky Hill, Connecticut, United States",US,USCT,CT003,41.6648,-72.6393,210273,0,,,,,,,,3,"Rocky Hill, Connecticut, United States",US,USCT,,41.6648,-72.6393,210273,20260803001500,https://www.wfsb.com/2026/08/02/connecticut-early-voting-begins-ahead-august-primary-election/
1316522706,20260803,202608,2026,2026.5836,GOV,RULER,,,,,,GOV,,,,,,,,,,,,,1,020,020,02,1,3.0,30,2,20,4.07831644411423,0,,,,,,,,0,,,,,,,,0,,,,,,,,20260803001500,https://www.thestar.com.my/news/nation/2026/08/03/negri-ruler-urges-mb-reps-to-uphold-loyalty-to-monarchy
1316522707,20260803,202608,2026,2026.5836,GOV,CHANCELLOR,,,,,,GOV,,,,,,,,,,,,,1,020,020,02,1,3.0,6,1,6,2.35756385068762,4,"Crookwell, New South Wales, Australia",AS,AS02,154641,-34.4593,149.471,-1568133,0,,,,,,,,4,"Crookwell, New South Wales, Australia",AS,AS02,154641,-34.4593,149.471,-1568133,20260803001500,https://www.crookwellgazette.com.au/story/9320453/brian-schmidt-future-funding-policy-sparks-concern/
1316522708,20260803,202608,2026,2026.5836,GOV,REGULATOR,,,,,,GOV,,,,,,,,,,,,,1,040,040,04,1,1.0,10,1,10,-6.04288499025341,2,"California, United States",US,USCA,,36.17,-119.746,CA,0,,,,,,,,2,"California, United States",US,USCA,,36.17,-119.746,CA,20260803001500,https://www.mondaq.com:443/unitedstates/consumer-law/1825234/ftc-california-and-utah-target-deceptive-billing-and-health-data-sharing
1316522709,20260803,202608,2026,2026.5836,GOV,PRIME MINISTER,,,,,,GOV,,,,,,,,,,,,,1,041,041,04,1,1.0,9,2,9,-0.508477502676197,1,Saudi Arabia,SA,SA,,25,45,SA,0,,,,,,,,1,Saudi Arabia,SA,SA,,25,45,SA,20260803001500,https://english.news.cn/20260803/57364110d1584ec09e3b6b5d49b148f6/c.html
1316522710,20260803,202608,2026,2026.5836,GOV,PRESIDENT,,,,,,GOV,,,,,,,,,,,,,1,051,051,05,1,3.4,5,1,5,3.27868852459016,1,Jordan,JO,JO,,31,36,JO,0,,,,,,,,1,Jordan,JO,JO,,31,36,JO,20260803001500,https://nationnews.com/2026/08/02/centenarian-eunice-celebrates-with-family/
1316522711,20260803,202608,2026,2026.5836,GOV,CHIEF EXECUTIVE,,,,,,GOV,,,,,,,,,,,,,1,070,070,07,2,7.0,10,1,10,1.67427701674277,0,,,,,,,,0,,,,,,,,0,,,,,,,,20260803001500,https://business.scoop.co.nz/2026/08/03/jump-in-kiwisaver-switches-should-you-move-to-a-new-provider/
1316522712,20260803,202608,2026,2026.5836,GOV,CHIEF EXECUTIVE,,,,,,GOV,,,,,,,,,,,,,1,071,071,07,2,7.4,20,2,20,3.62285279408567,0,,,,,,,,0,,,,,,,,0,,,,,,,,20260803001500,https://business.scoop.co.nz/2026/08/03/jump-in-kiwisaver-switches-should-you-move-to-a-new-provider/
1316522713,20260803,202608,2026,2026.5836,GOV,MINIST,,,,,,GOV,,,,,,,,,,,,,1,071,071,07,2,7.4,5,1,5,2.37288135593221,4,"Monaghan, Monaghan, Ireland",EI,EI22,18300,54.25,-6.96667,-1504566,0,,,,,,,,4,"Monaghan, Monaghan, Ireland",EI,EI22,18300,54.25,-6.96667,-1504566,20260803001500,https://www.thejournal.ie/mental-health-funding-increase-7119753-Aug2026/
1316522714,20260803,202608,2026,2026.5836,GOV,GOVERNMENT,,,,,,GOV,,,,,,,,,,,,,0,071,071,07,2,7.4,10,1,10,-0.16806722689076,4,"Kapiti, New Zealand (general), New Zealand",NZ,NZ00,22391,-40.9167,175,-1511615,0,,,,,,,,4,"Kapiti, New Zealand (general), New Zealand",NZ,NZ00,22391,-40.9167,175,-1511615,20260803001500,https://business.scoop.co.nz/2026/08/03/councils-seek-relief-from-irrelevant-costs-given-looming-government-reform/
1316522715,20260803,202608,2026,2026.5836,GOV,CHANCELLOR,,,,,,GOV,,,,,,,,,,,,,1,071,071,07,2,7.4,2,1,2,2.35756385068762,4,"Crookwell, New South Wales, Australia",AS,AS02,154641,-34.4593,149.471,-1568133,0,,,,,,,,4,"Crookwell, New South Wales, Australia",AS,AS02,154641,-34.4593,149.471,-1568133,20260803001500,https://www.crookwellgazette.com.au/story/9320453/brian-schmidt-future-funding-policy-sparks-concern/
1316522716,20260803,202608,2026,2026.5836,GOV,CHANCELLOR,,,,,,GOV,,,,,,,,,,,,,1,071,071,07,2,7.4,4,1,4,2.35756385068762,4,"Crookwell, New South Wales, Australia",AS,AS02,154641,-34.4593,149.471,-1568133,0,,,,,,,,4,"Sydney, New South Wales, Australia",AS,AS02,154637,-33.8833,151.217,-1603135,20260803001500,https://www.crookwellgazette.com.au/story/9320453/brian-schmidt-future-funding-policy-sparks-concern/
1316522717,20260803,202608,2026,2026.5836,GOV,GOVERNMENT,,,,,,GOV,,,,,,,,,,,,,0,071,071,07,2,7.4,4,1,4,0.94149293880296,4,"Calgary, Alberta, Canada",CA,CA01,12549,51.0833,-114.083,-561990,0,,,,,,,,4,"Calgary, Alberta, Canada",CA,CA01,12549,51.0833,-114.083,-561990,20260803001500,https://edmontonsun.com/news/local-news/edmonton-heritage-festival-shutdown-winds
1316522718,20260803,202608,2026,2026.5836,GOV,GOVERNMENT,,,,,,GOV,,,,,,,,,,,,,0,071,071,07,2,7.4,6,1,6,0.94149293880296,4,"Quebec, Quebec, Canada",CA,CA10,12750,47.5,-72,-571850,0,,,,,,,,4,"Quebec, Quebec, Canada",CA,CA10,12750,47.5,-72,-571850,20260803001500,https://edmontonsun.com/news/local-news/edmonton-heritage-festival-shutdown-winds
1316522719,20260803,202608,2026,2026.5836,GOV,GOVERNMENT,,,,,,GOV,,,,,,,,,,,,,1,071,071,07,2,7.4,10,1,10,-1.82370820668693,1,Australia,AS,AS,,-25,135,AS,0,,,,,,,,1,Australia,AS,AS,,-25,135,AS,20260803001500,https://www.adnews.com.au/news/news-bargaining-incentive-tweaks-spark-backlash
1316522720,20260803,202608,2026,2026.5836,GOV,GOVERNMENT,,,,,,GOV,,,,,,,,,,,,,0,071,071,07,2,7.4,10,1,10,2.98769771528998,1,New Zealand,NZ,NZ,,-42,174,NZ,0,,,,,,,,1,New Zealand,NZ,NZ,,-42,174,NZ,20260803001500,https://www.miragenews.com/school-training-program-to-offer-660-spots-1720385/
1316522721,20260803,202608,2026,2026.5836,GOV,PRIME MINISTER,,,,,,GOV,,,,,,,,,,,,,0,0831,083,08,2,5.0,10,1,10,-3.28282828282829,1,Tonga,TN,TN,,-20,-175,TN,0,,,,,,,,1,Tonga,TN,TN,,-20,-175,TN,20260803001500,https://www.rnz.co.nz/news/pacific/871234/tonga-to-hold-two-by-elections-after-ministers-quit-over-bribery-convictions
1316522722,20260803,202608,2026,2026.5836,GOV,AUTHORITIES,,,,,,GOV,,,,,,,,,,,,,1,090,090,09,2,-2.0,6,1,6,-0.46403712296984,4,"Tehran, Tehran, Iran",IR,IR26,41130,35.75,51.5148,10074674,0,,,,,,,,4,"Tehran, Tehran, Iran",IR,IR26,41130,35.75,51.5148,10074674,20260803001500,https://aninews.in/news/world/middle-east/explosion-reported-near-tanker-off-oman-coast-crew-safe-ukmto20260803052934/
1316522723,20260803,202608,2026,2026.5836,GOV,AUTHORITIES,,,,,,GOV,,,,,,,,,,,,,1,090,090,09,2,-2.0,2,1,2,-0.46403712296984,3,"Washington, District of Columbia, United States",US,USDC,DC001,38.8951,-77.0364,531871,0,,,,,,,,4,"Tehran, Tehran, Iran",IR,IR26,41130,35.75,51.5148,10074674,20260803001500,https://aninews.in/news/world/middle-east/explosion-reported-near-tanker-off-oman-coast-crew-safe-ukmto20260803052934/
1316522724,20260803,202608,2026,2026.5836,GOV,AUTHORITIES,,,,,,GOV,,,,,,,,,,,,,1,090,090,09,2,-2.0,2,1,2,-0.46403712296984,3,"Washington, District of Columbia, United States",US,USDC,DC001,38.8951,-77.0364,531871,0,,,,,,,,3,"Washington, District of Columbia, United States",US,USDC,DC001,38.8951,-77.0364,531871,20260803001500,https://aninews.in/news/world/middle-east/explosion-reported-near-tanker-off-oman-coast-crew-safe-ukmto20260803052934/
1316522725,20260803,202608,2026,2026.5836,GOV,GOVERNMENT,,,,,,GOV,,,,,,,,,,,,,0,1043,104,10,3,-5.0,10,1,10,-6.19621342512909,1,Morocco,MO,MO,,32,-5,MO,0,,,,,,,,1,Morocco,MO,MO,,32,-5,MO,20260803001500,https://www.perthnow.com.au/news/conflict/death-toll-from-migrant-rush-into-spanish-enclave-rises-c-22665701
1316522726,20260803,202608,2026,2026.5836,GOV,AUTHORITIES,,,,,,GOV,,,,,,,,,,,,,0,166,166,16,4,-7.0,1,1,1,-6.23556581986143,4,"Athens, AttikíR, Greece",GR,GR35,16716,37.9833,23.7333,-814876,0,,,,,,,,4,"Gulf Of Corinth, Greece (general), Greece",GR,GR00,16719,38.2,22.5,-821192,20260803001500,https://www.adn.com/nation-world/2026/08/02/2-killed-when-firefighting-helicopters-collide-near-athens-as-europes-wildfire-emergency-rages/
1316522727,20260803,202608,2026,2026.5836,GOV,AUTHORITIES,,,,,,GOV,,,,,,,,,,,,,0,166,166,16,4,-7.0,2,1,2,-6.23556581986143,4,"Gulf Of Corinth, Greece (general), Greece",GR,GR00,16719,38.2,22.5,-821192,0,,,,,,,,4,"Gulf Of Corinth, Greece (general), Greece",GR,GR00,16719,38.2,22.5,-821192,20260803001500,https://www.adn.com/nation-world/2026/08/02/2-killed-when-firefighting-helicopters-collide-near-athens-as-europes-wildfire-emergency-rages/
1316522728,20260803,202608,2026,2026.5836,GOV,CHANCELLOR,,,,,,GOV,,,AUS,AUSTRALIA,AUS,,,,,,,,1,020,020,02,1,3.0,4,1,2,2.35756385068762,4,"Crookwell, New South Wales, Australia",AS,AS02,154641,-34.4593,149.471,-1568133,4,"Crookwell, New South Wales, Australia",AS,AS02,154641,-34.4593,149.471,-1568133,4,"Crookwell, New South Wales, Australia",AS,AS02,154641,-34.4593,149.471,-1568133,20260803001500,https://www.crookwellgazette.com.au/story/9320453/brian-schmidt-future-funding-policy-sparks-concern/
1316522729,20260803,202608,2026,2026.5836,GOV,CHANCELLOR,,,,,,GOV,,,AUS,AUSTRALIA,AUS,,,,,,,,1,020,020,02,1,3.0,8,2,4,2.50742539795492,4,"Sydney, New South Wales, Australia",AS,AS02,154637,-33.8833,151.217,-1603135,4,"Sydney, New South Wales, Australia",AS,AS02,154637,-33.8833,151.217,-1603135,4,"Sydney, New South Wales, Australia",AS,AS02,154637,-33.8833,151.217,-1603135,20260803001500,https://www.thecourier.com.au/story/9320453/brian-schmidt-future-funding-policy-sparks-concern/
1316522730,20260803,202608,2026,2026.5836,GOV,GOVERNMENT,,,,,,GOV,,,AUS,AUSTRALIAN,AUS,,,,,,,,1,036,036,03,1,4.0,10,1,10,-2.53456221198157,1,Australia,AS,AS,,-25,135,AS,1,Australia,AS,AS,,-25,135,AS,1,Australia,AS,AS,,-25,135,AS,20260803001500,https://www.perthnow.com.au/news/politics/federal-politics/mark-butler-defends-labors-private-health-rebate-cuts-as-coalition-warns-of-longer-public-hospital-waits-c-22654818
1316522731,20260803,202608,2026,2026.5836,GOV,GOVERNMENT,,,,,,GOV,,,AUS,QUEENSLAND,AUS,,,,,,,,0,046,046,04,1,7.0,10,1,10,1.26582278481013,0,,,,,,,,0,,,,,,,,0,,,,,,,,20260803001500,https://www.miragenews.com/redcliffe-hospital-rescue-plan-secures-major-1720446/
1316522732,20260803,202608,2026,2026.5836,GOV,CHANCELLOR,,,,,,GOV,,,AUS,AUSTRALIA,AUS,,,,,,,,1,071,071,07,2,7.4,4,1,2,2.35756385068762,4,"Crookwell, New South Wales, Australia",AS,AS02,154641,-34.4593,149.471,-1568133,4,"Crookwell, New South Wales, Australia",AS,AS02,154641,-34.4593,149.471,-1568133,4,"Crookwell, New South Wales, Australia",AS,AS02,154641,-34.4593,149.471,-1568133,20260803001500,https://www.crookwellgazette.com.au/story/9320453/brian-schmidt-future-funding-policy-sparks-concern/
1316522733,20260803,202608,2026,2026.5836,GOV,CHANCELLOR,,,,,,GOV,,,AUS,AUSTRALIA,AUS,,,,,,,,1,071,071,07,2,7.4,8,2,4,2.50742539795492,4,"Sydney, New South Wales, Australia",AS,AS02,154637,-33.8833,151.217,-1603135,4,"Sydney, New South Wales, Australia",AS,AS02,154637,-33.8833,151.217,-1603135,4,"Sydney, New South Wales, Australia",AS,AS02,154637,-33.8833,151.217,-1603135,20260803001500,https://www.thecourier.com.au/story/9320453/brian-schmidt-future-funding-policy-sparks-concern/
1316522734,20260803,202608,2026,2026.5836,GOV,AUTHORITIES,,,,,,GOV,,,BUS,CARGO VESSEL,,,,,,BUS,,,1,040,040,04,1,1.0,10,1,10,-1.89075630252101,4,"Surabaya, Jawa Timur, Indonesia",ID,ID08,18585,-7.24917,112.751,-2698521,4,"Surabaya, Jawa Timur, Indonesia",ID,ID08,18585,-7.24917,112.751,-2698521,4,"Surabaya, Jawa Timur, Indonesia",ID,ID08,18585,-7.24917,112.751,-2698521,20260803001500,https://www.perthnow.com.au/news/world/five-dead-dozens-missing-as-passenger-ferry-catches-fire-in-indonesia-c-22665952
1316522735,20260803,202608,2026,2026.5836,GOV,MINISTRY,,,,,,GOV,,,COP,PRISON,,,,,,COP,,,0,090,090,09,2,-2.0,10,1,10,0.16068559185859,0,,,,,,,,0,,,,,,,,0,,,,,,,,20260803001500,https://www.smn-news.com/index.php/st-maarten-st-martin-news/51227-unops-us-90-000-contract-with-tackling-firm-raises-conflict-questions-after-agency-advises-justice-minister-on-heyliger.html
1316522736,20260803,202608,2026,2026.5836,GOV,CHIEF MINISTER,,,,,,GOV,,,COP,POLICE,,,,,,COP,,,0,111,111,11,3,-2.0,8,1,8,-10.8156028368794,4,"Peshawar, North-West Frontier, Pakistan",PK,PK03,40347,34.0078,71.5733,-2771364,4,"Peshawar, North-West Frontier, Pakistan",PK,PK03,40347,34.0078,71.5733,-2771364,4,"Peshawar, North-West Frontier, Pakistan",PK,PK03,40347,34.0078,71.5733,-2771364,20260803001500,https://aninews.in/news/world/asia/at-least-14-killed-in-suicide-bombing-outside-pakistan-police-station20260803015813/
1316522737,20260803,202608,2026,2026.5836,GOV,STATE OFFICIAL,,,,,,GOV,,,CVL,VOTER,,,,,,CVL,,,1,020,020,02,1,3.0,10,1,10,1.61290322580646,3,"Rocky Hill, Connecticut, United States",US,USCT,CT003,41.6648,-72.6393,210273,3,"Rocky Hill, Connecticut, United States",US,USCT,,41.6648,-72.6393,210273,3,"Rocky Hill, Connecticut, United States",US,USCT,,41.6648,-72.6393,210273,20260803001500,https://www.wfsb.com/2026/08/02/connecticut-early-voting-begins-ahead-august-primary-election/
1316522738,20260803,202608,2026,2026.5836,GOV,PRIME MINISTER,,,,,,GOV,,,CVL,MIGRANT,,,,,,CVL,,,0,090,090,09,2,-2.0,10,1,10,-1.78739416745061,4,"London, London, City of, United Kingdom",UK,UKH9,40110,51.5,-0.116667,-2601889,4,"London, London, City of, United Kingdom",UK,UKH9,40110,51.5,-0.116667,-2601889,4,"London, London, City of, United Kingdom",UK,UKH9,40110,51.5,-0.116667,-2601889,20260803001500,https://www.aol.co.uk/articles/humiliation-burnham-channel-migrant-bill-234300000.html
1316522739,20260803,202608,2026,2026.5836,GOV,MINISTRY,,,,,,GOV,,,CVL,MIGRANT,,,,,,CVL,,,0,112,112,11,3,-2.0,10,1,10,-6.19621342512909,4,"Melilla, Spain (general), Spain",SP,SP00,25821,35.2839,-2.94307,-391809,4,"Melilla, Spain (general), Spain",SP,SP00,25821,35.2839,-2.94307,-391809,4,"Melilla, Spain (general), Spain",SP,SP00,25821,35.2839,-2.94307,-391809,20260803001500,https://www.perthnow.com.au/news/conflict/death-toll-from-migrant-rush-into-spanish-enclave-rises-c-22665701
1316522740,20260803,202608,2026,2026.5836,GOV,FIREFIGHTER,,,,,,GOV,,,FRA,FRANCE,FRA,,,,,,,,0,190,190,19,4,-10.0,2,1,2,-6.23556581986143,1,Ukraine,UP,UP,,49,32,UP,4,"Le Porge, Aquitaine, France",FR,FR97,16241,44.8728,-1.08889,-1442838,1,Ukraine,UP,UP,,49,32,UP,20260803001500,https://www.adn.com/nation-world/2026/08/02/2-killed-when-firefighting-helicopters-collide-near-athens-as-europes-wildfire-emergency-rages/
1316522741,20260803,202608,2026,2026.5836,GOV,PRINCE,,,,,,GOV,,,GBR,BRITAIN,GBR,,,,,,,,1,042,042,04,1,1.9,6,1,6,4.65116279069768,4,"Balmoral, Belfast, United Kingdom",UK,UKR3,40158,54.55,-5.96667,-2589140,4,"Balmoral, Belfast, United Kingdom",UK,UKR3,40158,54.55,-5.96667,-2589140,4,"Balmoral, Belfast, United Kingdom",UK,UKR3,40158,54.55,-5.96667,-2589140,20260803001500,https://www.realestate.com.au/news/prince-harry-offered-palace-room-after-eviction-fallout/
1316522742,20260803,202608,2026,2026.5836,GOV,PRINCE,,,,,,GOV,,,GBR,LONDON,GBR,,,,,,,,1,042,042,04,1,1.9,4,1,2,4.65116279069768,4,"Buckingham Palace, Westminster, United Kingdom",UK,UKP5,40110,51.5,-0.133333,-2591190,4,"London, London, City of, United Kingdom",UK,UKH9,40110,51.5,-0.116667,-2601889,4,"London, London, City of, United Kingdom",UK,UKH9,40110,51.5,-0.116667,-2601889,20260803001500,https://www.realestate.com.au/news/prince-harry-offered-palace-room-after-eviction-fallout/
1316522743,20260803,202608,2026,2026.5836,GOV,PRINCE,,,,,,GOV,,,GBR,LONDON,GBR,,,,,,,,1,042,042,04,1,1.9,6,1,6,4.65116279069768,4,"London, London, City of, United Kingdom",UK,UKH9,40110,51.5,-0.116667,-2601889,4,"London, London, City of, United Kingdom",UK,UKH9,40110,51.5,-0.116667,-2601889,4,"London, London, City of, United Kingdom",UK,UKH9,40110,51.5,-0.116667,-2601889,20260803001500,https://www.realestate.com.au/news/prince-harry-offered-palace-room-after-eviction-fallout/
1316522744,20260803,202608,2026,2026.5836,GOV,FIREFIGHTER,,,,,,GOV,,,GRC,CRETE,GRC,,,,,,,,0,190,190,19,4,-10.0,1,1,1,-6.23556581986143,4,"Athens, AttikíR, Greece",GR,GR35,16716,37.9833,23.7333,-814876,4,"Athens, AttikíR, Greece",GR,GR35,16716,37.9833,23.7333,-814876,4,"Saumos, Aquitaine, France",FR,FR97,16241,44.9215,-0.988177,-1469709,20260803001500,https://www.adn.com/nation-world/2026/08/02/2-killed-when-firefighting-helicopters-collide-near-athens-as-europes-wildfire-emergency-rages/
1316522745,20260803,202608,2026,2026.5836,GOV,GOVERNMENT,,,,,,GOV,,,HLH,HOSPITAL,,,,,,HLH,,,1,071,071,07,2,7.4,10,1,10,1.26582278481013,0,,,,,,,,0,,,,,,,,0,,,,,,,,20260803001500,https://www.miragenews.com/redcliffe-hospital-rescue-plan-secures-major-1720446/
1316522746,20260803,202608,2026,2026.5836,GOV,CROWN PRINCE,,,,,,GOV,,,IRN,IRAN,IRN,,,,,,,,0,060,060,06,2,6.0,10,1,10,-1.79558011049724,4,"Tehran, Tehran, Iran",IR,IR26,41130,35.75,51.5148,10074674,4,"Tehran, Tehran, Iran",IR,IR26,41130,35.75,51.5148,10074674,4,"Tehran, Tehran, Iran",IR,IR26,41130,35.75,51.5148,10074674,20260803001500,https://abc7chicago.com/post/us-iran-deal-news-donald-trump-says-he-will-order-halt-strikes-parameters-reached-end-war/19616566/
1316522747,20260803,202608,2026,2026.5836,GOV,ADMINISTRATION,,,,,,GOV,,,JUD,SUPREME COURT,,,,,,JUD,,,1,100,100,10,3,-5.0,12,2,12,-4.30879712746858,1,Canada,CA,CA,,60,-96,CA,1,Canada,CA,CA,,60,-96,CA,1,Canada,CA,CA,,60,-96,CA,20260803001500,https://www.fox10phoenix.com/news/capital-one-trump-organization-money-laundering
1316522748,20260803,202608,2026,2026.5836,GOV,GOVERNMENT,,,,,,GOV,,,MAR,MOROCCO,MAR,,,,,,,,0,043,043,04,1,2.8,5,1,5,-6.16740088105726,4,"Rabat, Rabat-Saléemmour-ZaëMO, Morocco",MO,MO49,21812,34.02,-6.83,-43376,4,"Rabat, Rabat-Saléemmour-ZaëMO, Morocco",MO,MO49,21812,34.02,-6.83,-43376,4,"Rabat, Rabat-Saléemmour-ZaëMO, Morocco",MO,MO49,21812,34.02,-6.83,-43376,20260803001500,https://www.euronews.com/my-europe/2026/08/02/ceuta-more-migrants-leave-but-residents-still-in-shock-far-right-leader-visits
1316522749,20260803,202608,2026,2026.5836,GOV,PRESIDENT,,,,,,GOV,,,PSEREB,HAMAS,PSE,,,,,REB,,,0,030,030,03,1,4.0,16,1,16,-1.21580547112462,4,"Gaza, Israel (general), Israel",IS,IS00,18315,31.4167,34.3333,-797156,4,"Gaza, Israel (general), Israel",IS,IS00,18315,31.4167,34.3333,-797156,4,"Gaza, Israel (general), Israel",IS,IS00,18315,31.4167,34.3333,-797156,20260803001500,https://english.news.cn/africa/20260803/293924ba243b4e6aa718009b5f9813e6/c.html
1316522750,20260803,202608,2026,2026.5836,GOV,A CABINET MEETING,,,,,,GOV,,,USA,UNITED STATES,USA,,,,,,,,1,090,090,09,2,-2.0,4,2,4,-4.30879712746858,2,"Maryland, United States",US,USMD,,39.0724,-76.7902,MD,2,"Maryland, United States",US,USMD,,39.0724,-76.7902,MD,2,"Maryland, United States",US,USMD,,39.0724,-76.7902,MD,20260803001500,https://www.fox10phoenix.com/news/capital-one-trump-organization-money-laundering
1316522751,20260803,202608,2026,2026.5836,GOV,A CABINET MEETING,,,,,,GOV,,,USAGOV,UNITED STATES,USA,,,,,GOV,,,1,090,090,09,2,-2.0,4,2,4,-4.30879712746858,2,"Maryland, United States",US,USMD,,39.0724,-76.7902,MD,2,"Maryland, United States",US,USMD,,39.0724,-76.7902,MD,2,"Maryland, United States",US,USMD,,39.0724,-76.7902,MD,20260803001500,https://www.fox10phoenix.com/news/capital-one-trump-organization-money-laundering
1316522752,20260803,202608,2026,2026.5836,GOVHLH,HEALTH MINIST,,,,,,GOV,HLH,,LEG,NATIONAL ASSEMBLY,,,,,,LEG,,,0,172,172,17,4,-5.0,2,1,2,0.94149293880296,4,"Quebec, Quebec, Canada",CA,CA10,12750,47.5,-72,-571850,4,"Quebec, Quebec, Canada",CA,CA10,12750,47.5,-72,-571850,4,"Quebec, Quebec, Canada",CA,CA10,12750,47.5,-72,-571850,20260803001500,https://edmontonsun.com/news/local-news/edmonton-heritage-festival-shutdown-winds
1316522753,20260803,202608,2026,2026.5836,GRC,GREECE,GRC,,,,,,,,,,,,,,,,,,0,010,010,01,1,0.0,2,1,2,0.34173430158052,4,"Athens, AttikíR, Greece",GR,GR35,16716,37.9833,23.7333,-814876,0,,,,,,,,4,"Athens, AttikíR, Greece",GR,GR35,16716,37.9833,23.7333,-814876,20260803001500,https://secularhumanism.org/2022/08/ethnographic-evidence-for-unbelief-in-non-western-cultures-unbelief-in-greek-and-roman-civilization/
1316522754,20260803,202608,2026,2026.5836,GRC,GREECE,GRC,,,,,,,,,,,,,,,,,,1,090,090,09,2,-2.0,1,1,1,-7.23192019950124,1,Greece,GR,GR,,39,22,GR,0,,,,,,,,1,United Kingdom,UK,UK,,54,-4,UK,20260803001500,https://www.euronews.com/my-europe/2026/08/02/afghan-arrested-over-murder-of-38-year-old-briton-found-in-suitcase-in-greece
1316522755,20260803,202608,2026,2026.5836,GRC,GREECE,GRC,,,,,,,,,,,,,,,,,,0,120,120,12,3,-4.0,2,1,2,0.34173430158052,4,"Athens, AttikíR, Greece",GR,GR35,16716,37.9833,23.7333,-814876,0,,,,,,,,4,"Athens, AttikíR, Greece",GR,GR35,16716,37.9833,23.7333,-814876,20260803001500,https://secularhumanism.org/2022/08/ethnographic-evidence-for-unbelief-in-non-western-cultures-unbelief-in-greek-and-roman-civilization/
1316522756,20260803,202608,2026,2026.5836,GRC,ATHENS,GRC,,,,,,,,,,,,,,,,,,1,190,190,19,4,-10.0,3,1,3,-6.23556581986143,4,"Fermoselle, Castilla y LeóP, Spain",SP,SP55,25800,41.3174,-6.39584,-382342,0,,,,,,,,4,"Fermoselle, Castilla y LeóP, Spain",SP,SP55,25800,41.3174,-6.39584,-382342,20260803001500,https://www.adn.com/nation-world/2026/08/02/2-killed-when-firefighting-helicopters-collide-near-athens-as-europes-wildfire-emergency-rages/
1316522757,20260803,202608,2026,2026.5836,GRC,GREEK,GRC,,,,,,,,,,,,,,,,,,1,190,190,19,4,-10.0,19,2,19,-5.79956829433306,4,"Athens, AttikíR, Greece",GR,GR35,16716,37.9833,23.7333,-814876,0,,,,,,,,4,"Athens, AttikíR, Greece",GR,GR35,16716,37.9833,23.7333,-814876,20260803001500,https://english.news.cn/20260803/5965d4a411d54adda53eb58ea1d5b6d2/c.html
1316522758,20260803,202608,2026,2026.5836,GRC,GREECE,GRC,,,,,,,,AUS,AUSTRALIAN,AUS,,,,,,,,1,190,190,19,4,-10.0,8,1,8,-3.47826086956521,4,"Athens, AttikíR, Greece",GR,GR35,16716,37.9833,23.7333,-814876,1,Australia,AS,AS,,-25,135,AS,1,Australia,AS,AS,,-25,135,AS,20260803001500,https://www.perthnow.com.au/news/world/two-people-killed-as-australian-firefighting-helicopters-collide-in-greece-c-22665380
1316522759,20260803,202608,2026,2026.5836,GRC,ATTICA,GRC,,,,,,,,GBR,UNITED KINGDOM,GBR,,,,,,,,1,043,043,04,1,2.8,1,1,1,-7.23192019950124,1,Greece,GR,GR,,39,22,GR,1,United Kingdom,UK,UK,,54,-4,UK,1,Greece,GR,GR,,39,22,GR,20260803001500,https://www.euronews.com/my-europe/2026/08/02/afghan-arrested-over-murder-of-38-year-old-briton-found-in-suitcase-in-greece
1316522760,20260803,202608,2026,2026.5836,GRC,GREECE,GRC,,,,,,,,GBR,BRITISH,GBR,,,,,,,,1,190,190,19,4,-10.0,4,1,4,-5.91715976331361,4,"Athens, AttikíR, Greece",GR,GR35,16716,37.9833,23.7333,-814876,1,United Kingdom,UK,UK,,54,-4,UK,4,"Athens, AttikíR, Greece",GR,GR35,16716,37.9833,23.7333,-814876,20260803001500,https://english.news.cn/20260803/5965d4a411d54adda53eb58ea1d5b6d2/c.html
1316522761,20260803,202608,2026,2026.5836,GRC,GREECE,GRC,,,,,,,,LVA,LATVIA,LVA,,,,,,,,1,057,057,05,1,8.0,5,1,5,-2.8328611898017,1,Greece,GR,GR,,39,22,GR,1,Latvia,LG,LG,,57,25,LG,1,Latvia,LG,LG,,57,25,LG,20260803001500,https://www.novinite.com/view_news.php?id=239901
1316522762,20260803,202608,2026,2026.5836,HLH,HOSPITAL,,,,,,HLH,,,,,,,,,,,,,1,043,043,04,1,2.8,40,2,40,-10.621921182266,3,"Portland, Oregon, United States",US,USOR,OR051,45.5235,-122.676,1136645,0,,,,,,,,3,"Portland, Oregon, United States",US,USOR,OR051,45.5235,-122.676,1136645,20260803001500,https://english.news.cn/20260803/b2314afe7127489d9c4695e1192f51f2/c.html
1316522763,20260803,202608,2026,2026.5836,HLH,DOCTOR,,,,,,HLH,,,COP,PRISON,,,,,,COP,,,1,0841,084,08,2,7.0,10,1,10,0,4,"Belgrade, Serbia (general),",RB,RB00,47629,44.8186,20.4681,-74897,4,"Belgrade, Serbia (general),",RB,RB00,47629,44.8186,20.4681,-74897,4,"Belgrade, Serbia (general),",RB,RB00,47629,44.8186,20.4681,-74897,20260803001500,https://www.bjpenn.com/mma-news/ufc/dana-white-says-uros-medics-superstar-trajectory-is-trending-upwards-following-30-second-ufc-belgrade-finish/
1316522764,20260803,202608,2026,2026.5836,HLH,HOSPITAL,,,,,,HLH,,,COP,POLICE,,,,,,COP,,,1,190,190,19,4,-10.0,5,1,5,-9.2417061611374,0,,,,,,,,0,,,,,,,,0,,,,,,,,20260803001500,https://www.fox10phoenix.com/news/3-dead-1-injured-after-fatal-gilbert-stabbing-spree-ends-police-shooting
1316522765,20260803,202608,2026,2026.5836,HLH,HOSPITAL,,,,,,HLH,,,EDU,STUDENT,,,,,,EDU,,,1,043,043,04,1,2.8,10,1,10,3.2520325203252,3,"Hartford Hospital, Connecticut, United States",US,USCT,CT003,41.7545,-72.6791,207698,3,"Hartford Hospital, Connecticut, United States",US,USCT,,41.7545,-72.6791,207698,3,"Hartford Hospital, Connecticut, United States",US,USCT,,41.7545,-72.6791,207698,20260803001500,https://www.miragenews.com/future-nurses-gain-hands-on-experience-at-uconn-1720379/
1316522766,20260803,202608,2026,2026.5836,HUN,HUNGARY,HUN,,,,,,,,MED,MEDIA,,,,,,MED,,,1,010,010,01,1,0.0,8,1,8,-4.5822102425876,4,"Budapest, Budapest, Hungary",HU,HU05,17514,47.5,19.0833,-850553,4,"Budapest, Budapest, Hungary",HU,HU05,17514,47.5,19.0833,-850553,4,"Budapest, Budapest, Hungary",HU,HU05,17514,47.5,19.0833,-850553,20260803001500,https://english.news.cn/europe/20260803/c1e6af6da3ff41729a727d11240e3786/c.html
1316522767,20260803,202608,2026,2026.5836,IDN,INDONESIA,IDN,,,,,,,,,,,,,,,,,,0,073,073,07,2,7.4,8,1,8,-1.89075630252101,4,"Sumenep, Jawa Timur, Indonesia",ID,ID08,18585,-7.01667,113.867,-2698218,0,,,,,,,,4,"Sumenep, Jawa Timur, Indonesia",ID,ID08,18585,-7.01667,113.867,-2698218,20260803001500,https://www.perthnow.com.au/news/world/five-dead-dozens-missing-as-passenger-ferry-catches-fire-in-indonesia-c-22665952
1316522768,20260803,202608,2026,2026.5836,IDN,SURABAYA,IDN,,,,,,,,,,,,,,,,,,1,073,073,07,2,7.4,8,1,8,-1.89075630252101,4,"Surabaya, Jawa Timur, Indonesia",ID,ID08,18585,-7.24917,112.751,-2698521,0,,,,,,,,4,"Surabaya, Jawa Timur, Indonesia",ID,ID08,18585,-7.24917,112.751,-2698521,20260803001500,https://www.perthnow.com.au/news/world/five-dead-dozens-missing-as-passenger-ferry-catches-fire-in-indonesia-c-22665952
1316522769,20260803,202608,2026,2026.5836,IDN,SURABAYA,IDN,,,,,,,,,,,,,,,,,,1,090,090,09,2,-2.0,8,1,8,-1.89075630252101,4,"Surabaya, Jawa Timur, Indonesia",ID,ID08,18585,-7.24917,112.751,-2698521,0,,,,,,,,4,"Surabaya, Jawa Timur, Indonesia",ID,ID08,18585,-7.24917,112.751,-2698521,20260803001500,https://www.perthnow.com.au/news/world/five-dead-dozens-missing-as-passenger-ferry-catches-fire-in-indonesia-c-22665952
1316522770,20260803,202608,2026,2026.5836,IDN,INDONESIA,IDN,,,,,,,,,,,,,,,,,,1,110,110,11,3,-2.0,2,1,2,-1.89075630252101,4,"Sumenep, Jawa Timur, Indonesia",ID,ID08,18585,-7.01667,113.867,-2698218,0,,,,,,,,4,"Sumenep, Jawa Timur, Indonesia",ID,ID08,18585,-7.01667,113.867,-2698218,20260803001500,https://www.perthnow.com.au/news/world/five-dead-dozens-missing-as-passenger-ferry-catches-fire-in-indonesia-c-22665952
1316522771,20260803,202608,2026,2026.5836,IDN,INDONESIA,IDN,,,,,,,,,,,,,,,,,,1,110,110,11,3,-2.0,8,1,8,-1.89075630252101,4,"Surabaya, Jawa Timur, Indonesia",ID,ID08,18585,-7.24917,112.751,-2698521,0,,,,,,,,4,"Surabaya, Jawa Timur, Indonesia",ID,ID08,18585,-7.24917,112.751,-2698521,20260803001500,https://www.perthnow.com.au/news/world/five-dead-dozens-missing-as-passenger-ferry-catches-fire-in-indonesia-c-22665952
1316522772,20260803,202608,2026,2026.5836,IGOUNO,THE UN,,UNO,,,,IGO,,,,,,,,,,,,,0,010,010,01,1,0.0,10,1,10,-7.10382513661203,4,"Darfur, Gharb Darfur, Sudan",SU,SU47,37140,13.5,23.5,-17505,0,,,,,,,,4,"Darfur, Gharb Darfur, Sudan",SU,SU47,37140,13.5,23.5,-17505,20260803001500,https://dominicanrepublicpost.com/sudan-army-drone-attack-on-darfur-kills-35-rights-group-says/
1316522773,20260803,202608,2026,2026.5836,IGOUNO,UNITED NATIONS,,UNO,,,,IGO,,,,,,,,,,,,,1,015,015,01,1,0.0,10,1,10,-1.67064439140812,4,"Beijing, Beijing, China",CH,CH22,13001,39.9289,116.388,-1898541,0,,,,,,,,4,"Beijing, Beijing, China",CH,CH22,13001,39.9289,116.388,-1898541,20260803001500,https://www.miragenews.com/womens-labor-unrecognized-despite-increased-work-1720409/
1316522774,20260803,202608,2026,2026.5836,IGOUNO,UNITED NATIONS,,UNO,,,,IGO,,,,,,,,,,,,,1,031,031,03,1,5.2,10,1,10,0.16068559185859,0,,,,,,,,0,,,,,,,,0,,,,,,,,20260803001500,https://www.smn-news.com/index.php/st-maarten-st-martin-news/51227-unops-us-90-000-contract-with-tackling-firm-raises-conflict-questions-after-agency-advises-justice-minister-on-heyliger.html
1316522775,20260803,202608,2026,2026.5836,IGOUNO,THE UN,,UNO,,,,IGO,,,CVL,CIVILIAN,,,,,,CVL,,,0,190,190,19,4,-10.0,10,1,10,-7.10382513661203,4,"Darfur, Gharb Darfur, Sudan",SU,SU47,37140,13.5,23.5,-17505,4,"Darfur, Gharb Darfur, Sudan",SU,SU47,37140,13.5,23.5,-17505,4,"Darfur, Gharb Darfur, Sudan",SU,SU47,37140,13.5,23.5,-17505,20260803001500,https://dominicanrepublicpost.com/sudan-army-drone-attack-on-darfur-kills-35-rights-group-says/
1316522776,20260803,202608,2026,2026.5836,IRN,TEHRAN,IRN,,,,,,,,,,,,,,,,,,0,013,013,01,1,0.4,3,1,3,-5.19230769230769,4,"Tehran, Tehran, Iran",IR,IR26,41130,35.75,51.5148,10074674,0,,,,,,,,4,"Tehran, Tehran, Iran",IR,IR26,41130,35.75,51.5148,10074674,20260803001500,http://www.israelherald.com/news/279220038/there-is-no-agreement-iran-rejects-trump-claim-of-strait-of-hormuz-reopening-deal
1316522777,20260803,202608,2026,2026.5836,IRN,IRAN,IRN,,,,,,,,,,,,,,,,,,0,013,013,01,1,0.4,10,1,10,-3.76766091051806,1,Iran,IR,IR,,32,53,IR,0,,,,,,,,1,Iran,IR,IR,,32,53,IR,20260803001500,https://www.fox10phoenix.com/news/trump-halts-iran-strikes-citing-potential-deal-end-war
1316522778,20260803,202608,2026,2026.5836,IRN,IRANIAN,IRN,,,,,,,,,,,,,,,,,,0,016,016,01,1,-2.0,1,1,1,-0.42735042735043,4,"Tehran, Tehran, Iran",IR,IR26,41130,35.75,51.5148,10074674,0,,,,,,,,4,"Tehran, Tehran, Iran",IR,IR26,41130,35.75,51.5148,10074674,20260803001500,http://www.israelherald.com/news/279220058/mediators-seek-to-revive-us-iran-deal-open-hormuz-for-60-days-without-fees-israeli-media
1316522779,20260803,202608,2026,2026.5836,IRN,IRAN,IRN,,,,,,,,,,,,,,,,,,1,020,020,02,1,3.0,2,1,2,-0.42735042735043,3,"Washington, District of Columbia, United States",US,USDC,DC001,38.8951,-77.0364,531871,0,,,,,,,,3,"Washington, District of Columbia, United States",US,USDC,DC001,38.8951,-77.0364,531871,20260803001500,http://www.israelherald.com/news/279220058/mediators-seek-to-revive-us-iran-deal-open-hormuz-for-60-days-without-fees-israeli-media
1316522780,20260803,202608,2026,2026.5836,IRN,IRAN,IRN,,,,,,,,,,,,,,,,,,1,036,036,03,1,4.0,2,1,2,-5.65693430656935,1,Iran,IR,IR,,32,53,IR,0,,,,,,,,1,Iran,IR,IR,,32,53,IR,20260803001500,https://foxwilmington.com/chevron-ceo-warns-iran-conflict-has-created-very-real-threat-to-global-oil-supplies-as-gas-prices-climb/
1316522781,20260803,202608,2026,2026.5836,IRN,IRAN,IRN,,,,,,,,,,,,,,,,,,0,040,040,04,1,1.0,1,1,1,-3.76766091051806,1,Iran,IR,IR,,32,53,IR,0,,,,,,,,1,Iran,IR,IR,,32,53,IR,20260803001500,https://www.fox10phoenix.com/news/trump-halts-iran-strikes-citing-potential-deal-end-war
1316522782,20260803,202608,2026,2026.5836,IRN,IRAN,IRN,,,,,,,,,,,,,,,,,,1,046,046,04,1,7.0,32,3,32,-0.672214740380076,1,Iran,IR,IR,,32,53,IR,0,,,,,,,,1,Iran,IR,IR,,32,53,IR,20260803001500,https://english.news.cn/20260803/2e4e6d354e1745dd8b0696e521ff0634/c.html
1316522783,20260803,202608,2026,2026.5836,IRN,IRANIAN,IRN,,,,,,,,,,,,,,,,,,1,051,051,05,1,3.4,2,1,2,-5.19230769230769,4,"Tehran, Tehran, Iran",IR,IR26,41130,35.75,51.5148,10074674,0,,,,,,,,4,"Tehran, Tehran, Iran",IR,IR26,41130,35.75,51.5148,10074674,20260803001500,http://www.israelherald.com/news/279220038/there-is-no-agreement-iran-rejects-trump-claim-of-strait-of-hormuz-reopening-deal
1316522784,20260803,202608,2026,2026.5836,IRN,IRAN,IRN,,,,,,,,,,,,,,,,,,1,082,082,08,2,5.0,10,1,10,-4.74777448071216,4,"Tehran, Tehran, Iran",IR,IR26,41130,35.75,51.5148,10074674,0,,,,,,,,4,"Tehran, Tehran, Iran",IR,IR26,41130,35.75,51.5148,10074674,20260803001500,https://www.wsls.com/news/world/2026/08/02/trump-frequently-announces-hes-halting-strikes-in-iran-but-they-keep-happening/
1316522785,20260803,202608,2026,2026.5836,IRN,IRAN,IRN,,,,,,,,,,,,,,,,,,1,082,082,08,2,5.0,8,1,8,-3.76766091051806,3,"White House, District of Columbia, United States",US,USDC,,38.8951,-77.0364,531871,0,,,,,,,,3,"White House, District of Columbia, United States",US,USDC,,38.8951,-77.0364,531871,20260803001500,https://www.fox10phoenix.com/news/trump-halts-iran-strikes-citing-potential-deal-end-war
1316522786,20260803,202608,2026,2026.5836,IRN,IRAN,IRN,,,,,,,,,,,,,,,,,,1,082,082,08,2,5.0,2,1,2,-3.76766091051806,1,Iran,IR,IR,,32,53,IR,0,,,,,,,,1,Iran,IR,IR,,32,53,IR,20260803001500,https://www.fox10phoenix.com/news/trump-halts-iran-strikes-citing-potential-deal-end-war
1316522787,20260803,202608,2026,2026.5836,IRN,IRAN,IRN,,,,,,,,,,,,,,,,,,1,138,138,13,3,-7.0,6,1,6,-3.76766091051806,1,Iran,IR,IR,,32,53,IR,0,,,,,,,,1,Iran,IR,IR,,32,53,IR,20260803001500,https://www.fox10phoenix.com/news/trump-halts-iran-strikes-citing-potential-deal-end-war
1316522788,20260803,202608,2026,2026.5836,IRN,IRAN,IRN,,,,,,,,,,,,,,,,,,1,143,143,14,3,-6.5,6,1,6,-3.76766091051806,1,Iran,IR,IR,,32,53,IR,0,,,,,,,,1,Iran,IR,IR,,32,53,IR,20260803001500,https://www.fox10phoenix.com/news/trump-halts-iran-strikes-citing-potential-deal-end-war
1316522789,20260803,202608,2026,2026.5836,IRN,IRANIAN,IRN,,,,,,,,,,,,,,,,,,1,160,160,16,4,-4.0,2,1,2,-4.11255411255411,4,"Tehran, Tehran, Iran",IR,IR26,41130,35.75,51.5148,10074674,0,,,,,,,,4,"Tehran, Tehran, Iran",IR,IR26,41130,35.75,51.5148,10074674,20260803001500,http://www.israelherald.com/news/279220057/fool-has-run-out-of-steam-iranian-media-trolls-trump-after-he-calls-off-strikes
1316522790,20260803,202608,2026,2026.5836,IRN,IRANIAN,IRN,,,,,,,,,,,,,,,,,,1,160,160,16,4,-4.0,2,1,2,-4.11255411255411,4,"Tehran, Tehran, Iran",IR,IR26,41130,35.75,51.5148,10074674,0,,,,,,,,3,"Washington, District of Columbia, United States",US,USDC,DC001,38.8951,-77.0364,531871,20260803001500,http://www.israelherald.com/news/279220057/fool-has-run-out-of-steam-iranian-media-trolls-trump-after-he-calls-off-strikes
1316522791,20260803,202608,2026,2026.5836,IRN,IRAN,IRN,,,,,,,,,,,,,,,,,,1,160,160,16,4,-4.0,2,1,2,1.31578947368422,1,Iran,IR,IR,,32,53,IR,0,,,,,,,,1,Iran,IR,IR,,32,53,IR,20260803001500,https://abcnews.com/International/live-updates/iran-live-updates-tehran-progress-made-strait-hormuz/?id=135110405&entryId=135312915
1316522792,20260803,202608,2026,2026.5836,IRN,IRAN,IRN,,,,,,,,ARE,UNITED ARAB EMIRATES,ARE,,,,,,,,1,010,010,01,1,0.0,2,1,2,-2.77777777777777,1,Iran,IR,IR,,32,53,IR,1,United Arab Emirates,AE,AE,,24,54,AE,1,Iran,IR,IR,,32,53,IR,20260803001500,http://www.bgnes.com/conflicts/trump-new-talks-with-iran-to-begin-on-august-3
1316522793,20260803,202608,2026,2026.5836,IRN,IRAN,IRN,,,,,,,,ARE,UNITED ARAB EMIRATES,ARE,,,,,,,,1,010,010,01,1,0.0,2,1,2,-2.77777777777777,1,Iran,IR,IR,,32,53,IR,1,Iran,IR,IR,,32,53,IR,1,Iran,IR,IR,,32,53,IR,20260803001500,http://www.bgnes.com/conflicts/trump-new-talks-with-iran-to-begin-on-august-3
1316522794,20260803,202608,2026,2026.5836,IRN,IRAN,IRN,,,,,,,,GOV,A CABINET MEETING,,,,,,GOV,,,1,010,010,01,1,0.0,4,1,4,-2.28310502283105,4,"Tehran, Tehran, Iran",IR,IR26,41130,35.75,51.5148,10074674,4,"Tehran, Tehran, Iran",IR,IR26,41130,35.75,51.5148,10074674,4,"Tehran, Tehran, Iran",IR,IR26,41130,35.75,51.5148,10074674,20260803001500,https://english.news.cn/20260803/383aa52c9a4f46c4a940bf9b94ce1600/c.html
1316522795,20260803,202608,2026,2026.5836,IRN,IRAN,IRN,,,,,,,,GOV,PRESIDENT,,,,,,GOV,,,1,111,111,11,3,-2.0,2,1,2,1.31578947368422,1,Iran,IR,IR,,32,53,IR,1,Iran,IR,IR,,32,53,IR,1,Iran,IR,IR,,32,53,IR,20260803001500,https://abcnews.com/International/live-updates/iran-live-updates-tehran-progress-made-strait-hormuz/?id=135110405&entryId=135312915
1316522796,20260803,202608,2026,2026.5836,IRN,IRAN,IRN,,,,,,,,IRNGOV,IRAN,IRN,,,,,GOV,,,0,040,040,04,1,1.0,10,1,10,-5.17241379310345,1,Iran,IR,IR,,32,53,IR,1,Iran,IR,IR,,32,53,IR,1,Iran,IR,IR,,32,53,IR,20260803001500,https://www.woonsocketcall.com/news/national_and_world_news/ap-news-in-brief-at-6-04-p-m-edt/article_99c8525c-601c-5724-bc59-df4036c633f2.html
1316522797,20260803,202608,2026,2026.5836,IRN,IRAN,IRN,,,,,,,,IRNGOV,IRAN,IRN,,,,,GOV,,,1,040,040,04,1,1.0,8,1,8,-1.79558011049724,1,Iraq,IZ,IZ,,33,44,IZ,1,Iraq,IZ,IZ,,33,44,IZ,1,Iraq,IZ,IZ,,33,44,IZ,20260803001500,https://abc7chicago.com/post/us-iran-deal-news-donald-trump-says-he-will-order-halt-strikes-parameters-reached-end-war/19616566/
1316522798,20260803,202608,2026,2026.5836,IRN,IRAN,IRN,,,,,,,,IRNGOV,IRAN,IRN,,,,,GOV,,,1,040,040,04,1,1.0,2,1,2,-1.79558011049724,1,Qatar,QA,QA,,25.5,51.25,QA,1,United Arab Emirates,AE,AE,,24,54,AE,1,Qatar,QA,QA,,25.5,51.25,QA,20260803001500,https://abc7chicago.com/post/us-iran-deal-news-donald-trump-says-he-will-order-halt-strikes-parameters-reached-end-war/19616566/
1316522799,20260803,202608,2026,2026.5836,IRN,IRAN,IRN,,,,,,,,IRNGOV,IRAN,IRN,,,,,GOV,,,1,042,042,04,1,1.9,10,1,10,-1.79558011049724,4,"Tehran, Tehran, Iran",IR,IR26,41130,35.75,51.5148,10074674,4,"Tehran, Tehran, Iran",IR,IR26,41130,35.75,51.5148,10074674,4,"Tehran, Tehran, Iran",IR,IR26,41130,35.75,51.5148,10074674,20260803001500,https://abc7chicago.com/post/us-iran-deal-news-donald-trump-says-he-will-order-halt-strikes-parameters-reached-end-war/19616566/
1316522800,20260803,202608,2026,2026.5836,IRN,IRAN,IRN,,,,,,,,IRNGOV,IRAN,IRN,,,,,GOV,,,0,042,042,04,1,1.9,10,1,10,-5.17241379310345,1,Iran,IR,IR,,32,53,IR,1,Iran,IR,IR,,32,53,IR,1,Iran,IR,IR,,32,53,IR,20260803001500,https://www.woonsocketcall.com/news/national_and_world_news/ap-news-in-brief-at-6-04-p-m-edt/article_99c8525c-601c-5724-bc59-df4036c633f2.html
1316522801,20260803,202608,2026,2026.5836,IRN,IRANIAN,IRN,,,,,,,,IRNLEG,IRAN,IRN,,,,,LEG,,,1,010,010,01,1,0.0,2,1,2,-5.19230769230769,4,"Tehran, Tehran, Iran",IR,IR26,41130,35.75,51.5148,10074674,4,"Tehran, Tehran, Iran",IR,IR26,41130,35.75,51.5148,10074674,4,"Tehran, Tehran, Iran",IR,IR26,41130,35.75,51.5148,10074674,20260803001500,http://www.israelherald.com/news/279220038/there-is-no-agreement-iran-rejects-trump-claim-of-strait-of-hormuz-reopening-deal
1316522802,20260803,202608,2026,2026.5836,IRN,IRANIAN,IRN,,,,,,,,IRNLEG,IRAN,IRN,,,,,LEG,,,1,020,020,02,1,3.0,2,1,2,-5.19230769230769,4,"Tehran, Tehran, Iran",IR,IR26,41130,35.75,51.5148,10074674,4,"Tehran, Tehran, Iran",IR,IR26,41130,35.75,51.5148,10074674,4,"Tehran, Tehran, Iran",IR,IR26,41130,35.75,51.5148,10074674,20260803001500,http://www.israelherald.com/news/279220038/there-is-no-agreement-iran-rejects-trump-claim-of-strait-of-hormuz-reopening-deal
1316522803,20260803,202608,2026,2026.5836,IRN,IRANIAN,IRN,,,,,,,,IRNLEG,IRAN,IRN,,,,,LEG,,,1,051,051,05,1,3.4,2,1,2,-5.19230769230769,4,"Tehran, Tehran, Iran",IR,IR26,41130,35.75,51.5148,10074674,4,"Tehran, Tehran, Iran",IR,IR26,41130,35.75,51.5148,10074674,4,"Tehran, Tehran, Iran",IR,IR26,41130,35.75,51.5148,10074674,20260803001500,http://www.israelherald.com/news/279220038/there-is-no-agreement-iran-rejects-trump-claim-of-strait-of-hormuz-reopening-deal
1316522804,20260803,202608,2026,2026.5836,IRN,IRANIAN,IRN,,,,,,,,IRNLEG,IRAN,IRN,,,,,LEG,,,1,120,120,12,3,-4.0,2,1,2,-5.19230769230769,4,"Tehran, Tehran, Iran",IR,IR26,41130,35.75,51.5148,10074674,4,"Tehran, Tehran, Iran",IR,IR26,41130,35.75,51.5148,10074674,4,"Tehran, Tehran, Iran",IR,IR26,41130,35.75,51.5148,10074674,20260803001500,http://www.israelherald.com/news/279220038/there-is-no-agreement-iran-rejects-trump-claim-of-strait-of-hormuz-reopening-deal
1316522805,20260803,202608,2026,2026.5836,IRN,TEHRAN,IRN,,,,,,,,IRNMEDGOV,FARS NEWS,IRN,,,,,MED,GOV,,0,013,013,01,1,0.4,6,2,6,0.40899795501022,4,"Tehran, Tehran, Iran",IR,IR26,41130,35.75,51.5148,10074674,4,"Tehran, Tehran, Iran",IR,IR26,41130,35.75,51.5148,10074674,4,"Tehran, Tehran, Iran",IR,IR26,41130,35.75,51.5148,10074674,20260803001500,http://www.israelherald.com/news/279220089/trump-says-us-iran-talks-to-begin-monday-after-shelving-planned-strike
1316522806,20260803,202608,2026,2026.5836,IRN,IRAN,IRN,,,,,,,,ISR,ISRAELI,ISR,,,,,,,,1,0356,035,03,1,7.0,1,1,1,-4.74777448071216,4,"Tehran, Tehran, Iran",IR,IR26,41130,35.75,51.5148,10074674,4,"Tehran, Tehran, Iran",IR,IR26,41130,35.75,51.5148,10074674,4,"Tehran, Tehran, Iran",IR,IR26,41130,35.75,51.5148,10074674,20260803001500,https://www.wsls.com/news/world/2026/08/02/trump-frequently-announces-hes-halting-strikes-in-iran-but-they-keep-happening/
1316522807,20260803,202608,2026,2026.5836,IRN,IRAN,IRN,,,,,,,,ISR,ISRAELI,ISR,,,,,,,,1,0356,035,03,1,7.0,1,1,1,-4.74777448071216,4,"Tehran, Tehran, Iran",IR,IR26,41130,35.75,51.5148,10074674,1,Israel,IS,IS,,31.5,34.75,IS,4,"Tehran, Tehran, Iran",IR,IR26,41130,35.75,51.5148,10074674,20260803001500,https://www.wsls.com/news/world/2026/08/02/trump-frequently-announces-hes-halting-strikes-in-iran-but-they-keep-happening/
1316522808,20260803,202608,2026,2026.5836,IRN,IRAN,IRN,,,,,,,,ISR,ISRAELI,ISR,,,,,,,,1,0871,087,08,2,9.0,1,1,1,-4.74777448071216,4,"Tehran, Tehran, Iran",IR,IR26,41130,35.75,51.5148,10074674,4,"Tehran, Tehran, Iran",IR,IR26,41130,35.75,51.5148,10074674,4,"Tehran, Tehran, Iran",IR,IR26,41130,35.75,51.5148,10074674,20260803001500,https://www.wsls.com/news/world/2026/08/02/trump-frequently-announces-hes-halting-strikes-in-iran-but-they-keep-happening/
1316522809,20260803,202608,2026,2026.5836,IRN,IRAN,IRN,,,,,,,,ISR,ISRAELI,ISR,,,,,,,,1,0871,087,08,2,9.0,1,1,1,-4.74777448071216,4,"Tehran, Tehran, Iran",IR,IR26,41130,35.75,51.5148,10074674,1,Israel,IS,IS,,31.5,34.75,IS,4,"Tehran, Tehran, Iran",IR,IR26,41130,35.75,51.5148,10074674,20260803001500,https://www.wsls.com/news/world/2026/08/02/trump-frequently-announces-hes-halting-strikes-in-iran-but-they-keep-happening/
1316522810,20260803,202608,2026,2026.5836,IRN,IRANIAN,IRN,,,,,,,,ISR,ISRAEL,ISR,,,,,,,,0,190,190,19,4,-10.0,1,1,1,-0.42735042735043,4,"Tehran, Tehran, Iran",IR,IR26,41130,35.75,51.5148,10074674,1,Israel,IS,IS,,31.5,34.75,IS,4,"Tehran, Tehran, Iran",IR,IR26,41130,35.75,51.5148,10074674,20260803001500,http://www.israelherald.com/news/279220058/mediators-seek-to-revive-us-iran-deal-open-hormuz-for-60-days-without-fees-israeli-media
1316522811,20260803,202608,2026,2026.5836,IRN,IRANIAN,IRN,,,,,,,,ISR,ISRAEL,ISR,,,,,,,,0,190,190,19,4,-10.0,1,1,1,-0.42735042735043,3,"Washington, District of Columbia, United States",US,USDC,DC001,38.8951,-77.0364,531871,4,"Tehran, Tehran, Iran",IR,IR26,41130,35.75,51.5148,10074674,3,"Washington, District of Columbia, United States",US,USDC,DC001,38.8951,-77.0364,531871,20260803001500,http://www.israelherald.com/news/279220058/mediators-seek-to-revive-us-iran-deal-open-hormuz-for-60-days-without-fees-israeli-media
1316522812,20260803,202608,2026,2026.5836,IRN,IRAN,IRN,,,,,,,,MED,TELEVISION,,,,,,MED,,,1,013,013,01,1,0.4,2,1,2,-0.46403712296984,4,"Tehran, Tehran, Iran",IR,IR26,41130,35.75,51.5148,10074674,4,"Khasab, Musandam, Oman",MU,MU07,23605,26.1799,56.2477,-787654,4,"Tehran, Tehran, Iran",IR,IR26,41130,35.75,51.5148,10074674,20260803001500,https://aninews.in/news/world/middle-east/explosion-reported-near-tanker-off-oman-coast-crew-safe-ukmto20260803052934/
1316522813,20260803,202608,2026,2026.5836,IRN,IRAN,IRN,,,,,,,,MED,TELEVISION,,,,,,MED,,,1,013,013,01,1,0.4,4,2,4,-0.565351894818255,4,"Tehran, Tehran, Iran",IR,IR26,41130,35.75,51.5148,10074674,4,"Tehran, Tehran, Iran",IR,IR26,41130,35.75,51.5148,10074674,4,"Tehran, Tehran, Iran",IR,IR26,41130,35.75,51.5148,10074674,20260803001500,http://www.israelherald.com/news/279220012/iran-says-talks-with-oman-on-strait-of-hormuz-in-final-stages
1316522814,20260803,202608,2026,2026.5836,IRN,IRAN,IRN,,,,,,,,MED,TELEVISION,,,,,,MED,,,0,013,013,01,1,0.4,2,1,2,-0.66666666666667,4,"Tehran, Tehran, Iran",IR,IR26,41130,35.75,51.5148,10074674,1,Oman,MU,MU,,21,57,MU,4,"Tehran, Tehran, Iran",IR,IR26,41130,35.75,51.5148,10074674,20260803001500,http://www.israelherald.com/news/279220012/iran-says-talks-with-oman-on-strait-of-hormuz-in-final-stages
1316522815,20260803,202608,2026,2026.5836,IRN,IRAN,IRN,,,,,,,,MED,TELEVISION,,,,,,MED,,,1,013,013,01,1,0.4,1,1,1,2.35294117647059,1,Iran,IR,IR,,32,53,IR,1,Iran,IR,IR,,32,53,IR,1,Iran,IR,IR,,32,53,IR,20260803001500,https://www.arabnews.com/node/2653178/middle-east
1316522816,20260803,202608,2026,2026.5836,IRN,IRANIAN,IRN,,,,,,,,MED,TELEVISION,,,,,,MED,,,1,040,040,04,1,1.0,2,1,2,-0.46403712296984,4,"Tehran, Tehran, Iran",IR,IR26,41130,35.75,51.5148,10074674,4,"Khasab, Musandam, Oman",MU,MU07,23605,26.1799,56.2477,-787654,4,"Tehran, Tehran, Iran",IR,IR26,41130,35.75,51.5148,10074674,20260803001500,https://aninews.in/news/world/middle-east/explosion-reported-near-tanker-off-oman-coast-crew-safe-ukmto20260803052934/
1316522817,20260803,202608,2026,2026.5836,IRN,IRANIAN,IRN,,,,,,,,MED,TELEVISION,,,,,,MED,,,1,040,040,04,1,1.0,4,2,4,-0.565351894818255,4,"Tehran, Tehran, Iran",IR,IR26,41130,35.75,51.5148,10074674,4,"Tehran, Tehran, Iran",IR,IR26,41130,35.75,51.5148,10074674,4,"Tehran, Tehran, Iran",IR,IR26,41130,35.75,51.5148,10074674,20260803001500,http://www.israelherald.com/news/279220012/iran-says-talks-with-oman-on-strait-of-hormuz-in-final-stages
1316522818,20260803,202608,2026,2026.5836,IRN,IRANIAN,IRN,,,,,,,,MED,TELEVISION,,,,,,MED,,,0,040,040,04,1,1.0,2,1,2,-0.66666666666667,4,"Tehran, Tehran, Iran",IR,IR26,41130,35.75,51.5148,10074674,1,Oman,MU,MU,,21,57,MU,4,"Tehran, Tehran, Iran",IR,IR26,41130,35.75,51.5148,10074674,20260803001500,http://www.israelherald.com/news/279220012/iran-says-talks-with-oman-on-strait-of-hormuz-in-final-stages
1316522819,20260803,202608,2026,2026.5836,IRN,IRANIAN,IRN,,,,,,,,MED,MEDIA,,,,,,MED,,,0,190,190,19,4,-10.0,6,1,6,-4.11255411255411,4,"Tehran, Tehran, Iran",IR,IR26,41130,35.75,51.5148,10074674,4,"Tehran, Tehran, Iran",IR,IR26,41130,35.75,51.5148,10074674,4,"Tehran, Tehran, Iran",IR,IR26,41130,35.75,51.5148,10074674,20260803001500,http://www.israelherald.com/news/279220057/fool-has-run-out-of-steam-iranian-media-trolls-trump-after-he-calls-off-strikes
1316522820,20260803,202608,2026,2026.5836,IRN,IRANIAN,IRN,,,,,,,,MED,MEDIA,,,,,,MED,,,0,190,190,19,4,-10.0,4,1,4,-4.11255411255411,4,"Tehran, Tehran, Iran",IR,IR26,41130,35.75,51.5148,10074674,3,"Washington, District of Columbia, United States",US,USDC,DC001,38.8951,-77.0364,531871,4,"Tehran, Tehran, Iran",IR,IR26,41130,35.75,51.5148,10074674,20260803001500,http://www.israelherald.com/news/279220057/fool-has-run-out-of-steam-iranian-media-trolls-trump-after-he-calls-off-strikes
1316522821,20260803,202608,2026,2026.5836,IRN,IRAN,IRN,,,,,,,,MIL,AIR FORCE,,,,,,MIL,,,1,010,010,01,1,0.0,30,2,30,-0.305086501605718,1,Iran,IR,IR,,32,53,IR,1,Iran,IR,IR,,32,53,IR,1,Iran,IR,IR,,32,53,IR,20260803001500,https://english.news.cn/20260803/2e4e6d354e1745dd8b0696e521ff0634/c.html
1316522822,20260803,202608,2026,2026.5836,IRN,IRAN,IRN,,,,,,,,MIL,AIR FORCE,,,,,,MIL,,,1,042,042,04,1,1.9,30,2,30,-0.305086501605718,1,Iran,IR,IR,,32,53,IR,1,Iran,IR,IR,,32,53,IR,1,Iran,IR,IR,,32,53,IR,20260803001500,https://english.news.cn/20260803/2e4e6d354e1745dd8b0696e521ff0634/c.html
1316522823,20260803,202608,2026,2026.5836,IRN,IRAN,IRN,,,,,,,,MIL,AIR FORCE,,,,,,MIL,,,1,100,100,10,3,-5.0,9,2,9,-0.282295659380503,3,"Washington, District of Columbia, United States",US,USDC,DC001,38.8951,-77.0364,531871,1,Iran,IR,IR,,32,53,IR,3,"Washington, District of Columbia, United States",US,USDC,DC001,38.8951,-77.0364,531871,20260803001500,https://english.news.cn/20260803/2e4e6d354e1745dd8b0696e521ff0634/c.html
1316522824,20260803,202608,2026,2026.5836,IRN,IRAN,IRN,,,,,,,,MIL,AIR FORCE,,,,,,MIL,,,1,100,100,10,3,-5.0,10,2,10,-0.305086501605718,1,Iran,IR,IR,,32,53,IR,3,"Washington, District of Columbia, United States",US,USDC,DC001,38.8951,-77.0364,531871,1,Iran,IR,IR,,32,53,IR,20260803001500,https://english.news.cn/20260803/2e4e6d354e1745dd8b0696e521ff0634/c.html
1316522825,20260803,202608,2026,2026.5836,IRN,IRAN,IRN,,,,,,,,MIL,AIR FORCE,,,,,,MIL,,,1,100,100,10,3,-5.0,30,2,30,-0.305086501605718,1,Iran,IR,IR,,32,53,IR,1,Iran,IR,IR,,32,53,IR,1,Iran,IR,IR,,32,53,IR,20260803001500,https://english.news.cn/20260803/2e4e6d354e1745dd8b0696e521ff0634/c.html
1316522826,20260803,202608,2026,2026.5836,IRN,IRAN,IRN,,,,,,,,MIL,AIR FORCE,,,,,,MIL,,,1,100,100,10,3,-5.0,1,1,1,-0.51020408163265,1,Qatar,QA,QA,,25.5,51.25,QA,3,"Washington, District of Columbia, United States",US,USDC,DC001,38.8951,-77.0364,531871,1,Qatar,QA,QA,,25.5,51.25,QA,20260803001500,http://www.bignewsnetwork.com/news/279220097/2nd-ld-writethru-trump-announces-talks-with-iran-on-monday
1316522827,20260803,202608,2026,2026.5836,IRN,TEHRAN,IRN,,,,,,,,MIL,MILITARY,,,,,,MIL,,,0,120,120,12,3,-4.0,8,1,8,-0.42735042735043,4,"Tehran, Tehran, Iran",IR,IR26,41130,35.75,51.5148,10074674,4,"Tehran, Tehran, Iran",IR,IR26,41130,35.75,51.5148,10074674,4,"Tehran, Tehran, Iran",IR,IR26,41130,35.75,51.5148,10074674,20260803001500,http://www.israelherald.com/news/279220058/mediators-seek-to-revive-us-iran-deal-open-hormuz-for-60-days-without-fees-israeli-media
1316522828,20260803,202608,2026,2026.5836,IRN,IRANIAN,IRN,,,,,,,,MIL,DEFENCE FORCE,,,,,,MIL,,,0,190,190,19,4,-10.0,1,1,1,-0.42735042735043,4,"Tehran, Tehran, Iran",IR,IR26,41130,35.75,51.5148,10074674,1,Israel,IS,IS,,31.5,34.75,IS,4,"Tehran, Tehran, Iran",IR,IR26,41130,35.75,51.5148,10074674,20260803001500,http://www.israelherald.com/news/279220058/mediators-seek-to-revive-us-iran-deal-open-hormuz-for-60-days-without-fees-israeli-media
1316522829,20260803,202608,2026,2026.5836,IRN,IRANIAN,IRN,,,,,,,,MIL,DEFENCE FORCE,,,,,,MIL,,,0,190,190,19,4,-10.0,1,1,1,-0.42735042735043,3,"Washington, District of Columbia, United States",US,USDC,DC001,38.8951,-77.0364,531871,4,"Tehran, Tehran, Iran",IR,IR26,41130,35.75,51.5148,10074674,4,"Tehran, Tehran, Iran",IR,IR26,41130,35.75,51.5148,10074674,20260803001500,http://www.israelherald.com/news/279220058/mediators-seek-to-revive-us-iran-deal-open-hormuz-for-60-days-without-fees-israeli-media
1316522830,20260803,202608,2026,2026.5836,IRN,IRAN,IRN,,,,,,,,MNC,CHEVRON,,,,,,MNC,,,0,010,010,01,1,0.0,2,1,2,-5.65693430656935,1,Iran,IR,IR,,32,53,IR,1,Iran,IR,IR,,32,53,IR,1,Iran,IR,IR,,32,53,IR,20260803001500,https://foxwilmington.com/chevron-ceo-warns-iran-conflict-has-created-very-real-threat-to-global-oil-supplies-as-gas-prices-climb/
1316522831,20260803,202608,2026,2026.5836,IRN,IRAN,IRN,,,,,,,,MNC,CHEVRON,,,,,,MNC,,,0,010,010,01,1,0.0,2,1,2,-5.65693430656935,1,Iran,IR,IR,,32,53,IR,1,Iraq,IZ,IZ,,33,44,IZ,1,Iran,IR,IR,,32,53,IR,20260803001500,https://foxwilmington.com/chevron-ceo-warns-iran-conflict-has-created-very-real-threat-to-global-oil-supplies-as-gas-prices-climb/
1316522832,20260803,202608,2026,2026.5836,IRN,IRAN,IRN,,,,,,,,MNC,CHEVRON,,,,,,MNC,,,0,013,013,01,1,0.4,2,1,2,-5.65693430656935,1,Iran,IR,IR,,32,53,IR,1,Iran,IR,IR,,32,53,IR,1,Iran,IR,IR,,32,53,IR,20260803001500,https://foxwilmington.com/chevron-ceo-warns-iran-conflict-has-created-very-real-threat-to-global-oil-supplies-as-gas-prices-climb/
1316522833,20260803,202608,2026,2026.5836,IRN,IRAN,IRN,,,,,,,,MNC,CHEVRON,,,,,,MNC,,,0,013,013,01,1,0.4,2,1,2,-5.65693430656935,1,Iran,IR,IR,,32,53,IR,1,Iraq,IZ,IZ,,33,44,IZ,1,Iran,IR,IR,,32,53,IR,20260803001500,https://foxwilmington.com/chevron-ceo-warns-iran-conflict-has-created-very-real-threat-to-global-oil-supplies-as-gas-prices-climb/
1316522834,20260803,202608,2026,2026.5836,IRN,IRAN,IRN,,,,,,,,OMN,OMAN,OMN,,,,,,,,1,046,046,04,1,7.0,16,3,16,-1.81805481974823,4,"Tehran, Tehran, Iran",IR,IR26,41130,35.75,51.5148,10074674,4,"Tehran, Tehran, Iran",IR,IR26,41130,35.75,51.5148,10074674,4,"Tehran, Tehran, Iran",IR,IR26,41130,35.75,51.5148,10074674,20260803001500,https://english.news.cn/20260803/383aa52c9a4f46c4a940bf9b94ce1600/c.html
1316522835,20260803,202608,2026,2026.5836,IRN,IRANIAN,IRN,,,,,,,,OMN,OMAN,OMN,,,,,,,,1,046,046,04,1,7.0,8,1,8,-1.79558011049724,4,"Tehran, Tehran, Iran",IR,IR26,41130,35.75,51.5148,10074674,1,Oman,MU,MU,,21,57,MU,4,"Tehran, Tehran, Iran",IR,IR26,41130,35.75,51.5148,10074674,20260803001500,https://abc7chicago.com/post/us-iran-deal-news-donald-trump-says-he-will-order-halt-strikes-parameters-reached-end-war/19616566/
1316522836,20260803,202608,2026,2026.5836,IRN,IRANIAN,IRN,,,,,,,,OMN,OMAN,OMN,,,,,,,,0,046,046,04,1,7.0,2,1,2,-5.17241379310345,1,Iran,IR,IR,,32,53,IR,1,Iran,IR,IR,,32,53,IR,1,Iran,IR,IR,,32,53,IR,20260803001500,https://www.woonsocketcall.com/news/national_and_world_news/ap-news-in-brief-at-6-04-p-m-edt/article_99c8525c-601c-5724-bc59-df4036c633f2.html
1316522837,20260803,202608,2026,2026.5836,IRN,IRANIAN,IRN,,,,,,,,OMN,OMAN,OMN,,,,,,,,0,046,046,04,1,7.0,8,1,8,-5.17241379310345,1,Iran,IR,IR,,32,53,IR,1,Oman,MU,MU,,21,57,MU,1,Iran,IR,IR,,32,53,IR,20260803001500,https://www.woonsocketcall.com/news/national_and_world_news/ap-news-in-brief-at-6-04-p-m-edt/article_99c8525c-601c-5724-bc59-df4036c633f2.html
1316522838,20260803,202608,2026,2026.5836,IRN,IRAN,IRN,,,,,,,,OMN,OMAN,OMN,,,,,,,,1,046,046,04,1,7.0,6,1,6,-0.66666666666667,1,Oman,MU,MU,,21,57,MU,1,Oman,MU,MU,,21,57,MU,1,Oman,MU,MU,,21,57,MU,20260803001500,http://www.israelherald.com/news/279220012/iran-says-talks-with-oman-on-strait-of-hormuz-in-final-stages
1316522839,20260803,202608,2026,2026.5836,IRN,IRANIAN,IRN,,,,,,,,OMN,OMAN,OMN,,,,,,,,1,1723,172,17,4,-5.0,2,1,2,2.35294117647059,1,Iran,IR,IR,,32,53,IR,4,"Khasab, Musandam, Oman",MU,MU07,23605,26.1799,56.2477,-787654,4,"Khasab, Musandam, Oman",MU,MU07,23605,26.1799,56.2477,-787654,20260803001500,https://www.arabnews.com/node/2653178/middle-east
1316522840,20260803,202608,2026,2026.5836,IRN,IRAN,IRN,,,,,,,,QAT,QATAR,QAT,,,,,,,,1,010,010,01,1,0.0,2,1,2,-2.77777777777777,1,Iran,IR,IR,,32,53,IR,1,Iran,IR,IR,,32,53,IR,1,Iran,IR,IR,,32,53,IR,20260803001500,http://www.bgnes.com/conflicts/trump-new-talks-with-iran-to-begin-on-august-3
1316522841,20260803,202608,2026,2026.5836,IRN,IRAN,IRN,,,,,,,,QAT,QATAR,QAT,,,,,,,,1,010,010,01,1,0.0,2,1,2,-2.77777777777777,1,Iran,IR,IR,,32,53,IR,1,Qatar,QA,QA,,25.5,51.25,QA,1,Iran,IR,IR,,32,53,IR,20260803001500,http://www.bgnes.com/conflicts/trump-new-talks-with-iran-to-begin-on-august-3
1316522842,20260803,202608,2026,2026.5836,IRN,IRAN,IRN,,,,,,,,QAT,QATAR,QAT,,,,,,,,1,020,020,02,1,3.0,2,1,2,-2.77777777777777,1,Iran,IR,IR,,32,53,IR,1,Iran,IR,IR,,32,53,IR,1,Saudi Arabia,SA,SA,,25,45,SA,20260803001500,http://www.bgnes.com/conflicts/trump-new-talks-with-iran-to-begin-on-august-3
1316522843,20260803,202608,2026,2026.5836,IRN,IRAN,IRN,,,,,,,,QAT,QATAR,QAT,,,,,,,,1,020,020,02,1,3.0,2,1,2,-2.77777777777777,1,Iran,IR,IR,,32,53,IR,1,Qatar,QA,QA,,25.5,51.25,QA,1,Qatar,QA,QA,,25.5,51.25,QA,20260803001500,http://www.bgnes.com/conflicts/trump-new-talks-with-iran-to-begin-on-august-3
1316522844,20260803,202608,2026,2026.5836,IRN,IRAN,IRN,,,,,,,,SAU,SAUDI ARABIA,SAU,,,,,,,,1,010,010,01,1,0.0,3,1,3,-2.77777777777777,1,Iran,IR,IR,,32,53,IR,1,Iran,IR,IR,,32,53,IR,1,Iran,IR,IR,,32,53,IR,20260803001500,http://www.bgnes.com/conflicts/trump-new-talks-with-iran-to-begin-on-august-3
1316522845,20260803,202608,2026,2026.5836,IRN,IRAN,IRN,,,,,,,,SAU,SAUDI ARABIA,SAU,,,,,,,,1,010,010,01,1,0.0,1,1,1,-2.77777777777777,1,Iran,IR,IR,,32,53,IR,1,Saudi Arabia,SA,SA,,25,45,SA,1,Iran,IR,IR,,32,53,IR,20260803001500,http://www.bgnes.com/conflicts/trump-new-talks-with-iran-to-begin-on-august-3
1316522846,20260803,202608,2026,2026.5836,IRN,IRAN,IRN,,,,,,,,SAU,SAUDI,SAU,,,,,,,,0,040,040,04,1,1.0,2,1,2,-1.79558011049724,4,"Tehran, Tehran, Iran",IR,IR26,41130,35.75,51.5148,10074674,1,Israel,IS,IS,,31.5,34.75,IS,4,"Tehran, Tehran, Iran",IR,IR26,41130,35.75,51.5148,10074674,20260803001500,https://abc7chicago.com/post/us-iran-deal-news-donald-trump-says-he-will-order-halt-strikes-parameters-reached-end-war/19616566/
1316522847,20260803,202608,2026,2026.5836,IRN,IRAN,IRN,,,,,,,,SAU,SAUDI,SAU,,,,,,,,0,040,040,04,1,1.0,2,1,2,-1.79558011049724,4,"Tehran, Tehran, Iran",IR,IR26,41130,35.75,51.5148,10074674,1,Saudi Arabia,SA,SA,,25,45,SA,4,"Tehran, Tehran, Iran",IR,IR26,41130,35.75,51.5148,10074674,20260803001500,https://abc7chicago.com/post/us-iran-deal-news-donald-trump-says-he-will-order-halt-strikes-parameters-reached-end-war/19616566/
1316522848,20260803,202608,2026,2026.5836,IRN,IRANIAN,IRN,,,,,,,,TUR,ANKARA,TUR,,,,,,,,0,046,046,04,1,7.0,4,1,4,-4.74777448071216,4,"Tehran, Tehran, Iran",IR,IR26,41130,35.75,51.5148,10074674,4,"Ankara, Ankara, Turkey",TU,TU68,27516,39.9272,32.8644,-735338,4,"Tehran, Tehran, Iran",IR,IR26,41130,35.75,51.5148,10074674,20260803001500,https://www.wsls.com/news/world/2026/08/02/trump-frequently-announces-hes-halting-strikes-in-iran-but-they-keep-happening/
1316522849,20260803,202608,2026,2026.5836,IRN,IRANIAN,IRN,,,,,,,,TUR,ANKARA,TUR,,,,,,,,0,046,046,04,1,7.0,1,1,1,-4.74777448071216,4,"Tehran, Tehran, Iran",IR,IR26,41130,35.75,51.5148,10074674,4,"Tehran, Tehran, Iran",IR,IR26,41130,35.75,51.5148,10074674,4,"Tehran, Tehran, Iran",IR,IR26,41130,35.75,51.5148,10074674,20260803001500,https://www.wsls.com/news/world/2026/08/02/trump-frequently-announces-hes-halting-strikes-in-iran-but-they-keep-happening/
1316522850,20260803,202608,2026,2026.5836,IRN,IRAN,IRN,,,,,,,,USA,UNITED STATES,USA,,,,,,,,1,020,020,02,1,3.0,4,1,4,-0.50761421319797,3,"Washington, District of Columbia, United States",US,USDC,DC001,38.8951,-77.0364,531871,3,"Washington, District of Columbia, United States",US,USDC,DC001,38.8951,-77.0364,531871,3,"Washington, District of Columbia, United States",US,USDC,DC001,38.8951,-77.0364,531871,20260803001500,https://english.news.cn/20260803/57364110d1584ec09e3b6b5d49b148f6/c.html
1316522851,20260803,202608,2026,2026.5836,IRN,IRAN,IRN,,,,,,,,USA,UNITED STATES,USA,,,,,,,,1,020,020,02,1,3.0,2,1,2,-0.51020408163265,3,"Washington, District of Columbia, United States",US,USDC,DC001,38.8951,-77.0364,531871,3,"Washington, District of Columbia, United States",US,USDC,DC001,38.8951,-77.0364,531871,1,Qatar,QA,QA,,25.5,51.25,QA,20260803001500,http://www.bignewsnetwork.com/news/279220097/2nd-ld-writethru-trump-announces-talks-with-iran-on-monday
1316522852,20260803,202608,2026,2026.5836,IRN,IRAN,IRN,,,,,,,,USA,UNITED STATES,USA,,,,,,,,1,020,020,02,1,3.0,18,2,18,-0.508477502676197,1,Iran,IR,IR,,32,53,IR,3,"Washington, District of Columbia, United States",US,USDC,DC001,38.8951,-77.0364,531871,3,"Washington, District of Columbia, United States",US,USDC,DC001,38.8951,-77.0364,531871,20260803001500,https://english.news.cn/20260803/57364110d1584ec09e3b6b5d49b148f6/c.html
1316522853,20260803,202608,2026,2026.5836,IRN,IRAN,IRN,,,,,,,,USA,UNITED STATES,USA,,,,,,,,1,020,020,02,1,3.0,2,1,2,-0.51020408163265,1,Pakistan,PK,PK,,30,70,PK,1,Pakistan,PK,PK,,30,70,PK,1,Iran,IR,IR,,32,53,IR,20260803001500,http://www.bignewsnetwork.com/news/279220097/2nd-ld-writethru-trump-announces-talks-with-iran-on-monday
1316522854,20260803,202608,2026,2026.5836,IRN,IRAN,IRN,,,,,,,,USA,UNITED STATES,USA,,,,,,,,1,020,020,02,1,3.0,4,1,4,-0.50761421319797,1,Qatar,QA,QA,,25.5,51.25,QA,1,Pakistan,PK,PK,,30,70,PK,1,Iran,IR,IR,,32,53,IR,20260803001500,https://english.news.cn/20260803/57364110d1584ec09e3b6b5d49b148f6/c.html
1316522855,20260803,202608,2026,2026.5836,IRN,IRAN,IRN,,,,,,,,USA,AUSTIN,USA,,,,,,,,0,040,040,04,1,1.0,2,1,2,-3.76766091051806,1,Iran,IR,IR,,32,53,IR,1,Iran,IR,IR,,32,53,IR,1,Iran,IR,IR,,32,53,IR,20260803001500,https://www.fox10phoenix.com/news/trump-halts-iran-strikes-citing-potential-deal-end-war
1316522856,20260803,202608,2026,2026.5836,IRN,IRAN,IRN,,,,,,,,USA,UNITED STATES,USA,,,,,,,,1,046,046,04,1,7.0,9,2,9,-0.282295659380503,1,Iran,IR,IR,,32,53,IR,3,"Washington, District of Columbia, United States",US,USDC,DC001,38.8951,-77.0364,531871,3,"Washington, District of Columbia, United States",US,USDC,DC001,38.8951,-77.0364,531871,20260803001500,https://english.news.cn/20260803/2e4e6d354e1745dd8b0696e521ff0634/c.html
1316522857,20260803,202608,2026,2026.5836,IRN,IRAN,IRN,,,,,,,,USA,UNITED STATES,USA,,,,,,,,1,046,046,04,1,7.0,10,2,10,-0.305086501605718,1,Iran,IR,IR,,32,53,IR,3,"Washington, District of Columbia, United States",US,USDC,DC001,38.8951,-77.0364,531871,1,Iran,IR,IR,,32,53,IR,20260803001500,https://english.news.cn/20260803/2e4e6d354e1745dd8b0696e521ff0634/c.html
1316522858,20260803,202608,2026,2026.5836,IRNGOV,IRAN,IRN,,,,,GOV,,,IRN,IRANIAN,IRN,,,,,,,,1,010,010,01,1,0.0,2,1,2,2.35294117647059,1,Iran,IR,IR,,32,53,IR,1,Iran,IR,IR,,32,53,IR,1,Iran,IR,IR,,32,53,IR,20260803001500,https://www.arabnews.com/node/2653178/middle-east
1316522859,20260803,202608,2026,2026.5836,IRNGOV,IRAN,IRN,,,,,GOV,,,IRN,IRAN,IRN,,,,,,,,1,040,040,04,1,1.0,10,1,10,-1.79558011049724,4,"Tehran, Tehran, Iran",IR,IR26,41130,35.75,51.5148,10074674,4,"Tehran, Tehran, Iran",IR,IR26,41130,35.75,51.5148,10074674,4,"Tehran, Tehran, Iran",IR,IR26,41130,35.75,51.5148,10074674,20260803001500,https://abc7chicago.com/post/us-iran-deal-news-donald-trump-says-he-will-order-halt-strikes-parameters-reached-end-war/19616566/
1316522860,20260803,202608,2026,2026.5836,IRNGOV,IRAN,IRN,,,,,GOV,,,IRN,IRAN,IRN,,,,,,,,0,040,040,04,1,1.0,10,1,10,-5.17241379310345,1,Iran,IR,IR,,32,53,IR,1,Iran,IR,IR,,32,53,IR,1,Iran,IR,IR,,32,53,IR,20260803001500,https://www.woonsocketcall.com/news/national_and_world_news/ap-news-in-brief-at-6-04-p-m-edt/article_99c8525c-601c-5724-bc59-df4036c633f2.html
1316522861,20260803,202608,2026,2026.5836,IRNGOV,IRAN,IRN,,,,,GOV,,,IRN,IRAN,IRN,,,,,,,,1,043,043,04,1,2.8,10,1,10,-1.79558011049724,4,"Tehran, Tehran, Iran",IR,IR26,41130,35.75,51.5148,10074674,4,"Tehran, Tehran, Iran",IR,IR26,41130,35.75,51.5148,10074674,4,"Tehran, Tehran, Iran",IR,IR26,41130,35.75,51.5148,10074674,20260803001500,https://abc7chicago.com/post/us-iran-deal-news-donald-trump-says-he-will-order-halt-strikes-parameters-reached-end-war/19616566/
1316522862,20260803,202608,2026,2026.5836,IRNGOV,IRAN,IRN,,,,,GOV,,,IRN,IRAN,IRN,,,,,,,,0,043,043,04,1,2.8,10,1,10,-5.17241379310345,1,Iran,IR,IR,,32,53,IR,1,Iran,IR,IR,,32,53,IR,1,Iran,IR,IR,,32,53,IR,20260803001500,https://www.woonsocketcall.com/news/national_and_world_news/ap-news-in-brief-at-6-04-p-m-edt/article_99c8525c-601c-5724-bc59-df4036c633f2.html
1316522863,20260803,202608,2026,2026.5836,IRNGOV,IRANIAN,IRN,,,,,GOV,,,MED,TELEVISION,,,,,,MED,,,1,010,010,01,1,0.0,6,1,6,-0.46403712296984,4,"Tehran, Tehran, Iran",IR,IR26,41130,35.75,51.5148,10074674,4,"Khasab, Musandam, Oman",MU,MU07,23605,26.1799,56.2477,-787654,4,"Tehran, Tehran, Iran",IR,IR26,41130,35.75,51.5148,10074674,20260803001500,https://aninews.in/news/world/middle-east/explosion-reported-near-tanker-off-oman-coast-crew-safe-ukmto20260803052934/
1316522864,20260803,202608,2026,2026.5836,IRNGOV,IRANIAN,IRN,,,,,GOV,,,MED,TELEVISION,,,,,,MED,,,0,010,010,01,1,0.0,6,1,6,-0.66666666666667,4,"Tehran, Tehran, Iran",IR,IR26,41130,35.75,51.5148,10074674,1,Oman,MU,MU,,21,57,MU,4,"Tehran, Tehran, Iran",IR,IR26,41130,35.75,51.5148,10074674,20260803001500,http://www.israelherald.com/news/279220012/iran-says-talks-with-oman-on-strait-of-hormuz-in-final-stages
1316522865,20260803,202608,2026,2026.5836,IRNGOV,IRANIAN,IRN,,,,,GOV,,,MED,TELEVISION,,,,,,MED,,,1,040,040,04,1,1.0,6,1,6,-0.46403712296984,4,"Tehran, Tehran, Iran",IR,IR26,41130,35.75,51.5148,10074674,4,"Khasab, Musandam, Oman",MU,MU07,23605,26.1799,56.2477,-787654,4,"Tehran, Tehran, Iran",IR,IR26,41130,35.75,51.5148,10074674,20260803001500,https://aninews.in/news/world/middle-east/explosion-reported-near-tanker-off-oman-coast-crew-safe-ukmto20260803052934/
1316522866,20260803,202608,2026,2026.5836,IRNGOV,IRANIAN,IRN,,,,,GOV,,,MED,TELEVISION,,,,,,MED,,,0,040,040,04,1,1.0,6,1,6,-0.66666666666667,4,"Tehran, Tehran, Iran",IR,IR26,41130,35.75,51.5148,10074674,1,Oman,MU,MU,,21,57,MU,4,"Tehran, Tehran, Iran",IR,IR26,41130,35.75,51.5148,10074674,20260803001500,http://www.israelherald.com/news/279220012/iran-says-talks-with-oman-on-strait-of-hormuz-in-final-stages
1316522867,20260803,202608,2026,2026.5836,IRNGOV,IRAN,IRN,,,,,GOV,,,OMN,OMAN,OMN,,,,,,,,1,1723,172,17,4,-5.0,2,1,2,2.35294117647059,1,Iran,IR,IR,,32,53,IR,4,"Khasab, Musandam, Oman",MU,MU07,23605,26.1799,56.2477,-787654,4,"Khasab, Musandam, Oman",MU,MU07,23605,26.1799,56.2477,-787654,20260803001500,https://www.arabnews.com/node/2653178/middle-east
1316522868,20260803,202608,2026,2026.5836,IRNLEG,IRANIAN,IRN,,,,,LEG,,,IRN,TEHRAN,IRN,,,,,,,,1,010,010,01,1,0.0,6,1,6,-5.19230769230769,4,"Tehran, Tehran, Iran",IR,IR26,41130,35.75,51.5148,10074674,4,"Tehran, Tehran, Iran",IR,IR26,41130,35.75,51.5148,10074674,4,"Tehran, Tehran, Iran",IR,IR26,41130,35.75,51.5148,10074674,20260803001500,http://www.israelherald.com/news/279220038/there-is-no-agreement-iran-rejects-trump-claim-of-strait-of-hormuz-reopening-deal
1316522869,20260803,202608,2026,2026.5836,IRNLEG,IRANIAN,IRN,,,,,LEG,,,IRN,TEHRAN,IRN,,,,,,,,1,020,020,02,1,3.0,6,1,6,-5.19230769230769,4,"Tehran, Tehran, Iran",IR,IR26,41130,35.75,51.5148,10074674,4,"Tehran, Tehran, Iran",IR,IR26,41130,35.75,51.5148,10074674,4,"Tehran, Tehran, Iran",IR,IR26,41130,35.75,51.5148,10074674,20260803001500,http://www.israelherald.com/news/279220038/there-is-no-agreement-iran-rejects-trump-claim-of-strait-of-hormuz-reopening-deal
1316522870,20260803,202608,2026,2026.5836,IRNLEG,IRANIAN,IRN,,,,,LEG,,,IRN,TEHRAN,IRN,,,,,,,,1,051,051,05,1,3.4,6,1,6,-5.19230769230769,4,"Tehran, Tehran, Iran",IR,IR26,41130,35.75,51.5148,10074674,4,"Tehran, Tehran, Iran",IR,IR26,41130,35.75,51.5148,10074674,4,"Tehran, Tehran, Iran",IR,IR26,41130,35.75,51.5148,10074674,20260803001500,http://www.israelherald.com/news/279220038/there-is-no-agreement-iran-rejects-trump-claim-of-strait-of-hormuz-reopening-deal
1316522871,20260803,202608,2026,2026.5836,IRNLEG,IRANIAN,IRN,,,,,LEG,,,IRN,TEHRAN,IRN,,,,,,,,1,120,120,12,3,-4.0,6,1,6,-5.19230769230769,4,"Tehran, Tehran, Iran",IR,IR26,41130,35.75,51.5148,10074674,4,"Tehran, Tehran, Iran",IR,IR26,41130,35.75,51.5148,10074674,4,"Tehran, Tehran, Iran",IR,IR26,41130,35.75,51.5148,10074674,20260803001500,http://www.israelherald.com/news/279220038/there-is-no-agreement-iran-rejects-trump-claim-of-strait-of-hormuz-reopening-deal
1316522872,20260803,202608,2026,2026.5836,IRNMED,IRANIAN,IRN,,,,,MED,,,,,,,,,,,,,1,160,160,16,4,-4.0,3,1,3,-4.11255411255411,4,"Tehran, Tehran, Iran",IR,IR26,41130,35.75,51.5148,10074674,0,,,,,,,,4,"Tehran, Tehran, Iran",IR,IR26,41130,35.75,51.5148,10074674,20260803001500,http://www.israelherald.com/news/279220057/fool-has-run-out-of-steam-iranian-media-trolls-trump-after-he-calls-off-strikes
1316522873,20260803,202608,2026,2026.5836,IRNMED,IRAN,IRN,,,,,MED,,,MED,TELEVISION,,,,,,MED,,,1,013,013,01,1,0.4,1,1,1,2.35294117647059,1,Iran,IR,IR,,32,53,IR,1,Iran,IR,IR,,32,53,IR,1,Iran,IR,IR,,32,53,IR,20260803001500,https://www.arabnews.com/node/2653178/middle-east
1316522874,20260803,202608,2026,2026.5836,IRQ,IRAQ,IRQ,,,,,,,,KWT,KUWAIT,KWT,,,,,,,,1,040,040,04,1,1.0,12,1,12,-1.21580547112462,1,Iraq,IZ,IZ,,33,44,IZ,1,Kuwait,KU,KU,,29.5,47.75,KU,1,Kuwait,KU,KU,,29.5,47.75,KU,20260803001500,https://english.news.cn/africa/20260803/293924ba243b4e6aa718009b5f9813e6/c.html
1316522875,20260803,202608,2026,2026.5836,IRQ,IRAQ,IRQ,,,,,,,,KWT,KUWAIT,KWT,,,,,,,,1,040,040,04,1,1.0,4,1,4,-1.21580547112462,1,Qatar,QA,QA,,25.5,51.25,QA,1,Iraq,IZ,IZ,,33,44,IZ,1,Kuwait,KU,KU,,29.5,47.75,KU,20260803001500,https://english.news.cn/africa/20260803/293924ba243b4e6aa718009b5f9813e6/c.html
1316522876,20260803,202608,2026,2026.5836,IRQ,IRAQ,IRQ,,,,,,,,KWT,KUWAIT,KWT,,,,,,,,1,040,040,04,1,1.0,4,1,4,-1.21580547112462,1,Qatar,QA,QA,,25.5,51.25,QA,1,Qatar,QA,QA,,25.5,51.25,QA,1,Iraq,IZ,IZ,,33,44,IZ,20260803001500,https://english.news.cn/africa/20260803/293924ba243b4e6aa718009b5f9813e6/c.html
1316522877,20260803,202608,2026,2026.5836,IRQ,IRAQ,IRQ,,,,,,,,KWT,KUWAIT,KWT,,,,,,,,1,046,046,04,1,7.0,12,1,12,-1.21580547112462,1,Iraq,IZ,IZ,,33,44,IZ,1,Kuwait,KU,KU,,29.5,47.75,KU,1,Qatar,QA,QA,,25.5,51.25,QA,20260803001500,https://english.news.cn/africa/20260803/293924ba243b4e6aa718009b5f9813e6/c.html
1316522878,20260803,202608,2026,2026.5836,IRQ,IRAQ,IRQ,,,,,,,,KWT,KUWAIT,KWT,,,,,,,,1,046,046,04,1,7.0,4,1,4,-1.21580547112462,1,Qatar,QA,QA,,25.5,51.25,QA,1,Iraq,IZ,IZ,,33,44,IZ,1,Qatar,QA,QA,,25.5,51.25,QA,20260803001500,https://english.news.cn/africa/20260803/293924ba243b4e6aa718009b5f9813e6/c.html
1316522879,20260803,202608,2026,2026.5836,IRQ,IRAQ,IRQ,,,,,,,,KWT,KUWAIT,KWT,,,,,,,,1,046,046,04,1,7.0,4,1,4,-1.21580547112462,1,Qatar,QA,QA,,25.5,51.25,QA,1,Qatar,QA,QA,,25.5,51.25,QA,1,Qatar,QA,QA,,25.5,51.25,QA,20260803001500,https://english.news.cn/africa/20260803/293924ba243b4e6aa718009b5f9813e6/c.html
1316522880,20260803,202608,2026,2026.5836,IRQ,IRAQ,IRQ,,,,,,,,QATGOV,QATAR,QAT,,,,,GOV,,,1,040,040,04,1,1.0,12,1,12,-1.21580547112462,1,Iraq,IZ,IZ,,33,44,IZ,1,Qatar,QA,QA,,25.5,51.25,QA,1,Kuwait,KU,KU,,29.5,47.75,KU,20260803001500,https://english.news.cn/africa/20260803/293924ba243b4e6aa718009b5f9813e6/c.html
1316522881,20260803,202608,2026,2026.5836,IRQ,IRAQ,IRQ,,,,,,,,QATGOV,QATAR,QAT,,,,,GOV,,,1,040,040,04,1,1.0,4,1,4,-1.21580547112462,1,Qatar,QA,QA,,25.5,51.25,QA,1,Qatar,QA,QA,,25.5,51.25,QA,1,Iraq,IZ,IZ,,33,44,IZ,20260803001500,https://english.news.cn/africa/20260803/293924ba243b4e6aa718009b5f9813e6/c.html
1316522882,20260803,202608,2026,2026.5836,IRQ,IRAQ,IRQ,,,,,,,,QATGOV,QATAR,QAT,,,,,GOV,,,1,040,040,04,1,1.0,4,1,4,-1.21580547112462,1,Qatar,QA,QA,,25.5,51.25,QA,1,Qatar,QA,QA,,25.5,51.25,QA,1,Kuwait,KU,KU,,29.5,47.75,KU,20260803001500,https://english.news.cn/africa/20260803/293924ba243b4e6aa718009b5f9813e6/c.html
1316522883,20260803,202608,2026,2026.5836,IRQ,IRAQ,IRQ,,,,,,,,QATGOV,QATAR,QAT,,,,,GOV,,,1,046,046,04,1,7.0,12,1,12,-1.21580547112462,1,Iraq,IZ,IZ,,33,44,IZ,1,Qatar,QA,QA,,25.5,51.25,QA,1,Qatar,QA,QA,,25.5,51.25,QA,20260803001500,https://english.news.cn/africa/20260803/293924ba243b4e6aa718009b5f9813e6/c.html
1316522884,20260803,202608,2026,2026.5836,IRQ,IRAQ,IRQ,,,,,,,,QATGOV,QATAR,QAT,,,,,GOV,,,1,046,046,04,1,7.0,8,1,8,-1.21580547112462,1,Qatar,QA,QA,,25.5,51.25,QA,1,Qatar,QA,QA,,25.5,51.25,QA,1,Qatar,QA,QA,,25.5,51.25,QA,20260803001500,https://english.news.cn/africa/20260803/293924ba243b4e6aa718009b5f9813e6/c.html
1316522885,20260803,202608,2026,2026.5836,ISR,ISRAEL,ISR,,,,,,,,,,,,,,,,,,0,011,011,01,1,-0.1,2,1,2,-3.76766091051806,1,Iran,IR,IR,,32,53,IR,0,,,,,,,,1,Iran,IR,IR,,32,53,IR,20260803001500,https://www.fox10phoenix.com/news/trump-halts-iran-strikes-citing-potential-deal-end-war
1316522886,20260803,202608,2026,2026.5836,ISR,ISRAEL,ISR,,,,,,,,,,,,,,,,,,0,011,011,01,1,-0.1,18,2,18,-2.67206046606205,1,Israel,IS,IS,,31.5,34.75,IS,0,,,,,,,,1,Israel,IS,IS,,31.5,34.75,IS,20260803001500,https://abc7chicago.com/post/us-iran-deal-news-donald-trump-says-he-will-order-halt-strikes-parameters-reached-end-war/19616566/
1316522887,20260803,202608,2026,2026.5836,ISR,ISRAEL,ISR,,,,,,,,,,,,,,,,,,1,017,017,01,1,0.0,4,1,4,3.60721442885771,4,"Tel Aviv, Tel Aviv, Israel",IS,IS05,18316,32.0667,34.7667,-781545,0,,,,,,,,4,"Tel Aviv, Tel Aviv, Israel",IS,IS05,18316,32.0667,34.7667,-781545,20260803001500,http://www.femalefirst.co.uk/celebrity/kimberly-van-der-beek-pays-tribute-james-van-der-beek-first-wedding-anniversary-since-death-1448434.html
1316522888,20260803,202608,2026,2026.5836,ISR,ISRAEL,ISR,,,,,,,,,,,,,,,,,,0,082,082,08,2,5.0,2,1,2,-3.76766091051806,1,Iran,IR,IR,,32,53,IR,0,,,,,,,,1,Iran,IR,IR,,32,53,IR,20260803001500,https://www.fox10phoenix.com/news/trump-halts-iran-strikes-citing-potential-deal-end-war
1316522889,20260803,202608,2026,2026.5836,ISR,ISRAEL,ISR,,,,,,,,,,,,,,,,,,0,082,082,08,2,5.0,8,1,8,-3.76766091051806,1,Israel,IS,IS,,31.5,34.75,IS,0,,,,,,,,1,Israel,IS,IS,,31.5,34.75,IS,20260803001500,https://www.fox10phoenix.com/news/trump-halts-iran-strikes-citing-potential-deal-end-war
1316522890,20260803,202608,2026,2026.5836,ISR,ISRAEL,ISR,,,,,,,,PSE,GAZA,PSE,,,,,,,,1,042,042,04,1,1.9,4,1,4,-5.46875,1,Israel,IS,IS,,31.5,34.75,IS,1,Gaza Strip,GZ,GZ,,31.425074,34.373398,GZ,1,Israel,IS,IS,,31.5,34.75,IS,20260803001500,https://english.news.cn/20260803/011948b20fb8407a8e79e775cb981242/c.html
1316522891,20260803,202608,2026,2026.5836,ISR,ISRAEL,ISR,,,,,,,,PSE,PALESTINIAN,PSE,,,,,,,,1,043,043,04,1,2.8,2,1,2,-5.46875,1,Israel,IS,IS,,31.5,34.75,IS,1,Israel,IS,IS,,31.5,34.75,IS,1,Israel,IS,IS,,31.5,34.75,IS,20260803001500,https://english.news.cn/20260803/011948b20fb8407a8e79e775cb981242/c.html
1316522892,20260803,202608,2026,2026.5836,ISR,ISRAEL,ISR,,,,,,,,PSE,GAZA,PSE,,,,,,,,1,190,190,19,4,-10.0,1,1,1,-5.46875,1,Israel,IS,IS,,31.5,34.75,IS,1,Gaza Strip,GZ,GZ,,31.425074,34.373398,GZ,1,Israel,IS,IS,,31.5,34.75,IS,20260803001500,https://english.news.cn/20260803/011948b20fb8407a8e79e775cb981242/c.html
1316522893,20260803,202608,2026,2026.5836,ISR,ISRAELI,ISR,,,,,,,,PSE,PALESTINIAN,PSE,,,,,,,,1,190,190,19,4,-10.0,8,1,8,-5.46875,1,Israel,IS,IS,,31.5,34.75,IS,1,Israel,IS,IS,,31.5,34.75,IS,1,Israel,IS,IS,,31.5,34.75,IS,20260803001500,https://english.news.cn/20260803/011948b20fb8407a8e79e775cb981242/c.html
1316522894,20260803,202608,2026,2026.5836,ISR,ISRAEL,ISR,,,,,,,,PSEREBMIL,HAMAS,PSE,,,,,REB,MIL,,1,190,190,19,4,-10.0,1,1,1,-5.46875,1,Israel,IS,IS,,31.5,34.75,IS,1,Gaza Strip,GZ,GZ,,31.425074,34.373398,GZ,1,Israel,IS,IS,,31.5,34.75,IS,20260803001500,https://english.news.cn/20260803/011948b20fb8407a8e79e775cb981242/c.html
1316522895,20260803,202608,2026,2026.5836,ISR,TEL AVIV,ISR,,,,,,,,USAGOV,THE WHITE HOUSE,USA,,,,,GOV,,,0,018,018,01,1,3.4,1,1,1,-5.17241379310345,4,"Gaza, Israel (general), Israel",IS,IS00,18315,31.4167,34.3333,-797156,3,"White House, District of Columbia, United States",US,USDC,,38.8951,-77.0364,531871,4,"Gaza, Israel (general), Israel",IS,IS00,18315,31.4167,34.3333,-797156,20260803001500,https://www.woonsocketcall.com/news/national_and_world_news/ap-news-in-brief-at-6-04-p-m-edt/article_99c8525c-601c-5724-bc59-df4036c633f2.html
1316522896,20260803,202608,2026,2026.5836,ISR,TEL AVIV,ISR,,,,,,,,USAGOV,THE WHITE HOUSE,USA,,,,,GOV,,,0,018,018,01,1,3.4,1,1,1,-5.17241379310345,1,Oman,MU,MU,,21,57,MU,4,"Gaza, Israel (general), Israel",IS,IS00,18315,31.4167,34.3333,-797156,4,"Gaza, Israel (general), Israel",IS,IS00,18315,31.4167,34.3333,-797156,20260803001500,https://www.woonsocketcall.com/news/national_and_world_news/ap-news-in-brief-at-6-04-p-m-edt/article_99c8525c-601c-5724-bc59-df4036c633f2.html
1316522897,20260803,202608,2026,2026.5836,ISR,ISRAEL,ISR,,,,,,,,nav,NAVAJO,,,nav,,,,,,1,036,036,03,1,4.0,10,1,10,0.83102493074792,1,Japan,JA,JA,,36,138,JA,1,Japan,JA,JA,,36,138,JA,1,Japan,JA,JA,,36,138,JA,20260803001500,https://www.bjpenn.com/mma-news/ufc/israel-adesanya-wants-top-5-ranking-for-navajo-stirling-following-sensational-ufc-belgrade-finish-another-day-in-the-office/
1316522898,20260803,202608,2026,2026.5836,ISRGOV,ISRAEL,ISR,,,,,GOV,,,PSEREB,HAMAS,PSE,,,,,REB,,,0,030,030,03,1,4.0,4,1,4,-1.21580547112462,4,"Gaza, Israel (general), Israel",IS,IS00,18315,31.4167,34.3333,-797156,4,"Gaza, Israel (general), Israel",IS,IS00,18315,31.4167,34.3333,-797156,4,"Gaza, Israel (general), Israel",IS,IS00,18315,31.4167,34.3333,-797156,20260803001500,https://english.news.cn/africa/20260803/293924ba243b4e6aa718009b5f9813e6/c.html
1316522899,20260803,202608,2026,2026.5836,JAM,JAMAICA,JAM,,,,,,,,,,,,,,,,,,1,173,173,17,4,-5.0,4,1,4,5.47945205479452,1,Jamaica,JM,JM,,18.25,-77.5,JM,0,,,,,,,,1,Jamaica,JM,JM,,18.25,-77.5,JM,20260803001500,https://home.nzcity.co.nz/news/article.aspx?id=451150
1316522900,20260803,202608,2026,2026.5836,JOR,JORDAN,JOR,,,,,,,,,,,,,,,,,,1,017,017,01,1,0.0,4,1,4,3.27868852459016,1,Jordan,JO,JO,,31,36,JO,0,,,,,,,,1,Jordan,JO,JO,,31,36,JO,20260803001500,https://nationnews.com/2026/08/02/centenarian-eunice-celebrates-with-family/
1316522901,20260803,202608,2026,2026.5836,JOR,JORDAN,JOR,,,,,,,,,,,,,,,,,,1,042,042,04,1,1.9,4,1,4,3.27868852459016,1,Jordan,JO,JO,,31,36,JO,0,,,,,,,,1,Jordan,JO,JO,,31,36,JO,20260803001500,https://nationnews.com/2026/08/02/centenarian-eunice-celebrates-with-family/
1316522902,20260803,202608,2026,2026.5836,JOR,JORDAN,JOR,,,,,,,,,,,,,,,,,,1,051,051,05,1,3.4,4,1,4,3.27868852459016,1,Jordan,JO,JO,,31,36,JO,0,,,,,,,,1,Jordan,JO,JO,,31,36,JO,20260803001500,https://nationnews.com/2026/08/02/centenarian-eunice-celebrates-with-family/
1316522903,20260803,202608,2026,2026.5836,JOR,JORDAN,JOR,,,,,,,,CVL,COMMUNITY,,,,,,CVL,,,1,030,030,03,1,4.0,4,1,4,3.44827586206896,1,Jordan,JO,JO,,31,36,JO,1,Jordan,JO,JO,,31,36,JO,1,Jordan,JO,JO,,31,36,JO,20260803001500,https://www.1011now.com/2026/08/02/free-haircuts-backpacks-school-supplies-handed-out-back-to-school-event/
1316522904,20260803,202608,2026,2026.5836,JOR,JORDAN,JOR,,,,,,,,EDU,SCHOOL,,,,,,EDU,,,1,040,040,04,1,1.0,10,1,10,2.4390243902439,0,,,,,,,,0,,,,,,,,0,,,,,,,,20260803001500,https://www.wsls.com/news/local/2026/08/02/load-the-bus-2026/
1316522905,20260803,202608,2026,2026.5836,JUD,FEDERAL JUDGE,,,,,,JUD,,,,,,,,,,,,,1,114,114,11,3,-2.0,6,2,6,-4.30879712746858,1,Canada,CA,CA,,60,-96,CA,0,,,,,,,,1,Canada,CA,CA,,60,-96,CA,20260803001500,https://www.fox10phoenix.com/news/capital-one-trump-organization-money-laundering
1316522906,20260803,202608,2026,2026.5836,JUD,FEDERAL JUDGE,,,,,,JUD,,,,,,,,,,,,,1,114,114,11,3,-2.0,14,2,14,-4.30879712746858,2,"Maryland, United States",US,USMD,,39.0724,-76.7902,MD,0,,,,,,,,2,"Maryland, United States",US,USMD,,39.0724,-76.7902,MD,20260803001500,https://www.fox10phoenix.com/news/capital-one-trump-organization-money-laundering
1316522907,20260803,202608,2026,2026.5836,JUD,DISTRICT COURT,,,,,,JUD,,,,,,,,,,,,,1,173,173,17,4,-5.0,10,1,10,-2.88461538461539,0,,,,,,,,0,,,,,,,,0,,,,,,,,20260803001500,https://www.miragenews.com/cops-catch-burglar-lock-him-up-1720391/
1316522908,20260803,202608,2026,2026.5836,JUD,DISTRICT COURT,,,,,,JUD,,,USA,UTAH,USA,,,,,,,,1,046,046,04,1,7.0,10,1,10,-6.04288499025341,2,"California, United States",US,USCA,,36.17,-119.746,CA,2,"California, United States",US,USCA,,36.17,-119.746,CA,2,"California, United States",US,USCA,,36.17,-119.746,CA,20260803001500,https://www.mondaq.com:443/unitedstates/consumer-law/1825234/ftc-california-and-utah-target-deceptive-billing-and-health-data-sharing
1316522909,20260803,202608,2026,2026.5836,JUD,DISTRICT COURT,,,,,,JUD,,,USA,CALIFORNIA,USA,,,,,,,,1,114,114,11,3,-2.0,10,1,10,-6.04288499025341,2,"California, United States",US,USCA,,36.17,-119.746,CA,2,"California, United States",US,USCA,,36.17,-119.746,CA,2,"California, United States",US,USCA,,36.17,-119.746,CA,20260803001500,https://www.mondaq.com:443/unitedstates/consumer-law/1825234/ftc-california-and-utah-target-deceptive-billing-and-health-data-sharing
1316522910,20260803,202608,2026,2026.5836,JUD,FEDERAL JUDGE,,,,,,JUD,,,USA,UNITED STATES,USA,,,,,,,,1,114,114,11,3,-2.0,8,2,8,-4.30879712746858,2,"Maryland, United States",US,USMD,,39.0724,-76.7902,MD,2,"Maryland, United States",US,USMD,,39.0724,-76.7902,MD,2,"Maryland, United States",US,USMD,,39.0724,-76.7902,MD,20260803001500,https://www.fox10phoenix.com/news/capital-one-trump-organization-money-laundering
1316522911,20260803,202608,2026,2026.5836,KWT,KUWAIT,KWT,,,,,,,,EGY,EGYPT,EGY,,,,,,,,1,040,040,04,1,1.0,3,1,3,1.25,4,"Cairo, Al Qahirah, Egypt",EG,EG11,65350,30.05,31.25,-290692,4,"Cairo, Al Qahirah, Egypt",EG,EG11,65350,30.05,31.25,-290692,4,"Cairo, Al Qahirah, Egypt",EG,EG11,65350,30.05,31.25,-290692,20260803001500,http://www.bignewsnetwork.com/news/279220101/kuwait-egypt-fms-discuss-regional-developments-de-escalation-efforts
1316522912,20260803,202608,2026,2026.5836,KWT,KUWAIT,KWT,,,,,,,,EGY,EGYPT,EGY,,,,,,,,1,040,040,04,1,1.0,2,1,2,1.25,4,"Cairo, Al Qahirah, Egypt",EG,EG11,65350,30.05,31.25,-290692,4,"Cairo, Al Qahirah, Egypt",EG,EG11,65350,30.05,31.25,-290692,1,Kuwait,KU,KU,,29.5,47.75,KU,20260803001500,http://www.bignewsnetwork.com/news/279220101/kuwait-egypt-fms-discuss-regional-developments-de-escalation-efforts
1316522913,20260803,202608,2026,2026.5836,KWT,KUWAIT,KWT,,,,,,,,IRQ,IRAQ,IRQ,,,,,,,,1,040,040,04,1,1.0,4,1,4,-1.21580547112462,1,Iraq,IZ,IZ,,33,44,IZ,1,Qatar,QA,QA,,25.5,51.25,QA,1,Kuwait,KU,KU,,29.5,47.75,KU,20260803001500,https://english.news.cn/africa/20260803/293924ba243b4e6aa718009b5f9813e6/c.html
1316522914,20260803,202608,2026,2026.5836,KWT,KUWAIT,KWT,,,,,,,,IRQ,IRAQ,IRQ,,,,,,,,1,040,040,04,1,1.0,12,1,12,-1.21580547112462,1,Kuwait,KU,KU,,29.5,47.75,KU,1,Iraq,IZ,IZ,,33,44,IZ,1,Kuwait,KU,KU,,29.5,47.75,KU,20260803001500,https://english.news.cn/africa/20260803/293924ba243b4e6aa718009b5f9813e6/c.html
1316522915,20260803,202608,2026,2026.5836,KWT,KUWAIT,KWT,,,,,,,,IRQ,IRAQ,IRQ,,,,,,,,1,040,040,04,1,1.0,4,1,4,-1.21580547112462,1,Qatar,QA,QA,,25.5,51.25,QA,1,Qatar,QA,QA,,25.5,51.25,QA,1,Iraq,IZ,IZ,,33,44,IZ,20260803001500,https://english.news.cn/africa/20260803/293924ba243b4e6aa718009b5f9813e6/c.html
1316522916,20260803,202608,2026,2026.5836,KWT,KUWAIT,KWT,,,,,,,,IRQ,IRAQ,IRQ,,,,,,,,1,046,046,04,1,7.0,4,1,4,-1.21580547112462,1,Iraq,IZ,IZ,,33,44,IZ,1,Qatar,QA,QA,,25.5,51.25,QA,1,Qatar,QA,QA,,25.5,51.25,QA,20260803001500,https://english.news.cn/africa/20260803/293924ba243b4e6aa718009b5f9813e6/c.html
1316522917,20260803,202608,2026,2026.5836,KWT,KUWAIT,KWT,,,,,,,,IRQ,IRAQ,IRQ,,,,,,,,1,046,046,04,1,7.0,12,1,12,-1.21580547112462,1,Kuwait,KU,KU,,29.5,47.75,KU,1,Iraq,IZ,IZ,,33,44,IZ,1,Qatar,QA,QA,,25.5,51.25,QA,20260803001500,https://english.news.cn/africa/20260803/293924ba243b4e6aa718009b5f9813e6/c.html
1316522918,20260803,202608,2026,2026.5836,KWT,KUWAIT,KWT,,,,,,,,IRQ,IRAQ,IRQ,,,,,,,,1,046,046,04,1,7.0,4,1,4,-1.21580547112462,1,Qatar,QA,QA,,25.5,51.25,QA,1,Qatar,QA,QA,,25.5,51.25,QA,1,Qatar,QA,QA,,25.5,51.25,QA,20260803001500,https://english.news.cn/africa/20260803/293924ba243b4e6aa718009b5f9813e6/c.html
1316522919,20260803,202608,2026,2026.5836,KWT,KUWAIT,KWT,,,,,,,,QATGOV,QATAR,QAT,,,,,GOV,,,1,040,040,04,1,1.0,4,1,4,-1.21580547112462,1,Iraq,IZ,IZ,,33,44,IZ,1,Qatar,QA,QA,,25.5,51.25,QA,1,Kuwait,KU,KU,,29.5,47.75,KU,20260803001500,https://english.news.cn/africa/20260803/293924ba243b4e6aa718009b5f9813e6/c.html
1316522920,20260803,202608,2026,2026.5836,KWT,KUWAIT,KWT,,,,,,,,QATGOV,QATAR,QAT,,,,,GOV,,,1,040,040,04,1,1.0,12,1,12,-1.21580547112462,1,Kuwait,KU,KU,,29.5,47.75,KU,1,Qatar,QA,QA,,25.5,51.25,QA,1,Kuwait,KU,KU,,29.5,47.75,KU,20260803001500,https://english.news.cn/africa/20260803/293924ba243b4e6aa718009b5f9813e6/c.html
1316522921,20260803,202608,2026,2026.5836,KWT,KUWAIT,KWT,,,,,,,,QATGOV,QATAR,QAT,,,,,GOV,,,1,040,040,04,1,1.0,4,1,4,-1.21580547112462,1,Qatar,QA,QA,,25.5,51.25,QA,1,Qatar,QA,QA,,25.5,51.25,QA,1,Iraq,IZ,IZ,,33,44,IZ,20260803001500,https://english.news.cn/africa/20260803/293924ba243b4e6aa718009b5f9813e6/c.html
1316522922,20260803,202608,2026,2026.5836,KWT,KUWAIT,KWT,,,,,,,,QATGOV,QATAR,QAT,,,,,GOV,,,1,046,046,04,1,7.0,4,1,4,-1.21580547112462,1,Iraq,IZ,IZ,,33,44,IZ,1,Qatar,QA,QA,,25.5,51.25,QA,1,Qatar,QA,QA,,25.5,51.25,QA,20260803001500,https://english.news.cn/africa/20260803/293924ba243b4e6aa718009b5f9813e6/c.html
1316522923,20260803,202608,2026,2026.5836,KWT,KUWAIT,KWT,,,,,,,,QATGOV,QATAR,QAT,,,,,GOV,,,1,046,046,04,1,7.0,12,1,12,-1.21580547112462,1,Kuwait,KU,KU,,29.5,47.75,KU,1,Qatar,QA,QA,,25.5,51.25,QA,1,Qatar,QA,QA,,25.5,51.25,QA,20260803001500,https://english.news.cn/africa/20260803/293924ba243b4e6aa718009b5f9813e6/c.html
1316522924,20260803,202608,2026,2026.5836,KWT,KUWAIT,KWT,,,,,,,,QATGOV,QATAR,QAT,,,,,GOV,,,1,046,046,04,1,7.0,4,1,4,-1.21580547112462,1,Qatar,QA,QA,,25.5,51.25,QA,1,Qatar,QA,QA,,25.5,51.25,QA,1,Qatar,QA,QA,,25.5,51.25,QA,20260803001500,https://english.news.cn/africa/20260803/293924ba243b4e6aa718009b5f9813e6/c.html
1316522925,20260803,202608,2026,2026.5836,LAB,EMPLOYEE,,,,,,LAB,,,,,,,,,,,,,0,193,193,19,4,-10.0,10,1,10,-7.71144278606966,3,"Twin Falls, Idaho, United States",US,USID,ID083,42.563,-114.461,398273,0,,,,,,,,3,"Twin Falls, Idaho, United States",US,USID,,42.563,-114.461,398273,20260803001500,https://www.fox10phoenix.com/news/in-n-out-shooting-idaho
1316522926,20260803,202608,2026,2026.5836,LAB,WORKER,,,,,,LAB,,,CRM,ILLEGAL IMMIGRANT,,,,,,CRM,,,0,056,056,05,1,7.0,10,1,10,-2.17391304347826,2,"Colorado, United States",US,USCO,,39.0646,-105.327,CO,2,"Colorado, United States",US,USCO,,39.0646,-105.327,CO,2,"Colorado, United States",US,USCO,,39.0646,-105.327,CO,20260803001500,https://foxwilmington.com/democratic-socialist-candidate-brushes-off-concerns-over-dsa-communists-as-gop-noise/
1316522927,20260803,202608,2026,2026.5836,LAB,WORKER,,,,,,LAB,,,LEG,SENATE,,,,,,LEG,,,0,020,020,02,1,3.0,2,1,2,-2.17391304347826,2,"Colorado, United States",US,USCO,,39.0646,-105.327,CO,2,"Colorado, United States",US,USCO,,39.0646,-105.327,CO,2,"Colorado, United States",US,USCO,,39.0646,-105.327,CO,20260803001500,https://foxwilmington.com/democratic-socialist-candidate-brushes-off-concerns-over-dsa-communists-as-gop-noise/
1316522928,20260803,202608,2026,2026.5836,LAB,WORKER,,,,,,LAB,,,LEG,SENATE,,,,,,LEG,,,0,020,020,02,1,3.0,8,1,8,-2.17391304347826,2,"New York, United States",US,USNY,,42.1497,-74.9384,NY,2,"New York, United States",US,USNY,,42.1497,-74.9384,NY,2,"New York, United States",US,USNY,,42.1497,-74.9384,NY,20260803001500,https://foxwilmington.com/democratic-socialist-candidate-brushes-off-concerns-over-dsa-communists-as-gop-noise/
1316522929,20260803,202608,2026,2026.5836,LEG,CONGRESS,,,,,,LEG,,,,,,,,,,,,,0,020,020,02,1,3.0,10,1,10,4.87238979118329,4,"Hunan, Jiangsu, China",CH,CH04,13155,32.9274,120.18,10865123,0,,,,,,,,4,"Hunan, Jiangsu, China",CH,CH04,13155,32.9274,120.18,10865123,20260803001500,http://usa.chinadaily.com.cn/a/202608/03/WS6a6fd161a310986e2b46891b.html
1316522930,20260803,202608,2026,2026.5836,LEG,CONGRESS,,,,,,LEG,,,,,,,,,,,,,0,190,190,19,4,-10.0,5,1,5,4.87238979118329,4,"Hunan, Jiangsu, China",CH,CH04,13155,32.9274,120.18,10865123,0,,,,,,,,4,"Hunan, Jiangsu, China",CH,CH04,13155,32.9274,120.18,10865123,20260803001500,http://usa.chinadaily.com.cn/a/202608/03/WS6a6fd161a310986e2b46891b.html
1316522931,20260803,202608,2026,2026.5836,LEG,DELEGATE,,,,,,LEG,,,CRM,DEALER,,,,,,CRM,,,1,042,042,04,1,1.9,5,1,5,1.29198966408269,4,"Nooitgedacht, Eastern Cape, South Africa",SF,SF05,77320,-33.05,27.05,-1267116,4,"Nooitgedacht, Eastern Cape, South Africa",SF,SF05,77320,-33.05,27.05,-1267116,4,"Nooitgedacht, Eastern Cape, South Africa",SF,SF05,77320,-33.05,27.05,-1267116,20260803001500,https://finance.yahoo.com/markets/stocks/articles/small-cap-watch-asx-small-234000267.html
1316522932,20260803,202608,2026,2026.5836,LEG,REPRESENTATIVES,,,,,,LEG,,,GOV,MINIST,,,,,,GOV,,,0,010,010,01,1,0.0,10,1,10,0.16068559185859,0,,,,,,,,0,,,,,,,,0,,,,,,,,20260803001500,https://www.smn-news.com/index.php/st-maarten-st-martin-news/51227-unops-us-90-000-contract-with-tackling-firm-raises-conflict-questions-after-agency-advises-justice-minister-on-heyliger.html
1316522933,20260803,202608,2026,2026.5836,LEG,CONGRESS,,,,,,LEG,,,USA,UNITED STATES,USA,,,,,,,,0,071,071,07,2,7.4,5,1,5,-3.76766091051806,3,"White House, District of Columbia, United States",US,USDC,,38.8951,-77.0364,531871,3,"White House, District of Columbia, United States",US,USDC,,38.8951,-77.0364,531871,3,"White House, District of Columbia, United States",US,USDC,,38.8951,-77.0364,531871,20260803001500,https://www.fox10phoenix.com/news/trump-halts-iran-strikes-citing-potential-deal-end-war
1316522934,20260803,202608,2026,2026.5836,LEG,CONGRESS,,,,,,LEG,,,USA,UNITED STATES,USA,,,,,,,,0,071,071,07,2,7.4,1,1,1,-3.76766091051806,1,Iran,IR,IR,,32,53,IR,1,Iran,IR,IR,,32,53,IR,1,Iran,IR,IR,,32,53,IR,20260803001500,https://www.fox10phoenix.com/news/trump-halts-iran-strikes-citing-potential-deal-end-war
1316522935,20260803,202608,2026,2026.5836,LEG,CONGRESS,,,,,,LEG,,,USAGOV,THE WHITE HOUSE,USA,,,,,GOV,,,0,071,071,07,2,7.4,3,1,3,-3.76766091051806,3,"White House, District of Columbia, United States",US,USDC,,38.8951,-77.0364,531871,3,"White House, District of Columbia, United States",US,USDC,,38.8951,-77.0364,531871,3,"White House, District of Columbia, United States",US,USDC,,38.8951,-77.0364,531871,20260803001500,https://www.fox10phoenix.com/news/trump-halts-iran-strikes-citing-potential-deal-end-war
1316522936,20260803,202608,2026,2026.5836,LEG,CONGRESS,,,,,,LEG,,,USAGOV,THE WHITE HOUSE,USA,,,,,GOV,,,0,071,071,07,2,7.4,1,1,1,-3.76766091051806,1,Iran,IR,IR,,32,53,IR,1,Iran,IR,IR,,32,53,IR,1,Iran,IR,IR,,32,53,IR,20260803001500,https://www.fox10phoenix.com/news/trump-halts-iran-strikes-citing-potential-deal-end-war
1316522937,20260803,202608,2026,2026.5836,LVA,LATVIA,LVA,,,,,,,,GRC,GREECE,GRC,,,,,,,,1,057,057,05,1,8.0,5,1,5,-2.8328611898017,1,France,FR,FR,,46,2,FR,1,France,FR,FR,,46,2,FR,1,France,FR,FR,,46,2,FR,20260803001500,https://www.novinite.com/view_news.php?id=239901
1316522938,20260803,202608,2026,2026.5836,MAR,MOROCCO,MAR,,,,,,,,,,,,,,,,,,1,043,043,04,1,2.8,10,1,10,-6.19621342512909,1,Morocco,MO,MO,,32,-5,MO,0,,,,,,,,1,Morocco,MO,MO,,32,-5,MO,20260803001500,https://www.perthnow.com.au/news/conflict/death-toll-from-migrant-rush-into-spanish-enclave-rises-c-22665701
1316522939,20260803,202608,2026,2026.5836,MAR,MOROCCO,MAR,,,,,,,,CVL,MIGRANT,,,,,,CVL,,,1,128,128,12,3,-5.0,10,1,10,-7.31707317073171,1,Morocco,MO,MO,,32,-5,MO,1,Morocco,MO,MO,,32,-5,MO,3,"Washington, District of Columbia, United States",US,USDC,DC001,38.8951,-77.0364,531871,20260803001500,http://www.sierraleonetimes.com/news/279220074/unpredictable-dangerous-us-issues-cueta-travel-advisory-amid-massive-migrant-crisis
1316522940,20260803,202608,2026,2026.5836,MAR,MOROCCO,MAR,,,,,,,,GOV,GOVERNMENT,,,,,,GOV,,,0,042,042,04,1,1.9,5,1,5,-6.16740088105726,4,"Rabat, Rabat-Saléemmour-ZaëMO, Morocco",MO,MO49,21812,34.02,-6.83,-43376,4,"Rabat, Rabat-Saléemmour-ZaëMO, Morocco",MO,MO49,21812,34.02,-6.83,-43376,4,"Rabat, Rabat-Saléemmour-ZaëMO, Morocco",MO,MO49,21812,34.02,-6.83,-43376,20260803001500,https://www.euronews.com/my-europe/2026/08/02/ceuta-more-migrants-leave-but-residents-still-in-shock-far-right-leader-visits
1316522941,20260803,202608,2026,2026.5836,MAR,MOROCCO,MAR,,,,,,,,USA,THE US,USA,,,,,,,,1,130,130,13,3,-4.4,10,1,10,-7.31707317073171,1,Morocco,MO,MO,,32,-5,MO,3,"Washington, District of Columbia, United States",US,USDC,DC001,38.8951,-77.0364,531871,4,"Cueta, Spain (general), Spain",SP,SP00,25810,35.8887,-5.31925,-377755,20260803001500,http://www.sierraleonetimes.com/news/279220074/unpredictable-dangerous-us-issues-cueta-travel-advisory-amid-massive-migrant-crisis
1316522942,20260803,202608,2026,2026.5836,MDV,MALE,MDV,,,,,,,,,,,,,,,,,,0,042,042,04,1,1.9,1,1,1,-7.97448165869218,3,"Riverview, Massachusetts, United States",US,USMA,MA009,42.632,-70.6814,615324,0,,,,,,,,3,"Boston, Massachusetts, United States",US,USMA,MA025,42.3584,-71.0598,617565,20260803001500,https://www.bostonherald.com/2026/08/02/police-blotter-man-shot-to-death-in-eastie/
1316522943,20260803,202608,2026,2026.5836,MDV,MALE,MDV,,,,,,,,,,,,,,,,,,0,042,042,04,1,1.9,2,1,2,-7.97448165869218,3,"Boston, Massachusetts, United States",US,USMA,MA025,42.3584,-71.0598,617565,0,,,,,,,,3,"Boston, Massachusetts, United States",US,USMA,MA025,42.3584,-71.0598,617565,20260803001500,https://www.bostonherald.com/2026/08/02/police-blotter-man-shot-to-death-in-eastie/
1316522944,20260803,202608,2026,2026.5836,MDV,MALE,MDV,,,,,,,,USA,UNITED STATES,USA,,,,,,,,0,042,042,04,1,1.9,2,1,2,-7.97448165869218,3,"Riverview, Massachusetts, United States",US,USMA,MA009,42.632,-70.6814,615324,3,"Riverview, Massachusetts, United States",US,USMA,MA009,42.632,-70.6814,615324,3,"Riverview, Massachusetts, United States",US,USMA,MA009,42.632,-70.6814,615324,20260803001500,https://www.bostonherald.com/2026/08/02/police-blotter-man-shot-to-death-in-eastie/
1316522945,20260803,202608,2026,2026.5836,MED,MEDIA,,,,,,MED,,,,,,,,,,,,,0,010,010,01,1,0.0,8,1,8,-4.79041916167664,1,United Kingdom,UK,UK,,54,-4,UK,0,,,,,,,,1,United Kingdom,UK,UK,,54,-4,UK,20260803001500,https://english.news.cn/20260803/332547dfd34b41ce9d70624ee184978f/c.html
1316522946,20260803,202608,2026,2026.5836,MED,MEDIA,,,,,,MED,,,,,,,,,,,,,0,012,012,01,1,-0.4,10,1,10,-5.04731861198738,4,"Belgrade, Serbia (general),",RB,RB00,47629,44.8186,20.4681,-74897,0,,,,,,,,4,"Belgrade, Serbia (general),",RB,RB00,47629,44.8186,20.4681,-74897,20260803001500,https://www.bjpenn.com/mma-news/ufc/uros-medic-turns-attention-to-leon-edwards-following-30-second-win-at-ufc-belgrade-im-not-going-to-bully-him-anymore/
1316522947,20260803,202608,2026,2026.5836,MED,JOURNALIST,,,,,,MED,,,,,,,,,,,,,1,060,060,06,2,6.0,10,1,10,5.76923076923077,0,,,,,,,,0,,,,,,,,0,,,,,,,,20260803001500,https://www.standard.co.uk/news/uk/queen-camilla-victoria-charity-b1292140.html
1316522948,20260803,202608,2026,2026.5836,MED,PUBLISHER,,,,,,MED,,,,,,,,,,,,,0,084,084,08,2,7.0,5,1,5,-0.34013605442177,1,Australia,AS,AS,,-25,135,AS,0,,,,,,,,1,Australia,AS,AS,,-25,135,AS,20260803001500,https://www.adnews.com.au/news/ai-licensing-isn-t-a-life-raft-for-the-publishing-industry
1316522949,20260803,202608,2026,2026.5836,MED,NEWSPAPER,,,,,,MED,,,,,,,,,,,,,0,111,111,11,3,-2.0,10,1,10,-0.91896407685882,4,"Princeton, Devon, United Kingdom",UK,UKD4,40104,50.55,-4,-2605757,0,,,,,,,,4,"Princeton, Devon, United Kingdom",UK,UKD4,40104,50.55,-4,-2605757,20260803001500,https://secularhumanism.org/volume/no-5-vol-42/
1316522950,20260803,202608,2026,2026.5836,MED,TELEVISION,,,,,,MED,,,IRN,IRANIAN,IRN,,,,,,,,1,040,040,04,1,1.0,2,1,2,-0.46403712296984,4,"Khasab, Musandam, Oman",MU,MU07,23605,26.1799,56.2477,-787654,4,"Tehran, Tehran, Iran",IR,IR26,41130,35.75,51.5148,10074674,4,"Tehran, Tehran, Iran",IR,IR26,41130,35.75,51.5148,10074674,20260803001500,https://aninews.in/news/world/middle-east/explosion-reported-near-tanker-off-oman-coast-crew-safe-ukmto20260803052934/
1316522951,20260803,202608,2026,2026.5836,MED,TELEVISION,,,,,,MED,,,IRN,IRANIAN,IRN,,,,,,,,1,040,040,04,1,1.0,4,2,4,-0.565351894818255,4,"Tehran, Tehran, Iran",IR,IR26,41130,35.75,51.5148,10074674,4,"Tehran, Tehran, Iran",IR,IR26,41130,35.75,51.5148,10074674,4,"Tehran, Tehran, Iran",IR,IR26,41130,35.75,51.5148,10074674,20260803001500,http://www.israelherald.com/news/279220012/iran-says-talks-with-oman-on-strait-of-hormuz-in-final-stages
1316522952,20260803,202608,2026,2026.5836,MED,TELEVISION,,,,,,MED,,,IRN,IRANIAN,IRN,,,,,,,,0,040,040,04,1,1.0,2,1,2,-0.66666666666667,1,Oman,MU,MU,,21,57,MU,4,"Tehran, Tehran, Iran",IR,IR26,41130,35.75,51.5148,10074674,4,"Tehran, Tehran, Iran",IR,IR26,41130,35.75,51.5148,10074674,20260803001500,http://www.israelherald.com/news/279220012/iran-says-talks-with-oman-on-strait-of-hormuz-in-final-stages
1316522953,20260803,202608,2026,2026.5836,MED,TELEVISION,,,,,,MED,,,IRNGOV,IRANIAN,IRN,,,,,GOV,,,1,040,040,04,1,1.0,6,1,6,-0.46403712296984,4,"Khasab, Musandam, Oman",MU,MU07,23605,26.1799,56.2477,-787654,4,"Tehran, Tehran, Iran",IR,IR26,41130,35.75,51.5148,10074674,4,"Tehran, Tehran, Iran",IR,IR26,41130,35.75,51.5148,10074674,20260803001500,https://aninews.in/news/world/middle-east/explosion-reported-near-tanker-off-oman-coast-crew-safe-ukmto20260803052934/
1316522954,20260803,202608,2026,2026.5836,MED,TELEVISION,,,,,,MED,,,IRNGOV,IRANIAN,IRN,,,,,GOV,,,0,040,040,04,1,1.0,6,1,6,-0.66666666666667,1,Oman,MU,MU,,21,57,MU,4,"Tehran, Tehran, Iran",IR,IR26,41130,35.75,51.5148,10074674,4,"Tehran, Tehran, Iran",IR,IR26,41130,35.75,51.5148,10074674,20260803001500,http://www.israelherald.com/news/279220012/iran-says-talks-with-oman-on-strait-of-hormuz-in-final-stages
1316522955,20260803,202608,2026,2026.5836,MEDGOV,SPOKESMAN,,,,,,MED,GOV,,IRNGOV,IRANIAN,IRN,,,,,GOV,,,1,010,010,01,1,0.0,6,1,6,2.35294117647059,1,Iran,IR,IR,,32,53,IR,1,Iran,IR,IR,,32,53,IR,1,Iran,IR,IR,,32,53,IR,20260803001500,https://www.arabnews.com/node/2653178/middle-east
1316522956,20260803,202608,2026,2026.5836,MEDGOV,SPOKESMAN,,,,,,MED,GOV,,OMN,OMAN,OMN,,,,,,,,1,1723,172,17,4,-5.0,6,1,6,2.35294117647059,1,Iran,IR,IR,,32,53,IR,4,"Khasab, Musandam, Oman",MU,MU07,23605,26.1799,56.2477,-787654,4,"Khasab, Musandam, Oman",MU,MU07,23605,26.1799,56.2477,-787654,20260803001500,https://www.arabnews.com/node/2653178/middle-east
1316522957,20260803,202608,2026,2026.5836,MIL,MILITARY,,,,,,MIL,,,,,,,,,,,,,1,013,013,01,1,0.4,10,1,10,0.23419203747073,1,Ukraine,UP,UP,,49,32,UP,0,,,,,,,,1,Ukraine,UP,UP,,49,32,UP,20260803001500,https://finance.yahoo.com/markets/stocks/articles/why-huntington-ingalls-industries-stock-233405312.html
1316522958,20260803,202608,2026,2026.5836,MIL,MILITARY,,,,,,MIL,,,,,,,,,,,,,1,072,072,07,2,8.3,10,1,10,0.23419203747073,1,Ukraine,UP,UP,,49,32,UP,0,,,,,,,,1,Ukraine,UP,UP,,49,32,UP,20260803001500,https://finance.yahoo.com/markets/stocks/articles/why-huntington-ingalls-industries-stock-233405312.html
1316522959,20260803,202608,2026,2026.5836,MIL,MILITARY BASE,,,,,,MIL,,,,,,,,,,,,,1,194,194,19,4,-10.0,20,1,20,-2.03841349796261,4,"Tehran, Tehran, Iran",IR,IR26,41130,35.75,51.5148,10074674,0,,,,,,,,4,"Tehran, Tehran, Iran",IR,IR26,41130,35.75,51.5148,10074674,20260803001500,https://english.news.cn/20260803/b2dd1920852747d4aa7aa25e38c0a551/c.html
1316522960,20260803,202608,2026,2026.5836,MIL,MILITARY BASE,,,,,,MIL,,,,,,,,,,,,,1,194,194,19,4,-10.0,4,1,4,-1.21580547112462,1,Iran,IR,IR,,32,53,IR,0,,,,,,,,1,Iran,IR,IR,,32,53,IR,20260803001500,https://english.news.cn/africa/20260803/293924ba243b4e6aa718009b5f9813e6/c.html
1316522961,20260803,202608,2026,2026.5836,MIL,MILITARY BASE,,,,,,MIL,,,,,,,,,,,,,1,194,194,19,4,-10.0,16,1,16,-1.21580547112462,1,Jordan,JO,JO,,31,36,JO,0,,,,,,,,1,Iran,IR,IR,,32,53,IR,20260803001500,https://english.news.cn/africa/20260803/293924ba243b4e6aa718009b5f9813e6/c.html
1316522962,20260803,202608,2026,2026.5836,MIL,NAVY,,,,,,MIL,,,FRA,FRANCE,FRA,,,,,,,,0,042,042,04,1,1.9,8,1,8,-1.78739416745061,4,"Hardelot, Nord-Pas-de-Calais, France",FR,FRB4,16307,50.6333,1.5792,-1431435,4,"Hardelot, Nord-Pas-de-Calais, France",FR,FRB4,16307,50.6333,1.5792,-1431435,4,"Hardelot, Nord-Pas-de-Calais, France",FR,FRB4,16307,50.6333,1.5792,-1431435,20260803001500,https://www.aol.co.uk/articles/humiliation-burnham-channel-migrant-bill-234300000.html
1316522963,20260803,202608,2026,2026.5836,MIL,NAVY,,,,,,MIL,,,FRA,FRANCE,FRA,,,,,,,,0,042,042,04,1,1.9,2,1,2,-1.78739416745061,4,"Sandhurst, Gloucestershire, United Kingdom",UK,UKE6,40113,51.9167,-2.25,-2607068,4,"Sandhurst, Gloucestershire, United Kingdom",UK,UKE6,40113,51.9167,-2.25,-2607068,4,"Sandhurst, Gloucestershire, United Kingdom",UK,UKE6,40113,51.9167,-2.25,-2607068,20260803001500,https://www.aol.co.uk/articles/humiliation-burnham-channel-migrant-bill-234300000.html
1316522964,20260803,202608,2026,2026.5836,MIL,MILITARY PERSONNEL,,,,,,MIL,,,FRA,FRANCE,FRA,,,,,,,,0,111,111,11,3,-2.0,5,1,5,-6.23556581986143,4,"Saumos, Aquitaine, France",FR,FR97,16241,44.9215,-0.988177,-1469709,4,"Gironde, Aquitaine, France",FR,FR97,16243,44.584,-0.089244,-1429418,4,"Gironde, Aquitaine, France",FR,FR97,16243,44.584,-0.089244,-1429418,20260803001500,https://www.adn.com/nation-world/2026/08/02/2-killed-when-firefighting-helicopters-collide-near-athens-as-europes-wildfire-emergency-rages/
1316522965,20260803,202608,2026,2026.5836,MIL,MILITARY PERSONNEL,,,,,,MIL,,,FRA,FRANCE,FRA,,,,,,,,0,111,111,11,3,-2.0,2,1,2,-6.23556581986143,4,"Saumos, Aquitaine, France",FR,FR97,16241,44.9215,-0.988177,-1469709,4,"Saumos, Aquitaine, France",FR,FR97,16241,44.9215,-0.988177,-1469709,4,"Gironde, Aquitaine, France",FR,FR97,16243,44.584,-0.089244,-1429418,20260803001500,https://www.adn.com/nation-world/2026/08/02/2-killed-when-firefighting-helicopters-collide-near-athens-as-europes-wildfire-emergency-rages/
1316522966,20260803,202608,2026,2026.5836,MIL,MILITARY PERSONNEL,,,,,,MIL,,,FRA,FRANCE,FRA,,,,,,,,0,111,111,11,3,-2.0,1,1,1,-6.23556581986143,4,"Saumos, Aquitaine, France",FR,FR97,16241,44.9215,-0.988177,-1469709,4,"Saumos, Aquitaine, France",FR,FR97,16241,44.9215,-0.988177,-1469709,4,"Saumos, Aquitaine, France",FR,FR97,16241,44.9215,-0.988177,-1469709,20260803001500,https://www.adn.com/nation-world/2026/08/02/2-killed-when-firefighting-helicopters-collide-near-athens-as-europes-wildfire-emergency-rages/
1316522967,20260803,202608,2026,2026.5836,MIL,AIR FORCE,,,,,,MIL,,,GOV,PRESIDENT,,,,,,GOV,,,1,111,111,11,3,-2.0,6,1,6,1.31578947368422,1,Iran,IR,IR,,32,53,IR,1,Iran,IR,IR,,32,53,IR,1,Iran,IR,IR,,32,53,IR,20260803001500,https://abcnews.com/International/live-updates/iran-live-updates-tehran-progress-made-strait-hormuz/?id=135110405&entryId=135312915
1316522968,20260803,202608,2026,2026.5836,MIL,AIR FORCE,,,,,,MIL,,,IRN,IRAN,IRN,,,,,,,,1,043,043,04,1,2.8,30,2,30,-0.305086501605718,1,Iran,IR,IR,,32,53,IR,1,Iran,IR,IR,,32,53,IR,1,Iran,IR,IR,,32,53,IR,20260803001500,https://english.news.cn/20260803/2e4e6d354e1745dd8b0696e521ff0634/c.html
1316522969,20260803,202608,2026,2026.5836,MIL,AIR FORCE,,,,,,MIL,,,IRNGOV,IRAN,IRN,,,,,GOV,,,1,111,111,11,3,-2.0,2,1,2,1.31578947368422,1,Iran,IR,IR,,32,53,IR,1,Iran,IR,IR,,32,53,IR,1,Iran,IR,IR,,32,53,IR,20260803001500,https://abcnews.com/International/live-updates/iran-live-updates-tehran-progress-made-strait-hormuz/?id=135110405&entryId=135312915
1316522970,20260803,202608,2026,2026.5836,MIL,AIR FORCE,,,,,,MIL,,,USA,UNITED STATES,USA,,,,,,,,1,043,043,04,1,2.8,10,2,10,-0.305086501605718,3,"Washington, District of Columbia, United States",US,USDC,DC001,38.8951,-77.0364,531871,3,"Washington, District of Columbia, United States",US,USDC,DC001,38.8951,-77.0364,531871,1,Iran,IR,IR,,32,53,IR,20260803001500,https://english.news.cn/20260803/2e4e6d354e1745dd8b0696e521ff0634/c.html
1316522971,20260803,202608,2026,2026.5836,MIL,AIR FORCE,,,,,,MIL,,,USA,UNITED STATES,USA,,,,,,,,1,043,043,04,1,2.8,10,2,10,-0.305086501605718,1,Iran,IR,IR,,32,53,IR,3,"Washington, District of Columbia, United States",US,USDC,DC001,38.8951,-77.0364,531871,1,Iran,IR,IR,,32,53,IR,20260803001500,https://english.news.cn/20260803/2e4e6d354e1745dd8b0696e521ff0634/c.html
1316522972,20260803,202608,2026,2026.5836,MILMIL,BORDER SECURITY,,,,,,MIL,MIL,,GBR,UNITED KINGDOM,GBR,,,,,,,,0,040,040,04,1,1.0,2,1,2,-1.78739416745061,4,"Dover, Kent, United Kingdom",UK,UKG5,40117,51.1333,1.3,-2594561,4,"Dover, Kent, United Kingdom",UK,UKG5,40117,51.1333,1.3,-2594561,4,"Dover, Kent, United Kingdom",UK,UKG5,40117,51.1333,1.3,-2594561,20260803001500,https://www.aol.co.uk/articles/humiliation-burnham-channel-migrant-bill-234300000.html
1316522973,20260803,202608,2026,2026.5836,MNCUSA,COSTCO,USA,,,,,MNC,,,,,,,,,,,,,1,010,010,01,1,0.0,6,1,6,0.47846889952153,1,United States,US,US,,39.828175,-98.5795,US,0,,,,,,,,1,United States,US,US,,39.828175,-98.5795,US,20260803001500,https://finance.yahoo.com/small-business/articles/costcos-changes-fix-members-biggest-233700350.html
1316522974,20260803,202608,2026,2026.5836,MNCUSA,BOEING,USA,,,,,MNC,,,BUS,AIRLINE,,,,,,BUS,,,0,014,014,01,1,0.0,10,1,10,-1.87932739861523,4,"Vancouver, British Columbia, Canada",CA,CA02,12552,49.25,-123.133,-575268,4,"Vancouver, British Columbia, Canada",CA,CA02,12552,49.25,-123.133,-575268,4,"Vancouver, British Columbia, Canada",CA,CA02,12552,49.25,-123.133,-575268,20260803001500,https://www.adn.com/nation-world/2026/08/02/flight-attendants-at-canadas-westjet-go-on-strike-in-dispute-over-pay/
1316522975,20260803,202608,2026,2026.5836,MNCUSA,BOEING,USA,,,,,MNC,,,CVL,ENGINEER,,,,,,CVL,,,1,090,090,09,2,-2.0,20,1,10,-3.90625,4,"Sydney, New South Wales, Australia",AS,AS02,154637,-33.8833,151.217,-1603135,4,"Sydney, New South Wales, Australia",AS,AS02,154637,-33.8833,151.217,-1603135,4,"Sydney, New South Wales, Australia",AS,AS02,154637,-33.8833,151.217,-1603135,20260803001500,https://www.perthnow.com.au/news/qantas-flight-bound-for-south-america-turns-back-to-melbourne-almost-five-hours-into-journey-c-22665443
1316522976,20260803,202608,2026,2026.5836,MNCUSA,COSTCO,USA,,,,,MNC,,,USA,UNITED STATES,USA,,,,,,,,1,010,010,01,1,0.0,4,1,4,0.47846889952153,1,United States,US,US,,39.828175,-98.5795,US,1,United States,US,US,,39.828175,-98.5795,US,1,United States,US,US,,39.828175,-98.5795,US,20260803001500,https://finance.yahoo.com/small-business/articles/costcos-changes-fix-members-biggest-233700350.html
1316522977,20260803,202608,2026,2026.5836,MOS,ISLAM,,,,MOS,,,,,,,,,,,,,,,1,042,042,04,1,1.9,3,1,3,0.29154518950437,4,"Kuala Lumpur, Kuala Lumpur, Malaysia",MY,MY14,18585,3.16667,101.7,-2403010,0,,,,,,,,4,"Kuala Lumpur, Kuala Lumpur, Malaysia",MY,MY14,18585,3.16667,101.7,-2403010,20260803001500,https://www.freemalaysiatoday.com/category/leisure/2026/08/03/living-with-cerebral-palsy-radin-daniel-builds-a-life-on-resilience
1316522978,20260803,202608,2026,2026.5836,MOS,ISLAM,,,,MOS,,,,,,,,,,,,,,,1,111,111,11,3,-2.0,6,1,6,0.29154518950437,4,"Kuala Lumpur, Kuala Lumpur, Malaysia",MY,MY14,18585,3.16667,101.7,-2403010,0,,,,,,,,4,"Kuala Lumpur, Kuala Lumpur, Malaysia",MY,MY14,18585,3.16667,101.7,-2403010,20260803001500,https://www.freemalaysiatoday.com/category/leisure/2026/08/03/living-with-cerebral-palsy-radin-daniel-builds-a-life-on-resilience
1316522979,20260803,202608,2026,2026.5836,MOS,ISLAM,,,,MOS,,,,,MYS,MALAYSIA,MYS,,,,,,,,1,043,043,04,1,2.8,3,1,3,0.29154518950437,4,"Kuala Lumpur, Kuala Lumpur, Malaysia",MY,MY14,18585,3.16667,101.7,-2403010,4,"Kuala Lumpur, Kuala Lumpur, Malaysia",MY,MY14,18585,3.16667,101.7,-2403010,4,"Kuala Lumpur, Kuala Lumpur, Malaysia",MY,MY14,18585,3.16667,101.7,-2403010,20260803001500,https://www.freemalaysiatoday.com/category/leisure/2026/08/03/living-with-cerebral-palsy-radin-daniel-builds-a-life-on-resilience
1316522980,20260803,202608,2026,2026.5836,MYS,PUTRAJAYA,MYS,,,,,,,,,,,,,,,,,,0,010,010,01,1,0.0,5,1,5,-0.28943560057887,1,Malaysia,MY,MY,,2.5,112.5,MY,0,,,,,,,,1,Malaysia,MY,MY,,2.5,112.5,MY,20260803001500,https://www.freemalaysiatoday.com/category/nation/2026/08/03/malaysia-mulls-easing-rare-earth-export-curbs-to-meet-demand
1316522981,20260803,202608,2026,2026.5836,MYS,KUALA LUMPUR,MYS,,,,,,,,,,,,,,,,,,1,043,043,04,1,2.8,5,1,5,0.29154518950437,4,"Kuala Lumpur, Kuala Lumpur, Malaysia",MY,MY14,18585,3.16667,101.7,-2403010,0,,,,,,,,4,"Kuala Lumpur, Kuala Lumpur, Malaysia",MY,MY14,18585,3.16667,101.7,-2403010,20260803001500,https://www.freemalaysiatoday.com/category/leisure/2026/08/03/living-with-cerebral-palsy-radin-daniel-builds-a-life-on-resilience
1316522982,20260803,202608,2026,2026.5836,MYS,PUTRAJAYA,MYS,,,,,,,,,,,,,,,,,,0,050,050,05,1,3.5,5,1,5,-0.28943560057887,1,Malaysia,MY,MY,,2.5,112.5,MY,0,,,,,,,,1,Malaysia,MY,MY,,2.5,112.5,MY,20260803001500,https://www.freemalaysiatoday.com/category/nation/2026/08/03/malaysia-mulls-easing-rare-earth-export-curbs-to-meet-demand
1316522983,20260803,202608,2026,2026.5836,MYS,PUTRAJAYA,MYS,,,,,,,,,,,,,,,,,,0,061,061,06,2,6.4,5,1,5,-0.28943560057887,1,Malaysia,MY,MY,,2.5,112.5,MY,0,,,,,,,,1,Malaysia,MY,MY,,2.5,112.5,MY,20260803001500,https://www.freemalaysiatoday.com/category/nation/2026/08/03/malaysia-mulls-easing-rare-earth-export-curbs-to-meet-demand
1316522984,20260803,202608,2026,2026.5836,MYS,MALAYSIA,MYS,,,,,,,,AUS,AUSTRALIA,AUS,,,,,,,,0,043,043,04,1,2.8,6,1,6,-0.28943560057887,1,Malaysia,MY,MY,,2.5,112.5,MY,1,Australia,AS,AS,,-25,135,AS,1,Australia,AS,AS,,-25,135,AS,20260803001500,https://www.freemalaysiatoday.com/category/nation/2026/08/03/malaysia-mulls-easing-rare-earth-export-curbs-to-meet-demand
1316522985,20260803,202608,2026,2026.5836,MYS,MALAYSIA,MYS,,,,,,,,AUS,AUSTRALIA,AUS,,,,,,,,0,043,043,04,1,2.8,2,1,2,-0.28943560057887,1,Malaysia,MY,MY,,2.5,112.5,MY,1,Australia,AS,AS,,-25,135,AS,1,Malaysia,MY,MY,,2.5,112.5,MY,20260803001500,https://www.freemalaysiatoday.com/category/nation/2026/08/03/malaysia-mulls-easing-rare-earth-export-curbs-to-meet-demand
1316522986,20260803,202608,2026,2026.5836,MYS,MALAYSIA,MYS,,,,,,,,AUS,AUSTRALIA,AUS,,,,,,,,0,043,043,04,1,2.8,2,1,2,-0.28943560057887,1,Malaysia,MY,MY,,2.5,112.5,MY,1,Malaysia,MY,MY,,2.5,112.5,MY,1,Malaysia,MY,MY,,2.5,112.5,MY,20260803001500,https://www.freemalaysiatoday.com/category/nation/2026/08/03/malaysia-mulls-easing-rare-earth-export-curbs-to-meet-demand
1316522987,20260803,202608,2026,2026.5836,MYS,SABAH,MYS,,,,,,,,EGYGOV,EGYPT,EGY,,,,,GOV,,,1,020,020,02,1,3.0,6,1,6,1.25,4,"Cairo, Al Qahirah, Egypt",EG,EG11,65350,30.05,31.25,-290692,4,"Cairo, Al Qahirah, Egypt",EG,EG11,65350,30.05,31.25,-290692,4,"Cairo, Al Qahirah, Egypt",EG,EG11,65350,30.05,31.25,-290692,20260803001500,http://www.bignewsnetwork.com/news/279220101/kuwait-egypt-fms-discuss-regional-developments-de-escalation-efforts
1316522988,20260803,202608,2026,2026.5836,MYS,MALAYSIA,MYS,,,,,,,,MOS,ISLAM,,,,MOS,,,,,1,042,042,04,1,1.9,3,1,3,0.29154518950437,4,"Kuala Lumpur, Kuala Lumpur, Malaysia",MY,MY14,18585,3.16667,101.7,-2403010,4,"Kuala Lumpur, Kuala Lumpur, Malaysia",MY,MY14,18585,3.16667,101.7,-2403010,4,"Kuala Lumpur, Kuala Lumpur, Malaysia",MY,MY14,18585,3.16667,101.7,-2403010,20260803001500,https://www.freemalaysiatoday.com/category/leisure/2026/08/03/living-with-cerebral-palsy-radin-daniel-builds-a-life-on-resilience
1316522989,20260803,202608,2026,2026.5836,MYS,MALAYSIA,MYS,,,,,,,,MOS,ISLAM,,,,MOS,,,,,1,111,111,11,3,-2.0,4,1,4,0.29154518950437,4,"Kuala Lumpur, Kuala Lumpur, Malaysia",MY,MY14,18585,3.16667,101.7,-2403010,4,"Kuala Lumpur, Kuala Lumpur, Malaysia",MY,MY14,18585,3.16667,101.7,-2403010,4,"Kuala Lumpur, Kuala Lumpur, Malaysia",MY,MY14,18585,3.16667,101.7,-2403010,20260803001500,https://www.freemalaysiatoday.com/category/leisure/2026/08/03/living-with-cerebral-palsy-radin-daniel-builds-a-life-on-resilience
1316522990,20260803,202608,2026,2026.5836,MYS,MALAYSIA,MYS,,,,,,,,PSE,PALESTINE,PSE,,,,,,,,0,051,051,05,1,3.4,2,1,2,-0.28943560057887,1,Malaysia,MY,MY,,2.5,112.5,MY,1,Malaysia,MY,MY,,2.5,112.5,MY,1,Malaysia,MY,MY,,2.5,112.5,MY,20260803001500,https://www.freemalaysiatoday.com/category/nation/2026/08/03/malaysia-mulls-easing-rare-earth-export-curbs-to-meet-demand
1316522991,20260803,202608,2026,2026.5836,NGOHLHIRC,RED CROSS,,IRC,,,,NGO,HLH,,,,,,,,,,,,1,060,060,06,2,6.0,10,1,10,-3.42857142857143,0,,,,,,,,0,,,,,,,,0,,,,,,,,20260803001500,https://www.2news.com/news/local/forward-progress-stopped-on-ringo-fire-north-of-cold-springs-evacuations-lifted/article_ada7981c-5e95-4390-8dd8-2ea32d9e0c27.html
1316522992,20260803,202608,2026,2026.5836,NZL,NEW ZEALAND,NZL,,,,,,,,,,,,,,,,,,0,010,010,01,1,0.0,2,1,2,-0.36553524804178,4,"Whenuapai, New Zealand (general), New Zealand",NZ,NZ00,22389,-36.7667,174.65,-1521728,0,,,,,,,,4,"Whenuapai, New Zealand (general), New Zealand",NZ,NZ00,22389,-36.7667,174.65,-1521728,20260803001500,https://business.scoop.co.nz/2026/08/03/explainer-what-is-a-data-centre-and-why-is-everyone-freaking-out-now/
1316522993,20260803,202608,2026,2026.5836,NZL,NEW ZEALAND,NZL,,,,,,,,,,,,,,,,,,1,010,010,01,1,0.0,5,1,5,1.55642023346303,5,"Auckland, Auckland, New Zealand",NZ,NZE7,22379,-36.75,174.583,11483124,0,,,,,,,,5,"Auckland, Auckland, New Zealand",NZ,NZE7,22379,-36.75,174.583,11483124,20260803001500,https://www.adnews.com.au/news/qms-rebuilds-auckland-s-the-victoria-billboard
1316522994,20260803,202608,2026,2026.5836,NZL,NEW ZEALANDER,NZL,,,,,,,,,,,,,,,,,,0,012,012,01,1,-0.4,8,1,8,-0.36553524804178,4,"Whenuapai, New Zealand (general), New Zealand",NZ,NZ00,22389,-36.7667,174.65,-1521728,0,,,,,,,,4,"Whenuapai, New Zealand (general), New Zealand",NZ,NZ00,22389,-36.7667,174.65,-1521728,20260803001500,https://business.scoop.co.nz/2026/08/03/explainer-what-is-a-data-centre-and-why-is-everyone-freaking-out-now/
1316522995,20260803,202608,2026,2026.5836,NZL,NEW ZEALAND,NZL,,,,,,,,,,,,,,,,,,0,020,020,02,1,3.0,4,1,4,-0.36553524804178,4,"Whenuapai, New Zealand (general), New Zealand",NZ,NZ00,22389,-36.7667,174.65,-1521728,0,,,,,,,,4,"Whenuapai, New Zealand (general), New Zealand",NZ,NZ00,22389,-36.7667,174.65,-1521728,20260803001500,https://business.scoop.co.nz/2026/08/03/explainer-what-is-a-data-centre-and-why-is-everyone-freaking-out-now/
1316522996,20260803,202608,2026,2026.5836,NZL,NEW ZEALAND,NZL,,,,,,,,,,,,,,,,,,0,030,030,03,1,4.0,10,1,10,-0.36553524804178,4,"Whenuapai, New Zealand (general), New Zealand",NZ,NZ00,22389,-36.7667,174.65,-1521728,0,,,,,,,,4,"Whenuapai, New Zealand (general), New Zealand",NZ,NZ00,22389,-36.7667,174.65,-1521728,20260803001500,https://business.scoop.co.nz/2026/08/03/explainer-what-is-a-data-centre-and-why-is-everyone-freaking-out-now/
1316522997,20260803,202608,2026,2026.5836,NZL,NEW ZEALAND,NZL,,,,,,,,AUS,AUSTRALIAN,AUS,,,,,,,,0,020,020,02,1,3.0,3,1,3,-0.36553524804178,4,"Whenuapai, New Zealand (general), New Zealand",NZ,NZ00,22389,-36.7667,174.65,-1521728,4,"Sydney, New South Wales, Australia",AS,AS02,154637,-33.8833,151.217,-1603135,4,"Sydney, New South Wales, Australia",AS,AS02,154637,-33.8833,151.217,-1603135,20260803001500,https://business.scoop.co.nz/2026/08/03/explainer-what-is-a-data-centre-and-why-is-everyone-freaking-out-now/
1316522998,20260803,202608,2026,2026.5836,NZLGOV,NEW ZEALAND,NZL,,,,,GOV,,,GOV,GOVERNMENT,,,,,,GOV,,,1,020,020,02,1,3.0,10,1,10,-0.16806722689076,4,"Kapiti, New Zealand (general), New Zealand",NZ,NZ00,22391,-40.9167,175,-1511615,4,"Kapiti, New Zealand (general), New Zealand",NZ,NZ00,22391,-40.9167,175,-1511615,4,"Kapiti, New Zealand (general), New Zealand",NZ,NZ00,22391,-40.9167,175,-1511615,20260803001500,https://business.scoop.co.nz/2026/08/03/councils-seek-relief-from-irrelevant-costs-given-looming-government-reform/
1316522999,20260803,202608,2026,2026.5836,NZLREL,NEW ZEALAND,NZL,,,,,,,,GOV,MINIST,,,,,,GOV,,,0,010,010,01,1,0.0,2,1,2,-0.16806722689076,4,"Kapiti, New Zealand (general), New Zealand",NZ,NZ00,22391,-40.9167,175,-1511615,4,"Kapiti, New Zealand (general), New Zealand",NZ,NZ00,22391,-40.9167,175,-1511615,4,"Kapiti, New Zealand (general), New Zealand",NZ,NZ00,22391,-40.9167,175,-1511615,20260803001500,https://business.scoop.co.nz/2026/08/03/councils-seek-relief-from-irrelevant-costs-given-looming-government-reform/
1316523000,20260803,202608,2026,2026.5836,OMN,OMAN,OMN,,,,,,,,IRN,IRANIAN,IRN,,,,,,,,1,046,046,04,1,7.0,2,1,2,-1.79558011049724,4,"Tehran, Tehran, Iran",IR,IR26,41130,35.75,51.5148,10074674,4,"Tehran, Tehran, Iran",IR,IR26,41130,35.75,51.5148,10074674,4,"Tehran, Tehran, Iran",IR,IR26,41130,35.75,51.5148,10074674,20260803001500,https://abc7chicago.com/post/us-iran-deal-news-donald-trump-says-he-will-order-halt-strikes-parameters-reached-end-war/19616566/
1316523001,20260803,202608,2026,2026.5836,OMN,OMAN,OMN,,,,,,,,IRN,IRANIAN,IRN,,,,,,,,0,046,046,04,1,7.0,2,1,2,-5.17241379310345,1,Iran,IR,IR,,32,53,IR,1,Iran,IR,IR,,32,53,IR,1,Iran,IR,IR,,32,53,IR,20260803001500,https://www.woonsocketcall.com/news/national_and_world_news/ap-news-in-brief-at-6-04-p-m-edt/article_99c8525c-601c-5724-bc59-df4036c633f2.html
1316523002,20260803,202608,2026,2026.5836,OMN,OMAN,OMN,,,,,,,,IRN,IRANIAN,IRN,,,,,,,,1,046,046,04,1,7.0,20,3,20,-1.27987587981534,1,Oman,MU,MU,,21,57,MU,4,"Tehran, Tehran, Iran",IR,IR26,41130,35.75,51.5148,10074674,4,"Tehran, Tehran, Iran",IR,IR26,41130,35.75,51.5148,10074674,20260803001500,https://abc7chicago.com/post/us-iran-deal-news-donald-trump-says-he-will-order-halt-strikes-parameters-reached-end-war/19616566/
1316523003,20260803,202608,2026,2026.5836,OMN,OMAN,OMN,,,,,,,,IRN,IRAN,IRN,,,,,,,,1,046,046,04,1,7.0,8,1,8,-2.28310502283105,1,Oman,MU,MU,,21,57,MU,4,"Tehran, Tehran, Iran",IR,IR26,41130,35.75,51.5148,10074674,1,Oman,MU,MU,,21,57,MU,20260803001500,https://english.news.cn/20260803/383aa52c9a4f46c4a940bf9b94ce1600/c.html
1316523004,20260803,202608,2026,2026.5836,OMN,OMAN,OMN,,,,,,,,IRN,IRANIAN,IRN,,,,,,,,0,046,046,04,1,7.0,8,1,8,-5.17241379310345,1,Oman,MU,MU,,21,57,MU,1,Iran,IR,IR,,32,53,IR,1,Iran,IR,IR,,32,53,IR,20260803001500,https://www.woonsocketcall.com/news/national_and_world_news/ap-news-in-brief-at-6-04-p-m-edt/article_99c8525c-601c-5724-bc59-df4036c633f2.html
1316523005,20260803,202608,2026,2026.5836,OPP,ACTIVIST,,,,,,OPP,,,COP,POLICE,,,,,,COP,,,1,060,060,06,2,6.0,8,1,8,-5.88235294117647,4,"Balapur, Maharashtra, India",IN,IN16,70187,20.6667,76.7667,-2089871,4,"Balapur, Maharashtra, India",IN,IN16,70187,20.6667,76.7667,-2089871,4,"Balapur, Maharashtra, India",IN,IN16,70187,20.6667,76.7667,-2089871,20260803001500,https://aninews.in/news/national/general-news/telangana-mother-arrested-for-allegedly-drowning-9-month-old-baby-in-bairamulguda-lake20260803041827/
1316523006,20260803,202608,2026,2026.5836,PAK,PAKISTAN,PAK,,,,,,,,COP,POLICE,,,,,,COP,,,0,010,010,01,1,0.0,1,1,1,-10.8156028368794,4,"Islamabad, Islamabad, Pakistan",PK,PK08,23674,33.7,73.1667,-2762812,4,"Islamabad, Islamabad, Pakistan",PK,PK08,23674,33.7,73.1667,-2762812,4,"Islamabad, Islamabad, Pakistan",PK,PK08,23674,33.7,73.1667,-2762812,20260803001500,https://aninews.in/news/world/asia/at-least-14-killed-in-suicide-bombing-outside-pakistan-police-station20260803015813/
1316523007,20260803,202608,2026,2026.5836,PAK,PAKISTAN,PAK,,,,,,,,COP,POLICE,,,,,,COP,,,0,010,010,01,1,0.0,1,1,1,-10.8156028368794,4,"Peshawar, North-West Frontier, Pakistan",PK,PK03,40347,34.0078,71.5733,-2771364,4,"Peshawar, North-West Frontier, Pakistan",PK,PK03,40347,34.0078,71.5733,-2771364,4,"Peshawar, North-West Frontier, Pakistan",PK,PK03,40347,34.0078,71.5733,-2771364,20260803001500,https://aninews.in/news/world/asia/at-least-14-killed-in-suicide-bombing-outside-pakistan-police-station20260803015813/
1316523008,20260803,202608,2026,2026.5836,PAKGOV,PAKISTAN,PAK,,,,,GOV,,,COP,POLICE,,,,,,COP,,,0,111,111,11,3,-2.0,2,1,2,-10.8156028368794,4,"Peshawar, North-West Frontier, Pakistan",PK,PK03,40347,34.0078,71.5733,-2771364,4,"Peshawar, North-West Frontier, Pakistan",PK,PK03,40347,34.0078,71.5733,-2771364,4,"Peshawar, North-West Frontier, Pakistan",PK,PK03,40347,34.0078,71.5733,-2771364,20260803001500,https://aninews.in/news/world/asia/at-least-14-killed-in-suicide-bombing-outside-pakistan-police-station20260803015813/
1316523009,20260803,202608,2026,2026.5836,PSE,PALESTINIAN,PSE,,,,,,,,,,,,,,,,,,1,042,042,04,1,1.9,2,1,2,-5.46875,1,Israel,IS,IS,,31.5,34.75,IS,0,,,,,,,,1,Israel,IS,IS,,31.5,34.75,IS,20260803001500,https://english.news.cn/20260803/011948b20fb8407a8e79e775cb981242/c.html
1316523010,20260803,202608,2026,2026.5836,PSE,GAZA,PSE,,,,,,,,,,,,,,,,,,1,190,190,19,4,-10.0,3,1,3,-5.46875,1,Israel,IS,IS,,31.5,34.75,IS,0,,,,,,,,1,Israel,IS,IS,,31.5,34.75,IS,20260803001500,https://english.news.cn/20260803/011948b20fb8407a8e79e775cb981242/c.html
1316523011,20260803,202608,2026,2026.5836,PSE,GAZA,PSE,,,,,,,,CVL,CIVILIAN,,,,,,CVL,,,1,043,043,04,1,2.8,2,1,2,-5.46875,1,Gaza Strip,GZ,GZ,,31.425074,34.373398,GZ,1,Israel,IS,IS,,31.5,34.75,IS,1,Israel,IS,IS,,31.5,34.75,IS,20260803001500,https://english.news.cn/20260803/011948b20fb8407a8e79e775cb981242/c.html
1316523012,20260803,202608,2026,2026.5836,PSE,GAZA,PSE,,,,,,,,ISR,ISRAELI,ISR,,,,,,,,1,010,010,01,1,0.0,5,1,5,-5.46875,1,Israel,IS,IS,,31.5,34.75,IS,1,Israel,IS,IS,,31.5,34.75,IS,1,Israel,IS,IS,,31.5,34.75,IS,20260803001500,https://english.news.cn/20260803/011948b20fb8407a8e79e775cb981242/c.html
1316523013,20260803,202608,2026,2026.5836,PSE,GAZA,PSE,,,,,,,,ISR,ISRAELI,ISR,,,,,,,,1,030,030,03,1,4.0,10,1,10,-5.46875,1,Israel,IS,IS,,31.5,34.75,IS,1,Israel,IS,IS,,31.5,34.75,IS,1,Gaza Strip,GZ,GZ,,31.425074,34.373398,GZ,20260803001500,https://english.news.cn/20260803/011948b20fb8407a8e79e775cb981242/c.html
1316523014,20260803,202608,2026,2026.5836,PSE,PALESTINIAN,PSE,,,,,,,,ISR,ISRAEL,ISR,,,,,,,,1,042,042,04,1,1.9,2,1,2,-5.46875,1,Israel,IS,IS,,31.5,34.75,IS,1,Israel,IS,IS,,31.5,34.75,IS,1,Israel,IS,IS,,31.5,34.75,IS,20260803001500,https://english.news.cn/20260803/011948b20fb8407a8e79e775cb981242/c.html
1316523015,20260803,202608,2026,2026.5836,PSE,GAZA,PSE,,,,,,,,ISR,ISRAEL,ISR,,,,,,,,1,043,043,04,1,2.8,4,1,4,-5.46875,1,Gaza Strip,GZ,GZ,,31.425074,34.373398,GZ,1,Israel,IS,IS,,31.5,34.75,IS,1,Israel,IS,IS,,31.5,34.75,IS,20260803001500,https://english.news.cn/20260803/011948b20fb8407a8e79e775cb981242/c.html
1316523016,20260803,202608,2026,2026.5836,PSE,GAZA,PSE,,,,,,,,ISR,ISRAELI,ISR,,,,,,,,1,0871,087,08,2,9.0,9,1,9,-5.46875,1,Israel,IS,IS,,31.5,34.75,IS,1,Israel,IS,IS,,31.5,34.75,IS,1,Gaza Strip,GZ,GZ,,31.425074,34.373398,GZ,20260803001500,https://english.news.cn/20260803/011948b20fb8407a8e79e775cb981242/c.html
1316523017,20260803,202608,2026,2026.5836,PSE,GAZA,PSE,,,,,,,,ISR,ISRAEL,ISR,,,,,,,,1,0871,087,08,2,9.0,1,1,1,-5.46875,1,Israel,IS,IS,,31.5,34.75,IS,1,Israel,IS,IS,,31.5,34.75,IS,1,Israel,IS,IS,,31.5,34.75,IS,20260803001500,https://english.news.cn/20260803/011948b20fb8407a8e79e775cb981242/c.html
1316523018,20260803,202608,2026,2026.5836,PSE,GAZA,PSE,,,,,,,,PSEREBMIL,HAMAS,PSE,,,,,REB,MIL,,1,190,190,19,4,-10.0,4,1,4,-5.46875,1,Israel,IS,IS,,31.5,34.75,IS,1,Gaza Strip,GZ,GZ,,31.425074,34.373398,GZ,1,Israel,IS,IS,,31.5,34.75,IS,20260803001500,https://english.news.cn/20260803/011948b20fb8407a8e79e775cb981242/c.html
1316523019,20260803,202608,2026,2026.5836,PSEREB,HAMAS,PSE,,,,,REB,,,GOV,PRESIDENT,,,,,,GOV,,,0,030,030,03,1,4.0,16,1,16,-1.21580547112462,4,"Gaza, Israel (general), Israel",IS,IS00,18315,31.4167,34.3333,-797156,4,"Gaza, Israel (general), Israel",IS,IS00,18315,31.4167,34.3333,-797156,4,"Gaza, Israel (general), Israel",IS,IS00,18315,31.4167,34.3333,-797156,20260803001500,https://english.news.cn/africa/20260803/293924ba243b4e6aa718009b5f9813e6/c.html
1316523020,20260803,202608,2026,2026.5836,PSEREB,HAMAS,PSE,,,,,REB,,,ISRGOV,ISRAEL,ISR,,,,,GOV,,,0,030,030,03,1,4.0,4,1,4,-1.21580547112462,4,"Gaza, Israel (general), Israel",IS,IS00,18315,31.4167,34.3333,-797156,4,"Gaza, Israel (general), Israel",IS,IS00,18315,31.4167,34.3333,-797156,4,"Gaza, Israel (general), Israel",IS,IS00,18315,31.4167,34.3333,-797156,20260803001500,https://english.news.cn/africa/20260803/293924ba243b4e6aa718009b5f9813e6/c.html
1316523021,20260803,202608,2026,2026.5836,QAT,QATARI,QAT,,,,,,,,IRN,IRAN,IRN,,,,,,,,0,010,010,01,1,0.0,2,2,2,0.40899795501022,4,"Tehran, Tehran, Iran",IR,IR26,41130,35.75,51.5148,10074674,4,"Tehran, Tehran, Iran",IR,IR26,41130,35.75,51.5148,10074674,4,"Tehran, Tehran, Iran",IR,IR26,41130,35.75,51.5148,10074674,20260803001500,http://www.israelherald.com/news/279220089/trump-says-us-iran-talks-to-begin-monday-after-shelving-planned-strike
1316523022,20260803,202608,2026,2026.5836,QAT,QATARI,QAT,,,,,,,,IRN,IRAN,IRN,,,,,,,,0,010,010,01,1,0.0,2,2,2,0.40899795501022,1,Qatar,QA,QA,,25.5,51.25,QA,4,"Tehran, Tehran, Iran",IR,IR26,41130,35.75,51.5148,10074674,4,"Tehran, Tehran, Iran",IR,IR26,41130,35.75,51.5148,10074674,20260803001500,http://www.israelherald.com/news/279220089/trump-says-us-iran-talks-to-begin-monday-after-shelving-planned-strike
1316523023,20260803,202608,2026,2026.5836,QAT,QATARI,QAT,,,,,,,,IRN,IRAN,IRN,,,,,,,,0,040,040,04,1,1.0,2,2,2,0.40899795501022,4,"Tehran, Tehran, Iran",IR,IR26,41130,35.75,51.5148,10074674,3,"Washington, District of Columbia, United States",US,USDC,DC001,38.8951,-77.0364,531871,3,"Washington, District of Columbia, United States",US,USDC,DC001,38.8951,-77.0364,531871,20260803001500,http://www.israelherald.com/news/279220089/trump-says-us-iran-talks-to-begin-monday-after-shelving-planned-strike
1316523024,20260803,202608,2026,2026.5836,QAT,QATARI,QAT,,,,,,,,IRN,IRAN,IRN,,,,,,,,0,040,040,04,1,1.0,2,2,2,0.40899795501022,4,"Tehran, Tehran, Iran",IR,IR26,41130,35.75,51.5148,10074674,1,Saudi Arabia,SA,SA,,25,45,SA,1,Saudi Arabia,SA,SA,,25,45,SA,20260803001500,http://www.israelherald.com/news/279220089/trump-says-us-iran-talks-to-begin-monday-after-shelving-planned-strike
1316523025,20260803,202608,2026,2026.5836,QAT,QATARI,QAT,,,,,,,,OMN,OMAN,OMN,,,,,,,,0,040,040,04,1,1.0,2,2,2,0.40899795501022,4,"Tehran, Tehran, Iran",IR,IR26,41130,35.75,51.5148,10074674,4,"Tehran, Tehran, Iran",IR,IR26,41130,35.75,51.5148,10074674,4,"Tehran, Tehran, Iran",IR,IR26,41130,35.75,51.5148,10074674,20260803001500,http://www.israelherald.com/news/279220089/trump-says-us-iran-talks-to-begin-monday-after-shelving-planned-strike
1316523026,20260803,202608,2026,2026.5836,QAT,QATARI,QAT,,,,,,,,OMN,OMAN,OMN,,,,,,,,0,040,040,04,1,1.0,2,2,2,0.40899795501022,1,Qatar,QA,QA,,25.5,51.25,QA,1,Oman,MU,MU,,21,57,MU,4,"Tehran, Tehran, Iran",IR,IR26,41130,35.75,51.5148,10074674,20260803001500,http://www.israelherald.com/news/279220089/trump-says-us-iran-talks-to-begin-monday-after-shelving-planned-strike
1316523027,20260803,202608,2026,2026.5836,QAT,QATARI,QAT,,,,,,,,USA,THE US,USA,,,,,,,,0,040,040,04,1,1.0,2,2,2,0.40899795501022,4,"Tehran, Tehran, Iran",IR,IR26,41130,35.75,51.5148,10074674,4,"Tehran, Tehran, Iran",IR,IR26,41130,35.75,51.5148,10074674,4,"Tehran, Tehran, Iran",IR,IR26,41130,35.75,51.5148,10074674,20260803001500,http://www.israelherald.com/news/279220089/trump-says-us-iran-talks-to-begin-monday-after-shelving-planned-strike
1316523028,20260803,202608,2026,2026.5836,QAT,QATARI,QAT,,,,,,,,USA,THE US,USA,,,,,,,,0,040,040,04,1,1.0,2,2,2,0.40899795501022,1,Qatar,QA,QA,,25.5,51.25,QA,4,"Tehran, Tehran, Iran",IR,IR26,41130,35.75,51.5148,10074674,4,"Tehran, Tehran, Iran",IR,IR26,41130,35.75,51.5148,10074674,20260803001500,http://www.israelherald.com/news/279220089/trump-says-us-iran-talks-to-begin-monday-after-shelving-planned-strike
1316523029,20260803,202608,2026,2026.5836,QATGOV,QATAR,QAT,,,,,GOV,,,IRQ,IRAQ,IRQ,,,,,,,,1,040,040,04,1,1.0,12,1,12,-1.21580547112462,1,Qatar,QA,QA,,25.5,51.25,QA,1,Iraq,IZ,IZ,,33,44,IZ,1,Kuwait,KU,KU,,29.5,47.75,KU,20260803001500,https://english.news.cn/africa/20260803/293924ba243b4e6aa718009b5f9813e6/c.html
1316523030,20260803,202608,2026,2026.5836,QATGOV,QATAR,QAT,,,,,GOV,,,IRQ,IRAQ,IRQ,,,,,,,,1,040,040,04,1,1.0,4,1,4,-1.21580547112462,1,Qatar,QA,QA,,25.5,51.25,QA,1,Qatar,QA,QA,,25.5,51.25,QA,1,Iraq,IZ,IZ,,33,44,IZ,20260803001500,https://english.news.cn/africa/20260803/293924ba243b4e6aa718009b5f9813e6/c.html
1316523031,20260803,202608,2026,2026.5836,QATGOV,QATAR,QAT,,,,,GOV,,,IRQ,IRAQ,IRQ,,,,,,,,1,040,040,04,1,1.0,4,1,4,-1.21580547112462,1,Qatar,QA,QA,,25.5,51.25,QA,1,Qatar,QA,QA,,25.5,51.25,QA,1,Kuwait,KU,KU,,29.5,47.75,KU,20260803001500,https://english.news.cn/africa/20260803/293924ba243b4e6aa718009b5f9813e6/c.html
1316523032,20260803,202608,2026,2026.5836,QATGOV,QATAR,QAT,,,,,GOV,,,IRQ,IRAQ,IRQ,,,,,,,,1,046,046,04,1,7.0,12,1,12,-1.21580547112462,1,Qatar,QA,QA,,25.5,51.25,QA,1,Iraq,IZ,IZ,,33,44,IZ,1,Qatar,QA,QA,,25.5,51.25,QA,20260803001500,https://english.news.cn/africa/20260803/293924ba243b4e6aa718009b5f9813e6/c.html
1316523033,20260803,202608,2026,2026.5836,QATGOV,QATAR,QAT,,,,,GOV,,,IRQ,IRAQ,IRQ,,,,,,,,1,046,046,04,1,7.0,8,1,8,-1.21580547112462,1,Qatar,QA,QA,,25.5,51.25,QA,1,Qatar,QA,QA,,25.5,51.25,QA,1,Qatar,QA,QA,,25.5,51.25,QA,20260803001500,https://english.news.cn/africa/20260803/293924ba243b4e6aa718009b5f9813e6/c.html
1316523034,20260803,202608,2026,2026.5836,QATGOV,QATAR,QAT,,,,,GOV,,,KWT,KUWAIT,KWT,,,,,,,,1,040,040,04,1,1.0,4,1,4,-1.21580547112462,1,Qatar,QA,QA,,25.5,51.25,QA,1,Iraq,IZ,IZ,,33,44,IZ,1,Kuwait,KU,KU,,29.5,47.75,KU,20260803001500,https://english.news.cn/africa/20260803/293924ba243b4e6aa718009b5f9813e6/c.html
1316523035,20260803,202608,2026,2026.5836,QATGOV,QATAR,QAT,,,,,GOV,,,KWT,KUWAIT,KWT,,,,,,,,1,040,040,04,1,1.0,12,1,12,-1.21580547112462,1,Qatar,QA,QA,,25.5,51.25,QA,1,Kuwait,KU,KU,,29.5,47.75,KU,1,Kuwait,KU,KU,,29.5,47.75,KU,20260803001500,https://english.news.cn/africa/20260803/293924ba243b4e6aa718009b5f9813e6/c.html
1316523036,20260803,202608,2026,2026.5836,QATGOV,QATAR,QAT,,,,,GOV,,,KWT,KUWAIT,KWT,,,,,,,,1,040,040,04,1,1.0,4,1,4,-1.21580547112462,1,Qatar,QA,QA,,25.5,51.25,QA,1,Qatar,QA,QA,,25.5,51.25,QA,1,Iraq,IZ,IZ,,33,44,IZ,20260803001500,https://english.news.cn/africa/20260803/293924ba243b4e6aa718009b5f9813e6/c.html
1316523037,20260803,202608,2026,2026.5836,QATGOV,QATAR,QAT,,,,,GOV,,,KWT,KUWAIT,KWT,,,,,,,,1,046,046,04,1,7.0,4,1,4,-1.21580547112462,1,Qatar,QA,QA,,25.5,51.25,QA,1,Iraq,IZ,IZ,,33,44,IZ,1,Qatar,QA,QA,,25.5,51.25,QA,20260803001500,https://english.news.cn/africa/20260803/293924ba243b4e6aa718009b5f9813e6/c.html
1316523038,20260803,202608,2026,2026.5836,QATGOV,QATAR,QAT,,,,,GOV,,,KWT,KUWAIT,KWT,,,,,,,,1,046,046,04,1,7.0,12,1,12,-1.21580547112462,1,Qatar,QA,QA,,25.5,51.25,QA,1,Kuwait,KU,KU,,29.5,47.75,KU,1,Qatar,QA,QA,,25.5,51.25,QA,20260803001500,https://english.news.cn/africa/20260803/293924ba243b4e6aa718009b5f9813e6/c.html
1316523039,20260803,202608,2026,2026.5836,QATGOV,QATAR,QAT,,,,,GOV,,,KWT,KUWAIT,KWT,,,,,,,,1,046,046,04,1,7.0,4,1,4,-1.21580547112462,1,Qatar,QA,QA,,25.5,51.25,QA,1,Qatar,QA,QA,,25.5,51.25,QA,1,Qatar,QA,QA,,25.5,51.25,QA,20260803001500,https://english.news.cn/africa/20260803/293924ba243b4e6aa718009b5f9813e6/c.html
1316523040,20260803,202608,2026,2026.5836,REB,UPRISING,,,,,,REB,,,,,,,,,,,,,0,120,120,12,3,-4.0,10,1,10,5.23465703971119,4,"Cave Hill, Saint Lucy, Barbados",BB,BB07,5831,13.3,-59.5833,-1393317,0,,,,,,,,4,"Cave Hill, Saint Lucy, Barbados",BB,BB07,5831,13.3,-59.5833,-1393317,20260803001500,https://nationnews.com/2026/08/01/mottley-barbados-will-continue-to-seek-reparatory-justice/
1316523041,20260803,202608,2026,2026.5836,REL,BISHOP,,,,,,,,,GOV,MINIST,,,,,,GOV,,,0,010,010,01,1,0.0,6,1,6,-0.16806722689076,4,"Kapiti, New Zealand (general), New Zealand",NZ,NZ00,22391,-40.9167,175,-1511615,4,"Kapiti, New Zealand (general), New Zealand",NZ,NZ00,22391,-40.9167,175,-1511615,4,"Kapiti, New Zealand (general), New Zealand",NZ,NZ00,22391,-40.9167,175,-1511615,20260803001500,https://business.scoop.co.nz/2026/08/03/councils-seek-relief-from-irrelevant-costs-given-looming-government-reform/
1316523042,20260803,202608,2026,2026.5836,RUS,RUSSIA,RUS,,,,,,,,,,,,,,,,,,1,110,110,11,3,-2.0,2,1,2,-4.81481481481482,1,Russia,RS,RS,,60,100,RS,0,,,,,,,,1,Russia,RS,RS,,60,100,RS,20260803001500,https://www.techradar.com/pro/russia-debuts-anti-starlink-ew-system-that-can-blind-terminals-by-overloading-satellites-receiving-antennas
1316523043,20260803,202608,2026,2026.5836,RUS,RUSSIA,RUS,,,,,,,,,,,,,,,,,,1,110,110,11,3,-2.0,2,1,2,-4.81481481481482,1,Ukraine,UP,UP,,49,32,UP,0,,,,,,,,1,Russia,RS,RS,,60,100,RS,20260803001500,https://www.techradar.com/pro/russia-debuts-anti-starlink-ew-system-that-can-blind-terminals-by-overloading-satellites-receiving-antennas
1316523044,20260803,202608,2026,2026.5836,RUS,RUSSIA,RUS,,,,,,,,,,,,,,,,,,1,172,172,17,4,-5.0,10,1,10,-5.35714285714285,4,"Cherkessk, Karachayevo-Cherkesiya, Russia",RS,RS27,25099,44.2233,42.0578,-2897294,0,,,,,,,,4,"Cherkessk, Karachayevo-Cherkesiya, Russia",RS,RS27,25099,44.2233,42.0578,-2897294,20260803001500,https://www.eng.kavkaz-uzel.eu/articles/77421
1316523045,20260803,202608,2026,2026.5836,SAU,SAUDI,SAU,,,,,,,,,,,,,,,,,,1,012,012,01,1,-0.4,8,1,8,-5.65693430656935,4,"Mediterranean Sea, Oceans (general), Oceans",OS,OS00,,35,20,-121459,0,,,,,,,,4,"Mediterranean Sea, Oceans (general), Oceans",OS,OS00,,35,20,-121459,20260803001500,https://foxwilmington.com/chevron-ceo-warns-iran-conflict-has-created-very-real-threat-to-global-oil-supplies-as-gas-prices-climb/
1316523046,20260803,202608,2026,2026.5836,SAU,SAUDI,SAU,,,,,,,,,,,,,,,,,,1,012,012,01,1,-0.4,2,1,2,-5.65693430656935,1,Iraq,IZ,IZ,,33,44,IZ,0,,,,,,,,4,"Mediterranean Sea, Oceans (general), Oceans",OS,OS00,,35,20,-121459,20260803001500,https://foxwilmington.com/chevron-ceo-warns-iran-conflict-has-created-very-real-threat-to-global-oil-supplies-as-gas-prices-climb/
1316523047,20260803,202608,2026,2026.5836,SAU,SAUDI,SAU,,,,,,,,IRN,IRAN,IRN,,,,,,,,0,012,012,01,1,-0.4,1,1,1,-1.79558011049724,1,Israel,IS,IS,,31.5,34.75,IS,1,Israel,IS,IS,,31.5,34.75,IS,1,Israel,IS,IS,,31.5,34.75,IS,20260803001500,https://abc7chicago.com/post/us-iran-deal-news-donald-trump-says-he-will-order-halt-strikes-parameters-reached-end-war/19616566/
1316523048,20260803,202608,2026,2026.5836,SAU,SAUDI ARABIA,SAU,,,,,,,,IRN,IRAN,IRN,,,,,,,,0,012,012,01,1,-0.4,3,1,3,-1.79558011049724,1,Saudi Arabia,SA,SA,,25,45,SA,4,"Tehran, Tehran, Iran",IR,IR26,41130,35.75,51.5148,10074674,4,"Tehran, Tehran, Iran",IR,IR26,41130,35.75,51.5148,10074674,20260803001500,https://abc7chicago.com/post/us-iran-deal-news-donald-trump-says-he-will-order-halt-strikes-parameters-reached-end-war/19616566/
1316523049,20260803,202608,2026,2026.5836,SAU,SAUDI,SAU,,,,,,,,IRN,IRAN,IRN,,,,,,,,0,012,012,01,1,-0.4,4,1,4,-1.79558011049724,1,Saudi Arabia,SA,SA,,25,45,SA,4,"Tehran, Tehran, Iran",IR,IR26,41130,35.75,51.5148,10074674,1,Saudi Arabia,SA,SA,,25,45,SA,20260803001500,https://abc7chicago.com/post/us-iran-deal-news-donald-trump-says-he-will-order-halt-strikes-parameters-reached-end-war/19616566/
1316523050,20260803,202608,2026,2026.5836,SAU,SAUDI,SAU,,,,,,,,IRN,IRAN,IRN,,,,,,,,0,040,040,04,1,1.0,2,1,2,-1.79558011049724,1,Israel,IS,IS,,31.5,34.75,IS,4,"Tehran, Tehran, Iran",IR,IR26,41130,35.75,51.5148,10074674,4,"Tehran, Tehran, Iran",IR,IR26,41130,35.75,51.5148,10074674,20260803001500,https://abc7chicago.com/post/us-iran-deal-news-donald-trump-says-he-will-order-halt-strikes-parameters-reached-end-war/19616566/
1316523051,20260803,202608,2026,2026.5836,SAU,SAUDI,SAU,,,,,,,,IRN,IRAN,IRN,,,,,,,,0,040,040,04,1,1.0,2,1,2,-1.79558011049724,1,Saudi Arabia,SA,SA,,25,45,SA,4,"Tehran, Tehran, Iran",IR,IR26,41130,35.75,51.5148,10074674,4,"Tehran, Tehran, Iran",IR,IR26,41130,35.75,51.5148,10074674,20260803001500,https://abc7chicago.com/post/us-iran-deal-news-donald-trump-says-he-will-order-halt-strikes-parameters-reached-end-war/19616566/
1316523052,20260803,202608,2026,2026.5836,SAU,SAUDI ARABIA,SAU,,,,,,,,IRNMOS,IRAN,IRN,,,MOS,,,,,0,190,190,19,4,-10.0,2,1,2,-3.76766091051806,4,"Imam Ali Shrine, Karbala', Iraq",IZ,IZ12,36806,32.6163,44.0325,-3106192,1,Iran,IR,IR,,32,53,IR,4,"Imam Ali Shrine, Karbala', Iraq",IZ,IZ12,36806,32.6163,44.0325,-3106192,20260803001500,https://www.fox10phoenix.com/news/trump-halts-iran-strikes-citing-potential-deal-end-war
1316523053,20260803,202608,2026,2026.5836,SAU,SAUDI ARABIA,SAU,,,,,,,,IRNMOS,IRAN,IRN,,,MOS,,,,,0,190,190,19,4,-10.0,2,1,2,-3.76766091051806,3,"White House, District of Columbia, United States",US,USDC,,38.8951,-77.0364,531871,1,Iran,IR,IR,,32,53,IR,1,Iran,IR,IR,,32,53,IR,20260803001500,https://www.fox10phoenix.com/news/trump-halts-iran-strikes-citing-potential-deal-end-war
1316523054,20260803,202608,2026,2026.5836,SAU,SAUDI ARABIA,SAU,,,,,,,,IRNMOS,IRAN,IRN,,,MOS,,,,,0,190,190,19,4,-10.0,6,1,6,-3.76766091051806,1,Saudi Arabia,SA,SA,,25,45,SA,1,Iran,IR,IR,,32,53,IR,1,Iran,IR,IR,,32,53,IR,20260803001500,https://www.fox10phoenix.com/news/trump-halts-iran-strikes-citing-potential-deal-end-war
1316523055,20260803,202608,2026,2026.5836,SAUGOV,SAUDI ARABIA,SAU,,,,,GOV,,,,,,,,,,,,,0,020,020,02,1,3.0,2,1,2,-2.77777777777777,1,Iran,IR,IR,,32,53,IR,0,,,,,,,,1,Saudi Arabia,SA,SA,,25,45,SA,20260803001500,http://www.bgnes.com/conflicts/trump-new-talks-with-iran-to-begin-on-august-3
1316523056,20260803,202608,2026,2026.5836,SAUGOV,SAUDI ARABIA,SAU,,,,,GOV,,,,,,,,,,,,,0,020,020,02,1,3.0,8,1,8,-2.77777777777777,1,Saudi Arabia,SA,SA,,25,45,SA,0,,,,,,,,1,Saudi Arabia,SA,SA,,25,45,SA,20260803001500,http://www.bgnes.com/conflicts/trump-new-talks-with-iran-to-begin-on-august-3
1316523057,20260803,202608,2026,2026.5836,SAUGOV,SAUDI ARABIA,SAU,,,,,GOV,,,,,,,,,,,,,0,040,040,04,1,1.0,1,1,1,-1.79558011049724,4,"Tehran, Tehran, Iran",IR,IR26,41130,35.75,51.5148,10074674,0,,,,,,,,1,Saudi Arabia,SA,SA,,25,45,SA,20260803001500,https://abc7chicago.com/post/us-iran-deal-news-donald-trump-says-he-will-order-halt-strikes-parameters-reached-end-war/19616566/
1316523058,20260803,202608,2026,2026.5836,SAUGOV,SAUDI,SAU,,,,,GOV,,,,,,,,,,,,,0,040,040,04,1,1.0,2,1,2,-1.79558011049724,1,Saudi Arabia,SA,SA,,25,45,SA,0,,,,,,,,1,Saudi Arabia,SA,SA,,25,45,SA,20260803001500,https://abc7chicago.com/post/us-iran-deal-news-donald-trump-says-he-will-order-halt-strikes-parameters-reached-end-war/19616566/
1316523059,20260803,202608,2026,2026.5836,SAUGOV,SAUDI ARABIA,SAU,,,,,GOV,,,,,,,,,,,,,0,130,130,13,3,-4.4,5,1,5,-2.77777777777777,1,Iran,IR,IR,,32,53,IR,0,,,,,,,,1,Iran,IR,IR,,32,53,IR,20260803001500,http://www.bgnes.com/conflicts/trump-new-talks-with-iran-to-begin-on-august-3
1316523060,20260803,202608,2026,2026.5836,SAUGOV,SAUDI ARABIA,SAU,,,,,GOV,,,,,,,,,,,,,0,130,130,13,3,-4.4,5,1,5,-2.77777777777777,1,Saudi Arabia,SA,SA,,25,45,SA,0,,,,,,,,1,Saudi Arabia,SA,SA,,25,45,SA,20260803001500,http://www.bgnes.com/conflicts/trump-new-talks-with-iran-to-begin-on-august-3
1316523061,20260803,202608,2026,2026.5836,SAUGOV,SAUDI,SAU,,,,,GOV,,,MIL,MILITARY,,,,,,MIL,,,1,020,020,02,1,3.0,12,2,12,-0.287959030290322,4,"Tehran, Tehran, Iran",IR,IR26,41130,35.75,51.5148,10074674,4,"Tehran, Tehran, Iran",IR,IR26,41130,35.75,51.5148,10074674,4,"Tehran, Tehran, Iran",IR,IR26,41130,35.75,51.5148,10074674,20260803001500,http://www.israelherald.com/news/279220058/mediators-seek-to-revive-us-iran-deal-open-hormuz-for-60-days-without-fees-israeli-media
1316523062,20260803,202608,2026,2026.5836,SAUGOV,SAUDI,SAU,,,,,GOV,,,MIL,MILITARY,,,,,,MIL,,,0,020,020,02,1,3.0,4,2,4,0.40899795501022,4,"Tehran, Tehran, Iran",IR,IR26,41130,35.75,51.5148,10074674,3,"Washington, District of Columbia, United States",US,USDC,DC001,38.8951,-77.0364,531871,3,"Washington, District of Columbia, United States",US,USDC,DC001,38.8951,-77.0364,531871,20260803001500,http://www.israelherald.com/news/279220089/trump-says-us-iran-talks-to-begin-monday-after-shelving-planned-strike
1316523063,20260803,202608,2026,2026.5836,SAUGOV,SAUDI,SAU,,,,,GOV,,,MIL,MILITARY,,,,,,MIL,,,0,020,020,02,1,3.0,8,2,8,0.40899795501022,4,"Tehran, Tehran, Iran",IR,IR26,41130,35.75,51.5148,10074674,3,"Washington, District of Columbia, United States",US,USDC,DC001,38.8951,-77.0364,531871,1,United Arab Emirates,AE,AE,,24,54,AE,20260803001500,http://www.israelherald.com/news/279220089/trump-says-us-iran-talks-to-begin-monday-after-shelving-planned-strike
1316523064,20260803,202608,2026,2026.5836,SAUGOV,SAUDI,SAU,,,,,GOV,,,MIL,MILITARY,,,,,,MIL,,,0,020,020,02,1,3.0,4,2,4,0.40899795501022,4,"Tehran, Tehran, Iran",IR,IR26,41130,35.75,51.5148,10074674,1,United Arab Emirates,AE,AE,,24,54,AE,1,United Arab Emirates,AE,AE,,24,54,AE,20260803001500,http://www.israelherald.com/news/279220089/trump-says-us-iran-talks-to-begin-monday-after-shelving-planned-strike
1316523065,20260803,202608,2026,2026.5836,SAUGOV,SAUDI,SAU,,,,,GOV,,,MIL,MILITARY,,,,,,MIL,,,0,020,020,02,1,3.0,2,2,2,0.40899795501022,1,Oman,MU,MU,,21,57,MU,4,"Tehran, Tehran, Iran",IR,IR26,41130,35.75,51.5148,10074674,4,"Tehran, Tehran, Iran",IR,IR26,41130,35.75,51.5148,10074674,20260803001500,http://www.israelherald.com/news/279220089/trump-says-us-iran-talks-to-begin-monday-after-shelving-planned-strike
1316523066,20260803,202608,2026,2026.5836,SDN,SUDAN,SDN,,,,,,,,MIL,COMMANDER,,,,,,MIL,,,1,051,051,05,1,3.4,2,1,2,-7.10382513661203,4,"Darfur, Gharb Darfur, Sudan",SU,SU47,37140,13.5,23.5,-17505,4,"Darfur, Gharb Darfur, Sudan",SU,SU47,37140,13.5,23.5,-17505,4,"Darfur, Gharb Darfur, Sudan",SU,SU47,37140,13.5,23.5,-17505,20260803001500,https://dominicanrepublicpost.com/sudan-army-drone-attack-on-darfur-kills-35-rights-group-says/
1316523067,20260803,202608,2026,2026.5836,SDNMIL,SUDANESE,SDN,,,,,MIL,,,SDN,DARFUR,SDN,,,,,,,,1,190,190,19,4,-10.0,13,1,10,-7.10382513661203,4,"Darfur, Gharb Darfur, Sudan",SU,SU47,37140,13.5,23.5,-17505,4,"Darfur, Gharb Darfur, Sudan",SU,SU47,37140,13.5,23.5,-17505,4,"Darfur, Gharb Darfur, Sudan",SU,SU47,37140,13.5,23.5,-17505,20260803001500,https://dominicanrepublicpost.com/sudan-army-drone-attack-on-darfur-kills-35-rights-group-says/
1316523068,20260803,202608,2026,2026.5836,TON,TONGA,TON,,,,,,,,GOV,MINIST,,,,,,GOV,,,1,173,173,17,4,-5.0,10,1,10,-3.28282828282829,1,Tonga,TN,TN,,-20,-175,TN,1,Tonga,TN,TN,,-20,-175,TN,1,Tonga,TN,TN,,-20,-175,TN,20260803001500,https://www.rnz.co.nz/news/pacific/871234/tonga-to-hold-two-by-elections-after-ministers-quit-over-bribery-convictions
1316523069,20260803,202608,2026,2026.5836,TUR,ANKARA,TUR,,,,,,,,IRN,IRANIAN,IRN,,,,,,,,0,046,046,04,1,7.0,4,1,4,-4.74777448071216,4,"Ankara, Ankara, Turkey",TU,TU68,27516,39.9272,32.8644,-735338,4,"Tehran, Tehran, Iran",IR,IR26,41130,35.75,51.5148,10074674,4,"Tehran, Tehran, Iran",IR,IR26,41130,35.75,51.5148,10074674,20260803001500,https://www.wsls.com/news/world/2026/08/02/trump-frequently-announces-hes-halting-strikes-in-iran-but-they-keep-happening/
1316523070,20260803,202608,2026,2026.5836,TUR,ANKARA,TUR,,,,,,,,IRN,IRANIAN,IRN,,,,,,,,0,046,046,04,1,7.0,1,1,1,-4.74777448071216,4,"Tehran, Tehran, Iran",IR,IR26,41130,35.75,51.5148,10074674,4,"Tehran, Tehran, Iran",IR,IR26,41130,35.75,51.5148,10074674,4,"Tehran, Tehran, Iran",IR,IR26,41130,35.75,51.5148,10074674,20260803001500,https://www.wsls.com/news/world/2026/08/02/trump-frequently-announces-hes-halting-strikes-in-iran-but-they-keep-happening/
1316523071,20260803,202608,2026,2026.5836,UAF,TERRORIST,,,,,,UAF,,,COP,POLICE,,,,,,COP,,,0,010,010,01,1,0.0,4,1,4,-10.8156028368794,4,"Swat, North-West Frontier, Pakistan",PK,PK03,40352,35.3803,72.1751,9173650,4,"Peshawar, North-West Frontier, Pakistan",PK,PK03,40347,34.0078,71.5733,-2771364,4,"Peshawar, North-West Frontier, Pakistan",PK,PK03,40347,34.0078,71.5733,-2771364,20260803001500,https://aninews.in/news/world/asia/at-least-14-killed-in-suicide-bombing-outside-pakistan-police-station20260803015813/
1316523072,20260803,202608,2026,2026.5836,UAF,TERRORIST,,,,,,UAF,,,COP,POLICE,,,,,,COP,,,0,010,010,01,1,0.0,1,1,1,-10.8156028368794,4,"Swat, North-West Frontier, Pakistan",PK,PK03,40352,35.3803,72.1751,9173650,4,"Peshawar, North-West Frontier, Pakistan",PK,PK03,40347,34.0078,71.5733,-2771364,4,"Swat, North-West Frontier, Pakistan",PK,PK03,40352,35.3803,72.1751,9173650,20260803001500,https://aninews.in/news/world/asia/at-least-14-killed-in-suicide-bombing-outside-pakistan-police-station20260803015813/
1316523073,20260803,202608,2026,2026.5836,USA,UNITED STATES,USA,,,,,,,,,,,,,,,,,,1,010,010,01,1,0.0,2,1,2,5.10948905109489,3,"Hollywood, California, United States",US,USCA,CA037,34.0983,-118.327,1660757,0,,,,,,,,3,"Hollywood, California, United States",US,USCA,CA037,34.0983,-118.327,1660757,20260803001500,https://www.realcommercial.com.au/news/hugh-jackman-joins-girlfriend-sutton-fosters-exclusive-3500-retreat
1316523074,20260803,202608,2026,2026.5836,USA,UNITED STATES,USA,,,,,,,,,,,,,,,,,,1,010,010,01,1,0.0,2,1,2,5.10948905109489,3,"Canyon Ranch, California, United States",US,USCA,CA091,39.5599,-120.356,220564,0,,,,,,,,3,"Canyon Ranch, California, United States",US,USCA,,39.5599,-120.356,220564,20260803001500,https://www.realcommercial.com.au/news/hugh-jackman-joins-girlfriend-sutton-fosters-exclusive-3500-retreat
1316523075,20260803,202608,2026,2026.5836,USA,UNITED STATES,USA,,,,,,,,,,,,,,,,,,0,010,010,01,1,0.0,4,1,4,-2.62237762237762,2,"Colorado, United States",US,USCO,,39.0646,-105.327,CO,0,,,,,,,,2,"Colorado, United States",US,USCO,,39.0646,-105.327,CO,20260803001500,https://www.postindependent.com/news/colorado-data-wildlfe-hunting-fur-furbearers/
1316523076,20260803,202608,2026,2026.5836,USA,AMERICAN,USA,,,,,,,,,,,,,,,,,,1,010,010,01,1,0.0,3,1,3,-6.96378830083566,1,Iran,IR,IR,,32,53,IR,0,,,,,,,,1,Iran,IR,IR,,32,53,IR,20260803001500,http://www.israelherald.com/news/279219997/escalation-not-in-interest-of-people-expert-waiel-awwad-weighs-in-on-us-iran-war
1316523077,20260803,202608,2026,2026.5836,USA,KANSAS,USA,,,,,,,,,,,,,,,,,,1,010,010,01,1,0.0,10,1,10,3.27868852459016,2,"Kansas, United States",US,USKS,,38.5111,-96.8005,KS,0,,,,,,,,2,"Kansas, United States",US,USKS,,38.5111,-96.8005,KS,20260803001500,https://jcpost.com/posts/d9448047-80a5-4c6d-aeef-43f0af922ec2
1316523078,20260803,202608,2026,2026.5836,USA,UNITED STATES,USA,,,,,,,,,,,,,,,,,,0,020,020,02,1,3.0,4,1,4,-2.77777777777778,3,"White House, District of Columbia, United States",US,USDC,,38.8951,-77.0364,531871,0,,,,,,,,3,"White House, District of Columbia, United States",US,USDC,,38.8951,-77.0364,531871,20260803001500,https://www.wsls.com/news/politics/2026/08/02/senate-leaders-reach-funding-deal-to-avoid-shutdown-during-campaign-season/
1316523079,20260803,202608,2026,2026.5836,USA,UNITED STATES,USA,,,,,,,,,,,,,,,,,,1,020,020,02,1,3.0,4,1,4,-2.92887029288703,2,"Hawaii, United States",US,USHI,,21.1098,-157.531,HI,0,,,,,,,,2,"Hawaii, United States",US,USHI,,21.1098,-157.531,HI,20260803001500,https://www.hawaiinewsnow.com/2026/08/02/heco-ends-power-shutoff-watch-fire-risk-conditions-ease/
1316523080,20260803,202608,2026,2026.5836,USA,MINNESOTA,USA,,,,,,,,,,,,,,,,,,0,030,030,03,1,4.0,10,1,10,4.69043151969981,2,"Minnesota, United States",US,USMN,,45.7326,-93.9196,MN,0,,,,,,,,2,"Minnesota, United States",US,USMN,,45.7326,-93.9196,MN,20260803001500,https://hpr1.com/let-us-now-praise-independent-booksellers/
1316523081,20260803,202608,2026,2026.5836,USA,A US,USA,,,,,,,,,,,,,,,,,,0,031,031,03,1,5.2,5,1,5,0.16068559185859,0,,,,,,,,0,,,,,,,,0,,,,,,,,20260803001500,https://www.smn-news.com/index.php/st-maarten-st-martin-news/51227-unops-us-90-000-contract-with-tackling-firm-raises-conflict-questions-after-agency-advises-justice-minister-on-heyliger.html
1316523082,20260803,202608,2026,2026.5836,USA,UNITED STATES,USA,,,,,,,,,,,,,,,,,,0,033,033,03,1,5.2,8,1,8,-4.0983606557377,1,United States,US,US,,39.828175,-98.5795,US,0,,,,,,,,1,United States,US,US,,39.828175,-98.5795,US,20260803001500,https://variety.com/2026/tv/news/pima-county-sheriff-department-mistakes-nancy-guthrie-1236826065/
1316523083,20260803,202608,2026,2026.5836,USA,FLORIDA,USA,,,,,,,,,,,,,,,,,,1,036,036,03,1,4.0,2,1,2,-0.44247787610619,2,"Florida, United States",US,USFL,,27.8333,-81.717,FL,0,,,,,,,,2,"Florida, United States",US,USFL,,27.8333,-81.717,FL,20260803001500,https://dailyridge.com/2025/03/25/new-sidewalk-to-be-constructed-along-maine-avenue-in-lakeland-with-3-million-fdot-funding/
1316523084,20260803,202608,2026,2026.5836,USA,AUSTIN,USA,,,,,,,,,,,,,,,,,,0,040,040,04,1,1.0,6,1,6,-3.76766091051806,1,Iran,IR,IR,,32,53,IR,0,,,,,,,,1,Iran,IR,IR,,32,53,IR,20260803001500,https://www.fox10phoenix.com/news/trump-halts-iran-strikes-citing-potential-deal-end-war
1316523085,20260803,202608,2026,2026.5836,USA,WASHINGTON,USA,,,,,,,,,,,,,,,,,,1,042,042,04,1,1.9,20,2,20,-3.87297633872976,3,"Columbus, Ohio, United States",US,USOH,OH049,39.9612,-82.9988,1080996,0,,,,,,,,3,"Columbus, Ohio, United States",US,USOH,OH049,39.9612,-82.9988,1080996,20260803001500,https://www.wsls.com/news/politics/2026/08/02/ohio-rep-kaptur-treated-for-non-life-threatening-injuries-after-a-car-accident-in-toledo/
1316523086,20260803,202608,2026,2026.5836,USA,WASHINGTON,USA,,,,,,,,,,,,,,,,,,1,042,042,04,1,1.9,10,3,10,-4.91252630222871,3,"Washington, District of Columbia, United States",US,USDC,DC001,38.8951,-77.0364,531871,0,,,,,,,,3,"Washington, District of Columbia, United States",US,USDC,DC001,38.8951,-77.0364,531871,20260803001500,https://www.woonsocketcall.com/news/national_and_world_news/ap-news-in-brief-at-6-04-p-m-edt/article_99c8525c-601c-5724-bc59-df4036c633f2.html
1316523087,20260803,202608,2026,2026.5836,USA,UNITED STATES,USA,,,,,,,,,,,,,,,,,,1,043,043,04,1,2.8,2,1,2,5.10948905109489,3,"Canyon Ranch, California, United States",US,USCA,CA091,39.5599,-120.356,220564,0,,,,,,,,3,"Canyon Ranch, California, United States",US,USCA,,39.5599,-120.356,220564,20260803001500,https://www.realcommercial.com.au/news/hugh-jackman-joins-girlfriend-sutton-fosters-exclusive-3500-retreat
1316523088,20260803,202608,2026,2026.5836,USA,FLORIDA,USA,,,,,,,,,,,,,,,,,,1,043,043,04,1,2.8,10,1,10,-0.44247787610619,2,"Florida, United States",US,USFL,,27.8333,-81.717,FL,0,,,,,,,,3,"Lakeland, Florida, United States",US,USFL,FL105,28.0395,-81.9498,294459,20260803001500,https://dailyridge.com/2025/03/25/new-sidewalk-to-be-constructed-along-maine-avenue-in-lakeland-with-3-million-fdot-funding/
1316523089,20260803,202608,2026,2026.5836,USA,UNITED STATES,USA,,,,,,,,,,,,,,,,,,1,060,060,06,2,6.0,2,1,2,-7.488986784141,3,"Maricopa County, Arizona, United States",US,USAZ,AZ013,33.5,-112.501,37026,0,,,,,,,,3,"Maricopa County, Arizona, United States",US,USAZ,,33.5,-112.501,37026,20260803001500,https://www.fox10phoenix.com/news/maricopa-county-soar-center-helps-juvenile-offenders-arrested-low-level-crimes
1316523090,20260803,202608,2026,2026.5836,USA,UNITED STATES,USA,,,,,,,,,,,,,,,,,,1,060,060,06,2,6.0,2,1,2,-7.488986784141,2,"Arizona, United States",US,USAZ,,33.7712,-111.388,AZ,0,,,,,,,,2,"Arizona, United States",US,USAZ,,33.7712,-111.388,AZ,20260803001500,https://www.fox10phoenix.com/news/maricopa-county-soar-center-helps-juvenile-offenders-arrested-low-level-crimes
1316523091,20260803,202608,2026,2026.5836,USA,UNITED STATES,USA,,,,,,,,,,,,,,,,,,0,110,110,11,3,-2.0,4,1,4,-2.17391304347826,2,"Colorado, United States",US,USCO,,39.0646,-105.327,CO,0,,,,,,,,2,"Colorado, United States",US,USCO,,39.0646,-105.327,CO,20260803001500,https://foxwilmington.com/democratic-socialist-candidate-brushes-off-concerns-over-dsa-communists-as-gop-noise/
1316523092,20260803,202608,2026,2026.5836,USA,UNITED STATES,USA,,,,,,,,,,,,,,,,,,1,111,111,11,3,-2.0,2,2,2,-5.49019607843137,3,"Boston, Massachusetts, United States",US,USMA,MA025,42.3584,-71.0598,617565,0,,,,,,,,3,"Boston, Massachusetts, United States",US,USMA,MA025,42.3584,-71.0598,617565,20260803001500,https://www.lowellsun.com/2026/08/02/markey-moulton-expected-to-highlight-trump-in-second-2026-debate/
1316523093,20260803,202608,2026,2026.5836,USA,UNITED STATES,USA,,,,,,,,,,,,,,,,,,0,111,111,11,3,-2.0,4,1,4,-2.17391304347826,2,"Colorado, United States",US,USCO,,39.0646,-105.327,CO,0,,,,,,,,2,"Colorado, United States",US,USCO,,39.0646,-105.327,CO,20260803001500,https://foxwilmington.com/democratic-socialist-candidate-brushes-off-concerns-over-dsa-communists-as-gop-noise/
1316523094,20260803,202608,2026,2026.5836,USA,UNITED STATES,USA,,,,,,,,,,,,,,,,,,0,120,120,12,3,-4.0,2,1,2,-2.17391304347826,2,"Colorado, United States",US,USCO,,39.0646,-105.327,CO,0,,,,,,,,2,"Colorado, United States",US,USCO,,39.0646,-105.327,CO,20260803001500,https://foxwilmington.com/democratic-socialist-candidate-brushes-off-concerns-over-dsa-communists-as-gop-noise/
1316523095,20260803,202608,2026,2026.5836,USA,UNITED STATES,USA,,,,,,,,,,,,,,,,,,1,120,120,12,3,-4.0,8,2,8,-4.30879712746858,2,"Maryland, United States",US,USMD,,39.0724,-76.7902,MD,0,,,,,,,,2,"Maryland, United States",US,USMD,,39.0724,-76.7902,MD,20260803001500,https://www.fox10phoenix.com/news/capital-one-trump-organization-money-laundering
1316523096,20260803,202608,2026,2026.5836,USA,WASHINGTON,USA,,,,,,,,,,,,,,,,,,0,130,130,13,3,-4.4,2,1,2,-5.17241379310345,2,"Oregon, United States",US,USOR,,44.5672,-122.127,OR,0,,,,,,,,2,"Oregon, United States",US,USOR,,44.5672,-122.127,OR,20260803001500,https://www.woonsocketcall.com/news/national_and_world_news/ap-news-in-brief-at-6-04-p-m-edt/article_99c8525c-601c-5724-bc59-df4036c633f2.html
1316523097,20260803,202608,2026,2026.5836,USA,AMERICAN,USA,,,,,,,,,,,,,,,,,,0,145,145,14,3,-7.5,10,1,10,-1.01458465440711,2,"New York, United States",US,USNY,,42.1497,-74.9384,NY,0,,,,,,,,2,"New York, United States",US,USNY,,42.1497,-74.9384,NY,20260803001500,https://screenrant.com/frank-reagan-tom-selleck-best-blue-bloods-quotes-ranked/
1316523098,20260803,202608,2026,2026.5836,USA,PHOENIX,USA,,,,,,,,,,,,,,,,,,1,173,173,17,4,-5.0,2,1,2,-5.69105691056911,3,"Coconino, Arizona, United States",US,USAZ,AZ005,35.9944,-112.198,24374,0,,,,,,,,3,"Coconino, Arizona, United States",US,USAZ,AZ005,35.9944,-112.198,24374,20260803001500,https://www.fox10phoenix.com/news/summer-long-hunt-phoenix-fentanyl-fugitive-ends-high-country-takedown
1316523099,20260803,202608,2026,2026.5836,USA,PHOENIX,USA,,,,,,,,,,,,,,,,,,1,173,173,17,4,-5.0,8,1,8,-5.69105691056911,3,"Catron County, New Mexico, United States",US,USNM,NM003,34.5225,-109.046,929108,0,,,,,,,,3,"Catron County, New Mexico, United States",US,USNM,,34.5225,-109.046,929108,20260803001500,https://www.fox10phoenix.com/news/summer-long-hunt-phoenix-fentanyl-fugitive-ends-high-country-takedown
1316523100,20260803,202608,2026,2026.5836,USA,COLORADO,USA,,,,,,,,,,,,,,,,,,1,173,173,17,4,-5.0,8,1,8,-2.62237762237762,2,"Colorado, United States",US,USCO,,39.0646,-105.327,CO,0,,,,,,,,2,"Colorado, United States",US,USCO,,39.0646,-105.327,CO,20260803001500,https://www.postindependent.com/news/colorado-data-wildlfe-hunting-fur-furbearers/
1316523101,20260803,202608,2026,2026.5836,USA,UNITED STATES,USA,,,,,,,,,,,,,,,,,,1,190,190,19,4,-10.0,2,2,2,-5.49019607843137,3,"Boston, Massachusetts, United States",US,USMA,MA025,42.3584,-71.0598,617565,0,,,,,,,,3,"Boston, Massachusetts, United States",US,USMA,MA025,42.3584,-71.0598,617565,20260803001500,https://www.lowellsun.com/2026/08/02/markey-moulton-expected-to-highlight-trump-in-second-2026-debate/
1316523102,20260803,202608,2026,2026.5836,USA,IDAHO,USA,,,,,,,,,,,,,,,,,,1,193,193,19,4,-10.0,3,1,3,-7.71144278606966,2,"Nevada, United States",US,USNV,,38.4199,-117.122,NV,0,,,,,,,,3,"Twin Falls, Idaho, United States",US,USID,,42.563,-114.461,398273,20260803001500,https://www.fox10phoenix.com/news/in-n-out-shooting-idaho
1316523103,20260803,202608,2026,2026.5836,USA,UNITED STATES,USA,,,,,,,,AUS,AUSTRALIA,AUS,,,,,,,,0,043,043,04,1,2.8,20,5,20,-5.34738520265391,2,"New York, United States",US,USNY,,42.1497,-74.9384,NY,1,Australia,AS,AS,,-25,135,AS,2,"New York, United States",US,USNY,,42.1497,-74.9384,NY,20260803001500,https://www.crookwellgazette.com.au/story/9322454/death-threats-followed-radio-exit-kyle-sandilands-says/
1316523104,20260803,202608,2026,2026.5836,USA,ARIZONA,USA,,,,,,,,BUS,BUSINESS,,,,,,BUS,,,1,051,051,05,1,3.4,8,1,8,1.14155251141552,2,"Arizona, United States",US,USAZ,,33.7712,-111.388,AZ,2,"Arizona, United States",US,USAZ,,33.7712,-111.388,AZ,2,"Arizona, United States",US,USAZ,,33.7712,-111.388,AZ,20260803001500,https://www.fox10phoenix.com/news/arizona-nonprofit-partners-local-businesses-prevent-food-waste
1316523105,20260803,202608,2026,2026.5836,USA,UNITED STATES,USA,,,,,,,,CAN,CANADA,CAN,,,,,,,,0,112,112,11,3,-2.0,4,2,4,-4.30879712746858,2,"Maryland, United States",US,USMD,,39.0724,-76.7902,MD,1,Canada,CA,CA,,60,-96,CA,1,Canada,CA,CA,,60,-96,CA,20260803001500,https://www.fox10phoenix.com/news/capital-one-trump-organization-money-laundering
1316523106,20260803,202608,2026,2026.5836,USA,UNITED STATES,USA,,,,,,,,CAN,CANADA,CAN,,,,,,,,0,112,112,11,3,-2.0,4,2,4,-4.30879712746858,2,"Maryland, United States",US,USMD,,39.0724,-76.7902,MD,2,"Maryland, United States",US,USMD,,39.0724,-76.7902,MD,2,"Maryland, United States",US,USMD,,39.0724,-76.7902,MD,20260803001500,https://www.fox10phoenix.com/news/capital-one-trump-organization-money-laundering
1316523107,20260803,202608,2026,2026.5836,USA,UNITED STATES,USA,,,,,,,,COL,COLOMBIA,COL,,,,,,,,1,051,051,05,1,3.4,5,1,5,3.69230769230769,1,Colombia,CO,CO,,4,-72,CO,1,Colombia,CO,CO,,4,-72,CO,1,Colombia,CO,CO,,4,-72,CO,20260803001500,https://nationnews.com/2026/08/02/a-neon-state-of-mind/
1316523108,20260803,202608,2026,2026.5836,USA,PORTLAND,USA,,,,,,,,COP,DETECTIVE,,,,,,COP,,,0,010,010,01,1,0.0,12,2,12,-10.7142857142857,3,"Portland, Oregon, United States",US,USOR,OR051,45.5235,-122.676,1136645,3,"Portland, Oregon, United States",US,USOR,OR051,45.5235,-122.676,1136645,3,"Portland, Oregon, United States",US,USOR,OR051,45.5235,-122.676,1136645,20260803001500,https://english.news.cn/20260803/604e838137664fe3a7c2e6fd9d7f9551/c.html
1316523109,20260803,202608,2026,2026.5836,USA,PORTLAND,USA,,,,,,,,COP,DETECTIVE,,,,,,COP,,,0,0214,021,02,1,3.4,12,2,12,-10.7142857142857,3,"Portland, Oregon, United States",US,USOR,OR051,45.5235,-122.676,1136645,3,"Portland, Oregon, United States",US,USOR,OR051,45.5235,-122.676,1136645,3,"Portland, Oregon, United States",US,USOR,OR051,45.5235,-122.676,1136645,20260803001500,https://english.news.cn/20260803/604e838137664fe3a7c2e6fd9d7f9551/c.html
1316523110,20260803,202608,2026,2026.5836,USA,PORTLAND,USA,,,,,,,,COP,POLICE,,,,,,COP,,,0,040,040,04,1,1.0,12,2,12,-10.7142857142857,3,"Portland, Oregon, United States",US,USOR,OR051,45.5235,-122.676,1136645,3,"Portland, Oregon, United States",US,USOR,OR051,45.5235,-122.676,1136645,3,"Portland, Oregon, United States",US,USOR,OR051,45.5235,-122.676,1136645,20260803001500,https://english.news.cn/20260803/604e838137664fe3a7c2e6fd9d7f9551/c.html
1316523111,20260803,202608,2026,2026.5836,USA,UNITED STATES,USA,,,,,,,,COP,DEPUTY,,,,,,COP,,,1,190,190,19,4,-10.0,2,1,2,-4.20168067226891,2,"Montana, United States",US,USMT,,46.9048,-110.326,MT,2,"Montana, United States",US,USMT,,46.9048,-110.326,MT,2,"Montana, United States",US,USMT,,46.9048,-110.326,MT,20260803001500,https://www.montanarightnow.com/bozeman/dnrc-assists-with-wildfire-fighting-across-state/article_4eeb7797-64f9-40d0-a9cb-42b7b25e3390.html
1316523112,20260803,202608,2026,2026.5836,USA,UNITED STATES,USA,,,,,,,,COP,POLICE,,,,,,COP,,,1,193,193,19,4,-10.0,3,1,3,-6.99223085460599,3,"Twin Falls, Idaho, United States",US,USID,ID083,42.563,-114.461,398273,3,"Boise, Idaho, United States",US,USID,ID001,43.6135,-116.203,400590,3,"Twin Falls, Idaho, United States",US,USID,,42.563,-114.461,398273,20260803001500,https://www.1011now.com/2026/08/02/suspect-shooting-idaho-fast-food-restaurant-died-self-inflicted-gunshot-wound-police-say/
1316523113,20260803,202608,2026,2026.5836,USA,A US,USA,,,,,,,,CRM,CRIMINAL,,,,,,CRM,,,0,031,031,03,1,5.2,5,1,5,0.16068559185859,0,,,,,,,,0,,,,,,,,0,,,,,,,,20260803001500,https://www.smn-news.com/index.php/st-maarten-st-martin-news/51227-unops-us-90-000-contract-with-tackling-firm-raises-conflict-questions-after-agency-advises-justice-minister-on-heyliger.html
1316523114,20260803,202608,2026,2026.5836,USA,CONNECTICUT,USA,,,,,,,,CVL,VOTER,,,,,,CVL,,,1,014,014,01,1,0.0,10,1,10,1.61290322580646,2,"Connecticut, United States",US,USCT,,41.5834,-72.7622,CT,2,"Connecticut, United States",US,USCT,,41.5834,-72.7622,CT,2,"Connecticut, United States",US,USCT,,41.5834,-72.7622,CT,20260803001500,https://www.wfsb.com/2026/08/02/connecticut-early-voting-begins-ahead-august-primary-election/
1316523115,20260803,202608,2026,2026.5836,USA,WASHINGTON,USA,,,,,,,,CVL,MIGRANT,,,,,,CVL,,,1,160,160,16,4,-4.0,3,1,3,-7.31707317073171,4,"Cueta, Spain (general), Spain",SP,SP00,25810,35.8887,-5.31925,-377755,1,Morocco,MO,MO,,32,-5,MO,4,"Cueta, Spain (general), Spain",SP,SP00,25810,35.8887,-5.31925,-377755,20260803001500,http://www.sierraleonetimes.com/news/279220074/unpredictable-dangerous-us-issues-cueta-travel-advisory-amid-massive-migrant-crisis
1316523116,20260803,202608,2026,2026.5836,USA,UNITED STATES,USA,,,,,,,,CVL,CIVILIAN,,,,,,CVL,,,1,190,190,19,4,-10.0,1,1,1,-6.96378830083566,1,Iran,IR,IR,,32,53,IR,1,Iran,IR,IR,,32,53,IR,1,Iran,IR,IR,,32,53,IR,20260803001500,http://www.israelherald.com/news/279219997/escalation-not-in-interest-of-people-expert-waiel-awwad-weighs-in-on-us-iran-war
1316523117,20260803,202608,2026,2026.5836,USA,SAN FRANCISCO,USA,,,,,,,,CVL,NEIGHBORHOOD,,,,,,CVL,,,1,193,193,19,4,-10.0,20,2,20,-10.621921182266,3,"Portland, Oregon, United States",US,USOR,OR051,45.5235,-122.676,1136645,3,"Portland, Oregon, United States",US,USOR,OR051,45.5235,-122.676,1136645,3,"Portland, Oregon, United States",US,USOR,OR051,45.5235,-122.676,1136645,20260803001500,https://english.news.cn/20260803/b2314afe7127489d9c4695e1192f51f2/c.html
1316523118,20260803,202608,2026,2026.5836,USA,WASHINGTON,USA,,,,,,,,ESP,SPAIN,ESP,,,,,,,,1,160,160,16,4,-4.0,4,1,4,-7.31707317073171,4,"Cueta, Spain (general), Spain",SP,SP00,25810,35.8887,-5.31925,-377755,4,"Cueta, Spain (general), Spain",SP,SP00,25810,35.8887,-5.31925,-377755,4,"Cueta, Spain (general), Spain",SP,SP00,25810,35.8887,-5.31925,-377755,20260803001500,http://www.sierraleonetimes.com/news/279220074/unpredictable-dangerous-us-issues-cueta-travel-advisory-amid-massive-migrant-crisis
1316523119,20260803,202608,2026,2026.5836,USA,UNITED STATES,USA,,,,,,,,ESP,SPAIN,ESP,,,,,,,,1,160,160,16,4,-4.0,3,1,3,-7.31707317073171,4,"Cueta, Spain (general), Spain",SP,SP00,25810,35.8887,-5.31925,-377755,1,Morocco,MO,MO,,32,-5,MO,4,"Cueta, Spain (general), Spain",SP,SP00,25810,35.8887,-5.31925,-377755,20260803001500,http://www.sierraleonetimes.com/news/279220074/unpredictable-dangerous-us-issues-cueta-travel-advisory-amid-massive-migrant-crisis
1316523120,20260803,202608,2026,2026.5836,USA,UNITED STATES,USA,,,,,,,,GOV,MAYOR,,,,,,GOV,,,1,052,052,05,1,3.5,4,1,4,-1.01458465440711,2,"New York, United States",US,USNY,,42.1497,-74.9384,NY,2,"New York, United States",US,USNY,,42.1497,-74.9384,NY,2,"New York, United States",US,USNY,,42.1497,-74.9384,NY,20260803001500,https://screenrant.com/frank-reagan-tom-selleck-best-blue-bloods-quotes-ranked/
1316523121,20260803,202608,2026,2026.5836,USA,UNITED STATES,USA,,,,,,,,GOV,ADMINISTRATION,,,,,,GOV,,,0,174,174,17,4,-5.0,8,2,8,-4.30879712746858,2,"Maryland, United States",US,USMD,,39.0724,-76.7902,MD,2,"Maryland, United States",US,USMD,,39.0724,-76.7902,MD,2,"Maryland, United States",US,USMD,,39.0724,-76.7902,MD,20260803001500,https://www.fox10phoenix.com/news/capital-one-trump-organization-money-laundering
1316523122,20260803,202608,2026,2026.5836,USA,UNITED STATES,USA,,,,,,,,IGOWSTNAT,NATO,WST,NAT,,,,IGO,,,0,0874,087,08,2,10.0,4,1,4,-2.17391304347826,2,"Colorado, United States",US,USCO,,39.0646,-105.327,CO,2,"Colorado, United States",US,USCO,,39.0646,-105.327,CO,2,"Colorado, United States",US,USCO,,39.0646,-105.327,CO,20260803001500,https://foxwilmington.com/democratic-socialist-candidate-brushes-off-concerns-over-dsa-communists-as-gop-noise/
1316523123,20260803,202608,2026,2026.5836,USA,AMERICAN,USA,,,,,,,,IRN,IRAN,IRN,,,,,,,,1,010,010,01,1,0.0,1,1,1,-6.96378830083566,3,"White House, District of Columbia, United States",US,USDC,,38.8951,-77.0364,531871,1,Iran,IR,IR,,32,53,IR,1,Iran,IR,IR,,32,53,IR,20260803001500,http://www.israelherald.com/news/279219997/escalation-not-in-interest-of-people-expert-waiel-awwad-weighs-in-on-us-iran-war
1316523124,20260803,202608,2026,2026.5836,USA,AMERICAN,USA,,,,,,,,IRN,IRAN,IRN,,,,,,,,1,010,010,01,1,0.0,1,1,1,-6.96378830083566,1,Iran,IR,IR,,32,53,IR,1,Iran,IR,IR,,32,53,IR,1,Iran,IR,IR,,32,53,IR,20260803001500,http://www.israelherald.com/news/279219997/escalation-not-in-interest-of-people-expert-waiel-awwad-weighs-in-on-us-iran-war
1316523125,20260803,202608,2026,2026.5836,USA,AUSTIN,USA,,,,,,,,IRN,IRAN,IRN,,,,,,,,0,040,040,04,1,1.0,2,1,2,-3.76766091051806,1,Iran,IR,IR,,32,53,IR,1,Iran,IR,IR,,32,53,IR,1,Iran,IR,IR,,32,53,IR,20260803001500,https://www.fox10phoenix.com/news/trump-halts-iran-strikes-citing-potential-deal-end-war
1316523126,20260803,202608,2026,2026.5836,USA,UNITED STATES,USA,,,,,,,,IRN,IRAN,IRN,,,,,,,,1,046,046,04,1,7.0,4,1,4,0,1,Iran,IR,IR,,32,53,IR,3,"Washington, District of Columbia, United States",US,USDC,DC001,38.8951,-77.0364,531871,3,"Washington, District of Columbia, United States",US,USDC,DC001,38.8951,-77.0364,531871,20260803001500,https://english.news.cn/20260803/2e4e6d354e1745dd8b0696e521ff0634/c.html
1316523127,20260803,202608,2026,2026.5836,USA,UNITED STATES,USA,,,,,,,,IRN,IRAN,IRN,,,,,,,,1,046,046,04,1,7.0,9,2,9,-0.282295659380503,1,Iran,IR,IR,,32,53,IR,1,Iran,IR,IR,,32,53,IR,1,Iran,IR,IR,,32,53,IR,20260803001500,https://english.news.cn/20260803/2e4e6d354e1745dd8b0696e521ff0634/c.html
1316523128,20260803,202608,2026,2026.5836,USA,UNITED STATES,USA,,,,,,,,IRN,IRAN,IRN,,,,,,,,1,046,046,04,1,7.0,2,1,2,-0.51020408163265,1,Qatar,QA,QA,,25.5,51.25,QA,3,"Washington, District of Columbia, United States",US,USDC,DC001,38.8951,-77.0364,531871,3,"Washington, District of Columbia, United States",US,USDC,DC001,38.8951,-77.0364,531871,20260803001500,http://www.bignewsnetwork.com/news/279220097/2nd-ld-writethru-trump-announces-talks-with-iran-on-monday
1316523129,20260803,202608,2026,2026.5836,USA,UNITED STATES,USA,,,,,,,,IRN,IRAN,IRN,,,,,,,,1,046,046,04,1,7.0,4,1,4,-0.50761421319797,1,Qatar,QA,QA,,25.5,51.25,QA,1,Qatar,QA,QA,,25.5,51.25,QA,1,Qatar,QA,QA,,25.5,51.25,QA,20260803001500,https://english.news.cn/20260803/57364110d1584ec09e3b6b5d49b148f6/c.html
1316523130,20260803,202608,2026,2026.5836,USA,AMERICAN,USA,,,,,,,,IRN,IRAN,IRN,,,,,,,,1,130,130,13,3,-4.4,6,2,6,-0.565351894818255,3,"Washington, District of Columbia, United States",US,USDC,DC001,38.8951,-77.0364,531871,4,"Tehran, Tehran, Iran",IR,IR26,41130,35.75,51.5148,10074674,4,"Tehran, Tehran, Iran",IR,IR26,41130,35.75,51.5148,10074674,20260803001500,http://www.israelherald.com/news/279220012/iran-says-talks-with-oman-on-strait-of-hormuz-in-final-stages
1316523131,20260803,202608,2026,2026.5836,USA,AMERICAN,USA,,,,,,,,IRN,IRAN,IRN,,,,,,,,1,152,152,15,4,-7.2,8,2,8,-0.565351894818255,3,"Washington, District of Columbia, United States",US,USDC,DC001,38.8951,-77.0364,531871,4,"Tehran, Tehran, Iran",IR,IR26,41130,35.75,51.5148,10074674,3,"Washington, District of Columbia, United States",US,USDC,DC001,38.8951,-77.0364,531871,20260803001500,http://www.israelherald.com/news/279220012/iran-says-talks-with-oman-on-strait-of-hormuz-in-final-stages
1316523132,20260803,202608,2026,2026.5836,USA,UNITED STATES,USA,,,,,,,,IRN,IRAN,IRN,,,,,,,,1,152,152,15,4,-7.2,2,2,2,-0.565351894818255,3,"Washington, District of Columbia, United States",US,USDC,DC001,38.8951,-77.0364,531871,3,"Washington, District of Columbia, United States",US,USDC,DC001,38.8951,-77.0364,531871,4,"Tehran, Tehran, Iran",IR,IR26,41130,35.75,51.5148,10074674,20260803001500,http://www.israelherald.com/news/279220012/iran-says-talks-with-oman-on-strait-of-hormuz-in-final-stages
1316523133,20260803,202608,2026,2026.5836,USA,UNITED STATES,USA,,,,,,,,IRNMOS,IRAN,IRN,,,MOS,,,,,0,190,190,19,4,-10.0,2,1,2,-3.76766091051806,4,"Imam Ali Shrine, Karbala', Iraq",IZ,IZ12,36806,32.6163,44.0325,-3106192,1,Iran,IR,IR,,32,53,IR,4,"Imam Ali Shrine, Karbala', Iraq",IZ,IZ12,36806,32.6163,44.0325,-3106192,20260803001500,https://www.fox10phoenix.com/news/trump-halts-iran-strikes-citing-potential-deal-end-war
1316523134,20260803,202608,2026,2026.5836,USA,UNITED STATES,USA,,,,,,,,IRNMOS,IRAN,IRN,,,MOS,,,,,0,190,190,19,4,-10.0,8,1,8,-3.76766091051806,3,"White House, District of Columbia, United States",US,USDC,,38.8951,-77.0364,531871,1,Iran,IR,IR,,32,53,IR,1,Iran,IR,IR,,32,53,IR,20260803001500,https://www.fox10phoenix.com/news/trump-halts-iran-strikes-citing-potential-deal-end-war
1316523135,20260803,202608,2026,2026.5836,USA,UNITED STATES,USA,,,,,,,,ISR,ISRAELI,ISR,,,,,,,,1,0356,035,03,1,7.0,1,1,1,-4.74777448071216,4,"Tehran, Tehran, Iran",IR,IR26,41130,35.75,51.5148,10074674,4,"Tehran, Tehran, Iran",IR,IR26,41130,35.75,51.5148,10074674,4,"Tehran, Tehran, Iran",IR,IR26,41130,35.75,51.5148,10074674,20260803001500,https://www.wsls.com/news/world/2026/08/02/trump-frequently-announces-hes-halting-strikes-in-iran-but-they-keep-happening/
1316523136,20260803,202608,2026,2026.5836,USA,UNITED STATES,USA,,,,,,,,ISR,ISRAELI,ISR,,,,,,,,1,0356,035,03,1,7.0,1,1,1,-4.74777448071216,1,United States,US,US,,39.828175,-98.5795,US,1,Israel,IS,IS,,31.5,34.75,IS,4,"Tehran, Tehran, Iran",IR,IR26,41130,35.75,51.5148,10074674,20260803001500,https://www.wsls.com/news/world/2026/08/02/trump-frequently-announces-hes-halting-strikes-in-iran-but-they-keep-happening/
1316523137,20260803,202608,2026,2026.5836,USA,UNITED STATES,USA,,,,,,,,ISR,ISRAELI,ISR,,,,,,,,1,0871,087,08,2,9.0,1,1,1,-4.74777448071216,4,"Tehran, Tehran, Iran",IR,IR26,41130,35.75,51.5148,10074674,4,"Tehran, Tehran, Iran",IR,IR26,41130,35.75,51.5148,10074674,4,"Tehran, Tehran, Iran",IR,IR26,41130,35.75,51.5148,10074674,20260803001500,https://www.wsls.com/news/world/2026/08/02/trump-frequently-announces-hes-halting-strikes-in-iran-but-they-keep-happening/
1316523138,20260803,202608,2026,2026.5836,USA,UNITED STATES,USA,,,,,,,,ISR,ISRAELI,ISR,,,,,,,,1,0871,087,08,2,9.0,1,1,1,-4.74777448071216,1,United States,US,US,,39.828175,-98.5795,US,1,Israel,IS,IS,,31.5,34.75,IS,4,"Tehran, Tehran, Iran",IR,IR26,41130,35.75,51.5148,10074674,20260803001500,https://www.wsls.com/news/world/2026/08/02/trump-frequently-announces-hes-halting-strikes-in-iran-but-they-keep-happening/
1316523139,20260803,202608,2026,2026.5836,USA,UTAH,USA,,,,,,,,JUD,DISTRICT COURT,,,,,,JUD,,,1,046,046,04,1,7.0,10,1,10,-6.04288499025341,2,"Utah, United States",US,USUT,,40.1135,-111.854,UT,2,"California, United States",US,USCA,,36.17,-119.746,CA,2,"Utah, United States",US,USUT,,40.1135,-111.854,UT,20260803001500,https://www.mondaq.com:443/unitedstates/consumer-law/1825234/ftc-california-and-utah-target-deceptive-billing-and-health-data-sharing
1316523140,20260803,202608,2026,2026.5836,USA,UNITED STATES,USA,,,,,,,,LEG,SENATE,,,,,,LEG,,,0,1246,124,12,3,-4.0,4,1,4,-2.17391304347826,2,"Colorado, United States",US,USCO,,39.0646,-105.327,CO,2,"Colorado, United States",US,USCO,,39.0646,-105.327,CO,2,"Colorado, United States",US,USCO,,39.0646,-105.327,CO,20260803001500,https://foxwilmington.com/democratic-socialist-candidate-brushes-off-concerns-over-dsa-communists-as-gop-noise/
1316523141,20260803,202608,2026,2026.5836,USA,UNITED STATES,USA,,,,,,,,MDV,MALE,MDV,,,,,,,,0,043,043,04,1,2.8,2,1,2,-7.97448165869218,3,"Riverview, Massachusetts, United States",US,USMA,MA009,42.632,-70.6814,615324,3,"Riverview, Massachusetts, United States",US,USMA,MA009,42.632,-70.6814,615324,3,"Riverview, Massachusetts, United States",US,USMA,MA009,42.632,-70.6814,615324,20260803001500,https://www.bostonherald.com/2026/08/02/police-blotter-man-shot-to-death-in-eastie/
1316523142,20260803,202608,2026,2026.5836,USA,UNITED STATES,USA,,,,,,,,MED,MAGAZINE EDITOR,,,,,,MED,,,0,013,013,01,1,0.4,2,1,2,5.10948905109489,3,"Canyon Ranch, California, United States",US,USCA,CA091,39.5599,-120.356,220564,3,"Canyon Ranch, California, United States",US,USCA,,39.5599,-120.356,220564,3,"Canyon Ranch, California, United States",US,USCA,,39.5599,-120.356,220564,20260803001500,https://www.realcommercial.com.au/news/hugh-jackman-joins-girlfriend-sutton-fosters-exclusive-3500-retreat
1316523143,20260803,202608,2026,2026.5836,USA,UNITED STATES,USA,,,,,,,,MIL,AIR FORCE,,,,,,MIL,,,1,013,013,01,1,0.4,10,2,10,-0.305086501605718,3,"Washington, District of Columbia, United States",US,USDC,DC001,38.8951,-77.0364,531871,3,"Washington, District of Columbia, United States",US,USDC,DC001,38.8951,-77.0364,531871,3,"Washington, District of Columbia, United States",US,USDC,DC001,38.8951,-77.0364,531871,20260803001500,https://english.news.cn/20260803/2e4e6d354e1745dd8b0696e521ff0634/c.html
1316523144,20260803,202608,2026,2026.5836,USA,UNITED STATES,USA,,,,,,,,MIL,AIR FORCE,,,,,,MIL,,,1,013,013,01,1,0.4,10,2,10,-0.305086501605718,3,"Washington, District of Columbia, United States",US,USDC,DC001,38.8951,-77.0364,531871,1,Iran,IR,IR,,32,53,IR,1,Iran,IR,IR,,32,53,IR,20260803001500,https://english.news.cn/20260803/2e4e6d354e1745dd8b0696e521ff0634/c.html
1316523145,20260803,202608,2026,2026.5836,USA,UNITED STATES,USA,,,,,,,,MIL,AIR FORCE,,,,,,MIL,,,1,042,042,04,1,1.9,10,2,10,-0.305086501605718,3,"Washington, District of Columbia, United States",US,USDC,DC001,38.8951,-77.0364,531871,3,"Washington, District of Columbia, United States",US,USDC,DC001,38.8951,-77.0364,531871,1,Iran,IR,IR,,32,53,IR,20260803001500,https://english.news.cn/20260803/2e4e6d354e1745dd8b0696e521ff0634/c.html
1316523146,20260803,202608,2026,2026.5836,USA,UNITED STATES,USA,,,,,,,,MIL,AIR FORCE,,,,,,MIL,,,1,042,042,04,1,1.9,10,2,10,-0.305086501605718,3,"Washington, District of Columbia, United States",US,USDC,DC001,38.8951,-77.0364,531871,1,Iran,IR,IR,,32,53,IR,1,Iran,IR,IR,,32,53,IR,20260803001500,https://english.news.cn/20260803/2e4e6d354e1745dd8b0696e521ff0634/c.html
1316523147,20260803,202608,2026,2026.5836,USA,IDAHO,USA,,,,,,,,UAF,GUNMAN,,,,,,UAF,,,1,193,193,19,4,-10.0,1,1,1,-7.71144278606966,3,"Twin Falls, Idaho, United States",US,USID,ID083,42.563,-114.461,398273,3,"Boise, Idaho, United States",US,USID,ID001,43.6135,-116.203,400590,3,"Twin Falls, Idaho, United States",US,USID,,42.563,-114.461,398273,20260803001500,https://www.fox10phoenix.com/news/in-n-out-shooting-idaho
1316523148,20260803,202608,2026,2026.5836,USA,IDAHO,USA,,,,,,,,UAF,GUNMAN,,,,,,UAF,,,1,193,193,19,4,-10.0,4,1,4,-7.71144278606966,2,"Nevada, United States",US,USNV,,38.4199,-117.122,NV,3,"Twin Falls, Idaho, United States",US,USID,,42.563,-114.461,398273,3,"Twin Falls, Idaho, United States",US,USID,,42.563,-114.461,398273,20260803001500,https://www.fox10phoenix.com/news/in-n-out-shooting-idaho
1316523149,20260803,202608,2026,2026.5836,USA,PORTLAND,USA,,,,,,,,USACVL,UNITED STATES,USA,,,,,CVL,,,1,193,193,19,4,-10.0,6,2,6,-10.7142857142857,3,"Portland, Oregon, United States",US,USOR,OR051,45.5235,-122.676,1136645,3,"Portland, Oregon, United States",US,USOR,OR051,45.5235,-122.676,1136645,3,"Portland, Oregon, United States",US,USOR,OR051,45.5235,-122.676,1136645,20260803001500,https://english.news.cn/20260803/604e838137664fe3a7c2e6fd9d7f9551/c.html
1316523150,20260803,202608,2026,2026.5836,USA,UNITED STATES,USA,,,,,,,,USAMED,UNITED STATES,USA,,,,,MED,,,0,013,013,01,1,0.4,2,1,2,5.10948905109489,3,"Canyon Ranch, California, United States",US,USCA,CA091,39.5599,-120.356,220564,3,"Canyon Ranch, California, United States",US,USCA,,39.5599,-120.356,220564,3,"Canyon Ranch, California, United States",US,USCA,,39.5599,-120.356,220564,20260803001500,https://www.realcommercial.com.au/news/hugh-jackman-joins-girlfriend-sutton-fosters-exclusive-3500-retreat
1316523151,20260803,202608,2026,2026.5836,USA,UNITED STATES,USA,,,,,,,,USAMED,REUTERS,USA,,,,,MED,,,1,112,112,11,3,-2.0,4,2,4,-4.30879712746858,2,"Maryland, United States",US,USMD,,39.0724,-76.7902,MD,2,"Maryland, United States",US,USMD,,39.0724,-76.7902,MD,2,"Maryland, United States",US,USMD,,39.0724,-76.7902,MD,20260803001500,https://www.fox10phoenix.com/news/capital-one-trump-organization-money-laundering
1316523152,20260803,202608,2026,2026.5836,USACOP,PORTLAND,USA,,,,,COP,,,COP,DETECTIVE,,,,,,COP,,,0,010,010,01,1,0.0,18,2,18,-10.7142857142857,3,"Portland, Oregon, United States",US,USOR,OR051,45.5235,-122.676,1136645,3,"Portland, Oregon, United States",US,USOR,OR051,45.5235,-122.676,1136645,3,"Portland, Oregon, United States",US,USOR,OR051,45.5235,-122.676,1136645,20260803001500,https://english.news.cn/20260803/604e838137664fe3a7c2e6fd9d7f9551/c.html
1316523153,20260803,202608,2026,2026.5836,USACOP,PORTLAND,USA,,,,,COP,,,COP,DETECTIVE,,,,,,COP,,,0,0214,021,02,1,3.4,18,2,18,-10.7142857142857,3,"Portland, Oregon, United States",US,USOR,OR051,45.5235,-122.676,1136645,3,"Portland, Oregon, United States",US,USOR,OR051,45.5235,-122.676,1136645,3,"Portland, Oregon, United States",US,USOR,OR051,45.5235,-122.676,1136645,20260803001500,https://english.news.cn/20260803/604e838137664fe3a7c2e6fd9d7f9551/c.html
1316523154,20260803,202608,2026,2026.5836,USACOP,PORTLAND,USA,,,,,COP,,,COP,POLICE,,,,,,COP,,,0,040,040,04,1,1.0,18,2,18,-10.7142857142857,3,"Portland, Oregon, United States",US,USOR,OR051,45.5235,-122.676,1136645,3,"Portland, Oregon, United States",US,USOR,OR051,45.5235,-122.676,1136645,3,"Portland, Oregon, United States",US,USOR,OR051,45.5235,-122.676,1136645,20260803001500,https://english.news.cn/20260803/604e838137664fe3a7c2e6fd9d7f9551/c.html
1316523155,20260803,202608,2026,2026.5836,USACVL,PORTLAND,USA,,,,,CVL,,,,,,,,,,,,,1,193,193,19,4,-10.0,16,2,16,-10.7142857142857,3,"Portland, Oregon, United States",US,USOR,OR051,45.5235,-122.676,1136645,0,,,,,,,,3,"Portland, Oregon, United States",US,USOR,OR051,45.5235,-122.676,1136645,20260803001500,http://www.bignewsnetwork.com/news/279220098/1st-ld-writethru-1-killed-5-injured-in-us-portland-neighborhood-shooting-authority
1316523156,20260803,202608,2026,2026.5836,USAGOV,UNITED STATES,USA,,,,,GOV,,,JUD,SUPREME COURT,,,,,,JUD,,,1,100,100,10,3,-5.0,8,2,8,-4.30879712746858,2,"Maryland, United States",US,USMD,,39.0724,-76.7902,MD,2,"Maryland, United States",US,USMD,,39.0724,-76.7902,MD,2,"Maryland, United States",US,USMD,,39.0724,-76.7902,MD,20260803001500,https://www.fox10phoenix.com/news/capital-one-trump-organization-money-laundering
1316523157,20260803,202608,2026,2026.5836,USAMED,WALL STREET JOURNAL,USA,,,,,MED,,,,,,,,,,,,,1,013,013,01,1,0.4,3,1,3,-4.0983606557377,1,United States,US,US,,39.828175,-98.5795,US,0,,,,,,,,1,United States,US,US,,39.828175,-98.5795,US,20260803001500,https://variety.com/2026/tv/news/pima-county-sheriff-department-mistakes-nancy-guthrie-1236826065/
1316523158,20260803,202608,2026,2026.5836,USAMED,THE ASSOCIATED PRESS,USA,,,,,MED,,,,,,,,,,,,,0,070,070,07,2,7.0,1,1,1,-7.71144278606966,3,"Twin Falls, Idaho, United States",US,USID,ID083,42.563,-114.461,398273,0,,,,,,,,3,"Twin Falls, Idaho, United States",US,USID,,42.563,-114.461,398273,20260803001500,https://www.fox10phoenix.com/news/in-n-out-shooting-idaho
1316523159,20260803,202608,2026,2026.5836,USAMED,THE ASSOCIATED PRESS,USA,,,,,MED,,,,,,,,,,,,,0,070,070,07,2,7.0,4,1,4,-7.71144278606966,2,"Nevada, United States",US,USNV,,38.4199,-117.122,NV,0,,,,,,,,2,"Nevada, United States",US,USNV,,38.4199,-117.122,NV,20260803001500,https://www.fox10phoenix.com/news/in-n-out-shooting-idaho
1316523160,20260803,202608,2026,2026.5836,USAMED,WALL STREET JOURNAL,USA,,,,,MED,,,,,,,,,,,,,1,090,090,09,2,-2.0,3,1,3,-4.0983606557377,1,United States,US,US,,39.828175,-98.5795,US,0,,,,,,,,1,United States,US,US,,39.828175,-98.5795,US,20260803001500,https://variety.com/2026/tv/news/pima-county-sheriff-department-mistakes-nancy-guthrie-1236826065/
1316523161,20260803,202608,2026,2026.5836,USAMED,REUTERS,USA,,,,,MED,,,,,,,,,,,,,1,110,110,11,3,-2.0,6,2,6,-4.30879712746858,1,Canada,CA,CA,,60,-96,CA,0,,,,,,,,1,Canada,CA,CA,,60,-96,CA,20260803001500,https://www.fox10phoenix.com/news/capital-one-trump-organization-money-laundering
1316523162,20260803,202608,2026,2026.5836,USAMED,WALL STREET JOURNAL,USA,,,,,MED,,,ARE,UNITED ARAB EMIRATES,ARE,,,,,,,,0,025,025,02,1,-0.3,1,1,1,-0.42735042735043,4,"Tehran, Tehran, Iran",IR,IR26,41130,35.75,51.5148,10074674,1,Saudi Arabia,SA,SA,,25,45,SA,1,Saudi Arabia,SA,SA,,25,45,SA,20260803001500,http://www.israelherald.com/news/279220058/mediators-seek-to-revive-us-iran-deal-open-hormuz-for-60-days-without-fees-israeli-media
1316523163,20260803,202608,2026,2026.5836,USAMED,WALL STREET JOURNAL,USA,,,,,MED,,,ARE,UNITED ARAB EMIRATES,ARE,,,,,,,,0,025,025,02,1,-0.3,1,1,1,-0.42735042735043,1,Saudi Arabia,SA,SA,,25,45,SA,1,United Arab Emirates,AE,AE,,24,54,AE,1,Saudi Arabia,SA,SA,,25,45,SA,20260803001500,http://www.israelherald.com/news/279220058/mediators-seek-to-revive-us-iran-deal-open-hormuz-for-60-days-without-fees-israeli-media
1316523164,20260803,202608,2026,2026.5836,USAMED,WALL STREET JOURNAL,USA,,,,,MED,,,MIL,MILITARY,,,,,,MIL,,,0,010,010,01,1,0.0,4,2,4,0.40899795501022,4,"Tehran, Tehran, Iran",IR,IR26,41130,35.75,51.5148,10074674,4,"Tehran, Tehran, Iran",IR,IR26,41130,35.75,51.5148,10074674,4,"Tehran, Tehran, Iran",IR,IR26,41130,35.75,51.5148,10074674,20260803001500,http://www.israelherald.com/news/279220089/trump-says-us-iran-talks-to-begin-monday-after-shelving-planned-strike
1316523165,20260803,202608,2026,2026.5836,USAMED,WALL STREET JOURNAL,USA,,,,,MED,,,MIL,MILITARY,,,,,,MIL,,,0,010,010,01,1,0.0,16,2,16,0.40899795501022,4,"Tehran, Tehran, Iran",IR,IR26,41130,35.75,51.5148,10074674,3,"Washington, District of Columbia, United States",US,USDC,DC001,38.8951,-77.0364,531871,3,"Washington, District of Columbia, United States",US,USDC,DC001,38.8951,-77.0364,531871,20260803001500,http://www.israelherald.com/news/279220089/trump-says-us-iran-talks-to-begin-monday-after-shelving-planned-strike
1316523166,20260803,202608,2026,2026.5836,USAMED,THE ASSOCIATED PRESS,USA,,,,,MED,,,USA,TWIN FALLS,USA,,,,,,,,0,010,010,01,1,0.0,4,1,4,-7.71144278606966,3,"Twin Falls, Idaho, United States",US,USID,ID083,42.563,-114.461,398273,3,"Twin Falls, Idaho, United States",US,USID,,42.563,-114.461,398273,3,"Twin Falls, Idaho, United States",US,USID,,42.563,-114.461,398273,20260803001500,https://www.fox10phoenix.com/news/in-n-out-shooting-idaho
1316523167,20260803,202608,2026,2026.5836,USAMED,WALL STREET JOURNAL,USA,,,,,MED,,,USA,UNITED STATES,USA,,,,,,,,1,013,013,01,1,0.4,2,1,2,-4.0983606557377,1,United States,US,US,,39.828175,-98.5795,US,1,United States,US,US,,39.828175,-98.5795,US,1,United States,US,US,,39.828175,-98.5795,US,20260803001500,https://variety.com/2026/tv/news/pima-county-sheriff-department-mistakes-nancy-guthrie-1236826065/
1316523168,20260803,202608,2026,2026.5836,USAMED,WALL STREET JOURNAL,USA,,,,,MED,,,USA,WASHINGTON,USA,,,,,,,,0,022,022,02,1,3.2,12,2,12,0.40899795501022,4,"Tehran, Tehran, Iran",IR,IR26,41130,35.75,51.5148,10074674,3,"Washington, District of Columbia, United States",US,USDC,DC001,38.8951,-77.0364,531871,3,"Washington, District of Columbia, United States",US,USDC,DC001,38.8951,-77.0364,531871,20260803001500,http://www.israelherald.com/news/279220089/trump-says-us-iran-talks-to-begin-monday-after-shelving-planned-strike
1316523169,20260803,202608,2026,2026.5836,USAMED,WALL STREET JOURNAL,USA,,,,,MED,,,USA,UNITED STATES,USA,,,,,,,,0,022,022,02,1,3.2,4,2,4,0.40899795501022,4,"Tehran, Tehran, Iran",IR,IR26,41130,35.75,51.5148,10074674,1,United Arab Emirates,AE,AE,,24,54,AE,1,United Arab Emirates,AE,AE,,24,54,AE,20260803001500,http://www.israelherald.com/news/279220089/trump-says-us-iran-talks-to-begin-monday-after-shelving-planned-strike
1316523170,20260803,202608,2026,2026.5836,USAMED,WALL STREET JOURNAL,USA,,,,,MED,,,USA,WASHINGTON,USA,,,,,,,,0,022,022,02,1,3.2,1,1,1,-0.42735042735043,4,"Tehran, Tehran, Iran",IR,IR26,41130,35.75,51.5148,10074674,1,Saudi Arabia,SA,SA,,25,45,SA,1,Saudi Arabia,SA,SA,,25,45,SA,20260803001500,http://www.israelherald.com/news/279220058/mediators-seek-to-revive-us-iran-deal-open-hormuz-for-60-days-without-fees-israeli-media
1316523171,20260803,202608,2026,2026.5836,USAMED,WALL STREET JOURNAL,USA,,,,,MED,,,USA,WASHINGTON,USA,,,,,,,,0,022,022,02,1,3.2,1,1,1,-0.42735042735043,1,Saudi Arabia,SA,SA,,25,45,SA,3,"Washington, District of Columbia, United States",US,USDC,DC001,38.8951,-77.0364,531871,3,"Washington, District of Columbia, United States",US,USDC,DC001,38.8951,-77.0364,531871,20260803001500,http://www.israelherald.com/news/279220058/mediators-seek-to-revive-us-iran-deal-open-hormuz-for-60-days-without-fees-israeli-media
1316523172,20260803,202608,2026,2026.5836,USAMED,WALL STREET JOURNAL,USA,,,,,MED,,,USA,UNITED STATES,USA,,,,,,,,1,090,090,09,2,-2.0,2,1,2,-4.0983606557377,1,United States,US,US,,39.828175,-98.5795,US,1,United States,US,US,,39.828175,-98.5795,US,1,United States,US,US,,39.828175,-98.5795,US,20260803001500,https://variety.com/2026/tv/news/pima-county-sheriff-department-mistakes-nancy-guthrie-1236826065/
1316523173,20260803,202608,2026,2026.5836,USAMED,REUTERS,USA,,,,,MED,,,USA,UNITED STATES,USA,,,,,,,,1,110,110,11,3,-2.0,4,2,4,-4.30879712746858,2,"Maryland, United States",US,USMD,,39.0724,-76.7902,MD,2,"Maryland, United States",US,USMD,,39.0724,-76.7902,MD,2,"Maryland, United States",US,USMD,,39.0724,-76.7902,MD,20260803001500,https://www.fox10phoenix.com/news/capital-one-trump-organization-money-laundering
1316523174,20260803,202608,2026,2026.5836,haw,HAWAIIAN,,,haw,,,,,,,,,,,,,,,,1,020,020,02,1,3.0,6,1,6,-2.92887029288703,2,"Hawaii, United States",US,USHI,,21.1098,-157.531,HI,0,,,,,,,,2,"Hawaii, United States",US,USHI,,21.1098,-157.531,HI,20260803001500,https://www.hawaiinewsnow.com/2026/08/02/heco-ends-power-shutoff-watch-fire-risk-conditions-ease/
1316523175,20260803,202608,2026,2026.5836,nav,NAVAJO,,,nav,,,,,,ISR,ISRAEL,ISR,,,,,,,,1,036,036,03,1,4.0,10,1,10,0.83102493074792,4,"Belgrade, Serbia (general),",RB,RB00,47629,44.8186,20.4681,-74897,4,"Belgrade, Serbia (general),",RB,RB00,47629,44.8186,20.4681,-74897,4,"Belgrade, Serbia (general),",RB,RB00,47629,44.8186,20.4681,-74897,20260803001500,https://www.bjpenn.com/mma-news/ufc/israel-adesanya-wants-top-5-ranking-for-navajo-stirling-following-sensational-ufc-belgrade-finish-another-day-in-the-office/
1316537841,20250803,202508,2025,2025.5836,CHN,BEIJING,CHN,,,,,,,,MIL,MILITARY,,,,,,MIL,,,0,010,010,01,1,0.0,5,1,5,2.01698513800425,4,"Beijing, Beijing, China",CH,CH22,13001,39.9289,116.388,-1898541,4,"Beijing, Beijing, China",CH,CH22,13001,39.9289,116.388,-1898541,4,"Beijing, Beijing, China",CH,CH22,13001,39.9289,116.388,-1898541,20260803041500,http://www.businessghana.com/site/news/politics/353253/Chinese-military-researchers-tap-US-AI-models-to-train-defence-systems
1316537842,20250803,202508,2025,2025.5836,JPN,JAPAN,JPN,,,,,,,,PNG,EAST SEPIK,PNG,,,,,,,,1,061,061,06,2,6.4,4,1,4,3.51437699680511,4,"Boina, Mahajanga, Madagascar",MA,MA03,154566,-15.9029,45.9299,-212329,4,"Boina, Mahajanga, Madagascar",MA,MA03,154566,-15.9029,45.9299,-212329,4,"Boina, Mahajanga, Madagascar",MA,MA03,154566,-15.9029,45.9299,-212329,20260803041500,https://www.thenational.com.pg/japanese-demand-for-png-vanilla-growing-businessman/
1316537843,20250803,202508,2025,2025.5836,JPN,JAPAN,JPN,,,,,,,,PNG,EAST SEPIK,PNG,,,,,,,,1,061,061,06,2,6.4,6,1,6,3.51437699680511,4,"Rabaul, East New Britain, Papua New Guinea",PP,PP10,18585,-4.21389,152.176,-2198783,4,"Rabaul, East New Britain, Papua New Guinea",PP,PP10,18585,-4.21389,152.176,-2198783,4,"Rabaul, East New Britain, Papua New Guinea",PP,PP10,18585,-4.21389,152.176,-2198783,20260803041500,https://www.thenational.com.pg/japanese-demand-for-png-vanilla-growing-businessman/
1316537844,20260727,202607,2026,2026.5671,SAU,SAUDI,SAU,,,,,,,,SAUBUS,SAUDI ARABIA,SAU,,,,,BUS,,,0,138,138,13,3,-7.0,2,1,2,-4.93506493506494,4,"Yanbu, Al Madinah, Saudi Arabia",SA,SA05,25311,24.0891,38.0637,-3101071,4,"Yanbu, Al Madinah, Saudi Arabia",SA,SA05,25311,24.0891,38.0637,-3101071,4,"Sidi Kerir, Al Iskandariyah, Egypt",EG,EG06,61540,31.0892,29.5914,-303036,20260803041500,https://www.shippingtribune.com/news/shipping/Six+Saudi+Oil+Tankers+Reroute+Around+Africa+to+Dodge+Houthi+Threat
1316537845,20260727,202607,2026,2026.5671,SAUBUS,SAUDI ARABIA,SAU,,,,,BUS,,,DJI,DJIBOUTI,DJI,,,,,,,,0,138,138,13,3,-7.0,4,1,4,-4.93506493506494,4,"Yanbu, Al Madinah, Saudi Arabia",SA,SA05,25311,24.0891,38.0637,-3101071,4,"Red Sea, Djibouti (general), Djibouti",DJ,DJ00,25312,19,39.5,-2037160,4,"Sidi Kerir, Al Iskandariyah, Egypt",EG,EG06,61540,31.0892,29.5914,-303036,20260803041500,https://www.shippingtribune.com/news/shipping/Six+Saudi+Oil+Tankers+Reroute+Around+Africa+to+Dodge+Houthi+Threat
1316537846,20260727,202607,2026,2026.5671,SAUBUS,SAUDI,SAU,,,,,BUS,,,SAU,SAUDI,SAU,,,,,,,,0,138,138,13,3,-7.0,2,1,2,-4.93506493506494,4,"Yanbu, Al Madinah, Saudi Arabia",SA,SA05,25311,24.0891,38.0637,-3101071,4,"Yanbu, Al Madinah, Saudi Arabia",SA,SA05,25311,24.0891,38.0637,-3101071,4,"Sidi Kerir, Al Iskandariyah, Egypt",EG,EG06,61540,31.0892,29.5914,-303036,20260803041500,https://www.shippingtribune.com/news/shipping/Six+Saudi+Oil+Tankers+Reroute+Around+Africa+to+Dodge+Houthi+Threat
1316537847,20260802,202608,2026,2026.5808,,,,,,,,,,,BUS,ENTREPRENEUR,,,,,,BUS,,,1,046,046,04,1,7.0,10,1,10,1.76817288801572,0,,,,,,,,4,"Yenagoa, Bayelsa, Nigeria",NI,NI52,191383,4.92472,6.26417,-2031706,4,"Yenagoa, Bayelsa, Nigeria",NI,NI52,191383,4.92472,6.26417,-2031706,20260803041500,https://www.thetidenewsonline.com/2026/08/entrepreneur-fetes-indigenous-patronage-tasks-govt-nddc-others-on-procurement/
1316537848,20260802,202608,2026,2026.5808,BUS,ENTREPRENEUR,,,,,,BUS,,,,,,,,,,,,,1,046,046,04,1,7.0,10,1,10,1.76817288801572,4,"Yenagoa, Bayelsa, Nigeria",NI,NI52,191383,4.92472,6.26417,-2031706,0,,,,,,,,4,"Yenagoa, Bayelsa, Nigeria",NI,NI52,191383,4.92472,6.26417,-2031706,20260803041500,https://www.thetidenewsonline.com/2026/08/entrepreneur-fetes-indigenous-patronage-tasks-govt-nddc-others-on-procurement/
1316537849,20260803,202608,2026,2026.5836,,,,,,,,,,,AFR,AFRICA,AFR,,,,,,,,1,036,036,03,1,4.0,10,1,10,3.90516039051604,0,,,,,,,,5,"Rivers State, Rivers, Nigeria",NI,NI50,23058,4.75,6.83333,-2025387,5,"Rivers State, Rivers, Nigeria",NI,NI50,23058,4.75,6.83333,-2025387,20260803041500,https://www.thetidenewsonline.com/2026/08/firm-unveils-new-products-for-oil-facilities/
1316537850,20260803,202608,2026,2026.5836,,,,,,,,,,,BUS,BUSINESS,,,,,,BUS,,,0,051,051,05,1,3.4,3,1,3,7.69230769230769,0,,,,,,,,1,Ghana,GH,GH,,8,-2,GH,1,Ghana,GH,GH,,8,-2,GH,20260803041500,http://www.businessghana.com/site/news/business/353210/FirstBank-opens-new-Tema-Comm-25-branch
1316537851,20260803,202608,2026,2026.5836,,,,,,,,,,,COP,POLICE,,,,,,COP,,,0,010,010,01,1,0.0,4,1,4,-0.99502487562189,0,,,,,,,,4,"Bankipur, Bihar, India",IN,IN34,17632,25.6167,85.15,-2090237,4,"Bankipur, Bihar, India",IN,IN34,17632,25.6167,85.15,-2090237,20260803041500,https://economictimes.indiatimes.com/news/politics-and-nation/bankipur-election-results-2026-results-eci-gov-in-jan-suraajs-prashant-kishor-vs-bjps-neeraj-kumar-sinha-vs-rjds-rekha-gupta-who-is-winning/articleshow/132817266.cms
1316537852,20260803,202608,2026,2026.5836,,,,,,,,,,,COP,POLICE,,,,,,COP,,,0,010,010,01,1,0.0,1,1,1,-0.99502487562189,0,,,,,,,,4,"Bankipur, Bihar, India",IN,IN34,17632,25.6167,85.15,-2090237,4,"Bihar, Bihar, India",IN,IN34,17615,25.1833,85.5167,-2091797,20260803041500,https://economictimes.indiatimes.com/news/politics-and-nation/bankipur-election-results-2026-results-eci-gov-in-jan-suraajs-prashant-kishor-vs-bjps-neeraj-kumar-sinha-vs-rjds-rekha-gupta-who-is-winning/articleshow/132817266.cms
1316537853,20260803,202608,2026,2026.5836,,,,,,,,,,,COP,POLICE,,,,,,COP,,,0,030,030,03,1,4.0,10,1,10,-4.37956204379562,0,,,,,,,,0,,,,,,,,0,,,,,,,,20260803041500,https://www.thenational.com.pg/operation-underway-to-recapture-escapees/
1316537854,20260803,202608,2026,2026.5836,,,,,,,,,,,CVL,SCIENTIST,,,,,,CVL,,,1,060,060,06,2,6.0,10,1,10,-0.65963060686016,0,,,,,,,,4,"Weddell Sea, Oceans (general), Oceans",OS,OS00,4375,-73,-45,-1506445,4,"Weddell Sea, Oceans (general), Oceans",OS,OS00,4375,-73,-45,-1506445,20260803041500,https://www.sciencealert.com/scientists-discover-more-than-1000-fish-nests-hiding-beneath-antarcticas-ice
1316537855,20260803,202608,2026,2026.5836,,,,,,,,,,,CVL,RESIDENTS,,,,,,CVL,,,0,112,112,11,3,-2.0,5,1,5,-3.82513661202186,0,,,,,,,,1,Spain,SP,SP,,40,-4,SP,1,Spain,SP,SP,,40,-4,SP,20260803041500,https://www.christiandaily.com/news/evangelical-pastor-in-ceuta-calls-for-prayer-as-death-toll-climbs-and-migrants-turn-back
1316537856,20260803,202608,2026,2026.5836,,,,,,,,,,,EDU,SCHOOL,,,,,,EDU,,,1,013,013,01,1,0.4,10,1,10,0,0,,,,,,,,0,,,,,,,,0,,,,,,,,20260803041500,https://wlos.com/news/local/school-supplies-henderson-county-sheriffs-office-community-donation-event-western-nortth-carolina-wnc
1316537857,20260803,202608,2026,2026.5836,,,,,,,,,,,EDU,SCHOOL,,,,,,EDU,,,1,043,043,04,1,2.8,10,1,10,0.45977011494253,0,,,,,,,,4,"Sunyani, Brong-Ahafo, Ghana",GH,GH03,190630,7.33991,-2.32676,-2079053,4,"Sunyani, Brong-Ahafo, Ghana",GH,GH03,190630,7.33991,-2.32676,-2079053,20260803041500,http://www.businessghana.com/site/news/general/353191/Govt-backs-school-heads-to-enforce-discipline-in-SHSs
1316537858,20260803,202608,2026,2026.5836,,,,,,,,,,,EDU,SCHOOL,,,,,,EDU,,,1,045,045,04,1,5.0,20,1,20,1.74081237911025,0,,,,,,,,0,,,,,,,,0,,,,,,,,20260803041500,http://www.businessghana.com/site/news/general/353275/Effective-leadership-critical-to-quality-education-Vice-President-tells-basic-school-heads
1316537859,20260803,202608,2026,2026.5836,,,,,,,,,,,EDU,SCHOOL,,,,,,EDU,,,1,046,046,04,1,7.0,2,1,2,0.45977011494253,0,,,,,,,,4,"Sunyani, Brong-Ahafo, Ghana",GH,GH03,190630,7.33991,-2.32676,-2079053,4,"Sunyani, Brong-Ahafo, Ghana",GH,GH03,190630,7.33991,-2.32676,-2079053,20260803041500,http://www.businessghana.com/site/news/general/353191/Govt-backs-school-heads-to-enforce-discipline-in-SHSs
1316537860,20260803,202608,2026,2026.5836,,,,,,,,,,,EUR,EUROPE,EUR,,,,,,,,1,110,110,11,3,-2.0,1,1,1,2.96846011131725,0,,,,,,,,4,"Bad Blankenburg, Thün, Germany",GM,GM15,16563,50.6833,11.2667,-1743046,4,"Bad Blankenburg, Thün, Germany",GM,GM15,16563,50.6833,11.2667,-1743046,20260803041500,https://www.christiandaily.com/news/evangelical-alliance-in-germany-marks-historic-legacy-with-renewed-call-for-peacebuilding
1316537861,20260803,202608,2026,2026.5836,,,,,,,,,,,GHAEDU,GHANA,GHA,,,,,EDU,,,1,046,046,04,1,7.0,4,1,4,0.45977011494253,0,,,,,,,,4,"Sunyani, Brong-Ahafo, Ghana",GH,GH03,190630,7.33991,-2.32676,-2079053,4,"Sunyani, Brong-Ahafo, Ghana",GH,GH03,190630,7.33991,-2.32676,-2079053,20260803041500,http://www.businessghana.com/site/news/general/353191/Govt-backs-school-heads-to-enforce-discipline-in-SHSs
1316537862,20260803,202608,2026,2026.5836,,,,,,,,,,,GOV,PRIME MINISTER,,,,,,GOV,,,0,040,040,04,1,1.0,3,1,3,-1.80520570948782,0,,,,,,,,4,"Gaza, Israel (general), Israel",IS,IS00,18315,31.4167,34.3333,-797156,4,"Gaza, Israel (general), Israel",IS,IS00,18315,31.4167,34.3333,-797156,20260803041500,https://taylorvilledailynews.com/local-news/srn-us-news/a2e0679d5f75f3e019cea24e68b1c7e2
1316537863,20260803,202608,2026,2026.5836,,,,,,,,,,,GOV,AMBASSADOR,,,,,,GOV,,,1,042,042,04,1,1.9,6,1,6,7.39371534195933,0,,,,,,,,4,"Accra, Greater Accra, Ghana",GH,GH01,190655,5.55,-0.216667,-2067935,4,"Accra, Greater Accra, Ghana",GH,GH01,190655,5.55,-0.216667,-2067935,20260803041500,"http://businessghana.com/site/news/general/353237/ECOWAS,-partners-to-empower-women"
1316537864,20260803,202608,2026,2026.5836,,,,,,,,,,,GOV,EXTERNAL AFFAIRS MINIST,,,,,,GOV,,,1,046,046,04,1,7.0,2,1,2,1.90217391304348,0,,,,,,,,4,"New Delhi, Delhi, India",IN,IN07,17911,28.6,77.2,-2106102,4,"New Delhi, Delhi, India",IN,IN07,17911,28.6,77.2,-2106102,20260803041500,https://www.newkerala.com/news/a/uzbekistans-foreign-minister-bakhtiyor-saidov-arrives-new-delhi-326.htm
1316537865,20260803,202608,2026,2026.5836,,,,,,,,,,,INDGOV,UTTARAKHAND,IND,,,,,GOV,,,1,040,040,04,1,1.0,10,1,10,-2.84463894967178,0,,,,,,,,0,,,,,,,,0,,,,,,,,20260803041500,https://www.newkerala.com/news/a/uttarakhand-stands-ready-extend-every-possible-assistance-cm-488.htm
1316537866,20260803,202608,2026,2026.5836,,,,,,,,,,,ISR,ISRAEL,ISR,,,,,,,,1,030,030,03,1,4.0,6,1,6,-1.80520570948782,0,,,,,,,,4,"Gaza, Israel (general), Israel",IS,IS00,18315,31.4167,34.3333,-797156,4,"Gaza, Israel (general), Israel",IS,IS00,18315,31.4167,34.3333,-797156,20260803041500,https://taylorvilledailynews.com/local-news/srn-us-news/a2e0679d5f75f3e019cea24e68b1c7e2
1316537867,20260803,202608,2026,2026.5836,,,,,,,,,,,JPN,JAPANESE,JPN,,,,,,,,1,036,036,03,1,4.0,10,1,10,0.5050505050505,0,,,,,,,,4,"Osaka, Osaka, Japan",JA,JA32,35840,34.6667,135.5,-240905,4,"Osaka, Osaka, Japan",JA,JA32,35840,34.6667,135.5,-240905,20260803041500,https://www.allkpop.com/article/2026/08/boynextdoor-announce-september-comeback-during-busan-concert
1316537868,20260803,202608,2026,2026.5836,,,,,,,,,,,JUD,SUPREME COURT,,,,,,JUD,,,1,051,051,05,1,3.4,10,1,10,9.4555873925501,0,,,,,,,,4,"Accra, Greater Accra, Ghana",GH,GH01,190655,5.55,-0.216667,-2067935,4,"Accra, Greater Accra, Ghana",GH,GH01,190655,5.55,-0.216667,-2067935,20260803041500,http://www.businessghana.com/site/news/politics/353251/JUSAG-calls-for-recognition-of-Judicial-Staff-
1316537869,20260803,202608,2026,2026.5836,,,,,,,,,,,JUD,SUPREME COURT,,,,,,JUD,,,0,052,052,05,1,3.5,10,1,10,9.4555873925501,0,,,,,,,,4,"Accra, Greater Accra, Ghana",GH,GH01,190655,5.55,-0.216667,-2067935,4,"Accra, Greater Accra, Ghana",GH,GH01,190655,5.55,-0.216667,-2067935,20260803041500,http://www.businessghana.com/site/news/politics/353251/JUSAG-calls-for-recognition-of-Judicial-Staff-
1316537870,20260803,202608,2026,2026.5836,,,,,,,,,,,LAB,WORKER,,,,,,LAB,,,0,173,173,17,4,-5.0,2,1,2,-0.99502487562189,0,,,,,,,,4,"Bankipur, Bihar, India",IN,IN34,17632,25.6167,85.15,-2090237,4,"Bankipur, Bihar, India",IN,IN34,17632,25.6167,85.15,-2090237,20260803041500,https://economictimes.indiatimes.com/news/politics-and-nation/bankipur-election-results-2026-results-eci-gov-in-jan-suraajs-prashant-kishor-vs-bjps-neeraj-kumar-sinha-vs-rjds-rekha-gupta-who-is-winning/articleshow/132817266.cms
1316537871,20260803,202608,2026,2026.5836,,,,,,,,,,,LAB,EMPLOYEE,,,,,,LAB,,,0,173,173,17,4,-5.0,5,1,5,-3.48639455782312,0,,,,,,,,3,"Boston, Massachusetts, United States",US,USMA,MA025,42.3584,-71.0598,617565,3,"Boston, Massachusetts, United States",US,USMA,MA025,42.3584,-71.0598,617565,20260803041500,https://www.yourdemocracy.net.au/drupal/node/60675
1316537872,20260803,202608,2026,2026.5836,,,,,,,,,,,LEG,SENATE,,,,,,LEG,,,0,084,084,08,2,7.0,5,1,5,-4.58970792767732,0,,,,,,,,3,"White House, District of Columbia, United States",US,USDC,,38.8951,-77.0364,531871,3,"White House, District of Columbia, United States",US,USDC,,38.8951,-77.0364,531871,20260803041500,https://rollcall.com/2026/08/02/senates-funding-patch-adds-trump-requests-but-blocks-grant-rule/
1316537873,20260803,202608,2026,2026.5836,,,,,,,,,,,MED,MEDIA,,,,,,MED,,,1,073,073,07,2,7.4,10,1,10,-4.2212518195051,0,,,,,,,,3,"Surry County, Virginia, United States",US,USVA,,37.1168,-76.8997,1480174,3,"Surry County, Virginia, United States",US,USVA,,37.1168,-76.8997,1480174,20260803041500,https://www.thestokesnews.com/apg_sister_paper/mtairy/rainfall-flooding-overwhelm-mount-airy-surry-county/article_1a994438-8f35-5b8e-aab3-f16e06e41dde.html
1316537874,20260803,202608,2026,2026.5836,,,,,,,,,,,NGA,NIGERIA,NGA,,,,,,,,0,051,051,05,1,3.4,4,1,4,5.42005420054201,0,,,,,,,,4,"Bwari, Nigeria (general), Nigeria",NI,NI00,191415,9.28333,7.38333,-2003559,4,"Bwari, Nigeria (general), Nigeria",NI,NI00,191415,9.28333,7.38333,-2003559,20260803041500,https://www.thetidenewsonline.com/2026/08/nigerian-law-school-lauds-opobo-nkoro-lga-over-n400000-call-to-bar-support-for-law-graduates/
1316537875,20260803,202608,2026,2026.5836,,,,,,,,,,,OPP,PROTESTER,,,,,,OPP,,,0,0811,081,08,2,5.0,10,1,10,-6.47668393782383,0,,,,,,,,4,"Muzaffarabad, Uttar Pradesh, India",IN,IN36,70284,30.1167,77.7167,-2105242,4,"Muzaffarabad, Uttar Pradesh, India",IN,IN36,70284,30.1167,77.7167,-2105242,20260803041500,https://www.yahoo.com/news/world/articles/only-son-shot-standing-justice-033234083.html
1316537876,20260803,202608,2026,2026.5836,,,,,,,,,,,PAK,PAKISTAN,PAK,,,,,,,,0,057,057,05,1,8.0,2,1,2,-6.47668393782383,0,,,,,,,,4,"Kashmir, North-West Frontier, Pakistan",PK,PK03,40350,34.796,72.1502,-2764806,4,"Kashmir, North-West Frontier, Pakistan",PK,PK03,40350,34.796,72.1502,-2764806,20260803041500,https://www.yahoo.com/news/world/articles/only-son-shot-standing-justice-033234083.html
1316537877,20260803,202608,2026,2026.5836,,,,,,,,,,,PAK,PAKISTAN,PAK,,,,,,,,0,057,057,05,1,8.0,8,1,8,-6.47668393782383,0,,,,,,,,4,"Rawalakot, Azad Kashmir, Pakistan",PK,PK06,40415,33.8578,73.7604,-2777863,4,"Rawalakot, Azad Kashmir, Pakistan",PK,PK06,40415,33.8578,73.7604,-2777863,20260803041500,https://www.yahoo.com/news/world/articles/only-son-shot-standing-justice-033234083.html
1316537878,20260803,202608,2026,2026.5836,,,,,,,,,,,PSEREB,HAMAS,PSE,,,,,REB,,,0,139,139,13,3,-7.0,10,1,10,-1.80520570948782,0,,,,,,,,4,"Gaza, Israel (general), Israel",IS,IS00,18315,31.4167,34.3333,-797156,4,"Gaza, Israel (general), Israel",IS,IS00,18315,31.4167,34.3333,-797156,20260803041500,https://taylorvilledailynews.com/local-news/srn-us-news/a2e0679d5f75f3e019cea24e68b1c7e2
1316537879,20260803,202608,2026,2026.5836,,,,,,,,,,,RUS,RUSSIA,RUS,,,,,,,,1,051,051,05,1,3.4,2,1,2,-4.30733410942957,0,,,,,,,,1,United States,US,US,,39.828175,-98.5795,US,4,"Tsentr, Novosibirskaya Oblast', Russia",RS,RS53,25082,55.0169,82.9192,11199786,20260803041500,https://www.yourdemocracy.net.au/drupal/node/60677
1316537880,20260803,202608,2026,2026.5836,,,,,,,,,,,RUS,RUSSIAN,RUS,,,,,,,,1,051,051,05,1,3.4,4,1,4,-4.30733410942957,0,,,,,,,,1,United States,US,US,,39.828175,-98.5795,US,1,United States,US,US,,39.828175,-98.5795,US,20260803041500,https://www.yourdemocracy.net.au/drupal/node/60677
1316537881,20260803,202608,2026,2026.5836,,,,,,,,,,,SEP,SEPARATIST,,,,,,SEP,,,1,043,043,04,1,2.8,3,1,3,-3.33543108873505,0,,,,,,,,3,"Ravenden, Arkansas, United States",US,USAR,AR075,36.2334,-91.2518,58465,3,"Ravenden, Arkansas, United States",US,USAR,AR075,36.2334,-91.2518,58465,20260803041500,https://www.express.co.uk/news/us/2235372/inside-arkansas-white-only-community-eric-orwoll-european-identity
1316537882,20260803,202608,2026,2026.5836,,,,,,,,,,,USA,UNITED STATES,USA,,,,,,,,0,011,011,01,1,-0.1,2,1,2,-7.73381294964029,0,,,,,,,,2,"Ohio, United States",US,USOH,,40.3736,-82.7755,OH,2,"Ohio, United States",US,USOH,,40.3736,-82.7755,OH,20260803041500,https://www.wnd.com/2026/08/pure-hell-sen-bernie-moreno-says-ex-son/
1316537883,20260803,202608,2026,2026.5836,,,,,,,,,,,USA,MONTANA,USA,,,,,,,,1,040,040,04,1,1.0,7,1,6,2.4,0,,,,,,,,2,"Montana, United States",US,USMT,,46.9048,-110.326,MT,2,"Montana, United States",US,USMT,,46.9048,-110.326,MT,20260803041500,https://mooseradio.com/ixp/108/p/kelly-clarkson-kurt-russell-montana-interview/
1316537884,20260803,202608,2026,2026.5836,,,,,,,,,,,USA,UNITED STATES,USA,,,,,,,,1,043,043,04,1,2.8,2,1,2,-3.33543108873505,0,,,,,,,,3,"Ravenden, Arkansas, United States",US,USAR,AR075,36.2334,-91.2518,58465,3,"Ravenden, Arkansas, United States",US,USAR,AR075,36.2334,-91.2518,58465,20260803041500,https://www.express.co.uk/news/us/2235372/inside-arkansas-white-only-community-eric-orwoll-european-identity
1316537885,20260803,202608,2026,2026.5836,,,,,,,,,,,USA,THE US,USA,,,,,,,,1,046,046,04,1,7.0,10,1,10,-1.80520570948782,0,,,,,,,,4,"Gaza, Israel (general), Israel",IS,IS00,18315,31.4167,34.3333,-797156,4,"Gaza, Israel (general), Israel",IS,IS00,18315,31.4167,34.3333,-797156,20260803041500,https://taylorvilledailynews.com/local-news/srn-us-news/a2e0679d5f75f3e019cea24e68b1c7e2
1316537886,20260803,202608,2026,2026.5836,,,,,,,,,,,USA,WASHINGTON,USA,,,,,,,,0,046,046,04,1,7.0,6,1,6,-1.80520570948782,0,,,,,,,,3,"Washington, District of Columbia, United States",US,USDC,DC001,38.8951,-77.0364,531871,3,"Washington, District of Columbia, United States",US,USDC,DC001,38.8951,-77.0364,531871,20260803041500,https://taylorvilledailynews.com/local-news/srn-us-news/a2e0679d5f75f3e019cea24e68b1c7e2
1316537887,20260803,202608,2026,2026.5836,,,,,,,,,,,USA,UNITED STATES,USA,,,,,,,,1,100,100,10,3,-5.0,4,1,4,4.36893203883495,0,,,,,,,,2,"Montana, United States",US,USMT,,46.9048,-110.326,MT,2,"Montana, United States",US,USMT,,46.9048,-110.326,MT,20260803041500,https://www.kpax.com/news/missoula-county/ride-along-for-a-day-at-the-western-montana-fair
1316537888,20260803,202608,2026,2026.5836,,,,,,,,,,,USA,UNITED STATES,USA,,,,,,,,1,190,190,19,4,-10.0,6,1,6,-5.55555555555556,0,,,,,,,,3,"Harris County, Texas, United States",US,USTX,,29.8336,-95.4002,1383886,3,"Harris County, Texas, United States",US,USTX,,29.8336,-95.4002,1383886,20260803041500,https://abc13.com/post/mother-says-shots-fired-familys-home-part-ongoing-threats-reported-hcso/19617035/
1316537889,20260803,202608,2026,2026.5836,,,,,,,,,,,USA,TEXAS,USA,,,,,,,,1,190,190,19,4,-10.0,2,1,2,-5.55555555555556,0,,,,,,,,2,"Texas, United States",US,USTX,,31.106,-97.6475,TX,3,"Harris County, Texas, United States",US,USTX,,29.8336,-95.4002,1383886,20260803041500,https://abc13.com/post/mother-says-shots-fired-familys-home-part-ongoing-threats-reported-hcso/19617035/
1316537890,20260803,202608,2026,2026.5836,,,,,,,,,,,USA,TEXAS,USA,,,,,,,,1,193,193,19,4,-10.0,8,1,8,-5.55555555555556,0,,,,,,,,3,"Harris County, Texas, United States",US,USTX,,29.8336,-95.4002,1383886,3,"Harris County, Texas, United States",US,USTX,,29.8336,-95.4002,1383886,20260803041500,https://abc13.com/post/mother-says-shots-fired-familys-home-part-ongoing-threats-reported-hcso/19617035/
1316537891,20260803,202608,2026,2026.5836,,,,,,,,,,,UZB,UZBEKISTAN,UZB,,,,,,,,0,042,042,04,1,1.9,4,1,4,4.54545454545455,0,,,,,,,,4,"New Delhi, Delhi, India",IN,IN07,17911,28.6,77.2,-2106102,4,"New Delhi, Delhi, India",IN,IN07,17911,28.6,77.2,-2106102,20260803041500,https://www.newkerala.com/news/a/uzbekistan-foreign-minister-bakhtiyor-saidov-arrives-new-delhi-829.htm
1316537892,20260803,202608,2026,2026.5836,,,,,,,,,,,UZB,UZBEKISTAN,UZB,,,,,,,,0,042,042,04,1,1.9,6,1,6,4.54545454545455,0,,,,,,,,1,Uzbekistan,UZ,UZ,,41.707542,63.84911,UZ,4,"New Delhi, Delhi, India",IN,IN07,17911,28.6,77.2,-2106102,20260803041500,https://www.newkerala.com/news/a/uzbekistan-foreign-minister-bakhtiyor-saidov-arrives-new-delhi-829.htm
1316537893,20260803,202608,2026,2026.5836,AFR,AFRICA,AFR,,,,,,,,BUS,SUPERTANKER,,,,,,BUS,,,1,042,042,04,1,1.9,8,1,8,-4.93506493506494,4,"Bab El-Mandeb, , Djibouti",DJ,DJ,,12.5833,43.35,-3189484,4,"Sidi Kerir, Al Iskandariyah, Egypt",EG,EG06,61540,31.0892,29.5914,-303036,4,"Bab El-Mandeb, , Djibouti",DJ,DJ,,12.5833,43.35,-3189484,20260803041500,https://www.shippingtribune.com/news/shipping/Six+Saudi+Oil+Tankers+Reroute+Around+Africa+to+Dodge+Houthi+Threat
1316537894,20260803,202608,2026,2026.5836,AFR,AFRICA,AFR,,,,,,,,BUS,SUPERTANKER,,,,,,BUS,,,1,042,042,04,1,1.9,2,1,2,-4.93506493506494,4,"Bab El-Mandeb, , Djibouti",DJ,DJ,,12.5833,43.35,-3189484,4,"Bab El-Mandeb, , Djibouti",DJ,DJ,,12.5833,43.35,-3189484,4,"Bab El-Mandeb, , Djibouti",DJ,DJ,,12.5833,43.35,-3189484,20260803041500,https://www.shippingtribune.com/news/shipping/Six+Saudi+Oil+Tankers+Reroute+Around+Africa+to+Dodge+Houthi+Threat
1316537895,20260803,202608,2026,2026.5836,AFR,AFRICA,AFR,,,,,,,,CHN,CHINA,CHN,,,,,,,,1,061,061,06,2,6.4,12,1,10,4.3731778425656,1,China,CH,CH,,35,105,CH,1,China,CH,CH,,35,105,CH,1,China,CH,CH,,35,105,CH,20260803041500,http://www.businessghana.com/site/news/business/353214/Africa%E2%80%93China-trade-surges-19.6%-in-first-half-of-2026-following-expanded-zero-tariff-policy
1316537896,20260803,202608,2026,2026.5836,AGR,GRANGER,,,,,,AGR,,,,,,,,,,,,,1,120,120,12,3,-4.0,6,1,6,-0.42735042735043,3,"Fort Worth, Texas, United States",US,USTX,TX439,32.7254,-97.3208,1380947,0,,,,,,,,3,"Fort Worth, Texas, United States",US,USTX,,32.7254,-97.3208,1380947,20260803041500,https://www.fox7austin.com/news/former-texas-rep-kay-granger-trailblazing-fort-worth-mayor-dies-83
1316537897,20260803,202608,2026,2026.5836,AGR,FARMER,,,,,,AGR,,,,,,,,,,,,,1,141,141,14,3,-6.5,10,1,10,-5.69476082004556,4,"Delhi, Delhi, India",IN,IN07,17911,28.6667,77.2167,-2094230,0,,,,,,,,4,"Delhi, Delhi, India",IN,IN07,17911,28.6667,77.2167,-2094230,20260803041500,http://www.tennesseedaily.com/news/279220221/i-strongly-condemn-maharashtra-police-udhayanidhi-stalin-on-arrest-of-tn-farmers-heading-to-delhi-for-mekedatu-protest
1316537898,20260803,202608,2026,2026.5836,ARE,UNITED ARAB EMIRATES,ARE,,,,,,,,ISR,ISRAEL,ISR,,,,,,,,1,030,030,03,1,4.0,2,1,2,-1.80520570948782,4,"Gaza, Israel (general), Israel",IS,IS00,18315,31.4167,34.3333,-797156,4,"Gaza, Israel (general), Israel",IS,IS00,18315,31.4167,34.3333,-797156,4,"Gaza, Israel (general), Israel",IS,IS00,18315,31.4167,34.3333,-797156,20260803041500,https://taylorvilledailynews.com/local-news/srn-us-news/a2e0679d5f75f3e019cea24e68b1c7e2
1316537899,20260803,202608,2026,2026.5836,ARE,UNITED ARAB EMIRATES,ARE,,,,,,,,ISR,ISRAEL,ISR,,,,,,,,1,030,030,03,1,4.0,2,1,2,-1.80520570948782,1,United Arab Emirates,AE,AE,,24,54,AE,4,"Gaza, Israel (general), Israel",IS,IS00,18315,31.4167,34.3333,-797156,4,"Gaza, Israel (general), Israel",IS,IS00,18315,31.4167,34.3333,-797156,20260803041500,https://taylorvilledailynews.com/local-news/srn-us-news/a2e0679d5f75f3e019cea24e68b1c7e2
1316537900,20260803,202608,2026,2026.5836,ARE,UNITED ARAB EMIRATES,ARE,,,,,,,,USA,WASHINGTON,USA,,,,,,,,0,046,046,04,1,7.0,1,1,1,-1.80520570948782,1,United Arab Emirates,AE,AE,,24,54,AE,3,"Washington, District of Columbia, United States",US,USDC,DC001,38.8951,-77.0364,531871,3,"Washington, District of Columbia, United States",US,USDC,DC001,38.8951,-77.0364,531871,20260803041500,https://taylorvilledailynews.com/local-news/srn-us-news/a2e0679d5f75f3e019cea24e68b1c7e2
1316537901,20260803,202608,2026,2026.5836,ARE,UNITED ARAB EMIRATES,ARE,,,,,,,,USA,WASHINGTON,USA,,,,,,,,0,046,046,04,1,7.0,1,1,1,-1.80520570948782,1,United Arab Emirates,AE,AE,,24,54,AE,1,United Arab Emirates,AE,AE,,24,54,AE,1,United Arab Emirates,AE,AE,,24,54,AE,20260803041500,https://taylorvilledailynews.com/local-news/srn-us-news/a2e0679d5f75f3e019cea24e68b1c7e2
1316537902,20260803,202608,2026,2026.5836,AUS,TASMANIA,AUS,,,,,,,,BUS,INDUSTRY,,,,,,BUS,,,0,014,014,01,1,0.0,10,1,10,4.89510489510489,4,"Launceston, Tasmania, Australia",AS,AS06,5346,-41.4388,147.135,-1583138,4,"Launceston, Tasmania, Australia",AS,AS06,5346,-41.4388,147.135,-1583138,4,"Launceston, Tasmania, Australia",AS,AS06,5346,-41.4388,147.135,-1583138,20260803041500,https://theshout.com.au/tasmanian-government-backs-beer-tourism-with-new-funding/
1316537903,20260803,202608,2026,2026.5836,AUS,AUSTRALIA,AUS,,,,,,,,BUS,INDUSTRY,,,,,,BUS,,,1,051,051,05,1,3.4,4,1,4,8.39160839160839,4,"Sydney, New South Wales, Australia",AS,AS02,154637,-33.8833,151.217,-1603135,4,"Sydney, New South Wales, Australia",AS,AS02,154637,-33.8833,151.217,-1603135,4,"Sydney, New South Wales, Australia",AS,AS02,154637,-33.8833,151.217,-1603135,20260803041500,https://theshout.com.au/william-wilson-honoured-with-ras-contributor-award/
1316537904,20260803,202608,2026,2026.5836,AUS,AUSTRALIA,AUS,,,,,,,,COP,POLICE,,,,,,COP,,,0,190,190,19,4,-10.0,10,1,10,-3.76850605652759,1,Australia,AS,AS,,-25,135,AS,1,Australia,AS,AS,,-25,135,AS,1,Australia,AS,AS,,-25,135,AS,20260803041500,https://www.wsmv.com/2026/08/03/absolute-shock-witness-describes-moment-car-hit-four-pedestrians-broadway-killing-one/
1316537905,20260803,202608,2026,2026.5836,AUS,TASMANIA,AUS,,,,,,,,GOV,GOVERNMENT,,,,,,GOV,,,0,014,014,01,1,0.0,10,1,10,4.89510489510489,4,"Launceston, Tasmania, Australia",AS,AS06,5346,-41.4388,147.135,-1583138,4,"Launceston, Tasmania, Australia",AS,AS06,5346,-41.4388,147.135,-1583138,4,"Launceston, Tasmania, Australia",AS,AS06,5346,-41.4388,147.135,-1583138,20260803041500,https://theshout.com.au/tasmanian-government-backs-beer-tourism-with-new-funding/
1316537906,20260803,202608,2026,2026.5836,AUSGOV,AUSTRALIA,AUS,,,,,GOV,,,,,,,,,,,,,1,051,051,05,1,3.4,1,1,1,4.89510489510489,4,"Launceston, Tasmania, Australia",AS,AS06,5346,-41.4388,147.135,-1583138,0,,,,,,,,4,"Launceston, Tasmania, Australia",AS,AS06,5346,-41.4388,147.135,-1583138,20260803041500,https://theshout.com.au/tasmanian-government-backs-beer-tourism-with-new-funding/
1316537907,20260803,202608,2026,2026.5836,AUSGOV,AUSTRALIA,AUS,,,,,GOV,,,BUS,BUSINESS,,,,,,BUS,,,1,051,051,05,1,3.4,1,1,1,4.89510489510489,4,"Launceston, Tasmania, Australia",AS,AS06,5346,-41.4388,147.135,-1583138,4,"Launceston, Tasmania, Australia",AS,AS06,5346,-41.4388,147.135,-1583138,4,"Launceston, Tasmania, Australia",AS,AS06,5346,-41.4388,147.135,-1583138,20260803041500,https://theshout.com.au/tasmanian-government-backs-beer-tourism-with-new-funding/
1316537908,20260803,202608,2026,2026.5836,BRA,BRAZIL,BRA,,,,,,,,GOV,GOVERNMENT,,,,,,GOV,,,1,020,020,02,1,3.0,4,1,4,2.87009063444109,1,United States,US,US,,39.828175,-98.5795,US,1,United States,US,US,,39.828175,-98.5795,US,1,United States,US,US,,39.828175,-98.5795,US,20260803041500,http://www.businessghana.com/site/news/general/353238/AIDS-2026:-Access-key-to-ending-AIDS-by-2030
1316537909,20260803,202608,2026,2026.5836,BUS,COMPANY,,,,,,BUS,,,,,,,,,,,,,0,016,016,01,1,-2.0,10,1,10,-6.42737896494157,2,"Arkansas, United States",US,USAR,,34.9513,-92.3809,AR,0,,,,,,,,2,"Arkansas, United States",US,USAR,,34.9513,-92.3809,AR,20260803041500,https://txktoday.com/news/texarkana-mobile-home-seller-sued-over-defective-house/
1316537910,20260803,202608,2026,2026.5836,BUS,BUSINESS,,,,,,BUS,,,,,,,,,,,,,1,020,020,02,1,3.0,5,1,5,-2.73224043715847,4,"Rogerstone, Newport, United Kingdom",UK,UKY6,40181,51.5931,-3.05306,-2606430,0,,,,,,,,4,"Rogerstone, Newport, United Kingdom",UK,UKY6,40181,51.5931,-3.05306,-2606430,20260803041500,https://www.southwalesargus.co.uk/news/26429836.jobs-risk-2-sisters-food-group-rogerstone-factory/
1316537911,20260803,202608,2026,2026.5836,BUS,INDUSTRY,,,,,,BUS,,,,,,,,,,,,,0,020,020,02,1,3.0,4,1,4,-3.3205619412516,2,"Oklahoma, United States",US,USOK,,35.5376,-96.9247,OK,0,,,,,,,,2,"Oklahoma, United States",US,USOK,,35.5376,-96.9247,OK,20260803041500,https://peakoil.com/publicpolicy/trump-predicted-an-oil-catastrophe-if-the-war-didnt-end-the-clock-is-ticking
1316537912,20260803,202608,2026,2026.5836,BUS,INDUSTRY,,,,,,BUS,,,,,,,,,,,,,1,071,071,07,2,7.4,5,1,5,1.64473684210527,5,"Uttar Pradesh, Uttar Pradesh, India",IN,IN36,17938,27.25,80.75,-2113996,0,,,,,,,,5,"Uttar Pradesh, Uttar Pradesh, India",IN,IN36,17938,27.25,80.75,-2113996,20260803041500,https://www.shippingtribune.com/news/shipping/INDIGENOUS+CONTAINER+MANUFACTURING
1316537913,20260803,202608,2026,2026.5836,BUS,COMPANY,,,,,,BUS,,,,,,,,,,,,,0,084,084,08,2,7.0,10,1,10,-3.48639455782312,1,Israel,IS,IS,,31.5,34.75,IS,0,,,,,,,,1,Israel,IS,IS,,31.5,34.75,IS,20260803041500,https://www.yourdemocracy.net.au/drupal/node/60675
1316537914,20260803,202608,2026,2026.5836,BUS,COMPANY,,,,,,BUS,,,,,,,,,,,,,0,120,120,12,3,-4.0,6,1,6,-6.42737896494157,2,"Arkansas, United States",US,USAR,,34.9513,-92.3809,AR,0,,,,,,,,2,"Arkansas, United States",US,USAR,,34.9513,-92.3809,AR,20260803041500,https://txktoday.com/news/texarkana-mobile-home-seller-sued-over-defective-house/
1316537915,20260803,202608,2026,2026.5836,BUS,COMPANY,,,,,,BUS,,,,,,,,,,,,,0,120,120,12,3,-4.0,4,1,4,-6.42737896494157,2,"Texas, United States",US,USTX,,31.106,-97.6475,TX,0,,,,,,,,2,"Texas, United States",US,USTX,,31.106,-97.6475,TX,20260803041500,https://txktoday.com/news/texarkana-mobile-home-seller-sued-over-defective-house/
1316537916,20260803,202608,2026,2026.5836,BUS,BUSINESS,,,,,,BUS,,,,,,,,,,,,,1,125,125,12,3,-5.0,2,1,2,-4.26136363636364,5,"Karnataka, Karnataka, India",IN,IN19,17688,13.5,76,-2099860,0,,,,,,,,5,"Tamil Nadu, Tamil Nadu, India",IN,IN25,70248,11,78,-2112557,20260803041500,https://www.newkerala.com/news/a/dmks-tiruchi-siva-moves-rule-267-notice-rajya-132.htm
1316537917,20260803,202608,2026,2026.5836,BUS,BUSINESS,,,,,,BUS,,,,,,,,,,,,,1,125,125,12,3,-5.0,2,1,2,-4.26136363636364,4,"Cauvery River, India (general), India",IN,IN00,70247,11.15,79.8667,-2100177,0,,,,,,,,4,"Cauvery River, India (general), India",IN,IN00,70247,11.15,79.8667,-2100177,20260803041500,https://www.newkerala.com/news/a/dmks-tiruchi-siva-moves-rule-267-notice-rajya-132.htm
1316537918,20260803,202608,2026,2026.5836,BUS,SUPERTANKER,,,,,,BUS,,,AFR,AFRICA,AFR,,,,,,,,1,043,043,04,1,2.8,10,1,10,-4.93506493506494,4,"Bab El-Mandeb, , Djibouti",DJ,DJ,,12.5833,43.35,-3189484,4,"Bab El-Mandeb, , Djibouti",DJ,DJ,,12.5833,43.35,-3189484,4,"Bab El-Mandeb, , Djibouti",DJ,DJ,,12.5833,43.35,-3189484,20260803041500,https://www.shippingtribune.com/news/shipping/Six+Saudi+Oil+Tankers+Reroute+Around+Africa+to+Dodge+Houthi+Threat
1316537919,20260803,202608,2026,2026.5836,BUS,COMPANIES,,,,,,BUS,,,COP,ARMED POLICE,,,,,,COP,,,0,153,153,15,4,-7.2,2,1,2,-0.99502487562189,4,"Bankipur, Bihar, India",IN,IN34,17632,25.6167,85.15,-2090237,4,"Bankipur, Bihar, India",IN,IN34,17632,25.6167,85.15,-2090237,4,"Bankipur, Bihar, India",IN,IN34,17632,25.6167,85.15,-2090237,20260803041500,https://economictimes.indiatimes.com/news/politics-and-nation/bankipur-election-results-2026-results-eci-gov-in-jan-suraajs-prashant-kishor-vs-bjps-neeraj-kumar-sinha-vs-rjds-rekha-gupta-who-is-winning/articleshow/132817266.cms
1316537920,20260803,202608,2026,2026.5836,BUS,COMPANIES,,,,,,BUS,,,COP,ARMED POLICE,,,,,,COP,,,0,153,153,15,4,-7.2,2,1,2,-0.99502487562189,4,"Bihar, Bihar, India",IN,IN34,17615,25.1833,85.5167,-2091797,4,"Bihar, Bihar, India",IN,IN34,17615,25.1833,85.5167,-2091797,4,"Bihar, Bihar, India",IN,IN34,17615,25.1833,85.5167,-2091797,20260803041500,https://economictimes.indiatimes.com/news/politics-and-nation/bankipur-election-results-2026-results-eci-gov-in-jan-suraajs-prashant-kishor-vs-bjps-neeraj-kumar-sinha-vs-rjds-rekha-gupta-who-is-winning/articleshow/132817266.cms
1316537921,20260803,202608,2026,2026.5836,BUS,TANKER,,,,,,BUS,,,EGY,EGYPT,EGY,,,,,,,,1,061,061,06,2,6.4,2,1,2,-4.93506493506494,4,"Sidi Kerir, Al Iskandariyah, Egypt",EG,EG06,61540,31.0892,29.5914,-303036,4,"Red Sea, Djibouti (general), Djibouti",DJ,DJ00,25312,19,39.5,-2037160,4,"Red Sea, Djibouti (general), Djibouti",DJ,DJ00,25312,19,39.5,-2037160,20260803041500,https://www.shippingtribune.com/news/shipping/Six+Saudi+Oil+Tankers+Reroute+Around+Africa+to+Dodge+Houthi+Threat
1316537922,20260803,202608,2026,2026.5836,BUS,COMPANIES,,,,,,BUS,,,IND,BIHAR,IND,,,,,,,,0,153,153,15,4,-7.2,1,1,1,-0.99502487562189,4,"Bankipur, Bihar, India",IN,IN34,17632,25.6167,85.15,-2090237,4,"Bankipur, Bihar, India",IN,IN34,17632,25.6167,85.15,-2090237,4,"Bankipur, Bihar, India",IN,IN34,17632,25.6167,85.15,-2090237,20260803041500,https://economictimes.indiatimes.com/news/politics-and-nation/bankipur-election-results-2026-results-eci-gov-in-jan-suraajs-prashant-kishor-vs-bjps-neeraj-kumar-sinha-vs-rjds-rekha-gupta-who-is-winning/articleshow/132817266.cms
1316537923,20260803,202608,2026,2026.5836,BUS,COMPANIES,,,,,,BUS,,,IND,BIHAR,IND,,,,,,,,0,153,153,15,4,-7.2,3,1,3,-0.99502487562189,4,"Bihar, Bihar, India",IN,IN34,17615,25.1833,85.5167,-2091797,4,"Bihar, Bihar, India",IN,IN34,17615,25.1833,85.5167,-2091797,4,"Bihar, Bihar, India",IN,IN34,17615,25.1833,85.5167,-2091797,20260803041500,https://economictimes.indiatimes.com/news/politics-and-nation/bankipur-election-results-2026-results-eci-gov-in-jan-suraajs-prashant-kishor-vs-bjps-neeraj-kumar-sinha-vs-rjds-rekha-gupta-who-is-winning/articleshow/132817266.cms
1316537924,20260803,202608,2026,2026.5836,BUS,COMPANIES,,,,,,BUS,,,IND,BIHAR,IND,,,,,,,,0,153,153,15,4,-7.2,2,1,2,-0.99502487562189,4,"Naubatpur, Bihar, India",IN,IN34,17619,25.5,84.9667,-2105883,4,"Naubatpur, Bihar, India",IN,IN34,17619,25.5,84.9667,-2105883,4,"Naubatpur, Bihar, India",IN,IN34,17619,25.5,84.9667,-2105883,20260803041500,https://economictimes.indiatimes.com/news/politics-and-nation/bankipur-election-results-2026-results-eci-gov-in-jan-suraajs-prashant-kishor-vs-bjps-neeraj-kumar-sinha-vs-rjds-rekha-gupta-who-is-winning/articleshow/132817266.cms
1316537925,20260803,202608,2026,2026.5836,BUS,INDUSTRY,,,,,,BUS,,,USA,UNITED STATES,USA,,,,,,,,0,020,020,02,1,3.0,6,1,6,-3.3205619412516,2,"Oklahoma, United States",US,USOK,,35.5376,-96.9247,OK,2,"Oklahoma, United States",US,USOK,,35.5376,-96.9247,OK,2,"Oklahoma, United States",US,USOK,,35.5376,-96.9247,OK,20260803041500,https://peakoil.com/publicpolicy/trump-predicted-an-oil-catastrophe-if-the-war-didnt-end-the-clock-is-ticking
1316537926,20260803,202608,2026,2026.5836,CAN,TORONTO,CAN,,,,,,,,NMR,NORTH AMERICA,NMR,,,,,,,,1,036,036,03,1,4.0,4,1,4,6.25,4,"Toronto, Ontario, Canada",CA,CA08,12686,43.6667,-79.4167,-574890,3,"Chicago, Illinois, United States",US,USIL,IL031,41.85,-87.6501,423587,3,"Chicago, Illinois, United States",US,USIL,IL031,41.85,-87.6501,423587,20260803041500,https://www.allkpop.com/article/2026/08/cortis-thrills-50000-fans-at-lollapalooza-chicago-kicks-off-north-american-tour
1316537927,20260803,202608,2026,2026.5836,CAN,CANADA,CAN,,,,,,,,USA,UNITED STATES,USA,,,,,,,,1,036,036,03,1,4.0,4,1,4,6.25,4,"Toronto, Ontario, Canada",CA,CA08,12686,43.6667,-79.4167,-574890,3,"Chicago, Illinois, United States",US,USIL,IL031,41.85,-87.6501,423587,3,"Chicago, Illinois, United States",US,USIL,IL031,41.85,-87.6501,423587,20260803041500,https://www.allkpop.com/article/2026/08/cortis-thrills-50000-fans-at-lollapalooza-chicago-kicks-off-north-american-tour
1316537928,20260803,202608,2026,2026.5836,CHN,CHINA,CHN,,,,,,,,,,,,,,,,,,1,020,020,02,1,3.0,2,1,2,6.92640692640693,5,"Anhui, Anhui, China",CH,CH01,12996,32,117,-1896677,0,,,,,,,,5,"Anhui, Anhui, China",CH,CH01,12996,32,117,-1896677,20260803041500,https://en.gmw.cn/2026-08/03/content_38923886.htm
1316537929,20260803,202608,2026,2026.5836,CHN,JIANGXI,CHN,,,,,,,,,,,,,,,,,,1,020,020,02,1,3.0,8,1,8,6.92640692640693,4,"Hefei, Anhui, China",CH,CH01,12998,31.8639,117.281,-1908634,0,,,,,,,,4,"Hefei, Anhui, China",CH,CH01,12998,31.8639,117.281,-1908634,20260803041500,https://en.gmw.cn/2026-08/03/content_38923886.htm
1316537930,20260803,202608,2026,2026.5836,CHN,CHINA,CHN,,,,,,,,,,,,,,,,,,1,061,061,06,2,6.4,7,2,7,-1.5516410645891,1,China,CH,CH,,35,105,CH,0,,,,,,,,1,China,CH,CH,,35,105,CH,20260803041500,https://investinglive.com/news/market-moving-news-for-asian-trading-on-3-august-oil-slumps-on-trump-s-iran-claims/
1316537931,20260803,202608,2026,2026.5836,CHN,CHINESE,CHN,,,,,,,,CVL,COMMUNITY,,,,,,CVL,,,1,042,042,04,1,1.9,2,1,2,2.15633423180593,4,"Beijing, Beijing, China",CH,CH22,13001,39.9289,116.388,-1898541,2,"Montana, United States",US,USMT,,46.9048,-110.326,MT,4,"Beijing, Beijing, China",CH,CH22,13001,39.9289,116.388,-1898541,20260803041500,http://www.bjreview.com/Opinion/Editorial/202607/t20260731_800443282.html
1316537932,20260803,202608,2026,2026.5836,CHN,CHINESE,CHN,,,,,,,,CVL,COMMUNITY,,,,,,CVL,,,1,042,042,04,1,1.9,2,1,2,2.15633423180593,4,"Beijing, Beijing, China",CH,CH22,13001,39.9289,116.388,-1898541,2,"Montana, United States",US,USMT,,46.9048,-110.326,MT,2,"Montana, United States",US,USMT,,46.9048,-110.326,MT,20260803041500,http://www.bjreview.com/Opinion/Editorial/202607/t20260731_800443282.html
1316537933,20260803,202608,2026,2026.5836,CHN,CHINESE,CHN,,,,,,,,MIL,MILITARY,,,,,,MIL,,,0,090,090,09,2,-2.0,13,1,10,2.01698513800425,4,"Beijing, Beijing, China",CH,CH22,13001,39.9289,116.388,-1898541,4,"Beijing, Beijing, China",CH,CH22,13001,39.9289,116.388,-1898541,4,"Beijing, Beijing, China",CH,CH22,13001,39.9289,116.388,-1898541,20260803041500,http://www.businessghana.com/site/news/politics/353253/Chinese-military-researchers-tap-US-AI-models-to-train-defence-systems
1316537934,20260803,202608,2026,2026.5836,CHN,CHINESE,CHN,,,,,,,,MIL,MILITARY,,,,,,MIL,,,0,090,090,09,2,-2.0,2,1,2,2.01698513800425,4,"Beijing, Beijing, China",CH,CH22,13001,39.9289,116.388,-1898541,3,"Jamestown, Washington, United States",US,USWA,WA009,48.1281,-123.087,1512329,3,"Jamestown, Washington, United States",US,USWA,WA009,48.1281,-123.087,1512329,20260803041500,http://www.businessghana.com/site/news/politics/353253/Chinese-military-researchers-tap-US-AI-models-to-train-defence-systems
1316537935,20260803,202608,2026,2026.5836,CHN,CHINA,CHN,,,,,,,,NGA,NIGERIAN,NGA,,,,,,,,1,051,051,05,1,3.4,3,1,3,1.46048109965636,4,"Niger Delta, Nigeria (general), Nigeria",NI,NI00,23074,4.83333,6,-2020890,4,"Yenagoa, Bayelsa, Nigeria",NI,NI52,191383,4.92472,6.26417,-2031706,4,"Niger Delta, Nigeria (general), Nigeria",NI,NI00,23074,4.83333,6,-2020890,20260803041500,https://www.thetidenewsonline.com/2026/08/jonathan-applauds-ncdmb-chinas-model-for-shaping-nigerias-local-content-policy/
1316537936,20260803,202608,2026,2026.5836,CHN,CHINA,CHN,,,,,,,,RUS,RUSSIA,RUS,,,,,,,,1,050,050,05,1,3.5,2,1,2,0.488997555012225,4,"Blagoveshchensk, Amurskaya Oblast', Russia",RS,RS05,25032,50.2667,127.533,-2886873,4,"Blagoveshchensk, Amurskaya Oblast', Russia",RS,RS05,25032,50.2667,127.533,-2886873,4,"Blagoveshchensk, Amurskaya Oblast', Russia",RS,RS05,25032,50.2667,127.533,-2886873,20260803041500,https://en.gmw.cn/2026-08/03/content_38923893.htm
1316537937,20260803,202608,2026,2026.5836,CHN,CHINA,CHN,,,,,,,,RUS,RUSSIA,RUS,,,,,,,,1,080,080,08,2,5.0,1,1,1,0.488997555012225,4,"Blagoveshchensk, Amurskaya Oblast', Russia",RS,RS05,25032,50.2667,127.533,-2886873,4,"Blagoveshchensk, Amurskaya Oblast', Russia",RS,RS05,25032,50.2667,127.533,-2886873,4,"Heihe, Heilongjiang, China",CH,CH08,25032,50.2667,127.467,-1908680,20260803041500,https://en.gmw.cn/2026-08/03/content_38923893.htm
1316537938,20260803,202608,2026,2026.5836,CHN,CHINA,CHN,,,,,,,,USA,UNITED STATES,USA,,,,,,,,1,016,016,01,1,-2.0,2,1,2,2.01698513800425,4,"Beijing, Beijing, China",CH,CH22,13001,39.9289,116.388,-1898541,4,"Beijing, Beijing, China",CH,CH22,13001,39.9289,116.388,-1898541,4,"Beijing, Beijing, China",CH,CH22,13001,39.9289,116.388,-1898541,20260803041500,http://www.businessghana.com/site/news/politics/353253/Chinese-military-researchers-tap-US-AI-models-to-train-defence-systems
1316537939,20260803,202608,2026,2026.5836,CHN,CHINA,CHN,,,,,,,,UZBGOV,SHAVKAT MIRZIYOYEV,UZB,,,,,GOV,,,0,046,046,04,1,7.0,2,1,2,1.90217391304348,4,"Tashkent, Toshkent Shahri, Uzbekistan",UZ,UZ13,37316,41.3167,69.25,-2579372,4,"Tashkent, Toshkent Shahri, Uzbekistan",UZ,UZ13,37316,41.3167,69.25,-2579372,4,"Tashkent, Toshkent Shahri, Uzbekistan",UZ,UZ13,37316,41.3167,69.25,-2579372,20260803041500,https://www.newkerala.com/news/a/uzbekistans-foreign-minister-bakhtiyor-saidov-arrives-new-delhi-326.htm
1316537940,20260803,202608,2026,2026.5836,CHNEDU,CHINA,CHN,,,,,EDU,,,CVL,COMMUNITY,,,,,,CVL,,,1,042,042,04,1,1.9,2,1,2,2.15633423180593,4,"Beijing, Beijing, China",CH,CH22,13001,39.9289,116.388,-1898541,2,"Montana, United States",US,USMT,,46.9048,-110.326,MT,4,"Beijing, Beijing, China",CH,CH22,13001,39.9289,116.388,-1898541,20260803041500,http://www.bjreview.com/Opinion/Editorial/202607/t20260731_800443282.html
1316537941,20260803,202608,2026,2026.5836,CHNEDU,CHINESE,CHN,,,,,EDU,,,CVL,COMMUNITY,,,,,,CVL,,,1,042,042,04,1,1.9,4,1,4,2.15633423180593,4,"Beijing, Beijing, China",CH,CH22,13001,39.9289,116.388,-1898541,2,"Montana, United States",US,USMT,,46.9048,-110.326,MT,2,"Montana, United States",US,USMT,,46.9048,-110.326,MT,20260803041500,http://www.bjreview.com/Opinion/Editorial/202607/t20260731_800443282.html
1316537942,20260803,202608,2026,2026.5836,CHNEDU,CHINA,CHN,,,,,EDU,,,MED,MEDIA,,,,,,MED,,,0,090,090,09,2,-2.0,5,1,5,2.01698513800425,4,"Beijing, Beijing, China",CH,CH22,13001,39.9289,116.388,-1898541,4,"Beijing, Beijing, China",CH,CH22,13001,39.9289,116.388,-1898541,4,"Beijing, Beijing, China",CH,CH22,13001,39.9289,116.388,-1898541,20260803041500,http://www.businessghana.com/site/news/politics/353253/Chinese-military-researchers-tap-US-AI-models-to-train-defence-systems
1316537943,20260803,202608,2026,2026.5836,CHNEDU,CHINESE,CHN,,,,,EDU,,,USA,MONTANA,USA,,,,,,,,1,042,042,04,1,1.9,6,1,6,2.15633423180593,4,"Beijing, Beijing, China",CH,CH22,13001,39.9289,116.388,-1898541,4,"Beijing, Beijing, China",CH,CH22,13001,39.9289,116.388,-1898541,4,"Beijing, Beijing, China",CH,CH22,13001,39.9289,116.388,-1898541,20260803041500,http://www.bjreview.com/Opinion/Editorial/202607/t20260731_800443282.html
1316537944,20260803,202608,2026,2026.5836,CHR,CHRISTIAN,,,,CHR,,,,,,,,,,,,,,,1,020,020,02,1,3.0,10,1,10,2.96846011131725,4,"Bad Blankenburg, Thün, Germany",GM,GM15,16563,50.6833,11.2667,-1743046,0,,,,,,,,4,"Bad Blankenburg, Thün, Germany",GM,GM15,16563,50.6833,11.2667,-1743046,20260803041500,https://www.christiandaily.com/news/evangelical-alliance-in-germany-marks-historic-legacy-with-renewed-call-for-peacebuilding
1316537945,20260803,202608,2026,2026.5836,CHR,CHRISTIAN,,,,CHR,,,,,,,,,,,,,,,1,051,051,05,1,3.4,5,1,5,-5.13307984790875,0,,,,,,,,0,,,,,,,,0,,,,,,,,20260803041500,https://www.timesfreepress.com/news/2026/aug/02/readers-respond-politics-dont-belong-at-pulpit-in/
1316537946,20260803,202608,2026,2026.5836,CHR,CHRISTIAN,,,,CHR,,,,,,,,,,,,,,,0,071,071,07,2,7.4,5,1,5,2.96846011131725,4,"Bad Blankenburg, Thün, Germany",GM,GM15,16563,50.6833,11.2667,-1743046,0,,,,,,,,4,"Bad Blankenburg, Thün, Germany",GM,GM15,16563,50.6833,11.2667,-1743046,20260803041500,https://www.christiandaily.com/news/evangelical-alliance-in-germany-marks-historic-legacy-with-renewed-call-for-peacebuilding
1316537947,20260803,202608,2026,2026.5836,CHRPRO907,CALVARY CHAPEL,,,,CHR,PRO,,,,,,,,,,,,,,1,111,111,11,3,-2.0,5,1,5,-5.13307984790875,0,,,,,,,,0,,,,,,,,0,,,,,,,,20260803041500,https://www.timesfreepress.com/news/2026/aug/02/readers-respond-politics-dont-belong-at-pulpit-in/
1316537948,20260803,202608,2026,2026.5836,COP,DEPUTY,,,,,,COP,,,BUS,BANK,,,,,,BUS,,,0,051,051,05,1,3.4,10,1,10,3.23275862068966,4,"Accra, Greater Accra, Ghana",GH,GH01,190655,5.55,-0.216667,-2067935,4,"Accra, Greater Accra, Ghana",GH,GH01,190655,5.55,-0.216667,-2067935,4,"Accra, Greater Accra, Ghana",GH,GH01,190655,5.55,-0.216667,-2067935,20260803041500,"http://www.businessghana.com/site/news/business/353211/Access-Bank,-UNFPA-partner-to-eliminate-obstetric-fistula"
1316537949,20260803,202608,2026,2026.5836,COP,DEPUTY,,,,,,COP,,,GHA,GHANA,GHA,,,,,,,,0,010,010,01,1,0.0,10,1,10,3.23275862068966,4,"Accra, Greater Accra, Ghana",GH,GH01,190655,5.55,-0.216667,-2067935,4,"Accra, Greater Accra, Ghana",GH,GH01,190655,5.55,-0.216667,-2067935,4,"Accra, Greater Accra, Ghana",GH,GH01,190655,5.55,-0.216667,-2067935,20260803041500,"http://www.businessghana.com/site/news/business/353211/Access-Bank,-UNFPA-partner-to-eliminate-obstetric-fistula"
1316537950,20260803,202608,2026,2026.5836,COP,POLICE,,,,,,COP,,,GOV,PRINCE,,,,,,GOV,,,1,042,042,04,1,1.9,5,1,5,-6.89655172413793,0,,,,,,,,0,,,,,,,,0,,,,,,,,20260803041500,https://www.eadt.co.uk/news/26429923.everything-know-suspected-explosion-ipswich/
1316537951,20260803,202608,2026,2026.5836,COP,PRISON,,,,,,COP,,,LKA,SRI LANKA,LKA,,,,,,,,1,010,010,01,1,0.0,4,1,4,-7.69230769230769,4,"Mahara Prison, Western, Sri Lanka",CE,CE36,25852,7.0247,79.9363,10879681,4,"Mahara Prison, Western, Sri Lanka",CE,CE36,25852,7.0247,79.9363,10879681,4,"Mahara Prison, Western, Sri Lanka",CE,CE36,25852,7.0247,79.9363,10879681,20260803041500,https://www.dailymirror.lk/breaking-news/Mahara-Prison-situation-brought-under-control-104-inmates-transferred/108-347185
1316537952,20260803,202608,2026,2026.5836,COP,POLICE,,,,,,COP,,,PNG,EAST NEW BRITAIN,PNG,,,,,,,,1,010,010,01,1,0.0,10,1,10,-3.20987654320987,0,,,,,,,,0,,,,,,,,0,,,,,,,,20260803041500,https://www.thenational.com.pg/autopsies-reveal-drowning-as-cause-of-death-for-13/
1316537953,20260803,202608,2026,2026.5836,COP,POLICE,,,,,,COP,,,PNG,EAST NEW BRITAIN,PNG,,,,,,,,1,051,051,05,1,3.4,10,1,10,-3.20987654320987,0,,,,,,,,0,,,,,,,,0,,,,,,,,20260803041500,https://www.thenational.com.pg/autopsies-reveal-drowning-as-cause-of-death-for-13/
1316537954,20260803,202608,2026,2026.5836,COP,POLICE FORCE,,,,,,COP,,,PSEREB,HAMAS,PSE,,,,,REB,,,0,090,090,09,2,-2.0,1,1,1,-1.80520570948782,4,"Doha, Ad Daw?ah, Qatar",QA,QA01,25307,25.2867,51.5333,-785169,4,"Gaza, Israel (general), Israel",IS,IS00,18315,31.4167,34.3333,-797156,4,"Gaza, Israel (general), Israel",IS,IS00,18315,31.4167,34.3333,-797156,20260803041500,https://taylorvilledailynews.com/local-news/srn-us-news/a2e0679d5f75f3e019cea24e68b1c7e2
1316537955,20260803,202608,2026,2026.5836,COP,POLICE FORCE,,,,,,COP,,,PSEREB,HAMAS,PSE,,,,,REB,,,0,090,090,09,2,-2.0,4,1,4,-1.80520570948782,4,"Gaza, Israel (general), Israel",IS,IS00,18315,31.4167,34.3333,-797156,4,"Gaza, Israel (general), Israel",IS,IS00,18315,31.4167,34.3333,-797156,4,"Gaza, Israel (general), Israel",IS,IS00,18315,31.4167,34.3333,-797156,20260803041500,https://taylorvilledailynews.com/local-news/srn-us-news/a2e0679d5f75f3e019cea24e68b1c7e2
1316537956,20260803,202608,2026,2026.5836,CRM,PIRATE,,,,,,CRM,,,,,,,,,,,,,1,042,042,04,1,1.9,10,1,10,-1.62337662337662,3,"Kansas City, Kansas, United States",US,USKS,KS209,39.1142,-94.6275,478635,0,,,,,,,,3,"Kansas City, Kansas, United States",US,USKS,,39.1142,-94.6275,478635,20260803041500,https://hayspost.com/posts/4466738d-19a6-4d73-ad98-708cb2925655
1316537957,20260803,202608,2026,2026.5836,CRM,CRIMINAL,,,,,,CRM,,,,,,,,,,,,,1,130,130,13,3,-4.4,10,1,10,-6.89655172413793,0,,,,,,,,0,,,,,,,,0,,,,,,,,20260803041500,https://www.eadt.co.uk/news/26429923.everything-know-suspected-explosion-ipswich/
1316537958,20260803,202608,2026,2026.5836,CVL,RESIDENTS,,,,,,CVL,,,,,,,,,,,,,1,014,014,01,1,0.0,10,1,10,1.76470588235295,2,"Michigan, United States",US,USMI,,43.3504,-84.5603,MI,0,,,,,,,,2,"Michigan, United States",US,USMI,,43.3504,-84.5603,MI,20260803041500,https://www.wilx.com/2026/08/03/city-lansing-early-voting-continues-through-monday-michigan-ag-outlines-voter-rights-ahead-primary/
1316537959,20260803,202608,2026,2026.5836,CVL,COMMUNITY,,,,,,CVL,,,,,,,,,,,,,0,051,051,05,1,3.4,2,1,2,-2.40480961923848,4,"Adentan, Ghana (general), Ghana",GH,GH00,190653,5.69946,-0.166467,-2068132,0,,,,,,,,4,"Adentan, Ghana (general), Ghana",GH,GH00,190653,5.69946,-0.166467,-2068132,20260803041500,http://www.businessghana.com/site/news/general/353192/Stop-burning-waste-to-protect-public-health-%E2%80%93-Experts
1316537960,20260803,202608,2026,2026.5836,CVL,VILLAGE,,,,,,CVL,,,,,,,,,,,,,1,073,073,07,2,7.4,10,1,10,-2.25563909774436,0,,,,,,,,0,,,,,,,,0,,,,,,,,20260803041500,https://www.thenational.com.pg/farmer-loses-thousands-after-fish-die-in-drought/
1316537961,20260803,202608,2026,2026.5836,CVL,COMMUNITY,,,,,,CVL,,,CHN,CHINESE,CHN,,,,,,,,1,043,043,04,1,2.8,2,1,2,2.15633423180593,2,"Montana, United States",US,USMT,,46.9048,-110.326,MT,4,"Beijing, Beijing, China",CH,CH22,13001,39.9289,116.388,-1898541,4,"Beijing, Beijing, China",CH,CH22,13001,39.9289,116.388,-1898541,20260803041500,http://www.bjreview.com/Opinion/Editorial/202607/t20260731_800443282.html
1316537962,20260803,202608,2026,2026.5836,CVL,COMMUNITY,,,,,,CVL,,,CHN,CHINESE,CHN,,,,,,,,1,043,043,04,1,2.8,2,1,2,2.15633423180593,2,"Montana, United States",US,USMT,,46.9048,-110.326,MT,4,"Beijing, Beijing, China",CH,CH22,13001,39.9289,116.388,-1898541,2,"Montana, United States",US,USMT,,46.9048,-110.326,MT,20260803041500,http://www.bjreview.com/Opinion/Editorial/202607/t20260731_800443282.html
1316537963,20260803,202608,2026,2026.5836,CVL,COMMUNITY,,,,,,CVL,,,CHNEDU,CHINA,CHN,,,,,EDU,,,1,043,043,04,1,2.8,2,1,2,2.15633423180593,2,"Montana, United States",US,USMT,,46.9048,-110.326,MT,4,"Beijing, Beijing, China",CH,CH22,13001,39.9289,116.388,-1898541,4,"Beijing, Beijing, China",CH,CH22,13001,39.9289,116.388,-1898541,20260803041500,http://www.bjreview.com/Opinion/Editorial/202607/t20260731_800443282.html
1316537964,20260803,202608,2026,2026.5836,CVL,COMMUNITY,,,,,,CVL,,,CHNEDU,CHINESE,CHN,,,,,EDU,,,1,043,043,04,1,2.8,4,1,4,2.15633423180593,2,"Montana, United States",US,USMT,,46.9048,-110.326,MT,4,"Beijing, Beijing, China",CH,CH22,13001,39.9289,116.388,-1898541,2,"Montana, United States",US,USMT,,46.9048,-110.326,MT,20260803041500,http://www.bjreview.com/Opinion/Editorial/202607/t20260731_800443282.html
1316537965,20260803,202608,2026,2026.5836,CVL,CIVIL SOCIETY,,,,,,CVL,,,EDU,STUDENT,,,,,,EDU,,,1,045,045,04,1,5.0,5,1,5,0.45977011494253,4,"Sunyani, Brong-Ahafo, Ghana",GH,GH03,190630,7.33991,-2.32676,-2079053,4,"Sunyani, Brong-Ahafo, Ghana",GH,GH03,190630,7.33991,-2.32676,-2079053,4,"Sunyani, Brong-Ahafo, Ghana",GH,GH03,190630,7.33991,-2.32676,-2079053,20260803041500,http://www.businessghana.com/site/news/general/353191/Govt-backs-school-heads-to-enforce-discipline-in-SHSs
1316537966,20260803,202608,2026,2026.5836,CVL,COMMUNITY,,,,,,CVL,,,EDU,SCHOOL,,,,,,EDU,,,0,051,051,05,1,3.4,2,1,2,-2.40480961923848,4,"Adentan, Ghana (general), Ghana",GH,GH00,190653,5.69946,-0.166467,-2068132,4,"Adentan, Ghana (general), Ghana",GH,GH00,190653,5.69946,-0.166467,-2068132,4,"Adentan, Ghana (general), Ghana",GH,GH00,190653,5.69946,-0.166467,-2068132,20260803041500,http://www.businessghana.com/site/news/general/353192/Stop-burning-waste-to-protect-public-health-%E2%80%93-Experts
1316537967,20260803,202608,2026,2026.5836,CVL,COMMUNITY,,,,,,CVL,,,GHA,GHANA,GHA,,,,,,,,0,051,051,05,1,3.4,6,1,6,-2.40480961923848,4,"Adentan, Ghana (general), Ghana",GH,GH00,190653,5.69946,-0.166467,-2068132,4,"Adentan, Ghana (general), Ghana",GH,GH00,190653,5.69946,-0.166467,-2068132,4,"Adentan, Ghana (general), Ghana",GH,GH00,190653,5.69946,-0.166467,-2068132,20260803041500,http://www.businessghana.com/site/news/general/353192/Stop-burning-waste-to-protect-public-health-%E2%80%93-Experts
1316537968,20260803,202608,2026,2026.5836,CVL,CITIZEN,,,,,,CVL,,,UAF,GUNMAN,,,,,,UAF,,,1,051,051,05,1,3.4,4,1,4,-7.44047619047619,3,"Nampa, Idaho, United States",US,USID,ID027,43.5407,-116.563,396943,3,"Nampa, Idaho, United States",US,USID,ID027,43.5407,-116.563,396943,3,"Nampa, Idaho, United States",US,USID,ID027,43.5407,-116.563,396943,20260803041500,https://www.wrganews.com/2026/08/02/off-duty-trooper-and-armed-citizen-hailed-as-heroes-after-returning-fire-on-in-n-out-gunman/
1316537969,20260803,202608,2026,2026.5836,CVL,CITIZEN,,,,,,CVL,,,UAF,GUNMAN,,,,,,UAF,,,1,051,051,05,1,3.4,6,1,6,-7.44047619047619,3,"Nampa, Idaho, United States",US,USID,ID027,43.5407,-116.563,396943,2,"Idaho, United States",US,USID,,44.2394,-114.51,ID,3,"Nampa, Idaho, United States",US,USID,ID027,43.5407,-116.563,396943,20260803041500,https://www.wrganews.com/2026/08/02/off-duty-trooper-and-armed-citizen-hailed-as-heroes-after-returning-fire-on-in-n-out-gunman/
1316537970,20260803,202608,2026,2026.5836,CVL,COMMUNITY,,,,,,CVL,,,USA,ARKANSAS,USA,,,,,,,,0,010,010,01,1,0.0,1,1,1,-3.33543108873505,2,"Arkansas, United States",US,USAR,,34.9513,-92.3809,AR,2,"Arkansas, United States",US,USAR,,34.9513,-92.3809,AR,2,"Arkansas, United States",US,USAR,,34.9513,-92.3809,AR,20260803041500,https://www.express.co.uk/news/us/2235372/inside-arkansas-white-only-community-eric-orwoll-european-identity
1316537971,20260803,202608,2026,2026.5836,CVL,COMMUNITY,,,,,,CVL,,,USA,ARKANSAS,USA,,,,,,,,0,010,010,01,1,0.0,1,1,1,-3.33543108873505,1,Germany,GM,GM,,51.5,10.5,GM,1,Germany,GM,GM,,51.5,10.5,GM,1,Germany,GM,GM,,51.5,10.5,GM,20260803041500,https://www.express.co.uk/news/us/2235372/inside-arkansas-white-only-community-eric-orwoll-european-identity
1316537972,20260803,202608,2026,2026.5836,CVL,VOTER,,,,,,CVL,,,USA,UNITED STATES,USA,,,,,,,,1,020,020,02,1,3.0,1,1,1,1.76470588235295,2,"Michigan, United States",US,USMI,,43.3504,-84.5603,MI,2,"Michigan, United States",US,USMI,,43.3504,-84.5603,MI,2,"Michigan, United States",US,USMI,,43.3504,-84.5603,MI,20260803041500,https://www.wilx.com/2026/08/03/city-lansing-early-voting-continues-through-monday-michigan-ag-outlines-voter-rights-ahead-primary/
1316537973,20260803,202608,2026,2026.5836,CVL,COMMUNITY,,,,,,CVL,,,USA,UNITED STATES,USA,,,,,,,,0,040,040,04,1,1.0,1,1,1,-3.33543108873505,2,"Arkansas, United States",US,USAR,,34.9513,-92.3809,AR,2,"Arkansas, United States",US,USAR,,34.9513,-92.3809,AR,2,"Arkansas, United States",US,USAR,,34.9513,-92.3809,AR,20260803041500,https://www.express.co.uk/news/us/2235372/inside-arkansas-white-only-community-eric-orwoll-european-identity
1316537974,20260803,202608,2026,2026.5836,CVL,COMMUNITY,,,,,,CVL,,,USA,UNITED STATES,USA,,,,,,,,0,040,040,04,1,1.0,1,1,1,-3.33543108873505,1,Germany,GM,GM,,51.5,10.5,GM,2,"Arkansas, United States",US,USAR,,34.9513,-92.3809,AR,2,"Arkansas, United States",US,USAR,,34.9513,-92.3809,AR,20260803041500,https://www.express.co.uk/news/us/2235372/inside-arkansas-white-only-community-eric-orwoll-european-identity
1316537975,20260803,202608,2026,2026.5836,CVL,SETTLEMENT,,,,,,CVL,,,USA,UNITED STATES,USA,,,,,,,,0,112,112,11,3,-2.0,4,1,4,-7.73381294964029,3,"Washington, District of Columbia, United States",US,USDC,DC001,38.8951,-77.0364,531871,3,"Washington, District of Columbia, United States",US,USDC,DC001,38.8951,-77.0364,531871,3,"Washington, District of Columbia, United States",US,USDC,DC001,38.8951,-77.0364,531871,20260803041500,https://www.wnd.com/2026/08/pure-hell-sen-bernie-moreno-says-ex-son/
1316537976,20260803,202608,2026,2026.5836,CVL,COMMUNITY,,,,,,CVL,,,USA,UNITED STATES,USA,,,,,,,,0,186,186,18,4,-10.0,1,1,1,-3.33543108873505,2,"Arkansas, United States",US,USAR,,34.9513,-92.3809,AR,2,"Arkansas, United States",US,USAR,,34.9513,-92.3809,AR,2,"Arkansas, United States",US,USAR,,34.9513,-92.3809,AR,20260803041500,https://www.express.co.uk/news/us/2235372/inside-arkansas-white-only-community-eric-orwoll-european-identity
1316537977,20260803,202608,2026,2026.5836,CVL,COMMUNITY,,,,,,CVL,,,USA,UNITED STATES,USA,,,,,,,,0,186,186,18,4,-10.0,1,1,1,-3.33543108873505,1,Germany,GM,GM,,51.5,10.5,GM,2,"Arkansas, United States",US,USAR,,34.9513,-92.3809,AR,1,Germany,GM,GM,,51.5,10.5,GM,20260803041500,https://www.express.co.uk/news/us/2235372/inside-arkansas-white-only-community-eric-orwoll-european-identity
1316537978,20260803,202608,2026,2026.5836,CVL,VOTER,,,,,,CVL,,,USAGOV,UNITED STATES,USA,,,,,GOV,,,1,020,020,02,1,3.0,1,1,1,1.76470588235295,2,"Michigan, United States",US,USMI,,43.3504,-84.5603,MI,2,"Michigan, United States",US,USMI,,43.3504,-84.5603,MI,2,"Michigan, United States",US,USMI,,43.3504,-84.5603,MI,20260803041500,https://www.wilx.com/2026/08/03/city-lansing-early-voting-continues-through-monday-michigan-ag-outlines-voter-rights-ahead-primary/
1316537979,20260803,202608,2026,2026.5836,CVL,RESIDENTS,,,,,,CVL,,,USAMED,REUTERS,USA,,,,,MED,,,0,042,042,04,1,1.9,5,1,5,-3.82513661202186,4,"Fnideq, Tanger-Téuan, Morocco",MO,MO57,21787,35.8519,-5.35702,-32977,4,"Fnideq, Tanger-Téuan, Morocco",MO,MO57,21787,35.8519,-5.35702,-32977,4,"Fnideq, Tanger-Téuan, Morocco",MO,MO57,21787,35.8519,-5.35702,-32977,20260803041500,https://www.christiandaily.com/news/evangelical-pastor-in-ceuta-calls-for-prayer-as-death-toll-climbs-and-migrants-turn-back
1316537980,20260803,202608,2026,2026.5836,DEU,GERMANY,DEU,,,,,,,,,,,,,,,,,,1,020,020,02,1,3.0,10,1,10,2.96846011131725,4,"Bad Blankenburg, Thün, Germany",GM,GM15,16563,50.6833,11.2667,-1743046,0,,,,,,,,4,"Bad Blankenburg, Thün, Germany",GM,GM15,16563,50.6833,11.2667,-1743046,20260803041500,https://www.christiandaily.com/news/evangelical-alliance-in-germany-marks-historic-legacy-with-renewed-call-for-peacebuilding
1316537981,20260803,202608,2026,2026.5836,DEU,GERMANY,DEU,,,,,,,,,,,,,,,,,,1,027,027,02,1,4.0,10,1,10,2.96846011131725,4,"Bad Blankenburg, Thün, Germany",GM,GM15,16563,50.6833,11.2667,-1743046,0,,,,,,,,4,"Bad Blankenburg, Thün, Germany",GM,GM15,16563,50.6833,11.2667,-1743046,20260803041500,https://www.christiandaily.com/news/evangelical-alliance-in-germany-marks-historic-legacy-with-renewed-call-for-peacebuilding
1316537982,20260803,202608,2026,2026.5836,DEU,GERMANY,DEU,,,,,,,,,,,,,,,,,,1,051,051,05,1,3.4,10,1,10,2.96846011131725,4,"Bad Blankenburg, Thün, Germany",GM,GM15,16563,50.6833,11.2667,-1743046,0,,,,,,,,4,"Bad Blankenburg, Thün, Germany",GM,GM15,16563,50.6833,11.2667,-1743046,20260803041500,https://www.christiandaily.com/news/evangelical-alliance-in-germany-marks-historic-legacy-with-renewed-call-for-peacebuilding
1316537983,20260803,202608,2026,2026.5836,DEU,GERMANY,DEU,,,,,,,,EUR,EUROPE,EUR,,,,,,,,1,110,110,11,3,-2.0,2,1,2,2.96846011131725,4,"Bad Blankenburg, Thün, Germany",GM,GM15,16563,50.6833,11.2667,-1743046,4,"Bad Blankenburg, Thün, Germany",GM,GM15,16563,50.6833,11.2667,-1743046,4,"Bad Blankenburg, Thün, Germany",GM,GM15,16563,50.6833,11.2667,-1743046,20260803041500,https://www.christiandaily.com/news/evangelical-alliance-in-germany-marks-historic-legacy-with-renewed-call-for-peacebuilding
1316537984,20260803,202608,2026,2026.5836,EDU,COLLEGE,,,,,,EDU,,,,,,,,,,,,,0,015,015,01,1,0.0,10,1,10,-5.67164179104478,0,,,,,,,,0,,,,,,,,0,,,,,,,,20260803041500,https://www.southwalesargus.co.uk/news/26425356.court-newport-pontypool-brynmawr-caerphilly/
1316537985,20260803,202608,2026,2026.5836,EDU,SCHOOL,,,,,,EDU,,,,,,,,,,,,,1,042,042,04,1,1.9,10,1,10,0.45977011494253,4,"Sunyani, Brong-Ahafo, Ghana",GH,GH03,190630,7.33991,-2.32676,-2079053,0,,,,,,,,4,"Sunyani, Brong-Ahafo, Ghana",GH,GH03,190630,7.33991,-2.32676,-2079053,20260803041500,http://www.businessghana.com/site/news/general/353191/Govt-backs-school-heads-to-enforce-discipline-in-SHSs
1316537986,20260803,202608,2026,2026.5836,EDU,SCHOOL,,,,,,EDU,,,,,,,,,,,,,1,046,046,04,1,7.0,2,1,2,0.45977011494253,4,"Sunyani, Brong-Ahafo, Ghana",GH,GH03,190630,7.33991,-2.32676,-2079053,0,,,,,,,,4,"Sunyani, Brong-Ahafo, Ghana",GH,GH03,190630,7.33991,-2.32676,-2079053,20260803041500,http://www.businessghana.com/site/news/general/353191/Govt-backs-school-heads-to-enforce-discipline-in-SHSs
1316537987,20260803,202608,2026,2026.5836,EDU,PUPIL,,,,,,EDU,,,,,,,,,,,,,0,057,057,05,1,8.0,5,1,5,-4.39276485788113,4,"New Delhi, Delhi, India",IN,IN07,17911,28.6,77.2,-2106102,0,,,,,,,,4,"New Delhi, Delhi, India",IN,IN07,17911,28.6,77.2,-2106102,20260803041500,https://www.newkerala.com/news/a/ncb-flags-rising-chemsex-trend-among-youth-urges-121.htm
1316537988,20260803,202608,2026,2026.5836,EDU,STUDENT,,,,,,EDU,,,,,,,,,,,,,1,0862,086,08,2,9.0,5,1,5,1.82815356489945,2,"New York, United States",US,USNY,,42.1497,-74.9384,NY,0,,,,,,,,2,"New York, United States",US,USNY,,42.1497,-74.9384,NY,20260803041500,https://playbill.com/job/tya-92ny-annie/b6e7263f-a8f3-4c46-bfe2-d82d137f4551
1316537989,20260803,202608,2026,2026.5836,EDU,SCHOOL,,,,,,EDU,,,GHA,GHANA,GHA,,,,,,,,1,046,046,04,1,7.0,4,1,4,0.45977011494253,4,"Sunyani, Brong-Ahafo, Ghana",GH,GH03,190630,7.33991,-2.32676,-2079053,4,"Sunyani, Brong-Ahafo, Ghana",GH,GH03,190630,7.33991,-2.32676,-2079053,4,"Sunyani, Brong-Ahafo, Ghana",GH,GH03,190630,7.33991,-2.32676,-2079053,20260803041500,http://www.businessghana.com/site/news/general/353191/Govt-backs-school-heads-to-enforce-discipline-in-SHSs
1316537990,20260803,202608,2026,2026.5836,EDU,UNIVERSITY,,,,,,EDU,,,GOV,CHANCELLOR,,,,,,GOV,,,1,012,012,01,1,-0.4,5,1,5,1.2012012012012,0,,,,,,,,0,,,,,,,,0,,,,,,,,20260803041500,https://www.thetidenewsonline.com/2026/08/uniport-set-to-review-varsitys-revenue-generation-framework/
1316537991,20260803,202608,2026,2026.5836,EDU,SCHOOL,,,,,,EDU,,,MED,WEBSITE,,,,,,MED,,,0,043,043,04,1,2.8,10,1,10,1.84049079754601,0,,,,,,,,0,,,,,,,,0,,,,,,,,20260803041500,https://www.whio.com/news/local/kids-given-free-haircuts-school-supplies-bts-bash-montgomery-co/ALL3VRKRDNDSPAZJPRGDJUEO5Q/
1316537992,20260803,202608,2026,2026.5836,EDU,UNIVERSITY,,,,,,EDU,,,PHL,PHILIPPINE,PHL,,,,,,,,1,010,010,01,1,0.0,2,1,2,5.29411764705882,1,Philippines,RP,RP,,13,122,RP,1,Philippines,RP,RP,,13,122,RP,1,Philippines,RP,RP,,13,122,RP,20260803041500,https://canadianinquirer.net/2026/08/03/pagsasama-empowers-filipino-canadian-artists/
1316537993,20260803,202608,2026,2026.5836,EDUGOV,SCHOOL,,,,,,EDU,GOV,,EDU,SCHOOL,,,,,,EDU,,,1,071,071,07,2,7.4,10,1,10,1.89274447949527,0,,,,,,,,0,,,,,,,,0,,,,,,,,20260803041500,https://www.thenational.com.pg/k3-3-million-for-institutions-in-15-council-wards/
1316537994,20260803,202608,2026,2026.5836,EGY,EGYPT,EGY,,,,,,,,,,,,,,,,,,0,154,154,15,4,-7.2,2,1,2,-1.80520570948782,4,"Cairo, Al Qahirah, Egypt",EG,EG11,65350,30.05,31.25,-290692,0,,,,,,,,4,"Gaza, Israel (general), Israel",IS,IS00,18315,31.4167,34.3333,-797156,20260803041500,https://taylorvilledailynews.com/local-news/srn-us-news/a2e0679d5f75f3e019cea24e68b1c7e2
1316537995,20260803,202608,2026,2026.5836,EGY,EGYPTIAN,EGY,,,,,,,,ISR,ISRAEL,ISR,,,,,,,,0,040,040,04,1,1.0,2,1,2,-1.80520570948782,4,"Cairo, Al Qahirah, Egypt",EG,EG11,65350,30.05,31.25,-290692,4,"Gaza, Israel (general), Israel",IS,IS00,18315,31.4167,34.3333,-797156,4,"Gaza, Israel (general), Israel",IS,IS00,18315,31.4167,34.3333,-797156,20260803041500,https://taylorvilledailynews.com/local-news/srn-us-news/a2e0679d5f75f3e019cea24e68b1c7e2
1316537996,20260803,202608,2026,2026.5836,EGY,EGYPTIAN,EGY,,,,,,,,ISR,ISRAEL,ISR,,,,,,,,0,040,040,04,1,1.0,2,1,2,-1.80520570948782,4,"Gaza, Israel (general), Israel",IS,IS00,18315,31.4167,34.3333,-797156,4,"Gaza, Israel (general), Israel",IS,IS00,18315,31.4167,34.3333,-797156,4,"Cairo, Al Qahirah, Egypt",EG,EG11,65350,30.05,31.25,-290692,20260803041500,https://taylorvilledailynews.com/local-news/srn-us-news/a2e0679d5f75f3e019cea24e68b1c7e2
1316537997,20260803,202608,2026,2026.5836,EGY,EGYPT,EGY,,,,,,,,MED,MEDIA,,,,,,MED,,,0,013,013,01,1,0.4,1,1,1,-1.80520570948782,4,"Cairo, Al Qahirah, Egypt",EG,EG11,65350,30.05,31.25,-290692,4,"Cairo, Al Qahirah, Egypt",EG,EG11,65350,30.05,31.25,-290692,4,"Cairo, Al Qahirah, Egypt",EG,EG11,65350,30.05,31.25,-290692,20260803041500,https://taylorvilledailynews.com/local-news/srn-us-news/a2e0679d5f75f3e019cea24e68b1c7e2
1316537998,20260803,202608,2026,2026.5836,EGY,EGYPTIAN,EGY,,,,,,,,MED,MEDIA,,,,,,MED,,,0,013,013,01,1,0.4,1,1,1,-1.80520570948782,4,"Cairo, Al Qahirah, Egypt",EG,EG11,65350,30.05,31.25,-290692,4,"Gaza, Israel (general), Israel",IS,IS00,18315,31.4167,34.3333,-797156,4,"Gaza, Israel (general), Israel",IS,IS00,18315,31.4167,34.3333,-797156,20260803041500,https://taylorvilledailynews.com/local-news/srn-us-news/a2e0679d5f75f3e019cea24e68b1c7e2
1316537999,20260803,202608,2026,2026.5836,EGY,EGYPT,EGY,,,,,,,,MED,MEDIA,,,,,,MED,,,0,013,013,01,1,0.4,1,1,1,-1.80520570948782,4,"Cairo, Al Qahirah, Egypt",EG,EG11,65350,30.05,31.25,-290692,3,"Washington, District of Columbia, United States",US,USDC,DC001,38.8951,-77.0364,531871,4,"Cairo, Al Qahirah, Egypt",EG,EG11,65350,30.05,31.25,-290692,20260803041500,https://taylorvilledailynews.com/local-news/srn-us-news/a2e0679d5f75f3e019cea24e68b1c7e2
1316538000,20260803,202608,2026,2026.5836,EGYGOV,EGYPT,EGY,,,,,GOV,,,ISR,ISRAEL,ISR,,,,,,,,0,040,040,04,1,1.0,2,1,2,-1.80520570948782,4,"Cairo, Al Qahirah, Egypt",EG,EG11,65350,30.05,31.25,-290692,4,"Gaza, Israel (general), Israel",IS,IS00,18315,31.4167,34.3333,-797156,4,"Cairo, Al Qahirah, Egypt",EG,EG11,65350,30.05,31.25,-290692,20260803041500,https://taylorvilledailynews.com/local-news/srn-us-news/a2e0679d5f75f3e019cea24e68b1c7e2
1316538001,20260803,202608,2026,2026.5836,EGYGOV,EGYPTIAN,EGY,,,,,GOV,,,PSE,GAZA,PSE,,,,,,,,0,040,040,04,1,1.0,1,1,1,-1.80520570948782,4,"Cairo, Al Qahirah, Egypt",EG,EG11,65350,30.05,31.25,-290692,4,"Gaza, Israel (general), Israel",IS,IS00,18315,31.4167,34.3333,-797156,4,"Cairo, Al Qahirah, Egypt",EG,EG11,65350,30.05,31.25,-290692,20260803041500,https://taylorvilledailynews.com/local-news/srn-us-news/a2e0679d5f75f3e019cea24e68b1c7e2
1316538002,20260803,202608,2026,2026.5836,EGYOPP,EGYPT,EGY,,,,,OPP,,,MED,MEDIA,,,,,,MED,,,0,013,013,01,1,0.4,2,1,2,-1.80520570948782,4,"Cairo, Al Qahirah, Egypt",EG,EG11,65350,30.05,31.25,-290692,4,"Cairo, Al Qahirah, Egypt",EG,EG11,65350,30.05,31.25,-290692,4,"Cairo, Al Qahirah, Egypt",EG,EG11,65350,30.05,31.25,-290692,20260803041500,https://taylorvilledailynews.com/local-news/srn-us-news/a2e0679d5f75f3e019cea24e68b1c7e2
1316538003,20260803,202608,2026,2026.5836,EGYOPP,EGYPT,EGY,,,,,OPP,,,MED,MEDIA,,,,,,MED,,,0,013,013,01,1,0.4,1,1,1,-1.80520570948782,4,"Cairo, Al Qahirah, Egypt",EG,EG11,65350,30.05,31.25,-290692,4,"Gaza, Israel (general), Israel",IS,IS00,18315,31.4167,34.3333,-797156,4,"Gaza, Israel (general), Israel",IS,IS00,18315,31.4167,34.3333,-797156,20260803041500,https://taylorvilledailynews.com/local-news/srn-us-news/a2e0679d5f75f3e019cea24e68b1c7e2
1316538004,20260803,202608,2026,2026.5836,ELI,ACTOR,,,,,,ELI,,,,,,,,,,,,,1,036,036,03,1,4.0,10,1,10,5.11727078891258,4,"Patna, Bihar, India",IN,IN34,17632,25.6,85.1167,-2107500,0,,,,,,,,4,"Patna, Bihar, India",IN,IN34,17632,25.6,85.1167,-2107500,20260803041500,https://timesofindia.indiatimes.com/entertainment/hindi/bollywood/news/batwara-1947-sunny-deol-and-karan-deol-to-visit-patna-sahib-ahead-of-the-films-release/articleshow/132817601.cms
1316538005,20260803,202608,2026,2026.5836,ELICVL,RETIRED,,,,,,ELI,CVL,,GOV,CIVIL SERVICE,,,,,,GOV,,,1,051,051,05,1,3.4,6,1,6,8.22855231011034,4,"Lagos, Lagos, Nigeria",NI,NI05,191416,6.45306,3.39583,-2017355,4,"Lagos, Lagos, Nigeria",NI,NI05,191416,6.45306,3.39583,-2017355,4,"Lagos, Lagos, Nigeria",NI,NI05,191416,6.45306,3.39583,-2017355,20260803041500,https://www.thetidenewsonline.com/2026/08/lagos-begins-pump-installation-at-iju-akute-water-facilities/
1316538006,20260803,202608,2026,2026.5836,ESP,SPANISH,ESP,,,,,,,,CHR,CHRISTIAN,,,,CHR,,,,,1,020,020,02,1,3.0,1,1,1,-3.82513661202186,4,"Fnideq, Tanger-Téuan, Morocco",MO,MO57,21787,35.8519,-5.35702,-32977,1,Spain,SP,SP,,40,-4,SP,1,Spain,SP,SP,,40,-4,SP,20260803041500,https://www.christiandaily.com/news/evangelical-pastor-in-ceuta-calls-for-prayer-as-death-toll-climbs-and-migrants-turn-back
1316538007,20260803,202608,2026,2026.5836,ESP,SPANISH,ESP,,,,,,,,CHR,CHRISTIAN,,,,CHR,,,,,1,020,020,02,1,3.0,1,1,1,-3.82513661202186,1,Spain,SP,SP,,40,-4,SP,1,Spain,SP,SP,,40,-4,SP,1,Spain,SP,SP,,40,-4,SP,20260803041500,https://www.christiandaily.com/news/evangelical-pastor-in-ceuta-calls-for-prayer-as-death-toll-climbs-and-migrants-turn-back
1316538008,20260803,202608,2026,2026.5836,ESP,SPAIN,ESP,,,,,,,,MAR,MOROCCO,MAR,,,,,,,,1,042,042,04,1,1.9,10,1,10,-3.82513661202186,1,Spain,SP,SP,,40,-4,SP,4,"Fnideq, Tanger-Téuan, Morocco",MO,MO57,21787,35.8519,-5.35702,-32977,4,"Fnideq, Tanger-Téuan, Morocco",MO,MO57,21787,35.8519,-5.35702,-32977,20260803041500,https://www.christiandaily.com/news/evangelical-pastor-in-ceuta-calls-for-prayer-as-death-toll-climbs-and-migrants-turn-back
1316538009,20260803,202608,2026,2026.5836,ESPGOV,SPAIN,ESP,,,,,GOV,,,MIL,ARMED FORCES,,,,,,MIL,,,1,154,154,15,4,-7.2,10,1,10,-3.82513661202186,1,Spain,SP,SP,,40,-4,SP,1,Spain,SP,SP,,40,-4,SP,1,Spain,SP,SP,,40,-4,SP,20260803041500,https://www.christiandaily.com/news/evangelical-pastor-in-ceuta-calls-for-prayer-as-death-toll-climbs-and-migrants-turn-back
1316538010,20260803,202608,2026,2026.5836,GBR,WALES,GBR,,,,,,,,,,,,,,,,,,0,036,036,03,1,4.0,10,1,10,0.29940119760479,1,United Kingdom,UK,UK,,54,-4,UK,0,,,,,,,,1,United Kingdom,UK,UK,,54,-4,UK,20260803041500,https://www.southwalesargus.co.uk/news/26406434.blaenau-mp-calls-2-bus-fare-stimulus/
1316538011,20260803,202608,2026,2026.5836,GBR,WELSH,GBR,,,,,,,,GOV,GOVERNMENT,,,,,,GOV,,,1,020,020,02,1,3.0,10,1,10,0.29940119760479,1,United Kingdom,UK,UK,,54,-4,UK,1,United Kingdom,UK,UK,,54,-4,UK,1,United Kingdom,UK,UK,,54,-4,UK,20260803041500,https://www.southwalesargus.co.uk/news/26406434.blaenau-mp-calls-2-bus-fare-stimulus/
1316538012,20260803,202608,2026,2026.5836,GBR,WELSH,GBR,,,,,,,,GOV,GOVERNMENT,,,,,,GOV,,,1,022,022,02,1,3.2,10,1,10,0.29940119760479,1,United Kingdom,UK,UK,,54,-4,UK,1,United Kingdom,UK,UK,,54,-4,UK,1,United Kingdom,UK,UK,,54,-4,UK,20260803041500,https://www.southwalesargus.co.uk/news/26406434.blaenau-mp-calls-2-bus-fare-stimulus/
1316538013,20260803,202608,2026,2026.5836,GHA,GHANA,GHA,,,,,,,,,,,,,,,,,,0,012,012,01,1,-0.4,2,1,2,3.23275862068966,4,"Accra, Greater Accra, Ghana",GH,GH01,190655,5.55,-0.216667,-2067935,0,,,,,,,,4,"Accra, Greater Accra, Ghana",GH,GH01,190655,5.55,-0.216667,-2067935,20260803041500,"http://www.businessghana.com/site/news/business/353211/Access-Bank,-UNFPA-partner-to-eliminate-obstetric-fistula"
1316538014,20260803,202608,2026,2026.5836,GHA,GHANA,GHA,,,,,,,,BUS,BANK,,,,,,BUS,,,1,010,010,01,1,0.0,10,1,10,7.69230769230769,1,Ghana,GH,GH,,8,-2,GH,1,Ghana,GH,GH,,8,-2,GH,1,Ghana,GH,GH,,8,-2,GH,20260803041500,http://www.businessghana.com/site/news/business/353210/FirstBank-opens-new-Tema-Comm-25-branch
1316538015,20260803,202608,2026,2026.5836,GHA,GHANA,GHA,,,,,,,,BUS,BUSINESS,,,,,,BUS,,,0,051,051,05,1,3.4,7,1,7,7.69230769230769,1,Ghana,GH,GH,,8,-2,GH,1,Ghana,GH,GH,,8,-2,GH,1,Ghana,GH,GH,,8,-2,GH,20260803041500,http://www.businessghana.com/site/news/business/353210/FirstBank-opens-new-Tema-Comm-25-branch
1316538016,20260803,202608,2026,2026.5836,GHA,GHANA,GHA,,,,,,,,EDU,SCHOOL,,,,,,EDU,,,1,046,046,04,1,7.0,4,1,4,0.45977011494253,4,"Sunyani, Brong-Ahafo, Ghana",GH,GH03,190630,7.33991,-2.32676,-2079053,4,"Sunyani, Brong-Ahafo, Ghana",GH,GH03,190630,7.33991,-2.32676,-2079053,4,"Sunyani, Brong-Ahafo, Ghana",GH,GH03,190630,7.33991,-2.32676,-2079053,20260803041500,http://www.businessghana.com/site/news/general/353191/Govt-backs-school-heads-to-enforce-discipline-in-SHSs
1316538017,20260803,202608,2026,2026.5836,GHA,GHANA,GHA,,,,,,,,GOV,ADMINISTRATION,,,,,,GOV,,,1,020,020,02,1,3.0,10,1,10,9.4555873925501,4,"Accra, Greater Accra, Ghana",GH,GH01,190655,5.55,-0.216667,-2067935,4,"Accra, Greater Accra, Ghana",GH,GH01,190655,5.55,-0.216667,-2067935,4,"Accra, Greater Accra, Ghana",GH,GH01,190655,5.55,-0.216667,-2067935,20260803041500,http://www.businessghana.com/site/news/politics/353251/JUSAG-calls-for-recognition-of-Judicial-Staff-
1316538018,20260803,202608,2026,2026.5836,GHA,GHANA,GHA,,,,,,,,GOV,AMBASSADOR,,,,,,GOV,,,1,042,042,04,1,1.9,10,1,10,7.39371534195933,4,"Accra, Greater Accra, Ghana",GH,GH01,190655,5.55,-0.216667,-2067935,4,"Accra, Greater Accra, Ghana",GH,GH01,190655,5.55,-0.216667,-2067935,4,"Accra, Greater Accra, Ghana",GH,GH01,190655,5.55,-0.216667,-2067935,20260803041500,"http://businessghana.com/site/news/general/353237/ECOWAS,-partners-to-empower-women"
1316538019,20260803,202608,2026,2026.5836,GHA,GHANA,GHA,,,,,,,,GOV,ADMINISTRATION,,,,,,GOV,,,1,070,070,07,2,7.0,10,1,10,9.4555873925501,4,"Accra, Greater Accra, Ghana",GH,GH01,190655,5.55,-0.216667,-2067935,4,"Accra, Greater Accra, Ghana",GH,GH01,190655,5.55,-0.216667,-2067935,4,"Accra, Greater Accra, Ghana",GH,GH01,190655,5.55,-0.216667,-2067935,20260803041500,http://www.businessghana.com/site/news/politics/353251/JUSAG-calls-for-recognition-of-Judicial-Staff-
1316538020,20260803,202608,2026,2026.5836,GHA,GHANA,GHA,,,,,,,,IGOWAFBUSWAS,ECOWAS,WAF,WAS,,,,IGO,BUS,,0,051,051,05,1,3.4,4,1,4,7.39371534195933,4,"Accra, Greater Accra, Ghana",GH,GH01,190655,5.55,-0.216667,-2067935,4,"Accra, Greater Accra, Ghana",GH,GH01,190655,5.55,-0.216667,-2067935,4,"Accra, Greater Accra, Ghana",GH,GH01,190655,5.55,-0.216667,-2067935,20260803041500,"http://businessghana.com/site/news/general/353237/ECOWAS,-partners-to-empower-women"
1316538021,20260803,202608,2026,2026.5836,GHABUS,GHANA,GHA,,,,,BUS,,,BUS,BANK,,,,,,BUS,,,1,051,051,05,1,3.4,10,1,10,3.23275862068966,4,"Accra, Greater Accra, Ghana",GH,GH01,190655,5.55,-0.216667,-2067935,4,"Accra, Greater Accra, Ghana",GH,GH01,190655,5.55,-0.216667,-2067935,4,"Accra, Greater Accra, Ghana",GH,GH01,190655,5.55,-0.216667,-2067935,20260803041500,"http://www.businessghana.com/site/news/business/353211/Access-Bank,-UNFPA-partner-to-eliminate-obstetric-fistula"
1316538022,20260803,202608,2026,2026.5836,GHAEDU,GHANA,GHA,,,,,EDU,,,,,,,,,,,,,1,046,046,04,1,7.0,4,1,4,0.45977011494253,4,"Sunyani, Brong-Ahafo, Ghana",GH,GH03,190630,7.33991,-2.32676,-2079053,0,,,,,,,,4,"Sunyani, Brong-Ahafo, Ghana",GH,GH03,190630,7.33991,-2.32676,-2079053,20260803041500,http://www.businessghana.com/site/news/general/353191/Govt-backs-school-heads-to-enforce-discipline-in-SHSs
1316538023,20260803,202608,2026,2026.5836,GHAGOV,GHANA,GHA,,,,,GOV,,,GOV,GOVERNMENT,,,,,,GOV,,,1,043,043,04,1,2.8,4,1,4,7.39371534195933,4,"Accra, Greater Accra, Ghana",GH,GH01,190655,5.55,-0.216667,-2067935,4,"Accra, Greater Accra, Ghana",GH,GH01,190655,5.55,-0.216667,-2067935,4,"Accra, Greater Accra, Ghana",GH,GH01,190655,5.55,-0.216667,-2067935,20260803041500,"http://businessghana.com/site/news/general/353237/ECOWAS,-partners-to-empower-women"
1316538024,20260803,202608,2026,2026.5836,GHAGOV,GHANA,GHA,,,,,GOV,,,GOV,GOVERNMENT,,,,,,GOV,,,1,051,051,05,1,3.4,4,1,4,7.39371534195933,4,"Accra, Greater Accra, Ghana",GH,GH01,190655,5.55,-0.216667,-2067935,4,"Accra, Greater Accra, Ghana",GH,GH01,190655,5.55,-0.216667,-2067935,4,"Accra, Greater Accra, Ghana",GH,GH01,190655,5.55,-0.216667,-2067935,20260803041500,"http://businessghana.com/site/news/general/353237/ECOWAS,-partners-to-empower-women"
1316538025,20260803,202608,2026,2026.5836,GHAGOV,GHANA,GHA,,,,,GOV,,,IGOWAFBUSWAS,ECOWAS,WAF,WAS,,,,IGO,BUS,,1,051,051,05,1,3.4,4,1,4,7.39371534195933,4,"Accra, Greater Accra, Ghana",GH,GH01,190655,5.55,-0.216667,-2067935,4,"Accra, Greater Accra, Ghana",GH,GH01,190655,5.55,-0.216667,-2067935,4,"Accra, Greater Accra, Ghana",GH,GH01,190655,5.55,-0.216667,-2067935,20260803041500,"http://businessghana.com/site/news/general/353237/ECOWAS,-partners-to-empower-women"
1316538026,20260803,202608,2026,2026.5836,GHAJUD,ACCRA,GHA,,,,,JUD,,,,,,,,,,,,,1,017,017,01,1,0.0,3,1,3,9.4555873925501,4,"Accra, Greater Accra, Ghana",GH,GH01,190655,5.55,-0.216667,-2067935,0,,,,,,,,4,"Accra, Greater Accra, Ghana",GH,GH01,190655,5.55,-0.216667,-2067935,20260803041500,http://www.businessghana.com/site/news/politics/353251/JUSAG-calls-for-recognition-of-Judicial-Staff-
1316538027,20260803,202608,2026,2026.5836,GHAJUD,ACCRA,GHA,,,,,JUD,,,GHA,GHANA,GHA,,,,,,,,1,017,017,01,1,0.0,2,1,2,9.4555873925501,4,"Accra, Greater Accra, Ghana",GH,GH01,190655,5.55,-0.216667,-2067935,4,"Accra, Greater Accra, Ghana",GH,GH01,190655,5.55,-0.216667,-2067935,4,"Accra, Greater Accra, Ghana",GH,GH01,190655,5.55,-0.216667,-2067935,20260803041500,http://www.businessghana.com/site/news/politics/353251/JUSAG-calls-for-recognition-of-Judicial-Staff-
1316538028,20260803,202608,2026,2026.5836,GOV,PRIME MINISTER,,,,,,GOV,,,,,,,,,,,,,0,010,010,01,1,0.0,5,1,5,4.88322717622081,4,"Raipur, Chhattisgarh, India",IN,IN37,70116,21.2333,81.6333,-2108614,0,,,,,,,,4,"Raipur, Chhattisgarh, India",IN,IN37,70116,21.2333,81.6333,-2108614,20260803041500,https://www.newkerala.com/news/a/wonderful-experience-youth-echoes-prime-ministers-vision-drug-abuse-free-394.htm
1316538029,20260803,202608,2026,2026.5836,GOV,CHIEF MINISTER,,,,,,GOV,,,,,,,,,,,,,0,010,010,01,1,0.0,10,1,10,6.74740484429066,5,"Uttar Pradesh, Uttar Pradesh, India",IN,IN36,17938,27.25,80.75,-2113996,0,,,,,,,,5,"Uttar Pradesh, Uttar Pradesh, India",IN,IN36,17938,27.25,80.75,-2113996,20260803041500,https://www.newkerala.com/news/a/shravan-month-holy-festival-public-welfare-togetherness-uttar-357.htm
1316538030,20260803,202608,2026,2026.5836,GOV,MINIST FOR PETROLEUM,,,,,,GOV,,,,,,,,,,,,,1,010,010,01,1,0.0,5,1,5,3.90516039051604,1,Namibia,WA,WA,,-22,17,WA,0,,,,,,,,1,Namibia,WA,WA,,-22,17,WA,20260803041500,https://www.thetidenewsonline.com/2026/08/firm-unveils-new-products-for-oil-facilities/
1316538031,20260803,202608,2026,2026.5836,GOV,MINISTRY,,,,,,GOV,,,,,,,,,,,,,1,011,011,01,1,-0.1,10,1,10,0,4,"Siliguri, West Bengal, India",IN,IN28,17951,26.7161,88.4236,-2111079,0,,,,,,,,4,"Siliguri, West Bengal, India",IN,IN28,17951,26.7161,88.4236,-2111079,20260803041500,https://www.thehindubusinessline.com/news/india-plans-45000-crore-rail-upgrades-along-china-pakistan-and-bangladesh-borders/article71299749.ece
1316538032,20260803,202608,2026,2026.5836,GOV,FIRE DEPARTMENT,,,,,,GOV,,,,,,,,,,,,,1,017,017,01,1,0.0,1,1,1,-7.92079207920792,3,"Geauga County, Ohio, United States",US,USOH,OH055,41.5006,-81.1665,1074040,0,,,,,,,,3,"Geauga County, Ohio, United States",US,USOH,,41.5006,-81.1665,1074040,20260803041500,https://www.whio.com/news/local/firefighter-dies-crash-department-says/625CDVQM6FB73OOF26TT5XZ4BU/
1316538033,20260803,202608,2026,2026.5836,GOV,AUTHORITIES,,,,,,GOV,,,,,,,,,,,,,0,020,020,02,1,3.0,10,1,10,-4.98960498960499,4,"Beirut, Beyrouth, Lebanon",LE,LE04,18808,33.8719,35.5097,-801546,0,,,,,,,,4,"Beirut, Beyrouth, Lebanon",LE,LE04,18808,33.8719,35.5097,-801546,20260803041500,https://yalibnan.com/2026/08/03/the-big-lie-the-fpm-cannot-rewrite-its-role-in-the-beirut-port-catastrophe/
1316538034,20260803,202608,2026,2026.5836,GOV,GOVERNMENT,,,,,,GOV,,,,,,,,,,,,,1,024,024,02,1,-0.3,10,1,10,-0.29325513196481,0,,,,,,,,0,,,,,,,,0,,,,,,,,20260803041500,http://www.businessghana.com/site/news/Politics/353250/Elected-MMDCEs-won%E2%80%99t-face-presidential-interference-%E2%80%93-Local-Gov%E2%80%99t-Chamber
1316538035,20260803,202608,2026,2026.5836,GOV,PRESIDENT,,,,,,GOV,,,,,,,,,,,,,0,030,030,03,1,4.0,3,1,3,1.94489465153971,5,"Ashanti Region, Ashanti, Ghana",GH,GH02,16576,6.75,-1.5,-2069926,0,,,,,,,,5,"Ashanti Region, Ashanti, Ghana",GH,GH02,16576,6.75,-1.5,-2069926,20260803041500,http://www.businessghana.com/site/news/general/353239/Ghana-to-develop-a-national-Geotourism-programme
1316538036,20260803,202608,2026,2026.5836,GOV,GOVERNANCE,,,,,,GOV,,,,,,,,,,,,,0,031,031,03,1,5.2,2,1,2,-1.80520570948782,4,"Cairo, Al Qahirah, Egypt",EG,EG11,65350,30.05,31.25,-290692,0,,,,,,,,4,"Cairo, Al Qahirah, Egypt",EG,EG11,65350,30.05,31.25,-290692,20260803041500,https://taylorvilledailynews.com/local-news/srn-us-news/a2e0679d5f75f3e019cea24e68b1c7e2
1316538037,20260803,202608,2026,2026.5836,GOV,GOVERNANCE,,,,,,GOV,,,,,,,,,,,,,0,031,031,03,1,5.2,2,1,2,-1.80520570948782,4,"Cairo, Al Qahirah, Egypt",EG,EG11,65350,30.05,31.25,-290692,0,,,,,,,,4,"Gaza, Israel (general), Israel",IS,IS00,18315,31.4167,34.3333,-797156,20260803041500,https://taylorvilledailynews.com/local-news/srn-us-news/a2e0679d5f75f3e019cea24e68b1c7e2
1316538038,20260803,202608,2026,2026.5836,GOV,GOVERNANCE,,,,,,GOV,,,,,,,,,,,,,0,031,031,03,1,5.2,6,1,6,-1.80520570948782,4,"Gaza, Israel (general), Israel",IS,IS00,18315,31.4167,34.3333,-797156,0,,,,,,,,4,"Gaza, Israel (general), Israel",IS,IS00,18315,31.4167,34.3333,-797156,20260803041500,https://taylorvilledailynews.com/local-news/srn-us-news/a2e0679d5f75f3e019cea24e68b1c7e2
1316538039,20260803,202608,2026,2026.5836,GOV,PRIME MINISTER,,,,,,GOV,,,,,,,,,,,,,0,040,040,04,1,1.0,3,1,3,-1.80520570948782,4,"Gaza, Israel (general), Israel",IS,IS00,18315,31.4167,34.3333,-797156,0,,,,,,,,4,"Gaza, Israel (general), Israel",IS,IS00,18315,31.4167,34.3333,-797156,20260803041500,https://taylorvilledailynews.com/local-news/srn-us-news/a2e0679d5f75f3e019cea24e68b1c7e2
1316538040,20260803,202608,2026,2026.5836,GOV,AMBASSADOR,,,,,,GOV,,,,,,,,,,,,,1,043,043,04,1,2.8,6,1,6,7.39371534195933,4,"Accra, Greater Accra, Ghana",GH,GH01,190655,5.55,-0.216667,-2067935,0,,,,,,,,4,"Accra, Greater Accra, Ghana",GH,GH01,190655,5.55,-0.216667,-2067935,20260803041500,"http://businessghana.com/site/news/general/353237/ECOWAS,-partners-to-empower-women"
1316538041,20260803,202608,2026,2026.5836,GOV,EXTERNAL AFFAIRS MINIST,,,,,,GOV,,,,,,,,,,,,,1,046,046,04,1,7.0,2,1,2,1.90217391304348,4,"New Delhi, Delhi, India",IN,IN07,17911,28.6,77.2,-2106102,0,,,,,,,,4,"New Delhi, Delhi, India",IN,IN07,17911,28.6,77.2,-2106102,20260803041500,https://www.newkerala.com/news/a/uzbekistans-foreign-minister-bakhtiyor-saidov-arrives-new-delhi-326.htm
1316538042,20260803,202608,2026,2026.5836,GOV,PREMIER,,,,,,GOV,,,,,,,,,,,,,1,051,051,05,1,3.4,3,1,3,4.89510489510489,4,"Launceston, Tasmania, Australia",AS,AS06,5346,-41.4388,147.135,-1583138,0,,,,,,,,4,"Launceston, Tasmania, Australia",AS,AS06,5346,-41.4388,147.135,-1583138,20260803041500,https://theshout.com.au/tasmanian-government-backs-beer-tourism-with-new-funding/
1316538043,20260803,202608,2026,2026.5836,GOV,GOVERNOR,,,,,,GOV,,,,,,,,,,,,,0,051,051,05,1,3.4,3,1,3,1.46048109965636,4,"Niger Delta, Nigeria (general), Nigeria",NI,NI00,23074,4.83333,6,-2020890,0,,,,,,,,4,"Niger Delta, Nigeria (general), Nigeria",NI,NI00,23074,4.83333,6,-2020890,20260803041500,https://www.thetidenewsonline.com/2026/08/jonathan-applauds-ncdmb-chinas-model-for-shaping-nigerias-local-content-policy/
1316538044,20260803,202608,2026,2026.5836,GOV,AMBASSADOR,,,,,,GOV,,,,,,,,,,,,,1,051,051,05,1,3.4,6,1,6,7.39371534195933,4,"Accra, Greater Accra, Ghana",GH,GH01,190655,5.55,-0.216667,-2067935,0,,,,,,,,4,"Accra, Greater Accra, Ghana",GH,GH01,190655,5.55,-0.216667,-2067935,20260803041500,"http://businessghana.com/site/news/general/353237/ECOWAS,-partners-to-empower-women"
1316538045,20260803,202608,2026,2026.5836,GOV,PRESIDENT,,,,,,GOV,,,,,,,,,,,,,0,051,051,05,1,3.4,7,1,7,1.94489465153971,5,"Ashanti Region, Ashanti, Ghana",GH,GH02,16576,6.75,-1.5,-2069926,0,,,,,,,,5,"Ashanti Region, Ashanti, Ghana",GH,GH02,16576,6.75,-1.5,-2069926,20260803041500,http://www.businessghana.com/site/news/general/353239/Ghana-to-develop-a-national-Geotourism-programme
1316538046,20260803,202608,2026,2026.5836,GOV,PRIME MINISTER,,,,,,GOV,,,,,,,,,,,,,1,1014,101,10,3,-5.0,10,1,10,-2.50569476082005,4,"Murray Barracks, National Capital, Papua New Guinea",PP,PP20,18585,-9.46667,147.183,-2196255,0,,,,,,,,4,"Murray Barracks, National Capital, Papua New Guinea",PP,PP20,18585,-9.46667,147.183,-2196255,20260803041500,https://www.thenational.com.pg/opposition-calls-for-release-of-defence-recruitment-report/
1316538047,20260803,202608,2026,2026.5836,GOV,MINISTRY,,,,,,GOV,,,,,,,,,,,,,1,120,120,12,3,-4.0,5,1,5,0,4,"Siliguri, West Bengal, India",IN,IN28,17951,26.7161,88.4236,-2111079,0,,,,,,,,4,"Siliguri, West Bengal, India",IN,IN28,17951,26.7161,88.4236,-2111079,20260803041500,https://www.thehindubusinessline.com/news/india-plans-45000-crore-rail-upgrades-along-china-pakistan-and-bangladesh-borders/article71299749.ece
1316538048,20260803,202608,2026,2026.5836,GOV,MINISTRY,,,,,,GOV,,,,,,,,,,,,,1,120,120,12,3,-4.0,5,1,5,0,1,China,CH,CH,,35,105,CH,0,,,,,,,,1,China,CH,CH,,35,105,CH,20260803041500,https://www.thehindubusinessline.com/news/india-plans-45000-crore-rail-upgrades-along-china-pakistan-and-bangladesh-borders/article71299749.ece
1316538049,20260803,202608,2026,2026.5836,GOV,GOVERNANCE,,,,,,GOV,,,,,,,,,,,,,1,141,141,14,3,-6.5,5,1,5,-4.04624277456647,0,,,,,,,,0,,,,,,,,0,,,,,,,,20260803041500,https://www.thenational.com.pg/suspensions-threaten-election/
1316538050,20260803,202608,2026,2026.5836,GOV,PREMIER,,,,,,GOV,,,AUS,AUSTRALIA,AUS,,,,,,,,1,051,051,05,1,3.4,1,1,1,4.89510489510489,4,"Launceston, Tasmania, Australia",AS,AS06,5346,-41.4388,147.135,-1583138,4,"Launceston, Tasmania, Australia",AS,AS06,5346,-41.4388,147.135,-1583138,4,"Launceston, Tasmania, Australia",AS,AS06,5346,-41.4388,147.135,-1583138,20260803041500,https://theshout.com.au/tasmanian-government-backs-beer-tourism-with-new-funding/
1316538051,20260803,202608,2026,2026.5836,GOV,PREMIER,,,,,,GOV,,,BUS,BUSINESS,,,,,,BUS,,,1,051,051,05,1,3.4,4,1,4,4.89510489510489,4,"Launceston, Tasmania, Australia",AS,AS06,5346,-41.4388,147.135,-1583138,4,"Launceston, Tasmania, Australia",AS,AS06,5346,-41.4388,147.135,-1583138,4,"Launceston, Tasmania, Australia",AS,AS06,5346,-41.4388,147.135,-1583138,20260803041500,https://theshout.com.au/tasmanian-government-backs-beer-tourism-with-new-funding/
1316538052,20260803,202608,2026,2026.5836,GOV,PRESIDENT,,,,,,GOV,,,BUS,INDUSTRY,,,,,,BUS,,,1,051,051,05,1,3.4,6,1,6,8.39160839160839,4,"Sydney, New South Wales, Australia",AS,AS02,154637,-33.8833,151.217,-1603135,4,"Sydney, New South Wales, Australia",AS,AS02,154637,-33.8833,151.217,-1603135,4,"Sydney, New South Wales, Australia",AS,AS02,154637,-33.8833,151.217,-1603135,20260803041500,https://theshout.com.au/william-wilson-honoured-with-ras-contributor-award/
1316538053,20260803,202608,2026,2026.5836,GOV,PRINCE,,,,,,GOV,,,COP,POLICE,,,,,,COP,,,1,043,043,04,1,2.8,5,1,5,-6.89655172413793,0,,,,,,,,0,,,,,,,,0,,,,,,,,20260803041500,https://www.eadt.co.uk/news/26429923.everything-know-suspected-explosion-ipswich/
1316538054,20260803,202608,2026,2026.5836,GOV,PRESIDENT,,,,,,GOV,,,CRM,CRIMINAL,,,,,,CRM,,,0,010,010,01,1,0.0,10,1,10,-6.33540372670808,2,"District of Columbia, United States",US,USDC,,38.8964,-77.0262,DC,2,"District of Columbia, United States",US,USDC,,38.8964,-77.0262,DC,2,"District of Columbia, United States",US,USDC,,38.8964,-77.0262,DC,20260803041500,https://wvmetronews.com/2026/08/02/pirro-chose-justice-over-trump/
1316538055,20260803,202608,2026,2026.5836,GOV,PRESIDENT,,,,,,GOV,,,CRM,CRIMINAL,,,,,,CRM,,,0,060,060,06,2,6.0,10,1,10,-6.33540372670808,2,"District of Columbia, United States",US,USDC,,38.8964,-77.0262,DC,2,"District of Columbia, United States",US,USDC,,38.8964,-77.0262,DC,2,"District of Columbia, United States",US,USDC,,38.8964,-77.0262,DC,20260803041500,https://wvmetronews.com/2026/08/02/pirro-chose-justice-over-trump/
1316538056,20260803,202608,2026,2026.5836,GOV,CHIEF EXECUTIVE,,,,,,GOV,,,CVL,RESIDENTS,,,,,,CVL,,,0,051,051,05,1,3.4,10,1,10,-2.40480961923848,4,"Adentan, Ghana (general), Ghana",GH,GH00,190653,5.69946,-0.166467,-2068132,4,"Adentan, Ghana (general), Ghana",GH,GH00,190653,5.69946,-0.166467,-2068132,4,"Adentan, Ghana (general), Ghana",GH,GH00,190653,5.69946,-0.166467,-2068132,20260803041500,http://www.businessghana.com/site/news/general/353192/Stop-burning-waste-to-protect-public-health-%E2%80%93-Experts
1316538057,20260803,202608,2026,2026.5836,GOV,PREMIER,,,,,,GOV,,,CVL,VOTER,,,,,,CVL,,,1,110,110,11,3,-2.0,10,1,10,0,0,,,,,,,,0,,,,,,,,0,,,,,,,,20260803041500,https://joy.org.au/joydrive/2026/08/03/dr-robert-hoffman-can-ben-carroll-rescue-victorian-labor-before-the-election/
1316538058,20260803,202608,2026,2026.5836,GOV,PRESIDENT,,,,,,GOV,,,EDU,SCHOOL,,,,,,EDU,,,0,0234,023,02,1,3.4,20,1,20,1.74081237911025,0,,,,,,,,0,,,,,,,,0,,,,,,,,20260803041500,http://www.businessghana.com/site/news/general/353275/Effective-leadership-critical-to-quality-education-Vice-President-tells-basic-school-heads
1316538059,20260803,202608,2026,2026.5836,GOV,GOVERNMENT,,,,,,GOV,,,GBR,WALES,GBR,,,,,,,,0,020,020,02,1,3.0,10,1,10,0.29940119760479,1,United Kingdom,UK,UK,,54,-4,UK,1,United Kingdom,UK,UK,,54,-4,UK,1,United Kingdom,UK,UK,,54,-4,UK,20260803041500,https://www.southwalesargus.co.uk/news/26406434.blaenau-mp-calls-2-bus-fare-stimulus/
1316538060,20260803,202608,2026,2026.5836,GOV,PRESIDENT,,,,,,GOV,,,GHA,GHANA,GHA,,,,,,,,0,030,030,03,1,4.0,2,1,2,1.94489465153971,5,"Ashanti Region, Ashanti, Ghana",GH,GH02,16576,6.75,-1.5,-2069926,5,"Ashanti Region, Ashanti, Ghana",GH,GH02,16576,6.75,-1.5,-2069926,5,"Ashanti Region, Ashanti, Ghana",GH,GH02,16576,6.75,-1.5,-2069926,20260803041500,http://www.businessghana.com/site/news/general/353239/Ghana-to-develop-a-national-Geotourism-programme
1316538061,20260803,202608,2026,2026.5836,GOV,AMBASSADOR,,,,,,GOV,,,GHA,GHANA,GHA,,,,,,,,1,043,043,04,1,2.8,10,1,10,7.39371534195933,4,"Accra, Greater Accra, Ghana",GH,GH01,190655,5.55,-0.216667,-2067935,4,"Accra, Greater Accra, Ghana",GH,GH01,190655,5.55,-0.216667,-2067935,4,"Accra, Greater Accra, Ghana",GH,GH01,190655,5.55,-0.216667,-2067935,20260803041500,"http://businessghana.com/site/news/general/353237/ECOWAS,-partners-to-empower-women"
1316538062,20260803,202608,2026,2026.5836,GOV,AMBASSADOR,,,,,,GOV,,,GHA,GHANA,GHA,,,,,,,,1,051,051,05,1,3.4,10,1,10,7.39371534195933,4,"Accra, Greater Accra, Ghana",GH,GH01,190655,5.55,-0.216667,-2067935,4,"Accra, Greater Accra, Ghana",GH,GH01,190655,5.55,-0.216667,-2067935,4,"Accra, Greater Accra, Ghana",GH,GH01,190655,5.55,-0.216667,-2067935,20260803041500,"http://businessghana.com/site/news/general/353237/ECOWAS,-partners-to-empower-women"
1316538063,20260803,202608,2026,2026.5836,GOV,PRESIDENT,,,,,,GOV,,,GHA,GHANA,GHA,,,,,,,,0,051,051,05,1,3.4,3,1,3,1.94489465153971,5,"Ashanti Region, Ashanti, Ghana",GH,GH02,16576,6.75,-1.5,-2069926,5,"Ashanti Region, Ashanti, Ghana",GH,GH02,16576,6.75,-1.5,-2069926,5,"Ashanti Region, Ashanti, Ghana",GH,GH02,16576,6.75,-1.5,-2069926,20260803041500,http://www.businessghana.com/site/news/general/353239/Ghana-to-develop-a-national-Geotourism-programme
1316538064,20260803,202608,2026,2026.5836,GOV,GOVERNMENT,,,,,,GOV,,,GHAGOV,GHANA,GHA,,,,,GOV,,,1,042,042,04,1,1.9,4,1,4,7.39371534195933,4,"Accra, Greater Accra, Ghana",GH,GH01,190655,5.55,-0.216667,-2067935,4,"Accra, Greater Accra, Ghana",GH,GH01,190655,5.55,-0.216667,-2067935,4,"Accra, Greater Accra, Ghana",GH,GH01,190655,5.55,-0.216667,-2067935,20260803041500,"http://businessghana.com/site/news/general/353237/ECOWAS,-partners-to-empower-women"
1316538065,20260803,202608,2026,2026.5836,GOV,PRESIDENT,,,,,,GOV,,,GHAJUD,ACCRA,GHA,,,,,JUD,,,1,017,017,01,1,0.0,5,1,5,9.4555873925501,4,"Accra, Greater Accra, Ghana",GH,GH01,190655,5.55,-0.216667,-2067935,4,"Accra, Greater Accra, Ghana",GH,GH01,190655,5.55,-0.216667,-2067935,4,"Accra, Greater Accra, Ghana",GH,GH01,190655,5.55,-0.216667,-2067935,20260803041500,http://www.businessghana.com/site/news/politics/353251/JUSAG-calls-for-recognition-of-Judicial-Staff-
1316538066,20260803,202608,2026,2026.5836,GOV,AMBASSADOR,,,,,,GOV,,,IGOWAFBUSWAS,ECOWAS,WAF,WAS,,,,IGO,BUS,,1,051,051,05,1,3.4,22,1,16,7.39371534195933,4,"Accra, Greater Accra, Ghana",GH,GH01,190655,5.55,-0.216667,-2067935,4,"Accra, Greater Accra, Ghana",GH,GH01,190655,5.55,-0.216667,-2067935,4,"Accra, Greater Accra, Ghana",GH,GH01,190655,5.55,-0.216667,-2067935,20260803041500,"http://businessghana.com/site/news/general/353237/ECOWAS,-partners-to-empower-women"
1316538067,20260803,202608,2026,2026.5836,GOV,GOVERNANCE,,,,,,GOV,,,IGOWAFBUSWAS,ECOWAS,WAF,WAS,,,,IGO,BUS,,0,051,051,05,1,3.4,10,1,10,7.39371534195933,4,"Maputo, Maputo, Mozambique",MZ,MZ04,41374,-25.9653,32.5892,-319029,4,"Maputo, Maputo, Mozambique",MZ,MZ04,41374,-25.9653,32.5892,-319029,4,"Maputo, Maputo, Mozambique",MZ,MZ04,41374,-25.9653,32.5892,-319029,20260803041500,"http://businessghana.com/site/news/general/353237/ECOWAS,-partners-to-empower-women"
1316538068,20260803,202608,2026,2026.5836,GOV,PRIME MINISTER,,,,,,GOV,,,ISR,ISRAEL,ISR,,,,,,,,0,012,012,01,1,-0.4,3,1,3,-1.80520570948782,4,"Gaza, Israel (general), Israel",IS,IS00,18315,31.4167,34.3333,-797156,4,"Gaza, Israel (general), Israel",IS,IS00,18315,31.4167,34.3333,-797156,4,"Gaza, Israel (general), Israel",IS,IS00,18315,31.4167,34.3333,-797156,20260803041500,https://taylorvilledailynews.com/local-news/srn-us-news/a2e0679d5f75f3e019cea24e68b1c7e2
1316538069,20260803,202608,2026,2026.5836,GOV,PRIME MINISTER,,,,,,GOV,,,ISR,ISRAEL,ISR,,,,,,,,0,040,040,04,1,1.0,6,1,6,-1.80520570948782,4,"Gaza, Israel (general), Israel",IS,IS00,18315,31.4167,34.3333,-797156,4,"Gaza, Israel (general), Israel",IS,IS00,18315,31.4167,34.3333,-797156,4,"Gaza, Israel (general), Israel",IS,IS00,18315,31.4167,34.3333,-797156,20260803041500,https://taylorvilledailynews.com/local-news/srn-us-news/a2e0679d5f75f3e019cea24e68b1c7e2
1316538070,20260803,202608,2026,2026.5836,GOV,MINIST FOR PETROLEUM,,,,,,GOV,,,LEG,SENATOR,,,,,,LEG,,,1,010,010,01,1,0.0,3,1,3,3.90516039051604,1,Namibia,WA,WA,,-22,17,WA,1,Namibia,WA,WA,,-22,17,WA,1,Namibia,WA,WA,,-22,17,WA,20260803041500,https://www.thetidenewsonline.com/2026/08/firm-unveils-new-products-for-oil-facilities/
1316538071,20260803,202608,2026,2026.5836,GOV,GOVERNOR,,,,,,GOV,,,MED,WRITER,,,,,,MED,,,0,010,010,01,1,0.0,4,1,4,1.46048109965636,4,"Niger Delta, Nigeria (general), Nigeria",NI,NI00,23074,4.83333,6,-2020890,4,"Niger Delta, Nigeria (general), Nigeria",NI,NI00,23074,4.83333,6,-2020890,4,"Niger Delta, Nigeria (general), Nigeria",NI,NI00,23074,4.83333,6,-2020890,20260803041500,https://www.thetidenewsonline.com/2026/08/jonathan-applauds-ncdmb-chinas-model-for-shaping-nigerias-local-content-policy/
1316538072,20260803,202608,2026,2026.5836,GOV,GOVERNOR,,,,,,GOV,,,MED,WRITER,,,,,,MED,,,0,010,010,01,1,0.0,1,1,1,1.46048109965636,5,"Bayelsa State, Bayelsa, Nigeria",NI,NI52,191393,4.75,6.08333,9098614,5,"Bayelsa State, Bayelsa, Nigeria",NI,NI52,191393,4.75,6.08333,9098614,5,"Bayelsa State, Bayelsa, Nigeria",NI,NI52,191393,4.75,6.08333,9098614,20260803041500,https://www.thetidenewsonline.com/2026/08/jonathan-applauds-ncdmb-chinas-model-for-shaping-nigerias-local-content-policy/
1316538073,20260803,202608,2026,2026.5836,GOV,FIRE DEPARTMENT,,,,,,GOV,,,MED,MEDIA,,,,,,MED,,,1,017,017,01,1,0.0,1,1,1,-7.92079207920792,3,"Geauga County, Ohio, United States",US,USOH,OH055,41.5006,-81.1665,1074040,3,"Geauga County, Ohio, United States",US,USOH,,41.5006,-81.1665,1074040,3,"Geauga County, Ohio, United States",US,USOH,,41.5006,-81.1665,1074040,20260803041500,https://www.whio.com/news/local/firefighter-dies-crash-department-says/625CDVQM6FB73OOF26TT5XZ4BU/
1316538074,20260803,202608,2026,2026.5836,GOV,GOVERNOR,,,,,,GOV,,,MED,WRITER,,,,,,MED,,,0,051,051,05,1,3.4,4,1,4,1.46048109965636,4,"Niger Delta, Nigeria (general), Nigeria",NI,NI00,23074,4.83333,6,-2020890,4,"Niger Delta, Nigeria (general), Nigeria",NI,NI00,23074,4.83333,6,-2020890,4,"Niger Delta, Nigeria (general), Nigeria",NI,NI00,23074,4.83333,6,-2020890,20260803041500,https://www.thetidenewsonline.com/2026/08/jonathan-applauds-ncdmb-chinas-model-for-shaping-nigerias-local-content-policy/
1316538075,20260803,202608,2026,2026.5836,GOV,GOVERNOR,,,,,,GOV,,,MED,WRITER,,,,,,MED,,,0,051,051,05,1,3.4,1,1,1,1.46048109965636,5,"Bayelsa State, Bayelsa, Nigeria",NI,NI52,191393,4.75,6.08333,9098614,5,"Bayelsa State, Bayelsa, Nigeria",NI,NI52,191393,4.75,6.08333,9098614,5,"Bayelsa State, Bayelsa, Nigeria",NI,NI52,191393,4.75,6.08333,9098614,20260803041500,https://www.thetidenewsonline.com/2026/08/jonathan-applauds-ncdmb-chinas-model-for-shaping-nigerias-local-content-policy/
1316538076,20260803,202608,2026,2026.5836,GOV,GOVERNMENT,,,,,,GOV,,,MED,MEDIA,,,,,,MED,,,0,112,112,11,3,-2.0,10,1,10,-3.82513661202186,1,Spain,SP,SP,,40,-4,SP,1,Spain,SP,SP,,40,-4,SP,1,Spain,SP,SP,,40,-4,SP,20260803041500,https://www.christiandaily.com/news/evangelical-pastor-in-ceuta-calls-for-prayer-as-death-toll-climbs-and-migrants-turn-back
1316538077,20260803,202608,2026,2026.5836,GOV,PRESIDENT,,,,,,GOV,,,MIL,MILITARY,,,,,,MIL,,,1,130,130,13,3,-4.4,1,1,1,-5.92105263157895,4,"Tehran, Tehran, Iran",IR,IR26,41130,35.75,51.5148,10074674,1,Kazakhstan,KZ,KZ,,48,68,KZ,4,"Tehran, Tehran, Iran",IR,IR26,41130,35.75,51.5148,10074674,20260803041500,"https://www.shippingtribune.com/news/shipping/Oil+drops+to+3-wk+low+as+Trump+calls+off+Iran+strike,+announces+fresh+talks"
1316538078,20260803,202608,2026,2026.5836,GOV,MINIST FOR PETROLEUM,,,,,,GOV,,,NGA,NIGERIA,NGA,,,,,,,,1,010,010,01,1,0.0,1,1,1,3.90516039051604,1,Namibia,WA,WA,,-22,17,WA,1,Namibia,WA,WA,,-22,17,WA,1,Namibia,WA,WA,,-22,17,WA,20260803041500,https://www.thetidenewsonline.com/2026/08/firm-unveils-new-products-for-oil-facilities/
1316538079,20260803,202608,2026,2026.5836,GOV,STATE MINIST,,,,,,GOV,,,NGA,PORT HARCOURT,NGA,,,,,,,,1,042,042,04,1,1.9,1,1,1,3.40425531914894,5,"Rivers State, Rivers, Nigeria",NI,NI50,23058,4.75,6.83333,-2025387,4,"Port Harcourt, Rivers, Nigeria",NI,NI50,191389,4.78917,6.99861,-2025046,5,"Rivers State, Rivers, Nigeria",NI,NI50,23058,4.75,6.83333,-2025387,20260803041500,https://www.thetidenewsonline.com/2026/08/vet-doctors-vow-support-to-check-rabies-spread-in-rivers-2/
1316538080,20260803,202608,2026,2026.5836,GOV,STATE MINIST,,,,,,GOV,,,NGA,PORT HARCOURT,NGA,,,,,,,,1,042,042,04,1,1.9,1,1,1,3.40425531914894,5,"Rivers State, Rivers, Nigeria",NI,NI50,23058,4.75,6.83333,-2025387,5,"Rivers State, Rivers, Nigeria",NI,NI50,23058,4.75,6.83333,-2025387,5,"Rivers State, Rivers, Nigeria",NI,NI50,23058,4.75,6.83333,-2025387,20260803041500,https://www.thetidenewsonline.com/2026/08/vet-doctors-vow-support-to-check-rabies-spread-in-rivers-2/
1316538081,20260803,202608,2026,2026.5836,GOV,GOVERNOR,,,,,,GOV,,,NGA,NIGERIA,NGA,,,,,,,,0,051,051,05,1,3.4,1,1,1,1.46048109965636,4,"Niger Delta, Nigeria (general), Nigeria",NI,NI00,23074,4.83333,6,-2020890,4,"Niger Delta, Nigeria (general), Nigeria",NI,NI00,23074,4.83333,6,-2020890,4,"Niger Delta, Nigeria (general), Nigeria",NI,NI00,23074,4.83333,6,-2020890,20260803041500,https://www.thetidenewsonline.com/2026/08/jonathan-applauds-ncdmb-chinas-model-for-shaping-nigerias-local-content-policy/
1316538082,20260803,202608,2026,2026.5836,GOV,GOVERNOR,,,,,,GOV,,,NGA,NIGERIA,NGA,,,,,,,,0,051,051,05,1,3.4,1,1,1,1.46048109965636,5,"Bayelsa State, Bayelsa, Nigeria",NI,NI52,191393,4.75,6.08333,9098614,4,"Niger Delta, Nigeria (general), Nigeria",NI,NI00,23074,4.83333,6,-2020890,5,"Bayelsa State, Bayelsa, Nigeria",NI,NI52,191393,4.75,6.08333,9098614,20260803041500,https://www.thetidenewsonline.com/2026/08/jonathan-applauds-ncdmb-chinas-model-for-shaping-nigerias-local-content-policy/
1316538083,20260803,202608,2026,2026.5836,GOV,MINIST FOR PETROLEUM,,,,,,GOV,,,NGALEG,NIGERIA,NGA,,,,,LEG,,,1,010,010,01,1,0.0,1,1,1,3.90516039051604,1,Namibia,WA,WA,,-22,17,WA,1,Namibia,WA,WA,,-22,17,WA,1,Namibia,WA,WA,,-22,17,WA,20260803041500,https://www.thetidenewsonline.com/2026/08/firm-unveils-new-products-for-oil-facilities/
1316538084,20260803,202608,2026,2026.5836,GOV,PRESIDENT,,,,,,GOV,,,PSEREB,HAMAS,PSE,,,,,REB,,,0,030,030,03,1,4.0,6,1,6,-1.80520570948782,4,"Khan Yunis, Gaza Strip (general), Gaza Strip",GZ,GZ00,18315,31.3402,34.3063,-797165,3,"Washington, District of Columbia, United States",US,USDC,DC001,38.8951,-77.0364,531871,4,"Khan Yunis, Gaza Strip (general), Gaza Strip",GZ,GZ00,18315,31.3402,34.3063,-797165,20260803041500,https://taylorvilledailynews.com/local-news/srn-us-news/a2e0679d5f75f3e019cea24e68b1c7e2
1316538085,20260803,202608,2026,2026.5836,GOV,PRESIDENT,,,,,,GOV,,,PSEREB,HAMAS,PSE,,,,,REB,,,0,030,030,03,1,4.0,2,1,2,-1.80520570948782,4,"Khan Yunis, Gaza Strip (general), Gaza Strip",GZ,GZ00,18315,31.3402,34.3063,-797165,1,United Arab Emirates,AE,AE,,24,54,AE,4,"Khan Yunis, Gaza Strip (general), Gaza Strip",GZ,GZ00,18315,31.3402,34.3063,-797165,20260803041500,https://taylorvilledailynews.com/local-news/srn-us-news/a2e0679d5f75f3e019cea24e68b1c7e2
1316538086,20260803,202608,2026,2026.5836,GOV,ADMINISTRATION,,,,,,GOV,,,REL,PILGRIM,,,,,,,,,0,020,020,02,1,3.0,10,1,10,-3.85674931129476,0,,,,,,,,0,,,,,,,,0,,,,,,,,20260803041500,https://economictimes.indiatimes.com/news/india/kedarnath-yatra-police-seize-liquor-worth-rs-12-lakh-drugs-worth-rs-6-3-lakh/articleshow/132817589.cms
1316538087,20260803,202608,2026,2026.5836,GOV,FIRE DEPARTMENT,,,,,,GOV,,,USA,UNITED STATES,USA,,,,,,,,1,017,017,01,1,0.0,2,1,2,-7.92079207920792,3,"Geauga County, Ohio, United States",US,USOH,OH055,41.5006,-81.1665,1074040,2,"Ohio, United States",US,USOH,,40.3736,-82.7755,OH,2,"Ohio, United States",US,USOH,,40.3736,-82.7755,OH,20260803041500,https://www.whio.com/news/local/firefighter-dies-crash-department-says/625CDVQM6FB73OOF26TT5XZ4BU/
1316538088,20260803,202608,2026,2026.5836,GOV,PRIME MINISTER,,,,,,GOV,,,USA,UNITED STATES,USA,,,,,,,,0,040,040,04,1,1.0,1,1,1,-1.80520570948782,4,"Gaza, Israel (general), Israel",IS,IS00,18315,31.4167,34.3333,-797156,3,"Washington, District of Columbia, United States",US,USDC,DC001,38.8951,-77.0364,531871,4,"Gaza, Israel (general), Israel",IS,IS00,18315,31.4167,34.3333,-797156,20260803041500,https://taylorvilledailynews.com/local-news/srn-us-news/a2e0679d5f75f3e019cea24e68b1c7e2
1316538089,20260803,202608,2026,2026.5836,GOV,FIRE DEPARTMENT,,,,,,GOV,,,USAGOV,UNITED STATES,USA,,,,,GOV,,,1,017,017,01,1,0.0,1,1,1,-7.92079207920792,2,"Ohio, United States",US,USOH,,40.3736,-82.7755,OH,2,"Ohio, United States",US,USOH,,40.3736,-82.7755,OH,3,"Geauga County, Ohio, United States",US,USOH,,41.5006,-81.1665,1074040,20260803041500,https://www.whio.com/news/local/firefighter-dies-crash-department-says/625CDVQM6FB73OOF26TT5XZ4BU/
1316538090,20260803,202608,2026,2026.5836,GOV,MINIST,,,,,,GOV,,,VUT,VANUATU,VUT,,,,,,,,1,042,042,04,1,1.9,8,1,8,6.97674418604651,1,Vanuatu,NH,NH,,-16,167,NH,1,Vanuatu,NH,NH,,-16,167,NH,1,Vanuatu,NH,NH,,-16,167,NH,20260803041500,https://www.thenational.com.pg/marape-opens-chancery-in-port-villa-reaffirms-partnership/
1316538091,20260803,202608,2026,2026.5836,GOV,MINIST FOR PETROLEUM,,,,,,GOV,,,idgBUS,INDIGENOUS,,,idg,,,BUS,,,1,032,032,03,1,4.5,10,1,10,3.90516039051604,5,"Rivers State, Rivers, Nigeria",NI,NI50,23058,4.75,6.83333,-2025387,5,"Rivers State, Rivers, Nigeria",NI,NI50,23058,4.75,6.83333,-2025387,5,"Rivers State, Rivers, Nigeria",NI,NI50,23058,4.75,6.83333,-2025387,20260803041500,https://www.thetidenewsonline.com/2026/08/firm-unveils-new-products-for-oil-facilities/
1316538092,20260803,202608,2026,2026.5836,HLH,CAREGIVER,,,,,,HLH,,,COP,POLICE,,,,,,COP,,,0,010,010,01,1,0.0,4,1,4,-3.76850605652759,3,"Nashville, Tennessee, United States",US,USTN,TN037,36.1659,-86.7844,1652484,3,"Nashville, Tennessee, United States",US,USTN,TN037,36.1659,-86.7844,1652484,3,"Nashville, Tennessee, United States",US,USTN,TN037,36.1659,-86.7844,1652484,20260803041500,https://www.wsmv.com/2026/08/03/absolute-shock-witness-describes-moment-car-hit-four-pedestrians-broadway-killing-one/
1316538093,20260803,202608,2026,2026.5836,HLH,CAREGIVER,,,,,,HLH,,,COP,POLICE,,,,,,COP,,,0,010,010,01,1,0.0,6,1,6,-3.76850605652759,2,"Tennessee, United States",US,USTN,,35.7449,-86.7489,TN,2,"Tennessee, United States",US,USTN,,35.7449,-86.7489,TN,2,"Tennessee, United States",US,USTN,,35.7449,-86.7489,TN,20260803041500,https://www.wsmv.com/2026/08/03/absolute-shock-witness-describes-moment-car-hit-four-pedestrians-broadway-killing-one/
1316538094,20260803,202608,2026,2026.5836,HLH,DOCTOR,,,,,,HLH,,,JUD,JUDGE,,,,,,JUD,,,1,020,020,02,1,3.0,10,1,10,-12.8158844765343,4,"Bengaluru, Karnataka, India",IN,IN19,70159,12.9833,77.5833,-2090174,4,"Bengaluru, Karnataka, India",IN,IN19,70159,12.9833,77.5833,-2090174,4,"Bengaluru, Karnataka, India",IN,IN19,70159,12.9833,77.5833,-2090174,20260803041500,https://timesofindia.indiatimes.com/health/monsoon-infections-dont-just-cause-fever-doctor-explains-the-warning-signs-that-may-signal-the-brain-is-under-attack/articleshow/132809909.cms
1316538095,20260803,202608,2026,2026.5836,IGOEUREEC,THE EUROPEAN UNION,EUR,EEC,,,,IGO,,,,,,,,,,,,,1,120,120,12,3,-4.0,5,1,5,-3.20077594568381,1,China,CH,CH,,35,105,CH,0,,,,,,,,1,Indonesia,ID,ID,,-5,120,ID,20260803041500,https://www.thetidenewsonline.com/2026/08/global-coal-consumption-hits-record-even-as-coal-power-declines/
1316538096,20260803,202608,2026,2026.5836,IGOWAFBUSWAS,ECOWAS,WAF,WAS,,,,IGO,BUS,,,,,,,,,,,,1,051,051,05,1,3.4,14,1,14,7.39371534195933,4,"Accra, Greater Accra, Ghana",GH,GH01,190655,5.55,-0.216667,-2067935,0,,,,,,,,4,"Accra, Greater Accra, Ghana",GH,GH01,190655,5.55,-0.216667,-2067935,20260803041500,"http://businessghana.com/site/news/general/353237/ECOWAS,-partners-to-empower-women"
1316538097,20260803,202608,2026,2026.5836,IGOWAFBUSWAS,ECOWAS,WAF,WAS,,,,IGO,BUS,,GOV,GOVERNANCE,,,,,,GOV,,,0,051,051,05,1,3.4,6,1,6,7.39371534195933,4,"Accra, Greater Accra, Ghana",GH,GH01,190655,5.55,-0.216667,-2067935,4,"Accra, Greater Accra, Ghana",GH,GH01,190655,5.55,-0.216667,-2067935,4,"Maputo, Maputo, Mozambique",MZ,MZ04,41374,-25.9653,32.5892,-319029,20260803041500,"http://businessghana.com/site/news/general/353237/ECOWAS,-partners-to-empower-women"
1316538098,20260803,202608,2026,2026.5836,IGOWAFWAS,ECONOMIC COMMUNITY OF WEST AFRICAN STATES,WAF,WAS,,,,IGO,,,,,,,,,,,,,1,051,051,05,1,3.4,20,1,20,7.39371534195933,4,"Accra, Greater Accra, Ghana",GH,GH01,190655,5.55,-0.216667,-2067935,0,,,,,,,,4,"Accra, Greater Accra, Ghana",GH,GH01,190655,5.55,-0.216667,-2067935,20260803041500,"http://businessghana.com/site/news/general/353237/ECOWAS,-partners-to-empower-women"
1316538099,20260803,202608,2026,2026.5836,IND,WEST BENGAL,IND,,,,,,,,,,,,,,,,,,1,010,010,01,1,0.0,1,1,1,0,1,China,CH,CH,,35,105,CH,0,,,,,,,,1,China,CH,CH,,35,105,CH,20260803041500,https://www.thehindubusinessline.com/news/india-plans-45000-crore-rail-upgrades-along-china-pakistan-and-bangladesh-borders/article71299749.ece
1316538100,20260803,202608,2026,2026.5836,IND,UTTARAKHAND,IND,,,,,,,,,,,,,,,,,,1,060,060,06,2,6.0,5,1,5,-2.84463894967178,0,,,,,,,,0,,,,,,,,0,,,,,,,,20260803041500,https://www.newkerala.com/news/a/uttarakhand-stands-ready-extend-every-possible-assistance-cm-488.htm
1316538101,20260803,202608,2026,2026.5836,IND,PATNA,IND,,,,,,,,,,,,,,,,,,1,084,084,08,2,7.0,6,1,5,5.11727078891258,4,"Patna, Bihar, India",IN,IN34,17632,25.6,85.1167,-2107500,0,,,,,,,,4,"Patna, Bihar, India",IN,IN34,17632,25.6,85.1167,-2107500,20260803041500,https://timesofindia.indiatimes.com/entertainment/hindi/bollywood/news/batwara-1947-sunny-deol-and-karan-deol-to-visit-patna-sahib-ahead-of-the-films-release/articleshow/132817601.cms
1316538102,20260803,202608,2026,2026.5836,IND,CHENNAI,IND,,,,,,,,AGR,FARMER,,,,,,AGR,,,1,141,141,14,3,-6.5,4,1,4,-5.69476082004556,5,"Tamil Nadu, Tamil Nadu, India",IN,IN25,70248,11,78,-2112557,5,"Tamil Nadu, Tamil Nadu, India",IN,IN25,70248,11,78,-2112557,4,"Delhi, Delhi, India",IN,IN07,17911,28.6667,77.2167,-2094230,20260803041500,http://www.tennesseedaily.com/news/279220221/i-strongly-condemn-maharashtra-police-udhayanidhi-stalin-on-arrest-of-tn-farmers-heading-to-delhi-for-mekedatu-protest
1316538103,20260803,202608,2026,2026.5836,IND,KERALA,IND,,,,,,,,GOV,AUTHORITIES,,,,,,GOV,,,1,012,012,01,1,-0.4,2,1,2,-2.72727272727273,5,"Kerala, Kerala, India",IN,IN13,17699,10,76.5,-2100307,5,"Kerala, Kerala, India",IN,IN13,17699,10,76.5,-2100307,5,"Kerala, Kerala, India",IN,IN13,17699,10,76.5,-2100307,20260803041500,https://www.thehindubusinessline.com/news/kerala-on-alert-as-heavy-monsoon-rains-raise-widespread-flooding-concerns/article71299808.ece
1316538104,20260803,202608,2026,2026.5836,IND,CHENNAI,IND,,,,,,,,INDAGR,NAGPUR,IND,,,,,AGR,,,1,141,141,14,3,-6.5,1,1,1,-5.69476082004556,4,"Delhi, Delhi, India",IN,IN07,17911,28.6667,77.2167,-2094230,5,"Tamil Nadu, Tamil Nadu, India",IN,IN25,70248,11,78,-2112557,4,"Delhi, Delhi, India",IN,IN07,17911,28.6667,77.2167,-2094230,20260803041500,http://www.tennesseedaily.com/news/279220221/i-strongly-condemn-maharashtra-police-udhayanidhi-stalin-on-arrest-of-tn-farmers-heading-to-delhi-for-mekedatu-protest
1316538105,20260803,202608,2026,2026.5836,IND,CHENNAI,IND,,,,,,,,INDAGR,NAGPUR,IND,,,,,AGR,,,1,141,141,14,3,-6.5,3,1,3,-5.69476082004556,5,"Tamil Nadu, Tamil Nadu, India",IN,IN25,70248,11,78,-2112557,4,"Nagpur, Maharashtra, India",IN,IN16,17784,21.15,79.1,-2105396,4,"Delhi, Delhi, India",IN,IN07,17911,28.6667,77.2167,-2094230,20260803041500,http://www.tennesseedaily.com/news/279220221/i-strongly-condemn-maharashtra-police-udhayanidhi-stalin-on-arrest-of-tn-farmers-heading-to-delhi-for-mekedatu-protest
1316538106,20260803,202608,2026,2026.5836,IND,NEW DELHI,IND,,,,,,,,OPP,OPPOSITION LEADER,,,,,,OPP,,,1,043,043,04,1,2.8,1,1,1,-5.69476082004556,4,"Delhi, Delhi, India",IN,IN07,17911,28.6667,77.2167,-2094230,4,"Delhi, Delhi, India",IN,IN07,17911,28.6667,77.2167,-2094230,4,"Delhi, Delhi, India",IN,IN07,17911,28.6667,77.2167,-2094230,20260803041500,http://www.tennesseedaily.com/news/279220221/i-strongly-condemn-maharashtra-police-udhayanidhi-stalin-on-arrest-of-tn-farmers-heading-to-delhi-for-mekedatu-protest
1316538107,20260803,202608,2026,2026.5836,IND,WEST BENGAL,IND,,,,,,,,PAK,PAKISTAN,PAK,,,,,,,,1,010,010,01,1,0.0,4,1,4,0,1,China,CH,CH,,35,105,CH,1,China,CH,CH,,35,105,CH,1,China,CH,CH,,35,105,CH,20260803041500,https://www.thehindubusinessline.com/news/india-plans-45000-crore-rail-upgrades-along-china-pakistan-and-bangladesh-borders/article71299749.ece
1316538108,20260803,202608,2026,2026.5836,IND,NEW DELHI,IND,,,,,,,,UZBGOV,UZBEKISTAN,UZB,,,,,GOV,,,1,043,043,04,1,2.8,6,1,4,3.66436100131753,4,"New Delhi, Delhi, India",IN,IN07,17911,28.6,77.2,-2106102,4,"New Delhi, Delhi, India",IN,IN07,17911,28.6,77.2,-2106102,4,"New Delhi, Delhi, India",IN,IN07,17911,28.6,77.2,-2106102,20260803041500,https://www.newkerala.com/news/a/uzbekistan-foreign-minister-bakhtiyor-saidov-arrives-new-delhi-829.htm
1316538109,20260803,202608,2026,2026.5836,IND,NEW DELHI,IND,,,,,,,,UZBGOV,UZBEKISTAN,UZB,,,,,GOV,,,1,043,043,04,1,2.8,8,1,4,4.54545454545455,4,"New Delhi, Delhi, India",IN,IN07,17911,28.6,77.2,-2106102,1,Uzbekistan,UZ,UZ,,41.707542,63.84911,UZ,4,"New Delhi, Delhi, India",IN,IN07,17911,28.6,77.2,-2106102,20260803041500,https://www.newkerala.com/news/a/uzbekistan-foreign-minister-bakhtiyor-saidov-arrives-new-delhi-829.htm
1316538110,20260803,202608,2026,2026.5836,INDGOV,UTTARAKHAND,IND,,,,,GOV,,,,,,,,,,,,,1,040,040,04,1,1.0,10,1,10,-2.84463894967178,0,,,,,,,,0,,,,,,,,0,,,,,,,,20260803041500,https://www.newkerala.com/news/a/uttarakhand-stands-ready-extend-every-possible-assistance-cm-488.htm
1316538111,20260803,202608,2026,2026.5836,IRN,IRAN,IRN,,,,,,,,,,,,,,,,,,1,010,010,01,1,0.0,6,1,6,-3.3205619412516,1,China,CH,CH,,35,105,CH,0,,,,,,,,1,China,CH,CH,,35,105,CH,20260803041500,https://peakoil.com/publicpolicy/trump-predicted-an-oil-catastrophe-if-the-war-didnt-end-the-clock-is-ticking
1316538112,20260803,202608,2026,2026.5836,IRN,IRAN,IRN,,,,,,,,FRA,FRANCE,FRA,,,,,,,,1,120,120,12,3,-4.0,2,1,2,-3.3205619412516,4,"Moscow, Moskva, Russia",RS,RS48,25106,55.7522,37.6156,-2960561,1,Ukraine,UP,UP,,49,32,UP,4,"Moscow, Moskva, Russia",RS,RS48,25106,55.7522,37.6156,-2960561,20260803041500,https://peakoil.com/publicpolicy/trump-predicted-an-oil-catastrophe-if-the-war-didnt-end-the-clock-is-ticking
1316538113,20260803,202608,2026,2026.5836,IRN,IRAN,IRN,,,,,,,,FRA,FRANCE,FRA,,,,,,,,1,120,120,12,3,-4.0,2,1,2,-3.3205619412516,1,China,CH,CH,,35,105,CH,1,China,CH,CH,,35,105,CH,1,China,CH,CH,,35,105,CH,20260803041500,https://peakoil.com/publicpolicy/trump-predicted-an-oil-catastrophe-if-the-war-didnt-end-the-clock-is-ticking
1316538114,20260803,202608,2026,2026.5836,IRN,IRANIAN,IRN,,,,,,,,USABUS,A US,USA,,,,,BUS,,,1,190,190,19,4,-10.0,10,1,10,-3.92156862745098,1,China,CH,CH,,35,105,CH,1,China,CH,CH,,35,105,CH,1,China,CH,CH,,35,105,CH,20260803041500,https://investinglive.com/news/market-moving-news-for-asian-trading-on-3-august-oil-slumps-on-trump-s-iran-claims/
1316538115,20260803,202608,2026,2026.5836,IRN,IRANIAN,IRN,,,,,,,,USABUS,A US,USA,,,,,BUS,,,1,194,194,19,4,-10.0,4,1,4,-3.92156862745098,4,"Tehran, Tehran, Iran",IR,IR26,41130,35.75,51.5148,10074674,4,"Tehran, Tehran, Iran",IR,IR26,41130,35.75,51.5148,10074674,4,"Tehran, Tehran, Iran",IR,IR26,41130,35.75,51.5148,10074674,20260803041500,https://investinglive.com/news/market-moving-news-for-asian-trading-on-3-august-oil-slumps-on-trump-s-iran-claims/
1316538116,20260803,202608,2026,2026.5836,IRN,IRANIAN,IRN,,,,,,,,USABUS,A US,USA,,,,,BUS,,,1,194,194,19,4,-10.0,6,1,6,-3.92156862745098,4,"Tehran, Tehran, Iran",IR,IR26,41130,35.75,51.5148,10074674,1,United Kingdom,UK,UK,,54,-4,UK,4,"Tehran, Tehran, Iran",IR,IR26,41130,35.75,51.5148,10074674,20260803041500,https://investinglive.com/news/market-moving-news-for-asian-trading-on-3-august-oil-slumps-on-trump-s-iran-claims/
1316538117,20260803,202608,2026,2026.5836,IRNGOV,IRAN,IRN,,,,,GOV,,,MIL,MILITARY,,,,,,MIL,,,1,130,130,13,3,-4.4,1,1,1,-5.92105263157895,4,"Tehran, Tehran, Iran",IR,IR26,41130,35.75,51.5148,10074674,4,"Tehran, Tehran, Iran",IR,IR26,41130,35.75,51.5148,10074674,4,"Tehran, Tehran, Iran",IR,IR26,41130,35.75,51.5148,10074674,20260803041500,"https://www.shippingtribune.com/news/shipping/Oil+drops+to+3-wk+low+as+Trump+calls+off+Iran+strike,+announces+fresh+talks"
1316538118,20260803,202608,2026,2026.5836,ISR,ISRAELI,ISR,,,,,,,,,,,,,,,,,,0,020,020,02,1,3.0,7,1,7,-1.80520570948782,4,"Gaza, Israel (general), Israel",IS,IS00,18315,31.4167,34.3333,-797156,0,,,,,,,,4,"Gaza, Israel (general), Israel",IS,IS00,18315,31.4167,34.3333,-797156,20260803041500,https://taylorvilledailynews.com/local-news/srn-us-news/a2e0679d5f75f3e019cea24e68b1c7e2
1316538119,20260803,202608,2026,2026.5836,ISR,ISRAEL,ISR,,,,,,,,,,,,,,,,,,0,026,026,02,1,4.0,4,1,4,-1.80520570948782,4,"Gaza, Israel (general), Israel",IS,IS00,18315,31.4167,34.3333,-797156,0,,,,,,,,4,"Gaza, Israel (general), Israel",IS,IS00,18315,31.4167,34.3333,-797156,20260803041500,https://taylorvilledailynews.com/local-news/srn-us-news/a2e0679d5f75f3e019cea24e68b1c7e2
1316538120,20260803,202608,2026,2026.5836,ISR,ISRAEL,ISR,,,,,,,,,,,,,,,,,,1,030,030,03,1,4.0,6,1,6,-1.80520570948782,4,"Gaza, Israel (general), Israel",IS,IS00,18315,31.4167,34.3333,-797156,0,,,,,,,,4,"Gaza, Israel (general), Israel",IS,IS00,18315,31.4167,34.3333,-797156,20260803041500,https://taylorvilledailynews.com/local-news/srn-us-news/a2e0679d5f75f3e019cea24e68b1c7e2
1316538121,20260803,202608,2026,2026.5836,ISR,ISRAEL,ISR,,,,,,,,,,,,,,,,,,0,0873,087,08,2,9.0,2,1,2,-1.80520570948782,4,"Gaza, Israel (general), Israel",IS,IS00,18315,31.4167,34.3333,-797156,0,,,,,,,,4,"Gaza, Israel (general), Israel",IS,IS00,18315,31.4167,34.3333,-797156,20260803041500,https://taylorvilledailynews.com/local-news/srn-us-news/a2e0679d5f75f3e019cea24e68b1c7e2
1316538122,20260803,202608,2026,2026.5836,ISR,ISRAEL,ISR,,,,,,,,,,,,,,,,,,0,0874,087,08,2,10.0,1,1,1,-1.80520570948782,4,"Gaza, Israel (general), Israel",IS,IS00,18315,31.4167,34.3333,-797156,0,,,,,,,,4,"Sharm El Sheikh, Janub Sina', Egypt",EG,EG26,66041,27.8518,34.305,-302053,20260803041500,https://taylorvilledailynews.com/local-news/srn-us-news/a2e0679d5f75f3e019cea24e68b1c7e2
1316538123,20260803,202608,2026,2026.5836,ISR,ISRAEL,ISR,,,,,,,,,,,,,,,,,,0,110,110,11,3,-2.0,2,1,2,-1.80520570948782,4,"Gaza, Israel (general), Israel",IS,IS00,18315,31.4167,34.3333,-797156,0,,,,,,,,4,"Gaza, Israel (general), Israel",IS,IS00,18315,31.4167,34.3333,-797156,20260803041500,https://taylorvilledailynews.com/local-news/srn-us-news/a2e0679d5f75f3e019cea24e68b1c7e2
1316538124,20260803,202608,2026,2026.5836,ISR,ISRAELI,ISR,,,,,,,,,,,,,,,,,,0,154,154,15,4,-7.2,3,1,3,-1.80520570948782,4,"Gaza, Israel (general), Israel",IS,IS00,18315,31.4167,34.3333,-797156,0,,,,,,,,4,"Gaza, Israel (general), Israel",IS,IS00,18315,31.4167,34.3333,-797156,20260803041500,https://taylorvilledailynews.com/local-news/srn-us-news/a2e0679d5f75f3e019cea24e68b1c7e2
1316538125,20260803,202608,2026,2026.5836,ISR,ISRAEL,ISR,,,,,,,,ARE,UNITED ARAB EMIRATES,ARE,,,,,,,,1,030,030,03,1,4.0,4,1,4,-1.80520570948782,4,"Gaza, Israel (general), Israel",IS,IS00,18315,31.4167,34.3333,-797156,1,United Arab Emirates,AE,AE,,24,54,AE,4,"Gaza, Israel (general), Israel",IS,IS00,18315,31.4167,34.3333,-797156,20260803041500,https://taylorvilledailynews.com/local-news/srn-us-news/a2e0679d5f75f3e019cea24e68b1c7e2
1316538126,20260803,202608,2026,2026.5836,ISR,ISRAEL,ISR,,,,,,,,EGY,EGYPTIAN,EGY,,,,,,,,0,040,040,04,1,1.0,2,1,2,-1.80520570948782,4,"Gaza, Israel (general), Israel",IS,IS00,18315,31.4167,34.3333,-797156,4,"Cairo, Al Qahirah, Egypt",EG,EG11,65350,30.05,31.25,-290692,4,"Gaza, Israel (general), Israel",IS,IS00,18315,31.4167,34.3333,-797156,20260803041500,https://taylorvilledailynews.com/local-news/srn-us-news/a2e0679d5f75f3e019cea24e68b1c7e2
1316538127,20260803,202608,2026,2026.5836,ISR,ISRAEL,ISR,,,,,,,,EGY,EGYPTIAN,EGY,,,,,,,,0,040,040,04,1,1.0,2,1,2,-1.80520570948782,4,"Gaza, Israel (general), Israel",IS,IS00,18315,31.4167,34.3333,-797156,4,"Gaza, Israel (general), Israel",IS,IS00,18315,31.4167,34.3333,-797156,4,"Cairo, Al Qahirah, Egypt",EG,EG11,65350,30.05,31.25,-290692,20260803041500,https://taylorvilledailynews.com/local-news/srn-us-news/a2e0679d5f75f3e019cea24e68b1c7e2
1316538128,20260803,202608,2026,2026.5836,ISR,ISRAEL,ISR,,,,,,,,EGY,EGYPT,EGY,,,,,,,,0,0874,087,08,2,10.0,2,1,2,-1.80520570948782,4,"Gaza, Israel (general), Israel",IS,IS00,18315,31.4167,34.3333,-797156,4,"Sharm El Sheikh, Janub Sina', Egypt",EG,EG26,66041,27.8518,34.305,-302053,4,"Sharm El Sheikh, Janub Sina', Egypt",EG,EG26,66041,27.8518,34.305,-302053,20260803041500,https://taylorvilledailynews.com/local-news/srn-us-news/a2e0679d5f75f3e019cea24e68b1c7e2
1316538129,20260803,202608,2026,2026.5836,ISR,ISRAELI,ISR,,,,,,,,EGY,EGYPTIAN,EGY,,,,,,,,0,120,120,12,3,-4.0,10,1,10,-1.80520570948782,4,"Gaza, Israel (general), Israel",IS,IS00,18315,31.4167,34.3333,-797156,4,"Cairo, Al Qahirah, Egypt",EG,EG11,65350,30.05,31.25,-290692,4,"Gaza, Israel (general), Israel",IS,IS00,18315,31.4167,34.3333,-797156,20260803041500,https://taylorvilledailynews.com/local-news/srn-us-news/a2e0679d5f75f3e019cea24e68b1c7e2
1316538130,20260803,202608,2026,2026.5836,ISR,ISRAEL,ISR,,,,,,,,EGYGOV,EGYPT,EGY,,,,,GOV,,,0,040,040,04,1,1.0,2,1,2,-1.80520570948782,4,"Gaza, Israel (general), Israel",IS,IS00,18315,31.4167,34.3333,-797156,4,"Cairo, Al Qahirah, Egypt",EG,EG11,65350,30.05,31.25,-290692,4,"Cairo, Al Qahirah, Egypt",EG,EG11,65350,30.05,31.25,-290692,20260803041500,https://taylorvilledailynews.com/local-news/srn-us-news/a2e0679d5f75f3e019cea24e68b1c7e2
1316538131,20260803,202608,2026,2026.5836,ISR,ISRAEL,ISR,,,,,,,,GOV,PRIME MINISTER,,,,,,GOV,,,0,040,040,04,1,1.0,6,1,6,-1.80520570948782,4,"Gaza, Israel (general), Israel",IS,IS00,18315,31.4167,34.3333,-797156,4,"Gaza, Israel (general), Israel",IS,IS00,18315,31.4167,34.3333,-797156,4,"Gaza, Israel (general), Israel",IS,IS00,18315,31.4167,34.3333,-797156,20260803041500,https://taylorvilledailynews.com/local-news/srn-us-news/a2e0679d5f75f3e019cea24e68b1c7e2
1316538132,20260803,202608,2026,2026.5836,ISR,ISRAELI,ISR,,,,,,,,ISRCOP,ISRAEL,ISR,,,,,COP,,,0,154,154,15,4,-7.2,2,1,2,-1.80520570948782,4,"Gaza, Israel (general), Israel",IS,IS00,18315,31.4167,34.3333,-797156,4,"Gaza, Israel (general), Israel",IS,IS00,18315,31.4167,34.3333,-797156,4,"Gaza, Israel (general), Israel",IS,IS00,18315,31.4167,34.3333,-797156,20260803041500,https://taylorvilledailynews.com/local-news/srn-us-news/a2e0679d5f75f3e019cea24e68b1c7e2
1316538133,20260803,202608,2026,2026.5836,ISR,ISRAELI,ISR,,,,,,,,MED,MEDIA,,,,,,MED,,,0,010,010,01,1,0.0,3,1,3,-1.80520570948782,4,"Gaza, Israel (general), Israel",IS,IS00,18315,31.4167,34.3333,-797156,4,"Gaza, Israel (general), Israel",IS,IS00,18315,31.4167,34.3333,-797156,4,"Gaza, Israel (general), Israel",IS,IS00,18315,31.4167,34.3333,-797156,20260803041500,https://taylorvilledailynews.com/local-news/srn-us-news/a2e0679d5f75f3e019cea24e68b1c7e2
1316538134,20260803,202608,2026,2026.5836,ISR,ISRAELI,ISR,,,,,,,,MED,MEDIA,,,,,,MED,,,0,013,013,01,1,0.4,7,1,7,-1.80520570948782,4,"Gaza, Israel (general), Israel",IS,IS00,18315,31.4167,34.3333,-797156,4,"Gaza, Israel (general), Israel",IS,IS00,18315,31.4167,34.3333,-797156,4,"Gaza, Israel (general), Israel",IS,IS00,18315,31.4167,34.3333,-797156,20260803041500,https://taylorvilledailynews.com/local-news/srn-us-news/a2e0679d5f75f3e019cea24e68b1c7e2
1316538135,20260803,202608,2026,2026.5836,ISR,ISRAEL,ISR,,,,,,,,PSE,GAZA,PSE,,,,,,,,1,010,010,01,1,0.0,3,1,3,-1.80520570948782,4,"Gaza, Israel (general), Israel",IS,IS00,18315,31.4167,34.3333,-797156,4,"Gaza, Israel (general), Israel",IS,IS00,18315,31.4167,34.3333,-797156,4,"Gaza, Israel (general), Israel",IS,IS00,18315,31.4167,34.3333,-797156,20260803041500,https://taylorvilledailynews.com/local-news/srn-us-news/a2e0679d5f75f3e019cea24e68b1c7e2
1316538136,20260803,202608,2026,2026.5836,ISR,ISRAEL,ISR,,,,,,,,PSE,GAZA,PSE,,,,,,,,0,026,026,02,1,4.0,6,1,6,-1.80520570948782,4,"Gaza, Israel (general), Israel",IS,IS00,18315,31.4167,34.3333,-797156,4,"Gaza, Israel (general), Israel",IS,IS00,18315,31.4167,34.3333,-797156,4,"Gaza, Israel (general), Israel",IS,IS00,18315,31.4167,34.3333,-797156,20260803041500,https://taylorvilledailynews.com/local-news/srn-us-news/a2e0679d5f75f3e019cea24e68b1c7e2
1316538137,20260803,202608,2026,2026.5836,ISR,ISRAEL,ISR,,,,,,,,PSE,GAZA,PSE,,,,,,,,1,0871,087,08,2,9.0,1,1,1,-1.80520570948782,4,"Gaza, Israel (general), Israel",IS,IS00,18315,31.4167,34.3333,-797156,4,"Gaza, Israel (general), Israel",IS,IS00,18315,31.4167,34.3333,-797156,4,"Gaza, Israel (general), Israel",IS,IS00,18315,31.4167,34.3333,-797156,20260803041500,https://taylorvilledailynews.com/local-news/srn-us-news/a2e0679d5f75f3e019cea24e68b1c7e2
1316538138,20260803,202608,2026,2026.5836,ISR,ISRAEL,ISR,,,,,,,,PSE,GAZA,PSE,,,,,,,,1,0871,087,08,2,9.0,1,1,1,-1.80520570948782,4,"Gaza, Israel (general), Israel",IS,IS00,18315,31.4167,34.3333,-797156,1,United Arab Emirates,AE,AE,,24,54,AE,4,"Gaza, Israel (general), Israel",IS,IS00,18315,31.4167,34.3333,-797156,20260803041500,https://taylorvilledailynews.com/local-news/srn-us-news/a2e0679d5f75f3e019cea24e68b1c7e2
1316538139,20260803,202608,2026,2026.5836,ISR,ISRAEL,ISR,,,,,,,,PSE,GAZA,PSE,,,,,,,,1,160,160,16,4,-4.0,2,1,2,-1.80520570948782,4,"Gaza, Israel (general), Israel",IS,IS00,18315,31.4167,34.3333,-797156,4,"Gaza, Israel (general), Israel",IS,IS00,18315,31.4167,34.3333,-797156,4,"Gaza, Israel (general), Israel",IS,IS00,18315,31.4167,34.3333,-797156,20260803041500,https://taylorvilledailynews.com/local-news/srn-us-news/a2e0679d5f75f3e019cea24e68b1c7e2
1316538140,20260803,202608,2026,2026.5836,ISR,ISRAEL,ISR,,,,,,,,PSEREBGOV,HAMAS,PSE,,,,,REB,GOV,,0,110,110,11,3,-2.0,2,1,2,-1.80520570948782,4,"Gaza, Israel (general), Israel",IS,IS00,18315,31.4167,34.3333,-797156,4,"Gaza, Israel (general), Israel",IS,IS00,18315,31.4167,34.3333,-797156,4,"Gaza, Israel (general), Israel",IS,IS00,18315,31.4167,34.3333,-797156,20260803041500,https://taylorvilledailynews.com/local-news/srn-us-news/a2e0679d5f75f3e019cea24e68b1c7e2
1316538141,20260803,202608,2026,2026.5836,ISR,ISRAEL,ISR,,,,,,,,PSEREBGOV,HAMAS,PSE,,,,,REB,GOV,,0,120,120,12,3,-4.0,2,1,2,-1.80520570948782,4,"Gaza, Israel (general), Israel",IS,IS00,18315,31.4167,34.3333,-797156,4,"Gaza, Israel (general), Israel",IS,IS00,18315,31.4167,34.3333,-797156,4,"Gaza, Israel (general), Israel",IS,IS00,18315,31.4167,34.3333,-797156,20260803041500,https://taylorvilledailynews.com/local-news/srn-us-news/a2e0679d5f75f3e019cea24e68b1c7e2
1316538142,20260803,202608,2026,2026.5836,ISR,ISRAEL,ISR,,,,,,,,SGP,SINGAPORE,SGP,,,,,,,,1,061,061,06,2,6.4,10,1,10,-1.82291666666667,1,Israel,IS,IS,,31.5,34.75,IS,1,Singapore,SN,SN,,1.366667,103.8,SN,1,Israel,IS,IS,,31.5,34.75,IS,20260803041500,http://www.strategypage.com/%5Chtmw%5Chtsurf%5Carticles%5C2026073164627.aspx
1316538143,20260803,202608,2026,2026.5836,ISR,ISRAEL,ISR,,,,,,,,USA,WASHINGTON,USA,,,,,,,,0,012,012,01,1,-0.4,1,1,1,-1.80520570948782,4,"Gaza, Israel (general), Israel",IS,IS00,18315,31.4167,34.3333,-797156,4,"Gaza, Israel (general), Israel",IS,IS00,18315,31.4167,34.3333,-797156,4,"Gaza, Israel (general), Israel",IS,IS00,18315,31.4167,34.3333,-797156,20260803041500,https://taylorvilledailynews.com/local-news/srn-us-news/a2e0679d5f75f3e019cea24e68b1c7e2
1316538144,20260803,202608,2026,2026.5836,ISR,ISRAEL,ISR,,,,,,,,USA,WASHINGTON,USA,,,,,,,,0,012,012,01,1,-0.4,1,1,1,-1.80520570948782,4,"Gaza, Israel (general), Israel",IS,IS00,18315,31.4167,34.3333,-797156,3,"Washington, District of Columbia, United States",US,USDC,DC001,38.8951,-77.0364,531871,4,"Gaza, Israel (general), Israel",IS,IS00,18315,31.4167,34.3333,-797156,20260803041500,https://taylorvilledailynews.com/local-news/srn-us-news/a2e0679d5f75f3e019cea24e68b1c7e2
1316538145,20260803,202608,2026,2026.5836,ISR,ISRAEL,ISR,,,,,,,,USA,UNITED STATES,USA,,,,,,,,0,051,051,05,1,3.4,1,1,1,-1.80520570948782,4,"Gaza, Israel (general), Israel",IS,IS00,18315,31.4167,34.3333,-797156,4,"Gaza, Israel (general), Israel",IS,IS00,18315,31.4167,34.3333,-797156,4,"Gaza, Israel (general), Israel",IS,IS00,18315,31.4167,34.3333,-797156,20260803041500,https://taylorvilledailynews.com/local-news/srn-us-news/a2e0679d5f75f3e019cea24e68b1c7e2
1316538146,20260803,202608,2026,2026.5836,ISR,ISRAEL,ISR,,,,,,,,USA,WASHINGTON,USA,,,,,,,,0,051,051,05,1,3.4,2,1,2,-1.80520570948782,4,"Gaza, Israel (general), Israel",IS,IS00,18315,31.4167,34.3333,-797156,3,"Washington, District of Columbia, United States",US,USDC,DC001,38.8951,-77.0364,531871,3,"Washington, District of Columbia, United States",US,USDC,DC001,38.8951,-77.0364,531871,20260803041500,https://taylorvilledailynews.com/local-news/srn-us-news/a2e0679d5f75f3e019cea24e68b1c7e2
1316538147,20260803,202608,2026,2026.5836,ISR,ISRAEL,ISR,,,,,,,,USA,UNITED STATES,USA,,,,,,,,0,100,100,10,3,-5.0,1,1,1,-1.80520570948782,4,"Gaza, Israel (general), Israel",IS,IS00,18315,31.4167,34.3333,-797156,4,"Gaza, Israel (general), Israel",IS,IS00,18315,31.4167,34.3333,-797156,3,"Washington, District of Columbia, United States",US,USDC,DC001,38.8951,-77.0364,531871,20260803041500,https://taylorvilledailynews.com/local-news/srn-us-news/a2e0679d5f75f3e019cea24e68b1c7e2
1316538148,20260803,202608,2026,2026.5836,ISR,ISRAEL,ISR,,,,,,,,USA,WASHINGTON,USA,,,,,,,,0,100,100,10,3,-5.0,2,1,2,-1.80520570948782,4,"Gaza, Israel (general), Israel",IS,IS00,18315,31.4167,34.3333,-797156,3,"Washington, District of Columbia, United States",US,USDC,DC001,38.8951,-77.0364,531871,3,"Washington, District of Columbia, United States",US,USDC,DC001,38.8951,-77.0364,531871,20260803041500,https://taylorvilledailynews.com/local-news/srn-us-news/a2e0679d5f75f3e019cea24e68b1c7e2
1316538149,20260803,202608,2026,2026.5836,ITA,ITALY,ITA,,,,,,,,ESP,SPAIN,ESP,,,,,,,,0,160,160,16,4,-4.0,1,1,1,-3.82513661202186,1,Italy,IT,IT,,42.833333,12.833333,IT,1,Italy,IT,IT,,42.833333,12.833333,IT,1,Italy,IT,IT,,42.833333,12.833333,IT,20260803041500,https://www.christiandaily.com/news/evangelical-pastor-in-ceuta-calls-for-prayer-as-death-toll-climbs-and-migrants-turn-back
1316538150,20260803,202608,2026,2026.5836,ITA,ITALY,ITA,,,,,,,,ESP,SPAIN,ESP,,,,,,,,0,160,160,16,4,-4.0,4,1,4,-3.82513661202186,1,Italy,IT,IT,,42.833333,12.833333,IT,1,Spain,SP,SP,,40,-4,SP,1,Italy,IT,IT,,42.833333,12.833333,IT,20260803041500,https://www.christiandaily.com/news/evangelical-pastor-in-ceuta-calls-for-prayer-as-death-toll-climbs-and-migrants-turn-back
1316538151,20260803,202608,2026,2026.5836,JPN,JAPAN,JPN,,,,,,,,,,,,,,,,,,0,010,010,01,1,0.0,1,1,1,-12.8158844765343,1,Japan,JA,JA,,36,138,JA,0,,,,,,,,4,"Bengaluru, Karnataka, India",IN,IN19,70159,12.9833,77.5833,-2090174,20260803041500,https://timesofindia.indiatimes.com/health/monsoon-infections-dont-just-cause-fever-doctor-explains-the-warning-signs-that-may-signal-the-brain-is-under-attack/articleshow/132809909.cms
1316538152,20260803,202608,2026,2026.5836,JPN,JAPANESE,JPN,,,,,,,,,,,,,,,,,,1,036,036,03,1,4.0,8,1,8,0.5050505050505,4,"Osaka, Osaka, Japan",JA,JA32,35840,34.6667,135.5,-240905,0,,,,,,,,4,"Osaka, Osaka, Japan",JA,JA32,35840,34.6667,135.5,-240905,20260803041500,https://www.allkpop.com/article/2026/08/boynextdoor-announce-september-comeback-during-busan-concert
1316538153,20260803,202608,2026,2026.5836,JPN,JAPAN,JPN,,,,,,,,,,,,,,,,,,1,036,036,03,1,4.0,2,1,2,0.5050505050505,4,"Seoul, Soul-t'ukpyolsi, South Korea",KS,KS11,24984,37.5664,127,-716583,0,,,,,,,,4,"Seoul, Soul-t'ukpyolsi, South Korea",KS,KS11,24984,37.5664,127,-716583,20260803041500,https://www.allkpop.com/article/2026/08/boynextdoor-announce-september-comeback-during-busan-concert
1316538154,20260803,202608,2026,2026.5836,JPN,JAPANESE,JPN,,,,,,,,,,,,,,,,,,1,084,084,08,2,7.0,9,1,9,1.86335403726708,4,"Tokyo, Tokyo, Japan",JA,JA40,36340,35.685,139.751,-246227,0,,,,,,,,4,"Tokyo, Tokyo, Japan",JA,JA40,36340,35.685,139.751,-246227,20260803041500,https://www.allkpop.com/article/2026/08/tomorrow-x-together-preview-new-song-at-tokyo-fireworks-festival
1316538155,20260803,202608,2026,2026.5836,JPN,TOKYO,JPN,,,,,,,,,,,,,,,,,,1,090,090,09,2,-2.0,8,1,8,12.5,4,"Tokyo, Tokyo, Japan",JA,JA40,36340,35.685,139.751,-246227,0,,,,,,,,4,"Tokyo, Tokyo, Japan",JA,JA40,36340,35.685,139.751,-246227,20260803041500,https://www.straight.com/listings/events/1467309
1316538156,20260803,202608,2026,2026.5836,JUD,PROSECUTOR,,,,,,JUD,,,,,,,,,,,,,1,020,020,02,1,3.0,15,1,10,-6.33540372670808,2,"District of Columbia, United States",US,USDC,,38.8964,-77.0262,DC,0,,,,,,,,2,"District of Columbia, United States",US,USDC,,38.8964,-77.0262,DC,20260803041500,https://wvmetronews.com/2026/08/02/pirro-chose-justice-over-trump/
1316538157,20260803,202608,2026,2026.5836,JUD,JUDGE,,,,,,JUD,,,,,,,,,,,,,0,040,040,04,1,1.0,10,1,10,-4.98960498960499,4,"Beirut, Beyrouth, Lebanon",LE,LE04,18808,33.8719,35.5097,-801546,0,,,,,,,,4,"Beirut, Beyrouth, Lebanon",LE,LE04,18808,33.8719,35.5097,-801546,20260803041500,https://yalibnan.com/2026/08/03/the-big-lie-the-fpm-cannot-rewrite-its-role-in-the-beirut-port-catastrophe/
1316538158,20260803,202608,2026,2026.5836,JUD,MAGISTRATE,,,,,,JUD,,,JORELI,HASSAN,JOR,,,,,ELI,,,1,010,010,01,1,0.0,4,1,4,-3.8961038961039,1,Maldives,MV,MV,,3.2,73,MV,1,Maldives,MV,MV,,3.2,73,MV,1,Maldives,MV,MV,,3.2,73,MV,20260803041500,https://maldivesindependent.com/news-in-brief/mdp-protest-waste-segregation-and-subsidy-budget-da90
1316538159,20260803,202608,2026,2026.5836,JUD,MAGISTRATE,,,,,,JUD,,,JORELI,HASSAN,JOR,,,,,ELI,,,1,0214,021,02,1,3.4,4,1,4,-3.8961038961039,1,Maldives,MV,MV,,3.2,73,MV,1,Maldives,MV,MV,,3.2,73,MV,1,Maldives,MV,MV,,3.2,73,MV,20260803041500,https://maldivesindependent.com/news-in-brief/mdp-protest-waste-segregation-and-subsidy-budget-da90
1316538160,20260803,202608,2026,2026.5836,JUD,MAGISTRATE,,,,,,JUD,,,MDV,MALDIVE,MDV,,,,,,,,1,010,010,01,1,0.0,1,1,1,-3.8961038961039,1,Maldives,MV,MV,,3.2,73,MV,1,Maldives,MV,MV,,3.2,73,MV,1,Maldives,MV,MV,,3.2,73,MV,20260803041500,https://maldivesindependent.com/news-in-brief/mdp-protest-waste-segregation-and-subsidy-budget-da90
1316538161,20260803,202608,2026,2026.5836,JUD,MAGISTRATE,,,,,,JUD,,,MDV,MALDIVE,MDV,,,,,,,,1,0214,021,02,1,3.4,1,1,1,-3.8961038961039,1,Maldives,MV,MV,,3.2,73,MV,1,Maldives,MV,MV,,3.2,73,MV,1,Maldives,MV,MV,,3.2,73,MV,20260803041500,https://maldivesindependent.com/news-in-brief/mdp-protest-waste-segregation-and-subsidy-budget-da90
1316538162,20260803,202608,2026,2026.5836,KOR,SEOUL,KOR,,,,,,,,,,,,,,,,,,1,017,017,01,1,0.0,10,1,10,3.68421052631579,1,Saudi Arabia,SA,SA,,25,45,SA,0,,,,,,,,1,Saudi Arabia,SA,SA,,25,45,SA,20260803041500,https://www.allkpop.com/article/2026/08/onf-celebrate-9th-anniversary-with-special-busking-at-seoul-land-plaza
1316538163,20260803,202608,2026,2026.5836,KOR,BUSAN,KOR,,,,,,,,JPN,JAPANESE,JPN,,,,,,,,1,084,084,08,2,7.0,8,1,8,0.5050505050505,4,"Seoul, Soul-t'ukpyolsi, South Korea",KS,KS11,24984,37.5664,127,-716583,4,"Seoul, Soul-t'ukpyolsi, South Korea",KS,KS11,24984,37.5664,127,-716583,4,"Seoul, Soul-t'ukpyolsi, South Korea",KS,KS11,24984,37.5664,127,-716583,20260803041500,https://www.allkpop.com/article/2026/08/boynextdoor-announce-september-comeback-during-busan-concert
1316538164,20260803,202608,2026,2026.5836,LAB,EMPLOYEE,,,,,,LAB,,,USA,UNITED STATES,USA,,,,,,,,1,110,110,11,3,-2.0,1,1,1,-3.48639455782312,3,"Boston, Massachusetts, United States",US,USMA,MA025,42.3584,-71.0598,617565,3,"Boston, Massachusetts, United States",US,USMA,MA025,42.3584,-71.0598,617565,3,"Boston, Massachusetts, United States",US,USMA,MA025,42.3584,-71.0598,617565,20260803041500,https://www.yourdemocracy.net.au/drupal/node/60675
1316538165,20260803,202608,2026,2026.5836,LAB,EMPLOYEE,,,,,,LAB,,,USA,UNITED STATES,USA,,,,,,,,1,190,190,19,4,-10.0,2,1,2,-3.48639455782312,3,"Boston, Massachusetts, United States",US,USMA,MA025,42.3584,-71.0598,617565,3,"Boston, Massachusetts, United States",US,USMA,MA025,42.3584,-71.0598,617565,3,"Boston, Massachusetts, United States",US,USMA,MA025,42.3584,-71.0598,617565,20260803041500,https://www.yourdemocracy.net.au/drupal/node/60675
1316538166,20260803,202608,2026,2026.5836,LAB,WORKER,,,,,,LAB,,,USAMED,REUTERS,USA,,,,,MED,,,0,010,010,01,1,0.0,10,1,10,-3.82513661202186,1,Spain,SP,SP,,40,-4,SP,1,Spain,SP,SP,,40,-4,SP,1,Spain,SP,SP,,40,-4,SP,20260803041500,https://www.christiandaily.com/news/evangelical-pastor-in-ceuta-calls-for-prayer-as-death-toll-climbs-and-migrants-turn-back
1316538167,20260803,202608,2026,2026.5836,LBN,BEIRUT,LBN,,,,,,,,,,,,,,,,,,1,020,020,02,1,3.0,10,1,10,-4.98960498960499,4,"Beirut, Beyrouth, Lebanon",LE,LE04,18808,33.8719,35.5097,-801546,0,,,,,,,,4,"Beirut, Beyrouth, Lebanon",LE,LE04,18808,33.8719,35.5097,-801546,20260803041500,https://yalibnan.com/2026/08/03/the-big-lie-the-fpm-cannot-rewrite-its-role-in-the-beirut-port-catastrophe/
1316538168,20260803,202608,2026,2026.5836,LBN,LEBANON,LBN,,,,,,,,PSEREB,HAMAS,PSE,,,,,REB,,,1,194,194,19,4,-10.0,10,1,10,-5.0314465408805,4,"Gaza, Israel (general), Israel",IS,IS00,18315,31.4167,34.3333,-797156,4,"Gaza, Israel (general), Israel",IS,IS00,18315,31.4167,34.3333,-797156,4,"Gaza, Israel (general), Israel",IS,IS00,18315,31.4167,34.3333,-797156,20260803041500,http://www.strategypage.com/%5Chtmw%5Chtada%5Carticles%5C2026080275543.aspx
1316538169,20260803,202608,2026,2026.5836,LBN,LEBANON,LBN,,,,,,,,SYR,SYRIA,SYR,,,,,,,,1,112,112,11,3,-2.0,10,1,10,-4.98960498960499,4,"Beirut, Beyrouth, Lebanon",LE,LE04,18808,33.8719,35.5097,-801546,4,"Beirut, Beyrouth, Lebanon",LE,LE04,18808,33.8719,35.5097,-801546,4,"Beirut, Beyrouth, Lebanon",LE,LE04,18808,33.8719,35.5097,-801546,20260803041500,https://yalibnan.com/2026/08/03/the-big-lie-the-fpm-cannot-rewrite-its-role-in-the-beirut-port-catastrophe/
1316538170,20260803,202608,2026,2026.5836,LBN,LEBANON,LBN,,,,,,,,USA,PHOENIX,USA,,,,,,,,0,040,040,04,1,1.0,2,1,2,-4.98960498960499,4,"Beirut, Beyrouth, Lebanon",LE,LE04,18808,33.8719,35.5097,-801546,4,"Beirut, Beyrouth, Lebanon",LE,LE04,18808,33.8719,35.5097,-801546,4,"Beirut, Beyrouth, Lebanon",LE,LE04,18808,33.8719,35.5097,-801546,20260803041500,https://yalibnan.com/2026/08/03/the-big-lie-the-fpm-cannot-rewrite-its-role-in-the-beirut-port-catastrophe/
1316538171,20260803,202608,2026,2026.5836,LBNGOV,LEBANON,LBN,,,,,GOV,,,LBNELI,MICHEL AOUN,LBN,,,,,ELI,,,0,010,010,01,1,0.0,10,1,10,-4.98960498960499,4,"Beirut, Beyrouth, Lebanon",LE,LE04,18808,33.8719,35.5097,-801546,4,"Beirut, Beyrouth, Lebanon",LE,LE04,18808,33.8719,35.5097,-801546,4,"Beirut, Beyrouth, Lebanon",LE,LE04,18808,33.8719,35.5097,-801546,20260803041500,https://yalibnan.com/2026/08/03/the-big-lie-the-fpm-cannot-rewrite-its-role-in-the-beirut-port-catastrophe/
1316538172,20260803,202608,2026,2026.5836,LBNGOV,LEBANON,LBN,,,,,GOV,,,LBNELI,MICHEL AOUN,LBN,,,,,ELI,,,0,015,015,01,1,0.0,10,1,10,-4.98960498960499,4,"Beirut, Beyrouth, Lebanon",LE,LE04,18808,33.8719,35.5097,-801546,4,"Beirut, Beyrouth, Lebanon",LE,LE04,18808,33.8719,35.5097,-801546,4,"Beirut, Beyrouth, Lebanon",LE,LE04,18808,33.8719,35.5097,-801546,20260803041500,https://yalibnan.com/2026/08/03/the-big-lie-the-fpm-cannot-rewrite-its-role-in-the-beirut-port-catastrophe/
1316538173,20260803,202608,2026,2026.5836,LEG,SENATE,,,,,,LEG,,,AUS,MURRAY,AUS,,,,,,,,0,084,084,08,2,7.0,6,1,6,-4.58970792767732,3,"White House, District of Columbia, United States",US,USDC,,38.8951,-77.0364,531871,3,"White House, District of Columbia, United States",US,USDC,,38.8951,-77.0364,531871,3,"White House, District of Columbia, United States",US,USDC,,38.8951,-77.0364,531871,20260803041500,https://rollcall.com/2026/08/02/senates-funding-patch-adds-trump-requests-but-blocks-grant-rule/
1316538174,20260803,202608,2026,2026.5836,LEG,SENATE,,,,,,LEG,,,AUS,MURRAY,AUS,,,,,,,,0,120,120,12,3,-4.0,6,1,6,-4.58970792767732,3,"White House, District of Columbia, United States",US,USDC,,38.8951,-77.0364,531871,3,"White House, District of Columbia, United States",US,USDC,,38.8951,-77.0364,531871,3,"White House, District of Columbia, United States",US,USDC,,38.8951,-77.0364,531871,20260803041500,https://rollcall.com/2026/08/02/senates-funding-patch-adds-trump-requests-but-blocks-grant-rule/
1316538175,20260803,202608,2026,2026.5836,LEG,GENERAL ASSEMBLY,,,,,,LEG,,,EDU,SCHOOL,,,,,,EDU,,,0,051,051,05,1,3.4,10,1,10,0.45977011494253,4,"Sunyani, Brong-Ahafo, Ghana",GH,GH03,190630,7.33991,-2.32676,-2079053,4,"Sunyani, Brong-Ahafo, Ghana",GH,GH03,190630,7.33991,-2.32676,-2079053,4,"Sunyani, Brong-Ahafo, Ghana",GH,GH03,190630,7.33991,-2.32676,-2079053,20260803041500,http://www.businessghana.com/site/news/general/353191/Govt-backs-school-heads-to-enforce-discipline-in-SHSs
1316538176,20260803,202608,2026,2026.5836,LEG,SPEAKER OF PARLIAMENT,,,,,,LEG,,,GHA,GHANA,GHA,,,,,,,,1,051,051,05,1,3.4,4,1,4,5.17928286852589,4,"Accra, Greater Accra, Ghana",GH,GH01,190655,5.55,-0.216667,-2067935,4,"Accra, Greater Accra, Ghana",GH,GH01,190655,5.55,-0.216667,-2067935,4,"Accra, Greater Accra, Ghana",GH,GH01,190655,5.55,-0.216667,-2067935,20260803041500,http://www.businessghana.com/site/news/politics/353252/Speaker-praises-Chief-Imam-for-humanitarian-work
1316538177,20260803,202608,2026,2026.5836,LEG,SENATE,,,,,,LEG,,,GOV,GOVERNOR,,,,,,GOV,,,1,020,020,02,1,3.0,10,1,10,0.88235294117647,3,"White House, District of Columbia, United States",US,USDC,,38.8951,-77.0364,531871,3,"White House, District of Columbia, United States",US,USDC,,38.8951,-77.0364,531871,3,"White House, District of Columbia, United States",US,USDC,,38.8951,-77.0364,531871,20260803041500,https://governorswindenergycoalition.org/senate-dems-call-on-doe-to-restore-blue-state-grants/
1316538178,20260803,202608,2026,2026.5836,LEG,SPEAKER OF PARLIAMENT,,,,,,LEG,,,MOS,IMAM,,,,MOS,,,,,1,051,051,05,1,3.4,3,1,3,5.17928286852589,4,"Accra, Greater Accra, Ghana",GH,GH01,190655,5.55,-0.216667,-2067935,4,"Accra, Greater Accra, Ghana",GH,GH01,190655,5.55,-0.216667,-2067935,4,"Accra, Greater Accra, Ghana",GH,GH01,190655,5.55,-0.216667,-2067935,20260803041500,http://www.businessghana.com/site/news/politics/353252/Speaker-praises-Chief-Imam-for-humanitarian-work
1316538179,20260803,202608,2026,2026.5836,LEG,SENATE,,,,,,LEG,,,USA,UNITED STATES,USA,,,,,,,,0,084,084,08,2,7.0,4,1,4,-4.58970792767732,3,"White House, District of Columbia, United States",US,USDC,,38.8951,-77.0364,531871,3,"White House, District of Columbia, United States",US,USDC,,38.8951,-77.0364,531871,3,"White House, District of Columbia, United States",US,USDC,,38.8951,-77.0364,531871,20260803041500,https://rollcall.com/2026/08/02/senates-funding-patch-adds-trump-requests-but-blocks-grant-rule/
1316538180,20260803,202608,2026,2026.5836,LEG,SENATOR,,,,,,LEG,,,USA,WASHINGTON,USA,,,,,,,,0,112,112,11,3,-2.0,6,1,6,-7.73381294964029,3,"Washington, District of Columbia, United States",US,USDC,DC001,38.8951,-77.0364,531871,3,"Washington, District of Columbia, United States",US,USDC,DC001,38.8951,-77.0364,531871,3,"Washington, District of Columbia, United States",US,USDC,DC001,38.8951,-77.0364,531871,20260803041500,https://www.wnd.com/2026/08/pure-hell-sen-bernie-moreno-says-ex-son/
1316538181,20260803,202608,2026,2026.5836,LEG,SENATOR,,,,,,LEG,,,USA,UNITED STATES,USA,,,,,,,,0,112,112,11,3,-2.0,2,1,2,-7.73381294964029,3,"Washington, District of Columbia, United States",US,USDC,DC001,38.8951,-77.0364,531871,2,"Ohio, United States",US,USOH,,40.3736,-82.7755,OH,2,"Ohio, United States",US,USOH,,40.3736,-82.7755,OH,20260803041500,https://www.wnd.com/2026/08/pure-hell-sen-bernie-moreno-says-ex-son/
1316538182,20260803,202608,2026,2026.5836,LEG,SENATOR,,,,,,LEG,,,USA,UNITED STATES,USA,,,,,,,,0,112,112,11,3,-2.0,2,1,2,-7.73381294964029,2,"Ohio, United States",US,USOH,,40.3736,-82.7755,OH,2,"Ohio, United States",US,USOH,,40.3736,-82.7755,OH,2,"Ohio, United States",US,USOH,,40.3736,-82.7755,OH,20260803041500,https://www.wnd.com/2026/08/pure-hell-sen-bernie-moreno-says-ex-son/
1316538183,20260803,202608,2026,2026.5836,LEG,SENATE,,,,,,LEG,,,USA,UNITED STATES,USA,,,,,,,,0,120,120,12,3,-4.0,4,1,4,-4.58970792767732,3,"White House, District of Columbia, United States",US,USDC,,38.8951,-77.0364,531871,3,"White House, District of Columbia, United States",US,USDC,,38.8951,-77.0364,531871,3,"White House, District of Columbia, United States",US,USDC,,38.8951,-77.0364,531871,20260803041500,https://rollcall.com/2026/08/02/senates-funding-patch-adds-trump-requests-but-blocks-grant-rule/
1316538184,20260803,202608,2026,2026.5836,MAR,MOROCCO,MAR,,,,,,,,,,,,,,,,,,1,192,192,19,4,-9.5,10,1,10,-3.82513661202186,4,"Fnideq, Tanger-Téuan, Morocco",MO,MO57,21787,35.8519,-5.35702,-32977,0,,,,,,,,4,"Fnideq, Tanger-Téuan, Morocco",MO,MO57,21787,35.8519,-5.35702,-32977,20260803041500,https://www.christiandaily.com/news/evangelical-pastor-in-ceuta-calls-for-prayer-as-death-toll-climbs-and-migrants-turn-back
1316538185,20260803,202608,2026,2026.5836,MAR,MOROCCO,MAR,,,,,,,,ESP,SPAIN,ESP,,,,,,,,1,043,043,04,1,2.8,10,1,10,-3.82513661202186,4,"Fnideq, Tanger-Téuan, Morocco",MO,MO57,21787,35.8519,-5.35702,-32977,1,Spain,SP,SP,,40,-4,SP,4,"Fnideq, Tanger-Téuan, Morocco",MO,MO57,21787,35.8519,-5.35702,-32977,20260803041500,https://www.christiandaily.com/news/evangelical-pastor-in-ceuta-calls-for-prayer-as-death-toll-climbs-and-migrants-turn-back
1316538186,20260803,202608,2026,2026.5836,MARREF,MOROCCO,MAR,,,,,REF,,,USAMED,REUTERS,USA,,,,,MED,,,0,040,040,04,1,1.0,2,1,2,-3.82513661202186,4,"Fnideq, Tanger-Téuan, Morocco",MO,MO57,21787,35.8519,-5.35702,-32977,4,"Fnideq, Tanger-Téuan, Morocco",MO,MO57,21787,35.8519,-5.35702,-32977,4,"Fnideq, Tanger-Téuan, Morocco",MO,MO57,21787,35.8519,-5.35702,-32977,20260803041500,https://www.christiandaily.com/news/evangelical-pastor-in-ceuta-calls-for-prayer-as-death-toll-climbs-and-migrants-turn-back
1316538187,20260803,202608,2026,2026.5836,MDG,MADAGASCAR,MDG,,,,,,,,,,,,,,,,,,1,010,010,01,1,0.0,4,1,4,3.51437699680511,4,"Boina, Mahajanga, Madagascar",MA,MA03,154566,-15.9029,45.9299,-212329,0,,,,,,,,4,"Boina, Mahajanga, Madagascar",MA,MA03,154566,-15.9029,45.9299,-212329,20260803041500,https://www.thenational.com.pg/japanese-demand-for-png-vanilla-growing-businessman/
1316538188,20260803,202608,2026,2026.5836,MED,MEDIA,,,,,,MED,,,,,,,,,,,,,0,010,010,01,1,0.0,3,1,3,-1.80520570948782,4,"Gaza, Israel (general), Israel",IS,IS00,18315,31.4167,34.3333,-797156,0,,,,,,,,4,"Gaza, Israel (general), Israel",IS,IS00,18315,31.4167,34.3333,-797156,20260803041500,https://taylorvilledailynews.com/local-news/srn-us-news/a2e0679d5f75f3e019cea24e68b1c7e2
1316538189,20260803,202608,2026,2026.5836,MED,PUBLISHER,,,,,,MED,,,,,,,,,,,,,1,020,020,02,1,3.0,10,1,10,2.56410256410256,1,United Kingdom,UK,UK,,54,-4,UK,0,,,,,,,,1,United Kingdom,UK,UK,,54,-4,UK,20260803041500,https://www.express.co.uk/life-style/food/2235235/mary-berry-homemade-sausage-rolls
1316538190,20260803,202608,2026,2026.5836,MED,WEBSITE,,,,,,MED,,,EDU,SCHOOL,,,,,,EDU,,,0,042,042,04,1,1.9,10,1,10,1.84049079754601,0,,,,,,,,0,,,,,,,,0,,,,,,,,20260803041500,https://www.whio.com/news/local/kids-given-free-haircuts-school-supplies-bts-bash-montgomery-co/ALL3VRKRDNDSPAZJPRGDJUEO5Q/
1316538191,20260803,202608,2026,2026.5836,MED,SPOKESMAN,,,,,,MED,,,REL,MONK,,,,,,,,,1,010,010,01,1,0.0,10,1,10,1.57068062827226,0,,,,,,,,0,,,,,,,,0,,,,,,,,20260803041500,https://www.southwalesargus.co.uk/news/26426484.dixton-road-monmouth-closures-planned-resurfacing/
1316538192,20260803,202608,2026,2026.5836,MED,SPOKESMAN,,,,,,MED,,,REL,MONK,,,,,,,,,1,1723,172,17,4,-5.0,10,1,10,1.57068062827226,0,,,,,,,,0,,,,,,,,0,,,,,,,,20260803041500,https://www.southwalesargus.co.uk/news/26426484.dixton-road-monmouth-closures-planned-resurfacing/
1316538193,20260803,202608,2026,2026.5836,MIL,CARRIER,,,,,,MIL,,,,,,,,,,,,,0,072,072,07,2,8.3,2,1,2,-4.93506493506494,4,"Sidi Kerir, Al Iskandariyah, Egypt",EG,EG06,61540,31.0892,29.5914,-303036,0,,,,,,,,4,"Sidi Kerir, Al Iskandariyah, Egypt",EG,EG06,61540,31.0892,29.5914,-303036,20260803041500,https://www.shippingtribune.com/news/shipping/Six+Saudi+Oil+Tankers+Reroute+Around+Africa+to+Dodge+Houthi+Threat
1316538194,20260803,202608,2026,2026.5836,MIL,DEFENCE FORCE,,,,,,MIL,,,BUS,BANK,,,,,,BUS,,,0,192,192,19,4,-9.5,10,1,10,-2.50569476082005,4,"Murray Barracks, National Capital, Papua New Guinea",PP,PP20,18585,-9.46667,147.183,-2196255,4,"Murray Barracks, National Capital, Papua New Guinea",PP,PP20,18585,-9.46667,147.183,-2196255,4,"Murray Barracks, National Capital, Papua New Guinea",PP,PP20,18585,-9.46667,147.183,-2196255,20260803041500,https://www.thenational.com.pg/opposition-calls-for-release-of-defence-recruitment-report/
1316538195,20260803,202608,2026,2026.5836,MILGOV,LIEUTENANT,,,,,,MIL,GOV,,,,,,,,,,,,0,040,040,04,1,1.0,3,1,3,-1.81818181818182,2,"South Carolina, United States",US,USSC,,33.8191,-80.9066,SC,0,,,,,,,,2,"South Carolina, United States",US,USSC,,33.8191,-80.9066,SC,20260803041500,https://www.fitsnews.com/2026/08/02/what-to-watch-for-in-this-weeks-u-s-senate-debates/
1316538196,20260803,202608,2026,2026.5836,MOS,IMAM,,,,MOS,,,,,,,,,,,,,,,0,051,051,05,1,3.4,10,1,10,5.17928286852589,4,"Accra, Greater Accra, Ghana",GH,GH01,190655,5.55,-0.216667,-2067935,0,,,,,,,,4,"Accra, Greater Accra, Ghana",GH,GH01,190655,5.55,-0.216667,-2067935,20260803041500,http://www.businessghana.com/site/news/politics/353252/Speaker-praises-Chief-Imam-for-humanitarian-work
1316538197,20260803,202608,2026,2026.5836,MOZ,MOZAMBIQUE,MOZ,,,,,,,,IGOWAFBUSWAS,ECOWAS,WAF,WAS,,,,IGO,BUS,,0,051,051,05,1,3.4,4,1,4,7.39371534195933,4,"Maputo, Maputo, Mozambique",MZ,MZ04,41374,-25.9653,32.5892,-319029,4,"Maputo, Maputo, Mozambique",MZ,MZ04,41374,-25.9653,32.5892,-319029,4,"Maputo, Maputo, Mozambique",MZ,MZ04,41374,-25.9653,32.5892,-319029,20260803041500,"http://businessghana.com/site/news/general/353237/ECOWAS,-partners-to-empower-women"
1316538198,20260803,202608,2026,2026.5836,NAM,NAMIBIA,NAM,,,,,,,,,,,,,,,,,,0,141,141,14,3,-6.5,10,1,10,3.90516039051604,1,Namibia,WA,WA,,-22,17,WA,0,,,,,,,,1,Namibia,WA,WA,,-22,17,WA,20260803041500,https://www.thetidenewsonline.com/2026/08/firm-unveils-new-products-for-oil-facilities/
1316538199,20260803,202608,2026,2026.5836,NAM,NAMIBIA,NAM,,,,,,,,NGA,NIGERIA,NGA,,,,,,,,0,010,010,01,1,0.0,2,1,2,3.90516039051604,5,"Rivers State, Rivers, Nigeria",NI,NI50,23058,4.75,6.83333,-2025387,5,"Rivers State, Rivers, Nigeria",NI,NI50,23058,4.75,6.83333,-2025387,1,Namibia,WA,WA,,-22,17,WA,20260803041500,https://www.thetidenewsonline.com/2026/08/firm-unveils-new-products-for-oil-facilities/
1316538200,20260803,202608,2026,2026.5836,NAM,NAMIBIA,NAM,,,,,,,,NGA,NIGERIA,NGA,,,,,,,,0,010,010,01,1,0.0,8,1,8,3.90516039051604,1,Namibia,WA,WA,,-22,17,WA,5,"Rivers State, Rivers, Nigeria",NI,NI50,23058,4.75,6.83333,-2025387,5,"Rivers State, Rivers, Nigeria",NI,NI50,23058,4.75,6.83333,-2025387,20260803041500,https://www.thetidenewsonline.com/2026/08/firm-unveils-new-products-for-oil-facilities/
1316538201,20260803,202608,2026,2026.5836,NAM,NAMIBIA,NAM,,,,,,,,NGA,NIGERIA,NGA,,,,,,,,0,051,051,05,1,3.4,2,1,2,3.90516039051604,5,"Rivers State, Rivers, Nigeria",NI,NI50,23058,4.75,6.83333,-2025387,5,"Rivers State, Rivers, Nigeria",NI,NI50,23058,4.75,6.83333,-2025387,1,Namibia,WA,WA,,-22,17,WA,20260803041500,https://www.thetidenewsonline.com/2026/08/firm-unveils-new-products-for-oil-facilities/
1316538202,20260803,202608,2026,2026.5836,NAM,NAMIBIA,NAM,,,,,,,,NGA,NIGERIA,NGA,,,,,,,,0,051,051,05,1,3.4,8,1,8,3.90516039051604,1,Namibia,WA,WA,,-22,17,WA,5,"Rivers State, Rivers, Nigeria",NI,NI50,23058,4.75,6.83333,-2025387,1,Namibia,WA,WA,,-22,17,WA,20260803041500,https://www.thetidenewsonline.com/2026/08/firm-unveils-new-products-for-oil-facilities/
1316538203,20260803,202608,2026,2026.5836,NGA,NIGERIA,NGA,,,,,,,,,,,,,,,,,,0,051,051,05,1,3.4,2,1,2,5.42005420054201,4,"Bwari, Nigeria (general), Nigeria",NI,NI00,191415,9.28333,7.38333,-2003559,0,,,,,,,,4,"Bwari, Nigeria (general), Nigeria",NI,NI00,191415,9.28333,7.38333,-2003559,20260803041500,https://www.thetidenewsonline.com/2026/08/nigerian-law-school-lauds-opobo-nkoro-lga-over-n400000-call-to-bar-support-for-law-graduates/
1316538204,20260803,202608,2026,2026.5836,NGA,NIGERIAN,NGA,,,,,,,,,,,,,,,,,,1,051,051,05,1,3.4,5,1,5,1.46048109965636,4,"Niger Delta, Nigeria (general), Nigeria",NI,NI00,23074,4.83333,6,-2020890,0,,,,,,,,4,"Niger Delta, Nigeria (general), Nigeria",NI,NI00,23074,4.83333,6,-2020890,20260803041500,https://www.thetidenewsonline.com/2026/08/jonathan-applauds-ncdmb-chinas-model-for-shaping-nigerias-local-content-policy/
1316538205,20260803,202608,2026,2026.5836,NGA,NIGERIA,NGA,,,,,,,,,,,,,,,,,,0,051,051,05,1,3.4,2,1,2,5.42005420054201,5,"Rivers State, Rivers, Nigeria",NI,NI50,23058,4.75,6.83333,-2025387,0,,,,,,,,5,"Rivers State, Rivers, Nigeria",NI,NI50,23058,4.75,6.83333,-2025387,20260803041500,https://www.thetidenewsonline.com/2026/08/nigerian-law-school-lauds-opobo-nkoro-lga-over-n400000-call-to-bar-support-for-law-graduates/
1316538206,20260803,202608,2026,2026.5836,NGA,NIGERIA,NGA,,,,,,,,,,,,,,,,,,1,111,111,11,3,-2.0,6,1,6,1.76817288801572,4,"Yenagoa, Bayelsa, Nigeria",NI,NI52,191383,4.92472,6.26417,-2031706,0,,,,,,,,4,"Yenagoa, Bayelsa, Nigeria",NI,NI52,191383,4.92472,6.26417,-2031706,20260803041500,https://www.thetidenewsonline.com/2026/08/entrepreneur-fetes-indigenous-patronage-tasks-govt-nddc-others-on-procurement/
1316538207,20260803,202608,2026,2026.5836,NGA,NIGERIA,NGA,,,,,,,,CVL,COMMUNITY,,,,,,CVL,,,0,022,022,02,1,3.2,8,1,8,8.22855231011034,4,"Lagos, Lagos, Nigeria",NI,NI05,191416,6.45306,3.39583,-2017355,4,"Lagos, Lagos, Nigeria",NI,NI05,191416,6.45306,3.39583,-2017355,4,"Lagos, Lagos, Nigeria",NI,NI05,191416,6.45306,3.39583,-2017355,20260803041500,https://www.thetidenewsonline.com/2026/08/lagos-begins-pump-installation-at-iju-akute-water-facilities/
1316538208,20260803,202608,2026,2026.5836,NGA,NIGERIA,NGA,,,,,,,,CVL,COMMUNITY,,,,,,CVL,,,0,051,051,05,1,3.4,4,1,4,8.22855231011033,4,"Lagos, Lagos, Nigeria",NI,NI05,191416,6.45306,3.39583,-2017355,4,"Lagos, Lagos, Nigeria",NI,NI05,191416,6.45306,3.39583,-2017355,4,"Lagos, Lagos, Nigeria",NI,NI05,191416,6.45306,3.39583,-2017355,20260803041500,https://www.thetidenewsonline.com/2026/08/lagos-begins-pump-installation-at-iju-akute-water-facilities/
1316538209,20260803,202608,2026,2026.5836,NGA,NIGERIA,NGA,,,,,,,,CVL,CITIZEN,,,,,,CVL,,,1,051,051,05,1,3.4,7,1,7,1.76817288801572,4,"Yenagoa, Bayelsa, Nigeria",NI,NI52,191383,4.92472,6.26417,-2031706,4,"Yenagoa, Bayelsa, Nigeria",NI,NI52,191383,4.92472,6.26417,-2031706,4,"Yenagoa, Bayelsa, Nigeria",NI,NI52,191383,4.92472,6.26417,-2031706,20260803041500,https://www.thetidenewsonline.com/2026/08/entrepreneur-fetes-indigenous-patronage-tasks-govt-nddc-others-on-procurement/
1316538210,20260803,202608,2026,2026.5836,NGA,PORT HARCOURT,NGA,,,,,,,,GOV,STATE MINIST,,,,,,GOV,,,1,043,043,04,1,2.8,2,1,2,3.40425531914894,4,"Port Harcourt, Rivers, Nigeria",NI,NI50,191389,4.78917,6.99861,-2025046,5,"Rivers State, Rivers, Nigeria",NI,NI50,23058,4.75,6.83333,-2025387,5,"Rivers State, Rivers, Nigeria",NI,NI50,23058,4.75,6.83333,-2025387,20260803041500,https://www.thetidenewsonline.com/2026/08/vet-doctors-vow-support-to-check-rabies-spread-in-rivers-2/
1316538211,20260803,202608,2026,2026.5836,NGA,NIGERIA,NGA,,,,,,,,GOV,CIVIL SERVICE,,,,,,GOV,,,1,051,051,05,1,3.4,4,1,4,8.22855231011033,4,"Lagos, Lagos, Nigeria",NI,NI05,191416,6.45306,3.39583,-2017355,4,"Lagos, Lagos, Nigeria",NI,NI05,191416,6.45306,3.39583,-2017355,4,"Lagos, Lagos, Nigeria",NI,NI05,191416,6.45306,3.39583,-2017355,20260803041500,https://www.thetidenewsonline.com/2026/08/lagos-begins-pump-installation-at-iju-akute-water-facilities/
1316538212,20260803,202608,2026,2026.5836,NGA,NIGERIAN,NGA,,,,,,,,GOV,GOVERNMENT,,,,,,GOV,,,1,051,051,05,1,3.4,4,1,4,5.42005420054201,5,"Rivers State, Rivers, Nigeria",NI,NI50,23058,4.75,6.83333,-2025387,4,"Bwari, Nigeria (general), Nigeria",NI,NI00,191415,9.28333,7.38333,-2003559,4,"Bwari, Nigeria (general), Nigeria",NI,NI00,191415,9.28333,7.38333,-2003559,20260803041500,https://www.thetidenewsonline.com/2026/08/nigerian-law-school-lauds-opobo-nkoro-lga-over-n400000-call-to-bar-support-for-law-graduates/
1316538213,20260803,202608,2026,2026.5836,NGA,NIGERIAN,NGA,,,,,,,,HLH,MEDICAL ASSOCIATION,,,,,,HLH,,,1,032,032,03,1,4.5,3,1,3,3.40425531914894,5,"Rivers State, Rivers, Nigeria",NI,NI50,23058,4.75,6.83333,-2025387,5,"Rivers State, Rivers, Nigeria",NI,NI50,23058,4.75,6.83333,-2025387,5,"Rivers State, Rivers, Nigeria",NI,NI50,23058,4.75,6.83333,-2025387,20260803041500,https://www.thetidenewsonline.com/2026/08/vet-doctors-vow-support-to-check-rabies-spread-in-rivers-2/
1316538214,20260803,202608,2026,2026.5836,NGA,NIGERIA,NGA,,,,,,,,NAM,NAMIBIA,NAM,,,,,,,,1,051,051,05,1,3.4,2,1,2,3.90516039051604,5,"Rivers State, Rivers, Nigeria",NI,NI50,23058,4.75,6.83333,-2025387,5,"Rivers State, Rivers, Nigeria",NI,NI50,23058,4.75,6.83333,-2025387,5,"Rivers State, Rivers, Nigeria",NI,NI50,23058,4.75,6.83333,-2025387,20260803041500,https://www.thetidenewsonline.com/2026/08/firm-unveils-new-products-for-oil-facilities/
1316538215,20260803,202608,2026,2026.5836,NGA,NIGERIA,NGA,,,,,,,,NAM,NAMIBIA,NAM,,,,,,,,1,051,051,05,1,3.4,2,1,2,3.90516039051604,5,"Rivers State, Rivers, Nigeria",NI,NI50,23058,4.75,6.83333,-2025387,1,Namibia,WA,WA,,-22,17,WA,5,"Rivers State, Rivers, Nigeria",NI,NI50,23058,4.75,6.83333,-2025387,20260803041500,https://www.thetidenewsonline.com/2026/08/firm-unveils-new-products-for-oil-facilities/
1316538216,20260803,202608,2026,2026.5836,NGA,NIGERIA,NGA,,,,,,,,NGAELI,NIGERIA,NGA,,,,,ELI,,,1,051,051,05,1,3.4,1,1,1,1.46048109965636,4,"Niger Delta, Nigeria (general), Nigeria",NI,NI00,23074,4.83333,6,-2020890,4,"Niger Delta, Nigeria (general), Nigeria",NI,NI00,23074,4.83333,6,-2020890,4,"Niger Delta, Nigeria (general), Nigeria",NI,NI00,23074,4.83333,6,-2020890,20260803041500,https://www.thetidenewsonline.com/2026/08/jonathan-applauds-ncdmb-chinas-model-for-shaping-nigerias-local-content-policy/
1316538217,20260803,202608,2026,2026.5836,NGA,NIGERIA,NGA,,,,,,,,NGAELI,NIGERIA,NGA,,,,,ELI,,,1,051,051,05,1,3.4,1,1,1,1.46048109965636,4,"Niger Delta, Nigeria (general), Nigeria",NI,NI00,23074,4.83333,6,-2020890,4,"Yenagoa, Bayelsa, Nigeria",NI,NI52,191383,4.92472,6.26417,-2031706,4,"Yenagoa, Bayelsa, Nigeria",NI,NI52,191383,4.92472,6.26417,-2031706,20260803041500,https://www.thetidenewsonline.com/2026/08/jonathan-applauds-ncdmb-chinas-model-for-shaping-nigerias-local-content-policy/
1316538218,20260803,202608,2026,2026.5836,NGA,NIGERIA,NGA,,,,,,,,NGAGOVAGR,NIGERIA,NGA,,,,,GOV,AGR,,1,042,042,04,1,1.9,2,1,2,3.40425531914894,5,"Rivers State, Rivers, Nigeria",NI,NI50,23058,4.75,6.83333,-2025387,5,"Rivers State, Rivers, Nigeria",NI,NI50,23058,4.75,6.83333,-2025387,5,"Rivers State, Rivers, Nigeria",NI,NI50,23058,4.75,6.83333,-2025387,20260803041500,https://www.thetidenewsonline.com/2026/08/vet-doctors-vow-support-to-check-rabies-spread-in-rivers-2/
1316538219,20260803,202608,2026,2026.5836,NGA,NIGERIA,NGA,,,,,,,,NGAGOVAGR,NIGERIA,NGA,,,,,GOV,AGR,,1,043,043,04,1,2.8,6,1,6,3.40425531914894,5,"Rivers State, Rivers, Nigeria",NI,NI50,23058,4.75,6.83333,-2025387,5,"Rivers State, Rivers, Nigeria",NI,NI50,23058,4.75,6.83333,-2025387,5,"Rivers State, Rivers, Nigeria",NI,NI50,23058,4.75,6.83333,-2025387,20260803041500,https://www.thetidenewsonline.com/2026/08/vet-doctors-vow-support-to-check-rabies-spread-in-rivers-2/
1316538220,20260803,202608,2026,2026.5836,NGAGOVAGR,NIGERIA,NGA,,,,,GOV,AGR,,NGA,NIGERIA,NGA,,,,,,,,1,042,042,04,1,1.9,6,1,6,3.40425531914894,5,"Rivers State, Rivers, Nigeria",NI,NI50,23058,4.75,6.83333,-2025387,5,"Rivers State, Rivers, Nigeria",NI,NI50,23058,4.75,6.83333,-2025387,5,"Rivers State, Rivers, Nigeria",NI,NI50,23058,4.75,6.83333,-2025387,20260803041500,https://www.thetidenewsonline.com/2026/08/vet-doctors-vow-support-to-check-rabies-spread-in-rivers-2/
1316538221,20260803,202608,2026,2026.5836,NGAGOVAGR,NIGERIA,NGA,,,,,GOV,AGR,,NGA,NIGERIA,NGA,,,,,,,,1,043,043,04,1,2.8,2,1,2,3.40425531914894,5,"Rivers State, Rivers, Nigeria",NI,NI50,23058,4.75,6.83333,-2025387,4,"Port Harcourt, Rivers, Nigeria",NI,NI50,191389,4.78917,6.99861,-2025046,5,"Rivers State, Rivers, Nigeria",NI,NI50,23058,4.75,6.83333,-2025387,20260803041500,https://www.thetidenewsonline.com/2026/08/vet-doctors-vow-support-to-check-rabies-spread-in-rivers-2/
1316538222,20260803,202608,2026,2026.5836,NMR,NORTH AMERICA,NMR,,,,,,,,CAN,TORONTO,CAN,,,,,,,,1,036,036,03,1,4.0,4,1,4,6.25,3,"Chicago, Illinois, United States",US,USIL,IL031,41.85,-87.6501,423587,4,"Toronto, Ontario, Canada",CA,CA08,12686,43.6667,-79.4167,-574890,3,"Chicago, Illinois, United States",US,USIL,IL031,41.85,-87.6501,423587,20260803041500,https://www.allkpop.com/article/2026/08/cortis-thrills-50000-fans-at-lollapalooza-chicago-kicks-off-north-american-tour
1316538223,20260803,202608,2026,2026.5836,NZL,WELLINGTON,NZL,,,,,,,,LEG,PARLIAMENT,,,,,,LEG,,,1,114,114,11,3,-2.0,7,1,7,5.15463917525773,4,"Wellington, New Zealand (general), New Zealand",NZ,NZ00,22391,-41.3,174.783,-1521348,4,"Wellington, New Zealand (general), New Zealand",NZ,NZ00,22391,-41.3,174.783,-1521348,4,"Wellington, New Zealand (general), New Zealand",NZ,NZ00,22391,-41.3,174.783,-1521348,20260803041500,https://wellington.scoop.co.nz/?p=182189
1316538224,20260803,202608,2026,2026.5836,OPP,OPPOSITION LEADER,,,,,,OPP,,,,,,,,,,,,,1,010,010,01,1,0.0,8,1,8,-2.50569476082005,4,"Murray Barracks, National Capital, Papua New Guinea",PP,PP20,18585,-9.46667,147.183,-2196255,0,,,,,,,,4,"Murray Barracks, National Capital, Papua New Guinea",PP,PP20,18585,-9.46667,147.183,-2196255,20260803041500,https://www.thenational.com.pg/opposition-calls-for-release-of-defence-recruitment-report/
1316538225,20260803,202608,2026,2026.5836,OPP,OPPOSITION LEADER,,,,,,OPP,,,,,,,,,,,,,1,020,020,02,1,3.0,6,1,6,-2.50569476082005,1,Australia,AS,AS,,-25,135,AS,0,,,,,,,,1,Australia,AS,AS,,-25,135,AS,20260803041500,https://www.thenational.com.pg/opposition-calls-for-release-of-defence-recruitment-report/
1316538226,20260803,202608,2026,2026.5836,OPP,OPPOSITION LEADER,,,,,,OPP,,,IND,NEW DELHI,IND,,,,,,,,1,042,042,04,1,1.9,1,1,1,-5.69476082004556,4,"Delhi, Delhi, India",IN,IN07,17911,28.6667,77.2167,-2094230,4,"Delhi, Delhi, India",IN,IN07,17911,28.6667,77.2167,-2094230,4,"Delhi, Delhi, India",IN,IN07,17911,28.6667,77.2167,-2094230,20260803041500,http://www.tennesseedaily.com/news/279220221/i-strongly-condemn-maharashtra-police-udhayanidhi-stalin-on-arrest-of-tn-farmers-heading-to-delhi-for-mekedatu-protest
1316538227,20260803,202608,2026,2026.5836,OPP,PRISONER,,,,,,OPP,,,MED,MEDIA,,,,,,MED,,,0,013,013,01,1,0.4,6,1,6,-1.80520570948782,4,"Cairo, Al Qahirah, Egypt",EG,EG11,65350,30.05,31.25,-290692,4,"Cairo, Al Qahirah, Egypt",EG,EG11,65350,30.05,31.25,-290692,4,"Cairo, Al Qahirah, Egypt",EG,EG11,65350,30.05,31.25,-290692,20260803041500,https://taylorvilledailynews.com/local-news/srn-us-news/a2e0679d5f75f3e019cea24e68b1c7e2
1316538228,20260803,202608,2026,2026.5836,OPP,OPPOSITION LEADER,,,,,,OPP,,,PNG,PAPUA NEW GUINEA,PNG,,,,,,,,1,020,020,02,1,3.0,2,1,2,-2.50569476082005,1,Australia,AS,AS,,-25,135,AS,1,Australia,AS,AS,,-25,135,AS,1,Australia,AS,AS,,-25,135,AS,20260803041500,https://www.thenational.com.pg/opposition-calls-for-release-of-defence-recruitment-report/
1316538229,20260803,202608,2026,2026.5836,PAK,PAKISTAN,PAK,,,,,,,,,,,,,,,,,,0,057,057,05,1,8.0,4,1,4,-6.47668393782383,4,"Kashmir, North-West Frontier, Pakistan",PK,PK03,40350,34.796,72.1502,-2764806,0,,,,,,,,4,"Kashmir, North-West Frontier, Pakistan",PK,PK03,40350,34.796,72.1502,-2764806,20260803041500,https://www.yahoo.com/news/world/articles/only-son-shot-standing-justice-033234083.html
1316538230,20260803,202608,2026,2026.5836,PAK,PAKISTAN,PAK,,,,,,,,,,,,,,,,,,0,057,057,05,1,8.0,6,1,6,-6.47668393782383,4,"Rawalakot, Azad Kashmir, Pakistan",PK,PK06,40415,33.8578,73.7604,-2777863,0,,,,,,,,4,"Rawalakot, Azad Kashmir, Pakistan",PK,PK06,40415,33.8578,73.7604,-2777863,20260803041500,https://www.yahoo.com/news/world/articles/only-son-shot-standing-justice-033234083.html
1316538231,20260803,202608,2026,2026.5836,PAK,PAKISTAN,PAK,,,,,,,,,,,,,,,,,,1,193,193,19,4,-10.0,2,1,2,-6.47668393782383,4,"Rawalakot, Azad Kashmir, Pakistan",PK,PK06,40415,33.8578,73.7604,-2777863,0,,,,,,,,4,"Rawalakot, Azad Kashmir, Pakistan",PK,PK06,40415,33.8578,73.7604,-2777863,20260803041500,https://www.yahoo.com/news/world/articles/only-son-shot-standing-justice-033234083.html
1316538232,20260803,202608,2026,2026.5836,PHL,PHILIPPINE,PHL,,,,,,,,,,,,,,,,,,1,050,050,05,1,3.5,6,1,6,5.29411764705882,4,"Toronto, Ontario, Canada",CA,CA08,12686,43.6667,-79.4167,-574890,0,,,,,,,,4,"Toronto, Ontario, Canada",CA,CA08,12686,43.6667,-79.4167,-574890,20260803041500,https://canadianinquirer.net/2026/08/03/pagsasama-empowers-filipino-canadian-artists/
1316538233,20260803,202608,2026,2026.5836,PHL,PHILIPPINE,PHL,,,,,,,,CAN,CANADA,CAN,,,,,,,,1,050,050,05,1,3.5,2,1,2,5.29411764705882,4,"Toronto, Ontario, Canada",CA,CA08,12686,43.6667,-79.4167,-574890,4,"Toronto, Ontario, Canada",CA,CA08,12686,43.6667,-79.4167,-574890,1,Philippines,RP,RP,,13,122,RP,20260803041500,https://canadianinquirer.net/2026/08/03/pagsasama-empowers-filipino-canadian-artists/
1316538234,20260803,202608,2026,2026.5836,PHL,PHILIPPINE,PHL,,,,,,,,CAN,CANADA,CAN,,,,,,,,1,050,050,05,1,3.5,2,1,2,5.29411764705882,1,Philippines,RP,RP,,13,122,RP,1,Philippines,RP,RP,,13,122,RP,1,Philippines,RP,RP,,13,122,RP,20260803041500,https://canadianinquirer.net/2026/08/03/pagsasama-empowers-filipino-canadian-artists/
1316538235,20260803,202608,2026,2026.5836,PNG,PORT MORESBY,PNG,,,,,,,,VUT,VANUATU,VUT,,,,,,,,1,043,043,04,1,2.8,6,1,6,6.97674418604651,4,"Port Moresby, National Capital, Papua New Guinea",PP,PP20,18585,-9.46472,147.193,-2198538,1,Vanuatu,NH,NH,,-16,167,NH,1,Vanuatu,NH,NH,,-16,167,NH,20260803041500,https://www.thenational.com.pg/marape-opens-chancery-in-port-villa-reaffirms-partnership/
1316538236,20260803,202608,2026,2026.5836,PNG,PORT MORESBY,PNG,,,,,,,,VUT,VANUATU,VUT,,,,,,,,1,043,043,04,1,2.8,4,1,4,6.97674418604651,1,Vanuatu,NH,NH,,-16,167,NH,1,Vanuatu,NH,NH,,-16,167,NH,1,Vanuatu,NH,NH,,-16,167,NH,20260803041500,https://www.thenational.com.pg/marape-opens-chancery-in-port-villa-reaffirms-partnership/
1316538237,20260803,202608,2026,2026.5836,PNGOPP,PAPUA NEW GUINEA,PNG,,,,,OPP,,,,,,,,,,,,,1,010,010,01,1,0.0,2,1,2,-2.50569476082005,4,"Murray Barracks, National Capital, Papua New Guinea",PP,PP20,18585,-9.46667,147.183,-2196255,0,,,,,,,,4,"Murray Barracks, National Capital, Papua New Guinea",PP,PP20,18585,-9.46667,147.183,-2196255,20260803041500,https://www.thenational.com.pg/opposition-calls-for-release-of-defence-recruitment-report/
1316538238,20260803,202608,2026,2026.5836,PNGOPP,PAPUA NEW GUINEA,PNG,,,,,OPP,,,PNG,PAPUA NEW GUINEA,PNG,,,,,,,,1,020,020,02,1,3.0,2,1,2,-2.50569476082005,4,"Murray Barracks, National Capital, Papua New Guinea",PP,PP20,18585,-9.46667,147.183,-2196255,4,"Murray Barracks, National Capital, Papua New Guinea",PP,PP20,18585,-9.46667,147.183,-2196255,1,Australia,AS,AS,,-25,135,AS,20260803041500,https://www.thenational.com.pg/opposition-calls-for-release-of-defence-recruitment-report/
1316538239,20260803,202608,2026,2026.5836,PSE,GAZA,PSE,,,,,,,,EGYGOV,EGYPTIAN,EGY,,,,,GOV,,,0,040,040,04,1,1.0,1,1,1,-1.80520570948782,4,"Gaza, Israel (general), Israel",IS,IS00,18315,31.4167,34.3333,-797156,4,"Cairo, Al Qahirah, Egypt",EG,EG11,65350,30.05,31.25,-290692,4,"Cairo, Al Qahirah, Egypt",EG,EG11,65350,30.05,31.25,-290692,20260803041500,https://taylorvilledailynews.com/local-news/srn-us-news/a2e0679d5f75f3e019cea24e68b1c7e2
1316538240,20260803,202608,2026,2026.5836,PSECVL,GAZA,PSE,,,,,CVL,,,ISR,ISRAEL,ISR,,,,,,,,0,080,080,08,2,5.0,2,1,2,-1.80520570948782,4,"Gaza, Israel (general), Israel",IS,IS00,18315,31.4167,34.3333,-797156,4,"Gaza, Israel (general), Israel",IS,IS00,18315,31.4167,34.3333,-797156,4,"Gaza, Israel (general), Israel",IS,IS00,18315,31.4167,34.3333,-797156,20260803041500,https://taylorvilledailynews.com/local-news/srn-us-news/a2e0679d5f75f3e019cea24e68b1c7e2
1316538241,20260803,202608,2026,2026.5836,PSEGOV,GAZA,PSE,,,,,GOV,,,PSE,GAZA,PSE,,,,,,,,0,030,030,03,1,4.0,2,1,2,-1.80520570948782,4,"Khan Yunis, Gaza Strip (general), Gaza Strip",GZ,GZ00,18315,31.3402,34.3063,-797165,4,"Khan Yunis, Gaza Strip (general), Gaza Strip",GZ,GZ00,18315,31.3402,34.3063,-797165,4,"Khan Yunis, Gaza Strip (general), Gaza Strip",GZ,GZ00,18315,31.3402,34.3063,-797165,20260803041500,https://taylorvilledailynews.com/local-news/srn-us-news/a2e0679d5f75f3e019cea24e68b1c7e2
1316538242,20260803,202608,2026,2026.5836,PSEREB,HAMAS,PSE,,,,,REB,,,PSE,GAZA,PSE,,,,,,,,0,010,010,01,1,0.0,1,1,1,-1.80520570948782,4,"Gaza, Israel (general), Israel",IS,IS00,18315,31.4167,34.3333,-797156,4,"Gaza, Israel (general), Israel",IS,IS00,18315,31.4167,34.3333,-797156,4,"Gaza, Israel (general), Israel",IS,IS00,18315,31.4167,34.3333,-797156,20260803041500,https://taylorvilledailynews.com/local-news/srn-us-news/a2e0679d5f75f3e019cea24e68b1c7e2
1316538243,20260803,202608,2026,2026.5836,PSEREBGOV,HAMAS,PSE,,,,,REB,GOV,,,,,,,,,,,,0,110,110,11,3,-2.0,3,1,3,-1.80520570948782,4,"Gaza, Israel (general), Israel",IS,IS00,18315,31.4167,34.3333,-797156,0,,,,,,,,4,"Gaza, Israel (general), Israel",IS,IS00,18315,31.4167,34.3333,-797156,20260803041500,https://taylorvilledailynews.com/local-news/srn-us-news/a2e0679d5f75f3e019cea24e68b1c7e2
1316538244,20260803,202608,2026,2026.5836,PSEREBGOV,HAMAS,PSE,,,,,REB,GOV,,,,,,,,,,,,0,120,120,12,3,-4.0,3,1,3,-1.80520570948782,4,"Gaza, Israel (general), Israel",IS,IS00,18315,31.4167,34.3333,-797156,0,,,,,,,,4,"Gaza, Israel (general), Israel",IS,IS00,18315,31.4167,34.3333,-797156,20260803041500,https://taylorvilledailynews.com/local-news/srn-us-news/a2e0679d5f75f3e019cea24e68b1c7e2
1316538245,20260803,202608,2026,2026.5836,QAT,QATARI,QAT,,,,,,,,IRN,IRAN,IRN,,,,,,,,0,040,040,04,1,1.0,1,1,1,0.2008032128514,4,"Tehran, Tehran, Iran",IR,IR26,41130,35.75,51.5148,10074674,3,"Washington, District of Columbia, United States",US,USDC,DC001,38.8951,-77.0364,531871,4,"Tehran, Tehran, Iran",IR,IR26,41130,35.75,51.5148,10074674,20260803041500,https://www.newkerala.com/news/a/trump-says-us-iran-talks-begin-monday-after-shelving-804.htm
1316538246,20260803,202608,2026,2026.5836,REF,RETURNEE,,,,,,REF,,,USAMED,REUTERS,USA,,,,,MED,,,0,040,040,04,1,1.0,3,1,3,-3.82513661202186,4,"Fnideq, Tanger-Téuan, Morocco",MO,MO57,21787,35.8519,-5.35702,-32977,4,"Fnideq, Tanger-Téuan, Morocco",MO,MO57,21787,35.8519,-5.35702,-32977,4,"Fnideq, Tanger-Téuan, Morocco",MO,MO57,21787,35.8519,-5.35702,-32977,20260803041500,https://www.christiandaily.com/news/evangelical-pastor-in-ceuta-calls-for-prayer-as-death-toll-climbs-and-migrants-turn-back
1316538247,20260803,202608,2026,2026.5836,RUS,RUSSIA,RUS,,,,,,,,,,,,,,,,,,1,080,080,08,2,5.0,1,1,1,0.488997555012225,4,"Blagoveshchensk, Amurskaya Oblast', Russia",RS,RS05,25032,50.2667,127.533,-2886873,0,,,,,,,,4,"Heihe, Heilongjiang, China",CH,CH08,25032,50.2667,127.467,-1908680,20260803041500,https://en.gmw.cn/2026-08/03/content_38923893.htm
1316538248,20260803,202608,2026,2026.5836,RUS,MOSCOW,RUS,,,,,,,,CVL,SETTLEMENT,,,,,,CVL,,,0,192,192,19,4,-9.5,2,1,2,-4.30733410942957,4,"Moscow, Moskva, Russia",RS,RS48,25106,55.7522,37.6156,-2960561,4,"Olgovka, Tambovskaya Oblast', Russia",RS,RS72,25101,52.5833,40.6833,-2974001,4,"Moscow, Moskva, Russia",RS,RS48,25106,55.7522,37.6156,-2960561,20260803041500,https://www.yourdemocracy.net.au/drupal/node/60677
1316538249,20260803,202608,2026,2026.5836,RUS,MOSCOW,RUS,,,,,,,,CVL,SETTLEMENT,,,,,,CVL,,,0,192,192,19,4,-9.5,2,1,2,-4.30733410942957,4,"Moscow, Moskva, Russia",RS,RS48,25106,55.7522,37.6156,-2960561,4,"Olgovka, Tambovskaya Oblast', Russia",RS,RS72,25101,52.5833,40.6833,-2974001,4,"Olgovka, Tambovskaya Oblast', Russia",RS,RS72,25101,52.5833,40.6833,-2974001,20260803041500,https://www.yourdemocracy.net.au/drupal/node/60677
1316538250,20260803,202608,2026,2026.5836,RUS,RUSSIA,RUS,,,,,,,,CVL,SETTLEMENT,,,,,,CVL,,,0,192,192,19,4,-9.5,2,1,2,-4.30733410942957,4,"Vostok, Tatarstan, Russia",RS,RS73,25102,55,50.8667,-3035924,4,"Lyubitskoye, Kurskaya Oblast', Russia",RS,RS41,25068,51.5332,36.4134,-2949767,4,"Vostok, Tatarstan, Russia",RS,RS73,25102,55,50.8667,-3035924,20260803041500,https://www.yourdemocracy.net.au/drupal/node/60677
1316538251,20260803,202608,2026,2026.5836,RUS,MOSCOW,RUS,,,,,,,,CVL,SETTLEMENT,,,,,,CVL,,,0,192,192,19,4,-9.5,2,1,2,-4.30733410942957,1,Kyrgyzstan,KG,KG,,41,75,KG,1,Armenia,AM,AM,,40,45,AM,4,"Zapad, Mahilyowskaya Voblasts', Belarus",BO,BO04,39961,53.9019,27.4462,11248037,20260803041500,https://www.yourdemocracy.net.au/drupal/node/60677
1316538252,20260803,202608,2026,2026.5836,RUS,RUSSIAN,RUS,,,,,,,,GOVCOP,SECURITY COUNCIL,,,,,,GOV,COP,,1,010,010,01,1,0.0,2,1,2,-4.30733410942957,4,"Kremlin, Moskva, Russia",RS,RS48,25106,55.7522,37.6156,-2960561,4,"Kremlin, Moskva, Russia",RS,RS48,25106,55.7522,37.6156,-2960561,4,"Kremlin, Moskva, Russia",RS,RS48,25106,55.7522,37.6156,-2960561,20260803041500,https://www.yourdemocracy.net.au/drupal/node/60677
1316538253,20260803,202608,2026,2026.5836,RUS,RUSSIA,RUS,,,,,,,,RUSCVL,RUSSIA,RUS,,,,,CVL,,,0,192,192,19,4,-9.5,4,1,4,-4.30733410942957,4,"Moscow, Moskva, Russia",RS,RS48,25106,55.7522,37.6156,-2960561,4,"Olgovka, Tambovskaya Oblast', Russia",RS,RS72,25101,52.5833,40.6833,-2974001,4,"Moscow, Moskva, Russia",RS,RS48,25106,55.7522,37.6156,-2960561,20260803041500,https://www.yourdemocracy.net.au/drupal/node/60677
1316538254,20260803,202608,2026,2026.5836,RUS,RUSSIA,RUS,,,,,,,,RUSCVL,RUSSIA,RUS,,,,,CVL,,,0,192,192,19,4,-9.5,1,1,1,-4.30733410942957,4,"Vostok, Tatarstan, Russia",RS,RS73,25102,55,50.8667,-3035924,4,"Lyubitskoye, Kurskaya Oblast', Russia",RS,RS41,25068,51.5332,36.4134,-2949767,4,"Lyubitskoye, Kurskaya Oblast', Russia",RS,RS41,25068,51.5332,36.4134,-2949767,20260803041500,https://www.yourdemocracy.net.au/drupal/node/60677
1316538255,20260803,202608,2026,2026.5836,RUS,RUSSIA,RUS,,,,,,,,RUSCVL,RUSSIA,RUS,,,,,CVL,,,0,192,192,19,4,-9.5,4,1,4,-4.30733410942957,4,"Vostok, Tatarstan, Russia",RS,RS73,25102,55,50.8667,-3035924,4,"Lyubitskoye, Kurskaya Oblast', Russia",RS,RS41,25068,51.5332,36.4134,-2949767,4,"Vostok, Tatarstan, Russia",RS,RS73,25102,55,50.8667,-3035924,20260803041500,https://www.yourdemocracy.net.au/drupal/node/60677
1316538256,20260803,202608,2026,2026.5836,RUS,RUSSIA,RUS,,,,,,,,RUSCVL,RUSSIA,RUS,,,,,CVL,,,0,192,192,19,4,-9.5,1,1,1,-4.30733410942957,4,"Zapad, Mahilyowskaya Voblasts', Belarus",BO,BO04,39961,53.9019,27.4462,11248037,4,"Zapad, Mahilyowskaya Voblasts', Belarus",BO,BO04,39961,53.9019,27.4462,11248037,4,"Zapad, Mahilyowskaya Voblasts', Belarus",BO,BO04,39961,53.9019,27.4462,11248037,20260803041500,https://www.yourdemocracy.net.au/drupal/node/60677
1316538257,20260803,202608,2026,2026.5836,SAUBUS,SAUDI ARABIA,SAU,,,,,BUS,,,SAU,SAUDI,SAU,,,,,,,,0,138,138,13,3,-7.0,2,1,2,-4.93506493506494,4,"Yanbu, Al Madinah, Saudi Arabia",SA,SA05,25311,24.0891,38.0637,-3101071,4,"Yanbu, Al Madinah, Saudi Arabia",SA,SA05,25311,24.0891,38.0637,-3101071,4,"Sidi Kerir, Al Iskandariyah, Egypt",EG,EG06,61540,31.0892,29.5914,-303036,20260803041500,https://www.shippingtribune.com/news/shipping/Six+Saudi+Oil+Tankers+Reroute+Around+Africa+to+Dodge+Houthi+Threat
1316538258,20260803,202608,2026,2026.5836,SEP,SEPARATIST,,,,,,SEP,,,,,,,,,,,,,1,042,042,04,1,1.9,3,1,3,-3.33543108873505,2,"Arkansas, United States",US,USAR,,34.9513,-92.3809,AR,0,,,,,,,,2,"Arkansas, United States",US,USAR,,34.9513,-92.3809,AR,20260803041500,https://www.express.co.uk/news/us/2235372/inside-arkansas-white-only-community-eric-orwoll-european-identity
1316538259,20260803,202608,2026,2026.5836,SEP,SEPARATIST,,,,,,SEP,,,USA,UNITED STATES,USA,,,,,,,,1,043,043,04,1,2.8,2,1,2,-3.33543108873505,3,"Ravenden, Arkansas, United States",US,USAR,AR075,36.2334,-91.2518,58465,3,"Ravenden, Arkansas, United States",US,USAR,AR075,36.2334,-91.2518,58465,3,"Ravenden, Arkansas, United States",US,USAR,AR075,36.2334,-91.2518,58465,20260803041500,https://www.express.co.uk/news/us/2235372/inside-arkansas-white-only-community-eric-orwoll-european-identity
1316538260,20260803,202608,2026,2026.5836,SGP,SINGAPORE,SGP,,,,,,,,ISR,ISRAEL,ISR,,,,,,,,1,061,061,06,2,6.4,10,1,10,-1.82291666666667,1,Singapore,SN,SN,,1.366667,103.8,SN,1,Israel,IS,IS,,31.5,34.75,IS,1,Israel,IS,IS,,31.5,34.75,IS,20260803041500,http://www.strategypage.com/%5Chtmw%5Chtsurf%5Carticles%5C2026073164627.aspx
1316538261,20260803,202608,2026,2026.5836,SPY,OPERATIVE,,,,,,SPY,,,BUS,CORPORATION,,,,,,BUS,,,1,111,111,11,3,-2.0,10,1,10,-3.48639455782312,3,"Boston, Massachusetts, United States",US,USMA,MA025,42.3584,-71.0598,617565,3,"Boston, Massachusetts, United States",US,USMA,MA025,42.3584,-71.0598,617565,3,"Boston, Massachusetts, United States",US,USMA,MA025,42.3584,-71.0598,617565,20260803041500,https://www.yourdemocracy.net.au/drupal/node/60675
1316538262,20260803,202608,2026,2026.5836,SPY,OPERATIVE,,,,,,SPY,,,BUS,CORPORATION,,,,,,BUS,,,1,111,111,11,3,-2.0,10,1,10,-3.48639455782312,2,"Massachusetts, United States",US,USMA,,42.2373,-71.5314,MA,2,"Massachusetts, United States",US,USMA,,42.2373,-71.5314,MA,2,"Massachusetts, United States",US,USMA,,42.2373,-71.5314,MA,20260803041500,https://www.yourdemocracy.net.au/drupal/node/60675
1316538263,20260803,202608,2026,2026.5836,SPY,OPERATIVE,,,,,,SPY,,,CVL,CITIZEN,,,,,,CVL,,,1,180,180,18,4,-9.0,10,1,10,-3.48639455782312,3,"Boston, Massachusetts, United States",US,USMA,MA025,42.3584,-71.0598,617565,3,"Boston, Massachusetts, United States",US,USMA,MA025,42.3584,-71.0598,617565,3,"Boston, Massachusetts, United States",US,USMA,MA025,42.3584,-71.0598,617565,20260803041500,https://www.yourdemocracy.net.au/drupal/node/60675
1316538264,20260803,202608,2026,2026.5836,SPY,OPERATIVE,,,,,,SPY,,,CVL,CITIZEN,,,,,,CVL,,,1,180,180,18,4,-9.0,10,1,10,-3.48639455782312,1,Israel,IS,IS,,31.5,34.75,IS,1,Israel,IS,IS,,31.5,34.75,IS,1,Israel,IS,IS,,31.5,34.75,IS,20260803041500,https://www.yourdemocracy.net.au/drupal/node/60675
1316538265,20260803,202608,2026,2026.5836,TWN,TAIWAN,TWN,,,,,,,,PNG,PAPUA NEW GUINEA,PNG,,,,,,,,1,030,030,03,1,4.0,8,1,8,3.44827586206897,1,Taiwan,TW,TW,,24,121,TW,1,Papua New Guinea,PP,PP,,-6,147,PP,1,Papua New Guinea,PP,PP,,-6,147,PP,20260803041500,https://www.thenational.com.pg/lng-exports-remain-secured-maladina/
1316538266,20260803,202608,2026,2026.5836,TWN,TAIWAN,TWN,,,,,,,,PNG,PAPUA NEW GUINEA,PNG,,,,,,,,1,030,030,03,1,4.0,2,1,2,3.44827586206897,1,Taiwan,TW,TW,,24,121,TW,1,Taiwan,TW,TW,,24,121,TW,1,Taiwan,TW,TW,,24,121,TW,20260803041500,https://www.thenational.com.pg/lng-exports-remain-secured-maladina/
1316538267,20260803,202608,2026,2026.5836,TWN,TAIWAN,TWN,,,,,,,,PNG,PAPUA NEW GUINEA,PNG,,,,,,,,1,051,051,05,1,3.4,8,1,8,3.44827586206897,1,Taiwan,TW,TW,,24,121,TW,1,Papua New Guinea,PP,PP,,-6,147,PP,1,Taiwan,TW,TW,,24,121,TW,20260803041500,https://www.thenational.com.pg/lng-exports-remain-secured-maladina/
1316538268,20260803,202608,2026,2026.5836,TWN,TAIWAN,TWN,,,,,,,,PNG,PAPUA NEW GUINEA,PNG,,,,,,,,1,051,051,05,1,3.4,2,1,2,3.44827586206897,1,Taiwan,TW,TW,,24,121,TW,1,Taiwan,TW,TW,,24,121,TW,1,Taiwan,TW,TW,,24,121,TW,20260803041500,https://www.thenational.com.pg/lng-exports-remain-secured-maladina/
1316538269,20260803,202608,2026,2026.5836,TWN,TAIWAN,TWN,,,,,,,,PNG,PAPUA NEW GUINEA,PNG,,,,,,,,1,070,070,07,2,7.0,8,1,8,3.44827586206897,1,Papua New Guinea,PP,PP,,-6,147,PP,1,Papua New Guinea,PP,PP,,-6,147,PP,1,Papua New Guinea,PP,PP,,-6,147,PP,20260803041500,https://www.thenational.com.pg/lng-exports-remain-secured-maladina/
1316538270,20260803,202608,2026,2026.5836,TWN,TAIWAN,TWN,,,,,,,,PNG,PAPUA NEW GUINEA,PNG,,,,,,,,1,070,070,07,2,7.0,2,1,2,3.44827586206897,1,Taiwan,TW,TW,,24,121,TW,1,Taiwan,TW,TW,,24,121,TW,1,Taiwan,TW,TW,,24,121,TW,20260803041500,https://www.thenational.com.pg/lng-exports-remain-secured-maladina/
1316538271,20260803,202608,2026,2026.5836,UKR,UKRAINE,UKR,,,,,,,,,,,,,,,,,,0,010,010,01,1,0.0,1,1,1,-4.30733410942957,4,"Kiev, Ukraine (general), Ukraine",UP,UP00,28554,50.4333,30.5167,-1044367,0,,,,,,,,4,"Kiev, Ukraine (general), Ukraine",UP,UP00,28554,50.4333,30.5167,-1044367,20260803041500,https://www.yourdemocracy.net.au/drupal/node/60677
1316538272,20260803,202608,2026,2026.5836,UKR,UKRAINE,UKR,,,,,,,,,,,,,,,,,,1,014,014,01,1,0.0,2,1,2,-4.30733410942957,4,"Samara, Samarskaya Oblast', Russia",RS,RS65,25110,53.2,50.15,-2995930,0,,,,,,,,4,"Kiev, Ukraine (general), Ukraine",UP,UP00,28554,50.4333,30.5167,-1044367,20260803041500,https://www.yourdemocracy.net.au/drupal/node/60677
1316538273,20260803,202608,2026,2026.5836,UKR,UKRAINE,UKR,,,,,,,,ISR,ISRAELI,ISR,,,,,,,,0,031,031,03,1,5.2,10,1,10,-5.0314465408805,1,Ukraine,UP,UP,,49,32,UP,4,"Gaza, Israel (general), Israel",IS,IS00,18315,31.4167,34.3333,-797156,1,Ukraine,UP,UP,,49,32,UP,20260803041500,http://www.strategypage.com/%5Chtmw%5Chtada%5Carticles%5C2026080275543.aspx
1316538274,20260803,202608,2026,2026.5836,UKR,UKRAINE,UKR,,,,,,,,ISR,ISRAEL,ISR,,,,,,,,1,0332,033,03,1,5.2,5,1,5,-5.0314465408805,1,Ukraine,UP,UP,,49,32,UP,4,"Gaza, Israel (general), Israel",IS,IS00,18315,31.4167,34.3333,-797156,1,Ukraine,UP,UP,,49,32,UP,20260803041500,http://www.strategypage.com/%5Chtmw%5Chtada%5Carticles%5C2026080275543.aspx
1316538275,20260803,202608,2026,2026.5836,UKR,UKRAINE,UKR,,,,,,,,RUS,VLADIMIR,RUS,,,,,,,,1,014,014,01,1,0.0,8,1,8,-4.30733410942957,4,"Kiev, Ukraine (general), Ukraine",UP,UP00,28554,50.4333,30.5167,-1044367,4,"Kiev, Ukraine (general), Ukraine",UP,UP00,28554,50.4333,30.5167,-1044367,4,"Kiev, Ukraine (general), Ukraine",UP,UP00,28554,50.4333,30.5167,-1044367,20260803041500,https://www.yourdemocracy.net.au/drupal/node/60677
1316538276,20260803,202608,2026,2026.5836,UKR,UKRAINE,UKR,,,,,,,,RUS,RUSSIAN,RUS,,,,,,,,1,051,051,05,1,3.4,2,1,2,-4.30733410942957,4,"Tsentr, Novosibirskaya Oblast', Russia",RS,RS53,25082,55.0169,82.9192,11199786,4,"Tsentr, Novosibirskaya Oblast', Russia",RS,RS53,25082,55.0169,82.9192,11199786,4,"Tsentr, Novosibirskaya Oblast', Russia",RS,RS53,25082,55.0169,82.9192,11199786,20260803041500,https://www.yourdemocracy.net.au/drupal/node/60677
1316538277,20260803,202608,2026,2026.5836,UKR,UKRAINE,UKR,,,,,,,,RUS,RUSSIAN,RUS,,,,,,,,1,051,051,05,1,3.4,2,1,2,-4.30733410942957,4,"Tsentr, Novosibirskaya Oblast', Russia",RS,RS53,25082,55.0169,82.9192,11199786,1,United States,US,US,,39.828175,-98.5795,US,1,United States,US,US,,39.828175,-98.5795,US,20260803041500,https://www.yourdemocracy.net.au/drupal/node/60677
1316538278,20260803,202608,2026,2026.5836,USA,UNITED STATES,USA,,,,,,,,,,,,,,,,,,0,010,010,01,1,0.0,4,1,4,-1.81818181818182,3,"Charleston, South Carolina, United States",US,USSC,SC019,32.7766,-79.9309,1221516,0,,,,,,,,3,"Charleston, South Carolina, United States",US,USSC,SC019,32.7766,-79.9309,1221516,20260803041500,https://www.fitsnews.com/2026/08/02/what-to-watch-for-in-this-weeks-u-s-senate-debates/
1316538279,20260803,202608,2026,2026.5836,USA,UNITED STATES,USA,,,,,,,,,,,,,,,,,,1,010,010,01,1,0.0,1,1,1,-1.25448028673835,3,"Dallas, Texas, United States",US,USTX,TX113,32.7831,-96.8067,1380944,0,,,,,,,,3,"Dallas, Texas, United States",US,USTX,TX113,32.7831,-96.8067,1380944,20260803041500,https://taylorvilledailynews.com/local-news/srn-us-news/b5445f90de315f7f8cfbf2fd1470baa1
1316538280,20260803,202608,2026,2026.5836,USA,TEXAS,USA,,,,,,,,,,,,,,,,,,1,010,010,01,1,0.0,6,1,6,-5.55555555555556,3,"Harris County, Texas, United States",US,USTX,TX201,29.8336,-95.4002,1383886,0,,,,,,,,3,"Harris County, Texas, United States",US,USTX,,29.8336,-95.4002,1383886,20260803041500,https://abc13.com/post/mother-says-shots-fired-familys-home-part-ongoing-threats-reported-hcso/19617035/
1316538281,20260803,202608,2026,2026.5836,USA,UNITED STATES,USA,,,,,,,,,,,,,,,,,,1,010,010,01,1,0.0,6,1,4,-3.33543108873505,3,"Ravenden, Arkansas, United States",US,USAR,AR075,36.2334,-91.2518,58465,0,,,,,,,,3,"Ravenden, Arkansas, United States",US,USAR,AR075,36.2334,-91.2518,58465,20260803041500,https://www.express.co.uk/news/us/2235372/inside-arkansas-white-only-community-eric-orwoll-european-identity
1316538282,20260803,202608,2026,2026.5836,USA,JERSEY,USA,,,,,,,,,,,,,,,,,,0,010,010,01,1,0.0,2,1,2,1.47203140333661,3,"Jersey City, New Jersey, United States",US,USNJ,NJ017,40.7282,-74.0776,877450,0,,,,,,,,3,"Atlantic City, New Jersey, United States",US,USNJ,,39.3643,-74.4229,874413,20260803041500,https://patch.com/new-jersey/ridgewood/more-dozen-nj-restaurants-have-closed-last-few-months-its-part-trend
1316538283,20260803,202608,2026,2026.5836,USA,JERSEY,USA,,,,,,,,,,,,,,,,,,0,010,010,01,1,0.0,2,1,2,1.47203140333661,3,"Hoboken, New York, United States",US,USNY,NY077,42.627,-75.3224,952913,0,,,,,,,,3,"Atlantic City, New Jersey, United States",US,USNJ,,39.3643,-74.4229,874413,20260803041500,https://patch.com/new-jersey/ridgewood/more-dozen-nj-restaurants-have-closed-last-few-months-its-part-trend
1316538284,20260803,202608,2026,2026.5836,USA,JERSEY,USA,,,,,,,,,,,,,,,,,,1,010,010,01,1,0.0,7,1,7,1.47203140333661,1,Jersey,JE,JE,,49.216667,-2.116667,JE,0,,,,,,,,1,Jersey,JE,JE,,49.216667,-2.116667,JE,20260803041500,https://patch.com/new-jersey/ridgewood/more-dozen-nj-restaurants-have-closed-last-few-months-its-part-trend
1316538285,20260803,202608,2026,2026.5836,USA,UNITED STATES,USA,,,,,,,,,,,,,,,,,,0,011,011,01,1,-0.1,4,1,4,-7.73381294964029,2,"Ohio, United States",US,USOH,,40.3736,-82.7755,OH,0,,,,,,,,2,"Ohio, United States",US,USOH,,40.3736,-82.7755,OH,20260803041500,https://www.wnd.com/2026/08/pure-hell-sen-bernie-moreno-says-ex-son/
1316538286,20260803,202608,2026,2026.5836,USA,UNITED STATES,USA,,,,,,,,,,,,,,,,,,0,012,012,01,1,-0.4,3,1,3,-5.55555555555556,3,"Harris County, Texas, United States",US,USTX,TX201,29.8336,-95.4002,1383886,0,,,,,,,,3,"Harris County, Texas, United States",US,USTX,,29.8336,-95.4002,1383886,20260803041500,https://abc13.com/post/mother-says-shots-fired-familys-home-part-ongoing-threats-reported-hcso/19617035/
1316538287,20260803,202608,2026,2026.5836,USA,UNITED STATES,USA,,,,,,,,,,,,,,,,,,1,016,016,01,1,-2.0,4,1,4,-3.33543108873505,3,"Ravenden, Arkansas, United States",US,USAR,AR075,36.2334,-91.2518,58465,0,,,,,,,,3,"Ravenden, Arkansas, United States",US,USAR,AR075,36.2334,-91.2518,58465,20260803041500,https://www.express.co.uk/news/us/2235372/inside-arkansas-white-only-community-eric-orwoll-european-identity
1316538288,20260803,202608,2026,2026.5836,USA,TWIN FALLS,USA,,,,,,,,,,,,,,,,,,1,018,018,01,1,3.4,8,1,8,-7.17703349282296,3,"Twin Falls, Idaho, United States",US,USID,ID083,42.563,-114.461,398273,0,,,,,,,,2,"Idaho, United States",US,USID,,44.2394,-114.51,ID,20260803041500,https://www.kmvt.com/2026/08/02/idaho-officials-offer-condolences-after-deadly-twin-falls-shooting/
1316538289,20260803,202608,2026,2026.5836,USA,IDAHO,USA,,,,,,,,,,,,,,,,,,1,018,018,01,1,3.4,8,1,8,-7.17703349282296,2,"Idaho, United States",US,USID,,44.2394,-114.51,ID,0,,,,,,,,2,"Idaho, United States",US,USID,,44.2394,-114.51,ID,20260803041500,https://www.kmvt.com/2026/08/02/idaho-officials-offer-condolences-after-deadly-twin-falls-shooting/
1316538290,20260803,202608,2026,2026.5836,USA,NASHVILLE,USA,,,,,,,,,,,,,,,,,,1,020,020,02,1,3.0,10,1,10,-4.17690417690418,0,,,,,,,,0,,,,,,,,0,,,,,,,,20260803041500,https://www.wkyt.com/2026/08/03/tyler-smith-family-enlists-ben-crump-calls-transparent-investigation-into-teens-death/
1316538291,20260803,202608,2026,2026.5836,USA,UNITED STATES,USA,,,,,,,,,,,,,,,,,,0,020,020,02,1,3.0,2,1,2,-1.81818181818182,3,"Charleston, South Carolina, United States",US,USSC,SC019,32.7766,-79.9309,1221516,0,,,,,,,,3,"Charleston, South Carolina, United States",US,USSC,SC019,32.7766,-79.9309,1221516,20260803041500,https://www.fitsnews.com/2026/08/02/what-to-watch-for-in-this-weeks-u-s-senate-debates/
1316538292,20260803,202608,2026,2026.5836,USA,UNITED STATES,USA,,,,,,,,,,,,,,,,,,1,020,020,02,1,3.0,2,1,2,4.36893203883495,3,"Missoula, Montana, United States",US,USMT,MT063,46.8721,-113.994,787504,0,,,,,,,,3,"Missoula, Montana, United States",US,USMT,MT063,46.8721,-113.994,787504,20260803041500,https://www.kpax.com/news/missoula-county/ride-along-for-a-day-at-the-western-montana-fair
1316538293,20260803,202608,2026,2026.5836,USA,UNITED STATES,USA,,,,,,,,,,,,,,,,,,1,032,032,03,1,4.5,8,1,8,4.67289719626168,1,United States,US,US,,39.828175,-98.5795,US,0,,,,,,,,1,United States,US,US,,39.828175,-98.5795,US,20260803041500,https://fox11online.com/news/local/oshkosh-boy-raises-more-than-1000-for-tornado-relief-at-lemonade-stand
1316538294,20260803,202608,2026,2026.5836,USA,UNITED STATES,USA,,,,,,,,,,,,,,,,,,0,040,040,04,1,1.0,1,1,1,2.4,3,"Hollywood, California, United States",US,USCA,CA037,34.0983,-118.327,1660757,0,,,,,,,,3,"Hollywood, California, United States",US,USCA,CA037,34.0983,-118.327,1660757,20260803041500,https://mooseradio.com/ixp/108/p/kelly-clarkson-kurt-russell-montana-interview/
1316538295,20260803,202608,2026,2026.5836,USA,UNITED STATES,USA,,,,,,,,,,,,,,,,,,1,040,040,04,1,1.0,2,1,2,2.4,2,"Montana, United States",US,USMT,,46.9048,-110.326,MT,0,,,,,,,,3,"Hollywood, California, United States",US,USCA,CA037,34.0983,-118.327,1660757,20260803041500,https://mooseradio.com/ixp/108/p/kelly-clarkson-kurt-russell-montana-interview/
1316538296,20260803,202608,2026,2026.5836,USA,MONTANA,USA,,,,,,,,,,,,,,,,,,1,040,040,04,1,1.0,4,1,4,2.4,2,"Montana, United States",US,USMT,,46.9048,-110.326,MT,0,,,,,,,,2,"Montana, United States",US,USMT,,46.9048,-110.326,MT,20260803041500,https://mooseradio.com/ixp/108/p/kelly-clarkson-kurt-russell-montana-interview/
1316538297,20260803,202608,2026,2026.5836,USA,UNITED STATES,USA,,,,,,,,,,,,,,,,,,1,042,042,04,1,1.9,2,1,2,-3.33543108873505,3,"Ravenden, Arkansas, United States",US,USAR,AR075,36.2334,-91.2518,58465,0,,,,,,,,3,"Ravenden, Arkansas, United States",US,USAR,AR075,36.2334,-91.2518,58465,20260803041500,https://www.express.co.uk/news/us/2235372/inside-arkansas-white-only-community-eric-orwoll-european-identity
1316538298,20260803,202608,2026,2026.5836,USA,UNITED STATES,USA,,,,,,,,,,,,,,,,,,1,051,051,05,1,3.4,6,1,6,0.952380952380952,3,"Wichita Falls, Texas, United States",US,USTX,TX485,33.9137,-98.4934,1376776,0,,,,,,,,2,"Texas, United States",US,USTX,,31.106,-97.6475,TX,20260803041500,https://www.newschannel6now.com/2026/08/02/triple-digits-return-by-tomorrow-afternoon/
1316538299,20260803,202608,2026,2026.5836,USA,UNITED STATES,USA,,,,,,,,,,,,,,,,,,1,051,051,05,1,3.4,2,1,2,-7.17703349282296,2,"Idaho, United States",US,USID,,44.2394,-114.51,ID,0,,,,,,,,2,"Idaho, United States",US,USID,,44.2394,-114.51,ID,20260803041500,https://www.kmvt.com/2026/08/02/idaho-officials-offer-condolences-after-deadly-twin-falls-shooting/
1316538300,20260803,202608,2026,2026.5836,USA,UNITED STATES,USA,,,,,,,,,,,,,,,,,,0,060,060,06,2,6.0,4,1,4,-0.16313213703099,2,"Texas, United States",US,USTX,,31.106,-97.6475,TX,0,,,,,,,,2,"Texas, United States",US,USTX,,31.106,-97.6475,TX,20260803041500,https://www.fox7austin.com/news/central-texas-man-continues-back-to-school-shoe-drive-despite-cancer-diagnosis
1316538301,20260803,202608,2026,2026.5836,USA,UNITED STATES,USA,,,,,,,,,,,,,,,,,,0,110,110,11,3,-2.0,4,1,4,-1.81818181818182,3,"Charleston, South Carolina, United States",US,USSC,SC019,32.7766,-79.9309,1221516,0,,,,,,,,3,"Charleston, South Carolina, United States",US,USSC,SC019,32.7766,-79.9309,1221516,20260803041500,https://www.fitsnews.com/2026/08/02/what-to-watch-for-in-this-weeks-u-s-senate-debates/
1316538302,20260803,202608,2026,2026.5836,USA,UNITED STATES,USA,,,,,,,,,,,,,,,,,,1,112,112,11,3,-2.0,4,1,4,-3.33543108873505,3,"Ravenden, Arkansas, United States",US,USAR,AR075,36.2334,-91.2518,58465,0,,,,,,,,3,"Ravenden, Arkansas, United States",US,USAR,AR075,36.2334,-91.2518,58465,20260803041500,https://www.express.co.uk/news/us/2235372/inside-arkansas-white-only-community-eric-orwoll-european-identity
1316538303,20260803,202608,2026,2026.5836,USA,OHIO,USA,,,,,,,,,,,,,,,,,,1,112,112,11,3,-2.0,3,1,3,-7.73381294964029,2,"Ohio, United States",US,USOH,,40.3736,-82.7755,OH,0,,,,,,,,2,"New York, United States",US,USNY,,42.1497,-74.9384,NY,20260803041500,https://www.wnd.com/2026/08/pure-hell-sen-bernie-moreno-says-ex-son/
1316538304,20260803,202608,2026,2026.5836,USA,UNITED STATES,USA,,,,,,,,,,,,,,,,,,0,124,124,12,3,-4.0,4,1,4,-7.73381294964029,2,"Ohio, United States",US,USOH,,40.3736,-82.7755,OH,0,,,,,,,,2,"Ohio, United States",US,USOH,,40.3736,-82.7755,OH,20260803041500,https://www.wnd.com/2026/08/pure-hell-sen-bernie-moreno-says-ex-son/
1316538305,20260803,202608,2026,2026.5836,USA,UNITED STATES,USA,,,,,,,,,,,,,,,,,,1,166,166,16,4,-7.0,6,1,6,-5.09554140127388,3,"Sand Creek, Montana, United States",US,USMT,MT065,46.6427,-108.07,768081,0,,,,,,,,3,"Sand Creek, Montana, United States",US,USMT,,46.6427,-108.07,768081,20260803041500,https://www.kpax.com/news/western-montana-news/weekend-update-on-western-montanas-wildfires
1316538306,20260803,202608,2026,2026.5836,USA,UNITED STATES,USA,,,,,,,,,,,,,,,,,,1,166,166,16,4,-7.0,2,1,2,-5.09554140127388,3,"Philipsburg, Montana, United States",US,USMT,MT039,46.3321,-113.294,788813,0,,,,,,,,3,"Sand Creek, Montana, United States",US,USMT,,46.6427,-108.07,768081,20260803041500,https://www.kpax.com/news/western-montana-news/weekend-update-on-western-montanas-wildfires
1316538307,20260803,202608,2026,2026.5836,USA,UNITED STATES,USA,,,,,,,,CAN,CANADA,CAN,,,,,,,,1,036,036,03,1,4.0,4,1,4,6.25,3,"Chicago, Illinois, United States",US,USIL,IL031,41.85,-87.6501,423587,4,"Toronto, Ontario, Canada",CA,CA08,12686,43.6667,-79.4167,-574890,3,"Chicago, Illinois, United States",US,USIL,IL031,41.85,-87.6501,423587,20260803041500,https://www.allkpop.com/article/2026/08/cortis-thrills-50000-fans-at-lollapalooza-chicago-kicks-off-north-american-tour
1316538308,20260803,202608,2026,2026.5836,USA,MONTANA,USA,,,,,,,,CHN,CHINESE,CHN,,,,,,,,1,043,043,04,1,2.8,2,1,2,2.15633423180593,2,"Montana, United States",US,USMT,,46.9048,-110.326,MT,4,"Beijing, Beijing, China",CH,CH22,13001,39.9289,116.388,-1898541,4,"Beijing, Beijing, China",CH,CH22,13001,39.9289,116.388,-1898541,20260803041500,http://www.bjreview.com/Opinion/Editorial/202607/t20260731_800443282.html
1316538309,20260803,202608,2026,2026.5836,USA,MONTANA,USA,,,,,,,,CHN,CHINESE,CHN,,,,,,,,1,043,043,04,1,2.8,2,1,2,2.15633423180593,2,"Montana, United States",US,USMT,,46.9048,-110.326,MT,4,"Beijing, Beijing, China",CH,CH22,13001,39.9289,116.388,-1898541,2,"Montana, United States",US,USMT,,46.9048,-110.326,MT,20260803041500,http://www.bjreview.com/Opinion/Editorial/202607/t20260731_800443282.html
1316538310,20260803,202608,2026,2026.5836,USA,UNITED STATES,USA,,,,,,,,CHNEDU,CHINA,CHN,,,,,EDU,,,1,043,043,04,1,2.8,2,1,2,2.15633423180593,2,"Montana, United States",US,USMT,,46.9048,-110.326,MT,4,"Beijing, Beijing, China",CH,CH22,13001,39.9289,116.388,-1898541,4,"Beijing, Beijing, China",CH,CH22,13001,39.9289,116.388,-1898541,20260803041500,http://www.bjreview.com/Opinion/Editorial/202607/t20260731_800443282.html
1316538311,20260803,202608,2026,2026.5836,USA,MONTANA,USA,,,,,,,,CHNEDU,CHINESE,CHN,,,,,EDU,,,1,043,043,04,1,2.8,4,1,4,2.15633423180593,2,"Montana, United States",US,USMT,,46.9048,-110.326,MT,4,"Beijing, Beijing, China",CH,CH22,13001,39.9289,116.388,-1898541,2,"Montana, United States",US,USMT,,46.9048,-110.326,MT,20260803041500,http://www.bjreview.com/Opinion/Editorial/202607/t20260731_800443282.html
1316538312,20260803,202608,2026,2026.5836,USA,UNITED STATES,USA,,,,,,,,COP,LAW ENFORCEMENT OFFICER,,,,,,COP,,,1,051,051,05,1,3.4,2,1,2,-7.17703349282296,2,"Idaho, United States",US,USID,,44.2394,-114.51,ID,2,"Idaho, United States",US,USID,,44.2394,-114.51,ID,2,"Idaho, United States",US,USID,,44.2394,-114.51,ID,20260803041500,https://www.kmvt.com/2026/08/02/idaho-officials-offer-condolences-after-deadly-twin-falls-shooting/
1316538313,20260803,202608,2026,2026.5836,USA,MICHIGAN,USA,,,,,,,,CVL,VOTER,,,,,,CVL,,,1,010,010,01,1,0.0,5,1,5,1.76470588235295,2,"Michigan, United States",US,USMI,,43.3504,-84.5603,MI,2,"Michigan, United States",US,USMI,,43.3504,-84.5603,MI,2,"Michigan, United States",US,USMI,,43.3504,-84.5603,MI,20260803041500,https://www.wilx.com/2026/08/03/city-lansing-early-voting-continues-through-monday-michigan-ag-outlines-voter-rights-ahead-primary/
1316538314,20260803,202608,2026,2026.5836,USA,UNITED STATES,USA,,,,,,,,CVL,COMMUNITY,,,,,,CVL,,,0,040,040,04,1,1.0,1,1,1,-3.33543108873505,2,"Arkansas, United States",US,USAR,,34.9513,-92.3809,AR,2,"Arkansas, United States",US,USAR,,34.9513,-92.3809,AR,2,"Arkansas, United States",US,USAR,,34.9513,-92.3809,AR,20260803041500,https://www.express.co.uk/news/us/2235372/inside-arkansas-white-only-community-eric-orwoll-european-identity
1316538315,20260803,202608,2026,2026.5836,USA,UNITED STATES,USA,,,,,,,,CVL,COMMUNITY,,,,,,CVL,,,0,040,040,04,1,1.0,1,1,1,-3.33543108873505,2,"Arkansas, United States",US,USAR,,34.9513,-92.3809,AR,1,Germany,GM,GM,,51.5,10.5,GM,2,"Arkansas, United States",US,USAR,,34.9513,-92.3809,AR,20260803041500,https://www.express.co.uk/news/us/2235372/inside-arkansas-white-only-community-eric-orwoll-european-identity
1316538316,20260803,202608,2026,2026.5836,USA,UNITED STATES,USA,,,,,,,,GOV,PRIME MINISTER,,,,,,GOV,,,0,040,040,04,1,1.0,1,1,1,-1.80520570948782,3,"Washington, District of Columbia, United States",US,USDC,DC001,38.8951,-77.0364,531871,4,"Gaza, Israel (general), Israel",IS,IS00,18315,31.4167,34.3333,-797156,4,"Gaza, Israel (general), Israel",IS,IS00,18315,31.4167,34.3333,-797156,20260803041500,https://taylorvilledailynews.com/local-news/srn-us-news/a2e0679d5f75f3e019cea24e68b1c7e2
1316538317,20260803,202608,2026,2026.5836,USA,PHOENIX,USA,,,,,,,,LBN,LEBANON,LBN,,,,,,,,0,040,040,04,1,1.0,2,1,2,-4.98960498960499,4,"Beirut, Beyrouth, Lebanon",LE,LE04,18808,33.8719,35.5097,-801546,4,"Beirut, Beyrouth, Lebanon",LE,LE04,18808,33.8719,35.5097,-801546,4,"Beirut, Beyrouth, Lebanon",LE,LE04,18808,33.8719,35.5097,-801546,20260803041500,https://yalibnan.com/2026/08/03/the-big-lie-the-fpm-cannot-rewrite-its-role-in-the-beirut-port-catastrophe/
1316538318,20260803,202608,2026,2026.5836,USA,UNITED STATES,USA,,,,,,,,MED,MEDIA,,,,,,MED,,,0,013,013,01,1,0.4,2,1,2,-4.2212518195051,3,"Surry County, Virginia, United States",US,USVA,VA181,37.1168,-76.8997,1480174,3,"Surry County, Virginia, United States",US,USVA,,37.1168,-76.8997,1480174,3,"Surry County, Virginia, United States",US,USVA,,37.1168,-76.8997,1480174,20260803041500,https://www.thestokesnews.com/apg_sister_paper/mtairy/rainfall-flooding-overwhelm-mount-airy-surry-county/article_1a994438-8f35-5b8e-aab3-f16e06e41dde.html
1316538319,20260803,202608,2026,2026.5836,USA,UNITED STATES,USA,,,,,,,,MED,MEDIA,,,,,,MED,,,0,073,073,07,2,7.4,2,1,2,-4.2212518195051,3,"Surry County, Virginia, United States",US,USVA,VA181,37.1168,-76.8997,1480174,3,"Surry County, Virginia, United States",US,USVA,,37.1168,-76.8997,1480174,3,"Surry County, Virginia, United States",US,USVA,,37.1168,-76.8997,1480174,20260803041500,https://www.thestokesnews.com/apg_sister_paper/mtairy/rainfall-flooding-overwhelm-mount-airy-surry-county/article_1a994438-8f35-5b8e-aab3-f16e06e41dde.html
1316538320,20260803,202608,2026,2026.5836,USA,UNITED STATES,USA,,,,,,,,MIL,AIR FORCE,,,,,,MIL,,,1,013,013,01,1,0.4,2,1,2,1.22249388753056,3,"Washington, District of Columbia, United States",US,USDC,DC001,38.8951,-77.0364,531871,4,"Tehran, Tehran, Iran",IR,IR26,41130,35.75,51.5148,10074674,3,"Washington, District of Columbia, United States",US,USDC,DC001,38.8951,-77.0364,531871,20260803041500,https://www.newkerala.com/news/a/trump-announces-fresh-iran-talks-amid-gulf-mediation-588.htm
1316538321,20260803,202608,2026,2026.5836,USA,UNITED STATES,USA,,,,,,,,MILGOV,LIEUTENANT,,,,,,MIL,GOV,,0,040,040,04,1,1.0,1,1,1,-1.81818181818182,3,"Charleston, South Carolina, United States",US,USSC,SC019,32.7766,-79.9309,1221516,3,"Charleston, South Carolina, United States",US,USSC,SC019,32.7766,-79.9309,1221516,3,"Charleston, South Carolina, United States",US,USSC,SC019,32.7766,-79.9309,1221516,20260803041500,https://www.fitsnews.com/2026/08/02/what-to-watch-for-in-this-weeks-u-s-senate-debates/
1316538322,20260803,202608,2026,2026.5836,USA,UNITED STATES,USA,,,,,,,,SEP,SEPARATIST,,,,,,SEP,,,1,042,042,04,1,1.9,2,1,2,-3.33543108873505,3,"Ravenden, Arkansas, United States",US,USAR,AR075,36.2334,-91.2518,58465,3,"Ravenden, Arkansas, United States",US,USAR,AR075,36.2334,-91.2518,58465,3,"Ravenden, Arkansas, United States",US,USAR,AR075,36.2334,-91.2518,58465,20260803041500,https://www.express.co.uk/news/us/2235372/inside-arkansas-white-only-community-eric-orwoll-european-identity
1316538323,20260803,202608,2026,2026.5836,USA,OHIO,USA,,,,,,,,USALEG,BUCKEYE STATE,USA,,,,,LEG,,,1,0241,024,02,1,-0.3,3,1,3,-7.73381294964029,3,"Washington, District of Columbia, United States",US,USDC,DC001,38.8951,-77.0364,531871,3,"Washington, District of Columbia, United States",US,USDC,DC001,38.8951,-77.0364,531871,3,"Washington, District of Columbia, United States",US,USDC,DC001,38.8951,-77.0364,531871,20260803041500,https://www.wnd.com/2026/08/pure-hell-sen-bernie-moreno-says-ex-son/
1316538324,20260803,202608,2026,2026.5836,USA,OHIO,USA,,,,,,,,USALEG,BUCKEYE STATE,USA,,,,,LEG,,,1,112,112,11,3,-2.0,3,1,3,-7.73381294964029,2,"Ohio, United States",US,USOH,,40.3736,-82.7755,OH,2,"Ohio, United States",US,USOH,,40.3736,-82.7755,OH,2,"New York, United States",US,USNY,,42.1497,-74.9384,NY,20260803041500,https://www.wnd.com/2026/08/pure-hell-sen-bernie-moreno-says-ex-son/
1316538325,20260803,202608,2026,2026.5836,USA,OHIO,USA,,,,,,,,USALEG,BUCKEYE STATE,USA,,,,,LEG,,,1,112,112,11,3,-2.0,1,1,1,-7.73381294964029,2,"Ohio, United States",US,USOH,,40.3736,-82.7755,OH,2,"Ohio, United States",US,USOH,,40.3736,-82.7755,OH,2,"Ohio, United States",US,USOH,,40.3736,-82.7755,OH,20260803041500,https://www.wnd.com/2026/08/pure-hell-sen-bernie-moreno-says-ex-son/
1316538326,20260803,202608,2026,2026.5836,USAAGR,UNITED STATES,USA,,,,,AGR,,,,,,,,,,,,,1,010,010,01,1,0.0,1,1,1,-1.25448028673835,3,"Dallas, Texas, United States",US,USTX,TX113,32.7831,-96.8067,1380944,0,,,,,,,,3,"Dallas, Texas, United States",US,USTX,TX113,32.7831,-96.8067,1380944,20260803041500,https://taylorvilledailynews.com/local-news/srn-us-news/b5445f90de315f7f8cfbf2fd1470baa1
1316538327,20260803,202608,2026,2026.5836,USAGOV,UNITED STATES,USA,,,,,GOV,,,GOV,FIREFIGHTER,,,,,,GOV,,,1,017,017,01,1,0.0,4,1,4,-7.92079207920792,3,"Geauga County, Ohio, United States",US,USOH,OH055,41.5006,-81.1665,1074040,3,"Geauga County, Ohio, United States",US,USOH,,41.5006,-81.1665,1074040,3,"Geauga County, Ohio, United States",US,USOH,,41.5006,-81.1665,1074040,20260803041500,https://www.whio.com/news/local/firefighter-dies-crash-department-says/625CDVQM6FB73OOF26TT5XZ4BU/
1316538328,20260803,202608,2026,2026.5836,USAGOV,UNITED STATES,USA,,,,,GOV,,,MILGOV,LIEUTENANT,,,,,,MIL,GOV,,0,040,040,04,1,1.0,1,1,1,-1.81818181818182,3,"Charleston, South Carolina, United States",US,USSC,SC019,32.7766,-79.9309,1221516,3,"Charleston, South Carolina, United States",US,USSC,SC019,32.7766,-79.9309,1221516,3,"Charleston, South Carolina, United States",US,USSC,SC019,32.7766,-79.9309,1221516,20260803041500,https://www.fitsnews.com/2026/08/02/what-to-watch-for-in-this-weeks-u-s-senate-debates/
1316538329,20260803,202608,2026,2026.5836,USALEG,BUCKEYE STATE,USA,,,,,LEG,,,USA,UNITED STATES,USA,,,,,,,,1,0241,024,02,1,-0.3,3,1,3,-7.73381294964029,2,"Ohio, United States",US,USOH,,40.3736,-82.7755,OH,2,"Ohio, United States",US,USOH,,40.3736,-82.7755,OH,2,"Ohio, United States",US,USOH,,40.3736,-82.7755,OH,20260803041500,https://www.wnd.com/2026/08/pure-hell-sen-bernie-moreno-says-ex-son/
1316538330,20260803,202608,2026,2026.5836,USALEG,BUCKEYE STATE,USA,,,,,LEG,,,USA,UNITED STATES,USA,,,,,,,,1,112,112,11,3,-2.0,3,1,3,-7.73381294964029,2,"Ohio, United States",US,USOH,,40.3736,-82.7755,OH,2,"Ohio, United States",US,USOH,,40.3736,-82.7755,OH,2,"Ohio, United States",US,USOH,,40.3736,-82.7755,OH,20260803041500,https://www.wnd.com/2026/08/pure-hell-sen-bernie-moreno-says-ex-son/
1316538331,20260803,202608,2026,2026.5836,USAMED,REUTERS,USA,,,,,MED,,,CVL,RESIDENTS,,,,,,CVL,,,0,043,043,04,1,2.8,5,1,5,-3.82513661202186,4,"Fnideq, Tanger-Téuan, Morocco",MO,MO57,21787,35.8519,-5.35702,-32977,4,"Fnideq, Tanger-Téuan, Morocco",MO,MO57,21787,35.8519,-5.35702,-32977,4,"Fnideq, Tanger-Téuan, Morocco",MO,MO57,21787,35.8519,-5.35702,-32977,20260803041500,https://www.christiandaily.com/news/evangelical-pastor-in-ceuta-calls-for-prayer-as-death-toll-climbs-and-migrants-turn-back
1316538332,20260803,202608,2026,2026.5836,USAMED,REUTERS,USA,,,,,MED,,,MARREF,MOROCCO,MAR,,,,,REF,,,0,040,040,04,1,1.0,2,1,2,-3.82513661202186,4,"Fnideq, Tanger-Téuan, Morocco",MO,MO57,21787,35.8519,-5.35702,-32977,4,"Fnideq, Tanger-Téuan, Morocco",MO,MO57,21787,35.8519,-5.35702,-32977,4,"Fnideq, Tanger-Téuan, Morocco",MO,MO57,21787,35.8519,-5.35702,-32977,20260803041500,https://www.christiandaily.com/news/evangelical-pastor-in-ceuta-calls-for-prayer-as-death-toll-climbs-and-migrants-turn-back
1316538333,20260803,202608,2026,2026.5836,USAMED,REUTERS,USA,,,,,MED,,,REF,RETURNEE,,,,,,REF,,,0,040,040,04,1,1.0,3,1,3,-3.82513661202186,4,"Fnideq, Tanger-Téuan, Morocco",MO,MO57,21787,35.8519,-5.35702,-32977,4,"Fnideq, Tanger-Téuan, Morocco",MO,MO57,21787,35.8519,-5.35702,-32977,4,"Fnideq, Tanger-Téuan, Morocco",MO,MO57,21787,35.8519,-5.35702,-32977,20260803041500,https://www.christiandaily.com/news/evangelical-pastor-in-ceuta-calls-for-prayer-as-death-toll-climbs-and-migrants-turn-back
1316538334,20260803,202608,2026,2026.5836,USAREB,KU KLUX KLAN,USA,,,,,REB,,,USA,UNITED STATES,USA,,,,,,,,0,051,051,05,1,3.4,4,1,4,-3.33543108873505,3,"Ravenden, Arkansas, United States",US,USAR,AR075,36.2334,-91.2518,58465,3,"Ravenden, Arkansas, United States",US,USAR,AR075,36.2334,-91.2518,58465,3,"Ravenden, Arkansas, United States",US,USAR,AR075,36.2334,-91.2518,58465,20260803041500,https://www.express.co.uk/news/us/2235372/inside-arkansas-white-only-community-eric-orwoll-european-identity
1316538335,20260803,202608,2026,2026.5836,UZB,UZBEKISTAN,UZB,,,,,,,,,,,,,,,,,,0,043,043,04,1,2.8,4,1,4,4.54545454545455,4,"New Delhi, Delhi, India",IN,IN07,17911,28.6,77.2,-2106102,0,,,,,,,,4,"New Delhi, Delhi, India",IN,IN07,17911,28.6,77.2,-2106102,20260803041500,https://www.newkerala.com/news/a/uzbekistan-foreign-minister-bakhtiyor-saidov-arrives-new-delhi-829.htm
1316538336,20260803,202608,2026,2026.5836,UZB,UZBEKISTAN,UZB,,,,,,,,,,,,,,,,,,0,043,043,04,1,2.8,6,1,6,4.54545454545455,1,Uzbekistan,UZ,UZ,,41.707542,63.84911,UZ,0,,,,,,,,4,"New Delhi, Delhi, India",IN,IN07,17911,28.6,77.2,-2106102,20260803041500,https://www.newkerala.com/news/a/uzbekistan-foreign-minister-bakhtiyor-saidov-arrives-new-delhi-829.htm
1316538337,20260803,202608,2026,2026.5836,UZBGOV,SHAVKAT MIRZIYOYEV,UZB,,,,,GOV,,,CHN,CHINA,CHN,,,,,,,,0,046,046,04,1,7.0,2,1,2,1.90217391304348,4,"Tashkent, Toshkent Shahri, Uzbekistan",UZ,UZ13,37316,41.3167,69.25,-2579372,4,"Tashkent, Toshkent Shahri, Uzbekistan",UZ,UZ13,37316,41.3167,69.25,-2579372,4,"Tashkent, Toshkent Shahri, Uzbekistan",UZ,UZ13,37316,41.3167,69.25,-2579372,20260803041500,https://www.newkerala.com/news/a/uzbekistans-foreign-minister-bakhtiyor-saidov-arrives-new-delhi-326.htm
1316538338,20260803,202608,2026,2026.5836,UZBGOV,UZBEKISTAN,UZB,,,,,GOV,,,IND,NEW DELHI,IND,,,,,,,,1,042,042,04,1,1.9,8,1,6,4.54545454545455,4,"New Delhi, Delhi, India",IN,IN07,17911,28.6,77.2,-2106102,4,"New Delhi, Delhi, India",IN,IN07,17911,28.6,77.2,-2106102,4,"New Delhi, Delhi, India",IN,IN07,17911,28.6,77.2,-2106102,20260803041500,https://www.newkerala.com/news/a/uzbekistan-foreign-minister-bakhtiyor-saidov-arrives-new-delhi-829.htm
1316538339,20260803,202608,2026,2026.5836,UZBGOV,UZBEKISTAN,UZB,,,,,GOV,,,IND,NEW DELHI,IND,,,,,,,,1,042,042,04,1,1.9,4,1,4,4.54545454545455,1,Uzbekistan,UZ,UZ,,41.707542,63.84911,UZ,4,"New Delhi, Delhi, India",IN,IN07,17911,28.6,77.2,-2106102,4,"New Delhi, Delhi, India",IN,IN07,17911,28.6,77.2,-2106102,20260803041500,https://www.newkerala.com/news/a/uzbekistan-foreign-minister-bakhtiyor-saidov-arrives-new-delhi-829.htm
1316538340,20260803,202608,2026,2026.5836,VUT,VANUATU,VUT,,,,,,,,GOV,MINIST,,,,,,GOV,,,1,043,043,04,1,2.8,8,1,8,6.97674418604651,1,Vanuatu,NH,NH,,-16,167,NH,1,Vanuatu,NH,NH,,-16,167,NH,1,Vanuatu,NH,NH,,-16,167,NH,20260803041500,https://www.thenational.com.pg/marape-opens-chancery-in-port-villa-reaffirms-partnership/
1316538341,20260803,202608,2026,2026.5836,VUT,VANUATU,VUT,,,,,,,,JUD,CHANCERY,,,,,,JUD,,,1,033,033,03,1,5.2,8,1,8,6.97674418604651,1,Vanuatu,NH,NH,,-16,167,NH,4,"Port Moresby, National Capital, Papua New Guinea",PP,PP20,18585,-9.46472,147.193,-2198538,4,"Port Moresby, National Capital, Papua New Guinea",PP,PP20,18585,-9.46472,147.193,-2198538,20260803041500,https://www.thenational.com.pg/marape-opens-chancery-in-port-villa-reaffirms-partnership/
1316538342,20260803,202608,2026,2026.5836,VUT,VANUATU,VUT,,,,,,,,JUD,CHANCERY,,,,,,JUD,,,1,033,033,03,1,5.2,2,1,2,6.97674418604651,1,Vanuatu,NH,NH,,-16,167,NH,4,"Port Moresby, National Capital, Papua New Guinea",PP,PP20,18585,-9.46472,147.193,-2198538,1,Vanuatu,NH,NH,,-16,167,NH,20260803041500,https://www.thenational.com.pg/marape-opens-chancery-in-port-villa-reaffirms-partnership/
1316538343,20260803,202608,2026,2026.5836,VUT,VANUATU,VUT,,,,,,,,JUD,CHANCERY,,,,,,JUD,,,1,060,060,06,2,6.0,10,1,10,6.97674418604651,1,Vanuatu,NH,NH,,-16,167,NH,4,"Port Moresby, National Capital, Papua New Guinea",PP,PP20,18585,-9.46472,147.193,-2198538,4,"Port Moresby, National Capital, Papua New Guinea",PP,PP20,18585,-9.46472,147.193,-2198538,20260803041500,https://www.thenational.com.pg/marape-opens-chancery-in-port-villa-reaffirms-partnership/
1316538344,20260803,202608,2026,2026.5836,VUT,VANUATU,VUT,,,,,,,,PNG,PORT MORESBY,PNG,,,,,,,,1,042,042,04,1,1.9,10,1,10,6.97674418604651,1,Vanuatu,NH,NH,,-16,167,NH,1,Vanuatu,NH,NH,,-16,167,NH,1,Vanuatu,NH,NH,,-16,167,NH,20260803041500,https://www.thenational.com.pg/marape-opens-chancery-in-port-villa-reaffirms-partnership/
1316538345,20260803,202608,2026,2026.5836,VUT,VANUATU,VUT,,,,,,,,VUTGOV,VANUATU,VUT,,,,,GOV,,,1,043,043,04,1,2.8,2,1,2,6.97674418604651,1,Vanuatu,NH,NH,,-16,167,NH,1,Vanuatu,NH,NH,,-16,167,NH,1,Vanuatu,NH,NH,,-16,167,NH,20260803041500,https://www.thenational.com.pg/marape-opens-chancery-in-port-villa-reaffirms-partnership/
1316538346,20260803,202608,2026,2026.5836,VUTGOV,VANUATU,VUT,,,,,GOV,,,VUT,VANUATU,VUT,,,,,,,,1,042,042,04,1,1.9,2,1,2,6.97674418604651,1,Vanuatu,NH,NH,,-16,167,NH,1,Vanuatu,NH,NH,,-16,167,NH,1,Vanuatu,NH,NH,,-16,167,NH,20260803041500,https://www.thenational.com.pg/marape-opens-chancery-in-port-villa-reaffirms-partnership/
1316538347,20260803,202608,2026,2026.5836,mnn,MANO,,,mnn,,,,,,,,,,,,,,,,0,010,010,01,1,0.0,10,1,10,-3.20987654320987,0,,,,,,,,0,,,,,,,,0,,,,,,,,20260803041500,https://www.thenational.com.pg/autopsies-reveal-drowning-as-cause-of-death-for-13/
1316555217,20250803,202508,2025,2025.5836,,,,,,,,,,,AUS,NEW SOUTH WALES,AUS,,,,,,,,0,190,190,19,4,-10.0,10,1,10,-4.64601769911504,0,,,,,,,,4,"Curragh, New South Wales, Australia",AS,AS02,5096,-29.7667,145.3,-1568532,4,"Curragh, New South Wales, Australia",AS,AS02,5096,-29.7667,145.3,-1568532,20260803080000,https://www.wsws.org/en/articles/2026/08/03/rnmj-a03.html
1316555218,20260704,202607,2026,2026.5041,IRN,IRAN,IRN,,,,,,,,LEG,LAWMAKER,,,,,,LEG,,,1,013,013,01,1,0.4,4,1,4,-4.8,1,Iran,IR,IR,,32,53,IR,1,Iran,IR,IR,,32,53,IR,1,Iran,IR,IR,,32,53,IR,20260803080000,https://www.i24news.tv/en/news/international/americas/artc-us-military-seeks-creative-and-unconventional-ideas-to-pressure-iran-report
1316555219,20260704,202607,2026,2026.5041,MIL,JOINT CHIEFS OF STAFF,,,,,,MIL,,,LEG,LAWMAKER,,,,,,LEG,,,1,010,010,01,1,0.0,6,1,6,-4.8,1,Iran,IR,IR,,32,53,IR,1,Iran,IR,IR,,32,53,IR,1,Iran,IR,IR,,32,53,IR,20260803080000,https://www.i24news.tv/en/news/international/americas/artc-us-military-seeks-creative-and-unconventional-ideas-to-pressure-iran-report
1316555220,20260727,202607,2026,2026.5671,GBR,LONDON,GBR,,,,,,,,NGA,NIGERIA,NGA,,,,,,,,1,043,043,04,1,2.8,10,1,10,3.09555854643337,4,"London, London, City of, United Kingdom",UK,UKH9,40110,51.5,-0.116667,-2601889,5,"Edo State, Edo, Nigeria",NI,NI37,191281,6.5,6,29623,5,"Edo State, Edo, Nigeria",NI,NI37,191281,6.5,6,29623,20260803080000,https://nigerianobservernews.com/2026/08/economic-benefits-of-governor-okpebholos-shine-beyond-borders-interaction-with-edo-in-diaspora/
1316555221,20260727,202607,2026,2026.5671,NGA,NIGERIA,NGA,,,,,,,,GBR,UNITED KINGDOM,GBR,,,,,,,,1,042,042,04,1,1.9,2,1,2,3.09555854643337,5,"Edo State, Edo, Nigeria",NI,NI37,191281,6.5,6,29623,5,"Edo State, Edo, Nigeria",NI,NI37,191281,6.5,6,29623,4,"London, London, City of, United Kingdom",UK,UKH9,40110,51.5,-0.116667,-2601889,20260803080000,https://nigerianobservernews.com/2026/08/economic-benefits-of-governor-okpebholos-shine-beyond-borders-interaction-with-edo-in-diaspora/
1316555222,20260727,202607,2026,2026.5671,NGA,NIGERIA,NGA,,,,,,,,GBR,LONDON,GBR,,,,,,,,1,042,042,04,1,1.9,8,1,8,3.09555854643337,5,"Edo State, Edo, Nigeria",NI,NI37,191281,6.5,6,29623,5,"Edo State, Edo, Nigeria",NI,NI37,191281,6.5,6,29623,5,"Edo State, Edo, Nigeria",NI,NI37,191281,6.5,6,29623,20260803080000,https://nigerianobservernews.com/2026/08/economic-benefits-of-governor-okpebholos-shine-beyond-borders-interaction-with-edo-in-diaspora/
1316555223,20260727,202607,2026,2026.5671,USA,UNITED STATES,USA,,,,,,,,,,,,,,,,,,0,030,030,03,1,4.0,2,1,2,-3.86029411764706,2,"Nebraska, United States",US,USNE,,41.1289,-98.2883,NE,0,,,,,,,,2,"Nebraska, United States",US,USNE,,41.1289,-98.2883,NE,20260803080000,https://www.ketv.com/article/wahoo-nebraska-cold-case-book-mary-kay-heese/73328772
1316555224,20260802,202608,2026,2026.5808,CHR,CHRISTIAN,,,,CHR,,,,,,,,,,,,,,,1,120,120,12,3,-4.0,8,1,8,-2.39520958083832,1,Nigeria,NI,NI,,10,8,NI,0,,,,,,,,1,Nigeria,NI,NI,,10,8,NI,20260803080000,https://leadership.ng/northern-christians-back-catholic-bishops-fault-bwala-over-remarks-2/
1316555225,20260802,202608,2026,2026.5808,CHR,CHRISTIAN,,,,CHR,,,,,,,,,,,,,,,1,124,124,12,3,-4.0,8,1,8,-2.39520958083832,1,Nigeria,NI,NI,,10,8,NI,0,,,,,,,,1,Nigeria,NI,NI,,10,8,NI,20260803080000,https://leadership.ng/northern-christians-back-catholic-bishops-fault-bwala-over-remarks-2/
1316555226,20260802,202608,2026,2026.5808,NGA,NIGERIA,NGA,,,,,,,,CHR,CHRISTIAN,,,,CHR,,,,,1,120,120,12,3,-4.0,2,1,2,-2.39520958083832,1,Nigeria,NI,NI,,10,8,NI,1,Nigeria,NI,NI,,10,8,NI,1,Nigeria,NI,NI,,10,8,NI,20260803080000,https://leadership.ng/northern-christians-back-catholic-bishops-fault-bwala-over-remarks-2/
1316555227,20260802,202608,2026,2026.5808,NGA,NIGERIA,NGA,,,,,,,,CHR,CHRISTIAN,,,,CHR,,,,,1,130,130,13,3,-4.4,2,1,2,-2.39520958083832,1,Nigeria,NI,NI,,10,8,NI,1,Nigeria,NI,NI,,10,8,NI,1,Nigeria,NI,NI,,10,8,NI,20260803080000,https://leadership.ng/northern-christians-back-catholic-bishops-fault-bwala-over-remarks-2/
1316555228,20260803,202608,2026,2026.5836,,,,,,,,,,,ARE,DUBAI,ARE,,,,,,,,0,042,042,04,1,1.9,10,1,10,1.73674588665448,0,,,,,,,,4,"Dubai, Dubayy, United Arab Emirates",AE,AE03,28575,25.2522,55.28,-782831,4,"Dubai, Dubayy, United Arab Emirates",AE,AE03,28575,25.2522,55.28,-782831,20260803080000,https://www.hindustantimes.com/trending/indian-man-shares-reality-of-dubai-job-hunt-after-500-applications-some-offered-a-quarter-of-my-previous-salary-101785741457039.html
1316555229,20260803,202608,2026,2026.5836,,,,,,,,,,,AREMED,DUBAI,ARE,,,,,MED,,,0,042,042,04,1,1.9,5,1,5,1.64609053497943,0,,,,,,,,4,"Dubai, Dubayy, United Arab Emirates",AE,AE03,28575,25.2522,55.28,-782831,4,"Dubai, Dubayy, United Arab Emirates",AE,AE03,28575,25.2522,55.28,-782831,20260803080000,https://tradearabia.com:443/News/466096/EventMania-Festival-returns-with-expanded-format-wedding-platform
1316555230,20260803,202608,2026,2026.5836,,,,,,,,,,,AUS,AUSTRALIA,AUS,,,,,,,,1,051,051,05,1,3.4,2,1,2,-4.64601769911504,0,,,,,,,,4,"Moranbah, Queensland, Australia",AS,AS04,154673,-21.9983,148.035,11430540,4,"Moranbah, Queensland, Australia",AS,AS04,154673,-21.9983,148.035,11430540,20260803080000,https://www.wsws.org/en/articles/2026/08/03/rnmj-a03.html
1316555231,20260803,202608,2026,2026.5836,,,,,,,,,,,AUS,AUSTRALIAN,AUS,,,,,,,,1,051,051,05,1,3.4,3,1,3,0.2493765586035,0,,,,,,,,4,"Potts Point, New South Wales, Australia",AS,AS02,5114,-33.8667,151.225,353562,4,"Potts Point, New South Wales, Australia",AS,AS02,5114,-33.8667,151.225,353562,20260803080000,https://www.billboard.com/music/rock/paul-kelly-returns-sydney-one-off-show-1236307930/
1316555232,20260803,202608,2026,2026.5836,,,,,,,,,,,AUS,QUEENSLAND,AUS,,,,,,,,0,128,128,12,3,-5.0,2,1,2,-4.64601769911504,0,,,,,,,,4,"Peak Downs, Queensland, Australia",AS,AS04,154673,-22.9333,148.083,-1594225,4,"Peak Downs, Queensland, Australia",AS,AS04,154673,-22.9333,148.083,-1594225,20260803080000,https://www.wsws.org/en/articles/2026/08/03/rnmj-a03.html
1316555233,20260803,202608,2026,2026.5836,,,,,,,,,,,AUS,AUSTRALIA,AUS,,,,,,,,0,173,173,17,4,-5.0,2,1,2,-4.64601769911504,0,,,,,,,,4,"Peak Downs, Queensland, Australia",AS,AS04,154673,-22.9333,148.083,-1594225,4,"Peak Downs, Queensland, Australia",AS,AS04,154673,-22.9333,148.083,-1594225,20260803080000,https://www.wsws.org/en/articles/2026/08/03/rnmj-a03.html
1316555234,20260803,202608,2026,2026.5836,,,,,,,,,,,AUS,AUSTRALIA,AUS,,,,,,,,1,173,173,17,4,-5.0,2,1,2,-4.64601769911504,0,,,,,,,,4,"Moranbah, Queensland, Australia",AS,AS04,154673,-21.9983,148.035,11430540,4,"Moranbah, Queensland, Australia",AS,AS04,154673,-21.9983,148.035,11430540,20260803080000,https://www.wsws.org/en/articles/2026/08/03/rnmj-a03.html
1316555235,20260803,202608,2026,2026.5836,,,,,,,,,,,AUS,AUSTRALIA,AUS,,,,,,,,0,190,190,19,4,-10.0,2,1,2,-4.64601769911504,0,,,,,,,,4,"Curragh, New South Wales, Australia",AS,AS02,5096,-29.7667,145.3,-1568532,4,"Peak Downs, Queensland, Australia",AS,AS04,154673,-22.9333,148.083,-1594225,20260803080000,https://www.wsws.org/en/articles/2026/08/03/rnmj-a03.html
1316555236,20260803,202608,2026,2026.5836,,,,,,,,,,,AUS,AUSTRALIA,AUS,,,,,,,,0,190,190,19,4,-10.0,1,1,1,-4.64601769911504,0,,,,,,,,4,"Peak Downs, Queensland, Australia",AS,AS04,154673,-22.9333,148.083,-1594225,4,"Curragh, New South Wales, Australia",AS,AS02,5096,-29.7667,145.3,-1568532,20260803080000,https://www.wsws.org/en/articles/2026/08/03/rnmj-a03.html
1316555237,20260803,202608,2026,2026.5836,,,,,,,,,,,AUS,AUSTRALIA,AUS,,,,,,,,0,190,190,19,4,-10.0,1,1,1,-4.64601769911504,0,,,,,,,,4,"Peak Downs, Queensland, Australia",AS,AS04,154673,-22.9333,148.083,-1594225,4,"Peak Downs, Queensland, Australia",AS,AS04,154673,-22.9333,148.083,-1594225,20260803080000,https://www.wsws.org/en/articles/2026/08/03/rnmj-a03.html
1316555238,20260803,202608,2026,2026.5836,,,,,,,,,,,CHR,CHRISTIAN,,,,CHR,,,,,1,046,046,04,1,7.0,6,1,6,4.99040307101728,0,,,,,,,,4,"Rome, Lazio, Italy",IT,IT07,18350,41.9,12.4833,-126693,4,"Rome, Lazio, Italy",IT,IT07,18350,41.9,12.4833,-126693,20260803080000,https://www.rvasia.org/asian-news/global-webinar-explores-pope-leo-xivs-magnifica-humanitas-draws-700-participants
1316555239,20260803,202608,2026,2026.5836,,,,,,,,,,,COP,POLICE DISTRICT,,,,,,COP,,,1,043,043,04,1,2.8,10,1,10,-5.97014925373134,0,,,,,,,,4,"Canberra, Australian Capital Territory, Australia",AS,AS01,4940,-35.2833,149.217,-1563952,4,"Canberra, Australian Capital Territory, Australia",AS,AS01,4940,-35.2833,149.217,-1563952,20260803080000,https://www.batemansbaypost.com.au/story/9323040/nsw-man-43-dies-in-fatal-ute-rollover-near-lake-george/
1316555240,20260803,202608,2026,2026.5836,,,,,,,,,,,COP,POLICE,,,,,,COP,,,1,112,112,11,3,-2.0,6,1,6,-12.1428571428571,0,,,,,,,,4,"Osaka, Osaka, Japan",JA,JA32,35840,34.6667,135.5,-240905,4,"Osaka, Osaka, Japan",JA,JA32,35840,34.6667,135.5,-240905,20260803080000,https://japantoday.com/category/crime/man-dies-after-being-stabbed-in-the-neck-79-year-old-suspect-turns-himself-in
1316555241,20260803,202608,2026,2026.5836,,,,,,,,,,,COP,POLICE,,,,,,COP,,,0,1243,124,12,3,-4.0,10,1,10,-3.99644760213144,0,,,,,,,,4,"Abuja, Abuja Federal Capital Territory, Nigeria",NI,NI11,191147,9.08333,7.53333,-1997013,4,"Abuja, Abuja Federal Capital Territory, Nigeria",NI,NI11,191147,9.08333,7.53333,-1997013,20260803080000,https://allafrica.com/stories/202608030252.html
1316555242,20260803,202608,2026,2026.5836,,,,,,,,,,,COP,POLICE,,,,,,COP,,,0,190,190,19,4,-10.0,5,1,5,-6.97674418604653,0,,,,,,,,5,"Kaduna State, Kaduna, Nigeria",NI,NI23,191100,10.3333,7.75,-2014091,5,"Kaduna State, Kaduna, Nigeria",NI,NI23,191100,10.3333,7.75,-2014091,20260803080000,https://leadership.ng/serap-demands-probe-of-police-over-missing-n6-79bn-unaccounted-firearms/
1316555243,20260803,202608,2026,2026.5836,,,,,,,,,,,CUB,CUBA,CUB,,,,,,,,1,110,110,11,3,-2.0,2,1,2,-10.3343465045593,0,,,,,,,,1,Mexico,MX,MX,,23,-102,MX,1,Mexico,MX,MX,,23,-102,MX,20260803080000,https://timesofoman.com/article/175186-cuba-suffers-yet-another-nationwide-blackout
1316555244,20260803,202608,2026,2026.5836,,,,,,,,,,,CVL,MIGRANT,,,,,,CVL,,,0,052,052,05,1,3.5,5,1,5,-4.79394449116905,0,,,,,,,,1,New Zealand,NZ,NZ,,-42,174,NZ,1,New Zealand,NZ,NZ,,-42,174,NZ,20260803080000,https://www.wsws.org/en/articles/2026/08/03/lfhz-a03.html
1316555245,20260803,202608,2026,2026.5836,,,,,,,,,,,CVL,MIGRANT,,,,,,CVL,,,0,1043,104,10,3,-5.0,5,1,5,-4.79394449116905,0,,,,,,,,1,New Zealand,NZ,NZ,,-42,174,NZ,1,New Zealand,NZ,NZ,,-42,174,NZ,20260803080000,https://www.wsws.org/en/articles/2026/08/03/lfhz-a03.html
1316555246,20260803,202608,2026,2026.5836,,,,,,,,,,,DEU,GERMANY,DEU,,,,,,,,1,017,017,01,1,0.0,1,1,1,-0.38461538461539,0,,,,,,,,2,"New York, United States",US,USNY,,42.1497,-74.9384,NY,1,Germany,GM,GM,,51.5,10.5,GM,20260803080000,https://www.wsws.org/en/articles/2026/08/03/lgxn-a03.html
1316555247,20260803,202608,2026,2026.5836,,,,,,,,,,,DEU,GERMANY,DEU,,,,,,,,1,017,017,01,1,0.0,2,1,2,-0.38461538461539,0,,,,,,,,2,"New York, United States",US,USNY,,42.1497,-74.9384,NY,2,"New York, United States",US,USNY,,42.1497,-74.9384,NY,20260803080000,https://www.wsws.org/en/articles/2026/08/03/lgxn-a03.html
1316555248,20260803,202608,2026,2026.5836,,,,,,,,,,,DNK,DENMARK,DNK,,,,,,,,0,190,190,19,4,-10.0,5,1,5,-5.74850299401198,0,,,,,,,,3,"Navarro County, Texas, United States",US,USTX,,32.0502,-96.4669,1383960,3,"Navarro County, Texas, United States",US,USTX,,32.0502,-96.4669,1383960,20260803080000,https://listverse.com/2016/11/06/10-mysterious-watery-graves/
1316555249,20260803,202608,2026,2026.5836,,,,,,,,,,,EDU,UNIVERSITY,,,,,,EDU,,,1,036,036,03,1,4.0,2,1,2,-0.246305418719213,0,,,,,,,,4,"Bhubaneswar, Orissa, India",IN,IN21,70219,20.2333,85.8333,-2091695,4,"Bhubaneswar, Orissa, India",IN,IN21,70219,20.2333,85.8333,-2091695,20260803080000,https://www.orissapost.com/president-murmu-to-land-in-odisha-monday-afternoon-heres-her-itinerary/
1316555250,20260803,202608,2026,2026.5836,,,,,,,,,,,EDU,UNIVERSITY,,,,,,EDU,,,1,036,036,03,1,4.0,2,1,2,-0.246305418719213,0,,,,,,,,5,"Odisha, Orissa, India",IN,IN21,70217,20.5,84.4167,-2106554,5,"Orissa, Orissa, India",IN,IN21,70217,20.5,84.4167,-2106554,20260803080000,https://www.orissapost.com/president-murmu-to-land-in-odisha-monday-afternoon-heres-her-itinerary/
1316555251,20260803,202608,2026,2026.5836,,,,,,,,,,,EDU,UNIVERSITY,,,,,,EDU,,,1,042,042,04,1,1.9,8,1,8,0.24875621890547,0,,,,,,,,4,"Cuttack, Orissa, India",IN,IN21,17810,20.5,85.8333,-2093740,4,"Cuttack, Orissa, India",IN,IN21,17810,20.5,85.8333,-2093740,20260803080000,http://www.rozanaspokesman.com/news/nation/030826/president-droupadi-murmu-arrives-in-odisha-today-for-3-day-visit-to-cu.html
1316555252,20260803,202608,2026,2026.5836,,,,,,,,,,,ELI,ACTOR,,,,,,ELI,,,1,042,042,04,1,1.9,10,1,10,4.05117270788913,0,,,,,,,,1,Hong Kong,HK,HK,,22.25,114.166667,HK,1,Hong Kong,HK,HK,,22.25,114.166667,HK,20260803080000,https://www.straitstimes.com/life/entertainment/hong-kong-based-celebrity-couple-mat-yeung-and-lisa-chng-tie-the-knot-in-malaysia
1316555253,20260803,202608,2026,2026.5836,,,,,,,,,,,ESP,SPAIN,ESP,,,,,,,,0,043,043,04,1,2.8,1,1,1,1.48601398601399,0,,,,,,,,4,"Santiago, Regióetropolitana, Chile",CI,CI12,22379,-33.45,-70.6667,-901202,4,"Santiago, Regióetropolitana, Chile",CI,CI12,22379,-33.45,-70.6667,-901202,20260803080000,https://angelusnews.com/faith/cerny-camino-de-santiago-pope/
1316555254,20260803,202608,2026,2026.5836,,,,,,,,,,,EUR,EUROPE,EUR,,,,,,,,1,042,042,04,1,1.9,3,1,3,0,0,,,,,,,,1,Mali,ML,ML,,17,-4,ML,1,Mali,ML,ML,,17,-4,ML,20260803080000,https://www.wpr.org/shows/chapter-a-day/the-bad-ass-librarians-of-timbuktu-6-of-10-international-attention
1316555255,20260803,202608,2026,2026.5836,,,,,,,,,,,EUR,EUROPE,EUR,,,,,,,,1,051,051,05,1,3.4,3,1,3,0,0,,,,,,,,1,Mali,ML,ML,,17,-4,ML,1,Mali,ML,ML,,17,-4,ML,20260803080000,https://www.wpr.org/shows/chapter-a-day/the-bad-ass-librarians-of-timbuktu-6-of-10-international-attention
1316555256,20260803,202608,2026,2026.5836,,,,,,,,,,,GBR,UNITED KINGDOM,GBR,,,,,,,,1,040,040,04,1,1.0,3,1,3,0.89186176142698,0,,,,,,,,4,"Highbury, Islington, United Kingdom",UK,UKG3,40110,51.55,-0.1,-2598646,4,"Highbury, Islington, United Kingdom",UK,UKG3,40110,51.55,-0.1,-2598646,20260803080000,https://www.romfordrecorder.co.uk/news/26427652.suzanne-lawrence-missing-appeal---interview-detective/
1316555257,20260803,202608,2026,2026.5836,,,,,,,,,,,GBR,UNITED KINGDOM,GBR,,,,,,,,0,043,043,04,1,2.8,1,1,1,0,0,,,,,,,,1,United Kingdom,UK,UK,,54,-4,UK,1,India,IN,IN,,20,77,IN,20260803080000,https://www.yahoo.com/news/world/articles/detained-suu-kyi-meets-red-054111633.html
1316555258,20260803,202608,2026,2026.5836,,,,,,,,,,,GBR,UNITED KINGDOM,GBR,,,,,,,,0,046,046,04,1,7.0,4,1,4,0.89186176142698,0,,,,,,,,4,"Highbury, Islington, United Kingdom",UK,UKG3,40110,51.55,-0.1,-2598646,4,"Highbury, Islington, United Kingdom",UK,UKG3,40110,51.55,-0.1,-2598646,20260803080000,https://www.romfordrecorder.co.uk/news/26427652.suzanne-lawrence-missing-appeal---interview-detective/
1316555259,20260803,202608,2026,2026.5836,,,,,,,,,,,GOV,RULER,,,,,,GOV,,,0,020,020,02,1,3.0,5,1,5,3.16831683168317,0,,,,,,,,5,"Katsina State, Katsina, Nigeria",NI,NI24,191020,12.25,7.5,-2015017,5,"Katsina State, Katsina, Nigeria",NI,NI24,191020,12.25,7.5,-2015017,20260803080000,https://leadership.ng/dont-exploit-insecurity-for-politics-gov-radda-cautions-politicians/
1316555260,20260803,202608,2026,2026.5836,,,,,,,,,,,GOV,PRESIDENT,,,,,,GOV,,,0,036,036,03,1,4.0,10,1,10,0.24875621890547,0,,,,,,,,4,"Cuttack, Orissa, India",IN,IN21,17810,20.5,85.8333,-2093740,4,"Cuttack, Orissa, India",IN,IN21,17810,20.5,85.8333,-2093740,20260803080000,http://www.rozanaspokesman.com/news/nation/030826/president-droupadi-murmu-arrives-in-odisha-today-for-3-day-visit-to-cu.html
1316555261,20260803,202608,2026,2026.5836,,,,,,,,,,,GOV,PRESIDENT,,,,,,GOV,,,0,040,040,04,1,1.0,6,1,6,1.85185185185185,0,,,,,,,,4,"Merdeka, Nusa Tenggara Timur, Indonesia",ID,ID18,18585,-9.10583,124.898,8008058,4,"Merdeka, Nusa Tenggara Timur, Indonesia",ID,ID18,18585,-9.10583,124.898,8008058,20260803080000,https://en.antaranews.com/news/425217/indonesian-president-prabowo-to-host-thai-pm-charnvirakul-in-jakarta
1316555262,20260803,202608,2026,2026.5836,,,,,,,,,,,GOV,PRESIDENT,,,,,,GOV,,,1,042,042,04,1,1.9,5,1,5,-0.246305418719213,0,,,,,,,,4,"Ganjam, India (general), India",IN,IN00,17811,19.3833,85.0667,-2095914,5,"Orissa, Orissa, India",IN,IN21,70217,20.5,84.4167,-2106554,20260803080000,https://www.orissapost.com/president-murmu-to-land-in-odisha-monday-afternoon-heres-her-itinerary/
1316555263,20260803,202608,2026,2026.5836,,,,,,,,,,,GOV,PRESIDENT,,,,,,GOV,,,1,042,042,04,1,1.9,2,1,2,-0.246305418719213,0,,,,,,,,5,"Orissa, Orissa, India",IN,IN21,70217,20.5,84.4167,-2106554,5,"Orissa, Orissa, India",IN,IN21,70217,20.5,84.4167,-2106554,20260803080000,https://www.orissapost.com/president-murmu-to-land-in-odisha-monday-afternoon-heres-her-itinerary/
1316555264,20260803,202608,2026,2026.5836,,,,,,,,,,,GOV,MINISTRY,,,,,,GOV,,,1,051,051,05,1,3.4,20,2,20,3.40051220304646,0,,,,,,,,5,"Odisha, Orissa, India",IN,IN21,70217,20.5,84.4167,-2106554,5,"Odisha, Orissa, India",IN,IN21,70217,20.5,84.4167,-2106554,20260803080000,https://www.hindustantimes.com/india-news/odisha-seeks-centre-s-help-for-unesco-s-intangible-cultural-heritage-of-humanity-tag-for-rath-yatra-101785742263943.html
1316555265,20260803,202608,2026,2026.5836,,,,,,,,,,,GOVHLH,GOVERNMENT,,,,,,GOV,HLH,,1,042,042,04,1,1.9,10,1,10,-6.82926829268293,0,,,,,,,,4,"Melur, Tamil Nadu, India",IN,IN25,70246,10.05,78.3333,-2104424,4,"Melur, Tamil Nadu, India",IN,IN25,70246,10.05,78.3333,-2104424,20260803080000,https://www.thehindu.com/news/national/tamil-nadu/five-of-a-family-from-chennai-killed-in-car-crash-near-madurai/article71300219.ece
1316555266,20260803,202608,2026,2026.5836,,,,,,,,,,,GOVMIL,DEFENSE MINIST,,,,,,GOV,MIL,,1,043,043,04,1,2.8,3,1,3,-4.42890442890443,0,,,,,,,,5,"Gyeonggi, Kyonggi-do, South Korea",KS,KS13,24980,37.6,127.25,-710790,5,"Gyeonggi, Kyonggi-do, South Korea",KS,KS13,24980,37.6,127.25,-710790,20260803080000,https://www.koreaherald.com/article/10829337
1316555267,20260803,202608,2026,2026.5836,,,,,,,,,,,GRCGOV,GREECE,GRC,,,,,GOV,,,1,040,040,04,1,1.0,8,1,8,-6.27705627705627,0,,,,,,,,1,Germany,GM,GM,,51.5,10.5,GM,1,Greece,GR,GR,,39,22,GR,20260803080000,https://www.sbs.com.au/language/greek/en/podcast-episode/metaxas-4-august-90y-anniversary-dean-kontos/ynp8h82jl
1316555268,20260803,202608,2026,2026.5836,,,,,,,,,,,HRI,RIGHTS GROUP,,,,,,HRI,,,1,112,112,11,3,-2.0,10,1,10,0,0,,,,,,,,1,United Kingdom,UK,UK,,54,-4,UK,1,United Kingdom,UK,UK,,54,-4,UK,20260803080000,https://www.yahoo.com/news/world/articles/detained-suu-kyi-meets-red-054111633.html
1316555269,20260803,202608,2026,2026.5836,,,,,,,,,,,IDN,BALI,IDN,,,,,,,,0,032,032,03,1,4.5,5,1,5,2.4390243902439,0,,,,,,,,4,"Bali, Jawa Timur, Indonesia",ID,ID08,18585,-7.1046,112.337,10205777,4,"Bali, Jawa Timur, Indonesia",ID,ID08,18585,-7.1046,112.337,10205777,20260803080000,https://en.antaranews.com/news/425196/indonesia-seeks-global-funds-with-international-finance-hub
1316555270,20260803,202608,2026,2026.5836,,,,,,,,,,,IDN,INDONESIA,IDN,,,,,,,,1,036,036,03,1,4.0,3,1,3,6.80473372781065,0,,,,,,,,4,"Antara, Aceh, Indonesia",ID,ID01,18585,3.5292,99.0184,10119106,4,"Antara, Aceh, Indonesia",ID,ID01,18585,3.5292,99.0184,10119106,20260803080000,https://en.antaranews.com/news/425223/minister-urges-stronger-role-for-mosques-in-community-empowerment
1316555271,20260803,202608,2026,2026.5836,,,,,,,,,,,IDN,INDONESIA,IDN,,,,,,,,1,040,040,04,1,1.0,2,1,2,5.43478260869565,0,,,,,,,,4,"Karangsambung, Jawa Tengah, Indonesia",ID,ID07,18585,-6.888,110.543,10151578,4,"Kebumen, Jawa Tengah, Indonesia",ID,ID07,18585,-7.0828,110.04,10199025,20260803080000,https://en.antaranews.com/news/425192/brin-advances-underground-river-research-to-boost-water-security
1316555272,20260803,202608,2026,2026.5836,,,,,,,,,,,IDN,INDONESIA,IDN,,,,,,,,1,046,046,04,1,7.0,2,1,2,5.43478260869565,0,,,,,,,,4,"Karangsambung, Jawa Tengah, Indonesia",ID,ID07,18585,-6.888,110.543,10151578,4,"Kebumen, Jawa Tengah, Indonesia",ID,ID07,18585,-7.0828,110.04,10199025,20260803080000,https://en.antaranews.com/news/425192/brin-advances-underground-river-research-to-boost-water-security
1316555273,20260803,202608,2026,2026.5836,,,,,,,,,,,IDN,INDONESIA,IDN,,,,,,,,1,061,061,06,2,6.4,10,1,10,-1.12044817927171,0,,,,,,,,4,"Antara, Aceh, Indonesia",ID,ID01,18585,3.5292,99.0184,10119106,4,"Antara, Aceh, Indonesia",ID,ID01,18585,3.5292,99.0184,10119106,20260803080000,https://en.antaranews.com/news/425188/indonesia-resumes-mineral-exports-amid-rare-earth-rule-revision
1316555274,20260803,202608,2026,2026.5836,,,,,,,,,,,IDN,INDONESIA,IDN,,,,,,,,0,100,100,10,3,-5.0,10,1,10,2.4390243902439,0,,,,,,,,4,"Permata, Jakarta Raya, Indonesia",ID,ID04,18585,-6.1458,106.752,10175966,4,"Permata, Jakarta Raya, Indonesia",ID,ID04,18585,-6.1458,106.752,10175966,20260803080000,https://en.antaranews.com/news/425196/indonesia-seeks-global-funds-with-international-finance-hub
1316555275,20260803,202608,2026,2026.5836,,,,,,,,,,,IDN,ACEH,IDN,,,,,,,,0,173,173,17,4,-5.0,3,1,3,1.85185185185185,0,,,,,,,,4,"Merdeka, Nusa Tenggara Timur, Indonesia",ID,ID18,18585,-9.10583,124.898,8008058,4,"Merdeka, Nusa Tenggara Timur, Indonesia",ID,ID18,18585,-9.10583,124.898,8008058,20260803080000,https://en.antaranews.com/news/425217/indonesian-president-prabowo-to-host-thai-pm-charnvirakul-in-jakarta
1316555276,20260803,202608,2026,2026.5836,,,,,,,,,,,IRN,TEHRAN,IRN,,,,,,,,0,046,046,04,1,7.0,1,1,1,-1.54185022026431,0,,,,,,,,1,Russia,RS,RS,,60,100,RS,1,Saudi Arabia,SA,SA,,25,45,SA,20260803080000,https://www.geo.tv/latest/675884-psx-jumps-as-trump-delays-iran-strikes-oil-prices-fall
1316555277,20260803,202608,2026,2026.5836,,,,,,,,,,,ISR,ISRAEL,ISR,,,,,,,,1,190,190,19,4,-10.0,2,1,2,-2.22222222222223,0,,,,,,,,2,"Alabama, United States",US,USAL,,32.799,-86.8073,AL,1,Israel,IS,IS,,31.5,34.75,IS,20260803080000,https://www.moonofalabama.org/2026/08/iran-open-thread-2026-165.html/comment-page-2
1316555278,20260803,202608,2026,2026.5836,,,,,,,,,,,JAMGOV,JAMAICA,JAM,,,,,GOV,,,0,040,040,04,1,1.0,2,1,2,3.85542168674698,0,,,,,,,,1,Jamaica,JM,JM,,18.25,-77.5,JM,1,Jamaica,JM,JM,,18.25,-77.5,JM,20260803080000,https://jamaica-gleaner.com/article/news/20260803/jhta-finance-ministry-continue-talks-tourism-gct
1316555279,20260803,202608,2026,2026.5836,,,,,,,,,,,KOR,SOUTH KOREA,KOR,,,,,,,,1,057,057,05,1,8.0,10,1,10,-5.36723163841808,0,,,,,,,,4,"Seoul, Soul-t'ukpyolsi, South Korea",KS,KS11,24984,37.5664,127,-716583,4,"Seoul, Soul-t'ukpyolsi, South Korea",KS,KS11,24984,37.5664,127,-716583,20260803080000,https://www.koreaherald.com/article/10829380
1316555280,20260803,202608,2026,2026.5836,,,,,,,,,,,LEG,SENATE,,,,,,LEG,,,0,190,190,19,4,-10.0,10,1,10,1.10966057441253,0,,,,,,,,2,"Georgia, United States",US,USGA,,32.9866,-83.6487,GA,2,"Georgia, United States",US,USGA,,32.9866,-83.6487,GA,20260803080000,https://www.newsweek.com/top-senate-fundraiser-ossoff-passes-80m-as-campaign-seeks-more-donations-12274170
1316555281,20260803,202608,2026,2026.5836,,,,,,,,,,,LKA,SRI LANKA,LKA,,,,,,,,0,043,043,04,1,2.8,3,1,3,-1.58102766798419,0,,,,,,,,4,"Badulla, Southern, Sri Lanka",CE,CE34,25848,6.01667,80.5333,-2213251,4,"Badulla, Southern, Sri Lanka",CE,CE34,25848,6.01667,80.5333,-2213251,20260803080000,https://www.rvasia.org/asian-news/sri-lanka-remembers-sister-mary-agneta-nun-who-gave-her-life-protecting-others
1316555282,20260803,202608,2026,2026.5836,,,,,,,,,,,MED,WEBSITE,,,,,,MED,,,1,042,042,04,1,1.9,2,1,2,-2.70588235294117,0,,,,,,,,4,"Porirua, New Zealand (general), New Zealand",NZ,NZ00,22391,-41.1333,174.85,-1516396,4,"Porirua, New Zealand (general), New Zealand",NZ,NZ00,22391,-41.1333,174.85,-1516396,20260803080000,https://www.rnz.co.nz/news/regions/875723/wellington-residents-shocked-by-ridiculous-water-bills-for-car-parks-granny-flats
1316555283,20260803,202608,2026,2026.5836,,,,,,,,,,,MED,WEBSITE,,,,,,MED,,,1,042,042,04,1,1.9,8,1,8,-2.70588235294117,0,,,,,,,,4,"Wellington, New Zealand (general), New Zealand",NZ,NZ00,22391,-41.3,174.783,-1521348,4,"Wellington, New Zealand (general), New Zealand",NZ,NZ00,22391,-41.3,174.783,-1521348,20260803080000,https://www.rnz.co.nz/news/regions/875723/wellington-residents-shocked-by-ridiculous-water-bills-for-car-parks-granny-flats
1316555284,20260803,202608,2026,2026.5836,,,,,,,,,,,MIL,MILITARY,,,,,,MIL,,,0,042,042,04,1,1.9,10,1,10,-1.37931034482759,0,,,,,,,,4,"Seoul, Soul-t'ukpyolsi, South Korea",KS,KS11,24984,37.5664,127,-716583,4,"Seoul, Soul-t'ukpyolsi, South Korea",KS,KS11,24984,37.5664,127,-716583,20260803080000,https://www.koreaherald.com:443/article/10768896
1316555285,20260803,202608,2026,2026.5836,,,,,,,,,,,MIL,MILITARY,,,,,,MIL,,,0,051,051,05,1,3.4,10,1,10,-1.37931034482759,0,,,,,,,,4,"Seoul, Soul-t'ukpyolsi, South Korea",KS,KS11,24984,37.5664,127,-716583,4,"Seoul, Soul-t'ukpyolsi, South Korea",KS,KS11,24984,37.5664,127,-716583,20260803080000,https://www.koreaherald.com:443/article/10768896
1316555286,20260803,202608,2026,2026.5836,,,,,,,,,,,MNCUSA,NETFLIX,USA,,,,,MNC,,,1,057,057,05,1,8.0,6,1,6,1.36255924170616,0,,,,,,,,3,"Hollywood, California, United States",US,USCA,CA037,34.0983,-118.327,1660757,3,"Hollywood, California, United States",US,USCA,CA037,34.0983,-118.327,1660757,20260803080000,https://listverse.com/2026/08/03/10-things-you-might-not-know-about-the-addams-family/
1316555287,20260803,202608,2026,2026.5836,,,,,,,,,,,MNCUSA,NETFLIX,USA,,,,,MNC,,,1,057,057,05,1,8.0,2,1,2,1.36255924170616,0,,,,,,,,3,"Hollywood, California, United States",US,USCA,CA037,34.0983,-118.327,1660757,3,"Bradys, California, United States",US,USCA,CA029,35.7022,-117.869,1670215,20260803080000,https://listverse.com/2026/08/03/10-things-you-might-not-know-about-the-addams-family/
1316555288,20260803,202608,2026,2026.5836,,,,,,,,,,,MNCUSA,NETFLIX,USA,,,,,MNC,,,1,057,057,05,1,8.0,2,1,2,1.36255924170616,0,,,,,,,,3,"Bradys, California, United States",US,USCA,CA029,35.7022,-117.869,1670215,3,"Bradys, California, United States",US,USCA,CA029,35.7022,-117.869,1670215,20260803080000,https://listverse.com/2026/08/03/10-things-you-might-not-know-about-the-addams-family/
1316555289,20260803,202608,2026,2026.5836,,,,,,,,,,,MYS,MALAYSIA,MYS,,,,,,,,1,042,042,04,1,1.9,5,1,5,-5.01474926253687,0,,,,,,,,4,"Tuas, Singapore (general), Singapore",SN,SN00,18585,1.32139,103.657,-73725,4,"Tuas, Singapore (general), Singapore",SN,SN00,18585,1.32139,103.657,-73725,20260803080000,https://www.straitstimes.com/singapore/very-heavy-traffic-expected-at-land-checkpoints-over-national-day-long-weekend-ica
1316555290,20260803,202608,2026,2026.5836,,,,,,,,,,,MYS,MALAYSIA,MYS,,,,,,,,1,043,043,04,1,2.8,2,1,2,4.05117270788913,0,,,,,,,,4,"Kuala Lumpur, Kuala Lumpur, Malaysia",MY,MY14,18585,3.16667,101.7,-2403010,1,Hong Kong,HK,HK,,22.25,114.166667,HK,20260803080000,https://www.straitstimes.com/life/entertainment/hong-kong-based-celebrity-couple-mat-yeung-and-lisa-chng-tie-the-knot-in-malaysia
1316555291,20260803,202608,2026,2026.5836,,,,,,,,,,,NGA,NIGERIA,NGA,,,,,,,,0,130,130,13,3,-4.4,2,1,2,3.16831683168317,0,,,,,,,,5,"Katsina State, Katsina, Nigeria",NI,NI24,191020,12.25,7.5,-2015017,5,"Katsina State, Katsina, Nigeria",NI,NI24,191020,12.25,7.5,-2015017,20260803080000,https://leadership.ng/dont-exploit-insecurity-for-politics-gov-radda-cautions-politicians/
1316555292,20260803,202608,2026,2026.5836,,,,,,,,,,,NGOHLHIRC,INTERNATIONAL COMMITTEE OF THE RED CROSS,,IRC,,,,NGO,HLH,,1,043,043,04,1,2.8,2,1,2,-0.72072072072072,0,,,,,,,,4,"Nay Pyi Taw, Mandalay, Myanmar",BM,BM08,41807,19.745,96.1297,9272014,4,"Bangkok, Krung Thep Mahanakhon, Thailand",TH,TH40,26423,13.75,100.517,-3250083,20260803080000,https://www.bangkokpost.com/world/3295805/myanmars-aung-san-suu-kyi-meets-red-cross-official-government-says
1316555293,20260803,202608,2026,2026.5836,,,,,,,,,,,NGOHLHIRC,INTERNATIONAL COMMITTEE OF THE RED CROSS,,IRC,,,,NGO,HLH,,1,043,043,04,1,2.8,2,1,2,-0.72072072072072,0,,,,,,,,4,"Nay Pyi Taw, Mandalay, Myanmar",BM,BM08,41807,19.745,96.1297,9272014,4,"Nay Pyi Taw, Mandalay, Myanmar",BM,BM08,41807,19.745,96.1297,9272014,20260803080000,https://www.bangkokpost.com/world/3295805/myanmars-aung-san-suu-kyi-meets-red-cross-official-government-says
1316555294,20260803,202608,2026,2026.5836,,,,,,,,,,,NPL,KATHMANDU,NPL,,,,,,,,0,042,042,04,1,1.9,5,1,5,-1.81043663471779,0,,,,,,,,4,"Tarai, Nepal (general), Nepal",NP,NP00,22364,27.6667,84,-1022686,4,"Tarai, Nepal (general), Nepal",NP,NP00,22364,27.6667,84,-1022686,20260803080000,https://asianews.network/nepals-paddy-transplantation-races-ahead-as-monsoon-rains-revive/
1316555295,20260803,202608,2026,2026.5836,,,,,,,,,,,NPL,NEPAL,NPL,,,,,,,,1,190,190,19,4,-10.0,5,1,5,-1.81043663471779,0,,,,,,,,4,"Tarai, Nepal (general), Nepal",NP,NP00,22364,27.6667,84,-1022686,4,"Tarai, Nepal (general), Nepal",NP,NP00,22364,27.6667,84,-1022686,20260803080000,https://asianews.network/nepals-paddy-transplantation-races-ahead-as-monsoon-rains-revive/
1316555296,20260803,202608,2026,2026.5836,,,,,,,,,,,REL,CLERGY,,,,,,,,,1,045,045,04,1,5.0,10,1,10,4.99040307101728,0,,,,,,,,4,"Rome, Lazio, Italy",IT,IT07,18350,41.9,12.4833,-126693,4,"Rome, Lazio, Italy",IT,IT07,18350,41.9,12.4833,-126693,20260803080000,https://www.rvasia.org/asian-news/global-webinar-explores-pope-leo-xivs-magnifica-humanitas-draws-700-participants
1316555297,20260803,202608,2026,2026.5836,,,,,,,,,,,RUS,RUSSIA,RUS,,,,,,,,0,130,130,13,3,-4.4,5,1,5,-7.1870170015456,0,,,,,,,,4,"Kremlin, Moskva, Russia",RS,RS48,25106,55.7522,37.6156,-2960561,4,"Kremlin, Moskva, Russia",RS,RS48,25106,55.7522,37.6156,-2960561,20260803080000,https://www.wsws.org/en/articles/2026/08/03/rdhv-a03.html
1316555298,20260803,202608,2026,2026.5836,,,,,,,,,,,SWE,SWEDEN,SWE,,,,,,,,1,046,046,04,1,7.0,2,1,2,5.08474576271186,0,,,,,,,,1,Sweden,SW,SW,,62,15,SW,1,Sweden,SW,SW,,62,15,SW,20260803080000,https://www.billboard.com/music/pop/robyn-zara-larsson-collaboration-talk-to-me-zara-1236307933/
1316555299,20260803,202608,2026,2026.5836,,,,,,,,,,,SWE,SWEDEN,SWE,,,,,,,,1,070,070,07,2,7.0,2,1,2,5.08474576271186,0,,,,,,,,1,Sweden,SW,SW,,62,15,SW,1,Sweden,SW,SW,,62,15,SW,20260803080000,https://www.billboard.com/music/pop/robyn-zara-larsson-collaboration-talk-to-me-zara-1236307933/
1316555300,20260803,202608,2026,2026.5836,,,,,,,,,,,THA,THAI,THA,,,,,,,,1,043,043,04,1,2.8,1,1,1,1.85185185185185,0,,,,,,,,4,"Jakarta, Jakarta Raya, Indonesia",ID,ID04,18585,-6.17444,106.829,-2679652,4,"Jakarta, Jakarta Raya, Indonesia",ID,ID04,18585,-6.17444,106.829,-2679652,20260803080000,https://en.antaranews.com/news/425217/indonesian-president-prabowo-to-host-thai-pm-charnvirakul-in-jakarta
1316555301,20260803,202608,2026,2026.5836,,,,,,,,,,,THA,THAI,THA,,,,,,,,1,043,043,04,1,2.8,1,1,1,1.85185185185185,0,,,,,,,,1,Thailand,TH,TH,,15,100,TH,1,Thailand,TH,TH,,15,100,TH,20260803080000,https://en.antaranews.com/news/425217/indonesian-president-prabowo-to-host-thai-pm-charnvirakul-in-jakarta
1316555302,20260803,202608,2026,2026.5836,,,,,,,,,,,UGA,UGANDA,UGA,,,,,,,,0,190,190,19,4,-10.0,6,1,6,-5.17333333333334,0,,,,,,,,4,"Kivu, Kiboga, Uganda",UG,UG42,18585,0.833333,32.1833,-1730511,4,"Kivu, Kiboga, Uganda",UG,UG42,18585,0.833333,32.1833,-1730511,20260803080000,https://www.wsws.org/en/articles/2026/08/03/qoit-a03.html
1316555303,20260803,202608,2026,2026.5836,,,,,,,,,,,USA,UNITED STATES,USA,,,,,,,,1,040,040,04,1,1.0,2,1,2,-10.6741573033708,0,,,,,,,,3,"Roanoke Rapids, North Carolina, United States",US,USNC,,36.4615,-77.6541,1022310,3,"Roanoke Rapids, North Carolina, United States",US,USNC,,36.4615,-77.6541,1022310,20260803080000,https://wcti12.com/news/local/man-released-from-federal-supervision-arrested-on-gun-charge
1316555304,20260803,202608,2026,2026.5836,,,,,,,,,,,USA,UNITED STATES,USA,,,,,,,,0,043,043,04,1,2.8,4,1,4,-3.86029411764706,0,,,,,,,,2,"Nebraska, United States",US,USNE,,41.1289,-98.2883,NE,2,"Nebraska, United States",US,USNE,,41.1289,-98.2883,NE,20260803080000,https://www.ketv.com/article/wahoo-nebraska-cold-case-book-mary-kay-heese/73328772
1316555305,20260803,202608,2026,2026.5836,,,,,,,,,,,USA,UNITED STATES,USA,,,,,,,,0,051,051,05,1,3.4,2,1,2,1.10966057441253,0,,,,,,,,2,"Georgia, United States",US,USGA,,32.9866,-83.6487,GA,2,"Georgia, United States",US,USGA,,32.9866,-83.6487,GA,20260803080000,https://www.newsweek.com/top-senate-fundraiser-ossoff-passes-80m-as-campaign-seeks-more-donations-12274170
1316555306,20260803,202608,2026,2026.5836,,,,,,,,,,,USA,UNITED STATES,USA,,,,,,,,1,060,060,06,2,6.0,2,1,2,-3.44827586206897,0,,,,,,,,2,"Indiana, United States",US,USIN,,39.8647,-86.2604,IN,2,"Indiana, United States",US,USIN,,39.8647,-86.2604,IN,20260803080000,https://www.wsws.org/en/articles/2026/08/03/hxlk-a03.html
1316555307,20260803,202608,2026,2026.5836,,,,,,,,,,,USA,UNITED STATES,USA,,,,,,,,1,060,060,06,2,6.0,2,1,2,-3.44827586206897,0,,,,,,,,2,"Ohio, United States",US,USOH,,40.3736,-82.7755,OH,2,"Indiana, United States",US,USIN,,39.8647,-86.2604,IN,20260803080000,https://www.wsws.org/en/articles/2026/08/03/hxlk-a03.html
1316555308,20260803,202608,2026,2026.5836,,,,,,,,,,,USA,GREENVILLE,USA,,,,,,,,1,112,112,11,3,-2.0,10,1,10,-11.3207547169811,0,,,,,,,,0,,,,,,,,0,,,,,,,,20260803080000,https://wcti12.com/news/local/greenville-man-accused-of-defecating-at-dealership-possessing-cocaine
1316555309,20260803,202608,2026,2026.5836,,,,,,,,,,,USA,UNITED STATES,USA,,,,,,,,1,173,173,17,4,-5.0,4,1,4,-10.6741573033708,0,,,,,,,,3,"Roanoke Rapids, North Carolina, United States",US,USNC,,36.4615,-77.6541,1022310,3,"Roanoke Rapids, North Carolina, United States",US,USNC,,36.4615,-77.6541,1022310,20260803080000,https://wcti12.com/news/local/man-released-from-federal-supervision-arrested-on-gun-charge
1316555310,20260803,202608,2026,2026.5836,,,,,,,,,,,USA,JACKSONVILLE,USA,,,,,,,,1,173,173,17,4,-5.0,14,1,14,-15.0746409674981,0,,,,,,,,3,"Onslow County, North Carolina, United States",US,USNC,,34.7504,-77.433,1026341,3,"Onslow County, North Carolina, United States",US,USNC,,34.7504,-77.433,1026341,20260803080000,https://wcti12.com/news/local/jacksonville-man-jailed-for-alleged-sex-offender-registration-violation
1316555311,20260803,202608,2026,2026.5836,,,,,,,,,,,USAEDU,TENNESSEE,USA,,,,,EDU,,,1,057,057,05,1,8.0,10,1,10,8.10344827586207,0,,,,,,,,0,,,,,,,,0,,,,,,,,20260803080000,http://www.greenevillesun.com/business/local_business_news/ut-eastman-extend-research-partnership-through-2032/article_3ecf371e-b325-473d-9389-7fa0ef213831.html
1316555312,20260803,202608,2026,2026.5836,,,,,,,,,,,tamBUS,TAMIL,,,tam,,,BUS,,,1,042,042,04,1,1.9,10,1,10,7.46268656716418,0,,,,,,,,0,,,,,,,,0,,,,,,,,20260803080000,https://timesofindia.indiatimes.com/tv/news/tamil/bigg-boss-tamil-10-is-ex-contestant-maya-krishnan-set-to-host-the-common-man-show/articleshow/132823448.cms
1316555313,20260803,202608,2026,2026.5836,AFR,AFRICA,AFR,,,,,,,,,,,,,,,,,,1,090,090,09,2,-2.0,10,1,10,-5.17333333333334,1,Congo,CF,CF,,-1,15,CF,0,,,,,,,,1,Congo,CF,CF,,-1,15,CF,20260803080000,https://www.wsws.org/en/articles/2026/08/03/qoit-a03.html
1316555314,20260803,202608,2026,2026.5836,AFR,AFRICA,AFR,,,,,,,,PTY,PRESIDENTIAL CANDIDATE,,,,,,,,,1,042,042,04,1,1.9,8,1,8,-2.63157894736843,4,"Abuja, Abuja Federal Capital Territory, Nigeria",NI,NI11,191147,9.08333,7.53333,-1997013,4,"Abuja, Abuja Federal Capital Territory, Nigeria",NI,NI11,191147,9.08333,7.53333,-1997013,4,"Abuja, Abuja Federal Capital Territory, Nigeria",NI,NI11,191147,9.08333,7.53333,-1997013,20260803080000,https://www.nigerianeye.com/2026/08/osinbajo-pays-condolence-visit-to.html
1316555315,20260803,202608,2026,2026.5836,AFR,AFRICA,AFR,,,,,,,,ZWEGOV,ZIMBABWE,ZWE,,,,,GOV,,,1,043,043,04,1,2.8,2,1,2,-5.26315789473684,4,"Cape Town, Western Cape, South Africa",SF,SF11,77317,-33.9167,18.4167,-1217214,1,Zimbabwe,ZI,ZI,,-19,29,ZI,4,"Cape Town, Western Cape, South Africa",SF,SF11,77317,-33.9167,18.4167,-1217214,20260803080000,https://www.newzimbabwe.com/zimbabwe-declares-national-disaster-after-south-africa-bus-tragedy-claims-11-lives/
1316555316,20260803,202608,2026,2026.5836,AFR,AFRICA,AFR,,,,,,,,ZWEGOV,ZIMBABWE,ZWE,,,,,GOV,,,1,043,043,04,1,2.8,2,1,2,-5.26315789473684,4,"Cape Town, Western Cape, South Africa",SF,SF11,77317,-33.9167,18.4167,-1217214,1,Zimbabwe,ZI,ZI,,-19,29,ZI,1,Zimbabwe,ZI,ZI,,-19,29,ZI,20260803080000,https://www.newzimbabwe.com/zimbabwe-declares-national-disaster-after-south-africa-bus-tragedy-claims-11-lives/
1316555317,20260803,202608,2026,2026.5836,AGR,FARMER,,,,,,AGR,,,,,,,,,,,,,0,012,012,01,1,-0.4,10,1,10,-1.81043663471779,4,"Tarai, Nepal (general), Nepal",NP,NP00,22364,27.6667,84,-1022686,0,,,,,,,,4,"Tarai, Nepal (general), Nepal",NP,NP00,22364,27.6667,84,-1022686,20260803080000,https://asianews.network/nepals-paddy-transplantation-races-ahead-as-monsoon-rains-revive/
1316555318,20260803,202608,2026,2026.5836,AGR,FARMER,,,,,,AGR,,,,,,,,,,,,,1,012,012,01,1,-0.4,10,1,10,-4.37158469945355,4,"Delhi, Delhi, India",IN,IN07,17911,28.6667,77.2167,-2094230,0,,,,,,,,4,"Delhi, Delhi, India",IN,IN07,17911,28.6667,77.2167,-2094230,20260803080000,http://www.rozanaspokesman.com/news/haryana/030826/light-rain-fails-to-revive-weak-monsoon-in-haryana-fresh-spell-expect.html
1316555319,20260803,202608,2026,2026.5836,ARE,DUBAI,ARE,,,,,,,,,,,,,,,,,,0,043,043,04,1,2.8,10,1,10,1.73674588665448,4,"Dubai, Dubayy, United Arab Emirates",AE,AE03,28575,25.2522,55.28,-782831,0,,,,,,,,4,"Dubai, Dubayy, United Arab Emirates",AE,AE03,28575,25.2522,55.28,-782831,20260803080000,https://www.hindustantimes.com/trending/indian-man-shares-reality-of-dubai-job-hunt-after-500-applications-some-offered-a-quarter-of-my-previous-salary-101785741457039.html
1316555320,20260803,202608,2026,2026.5836,ARE,DUBAI,ARE,,,,,,,,,,,,,,,,,,0,139,139,13,3,-7.0,10,1,10,1.73674588665448,4,"Dubai, Dubayy, United Arab Emirates",AE,AE03,28575,25.2522,55.28,-782831,0,,,,,,,,4,"Bangalore, Karnataka, India",IN,IN19,70159,12.9833,77.5833,-2090174,20260803080000,https://www.hindustantimes.com/trending/indian-man-shares-reality-of-dubai-job-hunt-after-500-applications-some-offered-a-quarter-of-my-previous-salary-101785741457039.html
1316555321,20260803,202608,2026,2026.5836,ARE,DUBAI,ARE,,,,,,,,AREMED,UNITED ARAB EMIRATES,ARE,,,,,MED,,,0,043,043,04,1,2.8,2,1,2,1.64609053497943,4,"Dubai, Dubayy, United Arab Emirates",AE,AE03,28575,25.2522,55.28,-782831,4,"Dubai, Dubayy, United Arab Emirates",AE,AE03,28575,25.2522,55.28,-782831,4,"Dubai, Dubayy, United Arab Emirates",AE,AE03,28575,25.2522,55.28,-782831,20260803080000,https://tradearabia.com:443/News/466096/EventMania-Festival-returns-with-expanded-format-wedding-platform
1316555322,20260803,202608,2026,2026.5836,ARE,ABU DHABI,ARE,,,,,,,,BUS,BUSINESS,,,,,,BUS,,,1,010,010,01,1,0.0,10,1,10,1.58730158730159,1,Egypt,EG,EG,,27,30,EG,1,Egypt,EG,EG,,27,30,EG,1,Egypt,EG,EG,,27,30,EG,20260803080000,https://www.middle-east-online.com/en/emirates-nbd-acquire-hsbc-egypts-retail-banking-operations
1316555323,20260803,202608,2026,2026.5836,AREMED,DUBAI,ARE,,,,,MED,,,,,,,,,,,,,0,043,043,04,1,2.8,5,1,5,1.64609053497943,4,"Dubai, Dubayy, United Arab Emirates",AE,AE03,28575,25.2522,55.28,-782831,0,,,,,,,,4,"Dubai, Dubayy, United Arab Emirates",AE,AE03,28575,25.2522,55.28,-782831,20260803080000,https://tradearabia.com:443/News/466096/EventMania-Festival-returns-with-expanded-format-wedding-platform
1316555324,20260803,202608,2026,2026.5836,AREMED,UNITED ARAB EMIRATES,ARE,,,,,MED,,,ARE,DUBAI,ARE,,,,,,,,0,042,042,04,1,1.9,2,1,2,1.64609053497943,4,"Dubai, Dubayy, United Arab Emirates",AE,AE03,28575,25.2522,55.28,-782831,4,"Dubai, Dubayy, United Arab Emirates",AE,AE03,28575,25.2522,55.28,-782831,4,"Dubai, Dubayy, United Arab Emirates",AE,AE03,28575,25.2522,55.28,-782831,20260803080000,https://tradearabia.com:443/News/466096/EventMania-Festival-returns-with-expanded-format-wedding-platform
1316555325,20260803,202608,2026,2026.5836,AUS,AUSTRALIA,AUS,,,,,,,,,,,,,,,,,,0,010,010,01,1,0.0,2,1,2,-1.75097276264592,4,"Brisbane, Queensland, Australia",AS,AS04,154654,-27.5,153.017,-1561728,0,,,,,,,,4,"Brisbane, Queensland, Australia",AS,AS04,154654,-27.5,153.017,-1561728,20260803080000,https://www.brisbanetimes.com.au/national/queensland/questions-raised-over-laptop-access-for-accused-spies-in-custody-20260803-p60ktt.html
1316555326,20260803,202608,2026,2026.5836,AUS,BRISBANE,AUS,,,,,,,,,,,,,,,,,,1,012,012,01,1,-0.4,7,1,7,-5.94713656387665,4,"Brisbane, Queensland, Australia",AS,AS04,154654,-27.5,153.017,-1561728,0,,,,,,,,4,"Brisbane, Queensland, Australia",AS,AS04,154654,-27.5,153.017,-1561728,20260803080000,https://www.brisbanetimes.com.au/national/queensland/webmaster-who-filmed-boys-in-toilet-shared-images-jailed-20260803-p60l33.html
1316555327,20260803,202608,2026,2026.5836,AUS,AUSTRALIA,AUS,,,,,,,,,,,,,,,,,,0,012,012,01,1,-0.4,4,1,4,0.66603235014273,4,"Mindaribba, New South Wales, Australia",AS,AS02,5096,-32.6667,151.6,-1587768,0,,,,,,,,4,"Mindaribba, New South Wales, Australia",AS,AS02,5096,-32.6667,151.6,-1587768,20260803080000,https://www.gloucesteradvocate.com.au/story/9323024/debate-over-origins-and-meaning-of-famous-maitland-statue/
1316555328,20260803,202608,2026,2026.5836,AUS,AUSTRALIA,AUS,,,,,,,,,,,,,,,,,,0,014,014,01,1,0.0,2,1,2,0.66603235014273,4,"Mindaribba, New South Wales, Australia",AS,AS02,5096,-32.6667,151.6,-1587768,0,,,,,,,,4,"Mindaribba, New South Wales, Australia",AS,AS02,5096,-32.6667,151.6,-1587768,20260803080000,https://www.gloucesteradvocate.com.au/story/9323024/debate-over-origins-and-meaning-of-famous-maitland-statue/
1316555329,20260803,202608,2026,2026.5836,AUS,AUSTRALIA,AUS,,,,,,,,,,,,,,,,,,1,017,017,01,1,0.0,4,1,4,0.2493765586035,4,"Sydney, New South Wales, Australia",AS,AS02,154637,-33.8833,151.217,-1603135,0,,,,,,,,4,"Sydney, New South Wales, Australia",AS,AS02,154637,-33.8833,151.217,-1603135,20260803080000,https://www.billboard.com/music/rock/paul-kelly-returns-sydney-one-off-show-1236307930/
1316555330,20260803,202608,2026,2026.5836,AUS,AUSTRALIA,AUS,,,,,,,,,,,,,,,,,,1,018,018,01,1,3.4,10,1,10,-1.62962962962963,4,"Cessnock, New South Wales, Australia",AS,AS02,5096,-32.8321,151.356,-1565008,0,,,,,,,,4,"Cessnock, New South Wales, Australia",AS,AS02,5096,-32.8321,151.356,-1565008,20260803080000,https://www.gloucesteradvocate.com.au/story/9322922/worker-killed-at-hunter-mine-site/
1316555331,20260803,202608,2026,2026.5836,AUS,AUSTRALIA,AUS,,,,,,,,,,,,,,,,,,1,040,040,04,1,1.0,3,1,3,0.66603235014273,4,"Mindaribba, New South Wales, Australia",AS,AS02,5096,-32.6667,151.6,-1587768,0,,,,,,,,4,"Mindaribba, New South Wales, Australia",AS,AS02,5096,-32.6667,151.6,-1587768,20260803080000,https://www.gloucesteradvocate.com.au/story/9323024/debate-over-origins-and-meaning-of-famous-maitland-statue/
1316555332,20260803,202608,2026,2026.5836,AUS,AUSTRALIA,AUS,,,,,,,,,,,,,,,,,,1,051,051,05,1,3.4,4,1,4,-4.64601769911504,4,"Moranbah, Queensland, Australia",AS,AS04,154673,-21.9983,148.035,11430540,0,,,,,,,,4,"Moranbah, Queensland, Australia",AS,AS04,154673,-21.9983,148.035,11430540,20260803080000,https://www.wsws.org/en/articles/2026/08/03/rnmj-a03.html
1316555333,20260803,202608,2026,2026.5836,AUS,QUEENSLAND,AUS,,,,,,,,,,,,,,,,,,0,090,090,09,2,-2.0,4,1,4,-4.64601769911504,4,"Curragh, New South Wales, Australia",AS,AS02,5096,-29.7667,145.3,-1568532,0,,,,,,,,4,"Curragh, New South Wales, Australia",AS,AS02,5096,-29.7667,145.3,-1568532,20260803080000,https://www.wsws.org/en/articles/2026/08/03/rnmj-a03.html
1316555334,20260803,202608,2026,2026.5836,AUS,QUEENSLAND,AUS,,,,,,,,,,,,,,,,,,0,090,090,09,2,-2.0,1,1,1,-4.64601769911504,4,"Peak Downs, Queensland, Australia",AS,AS04,154673,-22.9333,148.083,-1594225,0,,,,,,,,4,"Peak Downs, Queensland, Australia",AS,AS04,154673,-22.9333,148.083,-1594225,20260803080000,https://www.wsws.org/en/articles/2026/08/03/rnmj-a03.html
1316555335,20260803,202608,2026,2026.5836,AUS,QUEENSLAND,AUS,,,,,,,,GOV,REGULATOR,,,,,,GOV,,,0,090,090,09,2,-2.0,4,1,4,-4.64601769911504,4,"Curragh, New South Wales, Australia",AS,AS02,5096,-29.7667,145.3,-1568532,4,"Curragh, New South Wales, Australia",AS,AS02,5096,-29.7667,145.3,-1568532,4,"Curragh, New South Wales, Australia",AS,AS02,5096,-29.7667,145.3,-1568532,20260803080000,https://www.wsws.org/en/articles/2026/08/03/rnmj-a03.html
1316555336,20260803,202608,2026,2026.5836,AUS,QUEENSLAND,AUS,,,,,,,,GOV,REGULATOR,,,,,,GOV,,,0,090,090,09,2,-2.0,1,1,1,-4.64601769911504,4,"Peak Downs, Queensland, Australia",AS,AS04,154673,-22.9333,148.083,-1594225,4,"Peak Downs, Queensland, Australia",AS,AS04,154673,-22.9333,148.083,-1594225,4,"Peak Downs, Queensland, Australia",AS,AS04,154673,-22.9333,148.083,-1594225,20260803080000,https://www.wsws.org/en/articles/2026/08/03/rnmj-a03.html
1316555337,20260803,202608,2026,2026.5836,AUS,AUSTRALIA,AUS,,,,,,,,LAB,WORKER,,,,,,LAB,,,0,190,190,19,4,-10.0,5,1,5,-4.64601769911504,4,"Brisbane, Queensland, Australia",AS,AS04,154654,-27.5,153.017,-1561728,4,"Brisbane, Queensland, Australia",AS,AS04,154654,-27.5,153.017,-1561728,4,"Brisbane, Queensland, Australia",AS,AS04,154654,-27.5,153.017,-1561728,20260803080000,https://www.wsws.org/en/articles/2026/08/03/rnmj-a03.html
1316555338,20260803,202608,2026,2026.5836,AUS,SYDNEY,AUS,,,,,,,,USA,UNITED STATES,USA,,,,,,,,0,042,042,04,1,1.9,2,1,2,-1.55697098372258,4,"Sydney, New South Wales, Australia",AS,AS02,154637,-33.8833,151.217,-1603135,2,"Arizona, United States",US,USAZ,,33.7712,-111.388,AZ,4,"Sydney, New South Wales, Australia",AS,AS02,154637,-33.8833,151.217,-1603135,20260803080000,https://www.newsweek.com/nancy-guthrie-four-questions-that-remain-after-notes-released-12275263
1316555339,20260803,202608,2026,2026.5836,AUS,SYDNEY,AUS,,,,,,,,USA,UNITED STATES,USA,,,,,,,,0,042,042,04,1,1.9,2,1,2,-1.55697098372258,2,"Arizona, United States",US,USAZ,,33.7712,-111.388,AZ,2,"Arizona, United States",US,USAZ,,33.7712,-111.388,AZ,2,"Arizona, United States",US,USAZ,,33.7712,-111.388,AZ,20260803080000,https://www.newsweek.com/nancy-guthrie-four-questions-that-remain-after-notes-released-12275263
1316555340,20260803,202608,2026,2026.5836,AUSGOVMED,AUSTRALIA,AUS,,,,,GOV,MED,,,,,,,,,,,,1,010,010,01,1,0.0,2,1,2,-2.45901639344263,4,"Sydney, New South Wales, Australia",AS,AS02,154637,-33.8833,151.217,-1603135,0,,,,,,,,4,"Sydney, New South Wales, Australia",AS,AS02,154637,-33.8833,151.217,-1603135,20260803080000,https://www.2gb.com/this-does-nothing-clinton-slams-the-lack-of-changes-to-tolls/
1316555341,20260803,202608,2026,2026.5836,AUSJUD,AUSTRALIA,AUS,,,,,JUD,,,,,,,,,,,,,0,010,010,01,1,0.0,2,1,2,-1.75097276264592,4,"Brisbane, Queensland, Australia",AS,AS04,154654,-27.5,153.017,-1561728,0,,,,,,,,4,"Brisbane, Queensland, Australia",AS,AS04,154654,-27.5,153.017,-1561728,20260803080000,https://www.brisbanetimes.com.au/national/queensland/questions-raised-over-laptop-access-for-accused-spies-in-custody-20260803-p60ktt.html
1316555342,20260803,202608,2026,2026.5836,AUSJUD,AUSTRALIA,AUS,,,,,JUD,,,GOV,GOVERNMENT,,,,,,GOV,,,1,040,040,04,1,1.0,2,1,2,-1.75097276264592,4,"Brisbane, Queensland, Australia",AS,AS04,154654,-27.5,153.017,-1561728,4,"Brisbane, Queensland, Australia",AS,AS04,154654,-27.5,153.017,-1561728,4,"Brisbane, Queensland, Australia",AS,AS04,154654,-27.5,153.017,-1561728,20260803080000,https://www.brisbanetimes.com.au/national/queensland/questions-raised-over-laptop-access-for-accused-spies-in-custody-20260803-p60ktt.html
1316555343,20260803,202608,2026,2026.5836,BGD,BANGLADESH,BGD,,,,,,,,MED,NEWS AGENCY,,,,,,MED,,,1,010,010,01,1,0.0,2,1,2,-5.98591549295775,4,"Delhi, Delhi, India",IN,IN07,17911,28.6667,77.2167,-2094230,4,"Delhi, Delhi, India",IN,IN07,17911,28.6667,77.2167,-2094230,4,"Delhi, Delhi, India",IN,IN07,17911,28.6667,77.2167,-2094230,20260803080000,https://www.hindustantimes.com/india-news/abhijeet-dipke-defends-cjp-cockroach-janta-party-after-taslima-nasreen-bangladesh-2024-protest-jihadi-remark-101785741641626.html
1316555344,20260803,202608,2026,2026.5836,BUS,BANK,,,,,,BUS,,,,,,,,,,,,,1,010,010,01,1,0.0,25,1,10,-0.65645514223195,4,"Kolkata, West Bengal, India",IN,IN28,70294,22.5697,88.3697,-2092511,0,,,,,,,,4,"Kolkata, West Bengal, India",IN,IN28,70294,22.5697,88.3697,-2092511,20260803080000,https://economictimes.indiatimes.com/news/new-updates/pnb-credits-rs-100-crore-in-a-west-bengal-womans-account-instead-of-lpg-subsidy-leaving-her-in-shock/articleshow/132822299.cms
1316555345,20260803,202608,2026,2026.5836,BUS,BUSINESS,,,,,,BUS,,,,,,,,,,,,,0,011,011,01,1,-0.1,10,1,10,-0.73394495412844,4,"Beijing, Beijing, China",CH,CH22,13001,39.9289,116.388,-1898541,0,,,,,,,,4,"Beijing, Beijing, China",CH,CH22,13001,39.9289,116.388,-1898541,20260803080000,https://www.businessinsider.com/hugging-face-ceo-hack-openai-mandatory-transparency-law-ai-2026-8
1316555346,20260803,202608,2026,2026.5836,BUS,INDUSTRY,,,,,,BUS,,,,,,,,,,,,,1,014,014,01,1,0.0,6,1,6,2.29621125143513,2,"Arizona, United States",US,USAZ,,33.7712,-111.388,AZ,0,,,,,,,,2,"Arizona, United States",US,USAZ,,33.7712,-111.388,AZ,20260803080000,https://www.ladowntownnews.com/news/chasing-musical-dreams-teen-musician-finds-inspiration-at-grammy-camp/article_bf409a32-2140-45e8-abfe-e1c74948518b.html
1316555347,20260803,202608,2026,2026.5836,BUS,INDUSTRY,,,,,,BUS,,,,,,,,,,,,,1,014,014,01,1,0.0,4,1,4,2.29621125143513,2,"New York, United States",US,USNY,,42.1497,-74.9384,NY,0,,,,,,,,2,"New York, United States",US,USNY,,42.1497,-74.9384,NY,20260803080000,https://www.ladowntownnews.com/news/chasing-musical-dreams-teen-musician-finds-inspiration-at-grammy-camp/article_bf409a32-2140-45e8-abfe-e1c74948518b.html
1316555348,20260803,202608,2026,2026.5836,BUS,COMPANY,,,,,,BUS,,,,,,,,,,,,,0,020,020,02,1,3.0,5,1,5,4.92170022371364,4,"Jones Town, Saint Andrew, Jamaica",JM,JM08,18425,17.9833,-76.8,-3752391,0,,,,,,,,4,"Jones Town, Saint Andrew, Jamaica",JM,JM08,18425,17.9833,-76.8,-3752391,20260803080000,https://jamaica-gleaner.com/article/news/20260803/building-businesses-changing-lives-how-taian-gooden-empowering-jamaican
1316555349,20260803,202608,2026,2026.5836,BUS,BUSINESS,,,,,,BUS,,,,,,,,,,,,,1,030,030,03,1,4.0,10,1,10,4.92170022371364,4,"Jones Town, Saint Andrew, Jamaica",JM,JM08,18425,17.9833,-76.8,-3752391,0,,,,,,,,4,"Jones Town, Saint Andrew, Jamaica",JM,JM08,18425,17.9833,-76.8,-3752391,20260803080000,https://jamaica-gleaner.com/article/news/20260803/building-businesses-changing-lives-how-taian-gooden-empowering-jamaican
1316555350,20260803,202608,2026,2026.5836,BUS,INDUSTRY,,,,,,BUS,,,,,,,,,,,,,1,070,070,07,2,7.0,5,1,5,-0.53191489361703,4,"Antara, Aceh, Indonesia",ID,ID01,18585,3.5292,99.0184,10119106,0,,,,,,,,4,"Antara, Aceh, Indonesia",ID,ID01,18585,3.5292,99.0184,10119106,20260803080000,https://en.antaranews.com/news/425221/indonesia-posts-358-billion-trade-surplus-in-h1-2026
1316555351,20260803,202608,2026,2026.5836,BUS,INDUSTRY,,,,,,BUS,,,,,,,,,,,,,0,071,071,07,2,7.4,5,1,5,-0.0695410292072305,1,United Kingdom,UK,UK,,54,-4,UK,0,,,,,,,,1,United Kingdom,UK,UK,,54,-4,UK,20260803080000,https://www.dailymail.com/money/markets/article-16020013/British-beauty-industry-calls-Burnham-act-business-rates.html
1316555352,20260803,202608,2026,2026.5836,BUS,COMPANY,,,,,,BUS,,,,,,,,,,,,,0,090,090,09,2,-2.0,10,1,10,1.73674588665448,4,"Dubai, Dubayy, United Arab Emirates",AE,AE03,28575,25.2522,55.28,-782831,0,,,,,,,,4,"Bangalore, Karnataka, India",IN,IN19,70159,12.9833,77.5833,-2090174,20260803080000,https://www.hindustantimes.com/trending/indian-man-shares-reality-of-dubai-job-hunt-after-500-applications-some-offered-a-quarter-of-my-previous-salary-101785741457039.html
1316555353,20260803,202608,2026,2026.5836,BUS,EMPLOYER,,,,,,BUS,,,,,,,,,,,,,1,110,110,11,3,-2.0,5,1,5,-4.14798206278027,3,"San Francisco, California, United States",US,USCA,CA075,37.7749,-122.419,277593,0,,,,,,,,3,"San Francisco, California, United States",US,USCA,,37.7749,-122.419,277593,20260803080000,https://www.hcamag.com/nz/news/general/what-a-startups-tattoo-for-an-interview-stunt-says-about-hiring-under-pressure/584557
1316555354,20260803,202608,2026,2026.5836,BUS,EMPLOYER,,,,,,BUS,,,,,,,,,,,,,1,111,111,11,3,-2.0,30,1,10,-4.14798206278027,3,"San Francisco, California, United States",US,USCA,CA075,37.7749,-122.419,277593,0,,,,,,,,3,"San Francisco, California, United States",US,USCA,,37.7749,-122.419,277593,20260803080000,https://www.hcamag.com/nz/news/general/what-a-startups-tattoo-for-an-interview-stunt-says-about-hiring-under-pressure/584557
1316555355,20260803,202608,2026,2026.5836,BUS,COMPANY,,,,,,BUS,,,,,,,,,,,,,0,111,111,11,3,-2.0,3,1,3,-3.44827586206897,2,"Illinois, United States",US,USIL,,40.3363,-89.0022,IL,0,,,,,,,,2,"Illinois, United States",US,USIL,,40.3363,-89.0022,IL,20260803080000,https://www.wsws.org/en/articles/2026/08/03/hxlk-a03.html
1316555356,20260803,202608,2026,2026.5836,BUS,BUSINESS,,,,,,BUS,,,,,,,,,,,,,0,124,124,12,3,-4.0,10,1,10,-0.73394495412844,4,"Beijing, Beijing, China",CH,CH22,13001,39.9289,116.388,-1898541,0,,,,,,,,4,"Beijing, Beijing, China",CH,CH22,13001,39.9289,116.388,-1898541,20260803080000,https://www.businessinsider.com/hugging-face-ceo-hack-openai-mandatory-transparency-law-ai-2026-8
1316555357,20260803,202608,2026,2026.5836,BUS,INVESTOR,,,,,,BUS,,,,,,,,,,,,,1,1712,171,17,4,-9.2,10,1,10,-2.51572327044025,1,Iran,IR,IR,,32,53,IR,0,,,,,,,,1,Iran,IR,IR,,32,53,IR,20260803080000,https://www.koreaherald.com/article/10829419
1316555358,20260803,202608,2026,2026.5836,BUS,COMPANY,,,,,,BUS,,,,,,,,,,,,,0,172,172,17,4,-5.0,5,1,5,-4.64601769911504,4,"Curragh, New South Wales, Australia",AS,AS02,5096,-29.7667,145.3,-1568532,0,,,,,,,,4,"Curragh, New South Wales, Australia",AS,AS02,5096,-29.7667,145.3,-1568532,20260803080000,https://www.wsws.org/en/articles/2026/08/03/rnmj-a03.html
1316555359,20260803,202608,2026,2026.5836,BUS,COMPANY,,,,,,BUS,,,,,,,,,,,,,0,173,173,17,4,-5.0,5,1,5,-4.64601769911504,4,"Curragh, New South Wales, Australia",AS,AS02,5096,-29.7667,145.3,-1568532,0,,,,,,,,4,"Curragh, New South Wales, Australia",AS,AS02,5096,-29.7667,145.3,-1568532,20260803080000,https://www.wsws.org/en/articles/2026/08/03/rnmj-a03.html
1316555360,20260803,202608,2026,2026.5836,BUS,COMPANY,,,,,,BUS,,,CHN,TAIAN,CHN,,,,,,,,0,020,020,02,1,3.0,3,1,3,4.92170022371364,4,"Jones Town, Saint Andrew, Jamaica",JM,JM08,18425,17.9833,-76.8,-3752391,4,"Jones Town, Saint Andrew, Jamaica",JM,JM08,18425,17.9833,-76.8,-3752391,4,"Jones Town, Saint Andrew, Jamaica",JM,JM08,18425,17.9833,-76.8,-3752391,20260803080000,https://jamaica-gleaner.com/article/news/20260803/building-businesses-changing-lives-how-taian-gooden-empowering-jamaican
1316555361,20260803,202608,2026,2026.5836,BUS,BANK,,,,,,BUS,,,CVL,VILLAGE,,,,,,CVL,,,1,043,043,04,1,2.8,10,1,10,-0.65645514223195,4,"Kolkata, West Bengal, India",IN,IN28,70294,22.5697,88.3697,-2092511,4,"Kolkata, West Bengal, India",IN,IN28,70294,22.5697,88.3697,-2092511,4,"Kolkata, West Bengal, India",IN,IN28,70294,22.5697,88.3697,-2092511,20260803080000,https://economictimes.indiatimes.com/news/new-updates/pnb-credits-rs-100-crore-in-a-west-bengal-womans-account-instead-of-lpg-subsidy-leaving-her-in-shock/articleshow/132822299.cms
1316555362,20260803,202608,2026,2026.5836,BUS,TANKER,,,,,,BUS,,,DJI,DJIBOUTI,DJI,,,,,,,,1,190,190,19,4,-10.0,1,1,1,-4.73684210526316,1,United Kingdom,UK,UK,,54,-4,UK,1,Russia,RS,RS,,60,100,RS,1,Russia,RS,RS,,60,100,RS,20260803080000,https://www.arabnews.com/node/2653197/business-economy
1316555363,20260803,202608,2026,2026.5836,BUS,INDUSTRY,,,,,,BUS,,,GBR,BRITAIN,GBR,,,,,,,,0,070,070,07,2,7.0,7,1,7,-0.0695410292072305,1,United Kingdom,UK,UK,,54,-4,UK,1,United Kingdom,UK,UK,,54,-4,UK,1,United Kingdom,UK,UK,,54,-4,UK,20260803080000,https://www.dailymail.com/money/markets/article-16020013/British-beauty-industry-calls-Burnham-act-business-rates.html
1316555364,20260803,202608,2026,2026.5836,BUS,CORPORATION,,,,,,BUS,,,GOV,MINIST,,,,,,GOV,,,1,040,040,04,1,1.0,5,1,5,-1.28205128205128,0,,,,,,,,0,,,,,,,,0,,,,,,,,20260803080000,https://www.thehindu.com/news/national/andhra-pradesh/include-velama-community-in-obc-list-corporation-chairman-asks-centre/article71300047.ece
1316555365,20260803,202608,2026,2026.5836,BUS,INDUSTRY,,,,,,BUS,,,HLH,NURSE,,,,,,HLH,,,0,070,070,07,2,7.0,5,1,5,-0.0695410292072305,1,United Kingdom,UK,UK,,54,-4,UK,1,United Kingdom,UK,UK,,54,-4,UK,1,United Kingdom,UK,UK,,54,-4,UK,20260803080000,https://www.dailymail.com/money/markets/article-16020013/British-beauty-industry-calls-Burnham-act-business-rates.html
1316555366,20260803,202608,2026,2026.5836,BUS,INDUSTRY,,,,,,BUS,,,HLH,NURSE,,,,,,HLH,,,0,071,071,07,2,7.4,5,1,5,-0.0695410292072305,1,United Kingdom,UK,UK,,54,-4,UK,1,United Kingdom,UK,UK,,54,-4,UK,1,United Kingdom,UK,UK,,54,-4,UK,20260803080000,https://www.dailymail.com/money/markets/article-16020013/British-beauty-industry-calls-Burnham-act-business-rates.html
1316555367,20260803,202608,2026,2026.5836,BUS,OIL TANKER,,,,,,BUS,,,IGOEUREEC,THE EU,EUR,EEC,,,,IGO,,,1,090,090,09,2,-2.0,7,1,7,-3.27868852459016,1,Italy,IT,IT,,42.833333,12.833333,IT,1,Italy,IT,IT,,42.833333,12.833333,IT,1,Italy,IT,IT,,42.833333,12.833333,IT,20260803080000,https://www.presstv.co.uk/Detail/2026/08/03/773627/eu-forces-board-sanctioned-russian-shadow-fleet-tanker
1316555368,20260803,202608,2026,2026.5836,BUS,OIL TANKER,,,,,,BUS,,,IGOEUREEC,THE EU,EUR,EEC,,,,IGO,,,1,090,090,09,2,-2.0,3,1,3,-3.27868852459016,1,Libya,LY,LY,,25,17,LY,4,"Brussels, Bruxelles-Capitale, Belgium",BE,BE11,5850,50.8333,4.33333,-1955538,4,"Brussels, Bruxelles-Capitale, Belgium",BE,BE11,5850,50.8333,4.33333,-1955538,20260803080000,https://www.presstv.co.uk/Detail/2026/08/03/773627/eu-forces-board-sanctioned-russian-shadow-fleet-tanker
1316555369,20260803,202608,2026,2026.5836,BUS,COMPANY,,,,,,BUS,,,JAM,JAMAICA,JAM,,,,,,,,0,020,020,02,1,3.0,1,1,1,4.92170022371364,4,"Jones Town, Saint Andrew, Jamaica",JM,JM08,18425,17.9833,-76.8,-3752391,4,"Jones Town, Saint Andrew, Jamaica",JM,JM08,18425,17.9833,-76.8,-3752391,4,"Jones Town, Saint Andrew, Jamaica",JM,JM08,18425,17.9833,-76.8,-3752391,20260803080000,https://jamaica-gleaner.com/article/news/20260803/building-businesses-changing-lives-how-taian-gooden-empowering-jamaican
1316555370,20260803,202608,2026,2026.5836,BUS,ENTREPRENEUR,,,,,,BUS,,,JAM,JAMAICA,JAM,,,,,,,,0,050,050,05,1,3.5,5,1,5,4.92170022371364,4,"Jones Town, Saint Andrew, Jamaica",JM,JM08,18425,17.9833,-76.8,-3752391,4,"Jones Town, Saint Andrew, Jamaica",JM,JM08,18425,17.9833,-76.8,-3752391,4,"Jones Town, Saint Andrew, Jamaica",JM,JM08,18425,17.9833,-76.8,-3752391,20260803080000,https://jamaica-gleaner.com/article/news/20260803/building-businesses-changing-lives-how-taian-gooden-empowering-jamaican
1316555371,20260803,202608,2026,2026.5836,BUS,COMPANIES,,,,,,BUS,,,LAB,EMPLOYEE,,,,,,LAB,,,0,020,020,02,1,3.0,10,1,10,1.73674588665448,4,"Dubai, Dubayy, United Arab Emirates",AE,AE03,28575,25.2522,55.28,-782831,4,"Dubai, Dubayy, United Arab Emirates",AE,AE03,28575,25.2522,55.28,-782831,4,"Dubai, Dubayy, United Arab Emirates",AE,AE03,28575,25.2522,55.28,-782831,20260803080000,https://www.hindustantimes.com/trending/indian-man-shares-reality-of-dubai-job-hunt-after-500-applications-some-offered-a-quarter-of-my-previous-salary-101785741457039.html
1316555372,20260803,202608,2026,2026.5836,BUS,INDUSTRY,,,,,,BUS,,,LAB,EMPLOYEE,,,,,,LAB,,,1,070,070,07,2,7.0,5,1,5,4.10958904109589,1,Malaysia,MY,MY,,2.5,112.5,MY,1,Malaysia,MY,MY,,2.5,112.5,MY,1,Malaysia,MY,MY,,2.5,112.5,MY,20260803080000,https://paultan.org/2026/08/03/miti-wants-foreign-car-brands-to-coexist-and-complement-local-ecosystem-proton-geely-is-a-true-partnership/
1316555373,20260803,202608,2026,2026.5836,BUS,INDUSTRY,,,,,,BUS,,,MED,TELEVISION,,,,,,MED,,,1,010,010,01,1,0.0,10,1,10,-0.48780487804878,1,Singapore,SN,SN,,1.366667,103.8,SN,1,Singapore,SN,SN,,1.366667,103.8,SN,1,Singapore,SN,SN,,1.366667,103.8,SN,20260803080000,https://www.straitstimes.com/singapore/pm-wong-to-deliver-national-day-message-on-aug-8-2026
1316555374,20260803,202608,2026,2026.5836,BUS,COMPANIES,,,,,,BUS,,,NGA,NIGERIAN,NGA,,,,,,,,1,020,020,02,1,3.0,5,1,5,7.95755968169761,1,Nigeria,NI,NI,,10,8,NI,1,Nigeria,NI,NI,,10,8,NI,1,Nigeria,NI,NI,,10,8,NI,20260803080000,https://nigerianobservernews.com/2026/08/naicom-confirms-43-insurers-reinsurers-meet-niira-2025-capital-requirements/
1316555375,20260803,202608,2026,2026.5836,BUS,COMPANY,,,,,,BUS,,,QATCVL,QATAR,QAT,,,,,CVL,,,1,057,057,05,1,8.0,20,1,20,4.09356725146199,4,"Doha, Ad Daw?ah, Qatar",QA,QA01,25307,25.2867,51.5333,-785169,4,"Doha, Ad Daw?ah, Qatar",QA,QA01,25307,25.2867,51.5333,-785169,4,"Doha, Ad Daw?ah, Qatar",QA,QA01,25307,25.2867,51.5333,-785169,20260803080000,https://tradearabia.com:443/News/466097/GWC-Group-in-deal-to-set-up-retail-facility-in-Logistics-Village-Qatar/IND
1316555376,20260803,202608,2026,2026.5836,BUS,COMPANY,,,,,,BUS,,,REF,EXPATRIATE,,,,,,REF,,,1,071,071,07,2,7.4,10,1,10,-0.23201856148492,0,,,,,,,,0,,,,,,,,0,,,,,,,,20260803080000,https://www.businesstoday.in/markets/stocks/story/thangamayil-jewellery-shares-crack-nearly-31-in-four-sessions-buy-the-dip-or-avoid-546817-2026-08-03
1316555377,20260803,202608,2026,2026.5836,BUSBUS,BUSINESS,,,,,,BUS,BUS,,BUS,BUSINESS,,,,,,BUS,,,0,050,050,05,1,3.5,5,1,5,4.92170022371364,4,"Jones Town, Saint Andrew, Jamaica",JM,JM08,18425,17.9833,-76.8,-3752391,4,"Jones Town, Saint Andrew, Jamaica",JM,JM08,18425,17.9833,-76.8,-3752391,4,"Jones Town, Saint Andrew, Jamaica",JM,JM08,18425,17.9833,-76.8,-3752391,20260803080000,https://jamaica-gleaner.com/article/news/20260803/building-businesses-changing-lives-how-taian-gooden-empowering-jamaican
1316555378,20260803,202608,2026,2026.5836,CAN,CANADA,CAN,,,,,,,,,,,,,,,,,,0,010,010,01,1,0.0,10,1,10,-2.69541778975741,4,"Essex, Ontario, Canada",CA,CA08,12649,42.1667,-82.8167,-564336,0,,,,,,,,4,"Essex, Ontario, Canada",CA,CA08,12649,42.1667,-82.8167,-564336,20260803080000,https://www.insidehalton.com/news/windsor-ontario-cyclosporiasis-increase/article_ad5bae65-0adb-5116-bb61-6d56dd332dfe.html
1316555379,20260803,202608,2026,2026.5836,CAN,CANADA,CAN,,,,,,,,CANCVL,CANADIAN,CAN,,,,,CVL,,,0,042,042,04,1,1.9,6,1,6,-2.69541778975741,4,"Guelph, Ontario, Canada",CA,CA08,12688,43.55,-80.25,-565712,4,"Guelph, Ontario, Canada",CA,CA08,12688,43.55,-80.25,-565712,4,"Guelph, Ontario, Canada",CA,CA08,12688,43.55,-80.25,-565712,20260803080000,https://www.insidehalton.com/news/windsor-ontario-cyclosporiasis-increase/article_ad5bae65-0adb-5116-bb61-6d56dd332dfe.html
1316555380,20260803,202608,2026,2026.5836,CAN,CANADIAN,CAN,,,,,,,,CANCVL,CANADA,CAN,,,,,CVL,,,0,043,043,04,1,2.8,4,1,4,-2.69541778975741,4,"Guelph, Ontario, Canada",CA,CA08,12688,43.55,-80.25,-565712,4,"Guelph, Ontario, Canada",CA,CA08,12688,43.55,-80.25,-565712,4,"Guelph, Ontario, Canada",CA,CA08,12688,43.55,-80.25,-565712,20260803080000,https://www.insidehalton.com/news/windsor-ontario-cyclosporiasis-increase/article_ad5bae65-0adb-5116-bb61-6d56dd332dfe.html
1316555381,20260803,202608,2026,2026.5836,CAN,CANADA,CAN,,,,,,,,USA,MICHIGAN,USA,,,,,,,,1,036,036,03,1,4.0,8,1,8,-2.69541778975741,4,"Essex, Ontario, Canada",CA,CA08,12649,42.1667,-82.8167,-564336,4,"Essex, Ontario, Canada",CA,CA08,12649,42.1667,-82.8167,-564336,4,"Essex, Ontario, Canada",CA,CA08,12649,42.1667,-82.8167,-564336,20260803080000,https://www.insidehalton.com/news/windsor-ontario-cyclosporiasis-increase/article_ad5bae65-0adb-5116-bb61-6d56dd332dfe.html
1316555382,20260803,202608,2026,2026.5836,CAN,CANADA,CAN,,,,,,,,USA,MICHIGAN,USA,,,,,,,,1,036,036,03,1,4.0,8,1,8,-2.69541778975741,4,"Essex, Ontario, Canada",CA,CA08,12649,42.1667,-82.8167,-564336,2,"Michigan, United States",US,USMI,,43.3504,-84.5603,MI,2,"Michigan, United States",US,USMI,,43.3504,-84.5603,MI,20260803080000,https://www.insidehalton.com/news/windsor-ontario-cyclosporiasis-increase/article_ad5bae65-0adb-5116-bb61-6d56dd332dfe.html
1316555383,20260803,202608,2026,2026.5836,CAN,CANADA,CAN,,,,,,,,USA,UNITED STATES,USA,,,,,,,,0,130,130,13,3,-4.4,6,1,6,-2.69541778975741,4,"Guelph, Ontario, Canada",CA,CA08,12688,43.55,-80.25,-565712,2,"Michigan, United States",US,USMI,,43.3504,-84.5603,MI,4,"Guelph, Ontario, Canada",CA,CA08,12688,43.55,-80.25,-565712,20260803080000,https://www.insidehalton.com/news/windsor-ontario-cyclosporiasis-increase/article_ad5bae65-0adb-5116-bb61-6d56dd332dfe.html
1316555384,20260803,202608,2026,2026.5836,CANCVL,CANADA,CAN,,,,,CVL,,,CAN,CANADIAN,CAN,,,,,,,,0,042,042,04,1,1.9,4,1,4,-2.69541778975741,4,"Guelph, Ontario, Canada",CA,CA08,12688,43.55,-80.25,-565712,4,"Guelph, Ontario, Canada",CA,CA08,12688,43.55,-80.25,-565712,4,"Guelph, Ontario, Canada",CA,CA08,12688,43.55,-80.25,-565712,20260803080000,https://www.insidehalton.com/news/windsor-ontario-cyclosporiasis-increase/article_ad5bae65-0adb-5116-bb61-6d56dd332dfe.html
1316555385,20260803,202608,2026,2026.5836,CANCVL,CANADIAN,CAN,,,,,CVL,,,CAN,CANADA,CAN,,,,,,,,0,043,043,04,1,2.8,6,1,6,-2.69541778975741,4,"Guelph, Ontario, Canada",CA,CA08,12688,43.55,-80.25,-565712,4,"Guelph, Ontario, Canada",CA,CA08,12688,43.55,-80.25,-565712,4,"Guelph, Ontario, Canada",CA,CA08,12688,43.55,-80.25,-565712,20260803080000,https://www.insidehalton.com/news/windsor-ontario-cyclosporiasis-increase/article_ad5bae65-0adb-5116-bb61-6d56dd332dfe.html
1316555386,20260803,202608,2026,2026.5836,CANCVL,CANADA,CAN,,,,,CVL,,,USA,UNITED STATES,USA,,,,,,,,0,130,130,13,3,-4.4,2,1,2,-2.69541778975741,4,"Guelph, Ontario, Canada",CA,CA08,12688,43.55,-80.25,-565712,4,"Guelph, Ontario, Canada",CA,CA08,12688,43.55,-80.25,-565712,4,"Guelph, Ontario, Canada",CA,CA08,12688,43.55,-80.25,-565712,20260803080000,https://www.insidehalton.com/news/windsor-ontario-cyclosporiasis-increase/article_ad5bae65-0adb-5116-bb61-6d56dd332dfe.html
1316555387,20260803,202608,2026,2026.5836,CANCVL,CANADA,CAN,,,,,CVL,,,USA,UNITED STATES,USA,,,,,,,,0,130,130,13,3,-4.4,2,1,2,-2.69541778975741,4,"Guelph, Ontario, Canada",CA,CA08,12688,43.55,-80.25,-565712,2,"Michigan, United States",US,USMI,,43.3504,-84.5603,MI,4,"Guelph, Ontario, Canada",CA,CA08,12688,43.55,-80.25,-565712,20260803080000,https://www.insidehalton.com/news/windsor-ontario-cyclosporiasis-increase/article_ad5bae65-0adb-5116-bb61-6d56dd332dfe.html
1316555388,20260803,202608,2026,2026.5836,CHL,SANTIAGO,CHL,,,,,,,,,,,,,,,,,,1,051,051,05,1,3.4,5,1,5,1.48601398601399,4,"Madrid, Madrid, Spain",SP,SP29,25820,40.4,-3.68333,-390625,0,,,,,,,,4,"Madrid, Madrid, Spain",SP,SP29,25820,40.4,-3.68333,-390625,20260803080000,https://angelusnews.com/faith/cerny-camino-de-santiago-pope/
1316555389,20260803,202608,2026,2026.5836,CHN,TAIAN,CHN,,,,,,,,,,,,,,,,,,0,010,010,01,1,0.0,3,1,3,4.92170022371364,4,"Jones Town, Saint Andrew, Jamaica",JM,JM08,18425,17.9833,-76.8,-3752391,0,,,,,,,,4,"Jones Town, Saint Andrew, Jamaica",JM,JM08,18425,17.9833,-76.8,-3752391,20260803080000,https://jamaica-gleaner.com/article/news/20260803/building-businesses-changing-lives-how-taian-gooden-empowering-jamaican
1316555390,20260803,202608,2026,2026.5836,CHN,CHINA,CHN,,,,,,,,,,,,,,,,,,0,071,071,07,2,7.4,2,1,2,2.125,1,South Africa,SF,SF,,-30,26,SF,0,,,,,,,,1,China,CH,CH,,35,105,CH,20260803080000,https://www.businessday.co.za/companies/2026-08-03-watch-everybody-wins-huaweis-approach-to-banks-ai-transformation/
1316555391,20260803,202608,2026,2026.5836,CHN,CHINA,CHN,,,,,,,,,,,,,,,,,,0,071,071,07,2,7.4,2,1,2,2.125,1,South Africa,SF,SF,,-30,26,SF,0,,,,,,,,1,South Africa,SF,SF,,-30,26,SF,20260803080000,https://www.businessday.co.za/companies/2026-08-03-watch-everybody-wins-huaweis-approach-to-banks-ai-transformation/
1316555392,20260803,202608,2026,2026.5836,CHN,CHINESE,CHN,,,,,,,,IDN,INDONESIAN,IDN,,,,,,,,1,062,062,06,2,7.4,2,1,2,1.34228187919463,1,China,CH,CH,,35,105,CH,4,"Jakarta, Jakarta Raya, Indonesia",ID,ID04,18585,-6.17444,106.829,-2679652,1,China,CH,CH,,35,105,CH,20260803080000,https://en.antaranews.com/news/425213/indonesian-navy-deploys-warships-aircraft-in-ferry-fire-rescue
1316555393,20260803,202608,2026,2026.5836,CHN,TAIAN,CHN,,,,,,,,JAM,JAMAICA,JAM,,,,,,,,0,010,010,01,1,0.0,1,1,1,4.92170022371364,4,"Jones Town, Saint Andrew, Jamaica",JM,JM08,18425,17.9833,-76.8,-3752391,4,"Jones Town, Saint Andrew, Jamaica",JM,JM08,18425,17.9833,-76.8,-3752391,4,"Jones Town, Saint Andrew, Jamaica",JM,JM08,18425,17.9833,-76.8,-3752391,20260803080000,https://jamaica-gleaner.com/article/news/20260803/building-businesses-changing-lives-how-taian-gooden-empowering-jamaican
1316555394,20260803,202608,2026,2026.5836,CHN,TAIAN,CHN,,,,,,,,JAM,JAMAICA,JAM,,,,,,,,0,051,051,05,1,3.4,1,1,1,4.92170022371364,4,"Jones Town, Saint Andrew, Jamaica",JM,JM08,18425,17.9833,-76.8,-3752391,4,"Jones Town, Saint Andrew, Jamaica",JM,JM08,18425,17.9833,-76.8,-3752391,4,"Jones Town, Saint Andrew, Jamaica",JM,JM08,18425,17.9833,-76.8,-3752391,20260803080000,https://jamaica-gleaner.com/article/news/20260803/building-businesses-changing-lives-how-taian-gooden-empowering-jamaican
1316555395,20260803,202608,2026,2026.5836,CHN,CHINA,CHN,,,,,,,,RUS,RUSSIA,RUS,,,,,,,,0,130,130,13,3,-4.4,1,1,1,-7.1870170015456,4,"Kremlin, Moskva, Russia",RS,RS48,25106,55.7522,37.6156,-2960561,4,"Kremlin, Moskva, Russia",RS,RS48,25106,55.7522,37.6156,-2960561,4,"Kremlin, Moskva, Russia",RS,RS48,25106,55.7522,37.6156,-2960561,20260803080000,https://www.wsws.org/en/articles/2026/08/03/rdhv-a03.html
1316555396,20260803,202608,2026,2026.5836,CHN,CHINA,CHN,,,,,,,,RUS,RUSSIA,RUS,,,,,,,,0,130,130,13,3,-4.4,4,1,4,-7.1870170015456,1,China,CH,CH,,35,105,CH,4,"Kremlin, Moskva, Russia",RS,RS48,25106,55.7522,37.6156,-2960561,4,"Kremlin, Moskva, Russia",RS,RS48,25106,55.7522,37.6156,-2960561,20260803080000,https://www.wsws.org/en/articles/2026/08/03/rdhv-a03.html
1316555397,20260803,202608,2026,2026.5836,CHN,CHINESE,CHN,,,,,,,,SEPMIL,LIBERATION ARMY,,,,,,SEP,MIL,,1,062,062,06,2,7.4,8,1,8,1.34228187919463,1,China,CH,CH,,35,105,CH,1,China,CH,CH,,35,105,CH,1,China,CH,CH,,35,105,CH,20260803080000,https://en.antaranews.com/news/425213/indonesian-navy-deploys-warships-aircraft-in-ferry-fire-rescue
1316555398,20260803,202608,2026,2026.5836,CHNGOV,CHINA,CHN,,,,,GOV,,,,,,,,,,,,,0,110,110,11,3,-2.0,2,1,2,-4.79394449116905,4,"Xu-Nan, Jiangsu, China",CH,CH04,13155,33.0409,120.505,10748050,0,,,,,,,,4,"Xu-Nan, Jiangsu, China",CH,CH04,13155,33.0409,120.505,10748050,20260803080000,https://www.wsws.org/en/articles/2026/08/03/lfhz-a03.html
1316555399,20260803,202608,2026,2026.5836,CHR,CHRISTIAN,,,,CHR,,,,,,,,,,,,,,,1,046,046,04,1,7.0,6,1,6,4.99040307101728,4,"Rome, Lazio, Italy",IT,IT07,18350,41.9,12.4833,-126693,0,,,,,,,,4,"Rome, Lazio, Italy",IT,IT07,18350,41.9,12.4833,-126693,20260803080000,https://www.rvasia.org/asian-news/global-webinar-explores-pope-leo-xivs-magnifica-humanitas-draws-700-participants
1316555400,20260803,202608,2026,2026.5836,CHR,CHRISTIAN,,,,CHR,,,,,GOV,PRESIDENT,,,,,,GOV,,,1,040,040,04,1,1.0,10,1,10,-2.39520958083832,1,Nigeria,NI,NI,,10,8,NI,1,Nigeria,NI,NI,,10,8,NI,1,Nigeria,NI,NI,,10,8,NI,20260803080000,https://leadership.ng/northern-christians-back-catholic-bishops-fault-bwala-over-remarks-2/
1316555401,20260803,202608,2026,2026.5836,CHR,CHRISTIAN,,,,CHR,,,,,ITA,ITALY,ITA,,,,,,,,1,046,046,04,1,7.0,4,1,4,4.99040307101728,4,"Rome, Lazio, Italy",IT,IT07,18350,41.9,12.4833,-126693,4,"Rome, Lazio, Italy",IT,IT07,18350,41.9,12.4833,-126693,4,"Rome, Lazio, Italy",IT,IT07,18350,41.9,12.4833,-126693,20260803080000,https://www.rvasia.org/asian-news/global-webinar-explores-pope-leo-xivs-magnifica-humanitas-draws-700-participants
1316555402,20260803,202608,2026,2026.5836,CHRCTH,CATHOLIC,,,,CHR,CTH,,,,CVL,COMMUNITY,,,,,,CVL,,,1,017,017,01,1,0.0,3,1,3,-1.58102766798419,4,"Badulla, Southern, Sri Lanka",CE,CE34,25848,6.01667,80.5333,-2213251,4,"Badulla, Southern, Sri Lanka",CE,CE34,25848,6.01667,80.5333,-2213251,4,"Badulla, Southern, Sri Lanka",CE,CE34,25848,6.01667,80.5333,-2213251,20260803080000,https://www.rvasia.org/asian-news/sri-lanka-remembers-sister-mary-agneta-nun-who-gave-her-life-protecting-others
1316555403,20260803,202608,2026,2026.5836,CHRCTH,CATHOLIC,,,,CHR,CTH,,,,CVL,COMMUNITY,,,,,,CVL,,,1,193,193,19,4,-10.0,10,1,10,-1.58102766798419,4,"Badulla, Southern, Sri Lanka",CE,CE34,25848,6.01667,80.5333,-2213251,4,"Badulla, Southern, Sri Lanka",CE,CE34,25848,6.01667,80.5333,-2213251,4,"Badulla, Southern, Sri Lanka",CE,CE34,25848,6.01667,80.5333,-2213251,20260803080000,https://www.rvasia.org/asian-news/sri-lanka-remembers-sister-mary-agneta-nun-who-gave-her-life-protecting-others
1316555404,20260803,202608,2026,2026.5836,CHRCTH,CATHOLIC BISHOP,,,,CHR,CTH,,,,GOV,PRESIDENT,,,,,,GOV,,,1,042,042,04,1,1.9,6,1,6,-4.72727272727273,4,"Abuja, Abuja Federal Capital Territory, Nigeria",NI,NI11,191147,9.08333,7.53333,-1997013,4,"Abuja, Abuja Federal Capital Territory, Nigeria",NI,NI11,191147,9.08333,7.53333,-1997013,4,"Abuja, Abuja Federal Capital Territory, Nigeria",NI,NI11,191147,9.08333,7.53333,-1997013,20260803080000,https://www.nigerianeye.com/2026/08/politicians-misleading-tinubu-not.html
1316555405,20260803,202608,2026,2026.5836,CHRCTH,CATHOLIC,,,,CHR,CTH,,,,LKA,SRI LANKA,LKA,,,,,,,,1,017,017,01,1,0.0,3,1,3,-1.58102766798419,4,"Badulla, Southern, Sri Lanka",CE,CE34,25848,6.01667,80.5333,-2213251,4,"Badulla, Southern, Sri Lanka",CE,CE34,25848,6.01667,80.5333,-2213251,4,"Badulla, Southern, Sri Lanka",CE,CE34,25848,6.01667,80.5333,-2213251,20260803080000,https://www.rvasia.org/asian-news/sri-lanka-remembers-sister-mary-agneta-nun-who-gave-her-life-protecting-others
1316555406,20260803,202608,2026,2026.5836,CHRCTH,CATHOLIC BISHOP,,,,CHR,CTH,,,,NGAGOV,NIGERIA,NGA,,,,,GOV,,,1,042,042,04,1,1.9,2,1,2,-4.72727272727273,4,"Abuja, Abuja Federal Capital Territory, Nigeria",NI,NI11,191147,9.08333,7.53333,-1997013,4,"Abuja, Abuja Federal Capital Territory, Nigeria",NI,NI11,191147,9.08333,7.53333,-1997013,4,"Abuja, Abuja Federal Capital Territory, Nigeria",NI,NI11,191147,9.08333,7.53333,-1997013,20260803080000,https://www.nigerianeye.com/2026/08/politicians-misleading-tinubu-not.html
1316555407,20260803,202608,2026,2026.5836,COD,THE DRC,COD,,,,,,,,,,,,,,,,,,0,010,010,01,1,0.0,5,1,5,-5.17333333333334,1,United States,US,US,,39.828175,-98.5795,US,0,,,,,,,,1,United States,US,US,,39.828175,-98.5795,US,20260803080000,https://www.wsws.org/en/articles/2026/08/03/qoit-a03.html
1316555408,20260803,202608,2026,2026.5836,COD,THE DRC,COD,,,,,,,,,,,,,,,,,,0,060,060,06,2,6.0,1,1,1,-5.17333333333334,1,United States,US,US,,39.828175,-98.5795,US,0,,,,,,,,4,"Kivu, Kiboga, Uganda",UG,UG42,18585,0.833333,32.1833,-1730511,20260803080000,https://www.wsws.org/en/articles/2026/08/03/qoit-a03.html
1316555409,20260803,202608,2026,2026.5836,COD,THE DRC,COD,,,,,,,,,,,,,,,,,,0,060,060,06,2,6.0,4,1,4,-5.17333333333334,1,United States,US,US,,39.828175,-98.5795,US,0,,,,,,,,1,United States,US,US,,39.828175,-98.5795,US,20260803080000,https://www.wsws.org/en/articles/2026/08/03/qoit-a03.html
1316555410,20260803,202608,2026,2026.5836,COG,CONGO,COG,,,,,,,,CODCVL,CONGOLESE,COD,,,,,CVL,,,0,120,120,12,3,-4.0,10,1,10,-5.17333333333334,1,Congo,CF,CF,,-1,15,CF,1,Congo,CF,CF,,-1,15,CF,1,Congo,CF,CF,,-1,15,CF,20260803080000,https://www.wsws.org/en/articles/2026/08/03/qoit-a03.html
1316555411,20260803,202608,2026,2026.5836,COP,POLICE DISTRICT,,,,,,COP,,,,,,,,,,,,,1,042,042,04,1,1.9,10,1,10,-5.97014925373134,4,"Canberra, Australian Capital Territory, Australia",AS,AS01,4940,-35.2833,149.217,-1563952,0,,,,,,,,4,"Canberra, Australian Capital Territory, Australia",AS,AS01,4940,-35.2833,149.217,-1563952,20260803080000,https://www.batemansbaypost.com.au/story/9323040/nsw-man-43-dies-in-fatal-ute-rollover-near-lake-george/
1316555412,20260803,202608,2026,2026.5836,COP,POLICE,,,,,,COP,,,,,,,,,,,,,1,090,090,09,2,-2.0,10,1,10,-5.97014925373134,4,"Canberra, Australian Capital Territory, Australia",AS,AS01,4940,-35.2833,149.217,-1563952,0,,,,,,,,4,"Canberra, Australian Capital Territory, Australia",AS,AS01,4940,-35.2833,149.217,-1563952,20260803080000,https://www.batemansbaypost.com.au/story/9323040/nsw-man-43-dies-in-fatal-ute-rollover-near-lake-george/
1316555413,20260803,202608,2026,2026.5836,COP,POLICE,,,,,,COP,,,,,,,,,,,,,0,090,090,09,2,-2.0,10,1,10,-7.75510204081633,4,"Kobe, Hyogo, Japan",JA,JA13,34432,34.6833,135.167,-233817,0,,,,,,,,4,"Kobe, Hyogo, Japan",JA,JA13,34432,34.6833,135.167,-233817,20260803080000,https://wcti12.com/news/local/convicted-felon-sentenced-to-more-than-9-years-for-gun-possession
1316555414,20260803,202608,2026,2026.5836,COP,POLICE,,,,,,COP,,,,,,,,,,,,,1,101,101,10,3,-5.0,2,1,2,-7.60233918128658,4,"Benue, Nigeria (general), Nigeria",NI,NI00,191172,8.31667,8.51667,-2002531,0,,,,,,,,4,"Benue, Nigeria (general), Nigeria",NI,NI00,191172,8.31667,8.51667,-2002531,20260803080000,https://leadership.ng/idoma-forum-warns-of-fresh-attacks-in-benue-south/
1316555415,20260803,202608,2026,2026.5836,COP,POLICE,,,,,,COP,,,,,,,,,,,,,1,101,101,10,3,-5.0,4,1,4,-7.60233918128658,4,"Idoma, Bayelsa, Nigeria",NI,NI52,191398,4.63002,6.46052,-2010685,0,,,,,,,,4,"Benue, Nigeria (general), Nigeria",NI,NI00,191172,8.31667,8.51667,-2002531,20260803080000,https://leadership.ng/idoma-forum-warns-of-fresh-attacks-in-benue-south/
1316555416,20260803,202608,2026,2026.5836,COP,POLICE,,,,,,COP,,,,,,,,,,,,,1,101,101,10,3,-5.0,4,1,4,-7.60233918128658,4,"Idoma, Bayelsa, Nigeria",NI,NI52,191398,4.63002,6.46052,-2010685,0,,,,,,,,4,"Idoma, Bayelsa, Nigeria",NI,NI52,191398,4.63002,6.46052,-2010685,20260803080000,https://leadership.ng/idoma-forum-warns-of-fresh-attacks-in-benue-south/
1316555417,20260803,202608,2026,2026.5836,COP,POLICE,,,,,,COP,,,,,,,,,,,,,0,114,114,11,3,-2.0,10,1,10,-0.65645514223195,4,"Kolkata, West Bengal, India",IN,IN28,70294,22.5697,88.3697,-2092511,0,,,,,,,,4,"Kolkata, West Bengal, India",IN,IN28,70294,22.5697,88.3697,-2092511,20260803080000,https://economictimes.indiatimes.com/news/new-updates/pnb-credits-rs-100-crore-in-a-west-bengal-womans-account-instead-of-lpg-subsidy-leaving-her-in-shock/articleshow/132822299.cms
1316555418,20260803,202608,2026,2026.5836,COP,SECURITY CHECK,,,,,,COP,,,,,,,,,,,,,1,150,150,15,4,-7.2,5,1,5,-5.01474926253687,4,"Tuas, Singapore (general), Singapore",SN,SN00,18585,1.32139,103.657,-73725,0,,,,,,,,4,"Tuas, Singapore (general), Singapore",SN,SN00,18585,1.32139,103.657,-73725,20260803080000,https://www.straitstimes.com/singapore/very-heavy-traffic-expected-at-land-checkpoints-over-national-day-long-weekend-ica
1316555419,20260803,202608,2026,2026.5836,COP,SECURITY CHECK,,,,,,COP,,,,,,,,,,,,,1,150,150,15,4,-7.2,5,1,5,-5.01474926253687,1,Malaysia,MY,MY,,2.5,112.5,MY,0,,,,,,,,1,Malaysia,MY,MY,,2.5,112.5,MY,20260803080000,https://www.straitstimes.com/singapore/very-heavy-traffic-expected-at-land-checkpoints-over-national-day-long-weekend-ica
1316555420,20260803,202608,2026,2026.5836,COP,PRISON,,,,,,COP,,,,,,,,,,,,,1,173,173,17,4,-5.0,6,1,6,-3.86029411764706,2,"Oklahoma, United States",US,USOK,,35.5376,-96.9247,OK,0,,,,,,,,2,"Nebraska, United States",US,USNE,,41.1289,-98.2883,NE,20260803080000,https://www.ketv.com/article/wahoo-nebraska-cold-case-book-mary-kay-heese/73328772
1316555421,20260803,202608,2026,2026.5836,COP,POLICE,,,,,,COP,,,BUS,COMPANY,,,,,,BUS,,,1,173,173,17,4,-5.0,6,1,6,-12.1428571428571,4,"Osaka, Osaka, Japan",JA,JA32,35840,34.6667,135.5,-240905,4,"Osaka, Osaka, Japan",JA,JA32,35840,34.6667,135.5,-240905,4,"Osaka, Osaka, Japan",JA,JA32,35840,34.6667,135.5,-240905,20260803080000,https://japantoday.com/category/crime/man-dies-after-being-stabbed-in-the-neck-79-year-old-suspect-turns-himself-in
1316555422,20260803,202608,2026,2026.5836,COP,POLICE,,,,,,COP,,,JPN,JAPAN,JPN,,,,,,,,1,112,112,11,3,-2.0,4,1,4,-12.1428571428571,4,"Osaka, Osaka, Japan",JA,JA32,35840,34.6667,135.5,-240905,4,"Osaka, Osaka, Japan",JA,JA32,35840,34.6667,135.5,-240905,4,"Osaka, Osaka, Japan",JA,JA32,35840,34.6667,135.5,-240905,20260803080000,https://japantoday.com/category/crime/man-dies-after-being-stabbed-in-the-neck-79-year-old-suspect-turns-himself-in
1316555423,20260803,202608,2026,2026.5836,COP,DEPUTY,,,,,,COP,,,MED,MEDIA,,,,,,MED,,,0,010,010,01,1,0.0,2,1,2,-4.79394449116905,1,New Zealand,NZ,NZ,,-42,174,NZ,1,New Zealand,NZ,NZ,,-42,174,NZ,1,New Zealand,NZ,NZ,,-42,174,NZ,20260803080000,https://www.wsws.org/en/articles/2026/08/03/lfhz-a03.html
1316555424,20260803,202608,2026,2026.5836,COP,POLICE,,,,,,COP,,,THA,PATTANI,THA,,,,,,,,0,190,190,19,4,-10.0,10,1,10,-8.02919708029197,4,"Sai Buri, Pattani, Thailand",TH,TH69,26821,6.70131,101.617,-3254329,4,"Pattani, Pattani, Thailand",TH,TH69,26824,6.8749,101.255,-3252536,4,"Pattani, Pattani, Thailand",TH,TH69,26824,6.8749,101.255,-3252536,20260803080000,https://www.bangkokpost.com/thailand/general/3295800/deep-south-police-station-attacked-school-closed
1316555425,20260803,202608,2026,2026.5836,COP,POLICE,,,,,,COP,,,UAF,GUNMEN,,,,,,UAF,,,1,042,042,04,1,1.9,10,1,10,-8.02919708029197,4,"Bangkok, Krung Thep Mahanakhon, Thailand",TH,TH40,26423,13.75,100.517,-3250083,4,"Bangkok, Krung Thep Mahanakhon, Thailand",TH,TH40,26423,13.75,100.517,-3250083,4,"Bangkok, Krung Thep Mahanakhon, Thailand",TH,TH40,26423,13.75,100.517,-3250083,20260803080000,https://www.bangkokpost.com/thailand/general/3295800/deep-south-police-station-attacked-school-closed
1316555426,20260803,202608,2026,2026.5836,COP,POLICE,,,,,,COP,,,UAF,GUNMEN,,,,,,UAF,,,1,042,042,04,1,1.9,10,1,10,-8.02919708029197,4,"Pattani, Pattani, Thailand",TH,TH69,26824,6.8749,101.255,-3252536,4,"Narathiwat, Narathiwat, Thailand",TH,TH31,26772,6.42639,101.823,-3251737,4,"Pattani, Pattani, Thailand",TH,TH69,26824,6.8749,101.255,-3252536,20260803080000,https://www.bangkokpost.com/thailand/general/3295800/deep-south-police-station-attacked-school-closed
1316555427,20260803,202608,2026,2026.5836,COP,TROOPER,,,,,,COP,,,UAF,GUNMAN,,,,,,UAF,,,0,193,193,19,4,-10.0,2,1,2,-3.4020618556701,3,"Twin Falls, Idaho, United States",US,USID,ID083,42.563,-114.461,398273,3,"Twin Falls, Idaho, United States",US,USID,,42.563,-114.461,398273,3,"Twin Falls, Idaho, United States",US,USID,,42.563,-114.461,398273,20260803080000,https://www.newsweek.com/who-is-jordan-salinas-armed-bystander-praised-for-firing-at-idaho-gunman-12275867
1316555428,20260803,202608,2026,2026.5836,COPGOV,DEPUTY,,,,,,COP,GOV,,,,,,,,,,,,1,020,020,02,1,3.0,10,1,10,5.95238095238096,4,"Antara, Aceh, Indonesia",ID,ID01,18585,3.5292,99.0184,10119106,0,,,,,,,,4,"Antara, Aceh, Indonesia",ID,ID01,18585,3.5292,99.0184,10119106,20260803080000,https://en.antaranews.com/news/425207/deputy-minister-urges-stronger-vocational-language-skills-for-jobs
1316555429,20260803,202608,2026,2026.5836,CRM,FELON,,,,,,CRM,,,,,,,,,,,,,1,015,015,01,1,0.0,2,1,2,-7.75510204081633,4,"Kobe, Hyogo, Japan",JA,JA13,34432,34.6833,135.167,-233817,0,,,,,,,,4,"Kobe, Hyogo, Japan",JA,JA13,34432,34.6833,135.167,-233817,20260803080000,https://wcti12.com/news/local/convicted-felon-sentenced-to-more-than-9-years-for-gun-possession
1316555430,20260803,202608,2026,2026.5836,CRM,FELON,,,,,,CRM,,,,,,,,,,,,,1,173,173,17,4,-5.0,6,1,6,-10.6741573033708,2,"North Carolina, United States",US,USNC,,35.6411,-79.8431,NC,0,,,,,,,,2,"North Carolina, United States",US,USNC,,35.6411,-79.8431,NC,20260803080000,https://wcti12.com/news/local/man-released-from-federal-supervision-arrested-on-gun-charge
1316555431,20260803,202608,2026,2026.5836,CRM,TRAFFICKER,,,,,,CRM,,,COP,PRISON,,,,,,COP,,,1,173,173,17,4,-5.0,6,1,6,-8.50202429149798,3,"Fayetteville, North Carolina, United States",US,USNC,NC051,35.0527,-78.8784,1020226,3,"Fayetteville, North Carolina, United States",US,USNC,NC051,35.0527,-78.8784,1020226,3,"Fayetteville, North Carolina, United States",US,USNC,NC051,35.0527,-78.8784,1020226,20260803080000,https://wcti12.com/news/local/fentanyl-trafficker-sentenced-to-over-15-years-in-federal-prison
1316555432,20260803,202608,2026,2026.5836,CRM,TRAFFICKER,,,,,,CRM,,,COP,PRISON,,,,,,COP,,,1,173,173,17,4,-5.0,2,1,2,-8.50202429149798,3,"Fayetteville, North Carolina, United States",US,USNC,NC051,35.0527,-78.8784,1020226,2,"North Carolina, United States",US,USNC,,35.6411,-79.8431,NC,3,"Fayetteville, North Carolina, United States",US,USNC,NC051,35.0527,-78.8784,1020226,20260803080000,https://wcti12.com/news/local/fentanyl-trafficker-sentenced-to-over-15-years-in-federal-prison
1316555433,20260803,202608,2026,2026.5836,CRM,TRAFFICKER,,,,,,CRM,,,COP,PRISON,,,,,,COP,,,1,173,173,17,4,-5.0,2,1,2,-8.50202429149798,2,"North Carolina, United States",US,USNC,,35.6411,-79.8431,NC,2,"North Carolina, United States",US,USNC,,35.6411,-79.8431,NC,2,"North Carolina, United States",US,USNC,,35.6411,-79.8431,NC,20260803080000,https://wcti12.com/news/local/fentanyl-trafficker-sentenced-to-over-15-years-in-federal-prison
1316555434,20260803,202608,2026,2026.5836,CUB,CUBA,CUB,,,,,,,,,,,,,,,,,,1,060,060,06,2,6.0,1,1,1,-3.11804008908686,3,"Washington, District of Columbia, United States",US,USDC,DC001,38.8951,-77.0364,531871,0,,,,,,,,3,"Washington, District of Columbia, United States",US,USDC,DC001,38.8951,-77.0364,531871,20260803080000,https://jamaica-gleaner.com/article/news/20260803/caribbean-pickle-over-trump-former-pm-says-regional-nations-forced-be-careful
1316555435,20260803,202608,2026,2026.5836,CUB,CUBA,CUB,,,,,,,,,,,,,,,,,,1,060,060,06,2,6.0,1,1,1,-3.11804008908686,1,Jamaica,JM,JM,,18.25,-77.5,JM,0,,,,,,,,1,Jamaica,JM,JM,,18.25,-77.5,JM,20260803080000,https://jamaica-gleaner.com/article/news/20260803/caribbean-pickle-over-trump-former-pm-says-regional-nations-forced-be-careful
1316555436,20260803,202608,2026,2026.5836,CVL,HUNTER,,,,,,CVL,,,,,,,,,,,,,0,010,010,01,1,0.0,6,1,6,-1.62962962962963,4,"Wambo, Queensland, Australia",AS,AS04,154700,-26.8667,150.467,-1607591,0,,,,,,,,4,"Wambo, Queensland, Australia",AS,AS04,154700,-26.8667,150.467,-1607591,20260803080000,https://www.gloucesteradvocate.com.au/story/9322922/worker-killed-at-hunter-mine-site/
1316555437,20260803,202608,2026,2026.5836,CVL,COMMUNITY,,,,,,CVL,,,,,,,,,,,,,0,020,020,02,1,3.0,5,1,5,0.89186176142698,4,"Highbury, Islington, United Kingdom",UK,UKG3,40110,51.55,-0.1,-2598646,0,,,,,,,,4,"Highbury, Islington, United Kingdom",UK,UKG3,40110,51.55,-0.1,-2598646,20260803080000,https://www.romfordrecorder.co.uk/news/26427652.suzanne-lawrence-missing-appeal---interview-detective/
1316555438,20260803,202608,2026,2026.5836,CVL,COMMUNITY,,,,,,CVL,,,,,,,,,,,,,1,051,051,05,1,3.4,2,1,2,2.94906166219839,2,"Tennessee, United States",US,USTN,,35.7449,-86.7489,TN,0,,,,,,,,3,"Hardin County, Tennessee, United States",US,USTN,,35.1834,-88.1667,1639751,20260803080000,http://www.greenevillesun.com/business/local_business_news/tnecd-announces-77th-select-tennessee-certified-site/article_75eb0f09-d4c1-4ab4-8233-2cf2c8da7012.html
1316555439,20260803,202608,2026,2026.5836,CVL,COMMUNITY,,,,,,CVL,,,,,,,,,,,,,1,051,051,05,1,3.4,2,1,2,2.94906166219839,2,"Tennessee, United States",US,USTN,,35.7449,-86.7489,TN,0,,,,,,,,2,"Tennessee, United States",US,USTN,,35.7449,-86.7489,TN,20260803080000,http://www.greenevillesun.com/business/local_business_news/tnecd-announces-77th-select-tennessee-certified-site/article_75eb0f09-d4c1-4ab4-8233-2cf2c8da7012.html
1316555440,20260803,202608,2026,2026.5836,CVL,POPULATION,,,,,,CVL,,,,,,,,,,,,,0,084,084,08,2,7.0,10,1,10,-3.95833333333334,1,India,IN,IN,,20,77,IN,0,,,,,,,,1,India,IN,IN,,20,77,IN,20260803080000,https://news.mongabay.com/short-article/2026/08/introduced-fish-thrive-amid-kasmirs-freshwater-habitat-degradation/
1316555441,20260803,202608,2026,2026.5836,CVL,COMMUNITY,,,,,,CVL,,,,,,,,,,,,,1,110,110,11,3,-2.0,10,1,10,6.73076923076925,2,"Montana, United States",US,USMT,,46.9048,-110.326,MT,0,,,,,,,,2,"Montana, United States",US,USMT,,46.9048,-110.326,MT,20260803080000,https://bozone.com/event/pint-night-for-cancer-support-community-mt/
1316555442,20260803,202608,2026,2026.5836,CVL,SETTLEMENT,,,,,,CVL,,,,,,,,,,,,,0,120,120,12,3,-4.0,10,1,10,-7.1870170015456,4,"Kremlin, Moskva, Russia",RS,RS48,25106,55.7522,37.6156,-2960561,0,,,,,,,,4,"Kremlin, Moskva, Russia",RS,RS48,25106,55.7522,37.6156,-2960561,20260803080000,https://www.wsws.org/en/articles/2026/08/03/rdhv-a03.html
1316555443,20260803,202608,2026,2026.5836,CVL,VILLAGER,,,,,,CVL,,,,,,,,,,,,,0,120,120,12,3,-4.0,5,1,5,-5.74850299401198,1,Mexico,MX,MX,,23,-102,MX,0,,,,,,,,1,Mexico,MX,MX,,23,-102,MX,20260803080000,https://listverse.com/2016/11/06/10-mysterious-watery-graves/
1316555444,20260803,202608,2026,2026.5836,CVL,HUNTER,,,,,,CVL,,,AUS,AUSTRALIA,AUS,,,,,,,,0,010,010,01,1,0.0,4,1,4,-1.62962962962963,4,"Wambo, Queensland, Australia",AS,AS04,154700,-26.8667,150.467,-1607591,4,"Wambo, Queensland, Australia",AS,AS04,154700,-26.8667,150.467,-1607591,4,"Wambo, Queensland, Australia",AS,AS04,154700,-26.8667,150.467,-1607591,20260803080000,https://www.gloucesteradvocate.com.au/story/9322922/worker-killed-at-hunter-mine-site/
1316555445,20260803,202608,2026,2026.5836,CVL,VILLAGE,,,,,,CVL,,,BUS,BANK,,,,,,BUS,,,1,042,042,04,1,1.9,10,1,10,-0.65645514223195,4,"Kolkata, West Bengal, India",IN,IN28,70294,22.5697,88.3697,-2092511,4,"Kolkata, West Bengal, India",IN,IN28,70294,22.5697,88.3697,-2092511,4,"Kolkata, West Bengal, India",IN,IN28,70294,22.5697,88.3697,-2092511,20260803080000,https://economictimes.indiatimes.com/news/new-updates/pnb-credits-rs-100-crore-in-a-west-bengal-womans-account-instead-of-lpg-subsidy-leaving-her-in-shock/articleshow/132822299.cms
1316555446,20260803,202608,2026,2026.5836,CVL,HUNTER,,,,,,CVL,,,LAB,WORKER,,,,,,LAB,,,0,020,020,02,1,3.0,10,1,10,-1.62962962962963,4,"Wambo, Queensland, Australia",AS,AS04,154700,-26.8667,150.467,-1607591,4,"Wambo, Queensland, Australia",AS,AS04,154700,-26.8667,150.467,-1607591,4,"Wambo, Queensland, Australia",AS,AS04,154700,-26.8667,150.467,-1607591,20260803080000,https://www.gloucesteradvocate.com.au/story/9322922/worker-killed-at-hunter-mine-site/
1316555447,20260803,202608,2026,2026.5836,CVL,VOTER,,,,,,CVL,,,LEG,LEGISLATIVE ASSEMBLY,,,,,,LEG,,,1,014,014,01,1,0.0,2,1,2,-2.02702702702703,4,"Muzaffarabad, Punjab, Pakistan",PK,PK04,23670,30.1338,71.3685,-2762834,4,"Neelum, Azad Kashmir, Pakistan",PK,PK06,40418,34.9192,74.43,10804332,4,"Muzaffarabad, Punjab, Pakistan",PK,PK04,23670,30.1338,71.3685,-2762834,20260803080000,https://www.geo.tv/latest/675885-pml-n-leads-ajk-second-phase-elections-with-13-seats-ppp-secures-five
1316555448,20260803,202608,2026,2026.5836,CVL,VOTER,,,,,,CVL,,,LEG,LEGISLATIVE ASSEMBLY,,,,,,LEG,,,1,014,014,01,1,0.0,8,1,8,-2.02702702702703,4,"Neelum, Azad Kashmir, Pakistan",PK,PK06,40418,34.9192,74.43,10804332,4,"Neelum, Azad Kashmir, Pakistan",PK,PK06,40418,34.9192,74.43,10804332,4,"Neelum, Azad Kashmir, Pakistan",PK,PK06,40418,34.9192,74.43,10804332,20260803080000,https://www.geo.tv/latest/675885-pml-n-leads-ajk-second-phase-elections-with-13-seats-ppp-secures-five
1316555449,20260803,202608,2026,2026.5836,CVL,RESIDENTS,,,,,,CVL,,,USA,MICHIGAN,USA,,,,,,,,1,036,036,03,1,4.0,2,1,2,-2.69541778975741,4,"Essex, Ontario, Canada",CA,CA08,12649,42.1667,-82.8167,-564336,4,"Essex, Ontario, Canada",CA,CA08,12649,42.1667,-82.8167,-564336,4,"Essex, Ontario, Canada",CA,CA08,12649,42.1667,-82.8167,-564336,20260803080000,https://www.insidehalton.com/news/windsor-ontario-cyclosporiasis-increase/article_ad5bae65-0adb-5116-bb61-6d56dd332dfe.html
1316555450,20260803,202608,2026,2026.5836,CVLBUS,COMMUNITY,,,,,,CVL,BUS,,RUSBUS,RUSSIA,RUS,,,,,BUS,,,0,040,040,04,1,1.0,10,1,10,-7.1870170015456,4,"Kremlin, Moskva, Russia",RS,RS48,25106,55.7522,37.6156,-2960561,4,"Kremlin, Moskva, Russia",RS,RS48,25106,55.7522,37.6156,-2960561,4,"Kremlin, Moskva, Russia",RS,RS48,25106,55.7522,37.6156,-2960561,20260803080000,https://www.wsws.org/en/articles/2026/08/03/rdhv-a03.html
1316555451,20260803,202608,2026,2026.5836,DEU,GERMANY,DEU,,,,,,,,,,,,,,,,,,1,070,070,07,2,7.0,3,1,3,-0.38461538461539,1,Germany,GM,GM,,51.5,10.5,GM,0,,,,,,,,1,Germany,GM,GM,,51.5,10.5,GM,20260803080000,https://www.wsws.org/en/articles/2026/08/03/lgxn-a03.html
1316555452,20260803,202608,2026,2026.5836,DEU,GERMANY,DEU,,,,,,,,,,,,,,,,,,1,070,070,07,2,7.0,7,1,7,-0.38461538461539,2,"New York, United States",US,USNY,,42.1497,-74.9384,NY,0,,,,,,,,2,"New York, United States",US,USNY,,42.1497,-74.9384,NY,20260803080000,https://www.wsws.org/en/articles/2026/08/03/lgxn-a03.html
1316555453,20260803,202608,2026,2026.5836,DNK,DENMARK,DNK,,,,,,,,,,,,,,,,,,0,020,020,02,1,3.0,8,1,8,-7.89968652037617,1,Denmark,DA,DA,,56,10,DA,0,,,,,,,,4,"Melilla, Calabria, Italy",IT,IT03,18324,39.1167,16.3667,-121513,20260803080000,https://www.wsws.org/en/articles/2026/08/03/isbz-a03.html
1316555454,20260803,202608,2026,2026.5836,DNK,DENMARK,DNK,,,,,,,,,,,,,,,,,,0,190,190,19,4,-10.0,5,1,5,-5.74850299401198,3,"Winooski, Vermont, United States",US,USVT,VT007,44.4914,-73.1857,1460302,0,,,,,,,,3,"Winooski, Vermont, United States",US,USVT,VT007,44.4914,-73.1857,1460302,20260803080000,https://listverse.com/2016/11/06/10-mysterious-watery-graves/
1316555455,20260803,202608,2026,2026.5836,DOM,DOMINICAN,DOM,,,,,,,,ITA,ROME,ITA,,,,,,,,0,020,020,02,1,3.0,6,1,6,4.99040307101728,4,"Rome, Lazio, Italy",IT,IT07,18350,41.9,12.4833,-126693,4,"Rome, Lazio, Italy",IT,IT07,18350,41.9,12.4833,-126693,4,"Rome, Lazio, Italy",IT,IT07,18350,41.9,12.4833,-126693,20260803080000,https://www.rvasia.org/asian-news/global-webinar-explores-pope-leo-xivs-magnifica-humanitas-draws-700-participants
1316555456,20260803,202608,2026,2026.5836,DOM,DOMINICAN,DOM,,,,,,,,PHL,PHILIPPINE,PHL,,,,,,,,0,051,051,05,1,3.4,5,1,5,4.99040307101728,1,Philippines,RP,RP,,13,122,RP,1,Philippines,RP,RP,,13,122,RP,1,Philippines,RP,RP,,13,122,RP,20260803080000,https://www.rvasia.org/asian-news/global-webinar-explores-pope-leo-xivs-magnifica-humanitas-draws-700-participants
1316555457,20260803,202608,2026,2026.5836,EDU,ECONOMIST,,,,,,EDU,,,,,,,,,,,,,0,010,010,01,1,0.0,6,1,6,-7.1870170015456,4,"Kremlin, Moskva, Russia",RS,RS48,25106,55.7522,37.6156,-2960561,0,,,,,,,,4,"Kremlin, Moskva, Russia",RS,RS48,25106,55.7522,37.6156,-2960561,20260803080000,https://www.wsws.org/en/articles/2026/08/03/rdhv-a03.html
1316555458,20260803,202608,2026,2026.5836,EDU,SCHOOL,,,,,,EDU,,,,,,,,,,,,,1,023,023,02,1,3.4,10,1,10,-1.02986611740474,4,"Sydney, New South Wales, Australia",AS,AS02,154637,-33.8833,151.217,-1603135,0,,,,,,,,4,"Sydney, New South Wales, Australia",AS,AS02,154637,-33.8833,151.217,-1603135,20260803080000,https://www.hindustantimes.com/world-news/us-news/from-flushing-our-toilets-to-building-new-schools-this-is-why-filling-in-your-census-form-matters-101785742328205.html
1316555459,20260803,202608,2026,2026.5836,EDU,UNIVERSITY,,,,,,EDU,,,,,,,,,,,,,1,043,043,04,1,2.8,4,1,4,0.24875621890547,4,"Bhubaneswar, Orissa, India",IN,IN21,70219,20.2333,85.8333,-2091695,0,,,,,,,,4,"Cuttack, Orissa, India",IN,IN21,17810,20.5,85.8333,-2093740,20260803080000,http://www.rozanaspokesman.com/news/nation/030826/president-droupadi-murmu-arrives-in-odisha-today-for-3-day-visit-to-cu.html
1316555460,20260803,202608,2026,2026.5836,EDU,UNIVERSITY,,,,,,EDU,,,,,,,,,,,,,1,043,043,04,1,2.8,1,1,1,0.24875621890547,4,"Bhubaneswar, Orissa, India",IN,IN21,70219,20.2333,85.8333,-2091695,0,,,,,,,,5,"Odisha, Orissa, India",IN,IN21,70217,20.5,84.4167,-2106554,20260803080000,http://www.rozanaspokesman.com/news/nation/030826/president-droupadi-murmu-arrives-in-odisha-today-for-3-day-visit-to-cu.html
1316555461,20260803,202608,2026,2026.5836,EDU,UNIVERSITY,,,,,,EDU,,,,,,,,,,,,,1,043,043,04,1,2.8,3,1,3,0.24875621890547,4,"Cuttack, Orissa, India",IN,IN21,17810,20.5,85.8333,-2093740,0,,,,,,,,4,"Cuttack, Orissa, India",IN,IN21,17810,20.5,85.8333,-2093740,20260803080000,http://www.rozanaspokesman.com/news/nation/030826/president-droupadi-murmu-arrives-in-odisha-today-for-3-day-visit-to-cu.html
1316555462,20260803,202608,2026,2026.5836,EDU,SCHOOL,,,,,,EDU,,,,,,,,,,,,,1,073,073,07,2,7.4,5,1,5,8.88888888888884,0,,,,,,,,0,,,,,,,,0,,,,,,,,20260803080000,http://www.greenevillesun.com/news/local_news/greene-county-thrives-hosts-annual-prevention-pool-party/article_75373495-4e79-458d-8101-a60d3fd1ed23.html
1316555463,20260803,202608,2026,2026.5836,EDU,ECONOMIST,,,,,,EDU,,,,,,,,,,,,,0,080,080,08,2,5.0,10,1,10,-7.1870170015456,4,"Kremlin, Moskva, Russia",RS,RS48,25106,55.7522,37.6156,-2960561,0,,,,,,,,4,"Kremlin, Moskva, Russia",RS,RS48,25106,55.7522,37.6156,-2960561,20260803080000,https://www.wsws.org/en/articles/2026/08/03/rdhv-a03.html
1316555464,20260803,202608,2026,2026.5836,EDU,SCHOOL,,,,,,EDU,,,,,,,,,,,,,1,0874,087,08,2,10.0,10,1,10,-0.10504201680672,1,United Kingdom,UK,UK,,54,-4,UK,0,,,,,,,,1,United Kingdom,UK,UK,,54,-4,UK,20260803080000,https://www.newsweek.com/my-healthy-mom-was-told-it-might-be-menopause-the-truth-changed-it-all-12268370
1316555465,20260803,202608,2026,2026.5836,EDU,UNIVERSITY,,,,,,EDU,,,GBR,LONDON,GBR,,,,,,,,1,010,010,01,1,0.0,7,1,7,-2.12765957446808,4,"London, London, City of, United Kingdom",UK,UKH9,40110,51.5,-0.116667,-2601889,4,"London, London, City of, United Kingdom",UK,UKH9,40110,51.5,-0.116667,-2601889,4,"London, London, City of, United Kingdom",UK,UKH9,40110,51.5,-0.116667,-2601889,20260803080000,https://www.newsweek.com/neuroscientist-why-brains-need-feel-safe-better-sleep-12258564
1316555466,20260803,202608,2026,2026.5836,EDU,UNIVERSITY,,,,,,EDU,,,ISR,ISRAELI,ISR,,,,,,,,0,114,114,11,3,-2.0,2,1,2,-6.39300134589502,4,"Gaza, Israel (general), Israel",IS,IS00,18315,31.4167,34.3333,-797156,4,"Gaza, Israel (general), Israel",IS,IS00,18315,31.4167,34.3333,-797156,3,"Columbia University, New York, United States",US,USNY,,40.809,-73.9613,947193,20260803080000,https://www.wsws.org/en/articles/2026/08/03/gnyj-a03.html
1316555467,20260803,202608,2026,2026.5836,EDU,UNIVERSITY,,,,,,EDU,,,ISR,ISRAELI,ISR,,,,,,,,0,114,114,11,3,-2.0,4,1,4,-6.39300134589502,3,"Columbia University, New York, United States",US,USNY,NY061,40.809,-73.9613,947193,4,"Gaza, Israel (general), Israel",IS,IS00,18315,31.4167,34.3333,-797156,4,"Gaza, Israel (general), Israel",IS,IS00,18315,31.4167,34.3333,-797156,20260803080000,https://www.wsws.org/en/articles/2026/08/03/gnyj-a03.html
1316555468,20260803,202608,2026,2026.5836,EDU,ECONOMIST,,,,,,EDU,,,RUS,RUSSIA,RUS,,,,,,,,0,010,010,01,1,0.0,4,1,4,-7.1870170015456,4,"Kremlin, Moskva, Russia",RS,RS48,25106,55.7522,37.6156,-2960561,4,"Kremlin, Moskva, Russia",RS,RS48,25106,55.7522,37.6156,-2960561,4,"Kremlin, Moskva, Russia",RS,RS48,25106,55.7522,37.6156,-2960561,20260803080000,https://www.wsws.org/en/articles/2026/08/03/rdhv-a03.html
1316555469,20260803,202608,2026,2026.5836,EDU,STUDENT,,,,,,EDU,,,USA,THE US,USA,,,,,,,,1,051,051,05,1,3.4,3,1,3,1.67910447761194,2,"Oregon, United States",US,USOR,,44.5672,-122.127,OR,2,"Oregon, United States",US,USOR,,44.5672,-122.127,OR,2,"Oregon, United States",US,USOR,,44.5672,-122.127,OR,20260803080000,https://economictimes.indiatimes.com/news/new-updates/this-13-year-old-teen-in-oregon-has-invented-a-device-that-could-solve-one-of-the-biggest-problems-facing-farmers-and-food-security/articleshow/132822188.cms
1316555470,20260803,202608,2026,2026.5836,EGY,EGYPT,EGY,,,,,,,,NGOHRIAMN,AMNESTY INTERNATIONAL,,AMN,,,,NGO,HRI,,0,042,042,04,1,1.9,5,1,5,-7.89968652037617,4,"Cairo, Al Qahirah, Egypt",EG,EG11,65350,30.05,31.25,-290692,4,"Cairo, Al Qahirah, Egypt",EG,EG11,65350,30.05,31.25,-290692,4,"Cairo, Al Qahirah, Egypt",EG,EG11,65350,30.05,31.25,-290692,20260803080000,https://www.wsws.org/en/articles/2026/08/03/isbz-a03.html
1316555471,20260803,202608,2026,2026.5836,EGY,EGYPT,EGY,,,,,,,,SDN,SUDAN,SDN,,,,,,,,0,043,043,04,1,2.8,5,1,5,-7.89968652037617,4,"Cairo, Al Qahirah, Egypt",EG,EG11,65350,30.05,31.25,-290692,4,"Cairo, Al Qahirah, Egypt",EG,EG11,65350,30.05,31.25,-290692,4,"Cairo, Al Qahirah, Egypt",EG,EG11,65350,30.05,31.25,-290692,20260803080000,https://www.wsws.org/en/articles/2026/08/03/isbz-a03.html
1316555472,20260803,202608,2026,2026.5836,ELI,ACTOR,,,,,,ELI,,,,,,,,,,,,,1,043,043,04,1,2.8,2,1,2,4.05117270788913,1,Hong Kong,HK,HK,,22.25,114.166667,HK,0,,,,,,,,1,Hong Kong,HK,HK,,22.25,114.166667,HK,20260803080000,https://www.straitstimes.com/life/entertainment/hong-kong-based-celebrity-couple-mat-yeung-and-lisa-chng-tie-the-knot-in-malaysia
1316555473,20260803,202608,2026,2026.5836,ELI,ACTOR,,,,,,ELI,,,,,,,,,,,,,1,043,043,04,1,2.8,8,1,8,4.05117270788913,1,South Korea,KS,KS,,37,127.5,KS,0,,,,,,,,1,South Korea,KS,KS,,37,127.5,KS,20260803080000,https://www.straitstimes.com/life/entertainment/hong-kong-based-celebrity-couple-mat-yeung-and-lisa-chng-tie-the-knot-in-malaysia
1316555474,20260803,202608,2026,2026.5836,ELIMIL,RETIRED,,,,,,ELI,MIL,,MIL,NAVY,,,,,,MIL,,,0,014,014,01,1,0.0,2,1,2,-2.28310502283106,4,"English Channel, United Kingdom (general), United Kingdom",UK,UK00,154724,54.5833,-3.68333,-2595622,4,"English Channel, United Kingdom (general), United Kingdom",UK,UK00,154724,54.5833,-3.68333,-2595622,4,"English Channel, United Kingdom (general), United Kingdom",UK,UK00,154724,54.5833,-3.68333,-2595622,20260803080000,https://www.huffingtonpost.co.uk/entry/former-navy-commander-monsters-reform_uk_6a703700e4b03026f4f03430
1316555475,20260803,202608,2026,2026.5836,ELIMIL,RETIRED,,,,,,ELI,MIL,,MIL,NAVY,,,,,,MIL,,,0,014,014,01,1,0.0,8,1,8,-2.28310502283106,4,"English Channel, United Kingdom (general), United Kingdom",UK,UK00,154724,54.5833,-3.68333,-2595622,1,France,FR,FR,,46,2,FR,4,"English Channel, United Kingdom (general), United Kingdom",UK,UK00,154724,54.5833,-3.68333,-2595622,20260803080000,https://www.huffingtonpost.co.uk/entry/former-navy-commander-monsters-reform_uk_6a703700e4b03026f4f03430
1316555476,20260803,202608,2026,2026.5836,ESP,SPAIN,ESP,,,,,,,,,,,,,,,,,,0,020,020,02,1,3.0,10,1,10,-5.621925509487,4,"Melilla, Spain (general), Spain",SP,SP00,25821,35.2839,-2.94307,-391809,0,,,,,,,,4,"Melilla, Spain (general), Spain",SP,SP00,25821,35.2839,-2.94307,-391809,20260803080000,https://www.middle-east-online.com/en/spanish-media-revisit-ceuta-crisis-see-morocco-key-security-partner
1316555477,20260803,202608,2026,2026.5836,ESP,SPAIN,ESP,,,,,,,,,,,,,,,,,,0,020,020,02,1,3.0,2,1,2,-1.55697098372258,1,Spain,SP,SP,,40,-4,SP,0,,,,,,,,3,"Pima County, Arizona, United States",US,USAZ,,32.0004,-112.003,25446,20260803080000,https://www.newsweek.com/nancy-guthrie-four-questions-that-remain-after-notes-released-12275263
1316555478,20260803,202608,2026,2026.5836,ESP,SPAIN,ESP,,,,,,,,,,,,,,,,,,0,042,042,04,1,1.9,1,1,1,1.48601398601399,4,"Santiago, Regióetropolitana, Chile",CI,CI12,22379,-33.45,-70.6667,-901202,0,,,,,,,,4,"Santiago, Regióetropolitana, Chile",CI,CI12,22379,-33.45,-70.6667,-901202,20260803080000,https://angelusnews.com/faith/cerny-camino-de-santiago-pope/
1316555479,20260803,202608,2026,2026.5836,ESP,SPAIN,ESP,,,,,,,,,,,,,,,,,,0,110,110,11,3,-2.0,2,1,2,-1.55697098372258,1,Spain,SP,SP,,40,-4,SP,0,,,,,,,,3,"Pima County, Arizona, United States",US,USAZ,,32.0004,-112.003,25446,20260803080000,https://www.newsweek.com/nancy-guthrie-four-questions-that-remain-after-notes-released-12275263
1316555480,20260803,202608,2026,2026.5836,ESP,SPAIN,ESP,,,,,,,,CRM,SMUGGLER,,,,,,CRM,,,0,112,112,11,3,-2.0,2,1,2,-7.89968652037617,4,"Madrid, Madrid, Spain",SP,SP29,25820,40.4,-3.68333,-390625,4,"Melilla, Calabria, Italy",IT,IT03,18324,39.1167,16.3667,-121513,4,"Melilla, Calabria, Italy",IT,IT03,18324,39.1167,16.3667,-121513,20260803080000,https://www.wsws.org/en/articles/2026/08/03/isbz-a03.html
1316555481,20260803,202608,2026,2026.5836,ESP,SPAIN,ESP,,,,,,,,CRM,SMUGGLER,,,,,,CRM,,,0,112,112,11,3,-2.0,2,1,2,-7.89968652037617,4,"Madrid, Madrid, Spain",SP,SP29,25820,40.4,-3.68333,-390625,4,"Madrid, Madrid, Spain",SP,SP29,25820,40.4,-3.68333,-390625,4,"Madrid, Madrid, Spain",SP,SP29,25820,40.4,-3.68333,-390625,20260803080000,https://www.wsws.org/en/articles/2026/08/03/isbz-a03.html
1316555482,20260803,202608,2026,2026.5836,ESP,SPANISH,ESP,,,,,,,,ESPMED,SPAIN,ESP,,,,,MED,,,0,020,020,02,1,3.0,4,1,4,-5.621925509487,4,"Rabat, Rabat-Saléemmour-ZaëMO, Morocco",MO,MO49,21812,34.02,-6.83,-43376,4,"Rabat, Rabat-Saléemmour-ZaëMO, Morocco",MO,MO49,21812,34.02,-6.83,-43376,4,"Rabat, Rabat-Saléemmour-ZaëMO, Morocco",MO,MO49,21812,34.02,-6.83,-43376,20260803080000,https://www.middle-east-online.com/en/spanish-media-revisit-ceuta-crisis-see-morocco-key-security-partner
1316555483,20260803,202608,2026,2026.5836,ESP,SPANISH,ESP,,,,,,,,MAR,MOROCCO,MAR,,,,,,,,0,010,010,01,1,0.0,1,1,1,-5.621925509487,4,"Melilla, Spain (general), Spain",SP,SP00,25821,35.2839,-2.94307,-391809,4,"Melilla, Spain (general), Spain",SP,SP00,25821,35.2839,-2.94307,-391809,4,"Melilla, Spain (general), Spain",SP,SP00,25821,35.2839,-2.94307,-391809,20260803080000,https://www.middle-east-online.com/en/spanish-media-revisit-ceuta-crisis-see-morocco-key-security-partner
1316555484,20260803,202608,2026,2026.5836,ESP,SPANISH,ESP,,,,,,,,MAR,MOROCCO,MAR,,,,,,,,0,010,010,01,1,0.0,1,1,1,-5.621925509487,4,"Melilla, Spain (general), Spain",SP,SP00,25821,35.2839,-2.94307,-391809,4,"Rabat, Rabat-Saléemmour-ZaëMO, Morocco",MO,MO49,21812,34.02,-6.83,-43376,4,"Melilla, Spain (general), Spain",SP,SP00,25821,35.2839,-2.94307,-391809,20260803080000,https://www.middle-east-online.com/en/spanish-media-revisit-ceuta-crisis-see-morocco-key-security-partner
1316555485,20260803,202608,2026,2026.5836,ESP,SPANISH,ESP,,,,,,,,MAR,MOROCCO,MAR,,,,,,,,1,042,042,04,1,1.9,5,1,5,-7.89968652037617,1,Ukraine,UP,UP,,49,32,UP,1,Ukraine,UP,UP,,49,32,UP,1,Ukraine,UP,UP,,49,32,UP,20260803080000,https://www.wsws.org/en/articles/2026/08/03/isbz-a03.html
1316555486,20260803,202608,2026,2026.5836,ESPMED,SPANISH,ESP,,,,,MED,,,,,,,,,,,,,0,020,020,02,1,3.0,6,1,6,-5.621925509487,4,"Rabat, Rabat-Saléemmour-ZaëMO, Morocco",MO,MO49,21812,34.02,-6.83,-43376,0,,,,,,,,4,"Rabat, Rabat-Saléemmour-ZaëMO, Morocco",MO,MO49,21812,34.02,-6.83,-43376,20260803080000,https://www.middle-east-online.com/en/spanish-media-revisit-ceuta-crisis-see-morocco-key-security-partner
1316555487,20260803,202608,2026,2026.5836,EUR,EUROPE,EUR,,,,,,,,,,,,,,,,,,1,043,043,04,1,2.8,3,1,3,0,1,Mali,ML,ML,,17,-4,ML,0,,,,,,,,1,Mali,ML,ML,,17,-4,ML,20260803080000,https://www.wpr.org/shows/chapter-a-day/the-bad-ass-librarians-of-timbuktu-6-of-10-international-attention
1316555488,20260803,202608,2026,2026.5836,EUR,EUROPE,EUR,,,,,,,,CVL,IMMIGRANT,,,,,,CVL,,,0,1711,171,17,4,-9.2,10,1,10,-7.89968652037617,4,"Canary Islands, Spain (general), Spain",SP,SP00,25789,28,-15.5,-375618,4,"Canary Islands, Spain (general), Spain",SP,SP00,25789,28,-15.5,-375618,4,"Canary Islands, Spain (general), Spain",SP,SP00,25789,28,-15.5,-375618,20260803080000,https://www.wsws.org/en/articles/2026/08/03/isbz-a03.html
1316555489,20260803,202608,2026,2026.5836,EUR,EUROPE,EUR,,,,,,,,MLI,MALI,MLI,,,,,,,,1,043,043,04,1,2.8,2,1,2,0,1,Mali,ML,ML,,17,-4,ML,1,Mali,ML,ML,,17,-4,ML,1,Mali,ML,ML,,17,-4,ML,20260803080000,https://www.wpr.org/shows/chapter-a-day/the-bad-ass-librarians-of-timbuktu-6-of-10-international-attention
1316555490,20260803,202608,2026,2026.5836,EURMED,EUROPEAN,EUR,,,,,MED,,,AFR,AFRICA,AFR,,,,,,,,0,182,182,18,4,-9.5,4,1,4,-7.89968652037617,1,Guinea,GV,GV,,11,-10,GV,1,Mauritania,MR,MR,,20,-12,MR,1,Mauritania,MR,MR,,20,-12,MR,20260803080000,https://www.wsws.org/en/articles/2026/08/03/isbz-a03.html
1316555491,20260803,202608,2026,2026.5836,EURMED,EUROPEAN,EUR,,,,,MED,,,AFR,AFRICA,AFR,,,,,,,,0,182,182,18,4,-9.5,1,1,1,-7.89968652037617,1,Mauritania,MR,MR,,20,-12,MR,1,Mauritania,MR,MR,,20,-12,MR,1,Mauritania,MR,MR,,20,-12,MR,20260803080000,https://www.wsws.org/en/articles/2026/08/03/isbz-a03.html
1316555492,20260803,202608,2026,2026.5836,EURMED,EUROPEAN,EUR,,,,,MED,,,AFR,AFRICA,AFR,,,,,,,,0,182,182,18,4,-9.5,5,1,5,-7.89968652037617,1,Ukraine,UP,UP,,49,32,UP,1,Ukraine,UP,UP,,49,32,UP,1,Ukraine,UP,UP,,49,32,UP,20260803080000,https://www.wsws.org/en/articles/2026/08/03/isbz-a03.html
1316555493,20260803,202608,2026,2026.5836,GBR,UNITED KINGDOM,GBR,,,,,,,,,,,,,,,,,,1,040,040,04,1,1.0,3,1,3,0.89186176142698,4,"Highbury, Islington, United Kingdom",UK,UKG3,40110,51.55,-0.1,-2598646,0,,,,,,,,4,"Highbury, Islington, United Kingdom",UK,UKG3,40110,51.55,-0.1,-2598646,20260803080000,https://www.romfordrecorder.co.uk/news/26427652.suzanne-lawrence-missing-appeal---interview-detective/
1316555494,20260803,202608,2026,2026.5836,GBR,UNITED KINGDOM,GBR,,,,,,,,,,,,,,,,,,0,042,042,04,1,1.9,1,1,1,0,1,United Kingdom,UK,UK,,54,-4,UK,0,,,,,,,,1,India,IN,IN,,20,77,IN,20260803080000,https://www.yahoo.com/news/world/articles/detained-suu-kyi-meets-red-054111633.html
1316555495,20260803,202608,2026,2026.5836,GBR,BRITISH,GBR,,,,,,,,BUS,BUSINESS,,,,,,BUS,,,1,020,020,02,1,3.0,10,1,10,-0.0695410292072305,1,United Kingdom,UK,UK,,54,-4,UK,1,United Kingdom,UK,UK,,54,-4,UK,1,United Kingdom,UK,UK,,54,-4,UK,20260803080000,https://www.dailymail.com/money/markets/article-16020013/British-beauty-industry-calls-Burnham-act-business-rates.html
1316555496,20260803,202608,2026,2026.5836,GBR,UNITED KINGDOM,GBR,,,,,,,,GOV,GOVERNMENT,,,,,,GOV,,,0,014,014,01,1,0.0,4,1,4,-0.0695410292072305,1,United Kingdom,UK,UK,,54,-4,UK,1,United Kingdom,UK,UK,,54,-4,UK,1,United Kingdom,UK,UK,,54,-4,UK,20260803080000,https://www.dailymail.com/money/markets/article-16020013/British-beauty-industry-calls-Burnham-act-business-rates.html
1316555497,20260803,202608,2026,2026.5836,GBR,UNITED KINGDOM,GBR,,,,,,,,MMR,MYANMAR,MMR,,,,,,,,1,040,040,04,1,1.0,4,1,4,0,1,United Kingdom,UK,UK,,54,-4,UK,1,United Kingdom,UK,UK,,54,-4,UK,1,United Kingdom,UK,UK,,54,-4,UK,20260803080000,https://www.yahoo.com/news/world/articles/detained-suu-kyi-meets-red-054111633.html
1316555498,20260803,202608,2026,2026.5836,GBR,UNITED KINGDOM,GBR,,,,,,,,NGOHLHIRC,RED CROSS,,IRC,,,,NGO,HLH,,1,040,040,04,1,1.0,4,1,4,0,1,United Kingdom,UK,UK,,54,-4,UK,1,United Kingdom,UK,UK,,54,-4,UK,1,United Kingdom,UK,UK,,54,-4,UK,20260803080000,https://www.yahoo.com/news/world/articles/detained-suu-kyi-meets-red-054111633.html
1316555499,20260803,202608,2026,2026.5836,GBR,UNITED KINGDOM,GBR,,,,,,,,THA,THAILAND,THA,,,,,,,,0,036,036,03,1,4.0,1,1,1,0,1,United Kingdom,UK,UK,,54,-4,UK,4,"Bangkok, Krung Thep Mahanakhon, Thailand",TH,TH40,26423,13.75,100.517,-3250083,4,"Bangkok, Krung Thep Mahanakhon, Thailand",TH,TH40,26423,13.75,100.517,-3250083,20260803080000,https://www.yahoo.com/news/world/articles/detained-suu-kyi-meets-red-054111633.html
1316555500,20260803,202608,2026,2026.5836,GBR,UNITED KINGDOM,GBR,,,,,,,,THA,THAILAND,THA,,,,,,,,0,036,036,03,1,4.0,1,1,1,0,1,United Kingdom,UK,UK,,54,-4,UK,1,United Kingdom,UK,UK,,54,-4,UK,4,"Bangkok, Krung Thep Mahanakhon, Thailand",TH,TH40,26423,13.75,100.517,-3250083,20260803080000,https://www.yahoo.com/news/world/articles/detained-suu-kyi-meets-red-054111633.html
1316555501,20260803,202608,2026,2026.5836,GBR,UNITED KINGDOM,GBR,,,,,,,,scoLEG,SCOTTISH,,,sco,,,LEG,,,0,051,051,05,1,3.4,28,7,28,2.24438902743142,4,"Glasgow, Glasgow City, United Kingdom",UK,UKV2,40176,55.8333,-4.25,-2597039,4,"Glasgow, Glasgow City, United Kingdom",UK,UKV2,40176,55.8333,-4.25,-2597039,4,"Glasgow, Glasgow City, United Kingdom",UK,UKV2,40176,55.8333,-4.25,-2597039,20260803080000,https://www.asianimage.co.uk/news/national/26430264.nominations-open-contest-succeed-anas-sarwar-scottish-labour-leader/
1316555502,20260803,202608,2026,2026.5836,GOV,GOVERNMENT,,,,,,GOV,,,,,,,,,,,,,0,010,010,01,1,0.0,5,1,5,1.32978723404255,2,"Indiana, United States",US,USIN,,39.8647,-86.2604,IN,0,,,,,,,,2,"Indiana, United States",US,USIN,,39.8647,-86.2604,IN,20260803080000,https://wowo.com/indiana-state-agencies-expand-use-of-artificial-intelligence-for-police-legal-and-public-services/
1316555503,20260803,202608,2026,2026.5836,GOV,PRIME MINISTER,,,,,,GOV,,,,,,,,,,,,,1,010,010,01,1,0.0,10,1,10,-0.48780487804878,1,Singapore,SN,SN,,1.366667,103.8,SN,0,,,,,,,,1,Singapore,SN,SN,,1.366667,103.8,SN,20260803080000,https://www.straitstimes.com/singapore/pm-wong-to-deliver-national-day-message-on-aug-8-2026
1316555504,20260803,202608,2026,2026.5836,GOV,MINIST,,,,,,GOV,,,,,,,,,,,,,1,013,013,01,1,0.4,4,1,4,0.31347962382445,4,"Sonepur, Orissa, India",IN,IN21,70225,20.8333,83.9167,-2111843,0,,,,,,,,4,"Sonepur, Orissa, India",IN,IN21,70225,20.8333,83.9167,-2111843,20260803080000,https://www.businesstoday.in/india/story/bad-news-for-bjp-prashant-kishor-widens-lead-in-bankipur-bypoll-546814-2026-08-03
1316555505,20260803,202608,2026,2026.5836,GOV,PRESIDENT,,,,,,GOV,,,,,,,,,,,,,1,017,017,01,1,0.0,1,1,1,0.31347962382445,4,"Sonepur, Orissa, India",IN,IN21,70225,20.8333,83.9167,-2111843,0,,,,,,,,4,"Sonepur, Orissa, India",IN,IN21,70225,20.8333,83.9167,-2111843,20260803080000,https://www.businesstoday.in/india/story/bad-news-for-bjp-prashant-kishor-widens-lead-in-bankipur-bypoll-546814-2026-08-03
1316555506,20260803,202608,2026,2026.5836,GOV,PRESIDENT,,,,,,GOV,,,,,,,,,,,,,0,020,020,02,1,3.0,6,1,6,-3.44827586206897,2,"Illinois, United States",US,USIL,,40.3363,-89.0022,IL,0,,,,,,,,2,"Illinois, United States",US,USIL,,40.3363,-89.0022,IL,20260803080000,https://www.wsws.org/en/articles/2026/08/03/hxlk-a03.html
1316555507,20260803,202608,2026,2026.5836,GOV,ATTORNEY GENERAL,,,,,,GOV,,,,,,,,,,,,,0,030,030,03,1,4.0,4,1,4,-6.24327233584499,2,"Texas, United States",US,USTX,,31.106,-97.6475,TX,0,,,,,,,,2,"Texas, United States",US,USTX,,31.106,-97.6475,TX,20260803080000,https://www.wsws.org/en/articles/2026/08/03/kwxg-a03.html
1316555508,20260803,202608,2026,2026.5836,GOV,PRESIDENT,,,,,,GOV,,,,,,,,,,,,,1,036,036,03,1,4.0,4,1,4,0.24875621890547,4,"Bhubaneswar, Orissa, India",IN,IN21,70219,20.2333,85.8333,-2091695,0,,,,,,,,4,"Bhubaneswar, Orissa, India",IN,IN21,70219,20.2333,85.8333,-2091695,20260803080000,http://www.rozanaspokesman.com/news/nation/030826/president-droupadi-murmu-arrives-in-odisha-today-for-3-day-visit-to-cu.html
1316555509,20260803,202608,2026,2026.5836,GOV,PRESIDENT,,,,,,GOV,,,,,,,,,,,,,0,036,036,03,1,4.0,10,1,10,0.24875621890547,4,"Cuttack, Orissa, India",IN,IN21,17810,20.5,85.8333,-2093740,0,,,,,,,,4,"Cuttack, Orissa, India",IN,IN21,17810,20.5,85.8333,-2093740,20260803080000,http://www.rozanaspokesman.com/news/nation/030826/president-droupadi-murmu-arrives-in-odisha-today-for-3-day-visit-to-cu.html
1316555510,20260803,202608,2026,2026.5836,GOV,PRESIDENT,,,,,,GOV,,,,,,,,,,,,,0,036,036,03,1,4.0,6,1,6,1.85185185185185,4,"Merdeka, Nusa Tenggara Timur, Indonesia",ID,ID18,18585,-9.10583,124.898,8008058,0,,,,,,,,4,"Merdeka, Nusa Tenggara Timur, Indonesia",ID,ID18,18585,-9.10583,124.898,8008058,20260803080000,https://en.antaranews.com/news/425217/indonesian-president-prabowo-to-host-thai-pm-charnvirakul-in-jakarta
1316555511,20260803,202608,2026,2026.5836,GOV,PRESIDENT,,,,,,GOV,,,,,,,,,,,,,0,040,040,04,1,1.0,6,1,6,1.85185185185185,4,"Merdeka, Nusa Tenggara Timur, Indonesia",ID,ID18,18585,-9.10583,124.898,8008058,0,,,,,,,,4,"Merdeka, Nusa Tenggara Timur, Indonesia",ID,ID18,18585,-9.10583,124.898,8008058,20260803080000,https://en.antaranews.com/news/425217/indonesian-president-prabowo-to-host-thai-pm-charnvirakul-in-jakarta
1316555512,20260803,202608,2026,2026.5836,GOV,MINISTRY,,,,,,GOV,,,,,,,,,,,,,0,051,051,05,1,3.4,2,1,2,0.2212389380531,4,"Jakarta, Jakarta Raya, Indonesia",ID,ID04,18585,-6.17444,106.829,-2679652,0,,,,,,,,4,"Antara, Aceh, Indonesia",ID,ID01,18585,3.5292,99.0184,10119106,20260803080000,https://en.antaranews.com/news/425191/minister-champions-equal-access-to-jobs-for-people-with-disabilities
1316555513,20260803,202608,2026,2026.5836,GOV,MINISTRY,,,,,,GOV,,,,,,,,,,,,,0,051,051,05,1,3.4,2,1,2,0.2212389380531,4,"Antara, Aceh, Indonesia",ID,ID01,18585,3.5292,99.0184,10119106,0,,,,,,,,4,"Antara, Aceh, Indonesia",ID,ID01,18585,3.5292,99.0184,10119106,20260803080000,https://en.antaranews.com/news/425191/minister-champions-equal-access-to-jobs-for-people-with-disabilities
1316555514,20260803,202608,2026,2026.5836,GOV,MINIST,,,,,,GOV,,,,,,,,,,,,,0,061,061,06,2,6.4,5,1,5,-1.12044817927171,4,"Antara, Aceh, Indonesia",ID,ID01,18585,3.5292,99.0184,10119106,0,,,,,,,,4,"Antara, Aceh, Indonesia",ID,ID01,18585,3.5292,99.0184,10119106,20260803080000,https://en.antaranews.com/news/425188/indonesia-resumes-mineral-exports-amid-rare-earth-rule-revision
1316555515,20260803,202608,2026,2026.5836,GOV,MINISTRY,,,,,,GOV,,,,,,,,,,,,,1,070,070,07,2,7.0,10,1,10,2.6246719160105,4,"Antara, Aceh, Indonesia",ID,ID01,18585,3.5292,99.0184,10119106,0,,,,,,,,4,"Antara, Aceh, Indonesia",ID,ID01,18585,3.5292,99.0184,10119106,20260803080000,https://en.antaranews.com/news/425224/maganghub-aims-to-curb-youth-unemployment-ministry
1316555516,20260803,202608,2026,2026.5836,GOV,MINISTRY,,,,,,GOV,,,,,,,,,,,,,1,070,070,07,2,7.0,5,1,5,5.33333333333333,1,India,IN,IN,,20,77,IN,0,,,,,,,,1,India,IN,IN,,20,77,IN,20260803080000,https://asianews.network/from-ancient-wisdom-to-artificial-intelligence-indias-traditional-health-care-ministrys-ai-moment-begins/
1316555517,20260803,202608,2026,2026.5836,GOV,GOVERNMENT,,,,,,GOV,,,,,,,,,,,,,0,072,072,07,2,8.3,5,1,5,3.09555854643337,5,"Edo State, Edo, Nigeria",NI,NI37,191281,6.5,6,29623,0,,,,,,,,5,"Edo State, Edo, Nigeria",NI,NI37,191281,6.5,6,29623,20260803080000,https://nigerianobservernews.com/2026/08/economic-benefits-of-governor-okpebholos-shine-beyond-borders-interaction-with-edo-in-diaspora/
1316555518,20260803,202608,2026,2026.5836,GOV,REGULATOR,,,,,,GOV,,,,,,,,,,,,,0,090,090,09,2,-2.0,4,1,4,-4.64601769911504,4,"Curragh, New South Wales, Australia",AS,AS02,5096,-29.7667,145.3,-1568532,0,,,,,,,,4,"Curragh, New South Wales, Australia",AS,AS02,5096,-29.7667,145.3,-1568532,20260803080000,https://www.wsws.org/en/articles/2026/08/03/rnmj-a03.html
1316555519,20260803,202608,2026,2026.5836,GOV,REGULATOR,,,,,,GOV,,,,,,,,,,,,,0,090,090,09,2,-2.0,1,1,1,-4.64601769911504,4,"Peak Downs, Queensland, Australia",AS,AS04,154673,-22.9333,148.083,-1594225,0,,,,,,,,4,"Peak Downs, Queensland, Australia",AS,AS04,154673,-22.9333,148.083,-1594225,20260803080000,https://www.wsws.org/en/articles/2026/08/03/rnmj-a03.html
1316555520,20260803,202608,2026,2026.5836,GOV,AUTHORITIES,,,,,,GOV,,,,,,,,,,,,,1,090,090,09,2,-2.0,2,1,2,-8.50202429149798,3,"Fayetteville, North Carolina, United States",US,USNC,NC051,35.0527,-78.8784,1020226,0,,,,,,,,3,"Fayetteville, North Carolina, United States",US,USNC,NC051,35.0527,-78.8784,1020226,20260803080000,https://wcti12.com/news/local/fentanyl-trafficker-sentenced-to-over-15-years-in-federal-prison
1316555521,20260803,202608,2026,2026.5836,GOV,PRIME MINISTER,,,,,,GOV,,,,,,,,,,,,,0,110,110,11,3,-2.0,3,1,3,-4.79394449116905,4,"Xu-Nan, Jiangsu, China",CH,CH04,13155,33.0409,120.505,10748050,0,,,,,,,,4,"Xu-Nan, Jiangsu, China",CH,CH04,13155,33.0409,120.505,10748050,20260803080000,https://www.wsws.org/en/articles/2026/08/03/lfhz-a03.html
1316555522,20260803,202608,2026,2026.5836,GOV,PRIME MINISTER,,,,,,GOV,,,,,,,,,,,,,0,110,110,11,3,-2.0,3,1,3,-4.79394449116905,1,New Zealand,NZ,NZ,,-42,174,NZ,0,,,,,,,,1,New Zealand,NZ,NZ,,-42,174,NZ,20260803080000,https://www.wsws.org/en/articles/2026/08/03/lfhz-a03.html
1316555523,20260803,202608,2026,2026.5836,GOV,ADMINISTRATION,,,,,,GOV,,,,,,,,,,,,,0,173,173,17,4,-5.0,2,1,2,-6.24327233584499,2,"Texas, United States",US,USTX,,31.106,-97.6475,TX,0,,,,,,,,2,"Texas, United States",US,USTX,,31.106,-97.6475,TX,20260803080000,https://www.wsws.org/en/articles/2026/08/03/kwxg-a03.html
1316555524,20260803,202608,2026,2026.5836,GOV,GOVERNMENT,,,,,,GOV,,,AUSJUD,AUSTRALIA,AUS,,,,,JUD,,,1,040,040,04,1,1.0,2,1,2,-1.75097276264592,4,"Brisbane, Queensland, Australia",AS,AS04,154654,-27.5,153.017,-1561728,4,"Brisbane, Queensland, Australia",AS,AS04,154654,-27.5,153.017,-1561728,4,"Brisbane, Queensland, Australia",AS,AS04,154654,-27.5,153.017,-1561728,20260803080000,https://www.brisbanetimes.com.au/national/queensland/questions-raised-over-laptop-access-for-accused-spies-in-custody-20260803-p60ktt.html
1316555525,20260803,202608,2026,2026.5836,GOV,MINIST,,,,,,GOV,,,BUS,CORPORATION,,,,,,BUS,,,1,040,040,04,1,1.0,5,1,5,-1.28205128205128,0,,,,,,,,0,,,,,,,,0,,,,,,,,20260803080000,https://www.thehindu.com/news/national/andhra-pradesh/include-velama-community-in-obc-list-corporation-chairman-asks-centre/article71300047.ece
1316555526,20260803,202608,2026,2026.5836,GOV,GOVERNMENT,,,,,,GOV,,,BUS,COMPANIES,,,,,,BUS,,,0,100,100,10,3,-5.0,10,1,10,-6.39300134589502,4,"Gaza, Israel (general), Israel",IS,IS00,18315,31.4167,34.3333,-797156,4,"Gaza, Israel (general), Israel",IS,IS00,18315,31.4167,34.3333,-797156,4,"Gaza, Israel (general), Israel",IS,IS00,18315,31.4167,34.3333,-797156,20260803080000,https://www.wsws.org/en/articles/2026/08/03/gnyj-a03.html
1316555527,20260803,202608,2026,2026.5836,GOV,GOVERNMENT,,,,,,GOV,,,BUS,INDUSTRY,,,,,,BUS,,,0,112,112,11,3,-2.0,3,1,3,3.09555854643337,5,"Edo State, Edo, Nigeria",NI,NI37,191281,6.5,6,29623,5,"Edo State, Edo, Nigeria",NI,NI37,191281,6.5,6,29623,5,"Edo State, Edo, Nigeria",NI,NI37,191281,6.5,6,29623,20260803080000,https://nigerianobservernews.com/2026/08/economic-benefits-of-governor-okpebholos-shine-beyond-borders-interaction-with-edo-in-diaspora/
1316555528,20260803,202608,2026,2026.5836,GOV,MINISTRY,,,,,,GOV,,,BUS,TANKER,,,,,,BUS,,,1,173,173,17,4,-5.0,10,1,10,-3.27868852459016,1,Cameroon,CM,CM,,6,12,CM,1,Cameroon,CM,CM,,6,12,CM,1,Cameroon,CM,CM,,6,12,CM,20260803080000,https://www.presstv.co.uk/Detail/2026/08/03/773627/eu-forces-board-sanctioned-russian-shadow-fleet-tanker
1316555529,20260803,202608,2026,2026.5836,GOV,PRIME MINISTER,,,,,,GOV,,,CHN,CHINA,CHN,,,,,,,,0,110,110,11,3,-2.0,2,1,2,-4.79394449116905,4,"Xu-Nan, Jiangsu, China",CH,CH04,13155,33.0409,120.505,10748050,4,"Xu-Nan, Jiangsu, China",CH,CH04,13155,33.0409,120.505,10748050,4,"Xu-Nan, Jiangsu, China",CH,CH04,13155,33.0409,120.505,10748050,20260803080000,https://www.wsws.org/en/articles/2026/08/03/lfhz-a03.html
1316555530,20260803,202608,2026,2026.5836,GOV,PRESIDENT,,,,,,GOV,,,CHR,CHRISTIAN,,,,CHR,,,,,1,040,040,04,1,1.0,10,1,10,-2.39520958083832,1,Nigeria,NI,NI,,10,8,NI,1,Nigeria,NI,NI,,10,8,NI,1,Nigeria,NI,NI,,10,8,NI,20260803080000,https://leadership.ng/northern-christians-back-catholic-bishops-fault-bwala-over-remarks-2/
1316555531,20260803,202608,2026,2026.5836,GOV,PRESIDENT,,,,,,GOV,,,CHRCTH,CATHOLIC BISHOP,,,,CHR,CTH,,,,1,043,043,04,1,2.8,6,1,6,-4.72727272727273,4,"Abuja, Abuja Federal Capital Territory, Nigeria",NI,NI11,191147,9.08333,7.53333,-1997013,4,"Abuja, Abuja Federal Capital Territory, Nigeria",NI,NI11,191147,9.08333,7.53333,-1997013,4,"Abuja, Abuja Federal Capital Territory, Nigeria",NI,NI11,191147,9.08333,7.53333,-1997013,20260803080000,https://www.nigerianeye.com/2026/08/politicians-misleading-tinubu-not.html
1316555532,20260803,202608,2026,2026.5836,GOV,GOVERNMENT,,,,,,GOV,,,COP,POLICE,,,,,,COP,,,0,020,020,02,1,3.0,2,1,2,-3.37078651685393,5,"Tamil Nadu, Tamil Nadu, India",IN,IN25,70248,11,78,-2112557,5,"Tamil Nadu, Tamil Nadu, India",IN,IN25,70248,11,78,-2112557,5,"Tamil Nadu, Tamil Nadu, India",IN,IN25,70248,11,78,-2112557,20260803080000,https://www.hindustantimes.com/cities/pmk-urges-tn-govt-to-settle-long-pending-police-grievances-101785742203091.html
1316555533,20260803,202608,2026,2026.5836,GOV,MINIST,,,,,,GOV,,,CVL,VILLAGE,,,,,,CVL,,,1,010,010,01,1,0.0,3,1,3,7.12166172106825,5,"Central Java, Jawa Tengah, Indonesia",ID,ID07,18585,-7.5,110,-2679924,4,"Antara, Aceh, Indonesia",ID,ID01,18585,3.5292,99.0184,10119106,4,"Antara, Aceh, Indonesia",ID,ID01,18585,3.5292,99.0184,10119106,20260803080000,https://en.antaranews.com/news/425185/indonesia-expands-aquaculture-to-supply-free-meals-program
1316555534,20260803,202608,2026,2026.5836,GOV,MINIST,,,,,,GOV,,,CVL,VILLAGE,,,,,,CVL,,,1,010,010,01,1,0.0,1,1,1,7.12166172106825,4,"Antara, Aceh, Indonesia",ID,ID01,18585,3.5292,99.0184,10119106,4,"Antara, Aceh, Indonesia",ID,ID01,18585,3.5292,99.0184,10119106,4,"Antara, Aceh, Indonesia",ID,ID01,18585,3.5292,99.0184,10119106,20260803080000,https://en.antaranews.com/news/425185/indonesia-expands-aquaculture-to-supply-free-meals-program
1316555535,20260803,202608,2026,2026.5836,GOV,MINIST,,,,,,GOV,,,CVL,COMMUNITY,,,,,,CVL,,,1,020,020,02,1,3.0,10,1,10,6.80473372781065,4,"Antara, Aceh, Indonesia",ID,ID01,18585,3.5292,99.0184,10119106,4,"Antara, Aceh, Indonesia",ID,ID01,18585,3.5292,99.0184,10119106,4,"Antara, Aceh, Indonesia",ID,ID01,18585,3.5292,99.0184,10119106,20260803080000,https://en.antaranews.com/news/425223/minister-urges-stronger-role-for-mosques-in-community-empowerment
1316555536,20260803,202608,2026,2026.5836,GOV,GOVERNMENT,,,,,,GOV,,,CVL,RESIDENTS,,,,,,CVL,,,0,026,026,02,1,4.0,3,1,3,3.16831683168317,4,"Katsina, Katsina, Nigeria",NI,NI24,22565,12.9894,7.60063,-2015012,4,"Katsina, Katsina, Nigeria",NI,NI24,22565,12.9894,7.60063,-2015012,4,"Katsina, Katsina, Nigeria",NI,NI24,22565,12.9894,7.60063,-2015012,20260803080000,https://leadership.ng/dont-exploit-insecurity-for-politics-gov-radda-cautions-politicians/
1316555537,20260803,202608,2026,2026.5836,GOV,AUTHORITIES,,,,,,GOV,,,GBR,UNITED KINGDOM,GBR,,,,,,,,0,010,010,01,1,0.0,4,1,4,0,1,United Kingdom,UK,UK,,54,-4,UK,1,United Kingdom,UK,UK,,54,-4,UK,1,United Kingdom,UK,UK,,54,-4,UK,20260803080000,https://www.yahoo.com/news/world/articles/detained-suu-kyi-meets-red-054111633.html
1316555538,20260803,202608,2026,2026.5836,GOV,PRESIDENT,,,,,,GOV,,,GBR,UNITED KINGDOM,GBR,,,,,,,,1,013,013,01,1,0.4,4,1,4,0,1,United Kingdom,UK,UK,,54,-4,UK,1,United Kingdom,UK,UK,,54,-4,UK,1,United Kingdom,UK,UK,,54,-4,UK,20260803080000,https://www.yahoo.com/news/world/articles/detained-suu-kyi-meets-red-054111633.html
1316555539,20260803,202608,2026,2026.5836,GOV,GOVERNMENT,,,,,,GOV,,,GBR,BRITAIN,GBR,,,,,,,,0,014,014,01,1,0.0,6,1,6,-0.0695410292072305,1,United Kingdom,UK,UK,,54,-4,UK,1,United Kingdom,UK,UK,,54,-4,UK,1,United Kingdom,UK,UK,,54,-4,UK,20260803080000,https://www.dailymail.com/money/markets/article-16020013/British-beauty-industry-calls-Burnham-act-business-rates.html
1316555540,20260803,202608,2026,2026.5836,GOV,PRESIDENT,,,,,,GOV,,,IDN,INDONESIA,IDN,,,,,,,,0,010,010,01,1,0.0,10,1,10,5.43478260869565,4,"Antara, Aceh, Indonesia",ID,ID01,18585,3.5292,99.0184,10119106,4,"Antara, Aceh, Indonesia",ID,ID01,18585,3.5292,99.0184,10119106,4,"Antara, Aceh, Indonesia",ID,ID01,18585,3.5292,99.0184,10119106,20260803080000,https://en.antaranews.com/news/425192/brin-advances-underground-river-research-to-boost-water-security
1316555541,20260803,202608,2026,2026.5836,GOV,PRESIDENT,,,,,,GOV,,,IDN,INDONESIA,IDN,,,,,,,,0,040,040,04,1,1.0,2,1,2,1.85185185185185,4,"Merdeka, Nusa Tenggara Timur, Indonesia",ID,ID18,18585,-9.10583,124.898,8008058,4,"Merdeka, Nusa Tenggara Timur, Indonesia",ID,ID18,18585,-9.10583,124.898,8008058,4,"Merdeka, Nusa Tenggara Timur, Indonesia",ID,ID18,18585,-9.10583,124.898,8008058,20260803080000,https://en.antaranews.com/news/425217/indonesian-president-prabowo-to-host-thai-pm-charnvirakul-in-jakarta
1316555542,20260803,202608,2026,2026.5836,GOV,PRESIDENT,,,,,,GOV,,,IDN,INDONESIA,IDN,,,,,,,,0,040,040,04,1,1.0,2,1,2,1.85185185185185,1,Thailand,TH,TH,,15,100,TH,4,"Merdeka, Nusa Tenggara Timur, Indonesia",ID,ID18,18585,-9.10583,124.898,8008058,4,"Merdeka, Nusa Tenggara Timur, Indonesia",ID,ID18,18585,-9.10583,124.898,8008058,20260803080000,https://en.antaranews.com/news/425217/indonesian-president-prabowo-to-host-thai-pm-charnvirakul-in-jakarta
1316555543,20260803,202608,2026,2026.5836,GOV,MINISTRY,,,,,,GOV,,,IDN,PAPUA,IDN,,,,,,,,1,061,061,06,2,6.4,10,1,10,2.8328611898017,4,"Antara, Aceh, Indonesia",ID,ID01,18585,3.5292,99.0184,10119106,4,"Antara, Aceh, Indonesia",ID,ID01,18585,3.5292,99.0184,10119106,4,"Antara, Aceh, Indonesia",ID,ID01,18585,3.5292,99.0184,10119106,20260803080000,https://en.antaranews.com/news/425180/indonesia-advances-trans-papua-road-to-boost-connectivity
1316555544,20260803,202608,2026,2026.5836,GOV,INTERIOR MINIST,,,,,,GOV,,,IGOEUREEC,THE EU,EUR,EEC,,,,IGO,,,0,040,040,04,1,1.0,10,1,10,-7.89968652037617,4,"Canary Islands, Spain (general), Spain",SP,SP00,25789,28,-15.5,-375618,4,"Canary Islands, Spain (general), Spain",SP,SP00,25789,28,-15.5,-375618,4,"Canary Islands, Spain (general), Spain",SP,SP00,25789,28,-15.5,-375618,20260803080000,https://www.wsws.org/en/articles/2026/08/03/isbz-a03.html
1316555545,20260803,202608,2026,2026.5836,GOV,GOVERNMENT,,,,,,GOV,,,IGOUNODEV,UNESCO,,UNO,,,,IGO,DEV,,1,022,022,02,1,3.2,8,2,8,3.40051220304646,5,"Odisha, Orissa, India",IN,IN21,70217,20.5,84.4167,-2106554,5,"Odisha, Orissa, India",IN,IN21,70217,20.5,84.4167,-2106554,5,"Odisha, Orissa, India",IN,IN21,70217,20.5,84.4167,-2106554,20260803080000,https://www.hindustantimes.com/india-news/odisha-seeks-centre-s-help-for-unesco-s-intangible-cultural-heritage-of-humanity-tag-for-rath-yatra-101785742263943.html
1316555546,20260803,202608,2026,2026.5836,GOV,GOVERNMENT,,,,,,GOV,,,IGOUNODEV,UNESCO,,UNO,,,,IGO,DEV,,1,051,051,05,1,3.4,8,2,8,3.40051220304646,5,"Odisha, Orissa, India",IN,IN21,70217,20.5,84.4167,-2106554,5,"Odisha, Orissa, India",IN,IN21,70217,20.5,84.4167,-2106554,5,"Odisha, Orissa, India",IN,IN21,70217,20.5,84.4167,-2106554,20260803080000,https://www.hindustantimes.com/india-news/odisha-seeks-centre-s-help-for-unesco-s-intangible-cultural-heritage-of-humanity-tag-for-rath-yatra-101785742263943.html
1316555547,20260803,202608,2026,2026.5836,GOV,PRESIDENT,,,,,,GOV,,,IND,BHUBANESWAR,IND,,,,,,,,1,036,036,03,1,4.0,6,2,6,0.0837356730305757,4,"Bhubaneswar, Orissa, India",IN,IN21,70219,20.2333,85.8333,-2091695,4,"Bhubaneswar, Orissa, India",IN,IN21,70219,20.2333,85.8333,-2091695,4,"Bhubaneswar, Orissa, India",IN,IN21,70219,20.2333,85.8333,-2091695,20260803080000,http://www.rozanaspokesman.com/news/nation/030826/president-droupadi-murmu-arrives-in-odisha-today-for-3-day-visit-to-cu.html
1316555548,20260803,202608,2026,2026.5836,GOV,GOVERNMENT,,,,,,GOV,,,IND,BHUBANESWAR,IND,,,,,,,,0,154,154,15,4,-7.2,1,1,1,0.24875621890547,4,"Berhampur, Orissa, India",IN,IN21,17811,19.3167,84.7833,-2092315,5,"Odisha, Orissa, India",IN,IN21,70217,20.5,84.4167,-2106554,5,"Odisha, Orissa, India",IN,IN21,70217,20.5,84.4167,-2106554,20260803080000,http://www.rozanaspokesman.com/news/nation/030826/president-droupadi-murmu-arrives-in-odisha-today-for-3-day-visit-to-cu.html
1316555549,20260803,202608,2026,2026.5836,GOV,GOVERNMENT,,,,,,GOV,,,IND,BHUBANESWAR,IND,,,,,,,,0,154,154,15,4,-7.2,2,1,2,0.24875621890547,4,"Cuttack, Orissa, India",IN,IN21,17810,20.5,85.8333,-2093740,4,"Cuttack, Orissa, India",IN,IN21,17810,20.5,85.8333,-2093740,4,"Cuttack, Orissa, India",IN,IN21,17810,20.5,85.8333,-2093740,20260803080000,http://www.rozanaspokesman.com/news/nation/030826/president-droupadi-murmu-arrives-in-odisha-today-for-3-day-visit-to-cu.html
1316555550,20260803,202608,2026,2026.5836,GOV,AMBASSADOR,,,,,,GOV,,,IRN,IRAN,IRN,,,,,,,,1,050,050,05,1,3.5,2,1,2,0.28409090909091,4,"New Delhi, Delhi, India",IN,IN07,17911,28.6,77.2,-2106102,4,"New Delhi, Delhi, India",IN,IN07,17911,28.6,77.2,-2106102,4,"New Delhi, Delhi, India",IN,IN07,17911,28.6,77.2,-2106102,20260803080000,https://www.thehindu.com/news/national/mea-joint-secretary-vishwesh-negi-appointed-as-next-indian-ambassador-to-iran/article71300202.ece
1316555551,20260803,202608,2026,2026.5836,GOV,AMBASSADOR,,,,,,GOV,,,IRN,IRAN,IRN,,,,,,,,1,050,050,05,1,3.5,8,1,8,0.28409090909091,4,"New Delhi, Delhi, India",IN,IN07,17911,28.6,77.2,-2106102,4,"Tehran, Tehran, Iran",IR,IR26,41130,35.75,51.5148,10074674,4,"New Delhi, Delhi, India",IN,IN07,17911,28.6,77.2,-2106102,20260803080000,https://www.thehindu.com/news/national/mea-joint-secretary-vishwesh-negi-appointed-as-next-indian-ambassador-to-iran/article71300202.ece
1316555552,20260803,202608,2026,2026.5836,GOV,AMBASSADOR,,,,,,GOV,,,IRN,IRAN,IRN,,,,,,,,1,050,050,05,1,3.5,4,1,4,0.28409090909091,4,"New Delhi, Delhi, India",IN,IN07,17911,28.6,77.2,-2106102,4,"Tehran, Tehran, Iran",IR,IR26,41130,35.75,51.5148,10074674,4,"Tehran, Tehran, Iran",IR,IR26,41130,35.75,51.5148,10074674,20260803080000,https://www.thehindu.com/news/national/mea-joint-secretary-vishwesh-negi-appointed-as-next-indian-ambassador-to-iran/article71300202.ece
1316555553,20260803,202608,2026,2026.5836,GOV,GOVERNMENT,,,,,,GOV,,,ISR,ISRAEL,ISR,,,,,,,,0,051,051,05,1,3.4,4,1,4,-6.39300134589502,4,"Gaza, Israel (general), Israel",IS,IS00,18315,31.4167,34.3333,-797156,4,"Gaza, Israel (general), Israel",IS,IS00,18315,31.4167,34.3333,-797156,4,"Gaza, Israel (general), Israel",IS,IS00,18315,31.4167,34.3333,-797156,20260803080000,https://www.wsws.org/en/articles/2026/08/03/gnyj-a03.html
1316555554,20260803,202608,2026,2026.5836,GOV,MINIST,,,,,,GOV,,,JAM,JAMAICA,JAM,,,,,,,,0,040,040,04,1,1.0,2,1,2,3.85542168674698,1,Jamaica,JM,JM,,18.25,-77.5,JM,1,Jamaica,JM,JM,,18.25,-77.5,JM,1,Jamaica,JM,JM,,18.25,-77.5,JM,20260803080000,https://jamaica-gleaner.com/article/news/20260803/jhta-finance-ministry-continue-talks-tourism-gct
1316555555,20260803,202608,2026,2026.5836,GOV,MINISTRY,,,,,,GOV,,,JPN,JAPAN,JPN,,,,,,,,1,061,061,06,2,6.4,3,1,3,4.12844036697248,1,Japan,JA,JA,,36,138,JA,4,"Antara, Aceh, Indonesia",ID,ID01,18585,3.5292,99.0184,10119106,1,Japan,JA,JA,,36,138,JA,20260803080000,https://en.antaranews.com/news/425183/ministry-says-zero-tariff-tuna-access-needs-stronger-upstream-sector
1316555556,20260803,202608,2026,2026.5836,GOV,MINISTRY,,,,,,GOV,,,JPN,JAPAN,JPN,,,,,,,,1,061,061,06,2,6.4,2,1,2,4.12844036697248,1,Japan,JA,JA,,36,138,JA,1,Japan,JA,JA,,36,138,JA,1,Japan,JA,JA,,36,138,JA,20260803080000,https://en.antaranews.com/news/425183/ministry-says-zero-tariff-tuna-access-needs-stronger-upstream-sector
1316555557,20260803,202608,2026,2026.5836,GOV,GOVERNMENT,,,,,,GOV,,,JUD,HIGH COURT,,,,,,JUD,,,1,110,110,11,3,-2.0,10,1,10,-1.79856115107914,0,,,,,,,,0,,,,,,,,0,,,,,,,,20260803080000,http://www.rozanaspokesman.com/news/punjab/030826/punjab-haryana-hc-orders-punjab-govt-to-release-pending-da-to-8-lakh-e.html
1316555558,20260803,202608,2026,2026.5836,GOV,PRESIDENT,,,,,,GOV,,,LAB,WORKER,,,,,,LAB,,,1,017,017,01,1,0.0,3,1,3,0.31347962382445,4,"Sonepur, Orissa, India",IN,IN21,70225,20.8333,83.9167,-2111843,4,"Sonepur, Orissa, India",IN,IN21,70225,20.8333,83.9167,-2111843,4,"Sonepur, Orissa, India",IN,IN21,70225,20.8333,83.9167,-2111843,20260803080000,https://www.businesstoday.in/india/story/bad-news-for-bjp-prashant-kishor-widens-lead-in-bankipur-bypoll-546814-2026-08-03
1316555559,20260803,202608,2026,2026.5836,GOV,PRESIDENT,,,,,,GOV,,,MED,MEDIA,,,,,,MED,,,1,020,020,02,1,3.0,3,1,3,-2.39520958083832,1,Nigeria,NI,NI,,10,8,NI,1,Nigeria,NI,NI,,10,8,NI,1,Nigeria,NI,NI,,10,8,NI,20260803080000,https://leadership.ng/northern-christians-back-catholic-bishops-fault-bwala-over-remarks-2/
1316555560,20260803,202608,2026,2026.5836,GOV,PRESIDENT,,,,,,GOV,,,MED,MEDIA,,,,,,MED,,,1,112,112,11,3,-2.0,3,1,3,-2.39520958083832,1,Nigeria,NI,NI,,10,8,NI,1,Nigeria,NI,NI,,10,8,NI,1,Nigeria,NI,NI,,10,8,NI,20260803080000,https://leadership.ng/northern-christians-back-catholic-bishops-fault-bwala-over-remarks-2/
1316555561,20260803,202608,2026,2026.5836,GOV,GOVERNMENT,,,,,,GOV,,,MMR,MYANMAR,MMR,,,,,,,,0,040,040,04,1,1.0,1,1,1,-0.72072072072072,4,"Bangkok, Krung Thep Mahanakhon, Thailand",TH,TH40,26423,13.75,100.517,-3250083,4,"Bangkok, Krung Thep Mahanakhon, Thailand",TH,TH40,26423,13.75,100.517,-3250083,4,"Bangkok, Krung Thep Mahanakhon, Thailand",TH,TH40,26423,13.75,100.517,-3250083,20260803080000,https://www.bangkokpost.com/world/3295805/myanmars-aung-san-suu-kyi-meets-red-cross-official-government-says
1316555562,20260803,202608,2026,2026.5836,GOV,GOVERNMENT,,,,,,GOV,,,MMR,MYANMAR,MMR,,,,,,,,0,040,040,04,1,1.0,1,1,1,-0.72072072072072,4,"Bangkok, Krung Thep Mahanakhon, Thailand",TH,TH40,26423,13.75,100.517,-3250083,4,"Nay Pyi Taw, Mandalay, Myanmar",BM,BM08,41807,19.745,96.1297,9272014,4,"Bangkok, Krung Thep Mahanakhon, Thailand",TH,TH40,26423,13.75,100.517,-3250083,20260803080000,https://www.bangkokpost.com/world/3295805/myanmars-aung-san-suu-kyi-meets-red-cross-official-government-says
1316555563,20260803,202608,2026,2026.5836,GOV,GOVERNMENT,,,,,,GOV,,,MMR,BURMESE,MMR,,,,,,,,0,040,040,04,1,1.0,1,1,1,-0.99173553719008,4,"Naypyidaw, Mandalay, Myanmar",BM,BM08,41807,19.745,96.1297,9272014,1,Philippines,RP,RP,,13,122,RP,4,"Naypyidaw, Mandalay, Myanmar",BM,BM08,41807,19.745,96.1297,9272014,20260803080000,https://www.geo.tv/latest/675889-myanmars-aung-san-suu-kyi-meets-red-cross-official-says-govt
1316555564,20260803,202608,2026,2026.5836,GOV,GOVERNMENT,,,,,,GOV,,,MMR,BURMESE,MMR,,,,,,,,0,040,040,04,1,1.0,3,1,3,-0.99173553719008,1,Philippines,RP,RP,,13,122,RP,1,Philippines,RP,RP,,13,122,RP,1,Philippines,RP,RP,,13,122,RP,20260803080000,https://www.geo.tv/latest/675889-myanmars-aung-san-suu-kyi-meets-red-cross-official-says-govt
1316555565,20260803,202608,2026,2026.5836,GOV,GOVERNMENT,,,,,,GOV,,,MOS,IMAM,,,,MOS,,,,,1,026,026,02,1,4.0,10,1,10,6.80473372781065,4,"Jakarta, Jakarta Raya, Indonesia",ID,ID04,18585,-6.17444,106.829,-2679652,4,"Jakarta, Jakarta Raya, Indonesia",ID,ID04,18585,-6.17444,106.829,-2679652,4,"Jakarta, Jakarta Raya, Indonesia",ID,ID04,18585,-6.17444,106.829,-2679652,20260803080000,https://en.antaranews.com/news/425223/minister-urges-stronger-role-for-mosques-in-community-empowerment
1316555566,20260803,202608,2026,2026.5836,GOV,AMBASSADOR,,,,,,GOV,,,MOS,ISLAMIC,,,,MOS,,,,,1,050,050,05,1,3.5,6,1,6,0.28409090909091,4,"New Delhi, Delhi, India",IN,IN07,17911,28.6,77.2,-2106102,4,"Tehran, Tehran, Iran",IR,IR26,41130,35.75,51.5148,10074674,4,"Tehran, Tehran, Iran",IR,IR26,41130,35.75,51.5148,10074674,20260803080000,https://www.thehindu.com/news/national/mea-joint-secretary-vishwesh-negi-appointed-as-next-indian-ambassador-to-iran/article71300202.ece
1316555567,20260803,202608,2026,2026.5836,GOV,PRESIDENT,,,,,,GOV,,,NGA,NIGERIA,NGA,,,,,,,,1,042,042,04,1,1.9,2,1,2,-2.63157894736843,4,"Abuja, Abuja Federal Capital Territory, Nigeria",NI,NI11,191147,9.08333,7.53333,-1997013,4,"Abuja, Abuja Federal Capital Territory, Nigeria",NI,NI11,191147,9.08333,7.53333,-1997013,4,"Abuja, Abuja Federal Capital Territory, Nigeria",NI,NI11,191147,9.08333,7.53333,-1997013,20260803080000,https://www.nigerianeye.com/2026/08/osinbajo-pays-condolence-visit-to.html
1316555568,20260803,202608,2026,2026.5836,GOV,PRESIDENT,,,,,,GOV,,,NGA,NIGERIA,NGA,,,,,,,,1,043,043,04,1,2.8,2,1,2,-4.72727272727273,4,"Abuja, Abuja Federal Capital Territory, Nigeria",NI,NI11,191147,9.08333,7.53333,-1997013,4,"Abuja, Abuja Federal Capital Territory, Nigeria",NI,NI11,191147,9.08333,7.53333,-1997013,4,"Abuja, Abuja Federal Capital Territory, Nigeria",NI,NI11,191147,9.08333,7.53333,-1997013,20260803080000,https://www.nigerianeye.com/2026/08/politicians-misleading-tinubu-not.html
1316555569,20260803,202608,2026,2026.5836,GOV,GOVERNMENT,,,,,,GOV,,,NGA,NIGERIA,NGA,,,,,,,,1,190,190,19,4,-10.0,4,1,4,-7.56972111553785,4,"Dan Tudu, Sokoto, Nigeria",NI,NI51,23083,13.5291,5.86013,10474131,4,"Dan Tudu, Sokoto, Nigeria",NI,NI51,23083,13.5291,5.86013,10474131,4,"Dan Tudu, Sokoto, Nigeria",NI,NI51,23083,13.5291,5.86013,10474131,20260803080000,https://allafrica.com/stories/202608030247.html
1316555570,20260803,202608,2026,2026.5836,GOV,GOVERNMENT,,,,,,GOV,,,NGOHLHIRC,ICRC,,IRC,,,,NGO,HLH,,1,040,040,04,1,1.0,10,1,10,-1.23456790123457,4,"Aung Hlaing, Ayeyarwady, Myanmar",BM,BM03,41780,15.7667,94.9833,-440327,4,"Aung Hlaing, Ayeyarwady, Myanmar",BM,BM03,41780,15.7667,94.9833,-440327,4,"Aung Hlaing, Ayeyarwady, Myanmar",BM,BM03,41780,15.7667,94.9833,-440327,20260803080000,https://www.yahoo.com/news/world/articles/aung-san-suu-kyi-appears-065313864.html
1316555571,20260803,202608,2026,2026.5836,GOV,GOVERNMENT,,,,,,GOV,,,NGOHLHIRC,INTERNATIONAL COMMITTEE OF THE RED CROSS,,IRC,,,,NGO,HLH,,0,043,043,04,1,2.8,1,1,1,-0.99173553719008,4,"Naypyitaw, Mandalay, Myanmar",BM,BM08,41807,19.745,96.1297,9272014,4,"Naypyitaw, Mandalay, Myanmar",BM,BM08,41807,19.745,96.1297,9272014,4,"Naypyitaw, Mandalay, Myanmar",BM,BM08,41807,19.745,96.1297,9272014,20260803080000,https://www.geo.tv/latest/675889-myanmars-aung-san-suu-kyi-meets-red-cross-official-says-govt
1316555572,20260803,202608,2026,2026.5836,GOV,GOVERNMENT,,,,,,GOV,,,PSE,GAZA,PSE,,,,,,,,0,051,051,05,1,3.4,6,1,6,-6.39300134589502,4,"Gaza, Israel (general), Israel",IS,IS00,18315,31.4167,34.3333,-797156,4,"Gaza, Israel (general), Israel",IS,IS00,18315,31.4167,34.3333,-797156,4,"Gaza, Israel (general), Israel",IS,IS00,18315,31.4167,34.3333,-797156,20260803080000,https://www.wsws.org/en/articles/2026/08/03/gnyj-a03.html
1316555573,20260803,202608,2026,2026.5836,GOV,PRESIDENT,,,,,,GOV,,,THA,THAI,THA,,,,,,,,1,036,036,03,1,4.0,2,1,2,1.85185185185185,4,"Jakarta, Jakarta Raya, Indonesia",ID,ID04,18585,-6.17444,106.829,-2679652,4,"Merdeka, Nusa Tenggara Timur, Indonesia",ID,ID18,18585,-9.10583,124.898,8008058,1,Thailand,TH,TH,,15,100,TH,20260803080000,https://en.antaranews.com/news/425217/indonesian-president-prabowo-to-host-thai-pm-charnvirakul-in-jakarta
1316555574,20260803,202608,2026,2026.5836,GOV,PRESIDENT,,,,,,GOV,,,THA,THAILAND,THA,,,,,,,,1,036,036,03,1,4.0,2,1,2,1.85185185185185,4,"Jakarta, Jakarta Raya, Indonesia",ID,ID04,18585,-6.17444,106.829,-2679652,1,Thailand,TH,TH,,15,100,TH,4,"Jakarta, Jakarta Raya, Indonesia",ID,ID04,18585,-6.17444,106.829,-2679652,20260803080000,https://en.antaranews.com/news/425217/indonesian-president-prabowo-to-host-thai-pm-charnvirakul-in-jakarta
1316555575,20260803,202608,2026,2026.5836,GOV,PRESIDENT,,,,,,GOV,,,THA,THAI,THA,,,,,,,,1,036,036,03,1,4.0,6,1,6,1.85185185185185,4,"Merdeka, Nusa Tenggara Timur, Indonesia",ID,ID18,18585,-9.10583,124.898,8008058,1,Thailand,TH,TH,,15,100,TH,4,"Jakarta, Jakarta Raya, Indonesia",ID,ID04,18585,-6.17444,106.829,-2679652,20260803080000,https://en.antaranews.com/news/425217/indonesian-president-prabowo-to-host-thai-pm-charnvirakul-in-jakarta
1316555576,20260803,202608,2026,2026.5836,GOV,GOVERNMENT,,,,,,GOV,,,THA,THAILAND,THA,,,,,,,,0,040,040,04,1,1.0,2,1,2,-0.72072072072072,4,"Bangkok, Krung Thep Mahanakhon, Thailand",TH,TH40,26423,13.75,100.517,-3250083,4,"Bangkok, Krung Thep Mahanakhon, Thailand",TH,TH40,26423,13.75,100.517,-3250083,4,"Bangkok, Krung Thep Mahanakhon, Thailand",TH,TH40,26423,13.75,100.517,-3250083,20260803080000,https://www.bangkokpost.com/world/3295805/myanmars-aung-san-suu-kyi-meets-red-cross-official-government-says
1316555577,20260803,202608,2026,2026.5836,GOV,MINISTRY,,,,,,GOV,,,THA,THAILAND,THA,,,,,,,,0,042,042,04,1,1.9,2,1,2,-1.38528138528139,4,"Bangkok, Krung Thep Mahanakhon, Thailand",TH,TH40,26423,13.75,100.517,-3250083,4,"Bangkok, Krung Thep Mahanakhon, Thailand",TH,TH40,26423,13.75,100.517,-3250083,4,"Bangkok, Krung Thep Mahanakhon, Thailand",TH,TH40,26423,13.75,100.517,-3250083,20260803080000,https://asianews.network/thailand-disputes-un-rapporteurs-account-of-cambodia-conflict/
1316555578,20260803,202608,2026,2026.5836,GOV,MINISTRY,,,,,,GOV,,,THA,THAILAND,THA,,,,,,,,0,042,042,04,1,1.9,2,1,2,-1.38528138528139,4,"Bangkok, Krung Thep Mahanakhon, Thailand",TH,TH40,26423,13.75,100.517,-3250083,1,Cambodia,CB,CB,,13,105,CB,1,Cambodia,CB,CB,,13,105,CB,20260803080000,https://asianews.network/thailand-disputes-un-rapporteurs-account-of-cambodia-conflict/
1316555579,20260803,202608,2026,2026.5836,GOV,MINISTRY,,,,,,GOV,,,THA,THAILAND,THA,,,,,,,,0,042,042,04,1,1.9,2,1,2,-1.38528138528139,1,Cambodia,CB,CB,,13,105,CB,4,"Bangkok, Krung Thep Mahanakhon, Thailand",TH,TH40,26423,13.75,100.517,-3250083,4,"Bangkok, Krung Thep Mahanakhon, Thailand",TH,TH40,26423,13.75,100.517,-3250083,20260803080000,https://asianews.network/thailand-disputes-un-rapporteurs-account-of-cambodia-conflict/
1316555580,20260803,202608,2026,2026.5836,GOV,MINISTRY,,,,,,GOV,,,THA,THAILAND,THA,,,,,,,,0,042,042,04,1,1.9,1,1,1,-1.38528138528139,1,Cambodia,CB,CB,,13,105,CB,4,"Bangkok, Krung Thep Mahanakhon, Thailand",TH,TH40,26423,13.75,100.517,-3250083,1,Cambodia,CB,CB,,13,105,CB,20260803080000,https://asianews.network/thailand-disputes-un-rapporteurs-account-of-cambodia-conflict/
1316555581,20260803,202608,2026,2026.5836,GOV,PRESIDENT,,,,,,GOV,,,USA,UNITED STATES,USA,,,,,,,,0,010,010,01,1,0.0,2,1,2,-3.44827586206897,2,"Indiana, United States",US,USIN,,39.8647,-86.2604,IN,2,"Indiana, United States",US,USIN,,39.8647,-86.2604,IN,2,"Indiana, United States",US,USIN,,39.8647,-86.2604,IN,20260803080000,https://www.wsws.org/en/articles/2026/08/03/hxlk-a03.html
1316555582,20260803,202608,2026,2026.5836,GOV,PRESIDENT,,,,,,GOV,,,USA,UNITED STATES,USA,,,,,,,,0,020,020,02,1,3.0,2,1,2,-3.44827586206897,2,"Illinois, United States",US,USIL,,40.3363,-89.0022,IL,2,"Illinois, United States",US,USIL,,40.3363,-89.0022,IL,2,"Illinois, United States",US,USIL,,40.3363,-89.0022,IL,20260803080000,https://www.wsws.org/en/articles/2026/08/03/hxlk-a03.html
1316555583,20260803,202608,2026,2026.5836,GOV,FIRE MARSHAL,,,,,,GOV,,,USA,CALIFORNIA,USA,,,,,,,,0,046,046,04,1,7.0,2,1,2,-2.4390243902439,2,"California, United States",US,USCA,,36.17,-119.746,CA,2,"California, United States",US,USCA,,36.17,-119.746,CA,2,"California, United States",US,USCA,,36.17,-119.746,CA,20260803080000,https://www.newsweek.com/trump-revives-spotlight-on-california-offshore-oil-project-12275342
1316555584,20260803,202608,2026,2026.5836,GOV,FIRE MARSHAL,,,,,,GOV,,,USA,CALIFORNIA,USA,,,,,,,,0,046,046,04,1,7.0,2,1,2,-2.4390243902439,2,"California, United States",US,USCA,,36.17,-119.746,CA,2,"Oregon, United States",US,USOR,,44.5672,-122.127,OR,3,"Washington, District of Columbia, United States",US,USDC,DC001,38.8951,-77.0364,531871,20260803080000,https://www.newsweek.com/trump-revives-spotlight-on-california-offshore-oil-project-12275342
1316555585,20260803,202608,2026,2026.5836,GOV,AUTHORITIES,,,,,,GOV,,,USA,UNITED STATES,USA,,,,,,,,1,090,090,09,2,-2.0,6,1,6,-8.50202429149798,3,"Fayetteville, North Carolina, United States",US,USNC,NC051,35.0527,-78.8784,1020226,3,"Fayetteville, North Carolina, United States",US,USNC,NC051,35.0527,-78.8784,1020226,3,"Fayetteville, North Carolina, United States",US,USNC,NC051,35.0527,-78.8784,1020226,20260803080000,https://wcti12.com/news/local/fentanyl-trafficker-sentenced-to-over-15-years-in-federal-prison
1316555586,20260803,202608,2026,2026.5836,GOV,AUTHORITIES,,,,,,GOV,,,USA,UNITED STATES,USA,,,,,,,,1,090,090,09,2,-2.0,2,1,2,-8.50202429149798,2,"North Carolina, United States",US,USNC,,35.6411,-79.8431,NC,2,"North Carolina, United States",US,USNC,,35.6411,-79.8431,NC,2,"North Carolina, United States",US,USNC,,35.6411,-79.8431,NC,20260803080000,https://wcti12.com/news/local/fentanyl-trafficker-sentenced-to-over-15-years-in-federal-prison
1316555587,20260803,202608,2026,2026.5836,GOV,FIRE MARSHAL,,,,,,GOV,,,USAGOV,CALIFORNIA,USA,,,,,GOV,,,0,046,046,04,1,7.0,3,1,3,-2.4390243902439,2,"California, United States",US,USCA,,36.17,-119.746,CA,2,"California, United States",US,USCA,,36.17,-119.746,CA,2,"California, United States",US,USCA,,36.17,-119.746,CA,20260803080000,https://www.newsweek.com/trump-revives-spotlight-on-california-offshore-oil-project-12275342
1316555588,20260803,202608,2026,2026.5836,GOV,PRIME MINISTER,,,,,,GOV,,,ran,RANA,,,ran,,,,,,0,014,014,01,1,0.0,10,1,10,-2.02702702702703,4,"Neelum, Azad Kashmir, Pakistan",PK,PK06,40418,34.9192,74.43,10804332,4,"Neelum, Azad Kashmir, Pakistan",PK,PK06,40418,34.9192,74.43,10804332,4,"Neelum, Azad Kashmir, Pakistan",PK,PK06,40418,34.9192,74.43,10804332,20260803080000,https://www.geo.tv/latest/675885-pml-n-leads-ajk-second-phase-elections-with-13-seats-ppp-secures-five
1316555589,20260803,202608,2026,2026.5836,GOVEDU,EDUCATION MINIST,,,,,,GOV,EDU,,,,,,,,,,,,1,100,100,10,3,-5.0,10,1,10,-4.98812351543943,0,,,,,,,,0,,,,,,,,0,,,,,,,,20260803080000,https://timesofindia.indiatimes.com/city/delhi/cjps-abhijeet-dipke-says-govt-yet-to-fulfil-all-neet-protest-promises-warns-of-fresh-protest/articleshow/132822664.cms
1316555590,20260803,202608,2026,2026.5836,GOVEDU,EDUCATION MINIST,,,,,,GOV,EDU,,,,,,,,,,,,0,100,100,10,3,-5.0,2,1,2,-5.98591549295775,4,"Delhi, Delhi, India",IN,IN07,17911,28.6667,77.2167,-2094230,0,,,,,,,,1,Bangladesh,BG,BG,,24,90,BG,20260803080000,https://www.hindustantimes.com/india-news/abhijeet-dipke-defends-cjp-cockroach-janta-party-after-taslima-nasreen-bangladesh-2024-protest-jihadi-remark-101785741641626.html
1316555591,20260803,202608,2026,2026.5836,GOVHLH,GOVERNMENT,,,,,,GOV,HLH,,,,,,,,,,,,1,043,043,04,1,2.8,10,1,10,-6.82926829268293,4,"Melur, Tamil Nadu, India",IN,IN25,70246,10.05,78.3333,-2104424,0,,,,,,,,4,"Melur, Tamil Nadu, India",IN,IN25,70246,10.05,78.3333,-2104424,20260803080000,https://www.thehindu.com/news/national/tamil-nadu/five-of-a-family-from-chennai-killed-in-car-crash-near-madurai/article71300219.ece
1316555592,20260803,202608,2026,2026.5836,GOVHLH,HEALTH OFFICIAL,,,,,,GOV,HLH,,MEX,MEXICO,MEX,,,,,,,,0,042,042,04,1,1.9,5,1,5,-2.69541778975741,4,"Quebec, Quebec, Canada",CA,CA10,12750,47.5,-72,-571850,1,Mexico,MX,MX,,23,-102,MX,1,Mexico,MX,MX,,23,-102,MX,20260803080000,https://www.insidehalton.com/news/windsor-ontario-cyclosporiasis-increase/article_ad5bae65-0adb-5116-bb61-6d56dd332dfe.html
1316555593,20260803,202608,2026,2026.5836,GOVMED,TRANSPORT MINIST,,,,,,GOV,MED,,,,,,,,,,,,1,010,010,01,1,0.0,6,1,6,-2.45901639344263,4,"Sydney, New South Wales, Australia",AS,AS02,154637,-33.8833,151.217,-1603135,0,,,,,,,,4,"Sydney, New South Wales, Australia",AS,AS02,154637,-33.8833,151.217,-1603135,20260803080000,https://www.2gb.com/this-does-nothing-clinton-slams-the-lack-of-changes-to-tolls/
1316555594,20260803,202608,2026,2026.5836,GOVMED,TRANSPORT MINIST,,,,,,GOV,MED,,AUS,AUSTRALIA,AUS,,,,,,,,1,010,010,01,1,0.0,2,1,2,-2.45901639344263,4,"Sydney, New South Wales, Australia",AS,AS02,154637,-33.8833,151.217,-1603135,4,"Sydney, New South Wales, Australia",AS,AS02,154637,-33.8833,151.217,-1603135,4,"Sydney, New South Wales, Australia",AS,AS02,154637,-33.8833,151.217,-1603135,20260803080000,https://www.2gb.com/this-does-nothing-clinton-slams-the-lack-of-changes-to-tolls/
1316555595,20260803,202608,2026,2026.5836,GOVMED,FOREIGN MINIST,,,,,,GOV,MED,,OMN,OMAN,OMN,,,,,,,,0,111,111,11,3,-2.0,6,1,6,-1.32013201320132,4,"Tehran, Tehran, Iran",IR,IR26,41130,35.75,51.5148,10074674,1,Oman,MU,MU,,21,57,MU,1,Oman,MU,MU,,21,57,MU,20260803080000,https://tradearabia.com:443/News/466093/US-Iran-talks-set-to-resume-today-amid-Gulf-de-escalation-efforts
1316555596,20260803,202608,2026,2026.5836,GOVMED,FOREIGN MINIST,,,,,,GOV,MED,,OMN,OMAN,OMN,,,,,,,,0,111,111,11,3,-2.0,4,1,4,-1.32013201320132,1,Oman,MU,MU,,21,57,MU,1,Oman,MU,MU,,21,57,MU,1,Oman,MU,MU,,21,57,MU,20260803080000,https://tradearabia.com:443/News/466093/US-Iran-talks-set-to-resume-today-amid-Gulf-de-escalation-efforts
1316555597,20260803,202608,2026,2026.5836,GOVMIL,DEFENSE MINIST,,,,,,GOV,MIL,,,,,,,,,,,,1,017,017,01,1,0.0,3,1,3,-4.42890442890443,5,"Gyeonggi, Kyonggi-do, South Korea",KS,KS13,24980,37.6,127.25,-710790,0,,,,,,,,5,"Gyeonggi, Kyonggi-do, South Korea",KS,KS13,24980,37.6,127.25,-710790,20260803080000,https://www.koreaherald.com/article/10829337
1316555598,20260803,202608,2026,2026.5836,GOVMIL,DEFENSE MINIST,,,,,,GOV,MIL,,,,,,,,,,,,1,042,042,04,1,1.9,3,1,3,-4.42890442890443,5,"Gyeonggi, Kyonggi-do, South Korea",KS,KS13,24980,37.6,127.25,-710790,0,,,,,,,,5,"Gyeonggi, Kyonggi-do, South Korea",KS,KS13,24980,37.6,127.25,-710790,20260803080000,https://www.koreaherald.com/article/10829337
1316555599,20260803,202608,2026,2026.5836,GOVMIL,DEFENSE MINIST,,,,,,GOV,MIL,,KOR,GYEONGGI,KOR,,,,,,,,1,017,017,01,1,0.0,7,1,7,-4.42890442890443,5,"Gyeonggi, Kyonggi-do, South Korea",KS,KS13,24980,37.6,127.25,-710790,5,"Gyeonggi, Kyonggi-do, South Korea",KS,KS13,24980,37.6,127.25,-710790,5,"Gyeonggi, Kyonggi-do, South Korea",KS,KS13,24980,37.6,127.25,-710790,20260803080000,https://www.koreaherald.com/article/10829337
1316555600,20260803,202608,2026,2026.5836,GOVMIL,DEFENSE MINIST,,,,,,GOV,MIL,,KOR,GYEONGGI,KOR,,,,,,,,1,042,042,04,1,1.9,7,1,7,-4.42890442890443,5,"Gyeonggi, Kyonggi-do, South Korea",KS,KS13,24980,37.6,127.25,-710790,5,"Gyeonggi, Kyonggi-do, South Korea",KS,KS13,24980,37.6,127.25,-710790,5,"Gyeonggi, Kyonggi-do, South Korea",KS,KS13,24980,37.6,127.25,-710790,20260803080000,https://www.koreaherald.com/article/10829337
1316555601,20260803,202608,2026,2026.5836,GRC,GREECE,GRC,,,,,,,,,,,,,,,,,,1,043,043,04,1,2.8,10,1,10,-4.45269016697588,4,"Syros, Perifereia Notiou Aigaiou, Greece",GR,GR61,16709,37.45,24.9333,-814288,0,,,,,,,,1,Japan,JA,JA,,36,138,JA,20260803080000,https://www.express.co.uk/news/world/2235387/horror-woman-spends-6-weeks-come-holiday-europe
1316555602,20260803,202608,2026,2026.5836,GRC,GREECE,GRC,,,,,,,,DEU,GERMANY,DEU,,,,,,,,1,010,010,01,1,0.0,1,1,1,-6.27705627705627,4,"Melbourne, Victoria, Australia",AS,AS07,5430,-37.8167,144.967,-1586844,1,Greece,GR,GR,,39,22,GR,1,Greece,GR,GR,,39,22,GR,20260803080000,https://www.sbs.com.au/language/greek/en/podcast-episode/metaxas-4-august-90y-anniversary-dean-kontos/ynp8h82jl
1316555603,20260803,202608,2026,2026.5836,GRC,GREECE,GRC,,,,,,,,DEU,GERMANY,DEU,,,,,,,,1,010,010,01,1,0.0,3,1,3,-6.27705627705627,1,Greece,GR,GR,,39,22,GR,1,Germany,GM,GM,,51.5,10.5,GM,1,Italy,IT,IT,,42.833333,12.833333,IT,20260803080000,https://www.sbs.com.au/language/greek/en/podcast-episode/metaxas-4-august-90y-anniversary-dean-kontos/ynp8h82jl
1316555604,20260803,202608,2026,2026.5836,GRC,GREECE,GRC,,,,,,,,DEU,GERMANY,DEU,,,,,,,,1,010,010,01,1,0.0,1,1,1,-6.27705627705627,1,Greece,GR,GR,,39,22,GR,1,Italy,IT,IT,,42.833333,12.833333,IT,1,Greece,GR,GR,,39,22,GR,20260803080000,https://www.sbs.com.au/language/greek/en/podcast-episode/metaxas-4-august-90y-anniversary-dean-kontos/ynp8h82jl
1316555605,20260803,202608,2026,2026.5836,GRC,GREECE,GRC,,,,,,,,GRCGOV,GREECE,GRC,,,,,GOV,,,1,040,040,04,1,1.0,2,1,2,-6.27705627705627,1,Germany,GM,GM,,51.5,10.5,GM,1,Germany,GM,GM,,51.5,10.5,GM,1,Germany,GM,GM,,51.5,10.5,GM,20260803080000,https://www.sbs.com.au/language/greek/en/podcast-episode/metaxas-4-august-90y-anniversary-dean-kontos/ynp8h82jl
1316555606,20260803,202608,2026,2026.5836,GRC,GREECE,GRC,,,,,,,,ITA,ITALY,ITA,,,,,,,,1,010,010,01,1,0.0,1,1,1,-6.27705627705627,4,"Melbourne, Victoria, Australia",AS,AS07,5430,-37.8167,144.967,-1586844,1,Greece,GR,GR,,39,22,GR,1,Greece,GR,GR,,39,22,GR,20260803080000,https://www.sbs.com.au/language/greek/en/podcast-episode/metaxas-4-august-90y-anniversary-dean-kontos/ynp8h82jl
1316555607,20260803,202608,2026,2026.5836,GRC,GREECE,GRC,,,,,,,,ITA,ITALY,ITA,,,,,,,,1,010,010,01,1,0.0,1,1,1,-6.27705627705627,1,Greece,GR,GR,,39,22,GR,1,Italy,IT,IT,,42.833333,12.833333,IT,1,Greece,GR,GR,,39,22,GR,20260803080000,https://www.sbs.com.au/language/greek/en/podcast-episode/metaxas-4-august-90y-anniversary-dean-kontos/ynp8h82jl
1316555608,20260803,202608,2026,2026.5836,GRC,GREECE,GRC,,,,,,,,ITA,ITALY,ITA,,,,,,,,1,010,010,01,1,0.0,3,1,3,-6.27705627705627,1,Greece,GR,GR,,39,22,GR,1,Italy,IT,IT,,42.833333,12.833333,IT,1,Italy,IT,IT,,42.833333,12.833333,IT,20260803080000,https://www.sbs.com.au/language/greek/en/podcast-episode/metaxas-4-august-90y-anniversary-dean-kontos/ynp8h82jl
1316555609,20260803,202608,2026,2026.5836,GRCGOV,GREECE,GRC,,,,,GOV,,,,,,,,,,,,,1,040,040,04,1,1.0,8,1,8,-6.27705627705627,1,Greece,GR,GR,,39,22,GR,0,,,,,,,,1,Greece,GR,GR,,39,22,GR,20260803080000,https://www.sbs.com.au/language/greek/en/podcast-episode/metaxas-4-august-90y-anniversary-dean-kontos/ynp8h82jl
1316555610,20260803,202608,2026,2026.5836,GRCGOV,GREECE,GRC,,,,,GOV,,,GRC,GREECE,GRC,,,,,,,,1,040,040,04,1,1.0,2,1,2,-6.27705627705627,1,Greece,GR,GR,,39,22,GR,1,Greece,GR,GR,,39,22,GR,1,Greece,GR,GR,,39,22,GR,20260803080000,https://www.sbs.com.au/language/greek/en/podcast-episode/metaxas-4-august-90y-anniversary-dean-kontos/ynp8h82jl
1316555611,20260803,202608,2026,2026.5836,HLH,PHYSICIAN,,,,,,HLH,,,,,,,,,,,,,1,010,010,01,1,0.0,2,1,2,-9.62800875273518,2,"Arizona, United States",US,USAZ,,33.7712,-111.388,AZ,0,,,,,,,,2,"Arizona, United States",US,USAZ,,33.7712,-111.388,AZ,20260803080000,https://wowo.com/cyclospora-skinny-trend-sparks-health-warnings-as-parasite-is-promoted-online-for-weight-loss/
1316555612,20260803,202608,2026,2026.5836,HLH,DOCTOR,,,,,,HLH,,,,,,,,,,,,,1,012,012,01,1,-0.4,5,1,5,-0.10504201680672,1,United Kingdom,UK,UK,,54,-4,UK,0,,,,,,,,1,United Kingdom,UK,UK,,54,-4,UK,20260803080000,https://www.newsweek.com/my-healthy-mom-was-told-it-might-be-menopause-the-truth-changed-it-all-12268370
1316555613,20260803,202608,2026,2026.5836,HLH,PHYSICIAN,,,,,,HLH,,,USA,ARIZONA,USA,,,,,,,,1,010,010,01,1,0.0,6,1,6,-9.62800875273518,2,"Arizona, United States",US,USAZ,,33.7712,-111.388,AZ,2,"Arizona, United States",US,USAZ,,33.7712,-111.388,AZ,2,"Arizona, United States",US,USAZ,,33.7712,-111.388,AZ,20260803080000,https://wowo.com/cyclospora-skinny-trend-sparks-health-warnings-as-parasite-is-promoted-online-for-weight-loss/
1316555614,20260803,202608,2026,2026.5836,IDN,INDONESIA,IDN,,,,,,,,,,,,,,,,,,1,010,010,01,1,0.0,2,1,2,-6.34920634920635,4,"Antara, Aceh, Indonesia",ID,ID01,18585,3.5292,99.0184,10119106,0,,,,,,,,4,"Antara, Aceh, Indonesia",ID,ID01,18585,3.5292,99.0184,10119106,20260803080000,https://en.antaranews.com/news/425187/five-workers-killed-by-insurgents-in-highland-papua-manhunt-ongoing
1316555615,20260803,202608,2026,2026.5836,IDN,INDONESIA,IDN,,,,,,,,,,,,,,,,,,1,036,036,03,1,4.0,3,1,3,6.80473372781065,4,"Antara, Aceh, Indonesia",ID,ID01,18585,3.5292,99.0184,10119106,0,,,,,,,,4,"Antara, Aceh, Indonesia",ID,ID01,18585,3.5292,99.0184,10119106,20260803080000,https://en.antaranews.com/news/425223/minister-urges-stronger-role-for-mosques-in-community-empowerment
1316555616,20260803,202608,2026,2026.5836,IDN,INDONESIA,IDN,,,,,,,,,,,,,,,,,,1,040,040,04,1,1.0,2,1,2,5.43478260869565,4,"Karangsambung, Jawa Tengah, Indonesia",ID,ID07,18585,-6.888,110.543,10151578,0,,,,,,,,4,"Kebumen, Jawa Tengah, Indonesia",ID,ID07,18585,-7.0828,110.04,10199025,20260803080000,https://en.antaranews.com/news/425192/brin-advances-underground-river-research-to-boost-water-security
1316555617,20260803,202608,2026,2026.5836,IDN,INDONESIA,IDN,,,,,,,,,,,,,,,,,,1,046,046,04,1,7.0,2,1,2,5.43478260869565,4,"Karangsambung, Jawa Tengah, Indonesia",ID,ID07,18585,-6.888,110.543,10151578,0,,,,,,,,4,"Kebumen, Jawa Tengah, Indonesia",ID,ID07,18585,-7.0828,110.04,10199025,20260803080000,https://en.antaranews.com/news/425192/brin-advances-underground-river-research-to-boost-water-security
1316555618,20260803,202608,2026,2026.5836,IDN,INDONESIA,IDN,,,,,,,,,,,,,,,,,,1,051,051,05,1,3.4,8,1,8,5.43478260869565,4,"Antara, Aceh, Indonesia",ID,ID01,18585,3.5292,99.0184,10119106,0,,,,,,,,4,"Kebumen, Jawa Tengah, Indonesia",ID,ID07,18585,-7.0828,110.04,10199025,20260803080000,https://en.antaranews.com/news/425192/brin-advances-underground-river-research-to-boost-water-security
1316555619,20260803,202608,2026,2026.5836,IDN,INDONESIA,IDN,,,,,,,,,,,,,,,,,,1,051,051,05,1,3.4,2,1,2,5.43478260869565,4,"Kebumen, Jawa Tengah, Indonesia",ID,ID07,18585,-7.0828,110.04,10199025,0,,,,,,,,4,"Kebumen, Jawa Tengah, Indonesia",ID,ID07,18585,-7.0828,110.04,10199025,20260803080000,https://en.antaranews.com/news/425192/brin-advances-underground-river-research-to-boost-water-security
1316555620,20260803,202608,2026,2026.5836,IDN,INDONESIA,IDN,,,,,,,,,,,,,,,,,,1,061,061,06,2,6.4,10,1,10,-1.12044817927171,4,"Antara, Aceh, Indonesia",ID,ID01,18585,3.5292,99.0184,10119106,0,,,,,,,,4,"Antara, Aceh, Indonesia",ID,ID01,18585,3.5292,99.0184,10119106,20260803080000,https://en.antaranews.com/news/425188/indonesia-resumes-mineral-exports-amid-rare-earth-rule-revision
1316555621,20260803,202608,2026,2026.5836,IDN,EAST JAVA,IDN,,,,,,,,,,,,,,,,,,0,110,110,11,3,-2.0,5,1,5,1.34228187919463,5,"East Java, Jawa Timur, Indonesia",ID,ID08,18585,-7.7394,112.51,-2679925,0,,,,,,,,5,"East Java, Jawa Timur, Indonesia",ID,ID08,18585,-7.7394,112.51,-2679925,20260803080000,https://en.antaranews.com/news/425213/indonesian-navy-deploys-warships-aircraft-in-ferry-fire-rescue
1316555622,20260803,202608,2026,2026.5836,IDN,PAPUA,IDN,,,,,,,,,,,,,,,,,,0,150,150,15,4,-7.2,5,1,5,-6.34920634920635,4,"Antara, Aceh, Indonesia",ID,ID01,18585,3.5292,99.0184,10119106,0,,,,,,,,4,"Antara, Aceh, Indonesia",ID,ID01,18585,3.5292,99.0184,10119106,20260803080000,https://en.antaranews.com/news/425187/five-workers-killed-by-insurgents-in-highland-papua-manhunt-ongoing
1316555623,20260803,202608,2026,2026.5836,IDN,INDONESIAN,IDN,,,,,,,,,,,,,,,,,,1,195,195,19,4,-10.0,2,1,2,1.34228187919463,4,"Java Sea, Oceans (general), Oceans",OS,OS00,18585,-5,110,-1506383,0,,,,,,,,5,"East Java, Jawa Timur, Indonesia",ID,ID08,18585,-7.7394,112.51,-2679925,20260803080000,https://en.antaranews.com/news/425213/indonesian-navy-deploys-warships-aircraft-in-ferry-fire-rescue
1316555624,20260803,202608,2026,2026.5836,IDN,INDONESIA,IDN,,,,,,,,BUS,COMPANY,,,,,,BUS,,,1,186,186,18,4,-10.0,8,1,8,2.91666666666667,1,Indonesia,ID,ID,,-5,120,ID,1,Qatar,QA,QA,,25.5,51.25,QA,1,Iraq,IZ,IZ,,33,44,IZ,20260803080000,https://tradearabia.com:443/News/465719/CGC-emerges-lowest-bidder-for-$516m-Kuwait-water-treatment-project
1316555625,20260803,202608,2026,2026.5836,IDN,INDONESIA,IDN,,,,,,,,BUS,COMPANY,,,,,,BUS,,,1,186,186,18,4,-10.0,2,1,2,2.91666666666667,1,Lebanon,LE,LE,,33.833333,35.833333,LE,1,Qatar,QA,QA,,25.5,51.25,QA,1,Iraq,IZ,IZ,,33,44,IZ,20260803080000,https://tradearabia.com:443/News/465719/CGC-emerges-lowest-bidder-for-$516m-Kuwait-water-treatment-project
1316555626,20260803,202608,2026,2026.5836,IDN,INDONESIAN,IDN,,,,,,,,CHN,CHINESE,CHN,,,,,,,,1,062,062,06,2,7.4,2,1,2,1.34228187919463,4,"Jakarta, Jakarta Raya, Indonesia",ID,ID04,18585,-6.17444,106.829,-2679652,1,China,CH,CH,,35,105,CH,1,China,CH,CH,,35,105,CH,20260803080000,https://en.antaranews.com/news/425213/indonesian-navy-deploys-warships-aircraft-in-ferry-fire-rescue
1316555627,20260803,202608,2026,2026.5836,IDN,INDONESIA,IDN,,,,,,,,GOV,PRESIDENT,,,,,,GOV,,,0,036,036,03,1,4.0,2,1,2,1.85185185185185,4,"Merdeka, Nusa Tenggara Timur, Indonesia",ID,ID18,18585,-9.10583,124.898,8008058,4,"Merdeka, Nusa Tenggara Timur, Indonesia",ID,ID18,18585,-9.10583,124.898,8008058,4,"Merdeka, Nusa Tenggara Timur, Indonesia",ID,ID18,18585,-9.10583,124.898,8008058,20260803080000,https://en.antaranews.com/news/425217/indonesian-president-prabowo-to-host-thai-pm-charnvirakul-in-jakarta
1316555628,20260803,202608,2026,2026.5836,IDN,INDONESIA,IDN,,,,,,,,GOV,PRESIDENT,,,,,,GOV,,,0,036,036,03,1,4.0,2,1,2,1.85185185185185,4,"Merdeka, Nusa Tenggara Timur, Indonesia",ID,ID18,18585,-9.10583,124.898,8008058,1,Thailand,TH,TH,,15,100,TH,4,"Merdeka, Nusa Tenggara Timur, Indonesia",ID,ID18,18585,-9.10583,124.898,8008058,20260803080000,https://en.antaranews.com/news/425217/indonesian-president-prabowo-to-host-thai-pm-charnvirakul-in-jakarta
1316555629,20260803,202608,2026,2026.5836,IDN,INDONESIA,IDN,,,,,,,,GOV,PRESIDENT,,,,,,GOV,,,0,040,040,04,1,1.0,2,1,2,1.85185185185185,4,"Merdeka, Nusa Tenggara Timur, Indonesia",ID,ID18,18585,-9.10583,124.898,8008058,4,"Merdeka, Nusa Tenggara Timur, Indonesia",ID,ID18,18585,-9.10583,124.898,8008058,4,"Merdeka, Nusa Tenggara Timur, Indonesia",ID,ID18,18585,-9.10583,124.898,8008058,20260803080000,https://en.antaranews.com/news/425217/indonesian-president-prabowo-to-host-thai-pm-charnvirakul-in-jakarta
1316555630,20260803,202608,2026,2026.5836,IDN,INDONESIA,IDN,,,,,,,,GOV,PRESIDENT,,,,,,GOV,,,0,040,040,04,1,1.0,2,1,2,1.85185185185185,4,"Merdeka, Nusa Tenggara Timur, Indonesia",ID,ID18,18585,-9.10583,124.898,8008058,1,Thailand,TH,TH,,15,100,TH,4,"Merdeka, Nusa Tenggara Timur, Indonesia",ID,ID18,18585,-9.10583,124.898,8008058,20260803080000,https://en.antaranews.com/news/425217/indonesian-president-prabowo-to-host-thai-pm-charnvirakul-in-jakarta
1316555631,20260803,202608,2026,2026.5836,IDN,JAKARTA,IDN,,,,,,,,GOVCOP,MINIST,,,,,,GOV,COP,,1,020,020,02,1,3.0,10,1,10,5.95238095238096,4,"Antara, Aceh, Indonesia",ID,ID01,18585,3.5292,99.0184,10119106,4,"Antara, Aceh, Indonesia",ID,ID01,18585,3.5292,99.0184,10119106,4,"Antara, Aceh, Indonesia",ID,ID01,18585,3.5292,99.0184,10119106,20260803080000,https://en.antaranews.com/news/425207/deputy-minister-urges-stronger-vocational-language-skills-for-jobs
1316555632,20260803,202608,2026,2026.5836,IDN,ACEH,IDN,,,,,,,,IDNCOP,INDONESIAN,IDN,,,,,COP,,,0,043,043,04,1,2.8,4,1,4,1.85185185185185,4,"Merdeka, Nusa Tenggara Timur, Indonesia",ID,ID18,18585,-9.10583,124.898,8008058,4,"Merdeka, Nusa Tenggara Timur, Indonesia",ID,ID18,18585,-9.10583,124.898,8008058,4,"Merdeka, Nusa Tenggara Timur, Indonesia",ID,ID18,18585,-9.10583,124.898,8008058,20260803080000,https://en.antaranews.com/news/425217/indonesian-president-prabowo-to-host-thai-pm-charnvirakul-in-jakarta
1316555633,20260803,202608,2026,2026.5836,IDN,ACEH,IDN,,,,,,,,IDNCOP,INDONESIA,IDN,,,,,COP,,,0,043,043,04,1,2.8,1,1,1,1.85185185185185,1,Thailand,TH,TH,,15,100,TH,1,Thailand,TH,TH,,15,100,TH,1,Thailand,TH,TH,,15,100,TH,20260803080000,https://en.antaranews.com/news/425217/indonesian-president-prabowo-to-host-thai-pm-charnvirakul-in-jakarta
1316555634,20260803,202608,2026,2026.5836,IDN,INDONESIA,IDN,,,,,,,,IDNMIL,INDONESIA,IDN,,,,,MIL,,,1,190,190,19,4,-10.0,4,1,4,-6.34920634920635,4,"Antara, Aceh, Indonesia",ID,ID01,18585,3.5292,99.0184,10119106,4,"Antara, Aceh, Indonesia",ID,ID01,18585,3.5292,99.0184,10119106,4,"Antara, Aceh, Indonesia",ID,ID01,18585,3.5292,99.0184,10119106,20260803080000,https://en.antaranews.com/news/425187/five-workers-killed-by-insurgents-in-highland-papua-manhunt-ongoing
1316555635,20260803,202608,2026,2026.5836,IDN,INDONESIA,IDN,,,,,,,,JPN,JAPAN,JPN,,,,,,,,1,061,061,06,2,6.4,1,1,1,4.12844036697248,4,"Antara, Aceh, Indonesia",ID,ID01,18585,3.5292,99.0184,10119106,4,"Antara, Aceh, Indonesia",ID,ID01,18585,3.5292,99.0184,10119106,4,"Antara, Aceh, Indonesia",ID,ID01,18585,3.5292,99.0184,10119106,20260803080000,https://en.antaranews.com/news/425183/ministry-says-zero-tariff-tuna-access-needs-stronger-upstream-sector
1316555636,20260803,202608,2026,2026.5836,IDN,INDONESIA,IDN,,,,,,,,JPN,JAPAN,JPN,,,,,,,,1,061,061,06,2,6.4,4,1,4,4.12844036697248,4,"Antara, Aceh, Indonesia",ID,ID01,18585,3.5292,99.0184,10119106,1,Japan,JA,JA,,36,138,JA,1,Japan,JA,JA,,36,138,JA,20260803080000,https://en.antaranews.com/news/425183/ministry-says-zero-tariff-tuna-access-needs-stronger-upstream-sector
1316555637,20260803,202608,2026,2026.5836,IDN,INDONESIA,IDN,,,,,,,,LEG,DELEGATE,,,,,,LEG,,,1,010,010,01,1,0.0,2,1,2,6.80473372781065,4,"Antara, Aceh, Indonesia",ID,ID01,18585,3.5292,99.0184,10119106,4,"Sudais, Saudi Arabia (general), Saudi Arabia",SA,SA00,25316,25.3,45.1667,-3099666,4,"Antara, Aceh, Indonesia",ID,ID01,18585,3.5292,99.0184,10119106,20260803080000,https://en.antaranews.com/news/425223/minister-urges-stronger-role-for-mosques-in-community-empowerment
1316555638,20260803,202608,2026,2026.5836,IDN,INDONESIA,IDN,,,,,,,,LEG,DELEGATE,,,,,,LEG,,,1,010,010,01,1,0.0,2,1,2,6.80473372781065,4,"Antara, Aceh, Indonesia",ID,ID01,18585,3.5292,99.0184,10119106,4,"Antara, Aceh, Indonesia",ID,ID01,18585,3.5292,99.0184,10119106,4,"Antara, Aceh, Indonesia",ID,ID01,18585,3.5292,99.0184,10119106,20260803080000,https://en.antaranews.com/news/425223/minister-urges-stronger-role-for-mosques-in-community-empowerment
1316555639,20260803,202608,2026,2026.5836,IDN,INDONESIAN,IDN,,,,,,,,MIL,WARSHIP,,,,,,MIL,,,1,073,073,07,2,7.4,2,1,2,1.34228187919463,4,"Jakarta, Jakarta Raya, Indonesia",ID,ID04,18585,-6.17444,106.829,-2679652,4,"Jakarta, Jakarta Raya, Indonesia",ID,ID04,18585,-6.17444,106.829,-2679652,4,"Jakarta, Jakarta Raya, Indonesia",ID,ID04,18585,-6.17444,106.829,-2679652,20260803080000,https://en.antaranews.com/news/425213/indonesian-navy-deploys-warships-aircraft-in-ferry-fire-rescue
1316555640,20260803,202608,2026,2026.5836,IDN,INDONESIAN,IDN,,,,,,,,MIL,WARSHIP,,,,,,MIL,,,1,195,195,19,4,-10.0,2,1,2,1.34228187919463,4,"Java Sea, Oceans (general), Oceans",OS,OS00,18585,-5,110,-1506383,5,"East Java, Jawa Timur, Indonesia",ID,ID08,18585,-7.7394,112.51,-2679925,5,"East Java, Jawa Timur, Indonesia",ID,ID08,18585,-7.7394,112.51,-2679925,20260803080000,https://en.antaranews.com/news/425213/indonesian-navy-deploys-warships-aircraft-in-ferry-fire-rescue
1316555641,20260803,202608,2026,2026.5836,IDN,INDONESIA,IDN,,,,,,,,MOS,IMAM,,,,MOS,,,,,1,020,020,02,1,3.0,5,1,5,6.80473372781065,4,"Antara, Aceh, Indonesia",ID,ID01,18585,3.5292,99.0184,10119106,1,United States,US,US,,39.828175,-98.5795,US,4,"Antara, Aceh, Indonesia",ID,ID01,18585,3.5292,99.0184,10119106,20260803080000,https://en.antaranews.com/news/425223/minister-urges-stronger-role-for-mosques-in-community-empowerment
1316555642,20260803,202608,2026,2026.5836,IDN,INDONESIA,IDN,,,,,,,,MOS,IMAM,,,,MOS,,,,,1,020,020,02,1,3.0,2,1,2,6.80473372781065,1,United States,US,US,,39.828175,-98.5795,US,4,"Mecca, Makkah, Saudi Arabia",SA,SA14,25312,21.4267,39.8261,-3096949,1,United States,US,US,,39.828175,-98.5795,US,20260803080000,https://en.antaranews.com/news/425223/minister-urges-stronger-role-for-mosques-in-community-empowerment
1316555643,20260803,202608,2026,2026.5836,IDN,INDONESIA,IDN,,,,,,,,REB,ARMED INSURGENT,,,,,,REB,,,1,190,190,19,4,-10.0,4,1,4,-6.34920634920635,4,"Antara, Aceh, Indonesia",ID,ID01,18585,3.5292,99.0184,10119106,4,"Antara, Aceh, Indonesia",ID,ID01,18585,3.5292,99.0184,10119106,4,"Antara, Aceh, Indonesia",ID,ID01,18585,3.5292,99.0184,10119106,20260803080000,https://en.antaranews.com/news/425187/five-workers-killed-by-insurgents-in-highland-papua-manhunt-ongoing
1316555644,20260803,202608,2026,2026.5836,IDN,INDONESIA,IDN,,,,,,,,SAU,SAUDI ARABIA,SAU,,,,,,,,1,042,042,04,1,1.9,4,1,4,6.80473372781065,4,"Antara, Aceh, Indonesia",ID,ID01,18585,3.5292,99.0184,10119106,4,"Sudais, Saudi Arabia (general), Saudi Arabia",SA,SA00,25316,25.3,45.1667,-3099666,4,"Sudais, Saudi Arabia (general), Saudi Arabia",SA,SA00,25316,25.3,45.1667,-3099666,20260803080000,https://en.antaranews.com/news/425223/minister-urges-stronger-role-for-mosques-in-community-empowerment
1316555645,20260803,202608,2026,2026.5836,IDN,JAKARTA,IDN,,,,,,,,THA,THAI,THA,,,,,,,,1,020,020,02,1,3.0,2,1,2,1.85185185185185,4,"Jakarta, Jakarta Raya, Indonesia",ID,ID04,18585,-6.17444,106.829,-2679652,4,"Merdeka, Nusa Tenggara Timur, Indonesia",ID,ID18,18585,-9.10583,124.898,8008058,4,"Merdeka, Nusa Tenggara Timur, Indonesia",ID,ID18,18585,-9.10583,124.898,8008058,20260803080000,https://en.antaranews.com/news/425217/indonesian-president-prabowo-to-host-thai-pm-charnvirakul-in-jakarta
1316555646,20260803,202608,2026,2026.5836,IDN,JAKARTA,IDN,,,,,,,,THA,THAI,THA,,,,,,,,1,020,020,02,1,3.0,2,1,2,1.85185185185185,4,"Jakarta, Jakarta Raya, Indonesia",ID,ID04,18585,-6.17444,106.829,-2679652,1,Thailand,TH,TH,,15,100,TH,1,Thailand,TH,TH,,15,100,TH,20260803080000,https://en.antaranews.com/news/425217/indonesian-president-prabowo-to-host-thai-pm-charnvirakul-in-jakarta
1316555647,20260803,202608,2026,2026.5836,IDN,INDONESIA,IDN,,,,,,,,THA,THAI,THA,,,,,,,,1,036,036,03,1,4.0,2,1,2,1.85185185185185,4,"Antara, Aceh, Indonesia",ID,ID01,18585,3.5292,99.0184,10119106,1,Thailand,TH,TH,,15,100,TH,1,Thailand,TH,TH,,15,100,TH,20260803080000,https://en.antaranews.com/news/425217/indonesian-president-prabowo-to-host-thai-pm-charnvirakul-in-jakarta
1316555648,20260803,202608,2026,2026.5836,IDN,INDONESIA,IDN,,,,,,,,THA,THAILAND,THA,,,,,,,,0,042,042,04,1,1.9,1,1,1,1.85185185185185,4,"Merdeka, Nusa Tenggara Timur, Indonesia",ID,ID18,18585,-9.10583,124.898,8008058,4,"Merdeka, Nusa Tenggara Timur, Indonesia",ID,ID18,18585,-9.10583,124.898,8008058,4,"Merdeka, Nusa Tenggara Timur, Indonesia",ID,ID18,18585,-9.10583,124.898,8008058,20260803080000,https://en.antaranews.com/news/425217/indonesian-president-prabowo-to-host-thai-pm-charnvirakul-in-jakarta
1316555649,20260803,202608,2026,2026.5836,IDN,INDONESIA,IDN,,,,,,,,THA,THAILAND,THA,,,,,,,,0,042,042,04,1,1.9,5,1,5,1.85185185185185,4,"Merdeka, Nusa Tenggara Timur, Indonesia",ID,ID18,18585,-9.10583,124.898,8008058,1,Thailand,TH,TH,,15,100,TH,1,Thailand,TH,TH,,15,100,TH,20260803080000,https://en.antaranews.com/news/425217/indonesian-president-prabowo-to-host-thai-pm-charnvirakul-in-jakarta
1316555650,20260803,202608,2026,2026.5836,IDN,INDONESIAN,IDN,,,,,,,,THA,THAI,THA,,,,,,,,1,043,043,04,1,2.8,1,1,1,1.85185185185185,4,"Jakarta, Jakarta Raya, Indonesia",ID,ID04,18585,-6.17444,106.829,-2679652,4,"Jakarta, Jakarta Raya, Indonesia",ID,ID04,18585,-6.17444,106.829,-2679652,4,"Jakarta, Jakarta Raya, Indonesia",ID,ID04,18585,-6.17444,106.829,-2679652,20260803080000,https://en.antaranews.com/news/425217/indonesian-president-prabowo-to-host-thai-pm-charnvirakul-in-jakarta
1316555651,20260803,202608,2026,2026.5836,IDN,JAKARTA,IDN,,,,,,,,THA,THAILAND,THA,,,,,,,,1,043,043,04,1,2.8,6,1,6,1.85185185185185,4,"Jakarta, Jakarta Raya, Indonesia",ID,ID04,18585,-6.17444,106.829,-2679652,1,Thailand,TH,TH,,15,100,TH,4,"Jakarta, Jakarta Raya, Indonesia",ID,ID04,18585,-6.17444,106.829,-2679652,20260803080000,https://en.antaranews.com/news/425217/indonesian-president-prabowo-to-host-thai-pm-charnvirakul-in-jakarta
1316555652,20260803,202608,2026,2026.5836,IDN,INDONESIA,IDN,,,,,,,,THA,THAI,THA,,,,,,,,1,043,043,04,1,2.8,1,1,1,1.85185185185185,4,"Jakarta, Jakarta Raya, Indonesia",ID,ID04,18585,-6.17444,106.829,-2679652,1,Thailand,TH,TH,,15,100,TH,1,Thailand,TH,TH,,15,100,TH,20260803080000,https://en.antaranews.com/news/425217/indonesian-president-prabowo-to-host-thai-pm-charnvirakul-in-jakarta
1316555653,20260803,202608,2026,2026.5836,IDN,INDONESIA,IDN,,,,,,,,THA,THAI,THA,,,,,,,,1,043,043,04,1,2.8,2,1,2,1.85185185185185,1,Thailand,TH,TH,,15,100,TH,4,"Jakarta, Jakarta Raya, Indonesia",ID,ID04,18585,-6.17444,106.829,-2679652,4,"Jakarta, Jakarta Raya, Indonesia",ID,ID04,18585,-6.17444,106.829,-2679652,20260803080000,https://en.antaranews.com/news/425217/indonesian-president-prabowo-to-host-thai-pm-charnvirakul-in-jakarta
1316555654,20260803,202608,2026,2026.5836,IDN,JAKARTA,IDN,,,,,,,,THAGOV,THAI,THA,,,,,GOV,,,1,020,020,02,1,3.0,6,1,6,1.85185185185185,4,"Jakarta, Jakarta Raya, Indonesia",ID,ID04,18585,-6.17444,106.829,-2679652,1,Thailand,TH,TH,,15,100,TH,1,Thailand,TH,TH,,15,100,TH,20260803080000,https://en.antaranews.com/news/425217/indonesian-president-prabowo-to-host-thai-pm-charnvirakul-in-jakarta
1316555655,20260803,202608,2026,2026.5836,IDN,INDONESIA,IDN,,,,,,,,THAGOV,THAILAND,THA,,,,,GOV,,,0,043,043,04,1,2.8,2,1,2,1.85185185185185,4,"Jakarta, Jakarta Raya, Indonesia",ID,ID04,18585,-6.17444,106.829,-2679652,4,"Jakarta, Jakarta Raya, Indonesia",ID,ID04,18585,-6.17444,106.829,-2679652,4,"Jakarta, Jakarta Raya, Indonesia",ID,ID04,18585,-6.17444,106.829,-2679652,20260803080000,https://en.antaranews.com/news/425217/indonesian-president-prabowo-to-host-thai-pm-charnvirakul-in-jakarta
1316555656,20260803,202608,2026,2026.5836,IDN,INDONESIA,IDN,,,,,,,,THAGOV,THAI,THA,,,,,GOV,,,0,043,043,04,1,2.8,6,1,6,1.85185185185185,4,"Jakarta, Jakarta Raya, Indonesia",ID,ID04,18585,-6.17444,106.829,-2679652,1,Thailand,TH,TH,,15,100,TH,4,"Jakarta, Jakarta Raya, Indonesia",ID,ID04,18585,-6.17444,106.829,-2679652,20260803080000,https://en.antaranews.com/news/425217/indonesian-president-prabowo-to-host-thai-pm-charnvirakul-in-jakarta
1316555657,20260803,202608,2026,2026.5836,IDN,INDONESIA,IDN,,,,,,,,THAGOV,THAI,THA,,,,,GOV,,,1,043,043,04,1,2.8,8,1,6,1.85185185185185,4,"Jakarta, Jakarta Raya, Indonesia",ID,ID04,18585,-6.17444,106.829,-2679652,1,Thailand,TH,TH,,15,100,TH,1,Thailand,TH,TH,,15,100,TH,20260803080000,https://en.antaranews.com/news/425217/indonesian-president-prabowo-to-host-thai-pm-charnvirakul-in-jakarta
1316555658,20260803,202608,2026,2026.5836,IDN,INDONESIA,IDN,,,,,,,,USA,AMERICAN,USA,,,,,,,,0,043,043,04,1,2.8,5,1,5,-6.34920634920635,4,"Antara, Aceh, Indonesia",ID,ID01,18585,3.5292,99.0184,10119106,1,United States,US,US,,39.828175,-98.5795,US,4,"Antara, Aceh, Indonesia",ID,ID01,18585,3.5292,99.0184,10119106,20260803080000,https://en.antaranews.com/news/425187/five-workers-killed-by-insurgents-in-highland-papua-manhunt-ongoing
1316555659,20260803,202608,2026,2026.5836,IDN,INDONESIA,IDN,,,,,,,,USA,UNITED STATES,USA,,,,,,,,0,043,043,04,1,2.8,2,1,2,-6.34920634920635,4,"Antara, Aceh, Indonesia",ID,ID01,18585,3.5292,99.0184,10119106,1,United States,US,US,,39.828175,-98.5795,US,1,United States,US,US,,39.828175,-98.5795,US,20260803080000,https://en.antaranews.com/news/425187/five-workers-killed-by-insurgents-in-highland-papua-manhunt-ongoing
1316555660,20260803,202608,2026,2026.5836,IDN,INDONESIA,IDN,,,,,,,,USA,AMERICAN,USA,,,,,,,,0,043,043,04,1,2.8,1,1,1,-6.34920634920635,1,United States,US,US,,39.828175,-98.5795,US,1,United States,US,US,,39.828175,-98.5795,US,1,United States,US,US,,39.828175,-98.5795,US,20260803080000,https://en.antaranews.com/news/425187/five-workers-killed-by-insurgents-in-highland-papua-manhunt-ongoing
1316555661,20260803,202608,2026,2026.5836,IDNBUS,INDONESIA,IDN,,,,,BUS,,,THA,THAI,THA,,,,,,,,0,043,043,04,1,2.8,1,1,1,1.85185185185185,4,"Merdeka, Nusa Tenggara Timur, Indonesia",ID,ID18,18585,-9.10583,124.898,8008058,4,"Merdeka, Nusa Tenggara Timur, Indonesia",ID,ID18,18585,-9.10583,124.898,8008058,4,"Merdeka, Nusa Tenggara Timur, Indonesia",ID,ID18,18585,-9.10583,124.898,8008058,20260803080000,https://en.antaranews.com/news/425217/indonesian-president-prabowo-to-host-thai-pm-charnvirakul-in-jakarta
1316555662,20260803,202608,2026,2026.5836,IDNBUS,INDONESIA,IDN,,,,,BUS,,,THA,THAI,THA,,,,,,,,0,043,043,04,1,2.8,1,1,1,1.85185185185185,4,"Merdeka, Nusa Tenggara Timur, Indonesia",ID,ID18,18585,-9.10583,124.898,8008058,1,Thailand,TH,TH,,15,100,TH,1,Thailand,TH,TH,,15,100,TH,20260803080000,https://en.antaranews.com/news/425217/indonesian-president-prabowo-to-host-thai-pm-charnvirakul-in-jakarta
1316555663,20260803,202608,2026,2026.5836,IDNCOP,INDONESIAN,IDN,,,,,COP,,,IDN,ACEH,IDN,,,,,,,,0,042,042,04,1,1.9,4,1,4,1.85185185185185,4,"Merdeka, Nusa Tenggara Timur, Indonesia",ID,ID18,18585,-9.10583,124.898,8008058,4,"Merdeka, Nusa Tenggara Timur, Indonesia",ID,ID18,18585,-9.10583,124.898,8008058,4,"Merdeka, Nusa Tenggara Timur, Indonesia",ID,ID18,18585,-9.10583,124.898,8008058,20260803080000,https://en.antaranews.com/news/425217/indonesian-president-prabowo-to-host-thai-pm-charnvirakul-in-jakarta
1316555664,20260803,202608,2026,2026.5836,IDNCOP,INDONESIA,IDN,,,,,COP,,,IDN,ACEH,IDN,,,,,,,,0,042,042,04,1,1.9,1,1,1,1.85185185185185,1,Thailand,TH,TH,,15,100,TH,1,Thailand,TH,TH,,15,100,TH,1,Thailand,TH,TH,,15,100,TH,20260803080000,https://en.antaranews.com/news/425217/indonesian-president-prabowo-to-host-thai-pm-charnvirakul-in-jakarta
1316555665,20260803,202608,2026,2026.5836,IDNCOP,INDONESIAN,IDN,,,,,COP,,,IDN,ACEH,IDN,,,,,,,,0,173,173,17,4,-5.0,4,1,4,1.85185185185185,4,"Merdeka, Nusa Tenggara Timur, Indonesia",ID,ID18,18585,-9.10583,124.898,8008058,4,"Merdeka, Nusa Tenggara Timur, Indonesia",ID,ID18,18585,-9.10583,124.898,8008058,4,"Merdeka, Nusa Tenggara Timur, Indonesia",ID,ID18,18585,-9.10583,124.898,8008058,20260803080000,https://en.antaranews.com/news/425217/indonesian-president-prabowo-to-host-thai-pm-charnvirakul-in-jakarta
1316555666,20260803,202608,2026,2026.5836,IDNCOP,INDONESIA,IDN,,,,,COP,,,IDN,ACEH,IDN,,,,,,,,0,173,173,17,4,-5.0,1,1,1,1.85185185185185,1,Thailand,TH,TH,,15,100,TH,1,Thailand,TH,TH,,15,100,TH,1,Thailand,TH,TH,,15,100,TH,20260803080000,https://en.antaranews.com/news/425217/indonesian-president-prabowo-to-host-thai-pm-charnvirakul-in-jakarta
1316555667,20260803,202608,2026,2026.5836,IDNGOV,INDONESIA,IDN,,,,,GOV,,,CVL,VILLAGE,,,,,,CVL,,,1,010,010,01,1,0.0,1,1,1,7.12166172106825,4,"Antara, Aceh, Indonesia",ID,ID01,18585,3.5292,99.0184,10119106,4,"Antara, Aceh, Indonesia",ID,ID01,18585,3.5292,99.0184,10119106,4,"Antara, Aceh, Indonesia",ID,ID01,18585,3.5292,99.0184,10119106,20260803080000,https://en.antaranews.com/news/425185/indonesia-expands-aquaculture-to-supply-free-meals-program
1316555668,20260803,202608,2026,2026.5836,IDNGOV,INDONESIA,IDN,,,,,GOV,,,THA,THAI,THA,,,,,,,,1,036,036,03,1,4.0,2,1,2,1.85185185185185,4,"Antara, Aceh, Indonesia",ID,ID01,18585,3.5292,99.0184,10119106,4,"Merdeka, Nusa Tenggara Timur, Indonesia",ID,ID18,18585,-9.10583,124.898,8008058,4,"Antara, Aceh, Indonesia",ID,ID01,18585,3.5292,99.0184,10119106,20260803080000,https://en.antaranews.com/news/425217/indonesian-president-prabowo-to-host-thai-pm-charnvirakul-in-jakarta
1316555669,20260803,202608,2026,2026.5836,IDNGOV,INDONESIAN,IDN,,,,,GOV,,,THA,THAI,THA,,,,,,,,1,043,043,04,1,2.8,4,1,4,1.85185185185185,1,Thailand,TH,TH,,15,100,TH,4,"Jakarta, Jakarta Raya, Indonesia",ID,ID04,18585,-6.17444,106.829,-2679652,1,Thailand,TH,TH,,15,100,TH,20260803080000,https://en.antaranews.com/news/425217/indonesian-president-prabowo-to-host-thai-pm-charnvirakul-in-jakarta
1316555670,20260803,202608,2026,2026.5836,IDNGOV,INDONESIA,IDN,,,,,GOV,,,THA,THAILAND,THA,,,,,,,,1,043,043,04,1,2.8,2,1,2,1.85185185185185,1,Thailand,TH,TH,,15,100,TH,1,Thailand,TH,TH,,15,100,TH,1,Thailand,TH,TH,,15,100,TH,20260803080000,https://en.antaranews.com/news/425217/indonesian-president-prabowo-to-host-thai-pm-charnvirakul-in-jakarta
1316555671,20260803,202608,2026,2026.5836,IDNGOV,INDONESIA,IDN,,,,,GOV,,,THAGOV,THAILAND,THA,,,,,GOV,,,1,036,036,03,1,4.0,2,1,2,1.85185185185185,4,"Antara, Aceh, Indonesia",ID,ID01,18585,3.5292,99.0184,10119106,1,Thailand,TH,TH,,15,100,TH,4,"Antara, Aceh, Indonesia",ID,ID01,18585,3.5292,99.0184,10119106,20260803080000,https://en.antaranews.com/news/425217/indonesian-president-prabowo-to-host-thai-pm-charnvirakul-in-jakarta
1316555672,20260803,202608,2026,2026.5836,IDNGOV,INDONESIAN,IDN,,,,,GOV,,,THAGOV,THAI,THA,,,,,GOV,,,1,036,036,03,1,4.0,4,1,4,1.85185185185185,4,"Antara, Aceh, Indonesia",ID,ID01,18585,3.5292,99.0184,10119106,1,Thailand,TH,TH,,15,100,TH,1,Thailand,TH,TH,,15,100,TH,20260803080000,https://en.antaranews.com/news/425217/indonesian-president-prabowo-to-host-thai-pm-charnvirakul-in-jakarta
1316555673,20260803,202608,2026,2026.5836,IDNMIL,INDONESIA,IDN,,,,,MIL,,,MIL,NAVAL UNIT,,,,,,MIL,,,1,012,012,01,1,-0.4,2,1,2,1.34228187919463,5,"East Java, Jawa Timur, Indonesia",ID,ID08,18585,-7.7394,112.51,-2679925,5,"East Java, Jawa Timur, Indonesia",ID,ID08,18585,-7.7394,112.51,-2679925,5,"East Java, Jawa Timur, Indonesia",ID,ID08,18585,-7.7394,112.51,-2679925,20260803080000,https://en.antaranews.com/news/425213/indonesian-navy-deploys-warships-aircraft-in-ferry-fire-rescue
1316555674,20260803,202608,2026,2026.5836,IDNMIL,INDONESIAN,IDN,,,,,MIL,,,MIL,WARSHIP,,,,,,MIL,,,1,073,073,07,2,7.4,3,1,3,1.34228187919463,4,"Jakarta, Jakarta Raya, Indonesia",ID,ID04,18585,-6.17444,106.829,-2679652,4,"Jakarta, Jakarta Raya, Indonesia",ID,ID04,18585,-6.17444,106.829,-2679652,4,"Jakarta, Jakarta Raya, Indonesia",ID,ID04,18585,-6.17444,106.829,-2679652,20260803080000,https://en.antaranews.com/news/425213/indonesian-navy-deploys-warships-aircraft-in-ferry-fire-rescue
1316555675,20260803,202608,2026,2026.5836,IDNMIL,INDONESIAN,IDN,,,,,MIL,,,MIL,WARSHIP,,,,,,MIL,,,1,195,195,19,4,-10.0,3,1,3,1.34228187919463,4,"Java Sea, Oceans (general), Oceans",OS,OS00,18585,-5,110,-1506383,5,"East Java, Jawa Timur, Indonesia",ID,ID08,18585,-7.7394,112.51,-2679925,5,"East Java, Jawa Timur, Indonesia",ID,ID08,18585,-7.7394,112.51,-2679925,20260803080000,https://en.antaranews.com/news/425213/indonesian-navy-deploys-warships-aircraft-in-ferry-fire-rescue
1316555676,20260803,202608,2026,2026.5836,IGOEUREEC,THE EU,EUR,EEC,,,,IGO,,,GOV,INTERIOR MINIST,,,,,,GOV,,,0,040,040,04,1,1.0,10,1,10,-7.89968652037617,4,"Canary Islands, Spain (general), Spain",SP,SP00,25789,28,-15.5,-375618,4,"Canary Islands, Spain (general), Spain",SP,SP00,25789,28,-15.5,-375618,4,"Canary Islands, Spain (general), Spain",SP,SP00,25789,28,-15.5,-375618,20260803080000,https://www.wsws.org/en/articles/2026/08/03/isbz-a03.html
1316555677,20260803,202608,2026,2026.5836,IGOEUREEC,THE EU,EUR,EEC,,,,IGO,,,GOV,INTERIOR MINIST,,,,,,GOV,,,0,106,106,10,3,-5.0,10,1,10,-7.89968652037617,4,"Canary Islands, Spain (general), Spain",SP,SP00,25789,28,-15.5,-375618,4,"Canary Islands, Spain (general), Spain",SP,SP00,25789,28,-15.5,-375618,4,"Canary Islands, Spain (general), Spain",SP,SP00,25789,28,-15.5,-375618,20260803080000,https://www.wsws.org/en/articles/2026/08/03/isbz-a03.html
1316555678,20260803,202608,2026,2026.5836,IGOEUREEC,THE EU,EUR,EEC,,,,IGO,,,GRC,GREEK,GRC,,,,,,,,0,090,090,09,2,-2.0,10,1,10,-3.27868852459016,1,Greece,GR,GR,,39,22,GR,1,Greece,GR,GR,,39,22,GR,1,Greece,GR,GR,,39,22,GR,20260803080000,https://www.presstv.co.uk/Detail/2026/08/03/773627/eu-forces-board-sanctioned-russian-shadow-fleet-tanker
1316555679,20260803,202608,2026,2026.5836,IGOSEAASN,ASEAN,SEA,ASN,,,,IGO,,,GOV,SPECIAL ENVOY,,,,,,GOV,,,0,100,100,10,3,-5.0,6,1,6,0,4,"Bangkok, Krung Thep Mahanakhon, Thailand",TH,TH40,26423,13.75,100.517,-3250083,4,"Bangkok, Krung Thep Mahanakhon, Thailand",TH,TH40,26423,13.75,100.517,-3250083,4,"Bangkok, Krung Thep Mahanakhon, Thailand",TH,TH40,26423,13.75,100.517,-3250083,20260803080000,https://www.yahoo.com/news/world/articles/detained-suu-kyi-meets-red-054111633.html
1316555680,20260803,202608,2026,2026.5836,IGOSEAASN,ASEAN,SEA,ASN,,,,IGO,,,GOV,SPECIAL ENVOY,,,,,,GOV,,,0,100,100,10,3,-5.0,4,1,4,0,1,United Kingdom,UK,UK,,54,-4,UK,1,United Kingdom,UK,UK,,54,-4,UK,1,United Kingdom,UK,UK,,54,-4,UK,20260803080000,https://www.yahoo.com/news/world/articles/detained-suu-kyi-meets-red-054111633.html
1316555681,20260803,202608,2026,2026.5836,IGOUNO,UNITED NATIONS,,UNO,,,,IGO,,,ISR,ISRAEL,ISR,,,,,,,,0,111,111,11,3,-2.0,2,1,2,-4.07608695652174,4,"Golan Heights, Syria (general), Syria",SY,SY00,26337,32.9049,35.8072,-2538190,4,"Tel Aviv, Tel Aviv, Israel",IS,IS05,18316,32.0667,34.7667,-781545,4,"Tel Aviv, Tel Aviv, Israel",IS,IS05,18316,32.0667,34.7667,-781545,20260803080000,https://www.presstv.co.uk/Detail/2026/08/03/773623/Israeli-forces-launch-fresh-ground-incursion-into-Syria
1316555682,20260803,202608,2026,2026.5836,IGOUNO,UNITED NATIONS,,UNO,,,,IGO,,,ISR,ISRAEL,ISR,,,,,,,,0,111,111,11,3,-2.0,8,1,8,-4.07608695652174,4,"Tel Aviv, Tel Aviv, Israel",IS,IS05,18316,32.0667,34.7667,-781545,4,"Tel Aviv, Tel Aviv, Israel",IS,IS05,18316,32.0667,34.7667,-781545,4,"Tel Aviv, Tel Aviv, Israel",IS,IS05,18316,32.0667,34.7667,-781545,20260803080000,https://www.presstv.co.uk/Detail/2026/08/03/773623/Israeli-forces-launch-fresh-ground-incursion-into-Syria
1316555683,20260803,202608,2026,2026.5836,IGOUNODEV,UNESCO,,UNO,,,,IGO,DEV,,,,,,,,,,,,1,023,023,02,1,3.4,20,2,20,3.40051220304646,5,"Odisha, Orissa, India",IN,IN21,70217,20.5,84.4167,-2106554,0,,,,,,,,5,"Odisha, Orissa, India",IN,IN21,70217,20.5,84.4167,-2106554,20260803080000,https://www.hindustantimes.com/india-news/odisha-seeks-centre-s-help-for-unesco-s-intangible-cultural-heritage-of-humanity-tag-for-rath-yatra-101785742263943.html
1316555684,20260803,202608,2026,2026.5836,IGOUNODEV,UNESCO,,UNO,,,,IGO,DEV,,,,,,,,,,,,1,070,070,07,2,7.0,10,2,10,3.40051220304646,5,"Odisha, Orissa, India",IN,IN21,70217,20.5,84.4167,-2106554,0,,,,,,,,5,"Odisha, Orissa, India",IN,IN21,70217,20.5,84.4167,-2106554,20260803080000,https://www.hindustantimes.com/india-news/odisha-seeks-centre-s-help-for-unesco-s-intangible-cultural-heritage-of-humanity-tag-for-rath-yatra-101785742263943.html
1316555685,20260803,202608,2026,2026.5836,IND,BHUBANESWAR,IND,,,,,,,,,,,,,,,,,,1,036,036,03,1,4.0,5,1,5,-0.246305418719213,4,"Bhubaneswar, Orissa, India",IN,IN21,70219,20.2333,85.8333,-2091695,0,,,,,,,,4,"Bhubaneswar, Orissa, India",IN,IN21,70219,20.2333,85.8333,-2091695,20260803080000,https://www.orissapost.com/president-murmu-to-land-in-odisha-monday-afternoon-heres-her-itinerary/
1316555686,20260803,202608,2026,2026.5836,IND,BHUBANESWAR,IND,,,,,,,,,,,,,,,,,,1,036,036,03,1,4.0,1,1,1,-0.246305418719213,4,"Bhubaneswar, Orissa, India",IN,IN21,70219,20.2333,85.8333,-2091695,0,,,,,,,,4,"Ganjam, India (general), India",IN,IN00,17811,19.3833,85.0667,-2095914,20260803080000,https://www.orissapost.com/president-murmu-to-land-in-odisha-monday-afternoon-heres-her-itinerary/
1316555687,20260803,202608,2026,2026.5836,IND,BHUBANESWAR,IND,,,,,,,,,,,,,,,,,,1,036,036,03,1,4.0,1,1,1,-0.246305418719213,4,"Bhubaneswar, Orissa, India",IN,IN21,70219,20.2333,85.8333,-2091695,0,,,,,,,,5,"Odisha, Orissa, India",IN,IN21,70217,20.5,84.4167,-2106554,20260803080000,https://www.orissapost.com/president-murmu-to-land-in-odisha-monday-afternoon-heres-her-itinerary/
1316555688,20260803,202608,2026,2026.5836,IND,BHUBANESWAR,IND,,,,,,,,,,,,,,,,,,1,036,036,03,1,4.0,1,1,1,-0.246305418719213,5,"Orissa, Orissa, India",IN,IN21,70217,20.5,84.4167,-2106554,0,,,,,,,,5,"Orissa, Orissa, India",IN,IN21,70217,20.5,84.4167,-2106554,20260803080000,https://www.orissapost.com/president-murmu-to-land-in-odisha-monday-afternoon-heres-her-itinerary/
1316555689,20260803,202608,2026,2026.5836,IND,KERALA,IND,,,,,,,,,,,,,,,,,,1,090,090,09,2,-2.0,6,1,6,1.73674588665448,4,"Dubai, Dubayy, United Arab Emirates",AE,AE03,28575,25.2522,55.28,-782831,0,,,,,,,,4,"Dubai, Dubayy, United Arab Emirates",AE,AE03,28575,25.2522,55.28,-782831,20260803080000,https://www.hindustantimes.com/trending/indian-man-shares-reality-of-dubai-job-hunt-after-500-applications-some-offered-a-quarter-of-my-previous-salary-101785741457039.html
1316555690,20260803,202608,2026,2026.5836,IND,BHUBANESWAR,IND,,,,,,,,EDU,UNIVERSITY,,,,,,EDU,,,1,036,036,03,1,4.0,6,1,6,-0.246305418719213,4,"Bhubaneswar, Orissa, India",IN,IN21,70219,20.2333,85.8333,-2091695,4,"Bhubaneswar, Orissa, India",IN,IN21,70219,20.2333,85.8333,-2091695,4,"Bhubaneswar, Orissa, India",IN,IN21,70219,20.2333,85.8333,-2091695,20260803080000,https://www.orissapost.com/president-murmu-to-land-in-odisha-monday-afternoon-heres-her-itinerary/
1316555691,20260803,202608,2026,2026.5836,IND,BIHAR,IND,,,,,,,,GOV,MINIST,,,,,,GOV,,,1,013,013,01,1,0.4,4,1,4,0.31347962382445,4,"Sonepur, Orissa, India",IN,IN21,70225,20.8333,83.9167,-2111843,4,"Sonepur, Orissa, India",IN,IN21,70225,20.8333,83.9167,-2111843,4,"Sonepur, Orissa, India",IN,IN21,70225,20.8333,83.9167,-2111843,20260803080000,https://www.businesstoday.in/india/story/bad-news-for-bjp-prashant-kishor-widens-lead-in-bankipur-bypoll-546814-2026-08-03
1316555692,20260803,202608,2026,2026.5836,IND,ANDHRA PRADESH,IND,,,,,,,,GOV,GOVERNMENT,,,,,,GOV,,,1,020,020,02,1,3.0,10,1,10,-1.28205128205128,0,,,,,,,,0,,,,,,,,0,,,,,,,,20260803080000,https://www.thehindu.com/news/national/andhra-pradesh/include-velama-community-in-obc-list-corporation-chairman-asks-centre/article71300047.ece
1316555693,20260803,202608,2026,2026.5836,IND,BHUBANESWAR,IND,,,,,,,,GOV,PRESIDENT,,,,,,GOV,,,1,036,036,03,1,4.0,2,1,2,-0.246305418719213,4,"Bhubaneswar, Orissa, India",IN,IN21,70219,20.2333,85.8333,-2091695,4,"Bhubaneswar, Orissa, India",IN,IN21,70219,20.2333,85.8333,-2091695,4,"Bhubaneswar, Orissa, India",IN,IN21,70219,20.2333,85.8333,-2091695,20260803080000,https://www.orissapost.com/president-murmu-to-land-in-odisha-monday-afternoon-heres-her-itinerary/
1316555694,20260803,202608,2026,2026.5836,IND,ASSAM,IND,,,,,,,,GOV,GOVERNMENT,,,,,,GOV,,,1,084,084,08,2,7.0,5,1,5,-1.78571428571429,0,,,,,,,,0,,,,,,,,0,,,,,,,,20260803080000,https://www.thehindu.com/news/national/assam/assam-flood-government-releases-first-tranche-of-75000-interim-relief-to-affected-households/article71300185.ece
1316555695,20260803,202608,2026,2026.5836,IND,BHUBANESWAR,IND,,,,,,,,IGOUNODEV,UNESCO,,UNO,,,,IGO,DEV,,1,022,022,02,1,3.2,12,2,12,3.40051220304646,4,"Bhubaneswar, Orissa, India",IN,IN21,70219,20.2333,85.8333,-2091695,5,"Odisha, Orissa, India",IN,IN21,70217,20.5,84.4167,-2106554,5,"Odisha, Orissa, India",IN,IN21,70217,20.5,84.4167,-2106554,20260803080000,https://www.hindustantimes.com/india-news/odisha-seeks-centre-s-help-for-unesco-s-intangible-cultural-heritage-of-humanity-tag-for-rath-yatra-101785742263943.html
1316555696,20260803,202608,2026,2026.5836,IND,BHUBANESWAR,IND,,,,,,,,IGOUNODEV,UNESCO,,UNO,,,,IGO,DEV,,1,051,051,05,1,3.4,12,2,12,3.40051220304646,4,"Bhubaneswar, Orissa, India",IN,IN21,70219,20.2333,85.8333,-2091695,5,"Odisha, Orissa, India",IN,IN21,70217,20.5,84.4167,-2106554,5,"Odisha, Orissa, India",IN,IN21,70217,20.5,84.4167,-2106554,20260803080000,https://www.hindustantimes.com/india-news/odisha-seeks-centre-s-help-for-unesco-s-intangible-cultural-heritage-of-humanity-tag-for-rath-yatra-101785742263943.html
1316555697,20260803,202608,2026,2026.5836,INDGOV,BIHAR,IND,,,,,GOV,,,,,,,,,,,,,1,013,013,01,1,0.4,2,1,2,0.31347962382445,4,"Sonepur, Orissa, India",IN,IN21,70225,20.8333,83.9167,-2111843,0,,,,,,,,4,"Sonepur, Orissa, India",IN,IN21,70225,20.8333,83.9167,-2111843,20260803080000,https://www.businesstoday.in/india/story/bad-news-for-bjp-prashant-kishor-widens-lead-in-bankipur-bypoll-546814-2026-08-03
1316555698,20260803,202608,2026,2026.5836,INDGOV,TAMIL NADU,IND,,,,,GOV,,,GOV,GOVERNMENT,,,,,,GOV,,,0,020,020,02,1,3.0,1,1,1,-3.37078651685393,5,"Tamil Nadu, Tamil Nadu, India",IN,IN25,70248,11,78,-2112557,5,"Tamil Nadu, Tamil Nadu, India",IN,IN25,70248,11,78,-2112557,5,"Tamil Nadu, Tamil Nadu, India",IN,IN25,70248,11,78,-2112557,20260803080000,https://www.hindustantimes.com/cities/pmk-urges-tn-govt-to-settle-long-pending-police-grievances-101785742203091.html
1316555699,20260803,202608,2026,2026.5836,IRN,IRAN,IRN,,,,,,,,,,,,,,,,,,0,010,010,01,1,0.0,2,1,2,-1.2962962962963,4,"Tehran, Tehran, Iran",IR,IR26,41130,35.75,51.5148,10074674,0,,,,,,,,4,"Gulf Of Oman, Iran (general), Iran",IR,IR00,40979,25.4489,57.7939,-3077385,20260803080000,https://www.middle-east-online.com/en/iran-oman-near-agreement-strait-hormuz-management
1316555700,20260803,202608,2026,2026.5836,IRN,IRAN,IRN,,,,,,,,,,,,,,,,,,0,050,050,05,1,3.5,2,1,2,-1.2962962962963,4,"Tehran, Tehran, Iran",IR,IR26,41130,35.75,51.5148,10074674,0,,,,,,,,4,"Gulf Of Oman, Iran (general), Iran",IR,IR00,40979,25.4489,57.7939,-3077385,20260803080000,https://www.middle-east-online.com/en/iran-oman-near-agreement-strait-hormuz-management
1316555701,20260803,202608,2026,2026.5836,IRN,IRANIAN,IRN,,,,,,,,IRNMED,IRAN,IRN,,,,,MED,,,0,010,010,01,1,0.0,4,1,4,-1.32013201320132,4,"Tehran, Tehran, Iran",IR,IR26,41130,35.75,51.5148,10074674,4,"Tehran, Tehran, Iran",IR,IR26,41130,35.75,51.5148,10074674,4,"Tehran, Tehran, Iran",IR,IR26,41130,35.75,51.5148,10074674,20260803080000,https://tradearabia.com:443/News/466093/US-Iran-talks-set-to-resume-today-amid-Gulf-de-escalation-efforts
1316555702,20260803,202608,2026,2026.5836,IRN,IRANIAN,IRN,,,,,,,,IRNMEDGOV,FARS NEWS,IRN,,,,,MED,GOV,,0,016,016,01,1,-2.0,2,1,2,-1.32013201320132,4,"Tehran, Tehran, Iran",IR,IR26,41130,35.75,51.5148,10074674,4,"Tehran, Tehran, Iran",IR,IR26,41130,35.75,51.5148,10074674,4,"Tehran, Tehran, Iran",IR,IR26,41130,35.75,51.5148,10074674,20260803080000,https://tradearabia.com:443/News/466093/US-Iran-talks-set-to-resume-today-amid-Gulf-de-escalation-efforts
1316555703,20260803,202608,2026,2026.5836,IRN,IRANIAN,IRN,,,,,,,,IRNMEDGOV,FARS NEWS,IRN,,,,,MED,GOV,,0,016,016,01,1,-2.0,2,1,2,-1.32013201320132,4,"Tehran, Tehran, Iran",IR,IR26,41130,35.75,51.5148,10074674,3,"Washington, District of Columbia, United States",US,USDC,DC001,38.8951,-77.0364,531871,3,"Washington, District of Columbia, United States",US,USDC,DC001,38.8951,-77.0364,531871,20260803080000,https://tradearabia.com:443/News/466093/US-Iran-talks-set-to-resume-today-amid-Gulf-de-escalation-efforts
1316555704,20260803,202608,2026,2026.5836,IRN,IRAN,IRN,,,,,,,,MIL,AIR FORCE,,,,,,MIL,,,1,010,010,01,1,0.0,1,1,1,-1.32013201320132,3,"Washington, District of Columbia, United States",US,USDC,DC001,38.8951,-77.0364,531871,3,"Washington, District of Columbia, United States",US,USDC,DC001,38.8951,-77.0364,531871,3,"Washington, District of Columbia, United States",US,USDC,DC001,38.8951,-77.0364,531871,20260803080000,https://tradearabia.com:443/News/466093/US-Iran-talks-set-to-resume-today-amid-Gulf-de-escalation-efforts
1316555705,20260803,202608,2026,2026.5836,IRN,IRAN,IRN,,,,,,,,MIL,AIR FORCE,,,,,,MIL,,,1,010,010,01,1,0.0,1,1,1,-1.32013201320132,1,Oman,MU,MU,,21,57,MU,1,Oman,MU,MU,,21,57,MU,1,Oman,MU,MU,,21,57,MU,20260803080000,https://tradearabia.com:443/News/466093/US-Iran-talks-set-to-resume-today-amid-Gulf-de-escalation-efforts
1316555706,20260803,202608,2026,2026.5836,IRN,IRAN,IRN,,,,,,,,OMN,OMAN,OMN,,,,,,,,1,040,040,04,1,1.0,2,1,2,-1.2962962962963,1,Oman,MU,MU,,21,57,MU,1,Oman,MU,MU,,21,57,MU,1,Oman,MU,MU,,21,57,MU,20260803080000,https://www.middle-east-online.com/en/iran-oman-near-agreement-strait-hormuz-management
1316555707,20260803,202608,2026,2026.5836,IRN,IRAN,IRN,,,,,,,,OMN,OMAN,OMN,,,,,,,,1,046,046,04,1,7.0,8,1,8,-1.2962962962963,4,"Gulf Of Oman, Iran (general), Iran",IR,IR00,40979,25.4489,57.7939,-3077385,4,"Gulf Of Oman, Iran (general), Iran",IR,IR00,40979,25.4489,57.7939,-3077385,4,"Gulf Of Oman, Iran (general), Iran",IR,IR00,40979,25.4489,57.7939,-3077385,20260803080000,https://www.middle-east-online.com/en/iran-oman-near-agreement-strait-hormuz-management
1316555708,20260803,202608,2026,2026.5836,IRN,IRAN,IRN,,,,,,,,OMN,OMAN,OMN,,,,,,,,1,046,046,04,1,7.0,1,1,1,-1.2962962962963,4,"Tehran, Tehran, Iran",IR,IR26,41130,35.75,51.5148,10074674,4,"Gulf Of Oman, Iran (general), Iran",IR,IR00,40979,25.4489,57.7939,-3077385,4,"Gulf Of Oman, Iran (general), Iran",IR,IR00,40979,25.4489,57.7939,-3077385,20260803080000,https://www.middle-east-online.com/en/iran-oman-near-agreement-strait-hormuz-management
1316555709,20260803,202608,2026,2026.5836,IRN,IRAN,IRN,,,,,,,,OMN,OMAN,OMN,,,,,,,,0,050,050,05,1,3.5,2,1,2,-2.83018867924529,4,"Tehran, Tehran, Iran",IR,IR26,41130,35.75,51.5148,10074674,4,"Tehran, Tehran, Iran",IR,IR26,41130,35.75,51.5148,10074674,4,"Tehran, Tehran, Iran",IR,IR26,41130,35.75,51.5148,10074674,20260803080000,https://www.i24news.tv/en/news/international/artc-trump-says-talks-with-iran-to-start-on-monday-to-reopen-the-strait-of-hormuz-live-blog
1316555710,20260803,202608,2026,2026.5836,IRN,IRAN,IRN,,,,,,,,OMN,OMAN,OMN,,,,,,,,1,110,110,11,3,-2.0,2,1,2,-1.2962962962963,4,"Tehran, Tehran, Iran",IR,IR26,41130,35.75,51.5148,10074674,4,"Tehran, Tehran, Iran",IR,IR26,41130,35.75,51.5148,10074674,1,Oman,MU,MU,,21,57,MU,20260803080000,https://www.middle-east-online.com/en/iran-oman-near-agreement-strait-hormuz-management
1316555711,20260803,202608,2026,2026.5836,IRN,IRAN,IRN,,,,,,,,OMN,OMAN,OMN,,,,,,,,1,110,110,11,3,-2.0,6,1,6,-1.2962962962963,4,"Tehran, Tehran, Iran",IR,IR26,41130,35.75,51.5148,10074674,1,Oman,MU,MU,,21,57,MU,1,Oman,MU,MU,,21,57,MU,20260803080000,https://www.middle-east-online.com/en/iran-oman-near-agreement-strait-hormuz-management
1316555712,20260803,202608,2026,2026.5836,IRN,IRAN,IRN,,,,,,,,OMN,OMAN,OMN,,,,,,,,1,110,110,11,3,-2.0,2,1,2,-1.2962962962963,1,Oman,MU,MU,,21,57,MU,1,Oman,MU,MU,,21,57,MU,1,Oman,MU,MU,,21,57,MU,20260803080000,https://www.middle-east-online.com/en/iran-oman-near-agreement-strait-hormuz-management
1316555713,20260803,202608,2026,2026.5836,IRN,IRANIAN,IRN,,,,,,,,SAU,SAUDI,SAU,,,,,,,,0,041,041,04,1,1.0,1,1,1,-1.32013201320132,4,"Tehran, Tehran, Iran",IR,IR26,41130,35.75,51.5148,10074674,4,"Tehran, Tehran, Iran",IR,IR26,41130,35.75,51.5148,10074674,4,"Tehran, Tehran, Iran",IR,IR26,41130,35.75,51.5148,10074674,20260803080000,https://tradearabia.com:443/News/466093/US-Iran-talks-set-to-resume-today-amid-Gulf-de-escalation-efforts
1316555714,20260803,202608,2026,2026.5836,IRN,IRANIAN,IRN,,,,,,,,SAU,SAUDI,SAU,,,,,,,,0,041,041,04,1,1.0,1,1,1,-1.32013201320132,4,"Tehran, Tehran, Iran",IR,IR26,41130,35.75,51.5148,10074674,1,Saudi Arabia,SA,SA,,25,45,SA,1,Saudi Arabia,SA,SA,,25,45,SA,20260803080000,https://tradearabia.com:443/News/466093/US-Iran-talks-set-to-resume-today-amid-Gulf-de-escalation-efforts
1316555715,20260803,202608,2026,2026.5836,IRN,IRANIAN,IRN,,,,,,,,SAU,SAUDI,SAU,,,,,,,,0,046,046,04,1,7.0,1,1,1,-1.32013201320132,4,"Tehran, Tehran, Iran",IR,IR26,41130,35.75,51.5148,10074674,4,"Tehran, Tehran, Iran",IR,IR26,41130,35.75,51.5148,10074674,4,"Tehran, Tehran, Iran",IR,IR26,41130,35.75,51.5148,10074674,20260803080000,https://tradearabia.com:443/News/466093/US-Iran-talks-set-to-resume-today-amid-Gulf-de-escalation-efforts
1316555716,20260803,202608,2026,2026.5836,IRN,IRANIAN,IRN,,,,,,,,SAU,SAUDI,SAU,,,,,,,,0,046,046,04,1,7.0,1,1,1,-1.32013201320132,4,"Tehran, Tehran, Iran",IR,IR26,41130,35.75,51.5148,10074674,1,Saudi Arabia,SA,SA,,25,45,SA,4,"Tehran, Tehran, Iran",IR,IR26,41130,35.75,51.5148,10074674,20260803080000,https://tradearabia.com:443/News/466093/US-Iran-talks-set-to-resume-today-amid-Gulf-de-escalation-efforts
1316555717,20260803,202608,2026,2026.5836,IRN,IRAN,IRN,,,,,,,,USA,WASHINGTON,USA,,,,,,,,0,120,120,12,3,-4.0,1,1,1,-1.32013201320132,4,"Tehran, Tehran, Iran",IR,IR26,41130,35.75,51.5148,10074674,4,"Tehran, Tehran, Iran",IR,IR26,41130,35.75,51.5148,10074674,4,"Tehran, Tehran, Iran",IR,IR26,41130,35.75,51.5148,10074674,20260803080000,https://tradearabia.com:443/News/466093/US-Iran-talks-set-to-resume-today-amid-Gulf-de-escalation-efforts
1316555718,20260803,202608,2026,2026.5836,IRNGOV,IRAN,IRN,,,,,GOV,,,IRN,IRAN,IRN,,,,,,,,1,046,046,04,1,7.0,2,1,2,-2.83018867924529,4,"Tehran, Tehran, Iran",IR,IR26,41130,35.75,51.5148,10074674,4,"Jerusalem, Israel (general), Israel",IS,IS00,18315,31.7667,35.2333,-797092,4,"Jerusalem, Israel (general), Israel",IS,IS00,18315,31.7667,35.2333,-797092,20260803080000,https://www.i24news.tv/en/news/international/artc-trump-says-talks-with-iran-to-start-on-monday-to-reopen-the-strait-of-hormuz-live-blog
1316555719,20260803,202608,2026,2026.5836,IRNGOVMED,IRANIAN,IRN,,,,,GOV,MED,,IRNMEDGOV,FARS NEWS,IRN,,,,,MED,GOV,,0,016,016,01,1,-2.0,6,1,6,-1.32013201320132,4,"Tehran, Tehran, Iran",IR,IR26,41130,35.75,51.5148,10074674,3,"Washington, District of Columbia, United States",US,USDC,DC001,38.8951,-77.0364,531871,3,"Washington, District of Columbia, United States",US,USDC,DC001,38.8951,-77.0364,531871,20260803080000,https://tradearabia.com:443/News/466093/US-Iran-talks-set-to-resume-today-amid-Gulf-de-escalation-efforts
1316555720,20260803,202608,2026,2026.5836,IRNJUD,IRAN,IRN,,,,,JUD,,,,,,,,,,,,,1,010,010,01,1,0.0,3,1,3,-1.04529616724738,1,Iran,IR,IR,,32,53,IR,0,,,,,,,,1,Iran,IR,IR,,32,53,IR,20260803080000,https://www.presstv.co.uk/Detail/2026/08/03/773624/Iran-Israel-Judiciary-Mossad-
1316555721,20260803,202608,2026,2026.5836,IRNJUD,IRAN,IRN,,,,,JUD,,,ISR,ISRAEL,ISR,,,,,,,,1,010,010,01,1,0.0,2,1,2,-1.04529616724738,1,Iran,IR,IR,,32,53,IR,1,Israel,IS,IS,,31.5,34.75,IS,1,Iran,IR,IR,,32,53,IR,20260803080000,https://www.presstv.co.uk/Detail/2026/08/03/773624/Iran-Israel-Judiciary-Mossad-
1316555722,20260803,202608,2026,2026.5836,IRQ,IRAQ,IRQ,,,,,,,,BUS,COMPANY,,,,,,BUS,,,1,186,186,18,4,-10.0,10,1,10,2.91666666666667,1,Kuwait,KU,KU,,29.5,47.75,KU,1,Kuwait,KU,KU,,29.5,47.75,KU,1,Kuwait,KU,KU,,29.5,47.75,KU,20260803080000,https://tradearabia.com:443/News/465719/CGC-emerges-lowest-bidder-for-$516m-Kuwait-water-treatment-project
1316555723,20260803,202608,2026,2026.5836,ISR,ISRAELI,ISR,,,,,,,,,,,,,,,,,,1,090,090,09,2,-2.0,10,1,10,-4.07608695652174,4,"Tel Aviv, Tel Aviv, Israel",IS,IS05,18316,32.0667,34.7667,-781545,0,,,,,,,,4,"Tel Aviv, Tel Aviv, Israel",IS,IS05,18316,32.0667,34.7667,-781545,20260803080000,https://www.presstv.co.uk/Detail/2026/08/03/773623/Israeli-forces-launch-fresh-ground-incursion-into-Syria
1316555724,20260803,202608,2026,2026.5836,ISR,ISRAEL,ISR,,,,,,,,,,,,,,,,,,1,130,130,13,3,-4.4,4,1,4,-9.3841642228739,4,"Gaza, Israel (general), Israel",IS,IS00,18315,31.4167,34.3333,-797156,0,,,,,,,,4,"Gaza, Israel (general), Israel",IS,IS00,18315,31.4167,34.3333,-797156,20260803080000,https://www.presstv.co.uk/Detail/2026/08/03/773620/Israel-Gaza-massacre-Palestinian-groups
1316555725,20260803,202608,2026,2026.5836,ISR,ISRAELI,ISR,,,,,,,,CVL,VILLAGE,,,,,,CVL,,,1,190,190,19,4,-10.0,4,1,4,-4.07608695652174,4,"Tel Aviv, Tel Aviv, Israel",IS,IS05,18316,32.0667,34.7667,-781545,4,"Quneitra, Al Qunaytirah, Syria",SY,SY03,26312,33.1259,35.8246,-2538568,4,"Tel Aviv, Tel Aviv, Israel",IS,IS05,18316,32.0667,34.7667,-781545,20260803080000,https://www.presstv.co.uk/Detail/2026/08/03/773623/Israeli-forces-launch-fresh-ground-incursion-into-Syria
1316555726,20260803,202608,2026,2026.5836,ISR,ISRAELI,ISR,,,,,,,,CVL,VILLAGE,,,,,,CVL,,,1,190,190,19,4,-10.0,6,1,6,-4.07608695652174,4,"Tel Aviv, Tel Aviv, Israel",IS,IS05,18316,32.0667,34.7667,-781545,4,"Tel Aviv, Tel Aviv, Israel",IS,IS05,18316,32.0667,34.7667,-781545,4,"Tel Aviv, Tel Aviv, Israel",IS,IS05,18316,32.0667,34.7667,-781545,20260803080000,https://www.presstv.co.uk/Detail/2026/08/03/773623/Israeli-forces-launch-fresh-ground-incursion-into-Syria
1316555727,20260803,202608,2026,2026.5836,ISR,ISRAEL,ISR,,,,,,,,IRN,IRAN,IRN,,,,,,,,0,112,112,11,3,-2.0,8,1,8,-2.83018867924529,4,"Jerusalem, Israel (general), Israel",IS,IS00,18315,31.7667,35.2333,-797092,4,"Tehran, Tehran, Iran",IR,IR26,41130,35.75,51.5148,10074674,4,"Tehran, Tehran, Iran",IR,IR26,41130,35.75,51.5148,10074674,20260803080000,https://www.i24news.tv/en/news/international/artc-trump-says-talks-with-iran-to-start-on-monday-to-reopen-the-strait-of-hormuz-live-blog
1316555728,20260803,202608,2026,2026.5836,ISR,ISRAEL,ISR,,,,,,,,IRN,IRAN,IRN,,,,,,,,0,112,112,11,3,-2.0,2,1,2,-2.83018867924529,4,"Tehran, Tehran, Iran",IR,IR26,41130,35.75,51.5148,10074674,1,Oman,MU,MU,,21,57,MU,4,"Tehran, Tehran, Iran",IR,IR26,41130,35.75,51.5148,10074674,20260803080000,https://www.i24news.tv/en/news/international/artc-trump-says-talks-with-iran-to-start-on-monday-to-reopen-the-strait-of-hormuz-live-blog
1316555729,20260803,202608,2026,2026.5836,ISR,ISRAEL,ISR,,,,,,,,ISRGOV,ISRAEL,ISR,,,,,GOV,,,0,141,141,14,3,-6.5,4,1,4,-9.3841642228739,4,"Gaza, Israel (general), Israel",IS,IS00,18315,31.4167,34.3333,-797156,4,"Gaza, Israel (general), Israel",IS,IS00,18315,31.4167,34.3333,-797156,4,"Gaza, Israel (general), Israel",IS,IS00,18315,31.4167,34.3333,-797156,20260803080000,https://www.presstv.co.uk/Detail/2026/08/03/773620/Israel-Gaza-massacre-Palestinian-groups
1316555730,20260803,202608,2026,2026.5836,ISR,ISRAEL,ISR,,,,,,,,MED,MEDIA,,,,,,MED,,,0,010,010,01,1,0.0,1,1,1,1.10966057441253,1,Israel,IS,IS,,31.5,34.75,IS,2,"Georgia, United States",US,USGA,,32.9866,-83.6487,GA,1,Israel,IS,IS,,31.5,34.75,IS,20260803080000,https://www.newsweek.com/top-senate-fundraiser-ossoff-passes-80m-as-campaign-seeks-more-donations-12274170
1316555731,20260803,202608,2026,2026.5836,ISR,ISRAEL,ISR,,,,,,,,PSE,GAZA,PSE,,,,,,,,0,013,013,01,1,0.4,2,1,2,0.37313432835821,4,"Gaza, Israel (general), Israel",IS,IS00,18315,31.4167,34.3333,-797156,4,"Gaza, Israel (general), Israel",IS,IS00,18315,31.4167,34.3333,-797156,4,"Gaza, Israel (general), Israel",IS,IS00,18315,31.4167,34.3333,-797156,20260803080000,https://www.i24news.tv/en/news/israel-at-war/artc-board-of-peace-pledges-to-help-find-countries-to-accept-gaza-students-and-patients-report
1316555732,20260803,202608,2026,2026.5836,ISR,ISRAEL,ISR,,,,,,,,PSE,WEST BANK,PSE,,,,,,,,1,110,110,11,3,-2.0,4,1,4,-0.64412238325282,1,Israel,IS,IS,,31.5,34.75,IS,1,West Bank,WE,WE,,31.666667,35.25,WE,1,Israel,IS,IS,,31.5,34.75,IS,20260803080000,https://www.i24news.tv/en/news/israel/defense/artc-defense-minister-katz-announces-live-on-air-he-will-replace-central-command-chief-idf-leadership-caught-off-guard
1316555733,20260803,202608,2026,2026.5836,ISR,TEL AVIV,ISR,,,,,,,,SYR,SYRIA,SYR,,,,,,,,0,0874,087,08,2,10.0,5,1,5,-4.07608695652174,4,"Tel Aviv, Tel Aviv, Israel",IS,IS05,18316,32.0667,34.7667,-781545,4,"Golan Heights, Syria (general), Syria",SY,SY00,26337,32.9049,35.8072,-2538190,4,"Golan Heights, Syria (general), Syria",SY,SY00,26337,32.9049,35.8072,-2538190,20260803080000,https://www.presstv.co.uk/Detail/2026/08/03/773623/Israeli-forces-launch-fresh-ground-incursion-into-Syria
1316555734,20260803,202608,2026,2026.5836,ISR,TEL AVIV,ISR,,,,,,,,SYR,SYRIA,SYR,,,,,,,,0,0874,087,08,2,10.0,2,1,2,-4.07608695652174,4,"Tel Aviv, Tel Aviv, Israel",IS,IS05,18316,32.0667,34.7667,-781545,4,"Golan Heights, Syria (general), Syria",SY,SY00,26337,32.9049,35.8072,-2538190,4,"Tel Aviv, Tel Aviv, Israel",IS,IS05,18316,32.0667,34.7667,-781545,20260803080000,https://www.presstv.co.uk/Detail/2026/08/03/773623/Israeli-forces-launch-fresh-ground-incursion-into-Syria
1316555735,20260803,202608,2026,2026.5836,ISR,ISRAELI,ISR,,,,,,,,SYR,SYRIAN,SYR,,,,,,,,0,190,190,19,4,-10.0,1,1,1,-4.07608695652174,4,"Tel Aviv, Tel Aviv, Israel",IS,IS05,18316,32.0667,34.7667,-781545,4,"Golan Heights, Syria (general), Syria",SY,SY00,26337,32.9049,35.8072,-2538190,4,"Golan Heights, Syria (general), Syria",SY,SY00,26337,32.9049,35.8072,-2538190,20260803080000,https://www.presstv.co.uk/Detail/2026/08/03/773623/Israeli-forces-launch-fresh-ground-incursion-into-Syria
1316555736,20260803,202608,2026,2026.5836,ISR,ISRAELI,ISR,,,,,,,,SYR,SYRIA,SYR,,,,,,,,1,190,190,19,4,-10.0,5,1,5,-4.07608695652174,4,"Tel Aviv, Tel Aviv, Israel",IS,IS05,18316,32.0667,34.7667,-781545,4,"Golan Heights, Syria (general), Syria",SY,SY00,26337,32.9049,35.8072,-2538190,4,"Tel Aviv, Tel Aviv, Israel",IS,IS05,18316,32.0667,34.7667,-781545,20260803080000,https://www.presstv.co.uk/Detail/2026/08/03/773623/Israeli-forces-launch-fresh-ground-incursion-into-Syria
1316555737,20260803,202608,2026,2026.5836,ISR,ISRAELI,ISR,,,,,,,,SYR,SYRIA,SYR,,,,,,,,1,190,190,19,4,-10.0,4,1,4,-4.07608695652174,4,"Tel Aviv, Tel Aviv, Israel",IS,IS05,18316,32.0667,34.7667,-781545,4,"Tel Aviv, Tel Aviv, Israel",IS,IS05,18316,32.0667,34.7667,-781545,4,"Tel Aviv, Tel Aviv, Israel",IS,IS05,18316,32.0667,34.7667,-781545,20260803080000,https://www.presstv.co.uk/Detail/2026/08/03/773623/Israeli-forces-launch-fresh-ground-incursion-into-Syria
1316555738,20260803,202608,2026,2026.5836,ISRGOV,ISRAELI,ISR,,,,,GOV,,,SYR,SYRIAN,SYR,,,,,,,,0,190,190,19,4,-10.0,3,1,3,-4.07608695652174,4,"Tel Aviv, Tel Aviv, Israel",IS,IS05,18316,32.0667,34.7667,-781545,4,"Golan Heights, Syria (general), Syria",SY,SY00,26337,32.9049,35.8072,-2538190,4,"Golan Heights, Syria (general), Syria",SY,SY00,26337,32.9049,35.8072,-2538190,20260803080000,https://www.presstv.co.uk/Detail/2026/08/03/773623/Israeli-forces-launch-fresh-ground-incursion-into-Syria
1316555739,20260803,202608,2026,2026.5836,ISRGOVMIL,ISRAEL,ISR,,,,,GOV,MIL,,MIL,MAJOR GENERAL,,,,,,MIL,,,1,160,160,16,4,-4.0,10,1,10,-0.64412238325282,1,Israel,IS,IS,,31.5,34.75,IS,1,Israel,IS,IS,,31.5,34.75,IS,1,Israel,IS,IS,,31.5,34.75,IS,20260803080000,https://www.i24news.tv/en/news/israel/defense/artc-defense-minister-katz-announces-live-on-air-he-will-replace-central-command-chief-idf-leadership-caught-off-guard
1316555740,20260803,202608,2026,2026.5836,ITA,ITALY,ITA,,,,,,,,CHR,CHRISTIAN,,,,CHR,,,,,1,046,046,04,1,7.0,4,1,4,4.99040307101728,4,"Rome, Lazio, Italy",IT,IT07,18350,41.9,12.4833,-126693,4,"Rome, Lazio, Italy",IT,IT07,18350,41.9,12.4833,-126693,4,"Rome, Lazio, Italy",IT,IT07,18350,41.9,12.4833,-126693,20260803080000,https://www.rvasia.org/asian-news/global-webinar-explores-pope-leo-xivs-magnifica-humanitas-draws-700-participants
1316555741,20260803,202608,2026,2026.5836,ITA,ITALY,ITA,,,,,,,,CHRCTH498,SISTERS OF CHARITY,,,,CHR,CTH,,,,0,020,020,02,1,3.0,2,1,2,4.99040307101728,4,"Rome, Lazio, Italy",IT,IT07,18350,41.9,12.4833,-126693,4,"Rome, Lazio, Italy",IT,IT07,18350,41.9,12.4833,-126693,4,"Rome, Lazio, Italy",IT,IT07,18350,41.9,12.4833,-126693,20260803080000,https://www.rvasia.org/asian-news/global-webinar-explores-pope-leo-xivs-magnifica-humanitas-draws-700-participants
1316555742,20260803,202608,2026,2026.5836,ITA,ITALY,ITA,,,,,,,,ITAGOVMIL,ITALY,ITA,,,,,GOV,MIL,,1,080,080,08,2,5.0,1,1,1,-3.27868852459016,4,"Brussels, Bruxelles-Capitale, Belgium",BE,BE11,5850,50.8333,4.33333,-1955538,1,Cameroon,CM,CM,,6,12,CM,4,"Brussels, Bruxelles-Capitale, Belgium",BE,BE11,5850,50.8333,4.33333,-1955538,20260803080000,https://www.presstv.co.uk/Detail/2026/08/03/773627/eu-forces-board-sanctioned-russian-shadow-fleet-tanker
1316555743,20260803,202608,2026,2026.5836,ITA,ITALIAN,ITA,,,,,,,,ITAGOVMIL,ITALY,ITA,,,,,GOV,MIL,,1,080,080,08,2,5.0,4,1,4,-3.27868852459016,4,"Brussels, Bruxelles-Capitale, Belgium",BE,BE11,5850,50.8333,4.33333,-1955538,1,Cameroon,CM,CM,,6,12,CM,1,Cameroon,CM,CM,,6,12,CM,20260803080000,https://www.presstv.co.uk/Detail/2026/08/03/773627/eu-forces-board-sanctioned-russian-shadow-fleet-tanker
1316555744,20260803,202608,2026,2026.5836,ITA,ITALY,ITA,,,,,,,,ITAGOVMIL,ITALY,ITA,,,,,GOV,MIL,,1,080,080,08,2,5.0,2,1,2,-3.27868852459016,1,Italy,IT,IT,,42.833333,12.833333,IT,1,Italy,IT,IT,,42.833333,12.833333,IT,4,"Moscow, Moskva, Russia",RS,RS48,25106,55.7522,37.6156,-2960561,20260803080000,https://www.presstv.co.uk/Detail/2026/08/03/773627/eu-forces-board-sanctioned-russian-shadow-fleet-tanker
1316555745,20260803,202608,2026,2026.5836,ITA,ITALIAN,ITA,,,,,,,,RUSBUS,RUSSIA,RUS,,,,,BUS,,,1,090,090,09,2,-2.0,2,1,2,-3.27868852459016,1,Libya,LY,LY,,25,17,LY,4,"Brussels, Bruxelles-Capitale, Belgium",BE,BE11,5850,50.8333,4.33333,-1955538,1,Cameroon,CM,CM,,6,12,CM,20260803080000,https://www.presstv.co.uk/Detail/2026/08/03/773627/eu-forces-board-sanctioned-russian-shadow-fleet-tanker
1316555746,20260803,202608,2026,2026.5836,ITAGOV,ITALY,ITA,,,,,GOV,,,ESP,SPAIN,ESP,,,,,,,,0,030,030,03,1,4.0,1,1,1,-7.89968652037617,4,"Melilla, Calabria, Italy",IT,IT03,18324,39.1167,16.3667,-121513,4,"Melilla, Calabria, Italy",IT,IT03,18324,39.1167,16.3667,-121513,4,"Melilla, Calabria, Italy",IT,IT03,18324,39.1167,16.3667,-121513,20260803080000,https://www.wsws.org/en/articles/2026/08/03/isbz-a03.html
1316555747,20260803,202608,2026,2026.5836,ITAGOV,ITALY,ITA,,,,,GOV,,,ESP,SPAIN,ESP,,,,,,,,0,030,030,03,1,4.0,1,1,1,-7.89968652037617,4,"Melilla, Calabria, Italy",IT,IT03,18324,39.1167,16.3667,-121513,4,"Canary Islands, Spain (general), Spain",SP,SP00,25789,28,-15.5,-375618,4,"Melilla, Calabria, Italy",IT,IT03,18324,39.1167,16.3667,-121513,20260803080000,https://www.wsws.org/en/articles/2026/08/03/isbz-a03.html
1316555748,20260803,202608,2026,2026.5836,ITAGOV,ITALY,ITA,,,,,GOV,,,ESP,SPAIN,ESP,,,,,,,,0,030,030,03,1,4.0,3,1,3,-7.89968652037617,4,"Melilla, Calabria, Italy",IT,IT03,18324,39.1167,16.3667,-121513,4,"Canary Islands, Spain (general), Spain",SP,SP00,25789,28,-15.5,-375618,4,"Canary Islands, Spain (general), Spain",SP,SP00,25789,28,-15.5,-375618,20260803080000,https://www.wsws.org/en/articles/2026/08/03/isbz-a03.html
1316555749,20260803,202608,2026,2026.5836,JAM,JAMAICA,JAM,,,,,,,,,,,,,,,,,,0,010,010,01,1,0.0,1,1,1,4.92170022371364,4,"Jones Town, Saint Andrew, Jamaica",JM,JM08,18425,17.9833,-76.8,-3752391,0,,,,,,,,4,"Jones Town, Saint Andrew, Jamaica",JM,JM08,18425,17.9833,-76.8,-3752391,20260803080000,https://jamaica-gleaner.com/article/news/20260803/building-businesses-changing-lives-how-taian-gooden-empowering-jamaican
1316555750,20260803,202608,2026,2026.5836,JAM,JAMAICA,JAM,,,,,,,,BRA,BRAZIL,BRA,,,,,,,,1,051,051,05,1,3.4,4,1,4,-3.11804008908686,1,Jamaica,JM,JM,,18.25,-77.5,JM,1,Brazil,BR,BR,,-10,-55,BR,1,Jamaica,JM,JM,,18.25,-77.5,JM,20260803080000,https://jamaica-gleaner.com/article/news/20260803/caribbean-pickle-over-trump-former-pm-says-regional-nations-forced-be-careful
1316555751,20260803,202608,2026,2026.5836,JAM,JAMAICA,JAM,,,,,,,,BRA,BRAZIL,BRA,,,,,,,,1,051,051,05,1,3.4,1,1,1,-3.11804008908686,1,Jamaica,JM,JM,,18.25,-77.5,JM,1,Jamaica,JM,JM,,18.25,-77.5,JM,2,"Pennsylvania, United States",US,USPA,,40.5773,-77.264,PA,20260803080000,https://jamaica-gleaner.com/article/news/20260803/caribbean-pickle-over-trump-former-pm-says-regional-nations-forced-be-careful
1316555752,20260803,202608,2026,2026.5836,JAM,JAMAICA,JAM,,,,,,,,CHN,TAIAN,CHN,,,,,,,,0,020,020,02,1,3.0,2,1,2,4.92170022371364,4,"Jones Town, Saint Andrew, Jamaica",JM,JM08,18425,17.9833,-76.8,-3752391,4,"Jones Town, Saint Andrew, Jamaica",JM,JM08,18425,17.9833,-76.8,-3752391,4,"Jones Town, Saint Andrew, Jamaica",JM,JM08,18425,17.9833,-76.8,-3752391,20260803080000,https://jamaica-gleaner.com/article/news/20260803/building-businesses-changing-lives-how-taian-gooden-empowering-jamaican
1316555753,20260803,202608,2026,2026.5836,JAM,JAMAICA,JAM,,,,,,,,GOV,MINIST,,,,,,GOV,,,0,040,040,04,1,1.0,2,1,2,3.85542168674698,1,Jamaica,JM,JM,,18.25,-77.5,JM,1,Jamaica,JM,JM,,18.25,-77.5,JM,1,Jamaica,JM,JM,,18.25,-77.5,JM,20260803080000,https://jamaica-gleaner.com/article/news/20260803/jhta-finance-ministry-continue-talks-tourism-gct
1316555754,20260803,202608,2026,2026.5836,JAM,JAMAICA,JAM,,,,,,,,USA,PHILADELPHIA,USA,,,,,,,,1,017,017,01,1,0.0,4,1,4,-3.11804008908686,1,Jamaica,JM,JM,,18.25,-77.5,JM,3,"Philadelphia, Pennsylvania, United States",US,USPA,PA101,39.9523,-75.1638,1209052,1,Jamaica,JM,JM,,18.25,-77.5,JM,20260803080000,https://jamaica-gleaner.com/article/news/20260803/caribbean-pickle-over-trump-former-pm-says-regional-nations-forced-be-careful
1316555755,20260803,202608,2026,2026.5836,JAM,JAMAICA,JAM,,,,,,,,USA,PHILADELPHIA,USA,,,,,,,,1,017,017,01,1,0.0,1,1,1,-3.11804008908686,1,Jamaica,JM,JM,,18.25,-77.5,JM,1,Jamaica,JM,JM,,18.25,-77.5,JM,1,Jamaica,JM,JM,,18.25,-77.5,JM,20260803080000,https://jamaica-gleaner.com/article/news/20260803/caribbean-pickle-over-trump-former-pm-says-regional-nations-forced-be-careful
1316555756,20260803,202608,2026,2026.5836,JAM,JAMAICA,JAM,,,,,,,,USA,THE US,USA,,,,,,,,0,019,019,01,1,3.4,10,1,10,-3.11804008908686,1,Jamaica,JM,JM,,18.25,-77.5,JM,3,"Washington, District of Columbia, United States",US,USDC,DC001,38.8951,-77.0364,531871,3,"Washington, District of Columbia, United States",US,USDC,DC001,38.8951,-77.0364,531871,20260803080000,https://jamaica-gleaner.com/article/news/20260803/caribbean-pickle-over-trump-former-pm-says-regional-nations-forced-be-careful
1316555757,20260803,202608,2026,2026.5836,JAM,JAMAICA,JAM,,,,,,,,USA,UNITED STATES,USA,,,,,,,,1,100,100,10,3,-5.0,1,1,1,-3.11804008908686,3,"Philadelphia, Pennsylvania, United States",US,USPA,PA101,39.9523,-75.1638,1209052,3,"Philadelphia, Pennsylvania, United States",US,USPA,PA101,39.9523,-75.1638,1209052,1,Jamaica,JM,JM,,18.25,-77.5,JM,20260803080000,https://jamaica-gleaner.com/article/news/20260803/caribbean-pickle-over-trump-former-pm-says-regional-nations-forced-be-careful
1316555758,20260803,202608,2026,2026.5836,JAM,JAMAICA,JAM,,,,,,,,USA,UNITED STATES,USA,,,,,,,,1,100,100,10,3,-5.0,1,1,1,-3.11804008908686,1,Jamaica,JM,JM,,18.25,-77.5,JM,3,"Philadelphia, Pennsylvania, United States",US,USPA,PA101,39.9523,-75.1638,1209052,3,"Philadelphia, Pennsylvania, United States",US,USPA,PA101,39.9523,-75.1638,1209052,20260803080000,https://jamaica-gleaner.com/article/news/20260803/caribbean-pickle-over-trump-former-pm-says-regional-nations-forced-be-careful
1316555759,20260803,202608,2026,2026.5836,JAM,JAMAICA,JAM,,,,,,,,USA,UNITED STATES,USA,,,,,,,,1,100,100,10,3,-5.0,8,1,8,-3.11804008908686,1,Jamaica,JM,JM,,18.25,-77.5,JM,3,"Washington, District of Columbia, United States",US,USDC,DC001,38.8951,-77.0364,531871,3,"Washington, District of Columbia, United States",US,USDC,DC001,38.8951,-77.0364,531871,20260803080000,https://jamaica-gleaner.com/article/news/20260803/caribbean-pickle-over-trump-former-pm-says-regional-nations-forced-be-careful
1316555760,20260803,202608,2026,2026.5836,JAMGOV,JAMAICA,JAM,,,,,GOV,,,,,,,,,,,,,0,040,040,04,1,1.0,2,1,2,3.85542168674698,1,Jamaica,JM,JM,,18.25,-77.5,JM,0,,,,,,,,1,Jamaica,JM,JM,,18.25,-77.5,JM,20260803080000,https://jamaica-gleaner.com/article/news/20260803/jhta-finance-ministry-continue-talks-tourism-gct
1316555761,20260803,202608,2026,2026.5836,JPN,JAPAN,JPN,,,,,,,,CRM,FELON,,,,,,CRM,,,1,015,015,01,1,0.0,8,1,8,-7.75510204081633,4,"Kobe, Hyogo, Japan",JA,JA13,34432,34.6833,135.167,-233817,4,"Kobe, Hyogo, Japan",JA,JA13,34432,34.6833,135.167,-233817,4,"Kobe, Hyogo, Japan",JA,JA13,34432,34.6833,135.167,-233817,20260803080000,https://wcti12.com/news/local/convicted-felon-sentenced-to-more-than-9-years-for-gun-possession
1316555762,20260803,202608,2026,2026.5836,JPN,JAPAN,JPN,,,,,,,,IDN,INDONESIA,IDN,,,,,,,,1,061,061,06,2,6.4,1,1,1,4.12844036697248,4,"Antara, Aceh, Indonesia",ID,ID01,18585,3.5292,99.0184,10119106,4,"Antara, Aceh, Indonesia",ID,ID01,18585,3.5292,99.0184,10119106,4,"Antara, Aceh, Indonesia",ID,ID01,18585,3.5292,99.0184,10119106,20260803080000,https://en.antaranews.com/news/425183/ministry-says-zero-tariff-tuna-access-needs-stronger-upstream-sector
1316555763,20260803,202608,2026,2026.5836,JPN,JAPAN,JPN,,,,,,,,IDN,INDONESIA,IDN,,,,,,,,1,061,061,06,2,6.4,4,1,4,4.12844036697248,1,Japan,JA,JA,,36,138,JA,4,"Antara, Aceh, Indonesia",ID,ID01,18585,3.5292,99.0184,10119106,1,Japan,JA,JA,,36,138,JA,20260803080000,https://en.antaranews.com/news/425183/ministry-says-zero-tariff-tuna-access-needs-stronger-upstream-sector
1316555764,20260803,202608,2026,2026.5836,JPN,JAPAN,JPN,,,,,,,,LAB,WORKER,,,,,,LAB,,,1,020,020,02,1,3.0,10,1,10,5.95238095238096,1,Japan,JA,JA,,36,138,JA,1,Japan,JA,JA,,36,138,JA,1,Japan,JA,JA,,36,138,JA,20260803080000,https://en.antaranews.com/news/425207/deputy-minister-urges-stronger-vocational-language-skills-for-jobs
1316555765,20260803,202608,2026,2026.5836,JPN,JAPAN,JPN,,,,,,,,MOS,IMAM,,,,MOS,,,,,1,036,036,03,1,4.0,2,1,2,6.80473372781065,4,"Mecca, Makkah, Saudi Arabia",SA,SA14,25312,21.4267,39.8261,-3096949,4,"Mecca, Makkah, Saudi Arabia",SA,SA14,25312,21.4267,39.8261,-3096949,1,United States,US,US,,39.828175,-98.5795,US,20260803080000,https://en.antaranews.com/news/425223/minister-urges-stronger-role-for-mosques-in-community-empowerment
1316555766,20260803,202608,2026,2026.5836,JPN,JAPAN,JPN,,,,,,,,MOS,IMAM,,,,MOS,,,,,1,036,036,03,1,4.0,5,1,5,6.80473372781065,1,Japan,JA,JA,,36,138,JA,1,United States,US,US,,39.828175,-98.5795,US,4,"Antara, Aceh, Indonesia",ID,ID01,18585,3.5292,99.0184,10119106,20260803080000,https://en.antaranews.com/news/425223/minister-urges-stronger-role-for-mosques-in-community-empowerment
1316555767,20260803,202608,2026,2026.5836,JPNCOP,JAPAN,JPN,,,,,COP,,,BUS,COMPANY,,,,,,BUS,,,1,173,173,17,4,-5.0,4,1,4,-12.1428571428571,4,"Osaka, Osaka, Japan",JA,JA32,35840,34.6667,135.5,-240905,4,"Osaka, Osaka, Japan",JA,JA32,35840,34.6667,135.5,-240905,4,"Osaka, Osaka, Japan",JA,JA32,35840,34.6667,135.5,-240905,20260803080000,https://japantoday.com/category/crime/man-dies-after-being-stabbed-in-the-neck-79-year-old-suspect-turns-himself-in
1316555768,20260803,202608,2026,2026.5836,JUD,PROSECUTOR,,,,,,JUD,,,,,,,,,,,,,0,010,010,01,1,0.0,6,1,6,-1.75097276264592,4,"Brisbane, Queensland, Australia",AS,AS04,154654,-27.5,153.017,-1561728,0,,,,,,,,4,"Brisbane, Queensland, Australia",AS,AS04,154654,-27.5,153.017,-1561728,20260803080000,https://www.brisbanetimes.com.au/national/queensland/questions-raised-over-laptop-access-for-accused-spies-in-custody-20260803-p60ktt.html
1316555769,20260803,202608,2026,2026.5836,JUD,FEDERAL JUDGE,,,,,,JUD,,,,,,,,,,,,,0,111,111,11,3,-2.0,6,1,6,-6.24327233584499,3,"White House, District of Columbia, United States",US,USDC,,38.8951,-77.0364,531871,0,,,,,,,,3,"White House, District of Columbia, United States",US,USDC,,38.8951,-77.0364,531871,20260803080000,https://www.wsws.org/en/articles/2026/08/03/kwxg-a03.html
1316555770,20260803,202608,2026,2026.5836,JUD,JUDGE,,,,,,JUD,,,,,,,,,,,,,1,190,190,19,4,-10.0,2,1,2,-1.66666666666667,2,"Maryland, United States",US,USMD,,39.0724,-76.7902,MD,0,,,,,,,,2,"Maryland, United States",US,USMD,,39.0724,-76.7902,MD,20260803080000,https://www.bostonglobe.com/2026/08/03/nation/maryland-partisan-redistricting/
1316555771,20260803,202608,2026,2026.5836,JUD,PROSECUTOR,,,,,,JUD,,,AUS,AUSTRALIA,AUS,,,,,,,,0,010,010,01,1,0.0,2,1,2,-1.75097276264592,4,"Brisbane, Queensland, Australia",AS,AS04,154654,-27.5,153.017,-1561728,4,"Brisbane, Queensland, Australia",AS,AS04,154654,-27.5,153.017,-1561728,4,"Brisbane, Queensland, Australia",AS,AS04,154654,-27.5,153.017,-1561728,20260803080000,https://www.brisbanetimes.com.au/national/queensland/questions-raised-over-laptop-access-for-accused-spies-in-custody-20260803-p60ktt.html
1316555772,20260803,202608,2026,2026.5836,KAZ,KAZAKHSTAN,KAZ,,,,,,,,RUS,RUSSIA,RUS,,,,,,,,0,190,190,19,4,-10.0,1,1,1,-8.41584158415842,4,"Kharkiv, Kharkivs'ka Oblast', Ukraine",UP,UP07,25036,49.9808,36.2527,-1041320,4,"Kharkiv, Kharkivs'ka Oblast', Ukraine",UP,UP07,25036,49.9808,36.2527,-1041320,4,"Kharkiv, Kharkivs'ka Oblast', Ukraine",UP,UP07,25036,49.9808,36.2527,-1041320,20260803080000,https://jowhar.com/at-least-14-killed-as-ukraine-and-russia-trade-missile-and-drone-attacks/
1316555773,20260803,202608,2026,2026.5836,KAZ,KAZAKHSTAN,KAZ,,,,,,,,RUS,RUSSIA,RUS,,,,,,,,0,190,190,19,4,-10.0,1,1,1,-8.41584158415842,1,United States,US,US,,39.828175,-98.5795,US,4,"Kharkiv, Kharkivs'ka Oblast', Ukraine",UP,UP07,25036,49.9808,36.2527,-1041320,4,"Kharkiv, Kharkivs'ka Oblast', Ukraine",UP,UP07,25036,49.9808,36.2527,-1041320,20260803080000,https://jowhar.com/at-least-14-killed-as-ukraine-and-russia-trade-missile-and-drone-attacks/
1316555774,20260803,202608,2026,2026.5836,KAZ,KAZAKHSTAN,KAZ,,,,,,,,RUS,RUSSIA,RUS,,,,,,,,0,190,190,19,4,-10.0,1,1,1,-8.41584158415842,1,United States,US,US,,39.828175,-98.5795,US,1,United States,US,US,,39.828175,-98.5795,US,4,"Kharkiv, Kharkivs'ka Oblast', Ukraine",UP,UP07,25036,49.9808,36.2527,-1041320,20260803080000,https://jowhar.com/at-least-14-killed-as-ukraine-and-russia-trade-missile-and-drone-attacks/
1316555775,20260803,202608,2026,2026.5836,KAZ,KAZAKHSTAN,KAZ,,,,,,,,RUS,RUSSIA,RUS,,,,,,,,0,190,190,19,4,-10.0,2,1,2,-8.41584158415842,1,United States,US,US,,39.828175,-98.5795,US,1,United States,US,US,,39.828175,-98.5795,US,1,United States,US,US,,39.828175,-98.5795,US,20260803080000,https://jowhar.com/at-least-14-killed-as-ukraine-and-russia-trade-missile-and-drone-attacks/
1316555776,20260803,202608,2026,2026.5836,KOR,SOUTH KOREA,KOR,,,,,,,,,,,,,,,,,,1,057,057,05,1,8.0,2,1,2,-5.36723163841808,4,"Seoul, Soul-t'ukpyolsi, South Korea",KS,KS11,24984,37.5664,127,-716583,0,,,,,,,,4,"Yangsan, Kyongsang-namdo, South Korea",KS,KS20,24982,35.3386,129.039,-719617,20260803080000,https://www.koreaherald.com/article/10829380
1316555777,20260803,202608,2026,2026.5836,KOR,SOUTH KOREA,KOR,,,,,,,,,,,,,,,,,,1,057,057,05,1,8.0,8,1,8,-5.36723163841808,4,"Yangsan, Kyongsang-namdo, South Korea",KS,KS20,24982,35.3386,129.039,-719617,0,,,,,,,,4,"Yangsan, Kyongsang-namdo, South Korea",KS,KS20,24982,35.3386,129.039,-719617,20260803080000,https://www.koreaherald.com/article/10829380
1316555778,20260803,202608,2026,2026.5836,KOR,GYEONGGI,KOR,,,,,,,,GOVMIL,DEFENSE MINIST,,,,,,GOV,MIL,,1,043,043,04,1,2.8,7,1,7,-4.42890442890443,5,"Gyeonggi, Kyonggi-do, South Korea",KS,KS13,24980,37.6,127.25,-710790,5,"Gyeonggi, Kyonggi-do, South Korea",KS,KS13,24980,37.6,127.25,-710790,5,"Gyeonggi, Kyonggi-do, South Korea",KS,KS13,24980,37.6,127.25,-710790,20260803080000,https://www.koreaherald.com/article/10829337
1316555779,20260803,202608,2026,2026.5836,KORGOVMIL,SOUTH KOREA,KOR,,,,,GOV,MIL,,MILSPY,MILITARY INTELLIGENCE AGENCY,,,,,,MIL,SPY,,1,112,112,11,3,-2.0,10,1,10,-1.37931034482759,4,"Seoul, Soul-t'ukpyolsi, South Korea",KS,KS11,24984,37.5664,127,-716583,4,"Seoul, Soul-t'ukpyolsi, South Korea",KS,KS11,24984,37.5664,127,-716583,4,"Seoul, Soul-t'ukpyolsi, South Korea",KS,KS11,24984,37.5664,127,-716583,20260803080000,https://www.koreaherald.com:443/article/10768896
1316555780,20260803,202608,2026,2026.5836,KORGOVMIL,SOUTH KOREA,KOR,,,,,GOV,MIL,,MILSPY,MILITARY INTELLIGENCE AGENCY,,,,,,MIL,SPY,,1,160,160,16,4,-4.0,10,1,10,-1.37931034482759,4,"Seoul, Soul-t'ukpyolsi, South Korea",KS,KS11,24984,37.5664,127,-716583,4,"Seoul, Soul-t'ukpyolsi, South Korea",KS,KS11,24984,37.5664,127,-716583,4,"Seoul, Soul-t'ukpyolsi, South Korea",KS,KS11,24984,37.5664,127,-716583,20260803080000,https://www.koreaherald.com:443/article/10768896
1316555781,20260803,202608,2026,2026.5836,LAB,WORKER,,,,,,LAB,,,,,,,,,,,,,1,050,050,05,1,3.5,10,1,10,-1.62962962962963,4,"Wambo, Queensland, Australia",AS,AS04,154700,-26.8667,150.467,-1607591,0,,,,,,,,4,"Wambo, Queensland, Australia",AS,AS04,154700,-26.8667,150.467,-1607591,20260803080000,https://www.gloucesteradvocate.com.au/story/9322922/worker-killed-at-hunter-mine-site/
1316555782,20260803,202608,2026,2026.5836,LAB,WORKER,,,,,,LAB,,,,,,,,,,,,,0,112,112,11,3,-2.0,2,1,2,-3.44827586206897,2,"Ohio, United States",US,USOH,,40.3736,-82.7755,OH,0,,,,,,,,2,"Indiana, United States",US,USIN,,39.8647,-86.2604,IN,20260803080000,https://www.wsws.org/en/articles/2026/08/03/hxlk-a03.html
1316555783,20260803,202608,2026,2026.5836,LAB,WORKER,,,,,,LAB,,,,,,,,,,,,,0,112,112,11,3,-2.0,3,1,3,-3.44827586206897,2,"Ohio, United States",US,USOH,,40.3736,-82.7755,OH,0,,,,,,,,2,"Ohio, United States",US,USOH,,40.3736,-82.7755,OH,20260803080000,https://www.wsws.org/en/articles/2026/08/03/hxlk-a03.html
1316555784,20260803,202608,2026,2026.5836,LAB,WORKER,,,,,,LAB,,,,,,,,,,,,,0,173,173,17,4,-5.0,10,1,10,-4.64601769911504,4,"Curragh, New South Wales, Australia",AS,AS02,5096,-29.7667,145.3,-1568532,0,,,,,,,,4,"Curragh, New South Wales, Australia",AS,AS02,5096,-29.7667,145.3,-1568532,20260803080000,https://www.wsws.org/en/articles/2026/08/03/rnmj-a03.html
1316555785,20260803,202608,2026,2026.5836,LAB,WORKER,,,,,,LAB,,,AUS,AUSTRALIA,AUS,,,,,,,,0,190,190,19,4,-10.0,1,1,1,-4.64601769911504,4,"Peak Downs, Queensland, Australia",AS,AS04,154673,-22.9333,148.083,-1594225,4,"Peak Downs, Queensland, Australia",AS,AS04,154673,-22.9333,148.083,-1594225,4,"Curragh, New South Wales, Australia",AS,AS02,5096,-29.7667,145.3,-1568532,20260803080000,https://www.wsws.org/en/articles/2026/08/03/rnmj-a03.html
1316555786,20260803,202608,2026,2026.5836,LAB,WORKER,,,,,,LAB,,,AUS,AUSTRALIA,AUS,,,,,,,,0,190,190,19,4,-10.0,3,1,3,-4.64601769911504,4,"Peak Downs, Queensland, Australia",AS,AS04,154673,-22.9333,148.083,-1594225,4,"Peak Downs, Queensland, Australia",AS,AS04,154673,-22.9333,148.083,-1594225,4,"Peak Downs, Queensland, Australia",AS,AS04,154673,-22.9333,148.083,-1594225,20260803080000,https://www.wsws.org/en/articles/2026/08/03/rnmj-a03.html
1316555787,20260803,202608,2026,2026.5836,LAB,WORKER,,,,,,LAB,,,BUS,COMPANY,,,,,,BUS,,,0,051,051,05,1,3.4,5,1,5,-3.44827586206897,2,"Ohio, United States",US,USOH,,40.3736,-82.7755,OH,2,"Ohio, United States",US,USOH,,40.3736,-82.7755,OH,2,"Ohio, United States",US,USOH,,40.3736,-82.7755,OH,20260803080000,https://www.wsws.org/en/articles/2026/08/03/hxlk-a03.html
1316555788,20260803,202608,2026,2026.5836,LAB,WORKER,,,,,,LAB,,,BUS,COMPANY,,,,,,BUS,,,0,141,141,14,3,-6.5,2,1,2,-3.44827586206897,2,"Indiana, United States",US,USIN,,39.8647,-86.2604,IN,2,"Indiana, United States",US,USIN,,39.8647,-86.2604,IN,2,"Indiana, United States",US,USIN,,39.8647,-86.2604,IN,20260803080000,https://www.wsws.org/en/articles/2026/08/03/hxlk-a03.html
1316555789,20260803,202608,2026,2026.5836,LAB,WORKER,,,,,,LAB,,,BUS,COMPANY,,,,,,BUS,,,0,141,141,14,3,-6.5,3,1,3,-3.44827586206897,2,"Ohio, United States",US,USOH,,40.3736,-82.7755,OH,2,"Ohio, United States",US,USOH,,40.3736,-82.7755,OH,2,"Ohio, United States",US,USOH,,40.3736,-82.7755,OH,20260803080000,https://www.wsws.org/en/articles/2026/08/03/hxlk-a03.html
1316555790,20260803,202608,2026,2026.5836,LAB,WORKER,,,,,,LAB,,,GOV,BUREAUCRACY,,,,,,GOV,,,0,141,141,14,3,-6.5,3,1,3,-3.44827586206897,2,"Illinois, United States",US,USIL,,40.3363,-89.0022,IL,2,"Illinois, United States",US,USIL,,40.3363,-89.0022,IL,2,"Illinois, United States",US,USIL,,40.3363,-89.0022,IL,20260803080000,https://www.wsws.org/en/articles/2026/08/03/hxlk-a03.html
1316555791,20260803,202608,2026,2026.5836,LAB,WORKER,,,,,,LAB,,,GOV,BUREAUCRACY,,,,,,GOV,,,0,141,141,14,3,-6.5,2,1,2,-3.44827586206897,2,"Indiana, United States",US,USIN,,39.8647,-86.2604,IN,2,"Indiana, United States",US,USIN,,39.8647,-86.2604,IN,2,"Indiana, United States",US,USIN,,39.8647,-86.2604,IN,20260803080000,https://www.wsws.org/en/articles/2026/08/03/hxlk-a03.html
1316555792,20260803,202608,2026,2026.5836,LAB,WORKER,,,,,,LAB,,,IDNMIL,INDONESIAN,IDN,,,,,MIL,,,1,190,190,19,4,-10.0,1,1,1,-6.34920634920635,4,"Antara, Aceh, Indonesia",ID,ID01,18585,3.5292,99.0184,10119106,4,"Antara, Aceh, Indonesia",ID,ID01,18585,3.5292,99.0184,10119106,4,"Antara, Aceh, Indonesia",ID,ID01,18585,3.5292,99.0184,10119106,20260803080000,https://en.antaranews.com/news/425187/five-workers-killed-by-insurgents-in-highland-papua-manhunt-ongoing
1316555793,20260803,202608,2026,2026.5836,LAB,EMPLOYEE,,,,,,LAB,,,MED,MEDIA,,,,,,MED,,,0,040,040,04,1,1.0,3,1,3,3.73134328358209,2,"Florida, United States",US,USFL,,27.8333,-81.717,FL,2,"Florida, United States",US,USFL,,27.8333,-81.717,FL,2,"Florida, United States",US,USFL,,27.8333,-81.717,FL,20260803080000,https://937kcountry.com/rock-the-country-ticket-giveaway-2/
1316555794,20260803,202608,2026,2026.5836,LAB,EMPLOYEE,,,,,,LAB,,,MED,MEDIA,,,,,,MED,,,0,110,110,11,3,-2.0,3,1,3,3.73134328358209,2,"Florida, United States",US,USFL,,27.8333,-81.717,FL,2,"Florida, United States",US,USFL,,27.8333,-81.717,FL,2,"Florida, United States",US,USFL,,27.8333,-81.717,FL,20260803080000,https://937kcountry.com/rock-the-country-ticket-giveaway-2/
1316555795,20260803,202608,2026,2026.5836,LAB,WORKER,,,,,,LAB,,,REB,ARMED INSURGENT,,,,,,REB,,,1,190,190,19,4,-10.0,11,1,10,-6.34920634920635,4,"Antara, Aceh, Indonesia",ID,ID01,18585,3.5292,99.0184,10119106,4,"Antara, Aceh, Indonesia",ID,ID01,18585,3.5292,99.0184,10119106,4,"Antara, Aceh, Indonesia",ID,ID01,18585,3.5292,99.0184,10119106,20260803080000,https://en.antaranews.com/news/425187/five-workers-killed-by-insurgents-in-highland-papua-manhunt-ongoing
1316555796,20260803,202608,2026,2026.5836,LAB,EMPLOYEE,,,,,,LAB,,,USA,IDAHO,USA,,,,,,,,1,193,193,19,4,-10.0,10,1,10,-5.61224489795918,3,"Twin Falls, Idaho, United States",US,USID,ID083,42.563,-114.461,398273,3,"Twin Falls, Idaho, United States",US,USID,,42.563,-114.461,398273,3,"Twin Falls, Idaho, United States",US,USID,,42.563,-114.461,398273,20260803080000,http://www.greenevillesun.com/news/in-n-out-burger-employee-among-3-dead-in-shooting-at-idaho-fast-food-restaurant/article_6113bb24-0297-58d6-8923-62dfa23f8d63.html
1316555797,20260803,202608,2026,2026.5836,LBN,LEBANON,LBN,,,,,,,,BUS,COMPANY,,,,,,BUS,,,1,186,186,18,4,-10.0,8,1,8,2.91666666666667,1,Lebanon,LE,LE,,33.833333,35.833333,LE,1,Qatar,QA,QA,,25.5,51.25,QA,1,Iraq,IZ,IZ,,33,44,IZ,20260803080000,https://tradearabia.com:443/News/465719/CGC-emerges-lowest-bidder-for-$516m-Kuwait-water-treatment-project
1316555798,20260803,202608,2026,2026.5836,LBN,LEBANON,LBN,,,,,,,,BUS,COMPANY,,,,,,BUS,,,1,186,186,18,4,-10.0,2,1,2,2.91666666666667,1,Sudan,SU,SU,,16,30,SU,1,Qatar,QA,QA,,25.5,51.25,QA,1,Iraq,IZ,IZ,,33,44,IZ,20260803080000,https://tradearabia.com:443/News/465719/CGC-emerges-lowest-bidder-for-$516m-Kuwait-water-treatment-project
1316555799,20260803,202608,2026,2026.5836,LEG,CONGRESS,,,,,,LEG,,,,,,,,,,,,,1,051,051,05,1,3.4,6,1,6,2.7027027027027,5,"Ekiti State, Ekiti, Nigeria",NI,NI54,22967,7.66667,5.25,9098618,0,,,,,,,,5,"Ekiti State, Ekiti, Nigeria",NI,NI54,22967,7.66667,5.25,9098618,20260803080000,https://www.nigerianeye.com/2026/08/2027-makinde-fayemi-oyinlola-meet.html
1316555800,20260803,202608,2026,2026.5836,LEG,SENATE,,,,,,LEG,,,,,,,,,,,,,0,110,110,11,3,-2.0,10,1,10,1.10966057441253,2,"Georgia, United States",US,USGA,,32.9866,-83.6487,GA,0,,,,,,,,2,"Georgia, United States",US,USGA,,32.9866,-83.6487,GA,20260803080000,https://www.newsweek.com/top-senate-fundraiser-ossoff-passes-80m-as-campaign-seeks-more-donations-12274170
1316555801,20260803,202608,2026,2026.5836,LEG,NATIONAL ASSEMBLY,,,,,,LEG,,,,,,,,,,,,,1,150,150,15,4,-7.2,10,1,10,-1.37931034482759,4,"Seoul, Soul-t'ukpyolsi, South Korea",KS,KS11,24984,37.5664,127,-716583,0,,,,,,,,4,"Seoul, Soul-t'ukpyolsi, South Korea",KS,KS11,24984,37.5664,127,-716583,20260803080000,https://www.koreaherald.com:443/article/10768896
1316555802,20260803,202608,2026,2026.5836,LEG,SENATE,,,,,,LEG,,,,,,,,,,,,,0,190,190,19,4,-10.0,10,1,10,1.10966057441253,2,"Georgia, United States",US,USGA,,32.9866,-83.6487,GA,0,,,,,,,,2,"Georgia, United States",US,USGA,,32.9866,-83.6487,GA,20260803080000,https://www.newsweek.com/top-senate-fundraiser-ossoff-passes-80m-as-campaign-seeks-more-donations-12274170
1316555803,20260803,202608,2026,2026.5836,LEG,LAWMAKER,,,,,,LEG,,,GOV,GOVERNOR,,,,,,GOV,,,1,071,071,07,2,7.4,10,1,10,-0.36101083032491,0,,,,,,,,0,,,,,,,,0,,,,,,,,20260803080000,https://leadership.ng/lawmaker-seeks-transparency-over-gombe-governors-residence-project/
1316555804,20260803,202608,2026,2026.5836,LEG,SENATOR,,,,,,LEG,,,GOV,ELECTION COMMISSION,,,,,,GOV,,,1,071,071,07,2,7.4,4,1,4,1.10966057441253,2,"Georgia, United States",US,USGA,,32.9866,-83.6487,GA,2,"Georgia, United States",US,USGA,,32.9866,-83.6487,GA,2,"Georgia, United States",US,USGA,,32.9866,-83.6487,GA,20260803080000,https://www.newsweek.com/top-senate-fundraiser-ossoff-passes-80m-as-campaign-seeks-more-donations-12274170
1316555805,20260803,202608,2026,2026.5836,LEG,DELEGATE,,,,,,LEG,,,MOS,IMAM,,,,MOS,,,,,1,010,010,01,1,0.0,4,1,4,6.80473372781065,4,"Sudais, Saudi Arabia (general), Saudi Arabia",SA,SA00,25316,25.3,45.1667,-3099666,4,"Sudais, Saudi Arabia (general), Saudi Arabia",SA,SA00,25316,25.3,45.1667,-3099666,4,"Sudais, Saudi Arabia (general), Saudi Arabia",SA,SA00,25316,25.3,45.1667,-3099666,20260803080000,https://en.antaranews.com/news/425223/minister-urges-stronger-role-for-mosques-in-community-empowerment
1316555806,20260803,202608,2026,2026.5836,LEG,DELEGATE,,,,,,LEG,,,MOS,IMAM,,,,MOS,,,,,1,042,042,04,1,1.9,4,1,4,6.80473372781065,4,"Sudais, Saudi Arabia (general), Saudi Arabia",SA,SA00,25316,25.3,45.1667,-3099666,4,"Sudais, Saudi Arabia (general), Saudi Arabia",SA,SA00,25316,25.3,45.1667,-3099666,4,"Sudais, Saudi Arabia (general), Saudi Arabia",SA,SA00,25316,25.3,45.1667,-3099666,20260803080000,https://en.antaranews.com/news/425223/minister-urges-stronger-role-for-mosques-in-community-empowerment
1316555807,20260803,202608,2026,2026.5836,LEG,DELEGATE,,,,,,LEG,,,SAU,SAUDI ARABIA,SAU,,,,,,,,1,010,010,01,1,0.0,2,1,2,6.80473372781065,4,"Sudais, Saudi Arabia (general), Saudi Arabia",SA,SA00,25316,25.3,45.1667,-3099666,4,"Sudais, Saudi Arabia (general), Saudi Arabia",SA,SA00,25316,25.3,45.1667,-3099666,4,"Sudais, Saudi Arabia (general), Saudi Arabia",SA,SA00,25316,25.3,45.1667,-3099666,20260803080000,https://en.antaranews.com/news/425223/minister-urges-stronger-role-for-mosques-in-community-empowerment
1316555808,20260803,202608,2026,2026.5836,LEG,DELEGATE,,,,,,LEG,,,SAU,SAUDI ARABIA,SAU,,,,,,,,1,042,042,04,1,1.9,2,1,2,6.80473372781065,4,"Sudais, Saudi Arabia (general), Saudi Arabia",SA,SA00,25316,25.3,45.1667,-3099666,4,"Sudais, Saudi Arabia (general), Saudi Arabia",SA,SA00,25316,25.3,45.1667,-3099666,4,"Sudais, Saudi Arabia (general), Saudi Arabia",SA,SA00,25316,25.3,45.1667,-3099666,20260803080000,https://en.antaranews.com/news/425223/minister-urges-stronger-role-for-mosques-in-community-empowerment
1316555809,20260803,202608,2026,2026.5836,LKA,SRI LANKA,LKA,,,,,,,,,,,,,,,,,,0,042,042,04,1,1.9,3,1,3,-1.58102766798419,4,"Badulla, Southern, Sri Lanka",CE,CE34,25848,6.01667,80.5333,-2213251,0,,,,,,,,4,"Badulla, Southern, Sri Lanka",CE,CE34,25848,6.01667,80.5333,-2213251,20260803080000,https://www.rvasia.org/asian-news/sri-lanka-remembers-sister-mary-agneta-nun-who-gave-her-life-protecting-others
1316555810,20260803,202608,2026,2026.5836,MAR,MOROCCO,MAR,,,,,,,,ESP,SPANISH,ESP,,,,,,,,1,043,043,04,1,2.8,5,1,5,-7.89968652037617,1,Morocco,MO,MO,,32,-5,MO,4,"Canary Islands, Spain (general), Spain",SP,SP00,25789,28,-15.5,-375618,1,Morocco,MO,MO,,32,-5,MO,20260803080000,https://www.wsws.org/en/articles/2026/08/03/isbz-a03.html
1316555811,20260803,202608,2026,2026.5836,MED,SPOKESMAN,,,,,,MED,,,,,,,,,,,,,0,010,010,01,1,0.0,3,1,3,-2.28310502283106,4,"English Channel, United Kingdom (general), United Kingdom",UK,UK00,154724,54.5833,-3.68333,-2595622,0,,,,,,,,4,"English Channel, United Kingdom (general), United Kingdom",UK,UK00,154724,54.5833,-3.68333,-2595622,20260803080000,https://www.huffingtonpost.co.uk/entry/former-navy-commander-monsters-reform_uk_6a703700e4b03026f4f03430
1316555812,20260803,202608,2026,2026.5836,MED,MEDIA,,,,,,MED,,,,,,,,,,,,,0,010,010,01,1,0.0,3,1,3,1.10966057441253,1,Israel,IS,IS,,31.5,34.75,IS,0,,,,,,,,1,Israel,IS,IS,,31.5,34.75,IS,20260803080000,https://www.newsweek.com/top-senate-fundraiser-ossoff-passes-80m-as-campaign-seeks-more-donations-12274170
1316555813,20260803,202608,2026,2026.5836,MED,COMMENTATOR,,,,,,MED,,,,,,,,,,,,,0,015,015,01,1,0.0,8,1,8,-5.621925509487,4,"Melilla, Spain (general), Spain",SP,SP00,25821,35.2839,-2.94307,-391809,0,,,,,,,,4,"Melilla, Spain (general), Spain",SP,SP00,25821,35.2839,-2.94307,-391809,20260803080000,https://www.middle-east-online.com/en/spanish-media-revisit-ceuta-crisis-see-morocco-key-security-partner
1316555814,20260803,202608,2026,2026.5836,MED,COMMENTATOR,,,,,,MED,,,,,,,,,,,,,0,015,015,01,1,0.0,2,1,2,-5.621925509487,4,"Rabat, Rabat-Saléemmour-ZaëMO, Morocco",MO,MO49,21812,34.02,-6.83,-43376,0,,,,,,,,4,"Melilla, Spain (general), Spain",SP,SP00,25821,35.2839,-2.94307,-391809,20260803080000,https://www.middle-east-online.com/en/spanish-media-revisit-ceuta-crisis-see-morocco-key-security-partner
1316555815,20260803,202608,2026,2026.5836,MED,WEBSITE,,,,,,MED,,,,,,,,,,,,,1,043,043,04,1,2.8,10,1,10,-2.70588235294117,4,"Wellington, New Zealand (general), New Zealand",NZ,NZ00,22391,-41.3,174.783,-1521348,0,,,,,,,,4,"Wellington, New Zealand (general), New Zealand",NZ,NZ00,22391,-41.3,174.783,-1521348,20260803080000,https://www.rnz.co.nz/news/regions/875723/wellington-residents-shocked-by-ridiculous-water-bills-for-car-parks-granny-flats
1316555816,20260803,202608,2026,2026.5836,MED,MEDIA,,,,,,MED,,,EDU,STUDENT,,,,,,EDU,,,1,012,012,01,1,-0.4,10,1,10,-1.28205128205128,0,,,,,,,,0,,,,,,,,0,,,,,,,,20260803080000,https://www.thehindu.com/news/national/andhra-pradesh/include-velama-community-in-obc-list-corporation-chairman-asks-centre/article71300047.ece
1316555817,20260803,202608,2026,2026.5836,MED,MEDIA,,,,,,MED,,,SPY,INTELLIGENCE OFFICER,,,,,,SPY,,,1,010,010,01,1,0.0,10,1,10,-1.04529616724738,1,Israel,IS,IS,,31.5,34.75,IS,1,Israel,IS,IS,,31.5,34.75,IS,1,Israel,IS,IS,,31.5,34.75,IS,20260803080000,https://www.presstv.co.uk/Detail/2026/08/03/773624/Iran-Israel-Judiciary-Mossad-
1316555818,20260803,202608,2026,2026.5836,MED,MEDIA,,,,,,MED,,,SPY,INTELLIGENCE OFFICER,,,,,,SPY,,,1,020,020,02,1,3.0,10,1,10,-1.04529616724738,1,Israel,IS,IS,,31.5,34.75,IS,1,Israel,IS,IS,,31.5,34.75,IS,1,Israel,IS,IS,,31.5,34.75,IS,20260803080000,https://www.presstv.co.uk/Detail/2026/08/03/773624/Iran-Israel-Judiciary-Mossad-
1316555819,20260803,202608,2026,2026.5836,MED,MEDIA,,,,,,MED,,,SPY,INTELLIGENCE OFFICER,,,,,,SPY,,,1,046,046,04,1,7.0,10,1,10,-1.04529616724738,1,Israel,IS,IS,,31.5,34.75,IS,1,Israel,IS,IS,,31.5,34.75,IS,1,Israel,IS,IS,,31.5,34.75,IS,20260803080000,https://www.presstv.co.uk/Detail/2026/08/03/773624/Iran-Israel-Judiciary-Mossad-
1316555820,20260803,202608,2026,2026.5836,MEX,MEXICO,MEX,,,,,,,,GOVHLH,HEALTH OFFICIAL,,,,,,GOV,HLH,,0,043,043,04,1,2.8,5,1,5,-2.69541778975741,1,Mexico,MX,MX,,23,-102,MX,4,"Quebec, Quebec, Canada",CA,CA10,12750,47.5,-72,-571850,1,Mexico,MX,MX,,23,-102,MX,20260803080000,https://www.insidehalton.com/news/windsor-ontario-cyclosporiasis-increase/article_ad5bae65-0adb-5116-bb61-6d56dd332dfe.html
1316555821,20260803,202608,2026,2026.5836,MIL,BORDER SECURITY,,,,,,MIL,,,,,,,,,,,,,0,010,010,01,1,0.0,7,1,5,-1.38528138528139,4,"Bangkok, Krung Thep Mahanakhon, Thailand",TH,TH40,26423,13.75,100.517,-3250083,0,,,,,,,,4,"Bangkok, Krung Thep Mahanakhon, Thailand",TH,TH40,26423,13.75,100.517,-3250083,20260803080000,https://asianews.network/thailand-disputes-un-rapporteurs-account-of-cambodia-conflict/
1316555822,20260803,202608,2026,2026.5836,MIL,MILITARY,,,,,,MIL,,,,,,,,,,,,,0,010,010,01,1,0.0,10,1,10,-4.42890442890443,5,"Gyeonggi, Kyonggi-do, South Korea",KS,KS13,24980,37.6,127.25,-710790,0,,,,,,,,5,"Gyeonggi, Kyonggi-do, South Korea",KS,KS13,24980,37.6,127.25,-710790,20260803080000,https://www.koreaherald.com/article/10829337
1316555823,20260803,202608,2026,2026.5836,MIL,COLONEL,,,,,,MIL,,,,,,,,,,,,,1,010,010,01,1,0.0,3,1,3,-6.34920634920635,4,"Antara, Aceh, Indonesia",ID,ID01,18585,3.5292,99.0184,10119106,0,,,,,,,,4,"Puncak, Banten, Indonesia",ID,ID33,18585,-6.2575,106.224,10172532,20260803080000,https://en.antaranews.com/news/425187/five-workers-killed-by-insurgents-in-highland-papua-manhunt-ongoing
1316555824,20260803,202608,2026,2026.5836,MIL,ADMIRAL,,,,,,MIL,,,,,,,,,,,,,1,012,012,01,1,-0.4,3,1,3,1.34228187919463,4,"Java Sea, Oceans (general), Oceans",OS,OS00,18585,-5,110,-1506383,0,,,,,,,,5,"East Java, Jawa Timur, Indonesia",ID,ID08,18585,-7.7394,112.51,-2679925,20260803080000,https://en.antaranews.com/news/425213/indonesian-navy-deploys-warships-aircraft-in-ferry-fire-rescue
1316555825,20260803,202608,2026,2026.5836,MIL,MILITARY,,,,,,MIL,,,,,,,,,,,,,0,043,043,04,1,2.8,10,1,10,-1.37931034482759,4,"Seoul, Soul-t'ukpyolsi, South Korea",KS,KS11,24984,37.5664,127,-716583,0,,,,,,,,4,"Seoul, Soul-t'ukpyolsi, South Korea",KS,KS11,24984,37.5664,127,-716583,20260803080000,https://www.koreaherald.com:443/article/10768896
1316555826,20260803,202608,2026,2026.5836,MIL,MILITARY,,,,,,MIL,,,,,,,,,,,,,1,0871,087,08,2,9.0,4,1,4,-2.83018867924529,4,"Tehran, Tehran, Iran",IR,IR26,41130,35.75,51.5148,10074674,0,,,,,,,,1,Saudi Arabia,SA,SA,,25,45,SA,20260803080000,https://www.i24news.tv/en/news/international/artc-trump-says-talks-with-iran-to-start-on-monday-to-reopen-the-strait-of-hormuz-live-blog
1316555827,20260803,202608,2026,2026.5836,MIL,MILITARY,,,,,,MIL,,,,,,,,,,,,,0,090,090,09,2,-2.0,5,1,5,-1.37931034482759,4,"Seoul, Soul-t'ukpyolsi, South Korea",KS,KS11,24984,37.5664,127,-716583,0,,,,,,,,4,"Seoul, Soul-t'ukpyolsi, South Korea",KS,KS11,24984,37.5664,127,-716583,20260803080000,https://www.koreaherald.com:443/article/10768896
1316555828,20260803,202608,2026,2026.5836,MIL,MILITARY FORCE,,,,,,MIL,,,,,,,,,,,,,0,154,154,15,4,-7.2,10,1,10,-7.89968652037617,4,"Canary Islands, Spain (general), Spain",SP,SP00,25789,28,-15.5,-375618,0,,,,,,,,4,"Canary Islands, Spain (general), Spain",SP,SP00,25789,28,-15.5,-375618,20260803080000,https://www.wsws.org/en/articles/2026/08/03/isbz-a03.html
1316555829,20260803,202608,2026,2026.5836,MIL,MILITARY,,,,,,MIL,,,,,,,,,,,,,0,164,164,16,4,-7.0,5,1,5,-2.83018867924529,4,"Tehran, Tehran, Iran",IR,IR26,41130,35.75,51.5148,10074674,0,,,,,,,,4,"Tehran, Tehran, Iran",IR,IR26,41130,35.75,51.5148,10074674,20260803080000,https://www.i24news.tv/en/news/international/artc-trump-says-talks-with-iran-to-start-on-monday-to-reopen-the-strait-of-hormuz-live-blog
1316555830,20260803,202608,2026,2026.5836,MIL,CARRIER,,,,,,MIL,,,BEL,CHARLEROI,BEL,,,,,,,,0,036,036,03,1,4.0,5,1,5,0.25188916876574,4,"Brussels, Bruxelles-Capitale, Belgium",BE,BE11,5850,50.8333,4.33333,-1955538,4,"Brussels, Bruxelles-Capitale, Belgium",BE,BE11,5850,50.8333,4.33333,-1955538,4,"Brussels, Bruxelles-Capitale, Belgium",BE,BE11,5850,50.8333,4.33333,-1955538,20260803080000,https://www.leaderlive.co.uk/news/26430285.brussels-airport-close-temporarily-flights-suspended/
1316555831,20260803,202608,2026,2026.5836,MIL,COLONEL,,,,,,MIL,,,IDN,INDONESIA,IDN,,,,,,,,1,010,010,01,1,0.0,2,1,2,-6.34920634920635,4,"Antara, Aceh, Indonesia",ID,ID01,18585,3.5292,99.0184,10119106,4,"Puncak, Banten, Indonesia",ID,ID33,18585,-6.2575,106.224,10172532,4,"Puncak, Banten, Indonesia",ID,ID33,18585,-6.2575,106.224,10172532,20260803080000,https://en.antaranews.com/news/425187/five-workers-killed-by-insurgents-in-highland-papua-manhunt-ongoing
1316555832,20260803,202608,2026,2026.5836,MIL,ADMIRAL,,,,,,MIL,,,IDN,INDONESIAN,IDN,,,,,,,,1,012,012,01,1,-0.4,5,1,5,1.34228187919463,5,"East Java, Jawa Timur, Indonesia",ID,ID08,18585,-7.7394,112.51,-2679925,5,"East Java, Jawa Timur, Indonesia",ID,ID08,18585,-7.7394,112.51,-2679925,5,"East Java, Jawa Timur, Indonesia",ID,ID08,18585,-7.7394,112.51,-2679925,20260803080000,https://en.antaranews.com/news/425213/indonesian-navy-deploys-warships-aircraft-in-ferry-fire-rescue
1316555833,20260803,202608,2026,2026.5836,MIL,MILITARY,,,,,,MIL,,,NGOHRIHRW,DAVID MATHIESON,,HRW,,,,NGO,HRI,,0,010,010,01,1,0.0,3,1,3,0,4,"Bangkok, Krung Thep Mahanakhon, Thailand",TH,TH40,26423,13.75,100.517,-3250083,4,"Bangkok, Krung Thep Mahanakhon, Thailand",TH,TH40,26423,13.75,100.517,-3250083,4,"Bangkok, Krung Thep Mahanakhon, Thailand",TH,TH40,26423,13.75,100.517,-3250083,20260803080000,https://www.yahoo.com/news/world/articles/detained-suu-kyi-meets-red-054111633.html
1316555834,20260803,202608,2026,2026.5836,MIL,MILITARY,,,,,,MIL,,,NGOHRIHRW,DAVID MATHIESON,,HRW,,,,NGO,HRI,,0,010,010,01,1,0.0,1,1,1,0,1,United Kingdom,UK,UK,,54,-4,UK,1,Laos,LA,LA,,18,105,LA,1,Laos,LA,LA,,18,105,LA,20260803080000,https://www.yahoo.com/news/world/articles/detained-suu-kyi-meets-red-054111633.html
1316555835,20260803,202608,2026,2026.5836,MIL,MILITARY,,,,,,MIL,,,NGOHRIHRW,DAVID MATHIESON,,HRW,,,,NGO,HRI,,0,010,010,01,1,0.0,1,1,1,0,1,United Kingdom,UK,UK,,54,-4,UK,1,United Kingdom,UK,UK,,54,-4,UK,1,United Kingdom,UK,UK,,54,-4,UK,20260803080000,https://www.yahoo.com/news/world/articles/detained-suu-kyi-meets-red-054111633.html
1316555836,20260803,202608,2026,2026.5836,MIL,MILITARY,,,,,,MIL,,,paa,PAPUAN,,,paa,,,,,,1,111,111,11,3,-2.0,2,1,2,-6.34920634920635,4,"Antara, Aceh, Indonesia",ID,ID01,18585,3.5292,99.0184,10119106,4,"Antara, Aceh, Indonesia",ID,ID01,18585,3.5292,99.0184,10119106,4,"Antara, Aceh, Indonesia",ID,ID01,18585,3.5292,99.0184,10119106,20260803080000,https://en.antaranews.com/news/425187/five-workers-killed-by-insurgents-in-highland-papua-manhunt-ongoing
1316555837,20260803,202608,2026,2026.5836,MIL,MILITARY,,,,,,MIL,,,paa,PAPUAN,,,paa,,,,,,1,111,111,11,3,-2.0,4,1,4,-6.34920634920635,4,"Antara, Aceh, Indonesia",ID,ID01,18585,3.5292,99.0184,10119106,4,"Puncak, Banten, Indonesia",ID,ID33,18585,-6.2575,106.224,10172532,4,"Antara, Aceh, Indonesia",ID,ID01,18585,3.5292,99.0184,10119106,20260803080000,https://en.antaranews.com/news/425187/five-workers-killed-by-insurgents-in-highland-papua-manhunt-ongoing
1316555838,20260803,202608,2026,2026.5836,MIL,MILITARY,,,,,,MIL,,,paa,PAPUAN,,,paa,,,,,,1,111,111,11,3,-2.0,4,1,4,-6.34920634920635,4,"Antara, Aceh, Indonesia",ID,ID01,18585,3.5292,99.0184,10119106,4,"Puncak, Banten, Indonesia",ID,ID33,18585,-6.2575,106.224,10172532,4,"Puncak, Banten, Indonesia",ID,ID33,18585,-6.2575,106.224,10172532,20260803080000,https://en.antaranews.com/news/425187/five-workers-killed-by-insurgents-in-highland-papua-manhunt-ongoing
1316555839,20260803,202608,2026,2026.5836,MLI,MALI,MLI,,,,,,,,,,,,,,,,,,1,051,051,05,1,3.4,2,1,2,0,1,Mali,ML,ML,,17,-4,ML,0,,,,,,,,1,Mali,ML,ML,,17,-4,ML,20260803080000,https://www.wpr.org/shows/chapter-a-day/the-bad-ass-librarians-of-timbuktu-6-of-10-international-attention
1316555840,20260803,202608,2026,2026.5836,MLI,MALI,MLI,,,,,,,,EUR,EUROPE,EUR,,,,,,,,1,042,042,04,1,1.9,2,1,2,0,1,Mali,ML,ML,,17,-4,ML,1,Mali,ML,ML,,17,-4,ML,1,Mali,ML,ML,,17,-4,ML,20260803080000,https://www.wpr.org/shows/chapter-a-day/the-bad-ass-librarians-of-timbuktu-6-of-10-international-attention
1316555841,20260803,202608,2026,2026.5836,MLI,MALI,MLI,,,,,,,,EUR,EUROPE,EUR,,,,,,,,1,051,051,05,1,3.4,2,1,2,0,1,Mali,ML,ML,,17,-4,ML,1,Mali,ML,ML,,17,-4,ML,1,Mali,ML,ML,,17,-4,ML,20260803080000,https://www.wpr.org/shows/chapter-a-day/the-bad-ass-librarians-of-timbuktu-6-of-10-international-attention
1316555842,20260803,202608,2026,2026.5836,MMR,MYANMAR,MMR,,,,,,,,,,,,,,,,,,0,120,120,12,3,-4.0,3,1,3,0,4,"Bangkok, Krung Thep Mahanakhon, Thailand",TH,TH40,26423,13.75,100.517,-3250083,0,,,,,,,,4,"Bangkok, Krung Thep Mahanakhon, Thailand",TH,TH40,26423,13.75,100.517,-3250083,20260803080000,https://www.yahoo.com/news/world/articles/detained-suu-kyi-meets-red-054111633.html
1316555843,20260803,202608,2026,2026.5836,MMR,MYANMAR,MMR,,,,,,,,,,,,,,,,,,0,120,120,12,3,-4.0,2,1,2,0,1,United Kingdom,UK,UK,,54,-4,UK,0,,,,,,,,1,United Kingdom,UK,UK,,54,-4,UK,20260803080000,https://www.yahoo.com/news/world/articles/detained-suu-kyi-meets-red-054111633.html
1316555844,20260803,202608,2026,2026.5836,MMR,MYANMAR,MMR,,,,,,,,GBR,UNITED KINGDOM,GBR,,,,,,,,1,040,040,04,1,1.0,4,1,4,0,1,United Kingdom,UK,UK,,54,-4,UK,1,United Kingdom,UK,UK,,54,-4,UK,1,United Kingdom,UK,UK,,54,-4,UK,20260803080000,https://www.yahoo.com/news/world/articles/detained-suu-kyi-meets-red-054111633.html
1316555845,20260803,202608,2026,2026.5836,MMR,MYANMAR,MMR,,,,,,,,GOV,GOVERNMENT,,,,,,GOV,,,0,040,040,04,1,1.0,1,1,1,-0.72072072072072,4,"Bangkok, Krung Thep Mahanakhon, Thailand",TH,TH40,26423,13.75,100.517,-3250083,4,"Bangkok, Krung Thep Mahanakhon, Thailand",TH,TH40,26423,13.75,100.517,-3250083,4,"Bangkok, Krung Thep Mahanakhon, Thailand",TH,TH40,26423,13.75,100.517,-3250083,20260803080000,https://www.bangkokpost.com/world/3295805/myanmars-aung-san-suu-kyi-meets-red-cross-official-government-says
1316555846,20260803,202608,2026,2026.5836,MMR,MYANMAR,MMR,,,,,,,,GOV,GOVERNMENT,,,,,,GOV,,,0,040,040,04,1,1.0,1,1,1,-0.72072072072072,4,"Nay Pyi Taw, Mandalay, Myanmar",BM,BM08,41807,19.745,96.1297,9272014,4,"Bangkok, Krung Thep Mahanakhon, Thailand",TH,TH40,26423,13.75,100.517,-3250083,4,"Bangkok, Krung Thep Mahanakhon, Thailand",TH,TH40,26423,13.75,100.517,-3250083,20260803080000,https://www.bangkokpost.com/world/3295805/myanmars-aung-san-suu-kyi-meets-red-cross-official-government-says
1316555847,20260803,202608,2026,2026.5836,MMR,MYANMAR,MMR,,,,,,,,MMRGOV,MYANMAR,MMR,,,,,GOV,,,1,012,012,01,1,-0.4,2,1,2,-0.72072072072072,4,"Bangkok, Krung Thep Mahanakhon, Thailand",TH,TH40,26423,13.75,100.517,-3250083,4,"Bangkok, Krung Thep Mahanakhon, Thailand",TH,TH40,26423,13.75,100.517,-3250083,4,"Bangkok, Krung Thep Mahanakhon, Thailand",TH,TH40,26423,13.75,100.517,-3250083,20260803080000,https://www.bangkokpost.com/world/3295805/myanmars-aung-san-suu-kyi-meets-red-cross-official-government-says
1316555848,20260803,202608,2026,2026.5836,MMR,MYANMAR,MMR,,,,,,,,MMRGOV,MYANMAR,MMR,,,,,GOV,,,1,012,012,01,1,-0.4,1,1,1,-0.99173553719008,4,"Naypyidaw, Mandalay, Myanmar",BM,BM08,41807,19.745,96.1297,9272014,1,Philippines,RP,RP,,13,122,RP,1,Philippines,RP,RP,,13,122,RP,20260803080000,https://www.geo.tv/latest/675889-myanmars-aung-san-suu-kyi-meets-red-cross-official-says-govt
1316555849,20260803,202608,2026,2026.5836,MMR,MYANMAR,MMR,,,,,,,,MMRGOV,MYANMAR,MMR,,,,,GOV,,,1,012,012,01,1,-0.4,3,1,3,-0.99173553719008,1,Philippines,RP,RP,,13,122,RP,1,Philippines,RP,RP,,13,122,RP,1,Philippines,RP,RP,,13,122,RP,20260803080000,https://www.geo.tv/latest/675889-myanmars-aung-san-suu-kyi-meets-red-cross-official-says-govt
1316555850,20260803,202608,2026,2026.5836,MMR,MYANMAR,MMR,,,,,,,,NGOHLHIRC,RED CROSS,,IRC,,,,NGO,HLH,,1,040,040,04,1,1.0,6,1,6,0,1,United Kingdom,UK,UK,,54,-4,UK,1,United Kingdom,UK,UK,,54,-4,UK,1,United Kingdom,UK,UK,,54,-4,UK,20260803080000,https://www.yahoo.com/news/world/articles/detained-suu-kyi-meets-red-054111633.html
1316555851,20260803,202608,2026,2026.5836,MMR,MYANMAR,MMR,,,,,,,,NGOHLHIRC,INTERNATIONAL COMMITTEE OF THE RED CROSS,,IRC,,,,NGO,HLH,,1,043,043,04,1,2.8,2,1,2,-0.72072072072072,4,"Nay Pyi Taw, Mandalay, Myanmar",BM,BM08,41807,19.745,96.1297,9272014,4,"Nay Pyi Taw, Mandalay, Myanmar",BM,BM08,41807,19.745,96.1297,9272014,4,"Bangkok, Krung Thep Mahanakhon, Thailand",TH,TH40,26423,13.75,100.517,-3250083,20260803080000,https://www.bangkokpost.com/world/3295805/myanmars-aung-san-suu-kyi-meets-red-cross-official-government-says
1316555852,20260803,202608,2026,2026.5836,MMR,MYANMAR,MMR,,,,,,,,NGOHLHIRC,INTERNATIONAL COMMITTEE OF THE RED CROSS,,IRC,,,,NGO,HLH,,1,043,043,04,1,2.8,6,2,6,-0.811058992877173,4,"Naypyitaw, Mandalay, Myanmar",BM,BM08,41807,19.745,96.1297,9272014,4,"Naypyitaw, Mandalay, Myanmar",BM,BM08,41807,19.745,96.1297,9272014,4,"Naypyitaw, Mandalay, Myanmar",BM,BM08,41807,19.745,96.1297,9272014,20260803080000,https://www.bangkokpost.com/world/3295805/myanmars-aung-san-suu-kyi-meets-red-cross-official-government-says
1316555853,20260803,202608,2026,2026.5836,MMR,MYANMAR,MMR,,,,,,,,NGOHLHIRC,INTERNATIONAL COMMITTEE OF THE RED CROSS,,IRC,,,,NGO,HLH,,0,046,046,04,1,7.0,2,1,2,-0.99173553719008,4,"Naypyidaw, Mandalay, Myanmar",BM,BM08,41807,19.745,96.1297,9272014,4,"Naypyitaw, Mandalay, Myanmar",BM,BM08,41807,19.745,96.1297,9272014,4,"Naypyidaw, Mandalay, Myanmar",BM,BM08,41807,19.745,96.1297,9272014,20260803080000,https://www.geo.tv/latest/675889-myanmars-aung-san-suu-kyi-meets-red-cross-official-says-govt
1316555854,20260803,202608,2026,2026.5836,MNCJPN,MITSUBISHI,JPN,,,,,MNC,,,AUS,QUEENSLAND,AUS,,,,,,,,1,193,193,19,4,-10.0,10,1,10,-4.64601769911504,4,"Curragh, New South Wales, Australia",AS,AS02,5096,-29.7667,145.3,-1568532,4,"Curragh, New South Wales, Australia",AS,AS02,5096,-29.7667,145.3,-1568532,4,"Curragh, New South Wales, Australia",AS,AS02,5096,-29.7667,145.3,-1568532,20260803080000,https://www.wsws.org/en/articles/2026/08/03/rnmj-a03.html
1316555855,20260803,202608,2026,2026.5836,MNCUSA,NETFLIX,USA,,,,,MNC,,,,,,,,,,,,,1,057,057,05,1,8.0,10,1,10,1.36255924170616,3,"Bradys, California, United States",US,USCA,CA029,35.7022,-117.869,1670215,0,,,,,,,,3,"Bradys, California, United States",US,USCA,CA029,35.7022,-117.869,1670215,20260803080000,https://listverse.com/2026/08/03/10-things-you-might-not-know-about-the-addams-family/
1316555856,20260803,202608,2026,2026.5836,MNCUSA,METLIFE,USA,,,,,MNC,,,USA,UNITED STATES,USA,,,,,,,,1,043,043,04,1,2.8,3,1,3,3.91304347826087,3,"East Rutherford, New Jersey, United States",US,USNJ,NJ003,40.834,-74.0971,876065,3,"East Rutherford, New Jersey, United States",US,USNJ,,40.834,-74.0971,876065,3,"East Rutherford, New Jersey, United States",US,USNJ,,40.834,-74.0971,876065,20260803080000,https://www.geo.tv/latest/675892-bts-rm-suga-share-backstage-moment-with-rap-icon-nas
1316555857,20260803,202608,2026,2026.5836,MOS,IMAM,,,,MOS,,,,,LEG,DELEGATE,,,,,,LEG,,,1,043,043,04,1,2.8,4,1,4,6.80473372781065,4,"Sudais, Saudi Arabia (general), Saudi Arabia",SA,SA00,25316,25.3,45.1667,-3099666,4,"Sudais, Saudi Arabia (general), Saudi Arabia",SA,SA00,25316,25.3,45.1667,-3099666,4,"Sudais, Saudi Arabia (general), Saudi Arabia",SA,SA00,25316,25.3,45.1667,-3099666,20260803080000,https://en.antaranews.com/news/425223/minister-urges-stronger-role-for-mosques-in-community-empowerment
1316555858,20260803,202608,2026,2026.5836,MYS,MALAYSIA,MYS,,,,,,,,,,,,,,,,,,0,013,013,01,1,0.4,2,1,2,4.05117270788913,4,"Kuala Lumpur, Kuala Lumpur, Malaysia",MY,MY14,18585,3.16667,101.7,-2403010,0,,,,,,,,4,"Kuala Lumpur, Kuala Lumpur, Malaysia",MY,MY14,18585,3.16667,101.7,-2403010,20260803080000,https://www.straitstimes.com/life/entertainment/hong-kong-based-celebrity-couple-mat-yeung-and-lisa-chng-tie-the-knot-in-malaysia
1316555859,20260803,202608,2026,2026.5836,MYS,MALAYSIA,MYS,,,,,,,,,,,,,,,,,,1,017,017,01,1,0.0,2,1,2,4.05117270788913,4,"Kuala Lumpur, Kuala Lumpur, Malaysia",MY,MY14,18585,3.16667,101.7,-2403010,0,,,,,,,,4,"Kuala Lumpur, Kuala Lumpur, Malaysia",MY,MY14,18585,3.16667,101.7,-2403010,20260803080000,https://www.straitstimes.com/life/entertainment/hong-kong-based-celebrity-couple-mat-yeung-and-lisa-chng-tie-the-knot-in-malaysia
1316555860,20260803,202608,2026,2026.5836,MYS,MALAYSIA,MYS,,,,,,,,,,,,,,,,,,1,017,017,01,1,0.0,2,1,2,4.05117270788913,4,"Kuala Lumpur, Kuala Lumpur, Malaysia",MY,MY14,18585,3.16667,101.7,-2403010,0,,,,,,,,1,Hong Kong,HK,HK,,22.25,114.166667,HK,20260803080000,https://www.straitstimes.com/life/entertainment/hong-kong-based-celebrity-couple-mat-yeung-and-lisa-chng-tie-the-knot-in-malaysia
1316555861,20260803,202608,2026,2026.5836,MYS,MALAYSIA,MYS,,,,,,,,,,,,,,,,,,1,042,042,04,1,1.9,2,1,2,4.05117270788913,4,"Kuala Lumpur, Kuala Lumpur, Malaysia",MY,MY14,18585,3.16667,101.7,-2403010,0,,,,,,,,1,Hong Kong,HK,HK,,22.25,114.166667,HK,20260803080000,https://www.straitstimes.com/life/entertainment/hong-kong-based-celebrity-couple-mat-yeung-and-lisa-chng-tie-the-knot-in-malaysia
1316555862,20260803,202608,2026,2026.5836,MYS,MALAYSIA,MYS,,,,,,,,,,,,,,,,,,1,051,051,05,1,3.4,4,1,4,4.05117270788913,4,"Kuala Lumpur, Kuala Lumpur, Malaysia",MY,MY14,18585,3.16667,101.7,-2403010,0,,,,,,,,4,"Kuala Lumpur, Kuala Lumpur, Malaysia",MY,MY14,18585,3.16667,101.7,-2403010,20260803080000,https://www.straitstimes.com/life/entertainment/hong-kong-based-celebrity-couple-mat-yeung-and-lisa-chng-tie-the-knot-in-malaysia
1316555863,20260803,202608,2026,2026.5836,MYS,MALAYSIA,MYS,,,,,,,,BUS,COMPANY,,,,,,BUS,,,1,186,186,18,4,-10.0,2,1,2,2.91666666666667,1,Indonesia,ID,ID,,-5,120,ID,1,Qatar,QA,QA,,25.5,51.25,QA,1,Iraq,IZ,IZ,,33,44,IZ,20260803080000,https://tradearabia.com:443/News/465719/CGC-emerges-lowest-bidder-for-$516m-Kuwait-water-treatment-project
1316555864,20260803,202608,2026,2026.5836,MYS,MALAYSIA,MYS,,,,,,,,BUS,COMPANY,,,,,,BUS,,,1,186,186,18,4,-10.0,8,1,8,2.91666666666667,1,Malaysia,MY,MY,,2.5,112.5,MY,1,Qatar,QA,QA,,25.5,51.25,QA,1,Iraq,IZ,IZ,,33,44,IZ,20260803080000,https://tradearabia.com:443/News/465719/CGC-emerges-lowest-bidder-for-$516m-Kuwait-water-treatment-project
1316555865,20260803,202608,2026,2026.5836,NGA,NIGERIA,NGA,,,,,,,,,,,,,,,,,,0,010,010,01,1,0.0,1,1,1,3.16831683168317,4,"Katsina, Katsina, Nigeria",NI,NI24,22565,12.9894,7.60063,-2015012,0,,,,,,,,4,"Katsina, Katsina, Nigeria",NI,NI24,22565,12.9894,7.60063,-2015012,20260803080000,https://leadership.ng/dont-exploit-insecurity-for-politics-gov-radda-cautions-politicians/
1316555866,20260803,202608,2026,2026.5836,NGA,NIGERIA,NGA,,,,,,,,,,,,,,,,,,0,010,010,01,1,0.0,3,1,3,3.16831683168317,5,"Katsina State, Katsina, Nigeria",NI,NI24,191020,12.25,7.5,-2015017,0,,,,,,,,4,"Katsina, Katsina, Nigeria",NI,NI24,22565,12.9894,7.60063,-2015012,20260803080000,https://leadership.ng/dont-exploit-insecurity-for-politics-gov-radda-cautions-politicians/
1316555867,20260803,202608,2026,2026.5836,NGA,NIGERIA,NGA,,,,,,,,,,,,,,,,,,1,017,017,01,1,0.0,4,1,4,-2.63157894736843,4,"Abuja, Abuja Federal Capital Territory, Nigeria",NI,NI11,191147,9.08333,7.53333,-1997013,0,,,,,,,,4,"Abuja, Abuja Federal Capital Territory, Nigeria",NI,NI11,191147,9.08333,7.53333,-1997013,20260803080000,https://www.nigerianeye.com/2026/08/osinbajo-pays-condolence-visit-to.html
1316555868,20260803,202608,2026,2026.5836,NGA,NIGERIA,NGA,,,,,,,,,,,,,,,,,,0,017,017,01,1,0.0,1,1,1,3.16831683168317,4,"Katsina, Katsina, Nigeria",NI,NI24,22565,12.9894,7.60063,-2015012,0,,,,,,,,4,"Katsina, Katsina, Nigeria",NI,NI24,22565,12.9894,7.60063,-2015012,20260803080000,https://leadership.ng/dont-exploit-insecurity-for-politics-gov-radda-cautions-politicians/
1316555869,20260803,202608,2026,2026.5836,NGA,NIGERIA,NGA,,,,,,,,,,,,,,,,,,1,173,173,17,4,-5.0,1,1,1,-5.5921052631579,4,"Nasarawa, Sokoto, Nigeria",NI,NI51,23100,13.0303,5.1938,10483473,0,,,,,,,,4,"Nasarawa, Sokoto, Nigeria",NI,NI51,23100,13.0303,5.1938,10483473,20260803080000,https://leadership.ng/ndlea-foils-cocaine-smuggling-to-china-italy/
1316555870,20260803,202608,2026,2026.5836,NGA,NIGERIA,NGA,,,,,,,,CRM,DRUG DEALER,,,,,,CRM,,,1,010,010,01,1,0.0,3,1,3,-5.5921052631579,5,"Rivers State, Rivers, Nigeria",NI,NI50,23058,4.75,6.83333,-2025387,4,"Port Harcourt, Rivers, Nigeria",NI,NI50,191389,4.78917,6.99861,-2025046,5,"Rivers State, Rivers, Nigeria",NI,NI50,23058,4.75,6.83333,-2025387,20260803080000,https://leadership.ng/ndlea-foils-cocaine-smuggling-to-china-italy/
1316555871,20260803,202608,2026,2026.5836,NGA,NIGERIA,NGA,,,,,,,,CRM,DRUG DEALER,,,,,,CRM,,,1,010,010,01,1,0.0,2,1,2,-5.5921052631579,4,"Nasarawa, Sokoto, Nigeria",NI,NI51,23100,13.0303,5.1938,10483473,4,"Nasarawa, Sokoto, Nigeria",NI,NI51,23100,13.0303,5.1938,10483473,4,"Nasarawa, Sokoto, Nigeria",NI,NI51,23100,13.0303,5.1938,10483473,20260803080000,https://leadership.ng/ndlea-foils-cocaine-smuggling-to-china-italy/
1316555872,20260803,202608,2026,2026.5836,NGA,NIGERIA,NGA,,,,,,,,CRM,DRUG DEALER,,,,,,CRM,,,1,010,010,01,1,0.0,1,1,1,-5.5921052631579,1,Italy,IT,IT,,42.833333,12.833333,IT,4,"Port Harcourt, Rivers, Nigeria",NI,NI50,191389,4.78917,6.99861,-2025046,5,"Rivers State, Rivers, Nigeria",NI,NI50,23058,4.75,6.83333,-2025387,20260803080000,https://leadership.ng/ndlea-foils-cocaine-smuggling-to-china-italy/
1316555873,20260803,202608,2026,2026.5836,NGA,NIGERIA,NGA,,,,,,,,CVL,RESIDENTS,,,,,,CVL,,,0,020,020,02,1,3.0,2,1,2,3.16831683168317,4,"Katsina, Katsina, Nigeria",NI,NI24,22565,12.9894,7.60063,-2015012,4,"Katsina, Katsina, Nigeria",NI,NI24,22565,12.9894,7.60063,-2015012,4,"Katsina, Katsina, Nigeria",NI,NI24,22565,12.9894,7.60063,-2015012,20260803080000,https://leadership.ng/dont-exploit-insecurity-for-politics-gov-radda-cautions-politicians/
1316555874,20260803,202608,2026,2026.5836,NGA,NIGERIA,NGA,,,,,,,,CVL,RESIDENTS,,,,,,CVL,,,0,020,020,02,1,3.0,2,1,2,3.16831683168317,5,"Katsina State, Katsina, Nigeria",NI,NI24,191020,12.25,7.5,-2015017,5,"Katsina State, Katsina, Nigeria",NI,NI24,191020,12.25,7.5,-2015017,4,"Katsina, Katsina, Nigeria",NI,NI24,22565,12.9894,7.60063,-2015012,20260803080000,https://leadership.ng/dont-exploit-insecurity-for-politics-gov-radda-cautions-politicians/
1316555875,20260803,202608,2026,2026.5836,NGA,NIGERIA,NGA,,,,,,,,GOV,PRESIDENT,,,,,,GOV,,,1,043,043,04,1,2.8,2,1,2,-2.63157894736843,4,"Abuja, Abuja Federal Capital Territory, Nigeria",NI,NI11,191147,9.08333,7.53333,-1997013,4,"Abuja, Abuja Federal Capital Territory, Nigeria",NI,NI11,191147,9.08333,7.53333,-1997013,4,"Abuja, Abuja Federal Capital Territory, Nigeria",NI,NI11,191147,9.08333,7.53333,-1997013,20260803080000,https://www.nigerianeye.com/2026/08/osinbajo-pays-condolence-visit-to.html
1316555876,20260803,202608,2026,2026.5836,NGA,NIGERIA,NGA,,,,,,,,GOV,GOVERNMENT,,,,,,GOV,,,0,051,051,05,1,3.4,1,1,1,3.16831683168317,4,"Katsina, Katsina, Nigeria",NI,NI24,22565,12.9894,7.60063,-2015012,5,"Katsina State, Katsina, Nigeria",NI,NI24,191020,12.25,7.5,-2015017,4,"Katsina, Katsina, Nigeria",NI,NI24,22565,12.9894,7.60063,-2015012,20260803080000,https://leadership.ng/dont-exploit-insecurity-for-politics-gov-radda-cautions-politicians/
1316555877,20260803,202608,2026,2026.5836,NGA,NIGERIA,NGA,,,,,,,,GOV,GOVERNMENT,,,,,,GOV,,,0,051,051,05,1,3.4,3,1,3,3.16831683168317,5,"Katsina State, Katsina, Nigeria",NI,NI24,191020,12.25,7.5,-2015017,5,"Katsina State, Katsina, Nigeria",NI,NI24,191020,12.25,7.5,-2015017,4,"Katsina, Katsina, Nigeria",NI,NI24,22565,12.9894,7.60063,-2015012,20260803080000,https://leadership.ng/dont-exploit-insecurity-for-politics-gov-radda-cautions-politicians/
1316555878,20260803,202608,2026,2026.5836,NGA,NIGERIA,NGA,,,,,,,,LEG,CONGRESS,,,,,,LEG,,,1,051,051,05,1,3.4,4,1,4,2.7027027027027,5,"Ekiti State, Ekiti, Nigeria",NI,NI54,22967,7.66667,5.25,9098618,5,"Ekiti State, Ekiti, Nigeria",NI,NI54,22967,7.66667,5.25,9098618,5,"Ekiti State, Ekiti, Nigeria",NI,NI54,22967,7.66667,5.25,9098618,20260803080000,https://www.nigerianeye.com/2026/08/2027-makinde-fayemi-oyinlola-meet.html
1316555879,20260803,202608,2026,2026.5836,NGA,NIGERIA,NGA,,,,,,,,PTY,PRESIDENTIAL CANDIDATE,,,,,,,,,1,040,040,04,1,1.0,1,1,1,2.7027027027027,4,"Abeokuta, Ogun, Nigeria",NI,NI16,22963,7.15,3.35,-1996844,5,"Oyo State, Oyo, Nigeria",NI,NI32,191166,8,4,-2024630,4,"Abeokuta, Ogun, Nigeria",NI,NI16,22963,7.15,3.35,-1996844,20260803080000,https://www.nigerianeye.com/2026/08/2027-makinde-fayemi-oyinlola-meet.html
1316555880,20260803,202608,2026,2026.5836,NGA,NIGERIA,NGA,,,,,,,,PTY,PRESIDENTIAL CANDIDATE,,,,,,,,,1,040,040,04,1,1.0,2,1,2,2.7027027027027,4,"Abeokuta, Ogun, Nigeria",NI,NI16,22963,7.15,3.35,-1996844,5,"Oyo State, Oyo, Nigeria",NI,NI32,191166,8,4,-2024630,5,"Ogun State, Ogun, Nigeria",NI,NI16,22963,7,3.58333,-2022272,20260803080000,https://www.nigerianeye.com/2026/08/2027-makinde-fayemi-oyinlola-meet.html
1316555881,20260803,202608,2026,2026.5836,NGA,NIGERIA,NGA,,,,,,,,PTY,PRESIDENTIAL CANDIDATE,,,,,,,,,1,040,040,04,1,1.0,3,1,3,2.7027027027027,5,"Ogun State, Ogun, Nigeria",NI,NI16,22963,7,3.58333,-2022272,5,"Oyo State, Oyo, Nigeria",NI,NI32,191166,8,4,-2024630,5,"Ogun State, Ogun, Nigeria",NI,NI16,22963,7,3.58333,-2022272,20260803080000,https://www.nigerianeye.com/2026/08/2027-makinde-fayemi-oyinlola-meet.html
1316555882,20260803,202608,2026,2026.5836,NGA,KATSINA,NGA,,,,,,,,PTY,POLITICIAN,,,,,,,,,1,130,130,13,3,-4.4,4,1,4,3.16831683168317,5,"Katsina State, Katsina, Nigeria",NI,NI24,191020,12.25,7.5,-2015017,5,"Katsina State, Katsina, Nigeria",NI,NI24,191020,12.25,7.5,-2015017,5,"Katsina State, Katsina, Nigeria",NI,NI24,191020,12.25,7.5,-2015017,20260803080000,https://leadership.ng/dont-exploit-insecurity-for-politics-gov-radda-cautions-politicians/
1316555883,20260803,202608,2026,2026.5836,NGA,NIGERIA,NGA,,,,,,,,REL,BISHOP,,,,,,,,,1,010,010,01,1,0.0,1,1,1,-4.72727272727273,4,"Abuja, Abuja Federal Capital Territory, Nigeria",NI,NI11,191147,9.08333,7.53333,-1997013,4,"Abuja, Abuja Federal Capital Territory, Nigeria",NI,NI11,191147,9.08333,7.53333,-1997013,4,"Abuja, Abuja Federal Capital Territory, Nigeria",NI,NI11,191147,9.08333,7.53333,-1997013,20260803080000,https://www.nigerianeye.com/2026/08/politicians-misleading-tinubu-not.html
1316555884,20260803,202608,2026,2026.5836,NGA,NIGERIA,NGA,,,,,,,,REL,BISHOP,,,,,,,,,1,042,042,04,1,1.9,2,1,2,-4.72727272727273,4,"Abuja, Abuja Federal Capital Territory, Nigeria",NI,NI11,191147,9.08333,7.53333,-1997013,4,"Abuja, Abuja Federal Capital Territory, Nigeria",NI,NI11,191147,9.08333,7.53333,-1997013,4,"Abuja, Abuja Federal Capital Territory, Nigeria",NI,NI11,191147,9.08333,7.53333,-1997013,20260803080000,https://www.nigerianeye.com/2026/08/politicians-misleading-tinubu-not.html
1316555885,20260803,202608,2026,2026.5836,NGA,NIGERIA,NGA,,,,,,,,REL,BISHOP,,,,,,,,,1,043,043,04,1,2.8,2,1,2,-4.72727272727273,4,"Abuja, Abuja Federal Capital Territory, Nigeria",NI,NI11,191147,9.08333,7.53333,-1997013,4,"Abuja, Abuja Federal Capital Territory, Nigeria",NI,NI11,191147,9.08333,7.53333,-1997013,4,"Abuja, Abuja Federal Capital Territory, Nigeria",NI,NI11,191147,9.08333,7.53333,-1997013,20260803080000,https://www.nigerianeye.com/2026/08/politicians-misleading-tinubu-not.html
1316555886,20260803,202608,2026,2026.5836,NGA,NIGERIA,NGA,,,,,,,,REL,BISHOP,,,,,,,,,1,120,120,12,3,-4.0,3,1,3,-4.72727272727273,4,"Abuja, Abuja Federal Capital Territory, Nigeria",NI,NI11,191147,9.08333,7.53333,-1997013,4,"Abuja, Abuja Federal Capital Territory, Nigeria",NI,NI11,191147,9.08333,7.53333,-1997013,4,"Abuja, Abuja Federal Capital Territory, Nigeria",NI,NI11,191147,9.08333,7.53333,-1997013,20260803080000,https://www.nigerianeye.com/2026/08/politicians-misleading-tinubu-not.html
1316555887,20260803,202608,2026,2026.5836,NGA,PORT HARCOURT,NGA,,,,,,,,SPY,OPERATIVE,,,,,,SPY,,,1,173,173,17,4,-5.0,7,1,7,-5.5921052631579,4,"Karu, Kaduna, Nigeria",NI,NI23,22817,10.6395,6.63951,-2014856,4,"Nasarawa, Sokoto, Nigeria",NI,NI51,23100,13.0303,5.1938,10483473,4,"Nasarawa, Sokoto, Nigeria",NI,NI51,23100,13.0303,5.1938,10483473,20260803080000,https://leadership.ng/ndlea-foils-cocaine-smuggling-to-china-italy/
1316555888,20260803,202608,2026,2026.5836,NGAELI,NIGERIA,NGA,,,,,ELI,,,NGA,NIGERIA,NGA,,,,,,,,0,017,017,01,1,0.0,2,1,2,3.16831683168317,4,"Katsina, Katsina, Nigeria",NI,NI24,22565,12.9894,7.60063,-2015012,4,"Katsina, Katsina, Nigeria",NI,NI24,22565,12.9894,7.60063,-2015012,4,"Katsina, Katsina, Nigeria",NI,NI24,22565,12.9894,7.60063,-2015012,20260803080000,https://leadership.ng/dont-exploit-insecurity-for-politics-gov-radda-cautions-politicians/
1316555889,20260803,202608,2026,2026.5836,NGAELI,OLUSEGUN OBASANJO,NGA,,,,,ELI,,,PTY,PRESIDENTIAL CANDIDATE,,,,,,,,,1,040,040,04,1,1.0,2,1,2,2.7027027027027,4,"Abeokuta, Ogun, Nigeria",NI,NI16,22963,7.15,3.35,-1996844,5,"Oyo State, Oyo, Nigeria",NI,NI32,191166,8,4,-2024630,5,"Ogun State, Ogun, Nigeria",NI,NI16,22963,7,3.58333,-2022272,20260803080000,https://www.nigerianeye.com/2026/08/2027-makinde-fayemi-oyinlola-meet.html
1316555890,20260803,202608,2026,2026.5836,NGAGOV,NIGERIA,NGA,,,,,GOV,,,CHRCTH,CATHOLIC BISHOP,,,,CHR,CTH,,,,1,043,043,04,1,2.8,2,1,2,-4.72727272727273,4,"Abuja, Abuja Federal Capital Territory, Nigeria",NI,NI11,191147,9.08333,7.53333,-1997013,4,"Abuja, Abuja Federal Capital Territory, Nigeria",NI,NI11,191147,9.08333,7.53333,-1997013,4,"Abuja, Abuja Federal Capital Territory, Nigeria",NI,NI11,191147,9.08333,7.53333,-1997013,20260803080000,https://www.nigerianeye.com/2026/08/politicians-misleading-tinubu-not.html
1316555891,20260803,202608,2026,2026.5836,NGAGOV,KATSINA,NGA,,,,,GOV,,,PTY,POLITICIAN,,,,,,,,,1,130,130,13,3,-4.4,6,1,6,3.16831683168317,4,"Katsina, Katsina, Nigeria",NI,NI24,22565,12.9894,7.60063,-2015012,5,"Katsina State, Katsina, Nigeria",NI,NI24,191020,12.25,7.5,-2015017,5,"Katsina State, Katsina, Nigeria",NI,NI24,191020,12.25,7.5,-2015017,20260803080000,https://leadership.ng/dont-exploit-insecurity-for-politics-gov-radda-cautions-politicians/
1316555892,20260803,202608,2026,2026.5836,NGOHLHIRC,INTERNATIONAL COMMITTEE OF THE RED CROSS,,IRC,,,,NGO,HLH,,,,,,,,,,,,1,042,042,04,1,1.9,1,1,1,-0.72072072072072,4,"Bangkok, Krung Thep Mahanakhon, Thailand",TH,TH40,26423,13.75,100.517,-3250083,0,,,,,,,,4,"Bangkok, Krung Thep Mahanakhon, Thailand",TH,TH40,26423,13.75,100.517,-3250083,20260803080000,https://www.bangkokpost.com/world/3295805/myanmars-aung-san-suu-kyi-meets-red-cross-official-government-says
1316555893,20260803,202608,2026,2026.5836,NGOHLHIRC,INTERNATIONAL COMMITTEE OF THE RED CROSS,,IRC,,,,NGO,HLH,,,,,,,,,,,,1,042,042,04,1,1.9,3,1,3,-0.72072072072072,1,Philippines,RP,RP,,13,122,RP,0,,,,,,,,1,Philippines,RP,RP,,13,122,RP,20260803080000,https://www.bangkokpost.com/world/3295805/myanmars-aung-san-suu-kyi-meets-red-cross-official-government-says
1316555894,20260803,202608,2026,2026.5836,NGOHLHIRC,RED CROSS,,IRC,,,,NGO,HLH,,GBR,UNITED KINGDOM,GBR,,,,,,,,1,040,040,04,1,1.0,4,1,4,0,1,United Kingdom,UK,UK,,54,-4,UK,1,United Kingdom,UK,UK,,54,-4,UK,1,United Kingdom,UK,UK,,54,-4,UK,20260803080000,https://www.yahoo.com/news/world/articles/detained-suu-kyi-meets-red-054111633.html
1316555895,20260803,202608,2026,2026.5836,NGOHLHIRC,ICRC,,IRC,,,,NGO,HLH,,GOV,GOVERNMENT,,,,,,GOV,,,1,040,040,04,1,1.0,10,1,10,-1.23456790123457,4,"Aung Hlaing, Ayeyarwady, Myanmar",BM,BM03,41780,15.7667,94.9833,-440327,4,"Aung Hlaing, Ayeyarwady, Myanmar",BM,BM03,41780,15.7667,94.9833,-440327,4,"Aung Hlaing, Ayeyarwady, Myanmar",BM,BM03,41780,15.7667,94.9833,-440327,20260803080000,https://www.yahoo.com/news/world/articles/aung-san-suu-kyi-appears-065313864.html
1316555896,20260803,202608,2026,2026.5836,NGOHLHIRC,INTERNATIONAL COMMITTEE OF THE RED CROSS,,IRC,,,,NGO,HLH,,GOV,GOVERNMENT,,,,,,GOV,,,0,042,042,04,1,1.9,1,1,1,-0.99173553719008,4,"Naypyitaw, Mandalay, Myanmar",BM,BM08,41807,19.745,96.1297,9272014,4,"Naypyitaw, Mandalay, Myanmar",BM,BM08,41807,19.745,96.1297,9272014,4,"Naypyitaw, Mandalay, Myanmar",BM,BM08,41807,19.745,96.1297,9272014,20260803080000,https://www.geo.tv/latest/675889-myanmars-aung-san-suu-kyi-meets-red-cross-official-says-govt
1316555897,20260803,202608,2026,2026.5836,NGOHLHIRC,INTERNATIONAL COMMITTEE OF THE RED CROSS,,IRC,,,,NGO,HLH,,MMR,MYANMAR,MMR,,,,,,,,1,042,042,04,1,1.9,1,1,1,-0.72072072072072,4,"Bangkok, Krung Thep Mahanakhon, Thailand",TH,TH40,26423,13.75,100.517,-3250083,4,"Bangkok, Krung Thep Mahanakhon, Thailand",TH,TH40,26423,13.75,100.517,-3250083,4,"Bangkok, Krung Thep Mahanakhon, Thailand",TH,TH40,26423,13.75,100.517,-3250083,20260803080000,https://www.bangkokpost.com/world/3295805/myanmars-aung-san-suu-kyi-meets-red-cross-official-government-says
1316555898,20260803,202608,2026,2026.5836,NGOHLHIRC,INTERNATIONAL COMMITTEE OF THE RED CROSS,,IRC,,,,NGO,HLH,,MMR,MYANMAR,MMR,,,,,,,,0,042,042,04,1,1.9,2,1,2,-0.99173553719008,4,"Naypyitaw, Mandalay, Myanmar",BM,BM08,41807,19.745,96.1297,9272014,4,"Naypyitaw, Mandalay, Myanmar",BM,BM08,41807,19.745,96.1297,9272014,4,"Naypyitaw, Mandalay, Myanmar",BM,BM08,41807,19.745,96.1297,9272014,20260803080000,https://www.geo.tv/latest/675889-myanmars-aung-san-suu-kyi-meets-red-cross-official-says-govt
1316555899,20260803,202608,2026,2026.5836,NGOHLHIRC,INTERNATIONAL COMMITTEE OF THE RED CROSS,,IRC,,,,NGO,HLH,,MMR,MYANMAR,MMR,,,,,,,,1,042,042,04,1,1.9,5,1,5,-0.72072072072072,1,Philippines,RP,RP,,13,122,RP,1,Philippines,RP,RP,,13,122,RP,1,Philippines,RP,RP,,13,122,RP,20260803080000,https://www.bangkokpost.com/world/3295805/myanmars-aung-san-suu-kyi-meets-red-cross-official-government-says
1316555900,20260803,202608,2026,2026.5836,NGOHLHIRC,INTERNATIONAL COMMITTEE OF THE RED CROSS,,IRC,,,,NGO,HLH,,MMR,MYANMAR,MMR,,,,,,,,0,046,046,04,1,7.0,2,1,2,-0.99173553719008,4,"Naypyitaw, Mandalay, Myanmar",BM,BM08,41807,19.745,96.1297,9272014,4,"Naypyidaw, Mandalay, Myanmar",BM,BM08,41807,19.745,96.1297,9272014,4,"Naypyidaw, Mandalay, Myanmar",BM,BM08,41807,19.745,96.1297,9272014,20260803080000,https://www.geo.tv/latest/675889-myanmars-aung-san-suu-kyi-meets-red-cross-official-says-govt
1316555901,20260803,202608,2026,2026.5836,NGOHLHIRC,INTERNATIONAL COMMITTEE OF THE RED CROSS,,IRC,,,,NGO,HLH,,THA,THAILAND,THA,,,,,,,,0,040,040,04,1,1.0,1,1,1,-0.72072072072072,4,"Nay Pyi Taw, Mandalay, Myanmar",BM,BM08,41807,19.745,96.1297,9272014,4,"Bangkok, Krung Thep Mahanakhon, Thailand",TH,TH40,26423,13.75,100.517,-3250083,4,"Bangkok, Krung Thep Mahanakhon, Thailand",TH,TH40,26423,13.75,100.517,-3250083,20260803080000,https://www.bangkokpost.com/world/3295805/myanmars-aung-san-suu-kyi-meets-red-cross-official-government-says
1316555902,20260803,202608,2026,2026.5836,NGOHRIAMN,AMNESTY INTERNATIONAL,,AMN,,,,NGO,HRI,,EGY,EGYPT,EGY,,,,,,,,0,043,043,04,1,2.8,5,1,5,-7.89968652037617,4,"Cairo, Al Qahirah, Egypt",EG,EG11,65350,30.05,31.25,-290692,4,"Cairo, Al Qahirah, Egypt",EG,EG11,65350,30.05,31.25,-290692,4,"Cairo, Al Qahirah, Egypt",EG,EG11,65350,30.05,31.25,-290692,20260803080000,https://www.wsws.org/en/articles/2026/08/03/isbz-a03.html
1316555903,20260803,202608,2026,2026.5836,NPL,NEPAL,NPL,,,,,,,,,,,,,,,,,,0,036,036,03,1,4.0,4,1,4,-1.54867256637168,4,"Kathmandu, Bagmati, Nepal",NP,NP01,22353,27.7167,85.3167,-1022136,0,,,,,,,,4,"Kathmandu, Bagmati, Nepal",NP,NP01,22353,27.7167,85.3167,-1022136,20260803080000,https://asianews.network/america-slips-further-out-of-reach-for-many-aspiring-nepalis/
1316555904,20260803,202608,2026,2026.5836,NPL,KATHMANDU,NPL,,,,,,,,,,,,,,,,,,0,043,043,04,1,2.8,1,1,1,-1.81043663471779,4,"Kathmandu, Bagmati, Nepal",NP,NP01,22353,27.7167,85.3167,-1022136,0,,,,,,,,4,"Rautahat, Nepal (general), Nepal",NP,NP00,22353,27,85.3333,-1022534,20260803080000,https://asianews.network/nepals-paddy-transplantation-races-ahead-as-monsoon-rains-revive/
1316555905,20260803,202608,2026,2026.5836,NRMRAC020,CREATIVITY,,,,NRM,,,,,,,,,,,,,,,1,128,128,12,3,-5.0,10,1,10,9.09090909090913,0,,,,,,,,0,,,,,,,,0,,,,,,,,20260803080000,https://bozone.com/event/summer-camp-magic-illusion-grades-4-5/
1316555906,20260803,202608,2026,2026.5836,NZL,NEW ZEALAND,NZL,,,,,,,,UAF,ARMED GROUP,,,,,,UAF,,,0,042,042,04,1,1.9,6,1,6,-6.34920634920635,1,New Zealand,NZ,NZ,,-42,174,NZ,1,New Zealand,NZ,NZ,,-42,174,NZ,1,New Zealand,NZ,NZ,,-42,174,NZ,20260803080000,https://en.antaranews.com/news/425187/five-workers-killed-by-insurgents-in-highland-papua-manhunt-ongoing
1316555907,20260803,202608,2026,2026.5836,NZL,NEW ZEALAND,NZL,,,,,,,,UAF,ARMED GROUP,,,,,,UAF,,,0,043,043,04,1,2.8,4,1,4,-6.34920634920635,1,New Zealand,NZ,NZ,,-42,174,NZ,1,New Zealand,NZ,NZ,,-42,174,NZ,1,New Zealand,NZ,NZ,,-42,174,NZ,20260803080000,https://en.antaranews.com/news/425187/five-workers-killed-by-insurgents-in-highland-papua-manhunt-ongoing
1316555908,20260803,202608,2026,2026.5836,OMN,OMAN,OMN,,,,,,,,BUS,COMPANY,,,,,,BUS,,,1,186,186,18,4,-10.0,2,1,2,2.91666666666667,1,Iraq,IZ,IZ,,33,44,IZ,1,Qatar,QA,QA,,25.5,51.25,QA,1,Iraq,IZ,IZ,,33,44,IZ,20260803080000,https://tradearabia.com:443/News/465719/CGC-emerges-lowest-bidder-for-$516m-Kuwait-water-treatment-project
1316555909,20260803,202608,2026,2026.5836,OMN,OMAN,OMN,,,,,,,,BUS,COMPANY,,,,,,BUS,,,1,186,186,18,4,-10.0,8,1,8,2.91666666666667,1,Oman,MU,MU,,21,57,MU,1,Qatar,QA,QA,,25.5,51.25,QA,1,Iraq,IZ,IZ,,33,44,IZ,20260803080000,https://tradearabia.com:443/News/465719/CGC-emerges-lowest-bidder-for-$516m-Kuwait-water-treatment-project
1316555910,20260803,202608,2026,2026.5836,OMN,OMAN,OMN,,,,,,,,IRN,TEHRAN,IRN,,,,,,,,0,040,040,04,1,1.0,2,1,2,-2.83018867924529,4,"Tehran, Tehran, Iran",IR,IR26,41130,35.75,51.5148,10074674,4,"Tehran, Tehran, Iran",IR,IR26,41130,35.75,51.5148,10074674,4,"Tehran, Tehran, Iran",IR,IR26,41130,35.75,51.5148,10074674,20260803080000,https://www.i24news.tv/en/news/international/artc-trump-says-talks-with-iran-to-start-on-monday-to-reopen-the-strait-of-hormuz-live-blog
1316555911,20260803,202608,2026,2026.5836,OMN,OMAN,OMN,,,,,,,,IRN,TEHRAN,IRN,,,,,,,,0,040,040,04,1,1.0,5,1,5,-2.83018867924529,1,Oman,MU,MU,,21,57,MU,4,"Tehran, Tehran, Iran",IR,IR26,41130,35.75,51.5148,10074674,4,"Tehran, Tehran, Iran",IR,IR26,41130,35.75,51.5148,10074674,20260803080000,https://www.i24news.tv/en/news/international/artc-trump-says-talks-with-iran-to-start-on-monday-to-reopen-the-strait-of-hormuz-live-blog
1316555912,20260803,202608,2026,2026.5836,OMN,OMAN,OMN,,,,,,,,IRN,IRAN,IRN,,,,,,,,1,040,040,04,1,1.0,2,1,2,-1.2962962962963,1,Oman,MU,MU,,21,57,MU,1,Oman,MU,MU,,21,57,MU,1,Oman,MU,MU,,21,57,MU,20260803080000,https://www.middle-east-online.com/en/iran-oman-near-agreement-strait-hormuz-management
1316555913,20260803,202608,2026,2026.5836,OMN,OMAN,OMN,,,,,,,,IRN,IRAN,IRN,,,,,,,,1,046,046,04,1,7.0,2,1,2,-1.2962962962963,4,"Tehran, Tehran, Iran",IR,IR26,41130,35.75,51.5148,10074674,4,"Tehran, Tehran, Iran",IR,IR26,41130,35.75,51.5148,10074674,1,Oman,MU,MU,,21,57,MU,20260803080000,https://www.middle-east-online.com/en/iran-oman-near-agreement-strait-hormuz-management
1316555914,20260803,202608,2026,2026.5836,OMN,OMAN,OMN,,,,,,,,IRN,IRAN,IRN,,,,,,,,0,050,050,05,1,3.5,2,1,2,-2.83018867924529,4,"Tehran, Tehran, Iran",IR,IR26,41130,35.75,51.5148,10074674,4,"Tehran, Tehran, Iran",IR,IR26,41130,35.75,51.5148,10074674,4,"Tehran, Tehran, Iran",IR,IR26,41130,35.75,51.5148,10074674,20260803080000,https://www.i24news.tv/en/news/international/artc-trump-says-talks-with-iran-to-start-on-monday-to-reopen-the-strait-of-hormuz-live-blog
1316555915,20260803,202608,2026,2026.5836,PAK,PAKISTAN,PAK,,,,,,,,,,,,,,,,,,0,018,018,01,1,3.4,4,1,4,-2.02702702702703,4,"Neelum, Azad Kashmir, Pakistan",PK,PK06,40418,34.9192,74.43,10804332,0,,,,,,,,4,"Kashmir, North-West Frontier, Pakistan",PK,PK03,40350,34.796,72.1502,-2764806,20260803080000,https://www.geo.tv/latest/675885-pml-n-leads-ajk-second-phase-elections-with-13-seats-ppp-secures-five
1316555916,20260803,202608,2026,2026.5836,PAK,PAKISTAN,PAK,,,,,,,,,,,,,,,,,,0,110,110,11,3,-2.0,8,1,8,-2.02702702702703,4,"Muzaffarabad, Punjab, Pakistan",PK,PK04,23670,30.1338,71.3685,-2762834,0,,,,,,,,4,"Muzaffarabad, Punjab, Pakistan",PK,PK04,23670,30.1338,71.3685,-2762834,20260803080000,https://www.geo.tv/latest/675885-pml-n-leads-ajk-second-phase-elections-with-13-seats-ppp-secures-five
1316555917,20260803,202608,2026,2026.5836,PAK,PAKISTAN,PAK,,,,,,,,,,,,,,,,,,0,110,110,11,3,-2.0,2,1,2,-2.02702702702703,4,"Kashmir, North-West Frontier, Pakistan",PK,PK03,40350,34.796,72.1502,-2764806,0,,,,,,,,4,"Muzaffarabad, Punjab, Pakistan",PK,PK04,23670,30.1338,71.3685,-2762834,20260803080000,https://www.geo.tv/latest/675885-pml-n-leads-ajk-second-phase-elections-with-13-seats-ppp-secures-five
1316555918,20260803,202608,2026,2026.5836,PAK,PAKISTAN,PAK,,,,,,,,,,,,,,,,,,0,110,110,11,3,-2.0,8,1,7,-2.02702702702703,4,"Kashmir, North-West Frontier, Pakistan",PK,PK03,40350,34.796,72.1502,-2764806,0,,,,,,,,4,"Kashmir, North-West Frontier, Pakistan",PK,PK03,40350,34.796,72.1502,-2764806,20260803080000,https://www.geo.tv/latest/675885-pml-n-leads-ajk-second-phase-elections-with-13-seats-ppp-secures-five
1316555919,20260803,202608,2026,2026.5836,PAK,PAKISTAN,PAK,,,,,,,,LAB,WORKER,,,,,,LAB,,,0,111,111,11,3,-2.0,4,1,4,-2.02702702702703,4,"Neelum, Azad Kashmir, Pakistan",PK,PK06,40418,34.9192,74.43,10804332,4,"Kashmir, North-West Frontier, Pakistan",PK,PK03,40350,34.796,72.1502,-2764806,4,"Neelum, Azad Kashmir, Pakistan",PK,PK06,40418,34.9192,74.43,10804332,20260803080000,https://www.geo.tv/latest/675885-pml-n-leads-ajk-second-phase-elections-with-13-seats-ppp-secures-five
1316555920,20260803,202608,2026,2026.5836,PAK,PAKISTAN,PAK,,,,,,,,REF,REFUGEE,,,,,,REF,,,1,051,051,05,1,3.4,1,1,1,-1.87617260787992,4,"Bilawal, Punjab, Pakistan",PK,PK04,23668,32.7756,71.9522,-2758720,4,"Bilawal, Punjab, Pakistan",PK,PK04,23668,32.7756,71.9522,-2758720,4,"Bilawal, Punjab, Pakistan",PK,PK04,23668,32.7756,71.9522,-2758720,20260803080000,https://www.geo.tv/latest/675897-pml-n-secures-simple-majority-to-form-government-in-ajk-says-sanaullah
1316555921,20260803,202608,2026,2026.5836,PSE,PALESTINIAN,PSE,,,,,,,,,,,,,,,,,,0,196,196,19,4,-9.5,2,1,2,-9.3841642228739,4,"Tel Aviv, Tel Aviv, Israel",IS,IS05,18316,32.0667,34.7667,-781545,0,,,,,,,,4,"Tel Aviv, Tel Aviv, Israel",IS,IS05,18316,32.0667,34.7667,-781545,20260803080000,https://www.presstv.co.uk/Detail/2026/08/03/773620/Israel-Gaza-massacre-Palestinian-groups
1316555922,20260803,202608,2026,2026.5836,PSE,PALESTINIAN,PSE,,,,,,,,ISR,ISRAELI,ISR,,,,,,,,1,130,130,13,3,-4.4,4,1,4,-9.3841642228739,4,"Gaza, Israel (general), Israel",IS,IS00,18315,31.4167,34.3333,-797156,4,"Gaza, Israel (general), Israel",IS,IS00,18315,31.4167,34.3333,-797156,4,"Gaza, Israel (general), Israel",IS,IS00,18315,31.4167,34.3333,-797156,20260803080000,https://www.presstv.co.uk/Detail/2026/08/03/773620/Israel-Gaza-massacre-Palestinian-groups
1316555923,20260803,202608,2026,2026.5836,PSE,PALESTINIAN,PSE,,,,,,,,ISR,ISRAELI,ISR,,,,,,,,0,141,141,14,3,-6.5,2,1,2,-9.3841642228739,4,"Gaza, Israel (general), Israel",IS,IS00,18315,31.4167,34.3333,-797156,4,"Gaza, Israel (general), Israel",IS,IS00,18315,31.4167,34.3333,-797156,4,"Gaza, Israel (general), Israel",IS,IS00,18315,31.4167,34.3333,-797156,20260803080000,https://www.presstv.co.uk/Detail/2026/08/03/773620/Israel-Gaza-massacre-Palestinian-groups
1316555924,20260803,202608,2026,2026.5836,PSE,GAZA,PSE,,,,,,,,ISR,ISRAELI,ISR,,,,,,,,1,190,190,19,4,-10.0,2,1,2,-9.3841642228739,4,"Khan Yunis, Gaza Strip (general), Gaza Strip",GZ,GZ00,18315,31.3402,34.3063,-797165,4,"Gaza, Israel (general), Israel",IS,IS00,18315,31.4167,34.3333,-797156,4,"Gaza, Israel (general), Israel",IS,IS00,18315,31.4167,34.3333,-797156,20260803080000,https://www.presstv.co.uk/Detail/2026/08/03/773620/Israel-Gaza-massacre-Palestinian-groups
1316555925,20260803,202608,2026,2026.5836,PSE,GAZA,PSE,,,,,,,,ISR,ISRAEL,ISR,,,,,,,,1,190,190,19,4,-10.0,6,1,6,-9.3841642228739,4,"Al-Qarara, Gaza Strip (general), Gaza Strip",GZ,GZ00,18315,31.3739,34.3408,10419976,4,"Gaza, Israel (general), Israel",IS,IS00,18315,31.4167,34.3333,-797156,4,"Gaza, Israel (general), Israel",IS,IS00,18315,31.4167,34.3333,-797156,20260803080000,https://www.presstv.co.uk/Detail/2026/08/03/773620/Israel-Gaza-massacre-Palestinian-groups
1316555926,20260803,202608,2026,2026.5836,PSE,PALESTINIAN,PSE,,,,,,,,ISRGOV,ISRAELI,ISR,,,,,GOV,,,0,141,141,14,3,-6.5,2,1,2,-9.3841642228739,4,"Gaza, Israel (general), Israel",IS,IS00,18315,31.4167,34.3333,-797156,4,"Gaza, Israel (general), Israel",IS,IS00,18315,31.4167,34.3333,-797156,4,"Gaza, Israel (general), Israel",IS,IS00,18315,31.4167,34.3333,-797156,20260803080000,https://www.presstv.co.uk/Detail/2026/08/03/773620/Israel-Gaza-massacre-Palestinian-groups
1316555927,20260803,202608,2026,2026.5836,PSE,PALESTINIAN,PSE,,,,,,,,REB,RESISTANCE GROUP,,,,,,REB,,,0,010,010,01,1,0.0,2,1,2,-9.3841642228739,4,"Tel Aviv, Tel Aviv, Israel",IS,IS05,18316,32.0667,34.7667,-781545,4,"Tel Aviv, Tel Aviv, Israel",IS,IS05,18316,32.0667,34.7667,-781545,4,"Tel Aviv, Tel Aviv, Israel",IS,IS05,18316,32.0667,34.7667,-781545,20260803080000,https://www.presstv.co.uk/Detail/2026/08/03/773620/Israel-Gaza-massacre-Palestinian-groups
1316555928,20260803,202608,2026,2026.5836,PTY,POLITICIAN,,,,,,,,,,,,,,,,,,,0,010,010,01,1,0.0,10,1,10,0,1,United Kingdom,UK,UK,,54,-4,UK,0,,,,,,,,1,United Kingdom,UK,UK,,54,-4,UK,20260803080000,https://www.yahoo.com/news/world/articles/detained-suu-kyi-meets-red-054111633.html
1316555929,20260803,202608,2026,2026.5836,PTY,PRESIDENTIAL CANDIDATE,,,,,,,,,,,,,,,,,,,0,040,040,04,1,1.0,4,1,4,-3.44827586206897,2,"Illinois, United States",US,USIL,,40.3363,-89.0022,IL,0,,,,,,,,2,"Illinois, United States",US,USIL,,40.3363,-89.0022,IL,20260803080000,https://www.wsws.org/en/articles/2026/08/03/hxlk-a03.html
1316555930,20260803,202608,2026,2026.5836,PTY,PRESIDENTIAL CANDIDATE,,,,,,,,,,,,,,,,,,,0,193,193,19,4,-10.0,1,1,1,-3.44827586206897,2,"Illinois, United States",US,USIL,,40.3363,-89.0022,IL,0,,,,,,,,2,"Illinois, United States",US,USIL,,40.3363,-89.0022,IL,20260803080000,https://www.wsws.org/en/articles/2026/08/03/hxlk-a03.html
1316555931,20260803,202608,2026,2026.5836,PTY,PRESIDENTIAL CANDIDATE,,,,,,,,,AFR,AFRICA,AFR,,,,,,,,1,043,043,04,1,2.8,8,1,8,-2.63157894736843,4,"Abuja, Abuja Federal Capital Territory, Nigeria",NI,NI11,191147,9.08333,7.53333,-1997013,4,"Abuja, Abuja Federal Capital Territory, Nigeria",NI,NI11,191147,9.08333,7.53333,-1997013,4,"Abuja, Abuja Federal Capital Territory, Nigeria",NI,NI11,191147,9.08333,7.53333,-1997013,20260803080000,https://www.nigerianeye.com/2026/08/osinbajo-pays-condolence-visit-to.html
1316555932,20260803,202608,2026,2026.5836,PTY,PRESIDENTIAL CANDIDATE,,,,,,,,,NGA,NIGERIA,NGA,,,,,,,,1,040,040,04,1,1.0,6,1,6,2.7027027027027,5,"Ekiti State, Ekiti, Nigeria",NI,NI54,22967,7.66667,5.25,9098618,5,"Ekiti State, Ekiti, Nigeria",NI,NI54,22967,7.66667,5.25,9098618,5,"Ekiti State, Ekiti, Nigeria",NI,NI54,22967,7.66667,5.25,9098618,20260803080000,https://www.nigerianeye.com/2026/08/2027-makinde-fayemi-oyinlola-meet.html
1316555933,20260803,202608,2026,2026.5836,PTY,PRESIDENTIAL CANDIDATE,,,,,,,,,NGAELI,OLUSEGUN OBASANJO,NGA,,,,,ELI,,,1,040,040,04,1,1.0,2,1,2,2.7027027027027,5,"Ekiti State, Ekiti, Nigeria",NI,NI54,22967,7.66667,5.25,9098618,5,"Ekiti State, Ekiti, Nigeria",NI,NI54,22967,7.66667,5.25,9098618,5,"Ekiti State, Ekiti, Nigeria",NI,NI54,22967,7.66667,5.25,9098618,20260803080000,https://www.nigerianeye.com/2026/08/2027-makinde-fayemi-oyinlola-meet.html
1316555934,20260803,202608,2026,2026.5836,PTY,PRESIDENTIAL CANDIDATE,,,,,,,,,USA,UNITED STATES,USA,,,,,,,,0,040,040,04,1,1.0,2,1,2,-3.44827586206897,2,"Illinois, United States",US,USIL,,40.3363,-89.0022,IL,2,"Illinois, United States",US,USIL,,40.3363,-89.0022,IL,2,"Illinois, United States",US,USIL,,40.3363,-89.0022,IL,20260803080000,https://www.wsws.org/en/articles/2026/08/03/hxlk-a03.html
1316555935,20260803,202608,2026,2026.5836,PTY,PRESIDENTIAL CANDIDATE,,,,,,,,,USA,UNITED STATES,USA,,,,,,,,0,040,040,04,1,1.0,4,1,4,-3.44827586206897,2,"Indiana, United States",US,USIN,,39.8647,-86.2604,IN,2,"Indiana, United States",US,USIN,,39.8647,-86.2604,IN,2,"Indiana, United States",US,USIN,,39.8647,-86.2604,IN,20260803080000,https://www.wsws.org/en/articles/2026/08/03/hxlk-a03.html
1316555936,20260803,202608,2026,2026.5836,PTY,PRESIDENTIAL CANDIDATE,,,,,,,,,USA,UNITED STATES,USA,,,,,,,,0,193,193,19,4,-10.0,2,1,2,-3.44827586206897,2,"Illinois, United States",US,USIL,,40.3363,-89.0022,IL,2,"Illinois, United States",US,USIL,,40.3363,-89.0022,IL,2,"Illinois, United States",US,USIL,,40.3363,-89.0022,IL,20260803080000,https://www.wsws.org/en/articles/2026/08/03/hxlk-a03.html
1316555937,20260803,202608,2026,2026.5836,PTY,PRESIDENTIAL CANDIDATE,,,,,,,,,USA,UNITED STATES,USA,,,,,,,,0,193,193,19,4,-10.0,2,1,2,-3.44827586206897,2,"Indiana, United States",US,USIN,,39.8647,-86.2604,IN,2,"Indiana, United States",US,USIN,,39.8647,-86.2604,IN,2,"Indiana, United States",US,USIN,,39.8647,-86.2604,IN,20260803080000,https://www.wsws.org/en/articles/2026/08/03/hxlk-a03.html
1316555938,20260803,202608,2026,2026.5836,QATCVL,QATAR,QAT,,,,,CVL,,,BUS,COMPANY,,,,,,BUS,,,1,057,057,05,1,8.0,20,1,20,4.09356725146199,4,"Doha, Ad Daw?ah, Qatar",QA,QA01,25307,25.2867,51.5333,-785169,4,"Doha, Ad Daw?ah, Qatar",QA,QA01,25307,25.2867,51.5333,-785169,4,"Doha, Ad Daw?ah, Qatar",QA,QA01,25307,25.2867,51.5333,-785169,20260803080000,https://tradearabia.com:443/News/466097/GWC-Group-in-deal-to-set-up-retail-facility-in-Logistics-Village-Qatar/IND
1316555939,20260803,202608,2026,2026.5836,REF,REFUGEE,,,,,,REF,,,PSE,PALESTINIAN,PSE,,,,,,,,0,190,190,19,4,-10.0,2,1,2,-9.3841642228739,4,"Jabalia, Gaza Strip (general), Gaza Strip",GZ,GZ00,18315,31.5364,34.4945,-797161,4,"Gaza, Israel (general), Israel",IS,IS00,18315,31.4167,34.3333,-797156,4,"Gaza, Israel (general), Israel",IS,IS00,18315,31.4167,34.3333,-797156,20260803080000,https://www.presstv.co.uk/Detail/2026/08/03/773620/Israel-Gaza-massacre-Palestinian-groups
1316555940,20260803,202608,2026,2026.5836,REL,RELIGION,,,,,,,,,,,,,,,,,,,0,090,090,09,2,-2.0,10,1,10,-1.02986611740474,1,"Vietnam, Republic Of",VM,VM,,16.166667,107.833333,VM,0,,,,,,,,1,"Vietnam, Republic Of",VM,VM,,16.166667,107.833333,VM,20260803080000,https://www.hindustantimes.com/world-news/us-news/from-flushing-our-toilets-to-building-new-schools-this-is-why-filling-in-your-census-form-matters-101785742328205.html
1316555941,20260803,202608,2026,2026.5836,REL,PRIEST,,,,,,,,,AGR,FARMER,,,,,,AGR,,,0,017,017,01,1,0.0,7,1,7,1.48601398601399,4,"Madrid, Madrid, Spain",SP,SP29,25820,40.4,-3.68333,-390625,4,"Madrid, Madrid, Spain",SP,SP29,25820,40.4,-3.68333,-390625,4,"Madrid, Madrid, Spain",SP,SP29,25820,40.4,-3.68333,-390625,20260803080000,https://angelusnews.com/faith/cerny-camino-de-santiago-pope/
1316555942,20260803,202608,2026,2026.5836,REL,PRIEST,,,,,,,,,AGR,FARMER,,,,,,AGR,,,0,017,017,01,1,0.0,3,1,3,1.48601398601399,4,"Santiago, Regióetropolitana, Chile",CI,CI12,22379,-33.45,-70.6667,-901202,4,"Santiago, Regióetropolitana, Chile",CI,CI12,22379,-33.45,-70.6667,-901202,4,"Santiago, Regióetropolitana, Chile",CI,CI12,22379,-33.45,-70.6667,-901202,20260803080000,https://angelusnews.com/faith/cerny-camino-de-santiago-pope/
1316555943,20260803,202608,2026,2026.5836,REL,ARCHBISHOP,,,,,,,,,GOV,ADMINISTRATION,,,,,,GOV,,,1,120,120,12,3,-4.0,3,1,3,-4.72727272727273,4,"Abuja, Abuja Federal Capital Territory, Nigeria",NI,NI11,191147,9.08333,7.53333,-1997013,4,"Abuja, Abuja Federal Capital Territory, Nigeria",NI,NI11,191147,9.08333,7.53333,-1997013,4,"Abuja, Abuja Federal Capital Territory, Nigeria",NI,NI11,191147,9.08333,7.53333,-1997013,20260803080000,https://www.nigerianeye.com/2026/08/politicians-misleading-tinubu-not.html
1316555944,20260803,202608,2026,2026.5836,REL,BISHOP,,,,,,,,,NGA,NIGERIA,NGA,,,,,,,,1,042,042,04,1,1.9,2,1,2,-4.72727272727273,4,"Abuja, Abuja Federal Capital Territory, Nigeria",NI,NI11,191147,9.08333,7.53333,-1997013,4,"Abuja, Abuja Federal Capital Territory, Nigeria",NI,NI11,191147,9.08333,7.53333,-1997013,4,"Abuja, Abuja Federal Capital Territory, Nigeria",NI,NI11,191147,9.08333,7.53333,-1997013,20260803080000,https://www.nigerianeye.com/2026/08/politicians-misleading-tinubu-not.html
1316555945,20260803,202608,2026,2026.5836,REL,BISHOP,,,,,,,,,NGA,NIGERIA,NGA,,,,,,,,1,043,043,04,1,2.8,2,1,2,-4.72727272727273,4,"Abuja, Abuja Federal Capital Territory, Nigeria",NI,NI11,191147,9.08333,7.53333,-1997013,4,"Abuja, Abuja Federal Capital Territory, Nigeria",NI,NI11,191147,9.08333,7.53333,-1997013,4,"Abuja, Abuja Federal Capital Territory, Nigeria",NI,NI11,191147,9.08333,7.53333,-1997013,20260803080000,https://www.nigerianeye.com/2026/08/politicians-misleading-tinubu-not.html
1316555946,20260803,202608,2026,2026.5836,REL,ARCHBISHOP,,,,,,,,,NGA,NIGERIA,NGA,,,,,,,,1,120,120,12,3,-4.0,1,1,1,-4.72727272727273,4,"Abuja, Abuja Federal Capital Territory, Nigeria",NI,NI11,191147,9.08333,7.53333,-1997013,4,"Abuja, Abuja Federal Capital Territory, Nigeria",NI,NI11,191147,9.08333,7.53333,-1997013,4,"Abuja, Abuja Federal Capital Territory, Nigeria",NI,NI11,191147,9.08333,7.53333,-1997013,20260803080000,https://www.nigerianeye.com/2026/08/politicians-misleading-tinubu-not.html
1316555947,20260803,202608,2026,2026.5836,ROU,ROMANIA,,,,,,,,,,,,,,,,,,,1,010,010,01,1,0.0,4,1,4,2.3391812865497,4,"Sibiu, Sibiu, Romania",RO,RO33,25020,45.8,24.15,-1170221,0,,,,,,,,4,"Sibiu, Sibiu, Romania",RO,RO33,25020,45.8,24.15,-1170221,20260803080000,https://business-review.eu/lifestyle/br-exclusive-architect-eliza-yokina-architecture-can-offer-a-sense-of-comfort-belonging-and-identity-298951
1316555948,20260803,202608,2026,2026.5836,RUS,RUSSIAN,RUS,,,,,,,,,,,,,,,,,,1,010,010,01,1,0.0,4,1,4,-7.1870170015456,4,"Dugina, Kurskaya Oblast', Russia",RS,RS41,25068,51.5604,34.4917,-2904278,0,,,,,,,,4,"Dugina, Kurskaya Oblast', Russia",RS,RS41,25068,51.5604,34.4917,-2904278,20260803080000,https://www.wsws.org/en/articles/2026/08/03/rdhv-a03.html
1316555949,20260803,202608,2026,2026.5836,RUS,MOSCOW,RUS,,,,,,,,,,,,,,,,,,0,163,163,16,4,-8.0,2,1,2,-3.27868852459016,4,"Moscow, Moskva, Russia",RS,RS48,25106,55.7522,37.6156,-2960561,0,,,,,,,,4,"Moscow, Moskva, Russia",RS,RS48,25106,55.7522,37.6156,-2960561,20260803080000,https://www.presstv.co.uk/Detail/2026/08/03/773627/eu-forces-board-sanctioned-russian-shadow-fleet-tanker
1316555950,20260803,202608,2026,2026.5836,RUS,RUSSIA,RUS,,,,,,,,,,,,,,,,,,0,190,190,19,4,-10.0,2,1,2,-2.90205562273277,1,Russia,RS,RS,,60,100,RS,0,,,,,,,,1,Greece,GR,GR,,39,22,GR,20260803080000,https://www.theguardian.com/commentisfree/2026/aug/03/the-odyssey-the-right-woke-xenia-threat
1316555951,20260803,202608,2026,2026.5836,RUS,RUSSIA,RUS,,,,,,,,BEL,BRUSSELS,BEL,,,,,,,,0,163,163,16,4,-8.0,10,1,10,-3.27868852459016,4,"Moscow, Moskva, Russia",RS,RS48,25106,55.7522,37.6156,-2960561,4,"Brussels, Bruxelles-Capitale, Belgium",BE,BE11,5850,50.8333,4.33333,-1955538,4,"Brussels, Bruxelles-Capitale, Belgium",BE,BE11,5850,50.8333,4.33333,-1955538,20260803080000,https://www.presstv.co.uk/Detail/2026/08/03/773627/eu-forces-board-sanctioned-russian-shadow-fleet-tanker
1316555952,20260803,202608,2026,2026.5836,RUS,MOSCOW,RUS,,,,,,,,MIL,MILITARY,,,,,,MIL,,,0,163,163,16,4,-8.0,3,1,3,-3.27868852459016,4,"Moscow, Moskva, Russia",RS,RS48,25106,55.7522,37.6156,-2960561,4,"Moscow, Moskva, Russia",RS,RS48,25106,55.7522,37.6156,-2960561,4,"Moscow, Moskva, Russia",RS,RS48,25106,55.7522,37.6156,-2960561,20260803080000,https://www.presstv.co.uk/Detail/2026/08/03/773627/eu-forces-board-sanctioned-russian-shadow-fleet-tanker
1316555953,20260803,202608,2026,2026.5836,RUS,RUSSIAN,RUS,,,,,,,,RUSBUS,RUSSIA,RUS,,,,,BUS,,,1,020,020,02,1,3.0,4,1,4,-7.1870170015456,4,"Kremlin, Moskva, Russia",RS,RS48,25106,55.7522,37.6156,-2960561,4,"Kremlin, Moskva, Russia",RS,RS48,25106,55.7522,37.6156,-2960561,4,"Kremlin, Moskva, Russia",RS,RS48,25106,55.7522,37.6156,-2960561,20260803080000,https://www.wsws.org/en/articles/2026/08/03/rdhv-a03.html
1316555954,20260803,202608,2026,2026.5836,RUS,MOSCOW,RUS,,,,,,,,RUSGOV,RUSSIA,RUS,,,,,GOV,,,0,193,193,19,4,-10.0,2,1,2,-7.1870170015456,4,"Moscow, Moskva, Russia",RS,RS48,25106,55.7522,37.6156,-2960561,4,"Moscow, Moskva, Russia",RS,RS48,25106,55.7522,37.6156,-2960561,4,"Moscow, Moskva, Russia",RS,RS48,25106,55.7522,37.6156,-2960561,20260803080000,https://www.wsws.org/en/articles/2026/08/03/rdhv-a03.html
1316555955,20260803,202608,2026,2026.5836,RUS,MOSCOW,RUS,,,,,,,,RUSUAF,RUSSIA,RUS,,,,,UAF,,,1,190,190,19,4,-10.0,2,1,2,-7.1870170015456,4,"Kremlin, Moskva, Russia",RS,RS48,25106,55.7522,37.6156,-2960561,4,"Kremlin, Moskva, Russia",RS,RS48,25106,55.7522,37.6156,-2960561,4,"Kremlin, Moskva, Russia",RS,RS48,25106,55.7522,37.6156,-2960561,20260803080000,https://www.wsws.org/en/articles/2026/08/03/rdhv-a03.html
1316555956,20260803,202608,2026,2026.5836,RUS,RUSSIAN,RUS,,,,,,,,UKR,KHARKIV,UKR,,,,,,,,0,1712,171,17,4,-9.2,4,1,4,-8.41584158415842,4,"Belgorod, Belgorodskaya Oblast', Russia",RS,RS09,25036,50.6107,36.5802,-2883930,4,"Kharkiv, Kharkivs'ka Oblast', Ukraine",UP,UP07,25036,49.9808,36.2527,-1041320,4,"Belgorod, Belgorodskaya Oblast', Russia",RS,RS09,25036,50.6107,36.5802,-2883930,20260803080000,https://jowhar.com/at-least-14-killed-as-ukraine-and-russia-trade-missile-and-drone-attacks/
1316555957,20260803,202608,2026,2026.5836,RUS,RUSSIA,RUS,,,,,,,,UKR,KHARKIV,UKR,,,,,,,,0,1712,171,17,4,-9.2,1,1,1,-8.41584158415842,4,"Belgorod, Belgorodskaya Oblast', Russia",RS,RS09,25036,50.6107,36.5802,-2883930,4,"Belgorod, Belgorodskaya Oblast', Russia",RS,RS09,25036,50.6107,36.5802,-2883930,4,"Belgorod, Belgorodskaya Oblast', Russia",RS,RS09,25036,50.6107,36.5802,-2883930,20260803080000,https://jowhar.com/at-least-14-killed-as-ukraine-and-russia-trade-missile-and-drone-attacks/
1316555958,20260803,202608,2026,2026.5836,RUS,RUSSIA,RUS,,,,,,,,UKR,KHARKIV,UKR,,,,,,,,0,190,190,19,4,-10.0,2,1,2,-8.41584158415842,4,"Kharkiv, Kharkivs'ka Oblast', Ukraine",UP,UP07,25036,49.9808,36.2527,-1041320,1,United States,US,US,,39.828175,-98.5795,US,4,"Kharkiv, Kharkivs'ka Oblast', Ukraine",UP,UP07,25036,49.9808,36.2527,-1041320,20260803080000,https://jowhar.com/at-least-14-killed-as-ukraine-and-russia-trade-missile-and-drone-attacks/
1316555959,20260803,202608,2026,2026.5836,RUS,RUSSIAN,RUS,,,,,,,,UKR,KHARKIV,UKR,,,,,,,,0,190,190,19,4,-10.0,3,1,3,-8.41584158415842,1,United States,US,US,,39.828175,-98.5795,US,1,United States,US,US,,39.828175,-98.5795,US,4,"Kharkiv, Kharkivs'ka Oblast', Ukraine",UP,UP07,25036,49.9808,36.2527,-1041320,20260803080000,https://jowhar.com/at-least-14-killed-as-ukraine-and-russia-trade-missile-and-drone-attacks/
1316555960,20260803,202608,2026,2026.5836,RUSBUS,RUSSIA,RUS,,,,,BUS,,,CVLBUS,COMMUNITY,,,,,,CVL,BUS,,0,040,040,04,1,1.0,10,1,10,-7.1870170015456,4,"Kremlin, Moskva, Russia",RS,RS48,25106,55.7522,37.6156,-2960561,4,"Kremlin, Moskva, Russia",RS,RS48,25106,55.7522,37.6156,-2960561,4,"Kremlin, Moskva, Russia",RS,RS48,25106,55.7522,37.6156,-2960561,20260803080000,https://www.wsws.org/en/articles/2026/08/03/rdhv-a03.html
1316555961,20260803,202608,2026,2026.5836,RUSBUS,RUSSIAN,RUS,,,,,BUS,,,RUS,RUSSIAN,RUS,,,,,,,,1,020,020,02,1,3.0,6,1,6,-7.1870170015456,4,"Kremlin, Moskva, Russia",RS,RS48,25106,55.7522,37.6156,-2960561,4,"Kremlin, Moskva, Russia",RS,RS48,25106,55.7522,37.6156,-2960561,4,"Kremlin, Moskva, Russia",RS,RS48,25106,55.7522,37.6156,-2960561,20260803080000,https://www.wsws.org/en/articles/2026/08/03/rdhv-a03.html
1316555962,20260803,202608,2026,2026.5836,RUSGOV,RUSSIAN,RUS,,,,,GOV,,,,,,,,,,,,,1,010,010,01,1,0.0,6,1,6,-7.1870170015456,4,"Dugina, Kurskaya Oblast', Russia",RS,RS41,25068,51.5604,34.4917,-2904278,0,,,,,,,,4,"Dugina, Kurskaya Oblast', Russia",RS,RS41,25068,51.5604,34.4917,-2904278,20260803080000,https://www.wsws.org/en/articles/2026/08/03/rdhv-a03.html
1316555963,20260803,202608,2026,2026.5836,RUSUAF,MOSCOW,RUS,,,,,UAF,,,,,,,,,,,,,1,190,190,19,4,-10.0,6,1,6,-7.1870170015456,4,"Kremlin, Moskva, Russia",RS,RS48,25106,55.7522,37.6156,-2960561,0,,,,,,,,4,"Kremlin, Moskva, Russia",RS,RS48,25106,55.7522,37.6156,-2960561,20260803080000,https://www.wsws.org/en/articles/2026/08/03/rdhv-a03.html
1316555964,20260803,202608,2026,2026.5836,SAU,SAUDI,SAU,,,,,,,,,,,,,,,,,,0,025,025,02,1,-0.3,1,1,1,-1.32013201320132,4,"Tehran, Tehran, Iran",IR,IR26,41130,35.75,51.5148,10074674,0,,,,,,,,4,"Tehran, Tehran, Iran",IR,IR26,41130,35.75,51.5148,10074674,20260803080000,https://tradearabia.com:443/News/466093/US-Iran-talks-set-to-resume-today-amid-Gulf-de-escalation-efforts
1316555965,20260803,202608,2026,2026.5836,SAU,SAUDI ARABIA,SAU,,,,,,,,,,,,,,,,,,0,025,025,02,1,-0.3,6,1,6,-1.32013201320132,3,"Washington, District of Columbia, United States",US,USDC,DC001,38.8951,-77.0364,531871,0,,,,,,,,3,"Washington, District of Columbia, United States",US,USDC,DC001,38.8951,-77.0364,531871,20260803080000,https://tradearabia.com:443/News/466093/US-Iran-talks-set-to-resume-today-amid-Gulf-de-escalation-efforts
1316555966,20260803,202608,2026,2026.5836,SAU,SAUDI,SAU,,,,,,,,,,,,,,,,,,0,025,025,02,1,-0.3,1,1,1,-1.32013201320132,1,Saudi Arabia,SA,SA,,25,45,SA,0,,,,,,,,4,"Tehran, Tehran, Iran",IR,IR26,41130,35.75,51.5148,10074674,20260803080000,https://tradearabia.com:443/News/466093/US-Iran-talks-set-to-resume-today-amid-Gulf-de-escalation-efforts
1316555967,20260803,202608,2026,2026.5836,SAU,SAUDI,SAU,,,,,,,,,,,,,,,,,,0,051,051,05,1,3.4,1,1,1,-1.32013201320132,1,Oman,MU,MU,,21,57,MU,0,,,,,,,,3,"Washington, District of Columbia, United States",US,USDC,DC001,38.8951,-77.0364,531871,20260803080000,https://tradearabia.com:443/News/466093/US-Iran-talks-set-to-resume-today-amid-Gulf-de-escalation-efforts
1316555968,20260803,202608,2026,2026.5836,SAU,SAUDI,SAU,,,,,,,,,,,,,,,,,,0,051,051,05,1,3.4,1,1,1,-1.32013201320132,1,Oman,MU,MU,,21,57,MU,0,,,,,,,,1,Oman,MU,MU,,21,57,MU,20260803080000,https://tradearabia.com:443/News/466093/US-Iran-talks-set-to-resume-today-amid-Gulf-de-escalation-efforts
1316555969,20260803,202608,2026,2026.5836,SAU,SAUDI,SAU,,,,,,,,,,,,,,,,,,0,051,051,05,1,3.4,1,1,1,-1.32013201320132,1,Qatar,QA,QA,,25.5,51.25,QA,0,,,,,,,,1,Saudi Arabia,SA,SA,,25,45,SA,20260803080000,https://tradearabia.com:443/News/466093/US-Iran-talks-set-to-resume-today-amid-Gulf-de-escalation-efforts
1316555970,20260803,202608,2026,2026.5836,SAU,SAUDI ARABIA,SAU,,,,,,,,,,,,,,,,,,0,051,051,05,1,3.4,7,1,7,-1.32013201320132,1,Saudi Arabia,SA,SA,,25,45,SA,0,,,,,,,,1,Saudi Arabia,SA,SA,,25,45,SA,20260803080000,https://tradearabia.com:443/News/466093/US-Iran-talks-set-to-resume-today-amid-Gulf-de-escalation-efforts
1316555971,20260803,202608,2026,2026.5836,SAU,SAUDI ARABIA,SAU,,,,,,,,IDN,INDONESIA,IDN,,,,,,,,1,043,043,04,1,2.8,4,1,4,6.80473372781065,4,"Sudais, Saudi Arabia (general), Saudi Arabia",SA,SA00,25316,25.3,45.1667,-3099666,4,"Antara, Aceh, Indonesia",ID,ID01,18585,3.5292,99.0184,10119106,4,"Sudais, Saudi Arabia (general), Saudi Arabia",SA,SA00,25316,25.3,45.1667,-3099666,20260803080000,https://en.antaranews.com/news/425223/minister-urges-stronger-role-for-mosques-in-community-empowerment
1316555972,20260803,202608,2026,2026.5836,SAU,SAUDI,SAU,,,,,,,,IRN,IRANIAN,IRN,,,,,,,,0,041,041,04,1,1.0,1,1,1,-1.32013201320132,4,"Tehran, Tehran, Iran",IR,IR26,41130,35.75,51.5148,10074674,4,"Tehran, Tehran, Iran",IR,IR26,41130,35.75,51.5148,10074674,4,"Tehran, Tehran, Iran",IR,IR26,41130,35.75,51.5148,10074674,20260803080000,https://tradearabia.com:443/News/466093/US-Iran-talks-set-to-resume-today-amid-Gulf-de-escalation-efforts
1316555973,20260803,202608,2026,2026.5836,SAU,SAUDI,SAU,,,,,,,,IRN,IRANIAN,IRN,,,,,,,,0,046,046,04,1,7.0,1,1,1,-1.32013201320132,4,"Tehran, Tehran, Iran",IR,IR26,41130,35.75,51.5148,10074674,4,"Tehran, Tehran, Iran",IR,IR26,41130,35.75,51.5148,10074674,4,"Tehran, Tehran, Iran",IR,IR26,41130,35.75,51.5148,10074674,20260803080000,https://tradearabia.com:443/News/466093/US-Iran-talks-set-to-resume-today-amid-Gulf-de-escalation-efforts
1316555974,20260803,202608,2026,2026.5836,SAU,SAUDI,SAU,,,,,,,,IRN,IRANIAN,IRN,,,,,,,,0,046,046,04,1,7.0,1,1,1,-1.32013201320132,1,Saudi Arabia,SA,SA,,25,45,SA,4,"Tehran, Tehran, Iran",IR,IR26,41130,35.75,51.5148,10074674,1,Saudi Arabia,SA,SA,,25,45,SA,20260803080000,https://tradearabia.com:443/News/466093/US-Iran-talks-set-to-resume-today-amid-Gulf-de-escalation-efforts
1316555975,20260803,202608,2026,2026.5836,SAU,SAUDI ARABIA,SAU,,,,,,,,LEG,DELEGATE,,,,,,LEG,,,1,043,043,04,1,2.8,2,1,2,6.80473372781065,4,"Sudais, Saudi Arabia (general), Saudi Arabia",SA,SA00,25316,25.3,45.1667,-3099666,4,"Sudais, Saudi Arabia (general), Saudi Arabia",SA,SA00,25316,25.3,45.1667,-3099666,4,"Sudais, Saudi Arabia (general), Saudi Arabia",SA,SA00,25316,25.3,45.1667,-3099666,20260803080000,https://en.antaranews.com/news/425223/minister-urges-stronger-role-for-mosques-in-community-empowerment
1316555976,20260803,202608,2026,2026.5836,SDN,SUDAN,SDN,,,,,,,,BUS,COMPANY,,,,,,BUS,,,1,186,186,18,4,-10.0,2,1,2,2.91666666666667,1,Oman,MU,MU,,21,57,MU,1,Qatar,QA,QA,,25.5,51.25,QA,1,Iraq,IZ,IZ,,33,44,IZ,20260803080000,https://tradearabia.com:443/News/465719/CGC-emerges-lowest-bidder-for-$516m-Kuwait-water-treatment-project
1316555977,20260803,202608,2026,2026.5836,SDN,SUDAN,SDN,,,,,,,,BUS,COMPANY,,,,,,BUS,,,1,186,186,18,4,-10.0,8,1,8,2.91666666666667,1,Sudan,SU,SU,,16,30,SU,1,Qatar,QA,QA,,25.5,51.25,QA,1,Iraq,IZ,IZ,,33,44,IZ,20260803080000,https://tradearabia.com:443/News/465719/CGC-emerges-lowest-bidder-for-$516m-Kuwait-water-treatment-project
1316555978,20260803,202608,2026,2026.5836,SDN,SUDAN,SDN,,,,,,,,EGY,EGYPT,EGY,,,,,,,,0,042,042,04,1,1.9,5,1,5,-7.89968652037617,4,"Cairo, Al Qahirah, Egypt",EG,EG11,65350,30.05,31.25,-290692,4,"Cairo, Al Qahirah, Egypt",EG,EG11,65350,30.05,31.25,-290692,4,"Cairo, Al Qahirah, Egypt",EG,EG11,65350,30.05,31.25,-290692,20260803080000,https://www.wsws.org/en/articles/2026/08/03/isbz-a03.html
1316555979,20260803,202608,2026,2026.5836,SEP,ARMED SEPARATIST,,,,,,SEP,,,USA,AMERICAN,USA,,,,,,,,0,193,193,19,4,-10.0,10,1,10,-6.34920634920635,1,United States,US,US,,39.828175,-98.5795,US,1,United States,US,US,,39.828175,-98.5795,US,1,United States,US,US,,39.828175,-98.5795,US,20260803080000,https://en.antaranews.com/news/425187/five-workers-killed-by-insurgents-in-highland-papua-manhunt-ongoing
1316555980,20260803,202608,2026,2026.5836,SEPMIL,LIBERATION ARMY,,,,,,SEP,MIL,,CHN,CHINESE,CHN,,,,,,,,1,062,062,06,2,7.4,8,1,8,1.34228187919463,1,China,CH,CH,,35,105,CH,1,China,CH,CH,,35,105,CH,1,China,CH,CH,,35,105,CH,20260803080000,https://en.antaranews.com/news/425213/indonesian-navy-deploys-warships-aircraft-in-ferry-fire-rescue
1316555981,20260803,202608,2026,2026.5836,SGP,SINGAPORE,SGP,,,,,,,,USAGOV,LAWRENCE,USA,,,,,GOV,,,1,010,010,01,1,0.0,10,1,10,-0.48780487804878,1,Singapore,SN,SN,,1.366667,103.8,SN,1,Singapore,SN,SN,,1.366667,103.8,SN,1,Singapore,SN,SN,,1.366667,103.8,SN,20260803080000,https://www.straitstimes.com/singapore/pm-wong-to-deliver-national-day-message-on-aug-8-2026
1316555982,20260803,202608,2026,2026.5836,SGPGOVMIL,SINGAPORE,SGP,,,,,GOV,MIL,,,,,,,,,,,,1,010,010,01,1,0.0,2,1,2,-0.48780487804878,1,Singapore,SN,SN,,1.366667,103.8,SN,0,,,,,,,,1,Singapore,SN,SN,,1.366667,103.8,SN,20260803080000,https://www.straitstimes.com/singapore/pm-wong-to-deliver-national-day-message-on-aug-8-2026
1316555983,20260803,202608,2026,2026.5836,SPY,OPERATIVE,,,,,,SPY,,,CRM,DRUG DEALER,,,,,,CRM,,,1,010,010,01,1,0.0,1,1,1,-5.5921052631579,5,"Rivers State, Rivers, Nigeria",NI,NI50,23058,4.75,6.83333,-2025387,4,"Port Harcourt, Rivers, Nigeria",NI,NI50,191389,4.78917,6.99861,-2025046,5,"Rivers State, Rivers, Nigeria",NI,NI50,23058,4.75,6.83333,-2025387,20260803080000,https://leadership.ng/ndlea-foils-cocaine-smuggling-to-china-italy/
1316555984,20260803,202608,2026,2026.5836,SPY,OPERATIVE,,,,,,SPY,,,ISR,ISRAEL,ISR,,,,,,,,1,010,010,01,1,0.0,10,1,10,-1.04529616724738,1,Israel,IS,IS,,31.5,34.75,IS,1,Israel,IS,IS,,31.5,34.75,IS,1,Israel,IS,IS,,31.5,34.75,IS,20260803080000,https://www.presstv.co.uk/Detail/2026/08/03/773624/Iran-Israel-Judiciary-Mossad-
1316555985,20260803,202608,2026,2026.5836,SPY,OPERATIVE,,,,,,SPY,,,ISR,ISRAEL,ISR,,,,,,,,1,173,173,17,4,-5.0,10,1,10,-1.04529616724738,1,Israel,IS,IS,,31.5,34.75,IS,1,Israel,IS,IS,,31.5,34.75,IS,1,Israel,IS,IS,,31.5,34.75,IS,20260803080000,https://www.presstv.co.uk/Detail/2026/08/03/773624/Iran-Israel-Judiciary-Mossad-
1316555986,20260803,202608,2026,2026.5836,SWE,SWEDEN,SWE,,,,,,,,,,,,,,,,,,1,046,046,04,1,7.0,2,1,2,5.08474576271186,1,Sweden,SW,SW,,62,15,SW,0,,,,,,,,1,Sweden,SW,SW,,62,15,SW,20260803080000,https://www.billboard.com/music/pop/robyn-zara-larsson-collaboration-talk-to-me-zara-1236307933/
1316555987,20260803,202608,2026,2026.5836,SWE,SWEDEN,SWE,,,,,,,,,,,,,,,,,,1,060,060,06,2,6.0,4,1,4,5.08474576271186,1,Sweden,SW,SW,,62,15,SW,0,,,,,,,,1,Sweden,SW,SW,,62,15,SW,20260803080000,https://www.billboard.com/music/pop/robyn-zara-larsson-collaboration-talk-to-me-zara-1236307933/
1316555988,20260803,202608,2026,2026.5836,SWE,SWEDEN,SWE,,,,,,,,,,,,,,,,,,1,084,084,08,2,7.0,2,1,2,5.08474576271186,1,Sweden,SW,SW,,62,15,SW,0,,,,,,,,1,Sweden,SW,SW,,62,15,SW,20260803080000,https://www.billboard.com/music/pop/robyn-zara-larsson-collaboration-talk-to-me-zara-1236307933/
1316555989,20260803,202608,2026,2026.5836,THA,THAI,THA,,,,,,,,,,,,,,,,,,1,042,042,04,1,1.9,1,1,1,1.85185185185185,4,"Jakarta, Jakarta Raya, Indonesia",ID,ID04,18585,-6.17444,106.829,-2679652,0,,,,,,,,4,"Jakarta, Jakarta Raya, Indonesia",ID,ID04,18585,-6.17444,106.829,-2679652,20260803080000,https://en.antaranews.com/news/425217/indonesian-president-prabowo-to-host-thai-pm-charnvirakul-in-jakarta
1316555990,20260803,202608,2026,2026.5836,THA,THAI,THA,,,,,,,,,,,,,,,,,,1,042,042,04,1,1.9,1,1,1,1.85185185185185,1,Thailand,TH,TH,,15,100,TH,0,,,,,,,,1,Thailand,TH,TH,,15,100,TH,20260803080000,https://en.antaranews.com/news/425217/indonesian-president-prabowo-to-host-thai-pm-charnvirakul-in-jakarta
1316555991,20260803,202608,2026,2026.5836,THA,THAILAND,THA,,,,,,,,CVL,CITIZEN,,,,,,CVL,,,0,051,051,05,1,3.4,5,1,5,-1.38528138528139,4,"Bangkok, Krung Thep Mahanakhon, Thailand",TH,TH40,26423,13.75,100.517,-3250083,4,"Bangkok, Krung Thep Mahanakhon, Thailand",TH,TH40,26423,13.75,100.517,-3250083,4,"Bangkok, Krung Thep Mahanakhon, Thailand",TH,TH40,26423,13.75,100.517,-3250083,20260803080000,https://asianews.network/thailand-disputes-un-rapporteurs-account-of-cambodia-conflict/
1316555992,20260803,202608,2026,2026.5836,THA,THAILAND,THA,,,,,,,,GBR,UNITED KINGDOM,GBR,,,,,,,,0,036,036,03,1,4.0,1,1,1,0,4,"Bangkok, Krung Thep Mahanakhon, Thailand",TH,TH40,26423,13.75,100.517,-3250083,1,United Kingdom,UK,UK,,54,-4,UK,4,"Bangkok, Krung Thep Mahanakhon, Thailand",TH,TH40,26423,13.75,100.517,-3250083,20260803080000,https://www.yahoo.com/news/world/articles/detained-suu-kyi-meets-red-054111633.html
1316555993,20260803,202608,2026,2026.5836,THA,THAILAND,THA,,,,,,,,GBR,UNITED KINGDOM,GBR,,,,,,,,0,036,036,03,1,4.0,1,1,1,0,1,United Kingdom,UK,UK,,54,-4,UK,1,United Kingdom,UK,UK,,54,-4,UK,4,"Bangkok, Krung Thep Mahanakhon, Thailand",TH,TH40,26423,13.75,100.517,-3250083,20260803080000,https://www.yahoo.com/news/world/articles/detained-suu-kyi-meets-red-054111633.html
1316555994,20260803,202608,2026,2026.5836,THA,THAI,THA,,,,,,,,GOV,PRESIDENT,,,,,,GOV,,,1,036,036,03,1,4.0,2,1,2,1.85185185185185,4,"Merdeka, Nusa Tenggara Timur, Indonesia",ID,ID18,18585,-9.10583,124.898,8008058,4,"Jakarta, Jakarta Raya, Indonesia",ID,ID04,18585,-6.17444,106.829,-2679652,1,Thailand,TH,TH,,15,100,TH,20260803080000,https://en.antaranews.com/news/425217/indonesian-president-prabowo-to-host-thai-pm-charnvirakul-in-jakarta
1316555995,20260803,202608,2026,2026.5836,THA,THAILAND,THA,,,,,,,,GOV,PRESIDENT,,,,,,GOV,,,1,036,036,03,1,4.0,2,1,2,1.85185185185185,1,Thailand,TH,TH,,15,100,TH,4,"Jakarta, Jakarta Raya, Indonesia",ID,ID04,18585,-6.17444,106.829,-2679652,4,"Jakarta, Jakarta Raya, Indonesia",ID,ID04,18585,-6.17444,106.829,-2679652,20260803080000,https://en.antaranews.com/news/425217/indonesian-president-prabowo-to-host-thai-pm-charnvirakul-in-jakarta
1316555996,20260803,202608,2026,2026.5836,THA,THAI,THA,,,,,,,,GOV,PRESIDENT,,,,,,GOV,,,1,036,036,03,1,4.0,6,1,6,1.85185185185185,1,Thailand,TH,TH,,15,100,TH,4,"Merdeka, Nusa Tenggara Timur, Indonesia",ID,ID18,18585,-9.10583,124.898,8008058,4,"Jakarta, Jakarta Raya, Indonesia",ID,ID04,18585,-6.17444,106.829,-2679652,20260803080000,https://en.antaranews.com/news/425217/indonesian-president-prabowo-to-host-thai-pm-charnvirakul-in-jakarta
1316555997,20260803,202608,2026,2026.5836,THA,THAILAND,THA,,,,,,,,GOV,GOVERNMENT,,,,,,GOV,,,0,040,040,04,1,1.0,2,1,2,-0.72072072072072,4,"Bangkok, Krung Thep Mahanakhon, Thailand",TH,TH40,26423,13.75,100.517,-3250083,4,"Bangkok, Krung Thep Mahanakhon, Thailand",TH,TH40,26423,13.75,100.517,-3250083,4,"Bangkok, Krung Thep Mahanakhon, Thailand",TH,TH40,26423,13.75,100.517,-3250083,20260803080000,https://www.bangkokpost.com/world/3295805/myanmars-aung-san-suu-kyi-meets-red-cross-official-government-says
1316555998,20260803,202608,2026,2026.5836,THA,THAILAND,THA,,,,,,,,GOV,MINISTRY,,,,,,GOV,,,0,043,043,04,1,2.8,2,1,2,-1.38528138528139,4,"Bangkok, Krung Thep Mahanakhon, Thailand",TH,TH40,26423,13.75,100.517,-3250083,4,"Bangkok, Krung Thep Mahanakhon, Thailand",TH,TH40,26423,13.75,100.517,-3250083,4,"Bangkok, Krung Thep Mahanakhon, Thailand",TH,TH40,26423,13.75,100.517,-3250083,20260803080000,https://asianews.network/thailand-disputes-un-rapporteurs-account-of-cambodia-conflict/
1316555999,20260803,202608,2026,2026.5836,THA,THAILAND,THA,,,,,,,,GOV,MINISTRY,,,,,,GOV,,,0,043,043,04,1,2.8,2,1,2,-1.38528138528139,4,"Bangkok, Krung Thep Mahanakhon, Thailand",TH,TH40,26423,13.75,100.517,-3250083,1,Cambodia,CB,CB,,13,105,CB,4,"Bangkok, Krung Thep Mahanakhon, Thailand",TH,TH40,26423,13.75,100.517,-3250083,20260803080000,https://asianews.network/thailand-disputes-un-rapporteurs-account-of-cambodia-conflict/
1316556000,20260803,202608,2026,2026.5836,THA,THAILAND,THA,,,,,,,,GOV,MINISTRY,,,,,,GOV,,,0,043,043,04,1,2.8,1,1,1,-1.38528138528139,4,"Bangkok, Krung Thep Mahanakhon, Thailand",TH,TH40,26423,13.75,100.517,-3250083,1,Cambodia,CB,CB,,13,105,CB,1,Cambodia,CB,CB,,13,105,CB,20260803080000,https://asianews.network/thailand-disputes-un-rapporteurs-account-of-cambodia-conflict/
1316556001,20260803,202608,2026,2026.5836,THA,THAILAND,THA,,,,,,,,GOV,MINISTRY,,,,,,GOV,,,0,043,043,04,1,2.8,2,1,2,-1.38528138528139,1,Cambodia,CB,CB,,13,105,CB,4,"Bangkok, Krung Thep Mahanakhon, Thailand",TH,TH40,26423,13.75,100.517,-3250083,1,Cambodia,CB,CB,,13,105,CB,20260803080000,https://asianews.network/thailand-disputes-un-rapporteurs-account-of-cambodia-conflict/
1316556002,20260803,202608,2026,2026.5836,THA,THAILAND,THA,,,,,,,,GOV,DIPLOMAT,,,,,,GOV,,,0,070,070,07,2,7.0,5,1,5,-1.38528138528139,4,"Bangkok, Krung Thep Mahanakhon, Thailand",TH,TH40,26423,13.75,100.517,-3250083,4,"Bangkok, Krung Thep Mahanakhon, Thailand",TH,TH40,26423,13.75,100.517,-3250083,4,"Bangkok, Krung Thep Mahanakhon, Thailand",TH,TH40,26423,13.75,100.517,-3250083,20260803080000,https://asianews.network/thailand-disputes-un-rapporteurs-account-of-cambodia-conflict/
1316556003,20260803,202608,2026,2026.5836,THA,THAI,THA,,,,,,,,IDN,JAKARTA,IDN,,,,,,,,1,036,036,03,1,4.0,2,1,2,1.85185185185185,4,"Merdeka, Nusa Tenggara Timur, Indonesia",ID,ID18,18585,-9.10583,124.898,8008058,1,Thailand,TH,TH,,15,100,TH,4,"Merdeka, Nusa Tenggara Timur, Indonesia",ID,ID18,18585,-9.10583,124.898,8008058,20260803080000,https://en.antaranews.com/news/425217/indonesian-president-prabowo-to-host-thai-pm-charnvirakul-in-jakarta
1316556004,20260803,202608,2026,2026.5836,THA,THAI,THA,,,,,,,,IDN,JAKARTA,IDN,,,,,,,,1,036,036,03,1,4.0,8,1,8,1.85185185185185,1,Thailand,TH,TH,,15,100,TH,4,"Jakarta, Jakarta Raya, Indonesia",ID,ID04,18585,-6.17444,106.829,-2679652,4,"Jakarta, Jakarta Raya, Indonesia",ID,ID04,18585,-6.17444,106.829,-2679652,20260803080000,https://en.antaranews.com/news/425217/indonesian-president-prabowo-to-host-thai-pm-charnvirakul-in-jakarta
1316556005,20260803,202608,2026,2026.5836,THA,THAI,THA,,,,,,,,IDN,INDONESIA,IDN,,,,,,,,1,036,036,03,1,4.0,1,1,1,1.85185185185185,1,Thailand,TH,TH,,15,100,TH,4,"Antara, Aceh, Indonesia",ID,ID01,18585,3.5292,99.0184,10119106,4,"Antara, Aceh, Indonesia",ID,ID01,18585,3.5292,99.0184,10119106,20260803080000,https://en.antaranews.com/news/425217/indonesian-president-prabowo-to-host-thai-pm-charnvirakul-in-jakarta
1316556006,20260803,202608,2026,2026.5836,THA,THAI,THA,,,,,,,,IDN,INDONESIA,IDN,,,,,,,,1,036,036,03,1,4.0,1,1,1,1.85185185185185,1,Thailand,TH,TH,,15,100,TH,4,"Antara, Aceh, Indonesia",ID,ID01,18585,3.5292,99.0184,10119106,1,Thailand,TH,TH,,15,100,TH,20260803080000,https://en.antaranews.com/news/425217/indonesian-president-prabowo-to-host-thai-pm-charnvirakul-in-jakarta
1316556007,20260803,202608,2026,2026.5836,THA,THAI,THA,,,,,,,,IDN,INDONESIA,IDN,,,,,,,,1,042,042,04,1,1.9,1,1,1,1.85185185185185,4,"Jakarta, Jakarta Raya, Indonesia",ID,ID04,18585,-6.17444,106.829,-2679652,1,Thailand,TH,TH,,15,100,TH,4,"Jakarta, Jakarta Raya, Indonesia",ID,ID04,18585,-6.17444,106.829,-2679652,20260803080000,https://en.antaranews.com/news/425217/indonesian-president-prabowo-to-host-thai-pm-charnvirakul-in-jakarta
1316556008,20260803,202608,2026,2026.5836,THA,THAILAND,THA,,,,,,,,IDN,JAKARTA,IDN,,,,,,,,1,042,042,04,1,1.9,6,1,6,1.85185185185185,1,Thailand,TH,TH,,15,100,TH,4,"Jakarta, Jakarta Raya, Indonesia",ID,ID04,18585,-6.17444,106.829,-2679652,4,"Jakarta, Jakarta Raya, Indonesia",ID,ID04,18585,-6.17444,106.829,-2679652,20260803080000,https://en.antaranews.com/news/425217/indonesian-president-prabowo-to-host-thai-pm-charnvirakul-in-jakarta
1316556009,20260803,202608,2026,2026.5836,THA,THAI,THA,,,,,,,,IDN,INDONESIA,IDN,,,,,,,,1,042,042,04,1,1.9,1,1,1,1.85185185185185,1,Thailand,TH,TH,,15,100,TH,4,"Jakarta, Jakarta Raya, Indonesia",ID,ID04,18585,-6.17444,106.829,-2679652,1,Thailand,TH,TH,,15,100,TH,20260803080000,https://en.antaranews.com/news/425217/indonesian-president-prabowo-to-host-thai-pm-charnvirakul-in-jakarta
1316556010,20260803,202608,2026,2026.5836,THA,THAI,THA,,,,,,,,IDN,INDONESIAN,IDN,,,,,,,,1,042,042,04,1,1.9,2,1,2,1.85185185185185,1,Thailand,TH,TH,,15,100,TH,4,"Merdeka, Nusa Tenggara Timur, Indonesia",ID,ID18,18585,-9.10583,124.898,8008058,1,Thailand,TH,TH,,15,100,TH,20260803080000,https://en.antaranews.com/news/425217/indonesian-president-prabowo-to-host-thai-pm-charnvirakul-in-jakarta
1316556011,20260803,202608,2026,2026.5836,THA,THAILAND,THA,,,,,,,,IDN,INDONESIA,IDN,,,,,,,,0,043,043,04,1,2.8,1,1,1,1.85185185185185,4,"Merdeka, Nusa Tenggara Timur, Indonesia",ID,ID18,18585,-9.10583,124.898,8008058,4,"Merdeka, Nusa Tenggara Timur, Indonesia",ID,ID18,18585,-9.10583,124.898,8008058,4,"Merdeka, Nusa Tenggara Timur, Indonesia",ID,ID18,18585,-9.10583,124.898,8008058,20260803080000,https://en.antaranews.com/news/425217/indonesian-president-prabowo-to-host-thai-pm-charnvirakul-in-jakarta
1316556012,20260803,202608,2026,2026.5836,THA,THAILAND,THA,,,,,,,,IDN,INDONESIA,IDN,,,,,,,,0,043,043,04,1,2.8,5,1,5,1.85185185185185,1,Thailand,TH,TH,,15,100,TH,4,"Merdeka, Nusa Tenggara Timur, Indonesia",ID,ID18,18585,-9.10583,124.898,8008058,1,Thailand,TH,TH,,15,100,TH,20260803080000,https://en.antaranews.com/news/425217/indonesian-president-prabowo-to-host-thai-pm-charnvirakul-in-jakarta
1316556013,20260803,202608,2026,2026.5836,THA,THAI,THA,,,,,,,,IDNBUS,INDONESIA,IDN,,,,,BUS,,,0,042,042,04,1,1.9,1,1,1,1.85185185185185,4,"Merdeka, Nusa Tenggara Timur, Indonesia",ID,ID18,18585,-9.10583,124.898,8008058,4,"Merdeka, Nusa Tenggara Timur, Indonesia",ID,ID18,18585,-9.10583,124.898,8008058,4,"Merdeka, Nusa Tenggara Timur, Indonesia",ID,ID18,18585,-9.10583,124.898,8008058,20260803080000,https://en.antaranews.com/news/425217/indonesian-president-prabowo-to-host-thai-pm-charnvirakul-in-jakarta
1316556014,20260803,202608,2026,2026.5836,THA,THAI,THA,,,,,,,,IDNBUS,INDONESIA,IDN,,,,,BUS,,,0,042,042,04,1,1.9,1,1,1,1.85185185185185,1,Thailand,TH,TH,,15,100,TH,4,"Merdeka, Nusa Tenggara Timur, Indonesia",ID,ID18,18585,-9.10583,124.898,8008058,1,Thailand,TH,TH,,15,100,TH,20260803080000,https://en.antaranews.com/news/425217/indonesian-president-prabowo-to-host-thai-pm-charnvirakul-in-jakarta
1316556015,20260803,202608,2026,2026.5836,THA,THAI,THA,,,,,,,,IDNGOV,INDONESIA,IDN,,,,,GOV,,,1,036,036,03,1,4.0,1,1,1,1.85185185185185,4,"Jakarta, Jakarta Raya, Indonesia",ID,ID04,18585,-6.17444,106.829,-2679652,4,"Jakarta, Jakarta Raya, Indonesia",ID,ID04,18585,-6.17444,106.829,-2679652,4,"Jakarta, Jakarta Raya, Indonesia",ID,ID04,18585,-6.17444,106.829,-2679652,20260803080000,https://en.antaranews.com/news/425217/indonesian-president-prabowo-to-host-thai-pm-charnvirakul-in-jakarta
1316556016,20260803,202608,2026,2026.5836,THA,THAI,THA,,,,,,,,IDNGOV,INDONESIA,IDN,,,,,GOV,,,1,036,036,03,1,4.0,1,1,1,1.85185185185185,4,"Merdeka, Nusa Tenggara Timur, Indonesia",ID,ID18,18585,-9.10583,124.898,8008058,4,"Antara, Aceh, Indonesia",ID,ID01,18585,3.5292,99.0184,10119106,4,"Antara, Aceh, Indonesia",ID,ID01,18585,3.5292,99.0184,10119106,20260803080000,https://en.antaranews.com/news/425217/indonesian-president-prabowo-to-host-thai-pm-charnvirakul-in-jakarta
1316556017,20260803,202608,2026,2026.5836,THA,THAI,THA,,,,,,,,IDNGOV,INDONESIAN,IDN,,,,,GOV,,,1,042,042,04,1,1.9,6,1,6,1.85185185185185,1,Thailand,TH,TH,,15,100,TH,4,"Jakarta, Jakarta Raya, Indonesia",ID,ID04,18585,-6.17444,106.829,-2679652,1,Thailand,TH,TH,,15,100,TH,20260803080000,https://en.antaranews.com/news/425217/indonesian-president-prabowo-to-host-thai-pm-charnvirakul-in-jakarta
1316556018,20260803,202608,2026,2026.5836,THA,BANGKOK,THA,,,,,,,,KHM,CAMBODIA,KHM,,,,,,,,1,016,016,01,1,-2.0,7,1,7,-1.38528138528139,4,"Bangkok, Krung Thep Mahanakhon, Thailand",TH,TH40,26423,13.75,100.517,-3250083,4,"Bangkok, Krung Thep Mahanakhon, Thailand",TH,TH40,26423,13.75,100.517,-3250083,4,"Bangkok, Krung Thep Mahanakhon, Thailand",TH,TH40,26423,13.75,100.517,-3250083,20260803080000,https://asianews.network/thailand-disputes-un-rapporteurs-account-of-cambodia-conflict/
1316556019,20260803,202608,2026,2026.5836,THA,THAI,THA,,,,,,,,KHM,CAMBODIAN,KHM,,,,,,,,0,050,050,05,1,3.5,2,1,2,-1.38528138528139,4,"Bangkok, Krung Thep Mahanakhon, Thailand",TH,TH40,26423,13.75,100.517,-3250083,1,Cambodia,CB,CB,,13,105,CB,4,"Bangkok, Krung Thep Mahanakhon, Thailand",TH,TH40,26423,13.75,100.517,-3250083,20260803080000,https://asianews.network/thailand-disputes-un-rapporteurs-account-of-cambodia-conflict/
1316556020,20260803,202608,2026,2026.5836,THA,THAI,THA,,,,,,,,KHM,CAMBODIAN,KHM,,,,,,,,0,050,050,05,1,3.5,2,1,2,-1.38528138528139,1,Cambodia,CB,CB,,13,105,CB,4,"Bangkok, Krung Thep Mahanakhon, Thailand",TH,TH40,26423,13.75,100.517,-3250083,1,Cambodia,CB,CB,,13,105,CB,20260803080000,https://asianews.network/thailand-disputes-un-rapporteurs-account-of-cambodia-conflict/
1316556021,20260803,202608,2026,2026.5836,THA,THAILAND,THA,,,,,,,,MIL,MILITARY,,,,,,MIL,,,0,010,010,01,1,0.0,2,1,2,-1.38528138528139,4,"Bangkok, Krung Thep Mahanakhon, Thailand",TH,TH40,26423,13.75,100.517,-3250083,4,"Bangkok, Krung Thep Mahanakhon, Thailand",TH,TH40,26423,13.75,100.517,-3250083,4,"Bangkok, Krung Thep Mahanakhon, Thailand",TH,TH40,26423,13.75,100.517,-3250083,20260803080000,https://asianews.network/thailand-disputes-un-rapporteurs-account-of-cambodia-conflict/
1316556022,20260803,202608,2026,2026.5836,THA,THAILAND,THA,,,,,,,,MIL,COMMANDER,,,,,,MIL,,,0,060,060,06,2,6.0,2,1,2,-1.38528138528139,4,"Bangkok, Krung Thep Mahanakhon, Thailand",TH,TH40,26423,13.75,100.517,-3250083,4,"Bangkok, Krung Thep Mahanakhon, Thailand",TH,TH40,26423,13.75,100.517,-3250083,4,"Bangkok, Krung Thep Mahanakhon, Thailand",TH,TH40,26423,13.75,100.517,-3250083,20260803080000,https://asianews.network/thailand-disputes-un-rapporteurs-account-of-cambodia-conflict/
1316556023,20260803,202608,2026,2026.5836,THA,THAILAND,THA,,,,,,,,NGOHLHIRC,INTERNATIONAL COMMITTEE OF THE RED CROSS,,IRC,,,,NGO,HLH,,0,040,040,04,1,1.0,1,1,1,-0.72072072072072,4,"Bangkok, Krung Thep Mahanakhon, Thailand",TH,TH40,26423,13.75,100.517,-3250083,4,"Nay Pyi Taw, Mandalay, Myanmar",BM,BM08,41807,19.745,96.1297,9272014,4,"Bangkok, Krung Thep Mahanakhon, Thailand",TH,TH40,26423,13.75,100.517,-3250083,20260803080000,https://www.bangkokpost.com/world/3295805/myanmars-aung-san-suu-kyi-meets-red-cross-official-government-says
1316556024,20260803,202608,2026,2026.5836,THA,THAILAND,THA,,,,,,,,PTY,POLITICIAN,,,,,,,,,0,070,070,07,2,7.0,5,1,5,-1.38528138528139,4,"Bangkok, Krung Thep Mahanakhon, Thailand",TH,TH40,26423,13.75,100.517,-3250083,4,"Bangkok, Krung Thep Mahanakhon, Thailand",TH,TH40,26423,13.75,100.517,-3250083,4,"Bangkok, Krung Thep Mahanakhon, Thailand",TH,TH40,26423,13.75,100.517,-3250083,20260803080000,https://asianews.network/thailand-disputes-un-rapporteurs-account-of-cambodia-conflict/
1316556025,20260803,202608,2026,2026.5836,THA,THAILAND,THA,,,,,,,,THAGOV,THAI,THA,,,,,GOV,,,0,043,043,04,1,2.8,2,1,2,1.85185185185185,1,Thailand,TH,TH,,15,100,TH,1,Thailand,TH,TH,,15,100,TH,1,Thailand,TH,TH,,15,100,TH,20260803080000,https://en.antaranews.com/news/425217/indonesian-president-prabowo-to-host-thai-pm-charnvirakul-in-jakarta
1316556026,20260803,202608,2026,2026.5836,THAGOV,THAILAND,THA,,,,,GOV,,,IDN,INDONESIA,IDN,,,,,,,,0,042,042,04,1,1.9,2,1,2,1.85185185185185,4,"Jakarta, Jakarta Raya, Indonesia",ID,ID04,18585,-6.17444,106.829,-2679652,4,"Jakarta, Jakarta Raya, Indonesia",ID,ID04,18585,-6.17444,106.829,-2679652,4,"Jakarta, Jakarta Raya, Indonesia",ID,ID04,18585,-6.17444,106.829,-2679652,20260803080000,https://en.antaranews.com/news/425217/indonesian-president-prabowo-to-host-thai-pm-charnvirakul-in-jakarta
1316556027,20260803,202608,2026,2026.5836,THAGOV,THAI,THA,,,,,GOV,,,IDN,INDONESIA,IDN,,,,,,,,0,042,042,04,1,1.9,6,1,6,1.85185185185185,1,Thailand,TH,TH,,15,100,TH,4,"Jakarta, Jakarta Raya, Indonesia",ID,ID04,18585,-6.17444,106.829,-2679652,4,"Jakarta, Jakarta Raya, Indonesia",ID,ID04,18585,-6.17444,106.829,-2679652,20260803080000,https://en.antaranews.com/news/425217/indonesian-president-prabowo-to-host-thai-pm-charnvirakul-in-jakarta
1316556028,20260803,202608,2026,2026.5836,THAGOV,THAI,THA,,,,,GOV,,,IDN,INDONESIA,IDN,,,,,,,,1,042,042,04,1,1.9,8,1,6,1.85185185185185,1,Thailand,TH,TH,,15,100,TH,4,"Jakarta, Jakarta Raya, Indonesia",ID,ID04,18585,-6.17444,106.829,-2679652,1,Thailand,TH,TH,,15,100,TH,20260803080000,https://en.antaranews.com/news/425217/indonesian-president-prabowo-to-host-thai-pm-charnvirakul-in-jakarta
1316556029,20260803,202608,2026,2026.5836,THAGOV,THAILAND,THA,,,,,GOV,,,IDNGOV,INDONESIA,IDN,,,,,GOV,,,1,036,036,03,1,4.0,2,1,2,1.85185185185185,1,Thailand,TH,TH,,15,100,TH,4,"Antara, Aceh, Indonesia",ID,ID01,18585,3.5292,99.0184,10119106,4,"Antara, Aceh, Indonesia",ID,ID01,18585,3.5292,99.0184,10119106,20260803080000,https://en.antaranews.com/news/425217/indonesian-president-prabowo-to-host-thai-pm-charnvirakul-in-jakarta
1316556030,20260803,202608,2026,2026.5836,THAGOV,THAI,THA,,,,,GOV,,,IDNGOV,INDONESIAN,IDN,,,,,GOV,,,1,036,036,03,1,4.0,4,1,4,1.85185185185185,1,Thailand,TH,TH,,15,100,TH,4,"Antara, Aceh, Indonesia",ID,ID01,18585,3.5292,99.0184,10119106,1,Thailand,TH,TH,,15,100,TH,20260803080000,https://en.antaranews.com/news/425217/indonesian-president-prabowo-to-host-thai-pm-charnvirakul-in-jakarta
1316556031,20260803,202608,2026,2026.5836,THAGOV,THAILAND,THA,,,,,GOV,,,KHM,CAMBODIA,KHM,,,,,,,,1,016,016,01,1,-2.0,3,1,3,-1.38528138528139,4,"Bangkok, Krung Thep Mahanakhon, Thailand",TH,TH40,26423,13.75,100.517,-3250083,4,"Bangkok, Krung Thep Mahanakhon, Thailand",TH,TH40,26423,13.75,100.517,-3250083,4,"Bangkok, Krung Thep Mahanakhon, Thailand",TH,TH40,26423,13.75,100.517,-3250083,20260803080000,https://asianews.network/thailand-disputes-un-rapporteurs-account-of-cambodia-conflict/
1316556032,20260803,202608,2026,2026.5836,THAGOV,THAI,THA,,,,,GOV,,,KHMCVL,CAMBODIAN,KHM,,,,,CVL,,,0,050,050,05,1,3.5,6,1,6,-1.38528138528139,4,"Bangkok, Krung Thep Mahanakhon, Thailand",TH,TH40,26423,13.75,100.517,-3250083,1,Cambodia,CB,CB,,13,105,CB,4,"Bangkok, Krung Thep Mahanakhon, Thailand",TH,TH40,26423,13.75,100.517,-3250083,20260803080000,https://asianews.network/thailand-disputes-un-rapporteurs-account-of-cambodia-conflict/
1316556033,20260803,202608,2026,2026.5836,THAGOV,THAI,THA,,,,,GOV,,,THA,THAILAND,THA,,,,,,,,0,042,042,04,1,1.9,2,1,2,1.85185185185185,1,Thailand,TH,TH,,15,100,TH,1,Thailand,TH,TH,,15,100,TH,1,Thailand,TH,TH,,15,100,TH,20260803080000,https://en.antaranews.com/news/425217/indonesian-president-prabowo-to-host-thai-pm-charnvirakul-in-jakarta
1316556034,20260803,202608,2026,2026.5836,TJK,TAJIKISTAN,TJK,,,,,,,,BUS,COMPANY,,,,,,BUS,,,1,186,186,18,4,-10.0,2,1,2,2.91666666666667,1,Malaysia,MY,MY,,2.5,112.5,MY,1,Qatar,QA,QA,,25.5,51.25,QA,1,Iraq,IZ,IZ,,33,44,IZ,20260803080000,https://tradearabia.com:443/News/465719/CGC-emerges-lowest-bidder-for-$516m-Kuwait-water-treatment-project
1316556035,20260803,202608,2026,2026.5836,TJK,TAJIKISTAN,TJK,,,,,,,,BUS,COMPANY,,,,,,BUS,,,1,186,186,18,4,-10.0,8,1,8,2.91666666666667,1,Tajikistan,TI,TI,,39,71,TI,1,Qatar,QA,QA,,25.5,51.25,QA,1,Iraq,IZ,IZ,,33,44,IZ,20260803080000,https://tradearabia.com:443/News/465719/CGC-emerges-lowest-bidder-for-$516m-Kuwait-water-treatment-project
1316556036,20260803,202608,2026,2026.5836,TWNMIL,TAIWAN,TWN,,,,,MIL,,,CHN,CHINESE,CHN,,,,,,,,0,090,090,09,2,-2.0,1,1,1,-3.25982742090124,5,"Fujian, Fujian, China",CH,CH07,13011,26.545,117.843,-1905684,4,"Bashi Channel, Taidong Xian, Taiwan",TW,TW24,,21.4167,121.5,-2626973,4,"Bashi Channel, Taidong Xian, Taiwan",TW,TW24,,21.4167,121.5,-2626973,20260803080000,https://asianews.network/why-taiwans-idyllic-eastern-outlying-islands-are-increasingly-crucial-in-its-defence-calculus/
1316556037,20260803,202608,2026,2026.5836,UAF,GUNMAN,,,,,,UAF,,,,,,,,,,,,,0,013,013,01,1,0.4,6,1,6,-3.4020618556701,3,"Twin Falls, Idaho, United States",US,USID,ID083,42.563,-114.461,398273,0,,,,,,,,3,"Twin Falls, Idaho, United States",US,USID,,42.563,-114.461,398273,20260803080000,https://www.newsweek.com/who-is-jordan-salinas-armed-bystander-praised-for-firing-at-idaho-gunman-12275867
1316556038,20260803,202608,2026,2026.5836,UAF,GUNMEN,,,,,,UAF,,,COP,POLICE,,,,,,COP,,,1,043,043,04,1,2.8,20,1,10,-8.02919708029197,4,"Bangkok, Krung Thep Mahanakhon, Thailand",TH,TH40,26423,13.75,100.517,-3250083,4,"Bangkok, Krung Thep Mahanakhon, Thailand",TH,TH40,26423,13.75,100.517,-3250083,4,"Bangkok, Krung Thep Mahanakhon, Thailand",TH,TH40,26423,13.75,100.517,-3250083,20260803080000,https://www.bangkokpost.com/thailand/general/3295800/deep-south-police-station-attacked-school-closed
1316556039,20260803,202608,2026,2026.5836,UAF,GUNMEN,,,,,,UAF,,,COP,POLICE,,,,,,COP,,,1,190,190,19,4,-10.0,2,1,2,-8.02919708029197,4,"Bangkok, Krung Thep Mahanakhon, Thailand",TH,TH40,26423,13.75,100.517,-3250083,4,"Ban Paron, Phatthalung, Thailand",TH,TH66,27121,7.26194,99.5531,418658,4,"Ban Paron, Phatthalung, Thailand",TH,TH66,27121,7.26194,99.5531,418658,20260803080000,https://www.bangkokpost.com/thailand/general/3295800/deep-south-police-station-attacked-school-closed
1316556040,20260803,202608,2026,2026.5836,UAF,GUNMEN,,,,,,UAF,,,COP,POLICE,,,,,,COP,,,1,190,190,19,4,-10.0,8,1,8,-8.02919708029197,4,"Ban Paron, Phatthalung, Thailand",TH,TH66,27121,7.26194,99.5531,418658,4,"Ban Paron, Phatthalung, Thailand",TH,TH66,27121,7.26194,99.5531,418658,4,"Ban Paron, Phatthalung, Thailand",TH,TH66,27121,7.26194,99.5531,418658,20260803080000,https://www.bangkokpost.com/thailand/general/3295800/deep-south-police-station-attacked-school-closed
1316556041,20260803,202608,2026,2026.5836,UAF,GUNMEN,,,,,,UAF,,,COP,POLICE,,,,,,COP,,,1,193,193,19,4,-10.0,2,1,2,-8.02919708029197,4,"Bangkok, Krung Thep Mahanakhon, Thailand",TH,TH40,26423,13.75,100.517,-3250083,4,"Ban Paron, Phatthalung, Thailand",TH,TH66,27121,7.26194,99.5531,418658,4,"Ban Paron, Phatthalung, Thailand",TH,TH66,27121,7.26194,99.5531,418658,20260803080000,https://www.bangkokpost.com/thailand/general/3295800/deep-south-police-station-attacked-school-closed
1316556042,20260803,202608,2026,2026.5836,UAF,GUNMAN,,,,,,UAF,,,COP,TROOPER,,,,,,COP,,,0,193,193,19,4,-10.0,2,1,2,-3.4020618556701,3,"Twin Falls, Idaho, United States",US,USID,ID083,42.563,-114.461,398273,3,"Twin Falls, Idaho, United States",US,USID,,42.563,-114.461,398273,3,"Twin Falls, Idaho, United States",US,USID,,42.563,-114.461,398273,20260803080000,https://www.newsweek.com/who-is-jordan-salinas-armed-bystander-praised-for-firing-at-idaho-gunman-12275867
1316556043,20260803,202608,2026,2026.5836,UAF,GUNMEN,,,,,,UAF,,,COP,POLICE,,,,,,COP,,,1,193,193,19,4,-10.0,8,1,8,-8.02919708029197,4,"Ban Paron, Phatthalung, Thailand",TH,TH66,27121,7.26194,99.5531,418658,4,"Ban Paron, Phatthalung, Thailand",TH,TH66,27121,7.26194,99.5531,418658,4,"Ban Paron, Phatthalung, Thailand",TH,TH66,27121,7.26194,99.5531,418658,20260803080000,https://www.bangkokpost.com/thailand/general/3295800/deep-south-police-station-attacked-school-closed
1316556044,20260803,202608,2026,2026.5836,UAF,TERRORIST,,,,,,UAF,,,ITA,ITALIAN,ITA,,,,,,,,1,190,190,19,4,-10.0,2,1,2,-7.1870170015456,4,"Kremlin, Moskva, Russia",RS,RS48,25106,55.7522,37.6156,-2960561,4,"Kremlin, Moskva, Russia",RS,RS48,25106,55.7522,37.6156,-2960561,4,"Kremlin, Moskva, Russia",RS,RS48,25106,55.7522,37.6156,-2960561,20260803080000,https://www.wsws.org/en/articles/2026/08/03/rdhv-a03.html
1316556045,20260803,202608,2026,2026.5836,UAF,TERRORIST,,,,,,UAF,,,ITA,ITALY,ITA,,,,,,,,1,190,190,19,4,-10.0,2,1,2,-7.1870170015456,4,"Moscow, Moskva, Russia",RS,RS48,25106,55.7522,37.6156,-2960561,1,Italy,IT,IT,,42.833333,12.833333,IT,1,Italy,IT,IT,,42.833333,12.833333,IT,20260803080000,https://www.wsws.org/en/articles/2026/08/03/rdhv-a03.html
1316556046,20260803,202608,2026,2026.5836,UAF,TERRORIST,,,,,,UAF,,,ITA,ITALIAN,ITA,,,,,,,,1,190,190,19,4,-10.0,6,1,6,-7.1870170015456,1,Italy,IT,IT,,42.833333,12.833333,IT,1,Italy,IT,IT,,42.833333,12.833333,IT,1,Italy,IT,IT,,42.833333,12.833333,IT,20260803080000,https://www.wsws.org/en/articles/2026/08/03/rdhv-a03.html
1316556047,20260803,202608,2026,2026.5836,UAF,TERRORIST,,,,,,UAF,,,MIL,GENERALS,,,,,,MIL,,,0,190,190,19,4,-10.0,2,1,2,-7.1870170015456,1,Ukraine,UP,UP,,49,32,UP,4,"Kremlin, Moskva, Russia",RS,RS48,25106,55.7522,37.6156,-2960561,1,Ukraine,UP,UP,,49,32,UP,20260803080000,https://www.wsws.org/en/articles/2026/08/03/rdhv-a03.html
1316556048,20260803,202608,2026,2026.5836,UAF,ARMED GROUP,,,,,,UAF,,,NZL,NEW ZEALAND,NZL,,,,,,,,0,042,042,04,1,1.9,4,1,4,-6.34920634920635,1,New Zealand,NZ,NZ,,-42,174,NZ,1,New Zealand,NZ,NZ,,-42,174,NZ,1,New Zealand,NZ,NZ,,-42,174,NZ,20260803080000,https://en.antaranews.com/news/425187/five-workers-killed-by-insurgents-in-highland-papua-manhunt-ongoing
1316556049,20260803,202608,2026,2026.5836,UAF,ARMED GROUP,,,,,,UAF,,,NZL,NEW ZEALAND,NZL,,,,,,,,0,043,043,04,1,2.8,6,1,6,-6.34920634920635,1,New Zealand,NZ,NZ,,-42,174,NZ,1,New Zealand,NZ,NZ,,-42,174,NZ,1,New Zealand,NZ,NZ,,-42,174,NZ,20260803080000,https://en.antaranews.com/news/425187/five-workers-killed-by-insurgents-in-highland-papua-manhunt-ongoing
1316556050,20260803,202608,2026,2026.5836,UAF,ARMED GROUP,,,,,,UAF,,,NZL,NEW ZEALAND,NZL,,,,,,,,0,181,181,18,4,-9.0,10,1,10,-6.34920634920635,1,New Zealand,NZ,NZ,,-42,174,NZ,1,New Zealand,NZ,NZ,,-42,174,NZ,1,New Zealand,NZ,NZ,,-42,174,NZ,20260803080000,https://en.antaranews.com/news/425187/five-workers-killed-by-insurgents-in-highland-papua-manhunt-ongoing
1316556051,20260803,202608,2026,2026.5836,UAF,TERRORIST,,,,,,UAF,,,RUS,RUSSIA,RUS,,,,,,,,0,190,190,19,4,-10.0,6,1,6,-7.1870170015456,1,Ukraine,UP,UP,,49,32,UP,4,"Dugina, Kurskaya Oblast', Russia",RS,RS41,25068,51.5604,34.4917,-2904278,1,Ukraine,UP,UP,,49,32,UP,20260803080000,https://www.wsws.org/en/articles/2026/08/03/rdhv-a03.html
1316556052,20260803,202608,2026,2026.5836,UAF,TERRORIST,,,,,,UAF,,,RUS,RUSSIA,RUS,,,,,,,,0,190,190,19,4,-10.0,2,1,2,-7.1870170015456,1,Ukraine,UP,UP,,49,32,UP,1,Ukraine,UP,UP,,49,32,UP,1,Ukraine,UP,UP,,49,32,UP,20260803080000,https://www.wsws.org/en/articles/2026/08/03/rdhv-a03.html
1316556053,20260803,202608,2026,2026.5836,UGA,UGANDA,UGA,,,,,,,,,,,,,,,,,,0,084,084,08,2,7.0,2,1,2,-5.17333333333334,4,"Kivu, Kiboga, Uganda",UG,UG42,18585,0.833333,32.1833,-1730511,0,,,,,,,,4,"Kivu, Kiboga, Uganda",UG,UG42,18585,0.833333,32.1833,-1730511,20260803080000,https://www.wsws.org/en/articles/2026/08/03/qoit-a03.html
1316556054,20260803,202608,2026,2026.5836,UGA,UGANDA,UGA,,,,,,,,,,,,,,,,,,0,190,190,19,4,-10.0,6,1,6,-5.17333333333334,4,"Kivu, Kiboga, Uganda",UG,UG42,18585,0.833333,32.1833,-1730511,0,,,,,,,,4,"Kivu, Kiboga, Uganda",UG,UG42,18585,0.833333,32.1833,-1730511,20260803080000,https://www.wsws.org/en/articles/2026/08/03/qoit-a03.html
1316556055,20260803,202608,2026,2026.5836,UKR,UKRAINE,UKR,,,,,,,,,,,,,,,,,,0,030,030,03,1,4.0,10,1,10,-7.1870170015456,1,Ukraine,UP,UP,,49,32,UP,0,,,,,,,,1,Ukraine,UP,UP,,49,32,UP,20260803080000,https://www.wsws.org/en/articles/2026/08/03/rdhv-a03.html
1316556056,20260803,202608,2026,2026.5836,USA,UNITED STATES,USA,,,,,,,,,,,,,,,,,,0,010,010,01,1,0.0,4,1,4,1.36255924170616,3,"Bradys, California, United States",US,USCA,CA029,35.7022,-117.869,1670215,0,,,,,,,,3,"Bradys, California, United States",US,USCA,CA029,35.7022,-117.869,1670215,20260803080000,https://listverse.com/2026/08/03/10-things-you-might-not-know-about-the-addams-family/
1316556057,20260803,202608,2026,2026.5836,USA,UNITED STATES,USA,,,,,,,,,,,,,,,,,,0,010,010,01,1,0.0,2,1,2,-3.44827586206897,2,"Indiana, United States",US,USIN,,39.8647,-86.2604,IN,0,,,,,,,,2,"Indiana, United States",US,USIN,,39.8647,-86.2604,IN,20260803080000,https://www.wsws.org/en/articles/2026/08/03/hxlk-a03.html
1316556058,20260803,202608,2026,2026.5836,USA,UNITED STATES,USA,,,,,,,,,,,,,,,,,,0,014,014,01,1,0.0,2,1,2,-4.14798206278027,3,"San Francisco, California, United States",US,USCA,CA075,37.7749,-122.419,277593,0,,,,,,,,3,"San Francisco, California, United States",US,USCA,,37.7749,-122.419,277593,20260803080000,https://www.hcamag.com/nz/news/general/what-a-startups-tattoo-for-an-interview-stunt-says-about-hiring-under-pressure/584557
1316556059,20260803,202608,2026,2026.5836,USA,UNITED STATES,USA,,,,,,,,,,,,,,,,,,0,020,020,02,1,3.0,2,1,2,-0.73394495412844,4,"Beijing, Beijing, China",CH,CH22,13001,39.9289,116.388,-1898541,0,,,,,,,,4,"Beijing, Beijing, China",CH,CH22,13001,39.9289,116.388,-1898541,20260803080000,https://www.businessinsider.com/hugging-face-ceo-hack-openai-mandatory-transparency-law-ai-2026-8
1316556060,20260803,202608,2026,2026.5836,USA,UNITED STATES,USA,,,,,,,,,,,,,,,,,,0,020,020,02,1,3.0,4,1,4,-0.18226002430133,3,"Dallas, Texas, United States",US,USTX,TX113,32.7831,-96.8067,1380944,0,,,,,,,,3,"Dallas, Texas, United States",US,USTX,TX113,32.7831,-96.8067,1380944,20260803080000,https://www.texarkanagazette.com/news/2026/aug/02/buy-now-refinance-later-they-said-mortgage-rates/
1316556061,20260803,202608,2026,2026.5836,USA,UNITED STATES,USA,,,,,,,,,,,,,,,,,,0,020,020,02,1,3.0,2,1,2,-2.4390243902439,2,"California, United States",US,USCA,,36.17,-119.746,CA,0,,,,,,,,2,"Maryland, United States",US,USMD,,39.0724,-76.7902,MD,20260803080000,https://www.newsweek.com/trump-revives-spotlight-on-california-offshore-oil-project-12275342
1316556062,20260803,202608,2026,2026.5836,USA,INDIANA,USA,,,,,,,,,,,,,,,,,,1,020,020,02,1,3.0,10,1,10,1.32978723404255,2,"Indiana, United States",US,USIN,,39.8647,-86.2604,IN,0,,,,,,,,2,"Indiana, United States",US,USIN,,39.8647,-86.2604,IN,20260803080000,https://wowo.com/indiana-state-agencies-expand-use-of-artificial-intelligence-for-police-legal-and-public-services/
1316556063,20260803,202608,2026,2026.5836,USA,UNITED STATES,USA,,,,,,,,,,,,,,,,,,1,040,040,04,1,1.0,2,1,2,-10.6741573033708,3,"Roanoke Rapids, North Carolina, United States",US,USNC,NC083,36.4615,-77.6541,1022310,0,,,,,,,,3,"Roanoke Rapids, North Carolina, United States",US,USNC,,36.4615,-77.6541,1022310,20260803080000,https://wcti12.com/news/local/man-released-from-federal-supervision-arrested-on-gun-charge
1316556064,20260803,202608,2026,2026.5836,USA,UNITED STATES,USA,,,,,,,,,,,,,,,,,,0,042,042,04,1,1.9,4,1,4,-3.86029411764706,2,"Nebraska, United States",US,USNE,,41.1289,-98.2883,NE,0,,,,,,,,2,"Nebraska, United States",US,USNE,,41.1289,-98.2883,NE,20260803080000,https://www.ketv.com/article/wahoo-nebraska-cold-case-book-mary-kay-heese/73328772
1316556065,20260803,202608,2026,2026.5836,USA,UNITED STATES,USA,,,,,,,,,,,,,,,,,,0,043,043,04,1,2.8,4,1,4,-0.18226002430133,3,"Englewood, Colorado, United States",US,USCO,CO005,39.6478,-104.988,204715,0,,,,,,,,3,"Englewood, Colorado, United States",US,USCO,CO005,39.6478,-104.988,204715,20260803080000,https://www.texarkanagazette.com/news/2026/aug/02/buy-now-refinance-later-they-said-mortgage-rates/
1316556066,20260803,202608,2026,2026.5836,USA,UNITED STATES,USA,,,,,,,,,,,,,,,,,,0,051,051,05,1,3.4,2,1,2,1.36255924170616,3,"Bradys, California, United States",US,USCA,CA029,35.7022,-117.869,1670215,0,,,,,,,,3,"Hollywood, California, United States",US,USCA,CA037,34.0983,-118.327,1660757,20260803080000,https://listverse.com/2026/08/03/10-things-you-might-not-know-about-the-addams-family/
1316556067,20260803,202608,2026,2026.5836,USA,UNITED STATES,USA,,,,,,,,,,,,,,,,,,0,051,051,05,1,3.4,2,1,2,1.36255924170616,3,"Bradys, California, United States",US,USCA,CA029,35.7022,-117.869,1670215,0,,,,,,,,3,"Bradys, California, United States",US,USCA,CA029,35.7022,-117.869,1670215,20260803080000,https://listverse.com/2026/08/03/10-things-you-might-not-know-about-the-addams-family/
1316556068,20260803,202608,2026,2026.5836,USA,UNITED STATES,USA,,,,,,,,,,,,,,,,,,1,060,060,06,2,6.0,4,1,4,0,3,"Volusia County, Florida, United States",US,USFL,FL127,29.0836,-81.2081,306921,0,,,,,,,,3,"Volusia County, Florida, United States",US,USFL,,29.0836,-81.2081,306921,20260803080000,https://www.yahoo.com/news/articles/deputies-engage-standoff-rural-volusia-071444508.html
1316556069,20260803,202608,2026,2026.5836,USA,MISSISSIPPI,USA,,,,,,,,,,,,,,,,,,1,060,060,06,2,6.0,7,1,7,1.79640718562874,2,"Mississippi, United States",US,USMS,,32.7673,-89.6812,MS,0,,,,,,,,2,"Mississippi, United States",US,USMS,,32.7673,-89.6812,MS,20260803080000,https://www.wlox.com/2026/08/03/samaritans-purse-nears-end-south-mississippi-flood-relief-mission/
1316556070,20260803,202608,2026,2026.5836,USA,THE US,USA,,,,,,,,,,,,,,,,,,0,061,061,06,2,6.4,10,1,10,-3.11804008908686,1,Brazil,BR,BR,,-10,-55,BR,0,,,,,,,,1,Brazil,BR,BR,,-10,-55,BR,20260803080000,https://jamaica-gleaner.com/article/news/20260803/caribbean-pickle-over-trump-former-pm-says-regional-nations-forced-be-careful
1316556071,20260803,202608,2026,2026.5836,USA,UNITED STATES,USA,,,,,,,,,,,,,,,,,,0,071,071,07,2,7.4,2,1,2,1.10966057441253,2,"Georgia, United States",US,USGA,,32.9866,-83.6487,GA,0,,,,,,,,2,"Georgia, United States",US,USGA,,32.9866,-83.6487,GA,20260803080000,https://www.newsweek.com/top-senate-fundraiser-ossoff-passes-80m-as-campaign-seeks-more-donations-12274170
1316556072,20260803,202608,2026,2026.5836,USA,TENNESSEE,USA,,,,,,,,,,,,,,,,,,1,084,084,08,2,7.0,2,1,2,2.94906166219839,2,"Tennessee, United States",US,USTN,,35.7449,-86.7489,TN,0,,,,,,,,2,"Tennessee, United States",US,USTN,,35.7449,-86.7489,TN,20260803080000,http://www.greenevillesun.com/business/local_business_news/tnecd-announces-77th-select-tennessee-certified-site/article_75eb0f09-d4c1-4ab4-8233-2cf2c8da7012.html
1316556073,20260803,202608,2026,2026.5836,USA,UNITED STATES,USA,,,,,,,,,,,,,,,,,,0,090,090,09,2,-2.0,2,1,2,-1.55697098372258,2,"Arizona, United States",US,USAZ,,33.7712,-111.388,AZ,0,,,,,,,,4,"Sydney, New South Wales, Australia",AS,AS02,154637,-33.8833,151.217,-1603135,20260803080000,https://www.newsweek.com/nancy-guthrie-four-questions-that-remain-after-notes-released-12275263
1316556074,20260803,202608,2026,2026.5836,USA,UNITED STATES,USA,,,,,,,,,,,,,,,,,,0,111,111,11,3,-2.0,4,1,4,1.10966057441253,2,"Georgia, United States",US,USGA,,32.9866,-83.6487,GA,0,,,,,,,,2,"Georgia, United States",US,USGA,,32.9866,-83.6487,GA,20260803080000,https://www.newsweek.com/top-senate-fundraiser-ossoff-passes-80m-as-campaign-seeks-more-donations-12274170
1316556075,20260803,202608,2026,2026.5836,USA,SAN ANTONIO,USA,,,,,,,,,,,,,,,,,,1,120,120,12,3,-4.0,10,1,10,0,3,"San Antonio, Texas, United States",US,USTX,TX029,29.4241,-98.4936,1380951,0,,,,,,,,3,"San Antonio, Texas, United States",US,USTX,,29.4241,-98.4936,1380951,20260803080000,https://news4sanantonio.com/news/local/san-antonio-denies-bonham-exchange-request-for-six-month-fire-sprinkler-extension
1316556076,20260803,202608,2026,2026.5836,USA,NEW YORK,USA,,,,,,,,,,,,,,,,,,1,120,120,12,3,-4.0,10,1,10,-1.36986301369863,2,"Michigan, United States",US,USMI,,43.3504,-84.5603,MI,0,,,,,,,,2,"Michigan, United States",US,USMI,,43.3504,-84.5603,MI,20260803080000,https://wowo.com/polypharmacy-warning-multiple-prescription-drugs-linked-to-increased-mortality-risk-in-seniors/
1316556077,20260803,202608,2026,2026.5836,USA,UNITED STATES,USA,,,,,,,,,,,,,,,,,,1,172,172,17,4,-5.0,4,1,4,-6.24327233584499,3,"Washington, District of Columbia, United States",US,USDC,DC001,38.8951,-77.0364,531871,0,,,,,,,,3,"Washington, District of Columbia, United States",US,USDC,DC001,38.8951,-77.0364,531871,20260803080000,https://www.wsws.org/en/articles/2026/08/03/kwxg-a03.html
1316556078,20260803,202608,2026,2026.5836,USA,OKLAHOMA,USA,,,,,,,,,,,,,,,,,,1,172,172,17,4,-5.0,10,1,10,-3.86029411764706,2,"Oklahoma, United States",US,USOK,,35.5376,-96.9247,OK,0,,,,,,,,2,"Nebraska, United States",US,USNE,,41.1289,-98.2883,NE,20260803080000,https://www.ketv.com/article/wahoo-nebraska-cold-case-book-mary-kay-heese/73328772
1316556079,20260803,202608,2026,2026.5836,USA,NEBRASKA,USA,,,,,,,,,,,,,,,,,,1,190,190,19,4,-10.0,24,1,10,-3.86029411764706,2,"Nebraska, United States",US,USNE,,41.1289,-98.2883,NE,0,,,,,,,,2,"Nebraska, United States",US,USNE,,41.1289,-98.2883,NE,20260803080000,https://www.ketv.com/article/wahoo-nebraska-cold-case-book-mary-kay-heese/73328772
1316556080,20260803,202608,2026,2026.5836,USA,UNITED STATES,USA,,,,,,,,,,,,,,,,,,0,193,193,19,4,-10.0,4,1,4,1.36255924170616,3,"Hollywood, California, United States",US,USCA,CA037,34.0983,-118.327,1660757,0,,,,,,,,3,"Hollywood, California, United States",US,USCA,CA037,34.0983,-118.327,1660757,20260803080000,https://listverse.com/2026/08/03/10-things-you-might-not-know-about-the-addams-family/
1316556081,20260803,202608,2026,2026.5836,USA,UNITED STATES,USA,,,,,,,,,,,,,,,,,,1,193,193,19,4,-10.0,4,1,4,-8.84353741496598,3,"Dickinson County, Iowa, United States",US,USIA,IA059,43.3833,-95.1503,465218,0,,,,,,,,2,"Iowa, United States",US,USIA,,42.0046,-93.214,IA,20260803080000,https://cbs2iowa.com/news/local/one-killed-five-injured-in-west-lake-okoboji-boat-collision
1316556082,20260803,202608,2026,2026.5836,USA,UNITED STATES,USA,,,,,,,,AUS,AUSTRALIA,AUS,,,,,,,,0,013,013,01,1,0.4,4,1,4,-1.55697098372258,3,"Pima County, Arizona, United States",US,USAZ,AZ019,32.0004,-112.003,25446,4,"Sydney, New South Wales, Australia",AS,AS02,154637,-33.8833,151.217,-1603135,4,"Sydney, New South Wales, Australia",AS,AS02,154637,-33.8833,151.217,-1603135,20260803080000,https://www.newsweek.com/nancy-guthrie-four-questions-that-remain-after-notes-released-12275263
1316556083,20260803,202608,2026,2026.5836,USA,UNITED STATES,USA,,,,,,,,AUS,SYDNEY,AUS,,,,,,,,0,043,043,04,1,2.8,2,1,2,-1.55697098372258,2,"Arizona, United States",US,USAZ,,33.7712,-111.388,AZ,4,"Sydney, New South Wales, Australia",AS,AS02,154637,-33.8833,151.217,-1603135,4,"Sydney, New South Wales, Australia",AS,AS02,154637,-33.8833,151.217,-1603135,20260803080000,https://www.newsweek.com/nancy-guthrie-four-questions-that-remain-after-notes-released-12275263
1316556084,20260803,202608,2026,2026.5836,USA,UNITED STATES,USA,,,,,,,,AUS,SYDNEY,AUS,,,,,,,,0,043,043,04,1,2.8,2,1,2,-1.55697098372258,2,"Arizona, United States",US,USAZ,,33.7712,-111.388,AZ,2,"Arizona, United States",US,USAZ,,33.7712,-111.388,AZ,2,"Arizona, United States",US,USAZ,,33.7712,-111.388,AZ,20260803080000,https://www.newsweek.com/nancy-guthrie-four-questions-that-remain-after-notes-released-12275263
1316556085,20260803,202608,2026,2026.5836,USA,TEXAS,USA,,,,,,,,BUS,COMPANIES,,,,,,BUS,,,0,020,020,02,1,3.0,8,1,8,-0.73394495412844,4,"Beijing, Beijing, China",CH,CH22,13001,39.9289,116.388,-1898541,4,"Beijing, Beijing, China",CH,CH22,13001,39.9289,116.388,-1898541,4,"Beijing, Beijing, China",CH,CH22,13001,39.9289,116.388,-1898541,20260803080000,https://www.businessinsider.com/hugging-face-ceo-hack-openai-mandatory-transparency-law-ai-2026-8
1316556086,20260803,202608,2026,2026.5836,USA,TEXAS,USA,,,,,,,,BUS,COMPANIES,,,,,,BUS,,,0,020,020,02,1,3.0,2,1,2,-0.73394495412844,2,"Texas, United States",US,USTX,,31.106,-97.6475,TX,2,"Texas, United States",US,USTX,,31.106,-97.6475,TX,2,"Texas, United States",US,USTX,,31.106,-97.6475,TX,20260803080000,https://www.businessinsider.com/hugging-face-ceo-hack-openai-mandatory-transparency-law-ai-2026-8
1316556087,20260803,202608,2026,2026.5836,USA,TEXAS,USA,,,,,,,,BUS,COMPANIES,,,,,,BUS,,,0,128,128,12,3,-5.0,1,1,1,-0.73394495412844,2,"Texas, United States",US,USTX,,31.106,-97.6475,TX,2,"Texas, United States",US,USTX,,31.106,-97.6475,TX,4,"Beijing, Beijing, China",CH,CH22,13001,39.9289,116.388,-1898541,20260803080000,https://www.businessinsider.com/hugging-face-ceo-hack-openai-mandatory-transparency-law-ai-2026-8
1316556088,20260803,202608,2026,2026.5836,USA,TEXAS,USA,,,,,,,,BUS,COMPANIES,,,,,,BUS,,,0,128,128,12,3,-5.0,1,1,1,-0.73394495412844,2,"Texas, United States",US,USTX,,31.106,-97.6475,TX,2,"Texas, United States",US,USTX,,31.106,-97.6475,TX,2,"Texas, United States",US,USTX,,31.106,-97.6475,TX,20260803080000,https://www.businessinsider.com/hugging-face-ceo-hack-openai-mandatory-transparency-law-ai-2026-8
1316556089,20260803,202608,2026,2026.5836,USA,MICHIGAN,USA,,,,,,,,CAN,ONTARIO,CAN,,,,,,,,1,036,036,03,1,4.0,2,1,2,-2.69541778975741,2,"Michigan, United States",US,USMI,,43.3504,-84.5603,MI,2,"Michigan, United States",US,USMI,,43.3504,-84.5603,MI,2,"Michigan, United States",US,USMI,,43.3504,-84.5603,MI,20260803080000,https://www.insidehalton.com/news/windsor-ontario-cyclosporiasis-increase/article_ad5bae65-0adb-5116-bb61-6d56dd332dfe.html
1316556090,20260803,202608,2026,2026.5836,USA,ATLANTA,USA,,,,,,,,COD,THE DRC,COD,,,,,,,,0,051,051,05,1,3.4,2,1,2,-5.17333333333334,4,"Kivu, Kiboga, Uganda",UG,UG42,18585,0.833333,32.1833,-1730511,4,"Kivu, Kiboga, Uganda",UG,UG42,18585,0.833333,32.1833,-1730511,4,"Kivu, Kiboga, Uganda",UG,UG42,18585,0.833333,32.1833,-1730511,20260803080000,https://www.wsws.org/en/articles/2026/08/03/qoit-a03.html
1316556091,20260803,202608,2026,2026.5836,USA,UNITED STATES,USA,,,,,,,,COD,THE DRC,COD,,,,,,,,0,071,071,07,2,7.4,2,1,2,-5.17333333333334,4,"Ituri, Congo, Democratic Republic of The (general), Democratic Republic Of The Congo",CG,CG00,18585,1.85,29.9667,-2044867,4,"Ituri, Congo, Democratic Republic of The (general), Democratic Republic Of The Congo",CG,CG00,18585,1.85,29.9667,-2044867,4,"Ituri, Congo, Democratic Republic of The (general), Democratic Republic Of The Congo",CG,CG00,18585,1.85,29.9667,-2044867,20260803080000,https://www.wsws.org/en/articles/2026/08/03/qoit-a03.html
1316556092,20260803,202608,2026,2026.5836,USA,UNITED STATES,USA,,,,,,,,COD,THE DRC,COD,,,,,,,,0,071,071,07,2,7.4,8,1,8,-5.17333333333334,1,United States,US,US,,39.828175,-98.5795,US,1,United States,US,US,,39.828175,-98.5795,US,1,United States,US,US,,39.828175,-98.5795,US,20260803080000,https://www.wsws.org/en/articles/2026/08/03/qoit-a03.html
1316556093,20260803,202608,2026,2026.5836,USA,INDIANA,USA,,,,,,,,COP,POLICE,,,,,,COP,,,0,060,060,06,2,6.0,10,1,10,1.32978723404255,2,"Indiana, United States",US,USIN,,39.8647,-86.2604,IN,2,"Indiana, United States",US,USIN,,39.8647,-86.2604,IN,2,"Indiana, United States",US,USIN,,39.8647,-86.2604,IN,20260803080000,https://wowo.com/indiana-state-agencies-expand-use-of-artificial-intelligence-for-police-legal-and-public-services/
1316556094,20260803,202608,2026,2026.5836,USA,UNITED STATES,USA,,,,,,,,COP,PRISON,,,,,,COP,,,1,173,173,17,4,-5.0,2,1,2,-3.86029411764706,2,"Nebraska, United States",US,USNE,,41.1289,-98.2883,NE,2,"Nebraska, United States",US,USNE,,41.1289,-98.2883,NE,2,"Nebraska, United States",US,USNE,,41.1289,-98.2883,NE,20260803080000,https://www.ketv.com/article/wahoo-nebraska-cold-case-book-mary-kay-heese/73328772
1316556095,20260803,202608,2026,2026.5836,USA,UNITED STATES,USA,,,,,,,,COP,PRISON,,,,,,COP,,,1,173,173,17,4,-5.0,2,1,2,-3.86029411764706,2,"Nebraska, United States",US,USNE,,41.1289,-98.2883,NE,2,"Oklahoma, United States",US,USOK,,35.5376,-96.9247,OK,2,"Nebraska, United States",US,USNE,,41.1289,-98.2883,NE,20260803080000,https://www.ketv.com/article/wahoo-nebraska-cold-case-book-mary-kay-heese/73328772
1316556096,20260803,202608,2026,2026.5836,USA,UNITED STATES,USA,,,,,,,,COP,PRISON,,,,,,COP,,,1,190,190,19,4,-10.0,2,1,2,-3.86029411764706,2,"Nebraska, United States",US,USNE,,41.1289,-98.2883,NE,2,"Nebraska, United States",US,USNE,,41.1289,-98.2883,NE,2,"Oklahoma, United States",US,USOK,,35.5376,-96.9247,OK,20260803080000,https://www.ketv.com/article/wahoo-nebraska-cold-case-book-mary-kay-heese/73328772
1316556097,20260803,202608,2026,2026.5836,USA,UNITED STATES,USA,,,,,,,,COP,PRISON,,,,,,COP,,,1,190,190,19,4,-10.0,2,1,2,-3.86029411764706,2,"Nebraska, United States",US,USNE,,41.1289,-98.2883,NE,2,"Oklahoma, United States",US,USOK,,35.5376,-96.9247,OK,2,"Oklahoma, United States",US,USOK,,35.5376,-96.9247,OK,20260803080000,https://www.ketv.com/article/wahoo-nebraska-cold-case-book-mary-kay-heese/73328772
1316556098,20260803,202608,2026,2026.5836,USA,NEW JERSEY,USA,,,,,,,,CVL,COMMUNITY,,,,,,CVL,,,1,017,017,01,1,0.0,2,1,2,1.36255924170616,3,"Bradys, California, United States",US,USCA,CA029,35.7022,-117.869,1670215,3,"Bradys, California, United States",US,USCA,CA029,35.7022,-117.869,1670215,3,"Bradys, California, United States",US,USCA,CA029,35.7022,-117.869,1670215,20260803080000,https://listverse.com/2026/08/03/10-things-you-might-not-know-about-the-addams-family/
1316556099,20260803,202608,2026,2026.5836,USA,UNITED STATES,USA,,,,,,,,CVL,COMMUNITY,,,,,,CVL,,,1,017,017,01,1,0.0,1,1,1,1.36255924170616,3,"Bradys, California, United States",US,USCA,CA029,35.7022,-117.869,1670215,2,"New Jersey, United States",US,USNJ,,40.314,-74.5089,NJ,2,"New Jersey, United States",US,USNJ,,40.314,-74.5089,NJ,20260803080000,https://listverse.com/2026/08/03/10-things-you-might-not-know-about-the-addams-family/
1316556100,20260803,202608,2026,2026.5836,USA,NEW JERSEY,USA,,,,,,,,CVL,COMMUNITY,,,,,,CVL,,,1,017,017,01,1,0.0,4,1,4,1.36255924170616,2,"New Jersey, United States",US,USNJ,,40.314,-74.5089,NJ,2,"New Jersey, United States",US,USNJ,,40.314,-74.5089,NJ,2,"New Jersey, United States",US,USNJ,,40.314,-74.5089,NJ,20260803080000,https://listverse.com/2026/08/03/10-things-you-might-not-know-about-the-addams-family/
1316556101,20260803,202608,2026,2026.5836,USA,NEW JERSEY,USA,,,,,,,,CVL,COMMUNITY,,,,,,CVL,,,1,051,051,05,1,3.4,2,1,2,1.36255924170616,3,"Bradys, California, United States",US,USCA,CA029,35.7022,-117.869,1670215,3,"Bradys, California, United States",US,USCA,CA029,35.7022,-117.869,1670215,3,"Bradys, California, United States",US,USCA,CA029,35.7022,-117.869,1670215,20260803080000,https://listverse.com/2026/08/03/10-things-you-might-not-know-about-the-addams-family/
1316556102,20260803,202608,2026,2026.5836,USA,UNITED STATES,USA,,,,,,,,CVL,COMMUNITY,,,,,,CVL,,,1,051,051,05,1,3.4,1,1,1,1.36255924170616,3,"Bradys, California, United States",US,USCA,CA029,35.7022,-117.869,1670215,2,"New Jersey, United States",US,USNJ,,40.314,-74.5089,NJ,2,"New Jersey, United States",US,USNJ,,40.314,-74.5089,NJ,20260803080000,https://listverse.com/2026/08/03/10-things-you-might-not-know-about-the-addams-family/
1316556103,20260803,202608,2026,2026.5836,USA,NEW JERSEY,USA,,,,,,,,CVL,COMMUNITY,,,,,,CVL,,,1,051,051,05,1,3.4,7,1,7,1.36255924170616,2,"New Jersey, United States",US,USNJ,,40.314,-74.5089,NJ,2,"New Jersey, United States",US,USNJ,,40.314,-74.5089,NJ,2,"New Jersey, United States",US,USNJ,,40.314,-74.5089,NJ,20260803080000,https://listverse.com/2026/08/03/10-things-you-might-not-know-about-the-addams-family/
1316556104,20260803,202608,2026,2026.5836,USA,UNITED STATES,USA,,,,,,,,CVL,COMMUNITY,,,,,,CVL,,,1,051,051,05,1,3.4,4,1,4,2.94906166219839,2,"Tennessee, United States",US,USTN,,35.7449,-86.7489,TN,2,"Tennessee, United States",US,USTN,,35.7449,-86.7489,TN,2,"Tennessee, United States",US,USTN,,35.7449,-86.7489,TN,20260803080000,http://www.greenevillesun.com/business/local_business_news/tnecd-announces-77th-select-tennessee-certified-site/article_75eb0f09-d4c1-4ab4-8233-2cf2c8da7012.html
1316556105,20260803,202608,2026,2026.5836,USA,TWIN FALLS,USA,,,,,,,,CVL,CITIZEN,,,,,,CVL,,,1,193,193,19,4,-10.0,2,1,2,-21.4285714285714,2,"Idaho, United States",US,USID,,44.2394,-114.51,ID,2,"Idaho, United States",US,USID,,44.2394,-114.51,ID,2,"Idaho, United States",US,USID,,44.2394,-114.51,ID,20260803080000,https://www.texarkanagazette.com/news/2026/aug/02/suspect-in-shooting-at-idaho-fast-food-restaurant/
1316556106,20260803,202608,2026,2026.5836,USA,UNITED STATES,USA,,,,,,,,EDU,STUDENT,,,,,,EDU,,,1,0233,023,02,1,3.4,2,1,2,0.37313432835821,4,"Gaza, Israel (general), Israel",IS,IS00,18315,31.4167,34.3333,-797156,4,"Gaza, Israel (general), Israel",IS,IS00,18315,31.4167,34.3333,-797156,4,"Gaza, Israel (general), Israel",IS,IS00,18315,31.4167,34.3333,-797156,20260803080000,https://www.i24news.tv/en/news/israel-at-war/artc-board-of-peace-pledges-to-help-find-countries-to-accept-gaza-students-and-patients-report
1316556107,20260803,202608,2026,2026.5836,USA,OREGON,USA,,,,,,,,EDU,STUDENT,,,,,,EDU,,,1,051,051,05,1,3.4,7,1,7,1.67910447761194,2,"Oregon, United States",US,USOR,,44.5672,-122.127,OR,2,"Oregon, United States",US,USOR,,44.5672,-122.127,OR,2,"Oregon, United States",US,USOR,,44.5672,-122.127,OR,20260803080000,https://economictimes.indiatimes.com/news/new-updates/this-13-year-old-teen-in-oregon-has-invented-a-device-that-could-solve-one-of-the-biggest-problems-facing-farmers-and-food-security/articleshow/132822188.cms
1316556108,20260803,202608,2026,2026.5836,USA,CALIFORNIA,USA,,,,,,,,GOV,FIRE MARSHAL,,,,,,GOV,,,0,046,046,04,1,7.0,2,1,2,-2.4390243902439,2,"California, United States",US,USCA,,36.17,-119.746,CA,2,"California, United States",US,USCA,,36.17,-119.746,CA,2,"California, United States",US,USCA,,36.17,-119.746,CA,20260803080000,https://www.newsweek.com/trump-revives-spotlight-on-california-offshore-oil-project-12275342
1316556109,20260803,202608,2026,2026.5836,USA,CALIFORNIA,USA,,,,,,,,GOV,FIRE MARSHAL,,,,,,GOV,,,0,046,046,04,1,7.0,2,1,2,-2.4390243902439,2,"Oregon, United States",US,USOR,,44.5672,-122.127,OR,2,"California, United States",US,USCA,,36.17,-119.746,CA,3,"Washington, District of Columbia, United States",US,USDC,DC001,38.8951,-77.0364,531871,20260803080000,https://www.newsweek.com/trump-revives-spotlight-on-california-offshore-oil-project-12275342
1316556110,20260803,202608,2026,2026.5836,USA,UNITED STATES,USA,,,,,,,,GOV,COMMERCE DEPARTMENT,,,,,,GOV,,,0,128,128,12,3,-5.0,3,1,3,-0.73394495412844,2,"Texas, United States",US,USTX,,31.106,-97.6475,TX,4,"Beijing, Beijing, China",CH,CH22,13001,39.9289,116.388,-1898541,4,"Beijing, Beijing, China",CH,CH22,13001,39.9289,116.388,-1898541,20260803080000,https://www.businessinsider.com/hugging-face-ceo-hack-openai-mandatory-transparency-law-ai-2026-8
1316556111,20260803,202608,2026,2026.5836,USA,TEXAS,USA,,,,,,,,GOV,COMMERCE DEPARTMENT,,,,,,GOV,,,0,128,128,12,3,-5.0,4,1,4,-0.73394495412844,2,"Texas, United States",US,USTX,,31.106,-97.6475,TX,4,"Beijing, Beijing, China",CH,CH22,13001,39.9289,116.388,-1898541,2,"Texas, United States",US,USTX,,31.106,-97.6475,TX,20260803080000,https://www.businessinsider.com/hugging-face-ceo-hack-openai-mandatory-transparency-law-ai-2026-8
1316556112,20260803,202608,2026,2026.5836,USA,TEXAS,USA,,,,,,,,GOV,COMMERCE DEPARTMENT,,,,,,GOV,,,0,128,128,12,3,-5.0,1,1,1,-0.73394495412844,2,"Texas, United States",US,USTX,,31.106,-97.6475,TX,2,"Texas, United States",US,USTX,,31.106,-97.6475,TX,2,"Texas, United States",US,USTX,,31.106,-97.6475,TX,20260803080000,https://www.businessinsider.com/hugging-face-ceo-hack-openai-mandatory-transparency-law-ai-2026-8
1316556113,20260803,202608,2026,2026.5836,USA,AMERICAN,USA,,,,,,,,IDN,INDONESIA,IDN,,,,,,,,0,042,042,04,1,1.9,5,1,5,-6.34920634920635,1,United States,US,US,,39.828175,-98.5795,US,4,"Antara, Aceh, Indonesia",ID,ID01,18585,3.5292,99.0184,10119106,4,"Antara, Aceh, Indonesia",ID,ID01,18585,3.5292,99.0184,10119106,20260803080000,https://en.antaranews.com/news/425187/five-workers-killed-by-insurgents-in-highland-papua-manhunt-ongoing
1316556114,20260803,202608,2026,2026.5836,USA,UNITED STATES,USA,,,,,,,,IDN,INDONESIA,IDN,,,,,,,,0,042,042,04,1,1.9,2,1,2,-6.34920634920635,1,United States,US,US,,39.828175,-98.5795,US,4,"Antara, Aceh, Indonesia",ID,ID01,18585,3.5292,99.0184,10119106,1,United States,US,US,,39.828175,-98.5795,US,20260803080000,https://en.antaranews.com/news/425187/five-workers-killed-by-insurgents-in-highland-papua-manhunt-ongoing
1316556115,20260803,202608,2026,2026.5836,USA,AMERICAN,USA,,,,,,,,IDN,INDONESIA,IDN,,,,,,,,0,042,042,04,1,1.9,1,1,1,-6.34920634920635,1,United States,US,US,,39.828175,-98.5795,US,1,United States,US,US,,39.828175,-98.5795,US,1,United States,US,US,,39.828175,-98.5795,US,20260803080000,https://en.antaranews.com/news/425187/five-workers-killed-by-insurgents-in-highland-papua-manhunt-ongoing
1316556116,20260803,202608,2026,2026.5836,USA,UNITED STATES,USA,,,,,,,,ISR,ISRAEL,ISR,,,,,,,,0,114,114,11,3,-2.0,2,1,2,-6.39300134589502,3,"Columbia University, New York, United States",US,USNY,NY061,40.809,-73.9613,947193,4,"Gaza, Israel (general), Israel",IS,IS00,18315,31.4167,34.3333,-797156,4,"Gaza, Israel (general), Israel",IS,IS00,18315,31.4167,34.3333,-797156,20260803080000,https://www.wsws.org/en/articles/2026/08/03/gnyj-a03.html
1316556117,20260803,202608,2026,2026.5836,USA,UNITED STATES,USA,,,,,,,,ISR,ISRAEL,ISR,,,,,,,,0,114,114,11,3,-2.0,2,1,2,-6.39300134589502,3,"Columbia University, New York, United States",US,USNY,NY061,40.809,-73.9613,947193,4,"Gaza, Israel (general), Israel",IS,IS00,18315,31.4167,34.3333,-797156,3,"Columbia University, New York, United States",US,USNY,,40.809,-73.9613,947193,20260803080000,https://www.wsws.org/en/articles/2026/08/03/gnyj-a03.html
1316556118,20260803,202608,2026,2026.5836,USA,WASHINGTON,USA,,,,,,,,ISR,TEL AVIV,ISR,,,,,,,,0,127,127,12,3,-5.0,1,1,1,-9.3841642228739,4,"Gaza, Israel (general), Israel",IS,IS00,18315,31.4167,34.3333,-797156,3,"Washington, District of Columbia, United States",US,USDC,DC001,38.8951,-77.0364,531871,3,"Washington, District of Columbia, United States",US,USDC,DC001,38.8951,-77.0364,531871,20260803080000,https://www.presstv.co.uk/Detail/2026/08/03/773620/Israel-Gaza-massacre-Palestinian-groups
1316556119,20260803,202608,2026,2026.5836,USA,WASHINGTON,USA,,,,,,,,ISR,TEL AVIV,ISR,,,,,,,,0,127,127,12,3,-5.0,7,1,7,-9.3841642228739,3,"Washington, District of Columbia, United States",US,USDC,DC001,38.8951,-77.0364,531871,4,"Tel Aviv, Tel Aviv, Israel",IS,IS05,18316,32.0667,34.7667,-781545,3,"Washington, District of Columbia, United States",US,USDC,DC001,38.8951,-77.0364,531871,20260803080000,https://www.presstv.co.uk/Detail/2026/08/03/773620/Israel-Gaza-massacre-Palestinian-groups
1316556120,20260803,202608,2026,2026.5836,USA,UNITED STATES,USA,,,,,,,,JUD,FEDERAL JUDGE,,,,,,JUD,,,0,111,111,11,3,-2.0,4,1,4,-6.24327233584499,2,"Texas, United States",US,USTX,,31.106,-97.6475,TX,2,"Texas, United States",US,USTX,,31.106,-97.6475,TX,2,"Texas, United States",US,USTX,,31.106,-97.6475,TX,20260803080000,https://www.wsws.org/en/articles/2026/08/03/kwxg-a03.html
1316556121,20260803,202608,2026,2026.5836,USA,IDAHO,USA,,,,,,,,LAB,EMPLOYEE,,,,,,LAB,,,1,190,190,19,4,-10.0,10,1,10,-5.61224489795918,2,"Idaho, United States",US,USID,,44.2394,-114.51,ID,2,"Idaho, United States",US,USID,,44.2394,-114.51,ID,2,"Idaho, United States",US,USID,,44.2394,-114.51,ID,20260803080000,http://www.greenevillesun.com/news/in-n-out-burger-employee-among-3-dead-in-shooting-at-idaho-fast-food-restaurant/article_6113bb24-0297-58d6-8923-62dfa23f8d63.html
1316556122,20260803,202608,2026,2026.5836,USA,CALIFORNIA,USA,,,,,,,,LEG,SENATOR,,,,,,LEG,,,0,071,071,07,2,7.4,4,1,4,1.10966057441253,2,"California, United States",US,USCA,,36.17,-119.746,CA,3,"Washington, District of Columbia, United States",US,USDC,DC001,38.8951,-77.0364,531871,2,"New York, United States",US,USNY,,42.1497,-74.9384,NY,20260803080000,https://www.newsweek.com/top-senate-fundraiser-ossoff-passes-80m-as-campaign-seeks-more-donations-12274170
1316556123,20260803,202608,2026,2026.5836,USA,CALIFORNIA,USA,,,,,,,,LEG,SENATOR,,,,,,LEG,,,0,071,071,07,2,7.4,1,1,1,1.10966057441253,2,"Georgia, United States",US,USGA,,32.9866,-83.6487,GA,2,"Georgia, United States",US,USGA,,32.9866,-83.6487,GA,2,"Georgia, United States",US,USGA,,32.9866,-83.6487,GA,20260803080000,https://www.newsweek.com/top-senate-fundraiser-ossoff-passes-80m-as-campaign-seeks-more-donations-12274170
1316556124,20260803,202608,2026,2026.5836,USA,UNITED STATES,USA,,,,,,,,LEG,SENATOR,,,,,,LEG,,,0,071,071,07,2,7.4,2,1,2,1.10966057441253,2,"Georgia, United States",US,USGA,,32.9866,-83.6487,GA,2,"New York, United States",US,USNY,,42.1497,-74.9384,NY,2,"New York, United States",US,USNY,,42.1497,-74.9384,NY,20260803080000,https://www.newsweek.com/top-senate-fundraiser-ossoff-passes-80m-as-campaign-seeks-more-donations-12274170
1316556125,20260803,202608,2026,2026.5836,USA,UNITED STATES,USA,,,,,,,,LEG,SENATOR,,,,,,LEG,,,1,071,071,07,2,7.4,1,1,1,-6.24327233584499,2,"North Carolina, United States",US,USNC,,35.6411,-79.8431,NC,2,"Texas, United States",US,USTX,,31.106,-97.6475,TX,3,"White House, District of Columbia, United States",US,USDC,,38.8951,-77.0364,531871,20260803080000,https://www.wsws.org/en/articles/2026/08/03/kwxg-a03.html
1316556126,20260803,202608,2026,2026.5836,USA,UNITED STATES,USA,,,,,,,,LEG,SENATOR,,,,,,LEG,,,1,071,071,07,2,7.4,1,1,1,-6.24327233584499,2,"North Carolina, United States",US,USNC,,35.6411,-79.8431,NC,2,"Texas, United States",US,USTX,,31.106,-97.6475,TX,2,"North Carolina, United States",US,USNC,,35.6411,-79.8431,NC,20260803080000,https://www.wsws.org/en/articles/2026/08/03/kwxg-a03.html
1316556127,20260803,202608,2026,2026.5836,USA,UNITED STATES,USA,,,,,,,,MED,MEDIA,,,,,,MED,,,1,010,010,01,1,0.0,4,1,4,-5.61224489795918,2,"Idaho, United States",US,USID,,44.2394,-114.51,ID,2,"Idaho, United States",US,USID,,44.2394,-114.51,ID,2,"Idaho, United States",US,USID,,44.2394,-114.51,ID,20260803080000,http://www.greenevillesun.com/news/in-n-out-burger-employee-among-3-dead-in-shooting-at-idaho-fast-food-restaurant/article_6113bb24-0297-58d6-8923-62dfa23f8d63.html
1316556128,20260803,202608,2026,2026.5836,USA,UNITED STATES,USA,,,,,,,,MNCUSA,METLIFE,USA,,,,,MNC,,,1,042,042,04,1,1.9,3,1,3,3.91304347826087,2,"New York, United States",US,USNY,,42.1497,-74.9384,NY,2,"New York, United States",US,USNY,,42.1497,-74.9384,NY,2,"New York, United States",US,USNY,,42.1497,-74.9384,NY,20260803080000,https://www.geo.tv/latest/675892-bts-rm-suga-share-backstage-moment-with-rap-icon-nas
1316556129,20260803,202608,2026,2026.5836,USA,UNITED STATES,USA,,,,,,,,OPP,RIOTER,,,,,,OPP,,,1,071,071,07,2,7.4,4,1,4,-6.24327233584499,2,"District of Columbia, United States",US,USDC,,38.8964,-77.0262,DC,2,"District of Columbia, United States",US,USDC,,38.8964,-77.0262,DC,2,"District of Columbia, United States",US,USDC,,38.8964,-77.0262,DC,20260803080000,https://www.wsws.org/en/articles/2026/08/03/kwxg-a03.html
1316556130,20260803,202608,2026,2026.5836,USA,UNITED STATES,USA,,,,,,,,UAF,GUNMAN,,,,,,UAF,,,0,013,013,01,1,0.4,4,1,4,-3.4020618556701,3,"Twin Falls, Idaho, United States",US,USID,ID083,42.563,-114.461,398273,3,"Twin Falls, Idaho, United States",US,USID,,42.563,-114.461,398273,3,"Twin Falls, Idaho, United States",US,USID,,42.563,-114.461,398273,20260803080000,https://www.newsweek.com/who-is-jordan-salinas-armed-bystander-praised-for-firing-at-idaho-gunman-12275867
1316556131,20260803,202608,2026,2026.5836,USA,TWIN FALLS,USA,,,,,,,,USACOP,UNITED STATES,USA,,,,,COP,,,0,060,060,06,2,6.0,4,1,4,-3.4020618556701,3,"Twin Falls, Idaho, United States",US,USID,ID083,42.563,-114.461,398273,3,"Twin Falls, Idaho, United States",US,USID,,42.563,-114.461,398273,3,"Twin Falls, Idaho, United States",US,USID,,42.563,-114.461,398273,20260803080000,https://www.newsweek.com/who-is-jordan-salinas-armed-bystander-praised-for-firing-at-idaho-gunman-12275867
1316556132,20260803,202608,2026,2026.5836,USA,UNITED STATES,USA,,,,,,,,USAGOV,UNITED STATES,USA,,,,,GOV,,,0,010,010,01,1,0.0,4,1,4,-6.24327233584499,2,"Texas, United States",US,USTX,,31.106,-97.6475,TX,2,"Texas, United States",US,USTX,,31.106,-97.6475,TX,2,"Texas, United States",US,USTX,,31.106,-97.6475,TX,20260803080000,https://www.wsws.org/en/articles/2026/08/03/kwxg-a03.html
1316556133,20260803,202608,2026,2026.5836,USA,VIRGINIA,USA,,,,,,,,USALEG,UNITED STATES,USA,,,,,LEG,,,1,020,020,02,1,3.0,4,1,4,-0.95693779904307,2,"Virginia, United States",US,USVA,,37.768,-78.2057,VA,2,"Virginia, United States",US,USVA,,37.768,-78.2057,VA,2,"Virginia, United States",US,USVA,,37.768,-78.2057,VA,20260803080000,https://wset.com/logout/virginia-senator-calls-for-statewide-pause-on-new-data-center-approvals
1316556134,20260803,202608,2026,2026.5836,USACOP,TWIN FALLS,USA,,,,,COP,,,,,,,,,,,,,0,060,060,06,2,6.0,6,1,6,-3.4020618556701,3,"Twin Falls, Idaho, United States",US,USID,ID083,42.563,-114.461,398273,0,,,,,,,,3,"Twin Falls, Idaho, United States",US,USID,,42.563,-114.461,398273,20260803080000,https://www.newsweek.com/who-is-jordan-salinas-armed-bystander-praised-for-firing-at-idaho-gunman-12275867
1316556135,20260803,202608,2026,2026.5836,USAEDU,TENNESSEE,USA,,,,,EDU,,,,,,,,,,,,,1,057,057,05,1,8.0,10,1,10,8.10344827586207,0,,,,,,,,0,,,,,,,,0,,,,,,,,20260803080000,http://www.greenevillesun.com/business/local_business_news/ut-eastman-extend-research-partnership-through-2032/article_3ecf371e-b325-473d-9389-7fa0ef213831.html
1316556136,20260803,202608,2026,2026.5836,USAGOV,UNITED STATES,USA,,,,,GOV,,,,,,,,,,,,,0,020,020,02,1,3.0,2,1,2,-3.44827586206897,2,"Illinois, United States",US,USIL,,40.3363,-89.0022,IL,0,,,,,,,,2,"Illinois, United States",US,USIL,,40.3363,-89.0022,IL,20260803080000,https://www.wsws.org/en/articles/2026/08/03/hxlk-a03.html
1316556137,20260803,202608,2026,2026.5836,USAGOV,THE WHITE HOUSE,USA,,,,,GOV,,,,,,,,,,,,,1,172,172,17,4,-5.0,2,1,2,-6.24327233584499,3,"Washington, District of Columbia, United States",US,USDC,DC001,38.8951,-77.0364,531871,0,,,,,,,,3,"Washington, District of Columbia, United States",US,USDC,DC001,38.8951,-77.0364,531871,20260803080000,https://www.wsws.org/en/articles/2026/08/03/kwxg-a03.html
1316556138,20260803,202608,2026,2026.5836,USAGOV,CALIFORNIA,USA,,,,,GOV,,,GOV,FIRE MARSHAL,,,,,,GOV,,,0,046,046,04,1,7.0,3,1,3,-2.4390243902439,2,"California, United States",US,USCA,,36.17,-119.746,CA,2,"Maryland, United States",US,USMD,,39.0724,-76.7902,MD,2,"Maryland, United States",US,USMD,,39.0724,-76.7902,MD,20260803080000,https://www.newsweek.com/trump-revives-spotlight-on-california-offshore-oil-project-12275342
1316556139,20260803,202608,2026,2026.5836,USAGOV,NASA,USA,,,,,GOV,,,GOV,GOVERNMENT OFFICIAL,,,,,,GOV,,,1,051,051,05,1,3.4,1,1,1,1.98412698412699,3,"Orlando, Florida, United States",US,USFL,FL095,28.5383,-81.3792,288240,3,"Orlando, Florida, United States",US,USFL,FL095,28.5383,-81.3792,288240,3,"Orlando, Florida, United States",US,USFL,FL095,28.5383,-81.3792,288240,20260803080000,https://www.foxnews.com/science/nasa-langley-new-wind-tunnel
1316556140,20260803,202608,2026,2026.5836,USAGOV,NASA,USA,,,,,GOV,,,GOV,GOVERNMENT OFFICIAL,,,,,,GOV,,,1,051,051,05,1,3.4,1,1,1,1.98412698412699,3,"Orlando, Florida, United States",US,USFL,FL095,28.5383,-81.3792,288240,2,"Florida, United States",US,USFL,,27.8333,-81.717,FL,3,"Orlando, Florida, United States",US,USFL,FL095,28.5383,-81.3792,288240,20260803080000,https://www.foxnews.com/science/nasa-langley-new-wind-tunnel
1316556141,20260803,202608,2026,2026.5836,USAGOV,CALIFORNIA,USA,,,,,GOV,,,GOV,REGULATOR,,,,,,GOV,,,0,100,100,10,3,-5.0,1,1,1,-2.4390243902439,2,"California, United States",US,USCA,,36.17,-119.746,CA,3,"Las Flores, California, United States",US,USCA,,40.0718,-122.163,1658943,3,"Las Flores, California, United States",US,USCA,,40.0718,-122.163,1658943,20260803080000,https://www.newsweek.com/trump-revives-spotlight-on-california-offshore-oil-project-12275342
1316556142,20260803,202608,2026,2026.5836,USAGOV,CALIFORNIA,USA,,,,,GOV,,,GOV,REGULATOR,,,,,,GOV,,,0,100,100,10,3,-5.0,1,1,1,-2.4390243902439,2,"California, United States",US,USCA,,36.17,-119.746,CA,2,"California, United States",US,USCA,,36.17,-119.746,CA,2,"California, United States",US,USCA,,36.17,-119.746,CA,20260803080000,https://www.newsweek.com/trump-revives-spotlight-on-california-offshore-oil-project-12275342
1316556143,20260803,202608,2026,2026.5836,USAGOV,TEXAS,USA,,,,,GOV,,,USA,TEXAS,USA,,,,,,,,0,010,010,01,1,0.0,6,1,6,-6.24327233584499,2,"Texas, United States",US,USTX,,31.106,-97.6475,TX,2,"Texas, United States",US,USTX,,31.106,-97.6475,TX,2,"Texas, United States",US,USTX,,31.106,-97.6475,TX,20260803080000,https://www.wsws.org/en/articles/2026/08/03/kwxg-a03.html
1316556144,20260803,202608,2026,2026.5836,USAGOV,UNITED STATES,USA,,,,,GOV,,,USA,UNITED STATES,USA,,,,,,,,0,100,100,10,3,-5.0,2,1,2,-2.4390243902439,2,"California, United States",US,USCA,,36.17,-119.746,CA,3,"Las Flores, California, United States",US,USCA,,40.0718,-122.163,1658943,3,"Las Flores, California, United States",US,USCA,,40.0718,-122.163,1658943,20260803080000,https://www.newsweek.com/trump-revives-spotlight-on-california-offshore-oil-project-12275342
1316556145,20260803,202608,2026,2026.5836,USAGOV,UNITED STATES,USA,,,,,GOV,,,USA,UNITED STATES,USA,,,,,,,,0,100,100,10,3,-5.0,1,1,1,-2.4390243902439,2,"California, United States",US,USCA,,36.17,-119.746,CA,2,"California, United States",US,USCA,,36.17,-119.746,CA,2,"California, United States",US,USCA,,36.17,-119.746,CA,20260803080000,https://www.newsweek.com/trump-revives-spotlight-on-california-offshore-oil-project-12275342
1316556146,20260803,202608,2026,2026.5836,USAGOV,UNITED STATES,USA,,,,,GOV,,,USA,UNITED STATES,USA,,,,,,,,0,100,100,10,3,-5.0,1,1,1,-2.4390243902439,2,"California, United States",US,USCA,,36.17,-119.746,CA,2,"California, United States",US,USCA,,36.17,-119.746,CA,2,"Maryland, United States",US,USMD,,39.0724,-76.7902,MD,20260803080000,https://www.newsweek.com/trump-revives-spotlight-on-california-offshore-oil-project-12275342
1316556147,20260803,202608,2026,2026.5836,USAGOV,THE WHITE HOUSE,USA,,,,,GOV,,,USA,UNITED STATES,USA,,,,,,,,1,172,172,17,4,-5.0,1,1,1,-6.24327233584499,3,"White House, District of Columbia, United States",US,USDC,,38.8951,-77.0364,531871,3,"White House, District of Columbia, United States",US,USDC,,38.8951,-77.0364,531871,3,"White House, District of Columbia, United States",US,USDC,,38.8951,-77.0364,531871,20260803080000,https://www.wsws.org/en/articles/2026/08/03/kwxg-a03.html
1316556148,20260803,202608,2026,2026.5836,USAGOV,THE WHITE HOUSE,USA,,,,,GOV,,,USA,UNITED STATES,USA,,,,,,,,1,172,172,17,4,-5.0,1,1,1,-6.24327233584499,2,"Texas, United States",US,USTX,,31.106,-97.6475,TX,2,"Texas, United States",US,USTX,,31.106,-97.6475,TX,2,"Texas, United States",US,USTX,,31.106,-97.6475,TX,20260803080000,https://www.wsws.org/en/articles/2026/08/03/kwxg-a03.html
1316556149,20260803,202608,2026,2026.5836,USALEG,VIRGINIA,USA,,,,,LEG,,,,,,,,,,,,,1,020,020,02,1,3.0,6,1,6,-0.95693779904307,2,"Virginia, United States",US,USVA,,37.768,-78.2057,VA,0,,,,,,,,2,"Virginia, United States",US,USVA,,37.768,-78.2057,VA,20260803080000,https://wset.com/logout/virginia-senator-calls-for-statewide-pause-on-new-data-center-approvals
1316556150,20260803,202608,2026,2026.5836,USALEG,UNITED STATES,USA,,,,,LEG,,,GOV,ELECTION COMMISSION,,,,,,GOV,,,1,071,071,07,2,7.4,1,1,1,1.10966057441253,2,"Georgia, United States",US,USGA,,32.9866,-83.6487,GA,2,"Georgia, United States",US,USGA,,32.9866,-83.6487,GA,2,"Georgia, United States",US,USGA,,32.9866,-83.6487,GA,20260803080000,https://www.newsweek.com/top-senate-fundraiser-ossoff-passes-80m-as-campaign-seeks-more-donations-12274170
1316556151,20260803,202608,2026,2026.5836,USAUAF,IDAHO,USA,,,,,UAF,,,MED,NEWSPAPER,,,,,,MED,,,1,010,010,01,1,0.0,2,1,2,-3.4020618556701,3,"Twin Falls, Idaho, United States",US,USID,ID083,42.563,-114.461,398273,3,"Twin Falls, Idaho, United States",US,USID,,42.563,-114.461,398273,3,"Twin Falls, Idaho, United States",US,USID,,42.563,-114.461,398273,20260803080000,https://www.newsweek.com/who-is-jordan-salinas-armed-bystander-praised-for-firing-at-idaho-gunman-12275867
1316556152,20260803,202608,2026,2026.5836,USAUAF,UNITED STATES,USA,,,,,UAF,,,MED,NEWSPAPER,,,,,,MED,,,1,013,013,01,1,0.4,6,1,6,-3.4020618556701,3,"Twin Falls, Idaho, United States",US,USID,ID083,42.563,-114.461,398273,3,"Twin Falls, Idaho, United States",US,USID,,42.563,-114.461,398273,3,"Twin Falls, Idaho, United States",US,USID,,42.563,-114.461,398273,20260803080000,https://www.newsweek.com/who-is-jordan-salinas-armed-bystander-praised-for-firing-at-idaho-gunman-12275867
1316556153,20260803,202608,2026,2026.5836,UZB,UZBEKISTAN,UZB,,,,,,,,BUS,COMPANY,,,,,,BUS,,,1,186,186,18,4,-10.0,2,1,2,2.91666666666667,1,Tajikistan,TI,TI,,39,71,TI,1,Qatar,QA,QA,,25.5,51.25,QA,1,Iraq,IZ,IZ,,33,44,IZ,20260803080000,https://tradearabia.com:443/News/465719/CGC-emerges-lowest-bidder-for-$516m-Kuwait-water-treatment-project
1316556154,20260803,202608,2026,2026.5836,UZB,UZBEKISTAN,UZB,,,,,,,,BUS,COMPANY,,,,,,BUS,,,1,186,186,18,4,-10.0,8,1,8,2.91666666666667,1,Uzbekistan,UZ,UZ,,41.707542,63.84911,UZ,1,Qatar,QA,QA,,25.5,51.25,QA,1,Iraq,IZ,IZ,,33,44,IZ,20260803080000,https://tradearabia.com:443/News/465719/CGC-emerges-lowest-bidder-for-$516m-Kuwait-water-treatment-project
1316556155,20260803,202608,2026,2026.5836,YEM,YEMEN,YEM,,,,,,,,ARE,UNITED ARAB EMIRATES,ARE,,,,,,,,1,190,190,19,4,-10.0,10,1,10,-8.13953488372093,1,Israel,IS,IS,,31.5,34.75,IS,1,Israel,IS,IS,,31.5,34.75,IS,1,Israel,IS,IS,,31.5,34.75,IS,20260803080000,https://www.haaretz.com/israel-news/security-aviation/2026-08-03/ty-article-magazine/.premium/how-israels-elbit-armed-the-united-arab-emirates/0000019f-c256-d2d0-af9f-faf6c5730000
1316556156,20260803,202608,2026,2026.5836,ZAF,CAPE TOWN,ZAF,,,,,,,,ZWEGOV,ZIMBABWEAN,ZWE,,,,,GOV,,,1,043,043,04,1,2.8,6,1,6,-5.26315789473684,4,"Cape Town, Western Cape, South Africa",SF,SF11,77317,-33.9167,18.4167,-1217214,1,Zimbabwe,ZI,ZI,,-19,29,ZI,4,"Cape Town, Western Cape, South Africa",SF,SF11,77317,-33.9167,18.4167,-1217214,20260803080000,https://www.newzimbabwe.com/zimbabwe-declares-national-disaster-after-south-africa-bus-tragedy-claims-11-lives/
1316556157,20260803,202608,2026,2026.5836,ZWE,ZIMBABWE,ZWE,,,,,,,,,,,,,,,,,,1,120,120,12,3,-4.0,4,1,4,-0.24213075060532,5,"Mashonaland Central, Mashonaland Central, Zimbabwe",ZI,ZI03,40201,-17,31,-2315775,0,,,,,,,,5,"Mashonaland Central, Mashonaland Central, Zimbabwe",ZI,ZI03,40201,-17,31,-2315775,20260803080000,https://www.newzimbabwe.com/zanu-pf-would-have-sued-mnangagwa-if-he-had-refused-to-sign-cab3-kazembe/
1316556158,20260803,202608,2026,2026.5836,ZWE,ZIMBABWE,ZWE,,,,,,,,GOV,GOVERNMENT,,,,,,GOV,,,1,010,010,01,1,0.0,2,1,2,-5.26315789473684,1,Zimbabwe,ZI,ZI,,-19,29,ZI,1,Zimbabwe,ZI,ZI,,-19,29,ZI,1,Zimbabwe,ZI,ZI,,-19,29,ZI,20260803080000,https://www.newzimbabwe.com/zimbabwe-declares-national-disaster-after-south-africa-bus-tragedy-claims-11-lives/
1316556159,20260803,202608,2026,2026.5836,ZWEGOV,ZIMBABWE,ZWE,,,,,GOV,,,AFR,AFRICA,AFR,,,,,,,,1,042,042,04,1,1.9,4,1,4,-5.26315789473684,1,Zimbabwe,ZI,ZI,,-19,29,ZI,1,Zimbabwe,ZI,ZI,,-19,29,ZI,1,Zimbabwe,ZI,ZI,,-19,29,ZI,20260803080000,https://www.newzimbabwe.com/zimbabwe-declares-national-disaster-after-south-africa-bus-tragedy-claims-11-lives/
1316556160,20260803,202608,2026,2026.5836,ZWEGOV,ZIMBABWE,ZWE,,,,,GOV,,,ZAF,CAPE TOWN,ZAF,,,,,,,,1,042,042,04,1,1.9,2,1,2,-5.26315789473684,4,"Trompsburg, Free State, South Africa",SF,SF03,77324,-30.0336,25.7804,-1292113,1,Zimbabwe,ZI,ZI,,-19,29,ZI,1,Zimbabwe,ZI,ZI,,-19,29,ZI,20260803080000,https://www.newzimbabwe.com/zimbabwe-declares-national-disaster-after-south-africa-bus-tragedy-claims-11-lives/
1316556161,20260803,202608,2026,2026.5836,ZWEGOV,ZIMBABWEAN,ZWE,,,,,GOV,,,ZAF,CAPE TOWN,ZAF,,,,,,,,1,042,042,04,1,1.9,4,1,4,-5.26315789473684,1,Zimbabwe,ZI,ZI,,-19,29,ZI,1,Zimbabwe,ZI,ZI,,-19,29,ZI,1,Zimbabwe,ZI,ZI,,-19,29,ZI,20260803080000,https://www.newzimbabwe.com/zimbabwe-declares-national-disaster-after-south-africa-bus-tragedy-claims-11-lives/
1316556162,20260803,202608,2026,2026.5836,dal,BACKWARD CLASSES,,,dal,,,,,,GOV,GOVERNMENT,,,,,,GOV,,,1,020,020,02,1,3.0,5,1,5,-1.28205128205128,0,,,,,,,,0,,,,,,,,0,,,,,,,,20260803080000,https://www.thehindu.com/news/national/andhra-pradesh/include-velama-community-in-obc-list-corporation-chairman-asks-centre/article71300047.ece
1316556163,20260803,202608,2026,2026.5836,ful,FULANI,,,ful,,,,,,UAF,MERCENARIES,,,,,,UAF,,,0,071,071,07,2,7.4,3,1,3,-7.60233918128658,4,"Benue, Nigeria (general), Nigeria",NI,NI00,191172,8.31667,8.51667,-2002531,4,"Benue, Nigeria (general), Nigeria",NI,NI00,191172,8.31667,8.51667,-2002531,4,"Benue, Nigeria (general), Nigeria",NI,NI00,191172,8.31667,8.51667,-2002531,20260803080000,https://leadership.ng/idoma-forum-warns-of-fresh-attacks-in-benue-south/
1316556164,20260803,202608,2026,2026.5836,ful,FULANI,,,ful,,,,,,UAF,MERCENARIES,,,,,,UAF,,,0,071,071,07,2,7.4,2,1,2,-7.60233918128658,4,"Idoma, Bayelsa, Nigeria",NI,NI52,191398,4.63002,6.46052,-2010685,4,"Idoma, Bayelsa, Nigeria",NI,NI52,191398,4.63002,6.46052,-2010685,4,"Idoma, Bayelsa, Nigeria",NI,NI52,191398,4.63002,6.46052,-2010685,20260803080000,https://leadership.ng/idoma-forum-warns-of-fresh-attacks-in-benue-south/
1316556165,20260803,202608,2026,2026.5836,idg,INDIGENOUS,,,idg,,,,,,,,,,,,,,,,1,010,010,01,1,0.0,5,1,5,-3.95833333333334,1,India,IN,IN,,20,77,IN,0,,,,,,,,1,India,IN,IN,,20,77,IN,20260803080000,https://news.mongabay.com/short-article/2026/08/introduced-fish-thrive-amid-kasmirs-freshwater-habitat-degradation/
1316556166,20260803,202608,2026,2026.5836,idg,INDIGENOUS,,,idg,,,,,,,,,,,,,,,,1,130,130,13,3,-4.4,5,1,5,-3.95833333333334,1,India,IN,IN,,20,77,IN,0,,,,,,,,1,India,IN,IN,,20,77,IN,20260803080000,https://news.mongabay.com/short-article/2026/08/introduced-fish-thrive-amid-kasmirs-freshwater-habitat-degradation/
1316556167,20260803,202608,2026,2026.5836,ran,RANA,,,ran,,,,,,REF,REFUGEE,,,,,,REF,,,1,051,051,05,1,3.4,4,1,4,-1.87617260787992,4,"Bilawal, Punjab, Pakistan",PK,PK04,23668,32.7756,71.9522,-2758720,4,"Bilawal, Punjab, Pakistan",PK,PK04,23668,32.7756,71.9522,-2758720,4,"Bilawal, Punjab, Pakistan",PK,PK04,23668,32.7756,71.9522,-2758720,20260803080000,https://www.geo.tv/latest/675897-pml-n-secures-simple-majority-to-form-government-in-ajk-says-sanaullah
1316556168,20260803,202608,2026,2026.5836,scoLEG,SCOTTISH,,,sco,,,LEG,,,GBR,SCOTLAND,GBR,,,,,,,,0,051,051,05,1,3.4,42,7,42,2.24438902743142,4,"Glasgow, Glasgow City, United Kingdom",UK,UKV2,40176,55.8333,-4.25,-2597039,4,"Glasgow, Glasgow City, United Kingdom",UK,UKV2,40176,55.8333,-4.25,-2597039,4,"Glasgow, Glasgow City, United Kingdom",UK,UKV2,40176,55.8333,-4.25,-2597039,20260803080000,https://www.asianimage.co.uk/news/national/26430264.nominations-open-contest-succeed-anas-sarwar-scottish-labour-leader/
1316556169,20260803,202608,2026,2026.5836,tam,TAMIL,,,tam,,,,,,,,,,,,,,,,1,010,010,01,1,0.0,10,1,10,-0.48780487804878,1,Singapore,SN,SN,,1.366667,103.8,SN,0,,,,,,,,1,Singapore,SN,SN,,1.366667,103.8,SN,20260803080000,https://www.straitstimes.com/singapore/pm-wong-to-deliver-national-day-message-on-aug-8-2026
1316556170,20260803,202608,2026,2026.5836,tamBUS,TAMIL,,,tam,,,BUS,,,,,,,,,,,,,1,043,043,04,1,2.8,10,1,10,7.46268656716418,0,,,,,,,,0,,,,,,,,0,,,,,,,,20260803080000,https://timesofindia.indiatimes.com/tv/news/tamil/bigg-boss-tamil-10-is-ex-contestant-maya-krishnan-set-to-host-the-common-man-show/articleshow/132823448.cms
1316556171,20260803,202608,2026,2026.5836,tamBUS,TAMIL,,,tam,,,BUS,,,,,,,,,,,,,1,110,110,11,3,-2.0,10,1,10,7.46268656716418,0,,,,,,,,0,,,,,,,,0,,,,,,,,20260803080000,https://timesofindia.indiatimes.com/tv/news/tamil/bigg-boss-tamil-10-is-ex-contestant-maya-krishnan-set-to-host-the-common-man-show/articleshow/132823448.cms
