GLOBALEVENTID,SQLDATE,MonthYear,Year,FractionDate,Actor1Code,Actor1Name,Actor1CountryCode,Actor1KnownGroupCode,Actor1EthnicCode,Actor1Religion1Code,Actor1Religion2Code,Actor1Type1Code,Actor1Type2Code,Actor1Type3Code,Actor2Code,Actor2Name,Actor2CountryCode,Actor2KnownGroupCode,Actor2EthnicCode,Actor2Religion1Code,Actor2Religion2Code,Actor2Type1Code,Actor2Type2Code,Actor2Type3Code,IsRootEvent,EventCode,EventBaseCode,EventRootCode,QuadClass,GoldsteinScale,NumMentions,NumSources,NumArticles,AvgTone,Actor1Geo_Type,Actor1Geo_FullName,Actor1Geo_CountryCode,Actor1Geo_ADM1Code,Actor1Geo_Lat,Actor1Geo_Long,Actor1Geo_FeatureID,Actor2Geo_Type,Actor2Geo_FullName,Actor2Geo_CountryCode,Actor2Geo_ADM1Code,Actor2Geo_Lat,Actor2Geo_Long,Actor2Geo_FeatureID,ActionGeo_Type,ActionGeo_FullName,ActionGeo_CountryCode,ActionGeo_ADM1Code,ActionGeo_Lat,ActionGeo_Long,ActionGeo_FeatureID,DATEADDED,SOURCEURL
1326844854,20251008,202510,2025,2025.7616,BUS,BANK,,,,,,BUS,,,SPY,INTELLIGENCE,,,,,,SPY,,,1,010,010,01,1,0.0,10,1,10,4.68085106382979,4,"Lagos, Lagos, Nigeria",NI,NI05,191416,6.45306,3.39583,-2017355,4,"Lagos, Lagos, Nigeria",NI,NI05,191416,6.45306,3.39583,-2017355,4,"Lagos, Lagos, Nigeria",NI,NI05,191416,6.45306,3.39583,-2017355,20261008013000,https://punchng.com/acamb-eyes-ai-digital-media-for-next-30-years/
1326844855,20251008,202510,2025,2025.7616,BUS,BANK,,,,,,BUS,,,SPY,INTELLIGENCE,,,,,,SPY,,,1,020,020,02,1,3.0,10,1,10,4.68085106382979,4,"Lagos, Lagos, Nigeria",NI,NI05,191416,6.45306,3.39583,-2017355,4,"Lagos, Lagos, Nigeria",NI,NI05,191416,6.45306,3.39583,-2017355,4,"Lagos, Lagos, Nigeria",NI,NI05,191416,6.45306,3.39583,-2017355,20261008013000,https://punchng.com/acamb-eyes-ai-digital-media-for-next-30-years/
1326844856,20251008,202510,2025,2025.7616,COP,POLICE,,,,,,COP,,,,,,,,,,,,,0,173,173,17,4,-5.0,1,1,1,-4.00285918513224,4,"West Midlands, United Kingdom (general), United Kingdom",UK,UK00,40136,52.5,-1.96667,-2611326,0,,,,,,,,4,"West Midlands, United Kingdom (general), United Kingdom",UK,UK00,40136,52.5,-1.96667,-2611326,20261008013000,https://www.dailymail.com/news/article-16190881/Britain-breed-boy-racers-risking-lives-MIMI-YATES.html
1326844857,20251008,202510,2025,2025.7616,GBRCOP,UNITED KINGDOM,GBR,,,,,COP,,,,,,,,,,,,,0,173,173,17,4,-5.0,4,1,4,-4.00285918513224,4,"West Midlands, United Kingdom (general), United Kingdom",UK,UK00,40136,52.5,-1.96667,-2611326,0,,,,,,,,4,"West Midlands, United Kingdom (general), United Kingdom",UK,UK00,40136,52.5,-1.96667,-2611326,20261008013000,https://www.dailymail.com/news/article-16190881/Britain-breed-boy-racers-risking-lives-MIMI-YATES.html
1326844858,20260908,202609,2026,2026.6795,,,,,,,,,,,USA,UNITED STATES,USA,,,,,,,,1,040,040,04,1,1.0,4,1,4,-6.57334144856969,0,,,,,,,,3,"Riverbend, Tennessee, United States",US,USTN,TN093,35.8954,-83.9763,1312367,3,"Riverbend, Tennessee, United States",US,USTN,TN093,35.8954,-83.9763,1312367,20261008013000,https://www.dailymail.com/crime-desk/article-16190497/christa-pike-family-speak-execution-tennessee.html
1326844859,20260908,202609,2026,2026.6795,AUS,AUSTRALIAN,AUS,,,,,,,,AUSCOP,AUSTRALIA,AUS,,,,,COP,,,1,084,084,08,2,7.0,2,1,2,-4.67289719626168,4,"Adelaide, South Australia, Australia",AS,AS05,5256,-34.9333,138.6,-1555188,4,"Adelaide, South Australia, Australia",AS,AS05,5256,-34.9333,138.6,-1555188,4,"Adelaide, South Australia, Australia",AS,AS05,5256,-34.9333,138.6,-1555188,20261008013000,https://www.abc.net.au/news/2026-10-08/first-images-of-snowtown-murderer-james-vlassakis/107242384
1326844860,20260908,202609,2026,2026.6795,AUSCOP,AUSTRALIAN,AUS,,,,,COP,,,AUS,ADELAIDE,AUS,,,,,,,,1,084,084,08,2,7.0,6,1,6,-4.67289719626168,4,"Adelaide, South Australia, Australia",AS,AS05,5256,-34.9333,138.6,-1555188,4,"Adelaide, South Australia, Australia",AS,AS05,5256,-34.9333,138.6,-1555188,4,"Adelaide, South Australia, Australia",AS,AS05,5256,-34.9333,138.6,-1555188,20261008013000,https://www.abc.net.au/news/2026-10-08/first-images-of-snowtown-murderer-james-vlassakis/107242384
1326844861,20260908,202609,2026,2026.6795,BUS,COMPANY,,,,,,BUS,,,JPN,JAPANESE,JPN,,,,,,,,1,040,040,04,1,1.0,2,1,2,0.87719298245614,3,"San Diego, California, United States",US,USCA,CA073,32.7153,-117.157,1661377,3,"San Diego, California, United States",US,USCA,,32.7153,-117.157,1661377,3,"San Diego, California, United States",US,USCA,,32.7153,-117.157,1661377,20261008013000,https://sdbj.com/life-sciences/medical-devices/cipra-murata-partner-on-wearable-health-devices/
1326844862,20260908,202609,2026,2026.6795,COP,POLICE,,,,,,COP,,,,,,,,,,,,,0,010,010,01,1,0.0,8,1,8,-4.56273764258555,4,"Keilor, Victoria, Australia",AS,AS07,5362,-37.7167,144.833,-1581213,0,,,,,,,,4,"Keilor, Victoria, Australia",AS,AS07,5362,-37.7167,144.833,-1581213,20261008013000,https://www.abc.net.au/news/2026-10-08/taylors-hill-firebombing-teen-took-orders-middlemen/107241702
1326844863,20260908,202609,2026,2026.6795,COP,POLICE,,,,,,COP,,,,,,,,,,,,,0,010,010,01,1,0.0,2,1,2,-4.56273764258555,4,"Melbourne, Victoria, Australia",AS,AS07,5430,-37.8167,144.967,-1586844,0,,,,,,,,4,"Truganina, Victoria, Australia",AS,AS07,5429,-37.8167,144.75,-1605750,20261008013000,https://www.abc.net.au/news/2026-10-08/taylors-hill-firebombing-teen-took-orders-middlemen/107241702
1326844864,20260908,202609,2026,2026.6795,IGOUNOLEG,UNITED NATIONS,,UNO,,,,IGO,LEG,,USA,UNITED STATES,USA,,,,,,,,0,043,043,04,1,2.8,2,1,2,-10.8485499462943,4,"Gaza, Israel (general), Israel",IS,IS00,18315,31.4167,34.3333,-797156,2,"New York, United States",US,USNY,,42.1497,-74.9384,NY,2,"New York, United States",US,USNY,,42.1497,-74.9384,NY,20261008013000,https://www.cbsnews.com/news/mamdani-criticized-by-democrats-oct-7-statement/
1326844865,20260908,202609,2026,2026.6795,JPN,JAPANESE,JPN,,,,,,,,BUS,COMPANY,,,,,,BUS,,,1,040,040,04,1,1.0,1,1,1,0.87719298245614,3,"San Diego, California, United States",US,USCA,CA073,32.7153,-117.157,1661377,3,"San Diego, California, United States",US,USCA,,32.7153,-117.157,1661377,1,Japan,JA,JA,,36,138,JA,20261008013000,https://sdbj.com/life-sciences/medical-devices/cipra-murata-partner-on-wearable-health-devices/
1326844866,20260908,202609,2026,2026.6795,JPN,JAPANESE,JPN,,,,,,,,BUS,COMPANY,,,,,,BUS,,,1,040,040,04,1,1.0,1,1,1,0.87719298245614,1,Japan,JA,JA,,36,138,JA,3,"San Diego, California, United States",US,USCA,,32.7153,-117.157,1661377,3,"San Diego, California, United States",US,USCA,,32.7153,-117.157,1661377,20261008013000,https://sdbj.com/life-sciences/medical-devices/cipra-murata-partner-on-wearable-health-devices/
1326844867,20260908,202609,2026,2026.6795,USA,UNITED STATES,USA,,,,,,,,,,,,,,,,,,1,040,040,04,1,1.0,4,1,4,-6.57334144856969,3,"Riverbend, Tennessee, United States",US,USTN,TN093,35.8954,-83.9763,1312367,0,,,,,,,,3,"Riverbend, Tennessee, United States",US,USTN,TN093,35.8954,-83.9763,1312367,20261008013000,https://www.dailymail.com/crime-desk/article-16190497/christa-pike-family-speak-execution-tennessee.html
1326844868,20260908,202609,2026,2026.6795,USA,UNITED STATES,USA,,,,,,,,IGOUNOLEG,UNITED NATIONS,,UNO,,,,IGO,LEG,,0,010,010,01,1,0.0,2,1,2,-10.8485499462943,2,"New York, United States",US,USNY,,42.1497,-74.9384,NY,4,"Gaza, Israel (general), Israel",IS,IS00,18315,31.4167,34.3333,-797156,4,"Gaza, Israel (general), Israel",IS,IS00,18315,31.4167,34.3333,-797156,20261008013000,https://www.cbsnews.com/news/mamdani-criticized-by-democrats-oct-7-statement/
1326844869,20260908,202609,2026,2026.6795,USA,UNITED STATES,USA,,,,,,,,IGOUNOLEG,UNITED NATIONS,,UNO,,,,IGO,LEG,,0,010,010,01,1,0.0,2,1,2,-10.8485499462943,2,"New York, United States",US,USNY,,42.1497,-74.9384,NY,2,"New York, United States",US,USNY,,42.1497,-74.9384,NY,2,"New York, United States",US,USNY,,42.1497,-74.9384,NY,20261008013000,https://www.cbsnews.com/news/mamdani-criticized-by-democrats-oct-7-statement/
1326844870,20260908,202609,2026,2026.6795,USA,UNITED STATES,USA,,,,,,,,IGOUNOLEG,UNITED NATIONS,,UNO,,,,IGO,LEG,,0,042,042,04,1,1.9,2,1,2,-10.8485499462943,2,"New York, United States",US,USNY,,42.1497,-74.9384,NY,4,"Gaza, Israel (general), Israel",IS,IS00,18315,31.4167,34.3333,-797156,2,"New York, United States",US,USNY,,42.1497,-74.9384,NY,20261008013000,https://www.cbsnews.com/news/mamdani-criticized-by-democrats-oct-7-statement/
1326844871,20261001,202610,2026,2026.7425,UKR,UKRAINE,UKR,,,,,,,,,,,,,,,,,,0,010,010,01,1,0.0,1,1,1,-6.81520314547837,4,"Pryluky, Zhytomyrs'ka Oblast', Ukraine",UP,UP27,39918,51.4634,28.8657,-1051544,0,,,,,,,,4,"Kyiv, Kyyiv, Misto, Ukraine",UP,UP12,28554,50.4333,30.5167,-1044367,20261008013000,https://www.odt.co.nz/news/world/at-least-28-killed-in-ukraine-as-zelenskiy-condemns-vile-strikes-to7m18cj
1326844872,20261001,202610,2026,2026.7425,UKR,UKRAINE,UKR,,,,,,,,,,,,,,,,,,0,010,010,01,1,0.0,1,1,1,-6.81520314547837,4,"Pryluky, Zhytomyrs'ka Oblast', Ukraine",UP,UP27,39918,51.4634,28.8657,-1051544,0,,,,,,,,4,"Pryluky, Zhytomyrs'ka Oblast', Ukraine",UP,UP27,39918,51.4634,28.8657,-1051544,20261008013000,https://www.odt.co.nz/news/world/at-least-28-killed-in-ukraine-as-zelenskiy-condemns-vile-strikes-to7m18cj
1326844873,20261001,202610,2026,2026.7425,UKR,UKRAINE,UKR,,,,,,,,,,,,,,,,,,0,190,190,19,4,-10.0,1,1,1,-6.81520314547837,4,"Pryluky, Zhytomyrs'ka Oblast', Ukraine",UP,UP27,39918,51.4634,28.8657,-1051544,0,,,,,,,,4,"Chernihiv, Chernihivs'ka Oblast', Ukraine",UP,UP02,28554,51.5055,31.2849,-1037057,20261008013000,https://www.odt.co.nz/news/world/at-least-28-killed-in-ukraine-as-zelenskiy-condemns-vile-strikes-to7m18cj
1326844874,20261001,202610,2026,2026.7425,UKR,UKRAINE,UKR,,,,,,,,,,,,,,,,,,0,190,190,19,4,-10.0,1,1,1,-6.81520314547837,4,"Pryluky, Zhytomyrs'ka Oblast', Ukraine",UP,UP27,39918,51.4634,28.8657,-1051544,0,,,,,,,,4,"Pryluky, Zhytomyrs'ka Oblast', Ukraine",UP,UP27,39918,51.4634,28.8657,-1051544,20261008013000,https://www.odt.co.nz/news/world/at-least-28-killed-in-ukraine-as-zelenskiy-condemns-vile-strikes-to7m18cj
1326844875,20261007,202610,2026,2026.7589,COP,CONSTABLE,,,,,,COP,,,,,,,,,,,,,1,012,012,01,1,-0.4,5,1,5,0.65717415115005,4,"Canberra, Australian Capital Territory, Australia",AS,AS01,4940,-35.2833,149.217,-1563952,0,,,,,,,,4,"Canberra, Australian Capital Territory, Australia",AS,AS01,4940,-35.2833,149.217,-1563952,20261008013000,https://www.miragenews.com/tania-constable-interview-with-abc-tv-news-1756670/
1326844876,20261007,202610,2026,2026.7589,MEX,MEXICO,MEX,,,,,,,,BUS,TRADER,,,,,,BUS,,,1,012,012,01,1,-0.4,10,1,10,-8.48708487084871,1,United States,US,US,,39.828175,-98.5795,US,1,United States,US,US,,39.828175,-98.5795,US,1,United States,US,US,,39.828175,-98.5795,US,20261008013000,https://investinglive.com/commodities/chevron-and-shell-shut-in-output-at-nine-us-gulf-facilities-as-storm-isaias-nears/
1326844877,20261008,202610,2026,2026.7616,,,,,,,,,,,AUS,AUSTRALIA,AUS,,,,,,,,1,030,030,03,1,4.0,2,1,2,0.16708437761069,0,,,,,,,,4,"Kandos, New South Wales, Australia",AS,AS02,5096,-32.8577,149.968,-1580828,4,"Kandos, New South Wales, Australia",AS,AS02,5096,-32.8577,149.968,-1580828,20261008013000,https://www.mudgeeguardian.com.au/story/9364673/bowdens-silver-lue-mine-hearing-extended-amid-housing-fears/
1326844878,20261008,202610,2026,2026.7616,,,,,,,,,,,AUS,AUSTRALIAN,AUS,,,,,,,,0,036,036,03,1,4.0,7,1,7,-1.35478408128705,0,,,,,,,,4,"Melbourne, Victoria, Australia",AS,AS07,5430,-37.8167,144.967,-1586844,4,"Melbourne, Victoria, Australia",AS,AS07,5430,-37.8167,144.967,-1586844,20261008013000,https://www.watoday.com.au/culture/musicals/this-musical-is-so-good-someone-saw-it-327-times-now-it-s-coming-to-australia-20261008-p60p9c.html
1326844879,20261008,202610,2026,2026.7616,,,,,,,,,,,AUS,AUSTRALIAN,AUS,,,,,,,,0,036,036,03,1,4.0,1,1,1,-1.35478408128705,0,,,,,,,,4,"London, London, City of, United Kingdom",UK,UKH9,40110,51.5,-0.116667,-2601889,4,"London, London, City of, United Kingdom",UK,UKH9,40110,51.5,-0.116667,-2601889,20261008013000,https://www.watoday.com.au/culture/musicals/this-musical-is-so-good-someone-saw-it-327-times-now-it-s-coming-to-australia-20261008-p60p9c.html
1326844880,20261008,202610,2026,2026.7616,,,,,,,,,,,AUS,AUSTRALIA,AUS,,,,,,,,1,040,040,04,1,1.0,2,1,2,0.16708437761069,0,,,,,,,,4,"Adelaide, South Australia, Australia",AS,AS05,5256,-34.9333,138.6,-1555188,4,"Adelaide, South Australia, Australia",AS,AS05,5256,-34.9333,138.6,-1555188,20261008013000,https://www.mudgeeguardian.com.au/story/9364673/bowdens-silver-lue-mine-hearing-extended-amid-housing-fears/
1326844881,20261008,202610,2026,2026.7616,,,,,,,,,,,AUS,AUSTRALIAN,AUS,,,,,,,,0,043,043,04,1,2.8,2,1,2,-1.35478408128705,0,,,,,,,,4,"London, London, City of, United Kingdom",UK,UKH9,40110,51.5,-0.116667,-2601889,4,"London, London, City of, United Kingdom",UK,UKH9,40110,51.5,-0.116667,-2601889,20261008013000,https://www.watoday.com.au/culture/musicals/this-musical-is-so-good-someone-saw-it-327-times-now-it-s-coming-to-australia-20261008-p60p9c.html
1326844882,20261008,202610,2026,2026.7616,,,,,,,,,,,AUS,AUSTRALIA,AUS,,,,,,,,0,046,046,04,1,7.0,8,1,4,0.16708437761069,0,,,,,,,,4,"Adelaide, South Australia, Australia",AS,AS05,5256,-34.9333,138.6,-1555188,4,"Adelaide, South Australia, Australia",AS,AS05,5256,-34.9333,138.6,-1555188,20261008013000,https://www.mudgeeguardian.com.au/story/9364673/bowdens-silver-lue-mine-hearing-extended-amid-housing-fears/
1326844883,20261008,202610,2026,2026.7616,,,,,,,,,,,BUS,AIRLINE,,,,,,BUS,,,1,014,014,01,1,0.0,10,1,10,-1.78041543026706,0,,,,,,,,1,New Zealand,NZ,NZ,,-42,174,NZ,1,New Zealand,NZ,NZ,,-42,174,NZ,20261008013000,https://www.odt.co.nz/business/labour-targets-airlines-in-drive-for-true-cost-of-flights-x3vnjimw
1326844884,20261008,202610,2026,2026.7616,,,,,,,,,,,BUS,COMPANY,,,,,,BUS,,,0,020,020,02,1,3.0,3,1,3,-8.64197530864197,0,,,,,,,,3,"Evangeline Parish, Louisiana, United States",US,USLA,,30.7335,-92.3835,558551,3,"Evangeline Parish, Louisiana, United States",US,USLA,,30.7335,-92.3835,558551,20261008013000,https://www.kalb.com/2026/10/07/pine-prairie-warden-arrested-dwi/
1326844885,20261008,202610,2026,2026.7616,,,,,,,,,,,BUS,COMPANY,,,,,,BUS,,,1,0874,087,08,2,10.0,6,1,6,-1.1986301369863,0,,,,,,,,3,"White House, District of Columbia, United States",US,USDC,,38.8951,-77.0364,531871,3,"White House, District of Columbia, United States",US,USDC,,38.8951,-77.0364,531871,20261008013000,https://www.thedailybeast.com/why-uncle-donald-doesnt-want-to-shake-off-natalie
1326844886,20261008,202610,2026,2026.7616,,,,,,,,,,,BUS,BOSS,,,,,,BUS,,,1,190,190,19,4,-10.0,5,1,5,4.94699646643109,0,,,,,,,,2,"Minnesota, United States",US,USMN,,45.7326,-93.9196,MN,2,"Minnesota, United States",US,USMN,,45.7326,-93.9196,MN,20261008013000,https://www.fox9.com/news/bair-hugger-warming-system-wins-2026-coolest-thing-made-minnesota
1326844887,20261008,202610,2026,2026.7616,,,,,,,,,,,BUSCVL,COMPANY,,,,,,BUS,CVL,,1,040,040,04,1,1.0,1,1,1,-3.11004784688995,0,,,,,,,,2,"Florida, United States",US,USFL,,27.8333,-81.717,FL,2,"Florida, United States",US,USFL,,27.8333,-81.717,FL,20261008013000,https://www.rnz.co.nz/news/world/1791103/florida-asks-court-to-force-meta-to-change-facebook-instagram-for-teens
1326844888,20261008,202610,2026,2026.7616,,,,,,,,,,,CHN,BEIJING,CHN,,,,,,,,0,060,060,06,2,6.0,5,1,5,4.92700729927007,0,,,,,,,,4,"Beijing, Beijing, China",CH,CH22,13001,39.9289,116.388,-1898541,4,"Shanghai, Shanghai, China",CH,CH23,13243,31.2222,121.458,-1924465,20261008013000,https://investinglive.com/stock-market-update/cicc-sees-strong-a-share-start-after-golden-week-three-reasons-for-optimism/
1326844889,20261008,202610,2026,2026.7616,,,,,,,,,,,CHRCTH,CATHOLIC,,,,CHR,CTH,,,,1,043,043,04,1,2.8,5,1,5,-5.88235294117647,0,,,,,,,,0,,,,,,,,0,,,,,,,,20261008013000,https://freerepublic.com/focus/f-religion/4398328/posts
1326844890,20261008,202610,2026,2026.7616,,,,,,,,,,,COL,COLOMBIA,COL,,,,,,,,0,014,014,01,1,0.0,4,1,4,0.11574074074074,0,,,,,,,,4,"Delhi, Delhi, India",IN,IN07,17911,28.6667,77.2167,-2094230,4,"Delhi, Delhi, India",IN,IN07,17911,28.6667,77.2167,-2094230,20261008013000,https://www.livemint.com/news/colombia-seeks-deeper-security-ties-with-india-to-fight-drug-cartels-11791366028228.html
1326844891,20261008,202610,2026,2026.7616,,,,,,,,,,,COL,COLOMBIA,COL,,,,,,,,0,014,014,01,1,0.0,6,1,6,0.11574074074074,0,,,,,,,,1,Colombia,CO,CO,,4,-72,CO,4,"Delhi, Delhi, India",IN,IN07,17911,28.6667,77.2167,-2094230,20261008013000,https://www.livemint.com/news/colombia-seeks-deeper-security-ties-with-india-to-fight-drug-cartels-11791366028228.html
1326844892,20261008,202610,2026,2026.7616,,,,,,,,,,,COP,DEPUTIES,,,,,,COP,,,1,010,010,01,1,0.0,10,1,10,-8.71559633027527,0,,,,,,,,3,"El Paso County, Texas, United States",US,USTX,,31.8001,-106.201,1383855,3,"El Paso County, Texas, United States",US,USTX,,31.8001,-106.201,1383855,20261008013000,https://kvia.com/news/crime/2026/10/07/sheriffs-office-man-with-parole-violation-arrested-after-chase-into-desert/
1326844893,20261008,202610,2026,2026.7616,,,,,,,,,,,COP,POLICE,,,,,,COP,,,0,036,036,03,1,4.0,5,1,5,-7.4585635359116,0,,,,,,,,0,,,,,,,,0,,,,,,,,20261008013000,https://www.miragenews.com/firearm-and-drug-offences-wulkuraka-1756669/
1326844894,20261008,202610,2026,2026.7616,,,,,,,,,,,COP,PRISON,,,,,,COP,,,0,042,042,04,1,1.9,10,1,10,-5.2384675527756,0,,,,,,,,2,"Tennessee, United States",US,USTN,,35.7449,-86.7489,TN,2,"Tennessee, United States",US,USTN,,35.7449,-86.7489,TN,20261008013000,https://www.irishdentist.ie/christa-pike-the-first-survivor-of-lethal-injection-drugs-in-the-usa-she-has-awakened-and-is-speaking/22689/
1326844895,20261008,202610,2026,2026.7616,,,,,,,,,,,COP,POLICE,,,,,,COP,,,1,175,175,17,4,-9.0,6,1,6,-6.76470588235294,0,,,,,,,,4,"New Delhi, Delhi, India",IN,IN07,17911,28.6,77.2,-2106102,4,"New Delhi, Delhi, India",IN,IN07,17911,28.6,77.2,-2106102,20261008013000,https://asianews.network/new-delhi-police-detain-opposition-leaders-rahul-and-priyanka-gandhi-amid-rally-against-chief-election-commissioner/
1326844896,20261008,202610,2026,2026.7616,,,,,,,,,,,CRM,THIEVES,,,,,,CRM,,,1,170,170,17,4,-7.0,10,1,10,-6.8235294117647,0,,,,,,,,0,,,,,,,,0,,,,,,,,20261008013000,https://www.odt.co.nz/canterbury/christchurch/police-crack-down-on-thieves-who-steal-copper-from-farm-irrigation-systems-th3iihoa
1326844897,20261008,202610,2026,2026.7616,,,,,,,,,,,CVL,COMMUNITY,,,,,,CVL,,,1,051,051,05,1,3.4,10,1,10,6.63265306122449,0,,,,,,,,2,"Alabama, United States",US,USAL,,32.799,-86.8073,AL,2,"Alabama, United States",US,USAL,,32.799,-86.8073,AL,20261008013000,https://www.trussvilletribune.com/2026/10/07/alabama-rcd-council-names-danny-garrett-house-leader-of-the-year/
1326844898,20261008,202610,2026,2026.7616,,,,,,,,,,,DEU,HALLE,DEU,,,,,,,,1,190,190,19,4,-10.0,6,1,6,-4.54545454545454,0,,,,,,,,3,"Los Angeles, California, United States",US,USCA,,34.0522,-118.244,1662328,3,"Los Angeles, California, United States",US,USCA,,34.0522,-118.244,1662328,20261008013000,https://www.tmz.com/2026/10/07/halle-berry-completes-parenting-program/
1326844899,20261008,202610,2026,2026.7616,,,,,,,,,,,EDU,STUDENT,,,,,,EDU,,,1,010,010,01,1,0.0,2,1,2,-1.28939828080229,0,,,,,,,,3,"Berkeley, California, United States",US,USCA,CA001,37.8716,-122.273,1658037,3,"Berkeley, California, United States",US,USCA,CA001,37.8716,-122.273,1658037,20261008013000,https://dailynexus.com/2026-10-07/a-week-in-uc-student-news-46/
1326844900,20261008,202610,2026,2026.7616,,,,,,,,,,,EDU,SCHOOL,,,,,,EDU,,,0,014,014,01,1,0.0,6,1,6,1.8421052631579,0,,,,,,,,3,"Pima County, Arizona, United States",US,USAZ,,32.0004,-112.003,25446,3,"Pima County, Arizona, United States",US,USAZ,,32.0004,-112.003,25446,20261008013000,https://www.kold.com/2026/10/08/heres-why-many-southern-arizona-education-leaders-oppose-prop-320/
1326844901,20261008,202610,2026,2026.7616,,,,,,,,,,,EDU,STUDENT,,,,,,EDU,,,0,043,043,04,1,2.8,10,1,10,-2.95930949445129,0,,,,,,,,2,"Alaska, United States",US,USAK,,61.385,-152.268,AK,2,"Alaska, United States",US,USAK,,61.385,-152.268,AK,20261008013000,https://www.adn.com/alaska-news/2026/10/07/about-30-alaska-native-youths-buried-at-boarding-schools-decades-ago-are-now-returning-home/
1326844902,20261008,202610,2026,2026.7616,,,,,,,,,,,EDU,COLLEGE,,,,,,EDU,,,0,043,043,04,1,2.8,10,1,10,3.87596899224806,0,,,,,,,,2,"Pennsylvania, United States",US,USPA,,40.5773,-77.264,PA,2,"Pennsylvania, United States",US,USPA,,40.5773,-77.264,PA,20261008013000,https://www.psu.edu/news/arts-and-architecture/story/arts-and-architecture-dean-host-talk-landscape-architecture-professor
1326844903,20261008,202610,2026,2026.7616,,,,,,,,,,,EDUCVL,UNIVERSITY,,,,,,EDU,CVL,,1,043,043,04,1,2.8,6,1,6,3.17124735729386,0,,,,,,,,3,"Lafayette Square, California, United States",US,USCA,,34.0431,-118.332,2130541,3,"Lafayette Square, California, United States",US,USCA,,34.0431,-118.332,2130541,20261008013000,https://www.buffalorising.com/2026/10/now-on-main-man-aung-sushi/
1326844904,20261008,202610,2026,2026.7616,,,,,,,,,,,EUR,EUROPE,EUR,,,,,,,,1,042,042,04,1,1.9,2,1,2,-0.80495356037151,0,,,,,,,,3,"Mcgregor Park, Tennessee, United States",US,USTN,,36.5306,-87.3645,1319669,3,"Mcgregor Park, Tennessee, United States",US,USTN,,36.5306,-87.3645,1319669,20261008013000,https://www.clarksvilleonline.com/2026/10/07/lst-325-docks-in-clarksville-tn-october-2026/
1326844905,20261008,202610,2026,2026.7616,,,,,,,,,,,EUR,EUROPE,EUR,,,,,,,,1,042,042,04,1,1.9,3,1,3,-0.80495356037151,0,,,,,,,,1,Germany,GM,GM,,51.5,10.5,GM,1,Germany,GM,GM,,51.5,10.5,GM,20261008013000,https://www.clarksvilleonline.com/2026/10/07/lst-325-docks-in-clarksville-tn-october-2026/
1326844906,20261008,202610,2026,2026.7616,,,,,,,,,,,EUR,EUROPE,EUR,,,,,,,,1,043,043,04,1,2.8,10,1,10,-0.45662100456622,0,,,,,,,,4,"Jamnagar, Gujarat, India",IN,IN09,17647,22.4667,70.0667,-2098232,4,"Jamnagar, Gujarat, India",IN,IN09,17647,22.4667,70.0667,-2098232,20261008013000,https://economictimes.indiatimes.com/et-front/sept-diesel-shipments-highest-in-a-year/articleshow/134774718.cms
1326844907,20261008,202610,2026,2026.7616,,,,,,,,,,,FRA,VERSAILLES,FRA,,,,,,,,1,040,040,04,1,1.0,15,1,10,0.41095890410959,0,,,,,,,,4,"National University Of Singapore, Singapore (general), Singapore",SN,SN00,18585,1.29611,103.78,30332,4,"National University Of Singapore, Singapore (general), Singapore",SN,SN00,18585,1.29611,103.78,30332,20261008013000,https://www.techradar.com/pro/tiny-asian-country-beats-china-usa-to-worlds-most-accurate-clock-lutetium-based-device-loses-1-second-every-264-billion-years
1326844908,20261008,202610,2026,2026.7616,,,,,,,,,,,FRA,VERSAILLES,FRA,,,,,,,,1,042,042,04,1,1.9,10,1,10,0.41095890410959,0,,,,,,,,4,"National University Of Singapore, Singapore (general), Singapore",SN,SN00,18585,1.29611,103.78,30332,4,"National University Of Singapore, Singapore (general), Singapore",SN,SN00,18585,1.29611,103.78,30332,20261008013000,https://www.techradar.com/pro/tiny-asian-country-beats-china-usa-to-worlds-most-accurate-clock-lutetium-based-device-loses-1-second-every-264-billion-years
1326844909,20261008,202610,2026,2026.7616,,,,,,,,,,,GBR,BRITAIN,GBR,,,,,,,,0,042,042,04,1,1.9,4,1,4,0.52840158520475,0,,,,,,,,3,"Chicago, Illinois, United States",US,USIL,IL031,41.85,-87.6501,423587,3,"Chicago, Illinois, United States",US,USIL,IL031,41.85,-87.6501,423587,20261008013000,https://www.techradar.com/how-to-watch/how-to-watch-chicago-pd-season-14
1326844910,20261008,202610,2026,2026.7616,,,,,,,,,,,GBR,BRITAIN,GBR,,,,,,,,0,042,042,04,1,1.9,4,1,4,0.52840158520475,0,,,,,,,,1,Australia,AS,AS,,-25,135,AS,3,"Chicago, Illinois, United States",US,USIL,IL031,41.85,-87.6501,423587,20261008013000,https://www.techradar.com/how-to-watch/how-to-watch-chicago-pd-season-14
1326844911,20261008,202610,2026,2026.7616,,,,,,,,,,,GOV,PRESIDENT,,,,,,GOV,,,1,010,010,01,1,0.0,2,1,2,-2.47349823321555,0,,,,,,,,1,Iceland,IC,IC,,65,-18,IC,4,"Athens, AttikíR, Greece",GR,GR35,16716,37.9833,23.7333,-814876,20261008013000,https://www.wgauradio.com/news/world/rubio-greece-set/U3SEX2WSX45QVETNOE7MAX477M/
1326844912,20261008,202610,2026,2026.7616,,,,,,,,,,,GOV,PRESIDENT,,,,,,GOV,,,1,010,010,01,1,0.0,6,1,6,-2.47349823321555,0,,,,,,,,1,Iceland,IC,IC,,65,-18,IC,1,Iceland,IC,IC,,65,-18,IC,20261008013000,https://www.wgauradio.com/news/world/rubio-greece-set/U3SEX2WSX45QVETNOE7MAX477M/
1326844913,20261008,202610,2026,2026.7616,,,,,,,,,,,GOV,GOVERNMENT,,,,,,GOV,,,1,013,013,01,1,0.4,5,1,5,1.84049079754601,0,,,,,,,,3,"Carnegie Mellon University, Pennsylvania, United States",US,USPA,,40.4412,-79.9428,1217343,3,"Carnegie Mellon University, Pennsylvania, United States",US,USPA,,40.4412,-79.9428,1217343,20261008013000,https://whyy.org/segments/experiment-to-save-rural-hospitals-in-pa-had-mixed-results/
1326844914,20261008,202610,2026,2026.7616,,,,,,,,,,,GOV,AUTHORITIES,,,,,,GOV,,,0,020,020,02,1,3.0,10,1,10,-6.5359477124183,0,,,,,,,,3,"Freeman Coliseum, Texas, United States",US,USTX,,29.4272,-98.4389,1336180,3,"Freeman Coliseum, Texas, United States",US,USTX,,29.4272,-98.4389,1336180,20261008013000,https://www.cbsnews.com/news/protesters-ejected-from-trump-rally-texas/
1326844915,20261008,202610,2026,2026.7616,,,,,,,,,,,GOV,REGULATOR,,,,,,GOV,,,1,042,042,04,1,1.9,5,1,5,2.4,0,,,,,,,,1,United States,US,US,,39.828175,-98.5795,US,1,United States,US,US,,39.828175,-98.5795,US,20261008013000,https://www.pcmag.com/news/fcc-to-auction-spectrum-that-spacex-amazon-and-ast-all-want
1326844916,20261008,202610,2026,2026.7616,,,,,,,,,,,GOV,ADMINISTRATION,,,,,,GOV,,,0,190,190,19,4,-10.0,10,1,10,-5.2384675527756,0,,,,,,,,3,"Davidson County, Tennessee, United States",US,USTN,,36.1501,-86.7833,1639737,3,"Davidson County, Tennessee, United States",US,USTN,,36.1501,-86.7833,1639737,20261008013000,https://www.irishdentist.ie/christa-pike-the-first-survivor-of-lethal-injection-drugs-in-the-usa-she-has-awakened-and-is-speaking/22689/
1326844917,20261008,202610,2026,2026.7616,,,,,,,,,,,GOV,PRESIDENT,,,,,,GOV,,,0,190,190,19,4,-10.0,10,1,10,-2.72300469483568,0,,,,,,,,1,Iran,IR,IR,,32,53,IR,1,Iran,IR,IR,,32,53,IR,20261008013000,https://www.dailymail.com/news/article-16191579/Trump-weighs-huge-strike-Iran-midterms.html
1326844918,20261008,202610,2026,2026.7616,,,,,,,,,,,GOVBUS,INDUSTRY MINIST,,,,,,GOV,BUS,,1,040,040,04,1,1.0,7,1,7,0.65717415115005,0,,,,,,,,4,"Canberra, Australian Capital Territory, Australia",AS,AS01,4940,-35.2833,149.217,-1563952,4,"Canberra, Australian Capital Territory, Australia",AS,AS01,4940,-35.2833,149.217,-1563952,20261008013000,https://www.miragenews.com/tania-constable-interview-with-abc-tv-news-1756670/
1326844919,20261008,202610,2026,2026.7616,,,,,,,,,,,GOVJUD,ADVOCATE GENERAL,,,,,,GOV,JUD,,0,0841,084,08,2,7.0,10,1,10,-2.25148683092608,0,,,,,,,,4,"Hazaribagh, Jharkhand, India",IN,IN38,70146,23.9833,85.35,-2097378,4,"Hazaribagh, Jharkhand, India",IN,IN38,70146,23.9833,85.35,-2097378,20261008013000,https://indiankanoon.org/doc/131908804/
1326844920,20261008,202610,2026,2026.7616,,,,,,,,,,,GRC,GREECE,GRC,,,,,,,,1,040,040,04,1,1.0,1,1,1,-2.47349823321555,0,,,,,,,,3,"White House, District of Columbia, United States",US,USDC,,38.8951,-77.0364,531871,4,"Athens, AttikíR, Greece",GR,GR35,16716,37.9833,23.7333,-814876,20261008013000,https://www.wgauradio.com/news/world/rubio-greece-set/U3SEX2WSX45QVETNOE7MAX477M/
1326844921,20261008,202610,2026,2026.7616,,,,,,,,,,,GRC,GREECE,GRC,,,,,,,,0,042,042,04,1,1.9,1,1,1,-2.47349823321555,0,,,,,,,,4,"Athens, AttikíR, Greece",GR,GR35,16716,37.9833,23.7333,-814876,2,"California, United States",US,USCA,,36.17,-119.746,CA,20261008013000,https://www.wgauradio.com/news/world/rubio-greece-set/U3SEX2WSX45QVETNOE7MAX477M/
1326844922,20261008,202610,2026,2026.7616,,,,,,,,,,,GRC,GREECE,GRC,,,,,,,,0,141,141,14,3,-6.5,2,1,2,-2.47349823321555,0,,,,,,,,4,"Athens, AttikíR, Greece",GR,GR35,16716,37.9833,23.7333,-814876,4,"Athens, AttikíR, Greece",GR,GR35,16716,37.9833,23.7333,-814876,20261008013000,https://www.wgauradio.com/news/world/rubio-greece-set/U3SEX2WSX45QVETNOE7MAX477M/
1326844923,20261008,202610,2026,2026.7616,,,,,,,,,,,HLH,HOSPITAL,,,,,,HLH,,,0,010,010,01,1,0.0,2,1,2,-6.57334144856969,0,,,,,,,,3,"Riverbend, Tennessee, United States",US,USTN,TN093,35.8954,-83.9763,1312367,3,"Riverbend, Tennessee, United States",US,USTN,TN093,35.8954,-83.9763,1312367,20261008013000,https://www.dailymail.com/crime-desk/article-16190497/christa-pike-family-speak-execution-tennessee.html
1326844924,20261008,202610,2026,2026.7616,,,,,,,,,,,HLH,HOSPITAL,,,,,,HLH,,,1,042,042,04,1,1.9,6,1,6,-4.56273764258555,0,,,,,,,,4,"Truganina, Victoria, Australia",AS,AS07,5429,-37.8167,144.75,-1605750,4,"Truganina, Victoria, Australia",AS,AS07,5429,-37.8167,144.75,-1605750,20261008013000,https://www.abc.net.au/news/2026-10-08/taylors-hill-firebombing-teen-took-orders-middlemen/107241702
1326844925,20261008,202610,2026,2026.7616,,,,,,,,,,,HLH,HOSPITAL,,,,,,HLH,,,0,042,042,04,1,1.9,2,1,2,-6.57334144856969,0,,,,,,,,3,"Riverbend, Tennessee, United States",US,USTN,TN093,35.8954,-83.9763,1312367,3,"Riverbend, Tennessee, United States",US,USTN,TN093,35.8954,-83.9763,1312367,20261008013000,https://www.dailymail.com/crime-desk/article-16190497/christa-pike-family-speak-execution-tennessee.html
1326844926,20261008,202610,2026,2026.7616,,,,,,,,,,,HLH,HOSPITAL,,,,,,HLH,,,0,042,042,04,1,1.9,6,1,6,-5.2384675527756,0,,,,,,,,2,"Tennessee, United States",US,USTN,,35.7449,-86.7489,TN,2,"Tennessee, United States",US,USTN,,35.7449,-86.7489,TN,20261008013000,https://www.irishdentist.ie/christa-pike-the-first-survivor-of-lethal-injection-drugs-in-the-usa-she-has-awakened-and-is-speaking/22689/
1326844927,20261008,202610,2026,2026.7616,,,,,,,,,,,IND,UTTAR PRADESH,IND,,,,,,,,0,031,031,03,1,5.2,6,1,6,2.16346153846154,0,,,,,,,,4,"Baroda, Gujarat, India",IN,IN09,70124,22.3,73.2,-2114049,4,"Baroda, Gujarat, India",IN,IN09,70124,22.3,73.2,-2114049,20261008013000,https://economictimes.indiatimes.com/markets/stocks/news/stocks-in-news-tcs-adani-enterprises-ola-electric-hcl-tech-tata-power-and-varun-beverages/articleshow/134771196.cms
1326844928,20261008,202610,2026,2026.7616,,,,,,,,,,,IND,BHARAT,IND,,,,,,,,1,040,040,04,1,1.0,3,1,3,-0.59931506849315,0,,,,,,,,4,"New Delhi, Delhi, India",IN,IN07,17911,28.6,77.2,-2106102,4,"New Delhi, Delhi, India",IN,IN07,17911,28.6,77.2,-2106102,20261008013000,https://economictimes.indiatimes.com/news/economy/indicators/gst-council-meeting-2026-today-what-may-change-gst-20-reforms-expectations-rates-itc-refunds-gst-council-meet-key-changes-2026-gst-expectations/articleshow/134769527.cms
1326844929,20261008,202610,2026,2026.7616,,,,,,,,,,,IRN,IRAN,IRN,,,,,,,,1,040,040,04,1,1.0,4,1,4,-1.4792899408284,0,,,,,,,,1,Iran,IR,IR,,32,53,IR,1,Iran,IR,IR,,32,53,IR,20261008013000,https://www.thedailybeast.com/donald-trump-doubles-down-on-bonkers-threat-to-two-blue-cities
1326844930,20261008,202610,2026,2026.7616,,,,,,,,,,,IRN,IRAN,IRN,,,,,,,,1,040,040,04,1,1.0,2,1,2,-1.4792899408284,0,,,,,,,,1,Iran,IR,IR,,32,53,IR,2,"Nebraska, United States",US,USNE,,41.1289,-98.2883,NE,20261008013000,https://www.thedailybeast.com/donald-trump-doubles-down-on-bonkers-threat-to-two-blue-cities
1326844931,20261008,202610,2026,2026.7616,,,,,,,,,,,ISRGOV,ISRAEL,ISR,,,,,GOV,,,1,043,043,04,1,2.8,2,1,2,-8.50202429149799,0,,,,,,,,1,Israel,IS,IS,,31.5,34.75,IS,1,Israel,IS,IS,,31.5,34.75,IS,20261008013000,https://nypost.com/2026/10/07/us-news/mamdani-booed-berated-by-anti-israel-protesters-at-nyc-oct-7-memorial/
1326844932,20261008,202610,2026,2026.7616,,,,,,,,,,,JUD,ATTORNEY,,,,,,JUD,,,0,010,010,01,1,0.0,10,1,10,-6.59340659340659,0,,,,,,,,2,"Alaska, United States",US,USAK,,61.385,-152.268,AK,2,"Alaska, United States",US,USAK,,61.385,-152.268,AK,20261008013000,https://www.alaskasnewssource.com/2026/10/08/crystal-hazlitt-hearing-continued-oct-21-after-chaotic-phone-appearance/
1326844933,20261008,202610,2026,2026.7616,,,,,,,,,,,JUD,JUDGE,,,,,,JUD,,,0,016,016,01,1,-2.0,4,1,4,-1.28939828080229,0,,,,,,,,3,"Los Angeles, California, United States",US,USCA,,34.0522,-118.244,1662328,3,"Los Angeles, California, United States",US,USCA,,34.0522,-118.244,1662328,20261008013000,https://dailynexus.com/2026-10-07/a-week-in-uc-student-news-46/
1326844934,20261008,202610,2026,2026.7616,,,,,,,,,,,JUD,JUDGE,,,,,,JUD,,,0,016,016,01,1,-2.0,1,1,1,-1.28939828080229,0,,,,,,,,2,"California, United States",US,USCA,,36.17,-119.746,CA,2,"California, United States",US,USCA,,36.17,-119.746,CA,20261008013000,https://dailynexus.com/2026-10-07/a-week-in-uc-student-news-46/
1326844935,20261008,202610,2026,2026.7616,,,,,,,,,,,JUD,JUDGE,,,,,,JUD,,,0,020,020,02,1,3.0,4,1,4,-1.28939828080229,0,,,,,,,,3,"Los Angeles, California, United States",US,USCA,,34.0522,-118.244,1662328,3,"Los Angeles, California, United States",US,USCA,,34.0522,-118.244,1662328,20261008013000,https://dailynexus.com/2026-10-07/a-week-in-uc-student-news-46/
1326844936,20261008,202610,2026,2026.7616,,,,,,,,,,,JUD,COUNSEL,,,,,,JUD,,,0,020,020,02,1,3.0,10,1,10,-6.59340659340659,0,,,,,,,,2,"Alaska, United States",US,USAK,,61.385,-152.268,AK,2,"Alaska, United States",US,USAK,,61.385,-152.268,AK,20261008013000,https://www.alaskasnewssource.com/2026/10/08/crystal-hazlitt-hearing-continued-oct-21-after-chaotic-phone-appearance/
1326844937,20261008,202610,2026,2026.7616,,,,,,,,,,,JUD,ATTORNEY,,,,,,JUD,,,1,020,020,02,1,3.0,6,1,6,-5.03035559410234,0,,,,,,,,2,"Minnesota, United States",US,USMN,,45.7326,-93.9196,MN,2,"Minnesota, United States",US,USMN,,45.7326,-93.9196,MN,20261008013000,https://krdo.com/news/national-world/cnn-national/2026/10/07/federal-prosecutors-in-minnesota-charge-man-with-terrorism-after-they-say-he-planned-to-target-the-mall-of-america/
1326844938,20261008,202610,2026,2026.7616,,,,,,,,,,,JUD,ATTORNEY,,,,,,JUD,,,0,025,025,02,1,-0.3,10,1,10,-2.71604938271605,0,,,,,,,,2,"California, United States",US,USCA,,36.17,-119.746,CA,2,"California, United States",US,USCA,,36.17,-119.746,CA,20261008013000,https://nypost.com/2026/10/07/us-news/new-california-laws-signed-in-2026-that-will-impact-everyday-life/
1326844939,20261008,202610,2026,2026.7616,,,,,,,,,,,JUD,MAGISTRATE,,,,,,JUD,,,1,036,036,03,1,4.0,10,1,10,-7.4585635359116,0,,,,,,,,0,,,,,,,,0,,,,,,,,20261008013000,https://www.miragenews.com/firearm-and-drug-offences-wulkuraka-1756669/
1326844940,20261008,202610,2026,2026.7616,,,,,,,,,,,JUD,SUPREME COURT,,,,,,JUD,,,0,040,040,04,1,1.0,12,1,6,0.20964360587002,0,,,,,,,,5,"State Of Rajasthan, Rajasthan, India",IN,IN24,17855,26,74,-2108695,5,"State Of Rajasthan, Rajasthan, India",IN,IN24,17855,26,74,-2108695,20261008013000,https://indiankanoon.org/doc/102931736/
1326844941,20261008,202610,2026,2026.7616,,,,,,,,,,,JUD,SUPREME COURT,,,,,,JUD,,,0,040,040,04,1,1.0,8,1,4,0.20964360587002,0,,,,,,,,5,"State Of Jharkhand, Jharkhand, India",IN,IN38,70146,23.75,85.5,6240778,5,"State Of Jharkhand, Jharkhand, India",IN,IN38,70146,23.75,85.5,6240778,20261008013000,https://indiankanoon.org/doc/102931736/
1326844942,20261008,202610,2026,2026.7616,,,,,,,,,,,JUD,JUDGE,,,,,,JUD,,,0,130,130,13,3,-4.4,10,1,10,-6.59340659340659,0,,,,,,,,2,"Alaska, United States",US,USAK,,61.385,-152.268,AK,2,"Alaska, United States",US,USAK,,61.385,-152.268,AK,20261008013000,https://www.alaskasnewssource.com/2026/10/08/crystal-hazlitt-hearing-continued-oct-21-after-chaotic-phone-appearance/
1326844943,20261008,202610,2026,2026.7616,,,,,,,,,,,JUD,DEFENSE ATTORNEY,,,,,,JUD,,,1,190,190,19,4,-10.0,3,1,3,-9.62962962962967,0,,,,,,,,2,"Missouri, United States",US,USMO,,38.4623,-92.302,MO,2,"Missouri, United States",US,USMO,,38.4623,-92.302,MO,20261008013000,https://abc17news.com/news/boone/2026/10/07/murder-trial-begins-for-sturgeon-man-accused-of-killing-his-father/
1326844944,20261008,202610,2026,2026.7616,,,,,,,,,,,KOR,SOUTH KOREA,KOR,,,,,,,,0,051,051,05,1,3.4,2,1,2,1.28654970760234,0,,,,,,,,1,South Korea,KS,KS,,37,127.5,KS,1,South Korea,KS,KS,,37,127.5,KS,20261008013000,https://www.miragenews.com/kaist-reveals-how-ferroelectric-memory-stores-1756661/
1326844945,20261008,202610,2026,2026.7616,,,,,,,,,,,LAB,EMPLOYEE,,,,,,LAB,,,0,042,042,04,1,1.9,6,1,6,-6.55737704918033,0,,,,,,,,2,"Minnesota, United States",US,USMN,,45.7326,-93.9196,MN,2,"Minnesota, United States",US,USMN,,45.7326,-93.9196,MN,20261008013000,https://ktok.iheart.com/content/2026-10-07-teen-accused-of-planning-terror-attack-at-mall-of-america/
1326844946,20261008,202610,2026,2026.7616,,,,,,,,,,,LEG,SENATOR,,,,,,LEG,,,0,040,040,04,1,1.0,3,1,3,-4.76190476190476,0,,,,,,,,3,"University Of Maine, Maine, United States",US,USME,,44.8992,-68.6692,577565,3,"University Of Maine, Maine, United States",US,USME,,44.8992,-68.6692,577565,20261008013000,https://www.sunjournal.com/2026/10/07/democrat-files-ethics-complaint-against-susan-collins-over-alleged-pay-to-play-scheme/
1326844947,20261008,202610,2026,2026.7616,,,,,,,,,,,LEG,LEGISLATURE,,,,,,LEG,,,1,046,046,04,1,7.0,3,1,3,0.17574692442883,0,,,,,,,,3,"Allagash, Maine, United States",US,USME,ME003,47.0834,-69.0412,581970,3,"Allagash, Maine, United States",US,USME,ME003,47.0834,-69.0412,581970,20261008013000,https://www.sunjournal.com/2026/10/07/troy-jackson-details-personal-finances-in-new-disclosure/
1326844948,20261008,202610,2026,2026.7616,,,,,,,,,,,MED,WEBSITE,,,,,,MED,,,1,036,036,03,1,4.0,5,1,5,1.63934426229508,0,,,,,,,,4,"Abuja, Abuja Federal Capital Territory, Nigeria",NI,NI11,191147,9.08333,7.53333,-1997013,4,"Abuja, Abuja Federal Capital Territory, Nigeria",NI,NI11,191147,9.08333,7.53333,-1997013,20261008013000,https://promptnewsonline.com/newsroom-must-create-strategic-knowledge-to-survive-the-new-era-max-amuchie/
1326844949,20261008,202610,2026,2026.7616,,,,,,,,,,,MIL,MILITARY,,,,,,MIL,,,0,051,051,05,1,3.4,5,1,5,5.87188612099644,0,,,,,,,,2,"Louisiana, United States",US,USLA,,31.1801,-91.8749,LA,2,"Louisiana, United States",US,USLA,,31.1801,-91.8749,LA,20261008013000,https://www.liberty.edu/news/2026/10/06/liberty-university-among-institutions-considered-for-new-corps-of-cadets-program/
1326844950,20261008,202610,2026,2026.7616,,,,,,,,,,,MNCJPN,HONDA,JPN,,,,,MNC,,,1,192,192,19,4,-9.5,8,1,8,-4.00285918513224,0,,,,,,,,5,"County Durham, Durham, United Kingdom",UK,UKD8,40106,54.6667,-1.75,-2594982,5,"County Durham, Durham, United Kingdom",UK,UKD8,40106,54.6667,-1.75,-2594982,20261008013000,https://www.dailymail.com/news/article-16190881/Britain-breed-boy-racers-risking-lives-MIMI-YATES.html
1326844951,20261008,202610,2026,2026.7616,,,,,,,,,,,MNCJPN,HONDA,JPN,,,,,MNC,,,1,192,192,19,4,-9.5,2,1,2,-4.00285918513224,0,,,,,,,,4,"Newcastle Upon Tyne, Newcastle upon Tyne, United Kingdom",UK,UKI7,40134,54.9881,-1.61944,-2603966,4,"Newcastle Upon Tyne, Newcastle upon Tyne, United Kingdom",UK,UKI7,40134,54.9881,-1.61944,-2603966,20261008013000,https://www.dailymail.com/news/article-16190881/Britain-breed-boy-racers-risking-lives-MIMI-YATES.html
1326844952,20261008,202610,2026,2026.7616,,,,,,,,,,,MYS,MALAYSIAN,MYS,,,,,,,,1,040,040,04,1,1.0,2,1,2,-3.65448504983388,0,,,,,,,,4,"Kuala Lumpur, Kuala Lumpur, Malaysia",MY,MY14,18585,3.16667,101.7,-2403010,4,"Kuala Lumpur, Kuala Lumpur, Malaysia",MY,MY14,18585,3.16667,101.7,-2403010,20261008013000,http://www.malaysiasun.com/news/279357976/myanmar-military-leader-arrives-in-malaysia-as-repatriations-draw-criticism
1326844953,20261008,202610,2026,2026.7616,,,,,,,,,,,MYS,MALAYSIA,MYS,,,,,,,,1,043,043,04,1,2.8,10,1,10,1.97486535008976,0,,,,,,,,4,"Kuala Lumpur, Kuala Lumpur, Malaysia",MY,MY14,18585,3.16667,101.7,-2403010,4,"Kuala Lumpur, Kuala Lumpur, Malaysia",MY,MY14,18585,3.16667,101.7,-2403010,20261008013000,https://asianews.network/what-can-photographs-of-grandparents-tell-us-about-the-malaysia-they-lived-in/
1326844954,20261008,202610,2026,2026.7616,,,,,,,,,,,MYS,KUALA LUMPUR,MYS,,,,,,,,1,051,051,05,1,3.4,9,1,9,-3.65448504983388,0,,,,,,,,4,"Kuala Lumpur, Kuala Lumpur, Malaysia",MY,MY14,18585,3.16667,101.7,-2403010,4,"Kuala Lumpur, Kuala Lumpur, Malaysia",MY,MY14,18585,3.16667,101.7,-2403010,20261008013000,http://www.malaysiasun.com/news/279357976/myanmar-military-leader-arrives-in-malaysia-as-repatriations-draw-criticism
1326844955,20261008,202610,2026,2026.7616,,,,,,,,,,,MYSGOV,MALAYSIAN,MYS,,,,,GOV,,,1,040,040,04,1,1.0,6,1,6,-3.65448504983388,0,,,,,,,,4,"Kuala Lumpur, Kuala Lumpur, Malaysia",MY,MY14,18585,3.16667,101.7,-2403010,4,"Kuala Lumpur, Kuala Lumpur, Malaysia",MY,MY14,18585,3.16667,101.7,-2403010,20261008013000,http://www.malaysiasun.com/news/279357976/myanmar-military-leader-arrives-in-malaysia-as-repatriations-draw-criticism
1326844956,20261008,202610,2026,2026.7616,,,,,,,,,,,NGA,NIGERIA,NGA,,,,,,,,0,051,051,05,1,3.4,3,1,3,4.68085106382979,0,,,,,,,,4,"Lagos, Lagos, Nigeria",NI,NI05,191416,6.45306,3.39583,-2017355,4,"Lagos, Lagos, Nigeria",NI,NI05,191416,6.45306,3.39583,-2017355,20261008013000,https://punchng.com/acamb-eyes-ai-digital-media-for-next-30-years/
1326844957,20261008,202610,2026,2026.7616,,,,,,,,,,,NGA,NIGERIA,NGA,,,,,,,,0,111,111,11,3,-2.0,3,1,3,4.68085106382979,0,,,,,,,,4,"Lagos, Lagos, Nigeria",NI,NI05,191416,6.45306,3.39583,-2017355,4,"Lagos, Lagos, Nigeria",NI,NI05,191416,6.45306,3.39583,-2017355,20261008013000,https://punchng.com/acamb-eyes-ai-digital-media-for-next-30-years/
1326844958,20261008,202610,2026,2026.7616,,,,,,,,,,,NGODEV,DEVELOPMENT AGENC,,,,,,NGO,DEV,,0,036,036,03,1,4.0,5,1,5,5.37848605577689,0,,,,,,,,0,,,,,,,,0,,,,,,,,20261008013000,https://www.nzherald.co.nz/gisborne-herald/news/tairawhiti-education-programme-to-deliver-10-catchment-restoration-projects/DUS52UP54NGPLGTGGVPSBNG3TQ/
1326844959,20261008,202610,2026,2026.7616,,,,,,,,,,,NZL,NEW ZEALAND,NZL,,,,,,,,1,020,020,02,1,3.0,2,1,2,-6.01092896174863,0,,,,,,,,4,"Kapiti, New Zealand (general), New Zealand",NZ,NZ00,22391,-40.9167,175,-1511615,4,"Kapiti, New Zealand (general), New Zealand",NZ,NZ00,22391,-40.9167,175,-1511615,20261008013000,https://www.odt.co.nz/news/national/peters-wants-conversion-therapy-ban-overturned-likens-abortion-to-murder-dth0ac0i
1326844960,20261008,202610,2026,2026.7616,,,,,,,,,,,NZL,NEW ZEALAND,NZL,,,,,,,,1,193,193,19,4,-10.0,2,1,2,-6.01092896174863,0,,,,,,,,4,"Kapiti, New Zealand (general), New Zealand",NZ,NZ00,22391,-40.9167,175,-1511615,4,"Kapiti, New Zealand (general), New Zealand",NZ,NZ00,22391,-40.9167,175,-1511615,20261008013000,https://www.odt.co.nz/news/national/peters-wants-conversion-therapy-ban-overturned-likens-abortion-to-murder-dth0ac0i
1326844961,20261008,202610,2026,2026.7616,,,,,,,,,,,RUS,RUSSIA,RUS,,,,,,,,0,040,040,04,1,1.0,2,1,2,-1.95439739413681,0,,,,,,,,4,"Moscow, Moskva, Russia",RS,RS48,25106,55.7522,37.6156,-2960561,4,"Moscow, Moskva, Russia",RS,RS48,25106,55.7522,37.6156,-2960561,20261008013000,http://www.caribbeanherald.com/news/279358323/opening-its-general-debate-first-committee-spotlights-growing-nuclear-risk-illegal-firearms-proliferation-importance-of-nuclear-weapons-free-zones
1326844962,20261008,202610,2026,2026.7616,,,,,,,,,,,UAF,FOREIGN TERRORIST ORGANIZATION,,,,,,UAF,,,0,042,042,04,1,1.9,6,1,6,-5.03035559410234,0,,,,,,,,2,"Minnesota, United States",US,USMN,,45.7326,-93.9196,MN,2,"Minnesota, United States",US,USMN,,45.7326,-93.9196,MN,20261008013000,https://krdo.com/news/national-world/cnn-national/2026/10/07/federal-prosecutors-in-minnesota-charge-man-with-terrorism-after-they-say-he-planned-to-target-the-mall-of-america/
1326844963,20261008,202610,2026,2026.7616,,,,,,,,,,,USA,UNITED STATES,USA,,,,,,,,1,010,010,01,1,0.0,4,1,4,-2.95930949445129,0,,,,,,,,2,"Alaska, United States",US,USAK,,61.385,-152.268,AK,2,"Alaska, United States",US,USAK,,61.385,-152.268,AK,20261008013000,https://www.adn.com/alaska-news/2026/10/07/about-30-alaska-native-youths-buried-at-boarding-schools-decades-ago-are-now-returning-home/
1326844964,20261008,202610,2026,2026.7616,,,,,,,,,,,USA,UNITED STATES,USA,,,,,,,,0,020,020,02,1,3.0,4,1,4,-5.03035559410234,0,,,,,,,,3,"Bloomington, Minnesota, United States",US,USMN,MN053,44.8408,-93.2983,640278,3,"Bloomington, Minnesota, United States",US,USMN,MN053,44.8408,-93.2983,640278,20261008013000,https://krdo.com/news/national-world/cnn-national/2026/10/07/federal-prosecutors-in-minnesota-charge-man-with-terrorism-after-they-say-he-planned-to-target-the-mall-of-america/
1326844965,20261008,202610,2026,2026.7616,,,,,,,,,,,USA,UNITED STATES,USA,,,,,,,,1,025,025,02,1,-0.3,2,1,2,6.63265306122449,0,,,,,,,,2,"Alabama, United States",US,USAL,,32.799,-86.8073,AL,2,"Alabama, United States",US,USAL,,32.799,-86.8073,AL,20261008013000,https://www.trussvilletribune.com/2026/10/07/alabama-rcd-council-names-danny-garrett-house-leader-of-the-year/
1326844966,20261008,202610,2026,2026.7616,,,,,,,,,,,USA,SAN DIEGO,USA,,,,,,,,1,036,036,03,1,4.0,6,1,6,0.83333333333333,0,,,,,,,,3,"San Diego, California, United States",US,USCA,,32.7153,-117.157,1661377,3,"San Diego, California, United States",US,USCA,,32.7153,-117.157,1661377,20261008013000,https://www.thebiglead.com/how-to-watch-padres-vs-brewers-game-4-mlb-playoffs-live-stream-tv-channel/
1326844967,20261008,202610,2026,2026.7616,,,,,,,,,,,USA,SAN DIEGO,USA,,,,,,,,1,036,036,03,1,4.0,4,1,4,0.83333333333333,0,,,,,,,,3,"San Diego, California, United States",US,USCA,,32.7153,-117.157,1661377,3,"Petco Park, California, United States",US,USCA,,32.7076,-117.157,2061704,20261008013000,https://www.thebiglead.com/how-to-watch-padres-vs-brewers-game-4-mlb-playoffs-live-stream-tv-channel/
1326844968,20261008,202610,2026,2026.7616,,,,,,,,,,,USA,UNITED STATES,USA,,,,,,,,0,041,041,04,1,1.0,4,1,4,-6.49214659685864,0,,,,,,,,3,"Highland County, Ohio, United States",US,USOH,,39.1834,-83.6166,1074048,3,"Highland County, Ohio, United States",US,USOH,,39.1834,-83.6166,1074048,20261008013000,https://www.fox19.com/2026/10/07/vincent-doan-denies-key-trial-claims-says-convicted-killer-confessed-culberson-case/
1326844969,20261008,202610,2026,2026.7616,,,,,,,,,,,USA,INDIANA,USA,,,,,,,,1,042,042,04,1,1.9,8,1,8,-0.80495356037151,0,,,,,,,,3,"Mcgregor Park, Tennessee, United States",US,USTN,,36.5306,-87.3645,1319669,3,"Mcgregor Park, Tennessee, United States",US,USTN,,36.5306,-87.3645,1319669,20261008013000,https://www.clarksvilleonline.com/2026/10/07/lst-325-docks-in-clarksville-tn-october-2026/
1326844970,20261008,202610,2026,2026.7616,,,,,,,,,,,USA,LOUISIANA,USA,,,,,,,,1,042,042,04,1,1.9,2,1,2,-8.6705202312139,0,,,,,,,,3,"Rapides, Louisiana, United States",US,USLA,LA079,31.3635,-92.5868,555753,3,"Rapides, Louisiana, United States",US,USLA,LA079,31.3635,-92.5868,555753,20261008013000,https://www.kalb.com/2026/10/07/could-kayla-giles-return-court-after-louisiana-supreme-court-ruling/
1326844971,20261008,202610,2026,2026.7616,,,,,,,,,,,USA,MISSOURI,USA,,,,,,,,0,042,042,04,1,1.9,6,1,6,1.34228187919463,0,,,,,,,,3,"Cole County, Missouri, United States",US,USMO,,38.5003,-92.2835,758480,3,"Cole County, Missouri, United States",US,USMO,,38.5003,-92.2835,758480,20261008013000,https://abc17news.com/news/cole/2026/10/07/cole-county-faces-difficult-choice-over-rising-health-insurance-costs/
1326844972,20261008,202610,2026,2026.7616,,,,,,,,,,,USA,ALASKA,USA,,,,,,,,1,042,042,04,1,1.9,12,1,10,-2.95930949445129,0,,,,,,,,2,"Alaska, United States",US,USAK,,61.385,-152.268,AK,2,"Alaska, United States",US,USAK,,61.385,-152.268,AK,20261008013000,https://www.adn.com/alaska-news/2026/10/07/about-30-alaska-native-youths-buried-at-boarding-schools-decades-ago-are-now-returning-home/
1326844973,20261008,202610,2026,2026.7616,,,,,,,,,,,USA,DELAWARE,USA,,,,,,,,1,042,042,04,1,1.9,10,1,10,4.17209908735333,0,,,,,,,,2,"Delaware, United States",US,USDE,,39.3498,-75.5148,DE,2,"Delaware, United States",US,USDE,,39.3498,-75.5148,DE,20261008013000,https://whyy.org/articles/caribbean-film-fashion-festival-delaware/
1326844974,20261008,202610,2026,2026.7616,,,,,,,,,,,USA,FLORIDA,USA,,,,,,,,0,042,042,04,1,1.9,3,1,3,-6.47208121827412,0,,,,,,,,2,"Florida, United States",US,USFL,,27.8333,-81.717,FL,2,"Florida, United States",US,USFL,,27.8333,-81.717,FL,20261008013000,https://www.dailymail.com/crime-desk/article-16184749/jonathan-mckinsey-candice-jang-murder-dublin-california.html
1326844975,20261008,202610,2026,2026.7616,,,,,,,,,,,USA,UNITED STATES,USA,,,,,,,,0,042,042,04,1,1.9,1,1,1,1.34228187919463,0,,,,,,,,2,"Missouri, United States",US,USMO,,38.4623,-92.302,MO,2,"Missouri, United States",US,USMO,,38.4623,-92.302,MO,20261008013000,https://abc17news.com/news/cole/2026/10/07/cole-county-faces-difficult-choice-over-rising-health-insurance-costs/
1326844976,20261008,202610,2026,2026.7616,,,,,,,,,,,USA,UNITED STATES,USA,,,,,,,,1,042,042,04,1,1.9,4,1,4,-10.8485499462943,0,,,,,,,,2,"New York, United States",US,USNY,,42.1497,-74.9384,NY,4,"Gaza, Israel (general), Israel",IS,IS00,18315,31.4167,34.3333,-797156,20261008013000,https://www.cbsnews.com/news/mamdani-criticized-by-democrats-oct-7-statement/
1326844977,20261008,202610,2026,2026.7616,,,,,,,,,,,USA,UNITED STATES,USA,,,,,,,,0,043,043,04,1,2.8,4,1,4,-4.29553264604811,0,,,,,,,,3,"Cincinnati, Ohio, United States",US,USOH,OH061,39.162,-84.4569,1066650,3,"Cincinnati, Ohio, United States",US,USOH,OH061,39.162,-84.4569,1066650,20261008013000,https://www.fox19.com/2026/10/07/mental-health-forefront-cincinnati-fathers-defense-deputys-murder-trial/
1326844978,20261008,202610,2026,2026.7616,,,,,,,,,,,USA,UNITED STATES,USA,,,,,,,,1,046,046,04,1,7.0,7,1,7,2.33323030808437,0,,,,,,,,2,"Michigan, United States",US,USMI,,43.3504,-84.5603,MI,2,"Michigan, United States",US,USMI,,43.3504,-84.5603,MI,20261008013000,https://midmichigannow.com/news/local/john-james-meets-saginaw-officials-to-discuss-law-enforcement-safety-election-news-michigan
1326844979,20261008,202610,2026,2026.7616,,,,,,,,,,,USA,AMERICAN,USA,,,,,,,,0,051,051,05,1,3.4,5,1,5,5.87188612099644,0,,,,,,,,2,"Louisiana, United States",US,USLA,,31.1801,-91.8749,LA,2,"Louisiana, United States",US,USLA,,31.1801,-91.8749,LA,20261008013000,https://www.liberty.edu/news/2026/10/06/liberty-university-among-institutions-considered-for-new-corps-of-cadets-program/
1326844980,20261008,202610,2026,2026.7616,,,,,,,,,,,USA,UNITED STATES,USA,,,,,,,,0,060,060,06,2,6.0,2,1,2,-6.57334144856969,0,,,,,,,,3,"Riverbend, Tennessee, United States",US,USTN,TN093,35.8954,-83.9763,1312367,3,"Riverbend, Tennessee, United States",US,USTN,TN093,35.8954,-83.9763,1312367,20261008013000,https://www.dailymail.com/crime-desk/article-16190497/christa-pike-family-speak-execution-tennessee.html
1326844981,20261008,202610,2026,2026.7616,,,,,,,,,,,USA,UNITED STATES,USA,,,,,,,,0,060,060,06,2,6.0,2,1,2,-6.57334144856969,0,,,,,,,,3,"Riverbend, Tennessee, United States",US,USTN,TN093,35.8954,-83.9763,1312367,2,"Tennessee, United States",US,USTN,,35.7449,-86.7489,TN,20261008013000,https://www.dailymail.com/crime-desk/article-16190497/christa-pike-family-speak-execution-tennessee.html
1326844982,20261008,202610,2026,2026.7616,,,,,,,,,,,USA,MINNESOTA,USA,,,,,,,,1,060,060,06,2,6.0,10,1,10,0.95759233926129,0,,,,,,,,3,"Mankato, Minnesota, United States",US,USMN,MN013,44.1636,-93.9994,647438,3,"Mankato, Minnesota, United States",US,USMN,MN013,44.1636,-93.9994,647438,20261008013000,https://www.mankatofreepress.com/news/local_news/owner-of-closed-blue-bricks-bar-sells-dt-landmark/article_fe4fe2f9-7da6-407c-be27-6a2c52f73cdc.html
1326844983,20261008,202610,2026,2026.7616,,,,,,,,,,,USA,UNITED STATES,USA,,,,,,,,1,084,084,08,2,7.0,2,1,2,-8.64197530864197,0,,,,,,,,2,"Louisiana, United States",US,USLA,,31.1801,-91.8749,LA,2,"Louisiana, United States",US,USLA,,31.1801,-91.8749,LA,20261008013000,https://www.kalb.com/2026/10/07/pine-prairie-warden-arrested-dwi/
1326844984,20261008,202610,2026,2026.7616,,,,,,,,,,,USA,UNITED STATES,USA,,,,,,,,0,100,100,10,3,-5.0,4,1,4,-6.49214659685864,0,,,,,,,,3,"Blanchester, Ohio, United States",US,USOH,OH027,39.2931,-83.9888,1038105,3,"Blanchester, Ohio, United States",US,USOH,OH027,39.2931,-83.9888,1038105,20261008013000,https://www.fox19.com/2026/10/07/vincent-doan-denies-key-trial-claims-says-convicted-killer-confessed-culberson-case/
1326844985,20261008,202610,2026,2026.7616,,,,,,,,,,,USA,HOUSTON,USA,,,,,,,,1,112,112,11,3,-2.0,10,1,10,-10.8974358974359,0,,,,,,,,3,"Houston, Texas, United States",US,USTX,TX201,29.7633,-95.3633,1380948,3,"Houston, Texas, United States",US,USTX,TX201,29.7633,-95.3633,1380948,20261008013000,https://abc17news.com/news/crime/2026/10/07/victim-in-callaway-county-hotel-homicide-case-named-by-sheriffs-office/
1326844986,20261008,202610,2026,2026.7616,,,,,,,,,,,USA,UNITED STATES,USA,,,,,,,,0,112,112,11,3,-2.0,2,1,2,-4.76190476190476,0,,,,,,,,3,"Cumberland County, New Jersey, United States",US,USNJ,,39.3501,-75.083,882275,3,"Cumberland County, New Jersey, United States",US,USNJ,,39.3501,-75.083,882275,20261008013000,https://www.sunjournal.com/2026/10/07/democrat-files-ethics-complaint-against-susan-collins-over-alleged-pay-to-play-scheme/
1326844987,20261008,202610,2026,2026.7616,,,,,,,,,,,USA,UNITED STATES,USA,,,,,,,,0,112,112,11,3,-2.0,2,1,2,-4.76190476190476,0,,,,,,,,3,"Cumberland County, New Jersey, United States",US,USNJ,,39.3501,-75.083,882275,2,"New Jersey, United States",US,USNJ,,40.314,-74.5089,NJ,20261008013000,https://www.sunjournal.com/2026/10/07/democrat-files-ethics-complaint-against-susan-collins-over-alleged-pay-to-play-scheme/
1326844988,20261008,202610,2026,2026.7616,,,,,,,,,,,USA,UNITED STATES,USA,,,,,,,,0,112,112,11,3,-2.0,1,1,1,-6.47208121827412,0,,,,,,,,2,"New York, United States",US,USNY,,42.1497,-74.9384,NY,2,"New York, United States",US,USNY,,42.1497,-74.9384,NY,20261008013000,https://www.dailymail.com/crime-desk/article-16184749/jonathan-mckinsey-candice-jang-murder-dublin-california.html
1326844989,20261008,202610,2026,2026.7616,,,,,,,,,,,USA,UNITED STATES,USA,,,,,,,,0,120,120,12,3,-4.0,4,1,4,-6.57334144856969,0,,,,,,,,3,"Riverbend, Tennessee, United States",US,USTN,TN093,35.8954,-83.9763,1312367,3,"Riverbend, Tennessee, United States",US,USTN,TN093,35.8954,-83.9763,1312367,20261008013000,https://www.dailymail.com/crime-desk/article-16190497/christa-pike-family-speak-execution-tennessee.html
1326844990,20261008,202610,2026,2026.7616,,,,,,,,,,,USA,UNITED STATES,USA,,,,,,,,0,120,120,12,3,-4.0,2,1,2,-6.74157303370786,0,,,,,,,,2,"Tennessee, United States",US,USTN,,35.7449,-86.7489,TN,3,"Travis County, Texas, United States",US,USTX,,30.3335,-97.8003,1384012,20261008013000,https://kvia.com/news/crime/2026/10/07/texas-execution-would-be-first-in-u-s-since-tennessee-failure/
1326844991,20261008,202610,2026,2026.7616,,,,,,,,,,,USA,UNITED STATES,USA,,,,,,,,0,120,120,12,3,-4.0,2,1,2,-6.74157303370786,0,,,,,,,,2,"Tennessee, United States",US,USTN,,35.7449,-86.7489,TN,2,"Tennessee, United States",US,USTN,,35.7449,-86.7489,TN,20261008013000,https://kvia.com/news/crime/2026/10/07/texas-execution-would-be-first-in-u-s-since-tennessee-failure/
1326844992,20261008,202610,2026,2026.7616,,,,,,,,,,,USA,UNITED STATES,USA,,,,,,,,1,173,173,17,4,-5.0,2,1,2,-6.49214659685864,0,,,,,,,,3,"Blanchester, Ohio, United States",US,USOH,OH027,39.2931,-83.9888,1038105,2,"Ohio, United States",US,USOH,,40.3736,-82.7755,OH,20261008013000,https://www.fox19.com/2026/10/07/vincent-doan-denies-key-trial-claims-says-convicted-killer-confessed-culberson-case/
1326844993,20261008,202610,2026,2026.7616,,,,,,,,,,,USA,UNITED STATES,USA,,,,,,,,0,173,173,17,4,-5.0,4,1,4,-6.57334144856969,0,,,,,,,,3,"Riverbend, Tennessee, United States",US,USTN,TN093,35.8954,-83.9763,1312367,3,"Riverbend, Tennessee, United States",US,USTN,TN093,35.8954,-83.9763,1312367,20261008013000,https://www.dailymail.com/crime-desk/article-16190497/christa-pike-family-speak-execution-tennessee.html
1326844994,20261008,202610,2026,2026.7616,,,,,,,,,,,USA,UNITED STATES,USA,,,,,,,,1,173,173,17,4,-5.0,4,1,4,-9.86301369863012,0,,,,,,,,3,"San Diego, California, United States",US,USCA,,32.7153,-117.157,1661377,3,"San Diego, California, United States",US,USCA,,32.7153,-117.157,1661377,20261008013000,https://timesofsandiego.com/crime/2026/10/07/miss-b-troy-williams-false-identity-us-marshall/
1326844995,20261008,202610,2026,2026.7616,,,,,,,,,,,USA,UNITED STATES,USA,,,,,,,,1,173,173,17,4,-5.0,8,1,8,-10.2176130567834,0,,,,,,,,2,"Louisiana, United States",US,USLA,,31.1801,-91.8749,LA,2,"Louisiana, United States",US,USLA,,31.1801,-91.8749,LA,20261008013000,https://www.kalb.com/2026/10/07/review-laquarus-augustines-criminal-case-denied-by-louisiana-supreme-court/
1326844996,20261008,202610,2026,2026.7616,,,,,,,,,,,USA,UNITED STATES,USA,,,,,,,,1,173,173,17,4,-5.0,2,1,2,-4.56852791878172,0,,,,,,,,2,"South Carolina, United States",US,USSC,,33.8191,-80.9066,SC,2,"South Carolina, United States",US,USSC,,33.8191,-80.9066,SC,20261008013000,https://www.livemint.com/news/us-news/christa-pikes-health-status-woman-who-survived-execution-attempt-has-pneumonia-and-no-function-in-her-arms-11791421247782.html
1326844997,20261008,202610,2026,2026.7616,,,,,,,,,,,USA,UNITED STATES,USA,,,,,,,,0,181,181,18,4,-9.0,2,1,2,-9.86301369863012,0,,,,,,,,3,"San Diego, California, United States",US,USCA,,32.7153,-117.157,1661377,3,"San Diego, California, United States",US,USCA,,32.7153,-117.157,1661377,20261008013000,https://timesofsandiego.com/crime/2026/10/07/miss-b-troy-williams-false-identity-us-marshall/
1326844998,20261008,202610,2026,2026.7616,,,,,,,,,,,USA,UNITED STATES,USA,,,,,,,,1,190,190,19,4,-10.0,2,1,2,-6.49214659685864,0,,,,,,,,3,"Blanchester, Ohio, United States",US,USOH,OH027,39.2931,-83.9888,1038105,2,"Ohio, United States",US,USOH,,40.3736,-82.7755,OH,20261008013000,https://www.fox19.com/2026/10/07/vincent-doan-denies-key-trial-claims-says-convicted-killer-confessed-culberson-case/
1326844999,20261008,202610,2026,2026.7616,,,,,,,,,,,USA,UNITED STATES,USA,,,,,,,,1,190,190,19,4,-10.0,2,1,2,-4.54545454545454,0,,,,,,,,3,"Los Angeles, California, United States",US,USCA,,34.0522,-118.244,1662328,3,"Los Angeles, California, United States",US,USCA,,34.0522,-118.244,1662328,20261008013000,https://www.tmz.com/2026/10/07/halle-berry-completes-parenting-program/
1326845000,20261008,202610,2026,2026.7616,,,,,,,,,,,USA,UNITED STATES,USA,,,,,,,,1,190,190,19,4,-10.0,6,1,6,-9.70191544826027,0,,,,,,,,2,"Louisiana, United States",US,USLA,,31.1801,-91.8749,LA,2,"Louisiana, United States",US,USLA,,31.1801,-91.8749,LA,20261008013000,https://www.kalb.com/2026/10/07/review-laquarus-augustines-criminal-case-denied-by-louisiana-supreme-court/
1326845001,20261008,202610,2026,2026.7616,,,,,,,,,,,USA,NEW YORK,USA,,,,,,,,0,190,190,19,4,-10.0,10,1,10,-6.47208121827412,0,,,,,,,,2,"New York, United States",US,USNY,,42.1497,-74.9384,NY,2,"New York, United States",US,USNY,,42.1497,-74.9384,NY,20261008013000,https://www.dailymail.com/crime-desk/article-16184749/jonathan-mckinsey-candice-jang-murder-dublin-california.html
1326845002,20261008,202610,2026,2026.7616,,,,,,,,,,,USA,UNITED STATES,USA,,,,,,,,1,193,193,19,4,-10.0,2,1,2,-11.764705882353,0,,,,,,,,2,"Louisiana, United States",US,USLA,,31.1801,-91.8749,LA,3,"Libuse, Louisiana, United States",US,USLA,LA079,31.3541,-92.3335,536431,20261008013000,https://www.kalb.com/2026/10/07/review-laquarus-augustines-criminal-case-denied-by-louisiana-supreme-court/
1326845003,20261008,202610,2026,2026.7616,,,,,,,,,,,USACVL,UNITED STATES,USA,,,,,CVL,,,0,040,040,04,1,1.0,2,1,2,-3.40314136125654,0,,,,,,,,3,"Franklin High School, California, United States",US,USCA,,34.1159,-118.199,242443,3,"Franklin High School, California, United States",US,USCA,,34.1159,-118.199,242443,20261008013000,https://kesq.com/news/california/2026/10/07/police-find-no-evidence-yet-linking-bullying-to-la-high-school-students-death/
1326845004,20261008,202610,2026,2026.7616,,,,,,,,,,,USAGOV,US AMBASSADOR,USA,,,,,GOV,,,0,043,043,04,1,2.8,4,1,4,-2.47349823321555,0,,,,,,,,4,"Athens, AttikíR, Greece",GR,GR35,16716,37.9833,23.7333,-814876,4,"Athens, AttikíR, Greece",GR,GR35,16716,37.9833,23.7333,-814876,20261008013000,https://www.wgauradio.com/news/world/rubio-greece-set/U3SEX2WSX45QVETNOE7MAX477M/
1326845005,20261008,202610,2026,2026.7616,,,,,,,,,,,USAGOV,US AMBASSADOR,USA,,,,,GOV,,,0,043,043,04,1,2.8,6,1,6,-2.47349823321555,0,,,,,,,,4,"Athens, AttikíR, Greece",GR,GR35,16716,37.9833,23.7333,-814876,2,"California, United States",US,USCA,,36.17,-119.746,CA,20261008013000,https://www.wgauradio.com/news/world/rubio-greece-set/U3SEX2WSX45QVETNOE7MAX477M/
1326845006,20261008,202610,2026,2026.7616,,,,,,,,,,,USAJUD,UNITED STATES,USA,,,,,JUD,,,1,020,020,02,1,3.0,2,1,2,-5.03035559410234,0,,,,,,,,3,"Bloomington, Minnesota, United States",US,USMN,MN053,44.8408,-93.2983,640278,3,"Bloomington, Minnesota, United States",US,USMN,MN053,44.8408,-93.2983,640278,20261008013000,https://krdo.com/news/national-world/cnn-national/2026/10/07/federal-prosecutors-in-minnesota-charge-man-with-terrorism-after-they-say-he-planned-to-target-the-mall-of-america/
1326845007,20261008,202610,2026,2026.7616,,,,,,,,,,,USAJUD,UNITED STATES,USA,,,,,JUD,,,1,020,020,02,1,3.0,2,1,2,-5.03035559410234,0,,,,,,,,3,"Bloomington, Minnesota, United States",US,USMN,MN053,44.8408,-93.2983,640278,2,"Minnesota, United States",US,USMN,,45.7326,-93.9196,MN,20261008013000,https://krdo.com/news/national-world/cnn-national/2026/10/07/federal-prosecutors-in-minnesota-charge-man-with-terrorism-after-they-say-he-planned-to-target-the-mall-of-america/
1326845008,20261008,202610,2026,2026.7616,,,,,,,,,,,USAJUD,LOUISIANA,USA,,,,,JUD,,,1,042,042,04,1,1.9,6,1,6,-8.6705202312139,0,,,,,,,,3,"Rapides, Louisiana, United States",US,USLA,LA079,31.3635,-92.5868,555753,3,"Rapides, Louisiana, United States",US,USLA,LA079,31.3635,-92.5868,555753,20261008013000,https://www.kalb.com/2026/10/07/could-kayla-giles-return-court-after-louisiana-supreme-court-ruling/
1326845009,20261008,202610,2026,2026.7616,,,,,,,,,,,VEN,VENEZUELAN,VEN,,,,,,,,1,112,112,11,3,-2.0,1,1,1,-9.9056603773585,0,,,,,,,,4,"Caracas, Distrito Federal, Venezuela",VE,VE25,31959,10.5,-66.9167,-938457,3,"Brooklyn, New York, United States",US,USNY,NY025,42.3442,-75.1704,944840,20261008013000,https://www.abc.net.au/news/2026-10-08/torture-charges-expected-for-nicol%C3%A1s-maduro/107241718
1326845010,20261008,202610,2026,2026.7616,,,,,,,,,,,VEN,VENEZUELAN,VEN,,,,,,,,1,112,112,11,3,-2.0,1,1,1,-9.9056603773585,0,,,,,,,,4,"Caracas, Distrito Federal, Venezuela",VE,VE25,31959,10.5,-66.9167,-938457,3,"Manhattan, New York, United States",US,USNY,NY061,40.7834,-73.9662,971945,20261008013000,https://www.abc.net.au/news/2026-10-08/torture-charges-expected-for-nicol%C3%A1s-maduro/107241718
1326845011,20261008,202610,2026,2026.7616,,,,,,,,,,,VENELI,VENEZUELAN,VEN,,,,,ELI,,,1,112,112,11,3,-2.0,3,1,3,-9.9056603773585,0,,,,,,,,2,"New York, United States",US,USNY,,42.1497,-74.9384,NY,3,"Manhattan, New York, United States",US,USNY,NY061,40.7834,-73.9662,971945,20261008013000,https://www.abc.net.au/news/2026-10-08/torture-charges-expected-for-nicol%C3%A1s-maduro/107241718
1326845012,20261008,202610,2026,2026.7616,,,,,,,,,,,VENELI,VENEZUELAN,VEN,,,,,ELI,,,1,1822,182,18,4,-9.0,3,1,3,-9.9056603773585,0,,,,,,,,4,"Caracas, Distrito Federal, Venezuela",VE,VE25,31959,10.5,-66.9167,-938457,4,"Caracas, Distrito Federal, Venezuela",VE,VE25,31959,10.5,-66.9167,-938457,20261008013000,https://www.abc.net.au/news/2026-10-08/torture-charges-expected-for-nicol%C3%A1s-maduro/107241718
1326845013,20261008,202610,2026,2026.7616,,,,,,,,,,,idg,INDIGENOUS,,,idg,,,,,,1,042,042,04,1,1.9,10,1,10,1.78571428571429,0,,,,,,,,0,,,,,,,,0,,,,,,,,20261008013000,https://classic107.com/articles/oshkagoojin-indigenous-theatre-for-youth-hosts-rising-voices-free-workshops
1326845014,20261008,202610,2026,2026.7616,,,,,,,,,,,mun,MUNDA,,,mun,,,,,,0,042,042,04,1,1.9,1,1,1,-1.73638078331299,0,,,,,,,,4,"Ranchi, Jharkhand, India",IN,IN38,17622,23.35,85.3333,-2109068,4,"Ranchi, Jharkhand, India",IN,IN38,17622,23.35,85.3333,-2109068,20261008013000,https://indiankanoon.org/doc/112239434/
1326845015,20261008,202610,2026,2026.7616,,,,,,,,,,,mun,MUNDA,,,mun,,,,,,0,042,042,04,1,1.9,3,1,3,-1.73638078331299,0,,,,,,,,4,"Shiv, Rajasthan, India",IN,IN24,17848,26.1833,71.25,-2111141,4,"Shiv, Rajasthan, India",IN,IN24,17848,26.1833,71.25,-2111141,20261008013000,https://indiankanoon.org/doc/112239434/
1326845016,20261008,202610,2026,2026.7616,AFR,AFRICA,AFR,,,,,,,,,,,,,,,,,,1,020,020,02,1,3.0,10,1,10,6.26702997275205,4,"Labadi, Ghana (general), Ghana",GH,GH00,190655,5.55425,-0.16674,-2075550,0,,,,,,,,4,"Labadi, Ghana (general), Ghana",GH,GH00,190655,5.55425,-0.16674,-2075550,20261008013000,https://punchng.com/african-firms-urged-to-prioritise-workplace-safety/
1326845017,20261008,202610,2026,2026.7616,AUS,NEW SOUTH WALES,AUS,,,,,,,,,,,,,,,,,,0,012,012,01,1,-0.4,8,1,8,-0.38910505836576,4,"Mount Pleasant, South Australia, Australia",AS,AS05,5287,-34.7749,139.049,-1589481,0,,,,,,,,4,"Mount Pleasant, South Australia, Australia",AS,AS05,5287,-34.7749,139.049,-1589481,20261008013000,https://www.miragenews.com/tania-constable-speaks-with-news24s-alex-thomas-1756671/
1326845018,20261008,202610,2026,2026.7616,AUS,AUSTRALIA,AUS,,,,,,,,,,,,,,,,,,0,020,020,02,1,3.0,4,1,4,-0.38910505836576,4,"Mount Pleasant, South Australia, Australia",AS,AS05,5287,-34.7749,139.049,-1589481,0,,,,,,,,4,"Mount Pleasant, South Australia, Australia",AS,AS05,5287,-34.7749,139.049,-1589481,20261008013000,https://www.miragenews.com/tania-constable-speaks-with-news24s-alex-thomas-1756671/
1326845019,20261008,202610,2026,2026.7616,AUS,AUSTRALIAN,AUS,,,,,,,,,,,,,,,,,,0,036,036,03,1,4.0,7,1,7,-1.35478408128705,4,"Melbourne, Victoria, Australia",AS,AS07,5430,-37.8167,144.967,-1586844,0,,,,,,,,4,"Melbourne, Victoria, Australia",AS,AS07,5430,-37.8167,144.967,-1586844,20261008013000,https://www.watoday.com.au/culture/musicals/this-musical-is-so-good-someone-saw-it-327-times-now-it-s-coming-to-australia-20261008-p60p9c.html
1326845020,20261008,202610,2026,2026.7616,AUS,AUSTRALIAN,AUS,,,,,,,,,,,,,,,,,,0,036,036,03,1,4.0,1,1,1,-1.35478408128705,4,"London, London, City of, United Kingdom",UK,UKH9,40110,51.5,-0.116667,-2601889,0,,,,,,,,4,"London, London, City of, United Kingdom",UK,UKH9,40110,51.5,-0.116667,-2601889,20261008013000,https://www.watoday.com.au/culture/musicals/this-musical-is-so-good-someone-saw-it-327-times-now-it-s-coming-to-australia-20261008-p60p9c.html
1326845021,20261008,202610,2026,2026.7616,AUS,AUSTRALIA,AUS,,,,,,,,,,,,,,,,,,1,040,040,04,1,1.0,2,1,2,0.16708437761069,4,"Kandos, New South Wales, Australia",AS,AS02,5096,-32.8577,149.968,-1580828,0,,,,,,,,4,"Kandos, New South Wales, Australia",AS,AS02,5096,-32.8577,149.968,-1580828,20261008013000,https://www.mudgeeguardian.com.au/story/9364673/bowdens-silver-lue-mine-hearing-extended-amid-housing-fears/
1326845022,20261008,202610,2026,2026.7616,AUS,AUSTRALIAN,AUS,,,,,,,,,,,,,,,,,,1,042,042,04,1,1.9,4,1,2,-1.35478408128705,4,"London, London, City of, United Kingdom",UK,UKH9,40110,51.5,-0.116667,-2601889,0,,,,,,,,4,"London, London, City of, United Kingdom",UK,UKH9,40110,51.5,-0.116667,-2601889,20261008013000,https://www.watoday.com.au/culture/musicals/this-musical-is-so-good-someone-saw-it-327-times-now-it-s-coming-to-australia-20261008-p60p9c.html
1326845023,20261008,202610,2026,2026.7616,AUS,AUSTRALIA,AUS,,,,,,,,,,,,,,,,,,0,046,046,04,1,7.0,8,1,4,0.16708437761069,4,"Adelaide, South Australia, Australia",AS,AS05,5256,-34.9333,138.6,-1555188,0,,,,,,,,4,"Adelaide, South Australia, Australia",AS,AS05,5256,-34.9333,138.6,-1555188,20261008013000,https://www.mudgeeguardian.com.au/story/9364673/bowdens-silver-lue-mine-hearing-extended-amid-housing-fears/
1326845024,20261008,202610,2026,2026.7616,AUS,ADELAIDE,AUS,,,,,,,,,,,,,,,,,,1,084,084,08,2,7.0,9,1,9,-4.67289719626168,4,"Adelaide, South Australia, Australia",AS,AS05,5256,-34.9333,138.6,-1555188,0,,,,,,,,4,"Adelaide, South Australia, Australia",AS,AS05,5256,-34.9333,138.6,-1555188,20261008013000,https://www.abc.net.au/news/2026-10-08/first-images-of-snowtown-murderer-james-vlassakis/107242384
1326845025,20261008,202610,2026,2026.7616,AUS,AUSTRALIA,AUS,,,,,,,,,,,,,,,,,,1,084,084,08,2,7.0,8,1,8,-4.67289719626168,4,"Snowtown, South Australia, Australia",AS,AS05,5318,-33.7808,138.218,-1601049,0,,,,,,,,4,"Adelaide, South Australia, Australia",AS,AS05,5256,-34.9333,138.6,-1555188,20261008013000,https://www.abc.net.au/news/2026-10-08/first-images-of-snowtown-murderer-james-vlassakis/107242384
1326845026,20261008,202610,2026,2026.7616,AUS,AUSTRALIA,AUS,,,,,,,,,,,,,,,,,,0,090,090,09,2,-2.0,4,1,4,0.16708437761069,4,"Kandos, New South Wales, Australia",AS,AS02,5096,-32.8577,149.968,-1580828,0,,,,,,,,4,"Kandos, New South Wales, Australia",AS,AS02,5096,-32.8577,149.968,-1580828,20261008013000,https://www.mudgeeguardian.com.au/story/9364673/bowdens-silver-lue-mine-hearing-extended-amid-housing-fears/
1326845027,20261008,202610,2026,2026.7616,AUS,AUSTRALIA,AUS,,,,,,,,,,,,,,,,,,0,090,090,09,2,-2.0,4,1,4,-1.35478408128705,4,"Melbourne, Victoria, Australia",AS,AS07,5430,-37.8167,144.967,-1586844,0,,,,,,,,4,"Melbourne, Victoria, Australia",AS,AS07,5430,-37.8167,144.967,-1586844,20261008013000,https://www.watoday.com.au/culture/musicals/this-musical-is-so-good-someone-saw-it-327-times-now-it-s-coming-to-australia-20261008-p60p9c.html
1326845028,20261008,202610,2026,2026.7616,AUS,SOUTH AUSTRALIA,AUS,,,,,,,,,,,,,,,,,,0,120,120,12,3,-4.0,5,1,5,0.16708437761069,4,"Adelaide, South Australia, Australia",AS,AS05,5256,-34.9333,138.6,-1555188,0,,,,,,,,4,"Adelaide, South Australia, Australia",AS,AS05,5256,-34.9333,138.6,-1555188,20261008013000,https://www.mudgeeguardian.com.au/story/9364673/bowdens-silver-lue-mine-hearing-extended-amid-housing-fears/
1326845029,20261008,202610,2026,2026.7616,AUS,AUSTRALIA,AUS,,,,,,,,,,,,,,,,,,0,128,128,12,3,-5.0,4,1,4,-0.51546391752577,1,Australia,AS,AS,,-25,135,AS,0,,,,,,,,1,Australia,AS,AS,,-25,135,AS,20261008013000,https://channellife.com.au/story/actu-calls-for-ai-rules-after-openai-agent-hits-medicare
1326845030,20261008,202610,2026,2026.7616,AUS,AUSTRALIA,AUS,,,,,,,,,,,,,,,,,,0,173,173,17,4,-5.0,2,1,2,-4.67289719626168,4,"Adelaide, South Australia, Australia",AS,AS05,5256,-34.9333,138.6,-1555188,0,,,,,,,,4,"Adelaide, South Australia, Australia",AS,AS05,5256,-34.9333,138.6,-1555188,20261008013000,https://www.abc.net.au/news/2026-10-08/first-images-of-snowtown-murderer-james-vlassakis/107242384
1326845031,20261008,202610,2026,2026.7616,AUS,AUSTRALIA,AUS,,,,,,,,,,,,,,,,,,0,173,173,17,4,-5.0,2,1,2,-4.67289719626168,4,"Adelaide, South Australia, Australia",AS,AS05,5256,-34.9333,138.6,-1555188,0,,,,,,,,4,"Snowtown, South Australia, Australia",AS,AS05,5318,-33.7808,138.218,-1601049,20261008013000,https://www.abc.net.au/news/2026-10-08/first-images-of-snowtown-murderer-james-vlassakis/107242384
1326845032,20261008,202610,2026,2026.7616,AUS,AUSTRALIA,AUS,,,,,,,,,,,,,,,,,,1,180,180,18,4,-9.0,4,1,4,-10.1694915254237,4,"Sydney, New South Wales, Australia",AS,AS02,154637,-33.8833,151.217,-1603135,0,,,,,,,,4,"Sydney, New South Wales, Australia",AS,AS02,154637,-33.8833,151.217,-1603135,20261008013000,https://www.abc.net.au/news/2026-10-08/mick-mundine-arrest-redfern-child-sex-assault-allegation/107242280
1326845033,20261008,202610,2026,2026.7616,AUS,AUSTRALIA,AUS,,,,,,,,,,,,,,,,,,1,190,190,19,4,-10.0,8,1,8,-4.67289719626168,4,"Snowtown, South Australia, Australia",AS,AS05,5318,-33.7808,138.218,-1601049,0,,,,,,,,4,"Snowtown, South Australia, Australia",AS,AS05,5318,-33.7808,138.218,-1601049,20261008013000,https://www.abc.net.au/news/2026-10-08/first-images-of-snowtown-murderer-james-vlassakis/107242384
1326845034,20261008,202610,2026,2026.7616,AUS,AUSTRALIA,AUS,,,,,,,,AUSLAB,AUSTRALIA,AUS,,,,,LAB,,,0,120,120,12,3,-4.0,4,1,4,-0.32051282051282,1,Australia,AS,AS,,-25,135,AS,1,Australia,AS,AS,,-25,135,AS,1,Australia,AS,AS,,-25,135,AS,20261008013000,https://channellife.com.au/story/middle-managers-want-humans-in-ai-security-decisions
1326845035,20261008,202610,2026,2026.7616,AUS,ADELAIDE,AUS,,,,,,,,COP,PRISON,,,,,,COP,,,1,0841,084,08,2,7.0,8,1,8,-4.67289719626168,4,"Adelaide, South Australia, Australia",AS,AS05,5256,-34.9333,138.6,-1555188,4,"Yatala, Queensland, Australia",AS,AS04,5232,-27.7167,153.217,-1611787,4,"Adelaide, South Australia, Australia",AS,AS05,5256,-34.9333,138.6,-1555188,20261008013000,https://www.abc.net.au/news/2026-10-08/first-images-of-snowtown-murderer-james-vlassakis/107242384
1326845036,20261008,202610,2026,2026.7616,AUS,SYDNEY,AUS,,,,,,,,COP,DETECTIVE,,,,,,COP,,,1,173,173,17,4,-5.0,8,1,8,-10.1694915254237,4,"Sydney, New South Wales, Australia",AS,AS02,154637,-33.8833,151.217,-1603135,4,"Sydney, New South Wales, Australia",AS,AS02,154637,-33.8833,151.217,-1603135,4,"Sydney, New South Wales, Australia",AS,AS02,154637,-33.8833,151.217,-1603135,20261008013000,https://www.abc.net.au/news/2026-10-08/mick-mundine-arrest-redfern-child-sex-assault-allegation/107242280
1326845037,20261008,202610,2026,2026.7616,AUS,AUSTRALIA,AUS,,,,,,,,GOV,GOVERNMENT,,,,,,GOV,,,0,010,010,01,1,0.0,4,1,4,-0.51546391752577,1,Australia,AS,AS,,-25,135,AS,1,Australia,AS,AS,,-25,135,AS,1,Australia,AS,AS,,-25,135,AS,20261008013000,https://channellife.com.au/story/actu-calls-for-ai-rules-after-openai-agent-hits-medicare
1326845038,20261008,202610,2026,2026.7616,AUS,AUSTRALIA,AUS,,,,,,,,GOVBUS,INDUSTRY MINIST,,,,,,GOV,BUS,,1,040,040,04,1,1.0,3,1,3,0.65717415115005,4,"Canberra, Australian Capital Territory, Australia",AS,AS01,4940,-35.2833,149.217,-1563952,4,"Canberra, Australian Capital Territory, Australia",AS,AS01,4940,-35.2833,149.217,-1563952,4,"Canberra, Australian Capital Territory, Australia",AS,AS01,4940,-35.2833,149.217,-1563952,20261008013000,https://www.miragenews.com/tania-constable-interview-with-abc-tv-news-1756670/
1326845039,20261008,202610,2026,2026.7616,AUS,AUSTRALIA,AUS,,,,,,,,HLH,HOSPITAL,,,,,,HLH,,,1,042,042,04,1,1.9,4,1,4,-4.56273764258555,4,"Truganina, Victoria, Australia",AS,AS07,5429,-37.8167,144.75,-1605750,4,"Truganina, Victoria, Australia",AS,AS07,5429,-37.8167,144.75,-1605750,4,"Truganina, Victoria, Australia",AS,AS07,5429,-37.8167,144.75,-1605750,20261008013000,https://www.abc.net.au/news/2026-10-08/taylors-hill-firebombing-teen-took-orders-middlemen/107241702
1326845040,20261008,202610,2026,2026.7616,AUS,AUSTRALIAN,AUS,,,,,,,,SPY,INTELLIGENCE,,,,,,SPY,,,1,010,010,01,1,0.0,10,1,10,-0.51546391752577,1,Australia,AS,AS,,-25,135,AS,1,Australia,AS,AS,,-25,135,AS,1,Australia,AS,AS,,-25,135,AS,20261008013000,https://channellife.com.au/story/actu-calls-for-ai-rules-after-openai-agent-hits-medicare
1326845041,20261008,202610,2026,2026.7616,AUS,AUSTRALIAN,AUS,,,,,,,,SPY,INTELLIGENCE,,,,,,SPY,,,1,020,020,02,1,3.0,10,1,10,-0.51546391752577,1,Australia,AS,AS,,-25,135,AS,1,Australia,AS,AS,,-25,135,AS,1,Australia,AS,AS,,-25,135,AS,20261008013000,https://channellife.com.au/story/actu-calls-for-ai-rules-after-openai-agent-hits-medicare
1326845042,20261008,202610,2026,2026.7616,AUS,AUSTRALIAN,AUS,,,,,,,,SPY,INTELLIGENCE,,,,,,SPY,,,1,128,128,12,3,-5.0,10,1,10,-0.51546391752577,1,Australia,AS,AS,,-25,135,AS,1,Australia,AS,AS,,-25,135,AS,1,Australia,AS,AS,,-25,135,AS,20261008013000,https://channellife.com.au/story/actu-calls-for-ai-rules-after-openai-agent-hits-medicare
1326845043,20261008,202610,2026,2026.7616,AUSCRM,AUSTRALIA,AUS,,,,,CRM,,,AUS,AUSTRALIA,AUS,,,,,,,,1,084,084,08,2,7.0,7,1,7,-4.67289719626168,4,"Adelaide, South Australia, Australia",AS,AS05,5256,-34.9333,138.6,-1555188,4,"Adelaide, South Australia, Australia",AS,AS05,5256,-34.9333,138.6,-1555188,4,"Adelaide, South Australia, Australia",AS,AS05,5256,-34.9333,138.6,-1555188,20261008013000,https://www.abc.net.au/news/2026-10-08/first-images-of-snowtown-murderer-james-vlassakis/107242384
1326845044,20261008,202610,2026,2026.7616,AUSGOV,AUSTRALIA,AUS,,,,,GOV,,,,,,,,,,,,,0,010,010,01,1,0.0,1,1,1,0.16708437761069,4,"Adelaide, South Australia, Australia",AS,AS05,5256,-34.9333,138.6,-1555188,0,,,,,,,,4,"Adelaide, South Australia, Australia",AS,AS05,5256,-34.9333,138.6,-1555188,20261008013000,https://www.mudgeeguardian.com.au/story/9364673/bowdens-silver-lue-mine-hearing-extended-amid-housing-fears/
1326845045,20261008,202610,2026,2026.7616,AUSGOV,AUSTRALIA,AUS,,,,,GOV,,,,,,,,,,,,,0,010,010,01,1,0.0,1,1,1,0.16708437761069,4,"Kandos, New South Wales, Australia",AS,AS02,5096,-32.8577,149.968,-1580828,0,,,,,,,,4,"Kandos, New South Wales, Australia",AS,AS02,5096,-32.8577,149.968,-1580828,20261008013000,https://www.mudgeeguardian.com.au/story/9364673/bowdens-silver-lue-mine-hearing-extended-amid-housing-fears/
1326845046,20261008,202610,2026,2026.7616,AUSGOV,AUSTRALIA,AUS,,,,,GOV,,,,,,,,,,,,,0,015,015,01,1,0.0,2,1,2,0.16708437761069,4,"Kandos, New South Wales, Australia",AS,AS02,5096,-32.8577,149.968,-1580828,0,,,,,,,,4,"Kandos, New South Wales, Australia",AS,AS02,5096,-32.8577,149.968,-1580828,20261008013000,https://www.mudgeeguardian.com.au/story/9364673/bowdens-silver-lue-mine-hearing-extended-amid-housing-fears/
1326845047,20261008,202610,2026,2026.7616,AUSGOV,TASMANIA,AUS,,,,,GOV,,,GOVHLH,HEALTH DEPARTMENT,,,,,,GOV,HLH,,1,051,051,05,1,3.4,10,1,10,2.66272189349113,0,,,,,,,,0,,,,,,,,0,,,,,,,,20261008013000,https://www.abc.net.au/news/2026-10-08/mental-health-beds-back-in-november-tas-govt-says/107237104
1326845048,20261008,202610,2026,2026.7616,AUSLAB,AUSTRALIAN,AUS,,,,,LAB,,,,,,,,,,,,,0,120,120,12,3,-4.0,6,1,6,-0.32051282051282,1,Australia,AS,AS,,-25,135,AS,0,,,,,,,,1,Australia,AS,AS,,-25,135,AS,20261008013000,https://channellife.com.au/story/middle-managers-want-humans-in-ai-security-decisions
1326845049,20261008,202610,2026,2026.7616,BFA,BURKINA FASO,BFA,,,,,,,,IRN,IRAN,IRN,,,,,,,,0,110,110,11,3,-2.0,2,1,2,-1.95439739413681,1,Burkina Faso,UV,UV,,13,-2,UV,1,Iran,IR,IR,,32,53,IR,1,Burkina Faso,UV,UV,,13,-2,UV,20261008013000,http://www.caribbeanherald.com/news/279358323/opening-its-general-debate-first-committee-spotlights-growing-nuclear-risk-illegal-firearms-proliferation-importance-of-nuclear-weapons-free-zones
1326845050,20261008,202610,2026,2026.7616,BFA,BURKINA FASO,BFA,,,,,,,,IRN,IRAN,IRN,,,,,,,,0,110,110,11,3,-2.0,1,1,1,-1.95439739413681,1,Burkina Faso,UV,UV,,13,-2,UV,1,South Korea,KS,KS,,37,127.5,KS,1,Burkina Faso,UV,UV,,13,-2,UV,20261008013000,http://www.caribbeanherald.com/news/279358323/opening-its-general-debate-first-committee-spotlights-growing-nuclear-risk-illegal-firearms-proliferation-importance-of-nuclear-weapons-free-zones
1326845051,20261008,202610,2026,2026.7616,BFA,BURKINA FASO,BFA,,,,,,,,KOR,SOUTH KOREA,KOR,,,,,,,,0,110,110,11,3,-2.0,2,1,2,-1.95439739413681,1,Burkina Faso,UV,UV,,13,-2,UV,1,Iran,IR,IR,,32,53,IR,1,Burkina Faso,UV,UV,,13,-2,UV,20261008013000,http://www.caribbeanherald.com/news/279358323/opening-its-general-debate-first-committee-spotlights-growing-nuclear-risk-illegal-firearms-proliferation-importance-of-nuclear-weapons-free-zones
1326845052,20261008,202610,2026,2026.7616,BFA,BURKINA FASO,BFA,,,,,,,,KOR,REPUBLIC OF KOREA,KOR,,,,,,,,0,110,110,11,3,-2.0,5,1,5,-1.95439739413681,1,Burkina Faso,UV,UV,,13,-2,UV,1,South Korea,KS,KS,,37,127.5,KS,1,Burkina Faso,UV,UV,,13,-2,UV,20261008013000,http://www.caribbeanherald.com/news/279358323/opening-its-general-debate-first-committee-spotlights-growing-nuclear-risk-illegal-firearms-proliferation-importance-of-nuclear-weapons-free-zones
1326845053,20261008,202610,2026,2026.7616,BHR,BAHRAIN,BHR,,,,,,,,,,,,,,,,,,0,051,051,05,1,3.4,4,1,4,-1.95439739413681,1,Bahrain,BA,BA,,26,50.5,BA,0,,,,,,,,1,Bahrain,BA,BA,,26,50.5,BA,20261008013000,http://www.caribbeanherald.com/news/279358323/opening-its-general-debate-first-committee-spotlights-growing-nuclear-risk-illegal-firearms-proliferation-importance-of-nuclear-weapons-free-zones
1326845054,20261008,202610,2026,2026.7616,BHR,BAHRAIN,BHR,,,,,,,,,,,,,,,,,,0,051,051,05,1,3.4,1,1,1,-1.95439739413681,1,Iran,IR,IR,,32,53,IR,0,,,,,,,,1,Bahrain,BA,BA,,26,50.5,BA,20261008013000,http://www.caribbeanherald.com/news/279358323/opening-its-general-debate-first-committee-spotlights-growing-nuclear-risk-illegal-firearms-proliferation-importance-of-nuclear-weapons-free-zones
1326845055,20261008,202610,2026,2026.7616,BUS,BANK,,,,,,BUS,,,,,,,,,,,,,1,010,010,01,1,0.0,5,1,5,4.92700729927007,4,"Beijing, Beijing, China",CH,CH22,13001,39.9289,116.388,-1898541,0,,,,,,,,4,"Beijing, Beijing, China",CH,CH22,13001,39.9289,116.388,-1898541,20261008013000,https://investinglive.com/stock-market-update/cicc-sees-strong-a-share-start-after-golden-week-three-reasons-for-optimism/
1326845056,20261008,202610,2026,2026.7616,BUS,COMPANY,,,,,,BUS,,,,,,,,,,,,,0,010,010,01,1,0.0,5,1,5,-1.44927536231884,4,"Kamloops, British Columbia, Canada",CA,CA02,12566,50.6667,-120.333,-566975,0,,,,,,,,4,"Kamloops, British Columbia, Canada",CA,CA02,12566,50.6667,-120.333,-566975,20261008013000,https://www.finanznachrichten.de/nachrichten-2026-10/69782579-axion-minerals-corp-axion-minerals-corp-closes-flow-through-private-placement-296.htm
1326845057,20261008,202610,2026,2026.7616,BUS,COMPANY,,,,,,BUS,,,,,,,,,,,,,0,010,010,01,1,0.0,5,1,5,-0.97592713077424,3,"Manhattan, New York, United States",US,USNY,NY061,40.7834,-73.9662,971945,0,,,,,,,,3,"Manhattan, New York, United States",US,USNY,NY061,40.7834,-73.9662,971945,20261008013000,https://gizmodo.com/ray-ban-meta-gen-3-ai-glasses-review-2000822961
1326845058,20261008,202610,2026,2026.7616,BUS,COMPANIES,,,,,,BUS,,,,,,,,,,,,,1,010,010,01,1,0.0,10,1,10,-0.51546391752577,1,Australia,AS,AS,,-25,135,AS,0,,,,,,,,1,Australia,AS,AS,,-25,135,AS,20261008013000,https://channellife.com.au/story/actu-calls-for-ai-rules-after-openai-agent-hits-medicare
1326845059,20261008,202610,2026,2026.7616,BUS,INDUSTRY,,,,,,BUS,,,,,,,,,,,,,0,010,010,01,1,0.0,10,1,10,-7.32113144758736,2,"Colorado, United States",US,USCO,,39.0646,-105.327,CO,0,,,,,,,,2,"Colorado, United States",US,USCO,,39.0646,-105.327,CO,20261008013000,https://krdo.com/news/13-investigations/2026/10/07/krdo13-investigates-colorado-springs-dentist-on-probation-dental-offices-not-routinely-inspected-for-infection-control/
1326845060,20261008,202610,2026,2026.7616,BUS,TANKER,,,,,,BUS,,,,,,,,,,,,,1,010,010,01,1,0.0,5,1,5,-4.36137071651091,1,India,IN,IN,,20,77,IN,0,,,,,,,,1,India,IN,IN,,20,77,IN,20261008013000,https://economictimes.indiatimes.com/news/defence/tankers-attacks-in-hormuz-hit-highest-of-any-week-since-start-of-us-iran-war/articleshow/134777269.cms
1326845061,20261008,202610,2026,2026.7616,BUS,INDUSTRY,,,,,,BUS,,,,,,,,,,,,,1,012,012,01,1,-0.4,5,1,5,-0.97087378640776,4,"Pune, Maharashtra, India",IN,IN16,70178,18.5333,73.8667,-2108361,0,,,,,,,,4,"Pune, Maharashtra, India",IN,IN16,70178,18.5333,73.8667,-2108361,20261008013000,https://www.livemint.com/industry/energy/india-battery-energy-storage-systems-bess-for-wind-solar-power-11791365673898.html
1326845062,20261008,202610,2026,2026.7616,BUS,BUSINESS,,,,,,BUS,,,,,,,,,,,,,0,013,013,01,1,0.4,6,1,6,2.00210748155954,2,"California, United States",US,USCA,,36.17,-119.746,CA,0,,,,,,,,2,"California, United States",US,USCA,,36.17,-119.746,CA,20261008013000,https://midmichigannow.com/news/local/makin-bacon-owner-looking-to-sell-business-keep-local-favorite-going
1326845063,20261008,202610,2026,2026.7616,BUS,COMPANIES,,,,,,BUS,,,,,,,,,,,,,0,020,020,02,1,3.0,5,1,5,0.79286422200198,2,"Florida, United States",US,USFL,,27.8333,-81.717,FL,0,,,,,,,,2,"Florida, United States",US,USFL,,27.8333,-81.717,FL,20261008013000,https://www.theglobeandmail.com/business/article-the-logic-behind-emeras-143-billion-acquisition-of-canadian-utilities/
1326845064,20261008,202610,2026,2026.7616,BUS,COMPANIES,,,,,,BUS,,,,,,,,,,,,,1,020,020,02,1,3.0,10,1,10,2.02247191011236,1,India,IN,IN,,20,77,IN,0,,,,,,,,1,India,IN,IN,,20,77,IN,20261008013000,https://www.livemint.com/companies/lava-optiemus-among-firms-eyeing-smartphone-brand-incentives-11791367724039.html
1326845065,20261008,202610,2026,2026.7616,BUS,COMPANY,,,,,,BUS,,,,,,,,,,,,,1,030,030,03,1,4.0,10,1,10,-1.44927536231884,4,"Kamloops, British Columbia, Canada",CA,CA02,12566,50.6667,-120.333,-566975,0,,,,,,,,4,"Kamloops, British Columbia, Canada",CA,CA02,12566,50.6667,-120.333,-566975,20261008013000,https://www.finanznachrichten.de/nachrichten-2026-10/69782579-axion-minerals-corp-axion-minerals-corp-closes-flow-through-private-placement-296.htm
1326845066,20261008,202610,2026,2026.7616,BUS,INDUSTRY,,,,,,BUS,,,,,,,,,,,,,1,0311,031,03,1,5.2,2,1,2,1.81268882175227,4,"Mumbai, Maharashtra, India",IN,IN16,70184,18.975,72.8258,-2092174,0,,,,,,,,4,"Mumbai, Maharashtra, India",IN,IN16,70184,18.975,72.8258,-2092174,20261008013000,https://economictimes.indiatimes.com/markets/stocks/news/what-will-happen-to-economy-if-india-us-fta-doesnt-happen-rbi-governor-reveals/articleshow/134777246.cms
1326845067,20261008,202610,2026,2026.7616,BUS,INDUSTRY,,,,,,BUS,,,,,,,,,,,,,1,0311,031,03,1,5.2,2,1,2,1.81268882175227,4,"Mumbai, Maharashtra, India",IN,IN16,70184,18.975,72.8258,-2092174,0,,,,,,,,1,New Zealand,NZ,NZ,,-42,174,NZ,20261008013000,https://economictimes.indiatimes.com/markets/stocks/news/what-will-happen-to-economy-if-india-us-fta-doesnt-happen-rbi-governor-reveals/articleshow/134777246.cms
1326845068,20261008,202610,2026,2026.7616,BUS,INDUSTRY,,,,,,BUS,,,,,,,,,,,,,1,0311,031,03,1,5.2,6,1,6,1.81268882175227,1,United Kingdom,UK,UK,,54,-4,UK,0,,,,,,,,1,New Zealand,NZ,NZ,,-42,174,NZ,20261008013000,https://economictimes.indiatimes.com/markets/stocks/news/what-will-happen-to-economy-if-india-us-fta-doesnt-happen-rbi-governor-reveals/articleshow/134777246.cms
1326845069,20261008,202610,2026,2026.7616,BUS,COMPANY,,,,,,BUS,,,,,,,,,,,,,0,090,090,09,2,-2.0,5,1,5,1.93003618817852,3,"San Francisco, California, United States",US,USCA,CA075,37.7749,-122.419,277593,0,,,,,,,,3,"San Francisco, California, United States",US,USCA,,37.7749,-122.419,277593,20261008013000,https://www.pcmag.com/news/microsoft-rtx-spark-mobile-laptop-preorders-begin-why-theyre-expensive
1326845070,20261008,202610,2026,2026.7616,BUS,COMPANIES,,,,,,BUS,,,,,,,,,,,,,1,090,090,09,2,-2.0,5,1,5,-8.48708487084871,1,United States,US,US,,39.828175,-98.5795,US,0,,,,,,,,1,United States,US,US,,39.828175,-98.5795,US,20261008013000,https://investinglive.com/commodities/chevron-and-shell-shut-in-output-at-nine-us-gulf-facilities-as-storm-isaias-nears/
1326845071,20261008,202610,2026,2026.7616,BUS,COMPANIES,,,,,,BUS,,,,,,,,,,,,,1,111,111,11,3,-2.0,10,1,10,2.02247191011236,1,India,IN,IN,,20,77,IN,0,,,,,,,,1,India,IN,IN,,20,77,IN,20261008013000,https://www.livemint.com/companies/lava-optiemus-among-firms-eyeing-smartphone-brand-incentives-11791367724039.html
1326845072,20261008,202610,2026,2026.7616,BUS,AUTOMAKER,,,,,,BUS,,,,,,,,,,,,,0,111,111,11,3,-2.0,10,1,10,0.83979328165374,1,Japan,JA,JA,,36,138,JA,0,,,,,,,,1,Japan,JA,JA,,36,138,JA,20261008013000,https://carbuzz.com/honda-overtakes-mazda-satisfaction-index/
1326845073,20261008,202610,2026,2026.7616,BUS,BOSS,,,,,,BUS,,,,,,,,,,,,,1,190,190,19,4,-10.0,5,1,5,4.94699646643109,2,"Minnesota, United States",US,USMN,,45.7326,-93.9196,MN,0,,,,,,,,2,"Minnesota, United States",US,USMN,,45.7326,-93.9196,MN,20261008013000,https://www.fox9.com/news/bair-hugger-warming-system-wins-2026-coolest-thing-made-minnesota
1326845074,20261008,202610,2026,2026.7616,BUS,COMPANY,,,,,,BUS,,,,,,,,,,,,,0,192,192,19,4,-9.5,10,1,10,0.81967213114754,0,,,,,,,,0,,,,,,,,0,,,,,,,,20261008013000,https://ventureburn.com/stuut-raises-52-5m-ai-order-to-cash-platform/
1326845075,20261008,202610,2026,2026.7616,BUS,COMPANY,,,,,,BUS,,,AUS,AUSTRALIA,AUS,,,,,,,,1,036,036,03,1,4.0,10,1,10,-1.51515151515151,1,Australia,AS,AS,,-25,135,AS,1,Australia,AS,AS,,-25,135,AS,1,Australia,AS,AS,,-25,135,AS,20261008013000,https://www.theguardian.com/australia-news/2026/oct/08/ai-datacentre-firmus-slash-valuation-before-asx-listing
1326845076,20261008,202610,2026,2026.7616,BUS,COMPANY,,,,,,BUS,,,AUS,AUSTRALIA,AUS,,,,,,,,1,080,080,08,2,5.0,10,1,10,-1.51515151515151,1,Australia,AS,AS,,-25,135,AS,1,Australia,AS,AS,,-25,135,AS,1,Australia,AS,AS,,-25,135,AS,20261008013000,https://www.theguardian.com/australia-news/2026/oct/08/ai-datacentre-firmus-slash-valuation-before-asx-listing
1326845077,20261008,202610,2026,2026.7616,BUS,BANK,,,,,,BUS,,,EDU,SCHOOL,,,,,,EDU,,,1,0311,031,03,1,5.2,10,1,10,0,0,,,,,,,,0,,,,,,,,0,,,,,,,,20261008013000,https://hartfordbusiness.com/article/ct-green-bank-plans-up-to-2m-investment-offering-tied-to-branford-electric-school-buses/
1326845078,20261008,202610,2026,2026.7616,BUS,COMPANY,,,,,,BUS,,,USA,UNITED STATES,USA,,,,,,,,0,020,020,02,1,3.0,2,1,2,-8.64197530864197,2,"Louisiana, United States",US,USLA,,31.1801,-91.8749,LA,2,"Louisiana, United States",US,USLA,,31.1801,-91.8749,LA,2,"Louisiana, United States",US,USLA,,31.1801,-91.8749,LA,20261008013000,https://www.kalb.com/2026/10/07/pine-prairie-warden-arrested-dwi/
1326845079,20261008,202610,2026,2026.7616,BUS,COMPANY,,,,,,BUS,,,USA,UNITED STATES,USA,,,,,,,,1,0874,087,08,2,10.0,4,1,4,-1.1986301369863,3,"White House, District of Columbia, United States",US,USDC,,38.8951,-77.0364,531871,3,"White House, District of Columbia, United States",US,USDC,,38.8951,-77.0364,531871,3,"White House, District of Columbia, United States",US,USDC,,38.8951,-77.0364,531871,20261008013000,https://www.thedailybeast.com/why-uncle-donald-doesnt-want-to-shake-off-natalie
1326845080,20261008,202610,2026,2026.7616,BUSCVL,COMPANY,,,,,,BUS,CVL,,,,,,,,,,,,1,040,040,04,1,1.0,1,1,1,-3.11004784688995,2,"Florida, United States",US,USFL,,27.8333,-81.717,FL,0,,,,,,,,2,"Florida, United States",US,USFL,,27.8333,-81.717,FL,20261008013000,https://www.rnz.co.nz/news/world/1791103/florida-asks-court-to-force-meta-to-change-facebook-instagram-for-teens
1326845081,20261008,202610,2026,2026.7616,BUSCVL,COMPANY,,,,,,BUS,CVL,,USA,FLORIDA,USA,,,,,,,,1,040,040,04,1,1.0,9,1,9,-3.11004784688995,2,"Florida, United States",US,USFL,,27.8333,-81.717,FL,2,"Florida, United States",US,USFL,,27.8333,-81.717,FL,2,"Florida, United States",US,USFL,,27.8333,-81.717,FL,20261008013000,https://www.rnz.co.nz/news/world/1791103/florida-asks-court-to-force-meta-to-change-facebook-instagram-for-teens
1326845082,20261008,202610,2026,2026.7616,CAN,CANADA,CAN,,,,,,,,,,,,,,,,,,0,013,013,01,1,0.4,1,1,1,-1.42231947483588,4,"Toronto, Ontario, Canada",CA,CA08,12686,43.6667,-79.4167,-574890,0,,,,,,,,1,Norway,NO,NO,,62,10,NO,20261008013000,https://www.wgauradio.com/entertainment/fjord-cristian/5IMKG6E52U6ZHO4Z3I2QWXQ244/
1326845083,20261008,202610,2026,2026.7616,CAN,ALBERTA,CAN,,,,,,,,,,,,,,,,,,0,051,051,05,1,3.4,2,1,2,0.79286422200198,2,"Florida, United States",US,USFL,,27.8333,-81.717,FL,0,,,,,,,,2,"Florida, United States",US,USFL,,27.8333,-81.717,FL,20261008013000,https://www.theglobeandmail.com/business/article-the-logic-behind-emeras-143-billion-acquisition-of-canadian-utilities/
1326845084,20261008,202610,2026,2026.7616,CAN,CANADA,CAN,,,,,,,,,,,,,,,,,,1,060,060,06,2,6.0,20,1,10,-6.21118012422364,4,"Ottawa, Ontario, Canada",CA,CA08,12755,45.4167,-75.7,-570760,0,,,,,,,,4,"Ottawa, Ontario, Canada",CA,CA08,12755,45.4167,-75.7,-570760,20261008013000,https://www.klkntv.com/i/canada-to-indefinitely-bar-assisted-dying-for-people-whose-sole-condition-is-mental-illness/
1326845085,20261008,202610,2026,2026.7616,CAN,CANADA,CAN,,,,,,,,,,,,,,,,,,0,060,060,06,2,6.0,20,1,10,-6.21118012422364,4,"Quebec, Quebec, Canada",CA,CA10,12750,47.5,-72,-571850,0,,,,,,,,4,"Quebec, Quebec, Canada",CA,CA10,12750,47.5,-72,-571850,20261008013000,https://www.klkntv.com/i/canada-to-indefinitely-bar-assisted-dying-for-people-whose-sole-condition-is-mental-illness/
1326845086,20261008,202610,2026,2026.7616,CAN,CANADA,CAN,,,,,,,,,,,,,,,,,,1,172,172,17,4,-5.0,10,1,10,-6.21118012422364,4,"Quebec, Quebec, Canada",CA,CA10,12750,47.5,-72,-571850,0,,,,,,,,4,"Quebec, Quebec, Canada",CA,CA10,12750,47.5,-72,-571850,20261008013000,https://www.klkntv.com/i/canada-to-indefinitely-bar-assisted-dying-for-people-whose-sole-condition-is-mental-illness/
1326845087,20261008,202610,2026,2026.7616,CAN,CANADA,CAN,,,,,,,,,,,,,,,,,,0,173,173,17,4,-5.0,1,1,1,-8.56741573033709,4,"Quebec, Quebec, Canada",CA,CA10,12750,47.5,-72,-571850,0,,,,,,,,4,"Senneville, Quebec, Canada",CA,CA10,12792,45.4333,-73.9667,-573404,20261008013000,https://www.netnewsledger.com/2026/10/07/thunder-bay-man-charged-following-cyber-crime-investigation/
1326845088,20261008,202610,2026,2026.7616,CAN,CANADA,CAN,,,,,,,,,,,,,,,,,,0,173,173,17,4,-5.0,1,1,1,-8.56741573033709,4,"Senneville, Quebec, Canada",CA,CA10,12792,45.4333,-73.9667,-573404,0,,,,,,,,4,"Senneville, Quebec, Canada",CA,CA10,12792,45.4333,-73.9667,-573404,20261008013000,https://www.netnewsledger.com/2026/10/07/thunder-bay-man-charged-following-cyber-crime-investigation/
1326845089,20261008,202610,2026,2026.7616,CAN,CANADA,CAN,,,,,,,,CANJUD,CANADA,CAN,,,,,JUD,,,0,190,190,19,4,-10.0,1,1,1,-8.56741573033709,4,"Quebec, Quebec, Canada",CA,CA10,12750,47.5,-72,-571850,4,"Senneville, Quebec, Canada",CA,CA10,12792,45.4333,-73.9667,-573404,4,"Senneville, Quebec, Canada",CA,CA10,12792,45.4333,-73.9667,-573404,20261008013000,https://www.netnewsledger.com/2026/10/07/thunder-bay-man-charged-following-cyber-crime-investigation/
1326845090,20261008,202610,2026,2026.7616,CAN,CANADA,CAN,,,,,,,,CANJUD,CANADA,CAN,,,,,JUD,,,0,190,190,19,4,-10.0,1,1,1,-8.56741573033709,4,"Senneville, Quebec, Canada",CA,CA10,12792,45.4333,-73.9667,-573404,4,"Senneville, Quebec, Canada",CA,CA10,12792,45.4333,-73.9667,-573404,4,"Senneville, Quebec, Canada",CA,CA10,12792,45.4333,-73.9667,-573404,20261008013000,https://www.netnewsledger.com/2026/10/07/thunder-bay-man-charged-following-cyber-crime-investigation/
1326845091,20261008,202610,2026,2026.7616,CAN,CANADA,CAN,,,,,,,,CANLEG,CANADA,CAN,,,,,LEG,,,0,190,190,19,4,-10.0,2,1,2,0.59101654846336,4,"Ottawa, Ontario, Canada",CA,CA08,12755,45.4167,-75.7,-570760,4,"Ottawa, Ontario, Canada",CA,CA08,12755,45.4167,-75.7,-570760,4,"Ottawa, Ontario, Canada",CA,CA08,12755,45.4167,-75.7,-570760,20261008013000,https://ottawacitizen.com/news/local-news/news-of-the-day-ottawa-study-reverses-autism-symptoms-in-mice-first-step-to-developing-drug-treatment
1326845092,20261008,202610,2026,2026.7616,CAN,CANADA,CAN,,,,,,,,SPY,OPERATIVE,,,,,,SPY,,,0,010,010,01,1,0.0,10,1,10,-8.56741573033709,4,"Senneville, Quebec, Canada",CA,CA10,12792,45.4333,-73.9667,-573404,4,"Senneville, Quebec, Canada",CA,CA10,12792,45.4333,-73.9667,-573404,4,"Senneville, Quebec, Canada",CA,CA10,12792,45.4333,-73.9667,-573404,20261008013000,https://www.netnewsledger.com/2026/10/07/thunder-bay-man-charged-following-cyber-crime-investigation/
1326845093,20261008,202610,2026,2026.7616,CAN,CANADA,CAN,,,,,,,,USA,UNITED STATES,USA,,,,,,,,1,020,020,02,1,3.0,2,1,2,1.19047619047619,1,Canada,CA,CA,,60,-96,CA,1,United States,US,US,,39.828175,-98.5795,US,1,United States,US,US,,39.828175,-98.5795,US,20261008013000,https://asianews.network/singapore-to-deepen-integration-widen-external-ties-as-asean-chair-in-2027-says-foreign-minister/
1326845094,20261008,202610,2026,2026.7616,CAN,CANADA,CAN,,,,,,,,USA,DETROIT,USA,,,,,,,,0,190,190,19,4,-10.0,6,1,4,0.59101654846336,4,"Ottawa, Ontario, Canada",CA,CA08,12755,45.4167,-75.7,-570760,4,"Ottawa, Ontario, Canada",CA,CA08,12755,45.4167,-75.7,-570760,4,"Ottawa, Ontario, Canada",CA,CA08,12755,45.4167,-75.7,-570760,20261008013000,https://ottawacitizen.com/news/local-news/news-of-the-day-ottawa-study-reverses-autism-symptoms-in-mice-first-step-to-developing-drug-treatment
1326845095,20261008,202610,2026,2026.7616,CANCOP,CANADA,CAN,,,,,COP,,,,,,,,,,,,,0,051,051,05,1,3.4,8,1,8,-8.56741573033709,4,"Thunder Bay, Ontario, Canada",CA,CA08,12684,48.4,-89.2333,-574784,0,,,,,,,,4,"Thunder Bay, Ontario, Canada",CA,CA08,12684,48.4,-89.2333,-574784,20261008013000,https://www.netnewsledger.com/2026/10/07/thunder-bay-man-charged-following-cyber-crime-investigation/
1326845096,20261008,202610,2026,2026.7616,CANCOP,CANADA,CAN,,,,,COP,,,CAN,CANADA,CAN,,,,,,,,1,112,112,11,3,-2.0,8,1,8,-8.56741573033709,4,"Thunder Bay, Ontario, Canada",CA,CA08,12684,48.4,-89.2333,-574784,4,"Thunder Bay, Ontario, Canada",CA,CA08,12684,48.4,-89.2333,-574784,4,"Thunder Bay, Ontario, Canada",CA,CA08,12684,48.4,-89.2333,-574784,20261008013000,https://www.netnewsledger.com/2026/10/07/thunder-bay-man-charged-following-cyber-crime-investigation/
1326845097,20261008,202610,2026,2026.7616,CANGOV,CANADA,CAN,,,,,GOV,,,,,,,,,,,,,0,173,173,17,4,-5.0,2,1,2,-8.56741573033709,4,"Quebec, Quebec, Canada",CA,CA10,12750,47.5,-72,-571850,0,,,,,,,,4,"Senneville, Quebec, Canada",CA,CA10,12792,45.4333,-73.9667,-573404,20261008013000,https://www.netnewsledger.com/2026/10/07/thunder-bay-man-charged-following-cyber-crime-investigation/
1326845098,20261008,202610,2026,2026.7616,CANGOV,CANADA,CAN,,,,,GOV,,,CANJUD,CANADA,CAN,,,,,JUD,,,0,190,190,19,4,-10.0,2,1,2,-8.56741573033709,4,"Quebec, Quebec, Canada",CA,CA10,12750,47.5,-72,-571850,4,"Senneville, Quebec, Canada",CA,CA10,12792,45.4333,-73.9667,-573404,4,"Senneville, Quebec, Canada",CA,CA10,12792,45.4333,-73.9667,-573404,20261008013000,https://www.netnewsledger.com/2026/10/07/thunder-bay-man-charged-following-cyber-crime-investigation/
1326845099,20261008,202610,2026,2026.7616,CANGOV,CANADA,CAN,,,,,GOV,,,CVL,COMMUNITY,,,,,,CVL,,,1,014,014,01,1,0.0,2,1,2,-6.21118012422364,4,"Ottawa, Ontario, Canada",CA,CA08,12755,45.4167,-75.7,-570760,4,"Ottawa, Ontario, Canada",CA,CA08,12755,45.4167,-75.7,-570760,4,"Ottawa, Ontario, Canada",CA,CA08,12755,45.4167,-75.7,-570760,20261008013000,https://www.klkntv.com/i/canada-to-indefinitely-bar-assisted-dying-for-people-whose-sole-condition-is-mental-illness/
1326845100,20261008,202610,2026,2026.7616,CANLEG,CANADA,CAN,,,,,LEG,,,CAN,CANADA,CAN,,,,,,,,0,190,190,19,4,-10.0,2,1,2,0.59101654846336,4,"Ottawa, Ontario, Canada",CA,CA08,12755,45.4167,-75.7,-570760,4,"Ottawa, Ontario, Canada",CA,CA08,12755,45.4167,-75.7,-570760,4,"Ottawa, Ontario, Canada",CA,CA08,12755,45.4167,-75.7,-570760,20261008013000,https://ottawacitizen.com/news/local-news/news-of-the-day-ottawa-study-reverses-autism-symptoms-in-mice-first-step-to-developing-drug-treatment
1326845101,20261008,202610,2026,2026.7616,CANLEG,OTTAWA,CAN,,,,,LEG,,,USA,DETROIT,USA,,,,,,,,0,190,190,19,4,-10.0,12,1,6,0.59101654846336,4,"Ottawa, Ontario, Canada",CA,CA08,12755,45.4167,-75.7,-570760,4,"Ottawa, Ontario, Canada",CA,CA08,12755,45.4167,-75.7,-570760,4,"Ottawa, Ontario, Canada",CA,CA08,12755,45.4167,-75.7,-570760,20261008013000,https://ottawacitizen.com/news/local-news/news-of-the-day-ottawa-study-reverses-autism-symptoms-in-mice-first-step-to-developing-drug-treatment
1326845102,20261008,202610,2026,2026.7616,CHE,SWITZERLAND,CHE,,,,,,,,,,,,,,,,,,1,010,010,01,1,0.0,4,1,4,0.78431372549019,4,"Zurich, ZüSZ, Switzerland",SZ,SZ25,26310,47.3667,8.55,-2554935,0,,,,,,,,4,"Zurich, ZüSZ, Switzerland",SZ,SZ25,26310,47.3667,8.55,-2554935,20261008013000,https://www.blackenterprise.com/female-ai-agents-got-paid-less-according-to-new-study/
1326845103,20261008,202610,2026,2026.7616,CHE,SWITZERLAND,CHE,,,,,,,,,,,,,,,,,,1,130,130,13,3,-4.4,4,1,4,0.78431372549019,4,"Zurich, ZüSZ, Switzerland",SZ,SZ25,26310,47.3667,8.55,-2554935,0,,,,,,,,4,"Zurich, ZüSZ, Switzerland",SZ,SZ25,26310,47.3667,8.55,-2554935,20261008013000,https://www.blackenterprise.com/female-ai-agents-got-paid-less-according-to-new-study/
1326845104,20261008,202610,2026,2026.7616,CHN,CHINA,CHN,,,,,,,,,,,,,,,,,,1,012,012,01,1,-0.4,10,1,10,-6.32603406326034,4,"Beijing, Beijing, China",CH,CH22,13001,39.9289,116.388,-1898541,0,,,,,,,,4,"Beijing, Beijing, China",CH,CH22,13001,39.9289,116.388,-1898541,20261008013000,https://asianews.network/china-rebukes-baseless-false-human-rights-accusations-at-un-meeting/
1326845105,20261008,202610,2026,2026.7616,CHN,CHINA,CHN,,,,,,,,,,,,,,,,,,1,013,013,01,1,0.4,4,1,4,-5.27472527472527,4,"Moscow, Moskva, Russia",RS,RS48,25106,55.7522,37.6156,-2960561,0,,,,,,,,4,"Moscow, Moskva, Russia",RS,RS48,25106,55.7522,37.6156,-2960561,20261008013000,https://dunyanews.tv/en/Health/976705-russia-says-plague-institute-workers-death-does-not-risk-an-epidemic
1326845106,20261008,202610,2026,2026.7616,CHN,CHINA,CHN,,,,,,,,,,,,,,,,,,1,111,111,11,3,-2.0,10,1,10,-6.32603406326034,1,Japan,JA,JA,,36,138,JA,0,,,,,,,,1,Japan,JA,JA,,36,138,JA,20261008013000,https://asianews.network/china-rebukes-baseless-false-human-rights-accusations-at-un-meeting/
1326845107,20261008,202610,2026,2026.7616,CHN,CHINA,CHN,,,,,,,,,,,,,,,,,,1,112,112,11,3,-2.0,5,1,5,-6.32603406326034,4,"Beijing, Beijing, China",CH,CH22,13001,39.9289,116.388,-1898541,0,,,,,,,,4,"Beijing, Beijing, China",CH,CH22,13001,39.9289,116.388,-1898541,20261008013000,https://asianews.network/china-rebukes-baseless-false-human-rights-accusations-at-un-meeting/
1326845108,20261008,202610,2026,2026.7616,CHN,CHINA,CHN,,,,,,,,,,,,,,,,,,1,161,161,16,4,-4.0,5,1,5,3.40775558166862,5,"Shaanxi, Shaanxi, China",CH,CH26,13220,36,109,-1924159,0,,,,,,,,5,"Shaanxi, Shaanxi, China",CH,CH26,13220,36,109,-1924159,20261008013000,https://www.globaltimes.cn/page/202610/1371777.shtml
1326845109,20261008,202610,2026,2026.7616,CHN,CHINESE,CHN,,,,,,,,BUS,CHAMBER OF COMMERCE,,,,,,BUS,,,0,051,051,05,1,3.4,10,1,10,5.02215657311669,1,China,CH,CH,,35,105,CH,1,China,CH,CH,,35,105,CH,1,Hong Kong,HK,HK,,22.25,114.166667,HK,20261008013000,https://asianews.network/hong-kong-retains-position-as-the-worlds-freest-economy/
1326845110,20261008,202610,2026,2026.7616,CHN,CHINA,CHN,,,,,,,,BUS,CORPORATION,,,,,,BUS,,,1,080,080,08,2,5.0,5,1,5,4.92700729927007,4,"Beijing, Beijing, China",CH,CH22,13001,39.9289,116.388,-1898541,4,"Beijing, Beijing, China",CH,CH22,13001,39.9289,116.388,-1898541,4,"Beijing, Beijing, China",CH,CH22,13001,39.9289,116.388,-1898541,20261008013000,https://investinglive.com/stock-market-update/cicc-sees-strong-a-share-start-after-golden-week-three-reasons-for-optimism/
1326845111,20261008,202610,2026,2026.7616,CHN,CHINA,CHN,,,,,,,,BUS,CORPORATION,,,,,,BUS,,,1,080,080,08,2,5.0,5,1,5,4.92700729927007,1,Iran,IR,IR,,32,53,IR,1,Iran,IR,IR,,32,53,IR,1,Iran,IR,IR,,32,53,IR,20261008013000,https://investinglive.com/stock-market-update/cicc-sees-strong-a-share-start-after-golden-week-three-reasons-for-optimism/
1326845112,20261008,202610,2026,2026.7616,CHN,CHINA,CHN,,,,,,,,JPN,JAPAN,JPN,,,,,,,,0,110,110,11,3,-2.0,8,1,8,-6.32603406326034,4,"Beijing, Beijing, China",CH,CH22,13001,39.9289,116.388,-1898541,1,Japan,JA,JA,,36,138,JA,4,"Beijing, Beijing, China",CH,CH22,13001,39.9289,116.388,-1898541,20261008013000,https://asianews.network/china-rebukes-baseless-false-human-rights-accusations-at-un-meeting/
1326845113,20261008,202610,2026,2026.7616,CHN,CHINA,CHN,,,,,,,,JPN,JAPAN,JPN,,,,,,,,0,110,110,11,3,-2.0,2,1,2,-6.32603406326034,4,"Beijing, Beijing, China",CH,CH22,13001,39.9289,116.388,-1898541,1,Japan,JA,JA,,36,138,JA,4,"Tianjin, Tianjin, China",CH,CH28,13279,39.1422,117.177,-1928564,20261008013000,https://asianews.network/china-rebukes-baseless-false-human-rights-accusations-at-un-meeting/
1326845114,20261008,202610,2026,2026.7616,CHRCTH,CATHOLIC,,,,CHR,CTH,,,,,,,,,,,,,,1,017,017,01,1,0.0,5,1,5,-5.88235294117647,0,,,,,,,,0,,,,,,,,0,,,,,,,,20261008013000,https://freerepublic.com/focus/f-religion/4398328/posts
1326845115,20261008,202610,2026,2026.7616,CHRCTH,CATHOLIC,,,,CHR,CTH,,,,,,,,,,,,,,1,042,042,04,1,1.9,5,1,5,-5.88235294117647,0,,,,,,,,0,,,,,,,,0,,,,,,,,20261008013000,https://freerepublic.com/focus/f-religion/4398328/posts
1326845116,20261008,202610,2026,2026.7616,COD,DEMOCRATIC REPUBLIC OF CONGO,COD,,,,,,,,UGA,UGANDA,UGA,,,,,,,,1,120,120,12,3,-4.0,2,1,2,-2.58964143426295,1,Congo,CF,CF,,-1,15,CF,1,Congo,CF,CF,,-1,15,CF,1,Uganda,UG,UG,,2,33,UG,20261008013000,https://punchng.com/wbank-naira-proves-more-resilient-than-several-african-currencies/
1326845117,20261008,202610,2026,2026.7616,COD,DEMOCRATIC REPUBLIC OF CONGO,COD,,,,,,,,UGA,UGANDA,UGA,,,,,,,,1,120,120,12,3,-4.0,8,1,8,-2.58964143426295,1,Congo,CF,CF,,-1,15,CF,1,Uganda,UG,UG,,2,33,UG,1,Uganda,UG,UG,,2,33,UG,20261008013000,https://punchng.com/wbank-naira-proves-more-resilient-than-several-african-currencies/
1326845118,20261008,202610,2026,2026.7616,COL,COLOMBIAN,COL,,,,,,,,COLCOP,COLOMBIA,COL,,,,,COP,,,0,042,042,04,1,1.9,4,1,4,0.11574074074074,1,Colombia,CO,CO,,4,-72,CO,1,Colombia,CO,CO,,4,-72,CO,1,Colombia,CO,CO,,4,-72,CO,20261008013000,https://www.livemint.com/news/colombia-seeks-deeper-security-ties-with-india-to-fight-drug-cartels-11791366028228.html
1326845119,20261008,202610,2026,2026.7616,COLCOP,COLOMBIA,COL,,,,,COP,,,COL,COLOMBIAN,COL,,,,,,,,0,043,043,04,1,2.8,4,1,4,0.11574074074074,1,Colombia,CO,CO,,4,-72,CO,1,Colombia,CO,CO,,4,-72,CO,1,Colombia,CO,CO,,4,-72,CO,20261008013000,https://www.livemint.com/news/colombia-seeks-deeper-security-ties-with-india-to-fight-drug-cartels-11791366028228.html
1326845120,20261008,202610,2026,2026.7616,COLCOP,COLOMBIAN,COL,,,,,COP,,,COLCOP,COLOMBIA,COL,,,,,COP,,,0,042,042,04,1,1.9,6,1,6,0.11574074074074,1,Colombia,CO,CO,,4,-72,CO,1,Colombia,CO,CO,,4,-72,CO,1,Colombia,CO,CO,,4,-72,CO,20261008013000,https://www.livemint.com/news/colombia-seeks-deeper-security-ties-with-india-to-fight-drug-cartels-11791366028228.html
1326845121,20261008,202610,2026,2026.7616,COLCOP,COLOMBIA,COL,,,,,COP,,,COLCOP,COLOMBIAN,COL,,,,,COP,,,0,043,043,04,1,2.8,6,1,6,0.11574074074074,1,Colombia,CO,CO,,4,-72,CO,1,Colombia,CO,CO,,4,-72,CO,1,Colombia,CO,CO,,4,-72,CO,20261008013000,https://www.livemint.com/news/colombia-seeks-deeper-security-ties-with-india-to-fight-drug-cartels-11791366028228.html
1326845122,20261008,202610,2026,2026.7616,COP,POLICE,,,,,,COP,,,,,,,,,,,,,1,010,010,01,1,0.0,5,1,5,-8.56741573033709,4,"Thunder Bay, Ontario, Canada",CA,CA08,12684,48.4,-89.2333,-574784,0,,,,,,,,4,"Thunder Bay, Ontario, Canada",CA,CA08,12684,48.4,-89.2333,-574784,20261008013000,https://www.netnewsledger.com/2026/10/07/thunder-bay-man-charged-following-cyber-crime-investigation/
1326845123,20261008,202610,2026,2026.7616,COP,POLICE,,,,,,COP,,,,,,,,,,,,,0,010,010,01,1,0.0,2,1,2,-4.61165048543689,3,"Othello, Washington, United States",US,USWA,WA001,46.826,-119.175,1507216,0,,,,,,,,3,"Othello, Washington, United States",US,USWA,WA001,46.826,-119.175,1507216,20261008013000,https://www.yoursourceone.com/south_sound/columbia_basin/othello-educator-admitted-using-embezzled-teachers-union-funds-to-gamble-at-casinos/article_f7ad1291-2dbf-47ef-a9e5-fda39c224a44.html
1326845124,20261008,202610,2026,2026.7616,COP,POLICE,,,,,,COP,,,,,,,,,,,,,1,010,010,01,1,0.0,10,1,10,-3.40314136125654,3,"Los Angeles, California, United States",US,USCA,CA037,34.0522,-118.244,1662328,0,,,,,,,,3,"Los Angeles, California, United States",US,USCA,,34.0522,-118.244,1662328,20261008013000,https://kesq.com/news/california/2026/10/07/police-find-no-evidence-yet-linking-bullying-to-la-high-school-students-death/
1326845125,20261008,202610,2026,2026.7616,COP,POLICE,,,,,,COP,,,,,,,,,,,,,0,010,010,01,1,0.0,6,1,6,-6.75105485232068,2,"Massachusetts, United States",US,USMA,,42.2373,-71.5314,MA,0,,,,,,,,2,"Massachusetts, United States",US,USMA,,42.2373,-71.5314,MA,20261008013000,https://www.dailymail.com/news/article-16191435/Mom-two-allegedly-stabbed-husband-head-turned-knife-young-children-postpartum-snap-case-chilling-Lindsay-Clancy-echoes.html
1326845126,20261008,202610,2026,2026.7616,COP,POLICE,,,,,,COP,,,,,,,,,,,,,0,012,012,01,1,-0.4,10,1,10,-8.56741573033709,4,"Thunder Bay, Ontario, Canada",CA,CA08,12684,48.4,-89.2333,-574784,0,,,,,,,,4,"Thunder Bay, Ontario, Canada",CA,CA08,12684,48.4,-89.2333,-574784,20261008013000,https://www.netnewsledger.com/2026/10/07/thunder-bay-man-charged-following-cyber-crime-investigation/
1326845127,20261008,202610,2026,2026.7616,COP,POLICE,,,,,,COP,,,,,,,,,,,,,1,014,014,01,1,0.0,10,1,10,-8.86075949367087,0,,,,,,,,0,,,,,,,,0,,,,,,,,20261008013000,https://www.sunlive.co.nz/news/386012-three-arrested-after-vehicle-spiked-by-police.html
1326845128,20261008,202610,2026,2026.7616,COP,POLICE,,,,,,COP,,,,,,,,,,,,,0,036,036,03,1,4.0,5,1,5,-7.4585635359116,0,,,,,,,,0,,,,,,,,0,,,,,,,,20261008013000,https://www.miragenews.com/firearm-and-drug-offences-wulkuraka-1756669/
1326845129,20261008,202610,2026,2026.7616,COP,PRISON,,,,,,COP,,,,,,,,,,,,,0,043,043,04,1,2.8,10,1,10,-5.2384675527756,2,"Tennessee, United States",US,USTN,,35.7449,-86.7489,TN,0,,,,,,,,2,"Tennessee, United States",US,USTN,,35.7449,-86.7489,TN,20261008013000,https://www.irishdentist.ie/christa-pike-the-first-survivor-of-lethal-injection-drugs-in-the-usa-she-has-awakened-and-is-speaking/22689/
1326845130,20261008,202610,2026,2026.7616,COP,POLICE,,,,,,COP,,,,,,,,,,,,,0,050,050,05,1,3.5,6,1,6,-1.24610591900311,2,"Arkansas, United States",US,USAR,,34.9513,-92.3809,AR,0,,,,,,,,2,"Arkansas, United States",US,USAR,,34.9513,-92.3809,AR,20261008013000,https://www.4029tv.com/article/arkansas-child-abuse-report-audit/74070012
1326845131,20261008,202610,2026,2026.7616,COP,CONSTABLE,,,,,,COP,,,,,,,,,,,,,0,051,051,05,1,3.4,5,1,5,0.65717415115005,4,"Canberra, Australian Capital Territory, Australia",AS,AS01,4940,-35.2833,149.217,-1563952,0,,,,,,,,4,"Canberra, Australian Capital Territory, Australia",AS,AS01,4940,-35.2833,149.217,-1563952,20261008013000,https://www.miragenews.com/tania-constable-interview-with-abc-tv-news-1756670/
1326845132,20261008,202610,2026,2026.7616,COP,DEPUTY,,,,,,COP,,,,,,,,,,,,,1,051,051,05,1,3.4,3,1,3,2.47933884297521,4,"Alexandria, Al Iskandariyah, Egypt",EG,EG06,61590,31.1981,29.9192,-290263,0,,,,,,,,4,"Alexandria, Al Iskandariyah, Egypt",EG,EG06,61590,31.1981,29.9192,-290263,20261008013000,https://www.kalb.com/2026/10/07/alexandria-city-council-permits-economic-impact-study-reignite-project/
1326845133,20261008,202610,2026,2026.7616,COP,POLICE,,,,,,COP,,,,,,,,,,,,,0,051,051,05,1,3.4,2,1,2,-8.56741573033709,4,"Thunder Bay, Ontario, Canada",CA,CA08,12684,48.4,-89.2333,-574784,0,,,,,,,,4,"Thunder Bay, Ontario, Canada",CA,CA08,12684,48.4,-89.2333,-574784,20261008013000,https://www.netnewsledger.com/2026/10/07/thunder-bay-man-charged-following-cyber-crime-investigation/
1326845134,20261008,202610,2026,2026.7616,COP,POLICE,,,,,,COP,,,,,,,,,,,,,0,064,064,06,2,7.0,2,1,2,-4.61165048543689,3,"Othello, Washington, United States",US,USWA,WA001,46.826,-119.175,1507216,0,,,,,,,,3,"Othello, Washington, United States",US,USWA,WA001,46.826,-119.175,1507216,20261008013000,https://www.yoursourceone.com/south_sound/columbia_basin/othello-educator-admitted-using-embezzled-teachers-union-funds-to-gamble-at-casinos/article_f7ad1291-2dbf-47ef-a9e5-fda39c224a44.html
1326845135,20261008,202610,2026,2026.7616,COP,POLICE,,,,,,COP,,,,,,,,,,,,,1,084,084,08,2,7.0,2,1,2,-8.56741573033709,4,"Thunder Bay, Ontario, Canada",CA,CA08,12684,48.4,-89.2333,-574784,0,,,,,,,,4,"Thunder Bay, Ontario, Canada",CA,CA08,12684,48.4,-89.2333,-574784,20261008013000,https://www.netnewsledger.com/2026/10/07/thunder-bay-man-charged-following-cyber-crime-investigation/
1326845136,20261008,202610,2026,2026.7616,COP,POLICE,,,,,,COP,,,,,,,,,,,,,1,090,090,09,2,-2.0,10,1,10,-6.02409638554217,4,"Berkshire, United Kingdom (general), United Kingdom",UK,UK00,40127,51.5,-1.25,-2589736,0,,,,,,,,4,"Berkshire, United Kingdom (general), United Kingdom",UK,UK00,40127,51.5,-1.25,-2589736,20261008013000,https://jonathanturley.org/2026/10/07/fashion-faux-pas-fifteen-year-old-boy-is-arrested-after-joking-about-how-a-politician-dresses/comment-page-2/
1326845137,20261008,202610,2026,2026.7616,COP,POLICE,,,,,,COP,,,,,,,,,,,,,1,130,130,13,3,-4.4,10,1,10,-3.40314136125654,3,"Los Angeles County, California, United States",US,USCA,CA037,34.3667,-118.201,277283,0,,,,,,,,3,"Los Angeles County, California, United States",US,USCA,,34.3667,-118.201,277283,20261008013000,https://kesq.com/news/california/2026/10/07/police-find-no-evidence-yet-linking-bullying-to-la-high-school-students-death/
1326845138,20261008,202610,2026,2026.7616,COP,POLICE,,,,,,COP,,,,,,,,,,,,,1,140,140,14,3,-6.5,10,1,10,-6.76470588235294,4,"New Delhi, Delhi, India",IN,IN07,17911,28.6,77.2,-2106102,0,,,,,,,,4,"New Delhi, Delhi, India",IN,IN07,17911,28.6,77.2,-2106102,20261008013000,https://asianews.network/new-delhi-police-detain-opposition-leaders-rahul-and-priyanka-gandhi-amid-rally-against-chief-election-commissioner/
1326845139,20261008,202610,2026,2026.7616,COP,POLICE,,,,,,COP,,,,,,,,,,,,,1,141,141,14,3,-6.5,10,1,10,-6.76470588235294,4,"New Delhi, Delhi, India",IN,IN07,17911,28.6,77.2,-2106102,0,,,,,,,,4,"New Delhi, Delhi, India",IN,IN07,17911,28.6,77.2,-2106102,20261008013000,https://asianews.network/new-delhi-police-detain-opposition-leaders-rahul-and-priyanka-gandhi-amid-rally-against-chief-election-commissioner/
1326845140,20261008,202610,2026,2026.7616,COP,PRISON,,,,,,COP,,,,,,,,,,,,,1,173,173,17,4,-5.0,10,1,10,-17.3252279635259,4,"Sanaa, Sana', Yemen",YM,YM16,32956,15.3547,44.2067,-3191442,0,,,,,,,,4,"Sanaa, Sana', Yemen",YM,YM16,32956,15.3547,44.2067,-3191442,20261008013000,https://wach.com/news/local/2026-10-07-man-denied-post-conviction-relief-in-murder-of-15-year-old-sanaa-amenhotep-treveon-nelson-sentenced-crime
1326845141,20261008,202610,2026,2026.7616,COP,DEPUTIES,,,,,,COP,,,,,,,,,,,,,0,173,173,17,4,-5.0,2,1,2,-5.70107858243451,3,"El Paso County, Texas, United States",US,USTX,TX141,31.8001,-106.201,1383855,0,,,,,,,,3,"El Paso County, Texas, United States",US,USTX,,31.8001,-106.201,1383855,20261008013000,https://kvia.com/news/crime/2026/10/07/el-paso-doctor-indecent-assault-charge/
1326845142,20261008,202610,2026,2026.7616,COP,PRISON,,,,,,COP,,,,,,,,,,,,,1,173,173,17,4,-5.0,10,1,10,-11.764705882353,3,"Libuse, Louisiana, United States",US,USLA,LA079,31.3541,-92.3335,536431,0,,,,,,,,3,"Libuse, Louisiana, United States",US,USLA,LA079,31.3541,-92.3335,536431,20261008013000,https://www.kalb.com/2026/10/07/review-laquarus-augustines-criminal-case-denied-by-louisiana-supreme-court/
1326845143,20261008,202610,2026,2026.7616,COP,DEPUTIES,,,,,,COP,,,,,,,,,,,,,0,180,180,18,4,-9.0,2,1,2,-5.70107858243451,3,"El Paso County, Texas, United States",US,USTX,TX141,31.8001,-106.201,1383855,0,,,,,,,,3,"El Paso County, Texas, United States",US,USTX,,31.8001,-106.201,1383855,20261008013000,https://kvia.com/news/crime/2026/10/07/el-paso-doctor-indecent-assault-charge/
1326845144,20261008,202610,2026,2026.7616,COP,POLICE,,,,,,COP,,,,,,,,,,,,,1,180,180,18,4,-9.0,2,1,2,-9.86301369863012,3,"San Diego, California, United States",US,USCA,CA073,32.7153,-117.157,1661377,0,,,,,,,,3,"San Diego, California, United States",US,USCA,,32.7153,-117.157,1661377,20261008013000,https://timesofsandiego.com/crime/2026/10/07/miss-b-troy-williams-false-identity-us-marshall/
1326845145,20261008,202610,2026,2026.7616,COP,POLICE,,,,,,COP,,,,,,,,,,,,,1,180,180,18,4,-9.0,3,1,3,-9.86301369863012,2,"Iowa, United States",US,USIA,,42.0046,-93.214,IA,0,,,,,,,,2,"Iowa, United States",US,USIA,,42.0046,-93.214,IA,20261008013000,https://timesofsandiego.com/crime/2026/10/07/miss-b-troy-williams-false-identity-us-marshall/
1326845146,20261008,202610,2026,2026.7616,COP,POLICE,,,,,,COP,,,,,,,,,,,,,0,193,193,19,4,-10.0,3,1,3,-6.47208121827412,3,"Albuquerque, New Mexico, United States",US,USNM,NM001,35.0845,-106.651,928679,0,,,,,,,,3,"Albuquerque, New Mexico, United States",US,USNM,NM001,35.0845,-106.651,928679,20261008013000,https://www.dailymail.com/crime-desk/article-16184749/jonathan-mckinsey-candice-jang-murder-dublin-california.html
1326845147,20261008,202610,2026,2026.7616,COP,CONSTABLE,,,,,,COP,,,AUS,AUSTRALIA,AUS,,,,,,,,0,012,012,01,1,-0.4,5,1,5,0.65717415115005,4,"Canberra, Australian Capital Territory, Australia",AS,AS01,4940,-35.2833,149.217,-1563952,4,"Canberra, Australian Capital Territory, Australia",AS,AS01,4940,-35.2833,149.217,-1563952,4,"Canberra, Australian Capital Territory, Australia",AS,AS01,4940,-35.2833,149.217,-1563952,20261008013000,https://www.miragenews.com/tania-constable-interview-with-abc-tv-news-1756670/
1326845148,20261008,202610,2026,2026.7616,COP,DETECTIVE,,,,,,COP,,,AUS,AUSTRALIA,AUS,,,,,,,,1,173,173,17,4,-5.0,2,1,2,-10.1694915254237,4,"Sydney, New South Wales, Australia",AS,AS02,154637,-33.8833,151.217,-1603135,4,"Sydney, New South Wales, Australia",AS,AS02,154637,-33.8833,151.217,-1603135,4,"Sydney, New South Wales, Australia",AS,AS02,154637,-33.8833,151.217,-1603135,20261008013000,https://www.abc.net.au/news/2026-10-08/mick-mundine-arrest-redfern-child-sex-assault-allegation/107242280
1326845149,20261008,202610,2026,2026.7616,COP,POLICE,,,,,,COP,,,CANCOP,CANADA,CAN,,,,,COP,,,1,084,084,08,2,7.0,8,1,8,-8.56741573033709,4,"Thunder Bay, Ontario, Canada",CA,CA08,12684,48.4,-89.2333,-574784,4,"Thunder Bay, Ontario, Canada",CA,CA08,12684,48.4,-89.2333,-574784,4,"Thunder Bay, Ontario, Canada",CA,CA08,12684,48.4,-89.2333,-574784,20261008013000,https://www.netnewsledger.com/2026/10/07/thunder-bay-man-charged-following-cyber-crime-investigation/
1326845150,20261008,202610,2026,2026.7616,COP,POLICE,,,,,,COP,,,CRM,THIEVES,,,,,,CRM,,,1,012,012,01,1,-0.4,10,1,10,-6.8235294117647,0,,,,,,,,0,,,,,,,,0,,,,,,,,20261008013000,https://www.odt.co.nz/canterbury/christchurch/police-crack-down-on-thieves-who-steal-copper-from-farm-irrigation-systems-th3iihoa
1326845151,20261008,202610,2026,2026.7616,COP,POLICE,,,,,,COP,,,CVL,RESIDENTS,,,,,,CVL,,,1,010,010,01,1,0.0,10,1,10,-1.77514792899409,0,,,,,,,,0,,,,,,,,0,,,,,,,,20261008013000,https://ktok.iheart.com/featured/ktok-top-stories/content/2026-10-07-car-burglary-spree-rocks-wealthy-okc-enclave/
1326845152,20261008,202610,2026,2026.7616,COP,POLICE,,,,,,COP,,,CVL,RESIDENTS,,,,,,CVL,,,1,0214,021,02,1,3.4,10,1,10,-1.77514792899409,0,,,,,,,,0,,,,,,,,0,,,,,,,,20261008013000,https://ktok.iheart.com/featured/ktok-top-stories/content/2026-10-07-car-burglary-spree-rocks-wealthy-okc-enclave/
1326845153,20261008,202610,2026,2026.7616,COP,POLICE,,,,,,COP,,,CVL,RESIDENTS,,,,,,CVL,,,1,040,040,04,1,1.0,10,1,10,0.8695652173913,0,,,,,,,,0,,,,,,,,0,,,,,,,,20261008013000,https://www.klkntv.com/lincoln-community-comes-together-for-coffee-with-a-cop/
1326845154,20261008,202610,2026,2026.7616,COP,POLICE,,,,,,COP,,,CVL,RESIDENTS,,,,,,CVL,,,1,060,060,06,2,6.0,10,1,10,-1.77514792899409,0,,,,,,,,0,,,,,,,,0,,,,,,,,20261008013000,https://ktok.iheart.com/featured/ktok-top-stories/content/2026-10-07-car-burglary-spree-rocks-wealthy-okc-enclave/
1326845155,20261008,202610,2026,2026.7616,COP,POLICE OFFICER,,,,,,COP,,,EDU,SCHOOL,,,,,,EDU,,,1,036,036,03,1,4.0,7,1,7,-9.62962962962967,3,"Boone County, Missouri, United States",US,USMO,MO019,39.0334,-92.3335,758464,3,"Boone County, Missouri, United States",US,USMO,,39.0334,-92.3335,758464,3,"Boone County, Missouri, United States",US,USMO,,39.0334,-92.3335,758464,20261008013000,https://abc17news.com/news/boone/2026/10/07/murder-trial-begins-for-sturgeon-man-accused-of-killing-his-father/
1326845156,20261008,202610,2026,2026.7616,COP,POLICE OFFICER,,,,,,COP,,,EDU,SCHOOL,,,,,,EDU,,,1,036,036,03,1,4.0,3,1,3,-9.62962962962967,2,"Missouri, United States",US,USMO,,38.4623,-92.302,MO,2,"Missouri, United States",US,USMO,,38.4623,-92.302,MO,2,"Missouri, United States",US,USMO,,38.4623,-92.302,MO,20261008013000,https://abc17news.com/news/boone/2026/10/07/murder-trial-begins-for-sturgeon-man-accused-of-killing-his-father/
1326845157,20261008,202610,2026,2026.7616,COP,POLICE OFFICER,,,,,,COP,,,EDU,SCHOOL,,,,,,EDU,,,1,051,051,05,1,3.4,10,1,10,-9.62962962962967,3,"Boone County, Missouri, United States",US,USMO,MO019,39.0334,-92.3335,758464,3,"Boone County, Missouri, United States",US,USMO,,39.0334,-92.3335,758464,3,"Boone County, Missouri, United States",US,USMO,,39.0334,-92.3335,758464,20261008013000,https://abc17news.com/news/boone/2026/10/07/murder-trial-begins-for-sturgeon-man-accused-of-killing-his-father/
1326845158,20261008,202610,2026,2026.7616,COP,POLICE CHIEF,,,,,,COP,,,EDU,SCHOOL,,,,,,EDU,,,0,071,071,07,2,7.4,2,1,2,-4.61165048543689,3,"Othello, Washington, United States",US,USWA,WA001,46.826,-119.175,1507216,3,"Othello, Washington, United States",US,USWA,WA001,46.826,-119.175,1507216,3,"Othello, Washington, United States",US,USWA,WA001,46.826,-119.175,1507216,20261008013000,https://www.yoursourceone.com/south_sound/columbia_basin/othello-educator-admitted-using-embezzled-teachers-union-funds-to-gamble-at-casinos/article_f7ad1291-2dbf-47ef-a9e5-fda39c224a44.html
1326845159,20261008,202610,2026,2026.7616,COP,DEPUTY,,,,,,COP,,,EGY,EGYPT,EGY,,,,,,,,1,051,051,05,1,3.4,2,1,2,2.47933884297521,4,"Alexandria, Al Iskandariyah, Egypt",EG,EG06,61590,31.1981,29.9192,-290263,4,"Alexandria, Al Iskandariyah, Egypt",EG,EG06,61590,31.1981,29.9192,-290263,4,"Alexandria, Al Iskandariyah, Egypt",EG,EG06,61590,31.1981,29.9192,-290263,20261008013000,https://www.kalb.com/2026/10/07/alexandria-city-council-permits-economic-impact-study-reignite-project/
1326845160,20261008,202610,2026,2026.7616,COP,POLICE,,,,,,COP,,,GBR,LONDON,GBR,,,,,,,,1,190,190,19,4,-10.0,8,1,8,-10.1000909918107,4,"London, London, City of, United Kingdom",UK,UKH9,40110,51.5,-0.116667,-2601889,4,"London, London, City of, United Kingdom",UK,UKH9,40110,51.5,-0.116667,-2601889,4,"London, London, City of, United Kingdom",UK,UKH9,40110,51.5,-0.116667,-2601889,20261008013000,https://www.dailymail.com/news/article-16191805/Met-Police-stolen-phones-arrests-Lawless-Londons.html
1326845161,20261008,202610,2026,2026.7616,COP,POLICE,,,,,,COP,,,GBR,LONDON,GBR,,,,,,,,1,190,190,19,4,-10.0,2,1,2,-10.1000909918107,4,"Richmond-Upon-Thames, Richmond upon Thames, United Kingdom",UK,UKL1,40133,51.4333,-0.3,-2606258,4,"Richmond-Upon-Thames, Richmond upon Thames, United Kingdom",UK,UKL1,40133,51.4333,-0.3,-2606258,4,"Richmond-Upon-Thames, Richmond upon Thames, United Kingdom",UK,UKL1,40133,51.4333,-0.3,-2606258,20261008013000,https://www.dailymail.com/news/article-16191805/Met-Police-stolen-phones-arrests-Lawless-Londons.html
1326845162,20261008,202610,2026,2026.7616,COP,POLICE,,,,,,COP,,,GRC,ATHENS,GRC,,,,,,,,0,141,141,14,3,-6.5,8,1,8,-2.47349823321555,4,"Athens, AttikíR, Greece",GR,GR35,16716,37.9833,23.7333,-814876,4,"Athens, AttikíR, Greece",GR,GR35,16716,37.9833,23.7333,-814876,4,"Athens, AttikíR, Greece",GR,GR35,16716,37.9833,23.7333,-814876,20261008013000,https://www.wgauradio.com/news/world/rubio-greece-set/U3SEX2WSX45QVETNOE7MAX477M/
1326845163,20261008,202610,2026,2026.7616,COP,POLICE,,,,,,COP,,,GRC,ATHENS,GRC,,,,,,,,0,141,141,14,3,-6.5,2,1,2,-2.47349823321555,2,"California, United States",US,USCA,,36.17,-119.746,CA,1,Iran,IR,IR,,32,53,IR,1,Iran,IR,IR,,32,53,IR,20261008013000,https://www.wgauradio.com/news/world/rubio-greece-set/U3SEX2WSX45QVETNOE7MAX477M/
1326845164,20261008,202610,2026,2026.7616,COP,POLICE,,,,,,COP,,,GRC,ATHENS,GRC,,,,,,,,0,172,172,17,4,-5.0,8,1,8,-2.47349823321555,4,"Athens, AttikíR, Greece",GR,GR35,16716,37.9833,23.7333,-814876,4,"Athens, AttikíR, Greece",GR,GR35,16716,37.9833,23.7333,-814876,4,"Athens, AttikíR, Greece",GR,GR35,16716,37.9833,23.7333,-814876,20261008013000,https://www.wgauradio.com/news/world/rubio-greece-set/U3SEX2WSX45QVETNOE7MAX477M/
1326845165,20261008,202610,2026,2026.7616,COP,POLICE,,,,,,COP,,,GRC,ATHENS,GRC,,,,,,,,0,172,172,17,4,-5.0,2,1,2,-2.47349823321555,2,"California, United States",US,USCA,,36.17,-119.746,CA,1,Iran,IR,IR,,32,53,IR,1,Iran,IR,IR,,32,53,IR,20261008013000,https://www.wgauradio.com/news/world/rubio-greece-set/U3SEX2WSX45QVETNOE7MAX477M/
1326845166,20261008,202610,2026,2026.7616,COP,PRISON,,,,,,COP,,,JUD,FEDERAL JUDGE,,,,,,JUD,,,1,020,020,02,1,3.0,6,1,6,-12.4661246612466,3,"Miami, Florida, United States",US,USFL,FL086,25.7743,-80.1937,295004,3,"Miami, Florida, United States",US,USFL,FL086,25.7743,-80.1937,295004,3,"Miami, Florida, United States",US,USFL,FL086,25.7743,-80.1937,295004,20261008013000,https://www.tmz.com/2026/10/07/andrew-and-tristan-tate-want-to-be-bonded-out-of-jail/
1326845167,20261008,202610,2026,2026.7616,COP,PRISON,,,,,,COP,,,JUD,FEDERAL JUDGE,,,,,,JUD,,,1,0841,084,08,2,7.0,6,1,6,-12.4661246612466,1,United Kingdom,UK,UK,,54,-4,UK,1,United Kingdom,UK,UK,,54,-4,UK,1,United Kingdom,UK,UK,,54,-4,UK,20261008013000,https://www.tmz.com/2026/10/07/andrew-and-tristan-tate-want-to-be-bonded-out-of-jail/
1326845168,20261008,202610,2026,2026.7616,COP,DEPUTY,,,,,,COP,,,MED,PUBLICATION,,,,,,MED,,,1,013,013,01,1,0.4,3,1,3,-1.00896860986547,1,Nigeria,NI,NI,,10,8,NI,1,Nigeria,NI,NI,,10,8,NI,1,Nigeria,NI,NI,,10,8,NI,20261008013000,https://punchng.com/customs-explains-why-shortlisted-candidates-await-training-invitations/
1326845169,20261008,202610,2026,2026.7616,COP,PRISON,,,,,,COP,,,OPP,PRISONER,,,,,,OPP,,,0,040,040,04,1,1.0,10,1,10,-6.63900414937759,0,,,,,,,,0,,,,,,,,0,,,,,,,,20261008013000,https://www.bbc.co.uk/news/articles/cq23d8pvlp1xo
1326845170,20261008,202610,2026,2026.7616,COP,POLICE,,,,,,COP,,,OPP,OPPOSITION MP,,,,,,OPP,,,0,173,173,17,4,-5.0,4,1,4,-6.76470588235294,4,"Delhi, Delhi, India",IN,IN07,17911,28.6667,77.2167,-2094230,4,"Delhi, Delhi, India",IN,IN07,17911,28.6667,77.2167,-2094230,4,"Delhi, Delhi, India",IN,IN07,17911,28.6667,77.2167,-2094230,20261008013000,https://asianews.network/new-delhi-police-detain-opposition-leaders-rahul-and-priyanka-gandhi-amid-rally-against-chief-election-commissioner/
1326845171,20261008,202610,2026,2026.7616,COP,POLICE,,,,,,COP,,,OPP,DEMONSTRATOR,,,,,,OPP,,,0,190,190,19,4,-10.0,10,2,10,-2.05882352941176,4,"Madrid, Madrid, Spain",SP,SP29,25820,40.4,-3.68333,-390625,4,"Madrid, Madrid, Spain",SP,SP29,25820,40.4,-3.68333,-390625,4,"Madrid, Madrid, Spain",SP,SP29,25820,40.4,-3.68333,-390625,20261008013000,https://krdo.com/news/national-world/cnn-world/2026/10/07/the-87-year-old-who-became-a-symbol-of-spains-eviction-crisis-has-died/
1326845172,20261008,202610,2026,2026.7616,COP,POLICE,,,,,,COP,,,USA,UNITED STATES,USA,,,,,,,,0,010,010,01,1,0.0,2,1,2,-6.75105485232068,3,"Dallas, Texas, United States",US,USTX,TX113,32.7831,-96.8067,1380944,3,"Northlake, Texas, United States",US,USTX,TX121,33.1273,-97.2656,1388593,3,"Northlake, Texas, United States",US,USTX,TX121,33.1273,-97.2656,1388593,20261008013000,https://www.dailymail.com/news/article-16191435/Mom-two-allegedly-stabbed-husband-head-turned-knife-young-children-postpartum-snap-case-chilling-Lindsay-Clancy-echoes.html
1326845173,20261008,202610,2026,2026.7616,COP,POLICE,,,,,,COP,,,USA,UNITED STATES,USA,,,,,,,,0,010,010,01,1,0.0,2,1,2,-6.75105485232068,3,"Northlake, Texas, United States",US,USTX,TX121,33.1273,-97.2656,1388593,3,"Northlake, Texas, United States",US,USTX,TX121,33.1273,-97.2656,1388593,3,"Northlake, Texas, United States",US,USTX,TX121,33.1273,-97.2656,1388593,20261008013000,https://www.dailymail.com/news/article-16191435/Mom-two-allegedly-stabbed-husband-head-turned-knife-young-children-postpartum-snap-case-chilling-Lindsay-Clancy-echoes.html
1326845174,20261008,202610,2026,2026.7616,COP,POLICE,,,,,,COP,,,USA,UNITED STATES,USA,,,,,,,,0,020,020,02,1,3.0,2,1,2,-6.75105485232068,3,"Dallas, Texas, United States",US,USTX,TX113,32.7831,-96.8067,1380944,3,"Northlake, Texas, United States",US,USTX,TX121,33.1273,-97.2656,1388593,3,"Northlake, Texas, United States",US,USTX,TX121,33.1273,-97.2656,1388593,20261008013000,https://www.dailymail.com/news/article-16191435/Mom-two-allegedly-stabbed-husband-head-turned-knife-young-children-postpartum-snap-case-chilling-Lindsay-Clancy-echoes.html
1326845175,20261008,202610,2026,2026.7616,COP,POLICE,,,,,,COP,,,USA,UNITED STATES,USA,,,,,,,,0,020,020,02,1,3.0,2,1,2,-6.75105485232068,3,"Northlake, Texas, United States",US,USTX,TX121,33.1273,-97.2656,1388593,3,"Northlake, Texas, United States",US,USTX,TX121,33.1273,-97.2656,1388593,3,"Northlake, Texas, United States",US,USTX,TX121,33.1273,-97.2656,1388593,20261008013000,https://www.dailymail.com/news/article-16191435/Mom-two-allegedly-stabbed-husband-head-turned-knife-young-children-postpartum-snap-case-chilling-Lindsay-Clancy-echoes.html
1326845176,20261008,202610,2026,2026.7616,COP,DEPUTIES,,,,,,COP,,,USA,UNITED STATES,USA,,,,,,,,0,173,173,17,4,-5.0,4,1,4,-5.70107858243451,3,"El Paso County, Texas, United States",US,USTX,TX141,31.8001,-106.201,1383855,3,"El Paso County, Texas, United States",US,USTX,,31.8001,-106.201,1383855,3,"El Paso County, Texas, United States",US,USTX,,31.8001,-106.201,1383855,20261008013000,https://kvia.com/news/crime/2026/10/07/el-paso-doctor-indecent-assault-charge/
1326845177,20261008,202610,2026,2026.7616,COP,DEPUTIES,,,,,,COP,,,USA,UNITED STATES,USA,,,,,,,,0,173,173,17,4,-5.0,4,1,4,-5.70107858243451,2,"Texas, United States",US,USTX,,31.106,-97.6475,TX,2,"Texas, United States",US,USTX,,31.106,-97.6475,TX,2,"Texas, United States",US,USTX,,31.106,-97.6475,TX,20261008013000,https://kvia.com/news/crime/2026/10/07/el-paso-doctor-indecent-assault-charge/
1326845178,20261008,202610,2026,2026.7616,COP,DEPUTIES,,,,,,COP,,,USA,UNITED STATES,USA,,,,,,,,0,180,180,18,4,-9.0,4,1,4,-5.70107858243451,3,"El Paso County, Texas, United States",US,USTX,TX141,31.8001,-106.201,1383855,3,"El Paso County, Texas, United States",US,USTX,,31.8001,-106.201,1383855,3,"El Paso County, Texas, United States",US,USTX,,31.8001,-106.201,1383855,20261008013000,https://kvia.com/news/crime/2026/10/07/el-paso-doctor-indecent-assault-charge/
1326845179,20261008,202610,2026,2026.7616,COP,DEPUTIES,,,,,,COP,,,USA,UNITED STATES,USA,,,,,,,,0,180,180,18,4,-9.0,2,1,2,-5.70107858243451,2,"Texas, United States",US,USTX,,31.106,-97.6475,TX,3,"El Paso County, Texas, United States",US,USTX,,31.8001,-106.201,1383855,3,"El Paso County, Texas, United States",US,USTX,,31.8001,-106.201,1383855,20261008013000,https://kvia.com/news/crime/2026/10/07/el-paso-doctor-indecent-assault-charge/
1326845180,20261008,202610,2026,2026.7616,COP,DEPUTIES,,,,,,COP,,,USA,UNITED STATES,USA,,,,,,,,0,180,180,18,4,-9.0,2,1,2,-5.70107858243451,2,"Texas, United States",US,USTX,,31.106,-97.6475,TX,2,"Texas, United States",US,USTX,,31.106,-97.6475,TX,2,"Texas, United States",US,USTX,,31.106,-97.6475,TX,20261008013000,https://kvia.com/news/crime/2026/10/07/el-paso-doctor-indecent-assault-charge/
1326845181,20261008,202610,2026,2026.7616,COP,POLICE,,,,,,COP,,,USA,UNITED STATES,USA,,,,,,,,0,193,193,19,4,-10.0,2,1,2,-6.47208121827412,2,"New York, United States",US,USNY,,42.1497,-74.9384,NY,2,"New York, United States",US,USNY,,42.1497,-74.9384,NY,2,"New York, United States",US,USNY,,42.1497,-74.9384,NY,20261008013000,https://www.dailymail.com/crime-desk/article-16184749/jonathan-mckinsey-candice-jang-murder-dublin-california.html
1326845182,20261008,202610,2026,2026.7616,CRM,CRIMINAL,,,,,,CRM,,,,,,,,,,,,,0,012,012,01,1,-0.4,10,1,10,-10.1000909918107,4,"London, London, City of, United Kingdom",UK,UKH9,40110,51.5,-0.116667,-2601889,0,,,,,,,,4,"London, London, City of, United Kingdom",UK,UKH9,40110,51.5,-0.116667,-2601889,20261008013000,https://www.dailymail.com/news/article-16191805/Met-Police-stolen-phones-arrests-Lawless-Londons.html
1326845183,20261008,202610,2026,2026.7616,CRM,CRIMINAL,,,,,,CRM,,,,,,,,,,,,,0,020,020,02,1,3.0,20,1,20,-5.65181518151815,4,"Jammu, Jammu and Kashmir, India",IN,IN12,72851,32.7333,74.8667,-2098228,0,,,,,,,,4,"Jammu, Jammu and Kashmir, India",IN,IN12,72851,32.7333,74.8667,-2098228,20261008013000,https://indiankanoon.org/doc/22994332/
1326845184,20261008,202610,2026,2026.7616,CRM,SERIAL KILLER,,,,,,CRM,,,AUS,ADELAIDE,AUS,,,,,,,,1,084,084,08,2,7.0,2,1,2,-4.67289719626168,4,"Adelaide, South Australia, Australia",AS,AS05,5256,-34.9333,138.6,-1555188,4,"Adelaide, South Australia, Australia",AS,AS05,5256,-34.9333,138.6,-1555188,4,"Adelaide, South Australia, Australia",AS,AS05,5256,-34.9333,138.6,-1555188,20261008013000,https://www.abc.net.au/news/2026-10-08/first-images-of-snowtown-murderer-james-vlassakis/107242384
1326845185,20261008,202610,2026,2026.7616,CRM,CRIMINAL,,,,,,CRM,,,ROU,ROMANIA,,,,,,,,,0,084,084,08,2,7.0,8,1,8,-12.4661246612466,3,"Miami, Florida, United States",US,USFL,FL086,25.7743,-80.1937,295004,1,Romania,RO,RO,,46,25,RO,3,"Miami, Florida, United States",US,USFL,FL086,25.7743,-80.1937,295004,20261008013000,https://www.tmz.com/2026/10/07/andrew-and-tristan-tate-want-to-be-bonded-out-of-jail/
1326845186,20261008,202610,2026,2026.7616,CRM,CRIMINAL,,,,,,CRM,,,ROU,ROMANIA,,,,,,,,,0,084,084,08,2,7.0,2,1,2,-12.4661246612466,1,United Kingdom,UK,UK,,54,-4,UK,3,"Miami, Florida, United States",US,USFL,FL086,25.7743,-80.1937,295004,3,"Miami, Florida, United States",US,USFL,FL086,25.7743,-80.1937,295004,20261008013000,https://www.tmz.com/2026/10/07/andrew-and-tristan-tate-want-to-be-bonded-out-of-jail/
1326845187,20261008,202610,2026,2026.7616,CRM,CRIMINAL,,,,,,CRM,,,ROU,ROMANIA,,,,,,,,,0,190,190,19,4,-10.0,8,1,8,-12.4661246612466,3,"Miami, Florida, United States",US,USFL,FL086,25.7743,-80.1937,295004,1,Romania,RO,RO,,46,25,RO,1,Romania,RO,RO,,46,25,RO,20261008013000,https://www.tmz.com/2026/10/07/andrew-and-tristan-tate-want-to-be-bonded-out-of-jail/
1326845188,20261008,202610,2026,2026.7616,CRM,CRIMINAL,,,,,,CRM,,,ROU,ROMANIA,,,,,,,,,0,190,190,19,4,-10.0,2,1,2,-12.4661246612466,1,United Kingdom,UK,UK,,54,-4,UK,3,"Miami, Florida, United States",US,USFL,FL086,25.7743,-80.1937,295004,3,"Miami, Florida, United States",US,USFL,FL086,25.7743,-80.1937,295004,20261008013000,https://www.tmz.com/2026/10/07/andrew-and-tristan-tate-want-to-be-bonded-out-of-jail/
1326845189,20261008,202610,2026,2026.7616,CRM,CRIMINAL,,,,,,CRM,,,USAJUD,LOUISIANA,USA,,,,,JUD,,,1,120,120,12,3,-4.0,6,1,6,-11.764705882353,3,"Libuse, Louisiana, United States",US,USLA,LA079,31.3541,-92.3335,536431,3,"Libuse, Louisiana, United States",US,USLA,LA079,31.3541,-92.3335,536431,3,"Libuse, Louisiana, United States",US,USLA,LA079,31.3541,-92.3335,536431,20261008013000,https://www.kalb.com/2026/10/07/review-laquarus-augustines-criminal-case-denied-by-louisiana-supreme-court/
1326845190,20261008,202610,2026,2026.7616,CVL,CITIZEN,,,,,,CVL,,,,,,,,,,,,,0,010,010,01,1,0.0,10,1,10,-2.70655270655271,4,"Lagos, Lagos, Nigeria",NI,NI05,191416,6.45306,3.39583,-2017355,0,,,,,,,,4,"Lagos, Lagos, Nigeria",NI,NI05,191416,6.45306,3.39583,-2017355,20261008013000,https://punchng.com/foi-mra-ipc-seek-sanctions-against-erring-officials/
1326845191,20261008,202610,2026,2026.7616,CVL,VOTER,,,,,,CVL,,,,,,,,,,,,,1,010,010,01,1,0.0,6,1,6,0.78125,2,"Iowa, United States",US,USIA,,42.0046,-93.214,IA,0,,,,,,,,2,"Iowa, United States",US,USIA,,42.0046,-93.214,IA,20261008013000,https://ivn.us/election-day-is-closing-in-now-everyone-wants-the-independent-voter/
1326845192,20261008,202610,2026,2026.7616,CVL,COMMUNITY,,,,,,CVL,,,,,,,,,,,,,1,010,010,01,1,0.0,10,1,10,3.87890255439925,2,"Pennsylvania, United States",US,USPA,,40.5773,-77.264,PA,0,,,,,,,,2,"Pennsylvania, United States",US,USPA,,40.5773,-77.264,PA,20261008013000,https://www.psu.edu/news/research/story/penn-state-announces-2026-presidential-public-impact-research-awards
1326845193,20261008,202610,2026,2026.7616,CVL,NEIGHBORHOOD,,,,,,CVL,,,,,,,,,,,,,0,011,011,01,1,-0.1,6,1,6,-6.47208121827412,2,"Georgia, United States",US,USGA,,32.9866,-83.6487,GA,0,,,,,,,,2,"Georgia, United States",US,USGA,,32.9866,-83.6487,GA,20261008013000,https://www.dailymail.com/crime-desk/article-16184749/jonathan-mckinsey-candice-jang-murder-dublin-california.html
1326845194,20261008,202610,2026,2026.7616,CVL,VOTER,,,,,,CVL,,,,,,,,,,,,,1,012,012,01,1,-0.4,6,1,6,0.45454545454546,3,"Capitol Hill, District of Columbia, United States",US,USDC,DC001,38.889,-77.0003,529313,0,,,,,,,,3,"Capitol Hill, District of Columbia, United States",US,USDC,,38.889,-77.0003,529313,20261008013000,https://www.mondaq.com:443/unitedstates/constitutional-administrative-law/1852382/cannabis-and-the-midterm-elections
1326845195,20261008,202610,2026,2026.7616,CVL,RESIDENTS,,,,,,CVL,,,,,,,,,,,,,1,012,012,01,1,-0.4,6,1,6,-4.65116279069767,2,"Georgia, United States",US,USGA,,32.9866,-83.6487,GA,0,,,,,,,,2,"Georgia, United States",US,USGA,,32.9866,-83.6487,GA,20261008013000,https://www.wtvm.com/2026/10/07/officials-urge-storm-preparation-ahead-weekend-severe-weather/
1326845196,20261008,202610,2026,2026.7616,CVL,VOTER,,,,,,CVL,,,,,,,,,,,,,1,012,012,01,1,-0.4,4,1,4,0.45454545454546,2,"Iowa, United States",US,USIA,,42.0046,-93.214,IA,0,,,,,,,,2,"Iowa, United States",US,USIA,,42.0046,-93.214,IA,20261008013000,https://www.mondaq.com:443/unitedstates/constitutional-administrative-law/1852382/cannabis-and-the-midterm-elections
1326845197,20261008,202610,2026,2026.7616,CVL,VOTER,,,,,,CVL,,,,,,,,,,,,,0,014,014,01,1,0.0,4,1,4,0.78125,3,"White House, District of Columbia, United States",US,USDC,,38.8951,-77.0364,531871,0,,,,,,,,3,"White House, District of Columbia, United States",US,USDC,,38.8951,-77.0364,531871,20261008013000,https://ivn.us/election-day-is-closing-in-now-everyone-wants-the-independent-voter/
1326845198,20261008,202610,2026,2026.7616,CVL,VOTER,,,,,,CVL,,,,,,,,,,,,,0,014,014,01,1,0.0,6,1,6,0.78125,2,"Iowa, United States",US,USIA,,42.0046,-93.214,IA,0,,,,,,,,2,"Iowa, United States",US,USIA,,42.0046,-93.214,IA,20261008013000,https://ivn.us/election-day-is-closing-in-now-everyone-wants-the-independent-voter/
1326845199,20261008,202610,2026,2026.7616,CVL,VOTER,,,,,,CVL,,,,,,,,,,,,,0,014,014,01,1,0.0,4,1,4,0.78125,2,"Nebraska, United States",US,USNE,,41.1289,-98.2883,NE,0,,,,,,,,2,"Nebraska, United States",US,USNE,,41.1289,-98.2883,NE,20261008013000,https://ivn.us/election-day-is-closing-in-now-everyone-wants-the-independent-voter/
1326845200,20261008,202610,2026,2026.7616,CVL,VOTER,,,,,,CVL,,,,,,,,,,,,,0,014,014,01,1,0.0,2,1,2,0.78125,2,"Texas, United States",US,USTX,,31.106,-97.6475,TX,0,,,,,,,,3,"White House, District of Columbia, United States",US,USDC,,38.8951,-77.0364,531871,20261008013000,https://ivn.us/election-day-is-closing-in-now-everyone-wants-the-independent-voter/
1326845201,20261008,202610,2026,2026.7616,CVL,VOTER,,,,,,CVL,,,,,,,,,,,,,0,014,014,01,1,0.0,2,1,2,0.78125,2,"Texas, United States",US,USTX,,31.106,-97.6475,TX,0,,,,,,,,2,"Nebraska, United States",US,USNE,,41.1289,-98.2883,NE,20261008013000,https://ivn.us/election-day-is-closing-in-now-everyone-wants-the-independent-voter/
1326845202,20261008,202610,2026,2026.7616,CVL,VOTER,,,,,,CVL,,,,,,,,,,,,,0,014,014,01,1,0.0,2,1,2,0.78125,2,"Texas, United States",US,USTX,,31.106,-97.6475,TX,0,,,,,,,,2,"Texas, United States",US,USTX,,31.106,-97.6475,TX,20261008013000,https://ivn.us/election-day-is-closing-in-now-everyone-wants-the-independent-voter/
1326845203,20261008,202610,2026,2026.7616,CVL,NEIGHBORHOOD,,,,,,CVL,,,,,,,,,,,,,1,017,017,01,1,0.0,5,1,5,7.223113964687,2,"Arizona, United States",US,USAZ,,33.7712,-111.388,AZ,0,,,,,,,,2,"Arizona, United States",US,USAZ,,33.7712,-111.388,AZ,20261008013000,https://www.restaurantnews.com/sauce-pizza-and-wine-bogo-mondays-national-pizza-month-100726/
1326845204,20261008,202610,2026,2026.7616,CVL,COMMUNITY,,,,,,CVL,,,,,,,,,,,,,0,018,018,01,1,3.4,5,1,5,-3.40314136125654,3,"Los Angeles, California, United States",US,USCA,CA037,34.0522,-118.244,1662328,0,,,,,,,,3,"Los Angeles, California, United States",US,USCA,,34.0522,-118.244,1662328,20261008013000,https://kesq.com/news/california/2026/10/07/police-find-no-evidence-yet-linking-bullying-to-la-high-school-students-death/
1326845205,20261008,202610,2026,2026.7616,CVL,RESIDENTS,,,,,,CVL,,,,,,,,,,,,,1,020,020,02,1,3.0,5,1,5,2.47933884297521,4,"Alexandria, Al Iskandariyah, Egypt",EG,EG06,61590,31.1981,29.9192,-290263,0,,,,,,,,4,"Alexandria, Al Iskandariyah, Egypt",EG,EG06,61590,31.1981,29.9192,-290263,20261008013000,https://www.kalb.com/2026/10/07/alexandria-city-council-permits-economic-impact-study-reignite-project/
1326845206,20261008,202610,2026,2026.7616,CVL,COMMUNITY,,,,,,CVL,,,,,,,,,,,,,1,070,070,07,2,7.0,5,1,5,1.97486535008976,4,"Kuala Lumpur, Kuala Lumpur, Malaysia",MY,MY14,18585,3.16667,101.7,-2403010,0,,,,,,,,4,"Kuala Lumpur, Kuala Lumpur, Malaysia",MY,MY14,18585,3.16667,101.7,-2403010,20261008013000,https://asianews.network/what-can-photographs-of-grandparents-tell-us-about-the-malaysia-they-lived-in/
1326845207,20261008,202610,2026,2026.7616,CVL,NEIGHBORHOOD,,,,,,CVL,,,,,,,,,,,,,0,190,190,19,4,-10.0,6,1,6,-6.47208121827412,2,"Georgia, United States",US,USGA,,32.9866,-83.6487,GA,0,,,,,,,,2,"Georgia, United States",US,USGA,,32.9866,-83.6487,GA,20261008013000,https://www.dailymail.com/crime-desk/article-16184749/jonathan-mckinsey-candice-jang-murder-dublin-california.html
1326845208,20261008,202610,2026,2026.7616,CVL,COMMUNITY,,,,,,CVL,,,AUS,AUSTRALIA,AUS,,,,,,,,0,110,110,11,3,-2.0,5,1,5,-1.51515151515151,1,Australia,AS,AS,,-25,135,AS,1,Australia,AS,AS,,-25,135,AS,1,Australia,AS,AS,,-25,135,AS,20261008013000,https://www.theguardian.com/australia-news/2026/oct/08/ai-datacentre-firmus-slash-valuation-before-asx-listing
1326845209,20261008,202610,2026,2026.7616,CVL,CITIZEN,,,,,,CVL,,,CHN,CHINA,CHN,,,,,,,,1,017,017,01,1,0.0,10,1,10,-8.80681818181818,4,"Nanjing, Jiangsu, China",CH,CH04,13144,32.0617,118.778,-1919548,4,"Nanjing, Jiangsu, China",CH,CH04,13144,32.0617,118.778,-1919548,4,"Nanjing, Jiangsu, China",CH,CH04,13144,32.0617,118.778,-1919548,20261008013000,https://www.globaltimes.cn/page/202610/1371803.shtml
1326845210,20261008,202610,2026,2026.7616,CVL,RESIDENTS,,,,,,CVL,,,COP,POLICE,,,,,,COP,,,1,040,040,04,1,1.0,10,1,10,0.8695652173913,0,,,,,,,,0,,,,,,,,0,,,,,,,,20261008013000,https://www.klkntv.com/lincoln-community-comes-together-for-coffee-with-a-cop/
1326845211,20261008,202610,2026,2026.7616,CVL,COMMUNITY,,,,,,CVL,,,EDU,STUDENT,,,,,,EDU,,,0,042,042,04,1,1.9,2,1,2,-3.40314136125654,3,"Highland Park, California, United States",US,USCA,CA037,34.112,-118.199,1660746,3,"Highland Park, California, United States",US,USCA,,34.112,-118.199,1660746,3,"Los Angeles, California, United States",US,USCA,,34.0522,-118.244,1662328,20261008013000,https://kesq.com/news/california/2026/10/07/police-find-no-evidence-yet-linking-bullying-to-la-high-school-students-death/
1326845212,20261008,202610,2026,2026.7616,CVL,COMMUNITY,,,,,,CVL,,,EDU,STUDENT,,,,,,EDU,,,0,042,042,04,1,1.9,8,1,8,-3.40314136125654,3,"Los Angeles, California, United States",US,USCA,CA037,34.0522,-118.244,1662328,3,"Los Angeles, California, United States",US,USCA,,34.0522,-118.244,1662328,3,"Los Angeles, California, United States",US,USCA,,34.0522,-118.244,1662328,20261008013000,https://kesq.com/news/california/2026/10/07/police-find-no-evidence-yet-linking-bullying-to-la-high-school-students-death/
1326845213,20261008,202610,2026,2026.7616,CVL,NEIGHBORHOOD,,,,,,CVL,,,GOV,GOVERNMENT,,,,,,GOV,,,1,043,043,04,1,2.8,20,2,20,-0.506762200427535,0,,,,,,,,0,,,,,,,,0,,,,,,,,20261008013000,https://www.fox9.com/news/minneapolis-officials-closed-same-encampment-over-over-again-report
1326845214,20261008,202610,2026,2026.7616,CVL,NATIONALS,,,,,,CVL,,,GOV,GOVERNMENT,,,,,,GOV,,,1,100,100,10,3,-5.0,10,1,10,-0.3003003003003,0,,,,,,,,0,,,,,,,,0,,,,,,,,20261008013000,https://www.miragenews.com/regional-nsw-women-shouldnt-give-birth-by-1756675/
1326845215,20261008,202610,2026,2026.7616,CVL,VOTER,,,,,,CVL,,,OPP,THE OPPOSITION,,,,,,OPP,,,1,043,043,04,1,2.8,2,1,2,-6.68604651162791,4,"Bihar, Bihar, India",IN,IN34,17615,25.1833,85.5167,-2091797,4,"New Delhi, Delhi, India",IN,IN07,17911,28.6,77.2,-2106102,4,"Bihar, Bihar, India",IN,IN34,17615,25.1833,85.5167,-2091797,20261008013000,https://www.wgauradio.com/news/world/indian-opposition/YO65OMWMJA6CVMAYV6GKBQYUII/
1326845216,20261008,202610,2026,2026.7616,CVL,VOTER,,,,,,CVL,,,OPP,THE OPPOSITION,,,,,,OPP,,,1,043,043,04,1,2.8,8,1,8,-6.68604651162791,4,"New Delhi, Delhi, India",IN,IN07,17911,28.6,77.2,-2106102,4,"New Delhi, Delhi, India",IN,IN07,17911,28.6,77.2,-2106102,4,"New Delhi, Delhi, India",IN,IN07,17911,28.6,77.2,-2106102,20261008013000,https://www.wgauradio.com/news/world/indian-opposition/YO65OMWMJA6CVMAYV6GKBQYUII/
1326845217,20261008,202610,2026,2026.7616,CVL,COMMUNITY,,,,,,CVL,,,USA,PHOENIX,USA,,,,,,,,1,010,010,01,1,0.0,5,1,5,-4.88599348534202,3,"Maricopa County, Arizona, United States",US,USAZ,AZ013,33.5,-112.501,37026,3,"Maricopa County, Arizona, United States",US,USAZ,,33.5,-112.501,37026,3,"Maricopa County, Arizona, United States",US,USAZ,,33.5,-112.501,37026,20261008013000,https://www.tmz.com/2026/10/07/bernadette-greene-placentia-says-she-was-raped/
1326845218,20261008,202610,2026,2026.7616,CVL,VOTER,,,,,,CVL,,,USA,UNITED STATES,USA,,,,,,,,1,030,030,03,1,4.0,2,1,2,0.45454545454546,2,"Massachusetts, United States",US,USMA,,42.2373,-71.5314,MA,2,"Massachusetts, United States",US,USMA,,42.2373,-71.5314,MA,2,"Massachusetts, United States",US,USMA,,42.2373,-71.5314,MA,20261008013000,https://www.mondaq.com:443/unitedstates/constitutional-administrative-law/1852382/cannabis-and-the-midterm-elections
1326845219,20261008,202610,2026,2026.7616,CVL,VOTER,,,,,,CVL,,,USA,UNITED STATES,USA,,,,,,,,1,040,040,04,1,1.0,2,1,2,-1.4792899408284,3,"San Antonio, Texas, United States",US,USTX,TX029,29.4241,-98.4936,1380951,3,"San Antonio, Texas, United States",US,USTX,,29.4241,-98.4936,1380951,3,"San Antonio, Texas, United States",US,USTX,,29.4241,-98.4936,1380951,20261008013000,https://www.thedailybeast.com/donald-trump-doubles-down-on-bonkers-threat-to-two-blue-cities
1326845220,20261008,202610,2026,2026.7616,CVL,VOTER,,,,,,CVL,,,USA,SAN ANTONIO,USA,,,,,,,,1,040,040,04,1,1.0,8,1,8,-1.4792899408284,2,"Texas, United States",US,USTX,,31.106,-97.6475,TX,3,"San Antonio, Texas, United States",US,USTX,,29.4241,-98.4936,1380951,3,"San Antonio, Texas, United States",US,USTX,,29.4241,-98.4936,1380951,20261008013000,https://www.thedailybeast.com/donald-trump-doubles-down-on-bonkers-threat-to-two-blue-cities
1326845221,20261008,202610,2026,2026.7616,CVL,COMMUNITY,,,,,,CVL,,,USA,UNITED STATES,USA,,,,,,,,1,180,180,18,4,-9.0,2,1,2,-4.88599348534202,3,"Sun City, Arizona, United States",US,USAZ,AZ013,33.5975,-112.272,11953,3,"Sun City, Arizona, United States",US,USAZ,,33.5975,-112.272,11953,3,"Phoenix, Arizona, United States",US,USAZ,AZ013,33.4484,-112.074,44784,20261008013000,https://www.tmz.com/2026/10/07/bernadette-greene-placentia-says-she-was-raped/
1326845222,20261008,202610,2026,2026.7616,CVL,COMMUNITY,,,,,,CVL,,,USA,UNITED STATES,USA,,,,,,,,1,180,180,18,4,-9.0,2,1,2,-4.88599348534202,3,"Phoenix, Arizona, United States",US,USAZ,AZ013,33.4484,-112.074,44784,3,"Sun City, Arizona, United States",US,USAZ,,33.5975,-112.272,11953,3,"Sun City, Arizona, United States",US,USAZ,,33.5975,-112.272,11953,20261008013000,https://www.tmz.com/2026/10/07/bernadette-greene-placentia-says-she-was-raped/
1326845223,20261008,202610,2026,2026.7616,CVL,COMMUNITY,,,,,,CVL,,,USA,PHOENIX,USA,,,,,,,,1,180,180,18,4,-9.0,1,1,1,-4.88599348534202,3,"Phoenix, Arizona, United States",US,USAZ,AZ013,33.4484,-112.074,44784,3,"Phoenix, Arizona, United States",US,USAZ,AZ013,33.4484,-112.074,44784,3,"Phoenix, Arizona, United States",US,USAZ,AZ013,33.4484,-112.074,44784,20261008013000,https://www.tmz.com/2026/10/07/bernadette-greene-placentia-says-she-was-raped/
1326845224,20261008,202610,2026,2026.7616,CVLEDU,COMMUNITY,,,,,,CVL,EDU,,CVL,COMMUNITY,,,,,,CVL,,,1,036,036,03,1,4.0,10,1,10,2.36486486486487,0,,,,,,,,0,,,,,,,,0,,,,,,,,20261008013000,https://www.kezi.com/news/local/mapleton-residents-urged-to-weigh-in-on-water-future/article_ff2ebbbd-e90e-46e7-93a6-9ca001c9cb41.html
1326845225,20261008,202610,2026,2026.7616,CVLEDU,COMMUNITY,,,,,,CVL,EDU,,EDU,SCHOOL,,,,,,EDU,,,1,036,036,03,1,4.0,10,1,10,2.36486486486487,0,,,,,,,,0,,,,,,,,0,,,,,,,,20261008013000,https://www.kezi.com/news/local/mapleton-residents-urged-to-weigh-in-on-water-future/article_ff2ebbbd-e90e-46e7-93a6-9ca001c9cb41.html
1326845226,20261008,202610,2026,2026.7616,DEU,HALLE,DEU,,,,,,,,,,,,,,,,,,1,190,190,19,4,-10.0,6,1,6,-4.54545454545454,3,"Los Angeles, California, United States",US,USCA,CA037,34.0522,-118.244,1662328,0,,,,,,,,3,"Los Angeles, California, United States",US,USCA,,34.0522,-118.244,1662328,20261008013000,https://www.tmz.com/2026/10/07/halle-berry-completes-parenting-program/
1326845227,20261008,202610,2026,2026.7616,DEU,GERMANY,DEU,,,,,,,,EUR,EUROPE,EUR,,,,,,,,1,042,042,04,1,1.9,5,1,5,-0.80495356037151,1,Germany,GM,GM,,51.5,10.5,GM,1,Germany,GM,GM,,51.5,10.5,GM,1,Germany,GM,GM,,51.5,10.5,GM,20261008013000,https://www.clarksvilleonline.com/2026/10/07/lst-325-docks-in-clarksville-tn-october-2026/
1326845228,20261008,202610,2026,2026.7616,DEU,FRANKFURT,DEU,,,,,,,,LAB,STAFF MEMBER,,,,,,LAB,,,1,046,046,04,1,7.0,12,1,3,2.99625468164794,4,"Frankfurt, Brandenburg, Germany",GM,GM11,16538,52.35,14.55,-1771146,1,China,CH,CH,,35,105,CH,1,China,CH,CH,,35,105,CH,20261008013000,https://www.globaltimes.cn/page/202610/1371802.shtml
1326845229,20261008,202610,2026,2026.7616,DEU,HALLE,DEU,,,,,,,,USA,UNITED STATES,USA,,,,,,,,1,190,190,19,4,-10.0,2,1,2,-4.54545454545454,3,"Los Angeles, California, United States",US,USCA,CA037,34.0522,-118.244,1662328,3,"Los Angeles, California, United States",US,USCA,,34.0522,-118.244,1662328,3,"Los Angeles, California, United States",US,USCA,,34.0522,-118.244,1662328,20261008013000,https://www.tmz.com/2026/10/07/halle-berry-completes-parenting-program/
1326845230,20261008,202610,2026,2026.7616,EDU,STUDENT,,,,,,EDU,,,,,,,,,,,,,0,010,010,01,1,0.0,6,1,6,-3.40314136125654,3,"Los Angeles, California, United States",US,USCA,CA037,34.0522,-118.244,1662328,0,,,,,,,,3,"Los Angeles, California, United States",US,USCA,,34.0522,-118.244,1662328,20261008013000,https://kesq.com/news/california/2026/10/07/police-find-no-evidence-yet-linking-bullying-to-la-high-school-students-death/
1326845231,20261008,202610,2026,2026.7616,EDU,STUDENT,,,,,,EDU,,,,,,,,,,,,,1,010,010,01,1,0.0,3,1,3,2.11081794195251,2,"Minnesota, United States",US,USMN,,45.7326,-93.9196,MN,0,,,,,,,,2,"Minnesota, United States",US,USMN,,45.7326,-93.9196,MN,20261008013000,https://www.mankatofreepress.com/news/local_news/mankato-district-sees-success-in-teacher-recruitment-initiative/article_0391d2de-f06d-4f95-8c64-fe2fe89d4f89.html
1326845232,20261008,202610,2026,2026.7616,EDU,SCHOOL,,,,,,EDU,,,,,,,,,,,,,1,010,010,01,1,0.0,6,1,6,8.27338129496403,2,"Montana, United States",US,USMT,,46.9048,-110.326,MT,0,,,,,,,,2,"Montana, United States",US,USMT,,46.9048,-110.326,MT,20261008013000,https://kvia.com/local-focus/2026/10/07/the-jazz-exchange-launches-full-year-academy-for-young-musicians/
1326845233,20261008,202610,2026,2026.7616,EDU,UNIVERSITY,,,,,,EDU,,,,,,,,,,,,,1,012,012,01,1,-0.4,6,1,6,-1.28939828080229,3,"Berkeley, California, United States",US,USCA,CA001,37.8716,-122.273,1658037,0,,,,,,,,3,"Berkeley, California, United States",US,USCA,CA001,37.8716,-122.273,1658037,20261008013000,https://dailynexus.com/2026-10-07/a-week-in-uc-student-news-46/
1326845234,20261008,202610,2026,2026.7616,EDU,STUDENT,,,,,,EDU,,,,,,,,,,,,,1,013,013,01,1,0.4,10,1,10,2.4390243902439,2,"Kentucky, United States",US,USKY,,37.669,-84.6514,KY,0,,,,,,,,2,"Kentucky, United States",US,USKY,,37.669,-84.6514,KY,20261008013000,https://www.fox19.com/2026/10/07/northern-kentucky-middle-school-students-trade-jazz-mariachi-music/
1326845235,20261008,202610,2026,2026.7616,EDU,SCHOOL,,,,,,EDU,,,,,,,,,,,,,1,020,020,02,1,3.0,20,1,10,1.8905472636816,2,"Ohio, United States",US,USOH,,40.3736,-82.7755,OH,0,,,,,,,,2,"Ohio, United States",US,USOH,,40.3736,-82.7755,OH,20261008013000,https://highlandcountypress.com/education/ohio-gets-failing-mark-sex-education-policy-national-group
1326845236,20261008,202610,2026,2026.7616,EDU,STUDENT,,,,,,EDU,,,,,,,,,,,,,0,042,042,04,1,1.9,10,1,10,-2.95930949445129,2,"Alaska, United States",US,USAK,,61.385,-152.268,AK,0,,,,,,,,2,"Alaska, United States",US,USAK,,61.385,-152.268,AK,20261008013000,https://www.adn.com/alaska-news/2026/10/07/about-30-alaska-native-youths-buried-at-boarding-schools-decades-ago-are-now-returning-home/
1326845237,20261008,202610,2026,2026.7616,EDU,COLLEGE,,,,,,EDU,,,,,,,,,,,,,0,042,042,04,1,1.9,10,1,10,3.87596899224806,2,"Pennsylvania, United States",US,USPA,,40.5773,-77.264,PA,0,,,,,,,,2,"Pennsylvania, United States",US,USPA,,40.5773,-77.264,PA,20261008013000,https://www.psu.edu/news/arts-and-architecture/story/arts-and-architecture-dean-host-talk-landscape-architecture-professor
1326845238,20261008,202610,2026,2026.7616,EDU,STUDENT,,,,,,EDU,,,,,,,,,,,,,1,050,050,05,1,3.5,2,1,2,-1.28939828080229,1,Israel,IS,IS,,31.5,34.75,IS,0,,,,,,,,1,Israel,IS,IS,,31.5,34.75,IS,20261008013000,https://dailynexus.com/2026-10-07/a-week-in-uc-student-news-46/
1326845239,20261008,202610,2026,2026.7616,EDU,UNIVERSITY,,,,,,EDU,,,,,,,,,,,,,0,051,051,05,1,3.4,10,1,10,3.87596899224806,2,"Pennsylvania, United States",US,USPA,,40.5773,-77.264,PA,0,,,,,,,,2,"Pennsylvania, United States",US,USPA,,40.5773,-77.264,PA,20261008013000,https://www.psu.edu/news/arts-and-architecture/story/arts-and-architecture-dean-host-talk-landscape-architecture-professor
1326845240,20261008,202610,2026,2026.7616,EDU,STUDENT,,,,,,EDU,,,,,,,,,,,,,1,053,053,05,1,3.8,1,1,1,-1.28939828080229,3,"Berkeley, California, United States",US,USCA,CA001,37.8716,-122.273,1658037,0,,,,,,,,3,"Berkeley, California, United States",US,USCA,CA001,37.8716,-122.273,1658037,20261008013000,https://dailynexus.com/2026-10-07/a-week-in-uc-student-news-46/
1326845241,20261008,202610,2026,2026.7616,EDU,STUDENT,,,,,,EDU,,,,,,,,,,,,,1,070,070,07,2,7.0,10,1,10,3.87890255439925,2,"Pennsylvania, United States",US,USPA,,40.5773,-77.264,PA,0,,,,,,,,2,"Pennsylvania, United States",US,USPA,,40.5773,-77.264,PA,20261008013000,https://www.psu.edu/news/research/story/penn-state-announces-2026-presidential-public-impact-research-awards
1326845242,20261008,202610,2026,2026.7616,EDU,STUDENT,,,,,,EDU,,,,,,,,,,,,,1,073,073,07,2,7.4,10,1,10,2.36486486486487,0,,,,,,,,0,,,,,,,,0,,,,,,,,20261008013000,https://www.kezi.com/news/local/mapleton-residents-urged-to-weigh-in-on-water-future/article_ff2ebbbd-e90e-46e7-93a6-9ca001c9cb41.html
1326845243,20261008,202610,2026,2026.7616,EDU,UNIVERSITY,,,,,,EDU,,,,,,,,,,,,,0,172,172,17,4,-5.0,6,1,6,-4.76190476190476,3,"University Of Maine, Maine, United States",US,USME,ME019,44.8992,-68.6692,577565,0,,,,,,,,3,"University Of Maine, Maine, United States",US,USME,,44.8992,-68.6692,577565,20261008013000,https://www.sunjournal.com/2026/10/07/democrat-files-ethics-complaint-against-susan-collins-over-alleged-pay-to-play-scheme/
1326845244,20261008,202610,2026,2026.7616,EDU,UNIVERSITY,,,,,,EDU,,,,,,,,,,,,,0,172,172,17,4,-5.0,4,1,4,-4.76190476190476,3,"Cumberland County, New Jersey, United States",US,USNJ,NJ011,39.3501,-75.083,882275,0,,,,,,,,3,"Cumberland County, New Jersey, United States",US,USNJ,,39.3501,-75.083,882275,20261008013000,https://www.sunjournal.com/2026/10/07/democrat-files-ethics-complaint-against-susan-collins-over-alleged-pay-to-play-scheme/
1326845245,20261008,202610,2026,2026.7616,EDU,STUDENT,,,,,,EDU,,,,,,,,,,,,,1,190,190,19,4,-10.0,4,1,4,-6.57334144856969,3,"Riverbend, Tennessee, United States",US,USTN,TN093,35.8954,-83.9763,1312367,0,,,,,,,,3,"Riverbend, Tennessee, United States",US,USTN,TN093,35.8954,-83.9763,1312367,20261008013000,https://www.dailymail.com/crime-desk/article-16190497/christa-pike-family-speak-execution-tennessee.html
1326845246,20261008,202610,2026,2026.7616,EDU,STUDENT,,,,,,EDU,,,CVL,COMMUNITY,,,,,,CVL,,,0,043,043,04,1,2.8,2,1,2,-3.40314136125654,3,"Highland Park, California, United States",US,USCA,CA037,34.112,-118.199,1660746,3,"Highland Park, California, United States",US,USCA,,34.112,-118.199,1660746,3,"Los Angeles, California, United States",US,USCA,,34.0522,-118.244,1662328,20261008013000,https://kesq.com/news/california/2026/10/07/police-find-no-evidence-yet-linking-bullying-to-la-high-school-students-death/
1326845247,20261008,202610,2026,2026.7616,EDU,STUDENT,,,,,,EDU,,,CVL,COMMUNITY,,,,,,CVL,,,0,043,043,04,1,2.8,8,1,8,-3.40314136125654,3,"Los Angeles, California, United States",US,USCA,CA037,34.0522,-118.244,1662328,3,"Los Angeles, California, United States",US,USCA,,34.0522,-118.244,1662328,3,"Los Angeles, California, United States",US,USCA,,34.0522,-118.244,1662328,20261008013000,https://kesq.com/news/california/2026/10/07/police-find-no-evidence-yet-linking-bullying-to-la-high-school-students-death/
1326845248,20261008,202610,2026,2026.7616,EDU,SCHOOL,,,,,,EDU,,,CVLEDU,COMMUNITY,,,,,,CVL,EDU,,1,036,036,03,1,4.0,10,1,10,2.36486486486487,0,,,,,,,,0,,,,,,,,0,,,,,,,,20261008013000,https://www.kezi.com/news/local/mapleton-residents-urged-to-weigh-in-on-water-future/article_ff2ebbbd-e90e-46e7-93a6-9ca001c9cb41.html
1326845249,20261008,202610,2026,2026.7616,EDU,EDUCATIONAL INSTITUTION,,,,,,EDU,,,GOV,GOVERNMENT,,,,,,GOV,,,0,010,010,01,1,0.0,5,1,5,-2.95930949445129,2,"Alaska, United States",US,USAK,,61.385,-152.268,AK,2,"Alaska, United States",US,USAK,,61.385,-152.268,AK,2,"Alaska, United States",US,USAK,,61.385,-152.268,AK,20261008013000,https://www.adn.com/alaska-news/2026/10/07/about-30-alaska-native-youths-buried-at-boarding-schools-decades-ago-are-now-returning-home/
1326845250,20261008,202610,2026,2026.7616,EDU,EDUCATIONAL INSTITUTION,,,,,,EDU,,,GOV,GOVERNMENT,,,,,,GOV,,,0,071,071,07,2,7.4,10,1,10,-2.95930949445129,2,"Alaska, United States",US,USAK,,61.385,-152.268,AK,2,"Alaska, United States",US,USAK,,61.385,-152.268,AK,2,"Alaska, United States",US,USAK,,61.385,-152.268,AK,20261008013000,https://www.adn.com/alaska-news/2026/10/07/about-30-alaska-native-youths-buried-at-boarding-schools-decades-ago-are-now-returning-home/
1326845251,20261008,202610,2026,2026.7616,EDU,UNIVERSITY,,,,,,EDU,,,MED,WEBSITE,,,,,,MED,,,0,090,090,09,2,-2.0,5,1,5,3.51437699680511,0,,,,,,,,0,,,,,,,,0,,,,,,,,20261008013000,https://www.psu.edu/news/story/get-involved-road-map-workstream-leaders-first-round-community-engagement-sessions-announced
1326845252,20261008,202610,2026,2026.7616,EDU,ECONOMIST,,,,,,EDU,,,PAK,PAKISTAN,PAK,,,,,,,,1,061,061,06,2,6.4,1,1,1,1.3215859030837,1,Pakistan,PK,PK,,30,70,PK,1,Pakistan,PK,PK,,30,70,PK,1,Pakistan,PK,PK,,30,70,PK,20261008013000,https://www.thehindu.com/news/international/imf-reaches-staff-deal-with-pakistan-potentially-unlocking-12-billion/article71558176.ece
1326845253,20261008,202610,2026,2026.7616,EDU,STUDENT,,,,,,EDU,,,USA,UNITED STATES,USA,,,,,,,,1,010,010,01,1,0.0,4,1,4,-1.28939828080229,3,"Berkeley, California, United States",US,USCA,CA001,37.8716,-122.273,1658037,3,"Berkeley, California, United States",US,USCA,CA001,37.8716,-122.273,1658037,3,"Berkeley, California, United States",US,USCA,CA001,37.8716,-122.273,1658037,20261008013000,https://dailynexus.com/2026-10-07/a-week-in-uc-student-news-46/
1326845254,20261008,202610,2026,2026.7616,EDU,STUDENT,,,,,,EDU,,,USA,UNITED STATES,USA,,,,,,,,0,010,010,01,1,0.0,4,1,4,-3.40314136125654,3,"Highland Park, California, United States",US,USCA,CA037,34.112,-118.199,1660746,3,"Highland Park, California, United States",US,USCA,,34.112,-118.199,1660746,3,"Highland Park, California, United States",US,USCA,,34.112,-118.199,1660746,20261008013000,https://kesq.com/news/california/2026/10/07/police-find-no-evidence-yet-linking-bullying-to-la-high-school-students-death/
1326845255,20261008,202610,2026,2026.7616,EDU,COLLEGE,,,,,,EDU,,,USA,UNITED STATES,USA,,,,,,,,1,010,010,01,1,0.0,2,1,2,4.47154471544716,2,"Pennsylvania, United States",US,USPA,,40.5773,-77.264,PA,2,"Pennsylvania, United States",US,USPA,,40.5773,-77.264,PA,2,"Pennsylvania, United States",US,USPA,,40.5773,-77.264,PA,20261008013000,https://www.psu.edu/news/penn-college/story/lenfest-foundation-gift-help-penn-college-students-overcome-financial-barriers
1326845256,20261008,202610,2026,2026.7616,EDU,UNIVERSITY,,,,,,EDU,,,USA,UNITED STATES,USA,,,,,,,,1,012,012,01,1,-0.4,4,1,4,-1.28939828080229,3,"Berkeley, California, United States",US,USCA,CA001,37.8716,-122.273,1658037,3,"Berkeley, California, United States",US,USCA,CA001,37.8716,-122.273,1658037,3,"Berkeley, California, United States",US,USCA,CA001,37.8716,-122.273,1658037,20261008013000,https://dailynexus.com/2026-10-07/a-week-in-uc-student-news-46/
1326845257,20261008,202610,2026,2026.7616,EDU,STUDENT,,,,,,EDU,,,USA,ALASKA,USA,,,,,,,,1,042,042,04,1,1.9,10,1,10,-2.95930949445129,2,"Alaska, United States",US,USAK,,61.385,-152.268,AK,2,"Alaska, United States",US,USAK,,61.385,-152.268,AK,2,"Alaska, United States",US,USAK,,61.385,-152.268,AK,20261008013000,https://www.adn.com/alaska-news/2026/10/07/about-30-alaska-native-youths-buried-at-boarding-schools-decades-ago-are-now-returning-home/
1326845258,20261008,202610,2026,2026.7616,EDU,STUDENT,,,,,,EDU,,,USA,ALASKA,USA,,,,,,,,0,043,043,04,1,2.8,9,1,7,-2.95930949445129,2,"Alaska, United States",US,USAK,,61.385,-152.268,AK,2,"Alaska, United States",US,USAK,,61.385,-152.268,AK,2,"Alaska, United States",US,USAK,,61.385,-152.268,AK,20261008013000,https://www.adn.com/alaska-news/2026/10/07/about-30-alaska-native-youths-buried-at-boarding-schools-decades-ago-are-now-returning-home/
1326845259,20261008,202610,2026,2026.7616,EDU,UNIVERSITY,,,,,,EDU,,,USA,MINNESOTA,USA,,,,,,,,0,043,043,04,1,2.8,5,1,5,0.95759233926129,2,"Minnesota, United States",US,USMN,,45.7326,-93.9196,MN,2,"Minnesota, United States",US,USMN,,45.7326,-93.9196,MN,2,"Minnesota, United States",US,USMN,,45.7326,-93.9196,MN,20261008013000,https://www.mankatofreepress.com/news/local_news/owner-of-closed-blue-bricks-bar-sells-dt-landmark/article_fe4fe2f9-7da6-407c-be27-6a2c52f73cdc.html
1326845260,20261008,202610,2026,2026.7616,EDU,UNIVERSITY,,,,,,EDU,,,USA,UNITED STATES,USA,,,,,,,,1,046,046,04,1,7.0,2,1,2,0.757575757575762,3,"Truman State University, Missouri, United States",US,USMO,MO001,40.1895,-92.5819,723510,2,"Missouri, United States",US,USMO,,38.4623,-92.302,MO,2,"Missouri, United States",US,USMO,,38.4623,-92.302,MO,20261008013000,"http://www.kirksvilledailyexpress.com/stories/boyce-earns-cpa-license-joins-ranks-at-harden-cummins-moss-miller,32970"
1326845261,20261008,202610,2026,2026.7616,EDU,COLLEGE,,,,,,EDU,,,USA,UNITED STATES,USA,,,,,,,,1,051,051,05,1,3.4,1,1,1,4.47154471544716,2,"Pennsylvania, United States",US,USPA,,40.5773,-77.264,PA,2,"Pennsylvania, United States",US,USPA,,40.5773,-77.264,PA,2,"Pennsylvania, United States",US,USPA,,40.5773,-77.264,PA,20261008013000,https://www.psu.edu/news/penn-college/story/lenfest-foundation-gift-help-penn-college-students-overcome-financial-barriers
1326845262,20261008,202610,2026,2026.7616,EDU,COLLEGE,,,,,,EDU,,,USA,SOUTH CAROLINA,USA,,,,,,,,0,120,120,12,3,-4.0,7,1,7,0.61162079510703,2,"South Carolina, United States",US,USSC,,33.8191,-80.9066,SC,2,"South Carolina, United States",US,USSC,,33.8191,-80.9066,SC,2,"South Carolina, United States",US,USSC,,33.8191,-80.9066,SC,20261008013000,https://www.ecoportal.net/en/border-collies-cognition-research-words/36015/
1326845263,20261008,202610,2026,2026.7616,EDU,SCHOOL,,,,,,EDU,,,USA,UNITED STATES,USA,,,,,,,,0,180,180,18,4,-9.0,4,1,4,-6.1046511627907,2,"New York, United States",US,USNY,,42.1497,-74.9384,NY,2,"New York, United States",US,USNY,,42.1497,-74.9384,NY,2,"New York, United States",US,USNY,,42.1497,-74.9384,NY,20261008013000,https://www.tmz.com/2026/10/07/gillio-lopes-wants-letitia-james-removed-from-cornell-investigation/
1326845264,20261008,202610,2026,2026.7616,EDU,STUDENT,,,,,,EDU,,,USAEDU,UNITED STATES,USA,,,,,EDU,,,1,010,010,01,1,0.0,4,1,4,-1.28939828080229,3,"Berkeley, California, United States",US,USCA,CA001,37.8716,-122.273,1658037,3,"Berkeley, California, United States",US,USCA,CA001,37.8716,-122.273,1658037,3,"Berkeley, California, United States",US,USCA,CA001,37.8716,-122.273,1658037,20261008013000,https://dailynexus.com/2026-10-07/a-week-in-uc-student-news-46/
1326845265,20261008,202610,2026,2026.7616,EDU,SCHOOL,,,,,,EDU,,,USAEDU,NASHVILLE,USA,,,,,EDU,,,1,043,043,04,1,2.8,10,1,10,2.58899676375405,0,,,,,,,,0,,,,,,,,0,,,,,,,,20261008013000,https://www.wsmv.com/2026/10/07/walk-school-day-puts-spotlight-safer-routes-nashville-students/
1326845266,20261008,202610,2026,2026.7616,EDU,SCHOOL,,,,,,EDU,,,USAEDU,ALASKA,USA,,,,,EDU,,,0,043,043,04,1,2.8,6,1,6,-2.95930949445129,2,"Alaska, United States",US,USAK,,61.385,-152.268,AK,2,"Alaska, United States",US,USAK,,61.385,-152.268,AK,2,"Alaska, United States",US,USAK,,61.385,-152.268,AK,20261008013000,https://www.adn.com/alaska-news/2026/10/07/about-30-alaska-native-youths-buried-at-boarding-schools-decades-ago-are-now-returning-home/
1326845267,20261008,202610,2026,2026.7616,EDUCVL,UNIVERSITY,,,,,,EDU,CVL,,,,,,,,,,,,1,042,042,04,1,1.9,6,1,6,3.17124735729386,1,"Vietnam, Republic Of",VM,VM,,16.166667,107.833333,VM,0,,,,,,,,1,"Vietnam, Republic Of",VM,VM,,16.166667,107.833333,VM,20261008013000,https://www.buffalorising.com/2026/10/now-on-main-man-aung-sushi/
1326845268,20261008,202610,2026,2026.7616,EDUCVL,UNIVERSITY,,,,,,EDU,CVL,,USA,UNITED STATES,USA,,,,,,,,1,042,042,04,1,1.9,4,1,4,3.17124735729386,1,"Vietnam, Republic Of",VM,VM,,16.166667,107.833333,VM,1,"Vietnam, Republic Of",VM,VM,,16.166667,107.833333,VM,1,"Vietnam, Republic Of",VM,VM,,16.166667,107.833333,VM,20261008013000,https://www.buffalorising.com/2026/10/now-on-main-man-aung-sushi/
1326845269,20261008,202610,2026,2026.7616,EDUEDU,SCHOOL,,,,,,EDU,EDU,,,,,,,,,,,,1,051,051,05,1,3.4,5,1,5,2.97872340425532,0,,,,,,,,0,,,,,,,,0,,,,,,,,20261008013000,https://kdhnews.com/news/region/temple-high-school-students-don-quincea-era-clothing-to-celebrate-national-hispanic-heritage-month/article_deaeadd6-5527-5e47-b350-dd3678962253.html
1326845270,20261008,202610,2026,2026.7616,EDUEDU,COLLEGE,,,,,,EDU,EDU,,USA,PENNSYLVANIA,USA,,,,,,,,1,050,050,05,1,3.5,7,1,7,4.47154471544716,2,"Pennsylvania, United States",US,USPA,,40.5773,-77.264,PA,2,"Pennsylvania, United States",US,USPA,,40.5773,-77.264,PA,2,"Pennsylvania, United States",US,USPA,,40.5773,-77.264,PA,20261008013000,https://www.psu.edu/news/penn-college/story/lenfest-foundation-gift-help-penn-college-students-overcome-financial-barriers
1326845271,20261008,202610,2026,2026.7616,ELI,ACTOR,,,,,,ELI,,,BUS,BUSINESS,,,,,,BUS,,,1,120,120,12,3,-4.0,10,1,10,1.92307692307692,0,,,,,,,,0,,,,,,,,0,,,,,,,,20261008013000,https://www.digitalspy.com/soaps/coronation-street/a74069916/coronation-street-andrew-hayden-smith-rejections/
1326845272,20261008,202610,2026,2026.7616,ESP,SPAIN,ESP,,,,,,,,,,,,,,,,,,0,070,070,07,2,7.0,4,2,4,-2.05882352941176,4,"Madrid, Madrid, Spain",SP,SP29,25820,40.4,-3.68333,-390625,0,,,,,,,,4,"Madrid, Madrid, Spain",SP,SP29,25820,40.4,-3.68333,-390625,20261008013000,https://krdo.com/news/national-world/cnn-world/2026/10/07/the-87-year-old-who-became-a-symbol-of-spains-eviction-crisis-has-died/
1326845273,20261008,202610,2026,2026.7616,ESP,SPANISH,ESP,,,,,,,,ESPGOV,SPAIN,ESP,,,,,GOV,,,0,018,018,01,1,3.4,4,2,4,-2.05882352941176,4,"Madrid, Madrid, Spain",SP,SP29,25820,40.4,-3.68333,-390625,4,"Madrid, Madrid, Spain",SP,SP29,25820,40.4,-3.68333,-390625,4,"Madrid, Madrid, Spain",SP,SP29,25820,40.4,-3.68333,-390625,20261008013000,https://krdo.com/news/national-world/cnn-world/2026/10/07/the-87-year-old-who-became-a-symbol-of-spains-eviction-crisis-has-died/
1326845274,20261008,202610,2026,2026.7616,ESP,MADRID,ESP,,,,,,,,GOV,GOVERNMENT,,,,,,GOV,,,1,174,174,17,4,-5.0,16,2,16,-2.05882352941176,4,"Madrid, Madrid, Spain",SP,SP29,25820,40.4,-3.68333,-390625,4,"Madrid, Madrid, Spain",SP,SP29,25820,40.4,-3.68333,-390625,4,"Madrid, Madrid, Spain",SP,SP29,25820,40.4,-3.68333,-390625,20261008013000,https://krdo.com/news/national-world/cnn-world/2026/10/07/the-87-year-old-who-became-a-symbol-of-spains-eviction-crisis-has-died/
1326845275,20261008,202610,2026,2026.7616,ESP,SPAIN,ESP,,,,,,,,OPP,PROTESTER,,,,,,OPP,,,1,141,141,14,3,-6.5,20,2,20,-2.05882352941176,4,"Madrid, Madrid, Spain",SP,SP29,25820,40.4,-3.68333,-390625,4,"Madrid, Madrid, Spain",SP,SP29,25820,40.4,-3.68333,-390625,4,"Madrid, Madrid, Spain",SP,SP29,25820,40.4,-3.68333,-390625,20261008013000,https://krdo.com/news/national-world/cnn-world/2026/10/07/the-87-year-old-who-became-a-symbol-of-spains-eviction-crisis-has-died/
1326845276,20261008,202610,2026,2026.7616,ETH,ETHIOPIA,ETH,,,,,,,,EGY,EGYPT,EGY,,,,,,,,0,112,112,11,3,-2.0,2,1,2,-3.12989045383411,4,"Red Sea, Djibouti (general), Djibouti",DJ,DJ00,25312,19,39.5,-2037160,4,"Asmara, Ma'akel, Eritrea",ER,ER05,15888,15.3333,38.9333,-604780,4,"Khartoum, Al Khartum, Sudan",SU,SU29,37069,15.5881,32.5342,-1987,20261008013000,https://www.irishdentist.ie/sudan-trumps-game-in-africa-this-way-the-conflict-can-spread-to-the-red-sea/22686/
1326845277,20261008,202610,2026,2026.7616,ETH,ETHIOPIA,ETH,,,,,,,,EGY,EGYPT,EGY,,,,,,,,0,112,112,11,3,-2.0,2,1,2,-3.12989045383411,4,"Asmara, Ma'akel, Eritrea",ER,ER05,15888,15.3333,38.9333,-604780,1,Ethiopia,ET,ET,,8,38,ET,4,"Asmara, Ma'akel, Eritrea",ER,ER05,15888,15.3333,38.9333,-604780,20261008013000,https://www.irishdentist.ie/sudan-trumps-game-in-africa-this-way-the-conflict-can-spread-to-the-red-sea/22686/
1326845278,20261008,202610,2026,2026.7616,ETH,ETHIOPIA,ETH,,,,,,,,EGY,EGYPT,EGY,,,,,,,,0,112,112,11,3,-2.0,6,1,6,-3.12989045383411,1,Ethiopia,ET,ET,,8,38,ET,1,Egypt,EG,EG,,27,30,EG,4,"Khartoum, Al Khartum, Sudan",SU,SU29,37069,15.5881,32.5342,-1987,20261008013000,https://www.irishdentist.ie/sudan-trumps-game-in-africa-this-way-the-conflict-can-spread-to-the-red-sea/22686/
1326845279,20261008,202610,2026,2026.7616,ETH,ETHIOPIA,ETH,,,,,,,,ERI,ERITREA,ERI,,,,,,,,0,112,112,11,3,-2.0,2,1,2,-3.12989045383411,4,"Red Sea, Djibouti (general), Djibouti",DJ,DJ00,25312,19,39.5,-2037160,4,"Khartoum, Al Khartum, Sudan",SU,SU29,37069,15.5881,32.5342,-1987,4,"Khartoum, Al Khartum, Sudan",SU,SU29,37069,15.5881,32.5342,-1987,20261008013000,https://www.irishdentist.ie/sudan-trumps-game-in-africa-this-way-the-conflict-can-spread-to-the-red-sea/22686/
1326845280,20261008,202610,2026,2026.7616,ETH,ETHIOPIA,ETH,,,,,,,,ERI,ERITREA,ERI,,,,,,,,0,112,112,11,3,-2.0,2,1,2,-3.12989045383411,4,"Asmara, Ma'akel, Eritrea",ER,ER05,15888,15.3333,38.9333,-604780,1,Ethiopia,ET,ET,,8,38,ET,4,"Asmara, Ma'akel, Eritrea",ER,ER05,15888,15.3333,38.9333,-604780,20261008013000,https://www.irishdentist.ie/sudan-trumps-game-in-africa-this-way-the-conflict-can-spread-to-the-red-sea/22686/
1326845281,20261008,202610,2026,2026.7616,ETH,ETHIOPIA,ETH,,,,,,,,ERI,ERITREA,ERI,,,,,,,,0,112,112,11,3,-2.0,6,1,6,-3.12989045383411,1,Ethiopia,ET,ET,,8,38,ET,4,"Asmara, Ma'akel, Eritrea",ER,ER05,15888,15.3333,38.9333,-604780,4,"Khartoum, Al Khartum, Sudan",SU,SU29,37069,15.5881,32.5342,-1987,20261008013000,https://www.irishdentist.ie/sudan-trumps-game-in-africa-this-way-the-conflict-can-spread-to-the-red-sea/22686/
1326845282,20261008,202610,2026,2026.7616,ETH,ETHIOPIA,ETH,,,,,,,,REB,REBEL,,,,,,REB,,,0,120,120,12,3,-4.0,1,1,1,-3.12989045383411,4,"Red Sea, Djibouti (general), Djibouti",DJ,DJ00,25312,19,39.5,-2037160,1,Egypt,EG,EG,,27,30,EG,1,Egypt,EG,EG,,27,30,EG,20261008013000,https://www.irishdentist.ie/sudan-trumps-game-in-africa-this-way-the-conflict-can-spread-to-the-red-sea/22686/
1326845283,20261008,202610,2026,2026.7616,ETH,ETHIOPIA,ETH,,,,,,,,REB,REBEL,,,,,,REB,,,0,120,120,12,3,-4.0,1,1,1,-3.12989045383411,4,"Asmara, Ma'akel, Eritrea",ER,ER05,15888,15.3333,38.9333,-604780,1,Ethiopia,ET,ET,,8,38,ET,1,Ethiopia,ET,ET,,8,38,ET,20261008013000,https://www.irishdentist.ie/sudan-trumps-game-in-africa-this-way-the-conflict-can-spread-to-the-red-sea/22686/
1326845284,20261008,202610,2026,2026.7616,ETH,ETHIOPIA,ETH,,,,,,,,REB,REBEL,,,,,,REB,,,0,120,120,12,3,-4.0,3,1,3,-3.12989045383411,1,Ethiopia,ET,ET,,8,38,ET,1,Egypt,EG,EG,,27,30,EG,1,Egypt,EG,EG,,27,30,EG,20261008013000,https://www.irishdentist.ie/sudan-trumps-game-in-africa-this-way-the-conflict-can-spread-to-the-red-sea/22686/
1326845285,20261008,202610,2026,2026.7616,ETH,ETHIOPIA,ETH,,,,,,,,SDN,SUDAN,SDN,,,,,,,,0,112,112,11,3,-2.0,2,1,2,-3.12989045383411,4,"Red Sea, Djibouti (general), Djibouti",DJ,DJ00,25312,19,39.5,-2037160,4,"Khartoum, Al Khartum, Sudan",SU,SU29,37069,15.5881,32.5342,-1987,4,"Khartoum, Al Khartum, Sudan",SU,SU29,37069,15.5881,32.5342,-1987,20261008013000,https://www.irishdentist.ie/sudan-trumps-game-in-africa-this-way-the-conflict-can-spread-to-the-red-sea/22686/
1326845286,20261008,202610,2026,2026.7616,ETH,ETHIOPIA,ETH,,,,,,,,SDN,SUDAN,SDN,,,,,,,,0,112,112,11,3,-2.0,2,1,2,-3.12989045383411,4,"Asmara, Ma'akel, Eritrea",ER,ER05,15888,15.3333,38.9333,-604780,1,Ethiopia,ET,ET,,8,38,ET,4,"Asmara, Ma'akel, Eritrea",ER,ER05,15888,15.3333,38.9333,-604780,20261008013000,https://www.irishdentist.ie/sudan-trumps-game-in-africa-this-way-the-conflict-can-spread-to-the-red-sea/22686/
1326845287,20261008,202610,2026,2026.7616,ETH,ETHIOPIA,ETH,,,,,,,,SDN,SUDAN,SDN,,,,,,,,0,112,112,11,3,-2.0,6,1,6,-3.12989045383411,1,Ethiopia,ET,ET,,8,38,ET,4,"Khartoum, Al Khartum, Sudan",SU,SU29,37069,15.5881,32.5342,-1987,4,"Khartoum, Al Khartum, Sudan",SU,SU29,37069,15.5881,32.5342,-1987,20261008013000,https://www.irishdentist.ie/sudan-trumps-game-in-africa-this-way-the-conflict-can-spread-to-the-red-sea/22686/
1326845288,20261008,202610,2026,2026.7616,EUR,EUROPE,EUR,,,,,,,,,,,,,,,,,,1,042,042,04,1,1.9,10,1,10,-0.45662100456622,4,"Jamnagar, Gujarat, India",IN,IN09,17647,22.4667,70.0667,-2098232,0,,,,,,,,4,"Jamnagar, Gujarat, India",IN,IN09,17647,22.4667,70.0667,-2098232,20261008013000,https://economictimes.indiatimes.com/et-front/sept-diesel-shipments-highest-in-a-year/articleshow/134774718.cms
1326845289,20261008,202610,2026,2026.7616,EUR,EUROPE,EUR,,,,,,,,,,,,,,,,,,1,043,043,04,1,2.8,5,1,5,-0.80495356037151,1,Germany,GM,GM,,51.5,10.5,GM,0,,,,,,,,1,Germany,GM,GM,,51.5,10.5,GM,20261008013000,https://www.clarksvilleonline.com/2026/10/07/lst-325-docks-in-clarksville-tn-october-2026/
1326845290,20261008,202610,2026,2026.7616,EUR,EUROPE,EUR,,,,,,,,,,,,,,,,,,1,061,061,06,2,6.4,4,1,4,-0.45662100456622,4,"Dubai, Dubayy, United Arab Emirates",AE,AE03,28575,25.2522,55.28,-782831,0,,,,,,,,1,Russia,RS,RS,,60,100,RS,20261008013000,https://economictimes.indiatimes.com/et-front/sept-diesel-shipments-highest-in-a-year/articleshow/134774718.cms
1326845291,20261008,202610,2026,2026.7616,EUR,EUROPE,EUR,,,,,,,,,,,,,,,,,,0,070,070,07,2,7.0,5,1,5,3.40775558166862,5,"Shaanxi, Shaanxi, China",CH,CH26,13220,36,109,-1924159,0,,,,,,,,5,"Shaanxi, Shaanxi, China",CH,CH26,13220,36,109,-1924159,20261008013000,https://www.globaltimes.cn/page/202610/1371777.shtml
1326845292,20261008,202610,2026,2026.7616,EUR,EUROPE,EUR,,,,,,,,CHN,CHINESE,CHN,,,,,,,,0,010,010,01,1,0.0,5,1,5,3.40775558166862,5,"Shaanxi, Shaanxi, China",CH,CH26,13220,36,109,-1924159,5,"Shaanxi, Shaanxi, China",CH,CH26,13220,36,109,-1924159,5,"Shaanxi, Shaanxi, China",CH,CH26,13220,36,109,-1924159,20261008013000,https://www.globaltimes.cn/page/202610/1371777.shtml
1326845293,20261008,202610,2026,2026.7616,EUR,EUROPE,EUR,,,,,,,,DEU,GERMANY,DEU,,,,,,,,1,043,043,04,1,2.8,5,1,5,-0.80495356037151,1,Germany,GM,GM,,51.5,10.5,GM,1,Germany,GM,GM,,51.5,10.5,GM,1,Germany,GM,GM,,51.5,10.5,GM,20261008013000,https://www.clarksvilleonline.com/2026/10/07/lst-325-docks-in-clarksville-tn-october-2026/
1326845294,20261008,202610,2026,2026.7616,FJI,FIJI,FJI,,,,,,,,,,,,,,,,,,0,050,050,05,1,3.5,5,1,5,2.79441117764471,4,"Somosomo Strait, Northern, Fiji",FJ,FJ03,40201,-16.7833,179.967,-1195026,0,,,,,,,,4,"Somosomo Strait, Northern, Fiji",FJ,FJ03,40201,-16.7833,179.967,-1195026,20261008013000,https://www.miragenews.com/from-uq-reef-science-to-national-action-in-fiji-1756672/
1326845295,20261008,202610,2026,2026.7616,FJI,FIJI,FJI,,,,,,,,TUV,TUVALU,TUV,,,,,,,,1,043,043,04,1,2.8,10,1,10,2.79441117764471,4,"Somosomo Strait, Northern, Fiji",FJ,FJ03,40201,-16.7833,179.967,-1195026,4,"Somosomo Strait, Northern, Fiji",FJ,FJ03,40201,-16.7833,179.967,-1195026,4,"Somosomo Strait, Northern, Fiji",FJ,FJ03,40201,-16.7833,179.967,-1195026,20261008013000,https://www.miragenews.com/from-uq-reef-science-to-national-action-in-fiji-1756672/
1326845296,20261008,202610,2026,2026.7616,FRA,FRENCH,FRA,,,,,,,,,,,,,,,,,,1,020,020,02,1,3.0,10,1,10,-1.10497237569061,0,,,,,,,,0,,,,,,,,0,,,,,,,,20261008013000,https://wlos.com/news/local/interstate-26-widening-new-lanes-open-closures-asheville-hendersonville-ncdot-detour
1326845297,20261008,202610,2026,2026.7616,FRA,VERSAILLES,FRA,,,,,,,,,,,,,,,,,,1,040,040,04,1,1.0,15,1,10,0.41095890410959,4,"National University Of Singapore, Singapore (general), Singapore",SN,SN00,18585,1.29611,103.78,30332,0,,,,,,,,4,"National University Of Singapore, Singapore (general), Singapore",SN,SN00,18585,1.29611,103.78,30332,20261008013000,https://www.techradar.com/pro/tiny-asian-country-beats-china-usa-to-worlds-most-accurate-clock-lutetium-based-device-loses-1-second-every-264-billion-years
1326845298,20261008,202610,2026,2026.7616,FRA,VERSAILLES,FRA,,,,,,,,,,,,,,,,,,1,043,043,04,1,2.8,10,1,10,0.41095890410959,4,"National University Of Singapore, Singapore (general), Singapore",SN,SN00,18585,1.29611,103.78,30332,0,,,,,,,,4,"National University Of Singapore, Singapore (general), Singapore",SN,SN00,18585,1.29611,103.78,30332,20261008013000,https://www.techradar.com/pro/tiny-asian-country-beats-china-usa-to-worlds-most-accurate-clock-lutetium-based-device-loses-1-second-every-264-billion-years
1326845299,20261008,202610,2026,2026.7616,FRA,FRANCE,FRA,,,,,,,,,,,,,,,,,,0,172,172,17,4,-5.0,6,1,6,-4.67289719626168,4,"Adelaide, South Australia, Australia",AS,AS05,5256,-34.9333,138.6,-1555188,0,,,,,,,,4,"Adelaide, South Australia, Australia",AS,AS05,5256,-34.9333,138.6,-1555188,20261008013000,https://www.abc.net.au/news/2026-10-08/first-images-of-snowtown-murderer-james-vlassakis/107242384
1326845300,20261008,202610,2026,2026.7616,FRA,FRANCE,FRA,,,,,,,,AUS,AUSTRALIA,AUS,,,,,,,,0,172,172,17,4,-5.0,4,1,4,-4.67289719626168,4,"Adelaide, South Australia, Australia",AS,AS05,5256,-34.9333,138.6,-1555188,4,"Adelaide, South Australia, Australia",AS,AS05,5256,-34.9333,138.6,-1555188,4,"Adelaide, South Australia, Australia",AS,AS05,5256,-34.9333,138.6,-1555188,20261008013000,https://www.abc.net.au/news/2026-10-08/first-images-of-snowtown-murderer-james-vlassakis/107242384
1326845301,20261008,202610,2026,2026.7616,GBR,BRITAIN,GBR,,,,,,,,,,,,,,,,,,0,043,043,04,1,2.8,2,1,2,0.52840158520475,3,"Chicago, Illinois, United States",US,USIL,IL031,41.85,-87.6501,423587,0,,,,,,,,3,"Chicago, Illinois, United States",US,USIL,IL031,41.85,-87.6501,423587,20261008013000,https://www.techradar.com/how-to-watch/how-to-watch-chicago-pd-season-14
1326845302,20261008,202610,2026,2026.7616,GBR,UNITED KINGDOM,GBR,,,,,,,,,,,,,,,,,,0,070,070,07,2,7.0,6,1,6,-0.80495356037151,4,"English Channel, United Kingdom (general), United Kingdom",UK,UK00,154724,54.5833,-3.68333,-2595622,0,,,,,,,,4,"English Channel, United Kingdom (general), United Kingdom",UK,UK00,154724,54.5833,-3.68333,-2595622,20261008013000,https://www.clarksvilleonline.com/2026/10/07/lst-325-docks-in-clarksville-tn-october-2026/
1326845303,20261008,202610,2026,2026.7616,GBR,BRITISH,GBR,,,,,,,,,,,,,,,,,,0,180,180,18,4,-9.0,1,1,1,-12.4661246612466,3,"Miami, Florida, United States",US,USFL,FL086,25.7743,-80.1937,295004,0,,,,,,,,3,"Miami, Florida, United States",US,USFL,FL086,25.7743,-80.1937,295004,20261008013000,https://www.tmz.com/2026/10/07/andrew-and-tristan-tate-want-to-be-bonded-out-of-jail/
1326845304,20261008,202610,2026,2026.7616,GBR,UNITED KINGDOM,GBR,,,,,,,,COP,PRISON,,,,,,COP,,,1,0841,084,08,2,7.0,4,1,4,-12.4661246612466,1,United Kingdom,UK,UK,,54,-4,UK,1,United Kingdom,UK,UK,,54,-4,UK,1,United Kingdom,UK,UK,,54,-4,UK,20261008013000,https://www.tmz.com/2026/10/07/andrew-and-tristan-tate-want-to-be-bonded-out-of-jail/
1326845305,20261008,202610,2026,2026.7616,GBR,UNITED KINGDOM,GBR,,,,,,,,JUD,FEDERAL JUDGE,,,,,,JUD,,,1,020,020,02,1,3.0,2,1,2,-12.4661246612466,3,"Miami, Florida, United States",US,USFL,FL086,25.7743,-80.1937,295004,3,"Miami, Florida, United States",US,USFL,FL086,25.7743,-80.1937,295004,3,"Miami, Florida, United States",US,USFL,FL086,25.7743,-80.1937,295004,20261008013000,https://www.tmz.com/2026/10/07/andrew-and-tristan-tate-want-to-be-bonded-out-of-jail/
1326845306,20261008,202610,2026,2026.7616,GBR,UNITED KINGDOM,GBR,,,,,,,,JUD,FEDERAL JUDGE,,,,,,JUD,,,1,020,020,02,1,3.0,2,1,2,-12.4661246612466,1,Romania,RO,RO,,46,25,RO,1,Romania,RO,RO,,46,25,RO,1,Romania,RO,RO,,46,25,RO,20261008013000,https://www.tmz.com/2026/10/07/andrew-and-tristan-tate-want-to-be-bonded-out-of-jail/
1326845307,20261008,202610,2026,2026.7616,GBR,UNITED KINGDOM,GBR,,,,,,,,LBN,TYRE,LBN,,,,,,,,1,040,040,04,1,1.0,8,1,8,-4.00285918513224,5,"Essex, Essex, United Kingdom",UK,UKE4,40108,51.8333,0.583333,-2595724,5,"Essex, Essex, United Kingdom",UK,UKE4,40108,51.8333,0.583333,-2595724,5,"Essex, Essex, United Kingdom",UK,UKE4,40108,51.8333,0.583333,-2595724,20261008013000,https://www.dailymail.com/news/article-16190881/Britain-breed-boy-racers-risking-lives-MIMI-YATES.html
1326845308,20261008,202610,2026,2026.7616,GBR,UNITED KINGDOM,GBR,,,,,,,,NZL,NEW ZEALAND,NZL,,,,,,,,0,057,057,05,1,8.0,2,1,2,1.81268882175227,4,"Mumbai, Maharashtra, India",IN,IN16,70184,18.975,72.8258,-2092174,4,"Mumbai, Maharashtra, India",IN,IN16,70184,18.975,72.8258,-2092174,4,"Mumbai, Maharashtra, India",IN,IN16,70184,18.975,72.8258,-2092174,20261008013000,https://economictimes.indiatimes.com/markets/stocks/news/what-will-happen-to-economy-if-india-us-fta-doesnt-happen-rbi-governor-reveals/articleshow/134777246.cms
1326845309,20261008,202610,2026,2026.7616,GBR,UNITED KINGDOM,GBR,,,,,,,,NZL,NEW ZEALAND,NZL,,,,,,,,0,057,057,05,1,8.0,6,1,6,1.81268882175227,1,United Kingdom,UK,UK,,54,-4,UK,1,New Zealand,NZ,NZ,,-42,174,NZ,4,"Mumbai, Maharashtra, India",IN,IN16,70184,18.975,72.8258,-2092174,20261008013000,https://economictimes.indiatimes.com/markets/stocks/news/what-will-happen-to-economy-if-india-us-fta-doesnt-happen-rbi-governor-reveals/articleshow/134777246.cms
1326845310,20261008,202610,2026,2026.7616,GBR,UNITED KINGDOM,GBR,,,,,,,,NZL,NEW ZEALAND,NZL,,,,,,,,0,057,057,05,1,8.0,2,1,2,1.81268882175227,1,United Kingdom,UK,UK,,54,-4,UK,1,United Kingdom,UK,UK,,54,-4,UK,4,"Mumbai, Maharashtra, India",IN,IN16,70184,18.975,72.8258,-2092174,20261008013000,https://economictimes.indiatimes.com/markets/stocks/news/what-will-happen-to-economy-if-india-us-fta-doesnt-happen-rbi-governor-reveals/articleshow/134777246.cms
1326845311,20261008,202610,2026,2026.7616,GHA,GHANA,GHA,,,,,,,,,,,,,,,,,,1,120,120,12,3,-4.0,10,1,10,-2.58964143426295,1,Nigeria,NI,NI,,10,8,NI,0,,,,,,,,1,Nigeria,NI,NI,,10,8,NI,20261008013000,https://punchng.com/wbank-naira-proves-more-resilient-than-several-african-currencies/
1326845312,20261008,202610,2026,2026.7616,GOV,MAYOR,,,,,,GOV,,,,,,,,,,,,,0,010,010,01,1,0.0,6,1,6,0.16708437761069,4,"Adelaide, South Australia, Australia",AS,AS05,5256,-34.9333,138.6,-1555188,0,,,,,,,,4,"Adelaide, South Australia, Australia",AS,AS05,5256,-34.9333,138.6,-1555188,20261008013000,https://www.mudgeeguardian.com.au/story/9364673/bowdens-silver-lue-mine-hearing-extended-amid-housing-fears/
1326845313,20261008,202610,2026,2026.7616,GOV,EMBASSY,,,,,,GOV,,,,,,,,,,,,,0,010,010,01,1,0.0,6,1,6,-3.28389830508475,2,"Kentucky, United States",US,USKY,,37.669,-84.6514,KY,0,,,,,,,,2,"Kentucky, United States",US,USKY,,37.669,-84.6514,KY,20261008013000,https://www.thedailybeast.com/kimberly-guilfoyles-demand-for-cash-off-the-books-exposed
1326845314,20261008,202610,2026,2026.7616,GOV,PRESIDENT,,,,,,GOV,,,,,,,,,,,,,0,010,010,01,1,0.0,3,1,3,-1.54761904761904,2,"Nebraska, United States",US,USNE,,41.1289,-98.2883,NE,0,,,,,,,,3,"Washington, District of Columbia, United States",US,USDC,DC001,38.8951,-77.0364,531871,20261008013000,https://dunyanews.tv/en/World/976699-most-republicans-in-tight-midterm-races-distance-themselves-from-trump
1326845315,20261008,202610,2026,2026.7616,GOV,CITY MANAGER,,,,,,GOV,,,,,,,,,,,,,1,014,014,01,1,0.0,10,1,10,-0.19379844961241,3,"Webster Groves, Missouri, United States",US,USMO,MO189,38.5926,-90.3573,756880,0,,,,,,,,3,"Webster Groves, Missouri, United States",US,USMO,,38.5926,-90.3573,756880,20261008013000,https://kdhnews.com/news/local/killeen-council-set-to-vote-on-peoples-as-city-manager-her-contract-is-signed-with/article_9e6adcaa-8611-438e-a7a0-2546532c3d30.html
1326845316,20261008,202610,2026,2026.7616,GOV,MAYOR,,,,,,GOV,,,,,,,,,,,,,0,015,015,01,1,0.0,6,1,6,0.16708437761069,4,"Kandos, New South Wales, Australia",AS,AS02,5096,-32.8577,149.968,-1580828,0,,,,,,,,4,"Kandos, New South Wales, Australia",AS,AS02,5096,-32.8577,149.968,-1580828,20261008013000,https://www.mudgeeguardian.com.au/story/9364673/bowdens-silver-lue-mine-hearing-extended-amid-housing-fears/
1326845317,20261008,202610,2026,2026.7616,GOV,ELECTION COMMISSION,,,,,,GOV,,,,,,,,,,,,,0,016,016,01,1,-2.0,10,1,10,-6.68604651162791,4,"Bihar, Bihar, India",IN,IN34,17615,25.1833,85.5167,-2091797,0,,,,,,,,4,"Bihar, Bihar, India",IN,IN34,17615,25.1833,85.5167,-2091797,20261008013000,https://www.wgauradio.com/news/world/indian-opposition/YO65OMWMJA6CVMAYV6GKBQYUII/
1326845318,20261008,202610,2026,2026.7616,GOV,PRESIDENT,,,,,,GOV,,,,,,,,,,,,,0,017,017,01,1,0.0,10,1,10,1.63934426229508,4,"Abuja, Abuja Federal Capital Territory, Nigeria",NI,NI11,191147,9.08333,7.53333,-1997013,0,,,,,,,,4,"Abuja, Abuja Federal Capital Territory, Nigeria",NI,NI11,191147,9.08333,7.53333,-1997013,20261008013000,https://promptnewsonline.com/newsroom-must-create-strategic-knowledge-to-survive-the-new-era-max-amuchie/
1326845319,20261008,202610,2026,2026.7616,GOV,CHIEF EXECUTIVE,,,,,,GOV,,,,,,,,,,,,,1,020,020,02,1,3.0,10,1,10,6.26702997275205,4,"Labadi, Ghana (general), Ghana",GH,GH00,190655,5.55425,-0.16674,-2075550,0,,,,,,,,4,"Labadi, Ghana (general), Ghana",GH,GH00,190655,5.55425,-0.16674,-2075550,20261008013000,https://punchng.com/african-firms-urged-to-prioritise-workplace-safety/
1326845320,20261008,202610,2026,2026.7616,GOV,FIRE MARSHAL,,,,,,GOV,,,,,,,,,,,,,1,020,020,02,1,3.0,10,1,10,-6.44257703081233,2,"Oregon, United States",US,USOR,,44.5672,-122.127,OR,0,,,,,,,,2,"Oregon, United States",US,USOR,,44.5672,-122.127,OR,20261008013000,https://www.kezi.com/news/local/oregon-fire-marshal-charge-devices-right-to-avoid-house-fires/article_66149fbd-b183-44d8-bdfe-8d465fee0897.html
1326845321,20261008,202610,2026,2026.7616,GOV,ADMINISTRATION,,,,,,GOV,,,,,,,,,,,,,0,023,023,02,1,3.4,3,1,3,-3.28389830508475,2,"Kentucky, United States",US,USKY,,37.669,-84.6514,KY,0,,,,,,,,2,"Kentucky, United States",US,USKY,,37.669,-84.6514,KY,20261008013000,https://www.thedailybeast.com/kimberly-guilfoyles-demand-for-cash-off-the-books-exposed
1326845322,20261008,202610,2026,2026.7616,GOV,REGULATOR,,,,,,GOV,,,,,,,,,,,,,1,043,043,04,1,2.8,5,1,5,2.4,1,United States,US,US,,39.828175,-98.5795,US,0,,,,,,,,1,United States,US,US,,39.828175,-98.5795,US,20261008013000,https://www.pcmag.com/news/fcc-to-auction-spectrum-that-spacex-amazon-and-ast-all-want
1326845323,20261008,202610,2026,2026.7616,GOV,GOVERNMENT,,,,,,GOV,,,,,,,,,,,,,1,050,050,05,1,3.5,5,1,5,-0.97087378640776,4,"Pune, Maharashtra, India",IN,IN16,70178,18.5333,73.8667,-2108361,0,,,,,,,,4,"Pune, Maharashtra, India",IN,IN16,70178,18.5333,73.8667,-2108361,20261008013000,https://www.livemint.com/industry/energy/india-battery-energy-storage-systems-bess-for-wind-solar-power-11791365673898.html
1326845324,20261008,202610,2026,2026.7616,GOV,PLANNING COMMISSION,,,,,,GOV,,,,,,,,,,,,,0,050,050,05,1,3.5,20,1,10,-5.15267175572519,2,"Tennessee, United States",US,USTN,,35.7449,-86.7489,TN,0,,,,,,,,2,"Tennessee, United States",US,USTN,,35.7449,-86.7489,TN,20261008013000,https://www.wsmv.com/2026/10/07/judge-dismisses-dc-blox-lawsuit-challenging-metro-nashvilles-actions-surrounding-proposed-data-center-near-zoo/
1326845325,20261008,202610,2026,2026.7616,GOV,GOVERNANCE,,,,,,GOV,,,,,,,,,,,,,1,051,051,05,1,3.4,1,1,1,6.23229461756374,4,"New Delhi, Delhi, India",IN,IN07,17911,28.6,77.2,-2106102,0,,,,,,,,1,Bhutan,BT,BT,,27.5,90.5,BT,20261008013000,https://timesofindia.indiatimes.com/india/25-years-in-governance-president-world-leaders-allies-hail-pm-modi/articleshow/134777190.cms
1326845326,20261008,202610,2026,2026.7616,GOV,GOVERNANCE,,,,,,GOV,,,,,,,,,,,,,1,051,051,05,1,3.4,1,1,1,6.23229461756374,1,Bhutan,BT,BT,,27.5,90.5,BT,0,,,,,,,,1,Bhutan,BT,BT,,27.5,90.5,BT,20261008013000,https://timesofindia.indiatimes.com/india/25-years-in-governance-president-world-leaders-allies-hail-pm-modi/articleshow/134777190.cms
1326845327,20261008,202610,2026,2026.7616,GOV,GOVERNMENT,,,,,,GOV,,,,,,,,,,,,,1,051,051,05,1,3.4,10,1,10,5.02215657311669,1,Hong Kong,HK,HK,,22.25,114.166667,HK,0,,,,,,,,1,Hong Kong,HK,HK,,22.25,114.166667,HK,20261008013000,https://asianews.network/hong-kong-retains-position-as-the-worlds-freest-economy/
1326845328,20261008,202610,2026,2026.7616,GOV,GOVERNMENT,,,,,,GOV,,,,,,,,,,,,,0,061,061,06,2,6.4,10,1,10,-1.63170163170163,4,"Tirupur, Tamil Nadu, India",IN,IN25,17875,11.1,77.35,-2113268,0,,,,,,,,4,"Tirupur, Tamil Nadu, India",IN,IN25,17875,11.1,77.35,-2113268,20261008013000,https://www.livemint.com/news/india/india-weighs-minimum-export-price-on-cotton-yarn-to-protect-domestic-textile-manufacturers-11791369817478.html
1326845329,20261008,202610,2026,2026.7616,GOV,GOVERNMENT,,,,,,GOV,,,,,,,,,,,,,1,070,070,07,2,7.0,10,1,10,4.32330827067669,4,"Mareeba, Queensland, Australia",AS,AS04,40201,-16.995,145.423,-1585799,0,,,,,,,,4,"Mareeba, Queensland, Australia",AS,AS04,40201,-16.995,145.423,-1585799,20261008013000,https://www.miragenews.com/mareeba-water-security-upgrades-deliver-benefits-1756674/
1326845330,20261008,202610,2026,2026.7616,GOV,ADMINISTRATION,,,,,,GOV,,,,,,,,,,,,,1,071,071,07,2,7.4,6,1,6,-8.97959183673468,1,United States,US,US,,39.828175,-98.5795,US,0,,,,,,,,1,United States,US,US,,39.828175,-98.5795,US,20261008013000,https://democrats.org/breaking-dnc-sues-trump-for-illegally-using-millions-of-taxpayer-dollars-on-partisan-political-propaganda/
1326845331,20261008,202610,2026,2026.7616,GOV,GOVERNMENT,,,,,,GOV,,,,,,,,,,,,,1,073,073,07,2,7.4,18,1,10,-2.78884462151395,4,"Kathmandu, Bagmati, Nepal",NP,NP01,22353,27.7167,85.3167,-1022136,0,,,,,,,,4,"Kathmandu, Bagmati, Nepal",NP,NP01,22353,27.7167,85.3167,-1022136,20261008013000,https://kdhnews.com/news/world/nepal-ends-search-for-thousands-of-flood-victims-leaving-some-angry-and-others-relieved/article_92a5240c-5976-5dc2-9cb6-605d09a4279b.html
1326845332,20261008,202610,2026,2026.7616,GOV,GOVERNMENT,,,,,,GOV,,,,,,,,,,,,,1,080,080,08,2,5.0,10,1,10,-2.78884462151395,4,"Kathmandu, Bagmati, Nepal",NP,NP01,22353,27.7167,85.3167,-1022136,0,,,,,,,,4,"Kathmandu, Bagmati, Nepal",NP,NP01,22353,27.7167,85.3167,-1022136,20261008013000,https://kdhnews.com/news/world/nepal-ends-search-for-thousands-of-flood-victims-leaving-some-angry-and-others-relieved/article_92a5240c-5976-5dc2-9cb6-605d09a4279b.html
1326845333,20261008,202610,2026,2026.7616,GOV,GOVERNMENT,,,,,,GOV,,,,,,,,,,,,,1,090,090,09,2,-2.0,16,1,10,-2.78884462151395,4,"Kathmandu, Bagmati, Nepal",NP,NP01,22353,27.7167,85.3167,-1022136,0,,,,,,,,4,"Kathmandu, Bagmati, Nepal",NP,NP01,22353,27.7167,85.3167,-1022136,20261008013000,https://kdhnews.com/news/world/nepal-ends-search-for-thousands-of-flood-victims-leaving-some-angry-and-others-relieved/article_92a5240c-5976-5dc2-9cb6-605d09a4279b.html
1326845334,20261008,202610,2026,2026.7616,GOV,AUTHORITIES,,,,,,GOV,,,,,,,,,,,,,1,090,090,09,2,-2.0,4,1,2,-6.70859538784067,3,"Cass County, Minnesota, United States",US,USMN,MN021,46.9166,-94.2836,659456,0,,,,,,,,3,"Cass County, Minnesota, United States",US,USMN,,46.9166,-94.2836,659456,20261008013000,https://www.fox9.com/news/cass-county-shooting-teen-death-oct-7-2026
1326845335,20261008,202610,2026,2026.7616,GOV,MAYOR,,,,,,GOV,,,,,,,,,,,,,1,111,111,11,3,-2.0,3,1,3,-10.8485499462943,2,"New York, United States",US,USNY,,42.1497,-74.9384,NY,0,,,,,,,,2,"New York, United States",US,USNY,,42.1497,-74.9384,NY,20261008013000,https://www.cbsnews.com/news/mamdani-criticized-by-democrats-oct-7-statement/
1326845336,20261008,202610,2026,2026.7616,GOV,GOVERNMENT,,,,,,GOV,,,,,,,,,,,,,0,160,160,16,4,-4.0,5,1,5,1.9704433497537,1,India,IN,IN,,20,77,IN,0,,,,,,,,1,India,IN,IN,,20,77,IN,20261008013000,https://www.livemint.com/news/india-homoeopathy-qualifications-drug-plant-inspectors-11791355477229.html
1326845337,20261008,202610,2026,2026.7616,GOV,PRESIDENT,,,,,,GOV,,,,,,,,,,,,,0,160,160,16,4,-4.0,6,1,6,-4.76190476190476,2,"Maine, United States",US,USME,,44.6074,-69.3977,ME,0,,,,,,,,2,"Maine, United States",US,USME,,44.6074,-69.3977,ME,20261008013000,https://www.sunjournal.com/2026/10/07/democrat-files-ethics-complaint-against-susan-collins-over-alleged-pay-to-play-scheme/
1326845338,20261008,202610,2026,2026.7616,GOV,MINIST,,,,,,GOV,,,,,,,,,,,,,1,172,172,17,4,-5.0,4,1,4,-5.06756756756757,4,"Hauraki Gulf, New Zealand (general), New Zealand",NZ,NZ00,22379,-36.3333,175.083,-1510485,0,,,,,,,,4,"Hauraki Gulf, New Zealand (general), New Zealand",NZ,NZ00,22379,-36.3333,175.083,-1510485,20261008013000,https://www.odt.co.nz/news/national/ban-on-taking-sea-life-from-auckland-coromandel-coastlines-a76zr7lx
1326845339,20261008,202610,2026,2026.7616,GOV,ATTORNEY GENERAL,,,,,,GOV,,,,,,,,,,,,,0,173,173,17,4,-5.0,1,1,1,-8.56741573033709,4,"Quebec, Quebec, Canada",CA,CA10,12750,47.5,-72,-571850,0,,,,,,,,4,"Senneville, Quebec, Canada",CA,CA10,12792,45.4333,-73.9667,-573404,20261008013000,https://www.netnewsledger.com/2026/10/07/thunder-bay-man-charged-following-cyber-crime-investigation/
1326845340,20261008,202610,2026,2026.7616,GOV,ADMINISTRATION,,,,,,GOV,,,,,,,,,,,,,0,181,181,18,4,-9.0,3,1,3,-9.9056603773585,3,"Brooklyn, New York, United States",US,USNY,NY025,42.3442,-75.1704,944840,0,,,,,,,,4,"Caracas, Distrito Federal, Venezuela",VE,VE25,31959,10.5,-66.9167,-938457,20261008013000,https://www.abc.net.au/news/2026-10-08/torture-charges-expected-for-nicol%C3%A1s-maduro/107241718
1326845341,20261008,202610,2026,2026.7616,GOV,ADMINISTRATION,,,,,,GOV,,,,,,,,,,,,,0,190,190,19,4,-10.0,6,1,6,0.55762081784386,4,"Ikeja, Lagos, Nigeria",NI,NI05,191295,6.59422,3.33748,-2011499,0,,,,,,,,4,"Ikeja, Lagos, Nigeria",NI,NI05,191295,6.59422,3.33748,-2011499,20261008013000,https://punchng.com/new-customs-cac-vows-intelligence-led-enforcement-revenue-recovery/
1326845342,20261008,202610,2026,2026.7616,GOV,ADMINISTRATION,,,,,,GOV,,,,,,,,,,,,,0,190,190,19,4,-10.0,10,1,10,-5.2384675527756,3,"Davidson County, Tennessee, United States",US,USTN,TN037,36.1501,-86.7833,1639737,0,,,,,,,,3,"Davidson County, Tennessee, United States",US,USTN,,36.1501,-86.7833,1639737,20261008013000,https://www.irishdentist.ie/christa-pike-the-first-survivor-of-lethal-injection-drugs-in-the-usa-she-has-awakened-and-is-speaking/22689/
1326845343,20261008,202610,2026,2026.7616,GOV,PRESIDENT,,,,,,GOV,,,,,,,,,,,,,0,190,190,19,4,-10.0,7,1,7,-2.72300469483568,1,Iran,IR,IR,,32,53,IR,0,,,,,,,,1,Iran,IR,IR,,32,53,IR,20261008013000,https://www.dailymail.com/news/article-16191579/Trump-weighs-huge-strike-Iran-midterms.html
1326845344,20261008,202610,2026,2026.7616,GOV,PRESIDENT,,,,,,GOV,,,,,,,,,,,,,0,190,190,19,4,-10.0,3,1,3,-2.72300469483568,1,Israel,IS,IS,,31.5,34.75,IS,0,,,,,,,,1,Israel,IS,IS,,31.5,34.75,IS,20261008013000,https://www.dailymail.com/news/article-16191579/Trump-weighs-huge-strike-Iran-midterms.html
1326845345,20261008,202610,2026,2026.7616,GOV,MAYOR,,,,,,GOV,,,AUS,AUSTRALIA,AUS,,,,,,,,0,010,010,01,1,0.0,1,1,1,0.16708437761069,4,"Adelaide, South Australia, Australia",AS,AS05,5256,-34.9333,138.6,-1555188,4,"Adelaide, South Australia, Australia",AS,AS05,5256,-34.9333,138.6,-1555188,4,"Adelaide, South Australia, Australia",AS,AS05,5256,-34.9333,138.6,-1555188,20261008013000,https://www.mudgeeguardian.com.au/story/9364673/bowdens-silver-lue-mine-hearing-extended-amid-housing-fears/
1326845346,20261008,202610,2026,2026.7616,GOV,MAYOR,,,,,,GOV,,,AUS,AUSTRALIA,AUS,,,,,,,,0,010,010,01,1,0.0,1,1,1,0.16708437761069,4,"Kandos, New South Wales, Australia",AS,AS02,5096,-32.8577,149.968,-1580828,4,"Kandos, New South Wales, Australia",AS,AS02,5096,-32.8577,149.968,-1580828,4,"Kandos, New South Wales, Australia",AS,AS02,5096,-32.8577,149.968,-1580828,20261008013000,https://www.mudgeeguardian.com.au/story/9364673/bowdens-silver-lue-mine-hearing-extended-amid-housing-fears/
1326845347,20261008,202610,2026,2026.7616,GOV,MAYOR,,,,,,GOV,,,AUS,AUSTRALIA,AUS,,,,,,,,0,015,015,01,1,0.0,2,1,2,0.16708437761069,4,"Kandos, New South Wales, Australia",AS,AS02,5096,-32.8577,149.968,-1580828,4,"Kandos, New South Wales, Australia",AS,AS02,5096,-32.8577,149.968,-1580828,4,"Kandos, New South Wales, Australia",AS,AS02,5096,-32.8577,149.968,-1580828,20261008013000,https://www.mudgeeguardian.com.au/story/9364673/bowdens-silver-lue-mine-hearing-extended-amid-housing-fears/
1326845348,20261008,202610,2026,2026.7616,GOV,DIRECTOR GENERAL,,,,,,GOV,,,BUS,COMPANIES,,,,,,BUS,,,1,012,012,01,1,-0.4,5,1,5,-0.97087378640776,4,"Pune, Maharashtra, India",IN,IN16,70178,18.5333,73.8667,-2108361,4,"Pune, Maharashtra, India",IN,IN16,70178,18.5333,73.8667,-2108361,4,"Pune, Maharashtra, India",IN,IN16,70178,18.5333,73.8667,-2108361,20261008013000,https://www.livemint.com/industry/energy/india-battery-energy-storage-systems-bess-for-wind-solar-power-11791365673898.html
1326845349,20261008,202610,2026,2026.7616,GOV,TEXTILES MINIST,,,,,,GOV,,,BUS,INDUSTRY,,,,,,BUS,,,1,012,012,01,1,-0.4,5,1,5,-1.63170163170163,4,"Tirupur, Tamil Nadu, India",IN,IN25,17875,11.1,77.35,-2113268,4,"Tirupur, Tamil Nadu, India",IN,IN25,17875,11.1,77.35,-2113268,4,"Tirupur, Tamil Nadu, India",IN,IN25,17875,11.1,77.35,-2113268,20261008013000,https://www.livemint.com/news/india/india-weighs-minimum-export-price-on-cotton-yarn-to-protect-domestic-textile-manufacturers-11791369817478.html
1326845350,20261008,202610,2026,2026.7616,GOV,TEXTILES MINIST,,,,,,GOV,,,BUS,INDUSTRY,,,,,,BUS,,,1,020,020,02,1,3.0,10,1,10,-1.63170163170163,4,"Tirupur, Tamil Nadu, India",IN,IN25,17875,11.1,77.35,-2113268,4,"Tirupur, Tamil Nadu, India",IN,IN25,17875,11.1,77.35,-2113268,4,"Tirupur, Tamil Nadu, India",IN,IN25,17875,11.1,77.35,-2113268,20261008013000,https://www.livemint.com/news/india/india-weighs-minimum-export-price-on-cotton-yarn-to-protect-domestic-textile-manufacturers-11791369817478.html
1326845351,20261008,202610,2026,2026.7616,GOV,ATTORNEY GENERAL,,,,,,GOV,,,CANJUD,CANADA,CAN,,,,,JUD,,,0,190,190,19,4,-10.0,1,1,1,-8.56741573033709,4,"Quebec, Quebec, Canada",CA,CA10,12750,47.5,-72,-571850,4,"Senneville, Quebec, Canada",CA,CA10,12792,45.4333,-73.9667,-573404,4,"Senneville, Quebec, Canada",CA,CA10,12792,45.4333,-73.9667,-573404,20261008013000,https://www.netnewsledger.com/2026/10/07/thunder-bay-man-charged-following-cyber-crime-investigation/
1326845352,20261008,202610,2026,2026.7616,GOV,JUSTICE MINISTER,,,,,,GOV,,,CVL,COMMUNITY,,,,,,CVL,,,1,014,014,01,1,0.0,8,1,8,-6.21118012422364,4,"Ottawa, Ontario, Canada",CA,CA08,12755,45.4167,-75.7,-570760,4,"Ottawa, Ontario, Canada",CA,CA08,12755,45.4167,-75.7,-570760,4,"Ottawa, Ontario, Canada",CA,CA08,12755,45.4167,-75.7,-570760,20261008013000,https://www.klkntv.com/i/canada-to-indefinitely-bar-assisted-dying-for-people-whose-sole-condition-is-mental-illness/
1326845353,20261008,202610,2026,2026.7616,GOV,GOVERNMENT,,,,,,GOV,,,CVL,NEIGHBORHOOD,,,,,,CVL,,,1,042,042,04,1,1.9,20,2,20,-0.506762200427535,0,,,,,,,,0,,,,,,,,0,,,,,,,,20261008013000,https://www.fox9.com/news/minneapolis-officials-closed-same-encampment-over-over-again-report
1326845354,20261008,202610,2026,2026.7616,GOV,MAYOR,,,,,,GOV,,,CVL,TRAVELLER,,,,,,CVL,,,1,130,130,13,3,-4.4,20,1,20,0,0,,,,,,,,0,,,,,,,,0,,,,,,,,20261008013000,"https://home.nzcity.co.nz/news/article.aspx?id=455582&fm=psp,tst"
1326845355,20261008,202610,2026,2026.7616,GOV,EMBASSY,,,,,,GOV,,,GRC,GREECE,GRC,,,,,,,,0,010,010,01,1,0.0,4,1,4,-3.28389830508475,1,Greece,GR,GR,,39,22,GR,1,Greece,GR,GR,,39,22,GR,1,Greece,GR,GR,,39,22,GR,20261008013000,https://www.thedailybeast.com/kimberly-guilfoyles-demand-for-cash-off-the-books-exposed
1326845356,20261008,202610,2026,2026.7616,GOV,DIPLOMAT,,,,,,GOV,,,GRC,GREECE,GRC,,,,,,,,1,040,040,04,1,1.0,1,1,1,-2.47349823321555,3,"White House, District of Columbia, United States",US,USDC,,38.8951,-77.0364,531871,4,"Athens, AttikíR, Greece",GR,GR35,16716,37.9833,23.7333,-814876,4,"Athens, AttikíR, Greece",GR,GR35,16716,37.9833,23.7333,-814876,20261008013000,https://www.wgauradio.com/news/world/rubio-greece-set/U3SEX2WSX45QVETNOE7MAX477M/
1326845357,20261008,202610,2026,2026.7616,GOV,FINANCE MINIST,,,,,,GOV,,,IND,BHARAT,IND,,,,,,,,1,040,040,04,1,1.0,7,1,7,-0.59931506849315,4,"New Delhi, Delhi, India",IN,IN07,17911,28.6,77.2,-2106102,4,"New Delhi, Delhi, India",IN,IN07,17911,28.6,77.2,-2106102,4,"New Delhi, Delhi, India",IN,IN07,17911,28.6,77.2,-2106102,20261008013000,https://economictimes.indiatimes.com/news/economy/indicators/gst-council-meeting-2026-today-what-may-change-gst-20-reforms-expectations-rates-itc-refunds-gst-council-meet-key-changes-2026-gst-expectations/articleshow/134769527.cms
1326845358,20261008,202610,2026,2026.7616,GOV,MINIST OF HOME AFFAIRS,,,,,,GOV,,,IND,RANCHI,IND,,,,,,,,0,1014,101,10,3,-5.0,20,1,20,-5.65181518151815,4,"Jammu, Jammu and Kashmir, India",IN,IN12,72851,32.7333,74.8667,-2098228,4,"Jammu, Jammu and Kashmir, India",IN,IN12,72851,32.7333,74.8667,-2098228,4,"Jammu, Jammu and Kashmir, India",IN,IN12,72851,32.7333,74.8667,-2098228,20261008013000,https://indiankanoon.org/doc/22994332/
1326845359,20261008,202610,2026,2026.7616,GOV,MAYOR,,,,,,GOV,,,ISR,ISRAEL,ISR,,,,,,,,1,042,042,04,1,1.9,2,1,2,-8.50202429149799,1,Israel,IS,IS,,31.5,34.75,IS,1,Israel,IS,IS,,31.5,34.75,IS,1,Israel,IS,IS,,31.5,34.75,IS,20261008013000,https://nypost.com/2026/10/07/us-news/mamdani-booed-berated-by-anti-israel-protesters-at-nyc-oct-7-memorial/
1326845360,20261008,202610,2026,2026.7616,GOV,MINIST OF SCIENCE,,,,,,GOV,,,KOR,SOUTH KOREA,KOR,,,,,,,,0,051,051,05,1,3.4,6,1,6,1.28654970760234,1,South Korea,KS,KS,,37,127.5,KS,1,South Korea,KS,KS,,37,127.5,KS,1,South Korea,KS,KS,,37,127.5,KS,20261008013000,https://www.miragenews.com/kaist-reveals-how-ferroelectric-memory-stores-1756661/
1326845361,20261008,202610,2026,2026.7616,GOV,MINIST OF SCIENCE,,,,,,GOV,,,KOR,SOUTH KOREA,KOR,,,,,,,,0,071,071,07,2,7.4,6,1,6,1.28654970760234,1,South Korea,KS,KS,,37,127.5,KS,1,South Korea,KS,KS,,37,127.5,KS,1,South Korea,KS,KS,,37,127.5,KS,20261008013000,https://www.miragenews.com/kaist-reveals-how-ferroelectric-memory-stores-1756661/
1326845362,20261008,202610,2026,2026.7616,GOV,GOVERNMENT,,,,,,GOV,,,MIL,ARMY CHIEF,,,,,,MIL,,,0,043,043,04,1,2.8,6,1,6,-3.65448504983388,1,Laos,LA,LA,,18,105,LA,1,Laos,LA,LA,,18,105,LA,1,Laos,LA,LA,,18,105,LA,20261008013000,http://www.malaysiasun.com/news/279357976/myanmar-military-leader-arrives-in-malaysia-as-repatriations-draw-criticism
1326845363,20261008,202610,2026,2026.7616,GOV,PRIME MINISTER,,,,,,GOV,,,NPL,NEPAL,NPL,,,,,,,,1,090,090,09,2,-2.0,2,1,2,-2.78884462151395,4,"Kathmandu, Bagmati, Nepal",NP,NP01,22353,27.7167,85.3167,-1022136,4,"Kathmandu, Bagmati, Nepal",NP,NP01,22353,27.7167,85.3167,-1022136,4,"Kathmandu, Bagmati, Nepal",NP,NP01,22353,27.7167,85.3167,-1022136,20261008013000,https://kdhnews.com/news/world/nepal-ends-search-for-thousands-of-flood-victims-leaving-some-angry-and-others-relieved/article_92a5240c-5976-5dc2-9cb6-605d09a4279b.html
1326845364,20261008,202610,2026,2026.7616,GOV,CHIEF EXECUTIVE,,,,,,GOV,,,SGP,SINGAPORE,SGP,,,,,,,,1,014,014,01,1,0.0,3,1,3,1.19047619047619,1,Singapore,SN,SN,,1.366667,103.8,SN,1,Singapore,SN,SN,,1.366667,103.8,SN,1,Singapore,SN,SN,,1.366667,103.8,SN,20261008013000,https://asianews.network/singapore-to-deepen-integration-widen-external-ties-as-asean-chair-in-2027-says-foreign-minister/
1326845365,20261008,202610,2026,2026.7616,GOV,PRESIDENT,,,,,,GOV,,,TUR,TURKEY,TUR,,,,,,,,0,042,042,04,1,1.9,2,1,2,-1.1986301369863,3,"White House, District of Columbia, United States",US,USDC,,38.8951,-77.0364,531871,3,"White House, District of Columbia, United States",US,USDC,,38.8951,-77.0364,531871,3,"White House, District of Columbia, United States",US,USDC,,38.8951,-77.0364,531871,20261008013000,https://www.thedailybeast.com/why-uncle-donald-doesnt-want-to-shake-off-natalie
1326845366,20261008,202610,2026,2026.7616,GOV,PRESIDENT,,,,,,GOV,,,TUR,TURKEY,TUR,,,,,,,,0,042,042,04,1,1.9,8,1,8,-1.1986301369863,1,Turkey,TU,TU,,39.059012,34.911546,TU,1,Turkey,TU,TU,,39.059012,34.911546,TU,1,Turkey,TU,TU,,39.059012,34.911546,TU,20261008013000,https://www.thedailybeast.com/why-uncle-donald-doesnt-want-to-shake-off-natalie
1326845367,20261008,202610,2026,2026.7616,GOV,PRESIDENT,,,,,,GOV,,,USA,WASHINGTON,USA,,,,,,,,0,010,010,01,1,0.0,3,1,3,-1.54761904761904,1,Haiti,HA,HA,,19,-72.416667,HA,1,Haiti,HA,HA,,19,-72.416667,HA,1,Haiti,HA,HA,,19,-72.416667,HA,20261008013000,https://dunyanews.tv/en/World/976699-most-republicans-in-tight-midterm-races-distance-themselves-from-trump
1326845368,20261008,202610,2026,2026.7616,GOV,PRESIDENT,,,,,,GOV,,,USA,UNITED STATES,USA,,,,,,,,0,010,010,01,1,0.0,1,1,1,-1.54761904761904,2,"New York, United States",US,USNY,,42.1497,-74.9384,NY,1,Haiti,HA,HA,,19,-72.416667,HA,1,Haiti,HA,HA,,19,-72.416667,HA,20261008013000,https://dunyanews.tv/en/World/976699-most-republicans-in-tight-midterm-races-distance-themselves-from-trump
1326845369,20261008,202610,2026,2026.7616,GOV,AMBASSADOR,,,,,,GOV,,,USA,KENTUCKY,USA,,,,,,,,1,020,020,02,1,3.0,3,1,3,-3.28389830508475,2,"Kentucky, United States",US,USKY,,37.669,-84.6514,KY,2,"Kentucky, United States",US,USKY,,37.669,-84.6514,KY,2,"Kentucky, United States",US,USKY,,37.669,-84.6514,KY,20261008013000,https://www.thedailybeast.com/kimberly-guilfoyles-demand-for-cash-off-the-books-exposed
1326845370,20261008,202610,2026,2026.7616,GOV,CITY MANAGER,,,,,,GOV,,,USA,UNITED STATES,USA,,,,,,,,1,036,036,03,1,4.0,5,1,5,-0.19379844961241,2,"Missouri, United States",US,USMO,,38.4623,-92.302,MO,3,"Webster Groves, Missouri, United States",US,USMO,,38.5926,-90.3573,756880,2,"Missouri, United States",US,USMO,,38.4623,-92.302,MO,20261008013000,https://kdhnews.com/news/local/killeen-council-set-to-vote-on-peoples-as-city-manager-her-contract-is-signed-with/article_9e6adcaa-8611-438e-a7a0-2546532c3d30.html
1326845371,20261008,202610,2026,2026.7616,GOV,CITY MANAGER,,,,,,GOV,,,USA,MISSOURI,USA,,,,,,,,1,036,036,03,1,4.0,3,1,3,-0.19379844961241,2,"Missouri, United States",US,USMO,,38.4623,-92.302,MO,2,"Missouri, United States",US,USMO,,38.4623,-92.302,MO,2,"Missouri, United States",US,USMO,,38.4623,-92.302,MO,20261008013000,https://kdhnews.com/news/local/killeen-council-set-to-vote-on-peoples-as-city-manager-her-contract-is-signed-with/article_9e6adcaa-8611-438e-a7a0-2546532c3d30.html
1326845372,20261008,202610,2026,2026.7616,GOV,MAYOR,,,,,,GOV,,,USA,NEW YORK,USA,,,,,,,,1,042,042,04,1,1.9,2,1,2,-8.50202429149799,1,Israel,IS,IS,,31.5,34.75,IS,2,"New York, United States",US,USNY,,42.1497,-74.9384,NY,1,Israel,IS,IS,,31.5,34.75,IS,20261008013000,https://nypost.com/2026/10/07/us-news/mamdani-booed-berated-by-anti-israel-protesters-at-nyc-oct-7-memorial/
1326845373,20261008,202610,2026,2026.7616,GOV,MAYOR,,,,,,GOV,,,USA,NEW YORK,USA,,,,,,,,1,042,042,04,1,1.9,6,1,6,-8.50202429149799,2,"New York, United States",US,USNY,,42.1497,-74.9384,NY,2,"New York, United States",US,USNY,,42.1497,-74.9384,NY,2,"New York, United States",US,USNY,,42.1497,-74.9384,NY,20261008013000,https://nypost.com/2026/10/07/us-news/mamdani-booed-berated-by-anti-israel-protesters-at-nyc-oct-7-memorial/
1326845374,20261008,202610,2026,2026.7616,GOV,AMBASSADOR,,,,,,GOV,,,USA,AMERICAN,USA,,,,,,,,0,051,051,05,1,3.4,2,1,2,-3.28389830508475,1,Greece,GR,GR,,39,22,GR,1,Greece,GR,GR,,39,22,GR,1,Greece,GR,GR,,39,22,GR,20261008013000,https://www.thedailybeast.com/kimberly-guilfoyles-demand-for-cash-off-the-books-exposed
1326845375,20261008,202610,2026,2026.7616,GOV,AMBASSADOR,,,,,,GOV,,,USA,AMERICAN,USA,,,,,,,,0,051,051,05,1,3.4,8,1,8,-3.28389830508475,2,"Kentucky, United States",US,USKY,,37.669,-84.6514,KY,2,"Kentucky, United States",US,USKY,,37.669,-84.6514,KY,2,"Kentucky, United States",US,USKY,,37.669,-84.6514,KY,20261008013000,https://www.thedailybeast.com/kimberly-guilfoyles-demand-for-cash-off-the-books-exposed
1326845376,20261008,202610,2026,2026.7616,GOV,AUTHORITIES,,,,,,GOV,,,USA,UNITED STATES,USA,,,,,,,,1,090,090,09,2,-2.0,1,1,1,-6.70859538784067,3,"Leech Lake, Minnesota, United States",US,USMN,MN025,45.6584,-93.0429,646578,3,"Cass County, Minnesota, United States",US,USMN,,46.9166,-94.2836,659456,3,"Cass County, Minnesota, United States",US,USMN,,46.9166,-94.2836,659456,20261008013000,https://www.fox9.com/news/cass-county-shooting-teen-death-oct-7-2026
1326845377,20261008,202610,2026,2026.7616,GOV,AUTHORITIES,,,,,,GOV,,,USA,UNITED STATES,USA,,,,,,,,1,090,090,09,2,-2.0,1,1,1,-6.70859538784067,3,"Cass County, Minnesota, United States",US,USMN,MN021,46.9166,-94.2836,659456,3,"Cass County, Minnesota, United States",US,USMN,,46.9166,-94.2836,659456,3,"Cass County, Minnesota, United States",US,USMN,,46.9166,-94.2836,659456,20261008013000,https://www.fox9.com/news/cass-county-shooting-teen-death-oct-7-2026
1326845378,20261008,202610,2026,2026.7616,GOV,ADMINISTRATION,,,,,,GOV,,,USA,UNITED STATES,USA,,,,,,,,1,112,112,11,3,-2.0,8,2,8,-1.46135090609555,3,"Washington, District of Columbia, United States",US,USDC,DC001,38.8951,-77.0364,531871,3,"Washington, District of Columbia, United States",US,USDC,DC001,38.8951,-77.0364,531871,3,"Washington, District of Columbia, United States",US,USDC,DC001,38.8951,-77.0364,531871,20261008013000,https://www.durangoherald.com/articles/associated-press/dnc-sues-trump-administration-alleging-taxpayer-funded-ads-violate-propaganda-law/
1326845379,20261008,202610,2026,2026.7616,GOV,PRESIDENT,,,,,,GOV,,,USA,NEBRASKA,USA,,,,,,,,0,141,141,14,3,-6.5,3,1,3,-1.54761904761904,1,Turkey,TU,TU,,39.059012,34.911546,TU,1,Turkey,TU,TU,,39.059012,34.911546,TU,1,Turkey,TU,TU,,39.059012,34.911546,TU,20261008013000,https://dunyanews.tv/en/World/976699-most-republicans-in-tight-midterm-races-distance-themselves-from-trump
1326845380,20261008,202610,2026,2026.7616,GOV,PRESIDENT,,,,,,GOV,,,USA,UNITED STATES,USA,,,,,,,,0,160,160,16,4,-4.0,2,1,2,-4.76190476190476,2,"Maine, United States",US,USME,,44.6074,-69.3977,ME,2,"Maine, United States",US,USME,,44.6074,-69.3977,ME,2,"Maine, United States",US,USME,,44.6074,-69.3977,ME,20261008013000,https://www.sunjournal.com/2026/10/07/democrat-files-ethics-complaint-against-susan-collins-over-alleged-pay-to-play-scheme/
1326845381,20261008,202610,2026,2026.7616,GOV,ATTORNEY GENERAL,,,,,,GOV,,,USA,UNITED STATES,USA,,,,,,,,0,173,173,17,4,-5.0,2,1,2,-11.1888111888112,2,"Arkansas, United States",US,USAR,,34.9513,-92.3809,AR,2,"Arkansas, United States",US,USAR,,34.9513,-92.3809,AR,2,"Arkansas, United States",US,USAR,,34.9513,-92.3809,AR,20261008013000,https://www.4029tv.com/article/five-arrested-in-washington-county-human-trafficking-investigation/74069672
1326845382,20261008,202610,2026,2026.7616,GOV,CITY MANAGER,,,,,,GOV,,,USAELI,UNITED STATES,USA,,,,,ELI,,,1,036,036,03,1,4.0,2,1,2,-0.19379844961241,2,"Missouri, United States",US,USMO,,38.4623,-92.302,MO,3,"Webster Groves, Missouri, United States",US,USMO,,38.5926,-90.3573,756880,2,"Missouri, United States",US,USMO,,38.4623,-92.302,MO,20261008013000,https://kdhnews.com/news/local/killeen-council-set-to-vote-on-peoples-as-city-manager-her-contract-is-signed-with/article_9e6adcaa-8611-438e-a7a0-2546532c3d30.html
1326845383,20261008,202610,2026,2026.7616,GOV,PRESIDENT,,,,,,GOV,,,USAMED,REUTERS,USA,,,,,MED,,,0,100,100,10,3,-5.0,1,1,1,-3.16856780735108,4,"Tehran, Tehran, Iran",IR,IR26,41130,35.75,51.5148,10074674,1,Oman,MU,MU,,21,57,MU,1,Oman,MU,MU,,21,57,MU,20261008013000,https://wwd.com/sourcing-journal/logistics/strait-of-hormuz-freight-rates-peaked-iran-war-xeneta-container-shipping-oil-1239320306/
1326845384,20261008,202610,2026,2026.7616,GOV,PRESIDENT,,,,,,GOV,,,USAMED,REUTERS,USA,,,,,MED,,,0,100,100,10,3,-5.0,1,1,1,-3.16856780735108,1,Oman,MU,MU,,21,57,MU,4,"Tehran, Tehran, Iran",IR,IR26,41130,35.75,51.5148,10074674,4,"Tehran, Tehran, Iran",IR,IR26,41130,35.75,51.5148,10074674,20261008013000,https://wwd.com/sourcing-journal/logistics/strait-of-hormuz-freight-rates-peaked-iran-war-xeneta-container-shipping-oil-1239320306/
1326845385,20261008,202610,2026,2026.7616,GOV,PRESIDENT,,,,,,GOV,,,VEN,VENEZUELA,VEN,,,,,,,,1,173,173,17,4,-5.0,2,1,2,-10.1382488479262,3,"Washington, District of Columbia, United States",US,USDC,DC001,38.8951,-77.0364,531871,3,"Washington, District of Columbia, United States",US,USDC,DC001,38.8951,-77.0364,531871,1,Venezuela,VE,VE,,8,-66,VE,20261008013000,https://www.rnz.co.nz/news/world/1791498/venezuela-s-maduro-to-face-new-us-charges-over-alleged-torture-of-americans-official-says
1326845386,20261008,202610,2026,2026.7616,GOV,PRESIDENT,,,,,,GOV,,,VEN,VENEZUELA,VEN,,,,,,,,1,173,173,17,4,-5.0,8,1,8,-10.1382488479262,1,Venezuela,VE,VE,,8,-66,VE,1,Venezuela,VE,VE,,8,-66,VE,1,Venezuela,VE,VE,,8,-66,VE,20261008013000,https://www.rnz.co.nz/news/world/1791498/venezuela-s-maduro-to-face-new-us-charges-over-alleged-torture-of-americans-official-says
1326845387,20261008,202610,2026,2026.7616,GOVBUS,INDUSTRY MINIST,,,,,,GOV,BUS,,,,,,,,,,,,1,040,040,04,1,1.0,7,1,7,0.65717415115005,4,"Canberra, Australian Capital Territory, Australia",AS,AS01,4940,-35.2833,149.217,-1563952,0,,,,,,,,4,"Canberra, Australian Capital Territory, Australia",AS,AS01,4940,-35.2833,149.217,-1563952,20261008013000,https://www.miragenews.com/tania-constable-interview-with-abc-tv-news-1756670/
1326845388,20261008,202610,2026,2026.7616,GOVBUS,RESERVE BANK,,,,,,GOV,BUS,,,,,,,,,,,,0,090,090,09,2,-2.0,5,1,5,-0.59931506849315,4,"New Delhi, Delhi, India",IN,IN07,17911,28.6,77.2,-2106102,0,,,,,,,,4,"New Delhi, Delhi, India",IN,IN07,17911,28.6,77.2,-2106102,20261008013000,https://economictimes.indiatimes.com/news/economy/indicators/gst-council-meeting-2026-today-what-may-change-gst-20-reforms-expectations-rates-itc-refunds-gst-council-meet-key-changes-2026-gst-expectations/articleshow/134769527.cms
1326845389,20261008,202610,2026,2026.7616,GOVBUS,INDUSTRY MINIST,,,,,,GOV,BUS,,AUS,AUSTRALIA,AUS,,,,,,,,1,040,040,04,1,1.0,3,1,3,0.65717415115005,4,"Canberra, Australian Capital Territory, Australia",AS,AS01,4940,-35.2833,149.217,-1563952,4,"Canberra, Australian Capital Territory, Australia",AS,AS01,4940,-35.2833,149.217,-1563952,4,"Canberra, Australian Capital Territory, Australia",AS,AS01,4940,-35.2833,149.217,-1563952,20261008013000,https://www.miragenews.com/tania-constable-interview-with-abc-tv-news-1756670/
1326845390,20261008,202610,2026,2026.7616,GOVCOP,INSPECTOR GENERAL,,,,,,GOV,COP,,COP,PRISON,,,,,,COP,,,0,020,020,02,1,3.0,10,1,10,-2.25148683092608,4,"Hazaribagh, Jharkhand, India",IN,IN38,70146,23.9833,85.35,-2097378,4,"Hazaribagh, Jharkhand, India",IN,IN38,70146,23.9833,85.35,-2097378,4,"Hazaribagh, Jharkhand, India",IN,IN38,70146,23.9833,85.35,-2097378,20261008013000,https://indiankanoon.org/doc/131908804/
1326845391,20261008,202610,2026,2026.7616,GOVCOP,INSPECTOR GENERAL,,,,,,GOV,COP,,USA,ARKANSAS,USA,,,,,,,,0,020,020,02,1,3.0,2,1,2,-1.24610591900311,2,"Arkansas, United States",US,USAR,,34.9513,-92.3809,AR,2,"Arkansas, United States",US,USAR,,34.9513,-92.3809,AR,2,"Arkansas, United States",US,USAR,,34.9513,-92.3809,AR,20261008013000,https://www.4029tv.com/article/arkansas-child-abuse-report-audit/74070012
1326845392,20261008,202610,2026,2026.7616,GOVJUD,ADVOCATE GENERAL,,,,,,GOV,JUD,,,,,,,,,,,,0,073,073,07,2,7.4,1,1,1,-2.25148683092608,4,"Hazaribagh, Jharkhand, India",IN,IN38,70146,23.9833,85.35,-2097378,0,,,,,,,,4,"Hazaribagh, Jharkhand, India",IN,IN38,70146,23.9833,85.35,-2097378,20261008013000,https://indiankanoon.org/doc/131908804/
1326845393,20261008,202610,2026,2026.7616,GOVJUD,ADVOCATE GENERAL,,,,,,GOV,JUD,,,,,,,,,,,,0,073,073,07,2,7.4,3,1,3,-2.25148683092608,4,"Mahila, Rajasthan, India",IN,IN24,70238,28.9842,74.3117,11432555,0,,,,,,,,4,"Hazaribagh, Jharkhand, India",IN,IN38,70146,23.9833,85.35,-2097378,20261008013000,https://indiankanoon.org/doc/131908804/
1326845394,20261008,202610,2026,2026.7616,GOVJUD,ADVOCATE GENERAL,,,,,,GOV,JUD,,,,,,,,,,,,0,073,073,07,2,7.4,1,1,1,-2.25148683092608,4,"Mahila, Rajasthan, India",IN,IN24,70238,28.9842,74.3117,11432555,0,,,,,,,,4,"Mahila, Rajasthan, India",IN,IN24,70238,28.9842,74.3117,11432555,20261008013000,https://indiankanoon.org/doc/131908804/
1326845395,20261008,202610,2026,2026.7616,GRC,GREECE,GRC,,,,,,,,,,,,,,,,,,0,020,020,02,1,3.0,8,1,8,-0.80495356037151,4,"Syros, Perifereia Notiou Aigaiou, Greece",GR,GR61,16709,37.45,24.9333,-814288,0,,,,,,,,4,"Syros, Perifereia Notiou Aigaiou, Greece",GR,GR61,16709,37.45,24.9333,-814288,20261008013000,https://www.clarksvilleonline.com/2026/10/07/lst-325-docks-in-clarksville-tn-october-2026/
1326845396,20261008,202610,2026,2026.7616,GRC,GREECE,GRC,,,,,,,,,,,,,,,,,,1,020,020,02,1,3.0,8,1,8,-2.47349823321555,2,"New York, United States",US,USNY,,42.1497,-74.9384,NY,0,,,,,,,,2,"New York, United States",US,USNY,,42.1497,-74.9384,NY,20261008013000,https://www.wgauradio.com/news/world/rubio-greece-set/U3SEX2WSX45QVETNOE7MAX477M/
1326845397,20261008,202610,2026,2026.7616,GRC,GREECE,GRC,,,,,,,,,,,,,,,,,,0,020,020,02,1,3.0,2,1,2,-0.80495356037151,2,"Utah, United States",US,USUT,,40.1135,-111.854,UT,0,,,,,,,,2,"Utah, United States",US,USUT,,40.1135,-111.854,UT,20261008013000,https://www.clarksvilleonline.com/2026/10/07/lst-325-docks-in-clarksville-tn-october-2026/
1326845398,20261008,202610,2026,2026.7616,GRC,GREECE,GRC,,,,,,,,,,,,,,,,,,1,040,040,04,1,1.0,1,1,1,-2.47349823321555,3,"White House, District of Columbia, United States",US,USDC,,38.8951,-77.0364,531871,0,,,,,,,,4,"Athens, AttikíR, Greece",GR,GR35,16716,37.9833,23.7333,-814876,20261008013000,https://www.wgauradio.com/news/world/rubio-greece-set/U3SEX2WSX45QVETNOE7MAX477M/
1326845399,20261008,202610,2026,2026.7616,GRC,GREECE,GRC,,,,,,,,,,,,,,,,,,0,043,043,04,1,2.8,1,1,1,-2.47349823321555,4,"Athens, AttikíR, Greece",GR,GR35,16716,37.9833,23.7333,-814876,0,,,,,,,,2,"California, United States",US,USCA,,36.17,-119.746,CA,20261008013000,https://www.wgauradio.com/news/world/rubio-greece-set/U3SEX2WSX45QVETNOE7MAX477M/
1326845400,20261008,202610,2026,2026.7616,GRC,GREECE,GRC,,,,,,,,,,,,,,,,,,0,141,141,14,3,-6.5,2,1,2,-2.47349823321555,4,"Athens, AttikíR, Greece",GR,GR35,16716,37.9833,23.7333,-814876,0,,,,,,,,4,"Athens, AttikíR, Greece",GR,GR35,16716,37.9833,23.7333,-814876,20261008013000,https://www.wgauradio.com/news/world/rubio-greece-set/U3SEX2WSX45QVETNOE7MAX477M/
1326845401,20261008,202610,2026,2026.7616,GRC,GREECE,GRC,,,,,,,,ESP,SPANISH,ESP,,,,,,,,0,051,051,05,1,3.4,2,1,2,-2.47349823321555,4,"Athens, AttikíR, Greece",GR,GR35,16716,37.9833,23.7333,-814876,3,"White House, District of Columbia, United States",US,USDC,,38.8951,-77.0364,531871,4,"Athens, AttikíR, Greece",GR,GR35,16716,37.9833,23.7333,-814876,20261008013000,https://www.wgauradio.com/news/world/rubio-greece-set/U3SEX2WSX45QVETNOE7MAX477M/
1326845402,20261008,202610,2026,2026.7616,GRC,GREECE,GRC,,,,,,,,ESP,SPANISH,ESP,,,,,,,,0,051,051,05,1,3.4,2,1,2,-2.47349823321555,4,"Athens, AttikíR, Greece",GR,GR35,16716,37.9833,23.7333,-814876,1,Spain,SP,SP,,40,-4,SP,1,Spain,SP,SP,,40,-4,SP,20261008013000,https://www.wgauradio.com/news/world/rubio-greece-set/U3SEX2WSX45QVETNOE7MAX477M/
1326845403,20261008,202610,2026,2026.7616,GRC,GREECE,GRC,,,,,,,,GOV,AMBASSADOR,,,,,,GOV,,,0,011,011,01,1,-0.1,2,1,2,-2.47349823321555,4,"Athens, AttikíR, Greece",GR,GR35,16716,37.9833,23.7333,-814876,4,"Athens, AttikíR, Greece",GR,GR35,16716,37.9833,23.7333,-814876,4,"Athens, AttikíR, Greece",GR,GR35,16716,37.9833,23.7333,-814876,20261008013000,https://www.wgauradio.com/news/world/rubio-greece-set/U3SEX2WSX45QVETNOE7MAX477M/
1326845404,20261008,202610,2026,2026.7616,GRC,GREECE,GRC,,,,,,,,GOV,AMBASSADOR,,,,,,GOV,,,0,011,011,01,1,-0.1,2,1,2,-2.47349823321555,4,"Athens, AttikíR, Greece",GR,GR35,16716,37.9833,23.7333,-814876,4,"Athens, AttikíR, Greece",GR,GR35,16716,37.9833,23.7333,-814876,2,"California, United States",US,USCA,,36.17,-119.746,CA,20261008013000,https://www.wgauradio.com/news/world/rubio-greece-set/U3SEX2WSX45QVETNOE7MAX477M/
1326845405,20261008,202610,2026,2026.7616,GRC,ATHENS,GRC,,,,,,,,GOV,SECRETARY OF STATE,,,,,,GOV,,,1,020,020,02,1,3.0,7,1,5,-2.47349823321555,4,"Athens, AttikíR, Greece",GR,GR35,16716,37.9833,23.7333,-814876,4,"Athens, AttikíR, Greece",GR,GR35,16716,37.9833,23.7333,-814876,4,"Athens, AttikíR, Greece",GR,GR35,16716,37.9833,23.7333,-814876,20261008013000,https://www.wgauradio.com/news/world/rubio-greece-set/U3SEX2WSX45QVETNOE7MAX477M/
1326845406,20261008,202610,2026,2026.7616,GRC,GREECE,GRC,,,,,,,,GOV,AMBASSADOR,,,,,,GOV,,,0,020,020,02,1,3.0,2,1,2,-2.47349823321555,4,"Athens, AttikíR, Greece",GR,GR35,16716,37.9833,23.7333,-814876,4,"Athens, AttikíR, Greece",GR,GR35,16716,37.9833,23.7333,-814876,2,"California, United States",US,USCA,,36.17,-119.746,CA,20261008013000,https://www.wgauradio.com/news/world/rubio-greece-set/U3SEX2WSX45QVETNOE7MAX477M/
1326845407,20261008,202610,2026,2026.7616,GRC,GREECE,GRC,,,,,,,,GOV,ADMINISTRATION,,,,,,GOV,,,0,023,023,02,1,3.4,2,1,2,-3.28389830508475,2,"Kentucky, United States",US,USKY,,37.669,-84.6514,KY,2,"Kentucky, United States",US,USKY,,37.669,-84.6514,KY,2,"Kentucky, United States",US,USKY,,37.669,-84.6514,KY,20261008013000,https://www.thedailybeast.com/kimberly-guilfoyles-demand-for-cash-off-the-books-exposed
1326845408,20261008,202610,2026,2026.7616,GRC,GREECE,GRC,,,,,,,,GOV,DIPLOMAT,,,,,,GOV,,,1,040,040,04,1,1.0,1,1,1,-2.47349823321555,4,"Athens, AttikíR, Greece",GR,GR35,16716,37.9833,23.7333,-814876,3,"White House, District of Columbia, United States",US,USDC,,38.8951,-77.0364,531871,4,"Athens, AttikíR, Greece",GR,GR35,16716,37.9833,23.7333,-814876,20261008013000,https://www.wgauradio.com/news/world/rubio-greece-set/U3SEX2WSX45QVETNOE7MAX477M/
1326845409,20261008,202610,2026,2026.7616,GRC,ATHENS,GRC,,,,,,,,GRCGOV,GREECE,GRC,,,,,GOV,,,1,020,020,02,1,3.0,2,1,2,-2.47349823321555,4,"Athens, AttikíR, Greece",GR,GR35,16716,37.9833,23.7333,-814876,4,"Athens, AttikíR, Greece",GR,GR35,16716,37.9833,23.7333,-814876,4,"Athens, AttikíR, Greece",GR,GR35,16716,37.9833,23.7333,-814876,20261008013000,https://www.wgauradio.com/news/world/rubio-greece-set/U3SEX2WSX45QVETNOE7MAX477M/
1326845410,20261008,202610,2026,2026.7616,GRC,GREECE,GRC,,,,,,,,USA,KENTUCKY,USA,,,,,,,,1,020,020,02,1,3.0,2,1,2,-3.28389830508475,2,"Kentucky, United States",US,USKY,,37.669,-84.6514,KY,2,"Kentucky, United States",US,USKY,,37.669,-84.6514,KY,2,"Kentucky, United States",US,USKY,,37.669,-84.6514,KY,20261008013000,https://www.thedailybeast.com/kimberly-guilfoyles-demand-for-cash-off-the-books-exposed
1326845411,20261008,202610,2026,2026.7616,GRC,GREECE,GRC,,,,,,,,USA,UNITED STATES,USA,,,,,,,,1,040,040,04,1,1.0,2,1,2,-2.47349823321555,4,"Athens, AttikíR, Greece",GR,GR35,16716,37.9833,23.7333,-814876,3,"White House, District of Columbia, United States",US,USDC,,38.8951,-77.0364,531871,4,"Athens, AttikíR, Greece",GR,GR35,16716,37.9833,23.7333,-814876,20261008013000,https://www.wgauradio.com/news/world/rubio-greece-set/U3SEX2WSX45QVETNOE7MAX477M/
1326845412,20261008,202610,2026,2026.7616,GRC,GREECE,GRC,,,,,,,,USA,UNITED STATES,USA,,,,,,,,0,120,120,12,3,-4.0,1,1,1,-2.47349823321555,4,"Athens, AttikíR, Greece",GR,GR35,16716,37.9833,23.7333,-814876,2,"California, United States",US,USCA,,36.17,-119.746,CA,4,"Athens, AttikíR, Greece",GR,GR35,16716,37.9833,23.7333,-814876,20261008013000,https://www.wgauradio.com/news/world/rubio-greece-set/U3SEX2WSX45QVETNOE7MAX477M/
1326845413,20261008,202610,2026,2026.7616,GRCJUD,GREECE,GRC,,,,,JUD,,,GRC,GREECE,GRC,,,,,,,,0,010,010,01,1,0.0,2,1,2,-3.28389830508475,1,Greece,GR,GR,,39,22,GR,1,Greece,GR,GR,,39,22,GR,2,"Kentucky, United States",US,USKY,,37.669,-84.6514,KY,20261008013000,https://www.thedailybeast.com/kimberly-guilfoyles-demand-for-cash-off-the-books-exposed
1326845414,20261008,202610,2026,2026.7616,GRCMIL,GREECE,GRC,,,,,MIL,,,,,,,,,,,,,0,0831,083,08,2,5.0,2,1,2,-0.80495356037151,4,"Athens, AttikíR, Greece",GR,GR35,16716,37.9833,23.7333,-814876,0,,,,,,,,4,"Athens, AttikíR, Greece",GR,GR35,16716,37.9833,23.7333,-814876,20261008013000,https://www.clarksvilleonline.com/2026/10/07/lst-325-docks-in-clarksville-tn-october-2026/
1326845415,20261008,202610,2026,2026.7616,GRCMIL,GREECE,GRC,,,,,MIL,,,USA,UNITED STATES,USA,,,,,,,,0,020,020,02,1,3.0,2,1,2,-0.80495356037151,4,"Athens, AttikíR, Greece",GR,GR35,16716,37.9833,23.7333,-814876,2,"Illinois, United States",US,USIL,,40.3363,-89.0022,IL,2,"Illinois, United States",US,USIL,,40.3363,-89.0022,IL,20261008013000,https://www.clarksvilleonline.com/2026/10/07/lst-325-docks-in-clarksville-tn-october-2026/
1326845416,20261008,202610,2026,2026.7616,HIN,HINDU,,,,HIN,,,,,,,,,,,,,,,0,010,010,01,1,0.0,6,1,6,-1.73638078331299,5,"Himachal Pradesh, Himachal Pradesh, India",IN,IN11,17673,31.9167,77.25,-2097441,0,,,,,,,,5,"Himachal Pradesh, Himachal Pradesh, India",IN,IN11,17673,31.9167,77.25,-2097441,20261008013000,https://indiankanoon.org/doc/112239434/
1326845417,20261008,202610,2026,2026.7616,HIN,HINDU,,,,HIN,,,,,,,,,,,,,,,0,010,010,01,1,0.0,2,1,2,-1.73638078331299,5,"Himachal Pradesh, Himachal Pradesh, India",IN,IN11,17673,31.9167,77.25,-2097441,0,,,,,,,,4,"Ranchi, Jharkhand, India",IN,IN38,17622,23.35,85.3333,-2109068,20261008013000,https://indiankanoon.org/doc/112239434/
1326845418,20261008,202610,2026,2026.7616,HIN,HINDU,,,,HIN,,,,,,,,,,,,,,,0,010,010,01,1,0.0,2,1,2,-1.73638078331299,4,"Ranchi, Jharkhand, India",IN,IN38,17622,23.35,85.3333,-2109068,0,,,,,,,,4,"Ranchi, Jharkhand, India",IN,IN38,17622,23.35,85.3333,-2109068,20261008013000,https://indiankanoon.org/doc/112239434/
1326845419,20261008,202610,2026,2026.7616,HIN,HINDU,,,,HIN,,,,,,,,,,,,,,,0,120,120,12,3,-4.0,2,1,2,-1.73638078331299,4,"Ranchi, Jharkhand, India",IN,IN38,17622,23.35,85.3333,-2109068,0,,,,,,,,4,"Ranchi, Jharkhand, India",IN,IN38,17622,23.35,85.3333,-2109068,20261008013000,https://indiankanoon.org/doc/112239434/
1326845420,20261008,202610,2026,2026.7616,HIN,HINDU,,,,HIN,,,,,,,,,,,,,,,0,120,120,12,3,-4.0,3,1,3,-1.73638078331299,4,"Santhal, Gujarat, India",IN,IN09,70129,23.4833,72.25,-2110271,0,,,,,,,,4,"Santhal, Gujarat, India",IN,IN09,70129,23.4833,72.25,-2110271,20261008013000,https://indiankanoon.org/doc/112239434/
1326845421,20261008,202610,2026,2026.7616,HLH,DOCTOR,,,,,,HLH,,,,,,,,,,,,,0,010,010,01,1,0.0,6,1,6,-5.70107858243451,1,Spain,SP,SP,,40,-4,SP,0,,,,,,,,1,Spain,SP,SP,,40,-4,SP,20261008013000,https://kvia.com/news/crime/2026/10/07/el-paso-doctor-indecent-assault-charge/
1326845422,20261008,202610,2026,2026.7616,HLH,DOCTOR,,,,,,HLH,,,,,,,,,,,,,0,010,010,01,1,0.0,4,1,4,-5.70107858243451,2,"Texas, United States",US,USTX,,31.106,-97.6475,TX,0,,,,,,,,2,"Texas, United States",US,USTX,,31.106,-97.6475,TX,20261008013000,https://kvia.com/news/crime/2026/10/07/el-paso-doctor-indecent-assault-charge/
1326845423,20261008,202610,2026,2026.7616,HLH,HOSPITAL,,,,,,HLH,,,,,,,,,,,,,1,020,020,02,1,3.0,2,1,2,1.45348837209303,3,"Springdale, Arkansas, United States",US,USAR,AR143,36.1867,-94.1288,78436,0,,,,,,,,3,"Springdale, Arkansas, United States",US,USAR,AR143,36.1867,-94.1288,78436,20261008013000,https://www.4029tv.com/article/arkansas-childrens-northwest-expansion-brings-more-pediatric-care-to-northwest-arkansas/74070789
1326845424,20261008,202610,2026,2026.7616,HLH,HOSPITAL,,,,,,HLH,,,,,,,,,,,,,1,033,033,03,1,5.2,10,1,10,0.30581039755352,0,,,,,,,,0,,,,,,,,0,,,,,,,,20261008013000,https://www.polkio.com/news/west-valley-hospital-plans-75-million-emergency-department-upgrade/article_f3e36b9d-8138-435d-a1a5-268e3933d594.html
1326845425,20261008,202610,2026,2026.7616,HLH,HOSPITAL,,,,,,HLH,,,,,,,,,,,,,1,043,043,04,1,2.8,6,1,6,-4.56273764258555,4,"Melbourne, Victoria, Australia",AS,AS07,5430,-37.8167,144.967,-1586844,0,,,,,,,,4,"Melbourne, Victoria, Australia",AS,AS07,5430,-37.8167,144.967,-1586844,20261008013000,https://www.abc.net.au/news/2026-10-08/taylors-hill-firebombing-teen-took-orders-middlemen/107241702
1326845426,20261008,202610,2026,2026.7616,HLH,HOSPITAL,,,,,,HLH,,,,,,,,,,,,,0,043,043,04,1,2.8,2,1,2,-6.57334144856969,3,"Riverbend, Tennessee, United States",US,USTN,TN093,35.8954,-83.9763,1312367,0,,,,,,,,3,"Riverbend, Tennessee, United States",US,USTN,TN093,35.8954,-83.9763,1312367,20261008013000,https://www.dailymail.com/crime-desk/article-16190497/christa-pike-family-speak-execution-tennessee.html
1326845427,20261008,202610,2026,2026.7616,HLH,HOSPITAL,,,,,,HLH,,,,,,,,,,,,,0,043,043,04,1,2.8,6,1,6,-5.2384675527756,2,"Tennessee, United States",US,USTN,,35.7449,-86.7489,TN,0,,,,,,,,2,"Tennessee, United States",US,USTN,,35.7449,-86.7489,TN,20261008013000,https://www.irishdentist.ie/christa-pike-the-first-survivor-of-lethal-injection-drugs-in-the-usa-she-has-awakened-and-is-speaking/22689/
1326845428,20261008,202610,2026,2026.7616,HLH,HOSPITAL,,,,,,HLH,,,,,,,,,,,,,0,090,090,09,2,-2.0,10,1,10,-5.70107858243451,2,"Texas, United States",US,USTX,,31.106,-97.6475,TX,0,,,,,,,,2,"Texas, United States",US,USTX,,31.106,-97.6475,TX,20261008013000,https://kvia.com/news/crime/2026/10/07/el-paso-doctor-indecent-assault-charge/
1326845429,20261008,202610,2026,2026.7616,HLH,HOSPITAL,,,,,,HLH,,,AUS,AUSTRALIA,AUS,,,,,,,,1,043,043,04,1,2.8,4,1,4,-4.56273764258555,4,"Melbourne, Victoria, Australia",AS,AS07,5430,-37.8167,144.967,-1586844,4,"Melbourne, Victoria, Australia",AS,AS07,5430,-37.8167,144.967,-1586844,4,"Melbourne, Victoria, Australia",AS,AS07,5430,-37.8167,144.967,-1586844,20261008013000,https://www.abc.net.au/news/2026-10-08/taylors-hill-firebombing-teen-took-orders-middlemen/107241702
1326845430,20261008,202610,2026,2026.7616,HLH,DOCTOR,,,,,,HLH,,,EDUEDU,SCHOOL,,,,,,EDU,EDU,,1,112,112,11,3,-2.0,5,1,5,-5.70107858243451,2,"Texas, United States",US,USTX,,31.106,-97.6475,TX,2,"Texas, United States",US,USTX,,31.106,-97.6475,TX,2,"Texas, United States",US,USTX,,31.106,-97.6475,TX,20261008013000,https://kvia.com/news/crime/2026/10/07/el-paso-doctor-indecent-assault-charge/
1326845431,20261008,202610,2026,2026.7616,HLH,DOCTOR,,,,,,HLH,,,EDUEDU,SCHOOL,,,,,,EDU,EDU,,1,180,180,18,4,-9.0,5,1,5,-5.70107858243451,3,"El Paso, Texas, United States",US,USTX,TX141,31.7587,-106.487,1380946,3,"El Paso, Texas, United States",US,USTX,,31.7587,-106.487,1380946,3,"El Paso, Texas, United States",US,USTX,,31.7587,-106.487,1380946,20261008013000,https://kvia.com/news/crime/2026/10/07/el-paso-doctor-indecent-assault-charge/
1326845432,20261008,202610,2026,2026.7616,HLH,HOSPITAL,,,,,,HLH,,,NZL,AUCKLAND,NZL,,,,,,,,1,043,043,04,1,2.8,10,1,10,1.94174757281554,0,,,,,,,,0,,,,,,,,0,,,,,,,,20261008013000,https://www.sunlive.co.nz/news/385997-tauranga-transfers-among-five-rescue-missions.html
1326845433,20261008,202610,2026,2026.7616,HLH,HOSPITAL,,,,,,HLH,,,RUS,RUSSIA,RUS,,,,,,,,1,046,046,04,1,7.0,2,1,2,-7.71428571428571,4,"Kremlin, Moskva, Russia",RS,RS48,25106,55.7522,37.6156,-2960561,1,United States,US,US,,39.828175,-98.5795,US,1,United States,US,US,,39.828175,-98.5795,US,20261008013000,https://www.dailystar.co.uk/news/us-news/trump-says-world-find-out-37747428
1326845434,20261008,202610,2026,2026.7616,HLH,HOSPITAL,,,,,,HLH,,,RUS,RUSSIA,RUS,,,,,,,,1,046,046,04,1,7.0,6,1,6,-7.71428571428571,1,United States,US,US,,39.828175,-98.5795,US,1,United States,US,US,,39.828175,-98.5795,US,1,United States,US,US,,39.828175,-98.5795,US,20261008013000,https://www.dailystar.co.uk/news/us-news/trump-says-world-find-out-37747428
1326845435,20261008,202610,2026,2026.7616,HLH,HOSPITAL,,,,,,HLH,,,USA,UNITED STATES,USA,,,,,,,,0,010,010,01,1,0.0,6,1,6,-6.57334144856969,3,"Riverbend, Tennessee, United States",US,USTN,TN093,35.8954,-83.9763,1312367,3,"Riverbend, Tennessee, United States",US,USTN,TN093,35.8954,-83.9763,1312367,3,"Riverbend, Tennessee, United States",US,USTN,TN093,35.8954,-83.9763,1312367,20261008013000,https://www.dailymail.com/crime-desk/article-16190497/christa-pike-family-speak-execution-tennessee.html
1326845436,20261008,202610,2026,2026.7616,HLH,HOSPITAL,,,,,,HLH,,,USA,UNITED STATES,USA,,,,,,,,1,020,020,02,1,3.0,4,1,4,1.45348837209303,3,"Springdale, Arkansas, United States",US,USAR,AR143,36.1867,-94.1288,78436,3,"Springdale, Arkansas, United States",US,USAR,AR143,36.1867,-94.1288,78436,3,"Springdale, Arkansas, United States",US,USAR,AR143,36.1867,-94.1288,78436,20261008013000,https://www.4029tv.com/article/arkansas-childrens-northwest-expansion-brings-more-pediatric-care-to-northwest-arkansas/74070789
1326845437,20261008,202610,2026,2026.7616,HLH,HOSPITAL,,,,,,HLH,,,USA,UNITED STATES,USA,,,,,,,,0,042,042,04,1,1.9,6,1,6,-6.57334144856969,3,"Riverbend, Tennessee, United States",US,USTN,TN093,35.8954,-83.9763,1312367,3,"Riverbend, Tennessee, United States",US,USTN,TN093,35.8954,-83.9763,1312367,3,"Riverbend, Tennessee, United States",US,USTN,TN093,35.8954,-83.9763,1312367,20261008013000,https://www.dailymail.com/crime-desk/article-16190497/christa-pike-family-speak-execution-tennessee.html
1326845438,20261008,202610,2026,2026.7616,HLH,HOSPITAL,,,,,,HLH,,,USA,UNITED STATES,USA,,,,,,,,0,043,043,04,1,2.8,4,1,4,-5.2384675527756,2,"Tennessee, United States",US,USTN,,35.7449,-86.7489,TN,2,"Tennessee, United States",US,USTN,,35.7449,-86.7489,TN,2,"Tennessee, United States",US,USTN,,35.7449,-86.7489,TN,20261008013000,https://www.irishdentist.ie/christa-pike-the-first-survivor-of-lethal-injection-drugs-in-the-usa-she-has-awakened-and-is-speaking/22689/
1326845439,20261008,202610,2026,2026.7616,IGOEUREEC,THE EUROPEAN UNION,EUR,EEC,,,,IGO,,,CAN,CANADA,CAN,,,,,,,,1,020,020,02,1,3.0,1,1,1,1.19047619047619,1,Singapore,SN,SN,,1.366667,103.8,SN,1,Singapore,SN,SN,,1.366667,103.8,SN,1,Singapore,SN,SN,,1.366667,103.8,SN,20261008013000,https://asianews.network/singapore-to-deepen-integration-widen-external-ties-as-asean-chair-in-2027-says-foreign-minister/
1326845440,20261008,202610,2026,2026.7616,IGOEUREEC,THE EUROPEAN UNION,EUR,EEC,,,,IGO,,,RUS,RUSSIAN FEDERATION,RUS,,,,,,,,0,111,111,11,3,-2.0,8,1,8,-1.95439739413681,4,"Moscow, Moskva, Russia",RS,RS48,25106,55.7522,37.6156,-2960561,4,"Moscow, Moskva, Russia",RS,RS48,25106,55.7522,37.6156,-2960561,4,"Moscow, Moskva, Russia",RS,RS48,25106,55.7522,37.6156,-2960561,20261008013000,http://www.caribbeanherald.com/news/279358323/opening-its-general-debate-first-committee-spotlights-growing-nuclear-risk-illegal-firearms-proliferation-importance-of-nuclear-weapons-free-zones
1326845441,20261008,202610,2026,2026.7616,IGOEUREEC,THE EUROPEAN UNION,EUR,EEC,,,,IGO,,,USA,UNITED STATES,USA,,,,,,,,1,020,020,02,1,3.0,2,1,2,1.19047619047619,1,Singapore,SN,SN,,1.366667,103.8,SN,1,Singapore,SN,SN,,1.366667,103.8,SN,1,Singapore,SN,SN,,1.366667,103.8,SN,20261008013000,https://asianews.network/singapore-to-deepen-integration-widen-external-ties-as-asean-chair-in-2027-says-foreign-minister/
1326845442,20261008,202610,2026,2026.7616,IGOJUDICC,INTERNATIONAL CRIMINAL COURT,,ICC,,,,IGO,JUD,,USA,UNITED STATES,USA,,,,,,,,0,173,173,17,4,-5.0,1,1,1,-10.8485499462943,2,"New York, United States",US,USNY,,42.1497,-74.9384,NY,2,"New York, United States",US,USNY,,42.1497,-74.9384,NY,2,"New York, United States",US,USNY,,42.1497,-74.9384,NY,20261008013000,https://www.cbsnews.com/news/mamdani-criticized-by-democrats-oct-7-statement/
1326845443,20261008,202610,2026,2026.7616,IGOPGSGCC,GULF COOPERATION COUNCIL,PGS,GCC,,,,IGO,,,SAU,SAUDI,SAU,,,,,,,,0,018,018,01,1,3.4,2,2,2,-5.81717451523545,4,"King Khalid International, Ar Riya?, Saudi Arabia",SA,SA10,25316,24.9581,46.6956,214640,4,"Riyadh, Ar Riya?, Saudi Arabia",SA,SA10,25316,24.6408,46.7728,-3093009,4,"Riyadh, Ar Riya?, Saudi Arabia",SA,SA10,25316,24.6408,46.7728,-3093009,20261008013000,http://www.philippinetimes.com/news/279358424/3-killed-36-injured-in-houthi-attacks-on-abha-king-khalid-airports-saudi-gaca
1326845444,20261008,202610,2026,2026.7616,IGOSEAASN,SOUTHEAST ASIAN NATIONS,SEA,ASN,,,,IGO,,,MYS,KUALA LUMPUR,MYS,,,,,,,,1,046,046,04,1,7.0,10,1,10,-3.65448504983388,4,"Kuala Lumpur, Kuala Lumpur, Malaysia",MY,MY14,18585,3.16667,101.7,-2403010,4,"Kuala Lumpur, Kuala Lumpur, Malaysia",MY,MY14,18585,3.16667,101.7,-2403010,4,"Kuala Lumpur, Kuala Lumpur, Malaysia",MY,MY14,18585,3.16667,101.7,-2403010,20261008013000,http://www.malaysiasun.com/news/279357976/myanmar-military-leader-arrives-in-malaysia-as-repatriations-draw-criticism
1326845445,20261008,202610,2026,2026.7616,IGOUNO,UNITED NATIONS,,UNO,,,,IGO,,,SDN,SUDAN,SDN,,,,,,,,1,051,051,05,1,3.4,10,1,10,0,4,"El Fasher, Shamal Darfur, Sudan",SU,SU55,37080,13.6333,25.35,-1684,4,"El Fasher, Shamal Darfur, Sudan",SU,SU55,37080,13.6333,25.35,-1684,4,"El Fasher, Shamal Darfur, Sudan",SU,SU55,37080,13.6333,25.35,-1684,20261008013000,http://www.philippinetimes.com/news/279358274/countries-demonstrate-record-support-for-un-sudan-probe-renewal
1326845446,20261008,202610,2026,2026.7616,IGOUNOJUDICJ,INTERNATIONAL COURT OF JUSTICE,,UNO,,,,IGO,JUD,,,,,,,,,,,,0,128,128,12,3,-5.0,5,1,5,-4.7713717693837,1,Tonga,TN,TN,,-20,-175,TN,0,,,,,,,,1,Tonga,TN,TN,,-20,-175,TN,20261008013000,https://www.rnz.co.nz/news/pacific/1792327/pacific-losses-go-far-beyond-money-climate-champion-tells-regional-symposium
1326845447,20261008,202610,2026,2026.7616,IMGMOSALQUAF,AL QAEDA,,ALQ,,MOS,,IMG,UAF,,,,,,,,,,,,0,120,120,12,3,-4.0,10,1,10,-11.088295687885,4,"Gaza, Israel (general), Israel",IS,IS00,18315,31.4167,34.3333,-797156,0,,,,,,,,4,"Gaza, Israel (general), Israel",IS,IS00,18315,31.4167,34.3333,-797156,20261008013000,https://highlandcountypress.com/news/mamdani-blasted-calling-israels-gaza-war-genocide-oct-7-anniversary
1326845448,20261008,202610,2026,2026.7616,IND,BHARAT,IND,,,,,,,,,,,,,,,,,,1,040,040,04,1,1.0,3,1,3,-0.59931506849315,4,"New Delhi, Delhi, India",IN,IN07,17911,28.6,77.2,-2106102,0,,,,,,,,4,"New Delhi, Delhi, India",IN,IN07,17911,28.6,77.2,-2106102,20261008013000,https://economictimes.indiatimes.com/news/economy/indicators/gst-council-meeting-2026-today-what-may-change-gst-20-reforms-expectations-rates-itc-refunds-gst-council-meet-key-changes-2026-gst-expectations/articleshow/134769527.cms
1326845449,20261008,202610,2026,2026.7616,IND,BHARAT,IND,,,,,,,,GOV,FINANCE MINIST,,,,,,GOV,,,1,040,040,04,1,1.0,7,1,7,-0.59931506849315,4,"New Delhi, Delhi, India",IN,IN07,17911,28.6,77.2,-2106102,4,"New Delhi, Delhi, India",IN,IN07,17911,28.6,77.2,-2106102,4,"New Delhi, Delhi, India",IN,IN07,17911,28.6,77.2,-2106102,20261008013000,https://economictimes.indiatimes.com/news/economy/indicators/gst-council-meeting-2026-today-what-may-change-gst-20-reforms-expectations-rates-itc-refunds-gst-council-meet-key-changes-2026-gst-expectations/articleshow/134769527.cms
1326845450,20261008,202610,2026,2026.7616,IND,DELHI,IND,,,,,,,,OPP,OPPOSITION MP,,,,,,OPP,,,1,173,173,17,4,-5.0,6,1,4,-6.76470588235294,4,"Delhi, Delhi, India",IN,IN07,17911,28.6667,77.2167,-2094230,4,"Delhi, Delhi, India",IN,IN07,17911,28.6667,77.2167,-2094230,4,"Delhi, Delhi, India",IN,IN07,17911,28.6667,77.2167,-2094230,20261008013000,https://asianews.network/new-delhi-police-detain-opposition-leaders-rahul-and-priyanka-gandhi-amid-rally-against-chief-election-commissioner/
1326845451,20261008,202610,2026,2026.7616,IND,NEW DELHI,IND,,,,,,,,OPP,OPPOSITION LEADER,,,,,,OPP,,,1,173,173,17,4,-5.0,2,1,2,-6.76470588235294,4,"New Delhi, Delhi, India",IN,IN07,17911,28.6,77.2,-2106102,4,"New Delhi, Delhi, India",IN,IN07,17911,28.6,77.2,-2106102,4,"New Delhi, Delhi, India",IN,IN07,17911,28.6,77.2,-2106102,20261008013000,https://asianews.network/new-delhi-police-detain-opposition-leaders-rahul-and-priyanka-gandhi-amid-rally-against-chief-election-commissioner/
1326845452,20261008,202610,2026,2026.7616,INDCOP,DELHI,IND,,,,,COP,,,OPP,OPPOSITION MP,,,,,,OPP,,,1,173,173,17,4,-5.0,4,1,2,-6.76470588235294,4,"Delhi, Delhi, India",IN,IN07,17911,28.6667,77.2167,-2094230,4,"Delhi, Delhi, India",IN,IN07,17911,28.6667,77.2167,-2094230,4,"Delhi, Delhi, India",IN,IN07,17911,28.6667,77.2167,-2094230,20261008013000,https://asianews.network/new-delhi-police-detain-opposition-leaders-rahul-and-priyanka-gandhi-amid-rally-against-chief-election-commissioner/
1326845453,20261008,202610,2026,2026.7616,IRL,IRELAND,IRL,,,,,,,,,,,,,,,,,,0,010,010,01,1,0.0,2,1,2,-6.47208121827412,4,"Dublin, Dublin, Ireland",EI,EI07,18288,53.3331,-6.24889,-1502554,0,,,,,,,,4,"Dublin, Dublin, Ireland",EI,EI07,18288,53.3331,-6.24889,-1502554,20261008013000,https://www.dailymail.com/crime-desk/article-16184749/jonathan-mckinsey-candice-jang-murder-dublin-california.html
1326845454,20261008,202610,2026,2026.7616,IRN,IRAN,IRN,,,,,,,,,,,,,,,,,,1,040,040,04,1,1.0,4,1,4,-1.4792899408284,1,Iran,IR,IR,,32,53,IR,0,,,,,,,,1,Iran,IR,IR,,32,53,IR,20261008013000,https://www.thedailybeast.com/donald-trump-doubles-down-on-bonkers-threat-to-two-blue-cities
1326845455,20261008,202610,2026,2026.7616,IRN,IRAN,IRN,,,,,,,,,,,,,,,,,,1,040,040,04,1,1.0,2,1,2,-1.4792899408284,1,Iran,IR,IR,,32,53,IR,0,,,,,,,,2,"Nebraska, United States",US,USNE,,41.1289,-98.2883,NE,20261008013000,https://www.thedailybeast.com/donald-trump-doubles-down-on-bonkers-threat-to-two-blue-cities
1326845456,20261008,202610,2026,2026.7616,IRN,IRAN,IRN,,,,,,,,,,,,,,,,,,0,112,112,11,3,-2.0,10,1,10,-2.72300469483568,1,Iran,IR,IR,,32,53,IR,0,,,,,,,,1,Iran,IR,IR,,32,53,IR,20261008013000,https://www.dailymail.com/news/article-16191579/Trump-weighs-huge-strike-Iran-midterms.html
1326845457,20261008,202610,2026,2026.7616,IRN,IRAN,IRN,,,,,,,,,,,,,,,,,,1,141,141,14,3,-6.5,5,1,5,4.92700729927007,1,Iran,IR,IR,,32,53,IR,0,,,,,,,,1,Iran,IR,IR,,32,53,IR,20261008013000,https://investinglive.com/stock-market-update/cicc-sees-strong-a-share-start-after-golden-week-three-reasons-for-optimism/
1326845458,20261008,202610,2026,2026.7616,IRN,IRAN,IRN,,,,,,,,,,,,,,,,,,0,194,194,19,4,-10.0,1,1,1,-6.81520314547837,4,"Moscow, Moskva, Russia",RS,RS48,25106,55.7522,37.6156,-2960561,0,,,,,,,,4,"Moscow, Moskva, Russia",RS,RS48,25106,55.7522,37.6156,-2960561,20261008013000,https://www.odt.co.nz/news/world/at-least-28-killed-in-ukraine-as-zelenskiy-condemns-vile-strikes-to7m18cj
1326845459,20261008,202610,2026,2026.7616,IRN,IRAN,IRN,,,,,,,,,,,,,,,,,,0,194,194,19,4,-10.0,1,1,1,-6.81520314547837,4,"Shahed, Fars, Iran",IR,IR07,25307,28.5934,52.2295,-3083999,0,,,,,,,,4,"Shahed, Fars, Iran",IR,IR07,25307,28.5934,52.2295,-3083999,20261008013000,https://www.odt.co.nz/news/world/at-least-28-killed-in-ukraine-as-zelenskiy-condemns-vile-strikes-to7m18cj
1326845460,20261008,202610,2026,2026.7616,IRN,IRAN,IRN,,,,,,,,MIL,MILITARY,,,,,,MIL,,,0,106,106,10,3,-5.0,8,1,8,-2.72300469483568,1,Iran,IR,IR,,32,53,IR,1,Iran,IR,IR,,32,53,IR,1,Iran,IR,IR,,32,53,IR,20261008013000,https://www.dailymail.com/news/article-16191579/Trump-weighs-huge-strike-Iran-midterms.html
1326845461,20261008,202610,2026,2026.7616,IRN,IRAN,IRN,,,,,,,,MIL,MILITARY,,,,,,MIL,,,0,106,106,10,3,-5.0,2,1,2,-2.72300469483568,1,Iran,IR,IR,,32,53,IR,2,"Michigan, United States",US,USMI,,43.3504,-84.5603,MI,2,"Iowa, United States",US,USIA,,42.0046,-93.214,IA,20261008013000,https://www.dailymail.com/news/article-16191579/Trump-weighs-huge-strike-Iran-midterms.html
1326845462,20261008,202610,2026,2026.7616,IRN,IRAN,IRN,,,,,,,,USA,UNITED STATES,USA,,,,,,,,1,040,040,04,1,1.0,2,1,2,-1.4792899408284,1,Iran,IR,IR,,32,53,IR,3,"San Antonio, Texas, United States",US,USTX,,29.4241,-98.4936,1380951,3,"San Antonio, Texas, United States",US,USTX,,29.4241,-98.4936,1380951,20261008013000,https://www.thedailybeast.com/donald-trump-doubles-down-on-bonkers-threat-to-two-blue-cities
1326845463,20261008,202610,2026,2026.7616,IRN,IRAN,IRN,,,,,,,,USA,UNITED STATES,USA,,,,,,,,1,040,040,04,1,1.0,2,1,2,-1.4792899408284,2,"Nebraska, United States",US,USNE,,41.1289,-98.2883,NE,3,"San Antonio, Texas, United States",US,USTX,,29.4241,-98.4936,1380951,3,"San Antonio, Texas, United States",US,USTX,,29.4241,-98.4936,1380951,20261008013000,https://www.thedailybeast.com/donald-trump-doubles-down-on-bonkers-threat-to-two-blue-cities
1326845464,20261008,202610,2026,2026.7616,IRN,IRANIAN,IRN,,,,,,,,USAMIL,THE US,USA,,,,,MIL,,,0,110,110,11,3,-2.0,3,1,3,-8.18181818181818,4,"Tehran, Tehran, Iran",IR,IR26,41130,35.75,51.5148,10074674,3,"Washington, District of Columbia, United States",US,USDC,DC001,38.8951,-77.0364,531871,3,"Washington, District of Columbia, United States",US,USDC,DC001,38.8951,-77.0364,531871,20261008013000,http://www.philippinetimes.com/news/279358465/iranian-strikes-forced-us-troops-to-abandon-kuwait-base-cbs
1326845465,20261008,202610,2026,2026.7616,ISR,ISRAEL,ISR,,,,,,,,,,,,,,,,,,1,138,138,13,3,-7.0,3,1,3,-10.8485499462943,4,"Gaza, Israel (general), Israel",IS,IS00,18315,31.4167,34.3333,-797156,0,,,,,,,,4,"Gaza, Israel (general), Israel",IS,IS00,18315,31.4167,34.3333,-797156,20261008013000,https://www.cbsnews.com/news/mamdani-criticized-by-democrats-oct-7-statement/
1326845466,20261008,202610,2026,2026.7616,ISR,ISRAEL,ISR,,,,,,,,,,,,,,,,,,1,138,138,13,3,-7.0,3,1,3,-10.8485499462943,2,"New York, United States",US,USNY,,42.1497,-74.9384,NY,0,,,,,,,,2,"New York, United States",US,USNY,,42.1497,-74.9384,NY,20261008013000,https://www.cbsnews.com/news/mamdani-criticized-by-democrats-oct-7-statement/
1326845467,20261008,202610,2026,2026.7616,ISR,ISRAEL,ISR,,,,,,,,,,,,,,,,,,1,141,141,14,3,-6.5,4,1,4,-3.8135593220339,4,"Gaza, Israel (general), Israel",IS,IS00,18315,31.4167,34.3333,-797156,0,,,,,,,,4,"Gaza, Israel (general), Israel",IS,IS00,18315,31.4167,34.3333,-797156,20261008013000,https://dunyanews.tv/en/Pakistan/976686-ji-holds-gaza-solidarity-march-to-remember-martyrs
1326845468,20261008,202610,2026,2026.7616,ISR,ISRAEL,ISR,,,,,,,,GOV,MAYOR,,,,,,GOV,,,1,043,043,04,1,2.8,2,1,2,-8.50202429149799,1,Israel,IS,IS,,31.5,34.75,IS,1,Israel,IS,IS,,31.5,34.75,IS,1,Israel,IS,IS,,31.5,34.75,IS,20261008013000,https://nypost.com/2026/10/07/us-news/mamdani-booed-berated-by-anti-israel-protesters-at-nyc-oct-7-memorial/
1326845469,20261008,202610,2026,2026.7616,ISR,ISRAELI,ISR,,,,,,,,GOV,AMBASSADOR,,,,,,GOV,,,0,112,112,11,3,-2.0,6,1,6,-11.088295687885,4,"Gaza, Israel (general), Israel",IS,IS00,18315,31.4167,34.3333,-797156,4,"Gaza, Israel (general), Israel",IS,IS00,18315,31.4167,34.3333,-797156,4,"Gaza, Israel (general), Israel",IS,IS00,18315,31.4167,34.3333,-797156,20261008013000,https://highlandcountypress.com/news/mamdani-blasted-calling-israels-gaza-war-genocide-oct-7-anniversary
1326845470,20261008,202610,2026,2026.7616,ISR,ISRAEL,ISR,,,,,,,,ISRGOV,ISRAELI,ISR,,,,,GOV,,,1,190,190,19,4,-10.0,8,1,8,-2.97619047619048,1,Russia,RS,RS,,60,100,RS,1,Russia,RS,RS,,60,100,RS,1,Russia,RS,RS,,60,100,RS,20261008013000,https://www.newser.com/story/397762/mamdanis-oct-7-message-stirs-immediate-outrage.html
1326845471,20261008,202610,2026,2026.7616,ISR,ISRAEL,ISR,,,,,,,,LEG,REPRESENTATIVES,,,,,,LEG,,,1,040,040,04,1,1.0,10,1,10,-5.81395348837209,1,Israel,IS,IS,,31.5,34.75,IS,1,Israel,IS,IS,,31.5,34.75,IS,1,Israel,IS,IS,,31.5,34.75,IS,20261008013000,https://www.kezi.com/news/local/springfield-church-restores-israeli-flags-torn-down-overnight/article_e1f78f94-9ef9-4edf-b58c-45b8018548cc.html
1326845472,20261008,202610,2026,2026.7616,ISR,ISRAEL,ISR,,,,,,,,PSE,PALESTINIAN,PSE,,,,,,,,1,010,010,01,1,0.0,3,1,3,-11.088295687885,4,"Gaza, Israel (general), Israel",IS,IS00,18315,31.4167,34.3333,-797156,4,"Gaza, Israel (general), Israel",IS,IS00,18315,31.4167,34.3333,-797156,4,"Gaza, Israel (general), Israel",IS,IS00,18315,31.4167,34.3333,-797156,20261008013000,https://highlandcountypress.com/news/mamdani-blasted-calling-israels-gaza-war-genocide-oct-7-anniversary
1326845473,20261008,202610,2026,2026.7616,ISR,ISRAEL,ISR,,,,,,,,PSE,PALESTINIAN,PSE,,,,,,,,0,111,111,11,3,-2.0,2,1,2,-8.50202429149799,1,Israel,IS,IS,,31.5,34.75,IS,1,Israel,IS,IS,,31.5,34.75,IS,1,Israel,IS,IS,,31.5,34.75,IS,20261008013000,https://nypost.com/2026/10/07/us-news/mamdani-booed-berated-by-anti-israel-protesters-at-nyc-oct-7-memorial/
1326845474,20261008,202610,2026,2026.7616,ISR,ISRAEL,ISR,,,,,,,,PSE,PALESTINIAN,PSE,,,,,,,,0,160,160,16,4,-4.0,2,1,2,-8.50202429149799,1,Israel,IS,IS,,31.5,34.75,IS,1,Israel,IS,IS,,31.5,34.75,IS,1,Israel,IS,IS,,31.5,34.75,IS,20261008013000,https://nypost.com/2026/10/07/us-news/mamdani-booed-berated-by-anti-israel-protesters-at-nyc-oct-7-memorial/
1326845475,20261008,202610,2026,2026.7616,ISR,ISRAEL,ISR,,,,,,,,PSEREB,HAMAS,PSE,,,,,REB,,,0,111,111,11,3,-2.0,3,1,3,-10.8485499462943,4,"Gaza, Israel (general), Israel",IS,IS00,18315,31.4167,34.3333,-797156,4,"Gaza, Israel (general), Israel",IS,IS00,18315,31.4167,34.3333,-797156,4,"Gaza, Israel (general), Israel",IS,IS00,18315,31.4167,34.3333,-797156,20261008013000,https://www.cbsnews.com/news/mamdani-criticized-by-democrats-oct-7-statement/
1326845476,20261008,202610,2026,2026.7616,ISR,ISRAEL,ISR,,,,,,,,USA,NEW YORK,USA,,,,,,,,1,043,043,04,1,2.8,1,1,1,-8.50202429149799,1,Israel,IS,IS,,31.5,34.75,IS,2,"New York, United States",US,USNY,,42.1497,-74.9384,NY,1,Israel,IS,IS,,31.5,34.75,IS,20261008013000,https://nypost.com/2026/10/07/us-news/mamdani-booed-berated-by-anti-israel-protesters-at-nyc-oct-7-memorial/
1326845477,20261008,202610,2026,2026.7616,ISR,ISRAELI,ISR,,,,,,,,USA,UNITED STATES,USA,,,,,,,,0,112,112,11,3,-2.0,2,1,2,-11.088295687885,4,"Gaza, Israel (general), Israel",IS,IS00,18315,31.4167,34.3333,-797156,2,"New York, United States",US,USNY,,42.1497,-74.9384,NY,4,"Gaza, Israel (general), Israel",IS,IS00,18315,31.4167,34.3333,-797156,20261008013000,https://highlandcountypress.com/news/mamdani-blasted-calling-israels-gaza-war-genocide-oct-7-anniversary
1326845478,20261008,202610,2026,2026.7616,ISR,ISRAELI,ISR,,,,,,,,USA,UNITED STATES,USA,,,,,,,,0,112,112,11,3,-2.0,2,1,2,-11.088295687885,4,"Gaza, Israel (general), Israel",IS,IS00,18315,31.4167,34.3333,-797156,2,"New York, United States",US,USNY,,42.1497,-74.9384,NY,2,"New York, United States",US,USNY,,42.1497,-74.9384,NY,20261008013000,https://highlandcountypress.com/news/mamdani-blasted-calling-israels-gaza-war-genocide-oct-7-anniversary
1326845479,20261008,202610,2026,2026.7616,ISRGOV,ISRAEL,ISR,,,,,GOV,,,,,,,,,,,,,1,042,042,04,1,1.9,2,1,2,-8.50202429149799,1,Israel,IS,IS,,31.5,34.75,IS,0,,,,,,,,1,Israel,IS,IS,,31.5,34.75,IS,20261008013000,https://nypost.com/2026/10/07/us-news/mamdani-booed-berated-by-anti-israel-protesters-at-nyc-oct-7-memorial/
1326845480,20261008,202610,2026,2026.7616,ISRGOV,ISRAELI,ISR,,,,,GOV,,,ISR,ISRAEL,ISR,,,,,,,,1,190,190,19,4,-10.0,8,1,8,-2.97619047619048,1,Israel,IS,IS,,31.5,34.75,IS,1,Israel,IS,IS,,31.5,34.75,IS,1,Israel,IS,IS,,31.5,34.75,IS,20261008013000,https://www.newser.com/story/397762/mamdanis-oct-7-message-stirs-immediate-outrage.html
1326845481,20261008,202610,2026,2026.7616,ISRGOV,ISRAEL,ISR,,,,,GOV,,,USA,NEW YORK,USA,,,,,,,,1,042,042,04,1,1.9,2,1,2,-8.50202429149799,1,Israel,IS,IS,,31.5,34.75,IS,2,"New York, United States",US,USNY,,42.1497,-74.9384,NY,1,Israel,IS,IS,,31.5,34.75,IS,20261008013000,https://nypost.com/2026/10/07/us-news/mamdani-booed-berated-by-anti-israel-protesters-at-nyc-oct-7-memorial/
1326845482,20261008,202610,2026,2026.7616,ISRGOV,ISRAEL,ISR,,,,,GOV,,,USA,NEW YORK,USA,,,,,,,,1,043,043,04,1,2.8,1,1,1,-8.50202429149799,1,Israel,IS,IS,,31.5,34.75,IS,2,"New York, United States",US,USNY,,42.1497,-74.9384,NY,1,Israel,IS,IS,,31.5,34.75,IS,20261008013000,https://nypost.com/2026/10/07/us-news/mamdani-booed-berated-by-anti-israel-protesters-at-nyc-oct-7-memorial/
1326845483,20261008,202610,2026,2026.7616,JEW,JEWISH,,,,JEW,,,,,,,,,,,,,,,0,051,051,05,1,3.4,5,1,5,-1.28939828080229,1,Israel,IS,IS,,31.5,34.75,IS,0,,,,,,,,1,Israel,IS,IS,,31.5,34.75,IS,20261008013000,https://dailynexus.com/2026-10-07/a-week-in-uc-student-news-46/
1326845484,20261008,202610,2026,2026.7616,JEWCVL,JEWISH,,,,JEW,,CVL,,,JEW,JEWISH,,,,JEW,,,,,0,051,051,05,1,3.4,10,1,10,-11.088295687885,4,"Gaza, Israel (general), Israel",IS,IS00,18315,31.4167,34.3333,-797156,4,"Gaza, Israel (general), Israel",IS,IS00,18315,31.4167,34.3333,-797156,4,"Gaza, Israel (general), Israel",IS,IS00,18315,31.4167,34.3333,-797156,20261008013000,https://highlandcountypress.com/news/mamdani-blasted-calling-israels-gaza-war-genocide-oct-7-anniversary
1326845485,20261008,202610,2026,2026.7616,JEWEDU,JEWISH,,,,JEW,,EDU,,,OPP,PROTESTER,,,,,,OPP,,,0,190,190,19,4,-10.0,10,1,10,-9.32754880694145,4,"Gaza, Israel (general), Israel",IS,IS00,18315,31.4167,34.3333,-797156,4,"Gaza, Israel (general), Israel",IS,IS00,18315,31.4167,34.3333,-797156,4,"Gaza, Israel (general), Israel",IS,IS00,18315,31.4167,34.3333,-797156,20261008013000,https://www.dailymail.com/news/article-16191367/Columbia-University-pasta-October-7th-Blush-sauce.html
1326845486,20261008,202610,2026,2026.7616,JPN,JAPANESE,JPN,,,,,,,,,,,,,,,,,,1,051,051,05,1,3.4,3,1,3,6.23229461756374,4,"New Delhi, Delhi, India",IN,IN07,17911,28.6,77.2,-2106102,0,,,,,,,,4,"New Delhi, Delhi, India",IN,IN07,17911,28.6,77.2,-2106102,20261008013000,https://timesofindia.indiatimes.com/india/25-years-in-governance-president-world-leaders-allies-hail-pm-modi/articleshow/134777190.cms
1326845487,20261008,202610,2026,2026.7616,JPN,JAPANESE,JPN,,,,,,,,,,,,,,,,,,0,111,111,11,3,-2.0,3,1,3,0.83979328165374,1,Japan,JA,JA,,36,138,JA,0,,,,,,,,1,Japan,JA,JA,,36,138,JA,20261008013000,https://carbuzz.com/honda-overtakes-mazda-satisfaction-index/
1326845488,20261008,202610,2026,2026.7616,JPN,JAPANESE,JPN,,,,,,,,MNCJPN,TOYOTA,JPN,,,,,MNC,,,0,111,111,11,3,-2.0,5,1,5,0.83979328165374,1,Japan,JA,JA,,36,138,JA,1,Japan,JA,JA,,36,138,JA,1,Japan,JA,JA,,36,138,JA,20261008013000,https://carbuzz.com/honda-overtakes-mazda-satisfaction-index/
1326845489,20261008,202610,2026,2026.7616,JPN,SAGA,JPN,,,,,,,,USA,UNITED STATES,USA,,,,,,,,1,173,173,17,4,-5.0,2,1,2,-8.6705202312139,2,"Louisiana, United States",US,USLA,,31.1801,-91.8749,LA,2,"Louisiana, United States",US,USLA,,31.1801,-91.8749,LA,2,"Louisiana, United States",US,USLA,,31.1801,-91.8749,LA,20261008013000,https://www.kalb.com/2026/10/07/could-kayla-giles-return-court-after-louisiana-supreme-court-ruling/
1326845490,20261008,202610,2026,2026.7616,JPN,SAGA,JPN,,,,,,,,USAJUD,LOUISIANA,USA,,,,,JUD,,,1,173,173,17,4,-5.0,1,1,1,-8.6705202312139,3,"Rapides, Louisiana, United States",US,USLA,LA079,31.3635,-92.5868,555753,2,"Louisiana, United States",US,USLA,,31.1801,-91.8749,LA,3,"Rapides, Louisiana, United States",US,USLA,LA079,31.3635,-92.5868,555753,20261008013000,https://www.kalb.com/2026/10/07/could-kayla-giles-return-court-after-louisiana-supreme-court-ruling/
1326845491,20261008,202610,2026,2026.7616,JPNLEG,JAPAN,JPN,,,,,LEG,,,JPN,JAPAN,JPN,,,,,,,,1,051,051,05,1,3.4,10,1,10,-1.16414435389988,4,"Mizuho, Hokkaido, Japan",JA,JA12,34319,43.8886,143.637,-237002,4,"Mizuho, Hokkaido, Japan",JA,JA12,34319,43.8886,143.637,-237002,4,"Mizuho, Hokkaido, Japan",JA,JA12,34319,43.8886,143.637,-237002,20261008013000,https://investinglive.com/cryptocurrency/is-japan-overtaking-the-us-in-crypto-the-law-the-tax-cut-and-the-gap-what-to-watch/
1326845492,20261008,202610,2026,2026.7616,JUD,ADVOCATE,,,,,,JUD,,,,,,,,,,,,,1,010,010,01,1,0.0,8,1,8,0.20964360587002,5,"State Of Tripura, Tripura, India",IN,IN26,70256,24,92,-2113451,0,,,,,,,,5,"State Of Tripura, Tripura, India",IN,IN26,70256,24,92,-2113451,20261008013000,https://indiankanoon.org/doc/102931736/
1326845493,20261008,202610,2026,2026.7616,JUD,ATTORNEY,,,,,,JUD,,,,,,,,,,,,,0,010,010,01,1,0.0,2,1,2,-12.4661246612466,3,"Miami, Florida, United States",US,USFL,FL086,25.7743,-80.1937,295004,0,,,,,,,,3,"Miami, Florida, United States",US,USFL,FL086,25.7743,-80.1937,295004,20261008013000,https://www.tmz.com/2026/10/07/andrew-and-tristan-tate-want-to-be-bonded-out-of-jail/
1326845494,20261008,202610,2026,2026.7616,JUD,ADVOCATE,,,,,,JUD,,,,,,,,,,,,,1,010,010,01,1,0.0,2,1,2,0.20964360587002,5,"State Of Jharkhand, Jharkhand, India",IN,IN38,70146,23.75,85.5,6240778,0,,,,,,,,5,"State Of Jharkhand, Jharkhand, India",IN,IN38,70146,23.75,85.5,6240778,20261008013000,https://indiankanoon.org/doc/102931736/
1326845495,20261008,202610,2026,2026.7616,JUD,LAWYER,,,,,,JUD,,,,,,,,,,,,,0,010,010,01,1,0.0,6,1,6,-3.28389830508475,2,"Kentucky, United States",US,USKY,,37.669,-84.6514,KY,0,,,,,,,,2,"Kentucky, United States",US,USKY,,37.669,-84.6514,KY,20261008013000,https://www.thedailybeast.com/kimberly-guilfoyles-demand-for-cash-off-the-books-exposed
1326845496,20261008,202610,2026,2026.7616,JUD,ATTORNEY,,,,,,JUD,,,,,,,,,,,,,0,010,010,01,1,0.0,8,1,8,-12.4661246612466,1,Romania,RO,RO,,46,25,RO,0,,,,,,,,1,Romania,RO,RO,,46,25,RO,20261008013000,https://www.tmz.com/2026/10/07/andrew-and-tristan-tate-want-to-be-bonded-out-of-jail/
1326845497,20261008,202610,2026,2026.7616,JUD,HIGH COURT,,,,,,JUD,,,,,,,,,,,,,0,012,012,01,1,-0.4,5,1,5,-1.73638078331299,4,"Santhal, Gujarat, India",IN,IN09,70129,23.4833,72.25,-2110271,0,,,,,,,,4,"Santhal, Gujarat, India",IN,IN09,70129,23.4833,72.25,-2110271,20261008013000,https://indiankanoon.org/doc/112239434/
1326845498,20261008,202610,2026,2026.7616,JUD,ATTORNEY,,,,,,JUD,,,,,,,,,,,,,1,012,012,01,1,-0.4,6,1,6,-5.06493506493506,2,"North Carolina, United States",US,USNC,,35.6411,-79.8431,NC,0,,,,,,,,2,"North Carolina, United States",US,USNC,,35.6411,-79.8431,NC,20261008013000,https://wlos.com/news/local/north-carolina-cut-divorce-separation-period-6-months-general-assembly-politics-senate-bill-626-house-law-spouses-children-domestic-violence
1326845499,20261008,202610,2026,2026.7616,JUD,JUDGE,,,,,,JUD,,,,,,,,,,,,,1,018,018,01,1,3.4,10,1,10,4.45103857566766,3,"Ohio University, Ohio, United States",US,USOH,OH009,39.3231,-82.0954,1076550,0,,,,,,,,3,"Ohio University, Ohio, United States",US,USOH,,39.3231,-82.0954,1076550,20261008013000,https://highlandcountypress.com/headlines/athens-municipal-court-judge-todd-l-grace-announces-candidacy-ohio-court-appeals
1326845500,20261008,202610,2026,2026.7616,JUD,ADVOCATE,,,,,,JUD,,,,,,,,,,,,,1,020,020,02,1,3.0,10,1,10,0.20964360587002,4,"Ranchi, Jharkhand, India",IN,IN38,17622,23.35,85.3333,-2109068,0,,,,,,,,4,"Ranchi, Jharkhand, India",IN,IN38,17622,23.35,85.3333,-2109068,20261008013000,https://indiankanoon.org/doc/102931736/
1326845501,20261008,202610,2026,2026.7616,JUD,MAGISTRATE,,,,,,JUD,,,,,,,,,,,,,1,036,036,03,1,4.0,10,1,10,-7.4585635359116,0,,,,,,,,0,,,,,,,,0,,,,,,,,20261008013000,https://www.miragenews.com/firearm-and-drug-offences-wulkuraka-1756669/
1326845502,20261008,202610,2026,2026.7616,JUD,ATTORNEY,,,,,,JUD,,,,,,,,,,,,,0,036,036,03,1,4.0,10,1,10,-6.59340659340659,2,"Alaska, United States",US,USAK,,61.385,-152.268,AK,0,,,,,,,,2,"Alaska, United States",US,USAK,,61.385,-152.268,AK,20261008013000,https://www.alaskasnewssource.com/2026/10/08/crystal-hazlitt-hearing-continued-oct-21-after-chaotic-phone-appearance/
1326845503,20261008,202610,2026,2026.7616,JUD,SUPREME COURT,,,,,,JUD,,,,,,,,,,,,,0,040,040,04,1,1.0,12,1,6,0.20964360587002,5,"State Of Rajasthan, Rajasthan, India",IN,IN24,17855,26,74,-2108695,0,,,,,,,,5,"State Of Rajasthan, Rajasthan, India",IN,IN24,17855,26,74,-2108695,20261008013000,https://indiankanoon.org/doc/102931736/
1326845504,20261008,202610,2026,2026.7616,JUD,SUPREME COURT,,,,,,JUD,,,,,,,,,,,,,0,040,040,04,1,1.0,8,1,4,0.20964360587002,5,"State Of Jharkhand, Jharkhand, India",IN,IN38,70146,23.75,85.5,6240778,0,,,,,,,,5,"State Of Jharkhand, Jharkhand, India",IN,IN38,70146,23.75,85.5,6240778,20261008013000,https://indiankanoon.org/doc/102931736/
1326845505,20261008,202610,2026,2026.7616,JUD,ATTORNEY,,,,,,JUD,,,,,,,,,,,,,1,080,080,08,2,5.0,6,1,6,-3.94190871369294,2,"Tennessee, United States",US,USTN,,35.7449,-86.7489,TN,0,,,,,,,,2,"Tennessee, United States",US,USTN,,35.7449,-86.7489,TN,20261008013000,https://www.wsmv.com/2026/10/07/christa-pikes-attorneys-give-update-after-she-woke-up-failed-execution/
1326845506,20261008,202610,2026,2026.7616,JUD,JUDGE,,,,,,JUD,,,,,,,,,,,,,0,110,110,11,3,-2.0,5,1,5,-5.15267175572519,2,"Tennessee, United States",US,USTN,,35.7449,-86.7489,TN,0,,,,,,,,2,"Tennessee, United States",US,USTN,,35.7449,-86.7489,TN,20261008013000,https://www.wsmv.com/2026/10/07/judge-dismisses-dc-blox-lawsuit-challenging-metro-nashvilles-actions-surrounding-proposed-data-center-near-zoo/
1326845507,20261008,202610,2026,2026.7616,JUD,JUDGE,,,,,,JUD,,,,,,,,,,,,,1,120,120,12,3,-4.0,12,1,6,-17.3252279635259,4,"Sanaa, Sana', Yemen",YM,YM16,32956,15.3547,44.2067,-3191442,0,,,,,,,,4,"Sanaa, Sana', Yemen",YM,YM16,32956,15.3547,44.2067,-3191442,20261008013000,https://wach.com/news/local/2026-10-07-man-denied-post-conviction-relief-in-murder-of-15-year-old-sanaa-amenhotep-treveon-nelson-sentenced-crime
1326845508,20261008,202610,2026,2026.7616,JUD,LAWYER,,,,,,JUD,,,,,,,,,,,,,0,120,120,12,3,-4.0,3,1,3,-3.28389830508475,2,"Kentucky, United States",US,USKY,,37.669,-84.6514,KY,0,,,,,,,,2,"Kentucky, United States",US,USKY,,37.669,-84.6514,KY,20261008013000,https://www.thedailybeast.com/kimberly-guilfoyles-demand-for-cash-off-the-books-exposed
1326845509,20261008,202610,2026,2026.7616,JUD,SUPREME COURT,,,,,,JUD,,,,,,,,,,,,,0,120,120,12,3,-4.0,8,1,8,-8.36909871244635,2,"Texas, United States",US,USTX,,31.106,-97.6475,TX,0,,,,,,,,2,"Texas, United States",US,USTX,,31.106,-97.6475,TX,20261008013000,https://www.wgauradio.com/news/national/trying-execute/GWZ4INZAKY7JZHFFJUNRUR6TQU/
1326845510,20261008,202610,2026,2026.7616,JUD,ATTORNEY,,,,,,JUD,,,,,,,,,,,,,0,125,125,12,3,-5.0,10,1,10,-2.39425379090184,0,,,,,,,,0,,,,,,,,0,,,,,,,,20261008013000,https://www.netnewsledger.com/2026/10/07/crisis-pr-for-law-firms-why-every-firm-needs-a-communications-strategy/
1326845511,20261008,202610,2026,2026.7616,JUD,JUDGE,,,,,,JUD,,,,,,,,,,,,,1,173,173,17,4,-5.0,12,1,6,-17.3252279635259,4,"Sanaa, Sana', Yemen",YM,YM16,32956,15.3547,44.2067,-3191442,0,,,,,,,,4,"Sanaa, Sana', Yemen",YM,YM16,32956,15.3547,44.2067,-3191442,20261008013000,https://wach.com/news/local/2026-10-07-man-denied-post-conviction-relief-in-murder-of-15-year-old-sanaa-amenhotep-treveon-nelson-sentenced-crime
1326845512,20261008,202610,2026,2026.7616,JUD,ATTORNEY,,,,,,JUD,,,BUS,DEFENSE CONTRACTOR,,,,,,BUS,,,1,114,114,11,3,-2.0,2,1,2,-4.76190476190476,3,"University Of Maine, Maine, United States",US,USME,ME019,44.8992,-68.6692,577565,3,"University Of Maine, Maine, United States",US,USME,,44.8992,-68.6692,577565,3,"University Of Maine, Maine, United States",US,USME,,44.8992,-68.6692,577565,20261008013000,https://www.sunjournal.com/2026/10/07/democrat-files-ethics-complaint-against-susan-collins-over-alleged-pay-to-play-scheme/
1326845513,20261008,202610,2026,2026.7616,JUD,COUNSEL,,,,,,JUD,,,COP,CONSTABLE,,,,,,COP,,,0,060,060,06,2,6.0,1,1,1,-2.25148683092608,4,"Hazaribag, Jharkhand, India",IN,IN38,70146,23.9833,85.35,-2097378,4,"Hazaribag, Jharkhand, India",IN,IN38,70146,23.9833,85.35,-2097378,4,"Hazaribag, Jharkhand, India",IN,IN38,70146,23.9833,85.35,-2097378,20261008013000,https://indiankanoon.org/doc/131908804/
1326845514,20261008,202610,2026,2026.7616,JUD,COUNSEL,,,,,,JUD,,,COP,CONSTABLE,,,,,,COP,,,0,180,180,18,4,-9.0,5,1,5,-2.25148683092608,4,"Hazaribagh, Jharkhand, India",IN,IN38,70146,23.9833,85.35,-2097378,4,"Hazaribagh, Jharkhand, India",IN,IN38,70146,23.9833,85.35,-2097378,4,"Hazaribagh, Jharkhand, India",IN,IN38,70146,23.9833,85.35,-2097378,20261008013000,https://indiankanoon.org/doc/131908804/
1326845515,20261008,202610,2026,2026.7616,JUD,LAWYER,,,,,,JUD,,,GOV,GOVERNOR,,,,,,GOV,,,0,020,020,02,1,3.0,5,1,5,-5.2384675527756,2,"Tennessee, United States",US,USTN,,35.7449,-86.7489,TN,2,"Tennessee, United States",US,USTN,,35.7449,-86.7489,TN,2,"Tennessee, United States",US,USTN,,35.7449,-86.7489,TN,20261008013000,https://www.irishdentist.ie/christa-pike-the-first-survivor-of-lethal-injection-drugs-in-the-usa-she-has-awakened-and-is-speaking/22689/
1326845516,20261008,202610,2026,2026.7616,JUD,SUPREME COURT,,,,,,JUD,,,HIN,HINDU,,,,HIN,,,,,0,010,010,01,1,0.0,10,1,10,-1.73638078331299,4,"Santhal, Gujarat, India",IN,IN09,70129,23.4833,72.25,-2110271,4,"Santhal, Gujarat, India",IN,IN09,70129,23.4833,72.25,-2110271,4,"Santhal, Gujarat, India",IN,IN09,70129,23.4833,72.25,-2110271,20261008013000,https://indiankanoon.org/doc/112239434/
1326845517,20261008,202610,2026,2026.7616,JUD,COUNSEL,,,,,,JUD,,,HIN,HINDU,,,,HIN,,,,,0,013,013,01,1,0.4,10,1,10,-1.73638078331299,4,"Ranchi, Jharkhand, India",IN,IN38,17622,23.35,85.3333,-2109068,4,"Ranchi, Jharkhand, India",IN,IN38,17622,23.35,85.3333,-2109068,4,"Ranchi, Jharkhand, India",IN,IN38,17622,23.35,85.3333,-2109068,20261008013000,https://indiankanoon.org/doc/112239434/
1326845518,20261008,202610,2026,2026.7616,JUD,JUDGE,,,,,,JUD,,,IND,RANCHI,IND,,,,,,,,0,120,120,12,3,-4.0,4,1,4,-5.65181518151815,4,"Chaibasa, Jharkhand, India",IN,IN38,70155,22.5667,85.8167,-2092587,4,"Chaibasa, Jharkhand, India",IN,IN38,70155,22.5667,85.8167,-2092587,4,"Chaibasa, Jharkhand, India",IN,IN38,70155,22.5667,85.8167,-2092587,20261008013000,https://indiankanoon.org/doc/22994332/
1326845519,20261008,202610,2026,2026.7616,JUD,JUDGE,,,,,,JUD,,,IND,RANCHI,IND,,,,,,,,0,120,120,12,3,-4.0,6,1,6,-5.65181518151815,4,"Delhi, Delhi, India",IN,IN07,17911,28.6667,77.2167,-2094230,4,"Delhi, Delhi, India",IN,IN07,17911,28.6667,77.2167,-2094230,4,"Delhi, Delhi, India",IN,IN07,17911,28.6667,77.2167,-2094230,20261008013000,https://indiankanoon.org/doc/22994332/
1326845520,20261008,202610,2026,2026.7616,JUD,PROSECUTOR,,,,,,JUD,,,UKR,UKRAINE,UKR,,,,,,,,1,190,190,19,4,-10.0,1,1,1,-6.81520314547837,4,"Moscow, Moskva, Russia",RS,RS48,25106,55.7522,37.6156,-2960561,4,"Kyiv, Kyyiv, Misto, Ukraine",UP,UP12,28554,50.4333,30.5167,-1044367,4,"Kyiv, Kyyiv, Misto, Ukraine",UP,UP12,28554,50.4333,30.5167,-1044367,20261008013000,https://www.odt.co.nz/news/world/at-least-28-killed-in-ukraine-as-zelenskiy-condemns-vile-strikes-to7m18cj
1326845521,20261008,202610,2026,2026.7616,JUD,ATTORNEY,,,,,,JUD,,,USA,MISSOURI,USA,,,,,,,,1,010,010,01,1,0.0,10,1,10,-2.04081632653061,2,"Missouri, United States",US,USMO,,38.4623,-92.302,MO,2,"Missouri, United States",US,USMO,,38.4623,-92.302,MO,2,"Missouri, United States",US,USMO,,38.4623,-92.302,MO,20261008013000,https://www.kbia.org/missouri-news-network/2026-10-07/lincoln-university-students-and-alumni-sue-missouri-alleging-unequal-funding
1326845522,20261008,202610,2026,2026.7616,JUD,ATTORNEY,,,,,,JUD,,,USA,UNITED STATES,USA,,,,,,,,1,012,012,01,1,-0.4,2,1,2,-5.06493506493506,2,"North Carolina, United States",US,USNC,,35.6411,-79.8431,NC,2,"North Carolina, United States",US,USNC,,35.6411,-79.8431,NC,2,"North Carolina, United States",US,USNC,,35.6411,-79.8431,NC,20261008013000,https://wlos.com/news/local/north-carolina-cut-divorce-separation-period-6-months-general-assembly-politics-senate-bill-626-house-law-spouses-children-domestic-violence
1326845523,20261008,202610,2026,2026.7616,JUD,PROSECUTOR,,,,,,JUD,,,USA,AMERICAN,USA,,,,,,,,1,014,014,01,1,0.0,7,1,7,-9.9056603773585,4,"Caracas, Distrito Federal, Venezuela",VE,VE25,31959,10.5,-66.9167,-938457,3,"Manhattan, New York, United States",US,USNY,NY061,40.7834,-73.9662,971945,4,"Caracas, Distrito Federal, Venezuela",VE,VE25,31959,10.5,-66.9167,-938457,20261008013000,https://www.abc.net.au/news/2026-10-08/torture-charges-expected-for-nicol%C3%A1s-maduro/107241718
1326845524,20261008,202610,2026,2026.7616,JUD,PROSECUTOR,,,,,,JUD,,,USA,AMERICAN,USA,,,,,,,,1,014,014,01,1,0.0,2,1,2,-9.9056603773585,3,"Manhattan, New York, United States",US,USNY,NY061,40.7834,-73.9662,971945,3,"Manhattan, New York, United States",US,USNY,NY061,40.7834,-73.9662,971945,3,"Manhattan, New York, United States",US,USNY,NY061,40.7834,-73.9662,971945,20261008013000,https://www.abc.net.au/news/2026-10-08/torture-charges-expected-for-nicol%C3%A1s-maduro/107241718
1326845525,20261008,202610,2026,2026.7616,JUD,PROSECUTOR,,,,,,JUD,,,USA,UNITED STATES,USA,,,,,,,,1,014,014,01,1,0.0,1,1,1,-9.9056603773585,2,"New York, United States",US,USNY,,42.1497,-74.9384,NY,3,"Manhattan, New York, United States",US,USNY,NY061,40.7834,-73.9662,971945,2,"New York, United States",US,USNY,,42.1497,-74.9384,NY,20261008013000,https://www.abc.net.au/news/2026-10-08/torture-charges-expected-for-nicol%C3%A1s-maduro/107241718
1326845526,20261008,202610,2026,2026.7616,JUD,JUDGE,,,,,,JUD,,,USA,NASHVILLE,USA,,,,,,,,1,020,020,02,1,3.0,8,1,8,-5.15267175572519,3,"Nashville, Tennessee, United States",US,USTN,TN037,36.1659,-86.7844,1652484,3,"Nashville, Tennessee, United States",US,USTN,TN037,36.1659,-86.7844,1652484,3,"Nashville, Tennessee, United States",US,USTN,TN037,36.1659,-86.7844,1652484,20261008013000,https://www.wsmv.com/2026/10/07/judge-dismisses-dc-blox-lawsuit-challenging-metro-nashvilles-actions-surrounding-proposed-data-center-near-zoo/
1326845527,20261008,202610,2026,2026.7616,JUD,ATTORNEY,,,,,,JUD,,,USA,MISSOURI,USA,,,,,,,,1,020,020,02,1,3.0,10,1,10,-2.04081632653061,2,"Missouri, United States",US,USMO,,38.4623,-92.302,MO,2,"Missouri, United States",US,USMO,,38.4623,-92.302,MO,2,"Missouri, United States",US,USMO,,38.4623,-92.302,MO,20261008013000,https://www.kbia.org/missouri-news-network/2026-10-07/lincoln-university-students-and-alumni-sue-missouri-alleging-unequal-funding
1326845528,20261008,202610,2026,2026.7616,JUD,ATTORNEY,,,,,,JUD,,,USA,NEW YORK,USA,,,,,,,,1,0214,021,02,1,3.4,1,1,1,-6.1046511627907,2,"New York, United States",US,USNY,,42.1497,-74.9384,NY,2,"New York, United States",US,USNY,,42.1497,-74.9384,NY,2,"New York, United States",US,USNY,,42.1497,-74.9384,NY,20261008013000,https://www.tmz.com/2026/10/07/gillio-lopes-wants-letitia-james-removed-from-cornell-investigation/
1326845529,20261008,202610,2026,2026.7616,JUD,JUDGE,,,,,,JUD,,,USA,NASHVILLE,USA,,,,,,,,1,110,110,11,3,-2.0,10,1,10,-5.15267175572519,2,"Tennessee, United States",US,USTN,,35.7449,-86.7489,TN,2,"Tennessee, United States",US,USTN,,35.7449,-86.7489,TN,2,"Tennessee, United States",US,USTN,,35.7449,-86.7489,TN,20261008013000,https://www.wsmv.com/2026/10/07/judge-dismisses-dc-blox-lawsuit-challenging-metro-nashvilles-actions-surrounding-proposed-data-center-near-zoo/
1326845530,20261008,202610,2026,2026.7616,JUD,ATTORNEY,,,,,,JUD,,,USA,NEW YORK,USA,,,,,,,,1,112,112,11,3,-2.0,1,1,1,-6.1046511627907,2,"New York, United States",US,USNY,,42.1497,-74.9384,NY,2,"New York, United States",US,USNY,,42.1497,-74.9384,NY,2,"New York, United States",US,USNY,,42.1497,-74.9384,NY,20261008013000,https://www.tmz.com/2026/10/07/gillio-lopes-wants-letitia-james-removed-from-cornell-investigation/
1326845531,20261008,202610,2026,2026.7616,JUD,ATTORNEY,,,,,,JUD,,,USA,NEW YORK,USA,,,,,,,,1,1821,182,18,4,-9.0,1,1,1,-6.1046511627907,2,"New York, United States",US,USNY,,42.1497,-74.9384,NY,2,"New York, United States",US,USNY,,42.1497,-74.9384,NY,2,"New York, United States",US,USNY,,42.1497,-74.9384,NY,20261008013000,https://www.tmz.com/2026/10/07/gillio-lopes-wants-letitia-james-removed-from-cornell-investigation/
1326845532,20261008,202610,2026,2026.7616,JUD,ATTORNEY,,,,,,JUD,,,USAJUD,UNITED STATES,USA,,,,,JUD,,,1,190,190,19,4,-10.0,2,1,2,-9.62962962962967,3,"Boone County, Missouri, United States",US,USMO,MO019,39.0334,-92.3335,758464,3,"Boone County, Missouri, United States",US,USMO,,39.0334,-92.3335,758464,3,"Boone County, Missouri, United States",US,USMO,,39.0334,-92.3335,758464,20261008013000,https://abc17news.com/news/boone/2026/10/07/murder-trial-begins-for-sturgeon-man-accused-of-killing-his-father/
1326845533,20261008,202610,2026,2026.7616,JUD,JUDGE,,,,,,JUD,,,YEM,YEMEN,YEM,,,,,,,,1,120,120,12,3,-4.0,8,1,4,-17.3252279635259,4,"Sanaa, Sana', Yemen",YM,YM16,32956,15.3547,44.2067,-3191442,4,"Sanaa, Sana', Yemen",YM,YM16,32956,15.3547,44.2067,-3191442,4,"Sanaa, Sana', Yemen",YM,YM16,32956,15.3547,44.2067,-3191442,20261008013000,https://wach.com/news/local/2026-10-07-man-denied-post-conviction-relief-in-murder-of-15-year-old-sanaa-amenhotep-treveon-nelson-sentenced-crime
1326845534,20261008,202610,2026,2026.7616,JUD,JUDGE,,,,,,JUD,,,YEM,YEMEN,YEM,,,,,,,,1,173,173,17,4,-5.0,8,1,4,-17.3252279635259,4,"Sanaa, Sana', Yemen",YM,YM16,32956,15.3547,44.2067,-3191442,4,"Sanaa, Sana', Yemen",YM,YM16,32956,15.3547,44.2067,-3191442,4,"Sanaa, Sana', Yemen",YM,YM16,32956,15.3547,44.2067,-3191442,20261008013000,https://wach.com/news/local/2026-10-07-man-denied-post-conviction-relief-in-murder-of-15-year-old-sanaa-amenhotep-treveon-nelson-sentenced-crime
1326845535,20261008,202610,2026,2026.7616,JUD,JUDGE,,,,,,JUD,,,YEM,SANAA,YEM,,,,,,,,1,190,190,19,4,-10.0,20,1,10,-17.3252279635259,4,"Sanaa, Sana', Yemen",YM,YM16,32956,15.3547,44.2067,-3191442,4,"Sanaa, Sana', Yemen",YM,YM16,32956,15.3547,44.2067,-3191442,4,"Sanaa, Sana', Yemen",YM,YM16,32956,15.3547,44.2067,-3191442,20261008013000,https://wach.com/news/local/2026-10-07-man-denied-post-conviction-relief-in-murder-of-15-year-old-sanaa-amenhotep-treveon-nelson-sentenced-crime
1326845536,20261008,202610,2026,2026.7616,KOR,SOUTH KOREA,KOR,,,,,,,,RUS,RUSSIA,RUS,,,,,,,,0,061,061,06,2,6.4,8,1,8,-3.8781163434903,4,"Seoul, Soul-t'ukpyolsi, South Korea",KS,KS11,24984,37.5664,127,-716583,4,"Seoul, Soul-t'ukpyolsi, South Korea",KS,KS11,24984,37.5664,127,-716583,4,"Seoul, Soul-t'ukpyolsi, South Korea",KS,KS11,24984,37.5664,127,-716583,20261008013000,https://asianews.network/south-korea-denies-ukrainian-claims-that-it-helped-ease-russian-fuel-shortages/
1326845537,20261008,202610,2026,2026.7616,KOR,SOUTH KOREA,KOR,,,,,,,,RUS,RUSSIA,RUS,,,,,,,,0,061,061,06,2,6.4,1,1,1,-3.8781163434903,4,"Seoul, Soul-t'ukpyolsi, South Korea",KS,KS11,24984,37.5664,127,-716583,1,Russia,RS,RS,,60,100,RS,4,"Seoul, Soul-t'ukpyolsi, South Korea",KS,KS11,24984,37.5664,127,-716583,20261008013000,https://asianews.network/south-korea-denies-ukrainian-claims-that-it-helped-ease-russian-fuel-shortages/
1326845538,20261008,202610,2026,2026.7616,KOR,SOUTH KOREA,KOR,,,,,,,,RUS,RUSSIA,RUS,,,,,,,,0,061,061,06,2,6.4,1,1,1,-3.8781163434903,1,Russia,RS,RS,,60,100,RS,4,"Seoul, Soul-t'ukpyolsi, South Korea",KS,KS11,24984,37.5664,127,-716583,4,"Seoul, Soul-t'ukpyolsi, South Korea",KS,KS11,24984,37.5664,127,-716583,20261008013000,https://asianews.network/south-korea-denies-ukrainian-claims-that-it-helped-ease-russian-fuel-shortages/
1326845539,20261008,202610,2026,2026.7616,KOR,SOUTH KOREA,KOR,,,,,,,,UKR,UKRAINIAN,UKR,,,,,,,,1,016,016,01,1,-2.0,1,1,1,-3.8781163434903,4,"Seoul, Soul-t'ukpyolsi, South Korea",KS,KS11,24984,37.5664,127,-716583,4,"Seoul, Soul-t'ukpyolsi, South Korea",KS,KS11,24984,37.5664,127,-716583,4,"Seoul, Soul-t'ukpyolsi, South Korea",KS,KS11,24984,37.5664,127,-716583,20261008013000,https://asianews.network/south-korea-denies-ukrainian-claims-that-it-helped-ease-russian-fuel-shortages/
1326845540,20261008,202610,2026,2026.7616,KOR,SOUTH KOREA,KOR,,,,,,,,UKR,UKRAINIAN,UKR,,,,,,,,1,016,016,01,1,-2.0,1,1,1,-3.8781163434903,1,Russia,RS,RS,,60,100,RS,1,Russia,RS,RS,,60,100,RS,1,Russia,RS,RS,,60,100,RS,20261008013000,https://asianews.network/south-korea-denies-ukrainian-claims-that-it-helped-ease-russian-fuel-shortages/
1326845541,20261008,202610,2026,2026.7616,LAB,EMPLOYEE,,,,,,LAB,,,,,,,,,,,,,0,012,012,01,1,-0.4,10,1,10,-2.39425379090184,0,,,,,,,,0,,,,,,,,0,,,,,,,,20261008013000,https://www.netnewsledger.com/2026/10/07/crisis-pr-for-law-firms-why-every-firm-needs-a-communications-strategy/
1326845542,20261008,202610,2026,2026.7616,LAB,EMPLOYEE,,,,,,LAB,,,,,,,,,,,,,0,014,014,01,1,0.0,3,1,3,1.34228187919463,3,"Cole County, Missouri, United States",US,USMO,MO051,38.5003,-92.2835,758480,0,,,,,,,,3,"Cole County, Missouri, United States",US,USMO,,38.5003,-92.2835,758480,20261008013000,https://abc17news.com/news/cole/2026/10/07/cole-county-faces-difficult-choice-over-rising-health-insurance-costs/
1326845543,20261008,202610,2026,2026.7616,LAB,EMPLOYEE,,,,,,LAB,,,,,,,,,,,,,0,043,043,04,1,2.8,6,1,6,-6.55737704918033,3,"San Diego, California, United States",US,USCA,CA073,32.7153,-117.157,1661377,0,,,,,,,,3,"San Diego, California, United States",US,USCA,,32.7153,-117.157,1661377,20261008013000,https://ktok.iheart.com/content/2026-10-07-teen-accused-of-planning-terror-attack-at-mall-of-america/
1326845544,20261008,202610,2026,2026.7616,LAB,STAFF MEMBER,,,,,,LAB,,,DEU,FRANKFURT,DEU,,,,,,,,1,046,046,04,1,7.0,9,1,3,2.99625468164794,1,China,CH,CH,,35,105,CH,4,"Frankfurt, Brandenburg, Germany",GM,GM11,16538,52.35,14.55,-1771146,1,China,CH,CH,,35,105,CH,20261008013000,https://www.globaltimes.cn/page/202610/1371802.shtml
1326845545,20261008,202610,2026,2026.7616,LAB,STAFF MEMBER,,,,,,LAB,,,DEU,FRANKFURT,DEU,,,,,,,,1,046,046,04,1,7.0,3,1,3,2.99625468164794,1,China,CH,CH,,35,105,CH,1,China,CH,CH,,35,105,CH,1,China,CH,CH,,35,105,CH,20261008013000,https://www.globaltimes.cn/page/202610/1371802.shtml
1326845546,20261008,202610,2026,2026.7616,LAB,EMPLOYEE,,,,,,LAB,,,MED,TELECOM,,,,,,MED,,,0,013,013,01,1,0.4,5,1,5,-0.59931506849315,4,"New Delhi, Delhi, India",IN,IN07,17911,28.6,77.2,-2106102,4,"New Delhi, Delhi, India",IN,IN07,17911,28.6,77.2,-2106102,4,"New Delhi, Delhi, India",IN,IN07,17911,28.6,77.2,-2106102,20261008013000,https://economictimes.indiatimes.com/news/economy/indicators/gst-council-meeting-2026-today-what-may-change-gst-20-reforms-expectations-rates-itc-refunds-gst-council-meet-key-changes-2026-gst-expectations/articleshow/134769527.cms
1326845547,20261008,202610,2026,2026.7616,LAB,UNIONS,,,,,,LAB,,,MED,WEBSITE,,,,,,MED,,,0,128,128,12,3,-5.0,10,1,10,-0.51546391752577,1,Australia,AS,AS,,-25,135,AS,1,Australia,AS,AS,,-25,135,AS,1,Australia,AS,AS,,-25,135,AS,20261008013000,https://channellife.com.au/story/actu-calls-for-ai-rules-after-openai-agent-hits-medicare
1326845548,20261008,202610,2026,2026.7616,LAB,EMPLOYEE,,,,,,LAB,,,USA,MINNEAPOLIS,USA,,,,,,,,0,040,040,04,1,1.0,3,1,3,-5.03035559410234,4,"Bondi Beach, New South Wales, Australia",AS,AS02,5114,-33.8902,151.276,-1560360,4,"Bondi Beach, New South Wales, Australia",AS,AS02,5114,-33.8902,151.276,-1560360,4,"Bondi Beach, New South Wales, Australia",AS,AS02,5114,-33.8902,151.276,-1560360,20261008013000,https://krdo.com/news/national-world/cnn-national/2026/10/07/federal-prosecutors-in-minnesota-charge-man-with-terrorism-after-they-say-he-planned-to-target-the-mall-of-america/
1326845549,20261008,202610,2026,2026.7616,LAB,EMPLOYEE,,,,,,LAB,,,USA,UNITED STATES,USA,,,,,,,,0,040,040,04,1,1.0,2,1,2,-6.55737704918033,3,"San Diego, California, United States",US,USCA,CA073,32.7153,-117.157,1661377,2,"Minnesota, United States",US,USMN,,45.7326,-93.9196,MN,3,"San Diego, California, United States",US,USCA,,32.7153,-117.157,1661377,20261008013000,https://ktok.iheart.com/content/2026-10-07-teen-accused-of-planning-terror-attack-at-mall-of-america/
1326845550,20261008,202610,2026,2026.7616,LAB,EMPLOYEE,,,,,,LAB,,,USA,MINNEAPOLIS,USA,,,,,,,,0,040,040,04,1,1.0,1,1,1,-5.03035559410234,3,"Bloomington, Minnesota, United States",US,USMN,MN053,44.8408,-93.2983,640278,3,"Bloomington, Minnesota, United States",US,USMN,MN053,44.8408,-93.2983,640278,3,"Bloomington, Minnesota, United States",US,USMN,MN053,44.8408,-93.2983,640278,20261008013000,https://krdo.com/news/national-world/cnn-national/2026/10/07/federal-prosecutors-in-minnesota-charge-man-with-terrorism-after-they-say-he-planned-to-target-the-mall-of-america/
1326845551,20261008,202610,2026,2026.7616,LAB,EMPLOYEE,,,,,,LAB,,,USA,MINNEAPOLIS,USA,,,,,,,,0,040,040,04,1,1.0,1,1,1,-5.03035559410234,3,"Mall Of America, Minnesota, United States",US,USMN,MN037,44.8544,-93.2436,659621,3,"Mall Of America, Minnesota, United States",US,USMN,,44.8544,-93.2436,659621,3,"Bloomington, Minnesota, United States",US,USMN,MN053,44.8408,-93.2983,640278,20261008013000,https://krdo.com/news/national-world/cnn-national/2026/10/07/federal-prosecutors-in-minnesota-charge-man-with-terrorism-after-they-say-he-planned-to-target-the-mall-of-america/
1326845552,20261008,202610,2026,2026.7616,LAB,EMPLOYEE,,,,,,LAB,,,USA,UNITED STATES,USA,,,,,,,,0,040,040,04,1,1.0,2,1,2,-6.55737704918033,2,"Minnesota, United States",US,USMN,,45.7326,-93.9196,MN,2,"Minnesota, United States",US,USMN,,45.7326,-93.9196,MN,2,"Minnesota, United States",US,USMN,,45.7326,-93.9196,MN,20261008013000,https://ktok.iheart.com/content/2026-10-07-teen-accused-of-planning-terror-attack-at-mall-of-america/
1326845553,20261008,202610,2026,2026.7616,LAOGOV,LAOS,LAO,,,,,GOV,,,MIL,ARMY CHIEF,,,,,,MIL,,,0,043,043,04,1,2.8,4,1,4,-3.65448504983388,1,Laos,LA,LA,,18,105,LA,4,"Kuala Lumpur, Kuala Lumpur, Malaysia",MY,MY14,18585,3.16667,101.7,-2403010,1,Laos,LA,LA,,18,105,LA,20261008013000,http://www.malaysiasun.com/news/279357976/myanmar-military-leader-arrives-in-malaysia-as-repatriations-draw-criticism
1326845554,20261008,202610,2026,2026.7616,LBN,TYRE,LBN,,,,,,,,GBR,UNITED KINGDOM,GBR,,,,,,,,1,040,040,04,1,1.0,8,1,8,-4.00285918513224,5,"Essex, Essex, United Kingdom",UK,UKE4,40108,51.8333,0.583333,-2595724,5,"Essex, Essex, United Kingdom",UK,UKE4,40108,51.8333,0.583333,-2595724,5,"Essex, Essex, United Kingdom",UK,UKE4,40108,51.8333,0.583333,-2595724,20261008013000,https://www.dailymail.com/news/article-16190881/Britain-breed-boy-racers-risking-lives-MIMI-YATES.html
1326845555,20261008,202610,2026,2026.7616,LEG,CHAMBER,,,,,,LEG,,,,,,,,,,,,,1,020,020,02,1,3.0,10,1,10,0.48309178743961,3,"Cincinnati, Ohio, United States",US,USOH,OH061,39.162,-84.4569,1066650,0,,,,,,,,3,"Cincinnati, Ohio, United States",US,USOH,OH061,39.162,-84.4569,1066650,20261008013000,https://www.fox19.com/2026/10/07/covington-prepares-blink-crowds-brent-spence-bridge-work-continues/
1326845556,20261008,202610,2026,2026.7616,LEG,SENATE,,,,,,LEG,,,,,,,,,,,,,1,020,020,02,1,3.0,10,1,10,-5.06493506493506,2,"North Carolina, United States",US,USNC,,35.6411,-79.8431,NC,0,,,,,,,,2,"North Carolina, United States",US,USNC,,35.6411,-79.8431,NC,20261008013000,https://wlos.com/news/local/north-carolina-cut-divorce-separation-period-6-months-general-assembly-politics-senate-bill-626-house-law-spouses-children-domestic-violence
1326845557,20261008,202610,2026,2026.7616,LEG,SENATOR,,,,,,LEG,,,,,,,,,,,,,0,040,040,04,1,1.0,3,1,3,-4.76190476190476,3,"University Of Maine, Maine, United States",US,USME,ME019,44.8992,-68.6692,577565,0,,,,,,,,3,"University Of Maine, Maine, United States",US,USME,,44.8992,-68.6692,577565,20261008013000,https://www.sunjournal.com/2026/10/07/democrat-files-ethics-complaint-against-susan-collins-over-alleged-pay-to-play-scheme/
1326845558,20261008,202610,2026,2026.7616,LEG,LEGISLATURE,,,,,,LEG,,,,,,,,,,,,,1,046,046,04,1,7.0,3,1,3,0.17574692442883,2,"Maine, United States",US,USME,,44.6074,-69.3977,ME,0,,,,,,,,2,"Maine, United States",US,USME,,44.6074,-69.3977,ME,20261008013000,https://www.sunjournal.com/2026/10/07/troy-jackson-details-personal-finances-in-new-disclosure/
1326845559,20261008,202610,2026,2026.7616,LEG,LEGISLATOR,,,,,,LEG,,,,,,,,,,,,,0,080,080,08,2,5.0,10,1,10,-9.99999999999997,2,"Tennessee, United States",US,USTN,,35.7449,-86.7489,TN,0,,,,,,,,2,"Tennessee, United States",US,USTN,,35.7449,-86.7489,TN,20261008013000,https://www.wsmv.com/2026/10/07/should-tennessee-judges-be-allowed-deny-bail-heres-what-know-before-you-vote-it/
1326845560,20261008,202610,2026,2026.7616,LEG,LEGISLATOR,,,,,,LEG,,,,,,,,,,,,,0,0841,084,08,2,7.0,10,1,10,-9.99999999999997,2,"Tennessee, United States",US,USTN,,35.7449,-86.7489,TN,0,,,,,,,,2,"Tennessee, United States",US,USTN,,35.7449,-86.7489,TN,20261008013000,https://www.wsmv.com/2026/10/07/should-tennessee-judges-be-allowed-deny-bail-heres-what-know-before-you-vote-it/
1326845561,20261008,202610,2026,2026.7616,LEG,CONGRESS,,,,,,LEG,,,,,,,,,,,,,1,112,112,11,3,-2.0,6,1,6,-6.76470588235294,4,"Delhi, Delhi, India",IN,IN07,17911,28.6667,77.2167,-2094230,0,,,,,,,,4,"Delhi, Delhi, India",IN,IN07,17911,28.6667,77.2167,-2094230,20261008013000,https://asianews.network/new-delhi-police-detain-opposition-leaders-rahul-and-priyanka-gandhi-amid-rally-against-chief-election-commissioner/
1326845562,20261008,202610,2026,2026.7616,LEG,CONGRESS,,,,,,LEG,,,,,,,,,,,,,1,112,112,11,3,-2.0,4,1,4,-6.76470588235294,4,"New Delhi, Delhi, India",IN,IN07,17911,28.6,77.2,-2106102,0,,,,,,,,4,"New Delhi, Delhi, India",IN,IN07,17911,28.6,77.2,-2106102,20261008013000,https://asianews.network/new-delhi-police-detain-opposition-leaders-rahul-and-priyanka-gandhi-amid-rally-against-chief-election-commissioner/
1326845563,20261008,202610,2026,2026.7616,LEG,LAWMAKER,,,,,,LEG,,,,,,,,,,,,,1,141,141,14,3,-6.5,5,1,5,-6.68604651162791,4,"Bihar, Bihar, India",IN,IN34,17615,25.1833,85.5167,-2091797,0,,,,,,,,4,"Bihar, Bihar, India",IN,IN34,17615,25.1833,85.5167,-2091797,20261008013000,https://www.wgauradio.com/news/world/indian-opposition/YO65OMWMJA6CVMAYV6GKBQYUII/
1326845564,20261008,202610,2026,2026.7616,LEG,SENATE,,,,,,LEG,,,IRN,IRAN,IRN,,,,,,,,0,0256,025,02,1,-0.3,1,1,1,-2.72300469483568,2,"Iowa, United States",US,USIA,,42.0046,-93.214,IA,1,Iran,IR,IR,,32,53,IR,1,Iran,IR,IR,,32,53,IR,20261008013000,https://www.dailymail.com/news/article-16191579/Trump-weighs-huge-strike-Iran-midterms.html
1326845565,20261008,202610,2026,2026.7616,LEG,SENATE,,,,,,LEG,,,IRN,IRAN,IRN,,,,,,,,0,0256,025,02,1,-0.3,2,1,2,-2.72300469483568,1,Iran,IR,IR,,32,53,IR,1,Iran,IR,IR,,32,53,IR,1,Iran,IR,IR,,32,53,IR,20261008013000,https://www.dailymail.com/news/article-16191579/Trump-weighs-huge-strike-Iran-midterms.html
1326845566,20261008,202610,2026,2026.7616,LEG,REPRESENTATIVES,,,,,,LEG,,,ISR,ISRAEL,ISR,,,,,,,,1,040,040,04,1,1.0,2,1,2,-5.81395348837209,1,Israel,IS,IS,,31.5,34.75,IS,1,Israel,IS,IS,,31.5,34.75,IS,1,Israel,IS,IS,,31.5,34.75,IS,20261008013000,https://www.kezi.com/news/local/springfield-church-restores-israeli-flags-torn-down-overnight/article_e1f78f94-9ef9-4edf-b58c-45b8018548cc.html
1326845567,20261008,202610,2026,2026.7616,LEG,REPRESENTATIVES,,,,,,LEG,,,ISR,ISRAEL,ISR,,,,,,,,1,040,040,04,1,1.0,4,1,4,-5.81395348837209,1,Israel,IS,IS,,31.5,34.75,IS,1,Israel,IS,IS,,31.5,34.75,IS,2,"Oregon, United States",US,USOR,,44.5672,-122.127,OR,20261008013000,https://www.kezi.com/news/local/springfield-church-restores-israeli-flags-torn-down-overnight/article_e1f78f94-9ef9-4edf-b58c-45b8018548cc.html
1326845568,20261008,202610,2026,2026.7616,LEG,REPRESENTATIVES,,,,,,LEG,,,ISR,ISRAEL,ISR,,,,,,,,1,040,040,04,1,1.0,4,1,4,-5.81395348837209,2,"Oregon, United States",US,USOR,,44.5672,-122.127,OR,1,Israel,IS,IS,,31.5,34.75,IS,2,"Oregon, United States",US,USOR,,44.5672,-122.127,OR,20261008013000,https://www.kezi.com/news/local/springfield-church-restores-israeli-flags-torn-down-overnight/article_e1f78f94-9ef9-4edf-b58c-45b8018548cc.html
1326845569,20261008,202610,2026,2026.7616,LEG,SENATE,,,,,,LEG,,,USA,UNITED STATES,USA,,,,,,,,0,0256,025,02,1,-0.3,2,1,2,-2.72300469483568,1,Iran,IR,IR,,32,53,IR,2,"Michigan, United States",US,USMI,,43.3504,-84.5603,MI,2,"Ohio, United States",US,USOH,,40.3736,-82.7755,OH,20261008013000,https://www.dailymail.com/news/article-16191579/Trump-weighs-huge-strike-Iran-midterms.html
1326845570,20261008,202610,2026,2026.7616,LEG,SENATE,,,,,,LEG,,,USA,OHIO,USA,,,,,,,,0,0256,025,02,1,-0.3,4,1,4,-2.72300469483568,1,Iran,IR,IR,,32,53,IR,2,"Ohio, United States",US,USOH,,40.3736,-82.7755,OH,2,"Ohio, United States",US,USOH,,40.3736,-82.7755,OH,20261008013000,https://www.dailymail.com/news/article-16191579/Trump-weighs-huge-strike-Iran-midterms.html
1326845571,20261008,202610,2026,2026.7616,LEG,LEGISLATURE,,,,,,LEG,,,USA,UNITED STATES,USA,,,,,,,,1,046,046,04,1,7.0,2,1,2,0.17574692442883,2,"Maine, United States",US,USME,,44.6074,-69.3977,ME,2,"Maine, United States",US,USME,,44.6074,-69.3977,ME,2,"Maine, United States",US,USME,,44.6074,-69.3977,ME,20261008013000,https://www.sunjournal.com/2026/10/07/troy-jackson-details-personal-finances-in-new-disclosure/
1326845572,20261008,202610,2026,2026.7616,MED,TELECOM,,,,,,MED,,,,,,,,,,,,,0,010,010,01,1,0.0,10,1,10,-0.59931506849315,4,"New Delhi, Delhi, India",IN,IN07,17911,28.6,77.2,-2106102,0,,,,,,,,4,"New Delhi, Delhi, India",IN,IN07,17911,28.6,77.2,-2106102,20261008013000,https://economictimes.indiatimes.com/news/economy/indicators/gst-council-meeting-2026-today-what-may-change-gst-20-reforms-expectations-rates-itc-refunds-gst-council-meet-key-changes-2026-gst-expectations/articleshow/134769527.cms
1326845573,20261008,202610,2026,2026.7616,MED,WEBSITE,,,,,,MED,,,,,,,,,,,,,1,020,020,02,1,3.0,5,1,5,-4.54545454545454,3,"Los Angeles, California, United States",US,USCA,CA037,34.0522,-118.244,1662328,0,,,,,,,,3,"Los Angeles, California, United States",US,USCA,,34.0522,-118.244,1662328,20261008013000,https://www.tmz.com/2026/10/07/halle-berry-completes-parenting-program/
1326845574,20261008,202610,2026,2026.7616,MED,WEBSITE,,,,,,MED,,,,,,,,,,,,,1,036,036,03,1,4.0,5,1,5,1.63934426229508,4,"Abuja, Abuja Federal Capital Territory, Nigeria",NI,NI11,191147,9.08333,7.53333,-1997013,0,,,,,,,,4,"Abuja, Abuja Federal Capital Territory, Nigeria",NI,NI11,191147,9.08333,7.53333,-1997013,20261008013000,https://promptnewsonline.com/newsroom-must-create-strategic-knowledge-to-survive-the-new-era-max-amuchie/
1326845575,20261008,202610,2026,2026.7616,MED,BLOG,,,,,,MED,,,,,,,,,,,,,1,060,060,06,2,6.0,10,1,10,-0.97629009762901,1,United States,US,US,,39.828175,-98.5795,US,0,,,,,,,,1,United States,US,US,,39.828175,-98.5795,US,20261008013000,https://www.mondaq.com:443/unitedstates/environmental-law/1852374/federal-agencies-announce-supplemental-proposed-waters-of-the-united-states-rule
1326845576,20261008,202610,2026,2026.7616,MED,MEDIA,,,,,,MED,,,,,,,,,,,,,1,111,111,11,3,-2.0,10,1,10,1.15163147792706,3,"San Francisco, California, United States",US,USCA,CA075,37.7749,-122.419,277593,0,,,,,,,,3,"San Francisco, California, United States",US,USCA,,37.7749,-122.419,277593,20261008013000,https://www.dailymail.com/lifestyle/article-16190629/mark-zuckerberg-sister-resemblance-tech-week.html
1326845577,20261008,202610,2026,2026.7616,MED,WEBSITE,,,,,,MED,,,,,,,,,,,,,1,111,111,11,3,-2.0,8,1,8,-5.01792114695341,2,"Arkansas, United States",US,USAR,,34.9513,-92.3809,AR,0,,,,,,,,2,"Arkansas, United States",US,USAR,,34.9513,-92.3809,AR,20261008013000,https://www.blackenterprise.com/white-welfare-recipient-arkansas-political-ad/
1326845578,20261008,202610,2026,2026.7616,MED,SPOKESMAN,,,,,,MED,,,,,,,,,,,,,1,125,125,12,3,-5.0,10,1,10,-6.46319569120287,0,,,,,,,,0,,,,,,,,0,,,,,,,,20261008013000,https://abc17news.com/news/crime/2026/10/07/nudist-charged-with-4-misdemeanors-after-being-spotted-on-mkt-trail-multiple-times/
1326845579,20261008,202610,2026,2026.7616,MED,TELEVISION,,,,,,MED,,,EDU,STUDENT,,,,,,EDU,,,0,010,010,01,1,0.0,4,1,4,-3.40314136125654,3,"Highland Park, California, United States",US,USCA,CA037,34.112,-118.199,1660746,3,"Highland Park, California, United States",US,USCA,,34.112,-118.199,1660746,3,"Highland Park, California, United States",US,USCA,,34.112,-118.199,1660746,20261008013000,https://kesq.com/news/california/2026/10/07/police-find-no-evidence-yet-linking-bullying-to-la-high-school-students-death/
1326845580,20261008,202610,2026,2026.7616,MED,TELEVISION,,,,,,MED,,,EDU,STUDENT,,,,,,EDU,,,0,010,010,01,1,0.0,6,1,6,-3.40314136125654,3,"Los Angeles, California, United States",US,USCA,CA037,34.0522,-118.244,1662328,3,"Los Angeles, California, United States",US,USCA,,34.0522,-118.244,1662328,3,"Los Angeles, California, United States",US,USCA,,34.0522,-118.244,1662328,20261008013000,https://kesq.com/news/california/2026/10/07/police-find-no-evidence-yet-linking-bullying-to-la-high-school-students-death/
1326845581,20261008,202610,2026,2026.7616,MED,SPOKESMAN,,,,,,MED,,,GOV,PRIME MINISTER,,,,,,GOV,,,0,010,010,01,1,0.0,10,1,10,-4.00285918513224,4,"Middlesbrough, Redcar and Cleveland, United Kingdom",UK,UKK9,40100,54.5728,-1.16278,-2603029,4,"Middlesbrough, Redcar and Cleveland, United Kingdom",UK,UKK9,40100,54.5728,-1.16278,-2603029,4,"Middlesbrough, Redcar and Cleveland, United Kingdom",UK,UKK9,40100,54.5728,-1.16278,-2603029,20261008013000,https://www.dailymail.com/news/article-16190881/Britain-breed-boy-racers-risking-lives-MIMI-YATES.html
1326845582,20261008,202610,2026,2026.7616,MED,WEBSITE,,,,,,MED,,,GOV,GOVERNMENT,,,,,,GOV,,,1,010,010,01,1,0.0,8,1,8,-5.01792114695341,2,"Arkansas, United States",US,USAR,,34.9513,-92.3809,AR,2,"Arkansas, United States",US,USAR,,34.9513,-92.3809,AR,2,"Arkansas, United States",US,USAR,,34.9513,-92.3809,AR,20261008013000,https://www.blackenterprise.com/white-welfare-recipient-arkansas-political-ad/
1326845583,20261008,202610,2026,2026.7616,MED,SPOKESMAN,,,,,,MED,,,GOV,PRIME MINISTER,,,,,,GOV,,,0,110,110,11,3,-2.0,10,1,10,-4.00285918513224,4,"Middlesbrough, Redcar and Cleveland, United Kingdom",UK,UKK9,40100,54.5728,-1.16278,-2603029,4,"Middlesbrough, Redcar and Cleveland, United Kingdom",UK,UKK9,40100,54.5728,-1.16278,-2603029,4,"Middlesbrough, Redcar and Cleveland, United Kingdom",UK,UKK9,40100,54.5728,-1.16278,-2603029,20261008013000,https://www.dailymail.com/news/article-16190881/Britain-breed-boy-racers-risking-lives-MIMI-YATES.html
1326845584,20261008,202610,2026,2026.7616,MED,MEDIA,,,,,,MED,,,JPN,JAPANESE,JPN,,,,,,,,1,173,173,17,4,-5.0,10,1,10,-2.28310502283105,1,Japan,JA,JA,,36,138,JA,1,Japan,JA,JA,,36,138,JA,1,Japan,JA,JA,,36,138,JA,20261008013000,https://asianews.network/us-military-in-japans-okinawa-in-48-hour-operation-pause-following-marine-arrest-and-murder-case/
1326845585,20261008,202610,2026,2026.7616,MED,PUBLISHER,,,,,,MED,,,NGA,LAGOS,NGA,,,,,,,,1,042,042,04,1,1.9,5,1,5,1.63934426229508,4,"Abuja, Abuja Federal Capital Territory, Nigeria",NI,NI11,191147,9.08333,7.53333,-1997013,4,"Abuja, Abuja Federal Capital Territory, Nigeria",NI,NI11,191147,9.08333,7.53333,-1997013,4,"Abuja, Abuja Federal Capital Territory, Nigeria",NI,NI11,191147,9.08333,7.53333,-1997013,20261008013000,https://promptnewsonline.com/newsroom-must-create-strategic-knowledge-to-survive-the-new-era-max-amuchie/
1326845586,20261008,202610,2026,2026.7616,MED,NEWSPAPER,,,,,,MED,,,USA,AMERICAN,USA,,,,,,,,1,020,020,02,1,3.0,10,1,10,2.31660231660231,0,,,,,,,,0,,,,,,,,0,,,,,,,,20261008013000,https://www.sunjournal.com/2026/10/07/new-nonprofit-looks-to-raise-1-million-to-preserve-down-east-newspapers/
1326845587,20261008,202610,2026,2026.7616,MIL,GARRISON,,,,,,MIL,,,,,,,,,,,,,1,010,010,01,1,0.0,10,1,10,-3.46666666666666,0,,,,,,,,0,,,,,,,,0,,,,,,,,20261008013000,https://www.durangoherald.com/articles/news/festival-ram-gets-loose-takes-stroll-through-durango-on-saturday/
1326845588,20261008,202610,2026,2026.7616,MIL,AIR FORCE,,,,,,MIL,,,,,,,,,,,,,0,010,010,01,1,0.0,2,1,2,-6.81520314547837,4,"Kyiv, Kyyiv, Misto, Ukraine",UP,UP12,28554,50.4333,30.5167,-1044367,0,,,,,,,,4,"Pryluky, Zhytomyrs'ka Oblast', Ukraine",UP,UP27,39918,51.4634,28.8657,-1051544,20261008013000,https://www.odt.co.nz/news/world/at-least-28-killed-in-ukraine-as-zelenskiy-condemns-vile-strikes-to7m18cj
1326845589,20261008,202610,2026,2026.7616,MIL,AIR FORCE,,,,,,MIL,,,,,,,,,,,,,0,010,010,01,1,0.0,2,1,2,-6.81520314547837,4,"Moscow, Moskva, Russia",RS,RS48,25106,55.7522,37.6156,-2960561,0,,,,,,,,4,"Kyiv, Kyyiv, Misto, Ukraine",UP,UP12,28554,50.4333,30.5167,-1044367,20261008013000,https://www.odt.co.nz/news/world/at-least-28-killed-in-ukraine-as-zelenskiy-condemns-vile-strikes-to7m18cj
1326845590,20261008,202610,2026,2026.7616,MIL,NAVY,,,,,,MIL,,,,,,,,,,,,,0,010,010,01,1,0.0,8,1,8,-3.16856780735108,4,"Tehran, Tehran, Iran",IR,IR26,41130,35.75,51.5148,10074674,0,,,,,,,,1,Saudi Arabia,SA,SA,,25,45,SA,20261008013000,https://wwd.com/sourcing-journal/logistics/strait-of-hormuz-freight-rates-peaked-iran-war-xeneta-container-shipping-oil-1239320306/
1326845591,20261008,202610,2026,2026.7616,MIL,NAVY,,,,,,MIL,,,,,,,,,,,,,0,010,010,01,1,0.0,2,1,2,-3.16856780735108,3,"Washington, District of Columbia, United States",US,USDC,DC001,38.8951,-77.0364,531871,0,,,,,,,,4,"Tehran, Tehran, Iran",IR,IR26,41130,35.75,51.5148,10074674,20261008013000,https://wwd.com/sourcing-journal/logistics/strait-of-hormuz-freight-rates-peaked-iran-war-xeneta-container-shipping-oil-1239320306/
1326845592,20261008,202610,2026,2026.7616,MIL,AIR FORCE,,,,,,MIL,,,,,,,,,,,,,0,010,010,01,1,0.0,15,2,15,-3.52635948526359,3,"Washington, District of Columbia, United States",US,USDC,DC001,38.8951,-77.0364,531871,0,,,,,,,,3,"Washington, District of Columbia, United States",US,USDC,DC001,38.8951,-77.0364,531871,20261008013000,https://www.thedailybeast.com/why-uncle-donald-doesnt-want-to-shake-off-natalie
1326845593,20261008,202610,2026,2026.7616,MIL,COMMANDER,,,,,,MIL,,,,,,,,,,,,,1,010,010,01,1,0.0,1,1,1,-2.72300469483568,1,Israel,IS,IS,,31.5,34.75,IS,0,,,,,,,,1,Israel,IS,IS,,31.5,34.75,IS,20261008013000,https://www.dailymail.com/news/article-16191579/Trump-weighs-huge-strike-Iran-midterms.html
1326845594,20261008,202610,2026,2026.7616,MIL,AIR FORCE,,,,,,MIL,,,,,,,,,,,,,0,011,011,01,1,-0.1,2,1,2,-6.81520314547837,4,"Kyiv, Kyyiv, Misto, Ukraine",UP,UP12,28554,50.4333,30.5167,-1044367,0,,,,,,,,4,"Pryluky, Zhytomyrs'ka Oblast', Ukraine",UP,UP27,39918,51.4634,28.8657,-1051544,20261008013000,https://www.odt.co.nz/news/world/at-least-28-killed-in-ukraine-as-zelenskiy-condemns-vile-strikes-to7m18cj
1326845595,20261008,202610,2026,2026.7616,MIL,AIR FORCE,,,,,,MIL,,,,,,,,,,,,,0,011,011,01,1,-0.1,2,1,2,-6.81520314547837,4,"Moscow, Moskva, Russia",RS,RS48,25106,55.7522,37.6156,-2960561,0,,,,,,,,4,"Pryluky, Zhytomyrs'ka Oblast', Ukraine",UP,UP27,39918,51.4634,28.8657,-1051544,20261008013000,https://www.odt.co.nz/news/world/at-least-28-killed-in-ukraine-as-zelenskiy-condemns-vile-strikes-to7m18cj
1326845596,20261008,202610,2026,2026.7616,MIL,COAST GUARD,,,,,,MIL,,,,,,,,,,,,,0,020,020,02,1,3.0,10,1,10,-0.80495356037151,4,"English Channel, United Kingdom (general), United Kingdom",UK,UK00,154724,54.5833,-3.68333,-2595622,0,,,,,,,,4,"English Channel, United Kingdom (general), United Kingdom",UK,UK00,154724,54.5833,-3.68333,-2595622,20261008013000,https://www.clarksvilleonline.com/2026/10/07/lst-325-docks-in-clarksville-tn-october-2026/
1326845597,20261008,202610,2026,2026.7616,MIL,ARMY,,,,,,MIL,,,,,,,,,,,,,0,051,051,05,1,3.4,10,1,10,-2.95930949445129,2,"Alaska, United States",US,USAK,,61.385,-152.268,AK,0,,,,,,,,2,"Alaska, United States",US,USAK,,61.385,-152.268,AK,20261008013000,https://www.adn.com/alaska-news/2026/10/07/about-30-alaska-native-youths-buried-at-boarding-schools-decades-ago-are-now-returning-home/
1326845598,20261008,202610,2026,2026.7616,MIL,ARMED TROOPS,,,,,,MIL,,,,,,,,,,,,,0,073,073,07,2,7.4,12,1,12,-5.65181518151815,4,"Chaibasa, Jharkhand, India",IN,IN38,70155,22.5667,85.8167,-2092587,0,,,,,,,,4,"Chaibasa, Jharkhand, India",IN,IN38,70155,22.5667,85.8167,-2092587,20261008013000,https://indiankanoon.org/doc/22994332/
1326845599,20261008,202610,2026,2026.7616,MIL,ARMED TROOPS,,,,,,MIL,,,,,,,,,,,,,0,073,073,07,2,7.4,8,1,8,-5.65181518151815,4,"Singhbhum, Jharkhand, India",IN,IN38,70152,22.5,85.5,-2111441,0,,,,,,,,4,"Singhbhum, Jharkhand, India",IN,IN38,70152,22.5,85.5,-2111441,20261008013000,https://indiankanoon.org/doc/22994332/
1326845600,20261008,202610,2026,2026.7616,MIL,CAPTAIN,,,,,,MIL,,,,,,,,,,,,,0,0831,083,08,2,5.0,6,1,6,-0.80495356037151,4,"Athens, AttikíR, Greece",GR,GR35,16716,37.9833,23.7333,-814876,0,,,,,,,,4,"Athens, AttikíR, Greece",GR,GR35,16716,37.9833,23.7333,-814876,20261008013000,https://www.clarksvilleonline.com/2026/10/07/lst-325-docks-in-clarksville-tn-october-2026/
1326845601,20261008,202610,2026,2026.7616,MIL,AIR FORCE,,,,,,MIL,,,,,,,,,,,,,0,124,124,12,3,-4.0,2,1,2,-6.81520314547837,4,"Kyiv, Kyyiv, Misto, Ukraine",UP,UP12,28554,50.4333,30.5167,-1044367,0,,,,,,,,4,"Pryluky, Zhytomyrs'ka Oblast', Ukraine",UP,UP27,39918,51.4634,28.8657,-1051544,20261008013000,https://www.odt.co.nz/news/world/at-least-28-killed-in-ukraine-as-zelenskiy-condemns-vile-strikes-to7m18cj
1326845602,20261008,202610,2026,2026.7616,MIL,AIR FORCE,,,,,,MIL,,,,,,,,,,,,,0,124,124,12,3,-4.0,2,1,2,-6.81520314547837,4,"Moscow, Moskva, Russia",RS,RS48,25106,55.7522,37.6156,-2960561,0,,,,,,,,4,"Pryluky, Zhytomyrs'ka Oblast', Ukraine",UP,UP27,39918,51.4634,28.8657,-1051544,20261008013000,https://www.odt.co.nz/news/world/at-least-28-killed-in-ukraine-as-zelenskiy-condemns-vile-strikes-to7m18cj
1326845603,20261008,202610,2026,2026.7616,MIL,ARMY CHIEF,,,,,,MIL,,,GOV,GOVERNMENT,,,,,,GOV,,,0,042,042,04,1,1.9,6,1,6,-3.65448504983388,1,Laos,LA,LA,,18,105,LA,1,Laos,LA,LA,,18,105,LA,1,Laos,LA,LA,,18,105,LA,20261008013000,http://www.malaysiasun.com/news/279357976/myanmar-military-leader-arrives-in-malaysia-as-repatriations-draw-criticism
1326845604,20261008,202610,2026,2026.7616,MIL,CAPTAIN,,,,,,MIL,,,GRC,GREECE,GRC,,,,,,,,0,0831,083,08,2,5.0,2,1,2,-0.80495356037151,4,"Athens, AttikíR, Greece",GR,GR35,16716,37.9833,23.7333,-814876,4,"Athens, AttikíR, Greece",GR,GR35,16716,37.9833,23.7333,-814876,4,"Athens, AttikíR, Greece",GR,GR35,16716,37.9833,23.7333,-814876,20261008013000,https://www.clarksvilleonline.com/2026/10/07/lst-325-docks-in-clarksville-tn-october-2026/
1326845605,20261008,202610,2026,2026.7616,MIL,CARRIER,,,,,,MIL,,,JPNBUS,JAPAN,JPN,,,,,BUS,,,1,013,013,01,1,0.4,2,1,2,0,1,Japan,JA,JA,,36,138,JA,1,Japan,JA,JA,,36,138,JA,1,Japan,JA,JA,,36,138,JA,20261008013000,https://asia.nikkei.com/editor-s-picks/interview/alaska-airlines-to-triple-global-routes-with-help-from-jal-partnership-ceo
1326845606,20261008,202610,2026,2026.7616,MIL,ARMY CHIEF,,,,,,MIL,,,LAOGOV,LAOS,LAO,,,,,GOV,,,0,042,042,04,1,1.9,4,1,4,-3.65448504983388,4,"Kuala Lumpur, Kuala Lumpur, Malaysia",MY,MY14,18585,3.16667,101.7,-2403010,1,Laos,LA,LA,,18,105,LA,1,Laos,LA,LA,,18,105,LA,20261008013000,http://www.malaysiasun.com/news/279357976/myanmar-military-leader-arrives-in-malaysia-as-repatriations-draw-criticism
1326845607,20261008,202610,2026,2026.7616,MIL,COMMANDER,,,,,,MIL,,,USA,UNITED STATES,USA,,,,,,,,1,010,010,01,1,0.0,4,1,4,-2.72300469483568,1,Iran,IR,IR,,32,53,IR,1,Israel,IS,IS,,31.5,34.75,IS,1,Israel,IS,IS,,31.5,34.75,IS,20261008013000,https://www.dailymail.com/news/article-16191579/Trump-weighs-huge-strike-Iran-midterms.html
1326845608,20261008,202610,2026,2026.7616,MIL,COMMANDER,,,,,,MIL,,,USA,UNITED STATES,USA,,,,,,,,1,010,010,01,1,0.0,2,1,2,-2.72300469483568,1,Israel,IS,IS,,31.5,34.75,IS,1,Israel,IS,IS,,31.5,34.75,IS,1,Israel,IS,IS,,31.5,34.75,IS,20261008013000,https://www.dailymail.com/news/article-16191579/Trump-weighs-huge-strike-Iran-midterms.html
1326845609,20261008,202610,2026,2026.7616,MIL,CAPTAIN,,,,,,MIL,,,USA,UNITED STATES,USA,,,,,,,,0,020,020,02,1,3.0,2,1,2,-0.80495356037151,4,"Athens, AttikíR, Greece",GR,GR35,16716,37.9833,23.7333,-814876,2,"Illinois, United States",US,USIL,,40.3363,-89.0022,IL,2,"Illinois, United States",US,USIL,,40.3363,-89.0022,IL,20261008013000,https://www.clarksvilleonline.com/2026/10/07/lst-325-docks-in-clarksville-tn-october-2026/
1326845610,20261008,202610,2026,2026.7616,MIL,COAST GUARD,,,,,,MIL,,,USA,NEW JERSEY,USA,,,,,,,,1,031,031,03,1,5.2,10,1,10,4.69483568075117,2,"New Jersey, United States",US,USNJ,,40.314,-74.5089,NJ,2,"New Jersey, United States",US,USNJ,,40.314,-74.5089,NJ,2,"New Jersey, United States",US,USNJ,,40.314,-74.5089,NJ,20261008013000,https://www.foxnews.com/us/us-coast-guard-recruits-largest-class-nearly-40-years-beats-goals-third-straight-year
1326845611,20261008,202610,2026,2026.7616,MILSPY,MILITARY INTELLIGENCE,,,,,,MIL,SPY,,,,,,,,,,,,0,138,138,13,3,-7.0,1,1,1,-6.81520314547837,4,"Kyiv, Kyyiv, Misto, Ukraine",UP,UP12,28554,50.4333,30.5167,-1044367,0,,,,,,,,4,"Kyiv, Kyyiv, Misto, Ukraine",UP,UP12,28554,50.4333,30.5167,-1044367,20261008013000,https://www.odt.co.nz/news/world/at-least-28-killed-in-ukraine-as-zelenskiy-condemns-vile-strikes-to7m18cj
1326845612,20261008,202610,2026,2026.7616,MILSPY,MILITARY INTELLIGENCE,,,,,,MIL,SPY,,,,,,,,,,,,0,138,138,13,3,-7.0,1,1,1,-6.81520314547837,4,"Samara, Samarskaya Oblast', Russia",RS,RS65,25110,53.2,50.15,-2995930,0,,,,,,,,4,"Samara, Samarskaya Oblast', Russia",RS,RS65,25110,53.2,50.15,-2995930,20261008013000,https://www.odt.co.nz/news/world/at-least-28-killed-in-ukraine-as-zelenskiy-condemns-vile-strikes-to7m18cj
1326845613,20261008,202610,2026,2026.7616,MMR,MYANMAR,MMR,,,,,,,,MMRCVL,MYANMAR,MMR,,,,,CVL,,,1,043,043,04,1,2.8,5,1,5,-3.65448504983388,4,"Kuala Lumpur, Kuala Lumpur, Malaysia",MY,MY14,18585,3.16667,101.7,-2403010,4,"Kuala Lumpur, Kuala Lumpur, Malaysia",MY,MY14,18585,3.16667,101.7,-2403010,4,"Kuala Lumpur, Kuala Lumpur, Malaysia",MY,MY14,18585,3.16667,101.7,-2403010,20261008013000,http://www.malaysiasun.com/news/279357976/myanmar-military-leader-arrives-in-malaysia-as-repatriations-draw-criticism
1326845614,20261008,202610,2026,2026.7616,MMRCVL,MYANMAR,MMR,,,,,CVL,,,MMR,MYANMAR,MMR,,,,,,,,1,042,042,04,1,1.9,5,1,5,-3.65448504983388,4,"Kuala Lumpur, Kuala Lumpur, Malaysia",MY,MY14,18585,3.16667,101.7,-2403010,4,"Kuala Lumpur, Kuala Lumpur, Malaysia",MY,MY14,18585,3.16667,101.7,-2403010,4,"Kuala Lumpur, Kuala Lumpur, Malaysia",MY,MY14,18585,3.16667,101.7,-2403010,20261008013000,http://www.malaysiasun.com/news/279357976/myanmar-military-leader-arrives-in-malaysia-as-repatriations-draw-criticism
1326845615,20261008,202610,2026,2026.7616,MMRCVL,MYANMAR,MMR,,,,,CVL,,,MYS,MALAYSIA,MYS,,,,,,,,1,042,042,04,1,1.9,5,1,5,-3.65448504983388,4,"Kuala Lumpur, Kuala Lumpur, Malaysia",MY,MY14,18585,3.16667,101.7,-2403010,4,"Kuala Lumpur, Kuala Lumpur, Malaysia",MY,MY14,18585,3.16667,101.7,-2403010,4,"Kuala Lumpur, Kuala Lumpur, Malaysia",MY,MY14,18585,3.16667,101.7,-2403010,20261008013000,http://www.malaysiasun.com/news/279357976/myanmar-military-leader-arrives-in-malaysia-as-repatriations-draw-criticism
1326845616,20261008,202610,2026,2026.7616,MNC,BRITISH PETROLEUM,,,,,,MNC,,,,,,,,,,,,,0,070,070,07,2,7.0,1,1,1,-0.80495356037151,4,"English Channel, United Kingdom (general), United Kingdom",UK,UK00,154724,54.5833,-3.68333,-2595622,0,,,,,,,,4,"English Channel, United Kingdom (general), United Kingdom",UK,UK00,154724,54.5833,-3.68333,-2595622,20261008013000,https://www.clarksvilleonline.com/2026/10/07/lst-325-docks-in-clarksville-tn-october-2026/
1326845617,20261008,202610,2026,2026.7616,MNCKOR,SAMSUNG,KOR,,,,,MNC,,,,,,,,,,,,,1,120,120,12,3,-4.0,10,1,10,0.735930735930734,0,,,,,,,,0,,,,,,,,0,,,,,,,,20261008013000,https://www.gsmarena.com/samsung_galaxy_s26_fe_vs_galaxy_s25_fe_battery_camera_price_compared-news-74772.php
1326845618,20261008,202610,2026,2026.7616,MNCUSA,NVIDIA,USA,,,,,MNC,,,,,,,,,,,,,0,051,051,05,1,3.4,5,1,5,1.93003618817852,3,"San Francisco, California, United States",US,USCA,CA075,37.7749,-122.419,277593,0,,,,,,,,3,"San Francisco, California, United States",US,USCA,,37.7749,-122.419,277593,20261008013000,https://www.pcmag.com/news/microsoft-rtx-spark-mobile-laptop-preorders-begin-why-theyre-expensive
1326845619,20261008,202610,2026,2026.7616,MYS,MALAYSIA,MYS,,,,,,,,,,,,,,,,,,1,030,030,03,1,4.0,2,1,2,1.97486535008976,4,"Kuala Lumpur, Kuala Lumpur, Malaysia",MY,MY14,18585,3.16667,101.7,-2403010,0,,,,,,,,4,"Kuala Lumpur, Kuala Lumpur, Malaysia",MY,MY14,18585,3.16667,101.7,-2403010,20261008013000,https://asianews.network/what-can-photographs-of-grandparents-tell-us-about-the-malaysia-they-lived-in/
1326845620,20261008,202610,2026,2026.7616,MYS,MALAYSIAN,MYS,,,,,,,,,,,,,,,,,,1,040,040,04,1,1.0,2,1,2,-3.65448504983388,4,"Kuala Lumpur, Kuala Lumpur, Malaysia",MY,MY14,18585,3.16667,101.7,-2403010,0,,,,,,,,4,"Kuala Lumpur, Kuala Lumpur, Malaysia",MY,MY14,18585,3.16667,101.7,-2403010,20261008013000,http://www.malaysiasun.com/news/279357976/myanmar-military-leader-arrives-in-malaysia-as-repatriations-draw-criticism
1326845621,20261008,202610,2026,2026.7616,MYS,MALAYSIA,MYS,,,,,,,,,,,,,,,,,,1,042,042,04,1,1.9,10,1,10,1.97486535008976,4,"Kuala Lumpur, Kuala Lumpur, Malaysia",MY,MY14,18585,3.16667,101.7,-2403010,0,,,,,,,,4,"Kuala Lumpur, Kuala Lumpur, Malaysia",MY,MY14,18585,3.16667,101.7,-2403010,20261008013000,https://asianews.network/what-can-photographs-of-grandparents-tell-us-about-the-malaysia-they-lived-in/
1326845622,20261008,202610,2026,2026.7616,MYS,KUALA LUMPUR,MYS,,,,,,,,IGOSEAASN,SOUTHEAST ASIAN NATIONS,SEA,ASN,,,,IGO,,,1,046,046,04,1,7.0,2,1,2,-3.65448504983388,1,Cambodia,CB,CB,,13,105,CB,4,"Kuala Lumpur, Kuala Lumpur, Malaysia",MY,MY14,18585,3.16667,101.7,-2403010,4,"Kuala Lumpur, Kuala Lumpur, Malaysia",MY,MY14,18585,3.16667,101.7,-2403010,20261008013000,http://www.malaysiasun.com/news/279357976/myanmar-military-leader-arrives-in-malaysia-as-repatriations-draw-criticism
1326845623,20261008,202610,2026,2026.7616,MYS,KUALA LUMPUR,MYS,,,,,,,,IGOSEAASN,SOUTHEAST ASIAN NATIONS,SEA,ASN,,,,IGO,,,1,046,046,04,1,7.0,6,1,6,-3.65448504983388,1,Cambodia,CB,CB,,13,105,CB,1,Cambodia,CB,CB,,13,105,CB,1,Cambodia,CB,CB,,13,105,CB,20261008013000,http://www.malaysiasun.com/news/279357976/myanmar-military-leader-arrives-in-malaysia-as-repatriations-draw-criticism
1326845624,20261008,202610,2026,2026.7616,MYS,KUALA LUMPUR,MYS,,,,,,,,IGOSEAASN,SOUTHEAST ASIAN NATIONS,SEA,ASN,,,,IGO,,,1,046,046,04,1,7.0,2,1,2,-3.65448504983388,1,Laos,LA,LA,,18,105,LA,1,Cambodia,CB,CB,,13,105,CB,1,Laos,LA,LA,,18,105,LA,20261008013000,http://www.malaysiasun.com/news/279357976/myanmar-military-leader-arrives-in-malaysia-as-repatriations-draw-criticism
1326845625,20261008,202610,2026,2026.7616,MYS,MALAYSIA,MYS,,,,,,,,MMRCVL,MYANMAR,MMR,,,,,CVL,,,1,043,043,04,1,2.8,5,1,5,-3.65448504983388,4,"Kuala Lumpur, Kuala Lumpur, Malaysia",MY,MY14,18585,3.16667,101.7,-2403010,4,"Kuala Lumpur, Kuala Lumpur, Malaysia",MY,MY14,18585,3.16667,101.7,-2403010,4,"Kuala Lumpur, Kuala Lumpur, Malaysia",MY,MY14,18585,3.16667,101.7,-2403010,20261008013000,http://www.malaysiasun.com/news/279357976/myanmar-military-leader-arrives-in-malaysia-as-repatriations-draw-criticism
1326845626,20261008,202610,2026,2026.7616,MYS,MALAYSIAN,MYS,,,,,,,,MMRCVL,MYANMAR,MMR,,,,,CVL,,,0,075,075,07,2,7.0,2,1,2,-3.65448504983388,4,"Kuala Lumpur, Kuala Lumpur, Malaysia",MY,MY14,18585,3.16667,101.7,-2403010,4,"Kuala Lumpur, Kuala Lumpur, Malaysia",MY,MY14,18585,3.16667,101.7,-2403010,4,"Kuala Lumpur, Kuala Lumpur, Malaysia",MY,MY14,18585,3.16667,101.7,-2403010,20261008013000,http://www.malaysiasun.com/news/279357976/myanmar-military-leader-arrives-in-malaysia-as-repatriations-draw-criticism
1326845627,20261008,202610,2026,2026.7616,MYS,KUALA LUMPUR,MYS,,,,,,,,MMRCVL,MYANMAR,MMR,,,,,CVL,,,1,111,111,11,3,-2.0,8,1,8,-3.65448504983388,4,"Kuala Lumpur, Kuala Lumpur, Malaysia",MY,MY14,18585,3.16667,101.7,-2403010,4,"Kuala Lumpur, Kuala Lumpur, Malaysia",MY,MY14,18585,3.16667,101.7,-2403010,4,"Kuala Lumpur, Kuala Lumpur, Malaysia",MY,MY14,18585,3.16667,101.7,-2403010,20261008013000,http://www.malaysiasun.com/news/279357976/myanmar-military-leader-arrives-in-malaysia-as-repatriations-draw-criticism
1326845628,20261008,202610,2026,2026.7616,MYS,MALAYSIA,MYS,,,,,,,,MMRCVL,MYANMAR,MMR,,,,,CVL,,,0,173,173,17,4,-5.0,10,1,10,-3.65448504983388,4,"Kuala Lumpur, Kuala Lumpur, Malaysia",MY,MY14,18585,3.16667,101.7,-2403010,4,"Kuala Lumpur, Kuala Lumpur, Malaysia",MY,MY14,18585,3.16667,101.7,-2403010,4,"Kuala Lumpur, Kuala Lumpur, Malaysia",MY,MY14,18585,3.16667,101.7,-2403010,20261008013000,http://www.malaysiasun.com/news/279357976/myanmar-military-leader-arrives-in-malaysia-as-repatriations-draw-criticism
1326845629,20261008,202610,2026,2026.7616,MYS,MALAYSIAN,MYS,,,,,,,,MYSGOV,MALAYSIA,MYS,,,,,GOV,,,1,040,040,04,1,1.0,2,1,2,-3.65448504983388,4,"Kuala Lumpur, Kuala Lumpur, Malaysia",MY,MY14,18585,3.16667,101.7,-2403010,4,"Kuala Lumpur, Kuala Lumpur, Malaysia",MY,MY14,18585,3.16667,101.7,-2403010,4,"Kuala Lumpur, Kuala Lumpur, Malaysia",MY,MY14,18585,3.16667,101.7,-2403010,20261008013000,http://www.malaysiasun.com/news/279357976/myanmar-military-leader-arrives-in-malaysia-as-repatriations-draw-criticism
1326845630,20261008,202610,2026,2026.7616,MYSBUS,MALAYSIAN,MYS,,,,,BUS,,,MMR,MYANMAR,MMR,,,,,,,,0,030,030,03,1,4.0,3,1,3,-3.65448504983388,4,"Kuala Lumpur, Kuala Lumpur, Malaysia",MY,MY14,18585,3.16667,101.7,-2403010,4,"Kuala Lumpur, Kuala Lumpur, Malaysia",MY,MY14,18585,3.16667,101.7,-2403010,4,"Kuala Lumpur, Kuala Lumpur, Malaysia",MY,MY14,18585,3.16667,101.7,-2403010,20261008013000,http://www.malaysiasun.com/news/279357976/myanmar-military-leader-arrives-in-malaysia-as-repatriations-draw-criticism
1326845631,20261008,202610,2026,2026.7616,MYSGOV,MALAYSIAN,MYS,,,,,GOV,,,,,,,,,,,,,1,040,040,04,1,1.0,6,1,6,-3.65448504983388,4,"Kuala Lumpur, Kuala Lumpur, Malaysia",MY,MY14,18585,3.16667,101.7,-2403010,0,,,,,,,,4,"Kuala Lumpur, Kuala Lumpur, Malaysia",MY,MY14,18585,3.16667,101.7,-2403010,20261008013000,http://www.malaysiasun.com/news/279357976/myanmar-military-leader-arrives-in-malaysia-as-repatriations-draw-criticism
1326845632,20261008,202610,2026,2026.7616,MYSGOV,MALAYSIAN,MYS,,,,,GOV,,,MMRCVL,MYANMAR,MMR,,,,,CVL,,,0,075,075,07,2,7.0,5,1,5,-3.65448504983388,4,"Kuala Lumpur, Kuala Lumpur, Malaysia",MY,MY14,18585,3.16667,101.7,-2403010,4,"Kuala Lumpur, Kuala Lumpur, Malaysia",MY,MY14,18585,3.16667,101.7,-2403010,4,"Kuala Lumpur, Kuala Lumpur, Malaysia",MY,MY14,18585,3.16667,101.7,-2403010,20261008013000,http://www.malaysiasun.com/news/279357976/myanmar-military-leader-arrives-in-malaysia-as-repatriations-draw-criticism
1326845633,20261008,202610,2026,2026.7616,MYSGOV,MALAYSIA,MYS,,,,,GOV,,,MYS,MALAYSIAN,MYS,,,,,,,,1,040,040,04,1,1.0,2,1,2,-3.65448504983388,4,"Kuala Lumpur, Kuala Lumpur, Malaysia",MY,MY14,18585,3.16667,101.7,-2403010,4,"Kuala Lumpur, Kuala Lumpur, Malaysia",MY,MY14,18585,3.16667,101.7,-2403010,4,"Kuala Lumpur, Kuala Lumpur, Malaysia",MY,MY14,18585,3.16667,101.7,-2403010,20261008013000,http://www.malaysiasun.com/news/279357976/myanmar-military-leader-arrives-in-malaysia-as-repatriations-draw-criticism
1326845634,20261008,202610,2026,2026.7616,NGA,NIGERIA,NGA,,,,,,,,,,,,,,,,,,1,040,040,04,1,1.0,5,1,5,4.68085106382979,4,"Lagos, Lagos, Nigeria",NI,NI05,191416,6.45306,3.39583,-2017355,0,,,,,,,,4,"Lagos, Lagos, Nigeria",NI,NI05,191416,6.45306,3.39583,-2017355,20261008013000,https://punchng.com/acamb-eyes-ai-digital-media-for-next-30-years/
1326845635,20261008,202610,2026,2026.7616,NGA,NIGERIA,NGA,,,,,,,,,,,,,,,,,,0,051,051,05,1,3.4,4,1,4,0.55762081784386,4,"Ikeja, Lagos, Nigeria",NI,NI05,191295,6.59422,3.33748,-2011499,0,,,,,,,,4,"Ikeja, Lagos, Nigeria",NI,NI05,191295,6.59422,3.33748,-2011499,20261008013000,https://punchng.com/new-customs-cac-vows-intelligence-led-enforcement-revenue-recovery/
1326845636,20261008,202610,2026,2026.7616,NGA,NIGERIA,NGA,,,,,,,,EDU,COLLEGE,,,,,,EDU,,,1,020,020,02,1,3.0,4,1,4,-1.00896860986547,1,Nigeria,NI,NI,,10,8,NI,1,Nigeria,NI,NI,,10,8,NI,1,Nigeria,NI,NI,,10,8,NI,20261008013000,https://punchng.com/customs-explains-why-shortlisted-candidates-await-training-invitations/
1326845637,20261008,202610,2026,2026.7616,NGA,NIGERIA,NGA,,,,,,,,GOV,ADMINISTRATION,,,,,,GOV,,,0,190,190,19,4,-10.0,4,1,4,0.55762081784386,4,"Ikeja, Lagos, Nigeria",NI,NI05,191295,6.59422,3.33748,-2011499,4,"Ikeja, Lagos, Nigeria",NI,NI05,191295,6.59422,3.33748,-2011499,4,"Ikeja, Lagos, Nigeria",NI,NI05,191295,6.59422,3.33748,-2011499,20261008013000,https://punchng.com/new-customs-cac-vows-intelligence-led-enforcement-revenue-recovery/
1326845638,20261008,202610,2026,2026.7616,NGA,NIGERIA,NGA,,,,,,,,MED,PUBLICATION,,,,,,MED,,,1,010,010,01,1,0.0,2,1,2,-1.00896860986547,1,Nigeria,NI,NI,,10,8,NI,1,Nigeria,NI,NI,,10,8,NI,1,Nigeria,NI,NI,,10,8,NI,20261008013000,https://punchng.com/customs-explains-why-shortlisted-candidates-await-training-invitations/
1326845639,20261008,202610,2026,2026.7616,NGA,NIGERIA,NGA,,,,,,,,MED,PUBLICATION,,,,,,MED,,,1,013,013,01,1,0.4,2,1,2,-1.00896860986547,1,Nigeria,NI,NI,,10,8,NI,1,Nigeria,NI,NI,,10,8,NI,1,Nigeria,NI,NI,,10,8,NI,20261008013000,https://punchng.com/customs-explains-why-shortlisted-candidates-await-training-invitations/
1326845640,20261008,202610,2026,2026.7616,NGA,LAGOS,NGA,,,,,,,,MED,PUBLISHER,,,,,,MED,,,1,043,043,04,1,2.8,5,1,5,1.63934426229508,4,"Abuja, Abuja Federal Capital Territory, Nigeria",NI,NI11,191147,9.08333,7.53333,-1997013,4,"Abuja, Abuja Federal Capital Territory, Nigeria",NI,NI11,191147,9.08333,7.53333,-1997013,4,"Abuja, Abuja Federal Capital Territory, Nigeria",NI,NI11,191147,9.08333,7.53333,-1997013,20261008013000,https://promptnewsonline.com/newsroom-must-create-strategic-knowledge-to-survive-the-new-era-max-amuchie/
1326845641,20261008,202610,2026,2026.7616,NGA,NIGERIA,NGA,,,,,,,,NGAGOVBUS,NIGERIA,NGA,,,,,GOV,BUS,,1,045,045,04,1,5.0,10,1,10,4.68085106382979,4,"Lagos, Lagos, Nigeria",NI,NI05,191416,6.45306,3.39583,-2017355,4,"Lagos, Lagos, Nigeria",NI,NI05,191416,6.45306,3.39583,-2017355,4,"Lagos, Lagos, Nigeria",NI,NI05,191416,6.45306,3.39583,-2017355,20261008013000,https://punchng.com/acamb-eyes-ai-digital-media-for-next-30-years/
1326845642,20261008,202610,2026,2026.7616,NGA,NIGERIA,NGA,,,,,,,,SPY,INTELLIGENCE,,,,,,SPY,,,1,020,020,02,1,3.0,4,1,4,1.17130307467057,4,"Lagos, Lagos, Nigeria",NI,NI05,191416,6.45306,3.39583,-2017355,4,"Lagos, Lagos, Nigeria",NI,NI05,191416,6.45306,3.39583,-2017355,4,"Lagos, Lagos, Nigeria",NI,NI05,191416,6.45306,3.39583,-2017355,20261008013000,https://promptnewsonline.com/gocop-trains-members-on-deployment-of-ai-tools-to-boost-efficiency-profitability/
1326845643,20261008,202610,2026,2026.7616,NGODEV,DEVELOPMENT AGENC,,,,,,NGO,DEV,,,,,,,,,,,,0,036,036,03,1,4.0,5,1,5,5.37848605577689,0,,,,,,,,0,,,,,,,,0,,,,,,,,20261008013000,https://www.nzherald.co.nz/gisborne-herald/news/tairawhiti-education-programme-to-deliver-10-catchment-restoration-projects/DUS52UP54NGPLGTGGVPSBNG3TQ/
1326845644,20261008,202610,2026,2026.7616,NPL,NEPAL,NPL,,,,,,,,,,,,,,,,,,1,090,090,09,2,-2.0,10,1,10,-2.78884462151395,4,"Kathmandu, Bagmati, Nepal",NP,NP01,22353,27.7167,85.3167,-1022136,0,,,,,,,,4,"Kathmandu, Bagmati, Nepal",NP,NP01,22353,27.7167,85.3167,-1022136,20261008013000,https://kdhnews.com/news/world/nepal-ends-search-for-thousands-of-flood-victims-leaving-some-angry-and-others-relieved/article_92a5240c-5976-5dc2-9cb6-605d09a4279b.html
1326845645,20261008,202610,2026,2026.7616,NPLGOV,NEPAL,NPL,,,,,GOV,,,,,,,,,,,,,1,073,073,07,2,7.4,2,1,2,-2.78884462151395,4,"Kathmandu, Bagmati, Nepal",NP,NP01,22353,27.7167,85.3167,-1022136,0,,,,,,,,4,"Kathmandu, Bagmati, Nepal",NP,NP01,22353,27.7167,85.3167,-1022136,20261008013000,https://kdhnews.com/news/world/nepal-ends-search-for-thousands-of-flood-victims-leaving-some-angry-and-others-relieved/article_92a5240c-5976-5dc2-9cb6-605d09a4279b.html
1326845646,20261008,202610,2026,2026.7616,NPLGOV,NEPAL,NPL,,,,,GOV,,,,,,,,,,,,,1,090,090,09,2,-2.0,2,1,2,-2.78884462151395,4,"Kathmandu, Bagmati, Nepal",NP,NP01,22353,27.7167,85.3167,-1022136,0,,,,,,,,4,"Kathmandu, Bagmati, Nepal",NP,NP01,22353,27.7167,85.3167,-1022136,20261008013000,https://kdhnews.com/news/world/nepal-ends-search-for-thousands-of-flood-victims-leaving-some-angry-and-others-relieved/article_92a5240c-5976-5dc2-9cb6-605d09a4279b.html
1326845647,20261008,202610,2026,2026.7616,NZL,NEW ZEALAND,NZL,,,,,,,,,,,,,,,,,,1,010,010,01,1,0.0,6,1,6,-0.34904013961605,4,"Hawke Bay, New Zealand (general), New Zealand",NZ,NZ00,22383,-39.3333,177.5,-1510529,0,,,,,,,,4,"Hawke Bay, New Zealand (general), New Zealand",NZ,NZ00,22383,-39.3333,177.5,-1510529,20261008013000,https://www.odt.co.nz/news/national/work-begins-on-countrys-highest-road-bridge-bd2pwudc
1326845648,20261008,202610,2026,2026.7616,NZL,NEW ZEALAND,NZL,,,,,,,,,,,,,,,,,,1,010,010,01,1,0.0,2,1,2,-0.34904013961605,4,"Ruatoria, New Zealand (general), New Zealand",NZ,NZ00,22382,-37.8833,178.333,-1517698,0,,,,,,,,4,"Hawke Bay, New Zealand (general), New Zealand",NZ,NZ00,22383,-39.3333,177.5,-1510529,20261008013000,https://www.odt.co.nz/news/national/work-begins-on-countrys-highest-road-bridge-bd2pwudc
1326845649,20261008,202610,2026,2026.7616,NZL,NEW ZEALAND,NZL,,,,,,,,,,,,,,,,,,1,010,010,01,1,0.0,2,1,2,-0.34904013961605,4,"Ruatoria, New Zealand (general), New Zealand",NZ,NZ00,22382,-37.8833,178.333,-1517698,0,,,,,,,,4,"Ruatoria, New Zealand (general), New Zealand",NZ,NZ00,22382,-37.8833,178.333,-1517698,20261008013000,https://www.odt.co.nz/news/national/work-begins-on-countrys-highest-road-bridge-bd2pwudc
1326845650,20261008,202610,2026,2026.7616,NZL,BAY OF PLENTY,NZL,,,,,,,,,,,,,,,,,,1,051,051,05,1,3.4,10,1,10,2.4390243902439,0,,,,,,,,0,,,,,,,,0,,,,,,,,20261008013000,https://www.sunlive.co.nz/news/386021-tauranga-lotto-player-wins--66-813.html
1326845651,20261008,202610,2026,2026.7616,NZL,NEW ZEALAND,NZL,,,,,,,,,,,,,,,,,,0,172,172,17,4,-5.0,4,1,4,-6.01092896174863,4,"Kapiti, New Zealand (general), New Zealand",NZ,NZ00,22391,-40.9167,175,-1511615,0,,,,,,,,4,"Kapiti, New Zealand (general), New Zealand",NZ,NZ00,22391,-40.9167,175,-1511615,20261008013000,https://www.odt.co.nz/news/national/peters-wants-conversion-therapy-ban-overturned-likens-abortion-to-murder-dth0ac0i
1326845652,20261008,202610,2026,2026.7616,NZL,BAY OF PLENTY,NZL,,,,,,,,CVL,RESIDENTS,,,,,,CVL,,,1,051,051,05,1,3.4,10,1,10,5.01392757660167,0,,,,,,,,0,,,,,,,,0,,,,,,,,20261008013000,https://www.sunlive.co.nz/news/386006-pukehina-completes-185m-pump-track.html
1326845653,20261008,202610,2026,2026.7616,NZL,NEW ZEALAND,NZL,,,,,,,,GBR,UNITED KINGDOM,GBR,,,,,,,,0,057,057,05,1,8.0,2,1,2,1.81268882175227,4,"Mumbai, Maharashtra, India",IN,IN16,70184,18.975,72.8258,-2092174,4,"Mumbai, Maharashtra, India",IN,IN16,70184,18.975,72.8258,-2092174,4,"Mumbai, Maharashtra, India",IN,IN16,70184,18.975,72.8258,-2092174,20261008013000,https://economictimes.indiatimes.com/markets/stocks/news/what-will-happen-to-economy-if-india-us-fta-doesnt-happen-rbi-governor-reveals/articleshow/134777246.cms
1326845654,20261008,202610,2026,2026.7616,NZL,NEW ZEALAND,NZL,,,,,,,,GBR,UNITED KINGDOM,GBR,,,,,,,,0,057,057,05,1,8.0,6,1,6,1.81268882175227,1,New Zealand,NZ,NZ,,-42,174,NZ,1,United Kingdom,UK,UK,,54,-4,UK,4,"Mumbai, Maharashtra, India",IN,IN16,70184,18.975,72.8258,-2092174,20261008013000,https://economictimes.indiatimes.com/markets/stocks/news/what-will-happen-to-economy-if-india-us-fta-doesnt-happen-rbi-governor-reveals/articleshow/134777246.cms
1326845655,20261008,202610,2026,2026.7616,NZL,NEW ZEALAND,NZL,,,,,,,,GBR,UNITED KINGDOM,GBR,,,,,,,,0,057,057,05,1,8.0,2,1,2,1.81268882175227,1,United Kingdom,UK,UK,,54,-4,UK,1,United Kingdom,UK,UK,,54,-4,UK,4,"Mumbai, Maharashtra, India",IN,IN16,70184,18.975,72.8258,-2092174,20261008013000,https://economictimes.indiatimes.com/markets/stocks/news/what-will-happen-to-economy-if-india-us-fta-doesnt-happen-rbi-governor-reveals/articleshow/134777246.cms
1326845656,20261008,202610,2026,2026.7616,NZL,AUCKLAND,NZL,,,,,,,,GOV,GOVERNMENT,,,,,,GOV,,,1,172,172,17,4,-5.0,10,1,10,-5.06756756756757,4,"Coromandel, New Zealand (general), New Zealand",NZ,NZ00,22389,-36.7667,175.5,-1508558,4,"Coromandel, New Zealand (general), New Zealand",NZ,NZ00,22389,-36.7667,175.5,-1508558,4,"Coromandel, New Zealand (general), New Zealand",NZ,NZ00,22389,-36.7667,175.5,-1508558,20261008013000,https://www.odt.co.nz/news/national/ban-on-taking-sea-life-from-auckland-coromandel-coastlines-a76zr7lx
1326845657,20261008,202610,2026,2026.7616,NZL,NEW ZEALAND,NZL,,,,,,,,GOV,MINIST,,,,,,GOV,,,1,172,172,17,4,-5.0,6,1,6,-5.06756756756757,4,"Hauraki Gulf, New Zealand (general), New Zealand",NZ,NZ00,22379,-36.3333,175.083,-1510485,4,"Hauraki Gulf, New Zealand (general), New Zealand",NZ,NZ00,22379,-36.3333,175.083,-1510485,4,"Hauraki Gulf, New Zealand (general), New Zealand",NZ,NZ00,22379,-36.3333,175.083,-1510485,20261008013000,https://www.odt.co.nz/news/national/ban-on-taking-sea-life-from-auckland-coromandel-coastlines-a76zr7lx
1326845658,20261008,202610,2026,2026.7616,NZL,AUCKLAND,NZL,,,,,,,,HLH,HOSPITAL,,,,,,HLH,,,1,042,042,04,1,1.9,10,1,10,1.94174757281554,0,,,,,,,,0,,,,,,,,0,,,,,,,,20261008013000,https://www.sunlive.co.nz/news/385997-tauranga-transfers-among-five-rescue-missions.html
1326845659,20261008,202610,2026,2026.7616,NZL,NEW ZEALAND,NZL,,,,,,,,NZLGOV,NEW ZEALAND,NZL,,,,,GOV,,,1,020,020,02,1,3.0,2,1,2,-6.01092896174863,4,"Kapiti, New Zealand (general), New Zealand",NZ,NZ00,22391,-40.9167,175,-1511615,4,"Kapiti, New Zealand (general), New Zealand",NZ,NZ00,22391,-40.9167,175,-1511615,4,"Kapiti, New Zealand (general), New Zealand",NZ,NZ00,22391,-40.9167,175,-1511615,20261008013000,https://www.odt.co.nz/news/national/peters-wants-conversion-therapy-ban-overturned-likens-abortion-to-murder-dth0ac0i
1326845660,20261008,202610,2026,2026.7616,NZL,NEW ZEALAND,NZL,,,,,,,,NZLGOV,NEW ZEALAND,NZL,,,,,GOV,,,1,193,193,19,4,-10.0,2,1,2,-6.01092896174863,4,"Kapiti, New Zealand (general), New Zealand",NZ,NZ00,22391,-40.9167,175,-1511615,4,"Kapiti, New Zealand (general), New Zealand",NZ,NZ00,22391,-40.9167,175,-1511615,4,"Kapiti, New Zealand (general), New Zealand",NZ,NZ00,22391,-40.9167,175,-1511615,20261008013000,https://www.odt.co.nz/news/national/peters-wants-conversion-therapy-ban-overturned-likens-abortion-to-murder-dth0ac0i
1326845661,20261008,202610,2026,2026.7616,OPP,DETAINEE,,,,,,OPP,,,,,,,,,,,,,0,020,020,02,1,3.0,5,1,5,-2.25148683092608,4,"Hazaribagh, Jharkhand, India",IN,IN38,70146,23.9833,85.35,-2097378,0,,,,,,,,4,"Hazaribagh, Jharkhand, India",IN,IN38,70146,23.9833,85.35,-2097378,20261008013000,https://indiankanoon.org/doc/131908804/
1326845662,20261008,202610,2026,2026.7616,OPP,PRISONER,,,,,,OPP,,,,,,,,,,,,,1,173,173,17,4,-5.0,10,1,10,-6.63900414937759,0,,,,,,,,0,,,,,,,,0,,,,,,,,20261008013000,https://www.bbc.co.uk/news/articles/cq23d8pvlp1xo
1326845663,20261008,202610,2026,2026.7616,OPP,DETAINEE,,,,,,OPP,,,,,,,,,,,,,0,1821,182,18,4,-9.0,5,1,5,-2.25148683092608,4,"Hazaribagh, Jharkhand, India",IN,IN38,70146,23.9833,85.35,-2097378,0,,,,,,,,4,"Hazaribagh, Jharkhand, India",IN,IN38,70146,23.9833,85.35,-2097378,20261008013000,https://indiankanoon.org/doc/131908804/
1326845664,20261008,202610,2026,2026.7616,OPP,DETAINEE,,,,,,OPP,,,COP,CONSTABLE,,,,,,COP,,,0,1821,182,18,4,-9.0,5,1,5,-2.25148683092608,4,"Hazaribagh, Jharkhand, India",IN,IN38,70146,23.9833,85.35,-2097378,4,"Hazaribagh, Jharkhand, India",IN,IN38,70146,23.9833,85.35,-2097378,4,"Hazaribagh, Jharkhand, India",IN,IN38,70146,23.9833,85.35,-2097378,20261008013000,https://indiankanoon.org/doc/131908804/
1326845665,20261008,202610,2026,2026.7616,OPP,DEMONSTRATOR,,,,,,OPP,,,COP,POLICE,,,,,,COP,,,0,190,190,19,4,-10.0,10,2,10,-2.05882352941176,4,"Madrid, Madrid, Spain",SP,SP29,25820,40.4,-3.68333,-390625,4,"Madrid, Madrid, Spain",SP,SP29,25820,40.4,-3.68333,-390625,4,"Madrid, Madrid, Spain",SP,SP29,25820,40.4,-3.68333,-390625,20261008013000,https://krdo.com/news/national-world/cnn-world/2026/10/07/the-87-year-old-who-became-a-symbol-of-spains-eviction-crisis-has-died/
1326845666,20261008,202610,2026,2026.7616,OPP,THE OPPOSITION,,,,,,OPP,,,CVL,VOTER,,,,,,CVL,,,1,042,042,04,1,1.9,2,1,2,-6.68604651162791,4,"New Delhi, Delhi, India",IN,IN07,17911,28.6,77.2,-2106102,4,"Bihar, Bihar, India",IN,IN34,17615,25.1833,85.5167,-2091797,4,"Bihar, Bihar, India",IN,IN34,17615,25.1833,85.5167,-2091797,20261008013000,https://www.wgauradio.com/news/world/indian-opposition/YO65OMWMJA6CVMAYV6GKBQYUII/
1326845667,20261008,202610,2026,2026.7616,OPP,THE OPPOSITION,,,,,,OPP,,,CVL,VOTER,,,,,,CVL,,,1,042,042,04,1,1.9,8,1,8,-6.68604651162791,4,"New Delhi, Delhi, India",IN,IN07,17911,28.6,77.2,-2106102,4,"New Delhi, Delhi, India",IN,IN07,17911,28.6,77.2,-2106102,4,"New Delhi, Delhi, India",IN,IN07,17911,28.6,77.2,-2106102,20261008013000,https://www.wgauradio.com/news/world/indian-opposition/YO65OMWMJA6CVMAYV6GKBQYUII/
1326845668,20261008,202610,2026,2026.7616,OPP,THE OPPOSITION,,,,,,OPP,,,CVL,VOTER,,,,,,CVL,,,1,100,100,10,3,-5.0,5,1,5,-6.68604651162791,4,"Bihar, Bihar, India",IN,IN34,17615,25.1833,85.5167,-2091797,4,"Bihar, Bihar, India",IN,IN34,17615,25.1833,85.5167,-2091797,4,"Bihar, Bihar, India",IN,IN34,17615,25.1833,85.5167,-2091797,20261008013000,https://www.wgauradio.com/news/world/indian-opposition/YO65OMWMJA6CVMAYV6GKBQYUII/
1326845669,20261008,202610,2026,2026.7616,OPP,THE OPPOSITION,,,,,,OPP,,,CVL,VOTER,,,,,,CVL,,,1,100,100,10,3,-5.0,1,1,1,-6.68604651162791,4,"New Delhi, Delhi, India",IN,IN07,17911,28.6,77.2,-2106102,4,"Bihar, Bihar, India",IN,IN34,17615,25.1833,85.5167,-2091797,4,"New Delhi, Delhi, India",IN,IN07,17911,28.6,77.2,-2106102,20261008013000,https://www.wgauradio.com/news/world/indian-opposition/YO65OMWMJA6CVMAYV6GKBQYUII/
1326845670,20261008,202610,2026,2026.7616,OPP,THE OPPOSITION,,,,,,OPP,,,CVL,VOTER,,,,,,CVL,,,1,100,100,10,3,-5.0,4,1,4,-6.68604651162791,4,"New Delhi, Delhi, India",IN,IN07,17911,28.6,77.2,-2106102,4,"New Delhi, Delhi, India",IN,IN07,17911,28.6,77.2,-2106102,4,"New Delhi, Delhi, India",IN,IN07,17911,28.6,77.2,-2106102,20261008013000,https://www.wgauradio.com/news/world/indian-opposition/YO65OMWMJA6CVMAYV6GKBQYUII/
1326845671,20261008,202610,2026,2026.7616,OPP,PROTESTER,,,,,,OPP,,,JEWEDU,JEWISH,,,,JEW,,EDU,,,0,190,190,19,4,-10.0,10,1,10,-9.32754880694145,4,"Gaza, Israel (general), Israel",IS,IS00,18315,31.4167,34.3333,-797156,4,"Gaza, Israel (general), Israel",IS,IS00,18315,31.4167,34.3333,-797156,4,"Gaza, Israel (general), Israel",IS,IS00,18315,31.4167,34.3333,-797156,20261008013000,https://www.dailymail.com/news/article-16191367/Columbia-University-pasta-October-7th-Blush-sauce.html
1326845672,20261008,202610,2026,2026.7616,PAK,PAKISTAN,PAK,,,,,,,,,,,,,,,,,,1,030,030,03,1,4.0,10,1,10,1.3215859030837,1,Pakistan,PK,PK,,30,70,PK,0,,,,,,,,1,Pakistan,PK,PK,,30,70,PK,20261008013000,https://www.thehindu.com/news/international/imf-reaches-staff-deal-with-pakistan-potentially-unlocking-12-billion/article71558176.ece
1326845673,20261008,202610,2026,2026.7616,PAK,PAKISTAN,PAK,,,,,,,,EDU,ECONOMIST,,,,,,EDU,,,1,061,061,06,2,6.4,4,1,4,1.3215859030837,1,Pakistan,PK,PK,,30,70,PK,1,Pakistan,PK,PK,,30,70,PK,1,Pakistan,PK,PK,,30,70,PK,20261008013000,https://www.thehindu.com/news/international/imf-reaches-staff-deal-with-pakistan-potentially-unlocking-12-billion/article71558176.ece
1326845674,20261008,202610,2026,2026.7616,PRY,PARAGUAY,PRY,,,,,,,,PRYMIL,PARAGUAY,PRY,,,,,MIL,,,1,072,072,07,2,8.3,4,1,2,0,1,Paraguay,PA,PA,,-22.993333,-57.996389,PA,1,Paraguay,PA,PA,,-22.993333,-57.996389,PA,1,Paraguay,PA,PA,,-22.993333,-57.996389,PA,20261008013000,https://iberonews.com/not_det.php?lang=es&notid=110544
1326845675,20261008,202610,2026,2026.7616,PRY,PARAGUAY,PRY,,,,,,,,USAMIL,UNITED STATES,USA,,,,,MIL,,,1,072,072,07,2,8.3,2,1,1,0,1,Paraguay,PA,PA,,-22.993333,-57.996389,PA,1,Paraguay,PA,PA,,-22.993333,-57.996389,PA,1,Paraguay,PA,PA,,-22.993333,-57.996389,PA,20261008013000,https://iberonews.com/not_det.php?lang=es&notid=110544
1326845676,20261008,202610,2026,2026.7616,PRY,PARAGUAY,PRY,,,,,,,,USAMIL,UNITED STATES,USA,,,,,MIL,,,1,072,072,07,2,8.3,2,1,1,0,1,Paraguay,PA,PA,,-22.993333,-57.996389,PA,1,United States,US,US,,39.828175,-98.5795,US,1,Paraguay,PA,PA,,-22.993333,-57.996389,PA,20261008013000,https://iberonews.com/not_det.php?lang=es&notid=110544
1326845677,20261008,202610,2026,2026.7616,PRYMIL,PARAGUAYAN,PRY,,,,,MIL,,,USAMIL,AMERICAN,USA,,,,,MIL,,,1,072,072,07,2,8.3,12,1,6,0,1,Paraguay,PA,PA,,-22.993333,-57.996389,PA,1,United States,US,US,,39.828175,-98.5795,US,1,Paraguay,PA,PA,,-22.993333,-57.996389,PA,20261008013000,https://iberonews.com/not_det.php?lang=es&notid=110544
1326845678,20261008,202610,2026,2026.7616,PSE,GAZA,PSE,,,,,,,,,,,,,,,,,,1,141,141,14,3,-6.5,4,1,4,-3.8135593220339,4,"Gaza, Israel (general), Israel",IS,IS00,18315,31.4167,34.3333,-797156,0,,,,,,,,4,"Gaza, Israel (general), Israel",IS,IS00,18315,31.4167,34.3333,-797156,20261008013000,https://dunyanews.tv/en/Pakistan/976686-ji-holds-gaza-solidarity-march-to-remember-martyrs
1326845679,20261008,202610,2026,2026.7616,PSE,GAZA,PSE,,,,,,,,ISR,ISRAEL,ISR,,,,,,,,1,141,141,14,3,-6.5,2,1,2,-3.8135593220339,4,"Gaza, Israel (general), Israel",IS,IS00,18315,31.4167,34.3333,-797156,4,"Gaza, Israel (general), Israel",IS,IS00,18315,31.4167,34.3333,-797156,4,"Gaza, Israel (general), Israel",IS,IS00,18315,31.4167,34.3333,-797156,20261008013000,https://dunyanews.tv/en/Pakistan/976686-ji-holds-gaza-solidarity-march-to-remember-martyrs
1326845680,20261008,202610,2026,2026.7616,PSE,PALESTINIAN,PSE,,,,,,,,ISR,ISRAELI,ISR,,,,,,,,1,173,173,17,4,-5.0,4,1,4,-3.8135593220339,4,"Gaza, Israel (general), Israel",IS,IS00,18315,31.4167,34.3333,-797156,4,"Gaza, Israel (general), Israel",IS,IS00,18315,31.4167,34.3333,-797156,4,"Gaza, Israel (general), Israel",IS,IS00,18315,31.4167,34.3333,-797156,20261008013000,https://dunyanews.tv/en/Pakistan/976686-ji-holds-gaza-solidarity-march-to-remember-martyrs
1326845681,20261008,202610,2026,2026.7616,PSE,PALESTINIAN,PSE,,,,,,,,ISRCOP,ISRAELI,ISR,,,,,COP,,,1,173,173,17,4,-5.0,6,1,6,-3.8135593220339,4,"Gaza, Israel (general), Israel",IS,IS00,18315,31.4167,34.3333,-797156,4,"Gaza, Israel (general), Israel",IS,IS00,18315,31.4167,34.3333,-797156,4,"Gaza, Israel (general), Israel",IS,IS00,18315,31.4167,34.3333,-797156,20261008013000,https://dunyanews.tv/en/Pakistan/976686-ji-holds-gaza-solidarity-march-to-remember-martyrs
1326845682,20261008,202610,2026,2026.7616,PSE,PALESTINE,PSE,,,,,,,,PSEREB,HAMAS,PSE,,,,,REB,,,1,014,014,01,1,0.0,5,1,5,-3.8135593220339,4,"Gaza, Israel (general), Israel",IS,IS00,18315,31.4167,34.3333,-797156,4,"Gaza, Israel (general), Israel",IS,IS00,18315,31.4167,34.3333,-797156,4,"Gaza, Israel (general), Israel",IS,IS00,18315,31.4167,34.3333,-797156,20261008013000,https://dunyanews.tv/en/Pakistan/976686-ji-holds-gaza-solidarity-march-to-remember-martyrs
1326845683,20261008,202610,2026,2026.7616,PSE,PALESTINIAN,PSE,,,,,,,,USA,UNITED STATES,USA,,,,,,,,0,036,036,03,1,4.0,4,1,4,-11.088295687885,4,"Gaza, Israel (general), Israel",IS,IS00,18315,31.4167,34.3333,-797156,2,"New York, United States",US,USNY,,42.1497,-74.9384,NY,2,"New York, United States",US,USNY,,42.1497,-74.9384,NY,20261008013000,https://highlandcountypress.com/news/mamdani-blasted-calling-israels-gaza-war-genocide-oct-7-anniversary
1326845684,20261008,202610,2026,2026.7616,PSE,PALESTINIAN,PSE,,,,,,,,USA,UNITED STATES,USA,,,,,,,,0,043,043,04,1,2.8,4,1,4,-11.088295687885,4,"Gaza, Israel (general), Israel",IS,IS00,18315,31.4167,34.3333,-797156,2,"New York, United States",US,USNY,,42.1497,-74.9384,NY,2,"New York, United States",US,USNY,,42.1497,-74.9384,NY,20261008013000,https://highlandcountypress.com/news/mamdani-blasted-calling-israels-gaza-war-genocide-oct-7-anniversary
1326845685,20261008,202610,2026,2026.7616,PSEREB,HAMAS,PSE,,,,,REB,,,CVL,CIVILIAN,,,,,,CVL,,,0,190,190,19,4,-10.0,5,1,5,-9.32754880694145,4,"Gaza, Israel (general), Israel",IS,IS00,18315,31.4167,34.3333,-797156,4,"Gaza, Israel (general), Israel",IS,IS00,18315,31.4167,34.3333,-797156,4,"Gaza, Israel (general), Israel",IS,IS00,18315,31.4167,34.3333,-797156,20261008013000,https://www.dailymail.com/news/article-16191367/Columbia-University-pasta-October-7th-Blush-sauce.html
1326845686,20261008,202610,2026,2026.7616,REL,RELIGION,,,,,,,,,,,,,,,,,,,0,051,051,05,1,3.4,5,1,4,-1.73638078331299,4,"Ranchi, Jharkhand, India",IN,IN38,17622,23.35,85.3333,-2109068,0,,,,,,,,4,"Ranchi, Jharkhand, India",IN,IN38,17622,23.35,85.3333,-2109068,20261008013000,https://indiankanoon.org/doc/112239434/
1326845687,20261008,202610,2026,2026.7616,REL,RELIGION,,,,,,,,,,,,,,,,,,,0,051,051,05,1,3.4,10,1,7,-1.73638078331299,4,"Shiv, Rajasthan, India",IN,IN24,17848,26.1833,71.25,-2111141,0,,,,,,,,4,"Shiv, Rajasthan, India",IN,IN24,17848,26.1833,71.25,-2111141,20261008013000,https://indiankanoon.org/doc/112239434/
1326845688,20261008,202610,2026,2026.7616,REL,ABBOT,,,,,,,,,,,,,,,,,,,0,120,120,12,3,-4.0,6,1,6,0,2,"Texas, United States",US,USTX,,31.106,-97.6475,TX,0,,,,,,,,2,"Texas, United States",US,USTX,,31.106,-97.6475,TX,20261008013000,https://www.cbsnews.com/news/gina-hinojosa-texas-governors-race-campaign-investment-dga-greg-abbott/
1326845689,20261008,202610,2026,2026.7616,REL,RELIGION,,,,,,,,,NRMUFO050,SCIENTOLOGY,,,,NRM,,,,,0,140,140,14,3,-6.5,4,1,4,-6.02409638554217,4,"Berkshire, United Kingdom (general), United Kingdom",UK,UK00,40127,51.5,-1.25,-2589736,4,"Berkshire, United Kingdom (general), United Kingdom",UK,UK00,40127,51.5,-1.25,-2589736,4,"Berkshire, United Kingdom (general), United Kingdom",UK,UK00,40127,51.5,-1.25,-2589736,20261008013000,https://jonathanturley.org/2026/10/07/fashion-faux-pas-fifteen-year-old-boy-is-arrested-after-joking-about-how-a-politician-dresses/comment-page-2/
1326845690,20261008,202610,2026,2026.7616,REL,RELIGION,,,,,,,,,NRMUFO050,SCIENTOLOGY,,,,NRM,,,,,0,140,140,14,3,-6.5,6,1,6,-6.02409638554217,4,"Berkshire, United Kingdom (general), United Kingdom",UK,UK00,40127,51.5,-1.25,-2589736,4,"Berkshire, United Kingdom (general), United Kingdom",UK,UK00,40127,51.5,-1.25,-2589736,1,Ireland,EI,EI,,53,-8,EI,20261008013000,https://jonathanturley.org/2026/10/07/fashion-faux-pas-fifteen-year-old-boy-is-arrested-after-joking-about-how-a-politician-dresses/comment-page-2/
1326845691,20261008,202610,2026,2026.7616,ROU,ROMANIA,,,,,,,,,CRM,CRIMINAL,,,,,,CRM,,,0,190,190,19,4,-10.0,2,1,2,-12.4661246612466,3,"Miami, Florida, United States",US,USFL,FL086,25.7743,-80.1937,295004,1,United Kingdom,UK,UK,,54,-4,UK,3,"Miami, Florida, United States",US,USFL,FL086,25.7743,-80.1937,295004,20261008013000,https://www.tmz.com/2026/10/07/andrew-and-tristan-tate-want-to-be-bonded-out-of-jail/
1326845692,20261008,202610,2026,2026.7616,ROU,ROMANIA,,,,,,,,,CRM,CRIMINAL,,,,,,CRM,,,0,190,190,19,4,-10.0,8,1,8,-12.4661246612466,1,Romania,RO,RO,,46,25,RO,3,"Miami, Florida, United States",US,USFL,FL086,25.7743,-80.1937,295004,1,Romania,RO,RO,,46,25,RO,20261008013000,https://www.tmz.com/2026/10/07/andrew-and-tristan-tate-want-to-be-bonded-out-of-jail/
1326845693,20261008,202610,2026,2026.7616,RUS,RUSSIA,RUS,,,,,,,,,,,,,,,,,,0,040,040,04,1,1.0,2,1,2,-1.95439739413681,4,"Moscow, Moskva, Russia",RS,RS48,25106,55.7522,37.6156,-2960561,0,,,,,,,,4,"Moscow, Moskva, Russia",RS,RS48,25106,55.7522,37.6156,-2960561,20261008013000,http://www.caribbeanherald.com/news/279358323/opening-its-general-debate-first-committee-spotlights-growing-nuclear-risk-illegal-firearms-proliferation-importance-of-nuclear-weapons-free-zones
1326845694,20261008,202610,2026,2026.7616,RUS,RUSSIA,RUS,,,,,,,,,,,,,,,,,,0,070,070,07,2,7.0,2,1,2,-4.32020330368488,4,"Kremlin, Moskva, Russia",RS,RS48,25106,55.7522,37.6156,-2960561,0,,,,,,,,4,"Kremlin, Moskva, Russia",RS,RS48,25106,55.7522,37.6156,-2960561,20261008013000,https://krdo.com/news/national-world/cnn-world/2026/10/07/russia-says-no-epidemic-risk-as-who-pushes-for-transparency-on-plague-lab-death/
1326845695,20261008,202610,2026,2026.7616,RUS,RUSSIA,RUS,,,,,,,,IRN,IRAN,IRN,,,,,,,,0,194,194,19,4,-10.0,1,1,1,-6.81520314547837,4,"Kyiv, Kyyiv, Misto, Ukraine",UP,UP12,28554,50.4333,30.5167,-1044367,4,"Moscow, Moskva, Russia",RS,RS48,25106,55.7522,37.6156,-2960561,4,"Moscow, Moskva, Russia",RS,RS48,25106,55.7522,37.6156,-2960561,20261008013000,https://www.odt.co.nz/news/world/at-least-28-killed-in-ukraine-as-zelenskiy-condemns-vile-strikes-to7m18cj
1326845696,20261008,202610,2026,2026.7616,RUS,SIBERIA,RUS,,,,,,,,MED,MEDIA,,,,,,MED,,,0,010,010,01,1,0.0,8,1,8,-5.27472527472527,4,"Kremlin, Moskva, Russia",RS,RS48,25106,55.7522,37.6156,-2960561,4,"Moscow, Moskva, Russia",RS,RS48,25106,55.7522,37.6156,-2960561,4,"Moscow, Moskva, Russia",RS,RS48,25106,55.7522,37.6156,-2960561,20261008013000,https://dunyanews.tv/en/Health/976705-russia-says-plague-institute-workers-death-does-not-risk-an-epidemic
1326845697,20261008,202610,2026,2026.7616,RUS,RUSSIAN,RUS,,,,,,,,RUSGOV,RUSSIA,RUS,,,,,GOV,,,0,130,130,13,3,-4.4,2,1,2,-4.32020330368488,4,"Moscow, Moskva, Russia",RS,RS48,25106,55.7522,37.6156,-2960561,4,"Moscow, Moskva, Russia",RS,RS48,25106,55.7522,37.6156,-2960561,4,"Moscow, Moskva, Russia",RS,RS48,25106,55.7522,37.6156,-2960561,20261008013000,https://krdo.com/news/national-world/cnn-world/2026/10/07/russia-says-no-epidemic-risk-as-who-pushes-for-transparency-on-plague-lab-death/
1326845698,20261008,202610,2026,2026.7616,RUS,RUSSIA,RUS,,,,,,,,UKR,UKRAINE,UKR,,,,,,,,0,111,111,11,3,-2.0,2,1,2,-6.81520314547837,4,"Kherson, Khersons'ka Oblast', Ukraine",UP,UP08,28557,46.6558,32.6178,-1041356,4,"Moscow, Moskva, Russia",RS,RS48,25106,55.7522,37.6156,-2960561,4,"Moscow, Moskva, Russia",RS,RS48,25106,55.7522,37.6156,-2960561,20261008013000,https://www.odt.co.nz/news/world/at-least-28-killed-in-ukraine-as-zelenskiy-condemns-vile-strikes-to7m18cj
1326845699,20261008,202610,2026,2026.7616,RUS,RUSSIA,RUS,,,,,,,,UKR,UKRAINIAN,UKR,,,,,,,,0,111,111,11,3,-2.0,8,1,8,-6.81520314547837,4,"Moscow, Moskva, Russia",RS,RS48,25106,55.7522,37.6156,-2960561,4,"Kherson, Khersons'ka Oblast', Ukraine",UP,UP08,28557,46.6558,32.6178,-1041356,4,"Kherson, Khersons'ka Oblast', Ukraine",UP,UP08,28557,46.6558,32.6178,-1041356,20261008013000,https://www.odt.co.nz/news/world/at-least-28-killed-in-ukraine-as-zelenskiy-condemns-vile-strikes-to7m18cj
1326845700,20261008,202610,2026,2026.7616,RUS,RUSSIAN,RUS,,,,,,,,UKR,UKRAINIAN,UKR,,,,,,,,0,1123,112,11,3,-2.0,1,1,1,-6.81520314547837,4,"Kyiv, Kyyiv, Misto, Ukraine",UP,UP12,28554,50.4333,30.5167,-1044367,4,"Kyiv, Kyyiv, Misto, Ukraine",UP,UP12,28554,50.4333,30.5167,-1044367,4,"Kyiv, Kyyiv, Misto, Ukraine",UP,UP12,28554,50.4333,30.5167,-1044367,20261008013000,https://www.odt.co.nz/news/world/at-least-28-killed-in-ukraine-as-zelenskiy-condemns-vile-strikes-to7m18cj
1326845701,20261008,202610,2026,2026.7616,RUS,RUSSIAN,RUS,,,,,,,,UKR,UKRAINIAN,UKR,,,,,,,,0,1123,112,11,3,-2.0,5,1,5,-6.81520314547837,4,"Moscow, Moskva, Russia",RS,RS48,25106,55.7522,37.6156,-2960561,4,"Kherson, Khersons'ka Oblast', Ukraine",UP,UP08,28557,46.6558,32.6178,-1041356,4,"Kherson, Khersons'ka Oblast', Ukraine",UP,UP08,28557,46.6558,32.6178,-1041356,20261008013000,https://www.odt.co.nz/news/world/at-least-28-killed-in-ukraine-as-zelenskiy-condemns-vile-strikes-to7m18cj
1326845702,20261008,202610,2026,2026.7616,RUS,RUSSIA,RUS,,,,,,,,UKR,UKRAINE,UKR,,,,,,,,0,1123,112,11,3,-2.0,2,1,2,-6.81520314547837,4,"Moscow, Moskva, Russia",RS,RS48,25106,55.7522,37.6156,-2960561,4,"Kherson, Khersons'ka Oblast', Ukraine",UP,UP08,28557,46.6558,32.6178,-1041356,4,"Moscow, Moskva, Russia",RS,RS48,25106,55.7522,37.6156,-2960561,20261008013000,https://www.odt.co.nz/news/world/at-least-28-killed-in-ukraine-as-zelenskiy-condemns-vile-strikes-to7m18cj
1326845703,20261008,202610,2026,2026.7616,RUS,RUSSIA,RUS,,,,,,,,UKR,UKRAINIAN,UKR,,,,,,,,0,173,173,17,4,-5.0,2,1,2,-6.81520314547837,4,"Kherson, Khersons'ka Oblast', Ukraine",UP,UP08,28557,46.6558,32.6178,-1041356,4,"Moscow, Moskva, Russia",RS,RS48,25106,55.7522,37.6156,-2960561,4,"Kherson, Khersons'ka Oblast', Ukraine",UP,UP08,28557,46.6558,32.6178,-1041356,20261008013000,https://www.odt.co.nz/news/world/at-least-28-killed-in-ukraine-as-zelenskiy-condemns-vile-strikes-to7m18cj
1326845704,20261008,202610,2026,2026.7616,RUS,RUSSIA,RUS,,,,,,,,UKR,UKRAINIAN,UKR,,,,,,,,0,173,173,17,4,-5.0,8,1,8,-6.81520314547837,4,"Moscow, Moskva, Russia",RS,RS48,25106,55.7522,37.6156,-2960561,4,"Kherson, Khersons'ka Oblast', Ukraine",UP,UP08,28557,46.6558,32.6178,-1041356,4,"Moscow, Moskva, Russia",RS,RS48,25106,55.7522,37.6156,-2960561,20261008013000,https://www.odt.co.nz/news/world/at-least-28-killed-in-ukraine-as-zelenskiy-condemns-vile-strikes-to7m18cj
1326845705,20261008,202610,2026,2026.7616,RUSGOV,RUSSIAN,RUS,,,,,GOV,,,,,,,,,,,,,1,090,090,09,2,-2.0,3,1,3,-4.32020330368488,4,"Moscow, Moskva, Russia",RS,RS48,25106,55.7522,37.6156,-2960561,0,,,,,,,,4,"Moscow, Moskva, Russia",RS,RS48,25106,55.7522,37.6156,-2960561,20261008013000,https://krdo.com/news/national-world/cnn-world/2026/10/07/russia-says-no-epidemic-risk-as-who-pushes-for-transparency-on-plague-lab-death/
1326845706,20261008,202610,2026,2026.7616,RUSGOV,RUSSIAN,RUS,,,,,GOV,,,,,,,,,,,,,0,130,130,13,3,-4.4,3,1,3,-4.32020330368488,4,"Moscow, Moskva, Russia",RS,RS48,25106,55.7522,37.6156,-2960561,0,,,,,,,,4,"Moscow, Moskva, Russia",RS,RS48,25106,55.7522,37.6156,-2960561,20261008013000,https://krdo.com/news/national-world/cnn-world/2026/10/07/russia-says-no-epidemic-risk-as-who-pushes-for-transparency-on-plague-lab-death/
1326845707,20261008,202610,2026,2026.7616,SAU,SAUDI,SAU,,,,,,,,,,,,,,,,,,1,190,190,19,4,-10.0,3,1,3,-14.7286821705426,4,"King Khalid International, Ar Riya?, Saudi Arabia",SA,SA10,25316,24.9581,46.6956,214640,0,,,,,,,,4,"King Khalid International, Ar Riya?, Saudi Arabia",SA,SA10,25316,24.9581,46.6956,214640,20261008013000,https://dunyanews.tv/en/World/976679-attacks-on-saudi-airports-kill-three-people-as-fighting-escalates-in-
1326845708,20261008,202610,2026,2026.7616,SAU,SAUDI,SAU,,,,,,,,YEM,YEMEN,YEM,,,,,,,,1,190,190,19,4,-10.0,7,1,7,-14.7286821705426,4,"King Khalid International, Ar Riya?, Saudi Arabia",SA,SA10,25316,24.9581,46.6956,214640,4,"King Khalid International, Ar Riya?, Saudi Arabia",SA,SA10,25316,24.9581,46.6956,214640,4,"King Khalid International, Ar Riya?, Saudi Arabia",SA,SA10,25316,24.9581,46.6956,214640,20261008013000,https://dunyanews.tv/en/World/976679-attacks-on-saudi-airports-kill-three-people-as-fighting-escalates-in-
1326845709,20261008,202610,2026,2026.7616,SDN,SUDAN,SDN,,,,,,,,ARE,UNITED ARAB EMIRATES,ARE,,,,,,,,0,060,060,06,2,6.0,2,1,2,-3.12989045383411,4,"Khartoum, Al Khartum, Sudan",SU,SU29,37069,15.5881,32.5342,-1987,1,United Arab Emirates,AE,AE,,24,54,AE,1,United Arab Emirates,AE,AE,,24,54,AE,20261008013000,https://www.irishdentist.ie/sudan-trumps-game-in-africa-this-way-the-conflict-can-spread-to-the-red-sea/22686/
1326845710,20261008,202610,2026,2026.7616,SDN,SUDANESE,SDN,,,,,,,,ARE,UNITED ARAB EMIRATES,ARE,,,,,,,,0,060,060,06,2,6.0,6,1,6,-3.12989045383411,4,"Khartoum, Al Khartum, Sudan",SU,SU29,37069,15.5881,32.5342,-1987,1,United Arab Emirates,AE,AE,,24,54,AE,1,Saudi Arabia,SA,SA,,25,45,SA,20261008013000,https://www.irishdentist.ie/sudan-trumps-game-in-africa-this-way-the-conflict-can-spread-to-the-red-sea/22686/
1326845711,20261008,202610,2026,2026.7616,SDN,SUDANESE,SDN,,,,,,,,ARE,UNITED ARAB EMIRATES,ARE,,,,,,,,0,060,060,06,2,6.0,2,1,2,-3.12989045383411,1,Egypt,EG,EG,,27,30,EG,1,Egypt,EG,EG,,27,30,EG,1,Egypt,EG,EG,,27,30,EG,20261008013000,https://www.irishdentist.ie/sudan-trumps-game-in-africa-this-way-the-conflict-can-spread-to-the-red-sea/22686/
1326845712,20261008,202610,2026,2026.7616,SDN,SUDANESE,SDN,,,,,,,,ARE,UNITED ARAB EMIRATES,ARE,,,,,,,,0,070,070,07,2,7.0,8,1,8,-3.12989045383411,4,"Khartoum, Al Khartum, Sudan",SU,SU29,37069,15.5881,32.5342,-1987,1,United Arab Emirates,AE,AE,,24,54,AE,1,United Arab Emirates,AE,AE,,24,54,AE,20261008013000,https://www.irishdentist.ie/sudan-trumps-game-in-africa-this-way-the-conflict-can-spread-to-the-red-sea/22686/
1326845713,20261008,202610,2026,2026.7616,SDN,SUDANESE,SDN,,,,,,,,ARE,UNITED ARAB EMIRATES,ARE,,,,,,,,0,070,070,07,2,7.0,2,1,2,-3.12989045383411,1,Egypt,EG,EG,,27,30,EG,1,Egypt,EG,EG,,27,30,EG,1,Egypt,EG,EG,,27,30,EG,20261008013000,https://www.irishdentist.ie/sudan-trumps-game-in-africa-this-way-the-conflict-can-spread-to-the-red-sea/22686/
1326845714,20261008,202610,2026,2026.7616,SSD,SOUTH SUDAN,SSD,,,,,,,,,,,,,,,,,,1,120,120,12,3,-4.0,10,1,10,-2.58964143426295,1,South Sudan,OD,OD,,8,30,OD,0,,,,,,,,1,South Sudan,OD,OD,,8,30,OD,20261008013000,https://punchng.com/wbank-naira-proves-more-resilient-than-several-african-currencies/
1326845715,20261008,202610,2026,2026.7616,TUR,TURKEY,TUR,,,,,,,,GOV,PRESIDENT,,,,,,GOV,,,0,043,043,04,1,2.8,2,1,2,-1.1986301369863,3,"White House, District of Columbia, United States",US,USDC,,38.8951,-77.0364,531871,3,"White House, District of Columbia, United States",US,USDC,,38.8951,-77.0364,531871,3,"White House, District of Columbia, United States",US,USDC,,38.8951,-77.0364,531871,20261008013000,https://www.thedailybeast.com/why-uncle-donald-doesnt-want-to-shake-off-natalie
1326845716,20261008,202610,2026,2026.7616,TUR,TURKEY,TUR,,,,,,,,GOV,PRESIDENT,,,,,,GOV,,,0,043,043,04,1,2.8,8,1,8,-1.1986301369863,1,Turkey,TU,TU,,39.059012,34.911546,TU,1,Turkey,TU,TU,,39.059012,34.911546,TU,1,Turkey,TU,TU,,39.059012,34.911546,TU,20261008013000,https://www.thedailybeast.com/why-uncle-donald-doesnt-want-to-shake-off-natalie
1326845717,20261008,202610,2026,2026.7616,TUV,TUVALU,TUV,,,,,,,,FJI,FIJI,FJI,,,,,,,,1,042,042,04,1,1.9,2,1,2,2.79441117764471,4,"Nadi, Western, Fiji",FJ,FJ05,40204,-17.8,177.417,-1191076,4,"Nadi, Western, Fiji",FJ,FJ05,40204,-17.8,177.417,-1191076,4,"Nadi, Western, Fiji",FJ,FJ05,40204,-17.8,177.417,-1191076,20261008013000,https://www.miragenews.com/from-uq-reef-science-to-national-action-in-fiji-1756672/
1326845718,20261008,202610,2026,2026.7616,TUV,TUVALU,TUV,,,,,,,,FJI,FIJI,FJI,,,,,,,,1,042,042,04,1,1.9,8,1,8,2.79441117764471,1,Tuvalu,TV,TV,,-8,178,TV,4,"Nadi, Western, Fiji",FJ,FJ05,40204,-17.8,177.417,-1191076,4,"Nadi, Western, Fiji",FJ,FJ05,40204,-17.8,177.417,-1191076,20261008013000,https://www.miragenews.com/from-uq-reef-science-to-national-action-in-fiji-1756672/
1326845719,20261008,202610,2026,2026.7616,UAF,FOREIGN TERRORIST ORGANIZATION,,,,,,UAF,,,,,,,,,,,,,0,043,043,04,1,2.8,6,1,6,-5.03035559410234,2,"Minnesota, United States",US,USMN,,45.7326,-93.9196,MN,0,,,,,,,,2,"Minnesota, United States",US,USMN,,45.7326,-93.9196,MN,20261008013000,https://krdo.com/news/national-world/cnn-national/2026/10/07/federal-prosecutors-in-minnesota-charge-man-with-terrorism-after-they-say-he-planned-to-target-the-mall-of-america/
1326845720,20261008,202610,2026,2026.7616,UAF,FOREIGN TERRORIST ORGANIZATION,,,,,,UAF,,,USA,UNITED STATES,USA,,,,,,,,0,043,043,04,1,2.8,4,1,4,-5.03035559410234,3,"Bloomington, Minnesota, United States",US,USMN,MN053,44.8408,-93.2983,640278,3,"Bloomington, Minnesota, United States",US,USMN,MN053,44.8408,-93.2983,640278,3,"Bloomington, Minnesota, United States",US,USMN,MN053,44.8408,-93.2983,640278,20261008013000,https://krdo.com/news/national-world/cnn-national/2026/10/07/federal-prosecutors-in-minnesota-charge-man-with-terrorism-after-they-say-he-planned-to-target-the-mall-of-america/
1326845721,20261008,202610,2026,2026.7616,UKR,UKRAINE,UKR,,,,,,,,,,,,,,,,,,0,010,010,01,1,0.0,2,1,2,-6.81520314547837,4,"Pryluky, Zhytomyrs'ka Oblast', Ukraine",UP,UP27,39918,51.4634,28.8657,-1051544,0,,,,,,,,4,"Pryluky, Zhytomyrs'ka Oblast', Ukraine",UP,UP27,39918,51.4634,28.8657,-1051544,20261008013000,https://www.odt.co.nz/news/world/at-least-28-killed-in-ukraine-as-zelenskiy-condemns-vile-strikes-to7m18cj
1326845722,20261008,202610,2026,2026.7616,UKR,UKRAINE,UKR,,,,,,,,,,,,,,,,,,1,111,111,11,3,-2.0,2,1,2,-6.81520314547837,4,"Kherson, Khersons'ka Oblast', Ukraine",UP,UP08,28557,46.6558,32.6178,-1041356,0,,,,,,,,4,"Kherson, Khersons'ka Oblast', Ukraine",UP,UP08,28557,46.6558,32.6178,-1041356,20261008013000,https://www.odt.co.nz/news/world/at-least-28-killed-in-ukraine-as-zelenskiy-condemns-vile-strikes-to7m18cj
1326845723,20261008,202610,2026,2026.7616,UKR,UKRAINE,UKR,,,,,,,,,,,,,,,,,,1,111,111,11,3,-2.0,8,1,8,-6.81520314547837,4,"Moscow, Moskva, Russia",RS,RS48,25106,55.7522,37.6156,-2960561,0,,,,,,,,4,"Moscow, Moskva, Russia",RS,RS48,25106,55.7522,37.6156,-2960561,20261008013000,https://www.odt.co.nz/news/world/at-least-28-killed-in-ukraine-as-zelenskiy-condemns-vile-strikes-to7m18cj
1326845724,20261008,202610,2026,2026.7616,UKR,KYIV,UKR,,,,,,,,CVL,CIVILIAN,,,,,,CVL,,,0,190,190,19,4,-10.0,2,1,2,-6.81520314547837,4,"Kyiv, Kyyiv, Misto, Ukraine",UP,UP12,28554,50.4333,30.5167,-1044367,4,"Pryluky, Zhytomyrs'ka Oblast', Ukraine",UP,UP27,39918,51.4634,28.8657,-1051544,4,"Pryluky, Zhytomyrs'ka Oblast', Ukraine",UP,UP27,39918,51.4634,28.8657,-1051544,20261008013000,https://www.odt.co.nz/news/world/at-least-28-killed-in-ukraine-as-zelenskiy-condemns-vile-strikes-to7m18cj
1326845725,20261008,202610,2026,2026.7616,UKR,KYIV,UKR,,,,,,,,CVL,CIVILIAN,,,,,,CVL,,,0,190,190,19,4,-10.0,2,1,2,-6.81520314547837,4,"Pryluky, Zhytomyrs'ka Oblast', Ukraine",UP,UP27,39918,51.4634,28.8657,-1051544,4,"Pryluky, Zhytomyrs'ka Oblast', Ukraine",UP,UP27,39918,51.4634,28.8657,-1051544,4,"Pryluky, Zhytomyrs'ka Oblast', Ukraine",UP,UP27,39918,51.4634,28.8657,-1051544,20261008013000,https://www.odt.co.nz/news/world/at-least-28-killed-in-ukraine-as-zelenskiy-condemns-vile-strikes-to7m18cj
1326845726,20261008,202610,2026,2026.7616,UKR,UKRAINIAN,UKR,,,,,,,,RUS,RUSSIA,RUS,,,,,,,,0,130,130,13,3,-4.4,4,1,4,-6.81520314547837,4,"Kharkiv, Kharkivs'ka Oblast', Ukraine",UP,UP07,25036,49.9808,36.2527,-1041320,4,"Moscow, Moskva, Russia",RS,RS48,25106,55.7522,37.6156,-2960561,4,"Kharkiv, Kharkivs'ka Oblast', Ukraine",UP,UP07,25036,49.9808,36.2527,-1041320,20261008013000,https://www.odt.co.nz/news/world/at-least-28-killed-in-ukraine-as-zelenskiy-condemns-vile-strikes-to7m18cj
1326845727,20261008,202610,2026,2026.7616,UKR,UKRAINE,UKR,,,,,,,,RUS,RUSSIA,RUS,,,,,,,,0,130,130,13,3,-4.4,2,1,2,-6.81520314547837,4,"Kharkiv, Kharkivs'ka Oblast', Ukraine",UP,UP07,25036,49.9808,36.2527,-1041320,4,"Moscow, Moskva, Russia",RS,RS48,25106,55.7522,37.6156,-2960561,4,"Moscow, Moskva, Russia",RS,RS48,25106,55.7522,37.6156,-2960561,20261008013000,https://www.odt.co.nz/news/world/at-least-28-killed-in-ukraine-as-zelenskiy-condemns-vile-strikes-to7m18cj
1326845728,20261008,202610,2026,2026.7616,UKR,UKRAINE,UKR,,,,,,,,RUS,RUSSIA,RUS,,,,,,,,0,130,130,13,3,-4.4,2,1,2,-6.81520314547837,4,"Pryluky, Zhytomyrs'ka Oblast', Ukraine",UP,UP27,39918,51.4634,28.8657,-1051544,4,"Pryluky, Zhytomyrs'ka Oblast', Ukraine",UP,UP27,39918,51.4634,28.8657,-1051544,4,"Pryluky, Zhytomyrs'ka Oblast', Ukraine",UP,UP27,39918,51.4634,28.8657,-1051544,20261008013000,https://www.odt.co.nz/news/world/at-least-28-killed-in-ukraine-as-zelenskiy-condemns-vile-strikes-to7m18cj
1326845729,20261008,202610,2026,2026.7616,UKR,UKRAINE,UKR,,,,,,,,RUS,RUSSIA,RUS,,,,,,,,0,130,130,13,3,-4.4,2,1,2,-6.81520314547837,4,"Pryluky, Zhytomyrs'ka Oblast', Ukraine",UP,UP27,39918,51.4634,28.8657,-1051544,4,"Moscow, Moskva, Russia",RS,RS48,25106,55.7522,37.6156,-2960561,4,"Pryluky, Zhytomyrs'ka Oblast', Ukraine",UP,UP27,39918,51.4634,28.8657,-1051544,20261008013000,https://www.odt.co.nz/news/world/at-least-28-killed-in-ukraine-as-zelenskiy-condemns-vile-strikes-to7m18cj
1326845730,20261008,202610,2026,2026.7616,USA,UNITED STATES,USA,,,,,,,,,,,,,,,,,,1,010,010,01,1,0.0,2,1,2,-6.49214659685864,3,"Blanchester, Ohio, United States",US,USOH,OH027,39.2931,-83.9888,1038105,0,,,,,,,,3,"Blanchester, Ohio, United States",US,USOH,OH027,39.2931,-83.9888,1038105,20261008013000,https://www.fox19.com/2026/10/07/vincent-doan-denies-key-trial-claims-says-convicted-killer-confessed-culberson-case/
1326845731,20261008,202610,2026,2026.7616,USA,UNITED STATES,USA,,,,,,,,,,,,,,,,,,1,010,010,01,1,0.0,6,1,4,-6.49214659685864,3,"Blanchester, Ohio, United States",US,USOH,OH027,39.2931,-83.9888,1038105,0,,,,,,,,2,"Ohio, United States",US,USOH,,40.3736,-82.7755,OH,20261008013000,https://www.fox19.com/2026/10/07/vincent-doan-denies-key-trial-claims-says-convicted-killer-confessed-culberson-case/
1326845732,20261008,202610,2026,2026.7616,USA,UNITED STATES,USA,,,,,,,,,,,,,,,,,,0,010,010,01,1,0.0,6,1,6,1.8905472636816,3,"Ridgewood, Ohio, United States",US,USOH,OH023,39.9501,-83.8144,1051323,0,,,,,,,,3,"Ridgewood, Ohio, United States",US,USOH,OH023,39.9501,-83.8144,1051323,20261008013000,https://highlandcountypress.com/education/ohio-gets-failing-mark-sex-education-policy-national-group
1326845733,20261008,202610,2026,2026.7616,USA,UNITED STATES,USA,,,,,,,,,,,,,,,,,,0,010,010,01,1,0.0,8,1,8,-1.90622042930425,3,"Cincinnati, Ohio, United States",US,USOH,OH061,39.162,-84.4569,1066650,0,,,,,,,,3,"Cincinnati, Ohio, United States",US,USOH,OH061,39.162,-84.4569,1066650,20261008013000,https://www.fox19.com/2026/10/07/mental-health-forefront-cincinnati-fathers-defense-deputys-murder-trial/
1326845734,20261008,202610,2026,2026.7616,USA,UNITED STATES,USA,,,,,,,,,,,,,,,,,,0,010,010,01,1,0.0,4,1,4,-6.57334144856969,3,"Riverbend, Tennessee, United States",US,USTN,TN093,35.8954,-83.9763,1312367,0,,,,,,,,3,"Riverbend, Tennessee, United States",US,USTN,TN093,35.8954,-83.9763,1312367,20261008013000,https://www.dailymail.com/crime-desk/article-16190497/christa-pike-family-speak-execution-tennessee.html
1326845735,20261008,202610,2026,2026.7616,USA,UNITED STATES,USA,,,,,,,,,,,,,,,,,,1,010,010,01,1,0.0,2,1,2,0.3875968992248,3,"Fairbanks, Alaska, United States",US,USAK,AK090,64.8378,-147.716,1401958,0,,,,,,,,3,"Fairbanks, Alaska, United States",US,USAK,AK090,64.8378,-147.716,1401958,20261008013000,https://www.adn.com/alaska-news/2026/10/07/feds-approve-150-million-for-second-power-link-between-interior-and-southcentral-alaska/
1326845736,20261008,202610,2026,2026.7616,USA,UNITED STATES,USA,,,,,,,,,,,,,,,,,,1,010,010,01,1,0.0,2,1,2,-9.86301369863012,3,"San Diego, California, United States",US,USCA,CA073,32.7153,-117.157,1661377,0,,,,,,,,3,"San Diego, California, United States",US,USCA,,32.7153,-117.157,1661377,20261008013000,https://timesofsandiego.com/crime/2026/10/07/miss-b-troy-williams-false-identity-us-marshall/
1326845737,20261008,202610,2026,2026.7616,USA,UNITED STATES,USA,,,,,,,,,,,,,,,,,,1,010,010,01,1,0.0,2,1,2,-9.86301369863012,3,"San Diego, California, United States",US,USCA,CA073,32.7153,-117.157,1661377,0,,,,,,,,2,"Iowa, United States",US,USIA,,42.0046,-93.214,IA,20261008013000,https://timesofsandiego.com/crime/2026/10/07/miss-b-troy-williams-false-identity-us-marshall/
1326845738,20261008,202610,2026,2026.7616,USA,UNITED STATES,USA,,,,,,,,,,,,,,,,,,0,010,010,01,1,0.0,1,1,1,-8.26558265582656,3,"Cook County, Illinois, United States",US,USIL,IL031,41.8334,-87.8501,1784766,0,,,,,,,,3,"Cook County, Illinois, United States",US,USIL,,41.8334,-87.8501,1784766,20261008013000,https://abc7chicago.com/post/felicia-hirn-accused-killing-3-year-old-son-leland-chipoco-1-boys-death-chicago/19919207/
1326845739,20261008,202610,2026,2026.7616,USA,WASHINGTON,USA,,,,,,,,,,,,,,,,,,0,010,010,01,1,0.0,2,1,2,-8.26558265582656,3,"Cook County, Illinois, United States",US,USIL,IL031,41.8334,-87.8501,1784766,0,,,,,,,,3,"Chicago, Illinois, United States",US,USIL,IL031,41.85,-87.6501,423587,20261008013000,https://abc7chicago.com/post/felicia-hirn-accused-killing-3-year-old-son-leland-chipoco-1-boys-death-chicago/19919207/
1326845740,20261008,202610,2026,2026.7616,USA,UNITED STATES,USA,,,,,,,,,,,,,,,,,,0,010,010,01,1,0.0,4,1,4,0.17574692442883,3,"Washington, District of Columbia, United States",US,USDC,DC001,38.8951,-77.0364,531871,0,,,,,,,,2,"Maine, United States",US,USME,,44.6074,-69.3977,ME,20261008013000,https://www.sunjournal.com/2026/10/07/troy-jackson-details-personal-finances-in-new-disclosure/
1326845741,20261008,202610,2026,2026.7616,USA,UNITED STATES,USA,,,,,,,,,,,,,,,,,,1,010,010,01,1,0.0,6,1,6,0.38610038610038,3,"Vernon Parish, Louisiana, United States",US,USLA,LA115,31.1169,-93.1835,559548,0,,,,,,,,3,"Vernon Parish, Louisiana, United States",US,USLA,,31.1169,-93.1835,559548,20261008013000,https://www.kalb.com/2026/10/07/vernon-parish-youth-day-informs-next-generation-agriculture-careers/
1326845742,20261008,202610,2026,2026.7616,USA,UNITED STATES,USA,,,,,,,,,,,,,,,,,,0,010,010,01,1,0.0,2,1,2,0.95759233926129,3,"Mankato, Minnesota, United States",US,USMN,MN013,44.1636,-93.9994,647438,0,,,,,,,,3,"Mankato, Minnesota, United States",US,USMN,MN013,44.1636,-93.9994,647438,20261008013000,https://www.mankatofreepress.com/news/local_news/owner-of-closed-blue-bricks-bar-sells-dt-landmark/article_fe4fe2f9-7da6-407c-be27-6a2c52f73cdc.html
1326845743,20261008,202610,2026,2026.7616,USA,UNITED STATES,USA,,,,,,,,,,,,,,,,,,1,010,010,01,1,0.0,8,2,8,-4.8592032967033,2,"Alaska, United States",US,USAK,,61.385,-152.268,AK,0,,,,,,,,2,"Alaska, United States",US,USAK,,61.385,-152.268,AK,20261008013000,https://fm.kuac.org/2026-10-07/new-interactive-tsunami-map-helps-alaska-communities-prepare-for-the-worst
1326845744,20261008,202610,2026,2026.7616,USA,ARKANSAS,USA,,,,,,,,,,,,,,,,,,0,010,010,01,1,0.0,7,1,7,-5.01792114695341,2,"Arkansas, United States",US,USAR,,34.9513,-92.3809,AR,0,,,,,,,,2,"Arkansas, United States",US,USAR,,34.9513,-92.3809,AR,20261008013000,https://www.blackenterprise.com/white-welfare-recipient-arkansas-political-ad/
1326845745,20261008,202610,2026,2026.7616,USA,UNITED STATES,USA,,,,,,,,,,,,,,,,,,0,010,010,01,1,0.0,4,1,4,4.17209908735333,2,"Delaware, United States",US,USDE,,39.3498,-75.5148,DE,0,,,,,,,,2,"Delaware, United States",US,USDE,,39.3498,-75.5148,DE,20261008013000,https://whyy.org/articles/caribbean-film-fashion-festival-delaware/
1326845746,20261008,202610,2026,2026.7616,USA,UNITED STATES,USA,,,,,,,,,,,,,,,,,,1,010,010,01,1,0.0,2,1,2,-4.56852791878172,2,"South Carolina, United States",US,USSC,,33.8191,-80.9066,SC,0,,,,,,,,2,"South Carolina, United States",US,USSC,,33.8191,-80.9066,SC,20261008013000,https://www.livemint.com/news/us-news/christa-pikes-health-status-woman-who-survived-execution-attempt-has-pneumonia-and-no-function-in-her-arms-11791421247782.html
1326845747,20261008,202610,2026,2026.7616,USA,UNITED STATES,USA,,,,,,,,,,,,,,,,,,0,011,011,01,1,-0.1,3,1,3,-6.47208121827412,2,"New York, United States",US,USNY,,42.1497,-74.9384,NY,0,,,,,,,,2,"New York, United States",US,USNY,,42.1497,-74.9384,NY,20261008013000,https://www.dailymail.com/crime-desk/article-16184749/jonathan-mckinsey-candice-jang-murder-dublin-california.html
1326845748,20261008,202610,2026,2026.7616,USA,UNITED STATES,USA,,,,,,,,,,,,,,,,,,1,012,012,01,1,-0.4,2,1,2,-4.29553264604811,3,"Cincinnati, Ohio, United States",US,USOH,OH061,39.162,-84.4569,1066650,0,,,,,,,,3,"Cincinnati, Ohio, United States",US,USOH,OH061,39.162,-84.4569,1066650,20261008013000,https://www.fox19.com/2026/10/07/mental-health-forefront-cincinnati-fathers-defense-deputys-murder-trial/
1326845749,20261008,202610,2026,2026.7616,USA,UNITED STATES,USA,,,,,,,,,,,,,,,,,,0,012,012,01,1,-0.4,1,1,1,-6.49214659685864,3,"Clinton County, Ohio, United States",US,USOH,OH027,39.4001,-83.8166,1074026,0,,,,,,,,3,"Clinton County, Ohio, United States",US,USOH,,39.4001,-83.8166,1074026,20261008013000,https://www.fox19.com/2026/10/07/vincent-doan-denies-key-trial-claims-says-convicted-killer-confessed-culberson-case/
1326845750,20261008,202610,2026,2026.7616,USA,UNITED STATES,USA,,,,,,,,,,,,,,,,,,0,012,012,01,1,-0.4,4,1,4,-4.76190476190476,3,"Cumberland County, New Jersey, United States",US,USNJ,NJ011,39.3501,-75.083,882275,0,,,,,,,,3,"Cumberland County, New Jersey, United States",US,USNJ,,39.3501,-75.083,882275,20261008013000,https://www.sunjournal.com/2026/10/07/democrat-files-ethics-complaint-against-susan-collins-over-alleged-pay-to-play-scheme/
1326845751,20261008,202610,2026,2026.7616,USA,UNITED STATES,USA,,,,,,,,,,,,,,,,,,0,012,012,01,1,-0.4,4,1,4,-5.06493506493506,2,"North Carolina, United States",US,USNC,,35.6411,-79.8431,NC,0,,,,,,,,2,"North Carolina, United States",US,USNC,,35.6411,-79.8431,NC,20261008013000,https://wlos.com/news/local/north-carolina-cut-divorce-separation-period-6-months-general-assembly-politics-senate-bill-626-house-law-spouses-children-domestic-violence
1326845752,20261008,202610,2026,2026.7616,USA,UNITED STATES,USA,,,,,,,,,,,,,,,,,,1,014,014,01,1,0.0,2,1,2,-8.6705202312139,3,"Rapides, Louisiana, United States",US,USLA,LA079,31.3635,-92.5868,555753,0,,,,,,,,3,"Rapides, Louisiana, United States",US,USLA,LA079,31.3635,-92.5868,555753,20261008013000,https://www.kalb.com/2026/10/07/could-kayla-giles-return-court-after-louisiana-supreme-court-ruling/
1326845753,20261008,202610,2026,2026.7616,USA,UNITED STATES,USA,,,,,,,,,,,,,,,,,,0,015,015,01,1,0.0,4,1,4,-4.76190476190476,2,"Hawaii, United States",US,USHI,,21.1098,-157.531,HI,0,,,,,,,,2,"Hawaii, United States",US,USHI,,21.1098,-157.531,HI,20261008013000,https://www.sunjournal.com/2026/10/07/democrat-files-ethics-complaint-against-susan-collins-over-alleged-pay-to-play-scheme/
1326845754,20261008,202610,2026,2026.7616,USA,UNITED STATES,USA,,,,,,,,,,,,,,,,,,0,016,016,01,1,-2.0,4,1,4,-4.29553264604811,3,"Cincinnati, Ohio, United States",US,USOH,OH061,39.162,-84.4569,1066650,0,,,,,,,,3,"Cincinnati, Ohio, United States",US,USOH,OH061,39.162,-84.4569,1066650,20261008013000,https://www.fox19.com/2026/10/07/mental-health-forefront-cincinnati-fathers-defense-deputys-murder-trial/
1326845755,20261008,202610,2026,2026.7616,USA,UNITED STATES,USA,,,,,,,,,,,,,,,,,,1,020,020,02,1,3.0,4,1,4,-6.49214659685864,3,"Blanchester, Ohio, United States",US,USOH,OH027,39.2931,-83.9888,1038105,0,,,,,,,,2,"Ohio, United States",US,USOH,,40.3736,-82.7755,OH,20261008013000,https://www.fox19.com/2026/10/07/vincent-doan-denies-key-trial-claims-says-convicted-killer-confessed-culberson-case/
1326845756,20261008,202610,2026,2026.7616,USA,UNITED STATES,USA,,,,,,,,,,,,,,,,,,1,020,020,02,1,3.0,3,1,3,-6.49214659685864,3,"Clinton County, Ohio, United States",US,USOH,OH027,39.4001,-83.8166,1074026,0,,,,,,,,3,"Highland County, Ohio, United States",US,USOH,,39.1834,-83.6166,1074048,20261008013000,https://www.fox19.com/2026/10/07/vincent-doan-denies-key-trial-claims-says-convicted-killer-confessed-culberson-case/
1326845757,20261008,202610,2026,2026.7616,USA,OHIO,USA,,,,,,,,,,,,,,,,,,1,020,020,02,1,3.0,1,1,1,-6.49214659685864,3,"Highland County, Ohio, United States",US,USOH,OH071,39.1834,-83.6166,1074048,0,,,,,,,,3,"Highland County, Ohio, United States",US,USOH,,39.1834,-83.6166,1074048,20261008013000,https://www.fox19.com/2026/10/07/vincent-doan-denies-key-trial-claims-says-convicted-killer-confessed-culberson-case/
1326845758,20261008,202610,2026,2026.7616,USA,UNITED STATES,USA,,,,,,,,,,,,,,,,,,1,020,020,02,1,3.0,4,1,4,-6.57334144856969,3,"Riverbend, Tennessee, United States",US,USTN,TN093,35.8954,-83.9763,1312367,0,,,,,,,,3,"Riverbend, Tennessee, United States",US,USTN,TN093,35.8954,-83.9763,1312367,20261008013000,https://www.dailymail.com/crime-desk/article-16190497/christa-pike-family-speak-execution-tennessee.html
1326845759,20261008,202610,2026,2026.7616,USA,SAN DIEGO,USA,,,,,,,,,,,,,,,,,,1,020,020,02,1,3.0,10,1,10,0.83333333333333,3,"San Diego, California, United States",US,USCA,CA073,32.7153,-117.157,1661377,0,,,,,,,,3,"San Diego, California, United States",US,USCA,,32.7153,-117.157,1661377,20261008013000,https://www.thebiglead.com/how-to-watch-padres-vs-brewers-game-4-mlb-playoffs-live-stream-tv-channel/
1326845760,20261008,202610,2026,2026.7616,USA,UNITED STATES,USA,,,,,,,,,,,,,,,,,,1,020,020,02,1,3.0,4,1,4,0.45454545454546,3,"Capitol Hill, District of Columbia, United States",US,USDC,DC001,38.889,-77.0003,529313,0,,,,,,,,3,"Capitol Hill, District of Columbia, United States",US,USDC,,38.889,-77.0003,529313,20261008013000,https://www.mondaq.com:443/unitedstates/constitutional-administrative-law/1852382/cannabis-and-the-midterm-elections
1326845761,20261008,202610,2026,2026.7616,USA,UNITED STATES,USA,,,,,,,,,,,,,,,,,,0,020,020,02,1,3.0,1,1,1,0.17574692442883,3,"Washington, District of Columbia, United States",US,USDC,DC001,38.8951,-77.0364,531871,0,,,,,,,,2,"Maine, United States",US,USME,,44.6074,-69.3977,ME,20261008013000,https://www.sunjournal.com/2026/10/07/troy-jackson-details-personal-finances-in-new-disclosure/
1326845762,20261008,202610,2026,2026.7616,USA,UNITED STATES,USA,,,,,,,,,,,,,,,,,,0,020,020,02,1,3.0,2,1,2,0.17574692442883,3,"Allagash, Maine, United States",US,USME,ME003,47.0834,-69.0412,581970,0,,,,,,,,2,"Maine, United States",US,USME,,44.6074,-69.3977,ME,20261008013000,https://www.sunjournal.com/2026/10/07/troy-jackson-details-personal-finances-in-new-disclosure/
1326845763,20261008,202610,2026,2026.7616,USA,MINNESOTA,USA,,,,,,,,,,,,,,,,,,0,020,020,02,1,3.0,10,1,10,6.00292825768667,3,"Owatonna, Minnesota, United States",US,USMN,MN147,44.0839,-93.226,649095,0,,,,,,,,3,"Owatonna, Minnesota, United States",US,USMN,MN147,44.0839,-93.226,649095,20261008013000,http://www.southernminn.com/owatonna_peoples_press/news/opinion/owatonna-schools-early-learning-opportunities-for-families-with-children-ages-3-5/article_6bbf1f05-cce5-424f-b80b-71d38c8e2e91.html
1326845764,20261008,202610,2026,2026.7616,USA,UNITED STATES,USA,,,,,,,,,,,,,,,,,,0,020,020,02,1,3.0,4,1,4,-4.76190476190476,3,"Cumberland County, New Jersey, United States",US,USNJ,NJ011,39.3501,-75.083,882275,0,,,,,,,,3,"Cumberland County, New Jersey, United States",US,USNJ,,39.3501,-75.083,882275,20261008013000,https://www.sunjournal.com/2026/10/07/democrat-files-ethics-complaint-against-susan-collins-over-alleged-pay-to-play-scheme/
1326845765,20261008,202610,2026,2026.7616,USA,UNITED STATES,USA,,,,,,,,,,,,,,,,,,0,020,020,02,1,3.0,3,1,3,-0.97592713077424,3,"Manhattan, New York, United States",US,USNY,NY061,40.7834,-73.9662,971945,0,,,,,,,,3,"Manhattan, New York, United States",US,USNY,NY061,40.7834,-73.9662,971945,20261008013000,https://gizmodo.com/ray-ban-meta-gen-3-ai-glasses-review-2000822961
1326845766,20261008,202610,2026,2026.7616,USA,UNITED STATES,USA,,,,,,,,,,,,,,,,,,0,020,020,02,1,3.0,6,1,6,-4.65116279069767,2,"Georgia, United States",US,USGA,,32.9866,-83.6487,GA,0,,,,,,,,2,"Georgia, United States",US,USGA,,32.9866,-83.6487,GA,20261008013000,https://www.wtvm.com/2026/10/07/officials-urge-storm-preparation-ahead-weekend-severe-weather/
1326845767,20261008,202610,2026,2026.7616,USA,ALASKA,USA,,,,,,,,,,,,,,,,,,1,022,022,02,1,3.2,2,1,2,0.3875968992248,2,"Alaska, United States",US,USAK,,61.385,-152.268,AK,0,,,,,,,,3,"Fairbanks International Airport, Alaska, United States",US,USAK,,64.8137,-147.86,1417704,20261008013000,https://www.adn.com/alaska-news/2026/10/07/feds-approve-150-million-for-second-power-link-between-interior-and-southcentral-alaska/
1326845768,20261008,202610,2026,2026.7616,USA,ALASKA,USA,,,,,,,,,,,,,,,,,,1,022,022,02,1,3.2,2,1,2,0.3875968992248,2,"Alaska, United States",US,USAK,,61.385,-152.268,AK,0,,,,,,,,2,"Alaska, United States",US,USAK,,61.385,-152.268,AK,20261008013000,https://www.adn.com/alaska-news/2026/10/07/feds-approve-150-million-for-second-power-link-between-interior-and-southcentral-alaska/
1326845769,20261008,202610,2026,2026.7616,USA,DELAWARE,USA,,,,,,,,,,,,,,,,,,0,0331,033,03,1,5.2,2,1,2,4.17209908735333,2,"Delaware, United States",US,USDE,,39.3498,-75.5148,DE,0,,,,,,,,2,"Delaware, United States",US,USDE,,39.3498,-75.5148,DE,20261008013000,https://whyy.org/articles/caribbean-film-fashion-festival-delaware/
1326845770,20261008,202610,2026,2026.7616,USA,UNITED STATES,USA,,,,,,,,,,,,,,,,,,0,036,036,03,1,4.0,8,1,8,-0.80495356037151,3,"Clarksville, Tennessee, United States",US,USTN,TN125,36.5298,-87.3595,1269467,0,,,,,,,,3,"Clarksville, Tennessee, United States",US,USTN,TN125,36.5298,-87.3595,1269467,20261008013000,https://www.clarksvilleonline.com/2026/10/07/lst-325-docks-in-clarksville-tn-october-2026/
1326845771,20261008,202610,2026,2026.7616,USA,SAN DIEGO,USA,,,,,,,,,,,,,,,,,,1,036,036,03,1,4.0,6,1,6,0.83333333333333,3,"San Diego, California, United States",US,USCA,CA073,32.7153,-117.157,1661377,0,,,,,,,,3,"San Diego, California, United States",US,USCA,,32.7153,-117.157,1661377,20261008013000,https://www.thebiglead.com/how-to-watch-padres-vs-brewers-game-4-mlb-playoffs-live-stream-tv-channel/
1326845772,20261008,202610,2026,2026.7616,USA,SAN DIEGO,USA,,,,,,,,,,,,,,,,,,1,036,036,03,1,4.0,4,1,4,0.83333333333333,3,"San Diego, California, United States",US,USCA,CA073,32.7153,-117.157,1661377,0,,,,,,,,3,"Petco Park, California, United States",US,USCA,,32.7076,-117.157,2061704,20261008013000,https://www.thebiglead.com/how-to-watch-padres-vs-brewers-game-4-mlb-playoffs-live-stream-tv-channel/
1326845773,20261008,202610,2026,2026.7616,USA,ARKANSAS,USA,,,,,,,,,,,,,,,,,,1,036,036,03,1,4.0,1,1,1,1.45348837209303,2,"Arkansas, United States",US,USAR,,34.9513,-92.3809,AR,0,,,,,,,,2,"Arkansas, United States",US,USAR,,34.9513,-92.3809,AR,20261008013000,https://www.4029tv.com/article/arkansas-childrens-northwest-expansion-brings-more-pediatric-care-to-northwest-arkansas/74070789
1326845774,20261008,202610,2026,2026.7616,USA,UNITED STATES,USA,,,,,,,,,,,,,,,,,,0,041,041,04,1,1.0,4,1,4,-6.49214659685864,3,"Highland County, Ohio, United States",US,USOH,OH071,39.1834,-83.6166,1074048,0,,,,,,,,3,"Highland County, Ohio, United States",US,USOH,,39.1834,-83.6166,1074048,20261008013000,https://www.fox19.com/2026/10/07/vincent-doan-denies-key-trial-claims-says-convicted-killer-confessed-culberson-case/
1326845775,20261008,202610,2026,2026.7616,USA,UNITED STATES,USA,,,,,,,,,,,,,,,,,,0,042,042,04,1,1.9,4,1,4,-4.29553264604811,3,"Cincinnati, Ohio, United States",US,USOH,OH061,39.162,-84.4569,1066650,0,,,,,,,,3,"Cincinnati, Ohio, United States",US,USOH,OH061,39.162,-84.4569,1066650,20261008013000,https://www.fox19.com/2026/10/07/mental-health-forefront-cincinnati-fathers-defense-deputys-murder-trial/
1326845776,20261008,202610,2026,2026.7616,USA,ARIZONA,USA,,,,,,,,,,,,,,,,,,1,042,042,04,1,1.9,10,1,10,1.8421052631579,3,"Pima County, Arizona, United States",US,USAZ,AZ019,32.0004,-112.003,25446,0,,,,,,,,3,"Pima County, Arizona, United States",US,USAZ,,32.0004,-112.003,25446,20261008013000,https://www.kold.com/2026/10/08/heres-why-many-southern-arizona-education-leaders-oppose-prop-320/
1326845777,20261008,202610,2026,2026.7616,USA,UNITED STATES,USA,,,,,,,,,,,,,,,,,,0,043,043,04,1,2.8,2,1,2,1.34228187919463,3,"Cole County, Missouri, United States",US,USMO,MO051,38.5003,-92.2835,758480,0,,,,,,,,3,"Cole County, Missouri, United States",US,USMO,,38.5003,-92.2835,758480,20261008013000,https://abc17news.com/news/cole/2026/10/07/cole-county-faces-difficult-choice-over-rising-health-insurance-costs/
1326845778,20261008,202610,2026,2026.7616,USA,ALASKA,USA,,,,,,,,,,,,,,,,,,1,043,043,04,1,2.8,12,1,10,-2.95930949445129,2,"Alaska, United States",US,USAK,,61.385,-152.268,AK,0,,,,,,,,2,"Alaska, United States",US,USAK,,61.385,-152.268,AK,20261008013000,https://www.adn.com/alaska-news/2026/10/07/about-30-alaska-native-youths-buried-at-boarding-schools-decades-ago-are-now-returning-home/
1326845779,20261008,202610,2026,2026.7616,USA,DELAWARE,USA,,,,,,,,,,,,,,,,,,1,043,043,04,1,2.8,10,1,10,4.17209908735333,2,"Delaware, United States",US,USDE,,39.3498,-75.5148,DE,0,,,,,,,,2,"Delaware, United States",US,USDE,,39.3498,-75.5148,DE,20261008013000,https://whyy.org/articles/caribbean-film-fashion-festival-delaware/
1326845780,20261008,202610,2026,2026.7616,USA,FLORIDA,USA,,,,,,,,,,,,,,,,,,0,043,043,04,1,2.8,3,1,3,-6.47208121827412,2,"Florida, United States",US,USFL,,27.8333,-81.717,FL,0,,,,,,,,2,"Florida, United States",US,USFL,,27.8333,-81.717,FL,20261008013000,https://www.dailymail.com/crime-desk/article-16184749/jonathan-mckinsey-candice-jang-murder-dublin-california.html
1326845781,20261008,202610,2026,2026.7616,USA,INDIANA,USA,,,,,,,,,,,,,,,,,,1,043,043,04,1,2.8,8,1,8,-0.80495356037151,2,"Indiana, United States",US,USIN,,39.8647,-86.2604,IN,0,,,,,,,,2,"Indiana, United States",US,USIN,,39.8647,-86.2604,IN,20261008013000,https://www.clarksvilleonline.com/2026/10/07/lst-325-docks-in-clarksville-tn-october-2026/
1326845782,20261008,202610,2026,2026.7616,USA,LOUISIANA,USA,,,,,,,,,,,,,,,,,,1,043,043,04,1,2.8,2,1,2,-8.6705202312139,2,"Louisiana, United States",US,USLA,,31.1801,-91.8749,LA,0,,,,,,,,2,"Louisiana, United States",US,USLA,,31.1801,-91.8749,LA,20261008013000,https://www.kalb.com/2026/10/07/could-kayla-giles-return-court-after-louisiana-supreme-court-ruling/
1326845783,20261008,202610,2026,2026.7616,USA,MISSOURI,USA,,,,,,,,,,,,,,,,,,0,043,043,04,1,2.8,5,1,5,1.34228187919463,2,"Missouri, United States",US,USMO,,38.4623,-92.302,MO,0,,,,,,,,2,"Missouri, United States",US,USMO,,38.4623,-92.302,MO,20261008013000,https://abc17news.com/news/cole/2026/10/07/cole-county-faces-difficult-choice-over-rising-health-insurance-costs/
1326845784,20261008,202610,2026,2026.7616,USA,UNITED STATES,USA,,,,,,,,,,,,,,,,,,1,043,043,04,1,2.8,4,1,4,-10.8485499462943,2,"New York, United States",US,USNY,,42.1497,-74.9384,NY,0,,,,,,,,4,"Gaza, Israel (general), Israel",IS,IS00,18315,31.4167,34.3333,-797156,20261008013000,https://www.cbsnews.com/news/mamdani-criticized-by-democrats-oct-7-statement/
1326845785,20261008,202610,2026,2026.7616,USA,UNITED STATES,USA,,,,,,,,,,,,,,,,,,1,046,046,04,1,7.0,7,1,7,2.33323030808437,2,"Michigan, United States",US,USMI,,43.3504,-84.5603,MI,0,,,,,,,,2,"Michigan, United States",US,USMI,,43.3504,-84.5603,MI,20261008013000,https://midmichigannow.com/news/local/john-james-meets-saginaw-officials-to-discuss-law-enforcement-safety-election-news-michigan
1326845786,20261008,202610,2026,2026.7616,USA,LOS ANGELES,USA,,,,,,,,,,,,,,,,,,0,050,050,05,1,3.5,1,1,1,-3.40314136125654,3,"Los Angeles, California, United States",US,USCA,CA037,34.0522,-118.244,1662328,0,,,,,,,,3,"Los Angeles, California, United States",US,USCA,,34.0522,-118.244,1662328,20261008013000,https://kesq.com/news/california/2026/10/07/police-find-no-evidence-yet-linking-bullying-to-la-high-school-students-death/
1326845787,20261008,202610,2026,2026.7616,USA,LOS ANGELES,USA,,,,,,,,,,,,,,,,,,0,050,050,05,1,3.5,1,1,1,-3.40314136125654,3,"Franklin High School, California, United States",US,USCA,CA037,34.1159,-118.199,242443,0,,,,,,,,3,"Los Angeles, California, United States",US,USCA,,34.0522,-118.244,1662328,20261008013000,https://kesq.com/news/california/2026/10/07/police-find-no-evidence-yet-linking-bullying-to-la-high-school-students-death/
1326845788,20261008,202610,2026,2026.7616,USA,UNITED STATES,USA,,,,,,,,,,,,,,,,,,1,050,050,05,1,3.5,2,1,2,4.47154471544716,2,"Pennsylvania, United States",US,USPA,,40.5773,-77.264,PA,0,,,,,,,,2,"Pennsylvania, United States",US,USPA,,40.5773,-77.264,PA,20261008013000,https://www.psu.edu/news/penn-college/story/lenfest-foundation-gift-help-penn-college-students-overcome-financial-barriers
1326845789,20261008,202610,2026,2026.7616,USA,OHIO,USA,,,,,,,,,,,,,,,,,,1,051,051,05,1,3.4,3,1,3,-6.49214659685864,3,"Blanchester, Ohio, United States",US,USOH,OH027,39.2931,-83.9888,1038105,0,,,,,,,,3,"Blanchester, Ohio, United States",US,USOH,OH027,39.2931,-83.9888,1038105,20261008013000,https://www.fox19.com/2026/10/07/vincent-doan-denies-key-trial-claims-says-convicted-killer-confessed-culberson-case/
1326845790,20261008,202610,2026,2026.7616,USA,UNITED STATES,USA,,,,,,,,,,,,,,,,,,1,051,051,05,1,3.4,4,1,4,-6.49214659685864,3,"Blanchester, Ohio, United States",US,USOH,OH027,39.2931,-83.9888,1038105,0,,,,,,,,2,"Ohio, United States",US,USOH,,40.3736,-82.7755,OH,20261008013000,https://www.fox19.com/2026/10/07/vincent-doan-denies-key-trial-claims-says-convicted-killer-confessed-culberson-case/
1326845791,20261008,202610,2026,2026.7616,USA,COLUMBUS,USA,,,,,,,,,,,,,,,,,,1,051,051,05,1,3.4,5,1,5,-0.43923865300146,3,"Pleasant Hill Cemetery, Missouri, United States",US,USMO,MO145,36.9067,-94.3999,724515,0,,,,,,,,3,"Pleasant Hill Cemetery, Missouri, United States",US,USMO,,36.9067,-94.3999,724515,20261008013000,"http://marshfieldmail.com/stories/civil-war-veteran-to-be-honored-at-pleasant-hill-cemetery,81686"
1326845792,20261008,202610,2026,2026.7616,USA,ARIZONA,USA,,,,,,,,,,,,,,,,,,1,051,051,05,1,3.4,2,1,2,13.1578947368421,2,"Arizona, United States",US,USAZ,,33.7712,-111.388,AZ,0,,,,,,,,3,"Phoenix, Arizona, United States",US,USAZ,AZ013,33.4484,-112.074,44784,20261008013000,https://azbigmedia.com/business/most-admired-companies-of-2026/most-admired-companies-of-2026-willmeng-construction/
1326845793,20261008,202610,2026,2026.7616,USA,UNITED STATES,USA,,,,,,,,,,,,,,,,,,0,051,051,05,1,3.4,4,1,4,4.17209908735333,2,"Delaware, United States",US,USDE,,39.3498,-75.5148,DE,0,,,,,,,,2,"Delaware, United States",US,USDE,,39.3498,-75.5148,DE,20261008013000,https://whyy.org/articles/caribbean-film-fashion-festival-delaware/
1326845794,20261008,202610,2026,2026.7616,USA,UNITED STATES,USA,,,,,,,,,,,,,,,,,,1,051,051,05,1,3.4,6,1,6,1.75438596491228,2,"Montana, United States",US,USMT,,46.9048,-110.326,MT,0,,,,,,,,2,"Montana, United States",US,USMT,,46.9048,-110.326,MT,20261008013000,https://nbcmontana.com/news/local/montanas-centenarians-celebrated-at-governors-conference-on-aging
1326845795,20261008,202610,2026,2026.7616,USA,OHIO,USA,,,,,,,,,,,,,,,,,,1,051,051,05,1,3.4,1,1,1,-6.49214659685864,2,"Ohio, United States",US,USOH,,40.3736,-82.7755,OH,0,,,,,,,,3,"Blanchester, Ohio, United States",US,USOH,OH027,39.2931,-83.9888,1038105,20261008013000,https://www.fox19.com/2026/10/07/vincent-doan-denies-key-trial-claims-says-convicted-killer-confessed-culberson-case/
1326845796,20261008,202610,2026,2026.7616,USA,UNITED STATES,USA,,,,,,,,,,,,,,,,,,0,055,055,05,1,7.0,4,1,4,-6.57334144856969,3,"Riverbend, Tennessee, United States",US,USTN,TN093,35.8954,-83.9763,1312367,0,,,,,,,,3,"Riverbend, Tennessee, United States",US,USTN,TN093,35.8954,-83.9763,1312367,20261008013000,https://www.dailymail.com/crime-desk/article-16190497/christa-pike-family-speak-execution-tennessee.html
1326845797,20261008,202610,2026,2026.7616,USA,UNITED STATES,USA,,,,,,,,,,,,,,,,,,1,070,070,07,2,7.0,4,1,4,3.78510378510378,2,"Kansas, United States",US,USKS,,38.5111,-96.8005,KS,0,,,,,,,,2,"Kansas, United States",US,USKS,,38.5111,-96.8005,KS,20261008013000,https://www.polkio.com/news/superhero-officers-prevent-bullies-from-ruining-birthday/article_1536835d-f7f2-4181-ba7d-8f5d2e7a2439.html
1326845798,20261008,202610,2026,2026.7616,USA,UNITED STATES,USA,,,,,,,,,,,,,,,,,,0,071,071,07,2,7.4,1,1,1,-1.28939828080229,3,"Los Angeles, California, United States",US,USCA,CA037,34.0522,-118.244,1662328,0,,,,,,,,2,"California, United States",US,USCA,,36.17,-119.746,CA,20261008013000,https://dailynexus.com/2026-10-07/a-week-in-uc-student-news-46/
1326845799,20261008,202610,2026,2026.7616,USA,UNITED STATES,USA,,,,,,,,,,,,,,,,,,0,071,071,07,2,7.4,4,1,4,0.17574692442883,3,"Washington, District of Columbia, United States",US,USDC,DC001,38.8951,-77.0364,531871,0,,,,,,,,3,"Allagash, Maine, United States",US,USME,ME003,47.0834,-69.0412,581970,20261008013000,https://www.sunjournal.com/2026/10/07/troy-jackson-details-personal-finances-in-new-disclosure/
1326845800,20261008,202610,2026,2026.7616,USA,ALASKA,USA,,,,,,,,,,,,,,,,,,1,071,071,07,2,7.4,2,1,2,0.3875968992248,2,"Alaska, United States",US,USAK,,61.385,-152.268,AK,0,,,,,,,,3,"Fairbanks, Alaska, United States",US,USAK,AK090,64.8378,-147.716,1401958,20261008013000,https://www.adn.com/alaska-news/2026/10/07/feds-approve-150-million-for-second-power-link-between-interior-and-southcentral-alaska/
1326845801,20261008,202610,2026,2026.7616,USA,ALASKA,USA,,,,,,,,,,,,,,,,,,1,071,071,07,2,7.4,2,1,2,0.3875968992248,2,"Alaska, United States",US,USAK,,61.385,-152.268,AK,0,,,,,,,,2,"Alaska, United States",US,USAK,,61.385,-152.268,AK,20261008013000,https://www.adn.com/alaska-news/2026/10/07/feds-approve-150-million-for-second-power-link-between-interior-and-southcentral-alaska/
1326845802,20261008,202610,2026,2026.7616,USA,MONTANA,USA,,,,,,,,,,,,,,,,,,1,071,071,07,2,7.4,3,1,3,4.49438202247191,2,"Montana, United States",US,USMT,,46.9048,-110.326,MT,0,,,,,,,,2,"Montana, United States",US,USMT,,46.9048,-110.326,MT,20261008013000,https://nbcmontana.com/news/local/montana-receives-6m-for-home-visiting-programs
1326845803,20261008,202610,2026,2026.7616,USA,MICHIGAN,USA,,,,,,,,,,,,,,,,,,1,073,073,07,2,7.4,18,1,8,0,2,"Michigan, United States",US,USMI,,43.3504,-84.5603,MI,0,,,,,,,,2,"Michigan, United States",US,USMI,,43.3504,-84.5603,MI,20261008013000,https://midmichigannow.com/news/local/forgotten-souls-rescue-rehab-possible-shutdown-zoning-issue-animals-schoolcraft-township-planning-commission-board-west-michigan
1326845804,20261008,202610,2026,2026.7616,USA,UNITED STATES,USA,,,,,,,,,,,,,,,,,,1,080,080,08,2,5.0,8,1,8,4.94699646643109,2,"Minnesota, United States",US,USMN,,45.7326,-93.9196,MN,0,,,,,,,,2,"Minnesota, United States",US,USMN,,45.7326,-93.9196,MN,20261008013000,https://www.fox9.com/news/bair-hugger-warming-system-wins-2026-coolest-thing-made-minnesota
1326845805,20261008,202610,2026,2026.7616,USA,UNITED STATES,USA,,,,,,,,,,,,,,,,,,0,080,080,08,2,5.0,4,1,4,-10.8485499462943,2,"New York, United States",US,USNY,,42.1497,-74.9384,NY,0,,,,,,,,2,"New York, United States",US,USNY,,42.1497,-74.9384,NY,20261008013000,https://www.cbsnews.com/news/mamdani-criticized-by-democrats-oct-7-statement/
1326845806,20261008,202610,2026,2026.7616,USA,COLORADO,USA,,,,,,,,,,,,,,,,,,0,081,081,08,2,5.0,10,1,10,0.45454545454546,2,"Colorado, United States",US,USCO,,39.0646,-105.327,CO,0,,,,,,,,2,"California, United States",US,USCA,,36.17,-119.746,CA,20261008013000,https://www.mondaq.com:443/unitedstates/constitutional-administrative-law/1852382/cannabis-and-the-midterm-elections
1326845807,20261008,202610,2026,2026.7616,USA,AMERICAN,USA,,,,,,,,,,,,,,,,,,1,081,081,08,2,5.0,8,1,8,0.45454545454546,2,"Massachusetts, United States",US,USMA,,42.2373,-71.5314,MA,0,,,,,,,,2,"Massachusetts, United States",US,USMA,,42.2373,-71.5314,MA,20261008013000,https://www.mondaq.com:443/unitedstates/constitutional-administrative-law/1852382/cannabis-and-the-midterm-elections
1326845808,20261008,202610,2026,2026.7616,USA,UNITED STATES,USA,,,,,,,,,,,,,,,,,,1,084,084,08,2,7.0,4,1,4,2.54777070063694,3,"San Diego, California, United States",US,USCA,CA073,32.7153,-117.157,1661377,0,,,,,,,,3,"San Diego, California, United States",US,USCA,,32.7153,-117.157,1661377,20261008013000,https://wdsm710.com/2026/10/07/padres-closer-mason-miller-returns-from-paternity-list-for-game-4/
1326845809,20261008,202610,2026,2026.7616,USA,UNITED STATES,USA,,,,,,,,,,,,,,,,,,0,090,090,09,2,-2.0,4,1,4,-8.71559633027527,3,"El Paso County, Texas, United States",US,USTX,TX141,31.8001,-106.201,1383855,0,,,,,,,,3,"El Paso County, Texas, United States",US,USTX,,31.8001,-106.201,1383855,20261008013000,https://kvia.com/news/crime/2026/10/07/sheriffs-office-man-with-parole-violation-arrested-after-chase-into-desert/
1326845810,20261008,202610,2026,2026.7616,USA,UNITED STATES,USA,,,,,,,,,,,,,,,,,,1,090,090,09,2,-2.0,4,1,4,-7.32113144758736,3,"Colorado Springs, Colorado, United States",US,USCO,CO041,38.8339,-104.821,204797,0,,,,,,,,3,"Colorado Springs, Colorado, United States",US,USCO,,38.8339,-104.821,204797,20261008013000,https://krdo.com/news/13-investigations/2026/10/07/krdo13-investigates-colorado-springs-dentist-on-probation-dental-offices-not-routinely-inspected-for-infection-control/
1326845811,20261008,202610,2026,2026.7616,USA,LOS ANGELES,USA,,,,,,,,,,,,,,,,,,1,090,090,09,2,-2.0,10,1,10,-8.22942643391519,3,"Los Angeles County, California, United States",US,USCA,CA037,34.3667,-118.201,277283,0,,,,,,,,3,"Los Angeles County, California, United States",US,USCA,,34.3667,-118.201,277283,20261008013000,https://nypost.com/2026/10/07/us-news/infamous-fairfax-trash-house-buried-in-garbage-for-third-time/
1326845812,20261008,202610,2026,2026.7616,USA,UNITED STATES,USA,,,,,,,,,,,,,,,,,,1,090,090,09,2,-2.0,4,1,4,-3.65853658536586,3,"Fountain Run, Kentucky, United States",US,USKY,KY171,36.7189,-85.9657,492374,0,,,,,,,,3,"Fountain Run, Kentucky, United States",US,USKY,,36.7189,-85.9657,492374,20261008013000,https://www.wsmv.com/2026/10/07/2020-case-involving-death-7-year-old-kentucky-child-reclassified-homicide/
1326845813,20261008,202610,2026,2026.7616,USA,UNITED STATES,USA,,,,,,,,,,,,,,,,,,1,090,090,09,2,-2.0,4,1,4,-3.65853658536586,3,"Fountain Run, Kentucky, United States",US,USKY,KY171,36.7189,-85.9657,492374,0,,,,,,,,3,"Scottsville, Kentucky, United States",US,USKY,KY003,36.7534,-86.1905,503118,20261008013000,https://www.wsmv.com/2026/10/07/2020-case-involving-death-7-year-old-kentucky-child-reclassified-homicide/
1326845814,20261008,202610,2026,2026.7616,USA,UNITED STATES,USA,,,,,,,,,,,,,,,,,,1,090,090,09,2,-2.0,8,1,4,-3.65853658536586,3,"Scottsville, Kentucky, United States",US,USKY,KY003,36.7534,-86.1905,503118,0,,,,,,,,3,"Scottsville, Kentucky, United States",US,USKY,KY003,36.7534,-86.1905,503118,20261008013000,https://www.wsmv.com/2026/10/07/2020-case-involving-death-7-year-old-kentucky-child-reclassified-homicide/
1326845815,20261008,202610,2026,2026.7616,USA,UNITED STATES,USA,,,,,,,,,,,,,,,,,,0,090,090,09,2,-2.0,4,1,4,-5.03035559410234,3,"Bloomington, Minnesota, United States",US,USMN,MN053,44.8408,-93.2983,640278,0,,,,,,,,3,"Bloomington, Minnesota, United States",US,USMN,MN053,44.8408,-93.2983,640278,20261008013000,https://krdo.com/news/national-world/cnn-national/2026/10/07/federal-prosecutors-in-minnesota-charge-man-with-terrorism-after-they-say-he-planned-to-target-the-mall-of-america/
1326845816,20261008,202610,2026,2026.7616,USA,COLORADO,USA,,,,,,,,,,,,,,,,,,1,090,090,09,2,-2.0,5,1,5,-7.32113144758736,2,"Colorado, United States",US,USCO,,39.0646,-105.327,CO,0,,,,,,,,2,"Colorado, United States",US,USCO,,39.0646,-105.327,CO,20261008013000,https://krdo.com/news/13-investigations/2026/10/07/krdo13-investigates-colorado-springs-dentist-on-probation-dental-offices-not-routinely-inspected-for-infection-control/
1326845817,20261008,202610,2026,2026.7616,USA,UNITED STATES,USA,,,,,,,,,,,,,,,,,,1,100,100,10,3,-5.0,6,1,6,-10.3448275862069,3,"Sumter County, South Carolina, United States",US,USSC,SC085,33.8668,-80.3998,1244717,0,,,,,,,,3,"Sumter County, South Carolina, United States",US,USSC,,33.8668,-80.3998,1244717,20261008013000,https://wach.com/news/local/2026-10-07-man-arrested-in-sept8-sumter-county-burglary-case-pudding-swamp-road-herbert-mcdowell-jr-charged-first-degree-burglary-crime-investigation
1326845818,20261008,202610,2026,2026.7616,USA,UNITED STATES,USA,,,,,,,,,,,,,,,,,,1,100,100,10,3,-5.0,2,1,2,-10.3448275862069,3,"Florence County, South Carolina, United States",US,USSC,SC041,34.0502,-79.6665,1248001,0,,,,,,,,3,"Sumter County, South Carolina, United States",US,USSC,,33.8668,-80.3998,1244717,20261008013000,https://wach.com/news/local/2026-10-07-man-arrested-in-sept8-sumter-county-burglary-case-pudding-swamp-road-herbert-mcdowell-jr-charged-first-degree-burglary-crime-investigation
1326845819,20261008,202610,2026,2026.7616,USA,KENTUCKY,USA,,,,,,,,,,,,,,,,,,1,100,100,10,3,-5.0,20,2,20,-3.33333333333333,1,Iran,IR,IR,,32,53,IR,0,,,,,,,,1,Iran,IR,IR,,32,53,IR,20261008013000,https://www.wsmv.com/2026/10/07/beshear-issues-order-lower-diesel-prices-critical-kentucky-sectors/
1326845820,20261008,202610,2026,2026.7616,USA,NEW YORK,USA,,,,,,,,,,,,,,,,,,0,1014,101,10,3,-5.0,10,1,10,-6.1046511627907,2,"New York, United States",US,USNY,,42.1497,-74.9384,NY,0,,,,,,,,2,"New York, United States",US,USNY,,42.1497,-74.9384,NY,20261008013000,https://www.tmz.com/2026/10/07/gillio-lopes-wants-letitia-james-removed-from-cornell-investigation/
1326845821,20261008,202610,2026,2026.7616,USA,ARKANSAS,USA,,,,,,,,,,,,,,,,,,1,110,110,11,3,-2.0,7,1,7,-5.01792114695341,2,"Arkansas, United States",US,USAR,,34.9513,-92.3809,AR,0,,,,,,,,2,"Arkansas, United States",US,USAR,,34.9513,-92.3809,AR,20261008013000,https://www.blackenterprise.com/white-welfare-recipient-arkansas-political-ad/
1326845822,20261008,202610,2026,2026.7616,USA,UNITED STATES,USA,,,,,,,,,,,,,,,,,,0,110,110,11,3,-2.0,4,1,4,-5.03035559410234,2,"Minnesota, United States",US,USMN,,45.7326,-93.9196,MN,0,,,,,,,,2,"Minnesota, United States",US,USMN,,45.7326,-93.9196,MN,20261008013000,https://krdo.com/news/national-world/cnn-national/2026/10/07/federal-prosecutors-in-minnesota-charge-man-with-terrorism-after-they-say-he-planned-to-target-the-mall-of-america/
1326845823,20261008,202610,2026,2026.7616,USA,UNITED STATES,USA,,,,,,,,,,,,,,,,,,1,111,111,11,3,-2.0,2,1,2,-5.01792114695341,2,"Arkansas, United States",US,USAR,,34.9513,-92.3809,AR,0,,,,,,,,2,"Arkansas, United States",US,USAR,,34.9513,-92.3809,AR,20261008013000,https://www.blackenterprise.com/white-welfare-recipient-arkansas-political-ad/
1326845824,20261008,202610,2026,2026.7616,USA,UNITED STATES,USA,,,,,,,,,,,,,,,,,,0,112,112,11,3,-2.0,4,1,4,-6.47208121827412,2,"New York, United States",US,USNY,,42.1497,-74.9384,NY,0,,,,,,,,2,"New York, United States",US,USNY,,42.1497,-74.9384,NY,20261008013000,https://www.dailymail.com/crime-desk/article-16184749/jonathan-mckinsey-candice-jang-murder-dublin-california.html
1326845825,20261008,202610,2026,2026.7616,USA,UNITED STATES,USA,,,,,,,,,,,,,,,,,,1,1123,112,11,3,-2.0,1,1,1,-6.75105485232068,2,"Massachusetts, United States",US,USMA,,42.2373,-71.5314,MA,0,,,,,,,,2,"Massachusetts, United States",US,USMA,,42.2373,-71.5314,MA,20261008013000,https://www.dailymail.com/news/article-16191435/Mom-two-allegedly-stabbed-husband-head-turned-knife-young-children-postpartum-snap-case-chilling-Lindsay-Clancy-echoes.html
1326845826,20261008,202610,2026,2026.7616,USA,UNITED STATES,USA,,,,,,,,,,,,,,,,,,1,1123,112,11,3,-2.0,1,1,1,-6.75105485232068,2,"Texas, United States",US,USTX,,31.106,-97.6475,TX,0,,,,,,,,2,"Texas, United States",US,USTX,,31.106,-97.6475,TX,20261008013000,https://www.dailymail.com/news/article-16191435/Mom-two-allegedly-stabbed-husband-head-turned-knife-young-children-postpartum-snap-case-chilling-Lindsay-Clancy-echoes.html
1326845827,20261008,202610,2026,2026.7616,USA,UNITED STATES,USA,,,,,,,,,,,,,,,,,,1,115,115,11,3,-2.0,4,1,4,-2.04081632653061,3,"Lincoln University, Missouri, United States",US,USMO,MO051,38.5645,-92.1699,721093,0,,,,,,,,3,"Lincoln University, Missouri, United States",US,USMO,,38.5645,-92.1699,721093,20261008013000,https://www.kbia.org/missouri-news-network/2026-10-07/lincoln-university-students-and-alumni-sue-missouri-alleging-unequal-funding
1326845828,20261008,202610,2026,2026.7616,USA,UNITED STATES,USA,,,,,,,,,,,,,,,,,,0,120,120,12,3,-4.0,4,1,4,-4.76190476190476,3,"Cumberland County, New Jersey, United States",US,USNJ,NJ011,39.3501,-75.083,882275,0,,,,,,,,3,"Cumberland County, New Jersey, United States",US,USNJ,,39.3501,-75.083,882275,20261008013000,https://www.sunjournal.com/2026/10/07/democrat-files-ethics-complaint-against-susan-collins-over-alleged-pay-to-play-scheme/
1326845829,20261008,202610,2026,2026.7616,USA,UNITED STATES,USA,,,,,,,,,,,,,,,,,,0,120,120,12,3,-4.0,4,1,4,-6.47208121827412,2,"New York, United States",US,USNY,,42.1497,-74.9384,NY,0,,,,,,,,2,"New York, United States",US,USNY,,42.1497,-74.9384,NY,20261008013000,https://www.dailymail.com/crime-desk/article-16184749/jonathan-mckinsey-candice-jang-murder-dublin-california.html
1326845830,20261008,202610,2026,2026.7616,USA,MICHIGAN,USA,,,,,,,,,,,,,,,,,,1,130,130,13,3,-4.4,10,1,10,-3.19148936170212,2,"Michigan, United States",US,USMI,,43.3504,-84.5603,MI,0,,,,,,,,2,"Michigan, United States",US,USMI,,43.3504,-84.5603,MI,20261008013000,https://midmichigannow.com/news/local/michigan-dnr-issues-warning-about-invasive-red-swamp-crawfish-carcasses-pond-cass-county-niles-common-popular-boils-spots-investigate-bucket-michigan
1326845831,20261008,202610,2026,2026.7616,USA,UNITED STATES,USA,,,,,,,,,,,,,,,,,,0,172,172,17,4,-5.0,2,1,2,0.95759233926129,3,"Mankato, Minnesota, United States",US,USMN,MN013,44.1636,-93.9994,647438,0,,,,,,,,3,"Mankato, Minnesota, United States",US,USMN,MN013,44.1636,-93.9994,647438,20261008013000,https://www.mankatofreepress.com/news/local_news/owner-of-closed-blue-bricks-bar-sells-dt-landmark/article_fe4fe2f9-7da6-407c-be27-6a2c52f73cdc.html
1326845832,20261008,202610,2026,2026.7616,USA,UNITED STATES,USA,,,,,,,,,,,,,,,,,,1,173,173,17,4,-5.0,4,1,4,-6.49214659685864,3,"Blanchester, Ohio, United States",US,USOH,OH027,39.2931,-83.9888,1038105,0,,,,,,,,3,"Blanchester, Ohio, United States",US,USOH,OH027,39.2931,-83.9888,1038105,20261008013000,https://www.fox19.com/2026/10/07/vincent-doan-denies-key-trial-claims-says-convicted-killer-confessed-culberson-case/
1326845833,20261008,202610,2026,2026.7616,USA,UNITED STATES,USA,,,,,,,,,,,,,,,,,,1,173,173,17,4,-5.0,4,1,4,-6.49214659685864,3,"Blanchester, Ohio, United States",US,USOH,OH027,39.2931,-83.9888,1038105,0,,,,,,,,2,"Ohio, United States",US,USOH,,40.3736,-82.7755,OH,20261008013000,https://www.fox19.com/2026/10/07/vincent-doan-denies-key-trial-claims-says-convicted-killer-confessed-culberson-case/
1326845834,20261008,202610,2026,2026.7616,USA,OHIO,USA,,,,,,,,,,,,,,,,,,1,173,173,17,4,-5.0,5,1,5,-6.49214659685864,3,"Clinton County, Ohio, United States",US,USOH,OH027,39.4001,-83.8166,1074026,0,,,,,,,,3,"Clinton County, Ohio, United States",US,USOH,,39.4001,-83.8166,1074026,20261008013000,https://www.fox19.com/2026/10/07/vincent-doan-denies-key-trial-claims-says-convicted-killer-confessed-culberson-case/
1326845835,20261008,202610,2026,2026.7616,USA,UNITED STATES,USA,,,,,,,,,,,,,,,,,,0,173,173,17,4,-5.0,4,1,4,-6.57334144856969,3,"Riverbend, Tennessee, United States",US,USTN,TN093,35.8954,-83.9763,1312367,0,,,,,,,,3,"Riverbend, Tennessee, United States",US,USTN,TN093,35.8954,-83.9763,1312367,20261008013000,https://www.dailymail.com/crime-desk/article-16190497/christa-pike-family-speak-execution-tennessee.html
1326845836,20261008,202610,2026,2026.7616,USA,LOUISIANA,USA,,,,,,,,,,,,,,,,,,0,173,173,17,4,-5.0,8,1,8,-5.2384675527756,2,"Louisiana, United States",US,USLA,,31.1801,-91.8749,LA,0,,,,,,,,2,"Louisiana, United States",US,USLA,,31.1801,-91.8749,LA,20261008013000,https://www.irishdentist.ie/christa-pike-the-first-survivor-of-lethal-injection-drugs-in-the-usa-she-has-awakened-and-is-speaking/22689/
1326845837,20261008,202610,2026,2026.7616,USA,UNITED STATES,USA,,,,,,,,,,,,,,,,,,0,173,173,17,4,-5.0,2,1,2,-6.74157303370786,2,"Tennessee, United States",US,USTN,,35.7449,-86.7489,TN,0,,,,,,,,3,"Travis County, Texas, United States",US,USTX,,30.3335,-97.8003,1384012,20261008013000,https://kvia.com/news/crime/2026/10/07/texas-execution-would-be-first-in-u-s-since-tennessee-failure/
1326845838,20261008,202610,2026,2026.7616,USA,UNITED STATES,USA,,,,,,,,,,,,,,,,,,0,174,174,17,4,-5.0,2,1,2,-9.86301369863012,3,"San Diego, California, United States",US,USCA,CA073,32.7153,-117.157,1661377,0,,,,,,,,3,"San Diego, California, United States",US,USCA,,32.7153,-117.157,1661377,20261008013000,https://timesofsandiego.com/crime/2026/10/07/miss-b-troy-williams-false-identity-us-marshall/
1326845839,20261008,202610,2026,2026.7616,USA,UNITED STATES,USA,,,,,,,,,,,,,,,,,,0,174,174,17,4,-5.0,2,1,2,-9.86301369863012,3,"San Diego, California, United States",US,USCA,CA073,32.7153,-117.157,1661377,0,,,,,,,,2,"Iowa, United States",US,USIA,,42.0046,-93.214,IA,20261008013000,https://timesofsandiego.com/crime/2026/10/07/miss-b-troy-williams-false-identity-us-marshall/
1326845840,20261008,202610,2026,2026.7616,USA,UNITED STATES,USA,,,,,,,,,,,,,,,,,,1,180,180,18,4,-9.0,2,1,2,-4.88599348534202,3,"Maricopa County, Arizona, United States",US,USAZ,AZ013,33.5,-112.501,37026,0,,,,,,,,3,"Maricopa County, Arizona, United States",US,USAZ,,33.5,-112.501,37026,20261008013000,https://www.tmz.com/2026/10/07/bernadette-greene-placentia-says-she-was-raped/
1326845841,20261008,202610,2026,2026.7616,USA,UNITED STATES,USA,,,,,,,,,,,,,,,,,,0,180,180,18,4,-9.0,4,1,4,-9.62962962962967,3,"Boone County, Missouri, United States",US,USMO,MO019,39.0334,-92.3335,758464,0,,,,,,,,3,"Boone County, Missouri, United States",US,USMO,,39.0334,-92.3335,758464,20261008013000,https://abc17news.com/news/boone/2026/10/07/murder-trial-begins-for-sturgeon-man-accused-of-killing-his-father/
1326845842,20261008,202610,2026,2026.7616,USA,ARIZONA,USA,,,,,,,,,,,,,,,,,,1,180,180,18,4,-9.0,1,1,1,-4.88599348534202,2,"Arizona, United States",US,USAZ,,33.7712,-111.388,AZ,0,,,,,,,,3,"Phoenix, Arizona, United States",US,USAZ,AZ013,33.4484,-112.074,44784,20261008013000,https://www.tmz.com/2026/10/07/bernadette-greene-placentia-says-she-was-raped/
1326845843,20261008,202610,2026,2026.7616,USA,TENNESSEE,USA,,,,,,,,,,,,,,,,,,1,180,180,18,4,-9.0,14,2,14,-9.02095469959132,2,"Tennessee, United States",US,USTN,,35.7449,-86.7489,TN,0,,,,,,,,2,"Tennessee, United States",US,USTN,,35.7449,-86.7489,TN,20261008013000,https://www.wsmv.com/2026/10/07/should-tennessee-judges-be-allowed-deny-bail-heres-what-know-before-you-vote-it/
1326845844,20261008,202610,2026,2026.7616,USA,UNITED STATES,USA,,,,,,,,,,,,,,,,,,1,182,182,18,4,-9.5,2,1,2,-9.86301369863012,3,"San Diego, California, United States",US,USCA,CA073,32.7153,-117.157,1661377,0,,,,,,,,3,"San Diego, California, United States",US,USCA,,32.7153,-117.157,1661377,20261008013000,https://timesofsandiego.com/crime/2026/10/07/miss-b-troy-williams-false-identity-us-marshall/
1326845845,20261008,202610,2026,2026.7616,USA,UNITED STATES,USA,,,,,,,,,,,,,,,,,,1,182,182,18,4,-9.5,2,1,2,-9.86301369863012,3,"San Diego, California, United States",US,USCA,CA073,32.7153,-117.157,1661377,0,,,,,,,,2,"New York, United States",US,USNY,,42.1497,-74.9384,NY,20261008013000,https://timesofsandiego.com/crime/2026/10/07/miss-b-troy-williams-false-identity-us-marshall/
1326845846,20261008,202610,2026,2026.7616,USA,UNITED STATES,USA,,,,,,,,,,,,,,,,,,0,186,186,18,4,-10.0,2,1,2,-10.8485499462943,2,"New York, United States",US,USNY,,42.1497,-74.9384,NY,0,,,,,,,,4,"Gaza, Israel (general), Israel",IS,IS00,18315,31.4167,34.3333,-797156,20261008013000,https://www.cbsnews.com/news/mamdani-criticized-by-democrats-oct-7-statement/
1326845847,20261008,202610,2026,2026.7616,USA,UNITED STATES,USA,,,,,,,,,,,,,,,,,,0,186,186,18,4,-10.0,2,1,2,-10.8485499462943,2,"New York, United States",US,USNY,,42.1497,-74.9384,NY,0,,,,,,,,2,"New York, United States",US,USNY,,42.1497,-74.9384,NY,20261008013000,https://www.cbsnews.com/news/mamdani-criticized-by-democrats-oct-7-statement/
1326845848,20261008,202610,2026,2026.7616,USA,UNITED STATES,USA,,,,,,,,,,,,,,,,,,1,190,190,19,4,-10.0,4,1,4,-6.49214659685864,3,"Blanchester, Ohio, United States",US,USOH,OH027,39.2931,-83.9888,1038105,0,,,,,,,,3,"Blanchester, Ohio, United States",US,USOH,OH027,39.2931,-83.9888,1038105,20261008013000,https://www.fox19.com/2026/10/07/vincent-doan-denies-key-trial-claims-says-convicted-killer-confessed-culberson-case/
1326845849,20261008,202610,2026,2026.7616,USA,HOUSTON,USA,,,,,,,,,,,,,,,,,,1,190,190,19,4,-10.0,10,1,10,-10.8974358974359,3,"Houston, Texas, United States",US,USTX,TX201,29.7633,-95.3633,1380948,0,,,,,,,,3,"Houston, Texas, United States",US,USTX,TX201,29.7633,-95.3633,1380948,20261008013000,https://abc17news.com/news/crime/2026/10/07/victim-in-callaway-county-hotel-homicide-case-named-by-sheriffs-office/
1326845850,20261008,202610,2026,2026.7616,USA,UNITED STATES,USA,,,,,,,,,,,,,,,,,,1,190,190,19,4,-10.0,2,1,2,-6.75105485232068,3,"Northlake, Texas, United States",US,USTX,TX121,33.1273,-97.2656,1388593,0,,,,,,,,3,"Northlake, Texas, United States",US,USTX,TX121,33.1273,-97.2656,1388593,20261008013000,https://www.dailymail.com/news/article-16191435/Mom-two-allegedly-stabbed-husband-head-turned-knife-young-children-postpartum-snap-case-chilling-Lindsay-Clancy-echoes.html
1326845851,20261008,202610,2026,2026.7616,USA,UNITED STATES,USA,,,,,,,,,,,,,,,,,,1,190,190,19,4,-10.0,2,1,2,-4.54545454545454,3,"Los Angeles, California, United States",US,USCA,CA037,34.0522,-118.244,1662328,0,,,,,,,,3,"Los Angeles, California, United States",US,USCA,,34.0522,-118.244,1662328,20261008013000,https://www.tmz.com/2026/10/07/halle-berry-completes-parenting-program/
1326845852,20261008,202610,2026,2026.7616,USA,UNITED STATES,USA,,,,,,,,,,,,,,,,,,1,190,190,19,4,-10.0,2,1,2,-8.26558265582656,3,"Cook County, Illinois, United States",US,USIL,IL031,41.8334,-87.8501,1784766,0,,,,,,,,3,"Cook County, Illinois, United States",US,USIL,,41.8334,-87.8501,1784766,20261008013000,https://abc7chicago.com/post/felicia-hirn-accused-killing-3-year-old-son-leland-chipoco-1-boys-death-chicago/19919207/
1326845853,20261008,202610,2026,2026.7616,USA,UNITED STATES,USA,,,,,,,,,,,,,,,,,,1,190,190,19,4,-10.0,2,1,2,-8.26558265582656,3,"Chicago, Illinois, United States",US,USIL,IL031,41.85,-87.6501,423587,0,,,,,,,,3,"Chicago, Illinois, United States",US,USIL,IL031,41.85,-87.6501,423587,20261008013000,https://abc7chicago.com/post/felicia-hirn-accused-killing-3-year-old-son-leland-chipoco-1-boys-death-chicago/19919207/
1326845854,20261008,202610,2026,2026.7616,USA,UNITED STATES,USA,,,,,,,,,,,,,,,,,,1,190,190,19,4,-10.0,2,1,2,-11.764705882353,3,"Libuse, Louisiana, United States",US,USLA,LA079,31.3541,-92.3335,536431,0,,,,,,,,2,"Louisiana, United States",US,USLA,,31.1801,-91.8749,LA,20261008013000,https://www.kalb.com/2026/10/07/review-laquarus-augustines-criminal-case-denied-by-louisiana-supreme-court/
1326845855,20261008,202610,2026,2026.7616,USA,MISSOURI,USA,,,,,,,,,,,,,,,,,,0,190,190,19,4,-10.0,2,1,2,-9.62962962962967,3,"Boone County, Missouri, United States",US,USMO,MO019,39.0334,-92.3335,758464,0,,,,,,,,3,"Boone County, Missouri, United States",US,USMO,,39.0334,-92.3335,758464,20261008013000,https://abc17news.com/news/boone/2026/10/07/murder-trial-begins-for-sturgeon-man-accused-of-killing-his-father/
1326845856,20261008,202610,2026,2026.7616,USA,UNITED STATES,USA,,,,,,,,,,,,,,,,,,1,190,190,19,4,-10.0,1,1,1,-6.75105485232068,2,"Massachusetts, United States",US,USMA,,42.2373,-71.5314,MA,0,,,,,,,,2,"Massachusetts, United States",US,USMA,,42.2373,-71.5314,MA,20261008013000,https://www.dailymail.com/news/article-16191435/Mom-two-allegedly-stabbed-husband-head-turned-knife-young-children-postpartum-snap-case-chilling-Lindsay-Clancy-echoes.html
1326845857,20261008,202610,2026,2026.7616,USA,MISSOURI,USA,,,,,,,,,,,,,,,,,,0,190,190,19,4,-10.0,2,1,2,-9.62962962962967,2,"Missouri, United States",US,USMO,,38.4623,-92.302,MO,0,,,,,,,,3,"Boone County, Missouri, United States",US,USMO,,39.0334,-92.3335,758464,20261008013000,https://abc17news.com/news/boone/2026/10/07/murder-trial-begins-for-sturgeon-man-accused-of-killing-his-father/
1326845858,20261008,202610,2026,2026.7616,USA,MISSOURI,USA,,,,,,,,,,,,,,,,,,0,190,190,19,4,-10.0,6,1,6,-9.62962962962967,2,"Missouri, United States",US,USMO,,38.4623,-92.302,MO,0,,,,,,,,2,"Missouri, United States",US,USMO,,38.4623,-92.302,MO,20261008013000,https://abc17news.com/news/boone/2026/10/07/murder-trial-begins-for-sturgeon-man-accused-of-killing-his-father/
1326845859,20261008,202610,2026,2026.7616,USA,UNITED STATES,USA,,,,,,,,,,,,,,,,,,0,190,190,19,4,-10.0,7,1,4,-6.47208121827412,2,"New York, United States",US,USNY,,42.1497,-74.9384,NY,0,,,,,,,,2,"New York, United States",US,USNY,,42.1497,-74.9384,NY,20261008013000,https://www.dailymail.com/crime-desk/article-16184749/jonathan-mckinsey-candice-jang-murder-dublin-california.html
1326845860,20261008,202610,2026,2026.7616,USA,UNITED STATES,USA,,,,,,,,,,,,,,,,,,1,193,193,19,4,-10.0,2,1,2,-11.764705882353,3,"Libuse, Louisiana, United States",US,USLA,LA079,31.3541,-92.3335,536431,0,,,,,,,,3,"Libuse, Louisiana, United States",US,USLA,LA079,31.3541,-92.3335,536431,20261008013000,https://www.kalb.com/2026/10/07/review-laquarus-augustines-criminal-case-denied-by-louisiana-supreme-court/
1326845861,20261008,202610,2026,2026.7616,USA,UNITED STATES,USA,,,,,,,,,,,,,,,,,,1,193,193,19,4,-10.0,6,1,6,-6.70859538784067,3,"Cass Lake, Minnesota, United States",US,USMN,MN021,47.3794,-94.6041,655663,0,,,,,,,,3,"Cass Lake, Minnesota, United States",US,USMN,,47.3794,-94.6041,655663,20261008013000,https://www.fox9.com/news/cass-county-shooting-teen-death-oct-7-2026
1326845862,20261008,202610,2026,2026.7616,USA,UNITED STATES,USA,,,,,,,,,,,,,,,,,,1,193,193,19,4,-10.0,2,1,2,-6.70859538784067,3,"Cass County, Minnesota, United States",US,USMN,MN021,46.9166,-94.2836,659456,0,,,,,,,,3,"Cass County, Minnesota, United States",US,USMN,,46.9166,-94.2836,659456,20261008013000,https://www.fox9.com/news/cass-county-shooting-teen-death-oct-7-2026
1326845863,20261008,202610,2026,2026.7616,USA,UNITED STATES,USA,,,,,,,,,,,,,,,,,,0,193,193,19,4,-10.0,2,1,2,-9.62962962962967,3,"Boone County, Missouri, United States",US,USMO,MO019,39.0334,-92.3335,758464,0,,,,,,,,3,"Boone County, Missouri, United States",US,USMO,,39.0334,-92.3335,758464,20261008013000,https://abc17news.com/news/boone/2026/10/07/murder-trial-begins-for-sturgeon-man-accused-of-killing-his-father/
1326845864,20261008,202610,2026,2026.7616,USA,NEW YORK,USA,,,,,,,,,,,,,,,,,,1,193,193,19,4,-10.0,6,1,6,-6.47208121827412,1,China,CH,CH,,35,105,CH,0,,,,,,,,1,China,CH,CH,,35,105,CH,20261008013000,https://www.dailymail.com/crime-desk/article-16184749/jonathan-mckinsey-candice-jang-murder-dublin-california.html
1326845865,20261008,202610,2026,2026.7616,USA,IOWA,USA,,,,,,,,,,,,,,,,,,1,193,193,19,4,-10.0,3,1,3,-17.032967032967,2,"Iowa, United States",US,USIA,,42.0046,-93.214,IA,0,,,,,,,,2,"Iowa, United States",US,USIA,,42.0046,-93.214,IA,20261008013000,https://kesq.com/news/california/2026/10/07/san-diego-chef-arrested-allegedly-on-the-run-for-14-years-in-iowa-kidnapping/
1326845866,20261008,202610,2026,2026.7616,USA,UNITED STATES,USA,,,,,,,,,,,,,,,,,,1,193,193,19,4,-10.0,2,1,2,-6.47208121827412,2,"New York, United States",US,USNY,,42.1497,-74.9384,NY,0,,,,,,,,1,China,CH,CH,,35,105,CH,20261008013000,https://www.dailymail.com/crime-desk/article-16184749/jonathan-mckinsey-candice-jang-murder-dublin-california.html
1326845867,20261008,202610,2026,2026.7616,USA,UNITED STATES,USA,,,,,,,,,,,,,,,,,,1,193,193,19,4,-10.0,6,1,4,-6.47208121827412,2,"New York, United States",US,USNY,,42.1497,-74.9384,NY,0,,,,,,,,2,"New York, United States",US,USNY,,42.1497,-74.9384,NY,20261008013000,https://www.dailymail.com/crime-desk/article-16184749/jonathan-mckinsey-candice-jang-murder-dublin-california.html
1326845868,20261008,202610,2026,2026.7616,USA,UNITED STATES,USA,,,,,,,,BUS,INDUSTRY,,,,,,BUS,,,0,010,010,01,1,0.0,2,1,2,0.45454545454546,2,"Iowa, United States",US,USIA,,42.0046,-93.214,IA,2,"Iowa, United States",US,USIA,,42.0046,-93.214,IA,2,"Iowa, United States",US,USIA,,42.0046,-93.214,IA,20261008013000,https://www.mondaq.com:443/unitedstates/constitutional-administrative-law/1852382/cannabis-and-the-midterm-elections
1326845869,20261008,202610,2026,2026.7616,USA,UNITED STATES,USA,,,,,,,,BUS,BUSINESS,,,,,,BUS,,,0,013,013,01,1,0.4,4,1,4,2.00210748155954,2,"California, United States",US,USCA,,36.17,-119.746,CA,2,"California, United States",US,USCA,,36.17,-119.746,CA,2,"California, United States",US,USCA,,36.17,-119.746,CA,20261008013000,https://midmichigannow.com/news/local/makin-bacon-owner-looking-to-sell-business-keep-local-favorite-going
1326845870,20261008,202610,2026,2026.7616,USA,UNITED STATES,USA,,,,,,,,BUS,INDUSTRY,,,,,,BUS,,,0,020,020,02,1,3.0,2,1,2,0.45454545454546,2,"Iowa, United States",US,USIA,,42.0046,-93.214,IA,2,"Iowa, United States",US,USIA,,42.0046,-93.214,IA,2,"Iowa, United States",US,USIA,,42.0046,-93.214,IA,20261008013000,https://www.mondaq.com:443/unitedstates/constitutional-administrative-law/1852382/cannabis-and-the-midterm-elections
1326845871,20261008,202610,2026,2026.7616,USA,ARIZONA,USA,,,,,,,,BUS,COMPANIES,,,,,,BUS,,,1,051,051,05,1,3.4,4,1,4,13.1578947368421,2,"Arizona, United States",US,USAZ,,33.7712,-111.388,AZ,3,"Phoenix, Arizona, United States",US,USAZ,AZ013,33.4484,-112.074,44784,3,"Phoenix, Arizona, United States",US,USAZ,AZ013,33.4484,-112.074,44784,20261008013000,https://azbigmedia.com/business/most-admired-companies-of-2026/most-admired-companies-of-2026-willmeng-construction/
1326845872,20261008,202610,2026,2026.7616,USA,UNITED STATES,USA,,,,,,,,BUS,COMPANIES,,,,,,BUS,,,1,051,051,05,1,3.4,1,1,1,13.1578947368421,2,"Arizona, United States",US,USAZ,,33.7712,-111.388,AZ,2,"Arizona, United States",US,USAZ,,33.7712,-111.388,AZ,3,"Phoenix, Arizona, United States",US,USAZ,AZ013,33.4484,-112.074,44784,20261008013000,https://azbigmedia.com/business/most-admired-companies-of-2026/most-admired-companies-of-2026-willmeng-construction/
1326845873,20261008,202610,2026,2026.7616,USA,ARIZONA,USA,,,,,,,,BUS,COMPANIES,,,,,,BUS,,,1,051,051,05,1,3.4,10,1,10,13.1578947368421,2,"Arizona, United States",US,USAZ,,33.7712,-111.388,AZ,2,"Arizona, United States",US,USAZ,,33.7712,-111.388,AZ,2,"Arizona, United States",US,USAZ,,33.7712,-111.388,AZ,20261008013000,https://azbigmedia.com/business/most-admired-companies-of-2026/most-admired-companies-of-2026-willmeng-construction/
1326845874,20261008,202610,2026,2026.7616,USA,UNITED STATES,USA,,,,,,,,BUS,BUSINESS,,,,,,BUS,,,0,051,051,05,1,3.4,4,1,4,2.00210748155954,2,"California, United States",US,USCA,,36.17,-119.746,CA,2,"California, United States",US,USCA,,36.17,-119.746,CA,2,"California, United States",US,USCA,,36.17,-119.746,CA,20261008013000,https://midmichigannow.com/news/local/makin-bacon-owner-looking-to-sell-business-keep-local-favorite-going
1326845875,20261008,202610,2026,2026.7616,USA,FLORIDA,USA,,,,,,,,BUS,COMPANY,,,,,,BUS,,,1,112,112,11,3,-2.0,10,1,10,-3.11004784688995,2,"Florida, United States",US,USFL,,27.8333,-81.717,FL,2,"Florida, United States",US,USFL,,27.8333,-81.717,FL,2,"Florida, United States",US,USFL,,27.8333,-81.717,FL,20261008013000,https://www.rnz.co.nz/news/world/1791103/florida-asks-court-to-force-meta-to-change-facebook-instagram-for-teens
1326845876,20261008,202610,2026,2026.7616,USA,UNITED STATES,USA,,,,,,,,BUS,DEFENSE CONTRACTOR,,,,,,BUS,,,1,114,114,11,3,-2.0,4,1,4,-4.76190476190476,3,"University Of Maine, Maine, United States",US,USME,ME019,44.8992,-68.6692,577565,3,"University Of Maine, Maine, United States",US,USME,,44.8992,-68.6692,577565,3,"University Of Maine, Maine, United States",US,USME,,44.8992,-68.6692,577565,20261008013000,https://www.sunjournal.com/2026/10/07/democrat-files-ethics-complaint-against-susan-collins-over-alleged-pay-to-play-scheme/
1326845877,20261008,202610,2026,2026.7616,USA,UNITED STATES,USA,,,,,,,,BUS,DEFENSE CONTRACTOR,,,,,,BUS,,,1,114,114,11,3,-2.0,2,1,2,-4.76190476190476,3,"University Of Maine, Maine, United States",US,USME,ME019,44.8992,-68.6692,577565,2,"Hawaii, United States",US,USHI,,21.1098,-157.531,HI,3,"Cumberland County, New Jersey, United States",US,USNJ,,39.3501,-75.083,882275,20261008013000,https://www.sunjournal.com/2026/10/07/democrat-files-ethics-complaint-against-susan-collins-over-alleged-pay-to-play-scheme/
1326845878,20261008,202610,2026,2026.7616,USA,UNITED STATES,USA,,,,,,,,BUS,DEFENSE CONTRACTOR,,,,,,BUS,,,1,114,114,11,3,-2.0,2,1,2,-4.76190476190476,3,"Cumberland County, New Jersey, United States",US,USNJ,NJ011,39.3501,-75.083,882275,2,"Hawaii, United States",US,USHI,,21.1098,-157.531,HI,3,"Cumberland County, New Jersey, United States",US,USNJ,,39.3501,-75.083,882275,20261008013000,https://www.sunjournal.com/2026/10/07/democrat-files-ethics-complaint-against-susan-collins-over-alleged-pay-to-play-scheme/
1326845879,20261008,202610,2026,2026.7616,USA,FLORIDA,USA,,,,,,,,BUSCVL,COMPANY,,,,,,BUS,CVL,,1,040,040,04,1,1.0,9,1,9,-3.11004784688995,2,"Florida, United States",US,USFL,,27.8333,-81.717,FL,2,"Florida, United States",US,USFL,,27.8333,-81.717,FL,2,"Florida, United States",US,USFL,,27.8333,-81.717,FL,20261008013000,https://www.rnz.co.nz/news/world/1791103/florida-asks-court-to-force-meta-to-change-facebook-instagram-for-teens
1326845880,20261008,202610,2026,2026.7616,USA,DETROIT,USA,,,,,,,,CAN,CANADA,CAN,,,,,,,,0,190,190,19,4,-10.0,6,1,4,0.59101654846336,4,"Ottawa, Ontario, Canada",CA,CA08,12755,45.4167,-75.7,-570760,4,"Ottawa, Ontario, Canada",CA,CA08,12755,45.4167,-75.7,-570760,4,"Ottawa, Ontario, Canada",CA,CA08,12755,45.4167,-75.7,-570760,20261008013000,https://ottawacitizen.com/news/local-news/news-of-the-day-ottawa-study-reverses-autism-symptoms-in-mice-first-step-to-developing-drug-treatment
1326845881,20261008,202610,2026,2026.7616,USA,DETROIT,USA,,,,,,,,CANLEG,OTTAWA,CAN,,,,,LEG,,,0,190,190,19,4,-10.0,12,1,6,0.59101654846336,4,"Ottawa, Ontario, Canada",CA,CA08,12755,45.4167,-75.7,-570760,4,"Ottawa, Ontario, Canada",CA,CA08,12755,45.4167,-75.7,-570760,4,"Ottawa, Ontario, Canada",CA,CA08,12755,45.4167,-75.7,-570760,20261008013000,https://ottawacitizen.com/news/local-news/news-of-the-day-ottawa-study-reverses-autism-symptoms-in-mice-first-step-to-developing-drug-treatment
1326845882,20261008,202610,2026,2026.7616,USA,A US,USA,,,,,,,,CHN,CHINA,CHN,,,,,,,,1,111,111,11,3,-2.0,10,1,10,2.02247191011236,1,China,CH,CH,,35,105,CH,1,China,CH,CH,,35,105,CH,1,China,CH,CH,,35,105,CH,20261008013000,https://www.livemint.com/companies/lava-optiemus-among-firms-eyeing-smartphone-brand-incentives-11791367724039.html
1326845883,20261008,202610,2026,2026.7616,USA,UNITED STATES,USA,,,,,,,,COP,POLICE,,,,,,COP,,,0,050,050,05,1,3.5,4,1,4,-1.24610591900311,2,"Arkansas, United States",US,USAR,,34.9513,-92.3809,AR,2,"Arkansas, United States",US,USAR,,34.9513,-92.3809,AR,2,"Arkansas, United States",US,USAR,,34.9513,-92.3809,AR,20261008013000,https://www.4029tv.com/article/arkansas-child-abuse-report-audit/74070012
1326845884,20261008,202610,2026,2026.7616,USA,UNITED STATES,USA,,,,,,,,COP,PRISON,,,,,,COP,,,0,173,173,17,4,-5.0,4,1,4,-6.57334144856969,2,"Tennessee, United States",US,USTN,,35.7449,-86.7489,TN,2,"Tennessee, United States",US,USTN,,35.7449,-86.7489,TN,2,"Tennessee, United States",US,USTN,,35.7449,-86.7489,TN,20261008013000,https://www.dailymail.com/crime-desk/article-16190497/christa-pike-family-speak-execution-tennessee.html
1326845885,20261008,202610,2026,2026.7616,USA,MINNEAPOLIS,USA,,,,,,,,COP,POLICE,,,,,,COP,,,0,190,190,19,4,-10.0,10,1,10,-14.0877598152425,0,,,,,,,,0,,,,,,,,0,,,,,,,,20261008013000,https://www.fox9.com/news/suspected-reign-gunman-accused-opening-fire-retaliation-boyfriends-shooting
1326845886,20261008,202610,2026,2026.7616,USA,UNITED STATES,USA,,,,,,,,COP,DEPUTY,,,,,,COP,,,1,190,190,19,4,-10.0,2,1,2,-4.29553264604811,3,"Cincinnati, Ohio, United States",US,USOH,OH061,39.162,-84.4569,1066650,3,"Cincinnati, Ohio, United States",US,USOH,OH061,39.162,-84.4569,1066650,3,"Cincinnati, Ohio, United States",US,USOH,OH061,39.162,-84.4569,1066650,20261008013000,https://www.fox19.com/2026/10/07/mental-health-forefront-cincinnati-fathers-defense-deputys-murder-trial/
1326845887,20261008,202610,2026,2026.7616,USA,CALIFORNIA,USA,,,,,,,,CRM,ILLEGAL IMMIGRANT,,,,,,CRM,,,0,170,170,17,4,-7.0,1,1,1,-2.71604938271605,3,"Ventura County Government Center, California, United States",US,USCA,CA111,34.2681,-119.21,1870828,2,"California, United States",US,USCA,,36.17,-119.746,CA,3,"White House, District of Columbia, United States",US,USDC,,38.8951,-77.0364,531871,20261008013000,https://nypost.com/2026/10/07/us-news/new-california-laws-signed-in-2026-that-will-impact-everyday-life/
1326845888,20261008,202610,2026,2026.7616,USA,CALIFORNIA,USA,,,,,,,,CRM,ILLEGAL IMMIGRANT,,,,,,CRM,,,0,170,170,17,4,-7.0,1,1,1,-2.71604938271605,2,"California, United States",US,USCA,,36.17,-119.746,CA,3,"White House, District of Columbia, United States",US,USDC,,38.8951,-77.0364,531871,3,"White House, District of Columbia, United States",US,USDC,,38.8951,-77.0364,531871,20261008013000,https://nypost.com/2026/10/07/us-news/new-california-laws-signed-in-2026-that-will-impact-everyday-life/
1326845889,20261008,202610,2026,2026.7616,USA,CALIFORNIA,USA,,,,,,,,CRM,ILLEGAL IMMIGRANT,,,,,,CRM,,,0,170,170,17,4,-7.0,8,1,8,-2.71604938271605,2,"California, United States",US,USCA,,36.17,-119.746,CA,2,"California, United States",US,USCA,,36.17,-119.746,CA,2,"California, United States",US,USCA,,36.17,-119.746,CA,20261008013000,https://nypost.com/2026/10/07/us-news/new-california-laws-signed-in-2026-that-will-impact-everyday-life/
1326845890,20261008,202610,2026,2026.7616,USA,UNITED STATES,USA,,,,,,,,CRM,SEX WORKER,,,,,,CRM,,,1,190,190,19,4,-10.0,2,1,2,0.52840158520475,3,"Chicago, Illinois, United States",US,USIL,IL031,41.85,-87.6501,423587,3,"Chicago, Illinois, United States",US,USIL,IL031,41.85,-87.6501,423587,3,"Chicago, Illinois, United States",US,USIL,IL031,41.85,-87.6501,423587,20261008013000,https://www.techradar.com/how-to-watch/how-to-watch-chicago-pd-season-14
1326845891,20261008,202610,2026,2026.7616,USA,UNITED STATES,USA,,,,,,,,CRM,SEX WORKER,,,,,,CRM,,,1,190,190,19,4,-10.0,2,1,2,0.52840158520475,3,"Chicago, Illinois, United States",US,USIL,IL031,41.85,-87.6501,423587,1,Australia,AS,AS,,-25,135,AS,3,"Chicago, Illinois, United States",US,USIL,IL031,41.85,-87.6501,423587,20261008013000,https://www.techradar.com/how-to-watch/how-to-watch-chicago-pd-season-14
1326845892,20261008,202610,2026,2026.7616,USA,WASHINGTON,USA,,,,,,,,CVL,CITIZEN,,,,,,CVL,,,1,010,010,01,1,0.0,3,1,3,-10.1382488479262,3,"Washington, District of Columbia, United States",US,USDC,DC001,38.8951,-77.0364,531871,3,"Washington, District of Columbia, United States",US,USDC,DC001,38.8951,-77.0364,531871,3,"Washington, District of Columbia, United States",US,USDC,DC001,38.8951,-77.0364,531871,20261008013000,https://www.rnz.co.nz/news/world/1791498/venezuela-s-maduro-to-face-new-us-charges-over-alleged-torture-of-americans-official-says
1326845893,20261008,202610,2026,2026.7616,USA,WASHINGTON,USA,,,,,,,,CVL,CITIZEN,,,,,,CVL,,,1,010,010,01,1,0.0,2,1,2,-10.1382488479262,3,"Washington, District of Columbia, United States",US,USDC,DC001,38.8951,-77.0364,531871,1,Venezuela,VE,VE,,8,-66,VE,1,Venezuela,VE,VE,,8,-66,VE,20261008013000,https://www.rnz.co.nz/news/world/1791498/venezuela-s-maduro-to-face-new-us-charges-over-alleged-torture-of-americans-official-says
1326845894,20261008,202610,2026,2026.7616,USA,WASHINGTON,USA,,,,,,,,CVL,CITIZEN,,,,,,CVL,,,1,010,010,01,1,0.0,5,1,5,-10.1382488479262,1,Venezuela,VE,VE,,8,-66,VE,1,Venezuela,VE,VE,,8,-66,VE,1,Venezuela,VE,VE,,8,-66,VE,20261008013000,https://www.rnz.co.nz/news/world/1791498/venezuela-s-maduro-to-face-new-us-charges-over-alleged-torture-of-americans-official-says
1326845895,20261008,202610,2026,2026.7616,USA,UNITED STATES,USA,,,,,,,,CVL,NEIGHBORHOOD,,,,,,CVL,,,0,011,011,01,1,-0.1,4,1,4,-6.47208121827412,2,"New York, United States",US,USNY,,42.1497,-74.9384,NY,2,"New York, United States",US,USNY,,42.1497,-74.9384,NY,2,"New York, United States",US,USNY,,42.1497,-74.9384,NY,20261008013000,https://www.dailymail.com/crime-desk/article-16184749/jonathan-mckinsey-candice-jang-murder-dublin-california.html
1326845896,20261008,202610,2026,2026.7616,USA,UNITED STATES,USA,,,,,,,,CVL,RESIDENTS,,,,,,CVL,,,1,012,012,01,1,-0.4,4,1,4,-4.65116279069767,2,"Georgia, United States",US,USGA,,32.9866,-83.6487,GA,2,"Georgia, United States",US,USGA,,32.9866,-83.6487,GA,2,"Georgia, United States",US,USGA,,32.9866,-83.6487,GA,20261008013000,https://www.wtvm.com/2026/10/07/officials-urge-storm-preparation-ahead-weekend-severe-weather/
1326845897,20261008,202610,2026,2026.7616,USA,UNITED STATES,USA,,,,,,,,CVL,VOTER,,,,,,CVL,,,0,013,013,01,1,0.4,4,1,4,-5.01792114695341,2,"Arkansas, United States",US,USAR,,34.9513,-92.3809,AR,2,"Arkansas, United States",US,USAR,,34.9513,-92.3809,AR,2,"Arkansas, United States",US,USAR,,34.9513,-92.3809,AR,20261008013000,https://www.blackenterprise.com/white-welfare-recipient-arkansas-political-ad/
1326845898,20261008,202610,2026,2026.7616,USA,SAN ANTONIO,USA,,,,,,,,CVL,VOTER,,,,,,CVL,,,1,040,040,04,1,1.0,10,1,10,-1.4792899408284,3,"White House, District of Columbia, United States",US,USDC,,38.8951,-77.0364,531871,3,"White House, District of Columbia, United States",US,USDC,,38.8951,-77.0364,531871,3,"White House, District of Columbia, United States",US,USDC,,38.8951,-77.0364,531871,20261008013000,https://www.thedailybeast.com/donald-trump-doubles-down-on-bonkers-threat-to-two-blue-cities
1326845899,20261008,202610,2026,2026.7616,USA,UNITED STATES,USA,,,,,,,,CVL,VOTER,,,,,,CVL,,,1,051,051,05,1,3.4,2,1,2,-1.4792899408284,3,"San Antonio, Texas, United States",US,USTX,TX029,29.4241,-98.4936,1380951,3,"San Antonio, Texas, United States",US,USTX,,29.4241,-98.4936,1380951,3,"San Antonio, Texas, United States",US,USTX,,29.4241,-98.4936,1380951,20261008013000,https://www.thedailybeast.com/donald-trump-doubles-down-on-bonkers-threat-to-two-blue-cities
1326845900,20261008,202610,2026,2026.7616,USA,SAN ANTONIO,USA,,,,,,,,CVL,VOTER,,,,,,CVL,,,1,051,051,05,1,3.4,8,1,8,-1.4792899408284,3,"San Antonio, Texas, United States",US,USTX,TX029,29.4241,-98.4936,1380951,2,"Texas, United States",US,USTX,,31.106,-97.6475,TX,2,"Texas, United States",US,USTX,,31.106,-97.6475,TX,20261008013000,https://www.thedailybeast.com/donald-trump-doubles-down-on-bonkers-threat-to-two-blue-cities
1326845901,20261008,202610,2026,2026.7616,USA,MASSACHUSETTS,USA,,,,,,,,CVL,VOTER,,,,,,CVL,,,0,081,081,08,2,5.0,10,1,10,0.45454545454546,2,"Massachusetts, United States",US,USMA,,42.2373,-71.5314,MA,2,"Massachusetts, United States",US,USMA,,42.2373,-71.5314,MA,2,"Massachusetts, United States",US,USMA,,42.2373,-71.5314,MA,20261008013000,https://www.mondaq.com:443/unitedstates/constitutional-administrative-law/1852382/cannabis-and-the-midterm-elections
1326845902,20261008,202610,2026,2026.7616,USA,LOS ANGELES,USA,,,,,,,,CVL,RESIDENTS,,,,,,CVL,,,1,114,114,11,3,-2.0,2,1,2,-8.22942643391519,3,"Los Angeles, California, United States",US,USCA,CA037,34.0522,-118.244,1662328,3,"Los Angeles, California, United States",US,USCA,,34.0522,-118.244,1662328,3,"Los Angeles, California, United States",US,USCA,,34.0522,-118.244,1662328,20261008013000,https://nypost.com/2026/10/07/us-news/infamous-fairfax-trash-house-buried-in-garbage-for-third-time/
1326845903,20261008,202610,2026,2026.7616,USA,AMERICAN,USA,,,,,,,,CVL,CITIZEN,,,,,,CVL,,,1,173,173,17,4,-5.0,8,1,8,-10.1382488479262,3,"Washington, District of Columbia, United States",US,USDC,DC001,38.8951,-77.0364,531871,3,"Washington, District of Columbia, United States",US,USDC,DC001,38.8951,-77.0364,531871,3,"Washington, District of Columbia, United States",US,USDC,DC001,38.8951,-77.0364,531871,20261008013000,https://www.rnz.co.nz/news/world/1791498/venezuela-s-maduro-to-face-new-us-charges-over-alleged-torture-of-americans-official-says
1326845904,20261008,202610,2026,2026.7616,USA,AMERICAN,USA,,,,,,,,CVL,CITIZEN,,,,,,CVL,,,1,173,173,17,4,-5.0,2,1,2,-10.1382488479262,1,Venezuela,VE,VE,,8,-66,VE,1,Venezuela,VE,VE,,8,-66,VE,1,Venezuela,VE,VE,,8,-66,VE,20261008013000,https://www.rnz.co.nz/news/world/1791498/venezuela-s-maduro-to-face-new-us-charges-over-alleged-torture-of-americans-official-says
1326845905,20261008,202610,2026,2026.7616,USA,ARIZONA,USA,,,,,,,,CVL,COMMUNITY,,,,,,CVL,,,1,180,180,18,4,-9.0,2,1,2,-4.88599348534202,3,"Maricopa County, Arizona, United States",US,USAZ,AZ013,33.5,-112.501,37026,3,"Maricopa County, Arizona, United States",US,USAZ,,33.5,-112.501,37026,3,"Maricopa County, Arizona, United States",US,USAZ,,33.5,-112.501,37026,20261008013000,https://www.tmz.com/2026/10/07/bernadette-greene-placentia-says-she-was-raped/
1326845906,20261008,202610,2026,2026.7616,USA,UNITED STATES,USA,,,,,,,,DEU,HALLE,DEU,,,,,,,,1,190,190,19,4,-10.0,2,1,2,-4.54545454545454,3,"Los Angeles, California, United States",US,USCA,CA037,34.0522,-118.244,1662328,3,"Los Angeles, California, United States",US,USCA,,34.0522,-118.244,1662328,3,"Los Angeles, California, United States",US,USCA,,34.0522,-118.244,1662328,20261008013000,https://www.tmz.com/2026/10/07/halle-berry-completes-parenting-program/
1326845907,20261008,202610,2026,2026.7616,USA,UNITED STATES,USA,,,,,,,,EDU,STUDENT,,,,,,EDU,,,1,010,010,01,1,0.0,2,1,2,2.11081794195251,2,"Minnesota, United States",US,USMN,,45.7326,-93.9196,MN,2,"Minnesota, United States",US,USMN,,45.7326,-93.9196,MN,2,"Minnesota, United States",US,USMN,,45.7326,-93.9196,MN,20261008013000,https://www.mankatofreepress.com/news/local_news/mankato-district-sees-success-in-teacher-recruitment-initiative/article_0391d2de-f06d-4f95-8c64-fe2fe89d4f89.html
1326845908,20261008,202610,2026,2026.7616,USA,UNITED STATES,USA,,,,,,,,EDU,SCHOOL,,,,,,EDU,,,1,010,010,01,1,0.0,4,1,4,8.27338129496403,2,"Montana, United States",US,USMT,,46.9048,-110.326,MT,2,"Montana, United States",US,USMT,,46.9048,-110.326,MT,2,"Montana, United States",US,USMT,,46.9048,-110.326,MT,20261008013000,https://kvia.com/local-focus/2026/10/07/the-jazz-exchange-launches-full-year-academy-for-young-musicians/
1326845909,20261008,202610,2026,2026.7616,USA,UNITED STATES,USA,,,,,,,,EDU,SCHOOL,,,,,,EDU,,,0,014,014,01,1,0.0,4,1,4,1.8421052631579,3,"Pima County, Arizona, United States",US,USAZ,AZ019,32.0004,-112.003,25446,3,"Pima County, Arizona, United States",US,USAZ,,32.0004,-112.003,25446,3,"Pima County, Arizona, United States",US,USAZ,,32.0004,-112.003,25446,20261008013000,https://www.kold.com/2026/10/08/heres-why-many-southern-arizona-education-leaders-oppose-prop-320/
1326845910,20261008,202610,2026,2026.7616,USA,LOS ANGELES,USA,,,,,,,,EDU,UNIVERSITY,,,,,,EDU,,,0,016,016,01,1,-2.0,4,1,4,-1.28939828080229,3,"Los Angeles, California, United States",US,USCA,CA037,34.0522,-118.244,1662328,1,Israel,IS,IS,,31.5,34.75,IS,3,"Los Angeles, California, United States",US,USCA,,34.0522,-118.244,1662328,20261008013000,https://dailynexus.com/2026-10-07/a-week-in-uc-student-news-46/
1326845911,20261008,202610,2026,2026.7616,USA,LOS ANGELES,USA,,,,,,,,EDU,UNIVERSITY,,,,,,EDU,,,0,016,016,01,1,-2.0,1,1,1,-1.28939828080229,2,"California, United States",US,USCA,,36.17,-119.746,CA,3,"Los Angeles, California, United States",US,USCA,,34.0522,-118.244,1662328,3,"Los Angeles, California, United States",US,USCA,,34.0522,-118.244,1662328,20261008013000,https://dailynexus.com/2026-10-07/a-week-in-uc-student-news-46/
1326845912,20261008,202610,2026,2026.7616,USA,OHIO,USA,,,,,,,,EDU,SCHOOL,,,,,,EDU,,,0,020,020,02,1,3.0,2,1,2,1.8905472636816,2,"Ohio, United States",US,USOH,,40.3736,-82.7755,OH,2,"Ohio, United States",US,USOH,,40.3736,-82.7755,OH,2,"Ohio, United States",US,USOH,,40.3736,-82.7755,OH,20261008013000,https://highlandcountypress.com/education/ohio-gets-failing-mark-sex-education-policy-national-group
1326845913,20261008,202610,2026,2026.7616,USA,ALASKA,USA,,,,,,,,EDU,STUDENT,,,,,,EDU,,,0,042,042,04,1,1.9,9,1,7,-2.95930949445129,2,"Alaska, United States",US,USAK,,61.385,-152.268,AK,2,"Alaska, United States",US,USAK,,61.385,-152.268,AK,2,"Alaska, United States",US,USAK,,61.385,-152.268,AK,20261008013000,https://www.adn.com/alaska-news/2026/10/07/about-30-alaska-native-youths-buried-at-boarding-schools-decades-ago-are-now-returning-home/
1326845914,20261008,202610,2026,2026.7616,USA,MINNESOTA,USA,,,,,,,,EDU,UNIVERSITY,,,,,,EDU,,,0,042,042,04,1,1.9,5,1,5,0.95759233926129,2,"Minnesota, United States",US,USMN,,45.7326,-93.9196,MN,2,"Minnesota, United States",US,USMN,,45.7326,-93.9196,MN,2,"Minnesota, United States",US,USMN,,45.7326,-93.9196,MN,20261008013000,https://www.mankatofreepress.com/news/local_news/owner-of-closed-blue-bricks-bar-sells-dt-landmark/article_fe4fe2f9-7da6-407c-be27-6a2c52f73cdc.html
1326845915,20261008,202610,2026,2026.7616,USA,ALASKA,USA,,,,,,,,EDU,STUDENT,,,,,,EDU,,,1,043,043,04,1,2.8,10,1,10,-2.95930949445129,2,"Alaska, United States",US,USAK,,61.385,-152.268,AK,2,"Alaska, United States",US,USAK,,61.385,-152.268,AK,2,"Alaska, United States",US,USAK,,61.385,-152.268,AK,20261008013000,https://www.adn.com/alaska-news/2026/10/07/about-30-alaska-native-youths-buried-at-boarding-schools-decades-ago-are-now-returning-home/
1326845916,20261008,202610,2026,2026.7616,USA,UNITED STATES,USA,,,,,,,,EDU,UNIVERSITY,,,,,,EDU,,,1,046,046,04,1,7.0,2,1,2,0.757575757575762,2,"Missouri, United States",US,USMO,,38.4623,-92.302,MO,3,"Truman State University, Missouri, United States",US,USMO,,40.1895,-92.5819,723510,2,"Missouri, United States",US,USMO,,38.4623,-92.302,MO,20261008013000,"http://www.kirksvilledailyexpress.com/stories/boyce-earns-cpa-license-joins-ranks-at-harden-cummins-moss-miller,32970"
1326845917,20261008,202610,2026,2026.7616,USA,LOS ANGELES,USA,,,,,,,,EDU,SCHOOL,,,,,,EDU,,,0,050,050,05,1,3.5,7,1,7,-3.40314136125654,3,"Los Angeles, California, United States",US,USCA,CA037,34.0522,-118.244,1662328,3,"Los Angeles, California, United States",US,USCA,,34.0522,-118.244,1662328,3,"Los Angeles, California, United States",US,USCA,,34.0522,-118.244,1662328,20261008013000,https://kesq.com/news/california/2026/10/07/police-find-no-evidence-yet-linking-bullying-to-la-high-school-students-death/
1326845918,20261008,202610,2026,2026.7616,USA,LOS ANGELES,USA,,,,,,,,EDU,SCHOOL,,,,,,EDU,,,0,050,050,05,1,3.5,1,1,1,-3.40314136125654,3,"Franklin High School, California, United States",US,USCA,CA037,34.1159,-118.199,242443,3,"Los Angeles, California, United States",US,USCA,,34.0522,-118.244,1662328,3,"Los Angeles, California, United States",US,USCA,,34.0522,-118.244,1662328,20261008013000,https://kesq.com/news/california/2026/10/07/police-find-no-evidence-yet-linking-bullying-to-la-high-school-students-death/
1326845919,20261008,202610,2026,2026.7616,USA,MISSOURI,USA,,,,,,,,EDU,UNIVERSITY,,,,,,EDU,,,1,071,071,07,2,7.4,6,1,6,-2.04081632653061,2,"Missouri, United States",US,USMO,,38.4623,-92.302,MO,3,"Lincoln University, Missouri, United States",US,USMO,,38.5645,-92.1699,721093,3,"University Of Missouri, Missouri, United States",US,USMO,,38.9459,-92.3277,728067,20261008013000,https://www.kbia.org/missouri-news-network/2026-10-07/lincoln-university-students-and-alumni-sue-missouri-alleging-unequal-funding
1326845920,20261008,202610,2026,2026.7616,USA,MISSOURI,USA,,,,,,,,EDU,UNIVERSITY,,,,,,EDU,,,1,115,115,11,3,-2.0,6,1,6,-2.04081632653061,3,"Lincoln University, Missouri, United States",US,USMO,MO051,38.5645,-92.1699,721093,3,"Lincoln University, Missouri, United States",US,USMO,,38.5645,-92.1699,721093,3,"Lincoln University, Missouri, United States",US,USMO,,38.5645,-92.1699,721093,20261008013000,https://www.kbia.org/missouri-news-network/2026-10-07/lincoln-university-students-and-alumni-sue-missouri-alleging-unequal-funding
1326845921,20261008,202610,2026,2026.7616,USA,UNITED STATES,USA,,,,,,,,EDUCVL,UNIVERSITY,,,,,,EDU,CVL,,1,043,043,04,1,2.8,4,1,4,3.17124735729386,3,"Lafayette Square, California, United States",US,USCA,CA037,34.0431,-118.332,2130541,3,"Lafayette Square, California, United States",US,USCA,,34.0431,-118.332,2130541,3,"Lafayette Square, California, United States",US,USCA,,34.0431,-118.332,2130541,20261008013000,https://www.buffalorising.com/2026/10/now-on-main-man-aung-sushi/
1326845922,20261008,202610,2026,2026.7616,USA,UNITED STATES,USA,,,,,,,,EDUEDU,SCHOOL,,,,,,EDU,EDU,,1,112,112,11,3,-2.0,6,1,6,-5.70107858243451,3,"El Paso, Texas, United States",US,USTX,TX141,31.7587,-106.487,1380946,2,"Texas, United States",US,USTX,,31.106,-97.6475,TX,2,"Texas, United States",US,USTX,,31.106,-97.6475,TX,20261008013000,https://kvia.com/news/crime/2026/10/07/el-paso-doctor-indecent-assault-charge/
1326845923,20261008,202610,2026,2026.7616,USA,TEXAS,USA,,,,,,,,EDUEDU,SCHOOL,,,,,,EDU,EDU,,1,112,112,11,3,-2.0,4,1,4,-5.70107858243451,2,"Texas, United States",US,USTX,,31.106,-97.6475,TX,2,"Texas, United States",US,USTX,,31.106,-97.6475,TX,2,"Texas, United States",US,USTX,,31.106,-97.6475,TX,20261008013000,https://kvia.com/news/crime/2026/10/07/el-paso-doctor-indecent-assault-charge/
1326845924,20261008,202610,2026,2026.7616,USA,UNITED STATES,USA,,,,,,,,EDUEDU,SCHOOL,,,,,,EDU,EDU,,1,173,173,17,4,-5.0,4,1,4,-5.70107858243451,3,"El Paso, Texas, United States",US,USTX,TX141,31.7587,-106.487,1380946,2,"Texas, United States",US,USTX,,31.106,-97.6475,TX,2,"Texas, United States",US,USTX,,31.106,-97.6475,TX,20261008013000,https://kvia.com/news/crime/2026/10/07/el-paso-doctor-indecent-assault-charge/
1326845925,20261008,202610,2026,2026.7616,USA,TEXAS,USA,,,,,,,,EDUEDU,SCHOOL,,,,,,EDU,EDU,,1,173,173,17,4,-5.0,6,1,6,-5.70107858243451,2,"Texas, United States",US,USTX,,31.106,-97.6475,TX,2,"Texas, United States",US,USTX,,31.106,-97.6475,TX,2,"Texas, United States",US,USTX,,31.106,-97.6475,TX,20261008013000,https://kvia.com/news/crime/2026/10/07/el-paso-doctor-indecent-assault-charge/
1326845926,20261008,202610,2026,2026.7616,USA,UNITED STATES,USA,,,,,,,,EGY,NILE,EGY,,,,,,,,1,130,130,13,3,-4.4,6,1,6,-3.19148936170212,3,"Cass County, Michigan, United States",US,USMI,MI027,41.7506,-86.0006,1622956,3,"Cass County, Michigan, United States",US,USMI,,41.7506,-86.0006,1622956,2,"Michigan, United States",US,USMI,,43.3504,-84.5603,MI,20261008013000,https://midmichigannow.com/news/local/michigan-dnr-issues-warning-about-invasive-red-swamp-crawfish-carcasses-pond-cass-county-niles-common-popular-boils-spots-investigate-bucket-michigan
1326845927,20261008,202610,2026,2026.7616,USA,MICHIGAN,USA,,,,,,,,EGY,NILE,EGY,,,,,,,,1,130,130,13,3,-4.4,12,1,10,-3.19148936170212,2,"Michigan, United States",US,USMI,,43.3504,-84.5603,MI,3,"Cass County, Michigan, United States",US,USMI,,41.7506,-86.0006,1622956,2,"Michigan, United States",US,USMI,,43.3504,-84.5603,MI,20261008013000,https://midmichigannow.com/news/local/michigan-dnr-issues-warning-about-invasive-red-swamp-crawfish-carcasses-pond-cass-county-niles-common-popular-boils-spots-investigate-bucket-michigan
1326845928,20261008,202610,2026,2026.7616,USA,UNITED STATES,USA,,,,,,,,ERI,ERITREA,ERI,,,,,,,,0,012,012,01,1,-0.4,2,1,2,-3.12989045383411,4,"Red Sea, Djibouti (general), Djibouti",DJ,DJ00,25312,19,39.5,-2037160,4,"Asmara, Ma'akel, Eritrea",ER,ER05,15888,15.3333,38.9333,-604780,4,"Asmara, Ma'akel, Eritrea",ER,ER05,15888,15.3333,38.9333,-604780,20261008013000,https://www.irishdentist.ie/sudan-trumps-game-in-africa-this-way-the-conflict-can-spread-to-the-red-sea/22686/
1326845929,20261008,202610,2026,2026.7616,USA,WASHINGTON,USA,,,,,,,,ERI,ASMARA,ERI,,,,,,,,0,012,012,01,1,-0.4,2,1,2,-3.12989045383411,3,"Washington, District of Columbia, United States",US,USDC,DC001,38.8951,-77.0364,531871,4,"Khartoum, Al Khartum, Sudan",SU,SU29,37069,15.5881,32.5342,-1987,4,"Khartoum, Al Khartum, Sudan",SU,SU29,37069,15.5881,32.5342,-1987,20261008013000,https://www.irishdentist.ie/sudan-trumps-game-in-africa-this-way-the-conflict-can-spread-to-the-red-sea/22686/
1326845930,20261008,202610,2026,2026.7616,USA,WASHINGTON,USA,,,,,,,,ERI,ASMARA,ERI,,,,,,,,0,012,012,01,1,-0.4,6,1,6,-3.12989045383411,3,"Washington, District of Columbia, United States",US,USDC,DC001,38.8951,-77.0364,531871,4,"Asmara, Ma'akel, Eritrea",ER,ER05,15888,15.3333,38.9333,-604780,4,"Asmara, Ma'akel, Eritrea",ER,ER05,15888,15.3333,38.9333,-604780,20261008013000,https://www.irishdentist.ie/sudan-trumps-game-in-africa-this-way-the-conflict-can-spread-to-the-red-sea/22686/
1326845931,20261008,202610,2026,2026.7616,USA,UNITED STATES,USA,,,,,,,,ERI,ERITREA,ERI,,,,,,,,0,085,085,08,2,7.0,2,1,2,-3.12989045383411,4,"Red Sea, Djibouti (general), Djibouti",DJ,DJ00,25312,19,39.5,-2037160,4,"Asmara, Ma'akel, Eritrea",ER,ER05,15888,15.3333,38.9333,-604780,3,"Washington, District of Columbia, United States",US,USDC,DC001,38.8951,-77.0364,531871,20261008013000,https://www.irishdentist.ie/sudan-trumps-game-in-africa-this-way-the-conflict-can-spread-to-the-red-sea/22686/
1326845932,20261008,202610,2026,2026.7616,USA,WASHINGTON,USA,,,,,,,,ERI,ERITREA,ERI,,,,,,,,0,085,085,08,2,7.0,2,1,2,-3.12989045383411,3,"Washington, District of Columbia, United States",US,USDC,DC001,38.8951,-77.0364,531871,4,"Khartoum, Al Khartum, Sudan",SU,SU29,37069,15.5881,32.5342,-1987,3,"Washington, District of Columbia, United States",US,USDC,DC001,38.8951,-77.0364,531871,20261008013000,https://www.irishdentist.ie/sudan-trumps-game-in-africa-this-way-the-conflict-can-spread-to-the-red-sea/22686/
1326845933,20261008,202610,2026,2026.7616,USA,WASHINGTON,USA,,,,,,,,ERI,ERITREA,ERI,,,,,,,,0,085,085,08,2,7.0,2,1,2,-3.12989045383411,3,"Washington, District of Columbia, United States",US,USDC,DC001,38.8951,-77.0364,531871,4,"Asmara, Ma'akel, Eritrea",ER,ER05,15888,15.3333,38.9333,-604780,4,"Asmara, Ma'akel, Eritrea",ER,ER05,15888,15.3333,38.9333,-604780,20261008013000,https://www.irishdentist.ie/sudan-trumps-game-in-africa-this-way-the-conflict-can-spread-to-the-red-sea/22686/
1326845934,20261008,202610,2026,2026.7616,USA,WASHINGTON,USA,,,,,,,,ERI,ERITREA,ERI,,,,,,,,0,085,085,08,2,7.0,4,1,4,-3.12989045383411,3,"Washington, District of Columbia, United States",US,USDC,DC001,38.8951,-77.0364,531871,4,"Asmara, Ma'akel, Eritrea",ER,ER05,15888,15.3333,38.9333,-604780,3,"Washington, District of Columbia, United States",US,USDC,DC001,38.8951,-77.0364,531871,20261008013000,https://www.irishdentist.ie/sudan-trumps-game-in-africa-this-way-the-conflict-can-spread-to-the-red-sea/22686/
1326845935,20261008,202610,2026,2026.7616,USA,UNITED STATES,USA,,,,,,,,ESP,SPAIN,ESP,,,,,,,,0,016,016,01,1,-2.0,1,1,1,-5.70107858243451,2,"Texas, United States",US,USTX,,31.106,-97.6475,TX,1,Spain,SP,SP,,40,-4,SP,2,"Texas, United States",US,USTX,,31.106,-97.6475,TX,20261008013000,https://kvia.com/news/crime/2026/10/07/el-paso-doctor-indecent-assault-charge/
1326845936,20261008,202610,2026,2026.7616,USA,UNITED STATES,USA,,,,,,,,ESP,SPAIN,ESP,,,,,,,,0,016,016,01,1,-2.0,1,1,1,-5.70107858243451,2,"Texas, United States",US,USTX,,31.106,-97.6475,TX,2,"Texas, United States",US,USTX,,31.106,-97.6475,TX,2,"Texas, United States",US,USTX,,31.106,-97.6475,TX,20261008013000,https://kvia.com/news/crime/2026/10/07/el-paso-doctor-indecent-assault-charge/
1326845937,20261008,202610,2026,2026.7616,USA,UNITED STATES,USA,,,,,,,,ETH,ADDIS ABABA,ETH,,,,,,,,0,012,012,01,1,-0.4,2,1,2,-3.12989045383411,4,"Red Sea, Djibouti (general), Djibouti",DJ,DJ00,25312,19,39.5,-2037160,4,"Asmara, Ma'akel, Eritrea",ER,ER05,15888,15.3333,38.9333,-604780,4,"Asmara, Ma'akel, Eritrea",ER,ER05,15888,15.3333,38.9333,-604780,20261008013000,https://www.irishdentist.ie/sudan-trumps-game-in-africa-this-way-the-conflict-can-spread-to-the-red-sea/22686/
1326845938,20261008,202610,2026,2026.7616,USA,WASHINGTON,USA,,,,,,,,ETH,ADDIS ABABA,ETH,,,,,,,,0,012,012,01,1,-0.4,2,1,2,-3.12989045383411,3,"Washington, District of Columbia, United States",US,USDC,DC001,38.8951,-77.0364,531871,4,"Khartoum, Al Khartum, Sudan",SU,SU29,37069,15.5881,32.5342,-1987,4,"Khartoum, Al Khartum, Sudan",SU,SU29,37069,15.5881,32.5342,-1987,20261008013000,https://www.irishdentist.ie/sudan-trumps-game-in-africa-this-way-the-conflict-can-spread-to-the-red-sea/22686/
1326845939,20261008,202610,2026,2026.7616,USA,WASHINGTON,USA,,,,,,,,ETH,ADDIS ABABA,ETH,,,,,,,,0,012,012,01,1,-0.4,6,1,6,-3.12989045383411,3,"Washington, District of Columbia, United States",US,USDC,DC001,38.8951,-77.0364,531871,4,"Asmara, Ma'akel, Eritrea",ER,ER05,15888,15.3333,38.9333,-604780,4,"Asmara, Ma'akel, Eritrea",ER,ER05,15888,15.3333,38.9333,-604780,20261008013000,https://www.irishdentist.ie/sudan-trumps-game-in-africa-this-way-the-conflict-can-spread-to-the-red-sea/22686/
1326845940,20261008,202610,2026,2026.7616,USA,UNITED STATES,USA,,,,,,,,GOV,GOVERNMENT,,,,,,GOV,,,1,010,010,01,1,0.0,2,1,2,-5.01792114695341,2,"Arkansas, United States",US,USAR,,34.9513,-92.3809,AR,2,"Arkansas, United States",US,USAR,,34.9513,-92.3809,AR,2,"Arkansas, United States",US,USAR,,34.9513,-92.3809,AR,20261008013000,https://www.blackenterprise.com/white-welfare-recipient-arkansas-political-ad/
1326845941,20261008,202610,2026,2026.7616,USA,CALIFORNIA,USA,,,,,,,,GOV,GOVERNOR,,,,,,GOV,,,1,017,017,01,1,0.0,8,1,8,-3.88354000071364,2,"California, United States",US,USCA,,36.17,-119.746,CA,2,"California, United States",US,USCA,,36.17,-119.746,CA,2,"California, United States",US,USCA,,36.17,-119.746,CA,20261008013000,https://95wxtk.iheart.com/content/2026-10-08-new-law-gives-farmworkers-a-pay-increase/
1326845942,20261008,202610,2026,2026.7616,USA,CALIFORNIA,USA,,,,,,,,GOV,GOVERNOR,,,,,,GOV,,,1,030,030,03,1,4.0,8,1,8,-3.88354000071364,2,"California, United States",US,USCA,,36.17,-119.746,CA,2,"California, United States",US,USCA,,36.17,-119.746,CA,2,"California, United States",US,USCA,,36.17,-119.746,CA,20261008013000,https://95wxtk.iheart.com/content/2026-10-08-new-law-gives-farmworkers-a-pay-increase/
1326845943,20261008,202610,2026,2026.7616,USA,UNITED STATES,USA,,,,,,,,GOV,CITY MANAGER,,,,,,GOV,,,1,036,036,03,1,4.0,5,1,5,-0.19379844961241,3,"Webster Groves, Missouri, United States",US,USMO,MO189,38.5926,-90.3573,756880,2,"Missouri, United States",US,USMO,,38.4623,-92.302,MO,2,"Missouri, United States",US,USMO,,38.4623,-92.302,MO,20261008013000,https://kdhnews.com/news/local/killeen-council-set-to-vote-on-peoples-as-city-manager-her-contract-is-signed-with/article_9e6adcaa-8611-438e-a7a0-2546532c3d30.html
1326845944,20261008,202610,2026,2026.7616,USA,ARKANSAS,USA,,,,,,,,GOV,PRESIDENT,,,,,,GOV,,,1,036,036,03,1,4.0,9,1,9,1.45348837209303,2,"Arkansas, United States",US,USAR,,34.9513,-92.3809,AR,2,"Arkansas, United States",US,USAR,,34.9513,-92.3809,AR,2,"Arkansas, United States",US,USAR,,34.9513,-92.3809,AR,20261008013000,https://www.4029tv.com/article/arkansas-childrens-northwest-expansion-brings-more-pediatric-care-to-northwest-arkansas/74070789
1326845945,20261008,202610,2026,2026.7616,USA,MISSOURI,USA,,,,,,,,GOV,CITY MANAGER,,,,,,GOV,,,1,036,036,03,1,4.0,3,1,3,-0.19379844961241,2,"Missouri, United States",US,USMO,,38.4623,-92.302,MO,2,"Missouri, United States",US,USMO,,38.4623,-92.302,MO,2,"Missouri, United States",US,USMO,,38.4623,-92.302,MO,20261008013000,https://kdhnews.com/news/local/killeen-council-set-to-vote-on-peoples-as-city-manager-her-contract-is-signed-with/article_9e6adcaa-8611-438e-a7a0-2546532c3d30.html
1326845946,20261008,202610,2026,2026.7616,USA,NEW YORK,USA,,,,,,,,GOV,MAYOR,,,,,,GOV,,,1,043,043,04,1,2.8,2,1,2,-8.50202429149799,2,"New York, United States",US,USNY,,42.1497,-74.9384,NY,1,Israel,IS,IS,,31.5,34.75,IS,1,Israel,IS,IS,,31.5,34.75,IS,20261008013000,https://nypost.com/2026/10/07/us-news/mamdani-booed-berated-by-anti-israel-protesters-at-nyc-oct-7-memorial/
1326845947,20261008,202610,2026,2026.7616,USA,NEW YORK,USA,,,,,,,,GOV,MAYOR,,,,,,GOV,,,1,043,043,04,1,2.8,6,1,6,-8.50202429149799,2,"New York, United States",US,USNY,,42.1497,-74.9384,NY,2,"New York, United States",US,USNY,,42.1497,-74.9384,NY,2,"New York, United States",US,USNY,,42.1497,-74.9384,NY,20261008013000,https://nypost.com/2026/10/07/us-news/mamdani-booed-berated-by-anti-israel-protesters-at-nyc-oct-7-memorial/
1326845948,20261008,202610,2026,2026.7616,USA,UNITED STATES,USA,,,,,,,,GOV,GOVERNOR,,,,,,GOV,,,1,051,051,05,1,3.4,4,1,4,1.75438596491228,3,"Kalispell, Montana, United States",US,USMT,MT029,48.1958,-114.313,785622,3,"Kalispell, Montana, United States",US,USMT,MT029,48.1958,-114.313,785622,3,"Kalispell, Montana, United States",US,USMT,MT029,48.1958,-114.313,785622,20261008013000,https://nbcmontana.com/news/local/montanas-centenarians-celebrated-at-governors-conference-on-aging
1326845949,20261008,202610,2026,2026.7616,USA,UNITED STATES,USA,,,,,,,,GOV,GOVERNOR,,,,,,GOV,,,1,051,051,05,1,3.4,2,1,2,1.75438596491228,3,"Kalispell, Montana, United States",US,USMT,MT029,48.1958,-114.313,785622,2,"Montana, United States",US,USMT,,46.9048,-110.326,MT,3,"Kalispell, Montana, United States",US,USMT,MT029,48.1958,-114.313,785622,20261008013000,https://nbcmontana.com/news/local/montanas-centenarians-celebrated-at-governors-conference-on-aging
1326845950,20261008,202610,2026,2026.7616,USA,MONTANA,USA,,,,,,,,GOV,GOVERNOR,,,,,,GOV,,,1,051,051,05,1,3.4,8,1,8,1.75438596491228,2,"Montana, United States",US,USMT,,46.9048,-110.326,MT,2,"Montana, United States",US,USMT,,46.9048,-110.326,MT,2,"Montana, United States",US,USMT,,46.9048,-110.326,MT,20261008013000,https://nbcmontana.com/news/local/montanas-centenarians-celebrated-at-governors-conference-on-aging
1326845951,20261008,202610,2026,2026.7616,USA,OREGON,USA,,,,,,,,GOV,FIRE MARSHAL,,,,,,GOV,,,1,051,051,05,1,3.4,10,1,10,-6.44257703081233,2,"Oregon, United States",US,USOR,,44.5672,-122.127,OR,2,"Oregon, United States",US,USOR,,44.5672,-122.127,OR,2,"Oregon, United States",US,USOR,,44.5672,-122.127,OR,20261008013000,https://www.kezi.com/news/local/oregon-fire-marshal-charge-devices-right-to-avoid-house-fires/article_66149fbd-b183-44d8-bdfe-8d465fee0897.html
1326845952,20261008,202610,2026,2026.7616,USA,UNITED STATES,USA,,,,,,,,GOV,AUTHORITIES,,,,,,GOV,,,1,090,090,09,2,-2.0,16,1,6,-6.70859538784067,3,"Cass County, Minnesota, United States",US,USMN,MN021,46.9166,-94.2836,659456,3,"Cass County, Minnesota, United States",US,USMN,,46.9166,-94.2836,659456,3,"Cass County, Minnesota, United States",US,USMN,,46.9166,-94.2836,659456,20261008013000,https://www.fox9.com/news/cass-county-shooting-teen-death-oct-7-2026
1326845953,20261008,202610,2026,2026.7616,USA,UNITED STATES,USA,,,,,,,,GOV,ADMINISTRATION,,,,,,GOV,,,0,130,130,13,3,-4.4,1,1,1,-1.54761904761904,3,"Washington, District of Columbia, United States",US,USDC,DC001,38.8951,-77.0364,531871,3,"Washington, District of Columbia, United States",US,USDC,DC001,38.8951,-77.0364,531871,2,"Iowa, United States",US,USIA,,42.0046,-93.214,IA,20261008013000,https://dunyanews.tv/en/World/976699-most-republicans-in-tight-midterm-races-distance-themselves-from-trump
1326845954,20261008,202610,2026,2026.7616,USA,UNITED STATES,USA,,,,,,,,GOV,ADMINISTRATION,,,,,,GOV,,,0,130,130,13,3,-4.4,2,1,2,-1.54761904761904,3,"Washington, District of Columbia, United States",US,USDC,DC001,38.8951,-77.0364,531871,2,"Nebraska, United States",US,USNE,,41.1289,-98.2883,NE,2,"Nebraska, United States",US,USNE,,41.1289,-98.2883,NE,20261008013000,https://dunyanews.tv/en/World/976699-most-republicans-in-tight-midterm-races-distance-themselves-from-trump
1326845955,20261008,202610,2026,2026.7616,USA,IOWA,USA,,,,,,,,GOV,ADMINISTRATION,,,,,,GOV,,,0,130,130,13,3,-4.4,6,1,6,-1.54761904761904,2,"Iowa, United States",US,USIA,,42.0046,-93.214,IA,2,"Iowa, United States",US,USIA,,42.0046,-93.214,IA,2,"Iowa, United States",US,USIA,,42.0046,-93.214,IA,20261008013000,https://dunyanews.tv/en/World/976699-most-republicans-in-tight-midterm-races-distance-themselves-from-trump
1326845956,20261008,202610,2026,2026.7616,USA,UNITED STATES,USA,,,,,,,,GOV,ADMINISTRATION,,,,,,GOV,,,0,130,130,13,3,-4.4,1,1,1,-1.54761904761904,2,"New York, United States",US,USNY,,42.1497,-74.9384,NY,1,Turkey,TU,TU,,39.059012,34.911546,TU,3,"Washington, District of Columbia, United States",US,USDC,DC001,38.8951,-77.0364,531871,20261008013000,https://dunyanews.tv/en/World/976699-most-republicans-in-tight-midterm-races-distance-themselves-from-trump
1326845957,20261008,202610,2026,2026.7616,USA,UNITED STATES,USA,,,,,,,,GOV,PRESIDENT,,,,,,GOV,,,0,141,141,14,3,-6.5,1,1,1,-1.54761904761904,3,"Washington, District of Columbia, United States",US,USDC,DC001,38.8951,-77.0364,531871,3,"Washington, District of Columbia, United States",US,USDC,DC001,38.8951,-77.0364,531871,3,"Washington, District of Columbia, United States",US,USDC,DC001,38.8951,-77.0364,531871,20261008013000,https://dunyanews.tv/en/World/976699-most-republicans-in-tight-midterm-races-distance-themselves-from-trump
1326845958,20261008,202610,2026,2026.7616,USA,UNITED STATES,USA,,,,,,,,GOV,AUTHORITIES,,,,,,GOV,,,1,193,193,19,4,-10.0,1,1,1,-6.70859538784067,3,"Leech Lake, Minnesota, United States",US,USMN,MN025,45.6584,-93.0429,646578,3,"Leech Lake, Minnesota, United States",US,USMN,,45.6584,-93.0429,646578,3,"Leech Lake, Minnesota, United States",US,USMN,,45.6584,-93.0429,646578,20261008013000,https://www.fox9.com/news/cass-county-shooting-teen-death-oct-7-2026
1326845959,20261008,202610,2026,2026.7616,USA,UNITED STATES,USA,,,,,,,,GOV,AUTHORITIES,,,,,,GOV,,,1,193,193,19,4,-10.0,15,1,6,-6.70859538784067,3,"Cass County, Minnesota, United States",US,USMN,MN021,46.9166,-94.2836,659456,3,"Cass County, Minnesota, United States",US,USMN,,46.9166,-94.2836,659456,3,"Cass County, Minnesota, United States",US,USMN,,46.9166,-94.2836,659456,20261008013000,https://www.fox9.com/news/cass-county-shooting-teen-death-oct-7-2026
1326845960,20261008,202610,2026,2026.7616,USA,UNITED STATES,USA,,,,,,,,GRC,GREECE,GRC,,,,,,,,1,040,040,04,1,1.0,2,1,2,-2.47349823321555,3,"White House, District of Columbia, United States",US,USDC,,38.8951,-77.0364,531871,4,"Athens, AttikíR, Greece",GR,GR35,16716,37.9833,23.7333,-814876,4,"Athens, AttikíR, Greece",GR,GR35,16716,37.9833,23.7333,-814876,20261008013000,https://www.wgauradio.com/news/world/rubio-greece-set/U3SEX2WSX45QVETNOE7MAX477M/
1326845961,20261008,202610,2026,2026.7616,USA,UNITED STATES,USA,,,,,,,,GRCJUD,GREECE,GRC,,,,,JUD,,,0,013,013,01,1,0.4,2,1,2,-3.28389830508475,2,"Kentucky, United States",US,USKY,,37.669,-84.6514,KY,1,Greece,GR,GR,,39,22,GR,2,"Kentucky, United States",US,USKY,,37.669,-84.6514,KY,20261008013000,https://www.thedailybeast.com/kimberly-guilfoyles-demand-for-cash-off-the-books-exposed
1326845962,20261008,202610,2026,2026.7616,USA,UNITED STATES,USA,,,,,,,,HLH,HOSPITAL,,,,,,HLH,,,1,020,020,02,1,3.0,2,1,2,1.45348837209303,2,"Arkansas, United States",US,USAR,,34.9513,-92.3809,AR,3,"Springdale, Arkansas, United States",US,USAR,AR143,36.1867,-94.1288,78436,3,"Springdale, Arkansas, United States",US,USAR,AR143,36.1867,-94.1288,78436,20261008013000,https://www.4029tv.com/article/arkansas-childrens-northwest-expansion-brings-more-pediatric-care-to-northwest-arkansas/74070789
1326845963,20261008,202610,2026,2026.7616,USA,UNITED STATES,USA,,,,,,,,HLH,HOSPITAL,,,,,,HLH,,,1,020,020,02,1,3.0,2,1,2,1.45348837209303,2,"Arkansas, United States",US,USAR,,34.9513,-92.3809,AR,2,"Arkansas, United States",US,USAR,,34.9513,-92.3809,AR,3,"Springdale, Arkansas, United States",US,USAR,AR143,36.1867,-94.1288,78436,20261008013000,https://www.4029tv.com/article/arkansas-childrens-northwest-expansion-brings-more-pediatric-care-to-northwest-arkansas/74070789
1326845964,20261008,202610,2026,2026.7616,USA,UNITED STATES,USA,,,,,,,,HLH,HOSPITAL,,,,,,HLH,,,0,042,042,04,1,1.9,4,1,4,-5.2384675527756,2,"Tennessee, United States",US,USTN,,35.7449,-86.7489,TN,2,"Tennessee, United States",US,USTN,,35.7449,-86.7489,TN,2,"Tennessee, United States",US,USTN,,35.7449,-86.7489,TN,20261008013000,https://www.irishdentist.ie/christa-pike-the-first-survivor-of-lethal-injection-drugs-in-the-usa-she-has-awakened-and-is-speaking/22689/
1326845965,20261008,202610,2026,2026.7616,USA,UNITED STATES,USA,,,,,,,,HLH,HOSPITAL,,,,,,HLH,,,0,043,043,04,1,2.8,6,1,6,-6.57334144856969,3,"Riverbend, Tennessee, United States",US,USTN,TN093,35.8954,-83.9763,1312367,3,"Riverbend, Tennessee, United States",US,USTN,TN093,35.8954,-83.9763,1312367,3,"Riverbend, Tennessee, United States",US,USTN,TN093,35.8954,-83.9763,1312367,20261008013000,https://www.dailymail.com/crime-desk/article-16190497/christa-pike-family-speak-execution-tennessee.html
1326845966,20261008,202610,2026,2026.7616,USA,DELAWARE,USA,,,,,,,,IGOCRB,CARIBBEAN COMMUNITY,CRB,,,,,IGO,,,0,0331,033,03,1,5.2,3,1,3,4.17209908735333,2,"Delaware, United States",US,USDE,,39.3498,-75.5148,DE,2,"Delaware, United States",US,USDE,,39.3498,-75.5148,DE,2,"Delaware, United States",US,USDE,,39.3498,-75.5148,DE,20261008013000,https://whyy.org/articles/caribbean-film-fashion-festival-delaware/
1326845967,20261008,202610,2026,2026.7616,USA,UNITED STATES,USA,,,,,,,,IGOJUDICC,INTERNATIONAL CRIMINAL COURT,,ICC,,,,IGO,JUD,,0,112,112,11,3,-2.0,1,1,1,-10.8485499462943,2,"New York, United States",US,USNY,,42.1497,-74.9384,NY,2,"New York, United States",US,USNY,,42.1497,-74.9384,NY,2,"New York, United States",US,USNY,,42.1497,-74.9384,NY,20261008013000,https://www.cbsnews.com/news/mamdani-criticized-by-democrats-oct-7-statement/
1326845968,20261008,202610,2026,2026.7616,USA,UNITED STATES,USA,,,,,,,,IGOUNOGOV,THE UN,,UNO,,,,IGO,GOV,,0,020,020,02,1,3.0,2,1,2,-3.12989045383411,3,"Washington, District of Columbia, United States",US,USDC,DC001,38.8951,-77.0364,531871,4,"Darfur, Gharb Darfur, Sudan",SU,SU47,37140,13.5,23.5,-17505,4,"Darfur, Gharb Darfur, Sudan",SU,SU47,37140,13.5,23.5,-17505,20261008013000,https://www.irishdentist.ie/sudan-trumps-game-in-africa-this-way-the-conflict-can-spread-to-the-red-sea/22686/
1326845969,20261008,202610,2026,2026.7616,USA,UNITED STATES,USA,,,,,,,,IGOUNOGOV,THE UN,,UNO,,,,IGO,GOV,,0,020,020,02,1,3.0,8,1,8,-3.12989045383411,3,"Washington, District of Columbia, United States",US,USDC,DC001,38.8951,-77.0364,531871,3,"Washington, District of Columbia, United States",US,USDC,DC001,38.8951,-77.0364,531871,3,"Washington, District of Columbia, United States",US,USDC,DC001,38.8951,-77.0364,531871,20261008013000,https://www.irishdentist.ie/sudan-trumps-game-in-africa-this-way-the-conflict-can-spread-to-the-red-sea/22686/
1326845970,20261008,202610,2026,2026.7616,USA,UNITED STATES,USA,,,,,,,,IRN,IRAN,IRN,,,,,,,,1,040,040,04,1,1.0,2,1,2,-1.4792899408284,3,"San Antonio, Texas, United States",US,USTX,TX029,29.4241,-98.4936,1380951,1,Iran,IR,IR,,32,53,IR,3,"San Antonio, Texas, United States",US,USTX,,29.4241,-98.4936,1380951,20261008013000,https://www.thedailybeast.com/donald-trump-doubles-down-on-bonkers-threat-to-two-blue-cities
1326845971,20261008,202610,2026,2026.7616,USA,UNITED STATES,USA,,,,,,,,IRN,IRAN,IRN,,,,,,,,1,040,040,04,1,1.0,2,1,2,-1.4792899408284,3,"San Antonio, Texas, United States",US,USTX,TX029,29.4241,-98.4936,1380951,2,"Nebraska, United States",US,USNE,,41.1289,-98.2883,NE,3,"San Antonio, Texas, United States",US,USTX,,29.4241,-98.4936,1380951,20261008013000,https://www.thedailybeast.com/donald-trump-doubles-down-on-bonkers-threat-to-two-blue-cities
1326845972,20261008,202610,2026,2026.7616,USA,AMERICAN,USA,,,,,,,,IRN,IRAN,IRN,,,,,,,,1,051,051,05,1,3.4,8,1,8,-2.56821829855537,2,"Iowa, United States",US,USIA,,42.0046,-93.214,IA,2,"Iowa, United States",US,USIA,,42.0046,-93.214,IA,2,"Iowa, United States",US,USIA,,42.0046,-93.214,IA,20261008013000,https://www.wgauradio.com/news/politics/trump-interrupted-by/YR52QSSRB45GXHCTKPEENIWTIU/
1326845973,20261008,202610,2026,2026.7616,USA,UNITED STATES,USA,,,,,,,,ISR,ISRAEL,ISR,,,,,,,,1,020,020,02,1,3.0,4,1,4,-11.088295687885,2,"New York, United States",US,USNY,,42.1497,-74.9384,NY,2,"New York, United States",US,USNY,,42.1497,-74.9384,NY,2,"New York, United States",US,USNY,,42.1497,-74.9384,NY,20261008013000,https://highlandcountypress.com/news/mamdani-blasted-calling-israels-gaza-war-genocide-oct-7-anniversary
1326845974,20261008,202610,2026,2026.7616,USA,NEW YORK,USA,,,,,,,,ISR,ISRAEL,ISR,,,,,,,,1,042,042,04,1,1.9,1,1,1,-8.50202429149799,2,"New York, United States",US,USNY,,42.1497,-74.9384,NY,1,Israel,IS,IS,,31.5,34.75,IS,1,Israel,IS,IS,,31.5,34.75,IS,20261008013000,https://nypost.com/2026/10/07/us-news/mamdani-booed-berated-by-anti-israel-protesters-at-nyc-oct-7-memorial/
1326845975,20261008,202610,2026,2026.7616,USA,NEW YORK,USA,,,,,,,,ISR,ISRAEL,ISR,,,,,,,,1,051,051,05,1,3.4,3,1,2,-8.50202429149799,2,"New York, United States",US,USNY,,42.1497,-74.9384,NY,1,Israel,IS,IS,,31.5,34.75,IS,1,Israel,IS,IS,,31.5,34.75,IS,20261008013000,https://nypost.com/2026/10/07/us-news/mamdani-booed-berated-by-anti-israel-protesters-at-nyc-oct-7-memorial/
1326845976,20261008,202610,2026,2026.7616,USA,UNITED STATES,USA,,,,,,,,ISR,ISRAEL,ISR,,,,,,,,1,052,052,05,1,3.5,2,1,2,-10.8485499462943,2,"New York, United States",US,USNY,,42.1497,-74.9384,NY,2,"New York, United States",US,USNY,,42.1497,-74.9384,NY,2,"New York, United States",US,USNY,,42.1497,-74.9384,NY,20261008013000,https://www.cbsnews.com/news/mamdani-criticized-by-democrats-oct-7-statement/
1326845977,20261008,202610,2026,2026.7616,USA,UNITED STATES,USA,,,,,,,,ISR,ISRAEL,ISR,,,,,,,,1,111,111,11,3,-2.0,2,1,2,-10.8485499462943,2,"New York, United States",US,USNY,,42.1497,-74.9384,NY,4,"Gaza, Israel (general), Israel",IS,IS00,18315,31.4167,34.3333,-797156,4,"Gaza, Israel (general), Israel",IS,IS00,18315,31.4167,34.3333,-797156,20261008013000,https://www.cbsnews.com/news/mamdani-criticized-by-democrats-oct-7-statement/
1326845978,20261008,202610,2026,2026.7616,USA,UNITED STATES,USA,,,,,,,,ISR,ISRAEL,ISR,,,,,,,,0,111,111,11,3,-2.0,1,1,1,-10.8485499462943,2,"New York, United States",US,USNY,,42.1497,-74.9384,NY,4,"Gaza, Israel (general), Israel",IS,IS00,18315,31.4167,34.3333,-797156,2,"New York, United States",US,USNY,,42.1497,-74.9384,NY,20261008013000,https://www.cbsnews.com/news/mamdani-criticized-by-democrats-oct-7-statement/
1326845979,20261008,202610,2026,2026.7616,USA,UNITED STATES,USA,,,,,,,,ISR,ISRAEL,ISR,,,,,,,,0,111,111,11,3,-2.0,1,1,1,-10.8485499462943,2,"New York, United States",US,USNY,,42.1497,-74.9384,NY,2,"Florida, United States",US,USFL,,27.8333,-81.717,FL,2,"New York, United States",US,USNY,,42.1497,-74.9384,NY,20261008013000,https://www.cbsnews.com/news/mamdani-criticized-by-democrats-oct-7-statement/
1326845980,20261008,202610,2026,2026.7616,USA,UNITED STATES,USA,,,,,,,,ISR,ISRAEL,ISR,,,,,,,,1,138,138,13,3,-7.0,1,1,1,-10.8485499462943,2,"New York, United States",US,USNY,,42.1497,-74.9384,NY,4,"Gaza, Israel (general), Israel",IS,IS00,18315,31.4167,34.3333,-797156,4,"Gaza, Israel (general), Israel",IS,IS00,18315,31.4167,34.3333,-797156,20261008013000,https://www.cbsnews.com/news/mamdani-criticized-by-democrats-oct-7-statement/
1326845981,20261008,202610,2026,2026.7616,USA,UNITED STATES,USA,,,,,,,,ISR,ISRAEL,ISR,,,,,,,,1,138,138,13,3,-7.0,1,1,1,-10.8485499462943,2,"New York, United States",US,USNY,,42.1497,-74.9384,NY,4,"Gaza, Israel (general), Israel",IS,IS00,18315,31.4167,34.3333,-797156,2,"New York, United States",US,USNY,,42.1497,-74.9384,NY,20261008013000,https://www.cbsnews.com/news/mamdani-criticized-by-democrats-oct-7-statement/
1326845982,20261008,202610,2026,2026.7616,USA,UNITED STATES,USA,,,,,,,,ISR,ISRAEL,ISR,,,,,,,,1,138,138,13,3,-7.0,2,1,2,-10.8485499462943,2,"New York, United States",US,USNY,,42.1497,-74.9384,NY,2,"New York, United States",US,USNY,,42.1497,-74.9384,NY,2,"New York, United States",US,USNY,,42.1497,-74.9384,NY,20261008013000,https://www.cbsnews.com/news/mamdani-criticized-by-democrats-oct-7-statement/
1326845983,20261008,202610,2026,2026.7616,USA,UNITED STATES,USA,,,,,,,,ISR,ISRAEL,ISR,,,,,,,,1,190,190,19,4,-10.0,2,1,2,-11.088295687885,2,"New York, United States",US,USNY,,42.1497,-74.9384,NY,4,"Gaza, Israel (general), Israel",IS,IS00,18315,31.4167,34.3333,-797156,4,"Gaza, Israel (general), Israel",IS,IS00,18315,31.4167,34.3333,-797156,20261008013000,https://highlandcountypress.com/news/mamdani-blasted-calling-israels-gaza-war-genocide-oct-7-anniversary
1326845984,20261008,202610,2026,2026.7616,USA,NEW YORK,USA,,,,,,,,ISRGOV,ISRAEL,ISR,,,,,GOV,,,1,042,042,04,1,1.9,1,1,1,-8.50202429149799,2,"New York, United States",US,USNY,,42.1497,-74.9384,NY,1,Israel,IS,IS,,31.5,34.75,IS,1,Israel,IS,IS,,31.5,34.75,IS,20261008013000,https://nypost.com/2026/10/07/us-news/mamdani-booed-berated-by-anti-israel-protesters-at-nyc-oct-7-memorial/
1326845985,20261008,202610,2026,2026.7616,USA,NEW YORK,USA,,,,,,,,ISRGOV,ISRAEL,ISR,,,,,GOV,,,1,043,043,04,1,2.8,2,1,2,-8.50202429149799,2,"New York, United States",US,USNY,,42.1497,-74.9384,NY,1,Israel,IS,IS,,31.5,34.75,IS,1,Israel,IS,IS,,31.5,34.75,IS,20261008013000,https://nypost.com/2026/10/07/us-news/mamdani-booed-berated-by-anti-israel-protesters-at-nyc-oct-7-memorial/
1326845986,20261008,202610,2026,2026.7616,USA,NEW YORK,USA,,,,,,,,ISRGOV,ISRAEL,ISR,,,,,GOV,,,1,051,051,05,1,3.4,2,1,2,-8.50202429149799,2,"New York, United States",US,USNY,,42.1497,-74.9384,NY,1,Israel,IS,IS,,31.5,34.75,IS,1,Israel,IS,IS,,31.5,34.75,IS,20261008013000,https://nypost.com/2026/10/07/us-news/mamdani-booed-berated-by-anti-israel-protesters-at-nyc-oct-7-memorial/
1326845987,20261008,202610,2026,2026.7616,USA,NEW YORK,USA,,,,,,,,ISRGOV,ISRAEL,ISR,,,,,GOV,,,1,051,051,05,1,3.4,1,1,1,-8.50202429149799,2,"New York, United States",US,USNY,,42.1497,-74.9384,NY,1,Israel,IS,IS,,31.5,34.75,IS,2,"New York, United States",US,USNY,,42.1497,-74.9384,NY,20261008013000,https://nypost.com/2026/10/07/us-news/mamdani-booed-berated-by-anti-israel-protesters-at-nyc-oct-7-memorial/
1326845988,20261008,202610,2026,2026.7616,USA,THE US,USA,,,,,,,,ITA,MARCHE,ITA,,,,,,,,0,010,010,01,1,0.0,5,1,5,-4.32020330368488,4,"Kremlin, Moskva, Russia",RS,RS48,25106,55.7522,37.6156,-2960561,4,"Kremlin, Moskva, Russia",RS,RS48,25106,55.7522,37.6156,-2960561,4,"Kremlin, Moskva, Russia",RS,RS48,25106,55.7522,37.6156,-2960561,20261008013000,https://krdo.com/news/national-world/cnn-world/2026/10/07/russia-says-no-epidemic-risk-as-who-pushes-for-transparency-on-plague-lab-death/
1326845989,20261008,202610,2026,2026.7616,USA,TEXAS,USA,,,,,,,,JUD,ATTORNEY,,,,,,JUD,,,1,010,010,01,1,0.0,6,1,6,-4.29447852760736,2,"Texas, United States",US,USTX,,31.106,-97.6475,TX,2,"Texas, United States",US,USTX,,31.106,-97.6475,TX,2,"Texas, United States",US,USTX,,31.106,-97.6475,TX,20261008013000,https://www.wgauradio.com/news/texas-set-execute/AG4O7XDODA5G7CLKHBQ3QLS3M4/
1326845990,20261008,202610,2026,2026.7616,USA,UNITED STATES,USA,,,,,,,,JUD,LAWYER,,,,,,JUD,,,1,012,012,01,1,-0.4,2,1,2,-4.29553264604811,3,"Cincinnati, Ohio, United States",US,USOH,OH061,39.162,-84.4569,1066650,3,"Cincinnati, Ohio, United States",US,USOH,OH061,39.162,-84.4569,1066650,3,"Cincinnati, Ohio, United States",US,USOH,OH061,39.162,-84.4569,1066650,20261008013000,https://www.fox19.com/2026/10/07/mental-health-forefront-cincinnati-fathers-defense-deputys-murder-trial/
1326845991,20261008,202610,2026,2026.7616,USA,LOS ANGELES,USA,,,,,,,,JUD,JUDGE,,,,,,JUD,,,0,025,025,02,1,-0.3,4,1,4,-1.28939828080229,3,"Los Angeles, California, United States",US,USCA,CA037,34.0522,-118.244,1662328,3,"Los Angeles, California, United States",US,USCA,,34.0522,-118.244,1662328,3,"Los Angeles, California, United States",US,USCA,,34.0522,-118.244,1662328,20261008013000,https://dailynexus.com/2026-10-07/a-week-in-uc-student-news-46/
1326845992,20261008,202610,2026,2026.7616,USA,LOS ANGELES,USA,,,,,,,,JUD,JUDGE,,,,,,JUD,,,0,025,025,02,1,-0.3,1,1,1,-1.28939828080229,2,"California, United States",US,USCA,,36.17,-119.746,CA,2,"California, United States",US,USCA,,36.17,-119.746,CA,2,"California, United States",US,USCA,,36.17,-119.746,CA,20261008013000,https://dailynexus.com/2026-10-07/a-week-in-uc-student-news-46/
1326845993,20261008,202610,2026,2026.7616,USA,TENNESSEE,USA,,,,,,,,JUD,DEFENSE ATTORNEY,,,,,,JUD,,,0,112,112,11,3,-2.0,10,1,10,-9.99999999999997,2,"Tennessee, United States",US,USTN,,35.7449,-86.7489,TN,2,"Tennessee, United States",US,USTN,,35.7449,-86.7489,TN,2,"Tennessee, United States",US,USTN,,35.7449,-86.7489,TN,20261008013000,https://www.wsmv.com/2026/10/07/should-tennessee-judges-be-allowed-deny-bail-heres-what-know-before-you-vote-it/
1326845994,20261008,202610,2026,2026.7616,USA,UNITED STATES,USA,,,,,,,,JUD,ATTORNEY,,,,,,JUD,,,1,120,120,12,3,-4.0,4,1,4,-6.59340659340659,2,"Alaska, United States",US,USAK,,61.385,-152.268,AK,2,"Alaska, United States",US,USAK,,61.385,-152.268,AK,2,"Alaska, United States",US,USAK,,61.385,-152.268,AK,20261008013000,https://www.alaskasnewssource.com/2026/10/08/crystal-hazlitt-hearing-continued-oct-21-after-chaotic-phone-appearance/
1326845995,20261008,202610,2026,2026.7616,USA,UNITED STATES,USA,,,,,,,,JUD,JUDGE,,,,,,JUD,,,0,172,172,17,4,-5.0,4,1,4,-6.74157303370786,3,"Travis County, Texas, United States",US,USTX,TX453,30.3335,-97.8003,1384012,3,"Travis County, Texas, United States",US,USTX,,30.3335,-97.8003,1384012,3,"Travis County, Texas, United States",US,USTX,,30.3335,-97.8003,1384012,20261008013000,https://kvia.com/news/crime/2026/10/07/texas-execution-would-be-first-in-u-s-since-tennessee-failure/
1326845996,20261008,202610,2026,2026.7616,USA,UNITED STATES,USA,,,,,,,,JUD,JUDGE,,,,,,JUD,,,0,172,172,17,4,-5.0,4,1,4,-6.74157303370786,2,"Texas, United States",US,USTX,,31.106,-97.6475,TX,2,"Texas, United States",US,USTX,,31.106,-97.6475,TX,2,"Texas, United States",US,USTX,,31.106,-97.6475,TX,20261008013000,https://kvia.com/news/crime/2026/10/07/texas-execution-would-be-first-in-u-s-since-tennessee-failure/
1326845997,20261008,202610,2026,2026.7616,USA,UNITED STATES,USA,,,,,,,,LAB,EMPLOYEE,,,,,,LAB,,,0,014,014,01,1,0.0,2,1,2,1.34228187919463,3,"Cole County, Missouri, United States",US,USMO,MO051,38.5003,-92.2835,758480,3,"Cole County, Missouri, United States",US,USMO,,38.5003,-92.2835,758480,3,"Cole County, Missouri, United States",US,USMO,,38.5003,-92.2835,758480,20261008013000,https://abc17news.com/news/cole/2026/10/07/cole-county-faces-difficult-choice-over-rising-health-insurance-costs/
1326845998,20261008,202610,2026,2026.7616,USA,MINNEAPOLIS,USA,,,,,,,,LAB,EMPLOYEE,,,,,,LAB,,,0,040,040,04,1,1.0,3,1,3,-5.03035559410234,4,"Bondi Beach, New South Wales, Australia",AS,AS02,5114,-33.8902,151.276,-1560360,4,"Bondi Beach, New South Wales, Australia",AS,AS02,5114,-33.8902,151.276,-1560360,4,"Bondi Beach, New South Wales, Australia",AS,AS02,5114,-33.8902,151.276,-1560360,20261008013000,https://krdo.com/news/national-world/cnn-national/2026/10/07/federal-prosecutors-in-minnesota-charge-man-with-terrorism-after-they-say-he-planned-to-target-the-mall-of-america/
1326845999,20261008,202610,2026,2026.7616,USA,MINNEAPOLIS,USA,,,,,,,,LAB,EMPLOYEE,,,,,,LAB,,,0,040,040,04,1,1.0,1,1,1,-5.03035559410234,3,"Bloomington, Minnesota, United States",US,USMN,MN053,44.8408,-93.2983,640278,3,"Bloomington, Minnesota, United States",US,USMN,MN053,44.8408,-93.2983,640278,3,"Bloomington, Minnesota, United States",US,USMN,MN053,44.8408,-93.2983,640278,20261008013000,https://krdo.com/news/national-world/cnn-national/2026/10/07/federal-prosecutors-in-minnesota-charge-man-with-terrorism-after-they-say-he-planned-to-target-the-mall-of-america/
1326846000,20261008,202610,2026,2026.7616,USA,MINNEAPOLIS,USA,,,,,,,,LAB,EMPLOYEE,,,,,,LAB,,,0,040,040,04,1,1.0,1,1,1,-5.03035559410234,3,"Mall Of America, Minnesota, United States",US,USMN,MN037,44.8544,-93.2436,659621,3,"Mall Of America, Minnesota, United States",US,USMN,,44.8544,-93.2436,659621,3,"Bloomington, Minnesota, United States",US,USMN,MN053,44.8408,-93.2983,640278,20261008013000,https://krdo.com/news/national-world/cnn-national/2026/10/07/federal-prosecutors-in-minnesota-charge-man-with-terrorism-after-they-say-he-planned-to-target-the-mall-of-america/
1326846001,20261008,202610,2026,2026.7616,USA,UNITED STATES,USA,,,,,,,,LAB,EMPLOYEE,,,,,,LAB,,,0,040,040,04,1,1.0,4,1,4,-6.55737704918033,2,"Minnesota, United States",US,USMN,,45.7326,-93.9196,MN,2,"Minnesota, United States",US,USMN,,45.7326,-93.9196,MN,2,"Minnesota, United States",US,USMN,,45.7326,-93.9196,MN,20261008013000,https://ktok.iheart.com/content/2026-10-07-teen-accused-of-planning-terror-attack-at-mall-of-america/
1326846002,20261008,202610,2026,2026.7616,USA,UNITED STATES,USA,,,,,,,,LEG,LEGISLATURE,,,,,,LEG,,,1,046,046,04,1,7.0,2,1,2,0.17574692442883,3,"Washington, District of Columbia, United States",US,USDC,DC001,38.8951,-77.0364,531871,3,"Allagash, Maine, United States",US,USME,ME003,47.0834,-69.0412,581970,3,"Allagash, Maine, United States",US,USME,ME003,47.0834,-69.0412,581970,20261008013000,https://www.sunjournal.com/2026/10/07/troy-jackson-details-personal-finances-in-new-disclosure/
1326846003,20261008,202610,2026,2026.7616,USA,UNITED STATES,USA,,,,,,,,LEG,SENATOR,,,,,,LEG,,,0,071,071,07,2,7.4,1,1,1,-1.28939828080229,3,"Los Angeles, California, United States",US,USCA,CA037,34.0522,-118.244,1662328,2,"California, United States",US,USCA,,36.17,-119.746,CA,2,"California, United States",US,USCA,,36.17,-119.746,CA,20261008013000,https://dailynexus.com/2026-10-07/a-week-in-uc-student-news-46/
1326846004,20261008,202610,2026,2026.7616,USA,CALIFORNIA,USA,,,,,,,,LEG,SENATOR,,,,,,LEG,,,0,071,071,07,2,7.4,4,1,4,-1.28939828080229,2,"California, United States",US,USCA,,36.17,-119.746,CA,2,"California, United States",US,USCA,,36.17,-119.746,CA,2,"California, United States",US,USCA,,36.17,-119.746,CA,20261008013000,https://dailynexus.com/2026-10-07/a-week-in-uc-student-news-46/
1326846005,20261008,202610,2026,2026.7616,USA,UNITED STATES,USA,,,,,,,,MIL,COAST GUARD,,,,,,MIL,,,1,031,031,03,1,5.2,7,1,7,4.69483568075117,3,"Cape May, New Jersey, United States",US,USNJ,NJ009,38.9351,-74.906,875189,3,"Cape May, New Jersey, United States",US,USNJ,,38.9351,-74.906,875189,3,"Cape May, New Jersey, United States",US,USNJ,,38.9351,-74.906,875189,20261008013000,https://www.foxnews.com/us/us-coast-guard-recruits-largest-class-nearly-40-years-beats-goals-third-straight-year
1326846006,20261008,202610,2026,2026.7616,USA,NEW JERSEY,USA,,,,,,,,MIL,COAST GUARD,,,,,,MIL,,,1,031,031,03,1,5.2,3,1,3,4.69483568075117,2,"New Jersey, United States",US,USNJ,,40.314,-74.5089,NJ,3,"Cape May, New Jersey, United States",US,USNJ,,38.9351,-74.906,875189,3,"Cape May, New Jersey, United States",US,USNJ,,38.9351,-74.906,875189,20261008013000,https://www.foxnews.com/us/us-coast-guard-recruits-largest-class-nearly-40-years-beats-goals-third-straight-year
1326846007,20261008,202610,2026,2026.7616,USA,COLUMBUS,USA,,,,,,,,MIL,ARMY,,,,,,MIL,,,1,051,051,05,1,3.4,5,1,5,-0.43923865300146,3,"Pleasant Hill Cemetery, Missouri, United States",US,USMO,MO145,36.9067,-94.3999,724515,3,"Pleasant Hill Cemetery, Missouri, United States",US,USMO,,36.9067,-94.3999,724515,3,"Pleasant Hill Cemetery, Missouri, United States",US,USMO,,36.9067,-94.3999,724515,20261008013000,"http://marshfieldmail.com/stories/civil-war-veteran-to-be-honored-at-pleasant-hill-cemetery,81686"
1326846008,20261008,202610,2026,2026.7616,USA,UNITED STATES,USA,,,,,,,,MIL,AIR FORCE,,,,,,MIL,,,0,0831,083,08,2,5.0,8,1,8,-1.1986301369863,3,"White House, District of Columbia, United States",US,USDC,,38.8951,-77.0364,531871,3,"Washington, District of Columbia, United States",US,USDC,DC001,38.8951,-77.0364,531871,3,"Washington, District of Columbia, United States",US,USDC,DC001,38.8951,-77.0364,531871,20261008013000,https://www.thedailybeast.com/why-uncle-donald-doesnt-want-to-shake-off-natalie
1326846009,20261008,202610,2026,2026.7616,USA,UNITED STATES,USA,,,,,,,,MNCJPN,HONDA,JPN,,,,,MNC,,,0,0841,084,08,2,7.0,4,1,4,-6.49214659685864,3,"Blanchester, Ohio, United States",US,USOH,OH027,39.2931,-83.9888,1038105,3,"Blanchester, Ohio, United States",US,USOH,OH027,39.2931,-83.9888,1038105,3,"Blanchester, Ohio, United States",US,USOH,OH027,39.2931,-83.9888,1038105,20261008013000,https://www.fox19.com/2026/10/07/vincent-doan-denies-key-trial-claims-says-convicted-killer-confessed-culberson-case/
1326846010,20261008,202610,2026,2026.7616,USA,UNITED STATES,USA,,,,,,,,PSE,PALESTINIAN,PSE,,,,,,,,1,010,010,01,1,0.0,2,1,2,-11.088295687885,2,"New York, United States",US,USNY,,42.1497,-74.9384,NY,4,"Gaza, Israel (general), Israel",IS,IS00,18315,31.4167,34.3333,-797156,2,"New York, United States",US,USNY,,42.1497,-74.9384,NY,20261008013000,https://highlandcountypress.com/news/mamdani-blasted-calling-israels-gaza-war-genocide-oct-7-anniversary
1326846011,20261008,202610,2026,2026.7616,USA,UNITED STATES,USA,,,,,,,,PSE,PALESTINIAN,PSE,,,,,,,,1,010,010,01,1,0.0,2,1,2,-11.088295687885,2,"New York, United States",US,USNY,,42.1497,-74.9384,NY,2,"New York, United States",US,USNY,,42.1497,-74.9384,NY,2,"New York, United States",US,USNY,,42.1497,-74.9384,NY,20261008013000,https://highlandcountypress.com/news/mamdani-blasted-calling-israels-gaza-war-genocide-oct-7-anniversary
1326846012,20261008,202610,2026,2026.7616,USA,UNITED STATES,USA,,,,,,,,PSE,PALESTINIAN,PSE,,,,,,,,0,036,036,03,1,4.0,4,1,4,-11.088295687885,2,"New York, United States",US,USNY,,42.1497,-74.9384,NY,4,"Gaza, Israel (general), Israel",IS,IS00,18315,31.4167,34.3333,-797156,2,"New York, United States",US,USNY,,42.1497,-74.9384,NY,20261008013000,https://highlandcountypress.com/news/mamdani-blasted-calling-israels-gaza-war-genocide-oct-7-anniversary
1326846013,20261008,202610,2026,2026.7616,USA,UNITED STATES,USA,,,,,,,,PSE,PALESTINIAN,PSE,,,,,,,,0,042,042,04,1,1.9,4,1,4,-11.088295687885,2,"New York, United States",US,USNY,,42.1497,-74.9384,NY,4,"Gaza, Israel (general), Israel",IS,IS00,18315,31.4167,34.3333,-797156,2,"New York, United States",US,USNY,,42.1497,-74.9384,NY,20261008013000,https://highlandcountypress.com/news/mamdani-blasted-calling-israels-gaza-war-genocide-oct-7-anniversary
1326846014,20261008,202610,2026,2026.7616,USA,UNITED STATES,USA,,,,,,,,PSEREB,HAMAS,PSE,,,,,REB,,,1,014,014,01,1,0.0,5,1,5,-3.8135593220339,1,United States,US,US,,39.828175,-98.5795,US,4,"Gaza, Israel (general), Israel",IS,IS00,18315,31.4167,34.3333,-797156,4,"Gaza, Israel (general), Israel",IS,IS00,18315,31.4167,34.3333,-797156,20261008013000,https://dunyanews.tv/en/Pakistan/976686-ji-holds-gaza-solidarity-march-to-remember-martyrs
1326846015,20261008,202610,2026,2026.7616,USA,WASHINGTON,USA,,,,,,,,SDN,KHARTOUM,SDN,,,,,,,,1,020,020,02,1,3.0,8,1,8,-3.12989045383411,4,"Khartoum, Al Khartum, Sudan",SU,SU29,37069,15.5881,32.5342,-1987,4,"Khartoum, Al Khartum, Sudan",SU,SU29,37069,15.5881,32.5342,-1987,4,"Khartoum, Al Khartum, Sudan",SU,SU29,37069,15.5881,32.5342,-1987,20261008013000,https://www.irishdentist.ie/sudan-trumps-game-in-africa-this-way-the-conflict-can-spread-to-the-red-sea/22686/
1326846016,20261008,202610,2026,2026.7616,USA,UNITED STATES,USA,,,,,,,,SDN,SUDAN,SDN,,,,,,,,0,100,100,10,3,-5.0,8,1,8,-3.12989045383411,3,"Washington, District of Columbia, United States",US,USDC,DC001,38.8951,-77.0364,531871,4,"Darfur, Gharb Darfur, Sudan",SU,SU47,37140,13.5,23.5,-17505,4,"Darfur, Gharb Darfur, Sudan",SU,SU47,37140,13.5,23.5,-17505,20261008013000,https://www.irishdentist.ie/sudan-trumps-game-in-africa-this-way-the-conflict-can-spread-to-the-red-sea/22686/
1326846017,20261008,202610,2026,2026.7616,USA,UNITED STATES,USA,,,,,,,,SDN,SUDAN,SDN,,,,,,,,0,100,100,10,3,-5.0,2,1,2,-3.12989045383411,3,"Washington, District of Columbia, United States",US,USDC,DC001,38.8951,-77.0364,531871,4,"Darfur, Gharb Darfur, Sudan",SU,SU47,37140,13.5,23.5,-17505,3,"Washington, District of Columbia, United States",US,USDC,DC001,38.8951,-77.0364,531871,20261008013000,https://www.irishdentist.ie/sudan-trumps-game-in-africa-this-way-the-conflict-can-spread-to-the-red-sea/22686/
1326846018,20261008,202610,2026,2026.7616,USA,WASHINGTON,USA,,,,,,,,SDN,SUDANESE,SDN,,,,,,,,1,120,120,12,3,-4.0,2,1,2,-3.12989045383411,4,"Khartoum, Al Khartum, Sudan",SU,SU29,37069,15.5881,32.5342,-1987,4,"Khartoum, Al Khartum, Sudan",SU,SU29,37069,15.5881,32.5342,-1987,4,"Khartoum, Al Khartum, Sudan",SU,SU29,37069,15.5881,32.5342,-1987,20261008013000,https://www.irishdentist.ie/sudan-trumps-game-in-africa-this-way-the-conflict-can-spread-to-the-red-sea/22686/
1326846019,20261008,202610,2026,2026.7616,USA,WASHINGTON,USA,,,,,,,,SDN,SUDANESE,SDN,,,,,,,,1,120,120,12,3,-4.0,1,1,1,-3.12989045383411,3,"Washington, District of Columbia, United States",US,USDC,DC001,38.8951,-77.0364,531871,4,"Khartoum, Al Khartum, Sudan",SU,SU29,37069,15.5881,32.5342,-1987,4,"Khartoum, Al Khartum, Sudan",SU,SU29,37069,15.5881,32.5342,-1987,20261008013000,https://www.irishdentist.ie/sudan-trumps-game-in-africa-this-way-the-conflict-can-spread-to-the-red-sea/22686/
1326846020,20261008,202610,2026,2026.7616,USA,WASHINGTON,USA,,,,,,,,SDN,SUDANESE,SDN,,,,,,,,1,120,120,12,3,-4.0,1,1,1,-3.12989045383411,1,Egypt,EG,EG,,27,30,EG,3,"Washington, District of Columbia, United States",US,USDC,DC001,38.8951,-77.0364,531871,1,Egypt,EG,EG,,27,30,EG,20261008013000,https://www.irishdentist.ie/sudan-trumps-game-in-africa-this-way-the-conflict-can-spread-to-the-red-sea/22686/
1326846021,20261008,202610,2026,2026.7616,USA,UNITED STATES,USA,,,,,,,,SPY,INTELLIGENCE,,,,,,SPY,,,1,090,090,09,2,-2.0,4,1,4,2.83505154639176,2,"Louisiana, United States",US,USLA,,31.1801,-91.8749,LA,2,"Louisiana, United States",US,USLA,,31.1801,-91.8749,LA,2,"Louisiana, United States",US,USLA,,31.1801,-91.8749,LA,20261008013000,https://www.kalb.com/2026/10/07/lcu-uses-ai-camera-system-assist-campus-security/
1326846022,20261008,202610,2026,2026.7616,USA,UNITED STATES,USA,,,,,,,,UAF,FOREIGN TERRORIST ORGANIZATION,,,,,,UAF,,,0,042,042,04,1,1.9,4,1,4,-5.03035559410234,3,"Bloomington, Minnesota, United States",US,USMN,MN053,44.8408,-93.2983,640278,3,"Bloomington, Minnesota, United States",US,USMN,MN053,44.8408,-93.2983,640278,3,"Bloomington, Minnesota, United States",US,USMN,MN053,44.8408,-93.2983,640278,20261008013000,https://krdo.com/news/national-world/cnn-national/2026/10/07/federal-prosecutors-in-minnesota-charge-man-with-terrorism-after-they-say-he-planned-to-target-the-mall-of-america/
1326846023,20261008,202610,2026,2026.7616,USA,SOUTH CAROLINA,USA,,,,,,,,USACVL,SOUTH CAROLINA,USA,,,,,CVL,,,1,014,014,01,1,0.0,6,1,6,-2.54237288135594,2,"South Carolina, United States",US,USSC,,33.8191,-80.9066,SC,2,"South Carolina, United States",US,USSC,,33.8191,-80.9066,SC,2,"South Carolina, United States",US,USSC,,33.8191,-80.9066,SC,20261008013000,https://wach.com/news/local/gubernatorial-candidate-jermaine-johnson-tours-sumter-after-debate
1326846024,20261008,202610,2026,2026.7616,USA,ALASKA,USA,,,,,,,,USAEDU,PENNSYLVANIA,USA,,,,,EDU,,,1,042,042,04,1,1.9,10,1,10,-2.95930949445129,2,"Alaska, United States",US,USAK,,61.385,-152.268,AK,2,"Pennsylvania, United States",US,USPA,,40.5773,-77.264,PA,2,"Alaska, United States",US,USAK,,61.385,-152.268,AK,20261008013000,https://www.adn.com/alaska-news/2026/10/07/about-30-alaska-native-youths-buried-at-boarding-schools-decades-ago-are-now-returning-home/
1326846025,20261008,202610,2026,2026.7616,USA,CALIFORNIA,USA,,,,,,,,USAGOV,UNITED STATES,USA,,,,,GOV,,,1,017,017,01,1,0.0,8,1,8,-3.88354000071364,2,"California, United States",US,USCA,,36.17,-119.746,CA,2,"California, United States",US,USCA,,36.17,-119.746,CA,2,"California, United States",US,USCA,,36.17,-119.746,CA,20261008013000,https://95wxtk.iheart.com/content/2026-10-08-new-law-gives-farmworkers-a-pay-increase/
1326846026,20261008,202610,2026,2026.7616,USA,CALIFORNIA,USA,,,,,,,,USAGOV,UNITED STATES,USA,,,,,GOV,,,1,030,030,03,1,4.0,8,1,8,-3.88354000071364,2,"California, United States",US,USCA,,36.17,-119.746,CA,2,"California, United States",US,USCA,,36.17,-119.746,CA,2,"California, United States",US,USCA,,36.17,-119.746,CA,20261008013000,https://95wxtk.iheart.com/content/2026-10-08-new-law-gives-farmworkers-a-pay-increase/
1326846027,20261008,202610,2026,2026.7616,USA,IOWA,USA,,,,,,,,USAGOV,THE WHITE HOUSE,USA,,,,,GOV,,,0,046,046,04,1,7.0,1,1,1,-1.54761904761904,2,"Iowa, United States",US,USIA,,42.0046,-93.214,IA,3,"White House, District of Columbia, United States",US,USDC,,38.8951,-77.0364,531871,3,"White House, District of Columbia, United States",US,USDC,,38.8951,-77.0364,531871,20261008013000,https://dunyanews.tv/en/World/976699-most-republicans-in-tight-midterm-races-distance-themselves-from-trump
1326846028,20261008,202610,2026,2026.7616,USA,UNITED STATES,USA,,,,,,,,USAHLH,UNITED STATES,USA,,,,,HLH,,,0,043,043,04,1,2.8,2,1,2,-6.57334144856969,3,"Riverbend, Tennessee, United States",US,USTN,TN093,35.8954,-83.9763,1312367,3,"Riverbend, Tennessee, United States",US,USTN,TN093,35.8954,-83.9763,1312367,3,"Riverbend, Tennessee, United States",US,USTN,TN093,35.8954,-83.9763,1312367,20261008013000,https://www.dailymail.com/crime-desk/article-16190497/christa-pike-family-speak-execution-tennessee.html
1326846029,20261008,202610,2026,2026.7616,USA,TEXAS,USA,,,,,,,,USAJUD,UNITED STATES,USA,,,,,JUD,,,1,010,010,01,1,0.0,2,1,2,-4.29447852760736,2,"Florida, United States",US,USFL,,27.8333,-81.717,FL,2,"Tennessee, United States",US,USTN,,35.7449,-86.7489,TN,2,"Tennessee, United States",US,USTN,,35.7449,-86.7489,TN,20261008013000,https://www.wgauradio.com/news/texas-set-execute/AG4O7XDODA5G7CLKHBQ3QLS3M4/
1326846030,20261008,202610,2026,2026.7616,USA,LOUISIANA,USA,,,,,,,,USAJUD,UNITED STATES,USA,,,,,JUD,,,1,014,014,01,1,0.0,2,1,2,-8.6705202312139,2,"Louisiana, United States",US,USLA,,31.1801,-91.8749,LA,2,"Louisiana, United States",US,USLA,,31.1801,-91.8749,LA,3,"Rapides, Louisiana, United States",US,USLA,LA079,31.3635,-92.5868,555753,20261008013000,https://www.kalb.com/2026/10/07/could-kayla-giles-return-court-after-louisiana-supreme-court-ruling/
1326846031,20261008,202610,2026,2026.7616,USA,LOUISIANA,USA,,,,,,,,USAJUD,UNITED STATES,USA,,,,,JUD,,,1,043,043,04,1,2.8,2,1,2,-8.6705202312139,2,"Louisiana, United States",US,USLA,,31.1801,-91.8749,LA,2,"Louisiana, United States",US,USLA,,31.1801,-91.8749,LA,2,"Louisiana, United States",US,USLA,,31.1801,-91.8749,LA,20261008013000,https://www.kalb.com/2026/10/07/could-kayla-giles-return-court-after-louisiana-supreme-court-ruling/
1326846032,20261008,202610,2026,2026.7616,USA,CALIFORNIA,USA,,,,,,,,USAJUD,UNITED STATES,USA,,,,,JUD,,,0,120,120,12,3,-4.0,1,1,1,-2.47349823321555,4,"Athens, AttikíR, Greece",GR,GR35,16716,37.9833,23.7333,-814876,4,"Athens, AttikíR, Greece",GR,GR35,16716,37.9833,23.7333,-814876,2,"California, United States",US,USCA,,36.17,-119.746,CA,20261008013000,https://www.wgauradio.com/news/world/rubio-greece-set/U3SEX2WSX45QVETNOE7MAX477M/
1326846033,20261008,202610,2026,2026.7616,USA,CALIFORNIA,USA,,,,,,,,USAJUD,UNITED STATES,USA,,,,,JUD,,,0,120,120,12,3,-4.0,1,1,1,-2.47349823321555,2,"California, United States",US,USCA,,36.17,-119.746,CA,2,"California, United States",US,USCA,,36.17,-119.746,CA,4,"Athens, AttikíR, Greece",GR,GR35,16716,37.9833,23.7333,-814876,20261008013000,https://www.wgauradio.com/news/world/rubio-greece-set/U3SEX2WSX45QVETNOE7MAX477M/
1326846034,20261008,202610,2026,2026.7616,USA,UNITED STATES,USA,,,,,,,,USAJUD,UNITED STATES,USA,,,,,JUD,,,1,173,173,17,4,-5.0,4,1,4,-8.6705202312139,3,"Rapides, Louisiana, United States",US,USLA,LA079,31.3635,-92.5868,555753,2,"Louisiana, United States",US,USLA,,31.1801,-91.8749,LA,3,"Rapides, Louisiana, United States",US,USLA,LA079,31.3635,-92.5868,555753,20261008013000,https://www.kalb.com/2026/10/07/could-kayla-giles-return-court-after-louisiana-supreme-court-ruling/
1326846035,20261008,202610,2026,2026.7616,USA,UNITED STATES,USA,,,,,,,,USAJUD,UNITED STATES,USA,,,,,JUD,,,1,173,173,17,4,-5.0,2,1,2,-8.6705202312139,3,"Rapides, Louisiana, United States",US,USLA,LA079,31.3635,-92.5868,555753,2,"Louisiana, United States",US,USLA,,31.1801,-91.8749,LA,2,"Louisiana, United States",US,USLA,,31.1801,-91.8749,LA,20261008013000,https://www.kalb.com/2026/10/07/could-kayla-giles-return-court-after-louisiana-supreme-court-ruling/
1326846036,20261008,202610,2026,2026.7616,USA,OHIO,USA,,,,,,,,USALEG,UNITED STATES,USA,,,,,LEG,,,1,020,020,02,1,3.0,4,1,4,1.8905472636816,2,"Ohio, United States",US,USOH,,40.3736,-82.7755,OH,2,"Ohio, United States",US,USOH,,40.3736,-82.7755,OH,2,"Ohio, United States",US,USOH,,40.3736,-82.7755,OH,20261008013000,https://highlandcountypress.com/education/ohio-gets-failing-mark-sex-education-policy-national-group
1326846037,20261008,202610,2026,2026.7616,USA,CALIFORNIA,USA,,,,,,,,USALEG,UNITED STATES,USA,,,,,LEG,,,0,071,071,07,2,7.4,2,1,2,-1.28939828080229,2,"California, United States",US,USCA,,36.17,-119.746,CA,2,"California, United States",US,USCA,,36.17,-119.746,CA,3,"Los Angeles, California, United States",US,USCA,,34.0522,-118.244,1662328,20261008013000,https://dailynexus.com/2026-10-07/a-week-in-uc-student-news-46/
1326846038,20261008,202610,2026,2026.7616,USA,ALASKA,USA,,,,,,,,USAMIL,ALASKA,USA,,,,,MIL,,,1,022,022,02,1,3.2,6,1,6,0.3875968992248,3,"Fairbanks International Airport, Alaska, United States",US,USAK,AK090,64.8137,-147.86,1417704,3,"Fairbanks International Airport, Alaska, United States",US,USAK,,64.8137,-147.86,1417704,3,"Fairbanks International Airport, Alaska, United States",US,USAK,,64.8137,-147.86,1417704,20261008013000,https://www.adn.com/alaska-news/2026/10/07/feds-approve-150-million-for-second-power-link-between-interior-and-southcentral-alaska/
1326846039,20261008,202610,2026,2026.7616,USA,ALASKA,USA,,,,,,,,USAMIL,ALASKA,USA,,,,,MIL,,,1,071,071,07,2,7.4,6,1,6,0.3875968992248,2,"Alaska, United States",US,USAK,,61.385,-152.268,AK,2,"Alaska, United States",US,USAK,,61.385,-152.268,AK,2,"Alaska, United States",US,USAK,,61.385,-152.268,AK,20261008013000,https://www.adn.com/alaska-news/2026/10/07/feds-approve-150-million-for-second-power-link-between-interior-and-southcentral-alaska/
1326846040,20261008,202610,2026,2026.7616,USA,AMERICAN,USA,,,,,,,,VEN,VENEZUELA,VEN,,,,,,,,1,112,112,11,3,-2.0,3,1,3,-10.1382488479262,1,Venezuela,VE,VE,,8,-66,VE,1,Venezuela,VE,VE,,8,-66,VE,1,Venezuela,VE,VE,,8,-66,VE,20261008013000,https://www.rnz.co.nz/news/world/1791498/venezuela-s-maduro-to-face-new-us-charges-over-alleged-torture-of-americans-official-says
1326846041,20261008,202610,2026,2026.7616,USA,AMERICAN,USA,,,,,,,,VEN,VENEZUELA,VEN,,,,,,,,1,1822,182,18,4,-9.0,3,1,3,-10.1382488479262,2,"New York, United States",US,USNY,,42.1497,-74.9384,NY,1,Venezuela,VE,VE,,8,-66,VE,2,"New York, United States",US,USNY,,42.1497,-74.9384,NY,20261008013000,https://www.rnz.co.nz/news/world/1791498/venezuela-s-maduro-to-face-new-us-charges-over-alleged-torture-of-americans-official-says
1326846042,20261008,202610,2026,2026.7616,USABUS,CALIFORNIA,USA,,,,,BUS,,,USA,CALIFORNIA,USA,,,,,,,,0,010,010,01,1,0.0,10,1,10,-2.71604938271605,2,"California, United States",US,USCA,,36.17,-119.746,CA,2,"California, United States",US,USCA,,36.17,-119.746,CA,2,"California, United States",US,USCA,,36.17,-119.746,CA,20261008013000,https://nypost.com/2026/10/07/us-news/new-california-laws-signed-in-2026-that-will-impact-everyday-life/
1326846043,20261008,202610,2026,2026.7616,USACOP,UNITED STATES,USA,,,,,COP,,,,,,,,,,,,,0,010,010,01,1,0.0,5,1,5,-4.61165048543689,3,"Othello, Washington, United States",US,USWA,WA001,46.826,-119.175,1507216,0,,,,,,,,3,"Othello, Washington, United States",US,USWA,WA001,46.826,-119.175,1507216,20261008013000,https://www.yoursourceone.com/south_sound/columbia_basin/othello-educator-admitted-using-embezzled-teachers-union-funds-to-gamble-at-casinos/article_f7ad1291-2dbf-47ef-a9e5-fda39c224a44.html
1326846044,20261008,202610,2026,2026.7616,USACOP,UNITED STATES,USA,,,,,COP,,,,,,,,,,,,,0,010,010,01,1,0.0,1,1,1,-4.61165048543689,3,"Othello, Washington, United States",US,USWA,WA001,46.826,-119.175,1507216,0,,,,,,,,3,"Hiawatha Elementary School, Washington, United States",US,USWA,,46.8182,-119.159,1515191,20261008013000,https://www.yoursourceone.com/south_sound/columbia_basin/othello-educator-admitted-using-embezzled-teachers-union-funds-to-gamble-at-casinos/article_f7ad1291-2dbf-47ef-a9e5-fda39c224a44.html
1326846045,20261008,202610,2026,2026.7616,USACOP,UNITED STATES,USA,,,,,COP,,,,,,,,,,,,,0,011,011,01,1,-0.1,1,1,1,-8.26558265582656,3,"Cook County, Illinois, United States",US,USIL,IL031,41.8334,-87.8501,1784766,0,,,,,,,,3,"Cook County, Illinois, United States",US,USIL,,41.8334,-87.8501,1784766,20261008013000,https://abc7chicago.com/post/felicia-hirn-accused-killing-3-year-old-son-leland-chipoco-1-boys-death-chicago/19919207/
1326846046,20261008,202610,2026,2026.7616,USACOP,UNITED STATES,USA,,,,,COP,,,,,,,,,,,,,0,011,011,01,1,-0.1,1,1,1,-8.26558265582656,3,"Chicago, Illinois, United States",US,USIL,IL031,41.85,-87.6501,423587,0,,,,,,,,3,"Chicago, Illinois, United States",US,USIL,IL031,41.85,-87.6501,423587,20261008013000,https://abc7chicago.com/post/felicia-hirn-accused-killing-3-year-old-son-leland-chipoco-1-boys-death-chicago/19919207/
1326846047,20261008,202610,2026,2026.7616,USACOP,UNITED STATES,USA,,,,,COP,,,,,,,,,,,,,0,064,064,06,2,7.0,8,1,8,-4.61165048543689,3,"Othello, Washington, United States",US,USWA,WA001,46.826,-119.175,1507216,0,,,,,,,,3,"Othello, Washington, United States",US,USWA,WA001,46.826,-119.175,1507216,20261008013000,https://www.yoursourceone.com/south_sound/columbia_basin/othello-educator-admitted-using-embezzled-teachers-union-funds-to-gamble-at-casinos/article_f7ad1291-2dbf-47ef-a9e5-fda39c224a44.html
1326846048,20261008,202610,2026,2026.7616,USACOP,CHICAGO,USA,,,,,COP,,,JUD,ATTORNEY,,,,,,JUD,,,0,011,011,01,1,-0.1,1,1,1,-8.26558265582656,3,"Chicago, Illinois, United States",US,USIL,IL031,41.85,-87.6501,423587,3,"Cook County, Illinois, United States",US,USIL,,41.8334,-87.8501,1784766,3,"Chicago, Illinois, United States",US,USIL,IL031,41.85,-87.6501,423587,20261008013000,https://abc7chicago.com/post/felicia-hirn-accused-killing-3-year-old-son-leland-chipoco-1-boys-death-chicago/19919207/
1326846049,20261008,202610,2026,2026.7616,USACOP,CHICAGO,USA,,,,,COP,,,JUD,ATTORNEY,,,,,,JUD,,,0,013,013,01,1,0.4,1,1,1,-8.26558265582656,3,"Chicago, Illinois, United States",US,USIL,IL031,41.85,-87.6501,423587,3,"Cook County, Illinois, United States",US,USIL,,41.8334,-87.8501,1784766,3,"Chicago, Illinois, United States",US,USIL,IL031,41.85,-87.6501,423587,20261008013000,https://abc7chicago.com/post/felicia-hirn-accused-killing-3-year-old-son-leland-chipoco-1-boys-death-chicago/19919207/
1326846050,20261008,202610,2026,2026.7616,USACOP,UNITED STATES,USA,,,,,COP,,,USA,UNITED STATES,USA,,,,,,,,0,011,011,01,1,-0.1,2,1,2,-8.26558265582656,3,"Chicago, Illinois, United States",US,USIL,IL031,41.85,-87.6501,423587,3,"Cook County, Illinois, United States",US,USIL,,41.8334,-87.8501,1784766,3,"Chicago, Illinois, United States",US,USIL,IL031,41.85,-87.6501,423587,20261008013000,https://abc7chicago.com/post/felicia-hirn-accused-killing-3-year-old-son-leland-chipoco-1-boys-death-chicago/19919207/
1326846051,20261008,202610,2026,2026.7616,USACOP,UNITED STATES,USA,,,,,COP,,,USA,UNITED STATES,USA,,,,,,,,0,013,013,01,1,0.4,2,1,2,-8.26558265582656,3,"Chicago, Illinois, United States",US,USIL,IL031,41.85,-87.6501,423587,3,"Cook County, Illinois, United States",US,USIL,,41.8334,-87.8501,1784766,3,"Chicago, Illinois, United States",US,USIL,IL031,41.85,-87.6501,423587,20261008013000,https://abc7chicago.com/post/felicia-hirn-accused-killing-3-year-old-son-leland-chipoco-1-boys-death-chicago/19919207/
1326846052,20261008,202610,2026,2026.7616,USACOP,UNITED STATES,USA,,,,,COP,,,USA,UNITED STATES,USA,,,,,,,,0,071,071,07,2,7.4,1,1,1,-4.61165048543689,3,"Othello, Washington, United States",US,USWA,WA001,46.826,-119.175,1507216,3,"Othello, Washington, United States",US,USWA,WA001,46.826,-119.175,1507216,3,"Hiawatha Elementary School, Washington, United States",US,USWA,,46.8182,-119.159,1515191,20261008013000,https://www.yoursourceone.com/south_sound/columbia_basin/othello-educator-admitted-using-embezzled-teachers-union-funds-to-gamble-at-casinos/article_f7ad1291-2dbf-47ef-a9e5-fda39c224a44.html
1326846053,20261008,202610,2026,2026.7616,USACOP,UNITED STATES,USA,,,,,COP,,,USA,UNITED STATES,USA,,,,,,,,0,071,071,07,2,7.4,1,1,1,-4.61165048543689,3,"Othello, Washington, United States",US,USWA,WA001,46.826,-119.175,1507216,3,"Hiawatha Elementary School, Washington, United States",US,USWA,,46.8182,-119.159,1515191,3,"Hiawatha Elementary School, Washington, United States",US,USWA,,46.8182,-119.159,1515191,20261008013000,https://www.yoursourceone.com/south_sound/columbia_basin/othello-educator-admitted-using-embezzled-teachers-union-funds-to-gamble-at-casinos/article_f7ad1291-2dbf-47ef-a9e5-fda39c224a44.html
1326846054,20261008,202610,2026,2026.7616,USACOP,UNITED STATES,USA,,,,,COP,,,USAEDU,UNITED STATES,USA,,,,,EDU,,,0,071,071,07,2,7.4,4,1,4,-4.61165048543689,3,"Othello, Washington, United States",US,USWA,WA001,46.826,-119.175,1507216,3,"Othello, Washington, United States",US,USWA,WA001,46.826,-119.175,1507216,3,"Othello, Washington, United States",US,USWA,WA001,46.826,-119.175,1507216,20261008013000,https://www.yoursourceone.com/south_sound/columbia_basin/othello-educator-admitted-using-embezzled-teachers-union-funds-to-gamble-at-casinos/article_f7ad1291-2dbf-47ef-a9e5-fda39c224a44.html
1326846055,20261008,202610,2026,2026.7616,USACOP,UNITED STATES,USA,,,,,COP,,,USAEDU,UNITED STATES,USA,,,,,EDU,,,0,071,071,07,2,7.4,2,1,2,-4.61165048543689,3,"Othello, Washington, United States",US,USWA,WA001,46.826,-119.175,1507216,3,"Hiawatha Elementary School, Washington, United States",US,USWA,,46.8182,-119.159,1515191,3,"Hiawatha Elementary School, Washington, United States",US,USWA,,46.8182,-119.159,1515191,20261008013000,https://www.yoursourceone.com/south_sound/columbia_basin/othello-educator-admitted-using-embezzled-teachers-union-funds-to-gamble-at-casinos/article_f7ad1291-2dbf-47ef-a9e5-fda39c224a44.html
1326846056,20261008,202610,2026,2026.7616,USACRM,UNITED STATES,USA,,,,,CRM,,,USA,LOUISIANA,USA,,,,,,,,1,120,120,12,3,-4.0,4,1,4,-11.764705882353,3,"Libuse, Louisiana, United States",US,USLA,LA079,31.3541,-92.3335,536431,3,"Libuse, Louisiana, United States",US,USLA,LA079,31.3541,-92.3335,536431,3,"Libuse, Louisiana, United States",US,USLA,LA079,31.3541,-92.3335,536431,20261008013000,https://www.kalb.com/2026/10/07/review-laquarus-augustines-criminal-case-denied-by-louisiana-supreme-court/
1326846057,20261008,202610,2026,2026.7616,USACVL,UNITED STATES,USA,,,,,CVL,,,,,,,,,,,,,0,040,040,04,1,1.0,2,1,2,-3.40314136125654,3,"Franklin High School, California, United States",US,USCA,CA037,34.1159,-118.199,242443,0,,,,,,,,3,"Franklin High School, California, United States",US,USCA,,34.1159,-118.199,242443,20261008013000,https://kesq.com/news/california/2026/10/07/police-find-no-evidence-yet-linking-bullying-to-la-high-school-students-death/
1326846058,20261008,202610,2026,2026.7616,USACVL,LOS ANGELES,USA,,,,,CVL,,,,,,,,,,,,,0,191,191,19,4,-9.5,8,1,8,-8.22942643391519,3,"Los Angeles, California, United States",US,USCA,CA037,34.0522,-118.244,1662328,0,,,,,,,,3,"Los Angeles, California, United States",US,USCA,,34.0522,-118.244,1662328,20261008013000,https://nypost.com/2026/10/07/us-news/infamous-fairfax-trash-house-buried-in-garbage-for-third-time/
1326846059,20261008,202610,2026,2026.7616,USACVL,UNITED STATES,USA,,,,,CVL,,,EDU,STUDENT,,,,,,EDU,,,1,010,010,01,1,0.0,4,1,4,-1.28939828080229,3,"Berkeley, California, United States",US,USCA,CA001,37.8716,-122.273,1658037,3,"Berkeley, California, United States",US,USCA,CA001,37.8716,-122.273,1658037,3,"Berkeley, California, United States",US,USCA,CA001,37.8716,-122.273,1658037,20261008013000,https://dailynexus.com/2026-10-07/a-week-in-uc-student-news-46/
1326846060,20261008,202610,2026,2026.7616,USACVL,UNITED STATES,USA,,,,,CVL,,,USA,SOUTH CAROLINA,USA,,,,,,,,1,014,014,01,1,0.0,4,1,4,-2.54237288135594,2,"South Carolina, United States",US,USSC,,33.8191,-80.9066,SC,2,"South Carolina, United States",US,USSC,,33.8191,-80.9066,SC,2,"South Carolina, United States",US,USSC,,33.8191,-80.9066,SC,20261008013000,https://wach.com/news/local/gubernatorial-candidate-jermaine-johnson-tours-sumter-after-debate
1326846061,20261008,202610,2026,2026.7616,USACVL,LOS ANGELES,USA,,,,,CVL,,,USA,UNITED STATES,USA,,,,,,,,0,191,191,19,4,-9.5,2,1,2,-8.22942643391519,3,"Los Angeles, California, United States",US,USCA,CA037,34.0522,-118.244,1662328,3,"Los Angeles, California, United States",US,USCA,,34.0522,-118.244,1662328,3,"Los Angeles, California, United States",US,USCA,,34.0522,-118.244,1662328,20261008013000,https://nypost.com/2026/10/07/us-news/infamous-fairfax-trash-house-buried-in-garbage-for-third-time/
1326846062,20261008,202610,2026,2026.7616,USAEDU,UNITED STATES,USA,,,,,EDU,,,,,,,,,,,,,1,053,053,05,1,3.8,2,1,2,-1.28939828080229,3,"Berkeley, California, United States",US,USCA,CA001,37.8716,-122.273,1658037,0,,,,,,,,3,"Berkeley, California, United States",US,USCA,CA001,37.8716,-122.273,1658037,20261008013000,https://dailynexus.com/2026-10-07/a-week-in-uc-student-news-46/
1326846063,20261008,202610,2026,2026.7616,USAEDU,DELAWARE,USA,,,,,EDU,,,,,,,,,,,,,1,071,071,07,2,7.4,6,1,6,1.33630289532294,2,"Delaware, United States",US,USDE,,39.3498,-75.5148,DE,0,,,,,,,,2,"Delaware, United States",US,USDE,,39.3498,-75.5148,DE,20261008013000,https://whyy.org/articles/artificial-intelligence-center-university-of-delaware/
1326846064,20261008,202610,2026,2026.7616,USAEDU,NASHVILLE,USA,,,,,EDU,,,EDU,SCHOOL,,,,,,EDU,,,1,042,042,04,1,1.9,10,1,10,2.58899676375405,0,,,,,,,,0,,,,,,,,0,,,,,,,,20261008013000,https://www.wsmv.com/2026/10/07/walk-school-day-puts-spotlight-safer-routes-nashville-students/
1326846065,20261008,202610,2026,2026.7616,USAEDU,ALASKA,USA,,,,,EDU,,,EDU,SCHOOL,,,,,,EDU,,,0,042,042,04,1,1.9,6,1,6,-2.95930949445129,2,"Alaska, United States",US,USAK,,61.385,-152.268,AK,2,"Alaska, United States",US,USAK,,61.385,-152.268,AK,2,"Alaska, United States",US,USAK,,61.385,-152.268,AK,20261008013000,https://www.adn.com/alaska-news/2026/10/07/about-30-alaska-native-youths-buried-at-boarding-schools-decades-ago-are-now-returning-home/
1326846066,20261008,202610,2026,2026.7616,USAEDU,UNITED STATES,USA,,,,,EDU,,,EDU,LECTURER,,,,,,EDU,,,1,050,050,05,1,3.5,6,1,6,-1.28939828080229,1,Israel,IS,IS,,31.5,34.75,IS,1,Israel,IS,IS,,31.5,34.75,IS,1,Israel,IS,IS,,31.5,34.75,IS,20261008013000,https://dailynexus.com/2026-10-07/a-week-in-uc-student-news-46/
1326846067,20261008,202610,2026,2026.7616,USAEDU,PENNSYLVANIA,USA,,,,,EDU,,,USA,ALASKA,USA,,,,,,,,1,043,043,04,1,2.8,10,1,10,-2.95930949445129,2,"Pennsylvania, United States",US,USPA,,40.5773,-77.264,PA,2,"Alaska, United States",US,USAK,,61.385,-152.268,AK,2,"Alaska, United States",US,USAK,,61.385,-152.268,AK,20261008013000,https://www.adn.com/alaska-news/2026/10/07/about-30-alaska-native-youths-buried-at-boarding-schools-decades-ago-are-now-returning-home/
1326846068,20261008,202610,2026,2026.7616,USAEDU,UNITED STATES,USA,,,,,EDU,,,USA,UNITED STATES,USA,,,,,,,,1,051,051,05,1,3.4,2,1,2,-1.28939828080229,3,"Berkeley, California, United States",US,USCA,CA001,37.8716,-122.273,1658037,3,"Berkeley, California, United States",US,USCA,CA001,37.8716,-122.273,1658037,3,"Berkeley, California, United States",US,USCA,CA001,37.8716,-122.273,1658037,20261008013000,https://dailynexus.com/2026-10-07/a-week-in-uc-student-news-46/
1326846069,20261008,202610,2026,2026.7616,USAEDU,UNITED STATES,USA,,,,,EDU,,,USA,UNITED STATES,USA,,,,,,,,1,053,053,05,1,3.8,2,1,2,-1.28939828080229,3,"Berkeley, California, United States",US,USCA,CA001,37.8716,-122.273,1658037,3,"Berkeley, California, United States",US,USCA,CA001,37.8716,-122.273,1658037,3,"Berkeley, California, United States",US,USCA,CA001,37.8716,-122.273,1658037,20261008013000,https://dailynexus.com/2026-10-07/a-week-in-uc-student-news-46/
1326846070,20261008,202610,2026,2026.7616,USAEDU,DELAWARE,USA,,,,,EDU,,,USA,UNITED STATES,USA,,,,,,,,1,071,071,07,2,7.4,4,1,4,1.33630289532294,2,"Delaware, United States",US,USDE,,39.3498,-75.5148,DE,2,"Delaware, United States",US,USDE,,39.3498,-75.5148,DE,2,"Delaware, United States",US,USDE,,39.3498,-75.5148,DE,20261008013000,https://whyy.org/articles/artificial-intelligence-center-university-of-delaware/
1326846071,20261008,202610,2026,2026.7616,USAEDU,UNITED STATES,USA,,,,,EDU,,,USAEDU,UNITED STATES,USA,,,,,EDU,,,1,050,050,05,1,3.5,2,1,2,-1.28939828080229,1,Israel,IS,IS,,31.5,34.75,IS,1,Israel,IS,IS,,31.5,34.75,IS,1,Israel,IS,IS,,31.5,34.75,IS,20261008013000,https://dailynexus.com/2026-10-07/a-week-in-uc-student-news-46/
1326846072,20261008,202610,2026,2026.7616,USAELI,UNITED STATES,USA,,,,,ELI,,,GOV,CITY MANAGER,,,,,,GOV,,,1,036,036,03,1,4.0,2,1,2,-0.19379844961241,3,"Webster Groves, Missouri, United States",US,USMO,MO189,38.5926,-90.3573,756880,2,"Missouri, United States",US,USMO,,38.4623,-92.302,MO,2,"Missouri, United States",US,USMO,,38.4623,-92.302,MO,20261008013000,https://kdhnews.com/news/local/killeen-council-set-to-vote-on-peoples-as-city-manager-her-contract-is-signed-with/article_9e6adcaa-8611-438e-a7a0-2546532c3d30.html
1326846073,20261008,202610,2026,2026.7616,USAGOV,US AMBASSADOR,USA,,,,,GOV,,,,,,,,,,,,,0,042,042,04,1,1.9,4,1,4,-2.47349823321555,4,"Athens, AttikíR, Greece",GR,GR35,16716,37.9833,23.7333,-814876,0,,,,,,,,4,"Athens, AttikíR, Greece",GR,GR35,16716,37.9833,23.7333,-814876,20261008013000,https://www.wgauradio.com/news/world/rubio-greece-set/U3SEX2WSX45QVETNOE7MAX477M/
1326846074,20261008,202610,2026,2026.7616,USAGOV,US AMBASSADOR,USA,,,,,GOV,,,,,,,,,,,,,0,042,042,04,1,1.9,6,1,6,-2.47349823321555,4,"Athens, AttikíR, Greece",GR,GR35,16716,37.9833,23.7333,-814876,0,,,,,,,,2,"California, United States",US,USCA,,36.17,-119.746,CA,20261008013000,https://www.wgauradio.com/news/world/rubio-greece-set/U3SEX2WSX45QVETNOE7MAX477M/
1326846075,20261008,202610,2026,2026.7616,USAGOV,NEW YORK CITY,USA,,,,,GOV,,,,,,,,,,,,,1,051,051,05,1,3.4,6,1,6,-8.50202429149799,2,"New York, United States",US,USNY,,42.1497,-74.9384,NY,0,,,,,,,,2,"New York, United States",US,USNY,,42.1497,-74.9384,NY,20261008013000,https://nypost.com/2026/10/07/us-news/mamdani-booed-berated-by-anti-israel-protesters-at-nyc-oct-7-memorial/
1326846076,20261008,202610,2026,2026.7616,USAGOV,UNITED STATES,USA,,,,,GOV,,,,,,,,,,,,,0,160,160,16,4,-4.0,2,1,2,-4.76190476190476,2,"Maine, United States",US,USME,,44.6074,-69.3977,ME,0,,,,,,,,2,"Maine, United States",US,USME,,44.6074,-69.3977,ME,20261008013000,https://www.sunjournal.com/2026/10/07/democrat-files-ethics-complaint-against-susan-collins-over-alleged-pay-to-play-scheme/
1326846077,20261008,202610,2026,2026.7616,USAGOV,LOS ANGELES,USA,,,,,GOV,,,CVL,RESIDENTS,,,,,,CVL,,,1,114,114,11,3,-2.0,8,1,8,-8.22942643391519,3,"Los Angeles, California, United States",US,USCA,CA037,34.0522,-118.244,1662328,3,"Los Angeles, California, United States",US,USCA,,34.0522,-118.244,1662328,3,"Los Angeles, California, United States",US,USCA,,34.0522,-118.244,1662328,20261008013000,https://nypost.com/2026/10/07/us-news/infamous-fairfax-trash-house-buried-in-garbage-for-third-time/
1326846078,20261008,202610,2026,2026.7616,USAGOV,THE WHITE HOUSE,USA,,,,,GOV,,,MIL,AIR FORCE,,,,,,MIL,,,0,0831,083,08,2,5.0,2,1,2,-1.1986301369863,3,"White House, District of Columbia, United States",US,USDC,,38.8951,-77.0364,531871,3,"Washington, District of Columbia, United States",US,USDC,DC001,38.8951,-77.0364,531871,3,"Washington, District of Columbia, United States",US,USDC,DC001,38.8951,-77.0364,531871,20261008013000,https://www.thedailybeast.com/why-uncle-donald-doesnt-want-to-shake-off-natalie
1326846079,20261008,202610,2026,2026.7616,USAGOV,UNITED STATES,USA,,,,,GOV,,,SDNMIL,SUDAN,SDN,,,,,MIL,,,1,120,120,12,3,-4.0,2,1,2,-3.12989045383411,3,"Washington, District of Columbia, United States",US,USDC,DC001,38.8951,-77.0364,531871,4,"Khartoum, Al Khartum, Sudan",SU,SU29,37069,15.5881,32.5342,-1987,4,"Khartoum, Al Khartum, Sudan",SU,SU29,37069,15.5881,32.5342,-1987,20261008013000,https://www.irishdentist.ie/sudan-trumps-game-in-africa-this-way-the-conflict-can-spread-to-the-red-sea/22686/
1326846080,20261008,202610,2026,2026.7616,USAGOV,WASHINGTON,USA,,,,,GOV,,,SDNMIL,SUDANESE,SDN,,,,,MIL,,,1,120,120,12,3,-4.0,4,1,4,-3.12989045383411,3,"Washington, District of Columbia, United States",US,USDC,DC001,38.8951,-77.0364,531871,4,"Khartoum, Al Khartum, Sudan",SU,SU29,37069,15.5881,32.5342,-1987,3,"Washington, District of Columbia, United States",US,USDC,DC001,38.8951,-77.0364,531871,20261008013000,https://www.irishdentist.ie/sudan-trumps-game-in-africa-this-way-the-conflict-can-spread-to-the-red-sea/22686/
1326846081,20261008,202610,2026,2026.7616,USAGOV,UNITED STATES,USA,,,,,GOV,,,USA,UNITED STATES,USA,,,,,,,,0,010,010,01,1,0.0,1,1,1,-1.54761904761904,2,"New York, United States",US,USNY,,42.1497,-74.9384,NY,3,"Washington, District of Columbia, United States",US,USDC,DC001,38.8951,-77.0364,531871,3,"Washington, District of Columbia, United States",US,USDC,DC001,38.8951,-77.0364,531871,20261008013000,https://dunyanews.tv/en/World/976699-most-republicans-in-tight-midterm-races-distance-themselves-from-trump
1326846082,20261008,202610,2026,2026.7616,USAGOV,THE WHITE HOUSE,USA,,,,,GOV,,,USA,IOWA,USA,,,,,,,,0,046,046,04,1,7.0,1,1,1,-1.54761904761904,3,"White House, District of Columbia, United States",US,USDC,,38.8951,-77.0364,531871,2,"Iowa, United States",US,USIA,,42.0046,-93.214,IA,3,"White House, District of Columbia, United States",US,USDC,,38.8951,-77.0364,531871,20261008013000,https://dunyanews.tv/en/World/976699-most-republicans-in-tight-midterm-races-distance-themselves-from-trump
1326846083,20261008,202610,2026,2026.7616,USAGOV,UNITED STATES,USA,,,,,GOV,,,USA,UNITED STATES,USA,,,,,,,,1,071,071,07,2,7.4,4,1,4,-8.97959183673468,1,United States,US,US,,39.828175,-98.5795,US,1,United States,US,US,,39.828175,-98.5795,US,1,United States,US,US,,39.828175,-98.5795,US,20261008013000,https://democrats.org/breaking-dnc-sues-trump-for-illegally-using-millions-of-taxpayer-dollars-on-partisan-political-propaganda/
1326846084,20261008,202610,2026,2026.7616,USAHLH,UNITED STATES,USA,,,,,HLH,,,USA,UNITED STATES,USA,,,,,,,,0,010,010,01,1,0.0,1,1,1,-6.57334144856969,3,"Riverbend, Tennessee, United States",US,USTN,TN093,35.8954,-83.9763,1312367,3,"Riverbend, Tennessee, United States",US,USTN,TN093,35.8954,-83.9763,1312367,3,"Riverbend, Tennessee, United States",US,USTN,TN093,35.8954,-83.9763,1312367,20261008013000,https://www.dailymail.com/crime-desk/article-16190497/christa-pike-family-speak-execution-tennessee.html
1326846085,20261008,202610,2026,2026.7616,USAHLH,UNITED STATES,USA,,,,,HLH,,,USA,UNITED STATES,USA,,,,,,,,0,042,042,04,1,1.9,2,1,2,-6.57334144856969,3,"Riverbend, Tennessee, United States",US,USTN,TN093,35.8954,-83.9763,1312367,3,"Riverbend, Tennessee, United States",US,USTN,TN093,35.8954,-83.9763,1312367,3,"Riverbend, Tennessee, United States",US,USTN,TN093,35.8954,-83.9763,1312367,20261008013000,https://www.dailymail.com/crime-desk/article-16190497/christa-pike-family-speak-execution-tennessee.html
1326846086,20261008,202610,2026,2026.7616,USAJUD,LOUISIANA,USA,,,,,JUD,,,,,,,,,,,,,1,043,043,04,1,2.8,6,1,6,-8.6705202312139,2,"Louisiana, United States",US,USLA,,31.1801,-91.8749,LA,0,,,,,,,,2,"Louisiana, United States",US,USLA,,31.1801,-91.8749,LA,20261008013000,https://www.kalb.com/2026/10/07/could-kayla-giles-return-court-after-louisiana-supreme-court-ruling/
1326846087,20261008,202610,2026,2026.7616,USAJUD,UNITED STATES,USA,,,,,JUD,,,USA,UNITED STATES,USA,,,,,,,,1,012,012,01,1,-0.4,2,1,2,-5.06493506493506,2,"North Carolina, United States",US,USNC,,35.6411,-79.8431,NC,2,"North Carolina, United States",US,USNC,,35.6411,-79.8431,NC,2,"North Carolina, United States",US,USNC,,35.6411,-79.8431,NC,20261008013000,https://wlos.com/news/local/north-carolina-cut-divorce-separation-period-6-months-general-assembly-politics-senate-bill-626-house-law-spouses-children-domestic-violence
1326846088,20261008,202610,2026,2026.7616,USAJUD,LOUISIANA,USA,,,,,JUD,,,USA,LOUISIANA,USA,,,,,,,,1,014,014,01,1,0.0,5,1,5,-8.6705202312139,2,"Louisiana, United States",US,USLA,,31.1801,-91.8749,LA,2,"Louisiana, United States",US,USLA,,31.1801,-91.8749,LA,3,"Rapides, Louisiana, United States",US,USLA,LA079,31.3635,-92.5868,555753,20261008013000,https://www.kalb.com/2026/10/07/could-kayla-giles-return-court-after-louisiana-supreme-court-ruling/
1326846089,20261008,202610,2026,2026.7616,USAJUD,UNITED STATES,USA,,,,,JUD,,,USA,LOUISIANA,USA,,,,,,,,1,042,042,04,1,1.9,2,1,2,-8.6705202312139,3,"Rapides, Louisiana, United States",US,USLA,LA079,31.3635,-92.5868,555753,3,"Rapides, Louisiana, United States",US,USLA,LA079,31.3635,-92.5868,555753,3,"Rapides, Louisiana, United States",US,USLA,LA079,31.3635,-92.5868,555753,20261008013000,https://www.kalb.com/2026/10/07/could-kayla-giles-return-court-after-louisiana-supreme-court-ruling/
1326846090,20261008,202610,2026,2026.7616,USAJUD,UNITED STATES,USA,,,,,JUD,,,USA,UNITED STATES,USA,,,,,,,,1,080,080,08,2,5.0,4,1,4,-3.94190871369294,2,"Tennessee, United States",US,USTN,,35.7449,-86.7489,TN,2,"Tennessee, United States",US,USTN,,35.7449,-86.7489,TN,2,"Tennessee, United States",US,USTN,,35.7449,-86.7489,TN,20261008013000,https://www.wsmv.com/2026/10/07/christa-pikes-attorneys-give-update-after-she-woke-up-failed-execution/
1326846091,20261008,202610,2026,2026.7616,USAJUD,MINNESOTA,USA,,,,,JUD,,,USA,MINNESOTA,USA,,,,,,,,1,173,173,17,4,-5.0,10,1,10,-5.03035559410234,3,"Mall Of America, Minnesota, United States",US,USMN,MN037,44.8544,-93.2436,659621,3,"Mall Of America, Minnesota, United States",US,USMN,,44.8544,-93.2436,659621,3,"Mall Of America, Minnesota, United States",US,USMN,,44.8544,-93.2436,659621,20261008013000,https://krdo.com/news/national-world/cnn-national/2026/10/07/federal-prosecutors-in-minnesota-charge-man-with-terrorism-after-they-say-he-planned-to-target-the-mall-of-america/
1326846092,20261008,202610,2026,2026.7616,USAJUD,LOUISIANA,USA,,,,,JUD,,,USA,LOUISIANA,USA,,,,,,,,1,173,173,17,4,-5.0,1,1,1,-8.6705202312139,2,"Louisiana, United States",US,USLA,,31.1801,-91.8749,LA,2,"Louisiana, United States",US,USLA,,31.1801,-91.8749,LA,3,"Rapides, Louisiana, United States",US,USLA,LA079,31.3635,-92.5868,555753,20261008013000,https://www.kalb.com/2026/10/07/could-kayla-giles-return-court-after-louisiana-supreme-court-ruling/
1326846093,20261008,202610,2026,2026.7616,USALEG,OHIO,USA,,,,,LEG,,,,,,,,,,,,,1,020,020,02,1,3.0,3,1,3,1.8905472636816,2,"Ohio, United States",US,USOH,,40.3736,-82.7755,OH,0,,,,,,,,2,"Ohio, United States",US,USOH,,40.3736,-82.7755,OH,20261008013000,https://highlandcountypress.com/education/ohio-gets-failing-mark-sex-education-policy-national-group
1326846094,20261008,202610,2026,2026.7616,USALEG,OHIO,USA,,,,,LEG,,,EDU,SCHOOL,,,,,,EDU,,,0,020,020,02,1,3.0,3,1,3,1.8905472636816,2,"Ohio, United States",US,USOH,,40.3736,-82.7755,OH,2,"Ohio, United States",US,USOH,,40.3736,-82.7755,OH,2,"Ohio, United States",US,USOH,,40.3736,-82.7755,OH,20261008013000,https://highlandcountypress.com/education/ohio-gets-failing-mark-sex-education-policy-national-group
1326846095,20261008,202610,2026,2026.7616,USAMED,REUTERS,USA,,,,,MED,,,,,,,,,,,,,0,011,011,01,1,-0.1,10,1,10,-5.27472527472527,4,"Kremlin, Moskva, Russia",RS,RS48,25106,55.7522,37.6156,-2960561,0,,,,,,,,4,"Kremlin, Moskva, Russia",RS,RS48,25106,55.7522,37.6156,-2960561,20261008013000,https://dunyanews.tv/en/Health/976705-russia-says-plague-institute-workers-death-does-not-risk-an-epidemic
1326846096,20261008,202610,2026,2026.7616,USAMED,REUTERS,USA,,,,,MED,,,,,,,,,,,,,0,124,124,12,3,-4.0,10,1,10,-5.27472527472527,4,"Kremlin, Moskva, Russia",RS,RS48,25106,55.7522,37.6156,-2960561,0,,,,,,,,4,"Kremlin, Moskva, Russia",RS,RS48,25106,55.7522,37.6156,-2960561,20261008013000,https://dunyanews.tv/en/Health/976705-russia-says-plague-institute-workers-death-does-not-risk-an-epidemic
1326846097,20261008,202610,2026,2026.7616,USAMED,REUTERS,USA,,,,,MED,,,BUS,COMPANY,,,,,,BUS,,,0,010,010,01,1,0.0,2,1,2,-6.81520314547837,4,"Dnipropetrovsk, Dnipropetrovs'ka Oblast', Ukraine",UP,UP04,28546,48.463,35.039,-1037865,4,"Kharkiv, Kharkivs'ka Oblast', Ukraine",UP,UP07,25036,49.9808,36.2527,-1041320,4,"Kharkiv, Kharkivs'ka Oblast', Ukraine",UP,UP07,25036,49.9808,36.2527,-1041320,20261008013000,https://www.odt.co.nz/news/world/at-least-28-killed-in-ukraine-as-zelenskiy-condemns-vile-strikes-to7m18cj
1326846098,20261008,202610,2026,2026.7616,USAMED,REUTERS,USA,,,,,MED,,,BUS,COMPANY,,,,,,BUS,,,0,010,010,01,1,0.0,6,1,6,-6.81520314547837,4,"Kharkiv, Kharkivs'ka Oblast', Ukraine",UP,UP07,25036,49.9808,36.2527,-1041320,4,"Moscow, Moskva, Russia",RS,RS48,25106,55.7522,37.6156,-2960561,4,"Kharkiv, Kharkivs'ka Oblast', Ukraine",UP,UP07,25036,49.9808,36.2527,-1041320,20261008013000,https://www.odt.co.nz/news/world/at-least-28-killed-in-ukraine-as-zelenskiy-condemns-vile-strikes-to7m18cj
1326846099,20261008,202610,2026,2026.7616,USAMED,REUTERS,USA,,,,,MED,,,BUS,COMPANY,,,,,,BUS,,,0,010,010,01,1,0.0,2,1,2,-6.81520314547837,4,"Pryluky, Zhytomyrs'ka Oblast', Ukraine",UP,UP27,39918,51.4634,28.8657,-1051544,4,"Moscow, Moskva, Russia",RS,RS48,25106,55.7522,37.6156,-2960561,4,"Pryluky, Zhytomyrs'ka Oblast', Ukraine",UP,UP27,39918,51.4634,28.8657,-1051544,20261008013000,https://www.odt.co.nz/news/world/at-least-28-killed-in-ukraine-as-zelenskiy-condemns-vile-strikes-to7m18cj
1326846100,20261008,202610,2026,2026.7616,USAMED,ASSOCIATED PRESS,USA,,,,,MED,,,IRN,IRAN,IRN,,,,,,,,1,051,051,05,1,3.4,1,1,1,-1.48514851485149,3,"Washington, District of Columbia, United States",US,USDC,DC001,38.8951,-77.0364,531871,3,"San Diego, California, United States",US,USCA,,32.7153,-117.157,1661377,3,"San Diego, California, United States",US,USCA,,32.7153,-117.157,1661377,20261008013000,https://www.klkntv.com/i/hegseth-visits-the-long-deployed-uss-lincoln-to-bestow-a-top-award-before-the-ship-returns-home/
1326846101,20261008,202610,2026,2026.7616,USAMED,ASSOCIATED PRESS,USA,,,,,MED,,,IRN,IRAN,IRN,,,,,,,,1,051,051,05,1,3.4,1,1,1,-1.48514851485149,3,"Washington, District of Columbia, United States",US,USDC,DC001,38.8951,-77.0364,531871,1,Iran,IR,IR,,32,53,IR,1,Iran,IR,IR,,32,53,IR,20261008013000,https://www.klkntv.com/i/hegseth-visits-the-long-deployed-uss-lincoln-to-bestow-a-top-award-before-the-ship-returns-home/
1326846102,20261008,202610,2026,2026.7616,USAMED,ASSOCIATED PRESS,USA,,,,,MED,,,USA,THE US,USA,,,,,,,,1,051,051,05,1,3.4,2,1,2,-1.48514851485149,3,"Washington, District of Columbia, United States",US,USDC,DC001,38.8951,-77.0364,531871,3,"Washington, District of Columbia, United States",US,USDC,DC001,38.8951,-77.0364,531871,3,"Washington, District of Columbia, United States",US,USDC,DC001,38.8951,-77.0364,531871,20261008013000,https://www.klkntv.com/i/hegseth-visits-the-long-deployed-uss-lincoln-to-bestow-a-top-award-before-the-ship-returns-home/
1326846103,20261008,202610,2026,2026.7616,USAMIL,A US,USA,,,,,MIL,,,VEN,VENEZUELA,VEN,,,,,,,,1,173,173,17,4,-5.0,2,1,2,-9.9056603773585,4,"Caracas, Distrito Federal, Venezuela",VE,VE25,31959,10.5,-66.9167,-938457,4,"Caracas, Distrito Federal, Venezuela",VE,VE25,31959,10.5,-66.9167,-938457,4,"Caracas, Distrito Federal, Venezuela",VE,VE25,31959,10.5,-66.9167,-938457,20261008013000,https://www.abc.net.au/news/2026-10-08/torture-charges-expected-for-nicol%C3%A1s-maduro/107241718
1326846104,20261008,202610,2026,2026.7616,USAREL,UNITED STATES,USA,,,,,,,,,,,,,,,,,,0,120,120,12,3,-4.0,2,1,2,0,2,"Texas, United States",US,USTX,,31.106,-97.6475,TX,0,,,,,,,,2,"Texas, United States",US,USTX,,31.106,-97.6475,TX,20261008013000,https://www.cbsnews.com/news/gina-hinojosa-texas-governors-race-campaign-investment-dga-greg-abbott/
1326846105,20261008,202610,2026,2026.7616,VEN,VENEZUELA,VEN,,,,,,,,,,,,,,,,,,1,016,016,01,1,-2.0,2,1,2,-9.9056603773585,4,"Caracas, Distrito Federal, Venezuela",VE,VE25,31959,10.5,-66.9167,-938457,0,,,,,,,,4,"Caracas, Distrito Federal, Venezuela",VE,VE25,31959,10.5,-66.9167,-938457,20261008013000,https://www.abc.net.au/news/2026-10-08/torture-charges-expected-for-nicol%C3%A1s-maduro/107241718
1326846106,20261008,202610,2026,2026.7616,VEN,VENEZUELA,VEN,,,,,,,,GOV,ADMINISTRATION,,,,,,GOV,,,0,181,181,18,4,-9.0,1,1,1,-9.9056603773585,4,"Caracas, Distrito Federal, Venezuela",VE,VE25,31959,10.5,-66.9167,-938457,4,"Caracas, Distrito Federal, Venezuela",VE,VE25,31959,10.5,-66.9167,-938457,4,"Caracas, Distrito Federal, Venezuela",VE,VE25,31959,10.5,-66.9167,-938457,20261008013000,https://www.abc.net.au/news/2026-10-08/torture-charges-expected-for-nicol%C3%A1s-maduro/107241718
1326846107,20261008,202610,2026,2026.7616,VEN,VENEZUELA,VEN,,,,,,,,GOV,ADMINISTRATION,,,,,,GOV,,,0,181,181,18,4,-9.0,1,1,1,-9.9056603773585,4,"Caracas, Distrito Federal, Venezuela",VE,VE25,31959,10.5,-66.9167,-938457,3,"Brooklyn, New York, United States",US,USNY,NY025,42.3442,-75.1704,944840,4,"Caracas, Distrito Federal, Venezuela",VE,VE25,31959,10.5,-66.9167,-938457,20261008013000,https://www.abc.net.au/news/2026-10-08/torture-charges-expected-for-nicol%C3%A1s-maduro/107241718
1326846108,20261008,202610,2026,2026.7616,VEN,VENEZUELA,VEN,,,,,,,,USA,UNITED STATES,USA,,,,,,,,1,112,112,11,3,-2.0,2,1,2,-9.9056603773585,4,"Caracas, Distrito Federal, Venezuela",VE,VE25,31959,10.5,-66.9167,-938457,2,"New York, United States",US,USNY,,42.1497,-74.9384,NY,2,"New York, United States",US,USNY,,42.1497,-74.9384,NY,20261008013000,https://www.abc.net.au/news/2026-10-08/torture-charges-expected-for-nicol%C3%A1s-maduro/107241718
1326846109,20261008,202610,2026,2026.7616,VEN,VENEZUELAN,VEN,,,,,,,,VENGOV,VENEZUELA,VEN,,,,,GOV,,,1,112,112,11,3,-2.0,1,1,1,-9.9056603773585,4,"Caracas, Distrito Federal, Venezuela",VE,VE25,31959,10.5,-66.9167,-938457,4,"Caracas, Distrito Federal, Venezuela",VE,VE25,31959,10.5,-66.9167,-938457,3,"Brooklyn, New York, United States",US,USNY,NY025,42.3442,-75.1704,944840,20261008013000,https://www.abc.net.au/news/2026-10-08/torture-charges-expected-for-nicol%C3%A1s-maduro/107241718
1326846110,20261008,202610,2026,2026.7616,VEN,VENEZUELAN,VEN,,,,,,,,VENGOV,VENEZUELA,VEN,,,,,GOV,,,1,112,112,11,3,-2.0,1,1,1,-9.9056603773585,4,"Caracas, Distrito Federal, Venezuela",VE,VE25,31959,10.5,-66.9167,-938457,4,"Caracas, Distrito Federal, Venezuela",VE,VE25,31959,10.5,-66.9167,-938457,3,"Manhattan, New York, United States",US,USNY,NY061,40.7834,-73.9662,971945,20261008013000,https://www.abc.net.au/news/2026-10-08/torture-charges-expected-for-nicol%C3%A1s-maduro/107241718
1326846111,20261008,202610,2026,2026.7616,VEN,VENEZUELAN,VEN,,,,,,,,VENGOV,VENEZUELA,VEN,,,,,GOV,,,1,1822,182,18,4,-9.0,2,1,2,-9.9056603773585,4,"Caracas, Distrito Federal, Venezuela",VE,VE25,31959,10.5,-66.9167,-938457,4,"Caracas, Distrito Federal, Venezuela",VE,VE25,31959,10.5,-66.9167,-938457,4,"Caracas, Distrito Federal, Venezuela",VE,VE25,31959,10.5,-66.9167,-938457,20261008013000,https://www.abc.net.au/news/2026-10-08/torture-charges-expected-for-nicol%C3%A1s-maduro/107241718
1326846112,20261008,202610,2026,2026.7616,YEM,ADEN,YEM,,,,,,,,,,,,,,,,,,0,194,194,19,4,-10.0,10,1,10,-5.24590163934426,4,"World Health Organization, Al Qahirah, Egypt",EG,EG11,65350,30.0643,31.3481,11248568,0,,,,,,,,4,"World Health Organization, Al Qahirah, Egypt",EG,EG11,65350,30.0643,31.3481,11248568,20261008013000,https://economictimes.indiatimes.com/news/defence/attacks-on-saudi-airports-claimed-by-houthi-rebels-kill-3-people/articleshow/134777276.cms
1326846113,20261008,202610,2026,2026.7616,YEM,YEMEN,YEM,,,,,,,,CRM,CRIMINAL,,,,,,CRM,,,1,015,015,01,1,0.0,4,1,4,-17.3252279635259,4,"Sanaa, Sana', Yemen",YM,YM16,32956,15.3547,44.2067,-3191442,4,"Sanaa, Sana', Yemen",YM,YM16,32956,15.3547,44.2067,-3191442,4,"Sanaa, Sana', Yemen",YM,YM16,32956,15.3547,44.2067,-3191442,20261008013000,https://wach.com/news/local/2026-10-07-man-denied-post-conviction-relief-in-murder-of-15-year-old-sanaa-amenhotep-treveon-nelson-sentenced-crime
1326846114,20261008,202610,2026,2026.7616,YEM,YEMEN,YEM,,,,,,,,CRM,CRIMINAL,,,,,,CRM,,,1,190,190,19,4,-10.0,4,1,4,-17.3252279635259,4,"Sanaa, Sana', Yemen",YM,YM16,32956,15.3547,44.2067,-3191442,4,"Sanaa, Sana', Yemen",YM,YM16,32956,15.3547,44.2067,-3191442,4,"Sanaa, Sana', Yemen",YM,YM16,32956,15.3547,44.2067,-3191442,20261008013000,https://wach.com/news/local/2026-10-07-man-denied-post-conviction-relief-in-murder-of-15-year-old-sanaa-amenhotep-treveon-nelson-sentenced-crime
1326846115,20261008,202610,2026,2026.7616,idg,INDIGENOUS,,,idg,,,,,,,,,,,,,,,,1,010,010,01,1,0.0,5,1,5,1.78571428571429,0,,,,,,,,0,,,,,,,,0,,,,,,,,20261008013000,https://classic107.com/articles/oshkagoojin-indigenous-theatre-for-youth-hosts-rising-voices-free-workshops
1326846116,20261008,202610,2026,2026.7616,idg,INDIGENOUS,,,idg,,,,,,,,,,,,,,,,1,043,043,04,1,2.8,10,1,10,1.78571428571429,0,,,,,,,,0,,,,,,,,0,,,,,,,,20261008013000,https://classic107.com/articles/oshkagoojin-indigenous-theatre-for-youth-hosts-rising-voices-free-workshops
1326846117,20261008,202610,2026,2026.7616,idg,INDIGENOUS,,,idg,,,,,,,,,,,,,,,,1,180,180,18,4,-9.0,6,1,6,-10.1694915254237,4,"Sydney, New South Wales, Australia",AS,AS02,154637,-33.8833,151.217,-1603135,0,,,,,,,,4,"Sydney, New South Wales, Australia",AS,AS02,154637,-33.8833,151.217,-1603135,20261008013000,https://www.abc.net.au/news/2026-10-08/mick-mundine-arrest-redfern-child-sex-assault-allegation/107242280
1326846118,20261008,202610,2026,2026.7616,idg,INDIGENOUS,,,idg,,,,,,AUS,AUSTRALIA,AUS,,,,,,,,1,180,180,18,4,-9.0,4,1,4,-10.1694915254237,4,"Sydney, New South Wales, Australia",AS,AS02,154637,-33.8833,151.217,-1603135,4,"Sydney, New South Wales, Australia",AS,AS02,154637,-33.8833,151.217,-1603135,4,"Sydney, New South Wales, Australia",AS,AS02,154637,-33.8833,151.217,-1603135,20261008013000,https://www.abc.net.au/news/2026-10-08/mick-mundine-arrest-redfern-child-sex-assault-allegation/107242280
1326846119,20261008,202610,2026,2026.7616,mun,MUNDA,,,mun,,,,,,,,,,,,,,,,0,012,012,01,1,-0.4,2,1,2,-1.73638078331299,4,"Ranchi, Jharkhand, India",IN,IN38,17622,23.35,85.3333,-2109068,0,,,,,,,,4,"Ranchi, Jharkhand, India",IN,IN38,17622,23.35,85.3333,-2109068,20261008013000,https://indiankanoon.org/doc/112239434/
1326846120,20261008,202610,2026,2026.7616,mun,MUNDA,,,mun,,,,,,,,,,,,,,,,0,012,012,01,1,-0.4,6,1,6,-1.73638078331299,4,"Shiv, Rajasthan, India",IN,IN24,17848,26.1833,71.25,-2111141,0,,,,,,,,4,"Shiv, Rajasthan, India",IN,IN24,17848,26.1833,71.25,-2111141,20261008013000,https://indiankanoon.org/doc/112239434/
1326846121,20261008,202610,2026,2026.7616,mun,MUNDA,,,mun,,,,,,,,,,,,,,,,0,043,043,04,1,2.8,4,1,4,-1.73638078331299,4,"Ranchi, Jharkhand, India",IN,IN38,17622,23.35,85.3333,-2109068,0,,,,,,,,4,"Ranchi, Jharkhand, India",IN,IN38,17622,23.35,85.3333,-2109068,20261008013000,https://indiankanoon.org/doc/112239434/
1326846122,20261008,202610,2026,2026.7616,mun,MUNDA,,,mun,,,,,,CVL,COMMUNITY,,,,,,CVL,,,0,051,051,05,1,3.4,2,1,2,-1.73638078331299,4,"Ranchi, Jharkhand, India",IN,IN38,17622,23.35,85.3333,-2109068,4,"Ranchi, Jharkhand, India",IN,IN38,17622,23.35,85.3333,-2109068,4,"Ranchi, Jharkhand, India",IN,IN38,17622,23.35,85.3333,-2109068,20261008013000,https://indiankanoon.org/doc/112239434/
1326885283,20251008,202510,2025,2025.7616,AUS,AUSTRALIA,AUS,,,,,,,,,,,,,,,,,,1,172,172,17,4,-5.0,4,1,4,-7.44525547445256,4,"Adelaide, South Australia, Australia",AS,AS05,5256,-34.9333,138.6,-1555188,0,,,,,,,,4,"Adelaide, South Australia, Australia",AS,AS05,5256,-34.9333,138.6,-1555188,20261008080000,https://www.perthnow.com.au/news/sa/bodies-in-the-barrels-killer-james-vlassakis-walks-from-adelaide-pre-release-centre--c-22987529
1326885284,20251008,202510,2025,2025.7616,AZE,AZERBAIJAN,AZE,,,,,,,,AZEGOV,ILHAM ALIYEV,AZE,,,,,GOV,,,1,026,026,02,1,4.0,3,1,3,-0.581395348837211,1,Azerbaijan,AJ,AJ,,40.5,47.5,AJ,1,Azerbaijan,AJ,AJ,,40.5,47.5,AJ,1,Azerbaijan,AJ,AJ,,40.5,47.5,AJ,20261008080000,https://www.trend.az/azerbaijan/4232414.html
1326885285,20251008,202510,2025,2025.7616,CAN,MANITOBA,CAN,,,,,,,,BUS,CORPORATION,,,,,,BUS,,,1,010,010,01,1,0.0,6,1,6,-0.21344717182497,4,"Winnipeg, Manitoba, Canada",CA,CA03,12577,49.8833,-97.1667,-576096,4,"Winnipeg, Manitoba, Canada",CA,CA03,12577,49.8833,-97.1667,-576096,4,"Winnipeg, Manitoba, Canada",CA,CA03,12577,49.8833,-97.1667,-576096,20261008080000,https://www.winnipegfreepress.com/breakingnews/2026/10/08/booze-sales-down-gaming-and-cannabis-up-in-manitoba
1326885286,20251008,202510,2025,2025.7616,CAN,MANITOBA,CAN,,,,,,,,BUS,CORPORATION,,,,,,BUS,,,1,172,172,17,4,-5.0,6,1,6,-0.21344717182497,4,"Winnipeg, Manitoba, Canada",CA,CA03,12577,49.8833,-97.1667,-576096,4,"Winnipeg, Manitoba, Canada",CA,CA03,12577,49.8833,-97.1667,-576096,4,"Winnipeg, Manitoba, Canada",CA,CA03,12577,49.8833,-97.1667,-576096,20261008080000,https://www.winnipegfreepress.com/breakingnews/2026/10/08/booze-sales-down-gaming-and-cannabis-up-in-manitoba
1326885287,20251008,202510,2025,2025.7616,FRA,FRANCE,FRA,,,,,,,,,,,,,,,,,,1,0831,083,08,2,5.0,2,1,2,-0.558659217877095,4,"Paris, France (general), France",FR,FR00,16282,48.8667,2.33333,-1456928,0,,,,,,,,1,Switzerland,SZ,SZ,,47,8,SZ,20261008080000,https://insideretail.asia/2026/10/08/lacoste-replaces-ceo-after-a-year-bringing-back-thierry-guibert/
1326885288,20260908,202609,2026,2026.6795,ISR,ISRAEL,ISR,,,,,,,,GBR,UNITED KINGDOM,GBR,,,,,,,,1,160,160,16,4,-4.0,2,1,2,-4.08560311284046,4,"Jerusalem, Israel (general), Israel",IS,IS00,18315,31.7667,35.2333,-797092,4,"London, London, City of, United Kingdom",UK,UKH9,40110,51.5,-0.116667,-2601889,1,West Bank,WE,WE,,31.666667,35.25,WE,20261008080000,https://www.al-monitor.com/originals/2026/10/british-diplomats-remain-renamed-consulate-jerusalem
1326885289,20260908,202609,2026,2026.6795,ISR,ISRAEL,ISR,,,,,,,,GBR,UNITED KINGDOM,GBR,,,,,,,,1,163,163,16,4,-8.0,2,1,2,-4.08560311284046,1,West Bank,WE,WE,,31.666667,35.25,WE,4,"London, London, City of, United Kingdom",UK,UKH9,40110,51.5,-0.116667,-2601889,4,"London, London, City of, United Kingdom",UK,UKH9,40110,51.5,-0.116667,-2601889,20261008080000,https://www.al-monitor.com/originals/2026/10/british-diplomats-remain-renamed-consulate-jerusalem
1326885290,20260908,202609,2026,2026.6795,ISR,ISRAEL,ISR,,,,,,,,ISRCVL,ISRAELI,ISR,,,,,CVL,,,1,163,163,16,4,-8.0,3,1,3,-4.08560311284046,4,"Jerusalem, Israel (general), Israel",IS,IS00,18315,31.7667,35.2333,-797092,4,"Jerusalem, Israel (general), Israel",IS,IS00,18315,31.7667,35.2333,-797092,4,"London, London, City of, United Kingdom",UK,UKH9,40110,51.5,-0.116667,-2601889,20261008080000,https://www.al-monitor.com/originals/2026/10/british-diplomats-remain-renamed-consulate-jerusalem
1326885291,20260908,202609,2026,2026.6795,KAZGOV,KAZAKHSTAN,KAZ,,,,,GOV,,,BUS,INVESTOR,,,,,,BUS,,,1,010,010,01,1,0.0,10,1,10,-0.45662100456621,1,Kazakhstan,KZ,KZ,,48,68,KZ,1,Kazakhstan,KZ,KZ,,48,68,KZ,1,Kazakhstan,KZ,KZ,,48,68,KZ,20261008080000,https://www.trend.az/casia/kazakhstan/4232442.html
1326885292,20261001,202610,2026,2026.7425,ETH,ETHIOPIA,ETH,,,,,,,,ERI,ERITREAN,ERI,,,,,,,,0,161,161,16,4,-4.0,2,1,2,-2.83553875236295,4,"Tigray, Tigray, Ethiopia",ET,ET53,149298,13.5,39.5,-620571,4,"Tigray, Tigray, Ethiopia",ET,ET53,149298,13.5,39.5,-620571,4,"Asmara, Ma'akel, Eritrea",ER,ER05,15888,15.3333,38.9333,-604780,20261008080000,https://www.winnipegfreepress.com/world/2026/10/08/eritrean-soldiers-entered-northern-ethiopian-towns-government-allied-commander-says
1326885293,20261007,202610,2026,2026.7589,CVL,TOURIST,,,,,,CVL,,,TKM,TURKMEN,TKM,,,,,,,,1,046,046,04,1,7.0,4,1,4,1.29198966408269,4,"Avaza, Balkan, Turkmenistan",TX,TX02,147324,39.9592,52.8592,-2560822,4,"Avaza, Balkan, Turkmenistan",TX,TX02,147324,39.9592,52.8592,-2560822,4,"Avaza, Balkan, Turkmenistan",TX,TX02,147324,39.9592,52.8592,-2560822,20261008080000,https://www.trend.az/casia/4232396.html
1326885294,20261007,202610,2026,2026.7589,TKM,TURKMEN,TKM,,,,,,,,CVL,TOURIST,,,,,,CVL,,,1,046,046,04,1,7.0,4,1,4,1.29198966408269,4,"Avaza, Balkan, Turkmenistan",TX,TX02,147324,39.9592,52.8592,-2560822,4,"Avaza, Balkan, Turkmenistan",TX,TX02,147324,39.9592,52.8592,-2560822,4,"Avaza, Balkan, Turkmenistan",TX,TX02,147324,39.9592,52.8592,-2560822,20261008080000,https://www.trend.az/casia/4232396.html
1326885295,20261007,202610,2026,2026.7589,TKM,TURKMENISTAN,TKM,,,,,,,,TKMGOV,TURKMEN,TKM,,,,,GOV,,,1,046,046,04,1,7.0,6,1,6,1.29198966408269,4,"Avaza, Balkan, Turkmenistan",TX,TX02,147324,39.9592,52.8592,-2560822,4,"Avaza, Balkan, Turkmenistan",TX,TX02,147324,39.9592,52.8592,-2560822,4,"Avaza, Balkan, Turkmenistan",TX,TX02,147324,39.9592,52.8592,-2560822,20261008080000,https://www.trend.az/casia/4232396.html
1326885296,20261007,202610,2026,2026.7589,TKMGOV,TURKMEN,TKM,,,,,GOV,,,TKM,TURKMENISTAN,TKM,,,,,,,,1,046,046,04,1,7.0,6,1,6,1.29198966408269,4,"Avaza, Balkan, Turkmenistan",TX,TX02,147324,39.9592,52.8592,-2560822,4,"Avaza, Balkan, Turkmenistan",TX,TX02,147324,39.9592,52.8592,-2560822,4,"Avaza, Balkan, Turkmenistan",TX,TX02,147324,39.9592,52.8592,-2560822,20261008080000,https://www.trend.az/casia/4232396.html
1326885297,20261008,202610,2026,2026.7616,,,,,,,,,,,AFR,AFRICA,AFR,,,,,,,,1,0311,031,03,1,5.2,10,1,10,-3.35195530726257,0,,,,,,,,1,South Africa,SF,SF,,-30,26,SF,1,South Africa,SF,SF,,-30,26,SF,20261008080000,https://www.kenyan-post.com/2026/10/rutos-late-friend-and-business.html
1326885298,20261008,202610,2026,2026.7616,,,,,,,,,,,AFR,AFRICA,AFR,,,,,,,,1,042,042,04,1,1.9,3,1,3,0.358422939068099,0,,,,,,,,4,"Nairobi, Nairobi Area, Kenya",KE,KE05,18585,-1.28333,36.8167,-2258072,4,"Nairobi, Nairobi Area, Kenya",KE,KE05,18585,-1.28333,36.8167,-2258072,20261008080000,https://techweez.com/2026/10/08/dan-kwach-africa-ai-data-centers/
1326885299,20261008,202610,2026,2026.7616,,,,,,,,,,,AUS,BRISBANE,AUS,,,,,,,,0,036,036,03,1,4.0,2,1,2,-5.82010582010582,0,,,,,,,,4,"Brisbane, Queensland, Australia",AS,AS04,154654,-27.5,153.017,-1561728,4,"Brisbane, Queensland, Australia",AS,AS04,154654,-27.5,153.017,-1561728,20261008080000,https://www.perthnow.com.au/news/woman-charged-with-attempted-murder-after-alleged-plot-to-poison-two-boys-c-22989343
1326885300,20261008,202610,2026,2026.7616,,,,,,,,,,,AUS,AUSTRALIA,AUS,,,,,,,,0,042,042,04,1,1.9,2,1,2,-7.44525547445256,0,,,,,,,,4,"Snowtown, South Australia, Australia",AS,AS05,5318,-33.7808,138.218,-1601049,4,"Adelaide, South Australia, Australia",AS,AS05,5256,-34.9333,138.6,-1555188,20261008080000,https://www.perthnow.com.au/news/sa/bodies-in-the-barrels-killer-james-vlassakis-walks-from-adelaide-pre-release-centre--c-22987529
1326885301,20261008,202610,2026,2026.7616,,,,,,,,,,,AUS,WESTERN AUSTRALIA,AUS,,,,,,,,0,042,042,04,1,1.9,4,1,4,1.35977337110482,0,,,,,,,,4,"House Of Lords, New South Wales, Australia",AS,AS02,5096,-33.2985,148.451,11363810,4,"House Of Lords, New South Wales, Australia",AS,AS02,5096,-33.2985,148.451,11363810,20261008080000,https://www.brisbanetimes.com.au/world/europe/my-bill-sir-william-heseltine-private-secretary-to-queen-elizabeth-ii-who-helped-to-modernise-the-monarchy-dies-20261008-p613o1.html
1326885302,20261008,202610,2026,2026.7616,,,,,,,,,,,AUSJUD,BRISBANE,AUS,,,,,JUD,,,0,036,036,03,1,4.0,6,1,6,-5.82010582010582,0,,,,,,,,4,"Brisbane, Queensland, Australia",AS,AS04,154654,-27.5,153.017,-1561728,4,"Brisbane, Queensland, Australia",AS,AS04,154654,-27.5,153.017,-1561728,20261008080000,https://www.perthnow.com.au/news/woman-charged-with-attempted-murder-after-alleged-plot-to-poison-two-boys-c-22989343
1326885303,20261008,202610,2026,2026.7616,,,,,,,,,,,AUSJUD,ADELAIDE,AUS,,,,,JUD,,,0,112,112,11,3,-2.0,2,1,2,-7.44525547445256,0,,,,,,,,4,"Adelaide, South Australia, Australia",AS,AS05,5256,-34.9333,138.6,-1555188,4,"Adelaide, South Australia, Australia",AS,AS05,5256,-34.9333,138.6,-1555188,20261008080000,https://www.perthnow.com.au/news/sa/bodies-in-the-barrels-killer-james-vlassakis-walks-from-adelaide-pre-release-centre--c-22987529
1326885304,20261008,202610,2026,2026.7616,,,,,,,,,,,AUSJUD,ADELAIDE,AUS,,,,,JUD,,,0,190,190,19,4,-10.0,2,1,2,-7.44525547445256,0,,,,,,,,4,"Adelaide, South Australia, Australia",AS,AS05,5256,-34.9333,138.6,-1555188,4,"Snowtown, South Australia, Australia",AS,AS05,5318,-33.7808,138.218,-1601049,20261008080000,https://www.perthnow.com.au/news/sa/bodies-in-the-barrels-killer-james-vlassakis-walks-from-adelaide-pre-release-centre--c-22987529
1326885305,20261008,202610,2026,2026.7616,,,,,,,,,,,AZE,AZERBAIJAN,AZE,,,,,,,,0,040,040,04,1,1.0,2,1,2,3.42105263157895,0,,,,,,,,4,"Astana, Gorod Astana, Kazakhstan",KZ,KZ05,37174,51.1811,71.4278,-2334218,4,"Astana, Gorod Astana, Kazakhstan",KZ,KZ05,37174,51.1811,71.4278,-2334218,20261008080000,https://astanatimes.com/2026/10/kazakh-fm-takes-part-in-cis-and-regional-meetings-in-turkmenbashi/
1326885306,20261008,202610,2026,2026.7616,,,,,,,,,,,AZE,AZERBAIJAN,AZE,,,,,,,,1,040,040,04,1,1.0,10,1,10,3.04878048780488,0,,,,,,,,1,Azerbaijan,AJ,AJ,,40.5,47.5,AJ,4,"Avaza, Balkan, Turkmenistan",TX,TX02,147324,39.9592,52.8592,-2560822,20261008080000,https://www.trend.az/casia/uzbekistan/4232440.html
1326885307,20261008,202610,2026,2026.7616,,,,,,,,,,,AZE,AZERBAIJAN,AZE,,,,,,,,1,057,057,05,1,8.0,10,1,10,3.04878048780488,0,,,,,,,,1,Azerbaijan,AJ,AJ,,40.5,47.5,AJ,4,"Avaza, Balkan, Turkmenistan",TX,TX02,147324,39.9592,52.8592,-2560822,20261008080000,https://www.trend.az/casia/uzbekistan/4232440.html
1326885308,20261008,202610,2026,2026.7616,,,,,,,,,,,AZEGOV,ILHAM ALIYEV,AZE,,,,,GOV,,,0,046,046,04,1,7.0,10,1,10,0.748663101604282,0,,,,,,,,4,"Baku, Baki*, Azerbaijan",AJ,AJ09,534,40.3953,49.8822,-2705195,4,"Baku, Baki*, Azerbaijan",AJ,AJ09,534,40.3953,49.8822,-2705195,20261008080000,https://www.trend.az/casia/turkmenistan/4232260.html
1326885309,20261008,202610,2026,2026.7616,,,,,,,,,,,BRB,BARBADOS,BRB,,,,,,,,1,042,042,04,1,1.9,4,1,4,-0.35634743875279,0,,,,,,,,4,"Tureia, French Polynesia (general), French Polynesia",FP,FP00,16355,-20.8333,-138.533,-1311816,4,"Tureia, French Polynesia (general), French Polynesia",FP,FP00,16355,-20.8333,-138.533,-1311816,20261008080000,https://www.yachtingworld.com/voyages/jimmy-cornell-the-arc-mastermind-on-routing-sailing-your-own-boat-is-still-the-most-rewarding-way-to-explore-our-planet-164185
1326885310,20261008,202610,2026,2026.7616,,,,,,,,,,,BRB,BARBADOS,BRB,,,,,,,,1,042,042,04,1,1.9,6,1,6,-0.35634743875279,0,,,,,,,,4,"Vanavana, French Polynesia (general), French Polynesia",FP,FP00,16355,-20.7833,-139.15,-1312037,4,"Tureia, French Polynesia (general), French Polynesia",FP,FP00,16355,-20.8333,-138.533,-1311816,20261008080000,https://www.yachtingworld.com/voyages/jimmy-cornell-the-arc-mastermind-on-routing-sailing-your-own-boat-is-still-the-most-rewarding-way-to-explore-our-planet-164185
1326885311,20261008,202610,2026,2026.7616,,,,,,,,,,,BUS,COMPANIES,,,,,,BUS,,,0,031,031,03,1,5.2,8,1,8,1.95530726256983,0,,,,,,,,4,"Wuhan, Hubei, China",CH,CH12,13124,30.5833,114.267,-1930776,4,"Wuhan, Hubei, China",CH,CH12,13124,30.5833,114.267,-1930776,20261008080000,https://frontpageafricaonline.com/liberia-ex-mines-minister-paye-says-liberia-must-adopt-resource-sovereignty-to-break-mining-cartels-stop-reliance-on-foreign-loans/
1326885312,20261008,202610,2026,2026.7616,,,,,,,,,,,BUS,COMPANIES,,,,,,BUS,,,0,031,031,03,1,5.2,2,1,2,1.95530726256983,0,,,,,,,,4,"Monrovia, Montserrado, Liberia",LI,LI14,147290,6.31056,-10.8047,-2134012,4,"Monrovia, Montserrado, Liberia",LI,LI14,147290,6.31056,-10.8047,-2134012,20261008080000,https://frontpageafricaonline.com/liberia-ex-mines-minister-paye-says-liberia-must-adopt-resource-sovereignty-to-break-mining-cartels-stop-reliance-on-foreign-loans/
1326885313,20261008,202610,2026,2026.7616,,,,,,,,,,,BUS,EMPLOYER,,,,,,BUS,,,1,036,036,03,1,4.0,10,1,10,2.48447204968944,0,,,,,,,,3,"Alexander County, North Carolina, United States",US,USNC,,35.9335,-81.1831,1008532,3,"Alexander County, North Carolina, United States",US,USNC,,35.9335,-81.1831,1008532,20261008080000,https://whky.com/veterans-job-fair-set-for-october-29-in-taylorsville/
1326885314,20261008,202610,2026,2026.7616,,,,,,,,,,,BUS,BUSINESS,,,,,,BUS,,,0,051,051,05,1,3.4,6,1,6,0.0527704485488103,0,,,,,,,,4,"Alexandria, Al Iskandariyah, Egypt",EG,EG06,61590,31.1981,29.9192,-290263,4,"Alexandria, Al Iskandariyah, Egypt",EG,EG06,61590,31.1981,29.9192,-290263,20261008080000,https://abc7news.com/story/heres-where-scott-wiener-connie-chan-stand-san-franciscos-congressional-race-take-nancy-pelosis-seat/19919493/
1326885315,20261008,202610,2026,2026.7616,,,,,,,,,,,BUS,BUSINESS,,,,,,BUS,,,0,051,051,05,1,3.4,4,1,4,0.0527704485488103,0,,,,,,,,3,"San Francisco, California, United States",US,USCA,,37.7749,-122.419,277593,3,"San Francisco, California, United States",US,USCA,,37.7749,-122.419,277593,20261008080000,https://abc7news.com/story/heres-where-scott-wiener-connie-chan-stand-san-franciscos-congressional-race-take-nancy-pelosis-seat/19919493/
1326885316,20261008,202610,2026,2026.7616,,,,,,,,,,,BUS,COMPANY,,,,,,BUS,,,0,130,130,13,3,-4.4,10,1,10,-3.58166189111748,0,,,,,,,,4,"Monrovia, Montserrado, Liberia",LI,LI14,147290,6.31056,-10.8047,-2134012,4,"Monrovia, Montserrado, Liberia",LI,LI14,147290,6.31056,-10.8047,-2134012,20261008080000,https://frontpageafricaonline.com/gtms-liberia-disowns-general-manager-and-pr-executive-says-appointments-came-from-unknown-director-linked-to-uk-firm-in-liquidation/
1326885317,20261008,202610,2026,2026.7616,,,,,,,,,,,CAN,ONTARIO,CAN,,,,,,,,1,036,036,03,1,4.0,10,1,10,2.08078335373317,0,,,,,,,,1,India,IN,IN,,20,77,IN,1,India,IN,IN,,20,77,IN,20261008080000,https://economictimes.indiatimes.com/nri/latest-updates/ontario-immigration-update-c80000-earners-get-10-points-under-new-canada-pr-pathway/articleshow/134782094.cms
1326885318,20261008,202610,2026,2026.7616,,,,,,,,,,,CHRCTHEDU,CATHOLIC,,,,CHR,CTH,EDU,,,1,042,042,04,1,1.9,1,1,1,3.88471177944862,0,,,,,,,,3,"Fort Dodge, Iowa, United States",US,USIA,,42.4975,-94.168,456686,3,"Fort Dodge, Iowa, United States",US,USIA,,42.4975,-94.168,456686,20261008080000,https://www.messengernews.net/obituaries/2026/10/betty-niceswanger/
1326885319,20261008,202610,2026,2026.7616,,,,,,,,,,,COP,POLICE,,,,,,COP,,,0,036,036,03,1,4.0,20,1,10,-8.25688073394496,0,,,,,,,,3,"San Bernardino County, California, United States",US,USCA,,34.6667,-116.168,277300,3,"San Bernardino County, California, United States",US,USCA,,34.6667,-116.168,277300,20261008080000,https://www.championnewspapers.com/community_news/article_8f204dd5-d572-4c91-8f7f-6b096c4c3ab7.html
1326885320,20261008,202610,2026,2026.7616,,,,,,,,,,,CRM,CRIMINAL,,,,,,CRM,,,0,060,060,06,2,6.0,5,1,5,-5.23731587561374,0,,,,,,,,5,"Lofa County, Lofa, Liberia",LI,LI20,147280,7.91667,-10,-2133558,5,"Lofa County, Lofa, Liberia",LI,LI20,147280,7.91667,-10,-2133558,20261008080000,https://frontpageafricaonline.com/liberia-founder-of-change-agent-network-eric-wowoh-charged-by-police-over-alleged-land-fraud-involving-us-based-couple/
1326885321,20261008,202610,2026,2026.7616,,,,,,,,,,,CVL,COMMUNITY,,,,,,CVL,,,1,042,042,04,1,1.9,1,1,1,-5.23731587561374,0,,,,,,,,5,"Lofa County, Lofa, Liberia",LI,LI20,147280,7.91667,-10,-2133558,5,"Lofa County, Lofa, Liberia",LI,LI20,147280,7.91667,-10,-2133558,20261008080000,https://frontpageafricaonline.com/liberia-founder-of-change-agent-network-eric-wowoh-charged-by-police-over-alleged-land-fraud-involving-us-based-couple/
1326885322,20261008,202610,2026,2026.7616,,,,,,,,,,,CVL,CONSTITUENT,,,,,,CVL,,,0,051,051,05,1,3.4,6,1,6,-2.97823596792669,0,,,,,,,,3,"Jacumba, California, United States",US,USCA,CA073,32.6176,-116.19,243981,3,"Jacumba, California, United States",US,USCA,CA073,32.6176,-116.19,243981,20261008080000,https://www.nbcsandiego.com/news/local/sd-county-supervisors-oppose-svps-placements-in-rural-areas/4084265/
1326885323,20261008,202610,2026,2026.7616,,,,,,,,,,,CVL,HUNTER,,,,,,CVL,,,1,190,190,19,4,-10.0,3,1,3,-0.44563279857397,0,,,,,,,,2,"Arkansas, United States",US,USAR,,34.9513,-92.3809,AR,2,"Arkansas, United States",US,USAR,,34.9513,-92.3809,AR,20261008080000,https://www.nwaonline.com/news/2026/oct/08/hunters-battle-bag-giant-alligator/
1326885324,20261008,202610,2026,2026.7616,,,,,,,,,,,DEUGOV,GERMAN,DEU,,,,,GOV,,,1,040,040,04,1,1.0,6,1,6,-3.40909090909091,0,,,,,,,,4,"Berlin, Berlin, Germany",GM,GM16,16538,52.5167,13.4,-1746443,4,"Berlin, Berlin, Germany",GM,GM16,16538,52.5167,13.4,-1746443,20261008080000,https://www.politico.eu/podcast/politics-at-sam-and-annes/will-berlin-help-britain-rejoin-the-eu/
1326885325,20261008,202610,2026,2026.7616,,,,,,,,,,,EDU,STUDENT,,,,,,EDU,,,0,012,012,01,1,-0.4,2,1,2,-4.09165302782325,0,,,,,,,,4,"Karachi, Sindh, Pakistan",PK,PK05,40398,24.8667,67.05,-2764584,4,"Karachi, Sindh, Pakistan",PK,PK05,40398,24.8667,67.05,-2764584,20261008080000,https://pakobserver.net/karachi-university-law-colleges-face-scrutiny-over-alleged-irregular-passing-of-150-failed-students/
1326885326,20261008,202610,2026,2026.7616,,,,,,,,,,,EDU,STUDENT,,,,,,EDU,,,0,012,012,01,1,-0.4,2,1,2,-4.09165302782325,0,,,,,,,,4,"Karachi, Sindh, Pakistan",PK,PK05,40398,24.8667,67.05,-2764584,4,"Islamia College, Punjab, Pakistan",PK,PK04,23679,30.7986,72.3861,6100522,20261008080000,https://pakobserver.net/karachi-university-law-colleges-face-scrutiny-over-alleged-irregular-passing-of-150-failed-students/
1326885327,20261008,202610,2026,2026.7616,,,,,,,,,,,EDU,STUDENT,,,,,,EDU,,,0,012,012,01,1,-0.4,6,1,6,-4.09165302782325,0,,,,,,,,4,"Islamia College, Punjab, Pakistan",PK,PK04,23679,30.7986,72.3861,6100522,4,"Islamia College, Punjab, Pakistan",PK,PK04,23679,30.7986,72.3861,6100522,20261008080000,https://pakobserver.net/karachi-university-law-colleges-face-scrutiny-over-alleged-irregular-passing-of-150-failed-students/
1326885328,20261008,202610,2026,2026.7616,,,,,,,,,,,EDU,STUDENT,,,,,,EDU,,,0,020,020,02,1,3.0,10,1,10,5.08474576271187,0,,,,,,,,4,"Nottingham, Nottingham, United Kingdom",UK,UKJ8,40126,52.9667,-1.16667,-2604469,4,"Nottingham, Nottingham, United Kingdom",UK,UKJ8,40126,52.9667,-1.16667,-2604469,20261008080000,https://www.prnewswire.com/news-releases/arden-university-and-google-cloud-form-strategic-partnership-to-ensure-development-of-job-ready-ai-native-graduates-302901909.html
1326885329,20261008,202610,2026,2026.7616,,,,,,,,,,,EDU,STUDENT,,,,,,EDU,,,0,020,020,02,1,3.0,10,1,10,-4.09165302782325,0,,,,,,,,4,"Islamia College, Punjab, Pakistan",PK,PK04,23679,30.7986,72.3861,6100522,4,"Islamia College, Punjab, Pakistan",PK,PK04,23679,30.7986,72.3861,6100522,20261008080000,https://pakobserver.net/karachi-university-law-colleges-face-scrutiny-over-alleged-irregular-passing-of-150-failed-students/
1326885330,20261008,202610,2026,2026.7616,,,,,,,,,,,EDU,STUDENT,,,,,,EDU,,,1,020,020,02,1,3.0,6,1,6,-1.3189448441247,0,,,,,,,,2,"Arkansas, United States",US,USAR,,34.9513,-92.3809,AR,2,"Arkansas, United States",US,USAR,,34.9513,-92.3809,AR,20261008080000,https://www.nwaonline.com/news/2026/oct/08/how-stories-can-restore-us/
1326885331,20261008,202610,2026,2026.7616,,,,,,,,,,,EDU,STUDENT,,,,,,EDU,,,0,0311,031,03,1,5.2,10,1,10,5.08474576271187,0,,,,,,,,4,"Nottingham, Nottingham, United Kingdom",UK,UKJ8,40126,52.9667,-1.16667,-2604469,4,"Nottingham, Nottingham, United Kingdom",UK,UKJ8,40126,52.9667,-1.16667,-2604469,20261008080000,https://www.prnewswire.com/news-releases/arden-university-and-google-cloud-form-strategic-partnership-to-ensure-development-of-job-ready-ai-native-graduates-302901909.html
1326885332,20261008,202610,2026,2026.7616,,,,,,,,,,,EDU,PUPIL,,,,,,EDU,,,0,040,040,04,1,1.0,10,1,10,-1.28558310376492,0,,,,,,,,5,"Bong County, Bong, Liberia",LI,LI01,147278,7,-9.66667,-2130603,5,"Bong County, Bong, Liberia",LI,LI01,147278,7,-9.66667,-2130603,20261008080000,https://frontpageafricaonline.com/liberia-1500-pupils-too-few-chairs-as-gbarnga-public-school-struggles-with-overcrowding/
1326885333,20261008,202610,2026,2026.7616,,,,,,,,,,,EDU,STUDENT,,,,,,EDU,,,0,042,042,04,1,1.9,10,1,10,0.41972717733473,0,,,,,,,,4,"Tshwane, Limpopo, South Africa",SF,SF09,77345,-25.1797,28.1135,-1292416,4,"Tshwane, Limpopo, South Africa",SF,SF09,77345,-25.1797,28.1135,-1292416,20261008080000,https://www.itweb.co.za/article/from-wil-to-the-real-world-how-industry-experience-can-shape-sas-next-generation-of-tech-talent/KWEBbvyLdaWqmRjO
1326885334,20261008,202610,2026,2026.7616,,,,,,,,,,,EDU,SCHOOL,,,,,,EDU,,,1,042,042,04,1,1.9,10,1,10,-1.28558310376492,0,,,,,,,,4,"Gbarnga, Bong, Liberia",LI,LI01,147259,6.99556,-9.47222,-2131839,4,"Gbarnga, Bong, Liberia",LI,LI01,147259,6.99556,-9.47222,-2131839,20261008080000,https://frontpageafricaonline.com/liberia-1500-pupils-too-few-chairs-as-gbarnga-public-school-struggles-with-overcrowding/
1326885335,20261008,202610,2026,2026.7616,,,,,,,,,,,EDU,PUPIL,,,,,,EDU,,,0,043,043,04,1,2.8,10,1,10,-1.28558310376492,0,,,,,,,,4,"Gbarnga, Bong, Liberia",LI,LI01,147259,6.99556,-9.47222,-2131839,4,"Gbarnga, Bong, Liberia",LI,LI01,147259,6.99556,-9.47222,-2131839,20261008080000,https://frontpageafricaonline.com/liberia-1500-pupils-too-few-chairs-as-gbarnga-public-school-struggles-with-overcrowding/
1326885336,20261008,202610,2026,2026.7616,,,,,,,,,,,EDU,STUDENT,,,,,,EDU,,,1,051,051,05,1,3.4,10,1,10,3.44827586206897,0,,,,,,,,4,"Hyderabad, Andhra Pradesh, India",IN,IN02,17564,17.3753,78.4744,-2097701,3,"Denver, Colorado, United States",US,USCO,CO031,39.7392,-104.985,201738,20261008080000,https://www.sakshipost.com/news/hyderabad/hyderabad-welcome-university-colorado-denver-campus-482606
1326885337,20261008,202610,2026,2026.7616,,,,,,,,,,,EDU,STUDENT,,,,,,EDU,,,0,100,100,10,3,-5.0,4,1,4,-4.09165302782325,0,,,,,,,,4,"Karachi, Sindh, Pakistan",PK,PK05,40398,24.8667,67.05,-2764584,4,"Karachi, Sindh, Pakistan",PK,PK05,40398,24.8667,67.05,-2764584,20261008080000,https://pakobserver.net/karachi-university-law-colleges-face-scrutiny-over-alleged-irregular-passing-of-150-failed-students/
1326885338,20261008,202610,2026,2026.7616,,,,,,,,,,,EDU,STUDENT,,,,,,EDU,,,0,100,100,10,3,-5.0,6,1,6,-4.09165302782325,0,,,,,,,,4,"Islamia College, Punjab, Pakistan",PK,PK04,23679,30.7986,72.3861,6100522,4,"Karachi, Sindh, Pakistan",PK,PK05,40398,24.8667,67.05,-2764584,20261008080000,https://pakobserver.net/karachi-university-law-colleges-face-scrutiny-over-alleged-irregular-passing-of-150-failed-students/
1326885339,20261008,202610,2026,2026.7616,,,,,,,,,,,EDU,STUDENT,,,,,,EDU,,,1,100,100,10,3,-5.0,10,1,10,3.03490136570562,0,,,,,,,,1,United States,US,US,,39.828175,-98.5795,US,1,United States,US,US,,39.828175,-98.5795,US,20261008080000,https://www.jamestownpress.com/articles/a-sea-change/
1326885340,20261008,202610,2026,2026.7616,,,,,,,,,,,EGY,EGYPT,EGY,,,,,,,,0,010,010,01,1,0.0,6,1,6,-2.17238962859146,0,,,,,,,,1,Egypt,EG,EG,,27,30,EG,1,Egypt,EG,EG,,27,30,EG,20261008080000,https://www.israelnationalnews.com/news/434289
1326885341,20261008,202610,2026,2026.7616,,,,,,,,,,,EGY,EGYPT,EGY,,,,,,,,0,138,138,13,3,-7.0,6,1,6,-2.17238962859146,0,,,,,,,,1,Egypt,EG,EG,,27,30,EG,1,Egypt,EG,EG,,27,30,EG,20261008080000,https://www.israelnationalnews.com/news/434289
1326885342,20261008,202610,2026,2026.7616,,,,,,,,,,,ELI,ACTOR,,,,,,ELI,,,1,036,036,03,1,4.0,10,1,10,0.32573289902281,0,,,,,,,,4,"Delhi, Delhi, India",IN,IN07,17911,28.6667,77.2167,-2094230,4,"Delhi, Delhi, India",IN,IN07,17911,28.6667,77.2167,-2094230,20261008080000,https://economictimes.indiatimes.com/news/new-updates/cuet-ug-2027-big-change-fewer-subjects-shorter-papers-possible-one-day-exam-being-considered/articleshow/134782389.cms
1326885343,20261008,202610,2026,2026.7616,,,,,,,,,,,GBR,UNITED KINGDOM,GBR,,,,,,,,1,1243,124,12,3,-4.0,4,1,4,-6.06060606060606,0,,,,,,,,4,"Bedfordshire, United Kingdom (general), United Kingdom",UK,UK00,40124,52,-0.5,-2589547,4,"Bedfordshire, United Kingdom (general), United Kingdom",UK,UK00,40124,52,-0.5,-2589547,20261008080000,https://www.aol.co.uk/articles/serving-royal-navy-sailor-charged-073019000.html
1326885344,20261008,202610,2026,2026.7616,,,,,,,,,,,GBRCOP,SCOTLAND,GBR,,,,,COP,,,1,112,112,11,3,-2.0,8,1,8,-4.19847328244275,0,,,,,,,,1,United Kingdom,UK,UK,,54,-4,UK,1,United Kingdom,UK,UK,,54,-4,UK,20261008080000,https://www.dailyrecord.co.uk/news/scottish-news/teen-charged-connection-death-glasgow-37747766
1326885345,20261008,202610,2026,2026.7616,,,,,,,,,,,GOV,ATTORNEY GENERAL,,,,,,GOV,,,0,010,010,01,1,0.0,6,1,6,-2.17238962859146,0,,,,,,,,1,Egypt,EG,EG,,27,30,EG,1,Egypt,EG,EG,,27,30,EG,20261008080000,https://www.israelnationalnews.com/news/434289
1326885346,20261008,202610,2026,2026.7616,,,,,,,,,,,GOV,ATTORNEY GENERAL,,,,,,GOV,,,0,0213,021,02,1,3.4,6,1,6,-2.17238962859146,0,,,,,,,,1,Egypt,EG,EG,,27,30,EG,1,Egypt,EG,EG,,27,30,EG,20261008080000,https://www.israelnationalnews.com/news/434289
1326885347,20261008,202610,2026,2026.7616,,,,,,,,,,,GOV,ATTORNEY GENERAL,,,,,,GOV,,,0,0213,021,02,1,3.4,4,1,4,-2.17238962859146,0,,,,,,,,1,Israel,IS,IS,,31.5,34.75,IS,1,Israel,IS,IS,,31.5,34.75,IS,20261008080000,https://www.israelnationalnews.com/news/434289
1326885348,20261008,202610,2026,2026.7616,,,,,,,,,,,GOV,FOREIGN MINIST,,,,,,GOV,,,1,040,040,04,1,1.0,2,1,2,3.42105263157895,0,,,,,,,,4,"Astana, Gorod Astana, Kazakhstan",KZ,KZ05,37174,51.1811,71.4278,-2334218,4,"Astana, Gorod Astana, Kazakhstan",KZ,KZ05,37174,51.1811,71.4278,-2334218,20261008080000,https://astanatimes.com/2026/10/kazakh-fm-takes-part-in-cis-and-regional-meetings-in-turkmenbashi/
1326885349,20261008,202610,2026,2026.7616,,,,,,,,,,,GOV,FOREIGN MINIST,,,,,,GOV,,,1,040,040,04,1,1.0,2,1,2,3.42105263157895,0,,,,,,,,4,"Turkmenbashi, Balkan, Turkmenistan",TX,TX02,147324,40.0222,52.9552,-2559540,4,"Astana, Gorod Astana, Kazakhstan",KZ,KZ05,37174,51.1811,71.4278,-2334218,20261008080000,https://astanatimes.com/2026/10/kazakh-fm-takes-part-in-cis-and-regional-meetings-in-turkmenbashi/
1326885350,20261008,202610,2026,2026.7616,,,,,,,,,,,GOV,FOREIGN MINIST,,,,,,GOV,,,1,040,040,04,1,1.0,6,1,6,3.42105263157895,0,,,,,,,,4,"Turkmenbashi, Balkan, Turkmenistan",TX,TX02,147324,40.0222,52.9552,-2559540,4,"Turkmenbashi, Balkan, Turkmenistan",TX,TX02,147324,40.0222,52.9552,-2559540,20261008080000,https://astanatimes.com/2026/10/kazakh-fm-takes-part-in-cis-and-regional-meetings-in-turkmenbashi/
1326885351,20261008,202610,2026,2026.7616,,,,,,,,,,,GOV,FOREIGN MINIST,,,,,,GOV,,,1,040,040,04,1,1.0,10,1,10,1.29198966408269,0,,,,,,,,1,Azerbaijan,AJ,AJ,,40.5,47.5,AJ,1,Azerbaijan,AJ,AJ,,40.5,47.5,AJ,20261008080000,https://www.trend.az/casia/4232396.html
1326885352,20261008,202610,2026,2026.7616,,,,,,,,,,,GOV,AUTHORITIES,,,,,,GOV,,,0,112,112,11,3,-2.0,10,1,10,-3.53089533417402,0,,,,,,,,1,Vanuatu,NH,NH,,-16,167,NH,1,Vanuatu,NH,NH,,-16,167,NH,20261008080000,https://www.dailypost.vu/news/vtu-calls-warning-letters-intimidation-rallies-teachers-to-stand-firm/article_4ab1b04c-ec46-5033-9a32-3ea48eec0963.html
1326885353,20261008,202610,2026,2026.7616,,,,,,,,,,,GRC,GREECE,GRC,,,,,,,,0,042,042,04,1,1.9,2,1,2,1.17474302496329,0,,,,,,,,4,"Athens, AttikíR, Greece",GR,GR35,16716,37.9833,23.7333,-814876,3,"Washington, District of Columbia, United States",US,USDC,DC001,38.8951,-77.0364,531871,20261008080000,https://www.inewsgr.com/184/Mitsotakis-Pitches-Greece-as-Pillar-of-Stability-to-Rubio-Citing-LNG-Gateway-and-Red-Sea-Naval-Role.htm
1326885354,20261008,202610,2026,2026.7616,,,,,,,,,,,GRC,ATHENS,GRC,,,,,,,,0,042,042,04,1,1.9,6,1,6,1.17474302496329,0,,,,,,,,3,"Washington, District of Columbia, United States",US,USDC,DC001,38.8951,-77.0364,531871,4,"Athens, AttikíR, Greece",GR,GR35,16716,37.9833,23.7333,-814876,20261008080000,https://www.inewsgr.com/184/Mitsotakis-Pitches-Greece-as-Pillar-of-Stability-to-Rubio-Citing-LNG-Gateway-and-Red-Sea-Naval-Role.htm
1326885355,20261008,202610,2026,2026.7616,,,,,,,,,,,HLH,HOSPITAL,,,,,,HLH,,,1,042,042,04,1,1.9,2,1,2,-0.4739336492891,0,,,,,,,,4,"Manipal, Karnataka, India",IN,IN19,70166,13.35,74.7833,-2103863,4,"Pune, Maharashtra, India",IN,IN16,70178,18.5333,73.8667,-2108361,20261008080000,https://economictimes.indiatimes.com/magazines/panache/whats-the-big-deal-everyone-dies-anupam-kher-imagines-how-nana-patekar-would-have-paid-tribute-to-himself/articleshow/134783447.cms
1326885356,20261008,202610,2026,2026.7616,,,,,,,,,,,HLH,HOSPITAL,,,,,,HLH,,,1,190,190,19,4,-10.0,6,1,6,-4.19847328244275,0,,,,,,,,1,United Kingdom,UK,UK,,54,-4,UK,1,United Kingdom,UK,UK,,54,-4,UK,20261008080000,https://www.dailyrecord.co.uk/news/scottish-news/teen-charged-connection-death-glasgow-37747766
1326885357,20261008,202610,2026,2026.7616,,,,,,,,,,,IND,KOLKATA,IND,,,,,,,,1,036,036,03,1,4.0,3,1,3,-5.6140350877193,0,,,,,,,,4,"Kolkata, West Bengal, India",IN,IN28,70294,22.5697,88.3697,-2092511,4,"Kolkata, West Bengal, India",IN,IN28,70294,22.5697,88.3697,-2092511,20261008080000,https://economictimes.indiatimes.com/news/politics-and-nation/rebel-tmc-mps-seek-15-more-days-to-reply-to-ls-notices-on-disqualification-plea/articleshow/134783288.cms
1326885358,20261008,202610,2026,2026.7616,,,,,,,,,,,IND,KOLKATA,IND,,,,,,,,1,040,040,04,1,1.0,1,1,1,-5.6140350877193,0,,,,,,,,4,"Kolkata, West Bengal, India",IN,IN28,70294,22.5697,88.3697,-2092511,4,"Kolkata, West Bengal, India",IN,IN28,70294,22.5697,88.3697,-2092511,20261008080000,https://economictimes.indiatimes.com/news/politics-and-nation/rebel-tmc-mps-seek-15-more-days-to-reply-to-ls-notices-on-disqualification-plea/articleshow/134783288.cms
1326885359,20261008,202610,2026,2026.7616,,,,,,,,,,,IND,NEW DELHI,IND,,,,,,,,1,040,040,04,1,1.0,3,1,3,-1.28755364806867,0,,,,,,,,4,"Haryana, Haryana, India",IN,IN10,17660,29.6161,76.9806,6210381,4,"Haryana, Haryana, India",IN,IN10,17660,29.6161,76.9806,6210381,20261008080000,https://www.jagranjosh.com/general-knowledge/57th-gst-council-meeting-today-8-october-what-is-on-the-agenda-new-reforms-explained-1820012869-1
1326885360,20261008,202610,2026,2026.7616,,,,,,,,,,,IND,KOLKATA,IND,,,,,,,,1,046,046,04,1,7.0,3,1,3,-5.6140350877193,0,,,,,,,,4,"Kolkata, West Bengal, India",IN,IN28,70294,22.5697,88.3697,-2092511,4,"Kolkata, West Bengal, India",IN,IN28,70294,22.5697,88.3697,-2092511,20261008080000,https://economictimes.indiatimes.com/news/politics-and-nation/rebel-tmc-mps-seek-15-more-days-to-reply-to-ls-notices-on-disqualification-plea/articleshow/134783288.cms
1326885361,20261008,202610,2026,2026.7616,,,,,,,,,,,ISR,ISRAEL,ISR,,,,,,,,1,130,130,13,3,-4.4,4,1,4,-5.16666666666667,0,,,,,,,,4,"Misgav, Ha?afon, Israel",IS,IS03,18314,32.8605,35.2494,52596,4,"Misgav, Ha?afon, Israel",IS,IS03,18314,32.8605,35.2494,52596,20261008080000,https://www.israelnationalnews.com/news/434283
1326885362,20261008,202610,2026,2026.7616,,,,,,,,,,,KAZ,ASTANA,KAZ,,,,,,,,1,010,010,01,1,0.0,1,1,1,-0.0718390804597702,0,,,,,,,,4,"Astana, Gorod Astana, Kazakhstan",KZ,KZ05,37174,51.1811,71.4278,-2334218,4,"Astana, Gorod Astana, Kazakhstan",KZ,KZ05,37174,51.1811,71.4278,-2334218,20261008080000,https://astanatimes.com/2026/10/caspian-summit-can-cooperation-keep-pace-with-falling-waters/
1326885363,20261008,202610,2026,2026.7616,,,,,,,,,,,KAZ,KAZAKHSTAN,KAZ,,,,,,,,1,051,051,05,1,3.4,1,1,1,-0.0718390804597702,0,,,,,,,,4,"Avaza, Balkan, Turkmenistan",TX,TX02,147324,39.9592,52.8592,-2560822,4,"Avaza, Balkan, Turkmenistan",TX,TX02,147324,39.9592,52.8592,-2560822,20261008080000,https://astanatimes.com/2026/10/caspian-summit-can-cooperation-keep-pace-with-falling-waters/
1326885364,20261008,202610,2026,2026.7616,,,,,,,,,,,KGZ,KYRGYZSTAN,KGZ,,,,,,,,0,040,040,04,1,1.0,2,1,2,1.13100848256362,0,,,,,,,,4,"Cholpon, Chü3, Kyrgyzstan",KG,KG02,37216,42.8617,75.1391,11444417,4,"Cholpon, Chü3, Kyrgyzstan",KG,KG02,37216,42.8617,75.1391,11444417,20261008080000,https://www.trend.az/azerbaijan/4232445.html
1326885365,20261008,202610,2026,2026.7616,,,,,,,,,,,LBR,LIBERIA,LBR,,,,,,,,0,010,010,01,1,0.0,2,1,2,-3.57388316151203,0,,,,,,,,4,"Royesville, Bomi, Liberia",LI,LI15,147291,6.50333,-10.8933,-2134657,4,"Royesville, Bomi, Liberia",LI,LI15,147291,6.50333,-10.8933,-2134657,20261008080000,https://frontpageafricaonline.com/liberia-errors-contradictions-cloud-drug-case-against-ex-vp-taylor-as-she-and-several-others-named-in-indictment/
1326885366,20261008,202610,2026,2026.7616,,,,,,,,,,,LBR,LIBERIA,LBR,,,,,,,,0,042,042,04,1,1.9,6,1,6,-0.55172413793104,0,,,,,,,,4,"Gbarnga, Bong, Liberia",LI,LI01,147259,6.99556,-9.47222,-2131839,4,"Gbarnga, Bong, Liberia",LI,LI01,147259,6.99556,-9.47222,-2131839,20261008080000,https://frontpageafricaonline.com/no-liberian-child-should-learn-on-the-floor/
1326885367,20261008,202610,2026,2026.7616,,,,,,,,,,,LBR,LIBERIA,LBR,,,,,,,,0,042,042,04,1,1.9,8,1,8,3.57675111773472,0,,,,,,,,4,"Tosor, Grand Cape Mount, Liberia",LI,LI12,147176,6.74111,-11.3378,-2135440,4,"Tosor, Grand Cape Mount, Liberia",LI,LI12,147176,6.74111,-11.3378,-2135440,20261008080000,https://frontpageafricaonline.com/liberia-the-money-gave-us-hope-but-three-months-is-too-short-grand-cape-mount-women-tell-lwep/
1326885368,20261008,202610,2026,2026.7616,,,,,,,,,,,LBR,LIBERIA,LBR,,,,,,,,0,043,043,04,1,2.8,2,1,2,-3.57388316151203,0,,,,,,,,4,"Monrovia, Montserrado, Liberia",LI,LI14,147290,6.31056,-10.8047,-2134012,4,"Monrovia, Montserrado, Liberia",LI,LI14,147290,6.31056,-10.8047,-2134012,20261008080000,https://frontpageafricaonline.com/liberia-errors-contradictions-cloud-drug-case-against-ex-vp-taylor-as-she-and-several-others-named-in-indictment/
1326885369,20261008,202610,2026,2026.7616,,,,,,,,,,,LBR,LIBERIA,LBR,,,,,,,,0,043,043,04,1,2.8,2,1,2,-3.57388316151203,0,,,,,,,,4,"Monrovia, Montserrado, Liberia",LI,LI14,147290,6.31056,-10.8047,-2134012,4,"Dubai, Dubayy, United Arab Emirates",AE,AE03,28575,25.2522,55.28,-782831,20261008080000,https://frontpageafricaonline.com/liberia-errors-contradictions-cloud-drug-case-against-ex-vp-taylor-as-she-and-several-others-named-in-indictment/
1326885370,20261008,202610,2026,2026.7616,,,,,,,,,,,MIL,MILITARY,,,,,,MIL,,,1,046,046,04,1,7.0,3,1,3,3.03490136570562,0,,,,,,,,1,United States,US,US,,39.828175,-98.5795,US,1,United States,US,US,,39.828175,-98.5795,US,20261008080000,https://www.jamestownpress.com/articles/a-sea-change/
1326885371,20261008,202610,2026,2026.7616,,,,,,,,,,,SGP,SINGAPORE,SGP,,,,,,,,0,051,051,05,1,3.4,5,1,5,6.54761904761905,0,,,,,,,,4,"Bangkok, Krung Thep Mahanakhon, Thailand",TH,TH40,26423,13.75,100.517,-3250083,4,"Bangkok, Krung Thep Mahanakhon, Thailand",TH,TH40,26423,13.75,100.517,-3250083,20261008080000,https://www.newswit.com/en/ieneskooo02quvitrcy6isgy845wj5a2
1326885372,20261008,202610,2026,2026.7616,,,,,,,,,,,TKM,TURKMENISTAN,TKM,,,,,,,,0,036,036,03,1,4.0,1,1,1,0.748663101604282,0,,,,,,,,4,"Avaza, Balkan, Turkmenistan",TX,TX02,147324,39.9592,52.8592,-2560822,4,"Ashgabat, Ahal, Turkmenistan",TX,TX01,147325,37.95,58.3833,-2557812,20261008080000,https://www.trend.az/casia/turkmenistan/4232260.html
1326885373,20261008,202610,2026,2026.7616,,,,,,,,,,,TKM,TURKMENISTAN,TKM,,,,,,,,1,040,040,04,1,1.0,12,1,8,0.748663101604282,0,,,,,,,,4,"Avaza, Balkan, Turkmenistan",TX,TX02,147324,39.9592,52.8592,-2560822,4,"Avaza, Balkan, Turkmenistan",TX,TX02,147324,39.9592,52.8592,-2560822,20261008080000,https://www.trend.az/casia/turkmenistan/4232260.html
1326885374,20261008,202610,2026,2026.7616,,,,,,,,,,,TKM,TURKMENISTAN,TKM,,,,,,,,0,042,042,04,1,1.9,4,1,4,1.13100848256362,0,,,,,,,,1,Turkmenistan,TX,TX,,40,60,TX,1,Turkmenistan,TX,TX,,40,60,TX,20261008080000,https://www.trend.az/azerbaijan/4232445.html
1326885375,20261008,202610,2026,2026.7616,,,,,,,,,,,TUVGOV,TUVALU,TUV,,,,,GOV,,,0,046,046,04,1,7.0,6,1,6,2.59562841530055,0,,,,,,,,1,Tuvalu,TV,TV,,-8,178,TV,1,Tuvalu,TV,TV,,-8,178,TV,20261008080000,https://aninews.in/news/world/pacific/8220india-stands-ready-to-work-with-all-parties8221-environment-minister-yadav-as-pre-cop31-talks-conclude20261008124606/
1326885376,20261008,202610,2026,2026.7616,,,,,,,,,,,USA,UNITED STATES,USA,,,,,,,,1,015,015,01,1,0.0,4,1,4,-12.3711340206186,0,,,,,,,,3,"Tucson, Arizona, United States",US,USAZ,AZ019,32.2217,-110.926,43534,3,"Tucson, Arizona, United States",US,USAZ,AZ019,32.2217,-110.926,43534,20261008080000,https://arizonadailyindependent.com/2026/10/07/member-of-murderous-tucson-gang-sentenced-for-rico-conspiracy/
1326885377,20261008,202610,2026,2026.7616,,,,,,,,,,,USA,FLORIDA,USA,,,,,,,,1,020,020,02,1,3.0,7,1,7,-0.71005917159764,0,,,,,,,,3,"Philadelphia, Pennsylvania, United States",US,USPA,PA101,39.9523,-75.1638,1209052,3,"Philadelphia, Pennsylvania, United States",US,USPA,PA101,39.9523,-75.1638,1209052,20261008080000,https://www.chicagotribune.com/2026/10/08/asking-eric-florida-heat-might-cause-wife-to-leave-husband/
1326885378,20261008,202610,2026,2026.7616,,,,,,,,,,,USA,UNITED STATES,USA,,,,,,,,1,036,036,03,1,4.0,2,1,2,2.4390243902439,0,,,,,,,,3,"Jamestown Shores, Rhode Island, United States",US,USRI,,41.5298,-71.3892,1218032,3,"Jamestown Shores, Rhode Island, United States",US,USRI,,41.5298,-71.3892,1218032,20261008080000,https://www.jamestownpress.com/articles/two-candidate-forums-set-this-month/
1326885379,20261008,202610,2026,2026.7616,,,,,,,,,,,USA,UNITED STATES,USA,,,,,,,,0,042,042,04,1,1.9,1,1,1,0.0580046403712302,0,,,,,,,,3,"Loveland, Colorado, United States",US,USCO,CO069,40.3978,-105.075,177720,3,"Carbondale, Colorado, United States",US,USCO,CO045,39.4022,-107.211,174841,20261008080000,https://www.gjsentinel.com/news/western_colorado/19-year-old-visits-dc-to-advocate-for-disability-rights-funding/article_78b3b502-af10-401f-990b-d6ca672c6636.html
1326885380,20261008,202610,2026,2026.7616,,,,,,,,,,,USA,UNITED STATES,USA,,,,,,,,0,042,042,04,1,1.9,3,1,3,0.0580046403712302,0,,,,,,,,3,"Loveland, Colorado, United States",US,USCO,CO069,40.3978,-105.075,177720,3,"Loveland, Colorado, United States",US,USCO,CO069,40.3978,-105.075,177720,20261008080000,https://www.gjsentinel.com/news/western_colorado/19-year-old-visits-dc-to-advocate-for-disability-rights-funding/article_78b3b502-af10-401f-990b-d6ca672c6636.html
1326885381,20261008,202610,2026,2026.7616,,,,,,,,,,,USA,IOWA,USA,,,,,,,,1,042,042,04,1,1.9,8,1,8,3.88471177944862,0,,,,,,,,3,"First United Methodist Church, Nebraska, United States",US,USNE,,41.8672,-103.658,1827969,3,"First United Methodist Church, Nebraska, United States",US,USNE,,41.8672,-103.658,1827969,20261008080000,https://www.messengernews.net/obituaries/2026/10/betty-niceswanger/
1326885382,20261008,202610,2026,2026.7616,,,,,,,,,,,USA,JERSEY,USA,,,,,,,,1,042,042,04,1,1.9,10,1,10,-1.98300283286119,0,,,,,,,,1,Jersey,JE,JE,,49.216667,-2.116667,JE,1,Jersey,JE,JE,,49.216667,-2.116667,JE,20261008080000,https://jerseyeveningpost.com/news/2026/10/08/decision-to-euthanise-giant-tortoise-incredibly-difficult/
1326885383,20261008,202610,2026,2026.7616,,,,,,,,,,,USA,UNITED STATES,USA,,,,,,,,0,051,051,05,1,3.4,1,1,1,-0.93220338983051,0,,,,,,,,3,"New Hanover County, North Carolina, United States",US,USNC,,34.2504,-77.8664,1026329,3,"New Hanover County, North Carolina, United States",US,USNC,,34.2504,-77.8664,1026329,20261008080000,https://www.wwaytv3.com/new-hanover-county-commissioner-school-board-candidates-address-key-issues-during-uncw-forums/
1326885384,20261008,202610,2026,2026.7616,,,,,,,,,,,USA,UNITED STATES,USA,,,,,,,,0,110,110,11,3,-2.0,4,1,4,-0.93220338983051,0,,,,,,,,3,"New Hanover County, North Carolina, United States",US,USNC,,34.2504,-77.8664,1026329,3,"New Hanover County, North Carolina, United States",US,USNC,,34.2504,-77.8664,1026329,20261008080000,https://www.wwaytv3.com/new-hanover-county-commissioner-school-board-candidates-address-key-issues-during-uncw-forums/
1326885385,20261008,202610,2026,2026.7616,,,,,,,,,,,USA,UNITED STATES,USA,,,,,,,,0,112,112,11,3,-2.0,3,1,3,-1.2012012012012,0,,,,,,,,3,"Minocqua, Wisconsin, United States",US,USWI,WI085,45.8713,-89.711,1569580,3,"Minocqua, Wisconsin, United States",US,USWI,WI085,45.8713,-89.711,1569580,20261008080000,https://www.wpr.org/news/wisconsin-7th-district-debate-fred-clark-michael-alfonso-congress-2026
1326885386,20261008,202610,2026,2026.7616,,,,,,,,,,,USA,UNITED STATES,USA,,,,,,,,0,173,173,17,4,-5.0,4,1,4,-8.25688073394496,0,,,,,,,,3,"Sacramento, California, United States",US,USCA,CA067,38.5816,-121.494,1659564,3,"Sacramento, California, United States",US,USCA,CA067,38.5816,-121.494,1659564,20261008080000,https://www.championnewspapers.com/community_news/article_8f204dd5-d572-4c91-8f7f-6b096c4c3ab7.html
1326885387,20261008,202610,2026,2026.7616,,,,,,,,,,,USA,UNITED STATES,USA,,,,,,,,1,173,173,17,4,-5.0,4,1,4,-12.3711340206186,0,,,,,,,,3,"Tucson, Arizona, United States",US,USAZ,AZ019,32.2217,-110.926,43534,3,"Tucson, Arizona, United States",US,USAZ,AZ019,32.2217,-110.926,43534,20261008080000,https://arizonadailyindependent.com/2026/10/07/member-of-murderous-tucson-gang-sentenced-for-rico-conspiracy/
1326885388,20261008,202610,2026,2026.7616,,,,,,,,,,,USAGOV,MINNESOTA,USA,,,,,GOV,,,1,043,043,04,1,2.8,6,1,6,-4.61783439490446,0,,,,,,,,2,"Minnesota, United States",US,USMN,,45.7326,-93.9196,MN,2,"Minnesota, United States",US,USMN,,45.7326,-93.9196,MN,20261008080000,https://twitchy.com/warren-squire/2026/10/08/keith-ellison-republicans-to-cheat-in-midterms-people-should-be-ready-to-protest-take-to-streets-n2433073
1326885389,20261008,202610,2026,2026.7616,,,,,,,,,,,VNMGOV,VIETNAMESE,VNM,,,,,GOV,,,0,0841,084,08,2,7.0,1,1,1,-3.2171581769437,0,,,,,,,,4,"Tay Ninh, TâNinh, Vietnam, Republic Of",VM,VM33,74213,11.3,106.1,-3729601,4,"Phnom Penh, (CB11), Cambodia",CB,CB11,12390,11.55,104.917,-1033783,20261008080000,https://www.akp.gov.kh/post/detail/383369
1326885390,20261008,202610,2026,2026.7616,,,,,,,,,,,VUT,VANUATU,VUT,,,,,,,,1,042,042,04,1,1.9,10,1,10,1.19940029985007,0,,,,,,,,1,Indonesia,ID,ID,,-5,120,ID,1,Indonesia,ID,ID,,-5,120,ID,20261008080000,https://www.dailypost.vu/news/indonesian-navy-hospital-ship-treats-656-patients-performs-14-surgeries/article_25609cac-e36e-549b-ab47-e723932e6991.html
1326885391,20261008,202610,2026,2026.7616,,,,,,,,,,,VUT,PORT VILA,VUT,,,,,,,,1,042,042,04,1,1.9,16,1,10,1.19940029985007,0,,,,,,,,1,Vanuatu,NH,NH,,-16,167,NH,1,Vanuatu,NH,NH,,-16,167,NH,20261008080000,https://www.dailypost.vu/news/indonesian-navy-hospital-ship-treats-656-patients-performs-14-surgeries/article_25609cac-e36e-549b-ab47-e723932e6991.html
1326885392,20261008,202610,2026,2026.7616,,,,,,,,,,,chn,CHINOOK,,,chn,,,,,,1,073,073,07,2,7.4,10,1,10,-2.69121813031162,0,,,,,,,,4,"Bagh, Federally Administered Tribal Areas, Pakistan",PK,PK01,23633,33.6442,70.4342,388301,4,"Bagh, Federally Administered Tribal Areas, Pakistan",PK,PK01,23633,33.6442,70.4342,388301,20261008080000,https://pakobserver.net/2005-earthquake-a-tragedy-that-reshaped-pakistans-disaster-response/
1326885393,20261008,202610,2026,2026.7616,AFG,AFGHANISTAN,AFG,,,,,,,,,,,,,,,,,,0,141,141,14,3,-6.5,5,1,5,-6.32603406326034,4,"Habibullah, Kandahar, Afghanistan",AF,AF23,99883,31.4964,65.3365,9087788,0,,,,,,,,4,"Habibullah, Kandahar, Afghanistan",AF,AF23,99883,31.4964,65.3365,9087788,20261008080000,https://finchannel.com/icc-office-of-the-prosecutor-afghanistan-warrants-vindicate-rights-of-women-girls/137465/crime/2026/10/
1326885394,20261008,202610,2026,2026.7616,AFG,AFGHANISTAN,AFG,,,,,,,,,,,,,,,,,,1,173,173,17,4,-5.0,2,1,2,-6.32603406326034,4,"Habibullah, Kandahar, Afghanistan",AF,AF23,99883,31.4964,65.3365,9087788,0,,,,,,,,4,"Habibullah, Kandahar, Afghanistan",AF,AF23,99883,31.4964,65.3365,9087788,20261008080000,https://finchannel.com/icc-office-of-the-prosecutor-afghanistan-warrants-vindicate-rights-of-women-girls/137465/crime/2026/10/
1326885395,20261008,202610,2026,2026.7616,AFG,AFGHANISTAN,AFG,,,,,,,,GOVEDU,MINIST OF EDUCATION,,,,,,GOV,EDU,,1,173,173,17,4,-5.0,6,1,6,-6.32603406326034,4,"Habibullah, Kandahar, Afghanistan",AF,AF23,99883,31.4964,65.3365,9087788,4,"Habibullah, Kandahar, Afghanistan",AF,AF23,99883,31.4964,65.3365,9087788,4,"Habibullah, Kandahar, Afghanistan",AF,AF23,99883,31.4964,65.3365,9087788,20261008080000,https://finchannel.com/icc-office-of-the-prosecutor-afghanistan-warrants-vindicate-rights-of-women-girls/137465/crime/2026/10/
1326885396,20261008,202610,2026,2026.7616,AFG,AFGHANISTAN,AFG,,,,,,,,LEG,CHAMBER,,,,,,LEG,,,1,173,173,17,4,-5.0,10,1,10,-6.32603406326034,4,"Habibullah, Kandahar, Afghanistan",AF,AF23,99883,31.4964,65.3365,9087788,4,"Habibullah, Kandahar, Afghanistan",AF,AF23,99883,31.4964,65.3365,9087788,4,"Habibullah, Kandahar, Afghanistan",AF,AF23,99883,31.4964,65.3365,9087788,20261008080000,https://finchannel.com/icc-office-of-the-prosecutor-afghanistan-warrants-vindicate-rights-of-women-girls/137465/crime/2026/10/
1326885397,20261008,202610,2026,2026.7616,AFG,AFGHANISTAN,AFG,,,,,,,,TKM,TURKMENISTAN,TKM,,,,,,,,1,043,043,04,1,2.8,2,1,2,0.748663101604282,4,"Herat, Herat, Afghanistan",AF,AF11,3562,34.3482,62.1997,-3377359,4,"Turkmenbashi, Balkan, Turkmenistan",TX,TX02,147324,40.0222,52.9552,-2559540,4,"Turkmenbashi, Balkan, Turkmenistan",TX,TX02,147324,40.0222,52.9552,-2559540,20261008080000,https://www.trend.az/casia/turkmenistan/4232260.html
1326885398,20261008,202610,2026,2026.7616,AFG,AFGHANISTAN,AFG,,,,,,,,TKM,TURKMENISTAN,TKM,,,,,,,,1,043,043,04,1,2.8,2,1,2,0.748663101604282,4,"Herat, Herat, Afghanistan",AF,AF11,3562,34.3482,62.1997,-3377359,4,"Turkmenbashi, Balkan, Turkmenistan",TX,TX02,147324,40.0222,52.9552,-2559540,4,"Herat, Herat, Afghanistan",AF,AF11,3562,34.3482,62.1997,-3377359,20261008080000,https://www.trend.az/casia/turkmenistan/4232260.html
1326885399,20261008,202610,2026,2026.7616,AFR,AFRICA,AFR,,,,,,,,,,,,,,,,,,1,043,043,04,1,2.8,3,1,3,0.358422939068099,4,"Nairobi, Nairobi Area, Kenya",KE,KE05,18585,-1.28333,36.8167,-2258072,0,,,,,,,,4,"Nairobi, Nairobi Area, Kenya",KE,KE05,18585,-1.28333,36.8167,-2258072,20261008080000,https://techweez.com/2026/10/08/dan-kwach-africa-ai-data-centers/
1326885400,20261008,202610,2026,2026.7616,AFR,AFRICA,AFR,,,,,,,,,,,,,,,,,,1,172,172,17,4,-5.0,10,1,10,-3.35195530726257,1,South Africa,SF,SF,,-30,26,SF,0,,,,,,,,1,South Africa,SF,SF,,-30,26,SF,20261008080000,https://www.kenyan-post.com/2026/10/rutos-late-friend-and-business.html
1326885401,20261008,202610,2026,2026.7616,AFR,AFRICA,AFR,,,,,,,,BUS,BUSINESS LEADER,,,,,,BUS,,,0,012,012,01,1,-0.4,7,1,7,-1.38751238850346,1,South Africa,SF,SF,,-30,26,SF,1,South Africa,SF,SF,,-30,26,SF,1,South Africa,SF,SF,,-30,26,SF,20261008080000,https://www.itweb.co.za/article/short-term-risk-from-ai-and-cyber-security-has-spiked-warns-marsh-africa/RgeVDMPR3oGvKJN3
1326885402,20261008,202610,2026,2026.7616,AFR,AFRICA,AFR,,,,,,,,BUS,BUSINESS,,,,,,BUS,,,1,043,043,04,1,2.8,3,1,3,0.358422939068099,4,"Nairobi, Nairobi Area, Kenya",KE,KE05,18585,-1.28333,36.8167,-2258072,4,"Nairobi, Nairobi Area, Kenya",KE,KE05,18585,-1.28333,36.8167,-2258072,4,"Nairobi, Nairobi Area, Kenya",KE,KE05,18585,-1.28333,36.8167,-2258072,20261008080000,https://techweez.com/2026/10/08/dan-kwach-africa-ai-data-centers/
1326885403,20261008,202610,2026,2026.7616,AFR,AFRICA,AFR,,,,,,,,KEN,KENYA,KEN,,,,,,,,1,043,043,04,1,2.8,4,1,4,0.358422939068099,4,"Nairobi, Nairobi Area, Kenya",KE,KE05,18585,-1.28333,36.8167,-2258072,4,"Nairobi, Nairobi Area, Kenya",KE,KE05,18585,-1.28333,36.8167,-2258072,4,"Nairobi, Nairobi Area, Kenya",KE,KE05,18585,-1.28333,36.8167,-2258072,20261008080000,https://techweez.com/2026/10/08/dan-kwach-africa-ai-data-centers/
1326885404,20261008,202610,2026,2026.7616,AFREDU,AFRICA,AFR,,,,,EDU,,,EDU,STUDENT,,,,,,EDU,,,1,043,043,04,1,2.8,8,1,8,0.41972717733473,4,"Tshwane, Limpopo, South Africa",SF,SF09,77345,-25.1797,28.1135,-1292416,4,"Tshwane, Limpopo, South Africa",SF,SF09,77345,-25.1797,28.1135,-1292416,4,"Tshwane, Limpopo, South Africa",SF,SF09,77345,-25.1797,28.1135,-1292416,20261008080000,https://www.itweb.co.za/article/from-wil-to-the-real-world-how-industry-experience-can-shape-sas-next-generation-of-tech-talent/KWEBbvyLdaWqmRjO
1326885405,20261008,202610,2026,2026.7616,AFRLAB,AFRICA,AFR,,,,,LAB,,,BUS,COMPANY,,,,,,BUS,,,0,030,030,03,1,4.0,4,1,4,-1.38751238850346,1,South Africa,SF,SF,,-30,26,SF,1,South Africa,SF,SF,,-30,26,SF,1,South Africa,SF,SF,,-30,26,SF,20261008080000,https://www.itweb.co.za/article/short-term-risk-from-ai-and-cyber-security-has-spiked-warns-marsh-africa/RgeVDMPR3oGvKJN3
1326885406,20261008,202610,2026,2026.7616,AGR,FARMER,,,,,,AGR,,,,,,,,,,,,,1,050,050,05,1,3.5,5,1,5,1.25,1,India,IN,IN,,20,77,IN,0,,,,,,,,1,India,IN,IN,,20,77,IN,20261008080000,https://www.businesstoday.in/latest/economy/story/rs5-lakh-crore-saved-rs4-lakh-crore-transferred-pm-modi-on-how-dbt-is-reshaping-indias-welfare-system-560341-2026-10-08
1326885407,20261008,202610,2026,2026.7616,AGR,FARMER,,,,,,AGR,,,BUS,BANK,,,,,,BUS,,,1,050,050,05,1,3.5,5,1,5,1.25,1,India,IN,IN,,20,77,IN,1,India,IN,IN,,20,77,IN,1,India,IN,IN,,20,77,IN,20261008080000,https://www.businesstoday.in/latest/economy/story/rs5-lakh-crore-saved-rs4-lakh-crore-transferred-pm-modi-on-how-dbt-is-reshaping-indias-welfare-system-560341-2026-10-08
1326885408,20261008,202610,2026,2026.7616,ARE,UNITED ARAB EMIRATES,ARE,,,,,,,,,,,,,,,,,,1,090,090,09,2,-2.0,10,1,10,-5.16666666666667,1,United Arab Emirates,AE,AE,,24,54,AE,0,,,,,,,,1,United Arab Emirates,AE,AE,,24,54,AE,20261008080000,https://www.israelnationalnews.com/news/434283
1326885409,20261008,202610,2026,2026.7616,ARE,DUBAI,ARE,,,,,,,,CRM,CARTEL,,,,,,CRM,,,0,040,040,04,1,1.0,2,1,2,-3.57388316151203,4,"Monrovia, Montserrado, Liberia",LI,LI14,147290,6.31056,-10.8047,-2134012,4,"Monrovia, Montserrado, Liberia",LI,LI14,147290,6.31056,-10.8047,-2134012,4,"Monrovia, Montserrado, Liberia",LI,LI14,147290,6.31056,-10.8047,-2134012,20261008080000,https://frontpageafricaonline.com/liberia-errors-contradictions-cloud-drug-case-against-ex-vp-taylor-as-she-and-several-others-named-in-indictment/
1326885410,20261008,202610,2026,2026.7616,ARE,DUBAI,ARE,,,,,,,,CRM,CARTEL,,,,,,CRM,,,0,040,040,04,1,1.0,8,1,8,-3.57388316151203,4,"Dubai, Dubayy, United Arab Emirates",AE,AE03,28575,25.2522,55.28,-782831,4,"Dubai, Dubayy, United Arab Emirates",AE,AE03,28575,25.2522,55.28,-782831,4,"Dubai, Dubayy, United Arab Emirates",AE,AE03,28575,25.2522,55.28,-782831,20261008080000,https://frontpageafricaonline.com/liberia-errors-contradictions-cloud-drug-case-against-ex-vp-taylor-as-she-and-several-others-named-in-indictment/
1326885411,20261008,202610,2026,2026.7616,ARE,UNITED ARAB EMIRATES,ARE,,,,,,,,GOV,SOVEREIGN,,,,,,GOV,,,1,042,042,04,1,1.9,5,1,5,1.95903829029385,4,"Abu Dhabi, Abu Z¸aby, United Arab Emirates",AE,AE01,28568,24.4667,54.3667,-782066,4,"Abu Dhabi, Abu Z¸aby, United Arab Emirates",AE,AE01,28568,24.4667,54.3667,-782066,4,"Abu Dhabi, Abu Z¸aby, United Arab Emirates",AE,AE01,28568,24.4667,54.3667,-782066,20261008080000,https://www.manilatimes.net/2026/10/08/tmt-newswire/pr-newswire/toku-to-deploy-its-ai-powered-customer-experience-platform-on-core42-sovereign-enabled-public-cloud-in-the-uae/2441467
1326885412,20261008,202610,2026,2026.7616,ARE,ABU DHABI,ARE,,,,,,,,GOV,SOVEREIGN,,,,,,GOV,,,0,192,192,19,4,-9.5,3,1,3,1.95903829029385,4,"Abu Dhabi, Abu Z¸aby, United Arab Emirates",AE,AE01,28568,24.4667,54.3667,-782066,1,Singapore,SN,SN,,1.366667,103.8,SN,1,Singapore,SN,SN,,1.366667,103.8,SN,20261008080000,https://www.manilatimes.net/2026/10/08/tmt-newswire/pr-newswire/toku-to-deploy-its-ai-powered-customer-experience-platform-on-core42-sovereign-enabled-public-cloud-in-the-uae/2441467
1326885413,20261008,202610,2026,2026.7616,AREGOV,UNITED ARAB EMIRATES,ARE,,,,,GOV,,,ARE,ABU DHABI,ARE,,,,,,,,0,051,051,05,1,3.4,2,1,2,1.95903829029385,4,"Abu Dhabi, Abu Z¸aby, United Arab Emirates",AE,AE01,28568,24.4667,54.3667,-782066,4,"Abu Dhabi, Abu Z¸aby, United Arab Emirates",AE,AE01,28568,24.4667,54.3667,-782066,4,"Abu Dhabi, Abu Z¸aby, United Arab Emirates",AE,AE01,28568,24.4667,54.3667,-782066,20261008080000,https://www.manilatimes.net/2026/10/08/tmt-newswire/pr-newswire/toku-to-deploy-its-ai-powered-customer-experience-platform-on-core42-sovereign-enabled-public-cloud-in-the-uae/2441467
1326885414,20261008,202610,2026,2026.7616,AREGOV,UNITED ARAB EMIRATES,ARE,,,,,GOV,,,ARE,ABU DHABI,ARE,,,,,,,,0,051,051,05,1,3.4,2,1,2,1.95903829029385,1,Singapore,SN,SN,,1.366667,103.8,SN,1,Singapore,SN,SN,,1.366667,103.8,SN,1,Singapore,SN,SN,,1.366667,103.8,SN,20261008080000,https://www.manilatimes.net/2026/10/08/tmt-newswire/pr-newswire/toku-to-deploy-its-ai-powered-customer-experience-platform-on-core42-sovereign-enabled-public-cloud-in-the-uae/2441467
1326885415,20261008,202610,2026,2026.7616,ATG,ANTIGUA AND BARBUDA,ATG,,,,,,,,BUS,BUSINESS,,,,,,BUS,,,1,042,042,04,1,1.9,2,1,2,-0.84033613445378,1,Antigua And Barbuda,AC,AC,,17.05,-61.8,AC,4,"London, London, City of, United Kingdom",UK,UKH9,40110,51.5,-0.116667,-2601889,4,"London, London, City of, United Kingdom",UK,UKH9,40110,51.5,-0.116667,-2601889,20261008080000,https://hallmarknews.com/plotweaver-ceo-wole-fagbohun-to-join-global-leaders-at-commonwealth-business-forum-2026/
1326885416,20261008,202610,2026,2026.7616,ATG,ANTIGUA AND BARBUDA,ATG,,,,,,,,BUS,BUSINESS,,,,,,BUS,,,1,042,042,04,1,1.9,2,1,2,-0.84033613445378,1,Antigua And Barbuda,AC,AC,,17.05,-61.8,AC,1,Antigua And Barbuda,AC,AC,,17.05,-61.8,AC,1,Antigua And Barbuda,AC,AC,,17.05,-61.8,AC,20261008080000,https://hallmarknews.com/plotweaver-ceo-wole-fagbohun-to-join-global-leaders-at-commonwealth-business-forum-2026/
1326885417,20261008,202610,2026,2026.7616,AUS,AUSTRALIA,AUS,,,,,,,,,,,,,,,,,,0,010,010,01,1,0.0,2,1,2,1.35977337110482,4,"Balmoral, New South Wales, Australia",AS,AS02,5096,-33.0667,151.583,-1557191,0,,,,,,,,4,"Balmoral, New South Wales, Australia",AS,AS02,5096,-33.0667,151.583,-1557191,20261008080000,https://www.brisbanetimes.com.au/world/europe/my-bill-sir-william-heseltine-private-secretary-to-queen-elizabeth-ii-who-helped-to-modernise-the-monarchy-dies-20261008-p613o1.html
1326885418,20261008,202610,2026,2026.7616,AUS,BRISBANE,AUS,,,,,,,,,,,,,,,,,,0,036,036,03,1,4.0,2,1,2,-5.82010582010582,4,"Brisbane, Queensland, Australia",AS,AS04,154654,-27.5,153.017,-1561728,0,,,,,,,,4,"Brisbane, Queensland, Australia",AS,AS04,154654,-27.5,153.017,-1561728,20261008080000,https://www.perthnow.com.au/news/woman-charged-with-attempted-murder-after-alleged-plot-to-poison-two-boys-c-22989343
1326885419,20261008,202610,2026,2026.7616,AUS,AUSTRALIA,AUS,,,,,,,,,,,,,,,,,,0,043,043,04,1,2.8,2,1,2,-7.44525547445256,4,"Snowtown, South Australia, Australia",AS,AS05,5318,-33.7808,138.218,-1601049,0,,,,,,,,4,"Adelaide, South Australia, Australia",AS,AS05,5256,-34.9333,138.6,-1555188,20261008080000,https://www.perthnow.com.au/news/sa/bodies-in-the-barrels-killer-james-vlassakis-walks-from-adelaide-pre-release-centre--c-22987529
1326885420,20261008,202610,2026,2026.7616,AUS,WESTERN AUSTRALIA,AUS,,,,,,,,,,,,,,,,,,0,043,043,04,1,2.8,4,1,4,1.35977337110482,4,"House Of Lords, New South Wales, Australia",AS,AS02,5096,-33.2985,148.451,11363810,0,,,,,,,,4,"House Of Lords, New South Wales, Australia",AS,AS02,5096,-33.2985,148.451,11363810,20261008080000,https://www.brisbanetimes.com.au/world/europe/my-bill-sir-william-heseltine-private-secretary-to-queen-elizabeth-ii-who-helped-to-modernise-the-monarchy-dies-20261008-p613o1.html
1326885421,20261008,202610,2026,2026.7616,AUS,AUSTRALIA,AUS,,,,,,,,,,,,,,,,,,0,051,051,05,1,3.4,2,1,2,1.35977337110482,4,"House Of Lords, New South Wales, Australia",AS,AS02,5096,-33.2985,148.451,11363810,0,,,,,,,,4,"House Of Lords, New South Wales, Australia",AS,AS02,5096,-33.2985,148.451,11363810,20261008080000,https://www.brisbanetimes.com.au/world/europe/my-bill-sir-william-heseltine-private-secretary-to-queen-elizabeth-ii-who-helped-to-modernise-the-monarchy-dies-20261008-p613o1.html
1326885422,20261008,202610,2026,2026.7616,AUS,ADELAIDE,AUS,,,,,,,,,,,,,,,,,,1,084,084,08,2,7.0,8,1,8,-7.44525547445256,4,"Snowtown, South Australia, Australia",AS,AS05,5318,-33.7808,138.218,-1601049,0,,,,,,,,4,"Snowtown, South Australia, Australia",AS,AS05,5318,-33.7808,138.218,-1601049,20261008080000,https://www.perthnow.com.au/news/sa/bodies-in-the-barrels-killer-james-vlassakis-walks-from-adelaide-pre-release-centre--c-22987529
1326885423,20261008,202610,2026,2026.7616,AUS,AUSTRALIA,AUS,,,,,,,,,,,,,,,,,,1,110,110,11,3,-2.0,4,1,4,-9.15750915750915,4,"Maroochydore, Queensland, Australia",AS,AS04,154693,-26.6601,153.1,332822,0,,,,,,,,4,"Maroochydore, Queensland, Australia",AS,AS04,154693,-26.6601,153.1,332822,20261008080000,https://www.pedestrian.tv/news/former-bachelor-star-sam-wood-remains-in-custody-after-court-rejects-bail-bid
1326885424,20261008,202610,2026,2026.7616,AUS,AUSTRALIA,AUS,,,,,,,,,,,,,,,,,,1,120,120,12,3,-4.0,4,1,4,-1.2987012987013,4,"Greenwich, New South Wales, Australia",AS,AS02,5035,-33.8406,151.183,353333,0,,,,,,,,4,"Greenwich, New South Wales, Australia",AS,AS02,5035,-33.8406,151.183,353333,20261008080000,https://www.perthnow.com.au/news/crime/high-court-baulks-at-ex-labor-chiefs-defamation-appeal-c-22989292
1326885425,20261008,202610,2026,2026.7616,AUS,AUSTRALIA,AUS,,,,,,,,,,,,,,,,,,0,173,173,17,4,-5.0,3,1,3,-7.44525547445256,4,"Snowtown, South Australia, Australia",AS,AS05,5318,-33.7808,138.218,-1601049,0,,,,,,,,4,"Snowtown, South Australia, Australia",AS,AS05,5318,-33.7808,138.218,-1601049,20261008080000,https://www.perthnow.com.au/news/sa/bodies-in-the-barrels-killer-james-vlassakis-walks-from-adelaide-pre-release-centre--c-22987529
1326885426,20261008,202610,2026,2026.7616,AUS,BRISBANE,AUS,,,,,,,,AUSJUD,AUSTRALIA,AUS,,,,,JUD,,,0,036,036,03,1,4.0,2,1,2,-5.82010582010582,4,"Brisbane, Queensland, Australia",AS,AS04,154654,-27.5,153.017,-1561728,4,"Brisbane, Queensland, Australia",AS,AS04,154654,-27.5,153.017,-1561728,4,"Brisbane, Queensland, Australia",AS,AS04,154654,-27.5,153.017,-1561728,20261008080000,https://www.perthnow.com.au/news/woman-charged-with-attempted-murder-after-alleged-plot-to-poison-two-boys-c-22989343
1326885427,20261008,202610,2026,2026.7616,AUS,AUSTRALIA,AUS,,,,,,,,AUSJUD,AUSTRALIA,AUS,,,,,JUD,,,0,043,043,04,1,2.8,6,1,6,-7.44525547445256,4,"Snowtown, South Australia, Australia",AS,AS05,5318,-33.7808,138.218,-1601049,4,"Adelaide, South Australia, Australia",AS,AS05,5256,-34.9333,138.6,-1555188,4,"Adelaide, South Australia, Australia",AS,AS05,5256,-34.9333,138.6,-1555188,20261008080000,https://www.perthnow.com.au/news/sa/bodies-in-the-barrels-killer-james-vlassakis-walks-from-adelaide-pre-release-centre--c-22987529
1326885428,20261008,202610,2026,2026.7616,AUS,AUSTRALIA,AUS,,,,,,,,AUSJUD,AUSTRALIA,AUS,,,,,JUD,,,0,112,112,11,3,-2.0,2,1,2,-7.44525547445256,4,"Snowtown, South Australia, Australia",AS,AS05,5318,-33.7808,138.218,-1601049,4,"Adelaide, South Australia, Australia",AS,AS05,5256,-34.9333,138.6,-1555188,4,"Adelaide, South Australia, Australia",AS,AS05,5256,-34.9333,138.6,-1555188,20261008080000,https://www.perthnow.com.au/news/sa/bodies-in-the-barrels-killer-james-vlassakis-walks-from-adelaide-pre-release-centre--c-22987529
1326885429,20261008,202610,2026,2026.7616,AUS,AUSTRALIA,AUS,,,,,,,,AUSJUD,AUSTRALIA,AUS,,,,,JUD,,,0,112,112,11,3,-2.0,4,1,4,-7.44525547445256,4,"Snowtown, South Australia, Australia",AS,AS05,5318,-33.7808,138.218,-1601049,4,"Adelaide, South Australia, Australia",AS,AS05,5256,-34.9333,138.6,-1555188,4,"Snowtown, South Australia, Australia",AS,AS05,5318,-33.7808,138.218,-1601049,20261008080000,https://www.perthnow.com.au/news/sa/bodies-in-the-barrels-killer-james-vlassakis-walks-from-adelaide-pre-release-centre--c-22987529
1326885430,20261008,202610,2026,2026.7616,AUS,AUSTRALIA,AUS,,,,,,,,AUSJUD,AUSTRALIA,AUS,,,,,JUD,,,0,190,190,19,4,-10.0,6,1,6,-7.44525547445256,4,"Snowtown, South Australia, Australia",AS,AS05,5318,-33.7808,138.218,-1601049,4,"Adelaide, South Australia, Australia",AS,AS05,5256,-34.9333,138.6,-1555188,4,"Snowtown, South Australia, Australia",AS,AS05,5318,-33.7808,138.218,-1601049,20261008080000,https://www.perthnow.com.au/news/sa/bodies-in-the-barrels-killer-james-vlassakis-walks-from-adelaide-pre-release-centre--c-22987529
1326885431,20261008,202610,2026,2026.7616,AUS,BRISBANE,AUS,,,,,,,,CVL,COMMUNITY,,,,,,CVL,,,1,190,190,19,4,-10.0,8,1,8,-1.2987012987013,4,"Brisbane, Queensland, Australia",AS,AS04,154654,-27.5,153.017,-1561728,4,"Brisbane, Queensland, Australia",AS,AS04,154654,-27.5,153.017,-1561728,4,"Brisbane, Queensland, Australia",AS,AS04,154654,-27.5,153.017,-1561728,20261008080000,https://www.hawthornfc.com.au/news/2148322/aflw-r9-squad
1326885432,20261008,202610,2026,2026.7616,AUS,AUSTRALIA,AUS,,,,,,,,EDUEDU,UNIVERSITY,,,,,,EDU,EDU,,1,115,115,11,3,-2.0,4,1,4,-2.94117647058824,1,Australia,AS,AS,,-25,135,AS,1,Australia,AS,AS,,-25,135,AS,1,Australia,AS,AS,,-25,135,AS,20261008080000,https://www.pedestrian.tv/online/cherrykitten-i-am-jane-doe-merch-backlash
1326885433,20261008,202610,2026,2026.7616,AUS,AUSTRALIA,AUS,,,,,,,,EDUEDU,UNIVERSITY,,,,,,EDU,EDU,,1,180,180,18,4,-9.0,4,1,4,-2.94117647058824,1,Australia,AS,AS,,-25,135,AS,1,Australia,AS,AS,,-25,135,AS,1,Australia,AS,AS,,-25,135,AS,20261008080000,https://www.pedestrian.tv/online/cherrykitten-i-am-jane-doe-merch-backlash
1326885434,20261008,202610,2026,2026.7616,AUS,AUSTRALIA,AUS,,,,,,,,GBR,UNITED KINGDOM,GBR,,,,,,,,0,020,020,02,1,3.0,2,1,2,1.35977337110482,4,"Perth, Western Australia, Australia",AS,AS08,5533,-31.9333,115.833,-1594675,4,"Brabourne, Kent, United Kingdom",UK,UKG5,40117,51.1333,1,-2590573,4,"Perth, Western Australia, Australia",AS,AS08,5533,-31.9333,115.833,-1594675,20261008080000,https://www.brisbanetimes.com.au/world/europe/my-bill-sir-william-heseltine-private-secretary-to-queen-elizabeth-ii-who-helped-to-modernise-the-monarchy-dies-20261008-p613o1.html
1326885435,20261008,202610,2026,2026.7616,AUS,AUSTRALIA,AUS,,,,,,,,GBR,UNITED KINGDOM,GBR,,,,,,,,0,020,020,02,1,3.0,2,1,2,1.35977337110482,4,"Perth, Western Australia, Australia",AS,AS08,5533,-31.9333,115.833,-1594675,4,"Brabourne, Kent, United Kingdom",UK,UKG5,40117,51.1333,1,-2590573,4,"House Of Lords, New South Wales, Australia",AS,AS02,5096,-33.2985,148.451,11363810,20261008080000,https://www.brisbanetimes.com.au/world/europe/my-bill-sir-william-heseltine-private-secretary-to-queen-elizabeth-ii-who-helped-to-modernise-the-monarchy-dies-20261008-p613o1.html
1326885436,20261008,202610,2026,2026.7616,AUS,WESTERN AUSTRALIA,AUS,,,,,,,,GOV,PREMIER,,,,,,GOV,,,0,043,043,04,1,2.8,2,1,2,1.35977337110482,4,"House Of Lords, New South Wales, Australia",AS,AS02,5096,-33.2985,148.451,11363810,1,New Zealand,NZ,NZ,,-42,174,NZ,4,"House Of Lords, New South Wales, Australia",AS,AS02,5096,-33.2985,148.451,11363810,20261008080000,https://www.brisbanetimes.com.au/world/europe/my-bill-sir-william-heseltine-private-secretary-to-queen-elizabeth-ii-who-helped-to-modernise-the-monarchy-dies-20261008-p613o1.html
1326885437,20261008,202610,2026,2026.7616,AUSJUD,AUSTRALIA,AUS,,,,,JUD,,,,,,,,,,,,,0,010,010,01,1,0.0,1,1,1,-9.15750915750915,4,"Maroochydore, Queensland, Australia",AS,AS04,154693,-26.6601,153.1,332822,0,,,,,,,,4,"Noosa, Queensland, Australia",AS,AS04,154693,-26.3943,153.09,-1591864,20261008080000,https://www.pedestrian.tv/news/former-bachelor-star-sam-wood-remains-in-custody-after-court-rejects-bail-bid
1326885438,20261008,202610,2026,2026.7616,AUSJUD,AUSTRALIA,AUS,,,,,JUD,,,,,,,,,,,,,0,010,010,01,1,0.0,2,1,2,-9.15750915750915,4,"Maroochydore, Queensland, Australia",AS,AS04,154693,-26.6601,153.1,332822,0,,,,,,,,4,"Maroochydore, Queensland, Australia",AS,AS04,154693,-26.6601,153.1,332822,20261008080000,https://www.pedestrian.tv/news/former-bachelor-star-sam-wood-remains-in-custody-after-court-rejects-bail-bid
1326885439,20261008,202610,2026,2026.7616,AUSJUD,BRISBANE,AUS,,,,,JUD,,,,,,,,,,,,,0,036,036,03,1,4.0,6,1,6,-5.82010582010582,4,"Brisbane, Queensland, Australia",AS,AS04,154654,-27.5,153.017,-1561728,0,,,,,,,,4,"Brisbane, Queensland, Australia",AS,AS04,154654,-27.5,153.017,-1561728,20261008080000,https://www.perthnow.com.au/news/woman-charged-with-attempted-murder-after-alleged-plot-to-poison-two-boys-c-22989343
1326885440,20261008,202610,2026,2026.7616,AUSJUD,AUSTRALIA,AUS,,,,,JUD,,,AUS,AUSTRALIA,AUS,,,,,,,,0,010,010,01,1,0.0,3,1,3,-9.15750915750915,4,"Maroochydore, Queensland, Australia",AS,AS04,154693,-26.6601,153.1,332822,4,"Noosa, Queensland, Australia",AS,AS04,154693,-26.3943,153.09,-1591864,4,"Noosa, Queensland, Australia",AS,AS04,154693,-26.3943,153.09,-1591864,20261008080000,https://www.pedestrian.tv/news/former-bachelor-star-sam-wood-remains-in-custody-after-court-rejects-bail-bid
1326885441,20261008,202610,2026,2026.7616,AUSJUD,AUSTRALIA,AUS,,,,,JUD,,,AUS,BRISBANE,AUS,,,,,,,,0,036,036,03,1,4.0,2,1,2,-5.82010582010582,4,"Brisbane, Queensland, Australia",AS,AS04,154654,-27.5,153.017,-1561728,4,"Brisbane, Queensland, Australia",AS,AS04,154654,-27.5,153.017,-1561728,4,"Brisbane, Queensland, Australia",AS,AS04,154654,-27.5,153.017,-1561728,20261008080000,https://www.perthnow.com.au/news/woman-charged-with-attempted-murder-after-alleged-plot-to-poison-two-boys-c-22989343
1326885442,20261008,202610,2026,2026.7616,AUSJUD,AUSTRALIA,AUS,,,,,JUD,,,AUS,AUSTRALIA,AUS,,,,,,,,0,042,042,04,1,1.9,6,1,6,-7.44525547445256,4,"Adelaide, South Australia, Australia",AS,AS05,5256,-34.9333,138.6,-1555188,4,"Snowtown, South Australia, Australia",AS,AS05,5318,-33.7808,138.218,-1601049,4,"Adelaide, South Australia, Australia",AS,AS05,5256,-34.9333,138.6,-1555188,20261008080000,https://www.perthnow.com.au/news/sa/bodies-in-the-barrels-killer-james-vlassakis-walks-from-adelaide-pre-release-centre--c-22987529
1326885443,20261008,202610,2026,2026.7616,AUT,AUSTRIA,AUT,,,,,,,,,,,,,,,,,,0,014,014,01,1,0.0,2,1,2,-6.61252900232019,4,"Vienna, Wien, Austria",AU,AU09,5672,48.2,16.3667,-1995499,0,,,,,,,,4,"Vienna, Wien, Austria",AU,AU09,5672,48.2,16.3667,-1995499,20261008080000,https://www.euronews.com/2026/10/08/what-was-the-plague-really-like-in-germany-experts-explain-the-facts
1326885444,20261008,202610,2026,2026.7616,AUT,VIENNA,AUT,,,,,,,,,,,,,,,,,,1,017,017,01,1,0.0,4,1,4,-6.61252900232019,4,"Vienna, Wien, Austria",AU,AU09,5672,48.2,16.3667,-1995499,0,,,,,,,,4,"Vienna, Wien, Austria",AU,AU09,5672,48.2,16.3667,-1995499,20261008080000,https://www.euronews.com/2026/10/08/what-was-the-plague-really-like-in-germany-experts-explain-the-facts
1326885445,20261008,202610,2026,2026.7616,AUT,VIENNA,AUT,,,,,,,,,,,,,,,,,,1,017,017,01,1,0.0,3,1,3,-6.61252900232019,1,Ukraine,UP,UP,,49,32,UP,0,,,,,,,,1,Ukraine,UP,UP,,49,32,UP,20261008080000,https://www.euronews.com/2026/10/08/what-was-the-plague-really-like-in-germany-experts-explain-the-facts
1326885446,20261008,202610,2026,2026.7616,AUT,AUSTRIA,AUT,,,,,,,,,,,,,,,,,,0,090,090,09,2,-2.0,2,1,2,-6.61252900232019,4,"Vienna, Wien, Austria",AU,AU09,5672,48.2,16.3667,-1995499,0,,,,,,,,4,"Vienna, Wien, Austria",AU,AU09,5672,48.2,16.3667,-1995499,20261008080000,https://www.euronews.com/2026/10/08/what-was-the-plague-really-like-in-germany-experts-explain-the-facts
1326885447,20261008,202610,2026,2026.7616,AUT,AUSTRIA,AUT,,,,,,,,DEU,LEIPZIG,DEU,,,,,,,,1,010,010,01,1,0.0,4,1,4,-6.61252900232019,4,"Vienna, Wien, Austria",AU,AU09,5672,48.2,16.3667,-1995499,4,"Vienna, Wien, Austria",AU,AU09,5672,48.2,16.3667,-1995499,4,"Vienna, Wien, Austria",AU,AU09,5672,48.2,16.3667,-1995499,20261008080000,https://www.euronews.com/2026/10/08/what-was-the-plague-really-like-in-germany-experts-explain-the-facts
1326885448,20261008,202610,2026,2026.7616,AZE,AZERBAIJAN,AZE,,,,,,,,,,,,,,,,,,0,040,040,04,1,1.0,2,1,2,3.42105263157895,4,"Astana, Gorod Astana, Kazakhstan",KZ,KZ05,37174,51.1811,71.4278,-2334218,0,,,,,,,,4,"Astana, Gorod Astana, Kazakhstan",KZ,KZ05,37174,51.1811,71.4278,-2334218,20261008080000,https://astanatimes.com/2026/10/kazakh-fm-takes-part-in-cis-and-regional-meetings-in-turkmenbashi/
1326885449,20261008,202610,2026,2026.7616,AZE,AZERBAIJAN,AZE,,,,,,,,,,,,,,,,,,1,040,040,04,1,1.0,10,1,10,3.04878048780488,1,Azerbaijan,AJ,AJ,,40.5,47.5,AJ,0,,,,,,,,4,"Avaza, Balkan, Turkmenistan",TX,TX02,147324,39.9592,52.8592,-2560822,20261008080000,https://www.trend.az/casia/uzbekistan/4232440.html
1326885450,20261008,202610,2026,2026.7616,AZE,AZERBAIJAN,AZE,,,,,,,,,,,,,,,,,,1,057,057,05,1,8.0,10,1,10,3.04878048780488,1,Azerbaijan,AJ,AJ,,40.5,47.5,AJ,0,,,,,,,,4,"Avaza, Balkan, Turkmenistan",TX,TX02,147324,39.9592,52.8592,-2560822,20261008080000,https://www.trend.az/casia/uzbekistan/4232440.html
1326885451,20261008,202610,2026,2026.7616,AZE,AZERBAIJANI,AZE,,,,,,,,AZEGOV,AZERBAIJAN,AZE,,,,,GOV,,,0,010,010,01,1,0.0,4,1,4,0.748663101604282,4,"Baku, Baki*, Azerbaijan",AJ,AJ09,534,40.3953,49.8822,-2705195,4,"Baku, Baki*, Azerbaijan",AJ,AJ09,534,40.3953,49.8822,-2705195,4,"Baku, Baki*, Azerbaijan",AJ,AJ09,534,40.3953,49.8822,-2705195,20261008080000,https://www.trend.az/casia/turkmenistan/4232260.html
1326885452,20261008,202610,2026,2026.7616,AZE,AZERBAIJAN,AZE,,,,,,,,AZEGOV,AZERBAIJAN,AZE,,,,,GOV,,,1,026,026,02,1,4.0,2,1,2,5.20446096654275,1,Azerbaijan,AJ,AJ,,40.5,47.5,AJ,1,Azerbaijan,AJ,AJ,,40.5,47.5,AJ,1,Azerbaijan,AJ,AJ,,40.5,47.5,AJ,20261008080000,https://www.trend.az/casia/kyrgyzstan/4232418.html
1326885453,20261008,202610,2026,2026.7616,AZE,AZERBAIJAN,AZE,,,,,,,,AZEGOV,ILHAM ALIYEV,AZE,,,,,GOV,,,1,043,043,04,1,2.8,10,1,10,0,1,Azerbaijan,AJ,AJ,,40.5,47.5,AJ,4,"Avaza, Balkan, Turkmenistan",TX,TX02,147324,39.9592,52.8592,-2560822,4,"Avaza, Balkan, Turkmenistan",TX,TX02,147324,39.9592,52.8592,-2560822,20261008080000,https://www.trend.az/azerbaijan/4232366.html
1326885454,20261008,202610,2026,2026.7616,AZE,AZERBAIJAN,AZE,,,,,,,,GOV,PRESIDENT,,,,,,GOV,,,1,026,026,02,1,4.0,14,1,14,3.84707518591184,1,Azerbaijan,AJ,AJ,,40.5,47.5,AJ,1,Azerbaijan,AJ,AJ,,40.5,47.5,AJ,1,Azerbaijan,AJ,AJ,,40.5,47.5,AJ,20261008080000,https://www.trend.az/casia/kyrgyzstan/4232421.html
1326885455,20261008,202610,2026,2026.7616,AZE,AZERBAIJAN,AZE,,,,,,,,GOV,PRESIDENT,,,,,,GOV,,,0,043,043,04,1,2.8,6,1,6,0.748663101604282,4,"Baku, Baki*, Azerbaijan",AJ,AJ09,534,40.3953,49.8822,-2705195,4,"Baku, Baki*, Azerbaijan",AJ,AJ09,534,40.3953,49.8822,-2705195,4,"Baku, Baki*, Azerbaijan",AJ,AJ09,534,40.3953,49.8822,-2705195,20261008080000,https://www.trend.az/casia/turkmenistan/4232260.html
1326885456,20261008,202610,2026,2026.7616,AZE,AZERBAIJAN,AZE,,,,,,,,GOV,PRESIDENT,,,,,,GOV,,,1,043,043,04,1,2.8,2,1,2,0,1,Azerbaijan,AJ,AJ,,40.5,47.5,AJ,4,"Turkmenbashi, Balkan, Turkmenistan",TX,TX02,147324,40.0222,52.9552,-2559540,4,"Turkmenbashi, Balkan, Turkmenistan",TX,TX02,147324,40.0222,52.9552,-2559540,20261008080000,https://www.trend.az/azerbaijan/4232366.html
1326885457,20261008,202610,2026,2026.7616,AZE,AZERBAIJAN,AZE,,,,,,,,GOV,PRESIDENT,,,,,,GOV,,,1,043,043,04,1,2.8,6,1,6,0,1,Azerbaijan,AJ,AJ,,40.5,47.5,AJ,1,Azerbaijan,AJ,AJ,,40.5,47.5,AJ,4,"Turkmenbashi, Balkan, Turkmenistan",TX,TX02,147324,40.0222,52.9552,-2559540,20261008080000,https://www.trend.az/azerbaijan/4232366.html
1326885458,20261008,202610,2026,2026.7616,AZE,AZERBAIJAN,AZE,,,,,,,,GOV,PRESIDENT,,,,,,GOV,,,1,043,043,04,1,2.8,2,1,2,0,1,Azerbaijan,AJ,AJ,,40.5,47.5,AJ,1,Azerbaijan,AJ,AJ,,40.5,47.5,AJ,1,Azerbaijan,AJ,AJ,,40.5,47.5,AJ,20261008080000,https://www.trend.az/azerbaijan/4232366.html
1326885459,20261008,202610,2026,2026.7616,AZE,AZERBAIJAN,AZE,,,,,,,,GOV,PRESIDENT,,,,,,GOV,,,1,046,046,04,1,7.0,2,1,2,0,1,Azerbaijan,AJ,AJ,,40.5,47.5,AJ,4,"Turkmenbashi, Balkan, Turkmenistan",TX,TX02,147324,40.0222,52.9552,-2559540,1,Azerbaijan,AJ,AJ,,40.5,47.5,AJ,20261008080000,https://www.trend.az/azerbaijan/4232366.html
1326885460,20261008,202610,2026,2026.7616,AZE,AZERBAIJAN,AZE,,,,,,,,GOV,PRESIDENT,,,,,,GOV,,,1,046,046,04,1,7.0,6,1,6,0,1,Azerbaijan,AJ,AJ,,40.5,47.5,AJ,1,Azerbaijan,AJ,AJ,,40.5,47.5,AJ,1,Azerbaijan,AJ,AJ,,40.5,47.5,AJ,20261008080000,https://www.trend.az/azerbaijan/4232366.html
1326885461,20261008,202610,2026,2026.7616,AZE,AZERBAIJAN,AZE,,,,,,,,KAZ,KAZAKHSTAN,KAZ,,,,,,,,1,071,071,07,2,7.4,7,1,7,-0.581395348837211,1,Azerbaijan,AJ,AJ,,40.5,47.5,AJ,1,Azerbaijan,AJ,AJ,,40.5,47.5,AJ,1,Azerbaijan,AJ,AJ,,40.5,47.5,AJ,20261008080000,https://www.trend.az/azerbaijan/4232414.html
1326885462,20261008,202610,2026,2026.7616,AZE,AZERBAIJAN,AZE,,,,,,,,KAZ,KAZAKHSTAN,KAZ,,,,,,,,1,071,071,07,2,7.4,3,1,3,-0.581395348837211,1,Azerbaijan,AJ,AJ,,40.5,47.5,AJ,1,Kazakhstan,KZ,KZ,,48,68,KZ,1,Kazakhstan,KZ,KZ,,48,68,KZ,20261008080000,https://www.trend.az/azerbaijan/4232414.html
1326885463,20261008,202610,2026,2026.7616,AZE,AZERBAIJAN,AZE,,,,,,,,KGZ,KYRGYZSTAN,KGZ,,,,,,,,1,071,071,07,2,7.4,10,1,10,-0.581395348837211,1,Azerbaijan,AJ,AJ,,40.5,47.5,AJ,1,Kyrgyzstan,KG,KG,,41,75,KG,1,Kazakhstan,KZ,KZ,,48,68,KZ,20261008080000,https://www.trend.az/azerbaijan/4232414.html
1326885464,20261008,202610,2026,2026.7616,AZE,AZERBAIJAN,AZE,,,,,,,,TKM,TURKMENISTAN,TKM,,,,,,,,1,042,042,04,1,1.9,10,1,10,1.13100848256362,1,Turkmenistan,TX,TX,,40,60,TX,1,Turkmenistan,TX,TX,,40,60,TX,1,Turkmenistan,TX,TX,,40,60,TX,20261008080000,https://www.trend.az/azerbaijan/4232445.html
1326885465,20261008,202610,2026,2026.7616,AZE,AZERBAIJAN,AZE,,,,,,,,TKM,TURKMENISTAN,TKM,,,,,,,,0,043,043,04,1,2.8,2,1,2,0.748663101604282,4,"Baku, Baki*, Azerbaijan",AJ,AJ09,534,40.3953,49.8822,-2705195,4,"Avaza, Balkan, Turkmenistan",TX,TX02,147324,39.9592,52.8592,-2560822,4,"Baku, Baki*, Azerbaijan",AJ,AJ09,534,40.3953,49.8822,-2705195,20261008080000,https://www.trend.az/casia/turkmenistan/4232260.html
1326885466,20261008,202610,2026,2026.7616,AZE,AZERBAIJAN,AZE,,,,,,,,TKM,TURKMENISTAN,TKM,,,,,,,,1,046,046,04,1,7.0,3,1,3,3.04878048780488,1,Azerbaijan,AJ,AJ,,40.5,47.5,AJ,4,"Avaza, Balkan, Turkmenistan",TX,TX02,147324,39.9592,52.8592,-2560822,1,Azerbaijan,AJ,AJ,,40.5,47.5,AJ,20261008080000,https://www.trend.az/casia/uzbekistan/4232440.html
1326885467,20261008,202610,2026,2026.7616,AZE,AZERBAIJAN,AZE,,,,,,,,TKM,TURKMENISTAN,TKM,,,,,,,,0,0841,084,08,2,7.0,1,1,1,0.748663101604282,4,"Avaza, Balkan, Turkmenistan",TX,TX02,147324,39.9592,52.8592,-2560822,4,"Baku, Baki*, Azerbaijan",AJ,AJ09,534,40.3953,49.8822,-2705195,4,"Avaza, Balkan, Turkmenistan",TX,TX02,147324,39.9592,52.8592,-2560822,20261008080000,https://www.trend.az/casia/turkmenistan/4232260.html
1326885468,20261008,202610,2026,2026.7616,AZE,AZERBAIJAN,AZE,,,,,,,,TKM,TURKMENISTAN,TKM,,,,,,,,0,0841,084,08,2,7.0,1,1,1,0.748663101604282,4,"Baku, Baki*, Azerbaijan",AJ,AJ09,534,40.3953,49.8822,-2705195,4,"Avaza, Balkan, Turkmenistan",TX,TX02,147324,39.9592,52.8592,-2560822,4,"Baku, Baki*, Azerbaijan",AJ,AJ09,534,40.3953,49.8822,-2705195,20261008080000,https://www.trend.az/casia/turkmenistan/4232260.html
1326885469,20261008,202610,2026,2026.7616,AZE,AZERBAIJAN,AZE,,,,,,,,TKMGOV,TURKMENISTAN,TKM,,,,,GOV,,,0,043,043,04,1,2.8,2,1,2,0.748663101604282,4,"Avaza, Balkan, Turkmenistan",TX,TX02,147324,39.9592,52.8592,-2560822,4,"Avaza, Balkan, Turkmenistan",TX,TX02,147324,39.9592,52.8592,-2560822,4,"Avaza, Balkan, Turkmenistan",TX,TX02,147324,39.9592,52.8592,-2560822,20261008080000,https://www.trend.az/casia/turkmenistan/4232260.html
1326885470,20261008,202610,2026,2026.7616,AZE,AZERBAIJAN,AZE,,,,,,,,UZB,TASHKENT,UZB,,,,,,,,0,040,040,04,1,1.0,5,1,5,1.13100848256362,4,"Baku, Baki*, Azerbaijan",AJ,AJ09,534,40.3953,49.8822,-2705195,4,"Tashkent, Toshkent Shahri, Uzbekistan",UZ,UZ13,37316,41.3167,69.25,-2579372,4,"Tashkent, Toshkent Shahri, Uzbekistan",UZ,UZ13,37316,41.3167,69.25,-2579372,20261008080000,https://www.trend.az/azerbaijan/4232445.html
1326885471,20261008,202610,2026,2026.7616,AZE,AZERBAIJAN,AZE,,,,,,,,UZB,UZBEK,UZB,,,,,,,,1,046,046,04,1,7.0,4,1,4,3.04878048780488,1,Azerbaijan,AJ,AJ,,40.5,47.5,AJ,1,Uzbekistan,UZ,UZ,,41.707542,63.84911,UZ,1,Azerbaijan,AJ,AJ,,40.5,47.5,AJ,20261008080000,https://www.trend.az/casia/uzbekistan/4232440.html
1326885472,20261008,202610,2026,2026.7616,AZE,AZERBAIJAN,AZE,,,,,,,,UZB,UZBEKISTAN,UZB,,,,,,,,1,071,071,07,2,7.4,2,1,2,-0.581395348837211,1,Azerbaijan,AJ,AJ,,40.5,47.5,AJ,1,Kazakhstan,KZ,KZ,,48,68,KZ,1,Kazakhstan,KZ,KZ,,48,68,KZ,20261008080000,https://www.trend.az/azerbaijan/4232414.html
1326885473,20261008,202610,2026,2026.7616,AZE,AZERBAIJAN,AZE,,,,,,,,UZB,UZBEKISTAN,UZB,,,,,,,,1,071,071,07,2,7.4,8,1,8,-0.581395348837211,1,Azerbaijan,AJ,AJ,,40.5,47.5,AJ,1,Uzbekistan,UZ,UZ,,41.707542,63.84911,UZ,1,Kazakhstan,KZ,KZ,,48,68,KZ,20261008080000,https://www.trend.az/azerbaijan/4232414.html
1326885474,20261008,202610,2026,2026.7616,AZE,AZERBAIJAN,AZE,,,,,,,,UZBGOV,UZBEKISTAN,UZB,,,,,GOV,,,1,046,046,04,1,7.0,1,1,1,3.04878048780488,1,Azerbaijan,AJ,AJ,,40.5,47.5,AJ,1,Azerbaijan,AJ,AJ,,40.5,47.5,AJ,1,Azerbaijan,AJ,AJ,,40.5,47.5,AJ,20261008080000,https://www.trend.az/casia/uzbekistan/4232440.html
1326885475,20261008,202610,2026,2026.7616,AZE,AZERBAIJAN,AZE,,,,,,,,UZBGOV,UZBEK,UZB,,,,,GOV,,,1,046,046,04,1,7.0,2,1,2,3.04878048780488,1,Azerbaijan,AJ,AJ,,40.5,47.5,AJ,1,Uzbekistan,UZ,UZ,,41.707542,63.84911,UZ,1,Azerbaijan,AJ,AJ,,40.5,47.5,AJ,20261008080000,https://www.trend.az/casia/uzbekistan/4232440.html
1326885476,20261008,202610,2026,2026.7616,AZEGOV,ILHAM ALIYEV,AZE,,,,,GOV,,,,,,,,,,,,,0,010,010,01,1,0.0,16,1,16,0.987628964703868,4,"Baku, Baki*, Azerbaijan",AJ,AJ09,534,40.3953,49.8822,-2705195,0,,,,,,,,4,"Baku, Baki*, Azerbaijan",AJ,AJ09,534,40.3953,49.8822,-2705195,20261008080000,https://www.trend.az/azerbaijan/4232445.html
1326885477,20261008,202610,2026,2026.7616,AZEGOV,ILHAM ALIYEV,AZE,,,,,GOV,,,,,,,,,,,,,0,046,046,04,1,7.0,10,1,10,0.748663101604282,4,"Baku, Baki*, Azerbaijan",AJ,AJ09,534,40.3953,49.8822,-2705195,0,,,,,,,,4,"Baku, Baki*, Azerbaijan",AJ,AJ09,534,40.3953,49.8822,-2705195,20261008080000,https://www.trend.az/casia/turkmenistan/4232260.html
1326885478,20261008,202610,2026,2026.7616,AZEGOV,ILHAM ALIYEV,AZE,,,,,GOV,,,AZE,AZERBAIJAN,AZE,,,,,,,,1,042,042,04,1,1.9,10,1,10,0,4,"Turkmenbashi, Balkan, Turkmenistan",TX,TX02,147324,40.0222,52.9552,-2559540,4,"Turkmenbashi, Balkan, Turkmenistan",TX,TX02,147324,40.0222,52.9552,-2559540,4,"Turkmenbashi, Balkan, Turkmenistan",TX,TX02,147324,40.0222,52.9552,-2559540,20261008080000,https://www.trend.az/azerbaijan/4232366.html
1326885479,20261008,202610,2026,2026.7616,BEL,BRUSSELS,BEL,,,,,,,,BUS,AIRLINE,,,,,,BUS,,,0,042,042,04,1,1.9,7,1,7,-2.8673835125448,4,"Brussels, Bruxelles-Capitale, Belgium",BE,BE11,5850,50.8333,4.33333,-1955538,4,"Brussels, Bruxelles-Capitale, Belgium",BE,BE11,5850,50.8333,4.33333,-1955538,4,"Brussels, Bruxelles-Capitale, Belgium",BE,BE11,5850,50.8333,4.33333,-1955538,20261008080000,https://www.somersetcountygazette.co.uk/news/national/uk-today/26617353.brussels-airport-flights-cancelled-week-amid-strike/
1326885480,20261008,202610,2026,2026.7616,BEL,BRUSSELS,BEL,,,,,,,,MNCIRL,RYANAIR,IRL,,,,,MNC,,,0,042,042,04,1,1.9,3,1,3,-2.8673835125448,4,"Brussels, Bruxelles-Capitale, Belgium",BE,BE11,5850,50.8333,4.33333,-1955538,4,"Brussels, Bruxelles-Capitale, Belgium",BE,BE11,5850,50.8333,4.33333,-1955538,4,"Brussels, Bruxelles-Capitale, Belgium",BE,BE11,5850,50.8333,4.33333,-1955538,20261008080000,https://www.somersetcountygazette.co.uk/news/national/uk-today/26617353.brussels-airport-flights-cancelled-week-amid-strike/
1326885481,20261008,202610,2026,2026.7616,BEL,BRUSSELS,BEL,,,,,,,,PTY,POLITICIAN,,,,,,,,,0,010,010,01,1,0.0,6,1,6,-2.02622169249106,1,Ukraine,UP,UP,,49,32,UP,1,Ukraine,UP,UP,,49,32,UP,1,Ukraine,UP,UP,,49,32,UP,20261008080000,https://www.ipsnews.net/2026/10/a-rash-of-hard-hitting-questions-which-may-remain-evasive-for-candidates-running-for-un-chief/
1326885482,20261008,202610,2026,2026.7616,BEL,BRUSSELS,BEL,,,,,,,,PTY,POLITICIAN,,,,,,,,,0,013,013,01,1,0.4,4,1,4,-2.02622169249106,1,Ukraine,UP,UP,,49,32,UP,1,Ukraine,UP,UP,,49,32,UP,1,Ukraine,UP,UP,,49,32,UP,20261008080000,https://www.ipsnews.net/2026/10/a-rash-of-hard-hitting-questions-which-may-remain-evasive-for-candidates-running-for-un-chief/
1326885483,20261008,202610,2026,2026.7616,BRB,BARBADOS,BRB,,,,,,,,,,,,,,,,,,1,043,043,04,1,2.8,10,1,10,-0.35634743875279,1,Barbados,BB,BB,,13.166667,-59.533333,BB,0,,,,,,,,1,Barbados,BB,BB,,13.166667,-59.533333,BB,20261008080000,https://www.yachtingworld.com/voyages/jimmy-cornell-the-arc-mastermind-on-routing-sailing-your-own-boat-is-still-the-most-rewarding-way-to-explore-our-planet-164185
1326885484,20261008,202610,2026,2026.7616,BUS,AIRLINE,,,,,,BUS,,,,,,,,,,,,,1,010,010,01,1,0.0,5,1,5,-2.8673835125448,4,"Brussels, Bruxelles-Capitale, Belgium",BE,BE11,5850,50.8333,4.33333,-1955538,0,,,,,,,,4,"Brussels, Bruxelles-Capitale, Belgium",BE,BE11,5850,50.8333,4.33333,-1955538,20261008080000,https://www.somersetcountygazette.co.uk/news/national/uk-today/26617353.brussels-airport-flights-cancelled-week-amid-strike/
1326885485,20261008,202610,2026,2026.7616,BUS,COMPANY,,,,,,BUS,,,,,,,,,,,,,1,010,010,01,1,0.0,10,1,10,-3.58166189111748,4,"Monrovia, Montserrado, Liberia",LI,LI14,147290,6.31056,-10.8047,-2134012,0,,,,,,,,4,"Monrovia, Montserrado, Liberia",LI,LI14,147290,6.31056,-10.8047,-2134012,20261008080000,https://frontpageafricaonline.com/gtms-liberia-disowns-general-manager-and-pr-executive-says-appointments-came-from-unknown-director-linked-to-uk-firm-in-liquidation/
1326885486,20261008,202610,2026,2026.7616,BUS,BUSINESS,,,,,,BUS,,,,,,,,,,,,,0,010,010,01,1,0.0,10,1,10,3.57675111773472,4,"Robertsport, Grand Cape Mount, Liberia",LI,LI12,147176,6.75333,-11.3686,-2134639,0,,,,,,,,4,"Robertsport, Grand Cape Mount, Liberia",LI,LI12,147176,6.75333,-11.3686,-2134639,20261008080000,https://frontpageafricaonline.com/liberia-the-money-gave-us-hope-but-three-months-is-too-short-grand-cape-mount-women-tell-lwep/
1326885487,20261008,202610,2026,2026.7616,BUS,COMPANIES,,,,,,BUS,,,,,,,,,,,,,1,010,010,01,1,0.0,10,1,10,6.77361853832442,4,"Bangkok, Krung Thep Mahanakhon, Thailand",TH,TH40,26423,13.75,100.517,-3250083,0,,,,,,,,4,"Bangkok, Krung Thep Mahanakhon, Thailand",TH,TH40,26423,13.75,100.517,-3250083,20261008080000,https://www.newswit.com/en/ieneskoufpvf4e54i6oq3rvd5yg6s181
1326885488,20261008,202610,2026,2026.7616,BUS,BUSINESS,,,,,,BUS,,,,,,,,,,,,,1,010,010,01,1,0.0,15,2,15,0.0380736029559601,1,South Africa,SF,SF,,-30,26,SF,0,,,,,,,,1,South Africa,SF,SF,,-30,26,SF,20261008080000,https://economictimes.indiatimes.com/markets/stocks/news/multibagger-stock-cupid-shares-jump-4-soar-238-in-2026-whats-driving-the-rally/articleshow/134782891.cms
1326885489,20261008,202610,2026,2026.7616,BUS,BUSINESS LEADER,,,,,,BUS,,,,,,,,,,,,,0,012,012,01,1,-0.4,3,1,3,-1.38751238850346,1,South Africa,SF,SF,,-30,26,SF,0,,,,,,,,1,South Africa,SF,SF,,-30,26,SF,20261008080000,https://www.itweb.co.za/article/short-term-risk-from-ai-and-cyber-security-has-spiked-warns-marsh-africa/RgeVDMPR3oGvKJN3
1326885490,20261008,202610,2026,2026.7616,BUS,BUSINESS,,,,,,BUS,,,,,,,,,,,,,1,030,030,03,1,4.0,10,1,10,3.44827586206897,4,"Hyderabad, Andhra Pradesh, India",IN,IN02,17564,17.3753,78.4744,-2097701,0,,,,,,,,4,"Hyderabad, Andhra Pradesh, India",IN,IN02,17564,17.3753,78.4744,-2097701,20261008080000,https://www.sakshipost.com/news/hyderabad/hyderabad-welcome-university-colorado-denver-campus-482606
1326885491,20261008,202610,2026,2026.7616,BUS,COMPANIES,,,,,,BUS,,,,,,,,,,,,,0,031,031,03,1,5.2,1,1,1,1.95530726256983,4,"Wuhan, Hubei, China",CH,CH12,13124,30.5833,114.267,-1930776,0,,,,,,,,4,"Wuhan, Hubei, China",CH,CH12,13124,30.5833,114.267,-1930776,20261008080000,https://frontpageafricaonline.com/liberia-ex-mines-minister-paye-says-liberia-must-adopt-resource-sovereignty-to-break-mining-cartels-stop-reliance-on-foreign-loans/
1326885492,20261008,202610,2026,2026.7616,BUS,COMPANIES,,,,,,BUS,,,,,,,,,,,,,0,031,031,03,1,5.2,9,1,9,1.95530726256983,4,"Monrovia, Montserrado, Liberia",LI,LI14,147290,6.31056,-10.8047,-2134012,0,,,,,,,,4,"Monrovia, Montserrado, Liberia",LI,LI14,147290,6.31056,-10.8047,-2134012,20261008080000,https://frontpageafricaonline.com/liberia-ex-mines-minister-paye-says-liberia-must-adopt-resource-sovereignty-to-break-mining-cartels-stop-reliance-on-foreign-loans/
1326885493,20261008,202610,2026,2026.7616,BUS,BUSINESS,,,,,,BUS,,,,,,,,,,,,,0,035,035,03,1,7.0,10,1,10,3.57675111773472,5,"Cape Mount County, Grand Cape Mount, Liberia",LI,LI12,147244,7.16667,-11,-2132275,0,,,,,,,,5,"Cape Mount County, Grand Cape Mount, Liberia",LI,LI12,147244,7.16667,-11,-2132275,20261008080000,https://frontpageafricaonline.com/liberia-the-money-gave-us-hope-but-three-months-is-too-short-grand-cape-mount-women-tell-lwep/
1326885494,20261008,202610,2026,2026.7616,BUS,EMPLOYER,,,,,,BUS,,,,,,,,,,,,,1,036,036,03,1,4.0,2,1,2,2.48447204968944,2,"North Carolina, United States",US,USNC,,35.6411,-79.8431,NC,0,,,,,,,,3,"Taylorsville, North Carolina, United States",US,USNC,NC003,35.9218,-81.1765,995905,20261008080000,https://whky.com/veterans-job-fair-set-for-october-29-in-taylorsville/
1326885495,20261008,202610,2026,2026.7616,BUS,EMPLOYER,,,,,,BUS,,,,,,,,,,,,,1,036,036,03,1,4.0,8,1,8,2.48447204968944,2,"North Carolina, United States",US,USNC,,35.6411,-79.8431,NC,0,,,,,,,,2,"North Carolina, United States",US,USNC,,35.6411,-79.8431,NC,20261008080000,https://whky.com/veterans-job-fair-set-for-october-29-in-taylorsville/
1326885496,20261008,202610,2026,2026.7616,BUS,BUSINESS,,,,,,BUS,,,,,,,,,,,,,0,051,051,05,1,3.4,3,1,3,-1.2012012012012,2,"Wisconsin, United States",US,USWI,,44.2563,-89.6385,WI,0,,,,,,,,2,"Wisconsin, United States",US,USWI,,44.2563,-89.6385,WI,20261008080000,https://www.wpr.org/news/wisconsin-7th-district-debate-fred-clark-michael-alfonso-congress-2026
1326885497,20261008,202610,2026,2026.7616,BUS,INVESTOR,,,,,,BUS,,,,,,,,,,,,,1,070,070,07,2,7.0,5,1,5,0.9009009009009,1,India,IN,IN,,20,77,IN,0,,,,,,,,1,India,IN,IN,,20,77,IN,20261008080000,https://www.business-standard.com/industry/news/institutional-investment-in-housing-dips-39-mn-in-9-months-colliers-126100800262_1.html
1326885498,20261008,202610,2026,2026.7616,BUS,BUSINESS,,,,,,BUS,,,,,,,,,,,,,0,071,071,07,2,7.4,10,1,10,3.57675111773472,4,"Robertsport, Grand Cape Mount, Liberia",LI,LI12,147176,6.75333,-11.3686,-2134639,0,,,,,,,,4,"Robertsport, Grand Cape Mount, Liberia",LI,LI12,147176,6.75333,-11.3686,-2134639,20261008080000,https://frontpageafricaonline.com/liberia-the-money-gave-us-hope-but-three-months-is-too-short-grand-cape-mount-women-tell-lwep/
1326885499,20261008,202610,2026,2026.7616,BUS,INDUSTRY,,,,,,BUS,,,,,,,,,,,,,0,071,071,07,2,7.4,8,1,8,-1.38751238850346,1,South Africa,SF,SF,,-30,26,SF,0,,,,,,,,1,South Africa,SF,SF,,-30,26,SF,20261008080000,https://www.itweb.co.za/article/short-term-risk-from-ai-and-cyber-security-has-spiked-warns-marsh-africa/RgeVDMPR3oGvKJN3
1326885500,20261008,202610,2026,2026.7616,BUS,INDUSTRY,,,,,,BUS,,,,,,,,,,,,,1,072,072,07,2,8.3,10,1,10,0.41972717733473,4,"Tshwane, Limpopo, South Africa",SF,SF09,77345,-25.1797,28.1135,-1292416,0,,,,,,,,4,"Tshwane, Limpopo, South Africa",SF,SF09,77345,-25.1797,28.1135,-1292416,20261008080000,https://www.itweb.co.za/article/from-wil-to-the-real-world-how-industry-experience-can-shape-sas-next-generation-of-tech-talent/KWEBbvyLdaWqmRjO
1326885501,20261008,202610,2026,2026.7616,BUS,BUSINESS,,,,,,BUS,,,,,,,,,,,,,1,073,073,07,2,7.4,5,1,5,3.57675111773472,4,"Tosor, Grand Cape Mount, Liberia",LI,LI12,147176,6.74111,-11.3378,-2135440,0,,,,,,,,4,"Tosor, Grand Cape Mount, Liberia",LI,LI12,147176,6.74111,-11.3378,-2135440,20261008080000,https://frontpageafricaonline.com/liberia-the-money-gave-us-hope-but-three-months-is-too-short-grand-cape-mount-women-tell-lwep/
1326885502,20261008,202610,2026,2026.7616,BUS,AIRWAY,,,,,,BUS,,,,,,,,,,,,,1,073,073,07,2,7.4,10,1,10,-5.05226480836237,4,"Tsukuba, Ibaraki, Japan",JA,JA14,34553,36.2,140.1,-246896,0,,,,,,,,4,"Tsukuba, Ibaraki, Japan",JA,JA14,34553,36.2,140.1,-246896,20261008080000,https://www.medicaldaily.com/cheese-fish-cake-aspiration-cryoextraction-479692
1326885503,20261008,202610,2026,2026.7616,BUS,COMPANY,,,,,,BUS,,,,,,,,,,,,,0,130,130,13,3,-4.4,10,1,10,-3.42857142857143,1,United Kingdom,UK,UK,,54,-4,UK,0,,,,,,,,1,United Kingdom,UK,UK,,54,-4,UK,20261008080000,https://frontpageafricaonline.com/liberia-gtms-liberia-launches-legal-action-against-two-men-over-alleged-fake-executive-appointments/
1326885504,20261008,202610,2026,2026.7616,BUS,COMPANY,,,,,,BUS,,,,,,,,,,,,,1,160,160,16,4,-4.0,6,2,6,-1.91566963220506,4,"Belgorod, Belgorodskaya Oblast', Russia",RS,RS09,25036,50.6107,36.5802,-2883930,0,,,,,,,,4,"Black Sea, Oceans (general), Oceans",OS,OS00,,43,35,-1506338,20261008080000,https://www.aol.co.uk/articles/chaos-russian-google-hit-drone-070100000.html
1326885505,20261008,202610,2026,2026.7616,BUS,COMPANY,,,,,,BUS,,,,,,,,,,,,,1,160,160,16,4,-4.0,4,2,4,-1.91566963220507,4,"Ryazan, Ryazanskaya Oblast', Russia",RS,RS62,25091,54.6269,39.6916,-2994531,0,,,,,,,,1,Ukraine,UP,UP,,49,32,UP,20261008080000,https://www.aol.co.uk/articles/chaos-russian-google-hit-drone-070100000.html
1326885506,20261008,202610,2026,2026.7616,BUS,BUSINESS,,,,,,BUS,,,AFR,AFRICA,AFR,,,,,,,,1,042,042,04,1,1.9,3,1,3,0.358422939068099,4,"Nairobi, Nairobi Area, Kenya",KE,KE05,18585,-1.28333,36.8167,-2258072,4,"Nairobi, Nairobi Area, Kenya",KE,KE05,18585,-1.28333,36.8167,-2258072,4,"Nairobi, Nairobi Area, Kenya",KE,KE05,18585,-1.28333,36.8167,-2258072,20261008080000,https://techweez.com/2026/10/08/dan-kwach-africa-ai-data-centers/
1326885507,20261008,202610,2026,2026.7616,BUS,INDUSTRY,,,,,,BUS,,,AFR,AFRICA,AFR,,,,,,,,0,071,071,07,2,7.4,2,1,2,-1.38751238850346,1,South Africa,SF,SF,,-30,26,SF,1,South Africa,SF,SF,,-30,26,SF,1,South Africa,SF,SF,,-30,26,SF,20261008080000,https://www.itweb.co.za/article/short-term-risk-from-ai-and-cyber-security-has-spiked-warns-marsh-africa/RgeVDMPR3oGvKJN3
1326885508,20261008,202610,2026,2026.7616,BUS,COMPANY,,,,,,BUS,,,ATG,ANTIGUA AND BARBUDA,ATG,,,,,,,,1,036,036,03,1,4.0,6,1,6,-0.84033613445378,4,"London, London, City of, United Kingdom",UK,UKH9,40110,51.5,-0.116667,-2601889,4,"London, London, City of, United Kingdom",UK,UKH9,40110,51.5,-0.116667,-2601889,4,"London, London, City of, United Kingdom",UK,UKH9,40110,51.5,-0.116667,-2601889,20261008080000,https://hallmarknews.com/plotweaver-ceo-wole-fagbohun-to-join-global-leaders-at-commonwealth-business-forum-2026/
1326885509,20261008,202610,2026,2026.7616,BUS,BUSINESS,,,,,,BUS,,,ATG,ANTIGUA AND BARBUDA,ATG,,,,,,,,1,043,043,04,1,2.8,4,1,4,-0.84033613445378,1,Antigua And Barbuda,AC,AC,,17.05,-61.8,AC,1,Antigua And Barbuda,AC,AC,,17.05,-61.8,AC,1,Antigua And Barbuda,AC,AC,,17.05,-61.8,AC,20261008080000,https://hallmarknews.com/plotweaver-ceo-wole-fagbohun-to-join-global-leaders-at-commonwealth-business-forum-2026/
1326885510,20261008,202610,2026,2026.7616,BUS,AIRLINE,,,,,,BUS,,,BEL,BRUSSELS,BEL,,,,,,,,1,036,036,03,1,4.0,8,1,8,-2.8673835125448,1,United Kingdom,UK,UK,,54,-4,UK,4,"Brussels, Bruxelles-Capitale, Belgium",BE,BE11,5850,50.8333,4.33333,-1955538,1,United Kingdom,UK,UK,,54,-4,UK,20261008080000,https://www.somersetcountygazette.co.uk/news/national/uk-today/26617353.brussels-airport-flights-cancelled-week-amid-strike/
1326885511,20261008,202610,2026,2026.7616,BUS,AIRLINE,,,,,,BUS,,,BEL,BELGIUM,BEL,,,,,,,,1,036,036,03,1,4.0,2,1,2,-2.8673835125448,1,United Kingdom,UK,UK,,54,-4,UK,1,United Kingdom,UK,UK,,54,-4,UK,1,United Kingdom,UK,UK,,54,-4,UK,20261008080000,https://www.somersetcountygazette.co.uk/news/national/uk-today/26617353.brussels-airport-flights-cancelled-week-amid-strike/
1326885512,20261008,202610,2026,2026.7616,BUS,AIRLINE,,,,,,BUS,,,BEL,BRUSSELS,BEL,,,,,,,,0,043,043,04,1,2.8,7,1,7,-2.8673835125448,4,"Brussels, Bruxelles-Capitale, Belgium",BE,BE11,5850,50.8333,4.33333,-1955538,4,"Brussels, Bruxelles-Capitale, Belgium",BE,BE11,5850,50.8333,4.33333,-1955538,4,"Brussels, Bruxelles-Capitale, Belgium",BE,BE11,5850,50.8333,4.33333,-1955538,20261008080000,https://www.somersetcountygazette.co.uk/news/national/uk-today/26617353.brussels-airport-flights-cancelled-week-amid-strike/
1326885513,20261008,202610,2026,2026.7616,BUS,BUSINESS,,,,,,BUS,,,CVL,VOTER,,,,,,CVL,,,0,026,026,02,1,4.0,1,1,1,-1.2012012012012,3,"Minocqua, Wisconsin, United States",US,USWI,WI085,45.8713,-89.711,1569580,3,"Minocqua, Wisconsin, United States",US,USWI,WI085,45.8713,-89.711,1569580,3,"Minocqua, Wisconsin, United States",US,USWI,WI085,45.8713,-89.711,1569580,20261008080000,https://www.wpr.org/news/wisconsin-7th-district-debate-fred-clark-michael-alfonso-congress-2026
1326885514,20261008,202610,2026,2026.7616,BUS,BUSINESS,,,,,,BUS,,,CVL,VOTER,,,,,,CVL,,,0,026,026,02,1,4.0,1,1,1,-1.2012012012012,3,"Minocqua, Wisconsin, United States",US,USWI,WI085,45.8713,-89.711,1569580,3,"Minocqua, Wisconsin, United States",US,USWI,WI085,45.8713,-89.711,1569580,1,Iran,IR,IR,,32,53,IR,20261008080000,https://www.wpr.org/news/wisconsin-7th-district-debate-fred-clark-michael-alfonso-congress-2026
1326885515,20261008,202610,2026,2026.7616,BUS,BUSINESS,,,,,,BUS,,,CVL,VOTER,,,,,,CVL,,,0,026,026,02,1,4.0,3,1,3,-1.2012012012012,1,Iran,IR,IR,,32,53,IR,1,Iran,IR,IR,,32,53,IR,1,Iran,IR,IR,,32,53,IR,20261008080000,https://www.wpr.org/news/wisconsin-7th-district-debate-fred-clark-michael-alfonso-congress-2026
1326885516,20261008,202610,2026,2026.7616,BUS,COMPANY,,,,,,BUS,,,EDU,UNIVERSITY,,,,,,EDU,,,1,042,042,04,1,1.9,2,1,2,0.41972717733473,4,"Tshwane, Limpopo, South Africa",SF,SF09,77345,-25.1797,28.1135,-1292416,4,"Tshwane, Limpopo, South Africa",SF,SF09,77345,-25.1797,28.1135,-1292416,4,"Tshwane, Limpopo, South Africa",SF,SF09,77345,-25.1797,28.1135,-1292416,20261008080000,https://www.itweb.co.za/article/from-wil-to-the-real-world-how-industry-experience-can-shape-sas-next-generation-of-tech-talent/KWEBbvyLdaWqmRjO
1326885517,20261008,202610,2026,2026.7616,BUS,COMPANIES,,,,,,BUS,,,GOV,GOVERNMENT,,,,,,GOV,,,0,073,073,07,2,7.4,6,1,6,0.0527704485488103,2,"California, United States",US,USCA,,36.17,-119.746,CA,2,"California, United States",US,USCA,,36.17,-119.746,CA,2,"California, United States",US,USCA,,36.17,-119.746,CA,20261008080000,https://abc7news.com/story/heres-where-scott-wiener-connie-chan-stand-san-franciscos-congressional-race-take-nancy-pelosis-seat/19919493/
1326885518,20261008,202610,2026,2026.7616,BUS,COMPANIES,,,,,,BUS,,,GOV,GOVERNMENT,,,,,,GOV,,,0,100,100,10,3,-5.0,3,1,3,0.0527704485488103,3,"San Francisco, California, United States",US,USCA,CA075,37.7749,-122.419,277593,3,"San Francisco, California, United States",US,USCA,,37.7749,-122.419,277593,3,"San Francisco, California, United States",US,USCA,,37.7749,-122.419,277593,20261008080000,https://abc7news.com/story/heres-where-scott-wiener-connie-chan-stand-san-franciscos-congressional-race-take-nancy-pelosis-seat/19919493/
1326885519,20261008,202610,2026,2026.7616,BUS,COMPANIES,,,,,,BUS,,,GOV,GOVERNMENT,,,,,,GOV,,,0,100,100,10,3,-5.0,3,1,3,0.0527704485488103,2,"California, United States",US,USCA,,36.17,-119.746,CA,2,"California, United States",US,USCA,,36.17,-119.746,CA,2,"California, United States",US,USCA,,36.17,-119.746,CA,20261008080000,https://abc7news.com/story/heres-where-scott-wiener-connie-chan-stand-san-franciscos-congressional-race-take-nancy-pelosis-seat/19919493/
1326885520,20261008,202610,2026,2026.7616,BUS,COMPANIES,,,,,,BUS,,,LAB,EMPLOYEE,,,,,,LAB,,,1,070,070,07,2,7.0,5,1,5,2.74725274725275,3,"White House, District of Columbia, United States",US,USDC,,38.8951,-77.0364,531871,3,"White House, District of Columbia, United States",US,USDC,,38.8951,-77.0364,531871,3,"White House, District of Columbia, United States",US,USDC,,38.8951,-77.0364,531871,20261008080000,https://www.newser.com/story/397764/70m-kids-have-now-been-auto-enrolled-in-trump-accounts.html
1326885521,20261008,202610,2026,2026.7616,BUS,COMPANIES,,,,,,BUS,,,LEG,REPRESENTATIVES,,,,,,LEG,,,1,045,045,04,1,5.0,5,1,5,4.18410041841004,0,,,,,,,,0,,,,,,,,0,,,,,,,,20261008080000,https://leadership.ng/adamawa-opens-bids-for-11km-wuro-ngayadi-gulak-transmission-line/
1326885522,20261008,202610,2026,2026.7616,BUS,COMPANY,,,,,,BUS,,,MED,WEBSITE,,,,,,MED,,,1,084,084,08,2,7.0,10,1,10,2.03562340966921,0,,,,,,,,0,,,,,,,,0,,,,,,,,20261008080000,https://www.jagranjosh.com/articles/nicl-assistant-prelims-result-2026-at-nationalinsurance-nic-co-in-download-merit-list-pdf-score-card-1800017537-1
1326885523,20261008,202610,2026,2026.7616,BUS,INDUSTRY,,,,,,BUS,,,USA,CALIFORNIA,USA,,,,,,,,1,010,010,01,1,0.0,3,1,3,0.0527704485488103,3,"San Francisco, California, United States",US,USCA,CA075,37.7749,-122.419,277593,3,"San Francisco, California, United States",US,USCA,,37.7749,-122.419,277593,3,"San Francisco, California, United States",US,USCA,,37.7749,-122.419,277593,20261008080000,https://abc7news.com/story/heres-where-scott-wiener-connie-chan-stand-san-franciscos-congressional-race-take-nancy-pelosis-seat/19919493/
1326885524,20261008,202610,2026,2026.7616,BUS,INVESTOR,,,,,,BUS,,,USA,NEW YORK,USA,,,,,,,,1,042,042,04,1,1.9,4,1,2,2.66412940057088,2,"New York, United States",US,USNY,,42.1497,-74.9384,NY,2,"New York, United States",US,USNY,,42.1497,-74.9384,NY,2,"New York, United States",US,USNY,,42.1497,-74.9384,NY,20261008080000,https://www.manilatimes.net/2026/10/08/tmt-newswire/globenewswire/qaixorg-opens-global-membership-launching-an-executive-alliance-across-quantum-ai-finance/2441471
1326885525,20261008,202610,2026,2026.7616,BUSBUS,MERCHANT,,,,,,BUS,BUS,,,,,,,,,,,,1,013,013,01,1,0.4,10,1,10,-0.5722460658083,0,,,,,,,,0,,,,,,,,0,,,,,,,,20261008080000,https://economictimes.indiatimes.com/markets/stocks/news/paytm-shares-crash-10-wipe-off-rs-10970-crore-m-cap-more-pain-ahead/articleshow/134783164.cms
1326885526,20261008,202610,2026,2026.7616,CAN,CANADA,CAN,,,,,,,,,,,,,,,,,,1,030,030,03,1,4.0,2,1,2,2.08078335373317,1,India,IN,IN,,20,77,IN,0,,,,,,,,1,Canada,CA,CA,,60,-96,CA,20261008080000,https://economictimes.indiatimes.com/nri/latest-updates/ontario-immigration-update-c80000-earners-get-10-points-under-new-canada-pr-pathway/articleshow/134782094.cms
1326885527,20261008,202610,2026,2026.7616,CAN,ONTARIO,CAN,,,,,,,,,,,,,,,,,,1,036,036,03,1,4.0,10,1,10,2.08078335373317,1,Australia,AS,AS,,-25,135,AS,0,,,,,,,,1,Australia,AS,AS,,-25,135,AS,20261008080000,https://economictimes.indiatimes.com/nri/latest-updates/ontario-immigration-update-c80000-earners-get-10-points-under-new-canada-pr-pathway/articleshow/134782094.cms
1326885528,20261008,202610,2026,2026.7616,CAN,CANADA,CAN,,,,,,,,,,,,,,,,,,1,150,150,15,4,-7.2,8,1,8,2.08078335373317,1,Canada,CA,CA,,60,-96,CA,0,,,,,,,,1,Canada,CA,CA,,60,-96,CA,20261008080000,https://economictimes.indiatimes.com/nri/latest-updates/ontario-immigration-update-c80000-earners-get-10-points-under-new-canada-pr-pathway/articleshow/134782094.cms
1326885529,20261008,202610,2026,2026.7616,CAN,CANADA,CAN,,,,,,,,,,,,,,,,,,1,150,150,15,4,-7.2,2,1,2,2.08078335373317,1,India,IN,IN,,20,77,IN,0,,,,,,,,1,Canada,CA,CA,,60,-96,CA,20261008080000,https://economictimes.indiatimes.com/nri/latest-updates/ontario-immigration-update-c80000-earners-get-10-points-under-new-canada-pr-pathway/articleshow/134782094.cms
1326885530,20261008,202610,2026,2026.7616,CHN,CHINA,CHN,,,,,,,,,,,,,,,,,,0,016,016,01,1,-2.0,2,1,2,-4.24966799468792,1,China,CH,CH,,35,105,CH,0,,,,,,,,1,China,CH,CH,,35,105,CH,20261008080000,https://aviationweek.com/business-aviation/safety-ops-regulation/archer-counterclaims-dismissed-joby-lawsuit-moves-forward
1326885531,20261008,202610,2026,2026.7616,CHN,GUANGZHOU,CHN,,,,,,,,GOV,GOVERNMENT,,,,,,GOV,,,1,020,020,02,1,3.0,10,1,10,-1.81818181818181,4,"Guangzhou, Guangdong, China",CH,CH30,13033,23.1167,113.25,-1907161,4,"Guangzhou, Guangdong, China",CH,CH30,13033,23.1167,113.25,-1907161,4,"Guangzhou, Guangdong, China",CH,CH30,13033,23.1167,113.25,-1907161,20261008080000,https://www.hydrogenfuelnews.com/hydrogen-energy-news-guangzhou-proposes-toll-waivers-and-subsidies-for-fuel-cell/8576833/
1326885532,20261008,202610,2026,2026.7616,CHN,CHINA,CHN,,,,,,,,VNM,VIETNAMESE,VNM,,,,,,,,1,043,043,04,1,2.8,10,1,10,4.37636761487965,1,China,CH,CH,,35,105,CH,4,"Hanoi, Ha N?i, Vietnam, Republic Of",VM,VM44,74067,21.0333,105.85,-3714993,1,Hong Kong,HK,HK,,22.25,114.166667,HK,20261008080000,https://vietnamnews.vn/life-style/1801481/vietnamese-experimental-theatre-shines-at-aappac-2026.html
1326885533,20261008,202610,2026,2026.7616,CHRCTHEDU,CATHOLIC,,,,CHR,CTH,EDU,,,,,,,,,,,,,1,043,043,04,1,2.8,1,1,1,3.88471177944862,3,"Fort Dodge, Iowa, United States",US,USIA,IA187,42.4975,-94.168,456686,0,,,,,,,,3,"Fort Dodge, Iowa, United States",US,USIA,,42.4975,-94.168,456686,20261008080000,https://www.messengernews.net/obituaries/2026/10/betty-niceswanger/
1326885534,20261008,202610,2026,2026.7616,CHRCTHEDU,CATHOLIC,,,,CHR,CTH,EDU,,,USA,UNITED STATES,USA,,,,,,,,1,042,042,04,1,1.9,4,1,4,3.88471177944862,3,"Fort Dodge, Iowa, United States",US,USIA,IA187,42.4975,-94.168,456686,3,"Fort Dodge, Iowa, United States",US,USIA,,42.4975,-94.168,456686,3,"Fort Dodge, Iowa, United States",US,USIA,,42.4975,-94.168,456686,20261008080000,https://www.messengernews.net/obituaries/2026/10/betty-niceswanger/
1326885535,20261008,202610,2026,2026.7616,COG,CONGO,COG,,,,,,,,CRM,CARTEL,,,,,,CRM,,,0,036,036,03,1,4.0,1,1,1,-3.57388316151203,4,"Congo Town, Grand Cape Mount, Liberia",LI,LI12,147176,6.77417,-11.2978,-2135211,4,"Royesville, Bomi, Liberia",LI,LI15,147291,6.50333,-10.8933,-2134657,4,"Congo Town, Grand Cape Mount, Liberia",LI,LI12,147176,6.77417,-11.2978,-2135211,20261008080000,https://frontpageafricaonline.com/liberia-errors-contradictions-cloud-drug-case-against-ex-vp-taylor-as-she-and-several-others-named-in-indictment/
1326885536,20261008,202610,2026,2026.7616,COG,CONGO,COG,,,,,,,,CRM,CARTEL,,,,,,CRM,,,0,036,036,03,1,4.0,3,1,3,-3.57388316151203,4,"Congo Town, Grand Cape Mount, Liberia",LI,LI12,147176,6.77417,-11.2978,-2135211,4,"Congo Town, Grand Cape Mount, Liberia",LI,LI12,147176,6.77417,-11.2978,-2135211,4,"Congo Town, Grand Cape Mount, Liberia",LI,LI12,147176,6.77417,-11.2978,-2135211,20261008080000,https://frontpageafricaonline.com/liberia-errors-contradictions-cloud-drug-case-against-ex-vp-taylor-as-she-and-several-others-named-in-indictment/
1326885537,20261008,202610,2026,2026.7616,COP,DEPUTIES,,,,,,COP,,,,,,,,,,,,,1,010,010,01,1,0.0,2,1,2,-8.25688073394496,3,"Rancho Cucamonga, California, United States",US,USCA,CA071,34.1064,-117.593,1667908,0,,,,,,,,3,"Rancho Cucamonga, California, United States",US,USCA,,34.1064,-117.593,1667908,20261008080000,https://www.championnewspapers.com/community_news/article_8f204dd5-d572-4c91-8f7f-6b096c4c3ab7.html
1326885538,20261008,202610,2026,2026.7616,COP,POLICE CHIEF,,,,,,COP,,,,,,,,,,,,,1,010,010,01,1,0.0,3,1,3,0,3,"West Hartford, Connecticut, United States",US,USCT,CT003,41.762,-72.742,211952,0,,,,,,,,3,"West Hartford, Connecticut, United States",US,USCT,,41.762,-72.742,211952,20261008080000,https://www.nbcconnecticut.com/news/local/east-lyme-board-of-selectmen-advance-speed-camera-plan-in-5-1-vote/3782821/
1326885539,20261008,202610,2026,2026.7616,COP,DEPUTIES,,,,,,COP,,,,,,,,,,,,,1,010,010,01,1,0.0,8,1,8,-8.25688073394496,3,"San Bernardino County, California, United States",US,USCA,CA071,34.6667,-116.168,277300,0,,,,,,,,3,"San Bernardino County, California, United States",US,USCA,,34.6667,-116.168,277300,20261008080000,https://www.championnewspapers.com/community_news/article_8f204dd5-d572-4c91-8f7f-6b096c4c3ab7.html
1326885540,20261008,202610,2026,2026.7616,COP,POLICE,,,,,,COP,,,,,,,,,,,,,1,013,013,01,1,0.4,10,1,10,-5.24017467248908,3,"Crystal Pier, California, United States",US,USCA,CA073,32.7959,-117.258,241143,0,,,,,,,,3,"Crystal Pier, California, United States",US,USCA,,32.7959,-117.258,241143,20261008080000,https://www.nbcsandiego.com/news/local/police-id-unarmed-security-guard-fatally-shot-crystal-pier-pacific-beach/4084302/
1326885541,20261008,202610,2026,2026.7616,COP,POLICE,,,,,,COP,,,,,,,,,,,,,1,020,020,02,1,3.0,10,1,10,-5.82010582010582,4,"Brisbane, Queensland, Australia",AS,AS04,154654,-27.5,153.017,-1561728,0,,,,,,,,4,"Brisbane, Queensland, Australia",AS,AS04,154654,-27.5,153.017,-1561728,20261008080000,https://www.perthnow.com.au/news/woman-charged-with-attempted-murder-after-alleged-plot-to-poison-two-boys-c-22989343
1326885542,20261008,202610,2026,2026.7616,COP,POLICE,,,,,,COP,,,,,,,,,,,,,1,020,020,02,1,3.0,10,1,10,-5.82010582010582,4,"Mitchelton, Queensland, Australia",AS,AS04,154682,-27.4167,152.967,-1588133,0,,,,,,,,4,"Mitchelton, Queensland, Australia",AS,AS04,154682,-27.4167,152.967,-1588133,20261008080000,https://www.perthnow.com.au/news/woman-charged-with-attempted-murder-after-alleged-plot-to-poison-two-boys-c-22989343
1326885543,20261008,202610,2026,2026.7616,COP,POLICE,,,,,,COP,,,,,,,,,,,,,0,036,036,03,1,4.0,20,1,10,-8.25688073394496,3,"San Bernardino County, California, United States",US,USCA,CA071,34.6667,-116.168,277300,0,,,,,,,,3,"San Bernardino County, California, United States",US,USCA,,34.6667,-116.168,277300,20261008080000,https://www.championnewspapers.com/community_news/article_8f204dd5-d572-4c91-8f7f-6b096c4c3ab7.html
1326885544,20261008,202610,2026,2026.7616,COP,DETECTIVE,,,,,,COP,,,,,,,,,,,,,0,051,051,05,1,3.4,3,1,3,-4.19847328244275,1,United Kingdom,UK,UK,,54,-4,UK,0,,,,,,,,1,United Kingdom,UK,UK,,54,-4,UK,20261008080000,https://www.dailyrecord.co.uk/news/scottish-news/teen-charged-connection-death-glasgow-37747766
1326885545,20261008,202610,2026,2026.7616,COP,DETECTIVE,,,,,,COP,,,,,,,,,,,,,0,060,060,06,2,6.0,5,1,5,-7.62711864406785,4,"Brisbane, Queensland, Australia",AS,AS04,154654,-27.5,153.017,-1561728,0,,,,,,,,4,"Brisbane, Queensland, Australia",AS,AS04,154654,-27.5,153.017,-1561728,20261008080000,https://www.perthnow.com.au/news/crime/two-more-charged-with-murder-over-house-party-bashing-c-22989712
1326885546,20261008,202610,2026,2026.7616,COP,DETECTIVE,,,,,,COP,,,,,,,,,,,,,0,060,060,06,2,6.0,10,1,10,-4.19847328244275,1,United Kingdom,UK,UK,,54,-4,UK,0,,,,,,,,1,United Kingdom,UK,UK,,54,-4,UK,20261008080000,https://www.dailyrecord.co.uk/news/scottish-news/teen-charged-connection-death-glasgow-37747766
1326885547,20261008,202610,2026,2026.7616,COP,PRISON,,,,,,COP,,,,,,,,,,,,,1,084,084,08,2,7.0,29,1,5,-12.3711340206186,3,"Tucson, Arizona, United States",US,USAZ,AZ019,32.2217,-110.926,43534,0,,,,,,,,3,"Tucson, Arizona, United States",US,USAZ,AZ019,32.2217,-110.926,43534,20261008080000,https://arizonadailyindependent.com/2026/10/07/member-of-murderous-tucson-gang-sentenced-for-rico-conspiracy/
1326885548,20261008,202610,2026,2026.7616,COP,PRISON,,,,,,COP,,,,,,,,,,,,,1,173,173,17,4,-5.0,58,1,10,-12.3711340206186,3,"Tucson, Arizona, United States",US,USAZ,AZ019,32.2217,-110.926,43534,0,,,,,,,,3,"Tucson, Arizona, United States",US,USAZ,AZ019,32.2217,-110.926,43534,20261008080000,https://arizonadailyindependent.com/2026/10/07/member-of-murderous-tucson-gang-sentenced-for-rico-conspiracy/
1326885549,20261008,202610,2026,2026.7616,COP,LAW ENFORCEMENT AGENCY,,,,,,COP,,,,,,,,,,,,,0,173,173,17,4,-5.0,5,1,5,-2.01342281879195,2,"Illinois, United States",US,USIL,,40.3363,-89.0022,IL,0,,,,,,,,2,"Illinois, United States",US,USIL,,40.3363,-89.0022,IL,20261008080000,https://www.rockfordnewsfirst.com/2026/10/08/community-comes-together-vigil-walk-following-reports-ice-activity/
1326885550,20261008,202610,2026,2026.7616,COP,POLICE,,,,,,COP,,,,,,,,,,,,,1,193,193,19,4,-10.0,2,1,2,-5.24017467248908,3,"Crystal Pier, California, United States",US,USCA,CA073,32.7959,-117.258,241143,0,,,,,,,,3,"Crystal Pier, California, United States",US,USCA,,32.7959,-117.258,241143,20261008080000,https://www.nbcsandiego.com/news/local/police-id-unarmed-security-guard-fatally-shot-crystal-pier-pacific-beach/4084302/
1326885551,20261008,202610,2026,2026.7616,COP,DEPUTIES,,,,,,COP,,,,,,,,,,,,,1,193,193,19,4,-10.0,10,1,10,-0.80645161290323,3,"Fort Dodge, Iowa, United States",US,USIA,IA187,42.4975,-94.168,456686,0,,,,,,,,3,"Fort Dodge, Iowa, United States",US,USIA,,42.4975,-94.168,456686,20261008080000,https://www.messengernews.net/news/local-news/2026/10/deputies-probe-shooting-report/
1326885552,20261008,202610,2026,2026.7616,COP,POLICE,,,,,,COP,,,AUS,AUSTRALIA,AUS,,,,,,,,0,112,112,11,3,-2.0,4,1,4,-9.15750915750915,4,"Maroochydore, Queensland, Australia",AS,AS04,154693,-26.6601,153.1,332822,4,"Maroochydore, Queensland, Australia",AS,AS04,154693,-26.6601,153.1,332822,4,"Maroochydore, Queensland, Australia",AS,AS04,154693,-26.6601,153.1,332822,20261008080000,https://www.pedestrian.tv/news/former-bachelor-star-sam-wood-remains-in-custody-after-court-rejects-bail-bid
1326885553,20261008,202610,2026,2026.7616,COP,POLICE,,,,,,COP,,,AUS,AUSTRALIA,AUS,,,,,,,,0,173,173,17,4,-5.0,4,1,4,-9.15750915750915,4,"Noosa, Queensland, Australia",AS,AS04,154693,-26.3943,153.09,-1591864,4,"Noosa, Queensland, Australia",AS,AS04,154693,-26.3943,153.09,-1591864,4,"Noosa, Queensland, Australia",AS,AS04,154693,-26.3943,153.09,-1591864,20261008080000,https://www.pedestrian.tv/news/former-bachelor-star-sam-wood-remains-in-custody-after-court-rejects-bail-bid
1326885554,20261008,202610,2026,2026.7616,COP,POLICE,,,,,,COP,,,AUS,AUSTRALIA,AUS,,,,,,,,0,173,173,17,4,-5.0,4,1,4,-9.15750915750915,4,"Maroochydore, Queensland, Australia",AS,AS04,154693,-26.6601,153.1,332822,4,"Maroochydore, Queensland, Australia",AS,AS04,154693,-26.6601,153.1,332822,4,"Maroochydore, Queensland, Australia",AS,AS04,154693,-26.6601,153.1,332822,20261008080000,https://www.pedestrian.tv/news/former-bachelor-star-sam-wood-remains-in-custody-after-court-rejects-bail-bid
1326885555,20261008,202610,2026,2026.7616,COP,DETECTIVE,,,,,,COP,,,CVL,COMMUNITY,,,,,,CVL,,,0,051,051,05,1,3.4,5,1,5,-7.62711864406785,4,"Brisbane, Queensland, Australia",AS,AS04,154654,-27.5,153.017,-1561728,4,"Brisbane, Queensland, Australia",AS,AS04,154654,-27.5,153.017,-1561728,4,"Brisbane, Queensland, Australia",AS,AS04,154654,-27.5,153.017,-1561728,20261008080000,https://www.perthnow.com.au/news/crime/two-more-charged-with-murder-over-house-party-bashing-c-22989712
1326885556,20261008,202610,2026,2026.7616,COP,POLICE CHIEF,,,,,,COP,,,EDU,SCHOOL,,,,,,EDU,,,1,010,010,01,1,0.0,1,1,1,0,3,"East Lyme High School, Connecticut, United States",US,USCT,CT011,41.3479,-72.2148,206832,3,"East Lyme High School, Connecticut, United States",US,USCT,,41.3479,-72.2148,206832,3,"East Lyme High School, Connecticut, United States",US,USCT,,41.3479,-72.2148,206832,20261008080000,https://www.nbcconnecticut.com/news/local/east-lyme-board-of-selectmen-advance-speed-camera-plan-in-5-1-vote/3782821/
1326885557,20261008,202610,2026,2026.7616,COP,POLICE CHIEF,,,,,,COP,,,EDU,SCHOOL,,,,,,EDU,,,1,010,010,01,1,0.0,3,1,3,0,3,"West Hartford, Connecticut, United States",US,USCT,CT003,41.762,-72.742,211952,3,"West Hartford, Connecticut, United States",US,USCT,,41.762,-72.742,211952,3,"West Hartford, Connecticut, United States",US,USCT,,41.762,-72.742,211952,20261008080000,https://www.nbcconnecticut.com/news/local/east-lyme-board-of-selectmen-advance-speed-camera-plan-in-5-1-vote/3782821/
1326885558,20261008,202610,2026,2026.7616,COP,DETECTIVE,,,,,,COP,,,GBR,GLASGOW,GBR,,,,,,,,0,051,051,05,1,3.4,7,1,7,-4.19847328244275,1,United Kingdom,UK,UK,,54,-4,UK,1,United Kingdom,UK,UK,,54,-4,UK,1,United Kingdom,UK,UK,,54,-4,UK,20261008080000,https://www.dailyrecord.co.uk/news/scottish-news/teen-charged-connection-death-glasgow-37747766
1326885559,20261008,202610,2026,2026.7616,COP,DETECTIVE,,,,,,COP,,,GBR,GLASGOW,GBR,,,,,,,,0,090,090,09,2,-2.0,7,1,7,-4.19847328244275,1,United Kingdom,UK,UK,,54,-4,UK,1,United Kingdom,UK,UK,,54,-4,UK,1,United Kingdom,UK,UK,,54,-4,UK,20261008080000,https://www.dailyrecord.co.uk/news/scottish-news/teen-charged-connection-death-glasgow-37747766
1326885560,20261008,202610,2026,2026.7616,COP,POLICE,,,,,,COP,,,GBR,GLASGOW,GBR,,,,,,,,1,175,175,17,4,-9.0,20,1,10,-6.39810426540284,0,,,,,,,,0,,,,,,,,0,,,,,,,,20261008080000,https://www.dailyrecord.co.uk/news/scottish-news/glasgow-road-closed-police-migrant-37747319
1326885561,20261008,202610,2026,2026.7616,COP,DEPUTY,,,,,,COP,,,MDG,MADAGASCAR,MDG,,,,,,,,1,042,042,04,1,1.9,1,1,1,0.358422939068099,1,Madagascar,MA,MA,,-20,47,MA,4,"Nairobi, Nairobi Area, Kenya",KE,KE05,18585,-1.28333,36.8167,-2258072,4,"Nairobi, Nairobi Area, Kenya",KE,KE05,18585,-1.28333,36.8167,-2258072,20261008080000,https://techweez.com/2026/10/08/dan-kwach-africa-ai-data-centers/
1326885562,20261008,202610,2026,2026.7616,COP,DEPUTY,,,,,,COP,,,MDG,MADAGASCAR,MDG,,,,,,,,1,042,042,04,1,1.9,4,1,4,0.358422939068099,1,Madagascar,MA,MA,,-20,47,MA,1,Madagascar,MA,MA,,-20,47,MA,1,Madagascar,MA,MA,,-20,47,MA,20261008080000,https://techweez.com/2026/10/08/dan-kwach-africa-ai-data-centers/
1326885563,20261008,202610,2026,2026.7616,COP,POLICE CHIEF,,,,,,COP,,,USA,UNITED STATES,USA,,,,,,,,1,010,010,01,1,0.0,1,1,1,0,3,"East Lyme High School, Connecticut, United States",US,USCT,CT011,41.3479,-72.2148,206832,3,"East Lyme High School, Connecticut, United States",US,USCT,,41.3479,-72.2148,206832,3,"East Lyme High School, Connecticut, United States",US,USCT,,41.3479,-72.2148,206832,20261008080000,https://www.nbcconnecticut.com/news/local/east-lyme-board-of-selectmen-advance-speed-camera-plan-in-5-1-vote/3782821/
1326885564,20261008,202610,2026,2026.7616,COP,POLICE,,,,,,COP,,,USA,UNITED STATES,USA,,,,,,,,1,193,193,19,4,-10.0,8,1,8,-5.24017467248908,3,"Crystal Pier, California, United States",US,USCA,CA073,32.7959,-117.258,241143,3,"Crystal Pier, California, United States",US,USCA,,32.7959,-117.258,241143,3,"Crystal Pier, California, United States",US,USCA,,32.7959,-117.258,241143,20261008080000,https://www.nbcsandiego.com/news/local/police-id-unarmed-security-guard-fatally-shot-crystal-pier-pacific-beach/4084302/
1326885565,20261008,202610,2026,2026.7616,COPJUD,POLICE,,,,,,COP,JUD,,,,,,,,,,,,0,010,010,01,1,0.0,6,1,6,-9.15750915750915,4,"Noosa, Queensland, Australia",AS,AS04,154693,-26.3943,153.09,-1591864,0,,,,,,,,4,"Noosa, Queensland, Australia",AS,AS04,154693,-26.3943,153.09,-1591864,20261008080000,https://www.pedestrian.tv/news/former-bachelor-star-sam-wood-remains-in-custody-after-court-rejects-bail-bid
1326885566,20261008,202610,2026,2026.7616,COPJUD,POLICE,,,,,,COP,JUD,,AUS,AUSTRALIA,AUS,,,,,,,,0,010,010,01,1,0.0,2,1,2,-9.15750915750915,4,"Maroochydore, Queensland, Australia",AS,AS04,154693,-26.6601,153.1,332822,4,"Maroochydore, Queensland, Australia",AS,AS04,154693,-26.6601,153.1,332822,4,"Maroochydore, Queensland, Australia",AS,AS04,154693,-26.6601,153.1,332822,20261008080000,https://www.pedestrian.tv/news/former-bachelor-star-sam-wood-remains-in-custody-after-court-rejects-bail-bid
1326885567,20261008,202610,2026,2026.7616,COPJUD,POLICE,,,,,,COP,JUD,,AUSJUD,AUSTRALIA,AUS,,,,,JUD,,,0,010,010,01,1,0.0,2,1,2,-9.15750915750915,4,"Maroochydore, Queensland, Australia",AS,AS04,154693,-26.6601,153.1,332822,4,"Maroochydore, Queensland, Australia",AS,AS04,154693,-26.6601,153.1,332822,4,"Maroochydore, Queensland, Australia",AS,AS04,154693,-26.6601,153.1,332822,20261008080000,https://www.pedestrian.tv/news/former-bachelor-star-sam-wood-remains-in-custody-after-court-rejects-bail-bid
1326885568,20261008,202610,2026,2026.7616,CRM,CRIMINAL,,,,,,CRM,,,,,,,,,,,,,0,013,013,01,1,0.4,10,1,10,-8.82352941176472,0,,,,,,,,0,,,,,,,,0,,,,,,,,20261008080000,https://www.perthnow.com.au/news/court-justice/snezana-wood-thought-she-was-going-to-die-during-sam-woods-alleged-dv-attack-as-new-claims-revealed-c-22989134
1326885569,20261008,202610,2026,2026.7616,CRM,GANG,,,,,,CRM,,,,,,,,,,,,,1,180,180,18,4,-9.0,5,1,5,-12.3711340206186,3,"Tucson, Arizona, United States",US,USAZ,AZ019,32.2217,-110.926,43534,0,,,,,,,,3,"Tucson, Arizona, United States",US,USAZ,AZ019,32.2217,-110.926,43534,20261008080000,https://arizonadailyindependent.com/2026/10/07/member-of-murderous-tucson-gang-sentenced-for-rico-conspiracy/
1326885570,20261008,202610,2026,2026.7616,CRM,CARTEL,,,,,,CRM,,,ARE,DUBAI,ARE,,,,,,,,0,036,036,03,1,4.0,1,1,1,-3.57388316151203,4,"Royesville, Bomi, Liberia",LI,LI15,147291,6.50333,-10.8933,-2134657,4,"Congo Town, Grand Cape Mount, Liberia",LI,LI12,147176,6.77417,-11.2978,-2135211,4,"Congo Town, Grand Cape Mount, Liberia",LI,LI12,147176,6.77417,-11.2978,-2135211,20261008080000,https://frontpageafricaonline.com/liberia-errors-contradictions-cloud-drug-case-against-ex-vp-taylor-as-she-and-several-others-named-in-indictment/
1326885571,20261008,202610,2026,2026.7616,CRM,CARTEL,,,,,,CRM,,,ARE,DUBAI,ARE,,,,,,,,0,036,036,03,1,4.0,7,1,7,-3.57388316151203,4,"Congo Town, Grand Cape Mount, Liberia",LI,LI12,147176,6.77417,-11.2978,-2135211,4,"Dubai, Dubayy, United Arab Emirates",AE,AE03,28575,25.2522,55.28,-782831,4,"Dubai, Dubayy, United Arab Emirates",AE,AE03,28575,25.2522,55.28,-782831,20261008080000,https://frontpageafricaonline.com/liberia-errors-contradictions-cloud-drug-case-against-ex-vp-taylor-as-she-and-several-others-named-in-indictment/
1326885572,20261008,202610,2026,2026.7616,CRM,CARTEL,,,,,,CRM,,,ARE,DUBAI,ARE,,,,,,,,0,040,040,04,1,1.0,2,1,2,-3.57388316151203,4,"Monrovia, Montserrado, Liberia",LI,LI14,147290,6.31056,-10.8047,-2134012,4,"Monrovia, Montserrado, Liberia",LI,LI14,147290,6.31056,-10.8047,-2134012,4,"Monrovia, Montserrado, Liberia",LI,LI14,147290,6.31056,-10.8047,-2134012,20261008080000,https://frontpageafricaonline.com/liberia-errors-contradictions-cloud-drug-case-against-ex-vp-taylor-as-she-and-several-others-named-in-indictment/
1326885573,20261008,202610,2026,2026.7616,CRM,CARTEL,,,,,,CRM,,,ARE,DUBAI,ARE,,,,,,,,0,040,040,04,1,1.0,8,1,8,-3.57388316151203,4,"Dubai, Dubayy, United Arab Emirates",AE,AE03,28575,25.2522,55.28,-782831,4,"Dubai, Dubayy, United Arab Emirates",AE,AE03,28575,25.2522,55.28,-782831,4,"Dubai, Dubayy, United Arab Emirates",AE,AE03,28575,25.2522,55.28,-782831,20261008080000,https://frontpageafricaonline.com/liberia-errors-contradictions-cloud-drug-case-against-ex-vp-taylor-as-she-and-several-others-named-in-indictment/
1326885574,20261008,202610,2026,2026.7616,CRM,SERIAL KILLER,,,,,,CRM,,,AUS,ADELAIDE,AUS,,,,,,,,1,190,190,19,4,-10.0,1,1,1,-7.44525547445256,4,"Adelaide, South Australia, Australia",AS,AS05,5256,-34.9333,138.6,-1555188,4,"Adelaide, South Australia, Australia",AS,AS05,5256,-34.9333,138.6,-1555188,4,"Snowtown, South Australia, Australia",AS,AS05,5318,-33.7808,138.218,-1601049,20261008080000,https://www.perthnow.com.au/news/sa/bodies-in-the-barrels-killer-james-vlassakis-walks-from-adelaide-pre-release-centre--c-22987529
1326885575,20261008,202610,2026,2026.7616,CRM,SERIAL KILLER,,,,,,CRM,,,AUS,ADELAIDE,AUS,,,,,,,,1,190,190,19,4,-10.0,1,1,1,-7.44525547445256,4,"Snowtown, South Australia, Australia",AS,AS05,5318,-33.7808,138.218,-1601049,4,"Adelaide, South Australia, Australia",AS,AS05,5256,-34.9333,138.6,-1555188,4,"Snowtown, South Australia, Australia",AS,AS05,5318,-33.7808,138.218,-1601049,20261008080000,https://www.perthnow.com.au/news/sa/bodies-in-the-barrels-killer-james-vlassakis-walks-from-adelaide-pre-release-centre--c-22987529
1326885576,20261008,202610,2026,2026.7616,CRM,SERIAL KILLER,,,,,,CRM,,,AUS,ADELAIDE,AUS,,,,,,,,1,190,190,19,4,-10.0,2,1,2,-7.44525547445256,4,"Snowtown, South Australia, Australia",AS,AS05,5318,-33.7808,138.218,-1601049,4,"Snowtown, South Australia, Australia",AS,AS05,5318,-33.7808,138.218,-1601049,4,"Snowtown, South Australia, Australia",AS,AS05,5318,-33.7808,138.218,-1601049,20261008080000,https://www.perthnow.com.au/news/sa/bodies-in-the-barrels-killer-james-vlassakis-walks-from-adelaide-pre-release-centre--c-22987529
1326885577,20261008,202610,2026,2026.7616,CRM,SERIAL KILLER,,,,,,CRM,,,AUSCOP,AUSTRALIA,AUS,,,,,COP,,,1,190,190,19,4,-10.0,2,1,2,-7.44525547445256,4,"Adelaide, South Australia, Australia",AS,AS05,5256,-34.9333,138.6,-1555188,4,"Adelaide, South Australia, Australia",AS,AS05,5256,-34.9333,138.6,-1555188,4,"Snowtown, South Australia, Australia",AS,AS05,5318,-33.7808,138.218,-1601049,20261008080000,https://www.perthnow.com.au/news/sa/bodies-in-the-barrels-killer-james-vlassakis-walks-from-adelaide-pre-release-centre--c-22987529
1326885578,20261008,202610,2026,2026.7616,CRM,SERIAL KILLER,,,,,,CRM,,,AUSCOP,ADELAIDE,AUS,,,,,COP,,,1,190,190,19,4,-10.0,4,1,4,-7.44525547445256,4,"Snowtown, South Australia, Australia",AS,AS05,5318,-33.7808,138.218,-1601049,4,"Adelaide, South Australia, Australia",AS,AS05,5256,-34.9333,138.6,-1555188,4,"Snowtown, South Australia, Australia",AS,AS05,5318,-33.7808,138.218,-1601049,20261008080000,https://www.perthnow.com.au/news/sa/bodies-in-the-barrels-killer-james-vlassakis-walks-from-adelaide-pre-release-centre--c-22987529
1326885579,20261008,202610,2026,2026.7616,CRM,CARTEL,,,,,,CRM,,,COG,CONGO,COG,,,,,,,,0,036,036,03,1,4.0,1,1,1,-3.57388316151203,4,"Royesville, Bomi, Liberia",LI,LI15,147291,6.50333,-10.8933,-2134657,4,"Congo Town, Grand Cape Mount, Liberia",LI,LI12,147176,6.77417,-11.2978,-2135211,4,"Congo Town, Grand Cape Mount, Liberia",LI,LI12,147176,6.77417,-11.2978,-2135211,20261008080000,https://frontpageafricaonline.com/liberia-errors-contradictions-cloud-drug-case-against-ex-vp-taylor-as-she-and-several-others-named-in-indictment/
1326885580,20261008,202610,2026,2026.7616,CRM,CARTEL,,,,,,CRM,,,COG,CONGO,COG,,,,,,,,0,036,036,03,1,4.0,3,1,3,-3.57388316151203,4,"Congo Town, Grand Cape Mount, Liberia",LI,LI12,147176,6.77417,-11.2978,-2135211,4,"Congo Town, Grand Cape Mount, Liberia",LI,LI12,147176,6.77417,-11.2978,-2135211,4,"Congo Town, Grand Cape Mount, Liberia",LI,LI12,147176,6.77417,-11.2978,-2135211,20261008080000,https://frontpageafricaonline.com/liberia-errors-contradictions-cloud-drug-case-against-ex-vp-taylor-as-she-and-several-others-named-in-indictment/
1326885581,20261008,202610,2026,2026.7616,CRM,GANG,,,,,,CRM,,,COP,PRISON,,,,,,COP,,,1,015,015,01,1,0.0,2,1,2,-12.3711340206186,3,"Tucson, Arizona, United States",US,USAZ,AZ019,32.2217,-110.926,43534,3,"Tucson, Arizona, United States",US,USAZ,AZ019,32.2217,-110.926,43534,3,"Tucson, Arizona, United States",US,USAZ,AZ019,32.2217,-110.926,43534,20261008080000,https://arizonadailyindependent.com/2026/10/07/member-of-murderous-tucson-gang-sentenced-for-rico-conspiracy/
1326885582,20261008,202610,2026,2026.7616,CRM,GANG,,,,,,CRM,,,COP,PRISON,,,,,,COP,,,1,173,173,17,4,-5.0,2,1,2,-12.3711340206186,3,"Tucson, Arizona, United States",US,USAZ,AZ019,32.2217,-110.926,43534,3,"Tucson, Arizona, United States",US,USAZ,AZ019,32.2217,-110.926,43534,3,"Tucson, Arizona, United States",US,USAZ,AZ019,32.2217,-110.926,43534,20261008080000,https://arizonadailyindependent.com/2026/10/07/member-of-murderous-tucson-gang-sentenced-for-rico-conspiracy/
1326885583,20261008,202610,2026,2026.7616,CRM,CRIMINAL,,,,,,CRM,,,JUD,JUDGE,,,,,,JUD,,,0,010,010,01,1,0.0,2,1,2,-3.57388316151203,4,"Monrovia, Montserrado, Liberia",LI,LI14,147290,6.31056,-10.8047,-2134012,4,"Monrovia, Montserrado, Liberia",LI,LI14,147290,6.31056,-10.8047,-2134012,4,"Monrovia, Montserrado, Liberia",LI,LI14,147290,6.31056,-10.8047,-2134012,20261008080000,https://frontpageafricaonline.com/liberia-errors-contradictions-cloud-drug-case-against-ex-vp-taylor-as-she-and-several-others-named-in-indictment/
1326885584,20261008,202610,2026,2026.7616,CRM,CRIMINAL,,,,,,CRM,,,JUD,JUDGE,,,,,,JUD,,,0,010,010,01,1,0.0,3,1,3,-3.57388316151203,4,"Royesville, Bomi, Liberia",LI,LI15,147291,6.50333,-10.8933,-2134657,4,"Royesville, Bomi, Liberia",LI,LI15,147291,6.50333,-10.8933,-2134657,4,"Royesville, Bomi, Liberia",LI,LI15,147291,6.50333,-10.8933,-2134657,20261008080000,https://frontpageafricaonline.com/liberia-errors-contradictions-cloud-drug-case-against-ex-vp-taylor-as-she-and-several-others-named-in-indictment/
1326885585,20261008,202610,2026,2026.7616,CRM,CARTEL,,,,,,CRM,,,LBR,LIBERIA,LBR,,,,,,,,0,036,036,03,1,4.0,4,1,4,-3.57388316151203,4,"Congo Town, Grand Cape Mount, Liberia",LI,LI12,147176,6.77417,-11.2978,-2135211,4,"Congo Town, Grand Cape Mount, Liberia",LI,LI12,147176,6.77417,-11.2978,-2135211,4,"Congo Town, Grand Cape Mount, Liberia",LI,LI12,147176,6.77417,-11.2978,-2135211,20261008080000,https://frontpageafricaonline.com/liberia-errors-contradictions-cloud-drug-case-against-ex-vp-taylor-as-she-and-several-others-named-in-indictment/
1326885586,20261008,202610,2026,2026.7616,CRM,BANDIT,,,,,,CRM,,,USA,WASHINGTON,USA,,,,,,,,0,042,042,04,1,1.9,1,1,1,0.0580046403712302,2,"Colorado, United States",US,USCO,,39.0646,-105.327,CO,3,"Lincoln Memorial, District of Columbia, United States",US,USDC,,38.8893,-77.05,531835,3,"Lincoln Memorial, District of Columbia, United States",US,USDC,,38.8893,-77.05,531835,20261008080000,https://www.gjsentinel.com/news/western_colorado/19-year-old-visits-dc-to-advocate-for-disability-rights-funding/article_78b3b502-af10-401f-990b-d6ca672c6636.html
1326885587,20261008,202610,2026,2026.7616,CRM,BANDIT,,,,,,CRM,,,USA,WASHINGTON,USA,,,,,,,,0,042,042,04,1,1.9,1,1,1,0.0580046403712302,2,"Colorado, United States",US,USCO,,39.0646,-105.327,CO,3,"Washington, District of Columbia, United States",US,USDC,DC001,38.8951,-77.0364,531871,3,"Washington, District of Columbia, United States",US,USDC,DC001,38.8951,-77.0364,531871,20261008080000,https://www.gjsentinel.com/news/western_colorado/19-year-old-visits-dc-to-advocate-for-disability-rights-funding/article_78b3b502-af10-401f-990b-d6ca672c6636.html
1326885588,20261008,202610,2026,2026.7616,CUB,CUBAN,CUB,,,,,,,,,,,,,,,,,,1,070,070,07,2,7.0,4,1,4,-2.69121813031162,1,Cuba,CU,CU,,22,-79.5,CU,0,,,,,,,,1,Cuba,CU,CU,,22,-79.5,CU,20261008080000,https://pakobserver.net/2005-earthquake-a-tragedy-that-reshaped-pakistans-disaster-response/
1326885589,20261008,202610,2026,2026.7616,CUB,CUBAN,CUB,,,,,,,,,,,,,,,,,,1,070,070,07,2,7.0,1,1,1,-2.69121813031162,1,Qatar,QA,QA,,25.5,51.25,QA,0,,,,,,,,1,Cuba,CU,CU,,22,-79.5,CU,20261008080000,https://pakobserver.net/2005-earthquake-a-tragedy-that-reshaped-pakistans-disaster-response/
1326885590,20261008,202610,2026,2026.7616,CVL,RESIDENTS,,,,,,CVL,,,,,,,,,,,,,0,025,025,02,1,-0.3,2,1,2,-2.97823596792669,3,"San Diego, California, United States",US,USCA,CA073,32.7153,-117.157,1661377,0,,,,,,,,3,"San Diego, California, United States",US,USCA,,32.7153,-117.157,1661377,20261008080000,https://www.nbcsandiego.com/news/local/sd-county-supervisors-oppose-svps-placements-in-rural-areas/4084265/
1326885591,20261008,202610,2026,2026.7616,CVL,RESIDENTS,,,,,,CVL,,,,,,,,,,,,,0,025,025,02,1,-0.3,8,1,8,-2.97823596792669,3,"Jacumba, California, United States",US,USCA,CA073,32.6176,-116.19,243981,0,,,,,,,,3,"Jacumba, California, United States",US,USCA,CA073,32.6176,-116.19,243981,20261008080000,https://www.nbcsandiego.com/news/local/sd-county-supervisors-oppose-svps-placements-in-rural-areas/4084265/
1326885592,20261008,202610,2026,2026.7616,CVL,VOTER,,,,,,CVL,,,,,,,,,,,,,0,026,026,02,1,4.0,1,1,1,-1.2012012012012,3,"Minocqua, Wisconsin, United States",US,USWI,WI085,45.8713,-89.711,1569580,0,,,,,,,,3,"Minocqua, Wisconsin, United States",US,USWI,WI085,45.8713,-89.711,1569580,20261008080000,https://www.wpr.org/news/wisconsin-7th-district-debate-fred-clark-michael-alfonso-congress-2026
1326885593,20261008,202610,2026,2026.7616,CVL,VOTER,,,,,,CVL,,,,,,,,,,,,,0,026,026,02,1,4.0,1,1,1,-1.2012012012012,3,"Minocqua, Wisconsin, United States",US,USWI,WI085,45.8713,-89.711,1569580,0,,,,,,,,1,Iran,IR,IR,,32,53,IR,20261008080000,https://www.wpr.org/news/wisconsin-7th-district-debate-fred-clark-michael-alfonso-congress-2026
1326885594,20261008,202610,2026,2026.7616,CVL,VOTER,,,,,,CVL,,,,,,,,,,,,,0,026,026,02,1,4.0,3,1,3,-1.2012012012012,1,Iran,IR,IR,,32,53,IR,0,,,,,,,,1,Iran,IR,IR,,32,53,IR,20261008080000,https://www.wpr.org/news/wisconsin-7th-district-debate-fred-clark-michael-alfonso-congress-2026
1326885595,20261008,202610,2026,2026.7616,CVL,COMMUNITY,,,,,,CVL,,,,,,,,,,,,,1,043,043,04,1,2.8,1,1,1,-5.23731587561374,5,"Margibi County, Margibi, Liberia",LI,LI17,147217,6.5,-10.25,292623,0,,,,,,,,5,"Margibi County, Margibi, Liberia",LI,LI17,147217,6.5,-10.25,292623,20261008080000,https://frontpageafricaonline.com/liberia-founder-of-change-agent-network-eric-wowoh-charged-by-police-over-alleged-land-fraud-involving-us-based-couple/
1326885596,20261008,202610,2026,2026.7616,CVL,RESIDENTS,,,,,,CVL,,,,,,,,,,,,,1,051,051,05,1,3.4,10,1,10,0,3,"East Lyme High School, Connecticut, United States",US,USCT,CT011,41.3479,-72.2148,206832,0,,,,,,,,3,"East Lyme High School, Connecticut, United States",US,USCT,,41.3479,-72.2148,206832,20261008080000,https://www.nbcconnecticut.com/news/local/east-lyme-board-of-selectmen-advance-speed-camera-plan-in-5-1-vote/3782821/
1326885597,20261008,202610,2026,2026.7616,CVL,NEIGHBORHOOD,,,,,,CVL,,,,,,,,,,,,,1,1053,105,10,3,-5.0,6,1,6,-2.97823596792669,3,"Jacumba, California, United States",US,USCA,CA073,32.6176,-116.19,243981,0,,,,,,,,3,"Jacumba, California, United States",US,USCA,CA073,32.6176,-116.19,243981,20261008080000,https://www.nbcsandiego.com/news/local/sd-county-supervisors-oppose-svps-placements-in-rural-areas/4084265/
1326885598,20261008,202610,2026,2026.7616,CVL,HUNTER,,,,,,CVL,,,,,,,,,,,,,1,190,190,19,4,-10.0,3,1,3,-0.44563279857397,2,"Arkansas, United States",US,USAR,,34.9513,-92.3809,AR,0,,,,,,,,2,"Arkansas, United States",US,USAR,,34.9513,-92.3809,AR,20261008080000,https://www.nwaonline.com/news/2026/oct/08/hunters-battle-bag-giant-alligator/
1326885599,20261008,202610,2026,2026.7616,CVL,COMMUNITY,,,,,,CVL,,,AUS,BRISBANE,AUS,,,,,,,,1,190,190,19,4,-10.0,8,1,8,-1.2987012987013,4,"Brisbane, Queensland, Australia",AS,AS04,154654,-27.5,153.017,-1561728,4,"Brisbane, Queensland, Australia",AS,AS04,154654,-27.5,153.017,-1561728,4,"Brisbane, Queensland, Australia",AS,AS04,154654,-27.5,153.017,-1561728,20261008080000,https://www.hawthornfc.com.au/news/2148322/aflw-r9-squad
1326885600,20261008,202610,2026,2026.7616,CVL,RESIDENTS,,,,,,CVL,,,BUS,COMPANIES,,,,,,BUS,,,0,012,012,01,1,-0.4,10,1,10,0,3,"East Lyme High School, Connecticut, United States",US,USCT,CT011,41.3479,-72.2148,206832,3,"East Lyme High School, Connecticut, United States",US,USCT,,41.3479,-72.2148,206832,3,"East Lyme High School, Connecticut, United States",US,USCT,,41.3479,-72.2148,206832,20261008080000,https://www.nbcconnecticut.com/news/local/east-lyme-board-of-selectmen-advance-speed-camera-plan-in-5-1-vote/3782821/
1326885601,20261008,202610,2026,2026.7616,CVL,COMMUNITY,,,,,,CVL,,,EDU,SCHOOL,,,,,,EDU,,,1,012,012,01,1,-0.4,10,1,10,-0.56657223796034,0,,,,,,,,0,,,,,,,,0,,,,,,,,20261008080000,https://www.kvoa.com/news/local/tusd-nears-notifying-schools-of-possible-closures-consolidations/article_8a8e798e-3093-4544-9846-99887a089f93.html
1326885602,20261008,202610,2026,2026.7616,CVL,COMMUNITY,,,,,,CVL,,,GOV,AUTHORITIES,,,,,,GOV,,,1,045,045,04,1,5.0,5,1,5,3.57675111773472,4,"Tosor, Grand Cape Mount, Liberia",LI,LI12,147176,6.74111,-11.3378,-2135440,4,"Tosor, Grand Cape Mount, Liberia",LI,LI12,147176,6.74111,-11.3378,-2135440,4,"Tosor, Grand Cape Mount, Liberia",LI,LI12,147176,6.74111,-11.3378,-2135440,20261008080000,https://frontpageafricaonline.com/liberia-the-money-gave-us-hope-but-three-months-is-too-short-grand-cape-mount-women-tell-lwep/
1326885603,20261008,202610,2026,2026.7616,CVL,RESIDENTS,,,,,,CVL,,,GOV,AUTHORITIES,,,,,,GOV,,,0,160,160,16,4,-4.0,4,1,4,-9.00692840646647,2,"Mississippi, United States",US,USMS,,32.7673,-89.6812,MS,3,"National Hurricane Center, Florida, United States",US,USFL,,25.7522,-80.3836,2077550,2,"Mississippi, United States",US,USMS,,32.7673,-89.6812,MS,20261008080000,https://finchannel.com/hurricane-isaias-forms-as-gulf-coast-warnings-expand/137475/world-2/2026/10/
1326885604,20261008,202610,2026,2026.7616,CVL,RESIDENTS,,,,,,CVL,,,GOV,AUTHORITIES,,,,,,GOV,,,0,160,160,16,4,-4.0,1,1,1,-9.00692840646647,2,"Mississippi, United States",US,USMS,,32.7673,-89.6812,MS,2,"Mississippi, United States",US,USMS,,32.7673,-89.6812,MS,2,"Mississippi, United States",US,USMS,,32.7673,-89.6812,MS,20261008080000,https://finchannel.com/hurricane-isaias-forms-as-gulf-coast-warnings-expand/137475/world-2/2026/10/
1326885605,20261008,202610,2026,2026.7616,CVL,RESIDENTS,,,,,,CVL,,,HLH,HOSPITAL,,,,,,HLH,,,1,012,012,01,1,-0.4,20,1,10,-1.88679245283019,0,,,,,,,,0,,,,,,,,0,,,,,,,,20261008080000,https://www.whio.com/news/local/residents-express-concerns-about-stalled-dayton-public-hospital-project/Q2EBCH7CKNEG7MHWS6VWE55S6E/
1326885606,20261008,202610,2026,2026.7616,CVL,COMMUNITY,,,,,,CVL,,,LBR,LIBERIA,LBR,,,,,,,,1,043,043,04,1,2.8,4,1,4,-5.23731587561374,5,"Margibi County, Margibi, Liberia",LI,LI17,147217,6.5,-10.25,292623,5,"Margibi County, Margibi, Liberia",LI,LI17,147217,6.5,-10.25,292623,5,"Margibi County, Margibi, Liberia",LI,LI17,147217,6.5,-10.25,292623,20261008080000,https://frontpageafricaonline.com/liberia-founder-of-change-agent-network-eric-wowoh-charged-by-police-over-alleged-land-fraud-involving-us-based-couple/
1326885607,20261008,202610,2026,2026.7616,CVL,RESIDENTS,,,,,,CVL,,,USA,ILLINOIS,USA,,,,,,,,1,012,012,01,1,-0.4,10,1,10,-2.01342281879195,3,"City Of Rockford, Illinois, United States",US,USIL,IL201,42.2637,-89.0621,2396405,3,"City Of Rockford, Illinois, United States",US,USIL,,42.2637,-89.0621,2396405,3,"City Of Rockford, Illinois, United States",US,USIL,,42.2637,-89.0621,2396405,20261008080000,https://www.rockfordnewsfirst.com/2026/10/08/community-comes-together-vigil-walk-following-reports-ice-activity/
1326885608,20261008,202610,2026,2026.7616,CVL,NEIGHBORHOOD,,,,,,CVL,,,USA,UNITED STATES,USA,,,,,,,,1,100,100,10,3,-5.0,1,1,1,-2.97823596792669,3,"San Diego, California, United States",US,USCA,CA073,32.7153,-117.157,1661377,3,"San Diego, California, United States",US,USCA,,32.7153,-117.157,1661377,3,"San Diego, California, United States",US,USCA,,32.7153,-117.157,1661377,20261008080000,https://www.nbcsandiego.com/news/local/sd-county-supervisors-oppose-svps-placements-in-rural-areas/4084265/
1326885609,20261008,202610,2026,2026.7616,CVL,HUNTER,,,,,,CVL,,,USA,ARKANSAS,USA,,,,,,,,1,190,190,19,4,-10.0,7,1,7,-0.44563279857397,2,"Arkansas, United States",US,USAR,,34.9513,-92.3809,AR,2,"Arkansas, United States",US,USAR,,34.9513,-92.3809,AR,2,"Arkansas, United States",US,USAR,,34.9513,-92.3809,AR,20261008080000,https://www.nwaonline.com/news/2026/oct/08/hunters-battle-bag-giant-alligator/
1326885610,20261008,202610,2026,2026.7616,CVLOPP,MIGRANT,,,,,,CVL,OPP,,GBRCOP,GLASGOW,GBR,,,,,COP,,,1,145,145,14,3,-7.5,10,1,10,-6.39810426540284,0,,,,,,,,0,,,,,,,,0,,,,,,,,20261008080000,https://www.dailyrecord.co.uk/news/scottish-news/glasgow-road-closed-police-migrant-37747319
1326885611,20261008,202610,2026,2026.7616,DEU,LEIPZIG,DEU,,,,,,,,,,,,,,,,,,1,010,010,01,1,0.0,3,1,3,-6.61252900232019,4,"Vienna, Wien, Austria",AU,AU09,5672,48.2,16.3667,-1995499,0,,,,,,,,4,"Vienna, Wien, Austria",AU,AU09,5672,48.2,16.3667,-1995499,20261008080000,https://www.euronews.com/2026/10/08/what-was-the-plague-really-like-in-germany-experts-explain-the-facts
1326885612,20261008,202610,2026,2026.7616,DEU,LEIPZIG,DEU,,,,,,,,,,,,,,,,,,1,010,010,01,1,0.0,3,1,3,-6.61252900232019,1,Ukraine,UP,UP,,49,32,UP,0,,,,,,,,1,Ukraine,UP,UP,,49,32,UP,20261008080000,https://www.euronews.com/2026/10/08/what-was-the-plague-really-like-in-germany-experts-explain-the-facts
1326885613,20261008,202610,2026,2026.7616,DEU,GERMANY,DEU,,,,,,,,,,,,,,,,,,0,090,090,09,2,-2.0,2,1,2,-8.56443719412725,4,"London, London, City of, United Kingdom",UK,UKH9,40110,51.5,-0.116667,-2601889,0,,,,,,,,4,"London, London, City of, United Kingdom",UK,UKH9,40110,51.5,-0.116667,-2601889,20261008080000,https://gfmag.com/insurance/ai-insurance-risk-officers-nightmare/
1326885614,20261008,202610,2026,2026.7616,DEU,GERMANY,DEU,,,,,,,,DEUGOV,GERMANY,DEU,,,,,GOV,,,1,020,020,02,1,3.0,4,1,4,-3.40909090909091,4,"Berlin, Berlin, Germany",GM,GM16,16538,52.5167,13.4,-1746443,4,"Berlin, Berlin, Germany",GM,GM16,16538,52.5167,13.4,-1746443,4,"Berlin, Berlin, Germany",GM,GM16,16538,52.5167,13.4,-1746443,20261008080000,https://www.politico.eu/podcast/politics-at-sam-and-annes/will-berlin-help-britain-rejoin-the-eu/
1326885615,20261008,202610,2026,2026.7616,DEU,HANOVER,DEU,,,,,,,,EDU,SCHOOL,,,,,,EDU,,,1,010,010,01,1,0.0,7,1,5,-0.93220338983051,3,"New Hanover County, North Carolina, United States",US,USNC,NC129,34.2504,-77.8664,1026329,3,"New Hanover County, North Carolina, United States",US,USNC,,34.2504,-77.8664,1026329,3,"New Hanover County, North Carolina, United States",US,USNC,,34.2504,-77.8664,1026329,20261008080000,https://www.wwaytv3.com/new-hanover-county-commissioner-school-board-candidates-address-key-issues-during-uncw-forums/
1326885616,20261008,202610,2026,2026.7616,DEU,HANOVER,DEU,,,,,,,,EDU,SCHOOL,,,,,,EDU,,,1,010,010,01,1,0.0,3,1,3,-0.93220338983051,2,"North Carolina, United States",US,USNC,,35.6411,-79.8431,NC,2,"North Carolina, United States",US,USNC,,35.6411,-79.8431,NC,2,"North Carolina, United States",US,USNC,,35.6411,-79.8431,NC,20261008080000,https://www.wwaytv3.com/new-hanover-county-commissioner-school-board-candidates-address-key-issues-during-uncw-forums/
1326885617,20261008,202610,2026,2026.7616,DEUGOV,GERMAN,DEU,,,,,GOV,,,,,,,,,,,,,1,040,040,04,1,1.0,6,1,6,-3.40909090909091,4,"Berlin, Berlin, Germany",GM,GM16,16538,52.5167,13.4,-1746443,0,,,,,,,,4,"Berlin, Berlin, Germany",GM,GM16,16538,52.5167,13.4,-1746443,20261008080000,https://www.politico.eu/podcast/politics-at-sam-and-annes/will-berlin-help-britain-rejoin-the-eu/
1326885618,20261008,202610,2026,2026.7616,DNK,DENMARK,DNK,,,,,,,,,,,,,,,,,,1,030,030,03,1,4.0,2,1,2,2.0297699594046,4,"Kolding, Syddanmark, Denmark",DA,DA21,15226,55.4929,9.46812,-2745533,0,,,,,,,,4,"Kolding, Syddanmark, Denmark",DA,DA21,15226,55.4929,9.46812,-2745533,20261008080000,https://baltic-review.com/kolding-marina-city-first-phase-waterfront-redevelopment/
1326885619,20261008,202610,2026,2026.7616,EDU,PUPIL,,,,,,EDU,,,,,,,,,,,,,0,010,010,01,1,0.0,16,1,16,-0.826921250118745,5,"Bong County, Bong, Liberia",LI,LI01,147278,7,-9.66667,-2130603,0,,,,,,,,5,"Bong County, Bong, Liberia",LI,LI01,147278,7,-9.66667,-2130603,20261008080000,https://frontpageafricaonline.com/no-liberian-child-should-learn-on-the-floor/
1326885620,20261008,202610,2026,2026.7616,EDU,SCHOOL,,,,,,EDU,,,,,,,,,,,,,0,010,010,01,1,0.0,7,1,7,-0.93220338983051,3,"New Hanover County, North Carolina, United States",US,USNC,NC129,34.2504,-77.8664,1026329,0,,,,,,,,3,"New Hanover County, North Carolina, United States",US,USNC,,34.2504,-77.8664,1026329,20261008080000,https://www.wwaytv3.com/new-hanover-county-commissioner-school-board-candidates-address-key-issues-during-uncw-forums/
1326885621,20261008,202610,2026,2026.7616,EDU,STUDENT,,,,,,EDU,,,,,,,,,,,,,0,010,010,01,1,0.0,8,1,8,-2.21579961464354,4,"Victoria Island, Lagos, Nigeria",NI,NI05,22928,6.42806,3.42199,47357,0,,,,,,,,4,"Victoria Island, Lagos, Nigeria",NI,NI05,22928,6.42806,3.42199,47357,20261008080000,https://leadership.ng/saving-the-citadel-why-kings-college-lagos-needs-the-old-boys-now-2/
1326885622,20261008,202610,2026,2026.7616,EDU,SCHOOL,,,,,,EDU,,,,,,,,,,,,,0,010,010,01,1,0.0,3,1,3,-0.93220338983051,2,"North Carolina, United States",US,USNC,,35.6411,-79.8431,NC,0,,,,,,,,2,"North Carolina, United States",US,USNC,,35.6411,-79.8431,NC,20261008080000,https://www.wwaytv3.com/new-hanover-county-commissioner-school-board-candidates-address-key-issues-during-uncw-forums/
1326885623,20261008,202610,2026,2026.7616,EDU,UNIVERSITY,,,,,,EDU,,,,,,,,,,,,,1,012,012,01,1,-0.4,10,1,10,-1.35135135135135,4,"Daulat, Maharashtra, India",IN,IN16,17782,17.15,75.3667,-2094138,0,,,,,,,,4,"Daulat, Maharashtra, India",IN,IN16,17782,17.15,75.3667,-2094138,20261008080000,https://www.jagranjosh.com/news/du-inter-college-migration-2026-27-application-window-reopens-apply-by-october-9-188164
1326885624,20261008,202610,2026,2026.7616,EDU,STUDENT,,,,,,EDU,,,,,,,,,,,,,0,013,013,01,1,0.4,6,1,6,0.0580046403712302,3,"Loveland, Colorado, United States",US,USCO,CO069,40.3978,-105.075,177720,0,,,,,,,,3,"Loveland, Colorado, United States",US,USCO,CO069,40.3978,-105.075,177720,20261008080000,https://www.gjsentinel.com/news/western_colorado/19-year-old-visits-dc-to-advocate-for-disability-rights-funding/article_78b3b502-af10-401f-990b-d6ca672c6636.html
1326885625,20261008,202610,2026,2026.7616,EDU,STUDENT,,,,,,EDU,,,,,,,,,,,,,0,013,013,01,1,0.4,4,1,4,0.0580046403712302,2,"Colorado, United States",US,USCO,,39.0646,-105.327,CO,0,,,,,,,,2,"Colorado, United States",US,USCO,,39.0646,-105.327,CO,20261008080000,https://www.gjsentinel.com/news/western_colorado/19-year-old-visits-dc-to-advocate-for-disability-rights-funding/article_78b3b502-af10-401f-990b-d6ca672c6636.html
1326885626,20261008,202610,2026,2026.7616,EDU,SCHOOL,,,,,,EDU,,,,,,,,,,,,,1,020,020,02,1,3.0,10,1,10,-1.28558310376492,5,"Bong County, Bong, Liberia",LI,LI01,147278,7,-9.66667,-2130603,0,,,,,,,,5,"Bong County, Bong, Liberia",LI,LI01,147278,7,-9.66667,-2130603,20261008080000,https://frontpageafricaonline.com/liberia-1500-pupils-too-few-chairs-as-gbarnga-public-school-struggles-with-overcrowding/
1326885627,20261008,202610,2026,2026.7616,EDU,PUPIL,,,,,,EDU,,,,,,,,,,,,,0,020,020,02,1,3.0,5,1,5,-1.28558310376492,4,"Gbarnga, Bong, Liberia",LI,LI01,147259,6.99556,-9.47222,-2131839,0,,,,,,,,4,"Gbarnga, Bong, Liberia",LI,LI01,147259,6.99556,-9.47222,-2131839,20261008080000,https://frontpageafricaonline.com/liberia-1500-pupils-too-few-chairs-as-gbarnga-public-school-struggles-with-overcrowding/
1326885628,20261008,202610,2026,2026.7616,EDU,LECTURER,,,,,,EDU,,,,,,,,,,,,,1,036,036,03,1,4.0,10,1,10,2.79569892473118,1,"Vietnam, Republic Of",VM,VM,,16.166667,107.833333,VM,0,,,,,,,,1,"Vietnam, Republic Of",VM,VM,,16.166667,107.833333,VM,20261008080000,https://vietnamnews.vn/life-style/1801488/jazz-evolves-through-national-academy-s-70-year-journey.html
1326885629,20261008,202610,2026,2026.7616,EDU,PUPIL,,,,,,EDU,,,,,,,,,,,,,0,040,040,04,1,1.0,10,1,10,-1.28558310376492,5,"Bong County, Bong, Liberia",LI,LI01,147278,7,-9.66667,-2130603,0,,,,,,,,5,"Bong County, Bong, Liberia",LI,LI01,147278,7,-9.66667,-2130603,20261008080000,https://frontpageafricaonline.com/liberia-1500-pupils-too-few-chairs-as-gbarnga-public-school-struggles-with-overcrowding/
1326885630,20261008,202610,2026,2026.7616,EDU,PUPIL,,,,,,EDU,,,,,,,,,,,,,0,042,042,04,1,1.9,10,1,10,-1.28558310376492,4,"Gbarnga, Bong, Liberia",LI,LI01,147259,6.99556,-9.47222,-2131839,0,,,,,,,,4,"Gbarnga, Bong, Liberia",LI,LI01,147259,6.99556,-9.47222,-2131839,20261008080000,https://frontpageafricaonline.com/liberia-1500-pupils-too-few-chairs-as-gbarnga-public-school-struggles-with-overcrowding/
1326885631,20261008,202610,2026,2026.7616,EDU,STUDENT,,,,,,EDU,,,,,,,,,,,,,0,043,043,04,1,2.8,10,1,10,0.41972717733473,4,"Tshwane, Limpopo, South Africa",SF,SF09,77345,-25.1797,28.1135,-1292416,0,,,,,,,,4,"Tshwane, Limpopo, South Africa",SF,SF09,77345,-25.1797,28.1135,-1292416,20261008080000,https://www.itweb.co.za/article/from-wil-to-the-real-world-how-industry-experience-can-shape-sas-next-generation-of-tech-talent/KWEBbvyLdaWqmRjO
1326885632,20261008,202610,2026,2026.7616,EDU,SCHOOL,,,,,,EDU,,,,,,,,,,,,,1,043,043,04,1,2.8,10,1,10,-1.28558310376492,5,"Bong County, Bong, Liberia",LI,LI01,147278,7,-9.66667,-2130603,0,,,,,,,,5,"Bong County, Bong, Liberia",LI,LI01,147278,7,-9.66667,-2130603,20261008080000,https://frontpageafricaonline.com/liberia-1500-pupils-too-few-chairs-as-gbarnga-public-school-struggles-with-overcrowding/
1326885633,20261008,202610,2026,2026.7616,EDU,SCHOOL,,,,,,EDU,,,,,,,,,,,,,0,051,051,05,1,3.4,10,1,10,-0.93220338983051,3,"New Hanover County, North Carolina, United States",US,USNC,NC129,34.2504,-77.8664,1026329,0,,,,,,,,3,"New Hanover County, North Carolina, United States",US,USNC,,34.2504,-77.8664,1026329,20261008080000,https://www.wwaytv3.com/new-hanover-county-commissioner-school-board-candidates-address-key-issues-during-uncw-forums/
1326885634,20261008,202610,2026,2026.7616,EDU,UNIVERSITY,,,,,,EDU,,,,,,,,,,,,,0,060,060,06,2,6.0,20,1,20,5.08474576271187,4,"London, London, City of, United Kingdom",UK,UKH9,40110,51.5,-0.116667,-2601889,0,,,,,,,,4,"London, London, City of, United Kingdom",UK,UKH9,40110,51.5,-0.116667,-2601889,20261008080000,https://www.prnewswire.com/news-releases/arden-university-and-google-cloud-form-strategic-partnership-to-ensure-development-of-job-ready-ai-native-graduates-302901909.html
1326885635,20261008,202610,2026,2026.7616,EDU,STUDENT,,,,,,EDU,,,,,,,,,,,,,0,070,070,07,2,7.0,10,1,10,0.41972717733473,4,"Tshwane, Limpopo, South Africa",SF,SF09,77345,-25.1797,28.1135,-1292416,0,,,,,,,,4,"Tshwane, Limpopo, South Africa",SF,SF09,77345,-25.1797,28.1135,-1292416,20261008080000,https://www.itweb.co.za/article/from-wil-to-the-real-world-how-industry-experience-can-shape-sas-next-generation-of-tech-talent/KWEBbvyLdaWqmRjO
1326885636,20261008,202610,2026,2026.7616,EDU,SCHOOL,,,,,,EDU,,,,,,,,,,,,,0,071,071,07,2,7.4,20,1,10,-0.93220338983051,3,"New Hanover County, North Carolina, United States",US,USNC,NC129,34.2504,-77.8664,1026329,0,,,,,,,,3,"New Hanover County, North Carolina, United States",US,USNC,,34.2504,-77.8664,1026329,20261008080000,https://www.wwaytv3.com/new-hanover-county-commissioner-school-board-candidates-address-key-issues-during-uncw-forums/
1326885637,20261008,202610,2026,2026.7616,EDU,STUDENT,,,,,,EDU,,,,,,,,,,,,,0,080,080,08,2,5.0,10,1,10,0.41972717733473,4,"Tshwane, Limpopo, South Africa",SF,SF09,77345,-25.1797,28.1135,-1292416,0,,,,,,,,4,"Tshwane, Limpopo, South Africa",SF,SF09,77345,-25.1797,28.1135,-1292416,20261008080000,https://www.itweb.co.za/article/from-wil-to-the-real-world-how-industry-experience-can-shape-sas-next-generation-of-tech-talent/KWEBbvyLdaWqmRjO
1326885638,20261008,202610,2026,2026.7616,EDU,STUDENT,,,,,,EDU,,,,,,,,,,,,,1,090,090,09,2,-2.0,10,1,10,0.32573289902281,4,"Delhi, Delhi, India",IN,IN07,17911,28.6667,77.2167,-2094230,0,,,,,,,,4,"Delhi, Delhi, India",IN,IN07,17911,28.6667,77.2167,-2094230,20261008080000,https://economictimes.indiatimes.com/news/new-updates/cuet-ug-2027-big-change-fewer-subjects-shorter-papers-possible-one-day-exam-being-considered/articleshow/134782389.cms
1326885639,20261008,202610,2026,2026.7616,EDU,STUDENT,,,,,,EDU,,,,,,,,,,,,,1,090,090,09,2,-2.0,10,1,10,-4.09165302782325,4,"Karachi, Sindh, Pakistan",PK,PK05,40398,24.8667,67.05,-2764584,0,,,,,,,,4,"Karachi, Sindh, Pakistan",PK,PK05,40398,24.8667,67.05,-2764584,20261008080000,https://pakobserver.net/karachi-university-law-colleges-face-scrutiny-over-alleged-irregular-passing-of-150-failed-students/
1326885640,20261008,202610,2026,2026.7616,EDU,UNIVERSITY,,,,,,EDU,,,,,,,,,,,,,1,172,172,17,4,-5.0,20,1,20,5.08474576271187,4,"Nottingham, Nottingham, United Kingdom",UK,UKJ8,40126,52.9667,-1.16667,-2604469,0,,,,,,,,4,"Nottingham, Nottingham, United Kingdom",UK,UKJ8,40126,52.9667,-1.16667,-2604469,20261008080000,https://www.prnewswire.com/news-releases/arden-university-and-google-cloud-form-strategic-partnership-to-ensure-development-of-job-ready-ai-native-graduates-302901909.html
1326885641,20261008,202610,2026,2026.7616,EDU,PUPIL,,,,,,EDU,,,,,,,,,,,,,1,173,173,17,4,-5.0,10,1,10,-0.55172413793104,4,"Gbarnga, Bong, Liberia",LI,LI01,147259,6.99556,-9.47222,-2131839,0,,,,,,,,4,"Gbarnga, Bong, Liberia",LI,LI01,147259,6.99556,-9.47222,-2131839,20261008080000,https://frontpageafricaonline.com/no-liberian-child-should-learn-on-the-floor/
1326885642,20261008,202610,2026,2026.7616,EDU,SCHOOL,,,,,,EDU,,,,,,,,,,,,,1,180,180,18,4,-9.0,2,1,2,-8.95795246800735,4,"Shastri Nagar, Tamil Nadu, India",IN,IN25,70251,12.9967,80.2603,9087099,0,,,,,,,,4,"Shastri Nagar, Tamil Nadu, India",IN,IN25,70251,12.9967,80.2603,9087099,20261008080000,https://timesofindia.indiatimes.com/city/mumbai/2016-municipal-school-assault-case-mumbai-court-allows-mayors-personal-exemption-plea-but-imposes-rs-1000-cost/articleshow/134773286.cms
1326885643,20261008,202610,2026,2026.7616,EDU,STUDENT,,,,,,EDU,,,AFREDU,AFRICA,AFR,,,,,EDU,,,1,042,042,04,1,1.9,8,1,8,0.41972717733473,4,"Tshwane, Limpopo, South Africa",SF,SF09,77345,-25.1797,28.1135,-1292416,4,"Tshwane, Limpopo, South Africa",SF,SF09,77345,-25.1797,28.1135,-1292416,4,"Tshwane, Limpopo, South Africa",SF,SF09,77345,-25.1797,28.1135,-1292416,20261008080000,https://www.itweb.co.za/article/from-wil-to-the-real-world-how-industry-experience-can-shape-sas-next-generation-of-tech-talent/KWEBbvyLdaWqmRjO
1326885644,20261008,202610,2026,2026.7616,EDU,UNIVERSITY,,,,,,EDU,,,BUS,COMPANY,,,,,,BUS,,,1,043,043,04,1,2.8,2,1,2,0.41972717733473,4,"Tshwane, Limpopo, South Africa",SF,SF09,77345,-25.1797,28.1135,-1292416,4,"Tshwane, Limpopo, South Africa",SF,SF09,77345,-25.1797,28.1135,-1292416,4,"Tshwane, Limpopo, South Africa",SF,SF09,77345,-25.1797,28.1135,-1292416,20261008080000,https://www.itweb.co.za/article/from-wil-to-the-real-world-how-industry-experience-can-shape-sas-next-generation-of-tech-talent/KWEBbvyLdaWqmRjO
1326885645,20261008,202610,2026,2026.7616,EDU,UNIVERSITY,,,,,,EDU,,,GBR,UNITED KINGDOM,GBR,,,,,,,,1,051,051,05,1,3.4,2,1,2,5.08474576271187,4,"London, London, City of, United Kingdom",UK,UKH9,40110,51.5,-0.116667,-2601889,4,"London, London, City of, United Kingdom",UK,UKH9,40110,51.5,-0.116667,-2601889,4,"London, London, City of, United Kingdom",UK,UKH9,40110,51.5,-0.116667,-2601889,20261008080000,https://www.prnewswire.com/news-releases/arden-university-and-google-cloud-form-strategic-partnership-to-ensure-development-of-job-ready-ai-native-graduates-302901909.html
1326885646,20261008,202610,2026,2026.7616,EDU,SCHOOL,,,,,,EDU,,,GOV,GOVERNMENT,,,,,,GOV,,,0,090,090,09,2,-2.0,5,1,5,-2.21579961464354,4,"Abuja, Abuja Federal Capital Territory, Nigeria",NI,NI11,191147,9.08333,7.53333,-1997013,4,"Abuja, Abuja Federal Capital Territory, Nigeria",NI,NI11,191147,9.08333,7.53333,-1997013,4,"Abuja, Abuja Federal Capital Territory, Nigeria",NI,NI11,191147,9.08333,7.53333,-1997013,20261008080000,https://leadership.ng/saving-the-citadel-why-kings-college-lagos-needs-the-old-boys-now-2/
1326885647,20261008,202610,2026,2026.7616,EDU,SCHOOL,,,,,,EDU,,,GOV,MAYOR,,,,,,GOV,,,1,180,180,18,4,-9.0,2,1,2,-8.95795246800735,4,"Shastri Nagar, Tamil Nadu, India",IN,IN25,70251,12.9967,80.2603,9087099,4,"Shastri Nagar, Tamil Nadu, India",IN,IN25,70251,12.9967,80.2603,9087099,4,"Shastri Nagar, Tamil Nadu, India",IN,IN25,70251,12.9967,80.2603,9087099,20261008080000,https://timesofindia.indiatimes.com/city/mumbai/2016-municipal-school-assault-case-mumbai-court-allows-mayors-personal-exemption-plea-but-imposes-rs-1000-cost/articleshow/134773286.cms
1326885648,20261008,202610,2026,2026.7616,EDU,SCHOOL,,,,,,EDU,,,IND,MUMBAI,IND,,,,,,,,1,180,180,18,4,-9.0,6,1,6,-8.95795246800735,4,"Shastri Nagar, Tamil Nadu, India",IN,IN25,70251,12.9967,80.2603,9087099,4,"Shastri Nagar, Tamil Nadu, India",IN,IN25,70251,12.9967,80.2603,9087099,4,"Shastri Nagar, Tamil Nadu, India",IN,IN25,70251,12.9967,80.2603,9087099,20261008080000,https://timesofindia.indiatimes.com/city/mumbai/2016-municipal-school-assault-case-mumbai-court-allows-mayors-personal-exemption-plea-but-imposes-rs-1000-cost/articleshow/134773286.cms
1326885649,20261008,202610,2026,2026.7616,EDU,UNIVERSITY,,,,,,EDU,,,IRL,IRELAND,IRL,,,,,,,,1,051,051,05,1,3.4,4,1,4,5.08474576271187,4,"London, London, City of, United Kingdom",UK,UKH9,40110,51.5,-0.116667,-2601889,4,"London, London, City of, United Kingdom",UK,UKH9,40110,51.5,-0.116667,-2601889,4,"London, London, City of, United Kingdom",UK,UKH9,40110,51.5,-0.116667,-2601889,20261008080000,https://www.prnewswire.com/news-releases/arden-university-and-google-cloud-form-strategic-partnership-to-ensure-development-of-job-ready-ai-native-graduates-302901909.html
1326885650,20261008,202610,2026,2026.7616,EDU,UNIVERSITY,,,,,,EDU,,,IRL,IRELAND,IRL,,,,,,,,1,051,051,05,1,3.4,4,1,4,5.08474576271187,4,"London, London, City of, United Kingdom",UK,UKH9,40110,51.5,-0.116667,-2601889,1,Ireland,EI,EI,,53,-8,EI,4,"London, London, City of, United Kingdom",UK,UKH9,40110,51.5,-0.116667,-2601889,20261008080000,https://www.prnewswire.com/news-releases/arden-university-and-google-cloud-form-strategic-partnership-to-ensure-development-of-job-ready-ai-native-graduates-302901909.html
1326885651,20261008,202610,2026,2026.7616,EDU,SCHOOL,,,,,,EDU,,,LBR,LIBERIA,LBR,,,,,,,,0,010,010,01,1,0.0,4,1,4,-1.28558310376492,5,"Bong County, Bong, Liberia",LI,LI01,147278,7,-9.66667,-2130603,5,"Bong County, Bong, Liberia",LI,LI01,147278,7,-9.66667,-2130603,5,"Bong County, Bong, Liberia",LI,LI01,147278,7,-9.66667,-2130603,20261008080000,https://frontpageafricaonline.com/liberia-1500-pupils-too-few-chairs-as-gbarnga-public-school-struggles-with-overcrowding/
1326885652,20261008,202610,2026,2026.7616,EDU,STUDENT,,,,,,EDU,,,MIL,ARMED FORCES,,,,,,MIL,,,1,020,020,02,1,3.0,10,1,10,3.19573901464713,1,India,IN,IN,,20,77,IN,1,India,IN,IN,,20,77,IN,1,India,IN,IN,,20,77,IN,20261008080000,https://www.jagranjosh.com/articles/how-to-join-indian-air-force-check-all-entry-routes-and-eligibility-1800017546-1
1326885653,20261008,202610,2026,2026.7616,EDU,PROFESSOR,,,,,,EDU,,,NGOMED,INTER PRESS SERVICE,,,,,,NGO,MED,,1,010,010,01,1,0.0,5,1,5,-2.02622169249106,1,Ukraine,UP,UP,,49,32,UP,1,Ukraine,UP,UP,,49,32,UP,1,Ukraine,UP,UP,,49,32,UP,20261008080000,https://www.ipsnews.net/2026/10/a-rash-of-hard-hitting-questions-which-may-remain-evasive-for-candidates-running-for-un-chief/
1326885654,20261008,202610,2026,2026.7616,EDU,STUDENT,,,,,,EDU,,,SPY,INTELLIGENCE,,,,,,SPY,,,1,070,070,07,2,7.0,10,1,10,0.41972717733473,4,"Tshwane, Limpopo, South Africa",SF,SF09,77345,-25.1797,28.1135,-1292416,4,"Tshwane, Limpopo, South Africa",SF,SF09,77345,-25.1797,28.1135,-1292416,4,"Tshwane, Limpopo, South Africa",SF,SF09,77345,-25.1797,28.1135,-1292416,20261008080000,https://www.itweb.co.za/article/from-wil-to-the-real-world-how-industry-experience-can-shape-sas-next-generation-of-tech-talent/KWEBbvyLdaWqmRjO
1326885655,20261008,202610,2026,2026.7616,EDU,SCHOOL,,,,,,EDU,,,USA,UNITED STATES,USA,,,,,,,,1,036,036,03,1,4.0,4,1,4,2.4390243902439,3,"Jamestown Shores, Rhode Island, United States",US,USRI,RI005,41.5298,-71.3892,1218032,3,"Jamestown Shores, Rhode Island, United States",US,USRI,,41.5298,-71.3892,1218032,3,"Jamestown Shores, Rhode Island, United States",US,USRI,,41.5298,-71.3892,1218032,20261008080000,https://www.jamestownpress.com/articles/two-candidate-forums-set-this-month/
1326885656,20261008,202610,2026,2026.7616,EDUEDU,SCHOOL,,,,,,EDU,EDU,,,,,,,,,,,,1,012,012,01,1,-0.4,5,1,5,-0.56657223796034,0,,,,,,,,0,,,,,,,,0,,,,,,,,20261008080000,https://www.kvoa.com/news/local/tusd-nears-notifying-schools-of-possible-closures-consolidations/article_8a8e798e-3093-4544-9846-99887a089f93.html
1326885657,20261008,202610,2026,2026.7616,EDUEDU,UNIVERSITY,,,,,,EDU,EDU,,EDU,UNIVERSITY,,,,,,EDU,,,1,115,115,11,3,-2.0,6,1,6,-2.94117647058824,1,Australia,AS,AS,,-25,135,AS,1,Australia,AS,AS,,-25,135,AS,1,Australia,AS,AS,,-25,135,AS,20261008080000,https://www.pedestrian.tv/online/cherrykitten-i-am-jane-doe-merch-backlash
1326885658,20261008,202610,2026,2026.7616,EDUEDU,UNIVERSITY,,,,,,EDU,EDU,,EDU,UNIVERSITY,,,,,,EDU,,,1,180,180,18,4,-9.0,6,1,6,-2.94117647058824,1,Australia,AS,AS,,-25,135,AS,1,Australia,AS,AS,,-25,135,AS,1,Australia,AS,AS,,-25,135,AS,20261008080000,https://www.pedestrian.tv/online/cherrykitten-i-am-jane-doe-merch-backlash
1326885659,20261008,202610,2026,2026.7616,EGY,EGYPTIAN,EGY,,,,,,,,ISR,ISRAEL,ISR,,,,,,,,0,042,042,04,1,1.9,4,1,2,-2.17238962859146,1,Egypt,EG,EG,,27,30,EG,1,Israel,IS,IS,,31.5,34.75,IS,1,Israel,IS,IS,,31.5,34.75,IS,20261008080000,https://www.israelnationalnews.com/news/434289
1326885660,20261008,202610,2026,2026.7616,EGYSPY,EGYPT,EGY,,,,,SPY,,,ISR,ISRAEL,ISR,,,,,,,,0,042,042,04,1,1.9,4,1,2,-2.17238962859146,1,Egypt,EG,EG,,27,30,EG,1,Israel,IS,IS,,31.5,34.75,IS,1,Egypt,EG,EG,,27,30,EG,20261008080000,https://www.israelnationalnews.com/news/434289
1326885661,20261008,202610,2026,2026.7616,EGYSPY,EGYPTIAN,EGY,,,,,SPY,,,ISR,ISRAEL,ISR,,,,,,,,0,042,042,04,1,1.9,8,1,4,-2.17238962859146,1,Egypt,EG,EG,,27,30,EG,1,Israel,IS,IS,,31.5,34.75,IS,1,Israel,IS,IS,,31.5,34.75,IS,20261008080000,https://www.israelnationalnews.com/news/434289
1326885662,20261008,202610,2026,2026.7616,ELI,ACTOR,,,,,,ELI,,,,,,,,,,,,,0,010,010,01,1,0.0,2,1,2,-0.4739336492891,4,"Pune, Maharashtra, India",IN,IN16,70178,18.5333,73.8667,-2108361,0,,,,,,,,4,"Hindustan, India (general), India",IN,IN00,17857,28,76,-3414754,20261008080000,https://economictimes.indiatimes.com/magazines/panache/whats-the-big-deal-everyone-dies-anupam-kher-imagines-how-nana-patekar-would-have-paid-tribute-to-himself/articleshow/134783447.cms
1326885663,20261008,202610,2026,2026.7616,ELI,ACTOR,,,,,,ELI,,,,,,,,,,,,,1,018,018,01,1,3.4,10,1,10,0.76530612244898,0,,,,,,,,0,,,,,,,,0,,,,,,,,20261008080000,https://www.business-standard.com/entertainment/nana-patekar-death-modi-alongside-other-celebs-tributed-to-legendary-actor-nc-126100800363_1.html
1326885664,20261008,202610,2026,2026.7616,ELI,ACTOR,,,,,,ELI,,,,,,,,,,,,,1,036,036,03,1,4.0,10,1,10,0.32573289902281,4,"Delhi, Delhi, India",IN,IN07,17911,28.6667,77.2167,-2094230,0,,,,,,,,4,"Delhi, Delhi, India",IN,IN07,17911,28.6667,77.2167,-2094230,20261008080000,https://economictimes.indiatimes.com/news/new-updates/cuet-ug-2027-big-change-fewer-subjects-shorter-papers-possible-one-day-exam-being-considered/articleshow/134782389.cms
1326885665,20261008,202610,2026,2026.7616,ELI,ACTOR,,,,,,ELI,,,GOV,MINIST,,,,,,GOV,,,1,161,161,16,4,-4.0,10,1,10,-1.53531218014329,5,"Lofa County, Lofa, Liberia",LI,LI20,147280,7.91667,-10,-2133558,5,"Lofa County, Lofa, Liberia",LI,LI20,147280,7.91667,-10,-2133558,5,"Lofa County, Lofa, Liberia",LI,LI20,147280,7.91667,-10,-2133558,20261008080000,https://frontpageafricaonline.com/who-decides-what-is-a-city-in-liberia/
1326885666,20261008,202610,2026,2026.7616,ELI,ACTOR,,,,,,ELI,,,IND,HINDUSTAN,IND,,,,,,,,0,010,010,01,1,0.0,2,1,2,-0.4739336492891,4,"Manipal, Karnataka, India",IN,IN19,70166,13.35,74.7833,-2103863,4,"Manipal, Karnataka, India",IN,IN19,70166,13.35,74.7833,-2103863,4,"Manipal, Karnataka, India",IN,IN19,70166,13.35,74.7833,-2103863,20261008080000,https://economictimes.indiatimes.com/magazines/panache/whats-the-big-deal-everyone-dies-anupam-kher-imagines-how-nana-patekar-would-have-paid-tribute-to-himself/articleshow/134783447.cms
1326885667,20261008,202610,2026,2026.7616,ELI,ACTOR,,,,,,ELI,,,IND,HINDUSTAN,IND,,,,,,,,0,010,010,01,1,0.0,3,1,3,-0.4739336492891,4,"Pune, Maharashtra, India",IN,IN16,70178,18.5333,73.8667,-2108361,4,"Hindustan, India (general), India",IN,IN00,17857,28,76,-3414754,4,"Hindustan, India (general), India",IN,IN00,17857,28,76,-3414754,20261008080000,https://economictimes.indiatimes.com/magazines/panache/whats-the-big-deal-everyone-dies-anupam-kher-imagines-how-nana-patekar-would-have-paid-tribute-to-himself/articleshow/134783447.cms
1326885668,20261008,202610,2026,2026.7616,ELI,ACTOR,,,,,,ELI,,,PTY,POLITICIAN,,,,,,,,,0,051,051,05,1,3.4,5,1,5,0.76530612244898,0,,,,,,,,0,,,,,,,,0,,,,,,,,20261008080000,https://www.business-standard.com/entertainment/nana-patekar-death-modi-alongside-other-celebs-tributed-to-legendary-actor-nc-126100800363_1.html
1326885669,20261008,202610,2026,2026.7616,ENV,CONSERVATIONIST,,,,,,ENV,,,,,,,,,,,,,1,111,111,11,3,-2.0,5,1,5,-8.17518248175184,0,,,,,,,,0,,,,,,,,0,,,,,,,,20261008080000,https://www.aol.co.uk/articles/below-review-killer-snot-berg-070112000.html
1326885670,20261008,202610,2026,2026.7616,ERI,ERITREAN,ERI,,,,,,,,ETH,ETHIOPIA,ETH,,,,,,,,1,112,112,11,3,-2.0,2,1,2,-2.83553875236295,4,"Tigray, Tigray, Ethiopia",ET,ET53,149298,13.5,39.5,-620571,4,"Tigray, Tigray, Ethiopia",ET,ET53,149298,13.5,39.5,-620571,4,"Tigray, Tigray, Ethiopia",ET,ET53,149298,13.5,39.5,-620571,20261008080000,https://www.winnipegfreepress.com/world/2026/10/08/eritrean-soldiers-entered-northern-ethiopian-towns-government-allied-commander-says
1326885671,20261008,202610,2026,2026.7616,ESP,SEVILLE,ESP,,,,,,,,ESPGOV,SPAIN,ESP,,,,,GOV,,,1,040,040,04,1,1.0,2,1,2,5.98006644518273,1,Spain,SP,SP,,40,-4,SP,1,Spain,SP,SP,,40,-4,SP,1,Spain,SP,SP,,40,-4,SP,20261008080000,https://www.president.go.ke/ebrd-to-set-up-in-kenya-to-strengthen-msmes-and-public-private-partnerships/
1326885672,20261008,202610,2026,2026.7616,ESP,SEVILLE,ESP,,,,,,,,ESPGOV,SPAIN,ESP,,,,,GOV,,,1,046,046,04,1,7.0,2,1,2,5.98006644518273,1,Spain,SP,SP,,40,-4,SP,1,Spain,SP,SP,,40,-4,SP,1,Spain,SP,SP,,40,-4,SP,20261008080000,https://www.president.go.ke/ebrd-to-set-up-in-kenya-to-strengthen-msmes-and-public-private-partnerships/
1326885673,20261008,202610,2026,2026.7616,ESP,SEVILLE,ESP,,,,,,,,GOV,PRESIDENT,,,,,,GOV,,,1,046,046,04,1,7.0,8,1,8,5.98006644518273,1,Spain,SP,SP,,40,-4,SP,1,Spain,SP,SP,,40,-4,SP,1,Spain,SP,SP,,40,-4,SP,20261008080000,https://www.president.go.ke/ebrd-to-set-up-in-kenya-to-strengthen-msmes-and-public-private-partnerships/
1326885674,20261008,202610,2026,2026.7616,ESPGOV,SPAIN,ESP,,,,,GOV,,,ESP,SEVILLE,ESP,,,,,,,,1,046,046,04,1,7.0,2,1,2,5.98006644518273,1,Spain,SP,SP,,40,-4,SP,1,Spain,SP,SP,,40,-4,SP,1,Spain,SP,SP,,40,-4,SP,20261008080000,https://www.president.go.ke/ebrd-to-set-up-in-kenya-to-strengthen-msmes-and-public-private-partnerships/
1326885675,20261008,202610,2026,2026.7616,ETH,ETHIOPIAN,ETH,,,,,,,,ETHMIL,ETHIOPIA,ETH,,,,,MIL,,,1,190,190,19,4,-10.0,1,1,1,-2.83553875236295,4,"Hamburg, Hamburg, Germany",GM,GM04,40698,53.55,10,-1785434,4,"Hamburg, Hamburg, Germany",GM,GM04,40698,53.55,10,-1785434,4,"Tigray, Tigray, Ethiopia",ET,ET53,149298,13.5,39.5,-620571,20261008080000,https://www.winnipegfreepress.com/world/2026/10/08/eritrean-soldiers-entered-northern-ethiopian-towns-government-allied-commander-says
1326885676,20261008,202610,2026,2026.7616,ETHGOV,ETHIOPIA,ETH,,,,,GOV,,,,,,,,,,,,,0,051,051,05,1,3.4,2,1,2,-2.83553875236295,4,"Red Sea, Djibouti (general), Djibouti",DJ,DJ00,25312,19,39.5,-2037160,0,,,,,,,,4,"Tigray, Tigray, Ethiopia",ET,ET53,149298,13.5,39.5,-620571,20261008080000,https://www.winnipegfreepress.com/world/2026/10/08/eritrean-soldiers-entered-northern-ethiopian-towns-government-allied-commander-says
1326885677,20261008,202610,2026,2026.7616,EUR,EUROPE,EUR,,,,,,,,CHN,CHINA,CHN,,,,,,,,1,020,020,02,1,3.0,2,1,2,-1.25523012552301,4,"Athens, AttikíR, Greece",GR,GR35,16716,37.9833,23.7333,-814876,4,"Athens, AttikíR, Greece",GR,GR35,16716,37.9833,23.7333,-814876,1,United Kingdom,UK,UK,,54,-4,UK,20261008080000,https://www.euronews.com/2026/10/08/europe-today-rubio-urges-europe-to-wake-up-as-eu-trade-chief-begins-key-china-trip
1326885678,20261008,202610,2026,2026.7616,EUR,EUROPE,EUR,,,,,,,,CHN,CHINA,CHN,,,,,,,,1,020,020,02,1,3.0,8,1,8,-1.25523012552301,4,"Athens, AttikíR, Greece",GR,GR35,16716,37.9833,23.7333,-814876,1,United Kingdom,UK,UK,,54,-4,UK,1,United Kingdom,UK,UK,,54,-4,UK,20261008080000,https://www.euronews.com/2026/10/08/europe-today-rubio-urges-europe-to-wake-up-as-eu-trade-chief-begins-key-china-trip
1326885679,20261008,202610,2026,2026.7616,FJI,FIJI,FJI,,,,,,,,TUR,ANTALYA,TUR,,,,,,,,1,040,040,04,1,1.0,15,1,10,2.59562841530055,4,"Nadi, Western, Fiji",FJ,FJ05,40204,-17.8,177.417,-1191076,4,"Nadi, Western, Fiji",FJ,FJ05,40204,-17.8,177.417,-1191076,4,"Nadi, Western, Fiji",FJ,FJ05,40204,-17.8,177.417,-1191076,20261008080000,https://aninews.in/news/world/pacific/8220india-stands-ready-to-work-with-all-parties8221-environment-minister-yadav-as-pre-cop31-talks-conclude20261008124606/
1326885680,20261008,202610,2026,2026.7616,FJI,FIJI,FJI,,,,,,,,TUR,ANTALYA,TUR,,,,,,,,1,040,040,04,1,1.0,3,1,3,2.59562841530055,1,Australia,AS,AS,,-25,135,AS,1,Australia,AS,AS,,-25,135,AS,1,Australia,AS,AS,,-25,135,AS,20261008080000,https://aninews.in/news/world/pacific/8220india-stands-ready-to-work-with-all-parties8221-environment-minister-yadav-as-pre-cop31-talks-conclude20261008124606/
1326885681,20261008,202610,2026,2026.7616,FJI,FIJI,FJI,,,,,,,,TUR,ANTALYA,TUR,,,,,,,,1,040,040,04,1,1.0,1,1,1,2.59562841530055,1,India,IN,IN,,20,77,IN,4,"Paris, France (general), France",FR,FR00,16282,48.8667,2.33333,-1456928,4,"Paris, France (general), France",FR,FR00,16282,48.8667,2.33333,-1456928,20261008080000,https://aninews.in/news/world/pacific/8220india-stands-ready-to-work-with-all-parties8221-environment-minister-yadav-as-pre-cop31-talks-conclude20261008124606/
1326885682,20261008,202610,2026,2026.7616,FJI,FIJI,FJI,,,,,,,,TUR,ANTALYA,TUR,,,,,,,,1,040,040,04,1,1.0,1,1,1,2.59562841530055,1,India,IN,IN,,20,77,IN,1,Australia,AS,AS,,-25,135,AS,1,Australia,AS,AS,,-25,135,AS,20261008080000,https://aninews.in/news/world/pacific/8220india-stands-ready-to-work-with-all-parties8221-environment-minister-yadav-as-pre-cop31-talks-conclude20261008124606/
1326885683,20261008,202610,2026,2026.7616,FJI,FIJI,FJI,,,,,,,,TUR,ANTALYA,TUR,,,,,,,,1,120,120,12,3,-4.0,5,1,5,2.59562841530055,4,"Nadi, Western, Fiji",FJ,FJ05,40204,-17.8,177.417,-1191076,4,"Nadi, Western, Fiji",FJ,FJ05,40204,-17.8,177.417,-1191076,4,"Nadi, Western, Fiji",FJ,FJ05,40204,-17.8,177.417,-1191076,20261008080000,https://aninews.in/news/world/pacific/8220india-stands-ready-to-work-with-all-parties8221-environment-minister-yadav-as-pre-cop31-talks-conclude20261008124606/
1326885684,20261008,202610,2026,2026.7616,FJI,FIJI,FJI,,,,,,,,TUR,ANTALYA,TUR,,,,,,,,1,120,120,12,3,-4.0,3,1,3,2.59562841530055,1,Australia,AS,AS,,-25,135,AS,1,Australia,AS,AS,,-25,135,AS,1,Australia,AS,AS,,-25,135,AS,20261008080000,https://aninews.in/news/world/pacific/8220india-stands-ready-to-work-with-all-parties8221-environment-minister-yadav-as-pre-cop31-talks-conclude20261008124606/
1326885685,20261008,202610,2026,2026.7616,FJI,FIJI,FJI,,,,,,,,TUR,ANTALYA,TUR,,,,,,,,1,120,120,12,3,-4.0,1,1,1,2.59562841530055,1,India,IN,IN,,20,77,IN,4,"Paris, France (general), France",FR,FR00,16282,48.8667,2.33333,-1456928,1,India,IN,IN,,20,77,IN,20261008080000,https://aninews.in/news/world/pacific/8220india-stands-ready-to-work-with-all-parties8221-environment-minister-yadav-as-pre-cop31-talks-conclude20261008124606/
1326885686,20261008,202610,2026,2026.7616,FJI,FIJI,FJI,,,,,,,,TUR,ANTALYA,TUR,,,,,,,,1,120,120,12,3,-4.0,1,1,1,2.59562841530055,1,India,IN,IN,,20,77,IN,1,Australia,AS,AS,,-25,135,AS,1,India,IN,IN,,20,77,IN,20261008080000,https://aninews.in/news/world/pacific/8220india-stands-ready-to-work-with-all-parties8221-environment-minister-yadav-as-pre-cop31-talks-conclude20261008124606/
1326885687,20261008,202610,2026,2026.7616,FJIGOV,FIJI,FJI,,,,,GOV,,,GBR,UNITED KINGDOM,GBR,,,,,,,,0,022,022,02,1,3.2,1,1,1,1.35977337110482,4,"Balmoral, New South Wales, Australia",AS,AS02,5096,-33.0667,151.583,-1557191,4,"Balmoral, New South Wales, Australia",AS,AS02,5096,-33.0667,151.583,-1557191,4,"Balmoral, New South Wales, Australia",AS,AS02,5096,-33.0667,151.583,-1557191,20261008080000,https://www.brisbanetimes.com.au/world/europe/my-bill-sir-william-heseltine-private-secretary-to-queen-elizabeth-ii-who-helped-to-modernise-the-monarchy-dies-20261008-p613o1.html
1326885688,20261008,202610,2026,2026.7616,FJIGOV,FIJI,FJI,,,,,GOV,,,GBR,UNITED KINGDOM,GBR,,,,,,,,0,022,022,02,1,3.2,1,1,1,1.35977337110482,1,Fiji,FJ,FJ,,-18,178,FJ,4,"London, London, City of, United Kingdom",UK,UKH9,40110,51.5,-0.116667,-2601889,4,"Balmoral, New South Wales, Australia",AS,AS02,5096,-33.0667,151.583,-1557191,20261008080000,https://www.brisbanetimes.com.au/world/europe/my-bill-sir-william-heseltine-private-secretary-to-queen-elizabeth-ii-who-helped-to-modernise-the-monarchy-dies-20261008-p613o1.html
1326885689,20261008,202610,2026,2026.7616,FRA,FRENCH,FRA,,,,,,,,,,,,,,,,,,1,111,111,11,3,-2.0,6,1,6,-0.558659217877095,1,Switzerland,SZ,SZ,,47,8,SZ,0,,,,,,,,1,Switzerland,SZ,SZ,,47,8,SZ,20261008080000,https://insideretail.asia/2026/10/08/lacoste-replaces-ceo-after-a-year-bringing-back-thierry-guibert/
1326885690,20261008,202610,2026,2026.7616,FRA,FRANCE,FRA,,,,,,,,CAN,CANADA,CAN,,,,,,,,0,163,163,16,4,-8.0,5,1,5,-3.75426621160409,4,"Paris, France (general), France",FR,FR00,16282,48.8667,2.33333,-1456928,1,Canada,CA,CA,,60,-96,CA,1,United Kingdom,UK,UK,,54,-4,UK,20261008080000,https://economictimes.indiatimes.com/news/international/world-news/whats-happening-with-britains-jerusalem-consulate/articleshow/134783317.cms
1326885691,20261008,202610,2026,2026.7616,FRA,FRANCE,FRA,,,,,,,,GBR,UNITED KINGDOM,GBR,,,,,,,,0,046,046,04,1,7.0,2,1,2,-3.75426621160409,4,"Paris, France (general), France",FR,FR00,16282,48.8667,2.33333,-1456928,4,"Paris, France (general), France",FR,FR00,16282,48.8667,2.33333,-1456928,4,"Paris, France (general), France",FR,FR00,16282,48.8667,2.33333,-1456928,20261008080000,https://economictimes.indiatimes.com/news/international/world-news/whats-happening-with-britains-jerusalem-consulate/articleshow/134783317.cms
1326885692,20261008,202610,2026,2026.7616,FRA,FRANCE,FRA,,,,,,,,GBR,BRITAIN,GBR,,,,,,,,0,046,046,04,1,7.0,8,1,8,-3.75426621160409,4,"Paris, France (general), France",FR,FR00,16282,48.8667,2.33333,-1456928,1,United Kingdom,UK,UK,,54,-4,UK,4,"Paris, France (general), France",FR,FR00,16282,48.8667,2.33333,-1456928,20261008080000,https://economictimes.indiatimes.com/news/international/world-news/whats-happening-with-britains-jerusalem-consulate/articleshow/134783317.cms
1326885693,20261008,202610,2026,2026.7616,FRA,FRANCE,FRA,,,,,,,,ISRGOV,JERUSALEM,ISR,,,,,GOV,,,0,163,163,16,4,-8.0,3,1,3,-3.75426621160409,4,"Paris, France (general), France",FR,FR00,16282,48.8667,2.33333,-1456928,4,"Jerusalem, Israel (general), Israel",IS,IS00,18315,31.7667,35.2333,-797092,1,United Kingdom,UK,UK,,54,-4,UK,20261008080000,https://economictimes.indiatimes.com/news/international/world-news/whats-happening-with-britains-jerusalem-consulate/articleshow/134783317.cms
1326885694,20261008,202610,2026,2026.7616,GBR,UNITED KINGDOM,GBR,,,,,,,,,,,,,,,,,,1,010,010,01,1,0.0,8,2,8,-5.71428571428572,4,"Fairford, Gloucestershire, United Kingdom",UK,UKE6,40109,51.7,-1.78333,-2595872,0,,,,,,,,4,"Fairford, Gloucestershire, United Kingdom",UK,UKE6,40109,51.7,-1.78333,-2595872,20261008080000,https://www.theguardian.com/uk-news/2026/oct/08/royal-navy-serviceman-arrested-under-national-security-act
1326885695,20261008,202610,2026,2026.7616,GBR,UNITED KINGDOM,GBR,,,,,,,,,,,,,,,,,,1,010,010,01,1,0.0,5,1,5,-1.98300283286119,1,Jersey,JE,JE,,49.216667,-2.116667,JE,0,,,,,,,,1,Jersey,JE,JE,,49.216667,-2.116667,JE,20261008080000,https://jerseyeveningpost.com/news/2026/10/08/decision-to-euthanise-giant-tortoise-incredibly-difficult/
1326885696,20261008,202610,2026,2026.7616,GBR,UNITED KINGDOM,GBR,,,,,,,,,,,,,,,,,,1,051,051,05,1,3.4,2,1,2,-1.6366612111293,5,"Gloucestershire, Gloucestershire, United Kingdom",UK,UKE6,40113,51.8333,-2.16667,-2597217,0,,,,,,,,5,"Gloucestershire, Gloucestershire, United Kingdom",UK,UKE6,40113,51.8333,-2.16667,-2597217,20261008080000,https://www.wiltsglosstandard.co.uk/news/26617058.king-charles-strips-5-people-honours-october-2026/
1326885697,20261008,202610,2026,2026.7616,GBR,UNITED KINGDOM,GBR,,,,,,,,,,,,,,,,,,0,141,141,14,3,-6.5,1,1,1,-8.56443719412725,4,"London, London, City of, United Kingdom",UK,UKH9,40110,51.5,-0.116667,-2601889,0,,,,,,,,4,"Munich, Bayern, Germany",GM,GM02,16532,48.15,11.5833,-1829149,20261008080000,https://gfmag.com/insurance/ai-insurance-risk-officers-nightmare/
1326885698,20261008,202610,2026,2026.7616,GBR,UNITED KINGDOM,GBR,,,,,,,,,,,,,,,,,,0,141,141,14,3,-6.5,1,1,1,-8.56443719412725,4,"London, London, City of, United Kingdom",UK,UKH9,40110,51.5,-0.116667,-2601889,0,,,,,,,,4,"London, London, City of, United Kingdom",UK,UKH9,40110,51.5,-0.116667,-2601889,20261008080000,https://gfmag.com/insurance/ai-insurance-risk-officers-nightmare/
1326885699,20261008,202610,2026,2026.7616,GBR,GLASGOW,GBR,,,,,,,,COP,POLICE,,,,,,COP,,,1,145,145,14,3,-7.5,20,1,10,-6.39810426540284,0,,,,,,,,0,,,,,,,,0,,,,,,,,20261008080000,https://www.dailyrecord.co.uk/news/scottish-news/glasgow-road-closed-police-migrant-37747319
1326885700,20261008,202610,2026,2026.7616,GBR,UNITED KINGDOM,GBR,,,,,,,,EDU,STUDENT,,,,,,EDU,,,0,051,051,05,1,3.4,20,1,20,5.08474576271187,4,"London, London, City of, United Kingdom",UK,UKH9,40110,51.5,-0.116667,-2601889,4,"London, London, City of, United Kingdom",UK,UKH9,40110,51.5,-0.116667,-2601889,4,"London, London, City of, United Kingdom",UK,UKH9,40110,51.5,-0.116667,-2601889,20261008080000,https://www.prnewswire.com/news-releases/arden-university-and-google-cloud-form-strategic-partnership-to-ensure-development-of-job-ready-ai-native-graduates-302901909.html
1326885701,20261008,202610,2026,2026.7616,GBR,UNITED KINGDOM,GBR,,,,,,,,FRA,FRANCE,FRA,,,,,,,,0,046,046,04,1,7.0,2,1,2,-3.75426621160409,4,"Paris, France (general), France",FR,FR00,16282,48.8667,2.33333,-1456928,4,"Paris, France (general), France",FR,FR00,16282,48.8667,2.33333,-1456928,4,"Paris, France (general), France",FR,FR00,16282,48.8667,2.33333,-1456928,20261008080000,https://economictimes.indiatimes.com/news/international/world-news/whats-happening-with-britains-jerusalem-consulate/articleshow/134783317.cms
1326885702,20261008,202610,2026,2026.7616,GBR,BRITAIN,GBR,,,,,,,,FRA,FRANCE,FRA,,,,,,,,0,046,046,04,1,7.0,8,1,8,-3.75426621160409,1,United Kingdom,UK,UK,,54,-4,UK,4,"Paris, France (general), France",FR,FR00,16282,48.8667,2.33333,-1456928,4,"Paris, France (general), France",FR,FR00,16282,48.8667,2.33333,-1456928,20261008080000,https://economictimes.indiatimes.com/news/international/world-news/whats-happening-with-britains-jerusalem-consulate/articleshow/134783317.cms
1326885703,20261008,202610,2026,2026.7616,GBR,UNITED KINGDOM,GBR,,,,,,,,HLH,HOSPITAL,,,,,,HLH,,,1,190,190,19,4,-10.0,4,1,4,-4.19847328244275,1,United Kingdom,UK,UK,,54,-4,UK,1,United Kingdom,UK,UK,,54,-4,UK,1,United Kingdom,UK,UK,,54,-4,UK,20261008080000,https://www.dailyrecord.co.uk/news/scottish-news/teen-charged-connection-death-glasgow-37747766
1326885704,20261008,202610,2026,2026.7616,GBR,BRITAIN,GBR,,,,,,,,ISR,ISRAELI,ISR,,,,,,,,0,022,022,02,1,3.2,2,1,2,-4.72813238770686,1,United Kingdom,UK,UK,,54,-4,UK,1,United Kingdom,UK,UK,,54,-4,UK,1,United Kingdom,UK,UK,,54,-4,UK,20261008080000,https://www.thenationalnews.com/news/mena/2026/10/08/uk-mission-jerusalem-israel-closure-order/
1326885705,20261008,202610,2026,2026.7616,GBR,BRITAIN,GBR,,,,,,,,ISR,ISRAEL,ISR,,,,,,,,0,061,061,06,2,6.4,5,1,5,-1.33587786259542,4,"London, London, City of, United Kingdom",UK,UKH9,40110,51.5,-0.116667,-2601889,4,"Jerusalem, Israel (general), Israel",IS,IS00,18315,31.7667,35.2333,-797092,4,"Jerusalem, Israel (general), Israel",IS,IS00,18315,31.7667,35.2333,-797092,20261008080000,https://www.israelnationalnews.com/news/434288
1326885706,20261008,202610,2026,2026.7616,GBR,UNITED KINGDOM,GBR,,,,,,,,ISR,ISRAELI,ISR,,,,,,,,1,1124,112,11,3,-2.0,2,1,2,-1.66666666666667,4,"Gaza, Israel (general), Israel",IS,IS00,18315,31.4167,34.3333,-797156,4,"Gaza, Israel (general), Israel",IS,IS00,18315,31.4167,34.3333,-797156,4,"Gaza, Israel (general), Israel",IS,IS00,18315,31.4167,34.3333,-797156,20261008080000,https://www.aol.co.uk/articles/uk-withdraws-staff-families-jerusalem-070955000.html
1326885707,20261008,202610,2026,2026.7616,GBR,BRITAIN,GBR,,,,,,,,ISR,ISRAEL,ISR,,,,,,,,1,120,120,12,3,-4.0,8,1,8,1.86915887850468,1,United Kingdom,UK,UK,,54,-4,UK,4,"Jerusalem, Israel (general), Israel",IS,IS00,18315,31.7667,35.2333,-797092,4,"Jerusalem, Israel (general), Israel",IS,IS00,18315,31.7667,35.2333,-797092,20261008080000,https://www.israelnationalnews.com/news/434286
1326885708,20261008,202610,2026,2026.7616,GBR,UNITED KINGDOM,GBR,,,,,,,,ISR,ISRAEL,ISR,,,,,,,,1,120,120,12,3,-4.0,2,1,2,1.86915887850468,1,United Kingdom,UK,UK,,54,-4,UK,4,"Jerusalem, Israel (general), Israel",IS,IS00,18315,31.7667,35.2333,-797092,1,United Kingdom,UK,UK,,54,-4,UK,20261008080000,https://www.israelnationalnews.com/news/434286
1326885709,20261008,202610,2026,2026.7616,GBR,UNITED KINGDOM,GBR,,,,,,,,ISR,JERUSALEM,ISR,,,,,,,,1,161,161,16,4,-4.0,2,1,2,-3.75426621160409,4,"Jerusalem, Israel (general), Israel",IS,IS00,18315,31.7667,35.2333,-797092,4,"Jerusalem, Israel (general), Israel",IS,IS00,18315,31.7667,35.2333,-797092,4,"Jerusalem, Israel (general), Israel",IS,IS00,18315,31.7667,35.2333,-797092,20261008080000,https://economictimes.indiatimes.com/news/international/world-news/whats-happening-with-britains-jerusalem-consulate/articleshow/134783317.cms
1326885710,20261008,202610,2026,2026.7616,GBR,UNITED KINGDOM,GBR,,,,,,,,ISR,JERUSALEM,ISR,,,,,,,,1,161,161,16,4,-4.0,4,1,4,1.86915887850468,1,United Kingdom,UK,UK,,54,-4,UK,1,United Kingdom,UK,UK,,54,-4,UK,1,United Kingdom,UK,UK,,54,-4,UK,20261008080000,https://www.israelnationalnews.com/news/434286
1326885711,20261008,202610,2026,2026.7616,GBR,UNITED KINGDOM,GBR,,,,,,,,ISR,ISRAELI,ISR,,,,,,,,0,174,174,17,4,-5.0,2,1,2,-4.72813238770686,1,United Kingdom,UK,UK,,54,-4,UK,4,"Jerusalem, Israel (general), Israel",IS,IS00,18315,31.7667,35.2333,-797092,4,"Jerusalem, Israel (general), Israel",IS,IS00,18315,31.7667,35.2333,-797092,20261008080000,https://www.thenationalnews.com/news/mena/2026/10/08/uk-mission-jerusalem-israel-closure-order/
1326885712,20261008,202610,2026,2026.7616,GBR,BRITAIN,GBR,,,,,,,,ISRGOV,ISRAELI,ISR,,,,,GOV,,,0,022,022,02,1,3.2,6,1,6,-4.72813238770686,1,United Kingdom,UK,UK,,54,-4,UK,4,"Gaza, Israel (general), Israel",IS,IS00,18315,31.4167,34.3333,-797156,4,"Gaza, Israel (general), Israel",IS,IS00,18315,31.4167,34.3333,-797156,20261008080000,https://www.thenationalnews.com/news/mena/2026/10/08/uk-mission-jerusalem-israel-closure-order/
1326885713,20261008,202610,2026,2026.7616,GBR,BRITAIN,GBR,,,,,,,,ISRGOV,ISRAEL,ISR,,,,,GOV,,,0,022,022,02,1,3.2,2,1,2,-4.72813238770686,1,United Kingdom,UK,UK,,54,-4,UK,4,"Gaza, Israel (general), Israel",IS,IS00,18315,31.4167,34.3333,-797156,1,United Kingdom,UK,UK,,54,-4,UK,20261008080000,https://www.thenationalnews.com/news/mena/2026/10/08/uk-mission-jerusalem-israel-closure-order/
1326885714,20261008,202610,2026,2026.7616,GBR,UNITED KINGDOM,GBR,,,,,,,,ISRGOV,JERUSALEM,ISR,,,,,GOV,,,1,161,161,16,4,-4.0,6,1,6,1.86915887850468,1,United Kingdom,UK,UK,,54,-4,UK,1,United Kingdom,UK,UK,,54,-4,UK,1,United Kingdom,UK,UK,,54,-4,UK,20261008080000,https://www.israelnationalnews.com/news/434286
1326885715,20261008,202610,2026,2026.7616,GBR,BRITAIN,GBR,,,,,,,,ISRGOV,ISRAELI,ISR,,,,,GOV,,,0,174,174,17,4,-5.0,3,1,3,-4.72813238770686,1,United Kingdom,UK,UK,,54,-4,UK,4,"Gaza, Israel (general), Israel",IS,IS00,18315,31.4167,34.3333,-797156,4,"Gaza, Israel (general), Israel",IS,IS00,18315,31.4167,34.3333,-797156,20261008080000,https://www.thenationalnews.com/news/mena/2026/10/08/uk-mission-jerusalem-israel-closure-order/
1326885716,20261008,202610,2026,2026.7616,GBR,UNITED KINGDOM,GBR,,,,,,,,MIL,NAVY,,,,,,MIL,,,1,051,051,05,1,3.4,2,1,2,-1.6366612111293,5,"Gloucestershire, Gloucestershire, United Kingdom",UK,UKE6,40113,51.8333,-2.16667,-2597217,5,"Gloucestershire, Gloucestershire, United Kingdom",UK,UKE6,40113,51.8333,-2.16667,-2597217,5,"Gloucestershire, Gloucestershire, United Kingdom",UK,UKE6,40113,51.8333,-2.16667,-2597217,20261008080000,https://www.wiltsglosstandard.co.uk/news/26617058.king-charles-strips-5-people-honours-october-2026/
1326885717,20261008,202610,2026,2026.7616,GBRCOP,GLASGOW,GBR,,,,,COP,,,CVLOPP,MIGRANT,,,,,,CVL,OPP,,1,175,175,17,4,-9.0,10,1,10,-6.39810426540284,0,,,,,,,,0,,,,,,,,0,,,,,,,,20261008080000,https://www.dailyrecord.co.uk/news/scottish-news/glasgow-road-closed-police-migrant-37747319
1326885718,20261008,202610,2026,2026.7616,GBRCOP,SCOTLAND,GBR,,,,,COP,,,GBR,UNITED KINGDOM,GBR,,,,,,,,1,112,112,11,3,-2.0,2,1,2,-4.19847328244275,1,United Kingdom,UK,UK,,54,-4,UK,1,United Kingdom,UK,UK,,54,-4,UK,1,United Kingdom,UK,UK,,54,-4,UK,20261008080000,https://www.dailyrecord.co.uk/news/scottish-news/teen-charged-connection-death-glasgow-37747766
1326885719,20261008,202610,2026,2026.7616,GBRGOV,BRITISH,GBR,,,,,GOV,,,GBR,UNITED KINGDOM,GBR,,,,,,,,1,030,030,03,1,4.0,8,1,8,-4.55927051671732,1,United Kingdom,UK,UK,,54,-4,UK,1,United Kingdom,UK,UK,,54,-4,UK,4,"Jerusalem, Israel (general), Israel",IS,IS00,18315,31.7667,35.2333,-797092,20261008080000,https://www.euronews.com/2026/10/08/israel-says-british-consulate-in-east-jerusalem-ceasing-operations
1326885720,20261008,202610,2026,2026.7616,GBRGOV,BRITISH,GBR,,,,,GOV,,,GBR,UNITED KINGDOM,GBR,,,,,,,,1,111,111,11,3,-2.0,8,1,8,-4.55927051671732,1,United Kingdom,UK,UK,,54,-4,UK,4,"Jerusalem, Israel (general), Israel",IS,IS00,18315,31.7667,35.2333,-797092,4,"Jerusalem, Israel (general), Israel",IS,IS00,18315,31.7667,35.2333,-797092,20261008080000,https://www.euronews.com/2026/10/08/israel-says-british-consulate-in-east-jerusalem-ceasing-operations
1326885721,20261008,202610,2026,2026.7616,GBRGOV,UNITED KINGDOM,GBR,,,,,GOV,,,IGOEUREEC,THE EU,EUR,EEC,,,,IGO,,,1,014,014,01,1,0.0,8,1,8,-1.25523012552301,1,United Kingdom,UK,UK,,54,-4,UK,1,Belgium,BE,BE,,50.833333,4,BE,1,United Kingdom,UK,UK,,54,-4,UK,20261008080000,https://www.euronews.com/2026/10/08/europe-today-rubio-urges-europe-to-wake-up-as-eu-trade-chief-begins-key-china-trip
1326885722,20261008,202610,2026,2026.7616,GBRGOV,UNITED KINGDOM,GBR,,,,,GOV,,,IGOEUREEC,THE EU,EUR,EEC,,,,IGO,,,1,014,014,01,1,0.0,2,1,2,-1.25523012552301,1,United Kingdom,UK,UK,,54,-4,UK,1,United Kingdom,UK,UK,,54,-4,UK,1,United Kingdom,UK,UK,,54,-4,UK,20261008080000,https://www.euronews.com/2026/10/08/europe-today-rubio-urges-europe-to-wake-up-as-eu-trade-chief-begins-key-china-trip
1326885723,20261008,202610,2026,2026.7616,GBRGOV,UNITED KINGDOM,GBR,,,,,GOV,,,ISR,JERUSALEM,ISR,,,,,,,,0,010,010,01,1,0.0,2,1,2,-1.66666666666667,4,"Jerusalem, Israel (general), Israel",IS,IS00,18315,31.7667,35.2333,-797092,1,United Kingdom,UK,UK,,54,-4,UK,1,United Kingdom,UK,UK,,54,-4,UK,20261008080000,https://www.aol.co.uk/articles/uk-withdraws-staff-families-jerusalem-070955000.html
1326885724,20261008,202610,2026,2026.7616,GBRMIL,UNITED KINGDOM,GBR,,,,,MIL,,,MIL,ARMED FORCES,,,,,,MIL,,,1,010,010,01,1,0.0,2,1,2,-6.06060606060606,4,"Fairford, Gloucestershire, United Kingdom",UK,UKE6,40109,51.7,-1.78333,-2595872,4,"London, London, City of, United Kingdom",UK,UKH9,40110,51.5,-0.116667,-2601889,4,"London, London, City of, United Kingdom",UK,UKH9,40110,51.5,-0.116667,-2601889,20261008080000,https://www.aol.co.uk/articles/serving-royal-navy-sailor-charged-073019000.html
1326885725,20261008,202610,2026,2026.7616,GMB,GAMBIA,GMB,,,,,,,,,,,,,,,,,,1,193,193,19,4,-10.0,4,1,4,0.25316455696202,4,"Bathurst, Banjul, Gambia",GA,GA01,16405,13.4531,-16.5775,-1199434,0,,,,,,,,4,"Bathurst, Banjul, Gambia",GA,GA01,16405,13.4531,-16.5775,-1199434,20261008080000,https://www.abc.net.au/news/2026-10-08/bathurst-1000-supercars-kai-allen-fastest-practice-thursday/107244458
1326885726,20261008,202610,2026,2026.7616,GOV,PRIME MINISTER,,,,,,GOV,,,,,,,,,,,,,0,010,010,01,1,0.0,6,1,6,-2.17238962859146,1,Egypt,EG,EG,,27,30,EG,0,,,,,,,,1,Egypt,EG,EG,,27,30,EG,20261008080000,https://www.israelnationalnews.com/news/434289
1326885727,20261008,202610,2026,2026.7616,GOV,MINISTRY,,,,,,GOV,,,,,,,,,,,,,0,012,012,01,1,-0.4,5,1,5,-4.81418918918919,4,"Dnipropetrovsk, Dnipropetrovs'ka Oblast', Ukraine",UP,UP04,28546,48.463,35.039,-1037865,0,,,,,,,,4,"Dnipropetrovsk, Dnipropetrovs'ka Oblast', Ukraine",UP,UP04,28546,48.463,35.039,-1037865,20261008080000,https://www.business-standard.com/world-news/ukraine-grapples-with-shortage-of-troops-at-front-after-over-4-years-of-war-126100800400_1.html
1326885728,20261008,202610,2026,2026.7616,GOV,STATE COMMISSION,,,,,,GOV,,,,,,,,,,,,,0,012,012,01,1,-0.4,10,1,10,-2.17238962859146,1,Israel,IS,IS,,31.5,34.75,IS,0,,,,,,,,1,Israel,IS,IS,,31.5,34.75,IS,20261008080000,https://www.israelnationalnews.com/news/434289
1326885729,20261008,202610,2026,2026.7616,GOV,MINIST,,,,,,GOV,,,,,,,,,,,,,1,017,017,01,1,0.0,5,1,5,0.15822784810127,4,"Parinda, Uttaranchal, India",IN,IN39,17910,29.8575,78.6936,6241501,0,,,,,,,,4,"Parinda, Uttaranchal, India",IN,IN39,17910,29.8575,78.6936,6241501,20261008080000,https://www.jagranjosh.com/general-knowledge/nana-patekar-death-news-pm-modi-state-funeralupdates-1820012867-1
1326885730,20261008,202610,2026,2026.7616,GOV,GOVERNMENT,,,,,,GOV,,,,,,,,,,,,,1,020,020,02,1,3.0,2,1,2,-1.55642023346304,4,"Heathrow, Hillingdon, United Kingdom",UK,UKF9,40133,51.4667,-0.45,-2598406,0,,,,,,,,4,"Heathrow, Hillingdon, United Kingdom",UK,UKF9,40133,51.4667,-0.45,-2598406,20261008080000,https://www.aol.co.uk/articles/bankers-being-hired-3m-tell-071815000.html
1326885731,20261008,202610,2026,2026.7616,GOV,AUTHORITIES,,,,,,GOV,,,,,,,,,,,,,1,023,023,02,1,3.4,10,1,10,0,2,"South Carolina, United States",US,USSC,,33.8191,-80.9066,SC,0,,,,,,,,2,"South Carolina, United States",US,USSC,,33.8191,-80.9066,SC,20261008080000,https://whky.com/governors-seek-expanded-training-to-respond-to-drone-threats/
1326885732,20261008,202610,2026,2026.7616,GOV,MINISTRY,,,,,,GOV,,,,,,,,,,,,,0,030,030,03,1,4.0,10,1,10,-2.21579961464354,4,"Abuja, Abuja Federal Capital Territory, Nigeria",NI,NI11,191147,9.08333,7.53333,-1997013,0,,,,,,,,4,"Abuja, Abuja Federal Capital Territory, Nigeria",NI,NI11,191147,9.08333,7.53333,-1997013,20261008080000,https://leadership.ng/saving-the-citadel-why-kings-college-lagos-needs-the-old-boys-now-2/
1326885733,20261008,202610,2026,2026.7616,GOV,FOREIGN MINIST,,,,,,GOV,,,,,,,,,,,,,1,0311,031,03,1,5.2,5,1,5,1.29198966408269,1,Azerbaijan,AJ,AJ,,40.5,47.5,AJ,0,,,,,,,,4,"Avaza, Balkan, Turkmenistan",TX,TX02,147324,39.9592,52.8592,-2560822,20261008080000,https://www.trend.az/casia/4232396.html
1326885734,20261008,202610,2026,2026.7616,GOV,FOREIGN MINIST,,,,,,GOV,,,,,,,,,,,,,1,040,040,04,1,1.0,2,1,2,3.42105263157895,4,"Astana, Gorod Astana, Kazakhstan",KZ,KZ05,37174,51.1811,71.4278,-2334218,0,,,,,,,,4,"Astana, Gorod Astana, Kazakhstan",KZ,KZ05,37174,51.1811,71.4278,-2334218,20261008080000,https://astanatimes.com/2026/10/kazakh-fm-takes-part-in-cis-and-regional-meetings-in-turkmenbashi/
1326885735,20261008,202610,2026,2026.7616,GOV,FOREIGN MINIST,,,,,,GOV,,,,,,,,,,,,,1,040,040,04,1,1.0,2,1,2,3.42105263157895,4,"Turkmenbashi, Balkan, Turkmenistan",TX,TX02,147324,40.0222,52.9552,-2559540,0,,,,,,,,4,"Astana, Gorod Astana, Kazakhstan",KZ,KZ05,37174,51.1811,71.4278,-2334218,20261008080000,https://astanatimes.com/2026/10/kazakh-fm-takes-part-in-cis-and-regional-meetings-in-turkmenbashi/
1326885736,20261008,202610,2026,2026.7616,GOV,FOREIGN MINIST,,,,,,GOV,,,,,,,,,,,,,1,040,040,04,1,1.0,6,1,6,3.42105263157895,4,"Turkmenbashi, Balkan, Turkmenistan",TX,TX02,147324,40.0222,52.9552,-2559540,0,,,,,,,,4,"Turkmenbashi, Balkan, Turkmenistan",TX,TX02,147324,40.0222,52.9552,-2559540,20261008080000,https://astanatimes.com/2026/10/kazakh-fm-takes-part-in-cis-and-regional-meetings-in-turkmenbashi/
1326885737,20261008,202610,2026,2026.7616,GOV,FINANCE MINIST,,,,,,GOV,,,,,,,,,,,,,1,040,040,04,1,1.0,2,1,2,-1.28755364806867,4,"Haryana, Haryana, India",IN,IN10,17660,29.6161,76.9806,6210381,0,,,,,,,,4,"Delhi, Delhi, India",IN,IN07,17911,28.6667,77.2167,-2094230,20261008080000,https://www.jagranjosh.com/general-knowledge/57th-gst-council-meeting-today-8-october-what-is-on-the-agenda-new-reforms-explained-1820012869-1
1326885738,20261008,202610,2026,2026.7616,GOV,FINANCE MINIST,,,,,,GOV,,,,,,,,,,,,,1,040,040,04,1,1.0,5,1,5,-1.28755364806867,4,"Haryana, Haryana, India",IN,IN10,17660,29.6161,76.9806,6210381,0,,,,,,,,4,"Haryana, Haryana, India",IN,IN10,17660,29.6161,76.9806,6210381,20261008080000,https://www.jagranjosh.com/general-knowledge/57th-gst-council-meeting-today-8-october-what-is-on-the-agenda-new-reforms-explained-1820012869-1
1326885739,20261008,202610,2026,2026.7616,GOV,FOREIGN MINIST,,,,,,GOV,,,,,,,,,,,,,1,040,040,04,1,1.0,10,1,10,1.29198966408269,1,Russia,RS,RS,,60,100,RS,0,,,,,,,,1,Russia,RS,RS,,60,100,RS,20261008080000,https://www.trend.az/casia/4232396.html
1326885740,20261008,202610,2026,2026.7616,GOV,PRESIDENT,,,,,,GOV,,,,,,,,,,,,,1,050,050,05,1,3.5,4,1,4,-2.02020202020203,1,France,FR,FR,,46,2,FR,0,,,,,,,,1,France,FR,FR,,46,2,FR,20261008080000,https://www.pizzicato.lu/montpellier-closes-major-performing-arts-center-after-flooding/
1326885741,20261008,202610,2026,2026.7616,GOV,PRIME MINISTER,,,,,,GOV,,,,,,,,,,,,,1,051,051,05,1,3.4,3,1,3,0.15822784810127,4,"Manipal, Karnataka, India",IN,IN19,70166,13.35,74.7833,-2103863,0,,,,,,,,4,"Manipal, Karnataka, India",IN,IN19,70166,13.35,74.7833,-2103863,20261008080000,https://www.jagranjosh.com/general-knowledge/nana-patekar-death-news-pm-modi-state-funeralupdates-1820012867-1
1326885742,20261008,202610,2026,2026.7616,GOV,GOVERNMENT,,,,,,GOV,,,,,,,,,,,,,0,051,051,05,1,3.4,2,1,2,-1.55642023346304,4,"Twickenham, Richmond upon Thames, United Kingdom",UK,UKL1,40133,51.4333,-0.316667,-2610350,0,,,,,,,,4,"Heathrow, Hillingdon, United Kingdom",UK,UKF9,40133,51.4667,-0.45,-2598406,20261008080000,https://www.aol.co.uk/articles/bankers-being-hired-3m-tell-071815000.html
1326885743,20261008,202610,2026,2026.7616,GOV,GOVERNMENT,,,,,,GOV,,,,,,,,,,,,,0,0831,083,08,2,5.0,5,1,5,-4.50704225352113,4,"Rajghat, Uttar Pradesh, India",IN,IN36,17922,24.8366,78.4326,10449211,0,,,,,,,,4,"Rajghat, Uttar Pradesh, India",IN,IN36,17922,24.8366,78.4326,10449211,20261008080000,https://aninews.in/news/national/politics/india-bloc-mps-gather-for-second-big-meeting-to-march-to-rajghat-in-protest-against-cec20261008130504/
1326885744,20261008,202610,2026,2026.7616,GOV,ATTORNEY GENERAL,,,,,,GOV,,,,,,,,,,,,,0,084,084,08,2,7.0,10,1,10,-2.73483947681331,2,"Texas, United States",US,USTX,,31.106,-97.6475,TX,0,,,,,,,,2,"Texas, United States",US,USTX,,31.106,-97.6475,TX,20261008080000,https://www.medicaldaily.com/texas-paxton-hanes-fruit-loom-kids-underwear-pfas-479688
1326885745,20261008,202610,2026,2026.7616,GOV,GOVERNMENT,,,,,,GOV,,,,,,,,,,,,,0,090,090,09,2,-2.0,10,1,10,-5.85215605749487,1,Pakistan,PK,PK,,30,70,PK,0,,,,,,,,1,Pakistan,PK,PK,,30,70,PK,20261008080000,https://pakobserver.net/dengue-and-the-cost-of-waiting/
1326885746,20261008,202610,2026,2026.7616,GOV,GOVERNMENT,,,,,,GOV,,,,,,,,,,,,,1,100,100,10,3,-5.0,5,1,5,1.9434628975265,1,"Vietnam, Republic Of",VM,VM,,16.166667,107.833333,VM,0,,,,,,,,1,"Vietnam, Republic Of",VM,VM,,16.166667,107.833333,VM,20261008080000,https://vietnamnews.vn/economy/1801486/safety-must-be-top-priority-in-nuclear-development-minister-says.html
1326885747,20261008,202610,2026,2026.7616,GOV,CABINET,,,,,,GOV,,,,,,,,,,,,,0,111,111,11,3,-2.0,5,1,5,-1.6366612111293,5,"Gloucestershire, Gloucestershire, United Kingdom",UK,UKE6,40113,51.8333,-2.16667,-2597217,0,,,,,,,,5,"Gloucestershire, Gloucestershire, United Kingdom",UK,UKE6,40113,51.8333,-2.16667,-2597217,20261008080000,https://www.wiltsglosstandard.co.uk/news/26617058.king-charles-strips-5-people-honours-october-2026/
1326885748,20261008,202610,2026,2026.7616,GOV,ATTORNEY GENERAL,,,,,,GOV,,,,,,,,,,,,,0,115,115,11,3,-2.0,10,1,10,-2.73483947681331,2,"Texas, United States",US,USTX,,31.106,-97.6475,TX,0,,,,,,,,2,"Texas, United States",US,USTX,,31.106,-97.6475,TX,20261008080000,https://www.medicaldaily.com/texas-paxton-hanes-fruit-loom-kids-underwear-pfas-479688
1326885749,20261008,202610,2026,2026.7616,GOV,ADMINISTRATION,,,,,,GOV,,,,,,,,,,,,,0,120,120,12,3,-4.0,6,1,6,1.95530726256983,4,"Monrovia, Montserrado, Liberia",LI,LI14,147290,6.31056,-10.8047,-2134012,0,,,,,,,,4,"Monrovia, Montserrado, Liberia",LI,LI14,147290,6.31056,-10.8047,-2134012,20261008080000,https://frontpageafricaonline.com/liberia-ex-mines-minister-paye-says-liberia-must-adopt-resource-sovereignty-to-break-mining-cartels-stop-reliance-on-foreign-loans/
1326885750,20261008,202610,2026,2026.7616,GOV,CABINET,,,,,,GOV,,,,,,,,,,,,,0,128,128,12,3,-5.0,5,1,5,-1.6366612111293,5,"Gloucestershire, Gloucestershire, United Kingdom",UK,UKE6,40113,51.8333,-2.16667,-2597217,0,,,,,,,,5,"Gloucestershire, Gloucestershire, United Kingdom",UK,UKE6,40113,51.8333,-2.16667,-2597217,20261008080000,https://www.wiltsglosstandard.co.uk/news/26617058.king-charles-strips-5-people-honours-october-2026/
1326885751,20261008,202610,2026,2026.7616,GOV,AUTHORITIES,,,,,,GOV,,,,,,,,,,,,,1,130,130,13,3,-4.4,10,1,10,-5.85215605749487,1,Pakistan,PK,PK,,30,70,PK,0,,,,,,,,1,Pakistan,PK,PK,,30,70,PK,20261008080000,https://pakobserver.net/dengue-and-the-cost-of-waiting/
1326885752,20261008,202610,2026,2026.7616,GOV,SOVEREIGN,,,,,,GOV,,,ARE,UNITED ARAB EMIRATES,ARE,,,,,,,,1,043,043,04,1,2.8,5,1,5,1.95903829029385,1,Singapore,SN,SN,,1.366667,103.8,SN,1,Singapore,SN,SN,,1.366667,103.8,SN,1,Singapore,SN,SN,,1.366667,103.8,SN,20261008080000,https://www.manilatimes.net/2026/10/08/tmt-newswire/pr-newswire/toku-to-deploy-its-ai-powered-customer-experience-platform-on-core42-sovereign-enabled-public-cloud-in-the-uae/2441467
1326885753,20261008,202610,2026,2026.7616,GOV,GOVERNMENT,,,,,,GOV,,,AREGOV,ABU DHABI,ARE,,,,,GOV,,,0,051,051,05,1,3.4,3,1,3,1.95903829029385,4,"Abu Dhabi, Abu Z¸aby, United Arab Emirates",AE,AE01,28568,24.4667,54.3667,-782066,4,"Abu Dhabi, Abu Z¸aby, United Arab Emirates",AE,AE01,28568,24.4667,54.3667,-782066,4,"Abu Dhabi, Abu Z¸aby, United Arab Emirates",AE,AE01,28568,24.4667,54.3667,-782066,20261008080000,https://www.manilatimes.net/2026/10/08/tmt-newswire/pr-newswire/toku-to-deploy-its-ai-powered-customer-experience-platform-on-core42-sovereign-enabled-public-cloud-in-the-uae/2441467
1326885754,20261008,202610,2026,2026.7616,GOV,GOVERNMENT,,,,,,GOV,,,AREGOV,ABU DHABI,ARE,,,,,GOV,,,0,051,051,05,1,3.4,3,1,3,1.95903829029385,1,Singapore,SN,SN,,1.366667,103.8,SN,1,Singapore,SN,SN,,1.366667,103.8,SN,1,Singapore,SN,SN,,1.366667,103.8,SN,20261008080000,https://www.manilatimes.net/2026/10/08/tmt-newswire/pr-newswire/toku-to-deploy-its-ai-powered-customer-experience-platform-on-core42-sovereign-enabled-public-cloud-in-the-uae/2441467
1326885755,20261008,202610,2026,2026.7616,GOV,PREMIER,,,,,,GOV,,,AUS,WESTERN AUSTRALIA,AUS,,,,,,,,0,042,042,04,1,1.9,2,1,2,1.35977337110482,1,New Zealand,NZ,NZ,,-42,174,NZ,4,"House Of Lords, New South Wales, Australia",AS,AS02,5096,-33.2985,148.451,11363810,4,"House Of Lords, New South Wales, Australia",AS,AS02,5096,-33.2985,148.451,11363810,20261008080000,https://www.brisbanetimes.com.au/world/europe/my-bill-sir-william-heseltine-private-secretary-to-queen-elizabeth-ii-who-helped-to-modernise-the-monarchy-dies-20261008-p613o1.html
1326885756,20261008,202610,2026,2026.7616,GOV,PRESIDENT,,,,,,GOV,,,AZE,AZERBAIJAN,AZE,,,,,,,,1,036,036,03,1,4.0,10,1,10,3.04878048780488,1,Uzbekistan,UZ,UZ,,41.707542,63.84911,UZ,1,Uzbekistan,UZ,UZ,,41.707542,63.84911,UZ,1,Uzbekistan,UZ,UZ,,41.707542,63.84911,UZ,20261008080000,https://www.trend.az/casia/uzbekistan/4232440.html
1326885757,20261008,202610,2026,2026.7616,GOV,PRESIDENT,,,,,,GOV,,,AZE,AZERBAIJAN,AZE,,,,,,,,1,042,042,04,1,1.9,2,1,2,0,4,"Turkmenbashi, Balkan, Turkmenistan",TX,TX02,147324,40.0222,52.9552,-2559540,1,Azerbaijan,AJ,AJ,,40.5,47.5,AJ,4,"Turkmenbashi, Balkan, Turkmenistan",TX,TX02,147324,40.0222,52.9552,-2559540,20261008080000,https://www.trend.az/azerbaijan/4232366.html
1326885758,20261008,202610,2026,2026.7616,GOV,PRESIDENT,,,,,,GOV,,,AZE,AZERBAIJAN,AZE,,,,,,,,0,042,042,04,1,1.9,6,1,6,0.748663101604282,4,"Baku, Baki*, Azerbaijan",AJ,AJ09,534,40.3953,49.8822,-2705195,4,"Baku, Baki*, Azerbaijan",AJ,AJ09,534,40.3953,49.8822,-2705195,4,"Baku, Baki*, Azerbaijan",AJ,AJ09,534,40.3953,49.8822,-2705195,20261008080000,https://www.trend.az/casia/turkmenistan/4232260.html
1326885759,20261008,202610,2026,2026.7616,GOV,PRESIDENT,,,,,,GOV,,,AZE,AZERBAIJAN,AZE,,,,,,,,1,042,042,04,1,1.9,6,1,6,0,1,Azerbaijan,AJ,AJ,,40.5,47.5,AJ,1,Azerbaijan,AJ,AJ,,40.5,47.5,AJ,4,"Turkmenbashi, Balkan, Turkmenistan",TX,TX02,147324,40.0222,52.9552,-2559540,20261008080000,https://www.trend.az/azerbaijan/4232366.html
1326885760,20261008,202610,2026,2026.7616,GOV,PRESIDENT,,,,,,GOV,,,AZE,AZERBAIJAN,AZE,,,,,,,,1,042,042,04,1,1.9,2,1,2,0,1,Azerbaijan,AJ,AJ,,40.5,47.5,AJ,1,Azerbaijan,AJ,AJ,,40.5,47.5,AJ,1,Azerbaijan,AJ,AJ,,40.5,47.5,AJ,20261008080000,https://www.trend.az/azerbaijan/4232366.html
1326885761,20261008,202610,2026,2026.7616,GOV,PRESIDENT,,,,,,GOV,,,AZE,AZERBAIJAN,AZE,,,,,,,,1,046,046,04,1,7.0,2,1,2,0,4,"Turkmenbashi, Balkan, Turkmenistan",TX,TX02,147324,40.0222,52.9552,-2559540,1,Azerbaijan,AJ,AJ,,40.5,47.5,AJ,1,Azerbaijan,AJ,AJ,,40.5,47.5,AJ,20261008080000,https://www.trend.az/azerbaijan/4232366.html
1326885762,20261008,202610,2026,2026.7616,GOV,PRESIDENT,,,,,,GOV,,,AZE,AZERBAIJAN,AZE,,,,,,,,1,046,046,04,1,7.0,6,1,6,0,1,Azerbaijan,AJ,AJ,,40.5,47.5,AJ,1,Azerbaijan,AJ,AJ,,40.5,47.5,AJ,1,Azerbaijan,AJ,AJ,,40.5,47.5,AJ,20261008080000,https://www.trend.az/azerbaijan/4232366.html
1326885763,20261008,202610,2026,2026.7616,GOV,PRESIDENT,,,,,,GOV,,,CHR,CHRISTIAN,,,,CHR,,,,,1,050,050,05,1,3.5,3,1,3,-2.02020202020203,1,France,FR,FR,,46,2,FR,1,France,FR,FR,,46,2,FR,1,France,FR,FR,,46,2,FR,20261008080000,https://www.pizzicato.lu/montpellier-closes-major-performing-arts-center-after-flooding/
1326885764,20261008,202610,2026,2026.7616,GOV,MINISTRY,,,,,,GOV,,,CVL,LANDOWNER,,,,,,CVL,,,1,020,020,02,1,3.0,5,1,5,-1.87416331994646,1,India,IN,IN,,20,77,IN,1,India,IN,IN,,20,77,IN,1,India,IN,IN,,20,77,IN,20261008080000,https://www.business-standard.com/industry/news/power-ministry-sets-market-rate-norms-for-transmission-land-compensation-126100800514_1.html
1326885765,20261008,202610,2026,2026.7616,GOV,MINISTRY,,,,,,GOV,,,CVL,LANDOWNER,,,,,,CVL,,,1,114,114,11,3,-2.0,5,1,5,-1.87416331994646,1,India,IN,IN,,20,77,IN,1,India,IN,IN,,20,77,IN,1,India,IN,IN,,20,77,IN,20261008080000,https://www.business-standard.com/industry/news/power-ministry-sets-market-rate-norms-for-transmission-land-compensation-126100800514_1.html
1326885766,20261008,202610,2026,2026.7616,GOV,AUTHORITIES,,,,,,GOV,,,CVL,RESIDENTS,,,,,,CVL,,,0,130,130,13,3,-4.4,4,1,4,-9.00692840646647,3,"National Hurricane Center, Florida, United States",US,USFL,FL086,25.7522,-80.3836,2077550,2,"Mississippi, United States",US,USMS,,32.7673,-89.6812,MS,2,"Mississippi, United States",US,USMS,,32.7673,-89.6812,MS,20261008080000,https://finchannel.com/hurricane-isaias-forms-as-gulf-coast-warnings-expand/137475/world-2/2026/10/
1326885767,20261008,202610,2026,2026.7616,GOV,AUTHORITIES,,,,,,GOV,,,CVL,RESIDENTS,,,,,,CVL,,,0,130,130,13,3,-4.4,1,1,1,-9.00692840646647,2,"Mississippi, United States",US,USMS,,32.7673,-89.6812,MS,2,"Mississippi, United States",US,USMS,,32.7673,-89.6812,MS,2,"Mississippi, United States",US,USMS,,32.7673,-89.6812,MS,20261008080000,https://finchannel.com/hurricane-isaias-forms-as-gulf-coast-warnings-expand/137475/world-2/2026/10/
1326885768,20261008,202610,2026,2026.7616,GOV,PRESIDENT,,,,,,GOV,,,ESP,SEVILLE,ESP,,,,,,,,1,046,046,04,1,7.0,8,1,8,5.98006644518273,1,Spain,SP,SP,,40,-4,SP,1,Spain,SP,SP,,40,-4,SP,1,Spain,SP,SP,,40,-4,SP,20261008080000,https://www.president.go.ke/ebrd-to-set-up-in-kenya-to-strengthen-msmes-and-public-private-partnerships/
1326885769,20261008,202610,2026,2026.7616,GOV,PRESIDENT,,,,,,GOV,,,FRA,FRANCE,FRA,,,,,,,,1,050,050,05,1,3.5,3,1,3,-2.02020202020203,1,France,FR,FR,,46,2,FR,1,France,FR,FR,,46,2,FR,1,France,FR,FR,,46,2,FR,20261008080000,https://www.pizzicato.lu/montpellier-closes-major-performing-arts-center-after-flooding/
1326885770,20261008,202610,2026,2026.7616,GOV,GOVERNMENT,,,,,,GOV,,,GBR,UNITED KINGDOM,GBR,,,,,,,,1,020,020,02,1,3.0,8,1,8,-1.55642023346304,4,"Heathrow, Hillingdon, United Kingdom",UK,UKF9,40133,51.4667,-0.45,-2598406,4,"Heathrow, Hillingdon, United Kingdom",UK,UKF9,40133,51.4667,-0.45,-2598406,4,"Heathrow, Hillingdon, United Kingdom",UK,UKF9,40133,51.4667,-0.45,-2598406,20261008080000,https://www.aol.co.uk/articles/bankers-being-hired-3m-tell-071815000.html
1326885771,20261008,202610,2026,2026.7616,GOV,KING,,,,,,GOV,,,GBR,UNITED KINGDOM,GBR,,,,,,,,1,051,051,05,1,3.4,2,1,2,-1.6366612111293,5,"Gloucestershire, Gloucestershire, United Kingdom",UK,UKE6,40113,51.8333,-2.16667,-2597217,5,"Gloucestershire, Gloucestershire, United Kingdom",UK,UKE6,40113,51.8333,-2.16667,-2597217,5,"Gloucestershire, Gloucestershire, United Kingdom",UK,UKE6,40113,51.8333,-2.16667,-2597217,20261008080000,https://www.wiltsglosstandard.co.uk/news/26617058.king-charles-strips-5-people-honours-october-2026/
1326885772,20261008,202610,2026,2026.7616,GOV,MONARCH,,,,,,GOV,,,GBR,UNITED KINGDOM,GBR,,,,,,,,1,051,051,05,1,3.4,10,1,10,1.35977337110482,4,"House Of Lords, New South Wales, Australia",AS,AS02,5096,-33.2985,148.451,11363810,4,"House Of Lords, New South Wales, Australia",AS,AS02,5096,-33.2985,148.451,11363810,4,"House Of Lords, New South Wales, Australia",AS,AS02,5096,-33.2985,148.451,11363810,20261008080000,https://www.brisbanetimes.com.au/world/europe/my-bill-sir-william-heseltine-private-secretary-to-queen-elizabeth-ii-who-helped-to-modernise-the-monarchy-dies-20261008-p613o1.html
1326885773,20261008,202610,2026,2026.7616,GOV,CONSULATE,,,,,,GOV,,,GBR,UNITED KINGDOM,GBR,,,,,,,,0,054,054,05,1,6.0,1,1,1,-1.66666666666667,4,"Gaza, Israel (general), Israel",IS,IS00,18315,31.4167,34.3333,-797156,1,United Kingdom,UK,UK,,54,-4,UK,4,"Gaza, Israel (general), Israel",IS,IS00,18315,31.4167,34.3333,-797156,20261008080000,https://www.aol.co.uk/articles/uk-withdraws-staff-families-jerusalem-070955000.html
1326885774,20261008,202610,2026,2026.7616,GOV,GOVERNMENT,,,,,,GOV,,,HLH,NURSE,,,,,,HLH,,,0,013,013,01,1,0.4,10,1,10,0.28409090909091,1,Australia,AS,AS,,-25,135,AS,1,Australia,AS,AS,,-25,135,AS,1,Australia,AS,AS,,-25,135,AS,20261008080000,https://www.theadvocate.com.au/story/9364794/north-west-regional-hospital-nurses-strike-amid-safety-fears/
1326885775,20261008,202610,2026,2026.7616,GOV,GOVERNMENT,,,,,,GOV,,,HLH,PHYSICIAN,,,,,,HLH,,,1,031,031,03,1,5.2,10,1,10,4.97981157469717,4,"Ottawa, Ontario, Canada",CA,CA08,12755,45.4167,-75.7,-570760,4,"Ottawa, Ontario, Canada",CA,CA08,12755,45.4167,-75.7,-570760,4,"Ottawa, Ontario, Canada",CA,CA08,12755,45.4167,-75.7,-570760,20261008080000,https://www.winnipegfreepress.com/opinion/analysis/2026/10/08/manitoba-spends-what-comes-next
1326885776,20261008,202610,2026,2026.7616,GOV,PRESIDENT,,,,,,GOV,,,IGOEURDEVEBR,EUROPEAN BANK FOR RECONSTRUCTION AND DEVELOPMENT,EUR,EBR,,,,IGO,DEV,,1,051,051,05,1,3.4,8,1,8,5.98006644518273,1,Ukraine,UP,UP,,49,32,UP,1,Ukraine,UP,UP,,49,32,UP,1,Ukraine,UP,UP,,49,32,UP,20261008080000,https://www.president.go.ke/ebrd-to-set-up-in-kenya-to-strengthen-msmes-and-public-private-partnerships/
1326885777,20261008,202610,2026,2026.7616,GOV,GOVERNMENT,,,,,,GOV,,,ISR,ISRAELI,ISR,,,,,,,,0,042,042,04,1,1.9,2,1,2,-4.72813238770686,1,United Kingdom,UK,UK,,54,-4,UK,4,"Gaza, Israel (general), Israel",IS,IS00,18315,31.4167,34.3333,-797156,1,United Kingdom,UK,UK,,54,-4,UK,20261008080000,https://www.thenationalnews.com/news/mena/2026/10/08/uk-mission-jerusalem-israel-closure-order/
1326885778,20261008,202610,2026,2026.7616,GOV,PRIME MINISTER,,,,,,GOV,,,ISR,ISRAEL,ISR,,,,,,,,0,043,043,04,1,2.8,1,1,1,-4.08560311284046,1,West Bank,WE,WE,,31.666667,35.25,WE,4,"Jerusalem, Israel (general), Israel",IS,IS00,18315,31.7667,35.2333,-797092,4,"Jerusalem, Israel (general), Israel",IS,IS00,18315,31.7667,35.2333,-797092,20261008080000,https://www.al-monitor.com/originals/2026/10/british-diplomats-remain-renamed-consulate-jerusalem
1326885779,20261008,202610,2026,2026.7616,GOV,FOREIGN MINIST,,,,,,GOV,,,KAZ,ASTANA,KAZ,,,,,,,,1,040,040,04,1,1.0,8,1,8,3.42105263157895,4,"Astana, Gorod Astana, Kazakhstan",KZ,KZ05,37174,51.1811,71.4278,-2334218,4,"Astana, Gorod Astana, Kazakhstan",KZ,KZ05,37174,51.1811,71.4278,-2334218,4,"Astana, Gorod Astana, Kazakhstan",KZ,KZ05,37174,51.1811,71.4278,-2334218,20261008080000,https://astanatimes.com/2026/10/kazakh-fm-takes-part-in-cis-and-regional-meetings-in-turkmenbashi/
1326885780,20261008,202610,2026,2026.7616,GOV,FOREIGN MINIST,,,,,,GOV,,,KAZ,KAZAKHSTAN,KAZ,,,,,,,,1,040,040,04,1,1.0,2,1,2,3.42105263157895,4,"Astana, Gorod Astana, Kazakhstan",KZ,KZ05,37174,51.1811,71.4278,-2334218,4,"Turkmenbashi, Balkan, Turkmenistan",TX,TX02,147324,40.0222,52.9552,-2559540,4,"Astana, Gorod Astana, Kazakhstan",KZ,KZ05,37174,51.1811,71.4278,-2334218,20261008080000,https://astanatimes.com/2026/10/kazakh-fm-takes-part-in-cis-and-regional-meetings-in-turkmenbashi/
1326885781,20261008,202610,2026,2026.7616,GOV,PRESIDENT,,,,,,GOV,,,KEN,KENYA,KEN,,,,,,,,1,0311,031,03,1,5.2,2,1,2,5.98006644518273,4,"Nairobi, Nairobi Area, Kenya",KE,KE05,18585,-1.28333,36.8167,-2258072,4,"Nairobi, Nairobi Area, Kenya",KE,KE05,18585,-1.28333,36.8167,-2258072,4,"Nairobi, Nairobi Area, Kenya",KE,KE05,18585,-1.28333,36.8167,-2258072,20261008080000,https://www.president.go.ke/ebrd-to-set-up-in-kenya-to-strengthen-msmes-and-public-private-partnerships/
1326885782,20261008,202610,2026,2026.7616,GOV,FOREIGN MINIST,,,,,,GOV,,,KGZ,BISHKEK,KGZ,,,,,,,,1,040,040,04,1,1.0,3,1,3,1.29198966408269,4,"Bishkek, Bishkek, Kyrgyzstan",KG,KG01,37216,42.8731,74.6003,-2331392,4,"Bishkek, Bishkek, Kyrgyzstan",KG,KG01,37216,42.8731,74.6003,-2331392,4,"Bishkek, Bishkek, Kyrgyzstan",KG,KG01,37216,42.8731,74.6003,-2331392,20261008080000,https://www.trend.az/casia/4232396.html
1326885783,20261008,202610,2026,2026.7616,GOV,PRIME MINISTER,,,,,,GOV,,,LAO,LAOS,LAO,,,,,,,,1,042,042,04,1,1.9,8,1,8,3.93013100436681,1,Cambodia,CB,CB,,13,105,CB,1,Laos,LA,LA,,18,105,LA,1,Cambodia,CB,CB,,13,105,CB,20261008080000,https://vietnamnews.vn/politics-laws/1801482/prime-minister-le-minh-hung-departs-for-official-visits-to-laos-cambodia.html
1326885784,20261008,202610,2026,2026.7616,GOV,PRIME MINISTER,,,,,,GOV,,,LAO,LAOS,LAO,,,,,,,,1,042,042,04,1,1.9,2,1,2,3.93013100436681,1,Laos,LA,LA,,18,105,LA,1,Cambodia,CB,CB,,13,105,CB,1,Cambodia,CB,CB,,13,105,CB,20261008080000,https://vietnamnews.vn/politics-laws/1801482/prime-minister-le-minh-hung-departs-for-official-visits-to-laos-cambodia.html
1326885785,20261008,202610,2026,2026.7616,GOV,MINIST OF ENERGY,,,,,,GOV,,,LEG,REPRESENTATIVES,,,,,,LEG,,,1,045,045,04,1,5.0,5,1,5,4.18410041841004,0,,,,,,,,0,,,,,,,,0,,,,,,,,20261008080000,https://leadership.ng/adamawa-opens-bids-for-11km-wuro-ngayadi-gulak-transmission-line/
1326885786,20261008,202610,2026,2026.7616,GOV,KING,,,,,,GOV,,,MIL,NAVY,,,,,,MIL,,,1,051,051,05,1,3.4,8,1,8,-1.6366612111293,5,"Gloucestershire, Gloucestershire, United Kingdom",UK,UKE6,40113,51.8333,-2.16667,-2597217,5,"Gloucestershire, Gloucestershire, United Kingdom",UK,UKE6,40113,51.8333,-2.16667,-2597217,5,"Gloucestershire, Gloucestershire, United Kingdom",UK,UKE6,40113,51.8333,-2.16667,-2597217,20261008080000,https://www.wiltsglosstandard.co.uk/news/26617058.king-charles-strips-5-people-honours-october-2026/
1326885787,20261008,202610,2026,2026.7616,GOV,GOVERNMENT,,,,,,GOV,,,NGOMED,INTER PRESS SERVICE,,,,,,NGO,MED,,1,090,090,09,2,-2.0,5,1,5,-2.02622169249106,1,Ukraine,UP,UP,,49,32,UP,1,Ukraine,UP,UP,,49,32,UP,1,Ukraine,UP,UP,,49,32,UP,20261008080000,https://www.ipsnews.net/2026/10/a-rash-of-hard-hitting-questions-which-may-remain-evasive-for-candidates-running-for-un-chief/
1326885788,20261008,202610,2026,2026.7616,GOV,GOVERNOR,,,,,,GOV,,,REL,BELIEVER,,,,,,,,,0,036,036,03,1,4.0,10,1,10,3.45622119815668,5,"Kano State, Kano, Nigeria",NI,NI29,191066,11.5,8.5,-2014618,5,"Kano State, Kano, Nigeria",NI,NI29,191066,11.5,8.5,-2014618,5,"Kano State, Kano, Nigeria",NI,NI29,191066,11.5,8.5,-2014618,20261008080000,https://leadership.ng/2027-abbas-second-term-will-be-bedrock-of-kanos-massive-growth-says-suleiman/
1326885789,20261008,202610,2026,2026.7616,GOV,PRESIDENT,,,,,,GOV,,,TKM,TURKMENISTAN,TKM,,,,,,,,0,043,043,04,1,2.8,8,1,8,3.42105263157895,4,"Turkmenbashi, Balkan, Turkmenistan",TX,TX02,147324,40.0222,52.9552,-2559540,4,"Turkmenbashi, Balkan, Turkmenistan",TX,TX02,147324,40.0222,52.9552,-2559540,4,"Turkmenbashi, Balkan, Turkmenistan",TX,TX02,147324,40.0222,52.9552,-2559540,20261008080000,https://astanatimes.com/2026/10/kazakh-fm-takes-part-in-cis-and-regional-meetings-in-turkmenbashi/
1326885790,20261008,202610,2026,2026.7616,GOV,PRESIDENT,,,,,,GOV,,,UKR,UKRAINE,UKR,,,,,,,,0,010,010,01,1,0.0,2,1,2,5.98006644518273,4,"Nairobi, Nairobi Area, Kenya",KE,KE05,18585,-1.28333,36.8167,-2258072,4,"Nairobi, Nairobi Area, Kenya",KE,KE05,18585,-1.28333,36.8167,-2258072,1,Ukraine,UP,UP,,49,32,UP,20261008080000,https://www.president.go.ke/ebrd-to-set-up-in-kenya-to-strengthen-msmes-and-public-private-partnerships/
1326885791,20261008,202610,2026,2026.7616,GOV,PRESIDENT,,,,,,GOV,,,UKR,UKRAINE,UKR,,,,,,,,0,010,010,01,1,0.0,8,1,8,5.98006644518273,4,"Nairobi, Nairobi Area, Kenya",KE,KE05,18585,-1.28333,36.8167,-2258072,1,Ukraine,UP,UP,,49,32,UP,4,"Nairobi, Nairobi Area, Kenya",KE,KE05,18585,-1.28333,36.8167,-2258072,20261008080000,https://www.president.go.ke/ebrd-to-set-up-in-kenya-to-strengthen-msmes-and-public-private-partnerships/
1326885792,20261008,202610,2026,2026.7616,GOV,SECRETARY OF STATE,,,,,,GOV,,,USA,THE US,USA,,,,,,,,1,040,040,04,1,1.0,3,1,3,-1.25523012552301,4,"Athens, AttikíR, Greece",GR,GR35,16716,37.9833,23.7333,-814876,4,"Athens, AttikíR, Greece",GR,GR35,16716,37.9833,23.7333,-814876,4,"Athens, AttikíR, Greece",GR,GR35,16716,37.9833,23.7333,-814876,20261008080000,https://www.euronews.com/2026/10/08/europe-today-rubio-urges-europe-to-wake-up-as-eu-trade-chief-begins-key-china-trip
1326885793,20261008,202610,2026,2026.7616,GOV,MINISTRY,,,,,,GOV,,,USAMED,ASSOCIATED PRESS,USA,,,,,MED,,,0,011,011,01,1,-0.1,10,1,10,-4.81418918918919,4,"Dnipropetrovsk, Dnipropetrovs'ka Oblast', Ukraine",UP,UP04,28546,48.463,35.039,-1037865,4,"Dnipropetrovsk, Dnipropetrovs'ka Oblast', Ukraine",UP,UP04,28546,48.463,35.039,-1037865,4,"Dnipropetrovsk, Dnipropetrovs'ka Oblast', Ukraine",UP,UP04,28546,48.463,35.039,-1037865,20261008080000,https://www.business-standard.com/world-news/ukraine-grapples-with-shortage-of-troops-at-front-after-over-4-years-of-war-126100800400_1.html
1326885794,20261008,202610,2026,2026.7616,GOV,MINISTRY,,,,,,GOV,,,USAMED,ASSOCIATED PRESS,USA,,,,,MED,,,0,124,124,12,3,-4.0,10,1,10,-4.81418918918919,4,"Dnipropetrovsk, Dnipropetrovs'ka Oblast', Ukraine",UP,UP04,28546,48.463,35.039,-1037865,4,"Dnipropetrovsk, Dnipropetrovs'ka Oblast', Ukraine",UP,UP04,28546,48.463,35.039,-1037865,4,"Dnipropetrovsk, Dnipropetrovs'ka Oblast', Ukraine",UP,UP04,28546,48.463,35.039,-1037865,20261008080000,https://www.business-standard.com/world-news/ukraine-grapples-with-shortage-of-troops-at-front-after-over-4-years-of-war-126100800400_1.html
1326885795,20261008,202610,2026,2026.7616,GOV,MINISTRY,,,,,,GOV,,,VNM,VIETNAM,VNM,,,,,,,,0,051,051,05,1,3.4,8,1,8,-3.2171581769437,4,"Tay Ninh, TâNinh, Vietnam, Republic Of",VM,VM33,74213,11.3,106.1,-3729601,4,"Tay Ninh, TâNinh, Vietnam, Republic Of",VM,VM33,74213,11.3,106.1,-3729601,4,"Tay Ninh, TâNinh, Vietnam, Republic Of",VM,VM33,74213,11.3,106.1,-3729601,20261008080000,https://www.akp.gov.kh/post/detail/383369
1326885796,20261008,202610,2026,2026.7616,GOV,MINISTRY,,,,,,GOV,,,VNM,VIETNAM,VNM,,,,,,,,0,0841,084,08,2,7.0,4,1,4,-3.2171581769437,4,"Tay Ninh, TâNinh, Vietnam, Republic Of",VM,VM33,74213,11.3,106.1,-3729601,4,"Tay Ninh, TâNinh, Vietnam, Republic Of",VM,VM33,74213,11.3,106.1,-3729601,4,"Phnom Penh, (CB11), Cambodia",CB,CB11,12390,11.55,104.917,-1033783,20261008080000,https://www.akp.gov.kh/post/detail/383369
1326885797,20261008,202610,2026,2026.7616,GOV,MINISTRY,,,,,,GOV,,,VNM,VIETNAMESE,VNM,,,,,,,,0,0841,084,08,2,7.0,4,1,4,-3.2171581769437,4,"Tay Ninh, TâNinh, Vietnam, Republic Of",VM,VM33,74213,11.3,106.1,-3729601,4,"Tay Ninh, TâNinh, Vietnam, Republic Of",VM,VM33,74213,11.3,106.1,-3729601,4,"Tay Ninh, TâNinh, Vietnam, Republic Of",VM,VM33,74213,11.3,106.1,-3729601,20261008080000,https://www.akp.gov.kh/post/detail/383369
1326885798,20261008,202610,2026,2026.7616,GOV,MINISTRY,,,,,,GOV,,,VNMGOV,VIETNAMESE,VNM,,,,,GOV,,,0,051,051,05,1,3.4,1,1,1,-3.2171581769437,4,"Tay Ninh, TâNinh, Vietnam, Republic Of",VM,VM33,74213,11.3,106.1,-3729601,4,"Tay Ninh, TâNinh, Vietnam, Republic Of",VM,VM33,74213,11.3,106.1,-3729601,4,"Tay Ninh, TâNinh, Vietnam, Republic Of",VM,VM33,74213,11.3,106.1,-3729601,20261008080000,https://www.akp.gov.kh/post/detail/383369
1326885799,20261008,202610,2026,2026.7616,GOV,MINISTRY,,,,,,GOV,,,VNMGOV,VIETNAMESE,VNM,,,,,GOV,,,0,0841,084,08,2,7.0,1,1,1,-3.2171581769437,4,"Tay Ninh, TâNinh, Vietnam, Republic Of",VM,VM33,74213,11.3,106.1,-3729601,4,"Tay Ninh, TâNinh, Vietnam, Republic Of",VM,VM33,74213,11.3,106.1,-3729601,4,"Phnom Penh, (CB11), Cambodia",CB,CB11,12390,11.55,104.917,-1033783,20261008080000,https://www.akp.gov.kh/post/detail/383369
1326885800,20261008,202610,2026,2026.7616,GOVEDU,MINIST OF EDUCATION,,,,,,GOV,EDU,,,,,,,,,,,,1,173,173,17,4,-5.0,2,1,2,-6.32603406326034,4,"Habibullah, Kandahar, Afghanistan",AF,AF23,99883,31.4964,65.3365,9087788,0,,,,,,,,4,"Habibullah, Kandahar, Afghanistan",AF,AF23,99883,31.4964,65.3365,9087788,20261008080000,https://finchannel.com/icc-office-of-the-prosecutor-afghanistan-warrants-vindicate-rights-of-women-girls/137465/crime/2026/10/
1326885801,20261008,202610,2026,2026.7616,GOVHLH,HEALTH MINIST,,,,,,GOV,HLH,,AUS,TASMANIA,AUS,,,,,,,,0,020,020,02,1,3.0,10,1,10,0.28409090909091,1,Australia,AS,AS,,-25,135,AS,1,Australia,AS,AS,,-25,135,AS,1,Australia,AS,AS,,-25,135,AS,20261008080000,https://www.theadvocate.com.au/story/9364794/north-west-regional-hospital-nurses-strike-amid-safety-fears/
1326885802,20261008,202610,2026,2026.7616,GRC,ATHENS,GRC,,,,,,,,,,,,,,,,,,0,043,043,04,1,2.8,8,1,8,1.17474302496329,4,"Athens, AttikíR, Greece",GR,GR35,16716,37.9833,23.7333,-814876,0,,,,,,,,3,"Washington, District of Columbia, United States",US,USDC,DC001,38.8951,-77.0364,531871,20261008080000,https://www.inewsgr.com/184/Mitsotakis-Pitches-Greece-as-Pillar-of-Stability-to-Rubio-Citing-LNG-Gateway-and-Red-Sea-Naval-Role.htm
1326885803,20261008,202610,2026,2026.7616,GRC,GREECE,GRC,,,,,,,,GOV,SECRETARY OF STATE,,,,,,GOV,,,1,010,010,01,1,0.0,2,1,2,1.17474302496329,3,"Washington, District of Columbia, United States",US,USDC,DC001,38.8951,-77.0364,531871,3,"Washington, District of Columbia, United States",US,USDC,DC001,38.8951,-77.0364,531871,3,"Washington, District of Columbia, United States",US,USDC,DC001,38.8951,-77.0364,531871,20261008080000,https://www.inewsgr.com/184/Mitsotakis-Pitches-Greece-as-Pillar-of-Stability-to-Rubio-Citing-LNG-Gateway-and-Red-Sea-Naval-Role.htm
1326885804,20261008,202610,2026,2026.7616,GRC,GREECE,GRC,,,,,,,,GRCGOV,GREECE,GRC,,,,,GOV,,,1,040,040,04,1,1.0,1,1,1,-1.25523012552301,4,"Athens, AttikíR, Greece",GR,GR35,16716,37.9833,23.7333,-814876,4,"Athens, AttikíR, Greece",GR,GR35,16716,37.9833,23.7333,-814876,4,"Athens, AttikíR, Greece",GR,GR35,16716,37.9833,23.7333,-814876,20261008080000,https://www.euronews.com/2026/10/08/europe-today-rubio-urges-europe-to-wake-up-as-eu-trade-chief-begins-key-china-trip
1326885805,20261008,202610,2026,2026.7616,GRCGOV,GREECE,GRC,,,,,GOV,,,GRC,GREECE,GRC,,,,,,,,1,040,040,04,1,1.0,1,1,1,-1.25523012552301,4,"Athens, AttikíR, Greece",GR,GR35,16716,37.9833,23.7333,-814876,4,"Athens, AttikíR, Greece",GR,GR35,16716,37.9833,23.7333,-814876,4,"Athens, AttikíR, Greece",GR,GR35,16716,37.9833,23.7333,-814876,20261008080000,https://www.euronews.com/2026/10/08/europe-today-rubio-urges-europe-to-wake-up-as-eu-trade-chief-begins-key-china-trip
1326885806,20261008,202610,2026,2026.7616,GRCGOV,GREECE,GRC,,,,,GOV,,,GRCGOV,GREECE,GRC,,,,,GOV,,,0,010,010,01,1,0.0,2,1,2,1.17474302496329,4,"Athens, AttikíR, Greece",GR,GR35,16716,37.9833,23.7333,-814876,4,"Athens, AttikíR, Greece",GR,GR35,16716,37.9833,23.7333,-814876,4,"Athens, AttikíR, Greece",GR,GR35,16716,37.9833,23.7333,-814876,20261008080000,https://www.inewsgr.com/184/Mitsotakis-Pitches-Greece-as-Pillar-of-Stability-to-Rubio-Citing-LNG-Gateway-and-Red-Sea-Naval-Role.htm
1326885807,20261008,202610,2026,2026.7616,GRCGOV,GREECE,GRC,,,,,GOV,,,GRCGOV,GREECE,GRC,,,,,GOV,,,1,010,010,01,1,0.0,2,1,2,1.17474302496329,3,"Washington, District of Columbia, United States",US,USDC,DC001,38.8951,-77.0364,531871,3,"Washington, District of Columbia, United States",US,USDC,DC001,38.8951,-77.0364,531871,3,"Washington, District of Columbia, United States",US,USDC,DC001,38.8951,-77.0364,531871,20261008080000,https://www.inewsgr.com/184/Mitsotakis-Pitches-Greece-as-Pillar-of-Stability-to-Rubio-Citing-LNG-Gateway-and-Red-Sea-Naval-Role.htm
1326885808,20261008,202610,2026,2026.7616,HLH,DOCTOR,,,,,,HLH,,,,,,,,,,,,,1,010,010,01,1,0.0,5,1,5,-0.32051282051282,1,Costa Rica,CS,CS,,10,-84,CS,0,,,,,,,,1,Costa Rica,CS,CS,,10,-84,CS,20261008080000,https://thecostaricanews.com/laboratorio-echandi-achieves-first-specialized-study-laboratory-accreditation-in-costa-rica/
1326885809,20261008,202610,2026,2026.7616,HLH,HOSPITAL,,,,,,HLH,,,,,,,,,,,,,1,026,026,02,1,4.0,5,1,5,0.28409090909091,1,Australia,AS,AS,,-25,135,AS,0,,,,,,,,1,Australia,AS,AS,,-25,135,AS,20261008080000,https://www.theadvocate.com.au/story/9364794/north-west-regional-hospital-nurses-strike-amid-safety-fears/
1326885810,20261008,202610,2026,2026.7616,HLH,NURSE,,,,,,HLH,,,,,,,,,,,,,1,141,141,14,3,-6.5,10,1,10,-1.71428571428572,4,"Mullingar, Westmeath, Ireland",EI,EI29,18307,53.5333,-7.35,-1504774,0,,,,,,,,4,"Mullingar, Westmeath, Ireland",EI,EI29,18307,53.5333,-7.35,-1504774,20261008080000,https://www.irishtimes.com/health/2026/10/08/nurses-to-stage-lunchtime-protests-at-number-of-hospitals-nationwide/
1326885811,20261008,202610,2026,2026.7616,HLH,DOCTOR,,,,,,HLH,,,BUS,AIRWAY,,,,,,BUS,,,1,0874,087,08,2,10.0,10,1,10,-5.05226480836237,4,"Tsukuba, Ibaraki, Japan",JA,JA14,34553,36.2,140.1,-246896,4,"Tsukuba, Ibaraki, Japan",JA,JA14,34553,36.2,140.1,-246896,4,"Tsukuba, Ibaraki, Japan",JA,JA14,34553,36.2,140.1,-246896,20261008080000,https://www.medicaldaily.com/cheese-fish-cake-aspiration-cryoextraction-479692
1326885812,20261008,202610,2026,2026.7616,HLH,HOSPITAL,,,,,,HLH,,,GBR,UNITED KINGDOM,GBR,,,,,,,,1,182,182,18,4,-9.5,4,1,4,-4.19847328244275,1,United Kingdom,UK,UK,,54,-4,UK,1,United Kingdom,UK,UK,,54,-4,UK,1,United Kingdom,UK,UK,,54,-4,UK,20261008080000,https://www.dailyrecord.co.uk/news/scottish-news/teen-charged-connection-death-glasgow-37747766
1326885813,20261008,202610,2026,2026.7616,HLH,HOSPITAL,,,,,,HLH,,,USA,SAN DIEGO,USA,,,,,,,,0,020,020,02,1,3.0,2,1,2,-2.97823596792669,3,"San Diego, California, United States",US,USCA,CA073,32.7153,-117.157,1661377,3,"Borrego Springs, California, United States",US,USCA,,33.2559,-116.375,1652675,3,"San Diego, California, United States",US,USCA,,32.7153,-117.157,1661377,20261008080000,https://www.nbcsandiego.com/news/local/sd-county-supervisors-oppose-svps-placements-in-rural-areas/4084265/
1326885814,20261008,202610,2026,2026.7616,HLH,HOSPITAL,,,,,,HLH,,,USA,SAN DIEGO,USA,,,,,,,,0,020,020,02,1,3.0,2,1,2,-2.97823596792669,3,"San Diego, California, United States",US,USCA,CA073,32.7153,-117.157,1661377,3,"San Diego, California, United States",US,USCA,,32.7153,-117.157,1661377,3,"San Diego, California, United States",US,USCA,,32.7153,-117.157,1661377,20261008080000,https://www.nbcsandiego.com/news/local/sd-county-supervisors-oppose-svps-placements-in-rural-areas/4084265/
1326885815,20261008,202610,2026,2026.7616,HLH,HOSPITAL,,,,,,HLH,,,USAJUD,SAN DIEGO,USA,,,,,JUD,,,0,020,020,02,1,3.0,6,1,6,-2.97823596792669,3,"San Diego, California, United States",US,USCA,CA073,32.7153,-117.157,1661377,3,"San Diego, California, United States",US,USCA,,32.7153,-117.157,1661377,3,"San Diego, California, United States",US,USCA,,32.7153,-117.157,1661377,20261008080000,https://www.nbcsandiego.com/news/local/sd-county-supervisors-oppose-svps-placements-in-rural-areas/4084265/
1326885816,20261008,202610,2026,2026.7616,IDN,INDONESIA,IDN,,,,,,,,,,,,,,,,,,0,060,060,06,2,6.0,8,1,8,1.19940029985007,1,Indonesia,ID,ID,,-5,120,ID,0,,,,,,,,1,Indonesia,ID,ID,,-5,120,ID,20261008080000,https://www.dailypost.vu/news/indonesian-navy-hospital-ship-treats-656-patients-performs-14-surgeries/article_25609cac-e36e-549b-ab47-e723932e6991.html
1326885817,20261008,202610,2026,2026.7616,IDN,INDONESIA,IDN,,,,,,,,,,,,,,,,,,0,060,060,06,2,6.0,2,1,2,1.19940029985007,1,Vanuatu,NH,NH,,-16,167,NH,0,,,,,,,,1,Indonesia,ID,ID,,-5,120,ID,20261008080000,https://www.dailypost.vu/news/indonesian-navy-hospital-ship-treats-656-patients-performs-14-surgeries/article_25609cac-e36e-549b-ab47-e723932e6991.html
1326885818,20261008,202610,2026,2026.7616,IDN,INDONESIA,IDN,,,,,,,,,,,,,,,,,,0,070,070,07,2,7.0,8,1,8,1.19940029985007,1,Indonesia,ID,ID,,-5,120,ID,0,,,,,,,,1,Indonesia,ID,ID,,-5,120,ID,20261008080000,https://www.dailypost.vu/news/indonesian-navy-hospital-ship-treats-656-patients-performs-14-surgeries/article_25609cac-e36e-549b-ab47-e723932e6991.html
1326885819,20261008,202610,2026,2026.7616,IDN,INDONESIA,IDN,,,,,,,,,,,,,,,,,,0,070,070,07,2,7.0,2,1,2,1.19940029985007,1,Vanuatu,NH,NH,,-16,167,NH,0,,,,,,,,1,Indonesia,ID,ID,,-5,120,ID,20261008080000,https://www.dailypost.vu/news/indonesian-navy-hospital-ship-treats-656-patients-performs-14-surgeries/article_25609cac-e36e-549b-ab47-e723932e6991.html
1326885820,20261008,202610,2026,2026.7616,IDN,INDONESIA,IDN,,,,,,,,VUT,PORT VILA,VUT,,,,,,,,0,042,042,04,1,1.9,4,1,4,1.19940029985007,1,Indonesia,ID,ID,,-5,120,ID,1,Indonesia,ID,ID,,-5,120,ID,1,Indonesia,ID,ID,,-5,120,ID,20261008080000,https://www.dailypost.vu/news/indonesian-navy-hospital-ship-treats-656-patients-performs-14-surgeries/article_25609cac-e36e-549b-ab47-e723932e6991.html
1326885821,20261008,202610,2026,2026.7616,IDNBUS,INDONESIA,IDN,,,,,BUS,,,VUT,VANUATU,VUT,,,,,,,,0,057,057,05,1,8.0,2,1,2,1.19940029985007,1,Indonesia,ID,ID,,-5,120,ID,1,Indonesia,ID,ID,,-5,120,ID,1,Indonesia,ID,ID,,-5,120,ID,20261008080000,https://www.dailypost.vu/news/indonesian-navy-hospital-ship-treats-656-patients-performs-14-surgeries/article_25609cac-e36e-549b-ab47-e723932e6991.html
1326885822,20261008,202610,2026,2026.7616,IDNBUS,INDONESIA,IDN,,,,,BUS,,,VUT,VANUATU,VUT,,,,,,,,0,057,057,05,1,8.0,2,1,2,1.19940029985007,1,Indonesia,ID,ID,,-5,120,ID,1,Indonesia,ID,ID,,-5,120,ID,1,Vanuatu,NH,NH,,-16,167,NH,20261008080000,https://www.dailypost.vu/news/indonesian-navy-hospital-ship-treats-656-patients-performs-14-surgeries/article_25609cac-e36e-549b-ab47-e723932e6991.html
1326885823,20261008,202610,2026,2026.7616,IDNBUS,INDONESIA,IDN,,,,,BUS,,,VUT,VANUATU,VUT,,,,,,,,0,057,057,05,1,8.0,6,1,6,1.19940029985007,1,Indonesia,ID,ID,,-5,120,ID,1,Vanuatu,NH,NH,,-16,167,NH,1,Vanuatu,NH,NH,,-16,167,NH,20261008080000,https://www.dailypost.vu/news/indonesian-navy-hospital-ship-treats-656-patients-performs-14-surgeries/article_25609cac-e36e-549b-ab47-e723932e6991.html
1326885824,20261008,202610,2026,2026.7616,IGOAFRAFU,AFRICAN UNION,AFR,,,,,IGO,,,AFR,AFRICA,AFR,,,,,,,,1,051,051,05,1,3.4,10,1,10,0.85470085470085,4,"Nairobi, Nairobi Area, Kenya",KE,KE05,18585,-1.28333,36.8167,-2258072,4,"Nairobi, Nairobi Area, Kenya",KE,KE05,18585,-1.28333,36.8167,-2258072,4,"Nairobi, Nairobi Area, Kenya",KE,KE05,18585,-1.28333,36.8167,-2258072,20261008080000,http://www.kenyastar.com/news/279358890/africa-cdc-sends-emergency-team-to-kenya-after-ebola-case
1326885825,20261008,202610,2026,2026.7616,IGOAFRAFU,AFRICAN UNION,AFR,,,,,IGO,,,KEN,KENYA,KEN,,,,,,,,1,042,042,04,1,1.9,10,1,10,0.85470085470085,4,"Nairobi, Nairobi Area, Kenya",KE,KE05,18585,-1.28333,36.8167,-2258072,4,"Nairobi, Nairobi Area, Kenya",KE,KE05,18585,-1.28333,36.8167,-2258072,4,"Nairobi, Nairobi Area, Kenya",KE,KE05,18585,-1.28333,36.8167,-2258072,20261008080000,http://www.kenyastar.com/news/279358890/africa-cdc-sends-emergency-team-to-kenya-after-ebola-case
1326885826,20261008,202610,2026,2026.7616,IGOEUREEC,EUROPEAN COMMISSION,EUR,EEC,,,,IGO,,,BUS,COMPANY,,,,,,BUS,,,0,014,014,01,1,0.0,10,1,10,-1.67130919220056,1,Hungary,HU,HU,,47,20,HU,1,Hungary,HU,HU,,47,20,HU,1,Hungary,HU,HU,,47,20,HU,20261008080000,https://hungarytoday.hu/european-commission-takes-hungary-to-court-over-mol-croatia-legal-dispute/
1326885827,20261008,202610,2026,2026.7616,IGOUNO,UNITED NATIONS,,UNO,,,,IGO,,,ISR,ISRAEL,ISR,,,,,,,,1,130,130,13,3,-4.4,10,1,10,-4.01606425702811,1,Israel,IS,IS,,31.5,34.75,IS,4,"Kfarshouba, Nabatî, Lebanon",LE,LE07,26312,33.3278,35.6925,-805553,4,"Kfarshouba, Nabatî, Lebanon",LE,LE07,26312,33.3278,35.6925,-805553,20261008080000,https://www.naharnet.com/stories/en/322974-un-peacekeeping-force-says-shots-fired-at-post-on-israel-lebanon-border
1326885828,20261008,202610,2026,2026.7616,IGOUNOIAE,INTERNATIONAL ATOMIC ENERGY AGENCY,,UNO,,,,IGO,,,,,,,,,,,,,0,050,050,05,1,3.5,5,1,5,1.9434628975265,1,Russia,RS,RS,,60,100,RS,0,,,,,,,,1,Russia,RS,RS,,60,100,RS,20261008080000,https://vietnamnews.vn/economy/1801486/safety-must-be-top-priority-in-nuclear-development-minister-says.html
1326885829,20261008,202610,2026,2026.7616,IND,KARNATAKA,IND,,,,,,,,,,,,,,,,,,0,020,020,02,1,3.0,4,1,4,1.1441647597254,5,"Karnataka, Karnataka, India",IN,IN19,17688,13.5,76,-2099860,0,,,,,,,,5,"Karnataka, Karnataka, India",IN,IN19,17688,13.5,76,-2099860,20261008080000,https://www.jagranjosh.com/news/lawyer-enrolment-karnataka-hc-restricts-state-bar-councils-power-to-reject-applications-over-degree-eligibility-188165
1326885830,20261008,202610,2026,2026.7616,IND,KOLKATA,IND,,,,,,,,,,,,,,,,,,1,036,036,03,1,4.0,3,1,3,-5.6140350877193,4,"Kolkata, West Bengal, India",IN,IN28,70294,22.5697,88.3697,-2092511,0,,,,,,,,4,"Kolkata, West Bengal, India",IN,IN28,70294,22.5697,88.3697,-2092511,20261008080000,https://economictimes.indiatimes.com/news/politics-and-nation/rebel-tmc-mps-seek-15-more-days-to-reply-to-ls-notices-on-disqualification-plea/articleshow/134783288.cms
1326885831,20261008,202610,2026,2026.7616,IND,KOLKATA,IND,,,,,,,,,,,,,,,,,,1,040,040,04,1,1.0,1,1,1,-5.6140350877193,4,"Kolkata, West Bengal, India",IN,IN28,70294,22.5697,88.3697,-2092511,0,,,,,,,,4,"Kolkata, West Bengal, India",IN,IN28,70294,22.5697,88.3697,-2092511,20261008080000,https://economictimes.indiatimes.com/news/politics-and-nation/rebel-tmc-mps-seek-15-more-days-to-reply-to-ls-notices-on-disqualification-plea/articleshow/134783288.cms
1326885832,20261008,202610,2026,2026.7616,IND,KOLKATA,IND,,,,,,,,,,,,,,,,,,1,046,046,04,1,7.0,3,1,3,-5.6140350877193,4,"Kolkata, West Bengal, India",IN,IN28,70294,22.5697,88.3697,-2092511,0,,,,,,,,4,"Kolkata, West Bengal, India",IN,IN28,70294,22.5697,88.3697,-2092511,20261008080000,https://economictimes.indiatimes.com/news/politics-and-nation/rebel-tmc-mps-seek-15-more-days-to-reply-to-ls-notices-on-disqualification-plea/articleshow/134783288.cms
1326885833,20261008,202610,2026,2026.7616,IND,UTTARAKHAND,IND,,,,,,,,EDUMED,UNIVERSITY,,,,,,EDU,MED,,1,084,084,08,2,7.0,10,1,10,-0.359712230215828,0,,,,,,,,0,,,,,,,,0,,,,,,,,20261008080000,https://www.jagranjosh.com/news/uttarakhand-bsc-nursing-2026-round-3-seat-allotment-out-today-check-pdf-reporting-deadline-188167
1326885834,20261008,202610,2026,2026.7616,IND,MAHARASHTRA,IND,,,,,,,,GOV,GOVERNMENT,,,,,,GOV,,,1,051,051,05,1,3.4,5,1,5,0.15822784810127,4,"Parinda, Uttaranchal, India",IN,IN39,17910,29.8575,78.6936,6241501,4,"Parinda, Uttaranchal, India",IN,IN39,17910,29.8575,78.6936,6241501,4,"Parinda, Uttaranchal, India",IN,IN39,17910,29.8575,78.6936,6241501,20261008080000,https://www.jagranjosh.com/general-knowledge/nana-patekar-death-news-pm-modi-state-funeralupdates-1820012867-1
1326885835,20261008,202610,2026,2026.7616,IND,DELHI,IND,,,,,,,,OPP,OPPOSITION LEADER,,,,,,OPP,,,0,173,173,17,4,-5.0,1,1,1,-4.50704225352113,1,Bangladesh,BG,BG,,24,90,BG,1,Bangladesh,BG,BG,,24,90,BG,1,Bangladesh,BG,BG,,24,90,BG,20261008080000,https://aninews.in/news/national/politics/india-bloc-mps-gather-for-second-big-meeting-to-march-to-rajghat-in-protest-against-cec20261008130504/
1326885836,20261008,202610,2026,2026.7616,IRN,IRAN,IRN,,,,,,,,,,,,,,,,,,0,012,012,01,1,-0.4,1,1,1,-1.2012012012012,3,"Minocqua, Wisconsin, United States",US,USWI,WI085,45.8713,-89.711,1569580,0,,,,,,,,3,"Minocqua, Wisconsin, United States",US,USWI,WI085,45.8713,-89.711,1569580,20261008080000,https://www.wpr.org/news/wisconsin-7th-district-debate-fred-clark-michael-alfonso-congress-2026
1326885837,20261008,202610,2026,2026.7616,IRN,IRAN,IRN,,,,,,,,,,,,,,,,,,0,012,012,01,1,-0.4,4,1,4,-1.2012012012012,1,Iran,IR,IR,,32,53,IR,0,,,,,,,,1,Iran,IR,IR,,32,53,IR,20261008080000,https://www.wpr.org/news/wisconsin-7th-district-debate-fred-clark-michael-alfonso-congress-2026
1326885838,20261008,202610,2026,2026.7616,IRN,TEHRAN,IRN,,,,,,,,,,,,,,,,,,0,046,046,04,1,7.0,6,1,6,2.8328611898017,4,"Amirabad, Khuzestan, Iran",IR,IR15,41032,31.8428,49.6672,-3822513,0,,,,,,,,4,"Amirabad, Khuzestan, Iran",IR,IR15,41032,31.8428,49.6672,-3822513,20261008080000,https://www.trend.az/casia/turkmenistan/4232437.html
1326885839,20261008,202610,2026,2026.7616,IRN,IRAN,IRN,,,,,,,,TKM,TURKMENISTAN,TKM,,,,,,,,1,051,051,05,1,3.4,4,1,4,2.8328611898017,4,"Amirabad, Khuzestan, Iran",IR,IR15,41032,31.8428,49.6672,-3822513,4,"Amirabad, Khuzestan, Iran",IR,IR15,41032,31.8428,49.6672,-3822513,4,"Amirabad, Khuzestan, Iran",IR,IR15,41032,31.8428,49.6672,-3822513,20261008080000,https://www.trend.az/casia/turkmenistan/4232437.html
1326885840,20261008,202610,2026,2026.7616,IRNGOV,IRAN,IRN,,,,,GOV,,,TKMGOV,RASHID MEREDOV,TKM,,,,,GOV,,,1,040,040,04,1,1.0,1,1,1,0.748663101604282,4,"Avaza, Balkan, Turkmenistan",TX,TX02,147324,39.9592,52.8592,-2560822,4,"Avaza, Balkan, Turkmenistan",TX,TX02,147324,39.9592,52.8592,-2560822,1,Iran,IR,IR,,32,53,IR,20261008080000,https://www.trend.az/casia/turkmenistan/4232260.html
1326885841,20261008,202610,2026,2026.7616,IRNGOV,IRAN,IRN,,,,,GOV,,,TKMGOV,RASHID MEREDOV,TKM,,,,,GOV,,,1,040,040,04,1,1.0,3,1,3,0.748663101604282,1,Iran,IR,IR,,32,53,IR,4,"Avaza, Balkan, Turkmenistan",TX,TX02,147324,39.9592,52.8592,-2560822,1,Iran,IR,IR,,32,53,IR,20261008080000,https://www.trend.az/casia/turkmenistan/4232260.html
1326885842,20261008,202610,2026,2026.7616,IRNGOV,IRAN,IRN,,,,,GOV,,,TKMGOV,RASHID MEREDOV,TKM,,,,,GOV,,,1,040,040,04,1,1.0,1,1,1,0.748663101604282,1,Iran,IR,IR,,32,53,IR,1,Iran,IR,IR,,32,53,IR,1,Iran,IR,IR,,32,53,IR,20261008080000,https://www.trend.az/casia/turkmenistan/4232260.html
1326885843,20261008,202610,2026,2026.7616,ISR,ISRAEL,ISR,,,,,,,,,,,,,,,,,,0,012,012,01,1,-0.4,6,1,4,-2.17238962859146,1,Israel,IS,IS,,31.5,34.75,IS,0,,,,,,,,1,Israel,IS,IS,,31.5,34.75,IS,20261008080000,https://www.israelnationalnews.com/news/434289
1326885844,20261008,202610,2026,2026.7616,ISR,ISRAEL,ISR,,,,,,,,,,,,,,,,,,0,110,110,11,3,-2.0,2,1,2,-3.75426621160409,4,"Jerusalem, Israel (general), Israel",IS,IS00,18315,31.7667,35.2333,-797092,0,,,,,,,,4,"Jerusalem, Israel (general), Israel",IS,IS00,18315,31.7667,35.2333,-797092,20261008080000,https://economictimes.indiatimes.com/news/international/world-news/whats-happening-with-britains-jerusalem-consulate/articleshow/134783317.cms
1326885845,20261008,202610,2026,2026.7616,ISR,JERUSALEM,ISR,,,,,,,,,,,,,,,,,,0,110,110,11,3,-2.0,6,1,6,-3.75426621160409,4,"Jerusalem, Israel (general), Israel",IS,IS00,18315,31.7667,35.2333,-797092,0,,,,,,,,1,United Kingdom,UK,UK,,54,-4,UK,20261008080000,https://economictimes.indiatimes.com/news/international/world-news/whats-happening-with-britains-jerusalem-consulate/articleshow/134783317.cms
1326885846,20261008,202610,2026,2026.7616,ISR,ISRAEL,ISR,,,,,,,,,,,,,,,,,,0,110,110,11,3,-2.0,4,1,4,-2.17238962859146,1,Israel,IS,IS,,31.5,34.75,IS,0,,,,,,,,1,Israel,IS,IS,,31.5,34.75,IS,20261008080000,https://www.israelnationalnews.com/news/434289
1326885847,20261008,202610,2026,2026.7616,ISR,ISRAEL,ISR,,,,,,,,,,,,,,,,,,0,120,120,12,3,-4.0,2,1,2,-4.46735395189003,4,"Nahal Oz, HaDarom, Israel",IS,IS01,18315,31.4732,34.4978,-780808,0,,,,,,,,4,"Gaza, Israel (general), Israel",IS,IS00,18315,31.4167,34.3333,-797156,20261008080000,http://www.saltlakecitysun.com/news/279353484/israeli-election-draws-candidates-from-october-7-survivors
1326885848,20261008,202610,2026,2026.7616,ISR,ISRAEL,ISR,,,,,,,,CRM,CRIMINAL,,,,,,CRM,,,1,112,112,11,3,-2.0,4,1,4,-2.02622169249106,4,"Gaza, Israel (general), Israel",IS,IS00,18315,31.4167,34.3333,-797156,4,"Gaza, Israel (general), Israel",IS,IS00,18315,31.4167,34.3333,-797156,4,"Gaza, Israel (general), Israel",IS,IS00,18315,31.4167,34.3333,-797156,20261008080000,https://www.ipsnews.net/2026/10/a-rash-of-hard-hitting-questions-which-may-remain-evasive-for-candidates-running-for-un-chief/
1326885849,20261008,202610,2026,2026.7616,ISR,ISRAEL,ISR,,,,,,,,EGY,EGYPT,EGY,,,,,,,,0,010,010,01,1,0.0,2,1,2,-2.17238962859146,1,Israel,IS,IS,,31.5,34.75,IS,1,Egypt,EG,EG,,27,30,EG,1,Israel,IS,IS,,31.5,34.75,IS,20261008080000,https://www.israelnationalnews.com/news/434289
1326885850,20261008,202610,2026,2026.7616,ISR,ISRAEL,ISR,,,,,,,,EGY,EGYPT,EGY,,,,,,,,0,010,010,01,1,0.0,2,1,2,-2.17238962859146,1,Israel,IS,IS,,31.5,34.75,IS,1,Israel,IS,IS,,31.5,34.75,IS,1,Israel,IS,IS,,31.5,34.75,IS,20261008080000,https://www.israelnationalnews.com/news/434289
1326885851,20261008,202610,2026,2026.7616,ISR,ISRAEL,ISR,,,,,,,,EGY,EGYPTIAN,EGY,,,,,,,,0,043,043,04,1,2.8,4,1,2,-2.17238962859146,1,Israel,IS,IS,,31.5,34.75,IS,1,Egypt,EG,EG,,27,30,EG,1,Israel,IS,IS,,31.5,34.75,IS,20261008080000,https://www.israelnationalnews.com/news/434289
1326885852,20261008,202610,2026,2026.7616,ISR,ISRAEL,ISR,,,,,,,,EGY,EGYPT,EGY,,,,,,,,0,138,138,13,3,-7.0,2,1,2,-2.17238962859146,1,Israel,IS,IS,,31.5,34.75,IS,1,Egypt,EG,EG,,27,30,EG,1,Egypt,EG,EG,,27,30,EG,20261008080000,https://www.israelnationalnews.com/news/434289
1326885853,20261008,202610,2026,2026.7616,ISR,ISRAEL,ISR,,,,,,,,EGY,EGYPT,EGY,,,,,,,,0,138,138,13,3,-7.0,2,1,2,-2.17238962859146,1,Israel,IS,IS,,31.5,34.75,IS,1,Israel,IS,IS,,31.5,34.75,IS,1,Israel,IS,IS,,31.5,34.75,IS,20261008080000,https://www.israelnationalnews.com/news/434289
1326885854,20261008,202610,2026,2026.7616,ISR,ISRAEL,ISR,,,,,,,,EGYSPY,EGYPT,EGY,,,,,SPY,,,0,043,043,04,1,2.8,4,1,2,-2.17238962859146,1,Israel,IS,IS,,31.5,34.75,IS,1,Egypt,EG,EG,,27,30,EG,1,Egypt,EG,EG,,27,30,EG,20261008080000,https://www.israelnationalnews.com/news/434289
1326885855,20261008,202610,2026,2026.7616,ISR,ISRAEL,ISR,,,,,,,,EGYSPY,EGYPTIAN,EGY,,,,,SPY,,,0,043,043,04,1,2.8,8,1,4,-2.17238962859146,1,Israel,IS,IS,,31.5,34.75,IS,1,Egypt,EG,EG,,27,30,EG,1,Israel,IS,IS,,31.5,34.75,IS,20261008080000,https://www.israelnationalnews.com/news/434289
1326885856,20261008,202610,2026,2026.7616,ISR,ISRAELI,ISR,,,,,,,,GBR,BRITAIN,GBR,,,,,,,,0,112,112,11,3,-2.0,3,1,3,-4.72813238770686,4,"Gaza, Israel (general), Israel",IS,IS00,18315,31.4167,34.3333,-797156,1,United Kingdom,UK,UK,,54,-4,UK,1,United Kingdom,UK,UK,,54,-4,UK,20261008080000,https://www.thenationalnews.com/news/mena/2026/10/08/uk-mission-jerusalem-israel-closure-order/
1326885857,20261008,202610,2026,2026.7616,ISR,ISRAEL,ISR,,,,,,,,GOV,PRIME MINISTER,,,,,,GOV,,,0,042,042,04,1,1.9,1,1,1,-4.08560311284046,4,"Jerusalem, Israel (general), Israel",IS,IS00,18315,31.7667,35.2333,-797092,1,West Bank,WE,WE,,31.666667,35.25,WE,4,"Jerusalem, Israel (general), Israel",IS,IS00,18315,31.7667,35.2333,-797092,20261008080000,https://www.al-monitor.com/originals/2026/10/british-diplomats-remain-renamed-consulate-jerusalem
1326885858,20261008,202610,2026,2026.7616,ISR,ISRAELI,ISR,,,,,,,,GOV,GOVERNMENT,,,,,,GOV,,,0,043,043,04,1,2.8,2,1,2,-4.72813238770686,4,"Gaza, Israel (general), Israel",IS,IS00,18315,31.4167,34.3333,-797156,1,United Kingdom,UK,UK,,54,-4,UK,1,United Kingdom,UK,UK,,54,-4,UK,20261008080000,https://www.thenationalnews.com/news/mena/2026/10/08/uk-mission-jerusalem-israel-closure-order/
1326885859,20261008,202610,2026,2026.7616,ISR,ISRAEL,ISR,,,,,,,,GOV,CONSULATE,,,,,,GOV,,,1,112,112,11,3,-2.0,2,1,2,-4.55927051671732,1,United Kingdom,UK,UK,,54,-4,UK,1,United Kingdom,UK,UK,,54,-4,UK,1,United Kingdom,UK,UK,,54,-4,UK,20261008080000,https://www.euronews.com/2026/10/08/israel-says-british-consulate-in-east-jerusalem-ceasing-operations
1326885860,20261008,202610,2026,2026.7616,ISR,ISRAEL,ISR,,,,,,,,IRN,TEHRAN,IRN,,,,,,,,0,130,130,13,3,-4.4,1,1,1,-5.16666666666667,4,"Gaza, Israel (general), Israel",IS,IS00,18315,31.4167,34.3333,-797156,4,"Gaza, Israel (general), Israel",IS,IS00,18315,31.4167,34.3333,-797156,4,"Gaza, Israel (general), Israel",IS,IS00,18315,31.4167,34.3333,-797156,20261008080000,https://www.israelnationalnews.com/news/434283
1326885861,20261008,202610,2026,2026.7616,ISR,ISRAEL,ISR,,,,,,,,IRN,TEHRAN,IRN,,,,,,,,0,130,130,13,3,-4.4,1,1,1,-5.16666666666667,4,"Tehran, Tehran, Iran",IR,IR26,41130,35.75,51.5148,10074674,4,"Tehran, Tehran, Iran",IR,IR26,41130,35.75,51.5148,10074674,4,"Tehran, Tehran, Iran",IR,IR26,41130,35.75,51.5148,10074674,20261008080000,https://www.israelnationalnews.com/news/434283
1326885862,20261008,202610,2026,2026.7616,ISR,ISRAEL,ISR,,,,,,,,ISRELI,ISRAEL,ISR,,,,,ELI,,,1,040,040,04,1,1.0,2,1,2,-5.16666666666667,4,"Misgav, Ha?afon, Israel",IS,IS03,18314,32.8605,35.2494,52596,4,"Misgav, Ha?afon, Israel",IS,IS03,18314,32.8605,35.2494,52596,4,"Misgav, Ha?afon, Israel",IS,IS03,18314,32.8605,35.2494,52596,20261008080000,https://www.israelnationalnews.com/news/434283
1326885863,20261008,202610,2026,2026.7616,ISR,ISRAEL,ISR,,,,,,,,ISRGOV,ISRAEL,ISR,,,,,GOV,,,0,010,010,01,1,0.0,2,1,2,-2.17238962859146,1,Israel,IS,IS,,31.5,34.75,IS,1,Israel,IS,IS,,31.5,34.75,IS,1,Israel,IS,IS,,31.5,34.75,IS,20261008080000,https://www.israelnationalnews.com/news/434289
1326885864,20261008,202610,2026,2026.7616,ISR,ISRAEL,ISR,,,,,,,,ISRGOV,ISRAEL,ISR,,,,,GOV,,,0,040,040,04,1,1.0,2,1,2,-2.17238962859146,1,Israel,IS,IS,,31.5,34.75,IS,1,Israel,IS,IS,,31.5,34.75,IS,1,Israel,IS,IS,,31.5,34.75,IS,20261008080000,https://www.israelnationalnews.com/news/434289
1326885865,20261008,202610,2026,2026.7616,ISR,ISRAEL,ISR,,,,,,,,ISRGOV,ISRAELI,ISR,,,,,GOV,,,0,042,042,04,1,1.9,4,1,4,-4.72813238770686,4,"Gaza, Israel (general), Israel",IS,IS00,18315,31.4167,34.3333,-797156,4,"Gaza, Israel (general), Israel",IS,IS00,18315,31.4167,34.3333,-797156,4,"Gaza, Israel (general), Israel",IS,IS00,18315,31.4167,34.3333,-797156,20261008080000,https://www.thenationalnews.com/news/mena/2026/10/08/uk-mission-jerusalem-israel-closure-order/
1326885866,20261008,202610,2026,2026.7616,ISR,ISRAEL,ISR,,,,,,,,ISRGOV,ISRAEL,ISR,,,,,GOV,,,0,042,042,04,1,1.9,2,1,2,-4.72813238770686,4,"Gaza, Israel (general), Israel",IS,IS00,18315,31.4167,34.3333,-797156,1,West Bank,WE,WE,,31.666667,35.25,WE,1,United Kingdom,UK,UK,,54,-4,UK,20261008080000,https://www.thenationalnews.com/news/mena/2026/10/08/uk-mission-jerusalem-israel-closure-order/
1326885867,20261008,202610,2026,2026.7616,ISR,ISRAEL,ISR,,,,,,,,ISRGOV,JERUSALEM,ISR,,,,,GOV,,,1,161,161,16,4,-4.0,8,1,8,-3.75426621160409,4,"Jerusalem, Israel (general), Israel",IS,IS00,18315,31.7667,35.2333,-797092,4,"Jerusalem, Israel (general), Israel",IS,IS00,18315,31.7667,35.2333,-797092,4,"Jerusalem, Israel (general), Israel",IS,IS00,18315,31.7667,35.2333,-797092,20261008080000,https://economictimes.indiatimes.com/news/international/world-news/whats-happening-with-britains-jerusalem-consulate/articleshow/134783317.cms
1326885868,20261008,202610,2026,2026.7616,ISR,ISRAEL,ISR,,,,,,,,LBN,LEBANON,LBN,,,,,,,,0,030,030,03,1,4.0,1,1,1,-5.71095571095571,4,"Gaza, Israel (general), Israel",IS,IS00,18315,31.4167,34.3333,-797156,4,"Gaza, Israel (general), Israel",IS,IS00,18315,31.4167,34.3333,-797156,4,"Gaza, Israel (general), Israel",IS,IS00,18315,31.4167,34.3333,-797156,20261008080000,https://www.thenationalnews.com/opinion/comment/2026/10/08/us-israel-democracy-middle-east-iran-elections-donald-trump-benjamin-netanyahu/
1326885869,20261008,202610,2026,2026.7616,ISR,ISRAEL,ISR,,,,,,,,LBN,LEBANON,LBN,,,,,,,,0,030,030,03,1,4.0,1,1,1,-5.71095571095571,4,"Gaza, Israel (general), Israel",IS,IS00,18315,31.4167,34.3333,-797156,4,"Gaza, Israel (general), Israel",IS,IS00,18315,31.4167,34.3333,-797156,1,Lebanon,LE,LE,,33.833333,35.833333,LE,20261008080000,https://www.thenationalnews.com/opinion/comment/2026/10/08/us-israel-democracy-middle-east-iran-elections-donald-trump-benjamin-netanyahu/
1326885870,20261008,202610,2026,2026.7616,ISR,ISRAEL,ISR,,,,,,,,LBN,LEBANON,LBN,,,,,,,,0,030,030,03,1,4.0,2,1,2,-5.71095571095571,4,"Gaza, Israel (general), Israel",IS,IS00,18315,31.4167,34.3333,-797156,1,Lebanon,LE,LE,,33.833333,35.833333,LE,1,Lebanon,LE,LE,,33.833333,35.833333,LE,20261008080000,https://www.thenationalnews.com/opinion/comment/2026/10/08/us-israel-democracy-middle-east-iran-elections-donald-trump-benjamin-netanyahu/
1326885871,20261008,202610,2026,2026.7616,ISR,ISRAEL,ISR,,,,,,,,LBN,LEBANON,LBN,,,,,,,,0,057,057,05,1,8.0,6,1,6,-5.71095571095571,4,"Gaza, Israel (general), Israel",IS,IS00,18315,31.4167,34.3333,-797156,4,"Gaza, Israel (general), Israel",IS,IS00,18315,31.4167,34.3333,-797156,4,"Gaza, Israel (general), Israel",IS,IS00,18315,31.4167,34.3333,-797156,20261008080000,https://www.thenationalnews.com/opinion/comment/2026/10/08/us-israel-democracy-middle-east-iran-elections-donald-trump-benjamin-netanyahu/
1326885872,20261008,202610,2026,2026.7616,ISR,ISRAEL,ISR,,,,,,,,LBN,LEBANON,LBN,,,,,,,,0,057,057,05,1,8.0,2,1,2,-5.71095571095571,4,"Gaza, Israel (general), Israel",IS,IS00,18315,31.4167,34.3333,-797156,1,Lebanon,LE,LE,,33.833333,35.833333,LE,4,"Gaza, Israel (general), Israel",IS,IS00,18315,31.4167,34.3333,-797156,20261008080000,https://www.thenationalnews.com/opinion/comment/2026/10/08/us-israel-democracy-middle-east-iran-elections-donald-trump-benjamin-netanyahu/
1326885873,20261008,202610,2026,2026.7616,ISR,ISRAEL,ISR,,,,,,,,LBN,LEBANON,LBN,,,,,,,,0,087,087,08,2,9.0,4,1,4,-5.71095571095571,4,"Gaza, Israel (general), Israel",IS,IS00,18315,31.4167,34.3333,-797156,4,"Gaza, Israel (general), Israel",IS,IS00,18315,31.4167,34.3333,-797156,4,"Gaza, Israel (general), Israel",IS,IS00,18315,31.4167,34.3333,-797156,20261008080000,https://www.thenationalnews.com/opinion/comment/2026/10/08/us-israel-democracy-middle-east-iran-elections-donald-trump-benjamin-netanyahu/
1326885874,20261008,202610,2026,2026.7616,ISR,ISRAEL,ISR,,,,,,,,LBN,LEBANON,LBN,,,,,,,,0,087,087,08,2,9.0,4,1,4,-5.71095571095571,4,"Gaza, Israel (general), Israel",IS,IS00,18315,31.4167,34.3333,-797156,1,Lebanon,LE,LE,,33.833333,35.833333,LE,4,"Gaza, Israel (general), Israel",IS,IS00,18315,31.4167,34.3333,-797156,20261008080000,https://www.thenationalnews.com/opinion/comment/2026/10/08/us-israel-democracy-middle-east-iran-elections-donald-trump-benjamin-netanyahu/
1326885875,20261008,202610,2026,2026.7616,ISR,ISRAEL,ISR,,,,,,,,PSE,GAZA,PSE,,,,,,,,0,030,030,03,1,4.0,1,1,1,-5.71095571095571,4,"Gaza, Israel (general), Israel",IS,IS00,18315,31.4167,34.3333,-797156,4,"Gaza, Israel (general), Israel",IS,IS00,18315,31.4167,34.3333,-797156,4,"Gaza, Israel (general), Israel",IS,IS00,18315,31.4167,34.3333,-797156,20261008080000,https://www.thenationalnews.com/opinion/comment/2026/10/08/us-israel-democracy-middle-east-iran-elections-donald-trump-benjamin-netanyahu/
1326885876,20261008,202610,2026,2026.7616,ISR,ISRAEL,ISR,,,,,,,,PSE,GAZA,PSE,,,,,,,,0,030,030,03,1,4.0,1,1,1,-5.71095571095571,4,"Gaza, Israel (general), Israel",IS,IS00,18315,31.4167,34.3333,-797156,4,"Gaza, Israel (general), Israel",IS,IS00,18315,31.4167,34.3333,-797156,1,Lebanon,LE,LE,,33.833333,35.833333,LE,20261008080000,https://www.thenationalnews.com/opinion/comment/2026/10/08/us-israel-democracy-middle-east-iran-elections-donald-trump-benjamin-netanyahu/
1326885877,20261008,202610,2026,2026.7616,ISR,ISRAEL,ISR,,,,,,,,PSE,GAZA,PSE,,,,,,,,0,057,057,05,1,8.0,2,1,2,-5.71095571095571,4,"Gaza, Israel (general), Israel",IS,IS00,18315,31.4167,34.3333,-797156,4,"Gaza, Israel (general), Israel",IS,IS00,18315,31.4167,34.3333,-797156,4,"Gaza, Israel (general), Israel",IS,IS00,18315,31.4167,34.3333,-797156,20261008080000,https://www.thenationalnews.com/opinion/comment/2026/10/08/us-israel-democracy-middle-east-iran-elections-donald-trump-benjamin-netanyahu/
1326885878,20261008,202610,2026,2026.7616,ISR,ISRAEL,ISR,,,,,,,,PSE,GAZA,PSE,,,,,,,,0,057,057,05,1,8.0,2,1,2,-5.71095571095571,1,Lebanon,LE,LE,,33.833333,35.833333,LE,4,"Gaza, Israel (general), Israel",IS,IS00,18315,31.4167,34.3333,-797156,1,Lebanon,LE,LE,,33.833333,35.833333,LE,20261008080000,https://www.thenationalnews.com/opinion/comment/2026/10/08/us-israel-democracy-middle-east-iran-elections-donald-trump-benjamin-netanyahu/
1326885879,20261008,202610,2026,2026.7616,ISR,ISRAEL,ISR,,,,,,,,PSE,GAZA,PSE,,,,,,,,0,087,087,08,2,9.0,4,1,4,-5.71095571095571,4,"Gaza, Israel (general), Israel",IS,IS00,18315,31.4167,34.3333,-797156,4,"Gaza, Israel (general), Israel",IS,IS00,18315,31.4167,34.3333,-797156,4,"Gaza, Israel (general), Israel",IS,IS00,18315,31.4167,34.3333,-797156,20261008080000,https://www.thenationalnews.com/opinion/comment/2026/10/08/us-israel-democracy-middle-east-iran-elections-donald-trump-benjamin-netanyahu/
1326885880,20261008,202610,2026,2026.7616,ISR,ISRAEL,ISR,,,,,,,,SPY,INTELLIGENCE INFORMATION,,,,,,SPY,,,1,010,010,01,1,0.0,4,1,4,-2.17238962859146,1,Israel,IS,IS,,31.5,34.75,IS,1,Israel,IS,IS,,31.5,34.75,IS,1,Israel,IS,IS,,31.5,34.75,IS,20261008080000,https://www.israelnationalnews.com/news/434289
1326885881,20261008,202610,2026,2026.7616,ISR,ISRAEL,ISR,,,,,,,,UAF,TERRORIST,,,,,,UAF,,,1,040,040,04,1,1.0,4,1,4,-5.16666666666667,4,"Misgav, Ha?afon, Israel",IS,IS03,18314,32.8605,35.2494,52596,4,"Misgav, Ha?afon, Israel",IS,IS03,18314,32.8605,35.2494,52596,4,"Misgav, Ha?afon, Israel",IS,IS03,18314,32.8605,35.2494,52596,20261008080000,https://www.israelnationalnews.com/news/434283
1326885882,20261008,202610,2026,2026.7616,ISR,ISRAEL,ISR,,,,,,,,UAF,TERRORIST,,,,,,UAF,,,1,040,040,04,1,1.0,4,1,4,-5.16666666666667,1,Gaza Strip,GZ,GZ,,31.425074,34.373398,GZ,1,Gaza Strip,GZ,GZ,,31.425074,34.373398,GZ,1,Gaza Strip,GZ,GZ,,31.425074,34.373398,GZ,20261008080000,https://www.israelnationalnews.com/news/434283
1326885883,20261008,202610,2026,2026.7616,ISR,ISRAEL,ISR,,,,,,,,UAF,TERRORIST,,,,,,UAF,,,1,190,190,19,4,-10.0,4,1,4,-5.16666666666667,1,Gaza Strip,GZ,GZ,,31.425074,34.373398,GZ,1,Gaza Strip,GZ,GZ,,31.425074,34.373398,GZ,1,Gaza Strip,GZ,GZ,,31.425074,34.373398,GZ,20261008080000,https://www.israelnationalnews.com/news/434283
1326885884,20261008,202610,2026,2026.7616,ISRELI,ISRAEL,ISR,,,,,ELI,,,ISR,ISRAEL,ISR,,,,,,,,1,040,040,04,1,1.0,1,1,1,-5.16666666666667,4,"Gaza, Israel (general), Israel",IS,IS00,18315,31.4167,34.3333,-797156,1,Gaza Strip,GZ,GZ,,31.425074,34.373398,GZ,1,Gaza Strip,GZ,GZ,,31.425074,34.373398,GZ,20261008080000,https://www.israelnationalnews.com/news/434283
1326885885,20261008,202610,2026,2026.7616,ISRELI,ISRAEL,ISR,,,,,ELI,,,ISR,ISRAEL,ISR,,,,,,,,1,040,040,04,1,1.0,1,1,1,-5.16666666666667,4,"Misgav, Ha?afon, Israel",IS,IS03,18314,32.8605,35.2494,52596,4,"Misgav, Ha?afon, Israel",IS,IS03,18314,32.8605,35.2494,52596,4,"Misgav, Ha?afon, Israel",IS,IS03,18314,32.8605,35.2494,52596,20261008080000,https://www.israelnationalnews.com/news/434283
1326885886,20261008,202610,2026,2026.7616,ISRELI,ISRAEL,ISR,,,,,ELI,,,ISR,ISRAEL,ISR,,,,,,,,1,190,190,19,4,-10.0,1,1,1,-5.16666666666667,4,"Gaza, Israel (general), Israel",IS,IS00,18315,31.4167,34.3333,-797156,4,"Gaza, Israel (general), Israel",IS,IS00,18315,31.4167,34.3333,-797156,4,"Gaza, Israel (general), Israel",IS,IS00,18315,31.4167,34.3333,-797156,20261008080000,https://www.israelnationalnews.com/news/434283
1326885887,20261008,202610,2026,2026.7616,ISRGOV,ISRAELI,ISR,,,,,GOV,,,GBR,BRITAIN,GBR,,,,,,,,0,112,112,11,3,-2.0,4,1,4,-4.72813238770686,4,"Gaza, Israel (general), Israel",IS,IS00,18315,31.4167,34.3333,-797156,1,United Kingdom,UK,UK,,54,-4,UK,1,United Kingdom,UK,UK,,54,-4,UK,20261008080000,https://www.thenationalnews.com/news/mena/2026/10/08/uk-mission-jerusalem-israel-closure-order/
1326885888,20261008,202610,2026,2026.7616,ISRGOV,ISRAEL,ISR,,,,,GOV,,,GBR,UNITED KINGDOM,GBR,,,,,,,,0,112,112,11,3,-2.0,2,1,2,-4.72813238770686,1,West Bank,WE,WE,,31.666667,35.25,WE,1,United Kingdom,UK,UK,,54,-4,UK,1,United Kingdom,UK,UK,,54,-4,UK,20261008080000,https://www.thenationalnews.com/news/mena/2026/10/08/uk-mission-jerusalem-israel-closure-order/
1326885889,20261008,202610,2026,2026.7616,ISRGOV,ISRAEL,ISR,,,,,GOV,,,ISR,ISRAEL,ISR,,,,,,,,0,040,040,04,1,1.0,2,1,2,-2.17238962859146,1,Israel,IS,IS,,31.5,34.75,IS,1,Israel,IS,IS,,31.5,34.75,IS,1,Israel,IS,IS,,31.5,34.75,IS,20261008080000,https://www.israelnationalnews.com/news/434289
1326885890,20261008,202610,2026,2026.7616,ISRGOV,ISRAELI,ISR,,,,,GOV,,,ISR,ISRAEL,ISR,,,,,,,,0,043,043,04,1,2.8,4,1,4,-4.72813238770686,4,"Gaza, Israel (general), Israel",IS,IS00,18315,31.4167,34.3333,-797156,4,"Gaza, Israel (general), Israel",IS,IS00,18315,31.4167,34.3333,-797156,4,"Gaza, Israel (general), Israel",IS,IS00,18315,31.4167,34.3333,-797156,20261008080000,https://www.thenationalnews.com/news/mena/2026/10/08/uk-mission-jerusalem-israel-closure-order/
1326885891,20261008,202610,2026,2026.7616,ISRGOV,ISRAEL,ISR,,,,,GOV,,,ISR,ISRAEL,ISR,,,,,,,,0,043,043,04,1,2.8,2,1,2,-4.72813238770686,1,West Bank,WE,WE,,31.666667,35.25,WE,4,"Gaza, Israel (general), Israel",IS,IS00,18315,31.4167,34.3333,-797156,1,United Kingdom,UK,UK,,54,-4,UK,20261008080000,https://www.thenationalnews.com/news/mena/2026/10/08/uk-mission-jerusalem-israel-closure-order/
1326885892,20261008,202610,2026,2026.7616,ISRGOV,ISRAEL,ISR,,,,,GOV,,,ISRGOV,ISRAEL,ISR,,,,,GOV,,,0,010,010,01,1,0.0,2,1,2,-2.17238962859146,1,Israel,IS,IS,,31.5,34.75,IS,1,Israel,IS,IS,,31.5,34.75,IS,1,Israel,IS,IS,,31.5,34.75,IS,20261008080000,https://www.israelnationalnews.com/news/434289
1326885893,20261008,202610,2026,2026.7616,JAM,JAMAICA,JAM,,,,,,,,,,,,,,,,,,1,012,012,01,1,-0.4,4,1,4,1.06382978723404,1,Jamaica,JM,JM,,18.25,-77.5,JM,0,,,,,,,,1,Jamaica,JM,JM,,18.25,-77.5,JM,20261008080000,https://roarmag.org/Asta-Imposta-The-Oiginal-Tam-With-Deadlocks-b-1340216
1326885894,20261008,202610,2026,2026.7616,JPN,OKAYAMA,JPN,,,,,,,,,,,,,,,,,,0,120,120,12,3,-4.0,20,1,10,-5.05226480836237,4,"Tsukuba, Ibaraki, Japan",JA,JA14,34553,36.2,140.1,-246896,0,,,,,,,,4,"Tsukuba, Ibaraki, Japan",JA,JA14,34553,36.2,140.1,-246896,20261008080000,https://www.medicaldaily.com/cheese-fish-cake-aspiration-cryoextraction-479692
1326885895,20261008,202610,2026,2026.7616,JPN,JAPAN,JPN,,,,,,,,,,,,,,,,,,1,192,192,19,4,-9.5,5,1,5,7.71513353115727,4,"Athens, AttikíR, Greece",GR,GR35,16716,37.9833,23.7333,-814876,0,,,,,,,,4,"Athens, AttikíR, Greece",GR,GR35,16716,37.9833,23.7333,-814876,20261008080000,https://www.in.gr/2026/10/08/english-edition/greece-tops-global-honeymoon-rankings-for-2027/
1326885896,20261008,202610,2026,2026.7616,JPN,JAPAN,JPN,,,,,,,,ITA,ITALY,ITA,,,,,,,,1,192,192,19,4,-9.5,5,1,5,7.71513353115727,4,"Athens, AttikíR, Greece",GR,GR35,16716,37.9833,23.7333,-814876,4,"Athens, AttikíR, Greece",GR,GR35,16716,37.9833,23.7333,-814876,4,"Athens, AttikíR, Greece",GR,GR35,16716,37.9833,23.7333,-814876,20261008080000,https://www.in.gr/2026/10/08/english-edition/greece-tops-global-honeymoon-rankings-for-2027/
1326885897,20261008,202610,2026,2026.7616,JUD,ADVOCATE,,,,,,JUD,,,,,,,,,,,,,0,010,010,01,1,0.0,10,1,10,1.1441647597254,5,"Karnataka, Karnataka, India",IN,IN19,17688,13.5,76,-2099860,0,,,,,,,,5,"Karnataka, Karnataka, India",IN,IN19,17688,13.5,76,-2099860,20261008080000,https://www.jagranjosh.com/news/lawyer-enrolment-karnataka-hc-restricts-state-bar-councils-power-to-reject-applications-over-degree-eligibility-188165
1326885898,20261008,202610,2026,2026.7616,JUD,JUDGE,,,,,,JUD,,,,,,,,,,,,,1,010,010,01,1,0.0,10,1,10,2.97029702970297,4,"Kuala Lumpur, Kuala Lumpur, Malaysia",MY,MY14,18585,3.16667,101.7,-2403010,0,,,,,,,,4,"Kuala Lumpur, Kuala Lumpur, Malaysia",MY,MY14,18585,3.16667,101.7,-2403010,20261008080000,https://www.manilatimes.net/2026/10/08/tmt-newswire/media-outreach-newswire/media-outreach-newswire-founder-ceo-jennifer-kok-named-top-nominee-in-the-woman-entrepreneur-category-for-ey-entrepreneur-of-the-year-2026-malaysia/2441469
1326885899,20261008,202610,2026,2026.7616,JUD,JUDGE,,,,,,JUD,,,,,,,,,,,,,1,010,010,01,1,0.0,7,1,7,-4.24966799468792,1,China,CH,CH,,35,105,CH,0,,,,,,,,1,China,CH,CH,,35,105,CH,20261008080000,https://aviationweek.com/business-aviation/safety-ops-regulation/archer-counterclaims-dismissed-joby-lawsuit-moves-forward
1326885900,20261008,202610,2026,2026.7616,JUD,JUDGE,,,,,,JUD,,,,,,,,,,,,,0,090,090,09,2,-2.0,6,1,6,-4.24966799468792,3,"Los Angeles, California, United States",US,USCA,CA037,34.0522,-118.244,1662328,0,,,,,,,,3,"Los Angeles, California, United States",US,USCA,,34.0522,-118.244,1662328,20261008080000,https://aviationweek.com/business-aviation/safety-ops-regulation/archer-counterclaims-dismissed-joby-lawsuit-moves-forward
1326885901,20261008,202610,2026,2026.7616,JUD,JUDGE,,,,,,JUD,,,,,,,,,,,,,0,090,090,09,2,-2.0,4,1,4,-4.24966799468792,1,China,CH,CH,,35,105,CH,0,,,,,,,,1,China,CH,CH,,35,105,CH,20261008080000,https://aviationweek.com/business-aviation/safety-ops-regulation/archer-counterclaims-dismissed-joby-lawsuit-moves-forward
1326885902,20261008,202610,2026,2026.7616,JUD,LAWYER,,,,,,JUD,,,,,,,,,,,,,0,111,111,11,3,-2.0,2,1,2,-6.75,4,"Dharapuram, Tamil Nadu, India",IN,IN25,17877,10.7333,77.5167,-2094654,0,,,,,,,,5,"Orissa, Orissa, India",IN,IN21,70217,20.5,84.4167,-2106554,20261008080000,https://www.orissapost.com/tvk-women-members-lodge-five-complaints-against-stalin-over-candidate-remarks-on-sathyabama/
1326885903,20261008,202610,2026,2026.7616,JUD,LAWYER,,,,,,JUD,,,,,,,,,,,,,0,111,111,11,3,-2.0,8,1,8,-6.75,5,"Orissa, Orissa, India",IN,IN21,70217,20.5,84.4167,-2106554,0,,,,,,,,5,"Orissa, Orissa, India",IN,IN21,70217,20.5,84.4167,-2106554,20261008080000,https://www.orissapost.com/tvk-women-members-lodge-five-complaints-against-stalin-over-candidate-remarks-on-sathyabama/
1326885904,20261008,202610,2026,2026.7616,JUD,SUPREME COURT,,,,,,JUD,,,,,,,,,,,,,1,120,120,12,3,-4.0,8,1,8,-6.81818181818179,2,"Texas, United States",US,USTX,,31.106,-97.6475,TX,0,,,,,,,,2,"Florida, United States",US,USFL,,27.8333,-81.717,FL,20261008080000,https://720thevoice.iheart.com/content/2026-10-08-texas-executes-jamaal-howard-after-tennessees-failed-attempt/
1326885905,20261008,202610,2026,2026.7616,JUD,MAGISTRATE,,,,,,JUD,,,AUS,AUSTRALIA,AUS,,,,,,,,0,010,010,01,1,0.0,2,1,2,-9.15750915750915,4,"Maroochydore, Queensland, Australia",AS,AS04,154693,-26.6601,153.1,332822,4,"Maroochydore, Queensland, Australia",AS,AS04,154693,-26.6601,153.1,332822,4,"Maroochydore, Queensland, Australia",AS,AS04,154693,-26.6601,153.1,332822,20261008080000,https://www.pedestrian.tv/news/former-bachelor-star-sam-wood-remains-in-custody-after-court-rejects-bail-bid
1326885906,20261008,202610,2026,2026.7616,JUD,MAGISTRATE,,,,,,JUD,,,GBR,UNITED KINGDOM,GBR,,,,,,,,1,173,173,17,4,-5.0,4,1,4,-6.06060606060606,4,"Bedfordshire, United Kingdom (general), United Kingdom",UK,UK00,40124,52,-0.5,-2589547,4,"Bedfordshire, United Kingdom (general), United Kingdom",UK,UK00,40124,52,-0.5,-2589547,4,"Bedfordshire, United Kingdom (general), United Kingdom",UK,UK00,40124,52,-0.5,-2589547,20261008080000,https://www.aol.co.uk/articles/serving-royal-navy-sailor-charged-073019000.html
1326885907,20261008,202610,2026,2026.7616,JUD,PROSECUTOR,,,,,,JUD,,,LEG,CHAMBER,,,,,,LEG,,,1,051,051,05,1,3.4,10,1,10,-6.32603406326034,4,"Habibullah, Kandahar, Afghanistan",AF,AF23,99883,31.4964,65.3365,9087788,4,"Habibullah, Kandahar, Afghanistan",AF,AF23,99883,31.4964,65.3365,9087788,4,"Habibullah, Kandahar, Afghanistan",AF,AF23,99883,31.4964,65.3365,9087788,20261008080000,https://finchannel.com/icc-office-of-the-prosecutor-afghanistan-warrants-vindicate-rights-of-women-girls/137465/crime/2026/10/
1326885908,20261008,202610,2026,2026.7616,JUD,LAWYER,,,,,,JUD,,,LEG,SENATOR,,,,,,LEG,,,1,090,090,09,2,-2.0,5,1,5,-5.24017467248909,1,Russia,RS,RS,,60,100,RS,1,Russia,RS,RS,,60,100,RS,1,Russia,RS,RS,,60,100,RS,20261008080000,https://www.newser.com/story/397741/whistleblower-trump-pushed-fbi-to-probe-anti-ice-protesters.html
1326885909,20261008,202610,2026,2026.7616,JUD,JUDGE,,,,,,JUD,,,LEG,CHAMBER,,,,,,LEG,,,1,100,100,10,3,-5.0,10,1,10,-4.48669201520912,3,"Washington, District of Columbia, United States",US,USDC,DC001,38.8951,-77.0364,531871,3,"Washington, District of Columbia, United States",US,USDC,DC001,38.8951,-77.0364,531871,3,"Washington, District of Columbia, United States",US,USDC,DC001,38.8951,-77.0364,531871,20261008080000,https://www.yumasun.com/news/national_news/ap-news-summary-at-3-08-a-m-edt/article_0716c3a9-d1a3-5f8e-8222-f9b8f9527900.html
1326885910,20261008,202610,2026,2026.7616,JUD,JUDGE,,,,,,JUD,,,MILMIL,MILITARY,,,,,,MIL,MIL,,1,051,051,05,1,3.4,3,1,3,-2.21579961464354,4,"Abuja, Abuja Federal Capital Territory, Nigeria",NI,NI11,191147,9.08333,7.53333,-1997013,4,"Abuja, Abuja Federal Capital Territory, Nigeria",NI,NI11,191147,9.08333,7.53333,-1997013,4,"Abuja, Abuja Federal Capital Territory, Nigeria",NI,NI11,191147,9.08333,7.53333,-1997013,20261008080000,https://leadership.ng/saving-the-citadel-why-kings-college-lagos-needs-the-old-boys-now-2/
1326885911,20261008,202610,2026,2026.7616,JUD,LAWYER,,,,,,JUD,,,USA,UNITED STATES,USA,,,,,,,,1,090,090,09,2,-2.0,2,1,2,-5.24017467248909,3,"White House, District of Columbia, United States",US,USDC,,38.8951,-77.0364,531871,3,"White House, District of Columbia, United States",US,USDC,,38.8951,-77.0364,531871,3,"White House, District of Columbia, United States",US,USDC,,38.8951,-77.0364,531871,20261008080000,https://www.newser.com/story/397741/whistleblower-trump-pushed-fbi-to-probe-anti-ice-protesters.html
1326885912,20261008,202610,2026,2026.7616,JUD,JUDGE,,,,,,JUD,,,USA,CALIFORNIA,USA,,,,,,,,1,110,110,11,3,-2.0,3,1,3,-4.24966799468792,1,China,CH,CH,,35,105,CH,1,China,CH,CH,,35,105,CH,1,China,CH,CH,,35,105,CH,20261008080000,https://aviationweek.com/business-aviation/safety-ops-regulation/archer-counterclaims-dismissed-joby-lawsuit-moves-forward
1326885913,20261008,202610,2026,2026.7616,JUDJUD,SUPERIOR COURT,,,,,,JUD,JUD,,,,,,,,,,,,1,040,040,04,1,1.0,6,1,6,-2.97823596792669,3,"San Diego, California, United States",US,USCA,CA073,32.7153,-117.157,1661377,0,,,,,,,,3,"San Diego, California, United States",US,USCA,,32.7153,-117.157,1661377,20261008080000,https://www.nbcsandiego.com/news/local/sd-county-supervisors-oppose-svps-placements-in-rural-areas/4084265/
1326885914,20261008,202610,2026,2026.7616,JUDJUD,SUPERIOR COURT,,,,,,JUD,JUD,,,,,,,,,,,,1,120,120,12,3,-4.0,6,1,6,-2.97823596792669,3,"San Diego, California, United States",US,USCA,CA073,32.7153,-117.157,1661377,0,,,,,,,,3,"San Diego, California, United States",US,USCA,,32.7153,-117.157,1661377,20261008080000,https://www.nbcsandiego.com/news/local/sd-county-supervisors-oppose-svps-placements-in-rural-areas/4084265/
1326885915,20261008,202610,2026,2026.7616,KAZ,KAZAKHSTAN,KAZ,,,,,,,,,,,,,,,,,,1,010,010,01,1,0.0,3,1,3,-0.0718390804597702,4,"Avaza, Balkan, Turkmenistan",TX,TX02,147324,39.9592,52.8592,-2560822,0,,,,,,,,4,"Avaza, Balkan, Turkmenistan",TX,TX02,147324,39.9592,52.8592,-2560822,20261008080000,https://astanatimes.com/2026/10/caspian-summit-can-cooperation-keep-pace-with-falling-waters/
1326885916,20261008,202610,2026,2026.7616,KAZ,ASTANA,KAZ,,,,,,,,GOV,FOREIGN MINIST,,,,,,GOV,,,1,040,040,04,1,1.0,10,1,10,3.42105263157895,4,"Turkmenbashi, Balkan, Turkmenistan",TX,TX02,147324,40.0222,52.9552,-2559540,4,"Turkmenbashi, Balkan, Turkmenistan",TX,TX02,147324,40.0222,52.9552,-2559540,4,"Turkmenbashi, Balkan, Turkmenistan",TX,TX02,147324,40.0222,52.9552,-2559540,20261008080000,https://astanatimes.com/2026/10/kazakh-fm-takes-part-in-cis-and-regional-meetings-in-turkmenbashi/
1326885917,20261008,202610,2026,2026.7616,KAZ,KAZAKHSTAN,KAZ,,,,,,,,ITA,ITALIAN,ITA,,,,,,,,1,036,036,03,1,4.0,10,1,10,4.2483660130719,4,"Astana, Gorod Astana, Kazakhstan",KZ,KZ05,37174,51.1811,71.4278,-2334218,4,"Astana, Gorod Astana, Kazakhstan",KZ,KZ05,37174,51.1811,71.4278,-2334218,4,"Astana, Gorod Astana, Kazakhstan",KZ,KZ05,37174,51.1811,71.4278,-2334218,20261008080000,https://www.trend.az/casia/kazakhstan/4232395.html
1326885918,20261008,202610,2026,2026.7616,KAZ,KAZAKHSTAN,KAZ,,,,,,,,SPY,INTELLIGENCE,,,,,,SPY,,,1,020,020,02,1,3.0,3,1,3,0.45454545454546,1,Kazakhstan,KZ,KZ,,48,68,KZ,1,Azerbaijan,AJ,AJ,,40.5,47.5,AJ,1,Kazakhstan,KZ,KZ,,48,68,KZ,20261008080000,https://www.trend.az/casia/kazakhstan/4232402.html
1326885919,20261008,202610,2026,2026.7616,KAZGOV,KAZAKHSTAN,KAZ,,,,,GOV,,,,,,,,,,,,,1,026,026,02,1,4.0,6,1,6,5.94795539033458,4,"Avaza, Balkan, Turkmenistan",TX,TX02,147324,39.9592,52.8592,-2560822,0,,,,,,,,4,"Avaza, Balkan, Turkmenistan",TX,TX02,147324,39.9592,52.8592,-2560822,20261008080000,https://www.trend.az/casia/kazakhstan/4232391.html
1326885920,20261008,202610,2026,2026.7616,KAZGOV,KAZAKHSTAN,KAZ,,,,,GOV,,,KAZ,KAZAKHSTAN,KAZ,,,,,,,,1,026,026,02,1,4.0,4,1,4,5.94795539033458,4,"Avaza, Balkan, Turkmenistan",TX,TX02,147324,39.9592,52.8592,-2560822,4,"Avaza, Balkan, Turkmenistan",TX,TX02,147324,39.9592,52.8592,-2560822,4,"Avaza, Balkan, Turkmenistan",TX,TX02,147324,39.9592,52.8592,-2560822,20261008080000,https://www.trend.az/casia/kazakhstan/4232391.html
1326885921,20261008,202610,2026,2026.7616,KEN,KENYA,KEN,,,,,,,,AFR,AFRICA,AFR,,,,,,,,0,010,010,01,1,0.0,2,1,2,0.358422939068099,4,"Nairobi, Nairobi Area, Kenya",KE,KE05,18585,-1.28333,36.8167,-2258072,4,"Nairobi, Nairobi Area, Kenya",KE,KE05,18585,-1.28333,36.8167,-2258072,4,"Nairobi, Nairobi Area, Kenya",KE,KE05,18585,-1.28333,36.8167,-2258072,20261008080000,https://techweez.com/2026/10/08/dan-kwach-africa-ai-data-centers/
1326885922,20261008,202610,2026,2026.7616,KEN,KENYA,KEN,,,,,,,,AFR,AFRICA,AFR,,,,,,,,1,042,042,04,1,1.9,4,1,4,0.358422939068099,4,"Nairobi, Nairobi Area, Kenya",KE,KE05,18585,-1.28333,36.8167,-2258072,4,"Nairobi, Nairobi Area, Kenya",KE,KE05,18585,-1.28333,36.8167,-2258072,4,"Nairobi, Nairobi Area, Kenya",KE,KE05,18585,-1.28333,36.8167,-2258072,20261008080000,https://techweez.com/2026/10/08/dan-kwach-africa-ai-data-centers/
1326885923,20261008,202610,2026,2026.7616,KEN,KENYA,KEN,,,,,,,,UKR,UKRAINE,UKR,,,,,,,,0,051,051,05,1,3.4,2,1,2,5.98006644518273,4,"Nairobi, Nairobi Area, Kenya",KE,KE05,18585,-1.28333,36.8167,-2258072,4,"Nairobi, Nairobi Area, Kenya",KE,KE05,18585,-1.28333,36.8167,-2258072,4,"Nairobi, Nairobi Area, Kenya",KE,KE05,18585,-1.28333,36.8167,-2258072,20261008080000,https://www.president.go.ke/ebrd-to-set-up-in-kenya-to-strengthen-msmes-and-public-private-partnerships/
1326885924,20261008,202610,2026,2026.7616,KEN,KENYA,KEN,,,,,,,,UKR,UKRAINE,UKR,,,,,,,,0,051,051,05,1,3.4,6,1,6,5.98006644518273,4,"Nairobi, Nairobi Area, Kenya",KE,KE05,18585,-1.28333,36.8167,-2258072,1,Ukraine,UP,UP,,49,32,UP,4,"Nairobi, Nairobi Area, Kenya",KE,KE05,18585,-1.28333,36.8167,-2258072,20261008080000,https://www.president.go.ke/ebrd-to-set-up-in-kenya-to-strengthen-msmes-and-public-private-partnerships/
1326885925,20261008,202610,2026,2026.7616,KEN,KENYA,KEN,,,,,,,,UKR,UKRAINE,UKR,,,,,,,,0,051,051,05,1,3.4,2,1,2,5.98006644518273,4,"Nairobi, Nairobi Area, Kenya",KE,KE05,18585,-1.28333,36.8167,-2258072,1,Ukraine,UP,UP,,49,32,UP,1,Ukraine,UP,UP,,49,32,UP,20261008080000,https://www.president.go.ke/ebrd-to-set-up-in-kenya-to-strengthen-msmes-and-public-private-partnerships/
1326885926,20261008,202610,2026,2026.7616,KENGOV,KENYA,KEN,,,,,GOV,,,IGOEURDEVEBR,EUROPEAN BANK FOR RECONSTRUCTION AND DEVELOPMENT,EUR,EBR,,,,IGO,DEV,,1,051,051,05,1,3.4,2,1,2,5.98006644518273,1,Ukraine,UP,UP,,49,32,UP,1,Ukraine,UP,UP,,49,32,UP,1,Ukraine,UP,UP,,49,32,UP,20261008080000,https://www.president.go.ke/ebrd-to-set-up-in-kenya-to-strengthen-msmes-and-public-private-partnerships/
1326885927,20261008,202610,2026,2026.7616,KGZ,KYRGYZSTAN,KGZ,,,,,,,,,,,,,,,,,,1,020,020,02,1,3.0,3,1,3,3.61990950226244,4,"Caspian Sea, Oceans (general), Oceans",OS,OS00,25069,42,50,-1506347,0,,,,,,,,4,"Caspian Sea, Oceans (general), Oceans",OS,OS00,25069,42,50,-1506347,20261008080000,https://www.trend.az/casia/kyrgyzstan/4232421.html
1326885928,20261008,202610,2026,2026.7616,KGZ,KYRGYZSTAN,KGZ,,,,,,,,,,,,,,,,,,0,040,040,04,1,1.0,2,1,2,1.13100848256362,4,"Cholpon, Chü3, Kyrgyzstan",KG,KG02,37216,42.8617,75.1391,11444417,0,,,,,,,,4,"Cholpon, Chü3, Kyrgyzstan",KG,KG02,37216,42.8617,75.1391,11444417,20261008080000,https://www.trend.az/azerbaijan/4232445.html
1326885929,20261008,202610,2026,2026.7616,KGZ,KYRGYZSTAN,KGZ,,,,,,,,AZE,AZERBAIJAN,AZE,,,,,,,,1,020,020,02,1,3.0,10,1,10,5.20446096654275,1,Kyrgyzstan,KG,KG,,41,75,KG,1,Kyrgyzstan,KG,KG,,41,75,KG,1,Kyrgyzstan,KG,KG,,41,75,KG,20261008080000,https://www.trend.az/casia/kyrgyzstan/4232418.html
1326885930,20261008,202610,2026,2026.7616,KGZ,BISHKEK,KGZ,,,,,,,,GOV,FOREIGN MINIST,,,,,,GOV,,,1,040,040,04,1,1.0,3,1,3,1.29198966408269,4,"Bishkek, Bishkek, Kyrgyzstan",KG,KG01,37216,42.8731,74.6003,-2331392,4,"Bishkek, Bishkek, Kyrgyzstan",KG,KG01,37216,42.8731,74.6003,-2331392,4,"Bishkek, Bishkek, Kyrgyzstan",KG,KG01,37216,42.8731,74.6003,-2331392,20261008080000,https://www.trend.az/casia/4232396.html
1326885931,20261008,202610,2026,2026.7616,KGZ,KYRGYZSTAN,KGZ,,,,,,,,TKM,TURKMENISTAN,TKM,,,,,,,,0,040,040,04,1,1.0,6,1,6,1.13100848256362,4,"Cholpon, Chü3, Kyrgyzstan",KG,KG02,37216,42.8617,75.1391,11444417,1,Turkmenistan,TX,TX,,40,60,TX,1,Turkmenistan,TX,TX,,40,60,TX,20261008080000,https://www.trend.az/azerbaijan/4232445.html
1326885932,20261008,202610,2026,2026.7616,KGZ,KYRGYZSTAN,KGZ,,,,,,,,TKM,TURKMENISTAN,TKM,,,,,,,,0,042,042,04,1,1.9,6,1,6,1.13100848256362,4,"Cholpon, Chü3, Kyrgyzstan",KG,KG02,37216,42.8617,75.1391,11444417,1,Turkmenistan,TX,TX,,40,60,TX,1,Turkmenistan,TX,TX,,40,60,TX,20261008080000,https://www.trend.az/azerbaijan/4232445.html
1326885933,20261008,202610,2026,2026.7616,KHM,CAMBODIA,KHM,,,,,,,,LAO,LAOS,LAO,,,,,,,,1,042,042,04,1,1.9,2,1,2,3.93013100436681,1,Cambodia,CB,CB,,13,105,CB,1,Laos,LA,LA,,18,105,LA,1,"Vietnam, Republic Of",VM,VM,,16.166667,107.833333,VM,20261008080000,https://vietnamnews.vn/politics-laws/1801482/prime-minister-le-minh-hung-departs-for-official-visits-to-laos-cambodia.html
1326885934,20261008,202610,2026,2026.7616,KHM,CAMBODIA,KHM,,,,,,,,VNM,VIETNAM,VNM,,,,,,,,1,043,043,04,1,2.8,2,1,2,3.93013100436681,1,Cambodia,CB,CB,,13,105,CB,1,"Vietnam, Republic Of",VM,VM,,16.166667,107.833333,VM,1,Laos,LA,LA,,18,105,LA,20261008080000,https://vietnamnews.vn/politics-laws/1801482/prime-minister-le-minh-hung-departs-for-official-visits-to-laos-cambodia.html
1326885935,20261008,202610,2026,2026.7616,KHM,CAMBODIA,KHM,,,,,,,,VNM,VIETNAMESE,VNM,,,,,,,,1,043,043,04,1,2.8,13,1,8,3.93013100436681,1,Cambodia,CB,CB,,13,105,CB,1,"Vietnam, Republic Of",VM,VM,,16.166667,107.833333,VM,1,"Vietnam, Republic Of",VM,VM,,16.166667,107.833333,VM,20261008080000,https://vietnamnews.vn/politics-laws/1801482/prime-minister-le-minh-hung-departs-for-official-visits-to-laos-cambodia.html
1326885936,20261008,202610,2026,2026.7616,KHMGOV,CAMBODIA,KHM,,,,,GOV,,,VNM,VIETNAMESE,VNM,,,,,,,,0,0841,084,08,2,7.0,2,1,2,-3.2171581769437,4,"Phnom Penh, (CB11), Cambodia",CB,CB11,12390,11.55,104.917,-1033783,4,"Tay Ninh, TâNinh, Vietnam, Republic Of",VM,VM33,74213,11.3,106.1,-3729601,4,"Phnom Penh, (CB11), Cambodia",CB,CB11,12390,11.55,104.917,-1033783,20261008080000,https://www.akp.gov.kh/post/detail/383369
1326885937,20261008,202610,2026,2026.7616,KHMGOV,CAMBODIA,KHM,,,,,GOV,,,VNM,VIETNAMESE,VNM,,,,,,,,0,173,173,17,4,-5.0,2,1,2,-3.2171581769437,4,"Phnom Penh, (CB11), Cambodia",CB,CB11,12390,11.55,104.917,-1033783,4,"Tay Ninh, TâNinh, Vietnam, Republic Of",VM,VM33,74213,11.3,106.1,-3729601,4,"Phnom Penh, (CB11), Cambodia",CB,CB11,12390,11.55,104.917,-1033783,20261008080000,https://www.akp.gov.kh/post/detail/383369
1326885938,20261008,202610,2026,2026.7616,LAB,EMPLOYEE,,,,,,LAB,,,,,,,,,,,,,1,010,010,01,1,0.0,5,1,5,-5.16666666666667,1,Egypt,EG,EG,,27,30,EG,0,,,,,,,,1,Egypt,EG,EG,,27,30,EG,20261008080000,https://www.israelnationalnews.com/news/434283
1326885939,20261008,202610,2026,2026.7616,LAB,WORKER,,,,,,LAB,,,GOV,AUTHORITIES,,,,,,GOV,,,1,045,045,04,1,5.0,5,1,5,3.57675111773472,5,"Cape Mount County, Grand Cape Mount, Liberia",LI,LI12,147244,7.16667,-11,-2132275,5,"Cape Mount County, Grand Cape Mount, Liberia",LI,LI12,147244,7.16667,-11,-2132275,5,"Cape Mount County, Grand Cape Mount, Liberia",LI,LI12,147244,7.16667,-11,-2132275,20261008080000,https://frontpageafricaonline.com/liberia-the-money-gave-us-hope-but-three-months-is-too-short-grand-cape-mount-women-tell-lwep/
1326885940,20261008,202610,2026,2026.7616,LAB,WORKER,,,,,,LAB,,,IRL,IRELAND,IRL,,,,,,,,0,013,013,01,1,0.4,5,1,5,-1.71428571428572,4,"Mullingar, Westmeath, Ireland",EI,EI29,18307,53.5333,-7.35,-1504774,4,"Mullingar, Westmeath, Ireland",EI,EI29,18307,53.5333,-7.35,-1504774,4,"Mullingar, Westmeath, Ireland",EI,EI29,18307,53.5333,-7.35,-1504774,20261008080000,https://www.irishtimes.com/health/2026/10/08/nurses-to-stage-lunchtime-protests-at-number-of-hospitals-nationwide/
1326885941,20261008,202610,2026,2026.7616,LAO,LAOS,LAO,,,,,,,,KHM,CAMBODIA,KHM,,,,,,,,1,043,043,04,1,2.8,2,1,2,3.93013100436681,1,Laos,LA,LA,,18,105,LA,1,Cambodia,CB,CB,,13,105,CB,1,"Vietnam, Republic Of",VM,VM,,16.166667,107.833333,VM,20261008080000,https://vietnamnews.vn/politics-laws/1801482/prime-minister-le-minh-hung-departs-for-official-visits-to-laos-cambodia.html
1326885942,20261008,202610,2026,2026.7616,LAO,LAOS,LAO,,,,,,,,VNM,VIETNAM,VNM,,,,,,,,1,043,043,04,1,2.8,2,1,2,3.93013100436681,1,Cambodia,CB,CB,,13,105,CB,1,"Vietnam, Republic Of",VM,VM,,16.166667,107.833333,VM,1,Laos,LA,LA,,18,105,LA,20261008080000,https://vietnamnews.vn/politics-laws/1801482/prime-minister-le-minh-hung-departs-for-official-visits-to-laos-cambodia.html
1326885943,20261008,202610,2026,2026.7616,LAO,LAOS,LAO,,,,,,,,VNM,VIETNAM,VNM,,,,,,,,1,043,043,04,1,2.8,2,1,2,3.93013100436681,1,Laos,LA,LA,,18,105,LA,1,"Vietnam, Republic Of",VM,VM,,16.166667,107.833333,VM,1,Laos,LA,LA,,18,105,LA,20261008080000,https://vietnamnews.vn/politics-laws/1801482/prime-minister-le-minh-hung-departs-for-official-visits-to-laos-cambodia.html
1326885944,20261008,202610,2026,2026.7616,LAO,LAOS,LAO,,,,,,,,VNM,VIETNAMESE,VNM,,,,,,,,1,043,043,04,1,2.8,13,1,8,3.93013100436681,1,Laos,LA,LA,,18,105,LA,1,"Vietnam, Republic Of",VM,VM,,16.166667,107.833333,VM,1,"Vietnam, Republic Of",VM,VM,,16.166667,107.833333,VM,20261008080000,https://vietnamnews.vn/politics-laws/1801482/prime-minister-le-minh-hung-departs-for-official-visits-to-laos-cambodia.html
1326885945,20261008,202610,2026,2026.7616,LBN,TYRE,LBN,,,,,,,,,,,,,,,,,,1,1723,172,17,4,-5.0,5,1,5,-7.52688172043011,4,"Chennai, Tamil Nadu, India",IN,IN25,70251,13.0833,80.2833,-2103041,0,,,,,,,,4,"Chennai, Tamil Nadu, India",IN,IN25,70251,13.0833,80.2833,-2103041,20261008080000,https://timesofindia.indiatimes.com/city/chennai/car-plunges-into-sinkhole-after-omr-section-caves-in-near-tidel-park-in-chennai/articleshow/134782737.cms
1326885946,20261008,202610,2026,2026.7616,LBN,LEBANON,LBN,,,,,,,,ISR,ISRAEL,ISR,,,,,,,,0,030,030,03,1,4.0,1,1,1,-5.71095571095571,4,"Gaza, Israel (general), Israel",IS,IS00,18315,31.4167,34.3333,-797156,4,"Gaza, Israel (general), Israel",IS,IS00,18315,31.4167,34.3333,-797156,4,"Gaza, Israel (general), Israel",IS,IS00,18315,31.4167,34.3333,-797156,20261008080000,https://www.thenationalnews.com/opinion/comment/2026/10/08/us-israel-democracy-middle-east-iran-elections-donald-trump-benjamin-netanyahu/
1326885947,20261008,202610,2026,2026.7616,LBN,LEBANON,LBN,,,,,,,,ISR,ISRAEL,ISR,,,,,,,,0,030,030,03,1,4.0,1,1,1,-5.71095571095571,4,"Gaza, Israel (general), Israel",IS,IS00,18315,31.4167,34.3333,-797156,4,"Gaza, Israel (general), Israel",IS,IS00,18315,31.4167,34.3333,-797156,1,Lebanon,LE,LE,,33.833333,35.833333,LE,20261008080000,https://www.thenationalnews.com/opinion/comment/2026/10/08/us-israel-democracy-middle-east-iran-elections-donald-trump-benjamin-netanyahu/
1326885948,20261008,202610,2026,2026.7616,LBN,LEBANON,LBN,,,,,,,,ISR,ISRAEL,ISR,,,,,,,,0,030,030,03,1,4.0,2,1,2,-5.71095571095571,1,Lebanon,LE,LE,,33.833333,35.833333,LE,4,"Gaza, Israel (general), Israel",IS,IS00,18315,31.4167,34.3333,-797156,1,Lebanon,LE,LE,,33.833333,35.833333,LE,20261008080000,https://www.thenationalnews.com/opinion/comment/2026/10/08/us-israel-democracy-middle-east-iran-elections-donald-trump-benjamin-netanyahu/
1326885949,20261008,202610,2026,2026.7616,LBN,LEBANON,LBN,,,,,,,,ISR,ISRAEL,ISR,,,,,,,,0,057,057,05,1,8.0,4,1,4,-5.71095571095571,4,"Gaza, Israel (general), Israel",IS,IS00,18315,31.4167,34.3333,-797156,4,"Gaza, Israel (general), Israel",IS,IS00,18315,31.4167,34.3333,-797156,4,"Gaza, Israel (general), Israel",IS,IS00,18315,31.4167,34.3333,-797156,20261008080000,https://www.thenationalnews.com/opinion/comment/2026/10/08/us-israel-democracy-middle-east-iran-elections-donald-trump-benjamin-netanyahu/
1326885950,20261008,202610,2026,2026.7616,LBN,LEBANON,LBN,,,,,,,,ISR,ISRAEL,ISR,,,,,,,,0,057,057,05,1,8.0,4,1,4,-5.71095571095571,1,Lebanon,LE,LE,,33.833333,35.833333,LE,4,"Gaza, Israel (general), Israel",IS,IS00,18315,31.4167,34.3333,-797156,4,"Gaza, Israel (general), Israel",IS,IS00,18315,31.4167,34.3333,-797156,20261008080000,https://www.thenationalnews.com/opinion/comment/2026/10/08/us-israel-democracy-middle-east-iran-elections-donald-trump-benjamin-netanyahu/
1326885951,20261008,202610,2026,2026.7616,LBN,LEBANON,LBN,,,,,,,,ISR,ISRAEL,ISR,,,,,,,,0,087,087,08,2,9.0,2,1,2,-5.71095571095571,4,"Gaza, Israel (general), Israel",IS,IS00,18315,31.4167,34.3333,-797156,4,"Gaza, Israel (general), Israel",IS,IS00,18315,31.4167,34.3333,-797156,4,"Gaza, Israel (general), Israel",IS,IS00,18315,31.4167,34.3333,-797156,20261008080000,https://www.thenationalnews.com/opinion/comment/2026/10/08/us-israel-democracy-middle-east-iran-elections-donald-trump-benjamin-netanyahu/
1326885952,20261008,202610,2026,2026.7616,LBN,LEBANON,LBN,,,,,,,,ISR,ISRAEL,ISR,,,,,,,,0,087,087,08,2,9.0,2,1,2,-5.71095571095571,1,Lebanon,LE,LE,,33.833333,35.833333,LE,4,"Gaza, Israel (general), Israel",IS,IS00,18315,31.4167,34.3333,-797156,4,"Gaza, Israel (general), Israel",IS,IS00,18315,31.4167,34.3333,-797156,20261008080000,https://www.thenationalnews.com/opinion/comment/2026/10/08/us-israel-democracy-middle-east-iran-elections-donald-trump-benjamin-netanyahu/
1326885953,20261008,202610,2026,2026.7616,LBN,LEBANON,LBN,,,,,,,,ISR,ISRAEL,ISR,,,,,,,,0,100,100,10,3,-5.0,2,1,2,-4.01606425702811,4,"Kfarshouba, Nabatî, Lebanon",LE,LE07,26312,33.3278,35.6925,-805553,1,Israel,IS,IS,,31.5,34.75,IS,4,"Kfarshouba, Nabatî, Lebanon",LE,LE07,26312,33.3278,35.6925,-805553,20261008080000,https://www.naharnet.com/stories/en/322974-un-peacekeeping-force-says-shots-fired-at-post-on-israel-lebanon-border
1326885954,20261008,202610,2026,2026.7616,LBN,LEBANON,LBN,,,,,,,,ISR,ISRAEL,ISR,,,,,,,,1,1056,105,10,3,-5.0,2,1,2,-3.65853658536585,1,Israel,IS,IS,,31.5,34.75,IS,1,Lebanon,LE,LE,,33.833333,35.833333,LE,1,Lebanon,LE,LE,,33.833333,35.833333,LE,20261008080000,https://www.naharnet.com/stories/en/322968-report-lebanon-to-demand-israel-withdrawal-from-towns-in-al-shaqif-vicinity
1326885955,20261008,202610,2026,2026.7616,LBN,LEBANON,LBN,,,,,,,,ISR,ISRAEL,ISR,,,,,,,,1,1056,105,10,3,-5.0,8,1,8,-3.65853658536585,1,Lebanon,LE,LE,,33.833333,35.833333,LE,1,Lebanon,LE,LE,,33.833333,35.833333,LE,1,Lebanon,LE,LE,,33.833333,35.833333,LE,20261008080000,https://www.naharnet.com/stories/en/322968-report-lebanon-to-demand-israel-withdrawal-from-towns-in-al-shaqif-vicinity
1326885956,20261008,202610,2026,2026.7616,LBN,LEBANON,LBN,,,,,,,,PSE,GAZA,PSE,,,,,,,,0,030,030,03,1,4.0,1,1,1,-5.71095571095571,4,"Gaza, Israel (general), Israel",IS,IS00,18315,31.4167,34.3333,-797156,4,"Gaza, Israel (general), Israel",IS,IS00,18315,31.4167,34.3333,-797156,4,"Gaza, Israel (general), Israel",IS,IS00,18315,31.4167,34.3333,-797156,20261008080000,https://www.thenationalnews.com/opinion/comment/2026/10/08/us-israel-democracy-middle-east-iran-elections-donald-trump-benjamin-netanyahu/
1326885957,20261008,202610,2026,2026.7616,LBN,LEBANON,LBN,,,,,,,,PSE,GAZA,PSE,,,,,,,,0,030,030,03,1,4.0,2,1,2,-5.71095571095571,1,Lebanon,LE,LE,,33.833333,35.833333,LE,4,"Gaza, Israel (general), Israel",IS,IS00,18315,31.4167,34.3333,-797156,1,Lebanon,LE,LE,,33.833333,35.833333,LE,20261008080000,https://www.thenationalnews.com/opinion/comment/2026/10/08/us-israel-democracy-middle-east-iran-elections-donald-trump-benjamin-netanyahu/
1326885958,20261008,202610,2026,2026.7616,LBN,LEBANON,LBN,,,,,,,,PSE,GAZA,PSE,,,,,,,,0,057,057,05,1,8.0,2,1,2,-5.71095571095571,1,Lebanon,LE,LE,,33.833333,35.833333,LE,4,"Gaza, Israel (general), Israel",IS,IS00,18315,31.4167,34.3333,-797156,4,"Gaza, Israel (general), Israel",IS,IS00,18315,31.4167,34.3333,-797156,20261008080000,https://www.thenationalnews.com/opinion/comment/2026/10/08/us-israel-democracy-middle-east-iran-elections-donald-trump-benjamin-netanyahu/
1326885959,20261008,202610,2026,2026.7616,LBN,LEBANON,LBN,,,,,,,,PSE,GAZA,PSE,,,,,,,,0,087,087,08,2,9.0,2,1,2,-5.71095571095571,1,Lebanon,LE,LE,,33.833333,35.833333,LE,4,"Gaza, Israel (general), Israel",IS,IS00,18315,31.4167,34.3333,-797156,4,"Gaza, Israel (general), Israel",IS,IS00,18315,31.4167,34.3333,-797156,20261008080000,https://www.thenationalnews.com/opinion/comment/2026/10/08/us-israel-democracy-middle-east-iran-elections-donald-trump-benjamin-netanyahu/
1326885960,20261008,202610,2026,2026.7616,LBR,LIBERIA,LBR,,,,,,,,,,,,,,,,,,0,010,010,01,1,0.0,2,1,2,1.95530726256983,4,"Monrovia, Montserrado, Liberia",LI,LI14,147290,6.31056,-10.8047,-2134012,0,,,,,,,,4,"Monrovia, Montserrado, Liberia",LI,LI14,147290,6.31056,-10.8047,-2134012,20261008080000,https://frontpageafricaonline.com/liberia-ex-mines-minister-paye-says-liberia-must-adopt-resource-sovereignty-to-break-mining-cartels-stop-reliance-on-foreign-loans/
1326885961,20261008,202610,2026,2026.7616,LBR,LIBERIA,LBR,,,,,,,,,,,,,,,,,,0,042,042,04,1,1.9,2,1,2,-3.57388316151203,4,"Monrovia, Montserrado, Liberia",LI,LI14,147290,6.31056,-10.8047,-2134012,0,,,,,,,,4,"Monrovia, Montserrado, Liberia",LI,LI14,147290,6.31056,-10.8047,-2134012,20261008080000,https://frontpageafricaonline.com/liberia-errors-contradictions-cloud-drug-case-against-ex-vp-taylor-as-she-and-several-others-named-in-indictment/
1326885962,20261008,202610,2026,2026.7616,LBR,LIBERIA,LBR,,,,,,,,,,,,,,,,,,0,042,042,04,1,1.9,2,1,2,-3.57388316151203,4,"Monrovia, Montserrado, Liberia",LI,LI14,147290,6.31056,-10.8047,-2134012,0,,,,,,,,4,"Dubai, Dubayy, United Arab Emirates",AE,AE03,28575,25.2522,55.28,-782831,20261008080000,https://frontpageafricaonline.com/liberia-errors-contradictions-cloud-drug-case-against-ex-vp-taylor-as-she-and-several-others-named-in-indictment/
1326885963,20261008,202610,2026,2026.7616,LBR,LIBERIA,LBR,,,,,,,,,,,,,,,,,,0,043,043,04,1,2.8,6,1,6,-0.55172413793104,4,"Gbarnga, Bong, Liberia",LI,LI01,147259,6.99556,-9.47222,-2131839,0,,,,,,,,4,"Gbarnga, Bong, Liberia",LI,LI01,147259,6.99556,-9.47222,-2131839,20261008080000,https://frontpageafricaonline.com/no-liberian-child-should-learn-on-the-floor/
1326885964,20261008,202610,2026,2026.7616,LBR,LIBERIA,LBR,,,,,,,,,,,,,,,,,,0,043,043,04,1,2.8,8,1,8,3.57675111773472,4,"Tosor, Grand Cape Mount, Liberia",LI,LI12,147176,6.74111,-11.3378,-2135440,0,,,,,,,,4,"Tosor, Grand Cape Mount, Liberia",LI,LI12,147176,6.74111,-11.3378,-2135440,20261008080000,https://frontpageafricaonline.com/liberia-the-money-gave-us-hope-but-three-months-is-too-short-grand-cape-mount-women-tell-lwep/
1326885965,20261008,202610,2026,2026.7616,LBR,LIBERIA,LBR,,,,,,,,,,,,,,,,,,0,051,051,05,1,3.4,1,1,1,1.95530726256983,4,"Wuhan, Hubei, China",CH,CH12,13124,30.5833,114.267,-1930776,0,,,,,,,,4,"Monrovia, Montserrado, Liberia",LI,LI14,147290,6.31056,-10.8047,-2134012,20261008080000,https://frontpageafricaonline.com/liberia-ex-mines-minister-paye-says-liberia-must-adopt-resource-sovereignty-to-break-mining-cartels-stop-reliance-on-foreign-loans/
1326885966,20261008,202610,2026,2026.7616,LBR,LIBERIA,LBR,,,,,,,,,,,,,,,,,,0,051,051,05,1,3.4,4,1,4,1.95530726256983,4,"Monrovia, Montserrado, Liberia",LI,LI14,147290,6.31056,-10.8047,-2134012,0,,,,,,,,4,"Monrovia, Montserrado, Liberia",LI,LI14,147290,6.31056,-10.8047,-2134012,20261008080000,https://frontpageafricaonline.com/liberia-ex-mines-minister-paye-says-liberia-must-adopt-resource-sovereignty-to-break-mining-cartels-stop-reliance-on-foreign-loans/
1326885967,20261008,202610,2026,2026.7616,LBR,LIBERIA,LBR,,,,,,,,,,,,,,,,,,0,173,173,17,4,-5.0,4,1,4,-3.57388316151203,4,"Monrovia, Montserrado, Liberia",LI,LI14,147290,6.31056,-10.8047,-2134012,0,,,,,,,,4,"Monrovia, Montserrado, Liberia",LI,LI14,147290,6.31056,-10.8047,-2134012,20261008080000,https://frontpageafricaonline.com/liberia-errors-contradictions-cloud-drug-case-against-ex-vp-taylor-as-she-and-several-others-named-in-indictment/
1326885968,20261008,202610,2026,2026.7616,LBR,MONROVIA,LBR,,,,,,,,ARE,DUBAI,ARE,,,,,,,,0,061,061,06,2,6.4,3,1,3,-3.57388316151203,4,"Monrovia, Montserrado, Liberia",LI,LI14,147290,6.31056,-10.8047,-2134012,4,"Dubai, Dubayy, United Arab Emirates",AE,AE03,28575,25.2522,55.28,-782831,4,"Freeport, Montserrado, Liberia",LI,LI14,147290,6.34306,-10.7936,-2134015,20261008080000,https://frontpageafricaonline.com/liberia-errors-contradictions-cloud-drug-case-against-ex-vp-taylor-as-she-and-several-others-named-in-indictment/
1326885969,20261008,202610,2026,2026.7616,LBR,LIBERIA,LBR,,,,,,,,ARE,DUBAI,ARE,,,,,,,,0,061,061,06,2,6.4,2,1,2,-3.57388316151203,4,"Freeport, Montserrado, Liberia",LI,LI14,147290,6.34306,-10.7936,-2134015,4,"Freeport, Montserrado, Liberia",LI,LI14,147290,6.34306,-10.7936,-2134015,4,"Freeport, Montserrado, Liberia",LI,LI14,147290,6.34306,-10.7936,-2134015,20261008080000,https://frontpageafricaonline.com/liberia-errors-contradictions-cloud-drug-case-against-ex-vp-taylor-as-she-and-several-others-named-in-indictment/
1326885970,20261008,202610,2026,2026.7616,LBR,LIBERIA,LBR,,,,,,,,ARE,UNITED ARAB EMIRATES,ARE,,,,,,,,0,061,061,06,2,6.4,5,1,5,-3.57388316151203,4,"Freeport, Montserrado, Liberia",LI,LI14,147290,6.34306,-10.7936,-2134015,4,"Dubai, Dubayy, United Arab Emirates",AE,AE03,28575,25.2522,55.28,-782831,4,"Freeport, Montserrado, Liberia",LI,LI14,147290,6.34306,-10.7936,-2134015,20261008080000,https://frontpageafricaonline.com/liberia-errors-contradictions-cloud-drug-case-against-ex-vp-taylor-as-she-and-several-others-named-in-indictment/
1326885971,20261008,202610,2026,2026.7616,LBR,MONROVIA,LBR,,,,,,,,ARE,DUBAI,ARE,,,,,,,,0,164,164,16,4,-7.0,3,1,3,-3.57388316151203,4,"Monrovia, Montserrado, Liberia",LI,LI14,147290,6.31056,-10.8047,-2134012,4,"Dubai, Dubayy, United Arab Emirates",AE,AE03,28575,25.2522,55.28,-782831,4,"Freeport, Montserrado, Liberia",LI,LI14,147290,6.34306,-10.7936,-2134015,20261008080000,https://frontpageafricaonline.com/liberia-errors-contradictions-cloud-drug-case-against-ex-vp-taylor-as-she-and-several-others-named-in-indictment/
1326885972,20261008,202610,2026,2026.7616,LBR,LIBERIA,LBR,,,,,,,,ARE,DUBAI,ARE,,,,,,,,0,164,164,16,4,-7.0,2,1,2,-3.57388316151203,4,"Freeport, Montserrado, Liberia",LI,LI14,147290,6.34306,-10.7936,-2134015,4,"Freeport, Montserrado, Liberia",LI,LI14,147290,6.34306,-10.7936,-2134015,4,"Freeport, Montserrado, Liberia",LI,LI14,147290,6.34306,-10.7936,-2134015,20261008080000,https://frontpageafricaonline.com/liberia-errors-contradictions-cloud-drug-case-against-ex-vp-taylor-as-she-and-several-others-named-in-indictment/
1326885973,20261008,202610,2026,2026.7616,LBR,LIBERIA,LBR,,,,,,,,ARE,UNITED ARAB EMIRATES,ARE,,,,,,,,0,164,164,16,4,-7.0,5,1,5,-3.57388316151203,4,"Freeport, Montserrado, Liberia",LI,LI14,147290,6.34306,-10.7936,-2134015,4,"Dubai, Dubayy, United Arab Emirates",AE,AE03,28575,25.2522,55.28,-782831,4,"Freeport, Montserrado, Liberia",LI,LI14,147290,6.34306,-10.7936,-2134015,20261008080000,https://frontpageafricaonline.com/liberia-errors-contradictions-cloud-drug-case-against-ex-vp-taylor-as-she-and-several-others-named-in-indictment/
1326885974,20261008,202610,2026,2026.7616,LBR,LIBERIA,LBR,,,,,,,,CRM,CARTEL,,,,,,CRM,,,0,036,036,03,1,4.0,4,1,4,-3.57388316151203,4,"Congo Town, Grand Cape Mount, Liberia",LI,LI12,147176,6.77417,-11.2978,-2135211,4,"Congo Town, Grand Cape Mount, Liberia",LI,LI12,147176,6.77417,-11.2978,-2135211,4,"Congo Town, Grand Cape Mount, Liberia",LI,LI12,147176,6.77417,-11.2978,-2135211,20261008080000,https://frontpageafricaonline.com/liberia-errors-contradictions-cloud-drug-case-against-ex-vp-taylor-as-she-and-several-others-named-in-indictment/
1326885975,20261008,202610,2026,2026.7616,LBR,LIBERIA,LBR,,,,,,,,CRM,CARTEL,,,,,,CRM,,,1,112,112,11,3,-2.0,3,1,3,-3.57388316151203,4,"Royesville, Bomi, Liberia",LI,LI15,147291,6.50333,-10.8933,-2134657,4,"Royesville, Bomi, Liberia",LI,LI15,147291,6.50333,-10.8933,-2134657,4,"Royesville, Bomi, Liberia",LI,LI15,147291,6.50333,-10.8933,-2134657,20261008080000,https://frontpageafricaonline.com/liberia-errors-contradictions-cloud-drug-case-against-ex-vp-taylor-as-she-and-several-others-named-in-indictment/
1326885976,20261008,202610,2026,2026.7616,LBR,LIBERIA,LBR,,,,,,,,CVL,COMMUNITY,,,,,,CVL,,,1,042,042,04,1,1.9,2,1,2,-5.23731587561374,5,"Lofa County, Lofa, Liberia",LI,LI20,147280,7.91667,-10,-2133558,5,"Lofa County, Lofa, Liberia",LI,LI20,147280,7.91667,-10,-2133558,5,"Lofa County, Lofa, Liberia",LI,LI20,147280,7.91667,-10,-2133558,20261008080000,https://frontpageafricaonline.com/liberia-founder-of-change-agent-network-eric-wowoh-charged-by-police-over-alleged-land-fraud-involving-us-based-couple/
1326885977,20261008,202610,2026,2026.7616,LBR,LIBERIA,LBR,,,,,,,,CVL,COMMUNITY,,,,,,CVL,,,1,042,042,04,1,1.9,2,1,2,-5.23731587561374,5,"Margibi County, Margibi, Liberia",LI,LI17,147217,6.5,-10.25,292623,5,"Margibi County, Margibi, Liberia",LI,LI17,147217,6.5,-10.25,292623,5,"Margibi County, Margibi, Liberia",LI,LI17,147217,6.5,-10.25,292623,20261008080000,https://frontpageafricaonline.com/liberia-founder-of-change-agent-network-eric-wowoh-charged-by-police-over-alleged-land-fraud-involving-us-based-couple/
1326885978,20261008,202610,2026,2026.7616,LBR,MONROVIA,LBR,,,,,,,,CVL,COMMUNITY,,,,,,CVL,,,1,190,190,19,4,-10.0,4,1,4,-3.57388316151203,4,"Monrovia, Montserrado, Liberia",LI,LI14,147290,6.31056,-10.8047,-2134012,4,"Monrovia, Montserrado, Liberia",LI,LI14,147290,6.31056,-10.8047,-2134012,4,"Monrovia, Montserrado, Liberia",LI,LI14,147290,6.31056,-10.8047,-2134012,20261008080000,https://frontpageafricaonline.com/liberia-errors-contradictions-cloud-drug-case-against-ex-vp-taylor-as-she-and-several-others-named-in-indictment/
1326885979,20261008,202610,2026,2026.7616,LBR,MONROVIA,LBR,,,,,,,,CVL,COMMUNITY,,,,,,CVL,,,1,190,190,19,4,-10.0,6,1,6,-3.57388316151203,4,"Royesville, Bomi, Liberia",LI,LI15,147291,6.50333,-10.8933,-2134657,4,"Royesville, Bomi, Liberia",LI,LI15,147291,6.50333,-10.8933,-2134657,4,"Royesville, Bomi, Liberia",LI,LI15,147291,6.50333,-10.8933,-2134657,20261008080000,https://frontpageafricaonline.com/liberia-errors-contradictions-cloud-drug-case-against-ex-vp-taylor-as-she-and-several-others-named-in-indictment/
1326885980,20261008,202610,2026,2026.7616,LBR,LIBERIA,LBR,,,,,,,,GOV,MINISTRY,,,,,,GOV,,,0,120,120,12,3,-4.0,4,1,4,1.95530726256983,4,"Monrovia, Montserrado, Liberia",LI,LI14,147290,6.31056,-10.8047,-2134012,4,"Monrovia, Montserrado, Liberia",LI,LI14,147290,6.31056,-10.8047,-2134012,4,"Monrovia, Montserrado, Liberia",LI,LI14,147290,6.31056,-10.8047,-2134012,20261008080000,https://frontpageafricaonline.com/liberia-ex-mines-minister-paye-says-liberia-must-adopt-resource-sovereignty-to-break-mining-cartels-stop-reliance-on-foreign-loans/
1326885981,20261008,202610,2026,2026.7616,LBR,LIBERIA,LBR,,,,,,,,IGOUNODEVWBK,WORLD BANK,,UNO,,,,IGO,DEV,,0,071,071,07,2,7.4,10,1,10,3.57675111773472,5,"Montserrado, Montserrado, Liberia",LI,LI14,147263,6.5,-10.5,-2134017,5,"Montserrado, Montserrado, Liberia",LI,LI14,147263,6.5,-10.5,-2134017,5,"Montserrado, Montserrado, Liberia",LI,LI14,147263,6.5,-10.5,-2134017,20261008080000,https://frontpageafricaonline.com/liberia-the-money-gave-us-hope-but-three-months-is-too-short-grand-cape-mount-women-tell-lwep/
1326885982,20261008,202610,2026,2026.7616,LBR,LIBERIA,LBR,,,,,,,,MED,NEWSPAPER,,,,,,MED,,,1,010,010,01,1,0.0,3,1,3,-0.55172413793104,4,"Monrovia, Montserrado, Liberia",LI,LI14,147290,6.31056,-10.8047,-2134012,4,"Monrovia, Montserrado, Liberia",LI,LI14,147290,6.31056,-10.8047,-2134012,4,"Monrovia, Montserrado, Liberia",LI,LI14,147290,6.31056,-10.8047,-2134012,20261008080000,https://frontpageafricaonline.com/no-liberian-child-should-learn-on-the-floor/
1326885983,20261008,202610,2026,2026.7616,LEG,CONGRESS,,,,,,LEG,,,,,,,,,,,,,0,014,014,01,1,0.0,8,1,8,0.0580046403712302,3,"Washington, District of Columbia, United States",US,USDC,DC001,38.8951,-77.0364,531871,0,,,,,,,,3,"Washington, District of Columbia, United States",US,USDC,DC001,38.8951,-77.0364,531871,20261008080000,https://www.gjsentinel.com/news/western_colorado/19-year-old-visits-dc-to-advocate-for-disability-rights-funding/article_78b3b502-af10-401f-990b-d6ca672c6636.html
1326885984,20261008,202610,2026,2026.7616,LEG,CONGRESS,,,,,,LEG,,,,,,,,,,,,,0,014,014,01,1,0.0,2,1,2,0.0580046403712302,2,"Colorado, United States",US,USCO,,39.0646,-105.327,CO,0,,,,,,,,3,"Washington, District of Columbia, United States",US,USDC,DC001,38.8951,-77.0364,531871,20261008080000,https://www.gjsentinel.com/news/western_colorado/19-year-old-visits-dc-to-advocate-for-disability-rights-funding/article_78b3b502-af10-401f-990b-d6ca672c6636.html
1326885985,20261008,202610,2026,2026.7616,LEG,CONGRESS,,,,,,LEG,,,,,,,,,,,,,0,071,071,07,2,7.4,2,1,2,0.0580046403712302,3,"Washington, District of Columbia, United States",US,USDC,DC001,38.8951,-77.0364,531871,0,,,,,,,,2,"Colorado, United States",US,USCO,,39.0646,-105.327,CO,20261008080000,https://www.gjsentinel.com/news/western_colorado/19-year-old-visits-dc-to-advocate-for-disability-rights-funding/article_78b3b502-af10-401f-990b-d6ca672c6636.html
1326885986,20261008,202610,2026,2026.7616,LEG,CONGRESS,,,,,,LEG,,,,,,,,,,,,,0,071,071,07,2,7.4,2,1,2,0.0580046403712302,2,"Colorado, United States",US,USCO,,39.0646,-105.327,CO,0,,,,,,,,2,"Colorado, United States",US,USCO,,39.0646,-105.327,CO,20261008080000,https://www.gjsentinel.com/news/western_colorado/19-year-old-visits-dc-to-advocate-for-disability-rights-funding/article_78b3b502-af10-401f-990b-d6ca672c6636.html
1326885987,20261008,202610,2026,2026.7616,LEG,SENATE,,,,,,LEG,,,,,,,,,,,,,0,081,081,08,2,5.0,10,1,10,-3.27586206896552,3,"Phoenix, Arizona, United States",US,USAZ,AZ013,33.4484,-112.074,44784,0,,,,,,,,3,"Phoenix, Arizona, United States",US,USAZ,AZ013,33.4484,-112.074,44784,20261008080000,https://arizonadailyindependent.com/2026/10/congressional-candidate-amish-shah-ensured-mass-data-center-expansion-in-arizona/
1326885988,20261008,202610,2026,2026.7616,LEG,REPRESENTATIVES,,,,,,LEG,,,,,,,,,,,,,1,120,120,12,3,-4.0,6,1,6,-1.42450142450142,3,"Lake Austin, Texas, United States",US,USTX,TX321,28.7932,-95.7935,1351348,0,,,,,,,,3,"Lake Austin, Texas, United States",US,USTX,,28.7932,-95.7935,1351348,20261008080000,https://austinmonitor.com/stories/2020/12/pier-on-lake-austin-rezoning-takes-next-step/
1326885989,20261008,202610,2026,2026.7616,LEG,REPRESENTATIVES,,,,,,LEG,,,,,,,,,,,,,1,120,120,12,3,-4.0,4,1,4,-1.42450142450142,2,"Texas, United States",US,USTX,,31.106,-97.6475,TX,0,,,,,,,,2,"Texas, United States",US,USTX,,31.106,-97.6475,TX,20261008080000,https://austinmonitor.com/stories/2020/12/pier-on-lake-austin-rezoning-takes-next-step/
1326885990,20261008,202610,2026,2026.7616,LEG,LEGISLATURE,,,,,,LEG,,,GOV,MINISTRY,,,,,,GOV,,,0,0831,083,08,2,5.0,10,1,10,-1.53531218014329,4,"Greenville, Sinoe, Liberia",LI,LI10,147210,5.01111,-9.03889,-2132302,4,"Greenville, Sinoe, Liberia",LI,LI10,147210,5.01111,-9.03889,-2132302,4,"Greenville, Sinoe, Liberia",LI,LI10,147210,5.01111,-9.03889,-2132302,20261008080000,https://frontpageafricaonline.com/who-decides-what-is-a-city-in-liberia/
1326885991,20261008,202610,2026,2026.7616,LEG,DELEGATE,,,,,,LEG,,,IGOUNO,UNITED NATIONS,,UNO,,,,IGO,,,1,090,090,09,2,-2.0,5,1,5,-2.02622169249106,1,Ukraine,UP,UP,,49,32,UP,1,Ukraine,UP,UP,,49,32,UP,1,Ukraine,UP,UP,,49,32,UP,20261008080000,https://www.ipsnews.net/2026/10/a-rash-of-hard-hitting-questions-which-may-remain-evasive-for-candidates-running-for-un-chief/
1326885992,20261008,202610,2026,2026.7616,MDG,MADAGASCAR,MDG,,,,,,,,COP,DEPUTY,,,,,,COP,,,1,043,043,04,1,2.8,1,1,1,0.358422939068099,4,"Nairobi, Nairobi Area, Kenya",KE,KE05,18585,-1.28333,36.8167,-2258072,1,Madagascar,MA,MA,,-20,47,MA,4,"Nairobi, Nairobi Area, Kenya",KE,KE05,18585,-1.28333,36.8167,-2258072,20261008080000,https://techweez.com/2026/10/08/dan-kwach-africa-ai-data-centers/
1326885993,20261008,202610,2026,2026.7616,MDG,MADAGASCAR,MDG,,,,,,,,COP,DEPUTY,,,,,,COP,,,1,043,043,04,1,2.8,4,1,4,0.358422939068099,1,Madagascar,MA,MA,,-20,47,MA,1,Madagascar,MA,MA,,-20,47,MA,1,Madagascar,MA,MA,,-20,47,MA,20261008080000,https://techweez.com/2026/10/08/dan-kwach-africa-ai-data-centers/
1326885994,20261008,202610,2026,2026.7616,MDG,MADAGASCAR,MDG,,,,,,,,MIL,CARRIER,,,,,,MIL,,,1,043,043,04,1,2.8,1,1,1,0.358422939068099,4,"Nairobi, Nairobi Area, Kenya",KE,KE05,18585,-1.28333,36.8167,-2258072,1,Madagascar,MA,MA,,-20,47,MA,4,"Nairobi, Nairobi Area, Kenya",KE,KE05,18585,-1.28333,36.8167,-2258072,20261008080000,https://techweez.com/2026/10/08/dan-kwach-africa-ai-data-centers/
1326885995,20261008,202610,2026,2026.7616,MDG,MADAGASCAR,MDG,,,,,,,,MIL,CARRIER,,,,,,MIL,,,1,043,043,04,1,2.8,4,1,4,0.358422939068099,1,Madagascar,MA,MA,,-20,47,MA,1,Madagascar,MA,MA,,-20,47,MA,1,Madagascar,MA,MA,,-20,47,MA,20261008080000,https://techweez.com/2026/10/08/dan-kwach-africa-ai-data-centers/
1326885996,20261008,202610,2026,2026.7616,MDV,MALE,MDV,,,,,,,,,,,,,,,,,,0,173,173,17,4,-5.0,10,1,10,-7.62711864406785,4,"Brisbane, Queensland, Australia",AS,AS04,154654,-27.5,153.017,-1561728,0,,,,,,,,4,"Brisbane, Queensland, Australia",AS,AS04,154654,-27.5,153.017,-1561728,20261008080000,https://www.perthnow.com.au/news/crime/two-more-charged-with-murder-over-house-party-bashing-c-22989712
1326885997,20261008,202610,2026,2026.7616,MDV,MALE,MDV,,,,,,,,,,,,,,,,,,0,190,190,19,4,-10.0,10,1,10,-7.62711864406785,4,"Brisbane, Queensland, Australia",AS,AS04,154654,-27.5,153.017,-1561728,0,,,,,,,,4,"Brisbane, Queensland, Australia",AS,AS04,154654,-27.5,153.017,-1561728,20261008080000,https://www.perthnow.com.au/news/crime/two-more-charged-with-murder-over-house-party-bashing-c-22989712
1326885998,20261008,202610,2026,2026.7616,MED,PUBLICATION,,,,,,MED,,,,,,,,,,,,,1,010,010,01,1,0.0,10,1,10,-3.18906605922551,2,"Pennsylvania, United States",US,USPA,,40.5773,-77.264,PA,0,,,,,,,,2,"Pennsylvania, United States",US,USPA,,40.5773,-77.264,PA,20261008080000,https://www.medicaldaily.com/kennedy-nih-vaccine-injury-clinic-budget-oversight-questions-479685
1326885999,20261008,202610,2026,2026.7616,MED,WEBSITE,,,,,,MED,,,,,,,,,,,,,1,012,012,01,1,-0.4,5,1,5,-1.73160173160173,4,"Sasovo, Tul'skaya Oblast', Russia",RS,RS76,25105,54.466,38.1346,-2996933,0,,,,,,,,4,"Sasovo, Tul'skaya Oblast', Russia",RS,RS76,25105,54.466,38.1346,-2996933,20261008080000,https://www.express.co.uk/news/world/2255403/yandex-russian-google-strike-drone
1326886000,20261008,202610,2026,2026.7616,MED,MEDIA,,,,,,MED,,,,,,,,,,,,,0,111,111,11,3,-2.0,5,1,5,2.97029702970297,4,"Kuala Lumpur, Kuala Lumpur, Malaysia",MY,MY14,18585,3.16667,101.7,-2403010,0,,,,,,,,4,"Kuala Lumpur, Kuala Lumpur, Malaysia",MY,MY14,18585,3.16667,101.7,-2403010,20261008080000,https://www.manilatimes.net/2026/10/08/tmt-newswire/media-outreach-newswire/media-outreach-newswire-founder-ceo-jennifer-kok-named-top-nominee-in-the-woman-entrepreneur-category-for-ey-entrepreneur-of-the-year-2026-malaysia/2441469
1326886001,20261008,202610,2026,2026.7616,MED,MEDIA,,,,,,MED,,,,,,,,,,,,,1,172,172,17,4,-5.0,5,1,5,-3.27586206896552,2,"Arizona, United States",US,USAZ,,33.7712,-111.388,AZ,0,,,,,,,,2,"Arizona, United States",US,USAZ,,33.7712,-111.388,AZ,20261008080000,https://arizonadailyindependent.com/2026/10/congressional-candidate-amish-shah-ensured-mass-data-center-expansion-in-arizona/
1326886002,20261008,202610,2026,2026.7616,MED,JOURNALIST,,,,,,MED,,,USAMED,ASSOCIATED PRESS,USA,,,,,MED,,,0,051,051,05,1,3.4,5,1,5,-0.44563279857397,2,"Arkansas, United States",US,USAR,,34.9513,-92.3809,AR,2,"Arkansas, United States",US,USAR,,34.9513,-92.3809,AR,2,"Arkansas, United States",US,USAR,,34.9513,-92.3809,AR,20261008080000,https://www.nwaonline.com/news/2026/oct/08/hunters-battle-bag-giant-alligator/
1326886003,20261008,202610,2026,2026.7616,MIL,COMMANDER,,,,,,MIL,,,,,,,,,,,,,1,010,010,01,1,0.0,3,1,3,-6.06060606060606,4,"Fairford, Gloucestershire, United Kingdom",UK,UKE6,40109,51.7,-1.78333,-2595872,0,,,,,,,,4,"London, London, City of, United Kingdom",UK,UKH9,40110,51.5,-0.116667,-2601889,20261008080000,https://www.aol.co.uk/articles/serving-royal-navy-sailor-charged-073019000.html
1326886004,20261008,202610,2026,2026.7616,MIL,MILITARY,,,,,,MIL,,,,,,,,,,,,,1,046,046,04,1,7.0,3,1,3,3.03490136570562,1,United States,US,US,,39.828175,-98.5795,US,0,,,,,,,,1,United States,US,US,,39.828175,-98.5795,US,20261008080000,https://www.jamestownpress.com/articles/a-sea-change/
1326886005,20261008,202610,2026,2026.7616,MIL,ADMIRAL,,,,,,MIL,,,,,,,,,,,,,0,128,128,12,3,-5.0,10,1,10,-1.6366612111293,5,"Gloucestershire, Gloucestershire, United Kingdom",UK,UKE6,40113,51.8333,-2.16667,-2597217,0,,,,,,,,5,"Gloucestershire, Gloucestershire, United Kingdom",UK,UKE6,40113,51.8333,-2.16667,-2597217,20261008080000,https://www.wiltsglosstandard.co.uk/news/26617058.king-charles-strips-5-people-honours-october-2026/
1326886006,20261008,202610,2026,2026.7616,MIL,COMMANDER,,,,,,MIL,,,CVL,LANDOWNER,,,,,,CVL,,,1,010,010,01,1,0.0,5,1,5,-5,0,,,,,,,,0,,,,,,,,0,,,,,,,,20261008080000,https://www.rnz.co.nz/news/emergencies_local/1794571/scrub-fire-near-queenstown-fully-contained-firefighters-stand-down
1326886007,20261008,202610,2026,2026.7616,MIL,COMMANDER,,,,,,MIL,,,CVL,LANDOWNER,,,,,,CVL,,,1,084,084,08,2,7.0,5,1,5,-5,0,,,,,,,,0,,,,,,,,0,,,,,,,,20261008080000,https://www.rnz.co.nz/news/emergencies_local/1794571/scrub-fire-near-queenstown-fully-contained-firefighters-stand-down
1326886008,20261008,202610,2026,2026.7616,MIL,COMMANDER,,,,,,MIL,,,GBR,LONDON,GBR,,,,,,,,1,010,010,01,1,0.0,5,1,5,-6.06060606060606,4,"Fairford, Gloucestershire, United Kingdom",UK,UKE6,40109,51.7,-1.78333,-2595872,4,"London, London, City of, United Kingdom",UK,UKH9,40110,51.5,-0.116667,-2601889,4,"London, London, City of, United Kingdom",UK,UKH9,40110,51.5,-0.116667,-2601889,20261008080000,https://www.aol.co.uk/articles/serving-royal-navy-sailor-charged-073019000.html
1326886009,20261008,202610,2026,2026.7616,MIL,BORDER GUARD,,,,,,MIL,,,GOV,AUTHORITIES,,,,,,GOV,,,1,173,173,17,4,-5.0,4,1,4,-3.2171581769437,4,"Tay Ninh, TâNinh, Vietnam, Republic Of",VM,VM33,74213,11.3,106.1,-3729601,4,"Tay Ninh, TâNinh, Vietnam, Republic Of",VM,VM33,74213,11.3,106.1,-3729601,4,"Tay Ninh, TâNinh, Vietnam, Republic Of",VM,VM33,74213,11.3,106.1,-3729601,20261008080000,https://www.akp.gov.kh/post/detail/383369
1326886010,20261008,202610,2026,2026.7616,MIL,CARRIER,,,,,,MIL,,,MDG,MADAGASCAR,MDG,,,,,,,,1,042,042,04,1,1.9,1,1,1,0.358422939068099,1,Madagascar,MA,MA,,-20,47,MA,4,"Nairobi, Nairobi Area, Kenya",KE,KE05,18585,-1.28333,36.8167,-2258072,4,"Nairobi, Nairobi Area, Kenya",KE,KE05,18585,-1.28333,36.8167,-2258072,20261008080000,https://techweez.com/2026/10/08/dan-kwach-africa-ai-data-centers/
1326886011,20261008,202610,2026,2026.7616,MIL,CARRIER,,,,,,MIL,,,MDG,MADAGASCAR,MDG,,,,,,,,1,042,042,04,1,1.9,4,1,4,0.358422939068099,1,Madagascar,MA,MA,,-20,47,MA,1,Madagascar,MA,MA,,-20,47,MA,1,Madagascar,MA,MA,,-20,47,MA,20261008080000,https://techweez.com/2026/10/08/dan-kwach-africa-ai-data-centers/
1326886012,20261008,202610,2026,2026.7616,MIL,MILITARY,,,,,,MIL,,,SAU,SAUDI ARABIA,SAU,,,,,,,,1,130,130,13,3,-4.4,1,1,1,-6.16883116883117,4,"Riyadh, Ar Riya?, Saudi Arabia",SA,SA10,25316,24.6408,46.7728,-3093009,4,"King Khalid International, Ar Riya?, Saudi Arabia",SA,SA10,25316,24.9581,46.6956,214640,4,"Riyadh, Ar Riya?, Saudi Arabia",SA,SA10,25316,24.6408,46.7728,-3093009,20261008080000,https://english.news.cn/20261008/7f68ab49b0b3460d8e272469ee05214d/c.html
1326886013,20261008,202610,2026,2026.7616,MIL,MILITARY,,,,,,MIL,,,SAU,SAUDI ARABIA,SAU,,,,,,,,1,130,130,13,3,-4.4,1,1,1,-6.16883116883117,4,"Riyadh, Ar Riya?, Saudi Arabia",SA,SA10,25316,24.6408,46.7728,-3093009,4,"King Khalid International, Ar Riya?, Saudi Arabia",SA,SA10,25316,24.9581,46.6956,214640,4,"King Khalid International, Ar Riya?, Saudi Arabia",SA,SA10,25316,24.9581,46.6956,214640,20261008080000,https://english.news.cn/20261008/7f68ab49b0b3460d8e272469ee05214d/c.html
1326886014,20261008,202610,2026,2026.7616,MIL,MILITARY,,,,,,MIL,,,USA,UNITED STATES,USA,,,,,,,,1,046,046,04,1,7.0,2,1,2,3.03490136570562,1,United States,US,US,,39.828175,-98.5795,US,1,United States,US,US,,39.828175,-98.5795,US,1,United States,US,US,,39.828175,-98.5795,US,20261008080000,https://www.jamestownpress.com/articles/a-sea-change/
1326886015,20261008,202610,2026,2026.7616,MIL,BORDER GUARD,,,,,,MIL,,,VNM,VIETNAM,VNM,,,,,,,,1,173,173,17,4,-5.0,2,1,2,-3.2171581769437,4,"Tay Ninh, TâNinh, Vietnam, Republic Of",VM,VM33,74213,11.3,106.1,-3729601,4,"Tay Ninh, TâNinh, Vietnam, Republic Of",VM,VM33,74213,11.3,106.1,-3729601,4,"Tay Ninh, TâNinh, Vietnam, Republic Of",VM,VM33,74213,11.3,106.1,-3729601,20261008080000,https://www.akp.gov.kh/post/detail/383369
1326886016,20261008,202610,2026,2026.7616,MIL,BORDER GUARD,,,,,,MIL,,,VNMGOV,VIETNAMESE,VNM,,,,,GOV,,,1,173,173,17,4,-5.0,1,1,1,-3.2171581769437,4,"Tay Ninh, TâNinh, Vietnam, Republic Of",VM,VM33,74213,11.3,106.1,-3729601,4,"Tay Ninh, TâNinh, Vietnam, Republic Of",VM,VM33,74213,11.3,106.1,-3729601,4,"Tay Ninh, TâNinh, Vietnam, Republic Of",VM,VM33,74213,11.3,106.1,-3729601,20261008080000,https://www.akp.gov.kh/post/detail/383369
1326886017,20261008,202610,2026,2026.7616,MILMIL,MILITARY,,,,,,MIL,MIL,,,,,,,,,,,,1,051,051,05,1,3.4,3,1,3,-2.21579961464354,4,"Abuja, Abuja Federal Capital Territory, Nigeria",NI,NI11,191147,9.08333,7.53333,-1997013,0,,,,,,,,4,"Abuja, Abuja Federal Capital Territory, Nigeria",NI,NI11,191147,9.08333,7.53333,-1997013,20261008080000,https://leadership.ng/saving-the-citadel-why-kings-college-lagos-needs-the-old-boys-now-2/
1326886018,20261008,202610,2026,2026.7616,MMRELI,MYANMAR,MMR,,,,,ELI,,,MYS,MALAYSIA,MYS,,,,,,,,1,042,042,04,1,1.9,6,1,6,-2.17391304347826,1,Malaysia,MY,MY,,2.5,112.5,MY,1,Malaysia,MY,MY,,2.5,112.5,MY,1,Malaysia,MY,MY,,2.5,112.5,MY,20261008080000,https://www.perthnow.com.au/news/politics/malaysia-to-work-towards-myanmars-full-return-to-asean-c-22989266
1326886019,20261008,202610,2026,2026.7616,MNCCAN,TESCO,CAN,,,,,MNC,,,,,,,,,,,,,1,010,010,01,1,0.0,10,1,10,2.67175572519084,5,"Gloucestershire, Gloucestershire, United Kingdom",UK,UKE6,40113,51.8333,-2.16667,-2597217,0,,,,,,,,5,"Gloucestershire, Gloucestershire, United Kingdom",UK,UKE6,40113,51.8333,-2.16667,-2597217,20261008080000,https://www.wiltsglosstandard.co.uk/news/national/26617372.tesco-sales-boosted-online-shopping-consumers-hunt-value/
1326886020,20261008,202610,2026,2026.7616,MNCCAN,TESCO,CAN,,,,,MNC,,,,,,,,,,,,,1,173,173,17,4,-5.0,10,1,10,2.67175572519084,5,"Gloucestershire, Gloucestershire, United Kingdom",UK,UKE6,40113,51.8333,-2.16667,-2597217,0,,,,,,,,5,"Gloucestershire, Gloucestershire, United Kingdom",UK,UKE6,40113,51.8333,-2.16667,-2597217,20261008080000,https://www.wiltsglosstandard.co.uk/news/national/26617372.tesco-sales-boosted-online-shopping-consumers-hunt-value/
1326886021,20261008,202610,2026,2026.7616,MNCCAN,TESCO,CAN,,,,,MNC,,,IRN,IRAN,IRN,,,,,,,,1,130,130,13,3,-4.4,10,2,10,4.26829268292683,1,United Kingdom,UK,UK,,54,-4,UK,1,United Kingdom,UK,UK,,54,-4,UK,1,United Kingdom,UK,UK,,54,-4,UK,20261008080000,https://www.aol.co.uk/articles/tesco-lifts-profit-forecast-says-065240000.html
1326886022,20261008,202610,2026,2026.7616,MNCINDMED,TATA COMMUNICATIONS,IND,,,,,MNC,MED,,,,,,,,,,,,0,051,051,05,1,3.4,10,1,10,0.31152647975078,1,India,IN,IN,,20,77,IN,0,,,,,,,,1,India,IN,IN,,20,77,IN,20261008080000,https://www.businesstoday.in/india/story/air-india-passengers-flying-abroad-can-now-get-free-travel-sim-heres-how-it-works-560367-2026-10-08
1326886023,20261008,202610,2026,2026.7616,MNCIRL,RYANAIR,IRL,,,,,MNC,,,BEL,BRUSSELS,BEL,,,,,,,,0,043,043,04,1,2.8,3,1,3,-2.8673835125448,4,"Brussels, Bruxelles-Capitale, Belgium",BE,BE11,5850,50.8333,4.33333,-1955538,4,"Brussels, Bruxelles-Capitale, Belgium",BE,BE11,5850,50.8333,4.33333,-1955538,4,"Brussels, Bruxelles-Capitale, Belgium",BE,BE11,5850,50.8333,4.33333,-1955538,20261008080000,https://www.somersetcountygazette.co.uk/news/national/uk-today/26617353.brussels-airport-flights-cancelled-week-amid-strike/
1326886024,20261008,202610,2026,2026.7616,MNCUSA,GOLDMAN SACHS,USA,,,,,MNC,,,,,,,,,,,,,1,010,010,01,1,0.0,10,1,10,2.63157894736842,1,India,IN,IN,,20,77,IN,0,,,,,,,,1,India,IN,IN,,20,77,IN,20261008080000,https://www.businesstoday.in/markets/stocks/story/paytm-share-price-3-reasons-goldman-sachs-raised-target-by-39-maintains-buy-560336-2026-10-08
1326886025,20261008,202610,2026,2026.7616,MUS,MAURITIUS,MUS,,,,,,,,AFR,AFRICA,AFR,,,,,,,,1,141,141,14,3,-6.5,10,1,10,0.50403225806452,1,Mauritius,MP,MP,,16,146,MP,1,Mauritius,MP,MP,,16,146,MP,1,Mauritius,MP,MP,,16,146,MP,20261008080000,https://gfmag.com/transaction-banking/mauritius-solves-africas-cross-border-payment-friction/
1326886026,20261008,202610,2026,2026.7616,MYS,MALAYSIA,MYS,,,,,,,,BUS,ENTREPRENEUR,,,,,,BUS,,,1,046,046,04,1,7.0,2,1,2,2.97029702970297,4,"Kuala Lumpur, Kuala Lumpur, Malaysia",MY,MY14,18585,3.16667,101.7,-2403010,4,"Kuala Lumpur, Kuala Lumpur, Malaysia",MY,MY14,18585,3.16667,101.7,-2403010,4,"Kuala Lumpur, Kuala Lumpur, Malaysia",MY,MY14,18585,3.16667,101.7,-2403010,20261008080000,https://www.manilatimes.net/2026/10/08/tmt-newswire/media-outreach-newswire/media-outreach-newswire-founder-ceo-jennifer-kok-named-top-nominee-in-the-woman-entrepreneur-category-for-ey-entrepreneur-of-the-year-2026-malaysia/2441469
1326886027,20261008,202610,2026,2026.7616,MYS,MALAYSIA,MYS,,,,,,,,BUS,ENTREPRENEUR,,,,,,BUS,,,1,046,046,04,1,7.0,2,1,2,2.97029702970297,1,Hong Kong,HK,HK,,22.25,114.166667,HK,4,"Kuala Lumpur, Kuala Lumpur, Malaysia",MY,MY14,18585,3.16667,101.7,-2403010,4,"Kuala Lumpur, Kuala Lumpur, Malaysia",MY,MY14,18585,3.16667,101.7,-2403010,20261008080000,https://www.manilatimes.net/2026/10/08/tmt-newswire/media-outreach-newswire/media-outreach-newswire-founder-ceo-jennifer-kok-named-top-nominee-in-the-woman-entrepreneur-category-for-ey-entrepreneur-of-the-year-2026-malaysia/2441469
1326886028,20261008,202610,2026,2026.7616,MYS,MALAYSIA,MYS,,,,,,,,BUS,ENTREPRENEUR,,,,,,BUS,,,1,046,046,04,1,7.0,6,1,6,2.97029702970297,1,Hong Kong,HK,HK,,22.25,114.166667,HK,1,Hong Kong,HK,HK,,22.25,114.166667,HK,1,Hong Kong,HK,HK,,22.25,114.166667,HK,20261008080000,https://www.manilatimes.net/2026/10/08/tmt-newswire/media-outreach-newswire/media-outreach-newswire-founder-ceo-jennifer-kok-named-top-nominee-in-the-woman-entrepreneur-category-for-ey-entrepreneur-of-the-year-2026-malaysia/2441469
1326886029,20261008,202610,2026,2026.7616,NGA,NIGERIA,NGA,,,,,,,,,,,,,,,,,,1,020,020,02,1,3.0,4,1,4,0.6993006993007,4,"Dubai, Dubayy, United Arab Emirates",AE,AE03,28575,25.2522,55.28,-782831,0,,,,,,,,4,"Dubai, Dubayy, United Arab Emirates",AE,AE03,28575,25.2522,55.28,-782831,20261008080000,https://leadership.ng/before-i-proposed-to-bambam-we-were-fighting-teddy-a/
1326886030,20261008,202610,2026,2026.7616,NGA,NIGERIA,NGA,,,,,,,,GOV,GOVERNOR,,,,,,GOV,,,1,010,010,01,1,0.0,5,1,4,3.45622119815668,4,"Kano, Kano, Nigeria",NI,NI29,191030,11.9964,8.51667,-2014610,4,"Kano, Kano, Nigeria",NI,NI29,191030,11.9964,8.51667,-2014610,4,"Kano, Kano, Nigeria",NI,NI29,191030,11.9964,8.51667,-2014610,20261008080000,https://leadership.ng/2027-abbas-second-term-will-be-bedrock-of-kanos-massive-growth-says-suleiman/
1326886031,20261008,202610,2026,2026.7616,NGA,NIGERIA,NGA,,,,,,,,JUD,JUDGE,,,,,,JUD,,,1,051,051,05,1,3.4,2,1,2,-2.21579961464354,4,"Abuja, Abuja Federal Capital Territory, Nigeria",NI,NI11,191147,9.08333,7.53333,-1997013,4,"Abuja, Abuja Federal Capital Territory, Nigeria",NI,NI11,191147,9.08333,7.53333,-1997013,4,"Abuja, Abuja Federal Capital Territory, Nigeria",NI,NI11,191147,9.08333,7.53333,-1997013,20261008080000,https://leadership.ng/saving-the-citadel-why-kings-college-lagos-needs-the-old-boys-now-2/
1326886032,20261008,202610,2026,2026.7616,NGA,NIGERIA,NGA,,,,,,,,NGAGOV,NIGERIA,NGA,,,,,GOV,,,1,010,010,01,1,0.0,1,1,1,3.45622119815668,4,"Kano, Kano, Nigeria",NI,NI29,191030,11.9964,8.51667,-2014610,4,"Kano, Kano, Nigeria",NI,NI29,191030,11.9964,8.51667,-2014610,4,"Kano, Kano, Nigeria",NI,NI29,191030,11.9964,8.51667,-2014610,20261008080000,https://leadership.ng/2027-abbas-second-term-will-be-bedrock-of-kanos-massive-growth-says-suleiman/
1326886033,20261008,202610,2026,2026.7616,NGAELI,NIGERIAN,NGA,,,,,ELI,,,,,,,,,,,,,1,020,020,02,1,3.0,1,1,1,0.6993006993007,4,"Dubai, Dubayy, United Arab Emirates",AE,AE03,28575,25.2522,55.28,-782831,0,,,,,,,,4,"Dubai, Dubayy, United Arab Emirates",AE,AE03,28575,25.2522,55.28,-782831,20261008080000,https://leadership.ng/before-i-proposed-to-bambam-we-were-fighting-teddy-a/
1326886034,20261008,202610,2026,2026.7616,NLD,DUTCH,NLD,,,,,,,,CVL,RESIDENTS,,,,,,CVL,,,0,012,012,01,1,-0.4,10,1,10,-1.31147540983607,0,,,,,,,,0,,,,,,,,0,,,,,,,,20261008080000,https://www.jamestownpress.com/articles/island-history-552/
1326886035,20261008,202610,2026,2026.7616,NZL,NEW ZEALAND,NZL,,,,,,,,,,,,,,,,,,1,045,045,04,1,5.0,2,1,2,-0.626959247648907,3,"Rolling Meadows, Illinois, United States",US,USIL,IL031,42.0842,-88.0131,416895,0,,,,,,,,3,"Rolling Meadows, Illinois, United States",US,USIL,,42.0842,-88.0131,416895,20261008080000,https://finchannel.com/gallagher-buys-ornella-as-overseas-acquisitions-continue/137441/american-business-trends/2026/10/
1326886036,20261008,202610,2026,2026.7616,NZL,NEW ZEALAND,NZL,,,,,,,,,,,,,,,,,,1,045,045,04,1,5.0,8,1,8,-0.626959247648907,2,"Illinois, United States",US,USIL,,40.3363,-89.0022,IL,0,,,,,,,,2,"Illinois, United States",US,USIL,,40.3363,-89.0022,IL,20261008080000,https://finchannel.com/gallagher-buys-ornella-as-overseas-acquisitions-continue/137441/american-business-trends/2026/10/
1326886037,20261008,202610,2026,2026.7616,NZL,NEW ZEALAND,NZL,,,,,,,,,,,,,,,,,,1,045,045,04,1,5.0,5,1,5,-0.626959247648907,1,New Zealand,NZ,NZ,,-42,174,NZ,0,,,,,,,,1,New Zealand,NZ,NZ,,-42,174,NZ,20261008080000,https://finchannel.com/gallagher-buys-ornella-as-overseas-acquisitions-continue/137441/american-business-trends/2026/10/
1326886038,20261008,202610,2026,2026.7616,PAK,PAKISTAN,PAK,,,,,,,,,,,,,,,,,,1,010,010,01,1,0.0,5,1,5,0.65789473684211,1,Russia,RS,RS,,60,100,RS,0,,,,,,,,1,Russia,RS,RS,,60,100,RS,20261008080000,https://economictimes.indiatimes.com/news/defence/pakistan-tests-terrain-hugging-fatah-4-cruise-missile-see-how-it-compares-to-nirbhay-and-brahmos-missile-in-capabilities/articleshow/134782592.cms
1326886039,20261008,202610,2026,2026.7616,PAK,PAKISTAN,PAK,,,,,,,,,,,,,,,,,,1,150,150,15,4,-7.2,5,1,5,0.65789473684211,1,Russia,RS,RS,,60,100,RS,0,,,,,,,,1,Russia,RS,RS,,60,100,RS,20261008080000,https://economictimes.indiatimes.com/news/defence/pakistan-tests-terrain-hugging-fatah-4-cruise-missile-see-how-it-compares-to-nirbhay-and-brahmos-missile-in-capabilities/articleshow/134782592.cms
1326886040,20261008,202610,2026,2026.7616,PAK,LAHORE,PAK,,,,,,,,GOV,GOVERNMENT,,,,,,GOV,,,1,139,139,13,3,-7.0,10,1,10,-2.67175572519084,4,"Sadiqabad, Punjab, Pakistan",PK,PK04,40389,28.3062,70.1306,-2772932,4,"Sadiqabad, Punjab, Pakistan",PK,PK04,40389,28.3062,70.1306,-2772932,4,"Sadiqabad, Punjab, Pakistan",PK,PK04,40389,28.3062,70.1306,-2772932,20261008080000,https://pakobserver.net/vehicle-fitness-test-fee-in-lahore-faisalabad-october-2026-update/
1326886041,20261008,202610,2026,2026.7616,PSE,GAZA,PSE,,,,,,,,CRM,CRIMINAL,,,,,,CRM,,,1,112,112,11,3,-2.0,6,1,6,-2.02622169249106,4,"Gaza, Israel (general), Israel",IS,IS00,18315,31.4167,34.3333,-797156,4,"Gaza, Israel (general), Israel",IS,IS00,18315,31.4167,34.3333,-797156,4,"Gaza, Israel (general), Israel",IS,IS00,18315,31.4167,34.3333,-797156,20261008080000,https://www.ipsnews.net/2026/10/a-rash-of-hard-hitting-questions-which-may-remain-evasive-for-candidates-running-for-un-chief/
1326886042,20261008,202610,2026,2026.7616,PSE,GAZA,PSE,,,,,,,,ISR,ISRAEL,ISR,,,,,,,,0,030,030,03,1,4.0,1,1,1,-5.71095571095571,4,"Gaza, Israel (general), Israel",IS,IS00,18315,31.4167,34.3333,-797156,4,"Gaza, Israel (general), Israel",IS,IS00,18315,31.4167,34.3333,-797156,4,"Gaza, Israel (general), Israel",IS,IS00,18315,31.4167,34.3333,-797156,20261008080000,https://www.thenationalnews.com/opinion/comment/2026/10/08/us-israel-democracy-middle-east-iran-elections-donald-trump-benjamin-netanyahu/
1326886043,20261008,202610,2026,2026.7616,PSE,GAZA,PSE,,,,,,,,ISR,ISRAEL,ISR,,,,,,,,0,030,030,03,1,4.0,1,1,1,-5.71095571095571,4,"Gaza, Israel (general), Israel",IS,IS00,18315,31.4167,34.3333,-797156,4,"Gaza, Israel (general), Israel",IS,IS00,18315,31.4167,34.3333,-797156,1,Lebanon,LE,LE,,33.833333,35.833333,LE,20261008080000,https://www.thenationalnews.com/opinion/comment/2026/10/08/us-israel-democracy-middle-east-iran-elections-donald-trump-benjamin-netanyahu/
1326886044,20261008,202610,2026,2026.7616,PSE,GAZA,PSE,,,,,,,,ISR,ISRAEL,ISR,,,,,,,,1,043,043,04,1,2.8,1,1,1,-2.73381294964029,2,"Texas, United States",US,USTX,,31.106,-97.6475,TX,2,"Texas, United States",US,USTX,,31.106,-97.6475,TX,2,"Texas, United States",US,USTX,,31.106,-97.6475,TX,20261008080000,https://twitchy.com/brettt/2026/10/08/correction-coffee-shop-called-coffeyeh-not-giving-out-free-lattes-this-october-7-n2433067
1326886045,20261008,202610,2026,2026.7616,PSE,GAZA,PSE,,,,,,,,LBN,LEBANON,LBN,,,,,,,,0,030,030,03,1,4.0,1,1,1,-5.71095571095571,4,"Gaza, Israel (general), Israel",IS,IS00,18315,31.4167,34.3333,-797156,4,"Gaza, Israel (general), Israel",IS,IS00,18315,31.4167,34.3333,-797156,4,"Gaza, Israel (general), Israel",IS,IS00,18315,31.4167,34.3333,-797156,20261008080000,https://www.thenationalnews.com/opinion/comment/2026/10/08/us-israel-democracy-middle-east-iran-elections-donald-trump-benjamin-netanyahu/
1326886046,20261008,202610,2026,2026.7616,PSE,GAZA,PSE,,,,,,,,LBN,LEBANON,LBN,,,,,,,,0,030,030,03,1,4.0,2,1,2,-5.71095571095571,4,"Gaza, Israel (general), Israel",IS,IS00,18315,31.4167,34.3333,-797156,1,Lebanon,LE,LE,,33.833333,35.833333,LE,1,Lebanon,LE,LE,,33.833333,35.833333,LE,20261008080000,https://www.thenationalnews.com/opinion/comment/2026/10/08/us-israel-democracy-middle-east-iran-elections-donald-trump-benjamin-netanyahu/
1326886047,20261008,202610,2026,2026.7616,PSE,GAZA,PSE,,,,,,,,LBN,LEBANON,LBN,,,,,,,,0,057,057,05,1,8.0,2,1,2,-5.71095571095571,4,"Gaza, Israel (general), Israel",IS,IS00,18315,31.4167,34.3333,-797156,4,"Gaza, Israel (general), Israel",IS,IS00,18315,31.4167,34.3333,-797156,4,"Gaza, Israel (general), Israel",IS,IS00,18315,31.4167,34.3333,-797156,20261008080000,https://www.thenationalnews.com/opinion/comment/2026/10/08/us-israel-democracy-middle-east-iran-elections-donald-trump-benjamin-netanyahu/
1326886048,20261008,202610,2026,2026.7616,PSE,GAZA,PSE,,,,,,,,LBN,LEBANON,LBN,,,,,,,,0,087,087,08,2,9.0,2,1,2,-5.71095571095571,4,"Gaza, Israel (general), Israel",IS,IS00,18315,31.4167,34.3333,-797156,1,Lebanon,LE,LE,,33.833333,35.833333,LE,4,"Gaza, Israel (general), Israel",IS,IS00,18315,31.4167,34.3333,-797156,20261008080000,https://www.thenationalnews.com/opinion/comment/2026/10/08/us-israel-democracy-middle-east-iran-elections-donald-trump-benjamin-netanyahu/
1326886049,20261008,202610,2026,2026.7616,PTY,PARTY LEADER,,,,,,,,,USA,UNITED STATES,USA,,,,,,,,0,051,051,05,1,3.4,1,1,1,0.0527704485488103,4,"Gaza, Israel (general), Israel",IS,IS00,18315,31.4167,34.3333,-797156,3,"San Francisco, California, United States",US,USCA,,37.7749,-122.419,277593,4,"Gaza, Israel (general), Israel",IS,IS00,18315,31.4167,34.3333,-797156,20261008080000,https://abc7news.com/story/heres-where-scott-wiener-connie-chan-stand-san-franciscos-congressional-race-take-nancy-pelosis-seat/19919493/
1326886050,20261008,202610,2026,2026.7616,PTY,PARTY LEADER,,,,,,,,,USA,UNITED STATES,USA,,,,,,,,0,051,051,05,1,3.4,1,1,1,0.0527704485488103,3,"San Francisco, California, United States",US,USCA,CA075,37.7749,-122.419,277593,3,"San Francisco, California, United States",US,USCA,,37.7749,-122.419,277593,3,"San Francisco, California, United States",US,USCA,,37.7749,-122.419,277593,20261008080000,https://abc7news.com/story/heres-where-scott-wiener-connie-chan-stand-san-franciscos-congressional-race-take-nancy-pelosis-seat/19919493/
1326886051,20261008,202610,2026,2026.7616,REL,BELIEVER,,,,,,,,,GOV,GOVERNOR,,,,,,GOV,,,0,036,036,03,1,4.0,6,1,6,3.45622119815668,4,"Kano, Kano, Nigeria",NI,NI29,191030,11.9964,8.51667,-2014610,4,"Kano, Kano, Nigeria",NI,NI29,191030,11.9964,8.51667,-2014610,4,"Kano, Kano, Nigeria",NI,NI29,191030,11.9964,8.51667,-2014610,20261008080000,https://leadership.ng/2027-abbas-second-term-will-be-bedrock-of-kanos-massive-growth-says-suleiman/
1326886052,20261008,202610,2026,2026.7616,REL,BELIEVER,,,,,,,,,GOV,GOVERNOR,,,,,,GOV,,,0,036,036,03,1,4.0,4,1,4,3.45622119815668,5,"Kano State, Kano, Nigeria",NI,NI29,191066,11.5,8.5,-2014618,5,"Kano State, Kano, Nigeria",NI,NI29,191066,11.5,8.5,-2014618,5,"Kano State, Kano, Nigeria",NI,NI29,191066,11.5,8.5,-2014618,20261008080000,https://leadership.ng/2027-abbas-second-term-will-be-bedrock-of-kanos-massive-growth-says-suleiman/
1326886053,20261008,202610,2026,2026.7616,RELCVL,CLERGY,,,,,,CVL,,,CVL,RESIDENTS,,,,,,CVL,,,1,010,010,01,1,0.0,5,1,5,-1.88679245283019,0,,,,,,,,0,,,,,,,,0,,,,,,,,20261008080000,https://www.whio.com/news/local/residents-express-concerns-about-stalled-dayton-public-hospital-project/Q2EBCH7CKNEG7MHWS6VWE55S6E/
1326886054,20261008,202610,2026,2026.7616,RUS,RUSSIA,RUS,,,,,,,,,,,,,,,,,,1,010,010,01,1,0.0,8,2,8,-1.91566963220506,4,"Sasovo, Tul'skaya Oblast', Russia",RS,RS76,25105,54.466,38.1346,-2996933,0,,,,,,,,4,"Sasovo, Tul'skaya Oblast', Russia",RS,RS76,25105,54.466,38.1346,-2996933,20261008080000,https://www.aol.co.uk/articles/chaos-russian-google-hit-drone-070100000.html
1326886055,20261008,202610,2026,2026.7616,RUS,RUSSIA,RUS,,,,,,,,,,,,,,,,,,1,010,010,01,1,0.0,8,2,8,-1.91566963220506,1,Ukraine,UP,UP,,49,32,UP,0,,,,,,,,4,"Black Sea, Oceans (general), Oceans",OS,OS00,,43,35,-1506338,20261008080000,https://www.aol.co.uk/articles/chaos-russian-google-hit-drone-070100000.html
1326886056,20261008,202610,2026,2026.7616,RUS,RYAZAN,RUS,,,,,,,,BUS,SERVER,,,,,,BUS,,,1,010,010,01,1,0.0,8,2,8,-1.91566963220506,4,"Ryazan, Ryazanskaya Oblast', Russia",RS,RS62,25091,54.6269,39.6916,-2994531,4,"Ryazan, Ryazanskaya Oblast', Russia",RS,RS62,25091,54.6269,39.6916,-2994531,4,"Ryazan, Ryazanskaya Oblast', Russia",RS,RS62,25091,54.6269,39.6916,-2994531,20261008080000,https://www.aol.co.uk/articles/chaos-russian-google-hit-drone-070100000.html
1326886057,20261008,202610,2026,2026.7616,RUS,RUSSIA,RUS,,,,,,,,RUSGOV,RUSSIA,RUS,,,,,GOV,,,0,163,163,16,4,-8.0,2,1,2,-6.61252900232019,4,"Black Sea, Oceans (general), Oceans",OS,OS00,,43,35,-1506338,1,Russia,RS,RS,,60,100,RS,1,Russia,RS,RS,,60,100,RS,20261008080000,https://www.euronews.com/2026/10/08/what-was-the-plague-really-like-in-germany-experts-explain-the-facts
1326886058,20261008,202610,2026,2026.7616,RUS,RUSSIA,RUS,,,,,,,,RUSGOV,RUSSIAN,RUS,,,,,GOV,,,0,163,163,16,4,-8.0,8,1,8,-6.61252900232019,1,Russia,RS,RS,,60,100,RS,1,Russia,RS,RS,,60,100,RS,1,Russia,RS,RS,,60,100,RS,20261008080000,https://www.euronews.com/2026/10/08/what-was-the-plague-really-like-in-germany-experts-explain-the-facts
1326886059,20261008,202610,2026,2026.7616,RUSGOV,RYAZAN,RUS,,,,,GOV,,,BUS,SERVER,,,,,,BUS,,,1,010,010,01,1,0.0,2,2,2,-1.91566963220507,4,"Ryazan, Ryazanskaya Oblast', Russia",RS,RS62,25091,54.6269,39.6916,-2994531,4,"Black Sea, Oceans (general), Oceans",OS,OS00,,43,35,-1506338,1,Ukraine,UP,UP,,49,32,UP,20261008080000,https://www.aol.co.uk/articles/chaos-russian-google-hit-drone-070100000.html
1326886060,20261008,202610,2026,2026.7616,RUSGOV,RYAZAN,RUS,,,,,GOV,,,BUS,SERVER,,,,,,BUS,,,1,010,010,01,1,0.0,10,2,10,-1.91566963220507,4,"Ryazan, Ryazanskaya Oblast', Russia",RS,RS62,25091,54.6269,39.6916,-2994531,4,"Ryazan, Ryazanskaya Oblast', Russia",RS,RS62,25091,54.6269,39.6916,-2994531,4,"Ryazan, Ryazanskaya Oblast', Russia",RS,RS62,25091,54.6269,39.6916,-2994531,20261008080000,https://www.aol.co.uk/articles/chaos-russian-google-hit-drone-070100000.html
1326886061,20261008,202610,2026,2026.7616,SAU,SAUDI,SAU,,,,,,,,GOV,GOVERNMENT,,,,,,GOV,,,0,051,051,05,1,3.4,2,1,2,-6.16883116883117,5,"Asir Region, Asir, Saudi Arabia",SA,SA11,25312,19.1667,43.1667,-3093241,5,"Asir Region, Asir, Saudi Arabia",SA,SA11,25312,19.1667,43.1667,-3093241,5,"Asir Region, Asir, Saudi Arabia",SA,SA11,25312,19.1667,43.1667,-3093241,20261008080000,https://english.news.cn/20261008/7f68ab49b0b3460d8e272469ee05214d/c.html
1326886062,20261008,202610,2026,2026.7616,SAU,SAUDI ARABIA,SAU,,,,,,,,GOV,GOVERNMENT,,,,,,GOV,,,0,051,051,05,1,3.4,1,1,1,-6.16883116883117,4,"Sanaa, Sana', Yemen",YM,YM16,32956,15.3547,44.2067,-3191442,5,"Asir Region, Asir, Saudi Arabia",SA,SA11,25312,19.1667,43.1667,-3093241,5,"Asir Region, Asir, Saudi Arabia",SA,SA11,25312,19.1667,43.1667,-3093241,20261008080000,https://english.news.cn/20261008/7f68ab49b0b3460d8e272469ee05214d/c.html
1326886063,20261008,202610,2026,2026.7616,SAU,SAUDI ARABIA,SAU,,,,,,,,GOV,GOVERNMENT,,,,,,GOV,,,1,070,070,07,2,7.0,2,1,2,-6.32183908045977,1,Saudi Arabia,SA,SA,,25,45,SA,1,Saudi Arabia,SA,SA,,25,45,SA,1,Saudi Arabia,SA,SA,,25,45,SA,20261008080000,https://frontpageafricaonline.com/liberia-saudi-rice-trial-moves-to-final-arguments-as-evidence-phase-ends/
1326886064,20261008,202610,2026,2026.7616,SAU,SAUDI ARABIA,SAU,,,,,,,,GOV,GOVERNMENT,,,,,,GOV,,,1,192,192,19,4,-9.5,2,1,2,-6.32183908045977,1,Saudi Arabia,SA,SA,,25,45,SA,1,Saudi Arabia,SA,SA,,25,45,SA,1,Saudi Arabia,SA,SA,,25,45,SA,20261008080000,https://frontpageafricaonline.com/liberia-saudi-rice-trial-moves-to-final-arguments-as-evidence-phase-ends/
1326886065,20261008,202610,2026,2026.7616,SAU,MECCA,SAU,,,,,,,,MOS,MUSLIM,,,,MOS,,,,,1,130,130,13,3,-4.4,10,1,10,-6.16883116883117,4,"Mecca, Makkah, Saudi Arabia",SA,SA14,25312,21.4267,39.8261,-3096949,4,"Mecca, Makkah, Saudi Arabia",SA,SA14,25312,21.4267,39.8261,-3096949,4,"Mecca, Makkah, Saudi Arabia",SA,SA14,25312,21.4267,39.8261,-3096949,20261008080000,https://english.news.cn/20261008/7f68ab49b0b3460d8e272469ee05214d/c.html
1326886066,20261008,202610,2026,2026.7616,SAUELI,SAUDI ARABIA,SAU,,,,,ELI,,,,,,,,,,,,,0,020,020,02,1,3.0,2,1,2,-6.32183908045977,1,Saudi Arabia,SA,SA,,25,45,SA,0,,,,,,,,1,Saudi Arabia,SA,SA,,25,45,SA,20261008080000,https://frontpageafricaonline.com/liberia-saudi-rice-trial-moves-to-final-arguments-as-evidence-phase-ends/
1326886067,20261008,202610,2026,2026.7616,SAUELI,SAUDI ARABIA,SAU,,,,,ELI,,,,,,,,,,,,,0,120,120,12,3,-4.0,2,1,2,-6.32183908045977,1,Saudi Arabia,SA,SA,,25,45,SA,0,,,,,,,,1,Saudi Arabia,SA,SA,,25,45,SA,20261008080000,https://frontpageafricaonline.com/liberia-saudi-rice-trial-moves-to-final-arguments-as-evidence-phase-ends/
1326886068,20261008,202610,2026,2026.7616,SCGSRB,SERBIA,SRB,,,,,,,,UZB,UZBEKISTAN,UZB,,,,,,,,1,040,040,04,1,1.0,1,1,1,8.52713178294574,4,"Tashkent, Toshkent Shahri, Uzbekistan",UZ,UZ13,37316,41.3167,69.25,-2579372,4,"Tashkent, Toshkent Shahri, Uzbekistan",UZ,UZ13,37316,41.3167,69.25,-2579372,1,Serbia,RI,RI,,44,21,RI,20261008080000,https://www.trend.az/casia/uzbekistan/4232399.html
1326886069,20261008,202610,2026,2026.7616,SCGSRB,SERBIA,SRB,,,,,,,,UZB,UZBEKISTAN,UZB,,,,,,,,1,040,040,04,1,1.0,4,1,4,8.52713178294574,1,Serbia,RI,RI,,44,21,RI,4,"Tashkent, Toshkent Shahri, Uzbekistan",UZ,UZ13,37316,41.3167,69.25,-2579372,1,Serbia,RI,RI,,44,21,RI,20261008080000,https://www.trend.az/casia/uzbekistan/4232399.html
1326886070,20261008,202610,2026,2026.7616,SGP,SINGAPORE,SGP,,,,,,,,,,,,,,,,,,1,010,010,01,1,0.0,10,1,10,3.6231884057971,4,"Changi, Singapore (general), Singapore",SN,SN00,18585,1.34167,103.964,-73644,0,,,,,,,,4,"Changi, Singapore (general), Singapore",SN,SN00,18585,1.34167,103.964,-73644,20261008080000,https://insideretail.asia/2026/10/08/crystal-jade-trims-singapore-footprint-ahead-of-sale/
1326886071,20261008,202610,2026,2026.7616,SPY,INTELLIGENCE,,,,,,SPY,,,,,,,,,,,,,0,030,030,03,1,4.0,5,1,5,2.31143552311436,1,South Africa,SF,SF,,-30,26,SF,0,,,,,,,,1,South Africa,SF,SF,,-30,26,SF,20261008080000,https://www.itweb.co.za/article/ai-audit-that-delivered-roadmap-to-scalable-ai-adoption/PmxVE7KE4XQqQY85
1326886072,20261008,202610,2026,2026.7616,SWE,SWEDEN,SWE,,,,,,,,,,,,,,,,,,0,139,139,13,3,-7.0,6,1,6,-0.11428571428572,4,"Hjulsta, Uppsala Lan, Sweden",SW,SW21,26180,59.55,17,-2488761,0,,,,,,,,4,"Hjulsta, Uppsala Lan, Sweden",SW,SW21,26180,59.55,17,-2488761,20261008080000,https://www.thelocal.se/20261008/today-in-sweden-a-roundup-of-the-latest-news-on-thursday-264
1326886073,20261008,202610,2026,2026.7616,TJK,TAJIKISTAN,TJK,,,,,,,,,,,,,,,,,,0,050,050,05,1,3.5,10,1,10,2.22841225626741,1,Tajikistan,TI,TI,,39,71,TI,0,,,,,,,,1,Tajikistan,TI,TI,,39,71,TI,20261008080000,https://www.trend.az/casia/tajikistan/4232434.html
1326886074,20261008,202610,2026,2026.7616,TKM,TURKMENISTAN,TKM,,,,,,,,,,,,,,,,,,0,020,020,02,1,3.0,5,1,5,1.40845070422536,4,"Amu Darya, Lebap, Turkmenistan",TX,TX04,28374,37.5894,65.5776,9114291,0,,,,,,,,4,"Amu Darya, Lebap, Turkmenistan",TX,TX04,28374,37.5894,65.5776,9114291,20261008080000,https://www.trend.az/casia/4232363.html
1326886075,20261008,202610,2026,2026.7616,TKM,TURKMENISTAN,TKM,,,,,,,,,,,,,,,,,,0,036,036,03,1,4.0,1,1,1,0.748663101604282,4,"Avaza, Balkan, Turkmenistan",TX,TX02,147324,39.9592,52.8592,-2560822,0,,,,,,,,4,"Ashgabat, Ahal, Turkmenistan",TX,TX01,147325,37.95,58.3833,-2557812,20261008080000,https://www.trend.az/casia/turkmenistan/4232260.html
1326886076,20261008,202610,2026,2026.7616,TKM,TURKMENISTAN,TKM,,,,,,,,,,,,,,,,,,1,040,040,04,1,1.0,10,1,8,0.748663101604282,4,"Avaza, Balkan, Turkmenistan",TX,TX02,147324,39.9592,52.8592,-2560822,0,,,,,,,,4,"Avaza, Balkan, Turkmenistan",TX,TX02,147324,39.9592,52.8592,-2560822,20261008080000,https://www.trend.az/casia/turkmenistan/4232260.html
1326886077,20261008,202610,2026,2026.7616,TKM,TURKMENISTAN,TKM,,,,,,,,,,,,,,,,,,1,040,040,04,1,1.0,2,1,2,0.748663101604282,4,"Baku, Baki*, Azerbaijan",AJ,AJ09,534,40.3953,49.8822,-2705195,0,,,,,,,,4,"Avaza, Balkan, Turkmenistan",TX,TX02,147324,39.9592,52.8592,-2560822,20261008080000,https://www.trend.az/casia/turkmenistan/4232260.html
1326886078,20261008,202610,2026,2026.7616,TKM,TURKMENISTAN,TKM,,,,,,,,,,,,,,,,,,0,043,043,04,1,2.8,4,1,4,1.13100848256362,1,Turkmenistan,TX,TX,,40,60,TX,0,,,,,,,,1,Turkmenistan,TX,TX,,40,60,TX,20261008080000,https://www.trend.az/azerbaijan/4232445.html
1326886079,20261008,202610,2026,2026.7616,TKM,ASHGABAT,TKM,,,,,,,,,,,,,,,,,,0,050,050,05,1,3.5,10,1,10,1.29198966408269,4,"Ashgabat, Ahal, Turkmenistan",TX,TX01,147325,37.95,58.3833,-2557812,0,,,,,,,,4,"Avaza, Balkan, Turkmenistan",TX,TX02,147324,39.9592,52.8592,-2560822,20261008080000,https://www.trend.az/casia/4232396.html
1326886080,20261008,202610,2026,2026.7616,TKM,TURKMENISTAN,TKM,,,,,,,,AFG,AFGHANISTAN,AFG,,,,,,,,1,042,042,04,1,1.9,2,1,2,0.748663101604282,4,"Turkmenbashi, Balkan, Turkmenistan",TX,TX02,147324,40.0222,52.9552,-2559540,4,"Herat, Herat, Afghanistan",AF,AF11,3562,34.3482,62.1997,-3377359,4,"Turkmenbashi, Balkan, Turkmenistan",TX,TX02,147324,40.0222,52.9552,-2559540,20261008080000,https://www.trend.az/casia/turkmenistan/4232260.html
1326886081,20261008,202610,2026,2026.7616,TKM,TURKMENISTAN,TKM,,,,,,,,AFG,AFGHANISTAN,AFG,,,,,,,,1,042,042,04,1,1.9,2,1,2,0.748663101604282,4,"Turkmenbashi, Balkan, Turkmenistan",TX,TX02,147324,40.0222,52.9552,-2559540,4,"Herat, Herat, Afghanistan",AF,AF11,3562,34.3482,62.1997,-3377359,4,"Herat, Herat, Afghanistan",AF,AF11,3562,34.3482,62.1997,-3377359,20261008080000,https://www.trend.az/casia/turkmenistan/4232260.html
1326886082,20261008,202610,2026,2026.7616,TKM,TURKMENISTAN,TKM,,,,,,,,AZE,AZERBAIJAN,AZE,,,,,,,,0,042,042,04,1,1.9,2,1,2,0.748663101604282,4,"Avaza, Balkan, Turkmenistan",TX,TX02,147324,39.9592,52.8592,-2560822,4,"Baku, Baki*, Azerbaijan",AJ,AJ09,534,40.3953,49.8822,-2705195,4,"Baku, Baki*, Azerbaijan",AJ,AJ09,534,40.3953,49.8822,-2705195,20261008080000,https://www.trend.az/casia/turkmenistan/4232260.html
1326886083,20261008,202610,2026,2026.7616,TKM,TURKMENISTAN,TKM,,,,,,,,AZE,AZERBAIJAN,AZE,,,,,,,,1,043,043,04,1,2.8,2,1,2,1.13100848256362,1,Turkmenistan,TX,TX,,40,60,TX,4,"Baku, Baki*, Azerbaijan",AJ,AJ09,534,40.3953,49.8822,-2705195,4,"Baku, Baki*, Azerbaijan",AJ,AJ09,534,40.3953,49.8822,-2705195,20261008080000,https://www.trend.az/azerbaijan/4232445.html
1326886084,20261008,202610,2026,2026.7616,TKM,TURKMENISTAN,TKM,,,,,,,,AZE,AZERBAIJAN,AZE,,,,,,,,1,043,043,04,1,2.8,8,1,8,1.13100848256362,1,Turkmenistan,TX,TX,,40,60,TX,4,"Baku, Baki*, Azerbaijan",AJ,AJ09,534,40.3953,49.8822,-2705195,1,Turkmenistan,TX,TX,,40,60,TX,20261008080000,https://www.trend.az/azerbaijan/4232445.html
1326886085,20261008,202610,2026,2026.7616,TKM,TURKMENISTAN,TKM,,,,,,,,AZE,AZERBAIJAN,AZE,,,,,,,,1,046,046,04,1,7.0,3,1,3,3.04878048780488,4,"Avaza, Balkan, Turkmenistan",TX,TX02,147324,39.9592,52.8592,-2560822,1,Azerbaijan,AJ,AJ,,40.5,47.5,AJ,1,Azerbaijan,AJ,AJ,,40.5,47.5,AJ,20261008080000,https://www.trend.az/casia/uzbekistan/4232440.html
1326886086,20261008,202610,2026,2026.7616,TKM,TURKMENISTAN,TKM,,,,,,,,GOV,PRESIDENT,,,,,,GOV,,,0,042,042,04,1,1.9,8,1,8,3.42105263157895,4,"Turkmenbashi, Balkan, Turkmenistan",TX,TX02,147324,40.0222,52.9552,-2559540,4,"Turkmenbashi, Balkan, Turkmenistan",TX,TX02,147324,40.0222,52.9552,-2559540,4,"Turkmenbashi, Balkan, Turkmenistan",TX,TX02,147324,40.0222,52.9552,-2559540,20261008080000,https://astanatimes.com/2026/10/kazakh-fm-takes-part-in-cis-and-regional-meetings-in-turkmenbashi/
1326886087,20261008,202610,2026,2026.7616,TKM,TURKMENISTAN,TKM,,,,,,,,KGZ,KYRGYZSTAN,KGZ,,,,,,,,0,040,040,04,1,1.0,6,1,6,1.13100848256362,1,Turkmenistan,TX,TX,,40,60,TX,4,"Cholpon, Chü3, Kyrgyzstan",KG,KG02,37216,42.8617,75.1391,11444417,1,Turkmenistan,TX,TX,,40,60,TX,20261008080000,https://www.trend.az/azerbaijan/4232445.html
1326886088,20261008,202610,2026,2026.7616,TKM,TURKMENISTAN,TKM,,,,,,,,KGZ,KYRGYZSTAN,KGZ,,,,,,,,0,043,043,04,1,2.8,6,1,6,1.13100848256362,1,Turkmenistan,TX,TX,,40,60,TX,4,"Cholpon, Chü3, Kyrgyzstan",KG,KG02,37216,42.8617,75.1391,11444417,1,Turkmenistan,TX,TX,,40,60,TX,20261008080000,https://www.trend.az/azerbaijan/4232445.html
1326886089,20261008,202610,2026,2026.7616,TKM,TURKMENISTAN,TKM,,,,,,,,TKMGOV,TURKMENISTAN,TKM,,,,,GOV,,,1,040,040,04,1,1.0,2,1,2,0.748663101604282,4,"Avaza, Balkan, Turkmenistan",TX,TX02,147324,39.9592,52.8592,-2560822,4,"Avaza, Balkan, Turkmenistan",TX,TX02,147324,39.9592,52.8592,-2560822,4,"Avaza, Balkan, Turkmenistan",TX,TX02,147324,39.9592,52.8592,-2560822,20261008080000,https://www.trend.az/casia/turkmenistan/4232260.html
1326886090,20261008,202610,2026,2026.7616,TKM,TURKMENISTAN,TKM,,,,,,,,TKMGOV,TURKMENISTAN,TKM,,,,,GOV,,,0,042,042,04,1,1.9,2,1,2,3.42105263157895,4,"Turkmenbashi, Balkan, Turkmenistan",TX,TX02,147324,40.0222,52.9552,-2559540,4,"Turkmenbashi, Balkan, Turkmenistan",TX,TX02,147324,40.0222,52.9552,-2559540,4,"Turkmenbashi, Balkan, Turkmenistan",TX,TX02,147324,40.0222,52.9552,-2559540,20261008080000,https://astanatimes.com/2026/10/kazakh-fm-takes-part-in-cis-and-regional-meetings-in-turkmenbashi/
1326886091,20261008,202610,2026,2026.7616,TKMGOV,TURKMENISTAN,TKM,,,,,GOV,,,AZE,AZERBAIJAN,AZE,,,,,,,,0,042,042,04,1,1.9,2,1,2,0.748663101604282,4,"Avaza, Balkan, Turkmenistan",TX,TX02,147324,39.9592,52.8592,-2560822,4,"Avaza, Balkan, Turkmenistan",TX,TX02,147324,39.9592,52.8592,-2560822,4,"Avaza, Balkan, Turkmenistan",TX,TX02,147324,39.9592,52.8592,-2560822,20261008080000,https://www.trend.az/casia/turkmenistan/4232260.html
1326886092,20261008,202610,2026,2026.7616,TKMGOV,RASHID MEREDOV,TKM,,,,,GOV,,,IRNGOV,IRAN,IRN,,,,,GOV,,,1,040,040,04,1,1.0,1,1,1,0.748663101604282,4,"Avaza, Balkan, Turkmenistan",TX,TX02,147324,39.9592,52.8592,-2560822,4,"Avaza, Balkan, Turkmenistan",TX,TX02,147324,39.9592,52.8592,-2560822,4,"Avaza, Balkan, Turkmenistan",TX,TX02,147324,39.9592,52.8592,-2560822,20261008080000,https://www.trend.az/casia/turkmenistan/4232260.html
1326886093,20261008,202610,2026,2026.7616,TKMGOV,RASHID MEREDOV,TKM,,,,,GOV,,,IRNGOV,IRAN,IRN,,,,,GOV,,,1,040,040,04,1,1.0,1,1,1,0.748663101604282,4,"Avaza, Balkan, Turkmenistan",TX,TX02,147324,39.9592,52.8592,-2560822,4,"Avaza, Balkan, Turkmenistan",TX,TX02,147324,39.9592,52.8592,-2560822,1,Iran,IR,IR,,32,53,IR,20261008080000,https://www.trend.az/casia/turkmenistan/4232260.html
1326886094,20261008,202610,2026,2026.7616,TKMGOV,RASHID MEREDOV,TKM,,,,,GOV,,,IRNGOV,IRAN,IRN,,,,,GOV,,,1,040,040,04,1,1.0,2,1,2,0.748663101604282,4,"Avaza, Balkan, Turkmenistan",TX,TX02,147324,39.9592,52.8592,-2560822,1,Iran,IR,IR,,32,53,IR,1,Iran,IR,IR,,32,53,IR,20261008080000,https://www.trend.az/casia/turkmenistan/4232260.html
1326886095,20261008,202610,2026,2026.7616,TKMGOV,RASHID MEREDOV,TKM,,,,,GOV,,,IRNGOV,IRAN,IRN,,,,,GOV,,,1,040,040,04,1,1.0,1,1,1,0.748663101604282,1,Iran,IR,IR,,32,53,IR,1,Iran,IR,IR,,32,53,IR,1,Iran,IR,IR,,32,53,IR,20261008080000,https://www.trend.az/casia/turkmenistan/4232260.html
1326886096,20261008,202610,2026,2026.7616,TKMGOV,TURKMENISTAN,TKM,,,,,GOV,,,TKM,TURKMENISTAN,TKM,,,,,,,,1,040,040,04,1,1.0,2,1,2,0.748663101604282,4,"Avaza, Balkan, Turkmenistan",TX,TX02,147324,39.9592,52.8592,-2560822,4,"Avaza, Balkan, Turkmenistan",TX,TX02,147324,39.9592,52.8592,-2560822,4,"Avaza, Balkan, Turkmenistan",TX,TX02,147324,39.9592,52.8592,-2560822,20261008080000,https://www.trend.az/casia/turkmenistan/4232260.html
1326886097,20261008,202610,2026,2026.7616,TKMGOV,TURKMENISTAN,TKM,,,,,GOV,,,TKM,TURKMENISTAN,TKM,,,,,,,,0,043,043,04,1,2.8,2,1,2,3.42105263157895,4,"Turkmenbashi, Balkan, Turkmenistan",TX,TX02,147324,40.0222,52.9552,-2559540,4,"Turkmenbashi, Balkan, Turkmenistan",TX,TX02,147324,40.0222,52.9552,-2559540,4,"Turkmenbashi, Balkan, Turkmenistan",TX,TX02,147324,40.0222,52.9552,-2559540,20261008080000,https://astanatimes.com/2026/10/kazakh-fm-takes-part-in-cis-and-regional-meetings-in-turkmenbashi/
1326886098,20261008,202610,2026,2026.7616,TUR,ANTALYA,TUR,,,,,,,,FJI,FIJI,FJI,,,,,,,,1,040,040,04,1,1.0,20,1,10,2.59562841530055,4,"Nadi, Western, Fiji",FJ,FJ05,40204,-17.8,177.417,-1191076,4,"Nadi, Western, Fiji",FJ,FJ05,40204,-17.8,177.417,-1191076,4,"Nadi, Western, Fiji",FJ,FJ05,40204,-17.8,177.417,-1191076,20261008080000,https://aninews.in/news/world/pacific/8220india-stands-ready-to-work-with-all-parties8221-environment-minister-yadav-as-pre-cop31-talks-conclude20261008124606/
1326886099,20261008,202610,2026,2026.7616,TUV,TUVALU,TUV,,,,,,,,,,,,,,,,,,0,051,051,05,1,3.4,2,1,2,2.59562841530055,4,"Nadi, Western, Fiji",FJ,FJ05,40204,-17.8,177.417,-1191076,0,,,,,,,,1,Tuvalu,TV,TV,,-8,178,TV,20261008080000,https://aninews.in/news/world/pacific/8220india-stands-ready-to-work-with-all-parties8221-environment-minister-yadav-as-pre-cop31-talks-conclude20261008124606/
1326886100,20261008,202610,2026,2026.7616,TUV,TUVALU,TUV,,,,,,,,,,,,,,,,,,0,051,051,05,1,3.4,2,1,2,2.59562841530055,1,India,IN,IN,,20,77,IN,0,,,,,,,,1,India,IN,IN,,20,77,IN,20261008080000,https://aninews.in/news/world/pacific/8220india-stands-ready-to-work-with-all-parties8221-environment-minister-yadav-as-pre-cop31-talks-conclude20261008124606/
1326886101,20261008,202610,2026,2026.7616,TUV,TUVALU,TUV,,,,,,,,,,,,,,,,,,0,051,051,05,1,3.4,16,1,8,2.59562841530055,1,Tuvalu,TV,TV,,-8,178,TV,0,,,,,,,,1,India,IN,IN,,20,77,IN,20261008080000,https://aninews.in/news/world/pacific/8220india-stands-ready-to-work-with-all-parties8221-environment-minister-yadav-as-pre-cop31-talks-conclude20261008124606/
1326886102,20261008,202610,2026,2026.7616,TUV,TUVALU,TUV,,,,,,,,TUVGOV,TUVALU,TUV,,,,,GOV,,,0,046,046,04,1,7.0,2,1,2,2.59562841530055,1,Tuvalu,TV,TV,,-8,178,TV,1,India,IN,IN,,20,77,IN,1,India,IN,IN,,20,77,IN,20261008080000,https://aninews.in/news/world/pacific/8220india-stands-ready-to-work-with-all-parties8221-environment-minister-yadav-as-pre-cop31-talks-conclude20261008124606/
1326886103,20261008,202610,2026,2026.7616,TUV,TUVALU,TUV,,,,,,,,TUVGOV,TUVALU,TUV,,,,,GOV,,,0,046,046,04,1,7.0,2,1,2,2.59562841530055,1,Tuvalu,TV,TV,,-8,178,TV,1,Tuvalu,TV,TV,,-8,178,TV,1,India,IN,IN,,20,77,IN,20261008080000,https://aninews.in/news/world/pacific/8220india-stands-ready-to-work-with-all-parties8221-environment-minister-yadav-as-pre-cop31-talks-conclude20261008124606/
1326886104,20261008,202610,2026,2026.7616,TUVGOV,TUVALU,TUV,,,,,GOV,,,,,,,,,,,,,0,046,046,04,1,7.0,6,1,6,2.59562841530055,1,Tuvalu,TV,TV,,-8,178,TV,0,,,,,,,,1,Tuvalu,TV,TV,,-8,178,TV,20261008080000,https://aninews.in/news/world/pacific/8220india-stands-ready-to-work-with-all-parties8221-environment-minister-yadav-as-pre-cop31-talks-conclude20261008124606/
1326886105,20261008,202610,2026,2026.7616,TUVGOV,TUVALU,TUV,,,,,GOV,,,TUV,TUVALU,TUV,,,,,,,,0,046,046,04,1,7.0,2,1,2,2.59562841530055,1,India,IN,IN,,20,77,IN,1,Tuvalu,TV,TV,,-8,178,TV,1,India,IN,IN,,20,77,IN,20261008080000,https://aninews.in/news/world/pacific/8220india-stands-ready-to-work-with-all-parties8221-environment-minister-yadav-as-pre-cop31-talks-conclude20261008124606/
1326886106,20261008,202610,2026,2026.7616,TUVGOV,TUVALU,TUV,,,,,GOV,,,TUV,TUVALU,TUV,,,,,,,,0,046,046,04,1,7.0,2,1,2,2.59562841530055,1,Tuvalu,TV,TV,,-8,178,TV,1,Tuvalu,TV,TV,,-8,178,TV,1,India,IN,IN,,20,77,IN,20261008080000,https://aninews.in/news/world/pacific/8220india-stands-ready-to-work-with-all-parties8221-environment-minister-yadav-as-pre-cop31-talks-conclude20261008124606/
1326886107,20261008,202610,2026,2026.7616,UAF,TERRORIST,,,,,,UAF,,,ISR,ISRAEL,ISR,,,,,,,,1,040,040,04,1,1.0,8,1,8,-5.16666666666667,4,"Misgav, Ha?afon, Israel",IS,IS03,18314,32.8605,35.2494,52596,4,"Misgav, Ha?afon, Israel",IS,IS03,18314,32.8605,35.2494,52596,4,"Misgav, Ha?afon, Israel",IS,IS03,18314,32.8605,35.2494,52596,20261008080000,https://www.israelnationalnews.com/news/434283
1326886108,20261008,202610,2026,2026.7616,UKR,UKRAINIAN,UKR,,,,,,,,,,,,,,,,,,0,190,190,19,4,-10.0,10,1,10,-4.81418918918919,4,"Dnipropetrovsk, Dnipropetrovs'ka Oblast', Ukraine",UP,UP04,28546,48.463,35.039,-1037865,0,,,,,,,,4,"Dnipropetrovsk, Dnipropetrovs'ka Oblast', Ukraine",UP,UP04,28546,48.463,35.039,-1037865,20261008080000,https://www.business-standard.com/world-news/ukraine-grapples-with-shortage-of-troops-at-front-after-over-4-years-of-war-126100800400_1.html
1326886109,20261008,202610,2026,2026.7616,UKR,UKRAINIAN,UKR,,,,,,,,RUSGOVMIL,RUSSIA,RUS,,,,,GOV,MIL,,1,193,193,19,4,-10.0,2,2,2,-1.91566963220507,4,"Belgorod, Belgorodskaya Oblast', Russia",RS,RS09,25036,50.6107,36.5802,-2883930,4,"Ryazan, Ryazanskaya Oblast', Russia",RS,RS62,25091,54.6269,39.6916,-2994531,4,"Ryazan, Ryazanskaya Oblast', Russia",RS,RS62,25091,54.6269,39.6916,-2994531,20261008080000,https://www.aol.co.uk/articles/chaos-russian-google-hit-drone-070100000.html
1326886110,20261008,202610,2026,2026.7616,UKR,UKRAINE,UKR,,,,,,,,RUSGOVMIL,RUSSIA,RUS,,,,,GOV,MIL,,1,193,193,19,4,-10.0,4,2,4,-1.91566963220507,1,Ukraine,UP,UP,,49,32,UP,4,"Belgorod, Belgorodskaya Oblast', Russia",RS,RS09,25036,50.6107,36.5802,-2883930,4,"Belgorod, Belgorodskaya Oblast', Russia",RS,RS09,25036,50.6107,36.5802,-2883930,20261008080000,https://www.aol.co.uk/articles/chaos-russian-google-hit-drone-070100000.html
1326886111,20261008,202610,2026,2026.7616,UKR,UKRAINIAN,UKR,,,,,,,,RUSGOVMIL,RUSSIAN,RUS,,,,,GOV,MIL,,1,193,193,19,4,-10.0,8,2,8,-1.91566963220506,1,Ukraine,UP,UP,,49,32,UP,4,"Belgorod, Belgorodskaya Oblast', Russia",RS,RS09,25036,50.6107,36.5802,-2883930,1,Ukraine,UP,UP,,49,32,UP,20261008080000,https://www.aol.co.uk/articles/chaos-russian-google-hit-drone-070100000.html
1326886112,20261008,202610,2026,2026.7616,UKR,UKRAINIAN,UKR,,,,,,,,RUSGOVMIL,RUSSIA,RUS,,,,,GOV,MIL,,1,193,193,19,4,-10.0,2,2,2,-1.91566963220507,1,Ukraine,UP,UP,,49,32,UP,4,"Ryazan, Ryazanskaya Oblast', Russia",RS,RS62,25091,54.6269,39.6916,-2994531,1,Ukraine,UP,UP,,49,32,UP,20261008080000,https://www.aol.co.uk/articles/chaos-russian-google-hit-drone-070100000.html
1326886113,20261008,202610,2026,2026.7616,USA,UNITED STATES,USA,,,,,,,,,,,,,,,,,,0,012,012,01,1,-0.4,4,1,4,0,3,"East Lyme High School, Connecticut, United States",US,USCT,CT011,41.3479,-72.2148,206832,0,,,,,,,,3,"East Lyme High School, Connecticut, United States",US,USCT,,41.3479,-72.2148,206832,20261008080000,https://www.nbcconnecticut.com/news/local/east-lyme-board-of-selectmen-advance-speed-camera-plan-in-5-1-vote/3782821/
1326886114,20261008,202610,2026,2026.7616,USA,UNITED STATES,USA,,,,,,,,,,,,,,,,,,0,014,014,01,1,0.0,4,1,4,-3.71517027863778,3,"San Diego, California, United States",US,USCA,CA073,32.7153,-117.157,1661377,0,,,,,,,,3,"San Diego, California, United States",US,USCA,,32.7153,-117.157,1661377,20261008080000,https://www.nbcsandiego.com/news/health/first-question-therapist-asks-when-diagnosing-depression/4084374/
1326886115,20261008,202610,2026,2026.7616,USA,UNITED STATES,USA,,,,,,,,,,,,,,,,,,0,014,014,01,1,0.0,4,1,4,-3.76175548589342,2,"Connecticut, United States",US,USCT,,41.5834,-72.7622,CT,0,,,,,,,,2,"Connecticut, United States",US,USCT,,41.5834,-72.7622,CT,20261008080000,https://www.nbcconnecticut.com/news/health/first-question-therapist-asks-when-diagnosing-depression/3782891/
1326886116,20261008,202610,2026,2026.7616,USA,UNITED STATES,USA,,,,,,,,,,,,,,,,,,1,015,015,01,1,0.0,24,1,4,-12.3711340206186,3,"Tucson, Arizona, United States",US,USAZ,AZ019,32.2217,-110.926,43534,0,,,,,,,,3,"Tucson, Arizona, United States",US,USAZ,AZ019,32.2217,-110.926,43534,20261008080000,https://arizonadailyindependent.com/2026/10/07/member-of-murderous-tucson-gang-sentenced-for-rico-conspiracy/
1326886117,20261008,202610,2026,2026.7616,USA,AUSTIN,USA,,,,,,,,,,,,,,,,,,1,017,017,01,1,0.0,1,1,1,-2.73381294964029,4,"Gaza, Israel (general), Israel",IS,IS00,18315,31.4167,34.3333,-797156,0,,,,,,,,4,"Gaza, Israel (general), Israel",IS,IS00,18315,31.4167,34.3333,-797156,20261008080000,https://twitchy.com/brettt/2026/10/08/correction-coffee-shop-called-coffeyeh-not-giving-out-free-lattes-this-october-7-n2433067
1326886118,20261008,202610,2026,2026.7616,USA,THE US,USA,,,,,,,,,,,,,,,,,,1,020,020,02,1,3.0,10,1,10,-1.61290322580645,1,India,IN,IN,,20,77,IN,0,,,,,,,,1,India,IN,IN,,20,77,IN,20261008080000,https://www.business-standard.com/immigration/us-plans-70-000-fee-for-students-seeking-jobs-after-graduation-explained-126100800523_1.html
1326886119,20261008,202610,2026,2026.7616,USA,IOWA,USA,,,,,,,,,,,,,,,,,,1,033,033,03,1,5.2,3,1,3,5.04201680672269,2,"Iowa, United States",US,USIA,,42.0046,-93.214,IA,0,,,,,,,,2,"Iowa, United States",US,USIA,,42.0046,-93.214,IA,20261008080000,https://www.messengernews.net/news/local-news/2026/10/foster-homes-wanted-for-pets/
1326886120,20261008,202610,2026,2026.7616,USA,UNITED STATES,USA,,,,,,,,,,,,,,,,,,1,036,036,03,1,4.0,2,1,2,2.4390243902439,3,"Jamestown, Rhode Island, United States",US,USRI,RI005,41.497,-71.3673,1219952,0,,,,,,,,3,"Jamestown, Rhode Island, United States",US,USRI,RI005,41.497,-71.3673,1219952,20261008080000,https://www.jamestownpress.com/articles/two-candidate-forums-set-this-month/
1326886121,20261008,202610,2026,2026.7616,USA,UNITED STATES,USA,,,,,,,,,,,,,,,,,,0,043,043,04,1,2.8,1,1,1,0.0580046403712302,3,"Loveland, Colorado, United States",US,USCO,CO069,40.3978,-105.075,177720,0,,,,,,,,3,"Carbondale, Colorado, United States",US,USCO,CO045,39.4022,-107.211,174841,20261008080000,https://www.gjsentinel.com/news/western_colorado/19-year-old-visits-dc-to-advocate-for-disability-rights-funding/article_78b3b502-af10-401f-990b-d6ca672c6636.html
1326886122,20261008,202610,2026,2026.7616,USA,UNITED STATES,USA,,,,,,,,,,,,,,,,,,0,043,043,04,1,2.8,3,1,3,0.0580046403712302,3,"Loveland, Colorado, United States",US,USCO,CO069,40.3978,-105.075,177720,0,,,,,,,,3,"Loveland, Colorado, United States",US,USCO,CO069,40.3978,-105.075,177720,20261008080000,https://www.gjsentinel.com/news/western_colorado/19-year-old-visits-dc-to-advocate-for-disability-rights-funding/article_78b3b502-af10-401f-990b-d6ca672c6636.html
1326886123,20261008,202610,2026,2026.7616,USA,IOWA,USA,,,,,,,,,,,,,,,,,,1,043,043,04,1,2.8,2,1,2,3.88471177944862,3,"Fort Dodge, Iowa, United States",US,USIA,IA187,42.4975,-94.168,456686,0,,,,,,,,3,"Fort Dodge, Iowa, United States",US,USIA,,42.4975,-94.168,456686,20261008080000,https://www.messengernews.net/obituaries/2026/10/betty-niceswanger/
1326886124,20261008,202610,2026,2026.7616,USA,IOWA,USA,,,,,,,,,,,,,,,,,,1,043,043,04,1,2.8,2,1,2,3.88471177944862,2,"Iowa, United States",US,USIA,,42.0046,-93.214,IA,0,,,,,,,,3,"Fort Dodge, Iowa, United States",US,USIA,,42.4975,-94.168,456686,20261008080000,https://www.messengernews.net/obituaries/2026/10/betty-niceswanger/
1326886125,20261008,202610,2026,2026.7616,USA,JERSEY,USA,,,,,,,,,,,,,,,,,,1,043,043,04,1,2.8,10,1,10,-1.98300283286119,1,Jersey,JE,JE,,49.216667,-2.116667,JE,0,,,,,,,,1,Jersey,JE,JE,,49.216667,-2.116667,JE,20261008080000,https://jerseyeveningpost.com/news/2026/10/08/decision-to-euthanise-giant-tortoise-incredibly-difficult/
1326886126,20261008,202610,2026,2026.7616,USA,UNITED STATES,USA,,,,,,,,,,,,,,,,,,0,051,051,05,1,3.4,4,1,4,-0.93220338983051,3,"New Hanover County, North Carolina, United States",US,USNC,NC129,34.2504,-77.8664,1026329,0,,,,,,,,3,"New Hanover County, North Carolina, United States",US,USNC,,34.2504,-77.8664,1026329,20261008080000,https://www.wwaytv3.com/new-hanover-county-commissioner-school-board-candidates-address-key-issues-during-uncw-forums/
1326886127,20261008,202610,2026,2026.7616,USA,UNITED STATES,USA,,,,,,,,,,,,,,,,,,0,051,051,05,1,3.4,4,1,4,-1.2012012012012,3,"Minocqua, Wisconsin, United States",US,USWI,WI085,45.8713,-89.711,1569580,0,,,,,,,,3,"Minocqua, Wisconsin, United States",US,USWI,WI085,45.8713,-89.711,1569580,20261008080000,https://www.wpr.org/news/wisconsin-7th-district-debate-fred-clark-michael-alfonso-congress-2026
1326886128,20261008,202610,2026,2026.7616,USA,UNITED STATES,USA,,,,,,,,,,,,,,,,,,0,051,051,05,1,3.4,1,1,1,0,3,"East Lyme High School, Connecticut, United States",US,USCT,CT011,41.3479,-72.2148,206832,0,,,,,,,,3,"East Lyme High School, Connecticut, United States",US,USCT,,41.3479,-72.2148,206832,20261008080000,https://www.nbcconnecticut.com/news/local/east-lyme-board-of-selectmen-advance-speed-camera-plan-in-5-1-vote/3782821/
1326886129,20261008,202610,2026,2026.7616,USA,UNITED STATES,USA,,,,,,,,,,,,,,,,,,0,051,051,05,1,3.4,1,1,1,0,2,"Connecticut, United States",US,USCT,,41.5834,-72.7622,CT,0,,,,,,,,2,"Connecticut, United States",US,USCT,,41.5834,-72.7622,CT,20261008080000,https://www.nbcconnecticut.com/news/local/east-lyme-board-of-selectmen-advance-speed-camera-plan-in-5-1-vote/3782821/
1326886130,20261008,202610,2026,2026.7616,USA,UNITED STATES,USA,,,,,,,,,,,,,,,,,,1,060,060,06,2,6.0,2,1,2,0,2,"South Carolina, United States",US,USSC,,33.8191,-80.9066,SC,0,,,,,,,,2,"South Carolina, United States",US,USSC,,33.8191,-80.9066,SC,20261008080000,https://whky.com/governors-seek-expanded-training-to-respond-to-drone-threats/
1326886131,20261008,202610,2026,2026.7616,USA,UNITED STATES,USA,,,,,,,,,,,,,,,,,,1,060,060,06,2,6.0,4,1,4,0.66889632107023,1,United States,US,US,,39.828175,-98.5795,US,0,,,,,,,,1,United States,US,US,,39.828175,-98.5795,US,20261008080000,https://www.kvoa.com/news/local/pima-county-battery-factory-moves-closer-to-construction/article_2fc078ea-f50f-4199-bfe4-3eb70da6774e.html
1326886132,20261008,202610,2026,2026.7616,USA,RALEIGH,USA,,,,,,,,,,,,,,,,,,1,071,071,07,2,7.4,10,1,10,2.31788079470198,3,"Edgecombe, North Carolina, United States",US,USNC,NC141,34.4629,-77.595,1020108,0,,,,,,,,3,"Edgecombe, North Carolina, United States",US,USNC,NC141,34.4629,-77.595,1020108,20261008080000,https://whky.com/north-carolina-announces-more-than-17-million-for-rural-mental-health-services/
1326886133,20261008,202610,2026,2026.7616,USA,IOWA,USA,,,,,,,,,,,,,,,,,,1,073,073,07,2,7.4,3,1,3,5.04201680672269,2,"Iowa, United States",US,USIA,,42.0046,-93.214,IA,0,,,,,,,,2,"Iowa, United States",US,USIA,,42.0046,-93.214,IA,20261008080000,https://www.messengernews.net/news/local-news/2026/10/foster-homes-wanted-for-pets/
1326886134,20261008,202610,2026,2026.7616,USA,COLORADO,USA,,,,,,,,,,,,,,,,,,0,090,090,09,2,-2.0,2,1,2,0.0580046403712302,3,"Denver, Colorado, United States",US,USCO,CO031,39.7392,-104.985,201738,0,,,,,,,,2,"Colorado, United States",US,USCO,,39.0646,-105.327,CO,20261008080000,https://www.gjsentinel.com/news/western_colorado/19-year-old-visits-dc-to-advocate-for-disability-rights-funding/article_78b3b502-af10-401f-990b-d6ca672c6636.html
1326886135,20261008,202610,2026,2026.7616,USA,PHOENIX,USA,,,,,,,,,,,,,,,,,,1,090,090,09,2,-2.0,10,1,10,-1.91570881226054,3,"Phoenix, Arizona, United States",US,USAZ,AZ013,33.4484,-112.074,44784,0,,,,,,,,3,"Phoenix, Arizona, United States",US,USAZ,AZ013,33.4484,-112.074,44784,20261008080000,https://www.azfamily.com/2026/10/08/phoenix-area-restaurants-cited-improperly-stored-utensils-bare-hand-ice-handling/
1326886136,20261008,202610,2026,2026.7616,USA,UNITED STATES,USA,,,,,,,,,,,,,,,,,,0,110,110,11,3,-2.0,4,1,4,0,3,"East Lyme High School, Connecticut, United States",US,USCT,CT011,41.3479,-72.2148,206832,0,,,,,,,,3,"East Lyme High School, Connecticut, United States",US,USCT,,41.3479,-72.2148,206832,20261008080000,https://www.nbcconnecticut.com/news/local/east-lyme-board-of-selectmen-advance-speed-camera-plan-in-5-1-vote/3782821/
1326886137,20261008,202610,2026,2026.7616,USA,THE US,USA,,,,,,,,,,,,,,,,,,1,110,110,11,3,-2.0,5,1,5,-2.02622169249106,1,Ukraine,UP,UP,,49,32,UP,0,,,,,,,,1,Ukraine,UP,UP,,49,32,UP,20261008080000,https://www.ipsnews.net/2026/10/a-rash-of-hard-hitting-questions-which-may-remain-evasive-for-candidates-running-for-un-chief/
1326886138,20261008,202610,2026,2026.7616,USA,UNITED STATES,USA,,,,,,,,,,,,,,,,,,1,141,141,14,3,-6.5,4,1,2,-4.61783439490446,2,"Minnesota, United States",US,USMN,,45.7326,-93.9196,MN,0,,,,,,,,2,"Minnesota, United States",US,USMN,,45.7326,-93.9196,MN,20261008080000,https://twitchy.com/warren-squire/2026/10/08/keith-ellison-republicans-to-cheat-in-midterms-people-should-be-ready-to-protest-take-to-streets-n2433073
1326886139,20261008,202610,2026,2026.7616,USA,UNITED STATES,USA,,,,,,,,,,,,,,,,,,1,173,173,17,4,-5.0,4,1,4,-2.97823596792669,3,"Borrego Springs, California, United States",US,USCA,CA073,33.2559,-116.375,1652675,0,,,,,,,,3,"Borrego Springs, California, United States",US,USCA,,33.2559,-116.375,1652675,20261008080000,https://www.nbcsandiego.com/news/local/sd-county-supervisors-oppose-svps-placements-in-rural-areas/4084265/
1326886140,20261008,202610,2026,2026.7616,USA,UNITED STATES,USA,,,,,,,,,,,,,,,,,,0,173,173,17,4,-5.0,4,1,4,-8.25688073394496,3,"Sacramento, California, United States",US,USCA,CA067,38.5816,-121.494,1659564,0,,,,,,,,3,"Sacramento, California, United States",US,USCA,CA067,38.5816,-121.494,1659564,20261008080000,https://www.championnewspapers.com/community_news/article_8f204dd5-d572-4c91-8f7f-6b096c4c3ab7.html
1326886141,20261008,202610,2026,2026.7616,USA,UNITED STATES,USA,,,,,,,,,,,,,,,,,,0,190,190,19,4,-10.0,4,1,4,-3.87182910547396,2,"Tennessee, United States",US,USTN,,35.7449,-86.7489,TN,0,,,,,,,,3,"San Diego, California, United States",US,USCA,,32.7153,-117.157,1661377,20261008080000,https://www.nbcsandiego.com/news/national-international/lawyers-dallas-texas-man-execution-christa-pike/4083952/
1326886142,20261008,202610,2026,2026.7616,USA,UNITED STATES,USA,,,,,,,,,,,,,,,,,,0,193,193,19,4,-10.0,4,1,4,-3.87182910547396,2,"Tennessee, United States",US,USTN,,35.7449,-86.7489,TN,0,,,,,,,,3,"San Diego, California, United States",US,USCA,,32.7153,-117.157,1661377,20261008080000,https://www.nbcsandiego.com/news/national-international/lawyers-dallas-texas-man-execution-christa-pike/4083952/
1326886143,20261008,202610,2026,2026.7616,USA,NEW YORK,USA,,,,,,,,BUS,INVESTOR,,,,,,BUS,,,1,043,043,04,1,2.8,4,1,2,2.66412940057088,2,"New York, United States",US,USNY,,42.1497,-74.9384,NY,2,"New York, United States",US,USNY,,42.1497,-74.9384,NY,2,"New York, United States",US,USNY,,42.1497,-74.9384,NY,20261008080000,https://www.manilatimes.net/2026/10/08/tmt-newswire/globenewswire/qaixorg-opens-global-membership-launching-an-executive-alliance-across-quantum-ai-finance/2441471
1326886144,20261008,202610,2026,2026.7616,USA,UNITED STATES,USA,,,,,,,,BUS,BUSINESS,,,,,,BUS,,,0,051,051,05,1,3.4,2,1,2,-1.2012012012012,3,"Minocqua, Wisconsin, United States",US,USWI,WI085,45.8713,-89.711,1569580,3,"Minocqua, Wisconsin, United States",US,USWI,WI085,45.8713,-89.711,1569580,3,"Minocqua, Wisconsin, United States",US,USWI,WI085,45.8713,-89.711,1569580,20261008080000,https://www.wpr.org/news/wisconsin-7th-district-debate-fred-clark-michael-alfonso-congress-2026
1326886145,20261008,202610,2026,2026.7616,USA,UNITED STATES,USA,,,,,,,,BUS,COMPANIES,,,,,,BUS,,,0,073,073,07,2,7.4,4,1,4,0.0527704485488103,3,"San Francisco, California, United States",US,USCA,CA075,37.7749,-122.419,277593,3,"San Francisco, California, United States",US,USCA,,37.7749,-122.419,277593,3,"San Francisco, California, United States",US,USCA,,37.7749,-122.419,277593,20261008080000,https://abc7news.com/story/heres-where-scott-wiener-connie-chan-stand-san-franciscos-congressional-race-take-nancy-pelosis-seat/19919493/
1326886146,20261008,202610,2026,2026.7616,USA,UNITED STATES,USA,,,,,,,,BUS,AIRLINE,,,,,,BUS,,,1,193,193,19,4,-10.0,2,1,2,-8.25688073394496,3,"San Bernardino County, California, United States",US,USCA,CA071,34.6667,-116.168,277300,3,"San Bernardino County, California, United States",US,USCA,,34.6667,-116.168,277300,3,"San Bernardino County, California, United States",US,USCA,,34.6667,-116.168,277300,20261008080000,https://www.championnewspapers.com/community_news/article_8f204dd5-d572-4c91-8f7f-6b096c4c3ab7.html
1326886147,20261008,202610,2026,2026.7616,USA,UNITED STATES,USA,,,,,,,,CHRCTHEDU,CATHOLIC,,,,CHR,CTH,EDU,,,1,043,043,04,1,2.8,4,1,4,3.88471177944862,3,"Fort Dodge, Iowa, United States",US,USIA,IA187,42.4975,-94.168,456686,3,"Fort Dodge, Iowa, United States",US,USIA,,42.4975,-94.168,456686,3,"Fort Dodge, Iowa, United States",US,USIA,,42.4975,-94.168,456686,20261008080000,https://www.messengernews.net/obituaries/2026/10/betty-niceswanger/
1326886148,20261008,202610,2026,2026.7616,USA,UNITED STATES,USA,,,,,,,,COP,PRISON,,,,,,COP,,,1,015,015,01,1,0.0,2,1,2,-12.3711340206186,3,"Tucson, Arizona, United States",US,USAZ,AZ019,32.2217,-110.926,43534,3,"Tucson, Arizona, United States",US,USAZ,AZ019,32.2217,-110.926,43534,3,"Tucson, Arizona, United States",US,USAZ,AZ019,32.2217,-110.926,43534,20261008080000,https://arizonadailyindependent.com/2026/10/07/member-of-murderous-tucson-gang-sentenced-for-rico-conspiracy/
1326886149,20261008,202610,2026,2026.7616,USA,UNITED STATES,USA,,,,,,,,COP,PRISON,,,,,,COP,,,1,173,173,17,4,-5.0,14,1,4,-12.3711340206186,3,"Tucson, Arizona, United States",US,USAZ,AZ019,32.2217,-110.926,43534,3,"Tucson, Arizona, United States",US,USAZ,AZ019,32.2217,-110.926,43534,3,"Tucson, Arizona, United States",US,USAZ,AZ019,32.2217,-110.926,43534,20261008080000,https://arizonadailyindependent.com/2026/10/07/member-of-murderous-tucson-gang-sentenced-for-rico-conspiracy/
1326886150,20261008,202610,2026,2026.7616,USA,WASHINGTON,USA,,,,,,,,CRM,BANDIT,,,,,,CRM,,,0,043,043,04,1,2.8,1,1,1,0.0580046403712302,3,"Lincoln Memorial, District of Columbia, United States",US,USDC,DC001,38.8893,-77.05,531835,2,"Colorado, United States",US,USCO,,39.0646,-105.327,CO,3,"Lincoln Memorial, District of Columbia, United States",US,USDC,,38.8893,-77.05,531835,20261008080000,https://www.gjsentinel.com/news/western_colorado/19-year-old-visits-dc-to-advocate-for-disability-rights-funding/article_78b3b502-af10-401f-990b-d6ca672c6636.html
1326886151,20261008,202610,2026,2026.7616,USA,WASHINGTON,USA,,,,,,,,CRM,BANDIT,,,,,,CRM,,,0,043,043,04,1,2.8,1,1,1,0.0580046403712302,3,"Washington, District of Columbia, United States",US,USDC,DC001,38.8951,-77.0364,531871,2,"Colorado, United States",US,USCO,,39.0646,-105.327,CO,3,"Washington, District of Columbia, United States",US,USDC,DC001,38.8951,-77.0364,531871,20261008080000,https://www.gjsentinel.com/news/western_colorado/19-year-old-visits-dc-to-advocate-for-disability-rights-funding/article_78b3b502-af10-401f-990b-d6ca672c6636.html
1326886152,20261008,202610,2026,2026.7616,USA,UNITED STATES,USA,,,,,,,,CRM,GANG,,,,,,CRM,,,1,190,190,19,4,-10.0,4,1,4,-12.3711340206186,3,"Tucson, Arizona, United States",US,USAZ,AZ019,32.2217,-110.926,43534,3,"Tucson, Arizona, United States",US,USAZ,AZ019,32.2217,-110.926,43534,3,"Tucson, Arizona, United States",US,USAZ,AZ019,32.2217,-110.926,43534,20261008080000,https://arizonadailyindependent.com/2026/10/07/member-of-murderous-tucson-gang-sentenced-for-rico-conspiracy/
1326886153,20261008,202610,2026,2026.7616,USA,UNITED STATES,USA,,,,,,,,CVL,COMMUNITY,,,,,,CVL,,,0,020,020,02,1,3.0,2,1,2,0.0580046403712302,3,"Washington, District of Columbia, United States",US,USDC,DC001,38.8951,-77.0364,531871,3,"Washington, District of Columbia, United States",US,USDC,DC001,38.8951,-77.0364,531871,3,"Washington, District of Columbia, United States",US,USDC,DC001,38.8951,-77.0364,531871,20261008080000,https://www.gjsentinel.com/news/western_colorado/19-year-old-visits-dc-to-advocate-for-disability-rights-funding/article_78b3b502-af10-401f-990b-d6ca672c6636.html
1326886154,20261008,202610,2026,2026.7616,USA,UNITED STATES,USA,,,,,,,,CVL,CONSTITUENT,,,,,,CVL,,,0,051,051,05,1,3.4,2,1,2,-2.97823596792669,3,"San Diego, California, United States",US,USCA,CA073,32.7153,-117.157,1661377,3,"San Diego, California, United States",US,USCA,,32.7153,-117.157,1661377,3,"San Diego, California, United States",US,USCA,,32.7153,-117.157,1661377,20261008080000,https://www.nbcsandiego.com/news/local/sd-county-supervisors-oppose-svps-placements-in-rural-areas/4084265/
1326886155,20261008,202610,2026,2026.7616,USA,UNITED STATES,USA,,,,,,,,CVL,CONSTITUENT,,,,,,CVL,,,0,051,051,05,1,3.4,2,1,2,-2.97823596792669,3,"San Diego, California, United States",US,USCA,CA073,32.7153,-117.157,1661377,3,"Jacumba, California, United States",US,USCA,CA073,32.6176,-116.19,243981,3,"Jacumba, California, United States",US,USCA,CA073,32.6176,-116.19,243981,20261008080000,https://www.nbcsandiego.com/news/local/sd-county-supervisors-oppose-svps-placements-in-rural-areas/4084265/
1326886156,20261008,202610,2026,2026.7616,USA,ARKANSAS,USA,,,,,,,,CVL,HUNTER,,,,,,CVL,,,1,190,190,19,4,-10.0,7,1,7,-0.44563279857397,2,"Arkansas, United States",US,USAR,,34.9513,-92.3809,AR,2,"Arkansas, United States",US,USAR,,34.9513,-92.3809,AR,2,"Arkansas, United States",US,USAR,,34.9513,-92.3809,AR,20261008080000,https://www.nwaonline.com/news/2026/oct/08/hunters-battle-bag-giant-alligator/
1326886157,20261008,202610,2026,2026.7616,USA,UNITED STATES,USA,,,,,,,,DEU,HANOVER,DEU,,,,,,,,0,051,051,05,1,3.4,2,1,2,-0.93220338983051,3,"New Hanover County, North Carolina, United States",US,USNC,NC129,34.2504,-77.8664,1026329,3,"New Hanover County, North Carolina, United States",US,USNC,,34.2504,-77.8664,1026329,3,"New Hanover County, North Carolina, United States",US,USNC,,34.2504,-77.8664,1026329,20261008080000,https://www.wwaytv3.com/new-hanover-county-commissioner-school-board-candidates-address-key-issues-during-uncw-forums/
1326886158,20261008,202610,2026,2026.7616,USA,UNITED STATES,USA,,,,,,,,EDU,SCHOOL,,,,,,EDU,,,1,010,010,01,1,0.0,2,1,2,-0.93220338983051,3,"New Hanover County, North Carolina, United States",US,USNC,NC129,34.2504,-77.8664,1026329,3,"New Hanover County, North Carolina, United States",US,USNC,,34.2504,-77.8664,1026329,3,"New Hanover County, North Carolina, United States",US,USNC,,34.2504,-77.8664,1026329,20261008080000,https://www.wwaytv3.com/new-hanover-county-commissioner-school-board-candidates-address-key-issues-during-uncw-forums/
1326886159,20261008,202610,2026,2026.7616,USA,UNITED STATES,USA,,,,,,,,EDU,SCHOOL,,,,,,EDU,,,1,010,010,01,1,0.0,2,1,2,-0.93220338983051,2,"North Carolina, United States",US,USNC,,35.6411,-79.8431,NC,2,"North Carolina, United States",US,USNC,,35.6411,-79.8431,NC,2,"North Carolina, United States",US,USNC,,35.6411,-79.8431,NC,20261008080000,https://www.wwaytv3.com/new-hanover-county-commissioner-school-board-candidates-address-key-issues-during-uncw-forums/
1326886160,20261008,202610,2026,2026.7616,USA,UNITED STATES,USA,,,,,,,,EDU,SCHOOL,,,,,,EDU,,,1,036,036,03,1,4.0,4,1,4,2.4390243902439,3,"Jamestown, Rhode Island, United States",US,USRI,RI005,41.497,-71.3673,1219952,3,"Jamestown, Rhode Island, United States",US,USRI,RI005,41.497,-71.3673,1219952,3,"Jamestown, Rhode Island, United States",US,USRI,RI005,41.497,-71.3673,1219952,20261008080000,https://www.jamestownpress.com/articles/two-candidate-forums-set-this-month/
1326886161,20261008,202610,2026,2026.7616,USA,THE US,USA,,,,,,,,GOV,SECRETARY OF STATE,,,,,,GOV,,,1,040,040,04,1,1.0,3,1,3,-1.25523012552301,4,"Athens, AttikíR, Greece",GR,GR35,16716,37.9833,23.7333,-814876,4,"Athens, AttikíR, Greece",GR,GR35,16716,37.9833,23.7333,-814876,4,"Athens, AttikíR, Greece",GR,GR35,16716,37.9833,23.7333,-814876,20261008080000,https://www.euronews.com/2026/10/08/europe-today-rubio-urges-europe-to-wake-up-as-eu-trade-chief-begins-key-china-trip
1326886162,20261008,202610,2026,2026.7616,USA,UNITED STATES,USA,,,,,,,,GOV,GOVERNMENT,,,,,,GOV,,,0,100,100,10,3,-5.0,4,1,4,0.0527704485488103,3,"San Francisco, California, United States",US,USCA,CA075,37.7749,-122.419,277593,3,"San Francisco, California, United States",US,USCA,,37.7749,-122.419,277593,3,"San Francisco, California, United States",US,USCA,,37.7749,-122.419,277593,20261008080000,https://abc7news.com/story/heres-where-scott-wiener-connie-chan-stand-san-franciscos-congressional-race-take-nancy-pelosis-seat/19919493/
1326886163,20261008,202610,2026,2026.7616,USA,UNITED STATES,USA,,,,,,,,GOV,REGULATOR,,,,,,GOV,,,0,111,111,11,3,-2.0,4,1,4,0.0527704485488103,3,"San Francisco, California, United States",US,USCA,CA075,37.7749,-122.419,277593,3,"San Francisco, California, United States",US,USCA,,37.7749,-122.419,277593,3,"San Francisco, California, United States",US,USCA,,37.7749,-122.419,277593,20261008080000,https://abc7news.com/story/heres-where-scott-wiener-connie-chan-stand-san-franciscos-congressional-race-take-nancy-pelosis-seat/19919493/
1326886164,20261008,202610,2026,2026.7616,USA,CALIFORNIA,USA,,,,,,,,GOVHLH,STATE HOSPITAL,,,,,,GOV,HLH,,0,020,020,02,1,3.0,2,1,2,-2.97823596792669,3,"San Diego, California, United States",US,USCA,CA073,32.7153,-117.157,1661377,3,"San Diego, California, United States",US,USCA,,32.7153,-117.157,1661377,3,"San Diego, California, United States",US,USCA,,32.7153,-117.157,1661377,20261008080000,https://www.nbcsandiego.com/news/local/sd-county-supervisors-oppose-svps-placements-in-rural-areas/4084265/
1326886165,20261008,202610,2026,2026.7616,USA,CALIFORNIA,USA,,,,,,,,GOVHLH,STATE HOSPITAL,,,,,,GOV,HLH,,0,020,020,02,1,3.0,2,1,2,-2.97823596792669,2,"California, United States",US,USCA,,36.17,-119.746,CA,3,"San Diego, California, United States",US,USCA,,32.7153,-117.157,1661377,3,"San Diego, California, United States",US,USCA,,32.7153,-117.157,1661377,20261008080000,https://www.nbcsandiego.com/news/local/sd-county-supervisors-oppose-svps-placements-in-rural-areas/4084265/
1326886166,20261008,202610,2026,2026.7616,USA,CALIFORNIA,USA,,,,,,,,GOVHLH,STATE HOSPITAL,,,,,,GOV,HLH,,0,020,020,02,1,3.0,6,1,6,-2.97823596792669,2,"California, United States",US,USCA,,36.17,-119.746,CA,2,"California, United States",US,USCA,,36.17,-119.746,CA,2,"California, United States",US,USCA,,36.17,-119.746,CA,20261008080000,https://www.nbcsandiego.com/news/local/sd-county-supervisors-oppose-svps-placements-in-rural-areas/4084265/
1326886167,20261008,202610,2026,2026.7616,USA,CALIFORNIA,USA,,,,,,,,GRC,GREECE,GRC,,,,,,,,0,120,120,12,3,-4.0,1,1,1,0,4,"Athens, AttikíR, Greece",GR,GR35,16716,37.9833,23.7333,-814876,4,"Athens, AttikíR, Greece",GR,GR35,16716,37.9833,23.7333,-814876,4,"Athens, AttikíR, Greece",GR,GR35,16716,37.9833,23.7333,-814876,20261008080000,https://www.winnipegfreepress.com/world/2026/10/08/rubio-refuses-to-comment-on-guilfoyle-allegations
1326886168,20261008,202610,2026,2026.7616,USA,CALIFORNIA,USA,,,,,,,,GRC,GREECE,GRC,,,,,,,,0,120,120,12,3,-4.0,1,1,1,0,2,"California, United States",US,USCA,,36.17,-119.746,CA,2,"California, United States",US,USCA,,36.17,-119.746,CA,4,"Athens, AttikíR, Greece",GR,GR35,16716,37.9833,23.7333,-814876,20261008080000,https://www.winnipegfreepress.com/world/2026/10/08/rubio-refuses-to-comment-on-guilfoyle-allegations
1326886169,20261008,202610,2026,2026.7616,USA,UNITED STATES,USA,,,,,,,,JUDJUD,SUPERIOR COURT,,,,,,JUD,JUD,,1,040,040,04,1,1.0,4,1,4,-2.97823596792669,3,"San Diego, California, United States",US,USCA,CA073,32.7153,-117.157,1661377,3,"San Diego, California, United States",US,USCA,,32.7153,-117.157,1661377,3,"San Diego, California, United States",US,USCA,,32.7153,-117.157,1661377,20261008080000,https://www.nbcsandiego.com/news/local/sd-county-supervisors-oppose-svps-placements-in-rural-areas/4084265/
1326886170,20261008,202610,2026,2026.7616,USA,UNITED STATES,USA,,,,,,,,JUDJUD,SUPERIOR COURT,,,,,,JUD,JUD,,1,120,120,12,3,-4.0,4,1,4,-2.97823596792669,3,"San Diego, California, United States",US,USCA,CA073,32.7153,-117.157,1661377,3,"San Diego, California, United States",US,USCA,,32.7153,-117.157,1661377,3,"San Diego, California, United States",US,USCA,,32.7153,-117.157,1661377,20261008080000,https://www.nbcsandiego.com/news/local/sd-county-supervisors-oppose-svps-placements-in-rural-areas/4084265/
1326886171,20261008,202610,2026,2026.7616,USA,UNITED STATES,USA,,,,,,,,LBRCOP,LIBERIA,LBR,,,,,COP,,,1,186,186,18,4,-10.0,2,1,2,-5.23731587561374,5,"Lofa County, Lofa, Liberia",LI,LI20,147280,7.91667,-10,-2133558,5,"Lofa County, Lofa, Liberia",LI,LI20,147280,7.91667,-10,-2133558,5,"Lofa County, Lofa, Liberia",LI,LI20,147280,7.91667,-10,-2133558,20261008080000,https://frontpageafricaonline.com/liberia-founder-of-change-agent-network-eric-wowoh-charged-by-police-over-alleged-land-fraud-involving-us-based-couple/
1326886172,20261008,202610,2026,2026.7616,USA,UNITED STATES,USA,,,,,,,,LEG,CONGRESS,,,,,,LEG,,,1,020,020,02,1,3.0,2,1,2,0.0527704485488103,3,"San Francisco, California, United States",US,USCA,CA075,37.7749,-122.419,277593,4,"Gaza, Israel (general), Israel",IS,IS00,18315,31.4167,34.3333,-797156,3,"San Francisco, California, United States",US,USCA,,37.7749,-122.419,277593,20261008080000,https://abc7news.com/story/heres-where-scott-wiener-connie-chan-stand-san-franciscos-congressional-race-take-nancy-pelosis-seat/19919493/
1326886173,20261008,202610,2026,2026.7616,USA,UNITED STATES,USA,,,,,,,,LEG,CONGRESS,,,,,,LEG,,,1,020,020,02,1,3.0,2,1,2,0.0527704485488103,3,"San Francisco, California, United States",US,USCA,CA075,37.7749,-122.419,277593,3,"San Francisco, California, United States",US,USCA,,37.7749,-122.419,277593,3,"San Francisco, California, United States",US,USCA,,37.7749,-122.419,277593,20261008080000,https://abc7news.com/story/heres-where-scott-wiener-connie-chan-stand-san-franciscos-congressional-race-take-nancy-pelosis-seat/19919493/
1326886174,20261008,202610,2026,2026.7616,USA,WASHINGTON,USA,,,,,,,,MED,TELEVISION,,,,,,MED,,,0,071,071,07,2,7.4,2,1,2,-4.48669201520912,3,"White House, District of Columbia, United States",US,USDC,,38.8951,-77.0364,531871,3,"Tompkins County, New York, United States",US,USNY,,42.4501,-76.4663,974152,3,"Tompkins County, New York, United States",US,USNY,,42.4501,-76.4663,974152,20261008080000,https://www.yumasun.com/news/national_news/ap-news-summary-at-3-08-a-m-edt/article_0716c3a9-d1a3-5f8e-8222-f9b8f9527900.html
1326886175,20261008,202610,2026,2026.7616,USA,UNITED STATES,USA,,,,,,,,MIL,MILITARY,,,,,,MIL,,,1,046,046,04,1,7.0,2,1,2,3.03490136570562,1,United States,US,US,,39.828175,-98.5795,US,1,United States,US,US,,39.828175,-98.5795,US,1,United States,US,US,,39.828175,-98.5795,US,20261008080000,https://www.jamestownpress.com/articles/a-sea-change/
1326886176,20261008,202610,2026,2026.7616,USA,MINNESOTA,USA,,,,,,,,USAGOV,UNITED STATES,USA,,,,,GOV,,,1,042,042,04,1,1.9,4,1,4,-4.61783439490446,2,"Minnesota, United States",US,USMN,,45.7326,-93.9196,MN,2,"Minnesota, United States",US,USMN,,45.7326,-93.9196,MN,2,"Minnesota, United States",US,USMN,,45.7326,-93.9196,MN,20261008080000,https://twitchy.com/warren-squire/2026/10/08/keith-ellison-republicans-to-cheat-in-midterms-people-should-be-ready-to-protest-take-to-streets-n2433073
1326886177,20261008,202610,2026,2026.7616,USA,TEXAS,USA,,,,,,,,USAGOV,UNITED STATES,USA,,,,,GOV,,,1,090,090,09,2,-2.0,4,1,4,-2.73483947681331,2,"Texas, United States",US,USTX,,31.106,-97.6475,TX,2,"Texas, United States",US,USTX,,31.106,-97.6475,TX,2,"Texas, United States",US,USTX,,31.106,-97.6475,TX,20261008080000,https://www.medicaldaily.com/texas-paxton-hanes-fruit-loom-kids-underwear-pfas-479688
1326886178,20261008,202610,2026,2026.7616,USACOP,UNITED STATES,USA,,,,,COP,,,,,,,,,,,,,1,010,010,01,1,0.0,1,1,1,0,2,"Connecticut, United States",US,USCT,,41.5834,-72.7622,CT,0,,,,,,,,3,"Middletown, Connecticut, United States",US,USCT,CT007,41.5623,-72.6507,208877,20261008080000,https://www.nbcconnecticut.com/news/local/east-lyme-board-of-selectmen-advance-speed-camera-plan-in-5-1-vote/3782821/
1326886179,20261008,202610,2026,2026.7616,USACOP,UNITED STATES,USA,,,,,COP,,,EDU,SCHOOL,,,,,,EDU,,,1,010,010,01,1,0.0,1,1,1,0,2,"Connecticut, United States",US,USCT,,41.5834,-72.7622,CT,3,"West Hartford, Connecticut, United States",US,USCT,,41.762,-72.742,211952,3,"Middletown, Connecticut, United States",US,USCT,CT007,41.5623,-72.6507,208877,20261008080000,https://www.nbcconnecticut.com/news/local/east-lyme-board-of-selectmen-advance-speed-camera-plan-in-5-1-vote/3782821/
1326886180,20261008,202610,2026,2026.7616,USACOP,UNITED STATES,USA,,,,,COP,,,USA,UNITED STATES,USA,,,,,,,,0,173,173,17,4,-5.0,8,1,8,-8.25688073394496,3,"Chino Hills, California, United States",US,USCA,CA071,33.9938,-117.759,1668255,3,"Chino Hills, California, United States",US,USCA,,33.9938,-117.759,1668255,3,"Chino Hills, California, United States",US,USCA,,33.9938,-117.759,1668255,20261008080000,https://www.championnewspapers.com/community_news/article_8f204dd5-d572-4c91-8f7f-6b096c4c3ab7.html
1326886181,20261008,202610,2026,2026.7616,USACRM,UNITED STATES,USA,,,,,CRM,,,COP,PRISON,,,,,,COP,,,1,015,015,01,1,0.0,6,1,6,-12.3711340206186,3,"Tucson, Arizona, United States",US,USAZ,AZ019,32.2217,-110.926,43534,3,"Tucson, Arizona, United States",US,USAZ,AZ019,32.2217,-110.926,43534,3,"Tucson, Arizona, United States",US,USAZ,AZ019,32.2217,-110.926,43534,20261008080000,https://arizonadailyindependent.com/2026/10/07/member-of-murderous-tucson-gang-sentenced-for-rico-conspiracy/
1326886182,20261008,202610,2026,2026.7616,USACRM,UNITED STATES,USA,,,,,CRM,,,COP,PRISON,,,,,,COP,,,1,173,173,17,4,-5.0,6,1,6,-12.3711340206186,3,"Tucson, Arizona, United States",US,USAZ,AZ019,32.2217,-110.926,43534,3,"Tucson, Arizona, United States",US,USAZ,AZ019,32.2217,-110.926,43534,3,"Tucson, Arizona, United States",US,USAZ,AZ019,32.2217,-110.926,43534,20261008080000,https://arizonadailyindependent.com/2026/10/07/member-of-murderous-tucson-gang-sentenced-for-rico-conspiracy/
1326886183,20261008,202610,2026,2026.7616,USAGOV,MINNESOTA,USA,,,,,GOV,,,,,,,,,,,,,1,042,042,04,1,1.9,6,1,6,-4.61783439490446,2,"Minnesota, United States",US,USMN,,45.7326,-93.9196,MN,0,,,,,,,,2,"Minnesota, United States",US,USMN,,45.7326,-93.9196,MN,20261008080000,https://twitchy.com/warren-squire/2026/10/08/keith-ellison-republicans-to-cheat-in-midterms-people-should-be-ready-to-protest-take-to-streets-n2433073
1326886184,20261008,202610,2026,2026.7616,USAGOV,THE WHITE HOUSE,USA,,,,,GOV,,,,,,,,,,,,,1,070,070,07,2,7.0,1,1,1,2.74725274725275,3,"White House, District of Columbia, United States",US,USDC,,38.8951,-77.0364,531871,0,,,,,,,,3,"White House, District of Columbia, United States",US,USDC,,38.8951,-77.0364,531871,20261008080000,https://www.newser.com/story/397764/70m-kids-have-now-been-auto-enrolled-in-trump-accounts.html
1326886185,20261008,202610,2026,2026.7616,USAGOV,TEXAS,USA,,,,,GOV,,,,,,,,,,,,,1,090,090,09,2,-2.0,6,1,6,-2.73483947681331,2,"Texas, United States",US,USTX,,31.106,-97.6475,TX,0,,,,,,,,2,"Texas, United States",US,USTX,,31.106,-97.6475,TX,20261008080000,https://www.medicaldaily.com/texas-paxton-hanes-fruit-loom-kids-underwear-pfas-479688
1326886186,20261008,202610,2026,2026.7616,USAGOV,NEW YORK,USA,,,,,GOV,,,ISR,ISRAEL,ISR,,,,,,,,0,1124,112,11,3,-2.0,5,1,5,-6.70926517571885,2,"New York, United States",US,USNY,,42.1497,-74.9384,NY,4,"Gaza, Israel (general), Israel",IS,IS00,18315,31.4167,34.3333,-797156,4,"Gaza, Israel (general), Israel",IS,IS00,18315,31.4167,34.3333,-797156,20261008080000,https://www.aol.co.uk/articles/gb-news-turns-tense-four-065500000.html
1326886187,20261008,202610,2026,2026.7616,USAGOV,NEW YORK,USA,,,,,GOV,,,ISR,ISRAEL,ISR,,,,,,,,0,1124,112,11,3,-2.0,3,1,3,-6.70926517571885,2,"New York, United States",US,USNY,,42.1497,-74.9384,NY,2,"New York, United States",US,USNY,,42.1497,-74.9384,NY,2,"New York, United States",US,USNY,,42.1497,-74.9384,NY,20261008080000,https://www.aol.co.uk/articles/gb-news-turns-tense-four-065500000.html
1326886188,20261008,202610,2026,2026.7616,USAGOV,UNITED STATES,USA,,,,,GOV,,,USA,MINNESOTA,USA,,,,,,,,1,043,043,04,1,2.8,4,1,4,-4.61783439490446,2,"Minnesota, United States",US,USMN,,45.7326,-93.9196,MN,2,"Minnesota, United States",US,USMN,,45.7326,-93.9196,MN,2,"Minnesota, United States",US,USMN,,45.7326,-93.9196,MN,20261008080000,https://twitchy.com/warren-squire/2026/10/08/keith-ellison-republicans-to-cheat-in-midterms-people-should-be-ready-to-protest-take-to-streets-n2433073
1326886189,20261008,202610,2026,2026.7616,USAJUD,UNITED STATES,USA,,,,,JUD,,,USA,UNITED STATES,USA,,,,,,,,1,100,100,10,3,-5.0,2,1,2,-2.97823596792669,3,"Jacumba, California, United States",US,USCA,CA073,32.6176,-116.19,243981,3,"Jacumba, California, United States",US,USCA,CA073,32.6176,-116.19,243981,3,"Jacumba, California, United States",US,USCA,CA073,32.6176,-116.19,243981,20261008080000,https://www.nbcsandiego.com/news/local/sd-county-supervisors-oppose-svps-placements-in-rural-areas/4084265/
1326886190,20261008,202610,2026,2026.7616,USALEG,IDAHO,USA,,,,,LEG,,,USA,IDAHO,USA,,,,,,,,1,013,013,01,1,0.4,8,1,8,0,2,"Idaho, United States",US,USID,,44.2394,-114.51,ID,2,"Idaho, United States",US,USID,,44.2394,-114.51,ID,2,"Idaho, United States",US,USID,,44.2394,-114.51,ID,20261008080000,https://magicvalley.com/article_4bce2eea-a597-51ba-aabc-9188d7fbbb90.html
1326886191,20261008,202610,2026,2026.7616,USAMED,UNITED STATES,USA,,,,,MED,,,USA,ARKANSAS,USA,,,,,,,,0,051,051,05,1,3.4,2,1,2,-0.44563279857397,2,"Arkansas, United States",US,USAR,,34.9513,-92.3809,AR,2,"Arkansas, United States",US,USAR,,34.9513,-92.3809,AR,2,"Arkansas, United States",US,USAR,,34.9513,-92.3809,AR,20261008080000,https://www.nwaonline.com/news/2026/oct/08/hunters-battle-bag-giant-alligator/
1326886192,20261008,202610,2026,2026.7616,USAMED,ASSOCIATED PRESS,USA,,,,,MED,,,USAMED,ARKANSAS,USA,,,,,MED,,,0,051,051,05,1,3.4,3,1,3,-0.44563279857397,2,"Arkansas, United States",US,USAR,,34.9513,-92.3809,AR,2,"Arkansas, United States",US,USAR,,34.9513,-92.3809,AR,2,"Arkansas, United States",US,USAR,,34.9513,-92.3809,AR,20261008080000,https://www.nwaonline.com/news/2026/oct/08/hunters-battle-bag-giant-alligator/
1326886193,20261008,202610,2026,2026.7616,USAPTY,THE US,USA,,,,,,,,,,,,,,,,,,1,110,110,11,3,-2.0,6,1,6,-6.70926517571885,4,"Gaza, Israel (general), Israel",IS,IS00,18315,31.4167,34.3333,-797156,0,,,,,,,,4,"Gaza, Israel (general), Israel",IS,IS00,18315,31.4167,34.3333,-797156,20261008080000,https://www.aol.co.uk/articles/gb-news-turns-tense-four-065500000.html
1326886194,20261008,202610,2026,2026.7616,USAPTY,THE US,USA,,,,,,,,ISR,ISRAEL,ISR,,,,,,,,1,110,110,11,3,-2.0,2,1,2,-6.70926517571885,4,"Gaza, Israel (general), Israel",IS,IS00,18315,31.4167,34.3333,-797156,4,"Gaza, Israel (general), Israel",IS,IS00,18315,31.4167,34.3333,-797156,4,"Gaza, Israel (general), Israel",IS,IS00,18315,31.4167,34.3333,-797156,20261008080000,https://www.aol.co.uk/articles/gb-news-turns-tense-four-065500000.html
1326886195,20261008,202610,2026,2026.7616,USAPTY,THE US,USA,,,,,,,,ISRPTY,ISRAEL,ISR,,,,,,,,1,110,110,11,3,-2.0,2,1,2,-6.70926517571885,4,"Gaza, Israel (general), Israel",IS,IS00,18315,31.4167,34.3333,-797156,4,"Gaza, Israel (general), Israel",IS,IS00,18315,31.4167,34.3333,-797156,4,"Gaza, Israel (general), Israel",IS,IS00,18315,31.4167,34.3333,-797156,20261008080000,https://www.aol.co.uk/articles/gb-news-turns-tense-four-065500000.html
1326886196,20261008,202610,2026,2026.7616,UZB,TASHKENT,UZB,,,,,,,,AZE,AZERBAIJAN,AZE,,,,,,,,0,040,040,04,1,1.0,5,1,5,1.13100848256362,4,"Tashkent, Toshkent Shahri, Uzbekistan",UZ,UZ13,37316,41.3167,69.25,-2579372,4,"Baku, Baki*, Azerbaijan",AJ,AJ09,534,40.3953,49.8822,-2705195,4,"Tashkent, Toshkent Shahri, Uzbekistan",UZ,UZ13,37316,41.3167,69.25,-2579372,20261008080000,https://www.trend.az/azerbaijan/4232445.html
1326886197,20261008,202610,2026,2026.7616,UZB,UZBEK,UZB,,,,,,,,AZE,AZERBAIJAN,AZE,,,,,,,,1,046,046,04,1,7.0,4,1,4,3.04878048780488,1,Uzbekistan,UZ,UZ,,41.707542,63.84911,UZ,1,Azerbaijan,AJ,AJ,,40.5,47.5,AJ,1,Azerbaijan,AJ,AJ,,40.5,47.5,AJ,20261008080000,https://www.trend.az/casia/uzbekistan/4232440.html
1326886198,20261008,202610,2026,2026.7616,UZB,UZBEKISTAN,UZB,,,,,,,,BUS,COMPANIES,,,,,,BUS,,,0,051,051,05,1,3.4,5,1,5,8.52713178294574,4,"Belgrade, Serbia (general),",RB,RB00,47629,44.8186,20.4681,-74897,4,"Belgrade, Serbia (general),",RB,RB00,47629,44.8186,20.4681,-74897,4,"Belgrade, Serbia (general),",RB,RB00,47629,44.8186,20.4681,-74897,20261008080000,https://www.trend.az/casia/uzbekistan/4232399.html
1326886199,20261008,202610,2026,2026.7616,UZB,UZBEKISTAN,UZB,,,,,,,,SCGSRB,SERBIA,SRB,,,,,,,,1,040,040,04,1,1.0,5,1,5,8.52713178294574,4,"Belgrade, Serbia (general),",RB,RB00,47629,44.8186,20.4681,-74897,4,"Belgrade, Serbia (general),",RB,RB00,47629,44.8186,20.4681,-74897,4,"Belgrade, Serbia (general),",RB,RB00,47629,44.8186,20.4681,-74897,20261008080000,https://www.trend.az/casia/uzbekistan/4232399.html
1326886200,20261008,202610,2026,2026.7616,UZBGOV,UZBEKISTAN,UZB,,,,,GOV,,,AZE,AZERBAIJAN,AZE,,,,,,,,1,046,046,04,1,7.0,1,1,1,3.04878048780488,1,Azerbaijan,AJ,AJ,,40.5,47.5,AJ,1,Azerbaijan,AJ,AJ,,40.5,47.5,AJ,1,Azerbaijan,AJ,AJ,,40.5,47.5,AJ,20261008080000,https://www.trend.az/casia/uzbekistan/4232440.html
1326886201,20261008,202610,2026,2026.7616,UZBGOV,UZBEK,UZB,,,,,GOV,,,AZE,AZERBAIJAN,AZE,,,,,,,,1,046,046,04,1,7.0,2,1,2,3.04878048780488,1,Uzbekistan,UZ,UZ,,41.707542,63.84911,UZ,1,Azerbaijan,AJ,AJ,,40.5,47.5,AJ,1,Azerbaijan,AJ,AJ,,40.5,47.5,AJ,20261008080000,https://www.trend.az/casia/uzbekistan/4232440.html
1326886202,20261008,202610,2026,2026.7616,VEN,VENEZUELAN,VEN,,,,,,,,,,,,,,,,,,0,084,084,08,2,7.0,1,1,1,-4.48669201520912,4,"Caracas, Distrito Federal, Venezuela",VE,VE25,31959,10.5,-66.9167,-938457,0,,,,,,,,2,"New York, United States",US,USNY,,42.1497,-74.9384,NY,20261008080000,https://www.yumasun.com/news/national_news/ap-news-summary-at-3-08-a-m-edt/article_0716c3a9-d1a3-5f8e-8222-f9b8f9527900.html
1326886203,20261008,202610,2026,2026.7616,VEN,VENEZUELAN,VEN,,,,,,,,,,,,,,,,,,0,084,084,08,2,7.0,1,1,1,-4.48669201520912,1,Hungary,HU,HU,,47,20,HU,0,,,,,,,,1,Hungary,HU,HU,,47,20,HU,20261008080000,https://www.yumasun.com/news/national_news/ap-news-summary-at-3-08-a-m-edt/article_0716c3a9-d1a3-5f8e-8222-f9b8f9527900.html
1326886204,20261008,202610,2026,2026.7616,VEN,VENEZUELAN,VEN,,,,,,,,VENGOV,VENEZUELA,VEN,,,,,GOV,,,0,084,084,08,2,7.0,1,1,1,-4.48669201520912,4,"Caracas, Distrito Federal, Venezuela",VE,VE25,31959,10.5,-66.9167,-938457,4,"Caracas, Distrito Federal, Venezuela",VE,VE25,31959,10.5,-66.9167,-938457,2,"New York, United States",US,USNY,,42.1497,-74.9384,NY,20261008080000,https://www.yumasun.com/news/national_news/ap-news-summary-at-3-08-a-m-edt/article_0716c3a9-d1a3-5f8e-8222-f9b8f9527900.html
1326886205,20261008,202610,2026,2026.7616,VEN,VENEZUELAN,VEN,,,,,,,,VENGOV,VENEZUELA,VEN,,,,,GOV,,,0,084,084,08,2,7.0,1,1,1,-4.48669201520912,1,Hungary,HU,HU,,47,20,HU,1,Hungary,HU,HU,,47,20,HU,1,Hungary,HU,HU,,47,20,HU,20261008080000,https://www.yumasun.com/news/national_news/ap-news-summary-at-3-08-a-m-edt/article_0716c3a9-d1a3-5f8e-8222-f9b8f9527900.html
1326886206,20261008,202610,2026,2026.7616,VENGOV,VENEZUELAN,VEN,,,,,GOV,,,,,,,,,,,,,0,084,084,08,2,7.0,3,1,3,-4.48669201520912,4,"Caracas, Distrito Federal, Venezuela",VE,VE25,31959,10.5,-66.9167,-938457,0,,,,,,,,2,"New York, United States",US,USNY,,42.1497,-74.9384,NY,20261008080000,https://www.yumasun.com/news/national_news/ap-news-summary-at-3-08-a-m-edt/article_0716c3a9-d1a3-5f8e-8222-f9b8f9527900.html
1326886207,20261008,202610,2026,2026.7616,VNM,VIETNAM,VNM,,,,,,,,,,,,,,,,,,1,026,026,02,1,4.0,10,1,10,1.9434628975265,1,"Vietnam, Republic Of",VM,VM,,16.166667,107.833333,VM,0,,,,,,,,1,"Vietnam, Republic Of",VM,VM,,16.166667,107.833333,VM,20261008080000,https://vietnamnews.vn/economy/1801486/safety-must-be-top-priority-in-nuclear-development-minister-says.html
1326886208,20261008,202610,2026,2026.7616,VNM,VIETNAMESE,VNM,,,,,,,,,,,,,,,,,,1,111,111,11,3,-2.0,3,1,3,2.7972027972028,1,"Vietnam, Republic Of",VM,VM,,16.166667,107.833333,VM,0,,,,,,,,1,"Vietnam, Republic Of",VM,VM,,16.166667,107.833333,VM,20261008080000,https://vietnamnews.vn/economy/1801484/viet-nam-cambodia-trade-expo-to-draw-over-160-businesses.html
1326886209,20261008,202610,2026,2026.7616,VNM,VIETNAMESE,VNM,,,,,,,,CHN,CHINA,CHN,,,,,,,,1,042,042,04,1,1.9,10,1,10,4.37636761487965,4,"Tokyo, Tokyo, Japan",JA,JA40,36340,35.685,139.751,-246227,4,"Tokyo, Tokyo, Japan",JA,JA40,36340,35.685,139.751,-246227,4,"Tokyo, Tokyo, Japan",JA,JA40,36340,35.685,139.751,-246227,20261008080000,https://vietnamnews.vn/life-style/1801481/vietnamese-experimental-theatre-shines-at-aappac-2026.html
1326886210,20261008,202610,2026,2026.7616,VNM,VIETNAM,VNM,,,,,,,,EDU,STUDENT,,,,,,EDU,,,1,020,020,02,1,3.0,4,1,4,-1.3189448441247,2,"Arkansas, United States",US,USAR,,34.9513,-92.3809,AR,2,"Arkansas, United States",US,USAR,,34.9513,-92.3809,AR,2,"Arkansas, United States",US,USAR,,34.9513,-92.3809,AR,20261008080000,https://www.nwaonline.com/news/2026/oct/08/how-stories-can-restore-us/
1326886211,20261008,202610,2026,2026.7616,VNM,VIETNAM,VNM,,,,,,,,KHM,CAMBODIA,KHM,,,,,,,,1,042,042,04,1,1.9,2,1,2,3.93013100436681,1,"Vietnam, Republic Of",VM,VM,,16.166667,107.833333,VM,1,Cambodia,CB,CB,,13,105,CB,1,Laos,LA,LA,,18,105,LA,20261008080000,https://vietnamnews.vn/politics-laws/1801482/prime-minister-le-minh-hung-departs-for-official-visits-to-laos-cambodia.html
1326886212,20261008,202610,2026,2026.7616,VNM,VIETNAMESE,VNM,,,,,,,,KHM,CAMBODIA,KHM,,,,,,,,1,042,042,04,1,1.9,13,1,8,3.93013100436681,1,"Vietnam, Republic Of",VM,VM,,16.166667,107.833333,VM,1,Cambodia,CB,CB,,13,105,CB,1,"Vietnam, Republic Of",VM,VM,,16.166667,107.833333,VM,20261008080000,https://vietnamnews.vn/politics-laws/1801482/prime-minister-le-minh-hung-departs-for-official-visits-to-laos-cambodia.html
1326886213,20261008,202610,2026,2026.7616,VNM,VIETNAM,VNM,,,,,,,,LAO,LAOS,LAO,,,,,,,,1,042,042,04,1,1.9,2,1,2,3.93013100436681,1,"Vietnam, Republic Of",VM,VM,,16.166667,107.833333,VM,1,Cambodia,CB,CB,,13,105,CB,1,Laos,LA,LA,,18,105,LA,20261008080000,https://vietnamnews.vn/politics-laws/1801482/prime-minister-le-minh-hung-departs-for-official-visits-to-laos-cambodia.html
1326886214,20261008,202610,2026,2026.7616,VNM,VIETNAM,VNM,,,,,,,,LAO,LAOS,LAO,,,,,,,,1,042,042,04,1,1.9,2,1,2,3.93013100436681,1,"Vietnam, Republic Of",VM,VM,,16.166667,107.833333,VM,1,Laos,LA,LA,,18,105,LA,1,Laos,LA,LA,,18,105,LA,20261008080000,https://vietnamnews.vn/politics-laws/1801482/prime-minister-le-minh-hung-departs-for-official-visits-to-laos-cambodia.html
1326886215,20261008,202610,2026,2026.7616,VNM,VIETNAMESE,VNM,,,,,,,,LAO,LAOS,LAO,,,,,,,,1,042,042,04,1,1.9,13,1,8,3.93013100436681,1,"Vietnam, Republic Of",VM,VM,,16.166667,107.833333,VM,1,Laos,LA,LA,,18,105,LA,1,"Vietnam, Republic Of",VM,VM,,16.166667,107.833333,VM,20261008080000,https://vietnamnews.vn/politics-laws/1801482/prime-minister-le-minh-hung-departs-for-official-visits-to-laos-cambodia.html
1326886216,20261008,202610,2026,2026.7616,VNM,VIETNAMESE,VNM,,,,,,,,MIL,BORDER GUARD,,,,,,MIL,,,1,192,192,19,4,-9.5,8,1,8,-3.2171581769437,4,"Tay Ninh, TâNinh, Vietnam, Republic Of",VM,VM33,74213,11.3,106.1,-3729601,4,"Tay Ninh, TâNinh, Vietnam, Republic Of",VM,VM33,74213,11.3,106.1,-3729601,4,"Tay Ninh, TâNinh, Vietnam, Republic Of",VM,VM33,74213,11.3,106.1,-3729601,20261008080000,https://www.akp.gov.kh/post/detail/383369
1326886217,20261008,202610,2026,2026.7616,VNMGOV,VIETNAMESE,VNM,,,,,GOV,,,VNM,VIET NAM,VNM,,,,,,,,1,192,192,19,4,-9.5,2,1,2,-3.2171581769437,4,"Tay Ninh, TâNinh, Vietnam, Republic Of",VM,VM33,74213,11.3,106.1,-3729601,4,"Tay Ninh, TâNinh, Vietnam, Republic Of",VM,VM33,74213,11.3,106.1,-3729601,4,"Tay Ninh, TâNinh, Vietnam, Republic Of",VM,VM33,74213,11.3,106.1,-3729601,20261008080000,https://www.akp.gov.kh/post/detail/383369
1326886218,20261008,202610,2026,2026.7616,VUT,PORT VILA,VUT,,,,,,,,,,,,,,,,,,1,043,043,04,1,2.8,26,1,10,1.19940029985007,1,Vanuatu,NH,NH,,-16,167,NH,0,,,,,,,,1,Vanuatu,NH,NH,,-16,167,NH,20261008080000,https://www.dailypost.vu/news/indonesian-navy-hospital-ship-treats-656-patients-performs-14-surgeries/article_25609cac-e36e-549b-ab47-e723932e6991.html
1326886219,20261008,202610,2026,2026.7616,VUT,PORT VILA,VUT,,,,,,,,IDN,INDONESIA,IDN,,,,,,,,0,043,043,04,1,2.8,4,1,4,1.19940029985007,1,Indonesia,ID,ID,,-5,120,ID,1,Indonesia,ID,ID,,-5,120,ID,1,Indonesia,ID,ID,,-5,120,ID,20261008080000,https://www.dailypost.vu/news/indonesian-navy-hospital-ship-treats-656-patients-performs-14-surgeries/article_25609cac-e36e-549b-ab47-e723932e6991.html
1326886220,20261008,202610,2026,2026.7616,VUT,VANUATU,VUT,,,,,,,,IDN,INDONESIA,IDN,,,,,,,,0,061,061,06,2,6.4,8,1,8,1.19940029985007,1,Vanuatu,NH,NH,,-16,167,NH,1,Indonesia,ID,ID,,-5,120,ID,1,Vanuatu,NH,NH,,-16,167,NH,20261008080000,https://www.dailypost.vu/news/indonesian-navy-hospital-ship-treats-656-patients-performs-14-surgeries/article_25609cac-e36e-549b-ab47-e723932e6991.html
1326886221,20261008,202610,2026,2026.7616,VUT,VANUATU,VUT,,,,,,,,IDN,INDONESIA,IDN,,,,,,,,0,061,061,06,2,6.4,2,1,2,1.19940029985007,1,Vanuatu,NH,NH,,-16,167,NH,1,Vanuatu,NH,NH,,-16,167,NH,1,Vanuatu,NH,NH,,-16,167,NH,20261008080000,https://www.dailypost.vu/news/indonesian-navy-hospital-ship-treats-656-patients-performs-14-surgeries/article_25609cac-e36e-549b-ab47-e723932e6991.html
1326886222,20261008,202610,2026,2026.7616,VUT,VANUATU,VUT,,,,,,,,IDNBUS,INDONESIA,IDN,,,,,BUS,,,0,057,057,05,1,8.0,2,1,2,1.19940029985007,1,Indonesia,ID,ID,,-5,120,ID,1,Indonesia,ID,ID,,-5,120,ID,1,Indonesia,ID,ID,,-5,120,ID,20261008080000,https://www.dailypost.vu/news/indonesian-navy-hospital-ship-treats-656-patients-performs-14-surgeries/article_25609cac-e36e-549b-ab47-e723932e6991.html
1326886223,20261008,202610,2026,2026.7616,VUT,VANUATU,VUT,,,,,,,,IDNBUS,INDONESIA,IDN,,,,,BUS,,,0,057,057,05,1,8.0,2,1,2,1.19940029985007,1,Indonesia,ID,ID,,-5,120,ID,1,Indonesia,ID,ID,,-5,120,ID,1,Vanuatu,NH,NH,,-16,167,NH,20261008080000,https://www.dailypost.vu/news/indonesian-navy-hospital-ship-treats-656-patients-performs-14-surgeries/article_25609cac-e36e-549b-ab47-e723932e6991.html
1326886224,20261008,202610,2026,2026.7616,VUT,VANUATU,VUT,,,,,,,,IDNBUS,INDONESIA,IDN,,,,,BUS,,,0,057,057,05,1,8.0,6,1,6,1.19940029985007,1,Vanuatu,NH,NH,,-16,167,NH,1,Indonesia,ID,ID,,-5,120,ID,1,Vanuatu,NH,NH,,-16,167,NH,20261008080000,https://www.dailypost.vu/news/indonesian-navy-hospital-ship-treats-656-patients-performs-14-surgeries/article_25609cac-e36e-549b-ab47-e723932e6991.html
1326886225,20261008,202610,2026,2026.7616,YEM,YEMEN,YEM,,,,,,,,SAU,RIYADH,SAU,,,,,,,,1,194,194,19,4,-10.0,8,1,8,-6.16883116883117,4,"Sanaa, Sana', Yemen",YM,YM16,32956,15.3547,44.2067,-3191442,5,"Asir Region, Asir, Saudi Arabia",SA,SA11,25312,19.1667,43.1667,-3093241,5,"Asir Region, Asir, Saudi Arabia",SA,SA11,25312,19.1667,43.1667,-3093241,20261008080000,https://english.news.cn/20261008/7f68ab49b0b3460d8e272469ee05214d/c.html
1326886226,20261008,202610,2026,2026.7616,YEM,YEMEN,YEM,,,,,,,,SAU,RIYADH,SAU,,,,,,,,1,194,194,19,4,-10.0,2,1,2,-6.16883116883117,4,"Sanaa, Sana', Yemen",YM,YM16,32956,15.3547,44.2067,-3191442,4,"Sanaa, Sana', Yemen",YM,YM16,32956,15.3547,44.2067,-3191442,4,"Sanaa, Sana', Yemen",YM,YM16,32956,15.3547,44.2067,-3191442,20261008080000,https://english.news.cn/20261008/7f68ab49b0b3460d8e272469ee05214d/c.html
1326886227,20261008,202610,2026,2026.7616,ZAF,SOUTH AFRICAN,ZAF,,,,,,,,BUS,COMPANY,,,,,,BUS,,,0,030,030,03,1,4.0,4,1,4,-1.38751238850346,1,South Africa,SF,SF,,-30,26,SF,1,South Africa,SF,SF,,-30,26,SF,1,South Africa,SF,SF,,-30,26,SF,20261008080000,https://www.itweb.co.za/article/short-term-risk-from-ai-and-cyber-security-has-spiked-warns-marsh-africa/RgeVDMPR3oGvKJN3
1326886228,20261008,202610,2026,2026.7616,ZAFLAB,SOUTH AFRICAN,ZAF,,,,,LAB,,,BUS,COMPANY,,,,,,BUS,,,0,030,030,03,1,4.0,2,1,2,-1.38751238850346,1,South Africa,SF,SF,,-30,26,SF,1,South Africa,SF,SF,,-30,26,SF,1,South Africa,SF,SF,,-30,26,SF,20261008080000,https://www.itweb.co.za/article/short-term-risk-from-ai-and-cyber-security-has-spiked-warns-marsh-africa/RgeVDMPR3oGvKJN3
1326886229,20261008,202610,2026,2026.7616,ZWE,ZIMBABWEAN,ZWE,,,,,,,,AFRCOP,AFRICA,AFR,,,,,COP,,,1,172,172,17,4,-5.0,8,1,8,-3.35195530726257,1,South Africa,SF,SF,,-30,26,SF,1,South Africa,SF,SF,,-30,26,SF,1,South Africa,SF,SF,,-30,26,SF,20261008080000,https://www.kenyan-post.com/2026/10/rutos-late-friend-and-business.html
1326886230,20261008,202610,2026,2026.7616,ZWE,ZIMBABWEAN,ZWE,,,,,,,,ZAFCOP,SOUTH AFRICAN,ZAF,,,,,COP,,,1,172,172,17,4,-5.0,2,1,2,-3.35195530726257,1,South Africa,SF,SF,,-30,26,SF,1,South Africa,SF,SF,,-30,26,SF,1,South Africa,SF,SF,,-30,26,SF,20261008080000,https://www.kenyan-post.com/2026/10/rutos-late-friend-and-business.html
